event_id,league,season,date,name,away,home,away_score,home_score,completed,status
401756846,CFB,2025,2025-08-23T16:00Z,Iowa State Cyclones at Kansas State Wildcats,Iowa State Cyclones,Kansas State Wildcats,24,21,True,Final
401760371,CFB,2025,2025-08-23T20:00Z,Idaho State Bengals at UNLV Rebels,Idaho State Bengals,UNLV Rebels,31,38,True,Final
401756847,CFB,2025,2025-08-23T22:30Z,Fresno State Bulldogs at Kansas Jayhawks,Fresno State Bulldogs,Kansas Jayhawks,7,31,True,Final
401757218,CFB,2025,2025-08-23T23:00Z,Sam Houston Bearkats at Western Kentucky Hilltoppers,Sam Houston Bearkats,Western Kentucky Hilltoppers,24,41,True,Final
401754516,CFB,2025,2025-08-23T23:30Z,Stanford Cardinal at Hawai'i Rainbow Warriors,Stanford Cardinal,Hawai'i Rainbow Warriors,20,23,True,Final
401762522,CFB,2025,2025-08-28T21:30Z,Boise State Broncos at South Florida Bulls,Boise State Broncos,South Florida Bulls,7,34,True,Final
401752794,CFB,2025,2025-08-28T22:00Z,Ohio Bobcats at Rutgers Scarlet Knights,Ohio Bobcats,Rutgers Scarlet Knights,31,34,True,Final
401762790,CFB,2025,2025-08-28T22:00Z,Lafayette Leopards at Bowling Green Falcons,Lafayette Leopards,Bowling Green Falcons,7,26,True,Final
401754373,CFB,2025,2025-08-28T23:00Z,East Carolina Pirates at NC State Wolfpack,East Carolina Pirates,NC State Wolfpack,17,24,True,Final
401756848,CFB,2025,2025-08-28T23:00Z,Jacksonville State Gamecocks at UCF Knights,Jacksonville State Gamecocks,UCF Knights,10,17,True,Final
401757219,CFB,2025,2025-08-28T23:00Z,Delaware State Hornets at Delaware Blue Hens,Delaware State Hornets,Delaware Blue Hens,17,35,True,Final
401761588,CFB,2025,2025-08-28T23:00Z,Saint Francis Red Flash at UL Monroe Warhawks,Saint Francis Red Flash,UL Monroe Warhawks,0,29,True,Final
401762789,CFB,2025,2025-08-28T23:00Z,Wyoming Cowboys at Akron Zips,Wyoming Cowboys,Akron Zips,10,0,True,Final
401752674,CFB,2025,2025-08-28T23:30Z,Central Arkansas Bears at Missouri Tigers,Central Arkansas Bears,Missouri Tigers,6,61,True,Final
401754517,CFB,2025,2025-08-28T23:30Z,Elon Phoenix at Duke Blue Devils,Elon Phoenix,Duke Blue Devils,17,45,True,Final
401756876,CFB,2025,2025-08-28T23:30Z,UT Martin Skyhawks at Oklahoma State Cowboys,UT Martin Skyhawks,Oklahoma State Cowboys,7,27,True,Final
401752793,CFB,2025,2025-08-29T00:00Z,Buffalo Bulls at Minnesota Golden Gophers,Buffalo Bulls,Minnesota Golden Gophers,10,23,True,Final
401756852,CFB,2025,2025-08-29T00:00Z,Stephen F. Austin Lumberjacks at Houston Cougars,Stephen F. Austin Lumberjacks,Houston Cougars,0,27,True,Final
401762430,CFB,2025,2025-08-29T00:30Z,Alabama State Hornets at UAB Blazers,Alabama State Hornets,UAB Blazers,42,52,True,Final
401752796,CFB,2025,2025-08-29T01:00Z,Nebraska Cornhuskers at Cincinnati Bearcats,Nebraska Cornhuskers,Cincinnati Bearcats,20,17,True,Final
401762791,CFB,2025,2025-08-29T01:00Z,Miami (OH) RedHawks at Wisconsin Badgers,Miami (OH) RedHawks,Wisconsin Badgers,0,17,True,Final
401760357,CFB,2025,2025-08-29T02:00Z,Stony Brook Seawolves at San Diego State Aztecs,Stony Brook Seawolves,San Diego State Aztecs,0,42,True,Final
401762432,CFB,2025,2025-08-29T22:00Z,Tarleton State Texans at Army Black Knights,Tarleton State Texans,Army Black Knights,30,27,True,Final
401752802,CFB,2025,2025-08-29T23:00Z,Western Michigan Broncos at Michigan State Spartans,Western Michigan Broncos,Michigan State Spartans,6,23,True,Final
401754374,CFB,2025,2025-08-29T23:00Z,Kennesaw State Owls at Wake Forest Demon Deacons,Kennesaw State Owls,Wake Forest Demon Deacons,9,10,True,Final
401761589,CFB,2025,2025-08-29T23:00Z,App State Mountaineers at Charlotte 49ers,App State Mountaineers,Charlotte 49ers,34,11,True,Final
401752795,CFB,2025,2025-08-29T23:30Z,Western Illinois Leathernecks at Illinois Fighting Illini,Western Illinois Leathernecks,Illinois Fighting Illini,3,52,True,Final
401756854,CFB,2025,2025-08-29T23:30Z,Wagner Seahawks at Kansas Jayhawks,Wagner Seahawks,Kansas Jayhawks,7,46,True,Final
401752667,CFB,2025,2025-08-30T00:00Z,Auburn Tigers at Baylor Bears,Auburn Tigers,Baylor Bears,38,24,True,Final
401754375,CFB,2025,2025-08-30T00:00Z,Georgia Tech Yellow Jackets at Colorado Buffaloes,Georgia Tech Yellow Jackets,Colorado Buffaloes,27,20,True,Final
401766898,CFB,2025,2025-08-30T00:15Z,Bethune-Cookman Wildcats at Florida International Panthers,Bethune-Cookman Wildcats,Florida International Panthers,9,42,True,Final
401757224,CFB,2025,2025-08-30T01:30Z,UNLV Rebels at Sam Houston Bearkats,UNLV Rebels,Sam Houston Bearkats,38,21,True,Final
401760358,CFB,2025,2025-08-30T02:30Z,Central Michigan Chippewas at San José State Spartans,Central Michigan Chippewas,San José State Spartans,16,14,True,Final
401752673,CFB,2025,2025-08-30T16:00Z,Mississippi State Bulldogs at Southern Miss Golden Eagles,Mississippi State Bulldogs,Southern Miss Golden Eagles,34,17,True,Final
401752676,CFB,2025,2025-08-30T16:00Z,Syracuse Orange at Tennessee Volunteers,Syracuse Orange,Tennessee Volunteers,26,45,True,Final
401752677,CFB,2025,2025-08-30T16:00Z,Texas Longhorns at Ohio State Buckeyes,Texas Longhorns,Ohio State Buckeyes,7,14,True,Final
401752797,CFB,2025,2025-08-30T16:00Z,Florida Atlantic Owls at Maryland Terrapins,Florida Atlantic Owls,Maryland Terrapins,7,39,True,Final
401752801,CFB,2025,2025-08-30T16:00Z,Ball State Cardinals at Purdue Boilermakers,Ball State Cardinals,Purdue Boilermakers,0,31,True,Final
401752803,CFB,2025,2025-08-30T16:00Z,Northwestern Wildcats at Tulane Green Wave,Northwestern Wildcats,Tulane Green Wave,3,23,True,Final
401754520,CFB,2025,2025-08-30T16:00Z,Duquesne Dukes at Pittsburgh Panthers,Duquesne Dukes,Pittsburgh Panthers,9,61,True,Final
401762434,CFB,2025,2025-08-30T16:00Z,VMI Keydets at Navy Midshipmen,VMI Keydets,Navy Midshipmen,7,52,True,Final
401762792,CFB,2025,2025-08-30T16:00Z,Merrimack Warriors at Kent State Golden Flashes,Merrimack Warriors,Kent State Golden Flashes,17,21,True,Final
401767509,CFB,2025,2025-08-30T16:00Z,North Dakota State Bison at The Citadel Bulldogs,North Dakota State Bison,The Citadel Bulldogs,38,0,True,Final
401752670,CFB,2025,2025-08-30T16:45Z,Toledo Rockets at Kentucky Wildcats,Toledo Rockets,Kentucky Wildcats,16,24,True,Final
401754518,CFB,2025,2025-08-30T18:00Z,Fordham Rams at Boston College Eagles,Fordham Rams,Boston College Eagles,10,66,True,Final
401756878,CFB,2025,2025-08-30T18:00Z,Robert Morris Colonials at West Virginia Mountaineers,Robert Morris Colonials,West Virginia Mountaineers,3,45,True,Final
401757167,CFB,2025,2025-08-30T18:00Z,Central Connecticut Blue Devils at UConn Huskies,Central Connecticut Blue Devils,UConn Huskies,13,59,True,Final
401752806,CFB,2025,2025-08-30T18:30Z,Old Dominion Monarchs at Indiana Hoosiers,Old Dominion Monarchs,Indiana Hoosiers,14,27,True,Final
401754519,CFB,2025,2025-08-30T19:00Z,Eastern Kentucky Colonels at Louisville Cardinals,Eastern Kentucky Colonels,Louisville Cardinals,17,51,True,Final
401752665,CFB,2025,2025-08-30T19:30Z,Alabama Crimson Tide at Florida State Seminoles,Alabama Crimson Tide,Florida State Seminoles,17,31,True,Final
401752669,CFB,2025,2025-08-30T19:30Z,Marshall Thundering Herd at Georgia Bulldogs,Marshall Thundering Herd,Georgia Bulldogs,7,45,True,Final
401752807,CFB,2025,2025-08-30T19:30Z,Nevada Wolf Pack at Penn State Nittany Lions,Nevada Wolf Pack,Penn State Nittany Lions,11,46,True,Final
401756853,CFB,2025,2025-08-30T19:30Z,South Dakota Coyotes at Iowa State Cyclones,South Dakota Coyotes,Iowa State Cyclones,7,55,True,Final
401760359,CFB,2025,2025-08-30T19:30Z,Bucknell Bison at Air Force Falcons,Bucknell Bison,Air Force Falcons,13,49,True,Final
401762456,CFB,2025,2025-08-30T19:30Z,Temple Owls at Massachusetts Minutemen,Temple Owls,Massachusetts Minutemen,42,10,True,Final
401762793,CFB,2025,2025-08-30T19:30Z,Holy Cross Crusaders at Northern Illinois Huskies,Holy Cross Crusaders,Northern Illinois Huskies,17,19,True,Final
401752804,CFB,2025,2025-08-30T20:00Z,Montana State Bobcats at Oregon Ducks,Montana State Bobcats,Oregon Ducks,13,59,True,Final
401757220,CFB,2025,2025-08-30T20:00Z,Maine Black Bears at Liberty Flames,Maine Black Bears,Liberty Flames,7,28,True,Final
401752666,CFB,2025,2025-08-30T20:15Z,Alabama A&M Bulldogs at Arkansas Razorbacks,Alabama A&M Bulldogs,Arkansas Razorbacks,7,52,True,Final
401762433,CFB,2025,2025-08-30T20:30Z,Chattanooga Mocs at Memphis Tigers,Chattanooga Mocs,Memphis Tigers,10,45,True,Final
401752675,CFB,2025,2025-08-30T22:00Z,Illinois State Redbirds at Oklahoma Sooners,Illinois State Redbirds,Oklahoma Sooners,3,35,True,Final
401752799,CFB,2025,2025-08-30T22:00Z,UAlbany Great Danes at Iowa Hawkeyes,UAlbany Great Danes,Iowa Hawkeyes,7,34,True,Final
401754616,CFB,2025,2025-08-30T22:00Z,Coastal Carolina Chanticleers at Virginia Cavaliers,Coastal Carolina Chanticleers,Virginia Cavaliers,7,48,True,Final
401761590,CFB,2025,2025-08-30T22:00Z,Weber State Wildcats at James Madison Dukes,Weber State Wildcats,James Madison Dukes,10,45,True,Final
401752668,CFB,2025,2025-08-30T23:00Z,Long Island University Sharks at Florida Gators,Long Island University Sharks,Florida Gators,0,55,True,Final
401752678,CFB,2025,2025-08-30T23:00Z,UTSA Roadrunners at Texas A&M Aggies,UTSA Roadrunners,Texas A&M Aggies,24,42,True,Final
401752679,CFB,2025,2025-08-30T23:00Z,Charleston Southern Buccaneers at Vanderbilt Commodores,Charleston Southern Buccaneers,Vanderbilt Commodores,3,45,True,Final
401756855,CFB,2025,2025-08-30T23:00Z,North Dakota Fighting Hawks at Kansas State Wildcats,North Dakota Fighting Hawks,Kansas State Wildcats,35,38,True,Final
401757222,CFB,2025,2025-08-30T23:00Z,Austin Peay Governors at Middle Tennessee Blue Raiders,Austin Peay Governors,Middle Tennessee Blue Raiders,34,14,True,Final
401757226,CFB,2025,2025-08-30T23:00Z,North Alabama Lions at Western Kentucky Hilltoppers,North Alabama Lions,Western Kentucky Hilltoppers,6,55,True,Final
401761591,CFB,2025,2025-08-30T23:00Z,Southeast Missouri State Redhawks at Arkansas State Red Wolves,Southeast Missouri State Redhawks,Arkansas State Red Wolves,24,42,True,Final
401761593,CFB,2025,2025-08-30T23:00Z,Morgan State Bears at South Alabama Jaguars,Morgan State Bears,South Alabama Jaguars,21,38,True,Final
401761595,CFB,2025,2025-08-30T23:00Z,Nicholls Colonels at Troy Trojans,Nicholls Colonels,Troy Trojans,20,38,True,Final
401767130,CFB,2025,2025-08-30T23:00Z,Sacramento State Hornets at South Dakota State Jackrabbits,Sacramento State Hornets,South Dakota State Jackrabbits,3,20,True,Final
401752671,CFB,2025,2025-08-30T23:30Z,LSU Tigers at Clemson Tigers,LSU Tigers,Clemson Tigers,17,10,True,Final
401752798,CFB,2025,2025-08-30T23:30Z,Missouri State Bears at USC Trojans,Missouri State Bears,USC Trojans,13,73,True,Final
401752808,CFB,2025,2025-08-30T23:30Z,New Mexico Lobos at Michigan Wolverines,New Mexico Lobos,Michigan Wolverines,17,34,True,Final
401756877,CFB,2025,2025-08-30T23:30Z,Arkansas-Pine Bluff Golden Lions at Texas Tech Red Raiders,Arkansas-Pine Bluff Golden Lions,Texas Tech Red Raiders,7,67,True,Final
401757221,CFB,2025,2025-08-30T23:30Z,SE Louisiana Lions at Louisiana Tech Bulldogs,SE Louisiana Lions,Louisiana Tech Bulldogs,0,24,True,Final
401757225,CFB,2025,2025-08-30T23:30Z,UTEP Miners at Utah State Aggies,UTEP Miners,Utah State Aggies,16,28,True,Final
401752672,CFB,2025,2025-08-30T23:45Z,Georgia State Panthers at Ole Miss Rebels,Georgia State Panthers,Ole Miss Rebels,7,63,True,Final
401756851,CFB,2025,2025-08-31T00:00Z,Portland State Vikings at BYU Cougars,Portland State Vikings,BYU Cougars,0,69,True,Final
401761592,CFB,2025,2025-08-31T00:00Z,Rice Owls at Louisiana Ragin' Cajuns,Rice Owls,Louisiana Ragin' Cajuns,14,12,True,Final
401761594,CFB,2025,2025-08-31T00:00Z,Eastern Michigan Eagles at Texas State Bobcats,Eastern Michigan Eagles,Texas State Bobcats,27,52,True,Final
401762435,CFB,2025,2025-08-31T00:00Z,Lamar Cardinals at North Texas Mean Green,Lamar Cardinals,North Texas Mean Green,0,51,True,Final
401762457,CFB,2025,2025-08-31T00:00Z,Abilene Christian Wildcats at Tulsa Golden Hurricane,Abilene Christian Wildcats,Tulsa Golden Hurricane,7,35,True,Final
401757223,CFB,2025,2025-08-31T01:00Z,Bryant Bulldogs at New Mexico State Aggies,Bryant Bulldogs,New Mexico State Aggies,3,19,True,Final
401754521,CFB,2025,2025-08-31T01:15Z,East Texas A&M Lions at SMU Mustangs,East Texas A&M Lions,SMU Mustangs,13,42,True,Final
401760361,CFB,2025,2025-08-31T01:30Z,Georgia Southern Eagles at Fresno State Bulldogs,Georgia Southern Eagles,Fresno State Bulldogs,14,42,True,Final
401752947,CFB,2025,2025-08-31T02:00Z,Idaho Vandals at Washington State Cougars,Idaho Vandals,Washington State Cougars,10,13,True,Final
401756850,CFB,2025,2025-08-31T02:00Z,Northern Arizona Lumberjacks at Arizona State Sun Devils,Northern Arizona Lumberjacks,Arizona State Sun Devils,19,38,True,Final
401752936,CFB,2025,2025-08-31T02:30Z,California Golden Bears at Oregon State Beavers,California Golden Bears,Oregon State Beavers,34,15,True,Final
401756849,CFB,2025,2025-08-31T02:30Z,Hawai'i Rainbow Warriors at Arizona Wildcats,Hawai'i Rainbow Warriors,Arizona Wildcats,6,40,True,Final
401752800,CFB,2025,2025-08-31T03:00Z,Utah Utes at UCLA Bruins,Utah Utes,UCLA Bruins,43,10,True,Final
401752805,CFB,2025,2025-08-31T03:00Z,Colorado State Rams at Washington Huskies,Colorado State Rams,Washington Huskies,21,38,True,Final
401752680,CFB,2025,2025-08-31T19:00Z,Virginia Tech Hokies at South Carolina Gamecocks,Virginia Tech Hokies,South Carolina Gamecocks,11,24,True,Final
401754522,CFB,2025,2025-08-31T23:30Z,Notre Dame Fighting Irish at Miami Hurricanes,Notre Dame Fighting Irish,Miami Hurricanes,24,27,True,Final
401754523,CFB,2025,2025-09-02T00:00Z,TCU Horned Frogs at North Carolina Tar Heels,TCU Horned Frogs,North Carolina Tar Heels,48,14,True,Final
401754528,CFB,2025,2025-09-05T23:00Z,James Madison Dukes at Louisville Cardinals,James Madison Dukes,Louisville Cardinals,14,28,True,Final
401752817,CFB,2025,2025-09-05T23:30Z,Western Illinois Leathernecks at Northwestern Wildcats,Western Illinois Leathernecks,Northwestern Wildcats,7,42,True,Final
401752826,CFB,2025,2025-09-05T23:30Z,Northern Illinois Huskies at Maryland Terrapins,Northern Illinois Huskies,Maryland Terrapins,9,20,True,Final
401760363,CFB,2025,2025-09-06T01:00Z,Eastern Washington Eagles at Boise State Broncos,Eastern Washington Eagles,Boise State Broncos,14,51,True,Final
401752693,CFB,2025,2025-09-06T16:00Z,San José State Spartans at Texas Longhorns,San José State Spartans,Texas Longhorns,7,38,True,Final
401752811,CFB,2025,2025-09-06T16:00Z,Florida International Panthers at Penn State Nittany Lions,Florida International Panthers,Penn State Nittany Lions,0,34,True,Final
401752812,CFB,2025,2025-09-06T16:00Z,Kennesaw State Owls at Indiana Hoosiers,Kennesaw State Owls,Indiana Hoosiers,9,56,True,Final
401752813,CFB,2025,2025-09-06T16:00Z,Northwestern State Demons at Minnesota Golden Gophers,Northwestern State Demons,Minnesota Golden Gophers,0,66,True,Final
401752822,CFB,2025,2025-09-06T16:00Z,Iowa Hawkeyes at Iowa State Cyclones,Iowa Hawkeyes,Iowa State Cyclones,13,16,True,Final
401752825,CFB,2025,2025-09-06T16:00Z,Illinois Fighting Illini at Duke Blue Devils,Illinois Fighting Illini,Duke Blue Devils,45,19,True,Final
401754524,CFB,2025,2025-09-06T16:00Z,Virginia Cavaliers at NC State Wolfpack,Virginia Cavaliers,NC State Wolfpack,31,35,True,Final
401754525,CFB,2025,2025-09-06T16:00Z,Baylor Bears at SMU Mustangs,Baylor Bears,SMU Mustangs,48,45,True,Final
401754529,CFB,2025,2025-09-06T16:00Z,Central Michigan Chippewas at Pittsburgh Panthers,Central Michigan Chippewas,Pittsburgh Panthers,17,45,True,Final
401754618,CFB,2025,2025-09-06T16:00Z,UConn Huskies at Syracuse Orange,UConn Huskies,Syracuse Orange,20,27,True,Final
401754621,CFB,2025,2025-09-06T16:00Z,East Texas A&M Lions at Florida State Seminoles,East Texas A&M Lions,Florida State Seminoles,3,77,True,Final
401756885,CFB,2025,2025-09-06T16:00Z,Kent State Golden Flashes at Texas Tech Red Raiders,Kent State Golden Flashes,Texas Tech Red Raiders,14,62,True,Final
401757227,CFB,2025,2025-09-06T16:00Z,Liberty Flames at Jacksonville State Gamecocks,Liberty Flames,Jacksonville State Gamecocks,24,34,True,Final
401752694,CFB,2025,2025-09-06T16:45Z,Utah State Aggies at Texas A&M Aggies,Utah State Aggies,Texas A&M Aggies,22,44,True,Final
401762462,CFB,2025,2025-09-06T18:00Z,Howard Bison at Temple Owls,Howard Bison,Temple Owls,7,55,True,Final
401752685,CFB,2025,2025-09-06T18:28Z,Austin Peay Governors at Georgia Bulldogs,Austin Peay Governors,Georgia Bulldogs,6,28,True,Final
401767224,CFB,2025,2025-09-06T18:30Z,North Dakota State Bison at Tennessee State Tigers,North Dakota State Bison,Tennessee State Tigers,59,3,True,Final
401760366,CFB,2025,2025-09-06T19:00Z,Idaho State Bengals at New Mexico Lobos,Idaho State Bengals,New Mexico Lobos,22,32,True,Final
401752686,CFB,2025,2025-09-06T19:30Z,Ole Miss Rebels at Kentucky Wildcats,Ole Miss Rebels,Kentucky Wildcats,30,23,True,Final
401752689,CFB,2025,2025-09-06T19:30Z,Kansas Jayhawks at Missouri Tigers,Kansas Jayhawks,Missouri Tigers,31,42,True,Final
401752692,CFB,2025,2025-09-06T19:30Z,East Tennessee State Buccaneers at Tennessee Volunteers,East Tennessee State Buccaneers,Tennessee Volunteers,17,72,True,Final
401752815,CFB,2025,2025-09-06T19:30Z,Grambling Tigers at Ohio State Buckeyes,Grambling Tigers,Ohio State Buckeyes,0,70,True,Final
401752824,CFB,2025,2025-09-06T19:30Z,Oklahoma State Cowboys at Oregon Ducks,Oklahoma State Cowboys,Oregon Ducks,3,69,True,Final
401752937,CFB,2025,2025-09-06T19:30Z,Fresno State Bulldogs at Oregon State Beavers,Fresno State Bulldogs,Oregon State Beavers,36,27,True,Final
401754622,CFB,2025,2025-09-06T19:30Z,Gardner-Webb Runnin' Bulldogs at Georgia Tech Yellow Jackets,Gardner-Webb Runnin' Bulldogs,Georgia Tech Yellow Jackets,12,59,True,Final
401754637,CFB,2025,2025-09-06T19:30Z,Troy Trojans at Clemson Tigers,Troy Trojans,Clemson Tigers,16,27,True,Final
401756880,CFB,2025,2025-09-06T19:30Z,Bowling Green Falcons at Cincinnati Bearcats,Bowling Green Falcons,Cincinnati Bearcats,20,34,True,Final
401756881,CFB,2025,2025-09-06T19:30Z,Delaware Blue Hens at Colorado Buffaloes,Delaware Blue Hens,Colorado Buffaloes,7,31,True,Final
401761596,CFB,2025,2025-09-06T19:30Z,Lindenwood Lions at App State Mountaineers,Lindenwood Lions,App State Mountaineers,13,20,True,Final
401761603,CFB,2025,2025-09-06T19:30Z,Texas State Bobcats at UTSA Roadrunners,Texas State Bobcats,UTSA Roadrunners,43,36,True,Final
401762458,CFB,2025,2025-09-06T19:30Z,UAB Blazers at Navy Midshipmen,UAB Blazers,Navy Midshipmen,24,38,True,Final
401762461,CFB,2025,2025-09-06T19:30Z,North Texas Mean Green at Western Michigan Broncos,North Texas Mean Green,Western Michigan Broncos,33,30,True,Final
401762794,CFB,2025,2025-09-06T19:30Z,Saint Francis Red Flash at Buffalo Bulls,Saint Francis Red Flash,Buffalo Bulls,6,45,True,Final
401752820,CFB,2025,2025-09-06T20:00Z,Middle Tennessee Blue Raiders at Wisconsin Badgers,Middle Tennessee Blue Raiders,Wisconsin Badgers,10,42,True,Final
401756883,CFB,2025,2025-09-06T20:00Z,West Virginia Mountaineers at Ohio Bobcats,West Virginia Mountaineers,Ohio Bobcats,10,17,True,Final
401760367,CFB,2025,2025-09-06T20:00Z,Northern Iowa Panthers at Wyoming Cowboys,Northern Iowa Panthers,Wyoming Cowboys,7,31,True,Final
401752684,CFB,2025,2025-09-06T20:15Z,South Florida Bulls at Florida Gators,South Florida Bulls,Florida Gators,18,16,True,Final
401754620,CFB,2025,2025-09-06T20:25Z,Western Carolina Catamounts at Wake Forest Demon Deacons,Western Carolina Catamounts,Wake Forest Demon Deacons,10,42,True,Final
401752818,CFB,2025,2025-09-06T20:30Z,Miami (OH) RedHawks at Rutgers Scarlet Knights,Miami (OH) RedHawks,Rutgers Scarlet Knights,17,45,True,Final
401752682,CFB,2025,2025-09-06T21:00Z,Arkansas State Red Wolves at Arkansas Razorbacks,Arkansas State Red Wolves,Arkansas Razorbacks,14,56,True,Final
401760365,CFB,2025,2025-09-06T21:00Z,Sacramento State Hornets at Nevada Wolf Pack,Sacramento State Hornets,Nevada Wolf Pack,17,20,True,Final
401761602,CFB,2025,2025-09-06T21:00Z,Jackson State Tigers at Southern Miss Golden Eagles,Jackson State Tigers,Southern Miss Golden Eagles,20,38,True,Final
401762816,CFB,2025,2025-09-06T21:30Z,Bryant Bulldogs at Massachusetts Minutemen,Bryant Bulldogs,Massachusetts Minutemen,27,26,True,Final
401754530,CFB,2025,2025-09-06T22:00Z,Texas Southern Tigers at California Golden Bears,Texas Southern Tigers,California Golden Bears,3,35,True,Final
401756887,CFB,2025,2025-09-06T22:00Z,Cal Poly Mustangs at Utah Utes,Cal Poly Mustangs,Utah Utes,9,63,True,Final
401757228,CFB,2025,2025-09-06T22:00Z,Missouri State Bears at Marshall Thundering Herd,Missouri State Bears,Marshall Thundering Herd,21,20,True,Final
401761599,CFB,2025,2025-09-06T22:00Z,North Carolina Central Eagles at Old Dominion Monarchs,North Carolina Central Eagles,Old Dominion Monarchs,6,54,True,Final
401762459,CFB,2025,2025-09-06T22:00Z,Campbell Fighting Camels at East Carolina Pirates,Campbell Fighting Camels,East Carolina Pirates,3,56,True,Final
401762460,CFB,2025,2025-09-06T22:00Z,Florida A&M Rattlers at Florida Atlantic Owls,Florida A&M Rattlers,Florida Atlantic Owls,14,56,True,Final
401752691,CFB,2025,2025-09-06T23:00Z,South Carolina State Bulldogs at South Carolina Gamecocks,South Carolina State Bulldogs,South Carolina Gamecocks,10,38,True,Final
401754527,CFB,2025,2025-09-06T23:00Z,North Carolina Tar Heels at Charlotte 49ers,North Carolina Tar Heels,Charlotte 49ers,20,3,True,Final
401754641,CFB,2025,2025-09-06T23:00Z,Bethune-Cookman Wildcats at Miami Hurricanes,Bethune-Cookman Wildcats,Miami Hurricanes,3,45,True,Final
401756882,CFB,2025,2025-09-06T23:00Z,Army Black Knights at Kansas State Wildcats,Army Black Knights,Kansas State Wildcats,24,21,True,Final
401756884,CFB,2025,2025-09-06T23:00Z,Houston Cougars at Rice Owls,Houston Cougars,Rice Owls,35,9,True,Final
401756886,CFB,2025,2025-09-06T23:00Z,North Carolina A&T Aggies at UCF Knights,North Carolina A&T Aggies,UCF Knights,7,68,True,Final
401757232,CFB,2025,2025-09-06T23:00Z,Western Kentucky Hilltoppers at Toledo Rockets,Western Kentucky Hilltoppers,Toledo Rockets,21,45,True,Final
401760364,CFB,2025,2025-09-06T23:00Z,Northern Colorado Bears at Colorado State Rams,Northern Colorado Bears,Colorado State Rams,17,21,True,Final
401761598,CFB,2025,2025-09-06T23:00Z,Memphis Tigers at Georgia State Panthers,Memphis Tigers,Georgia State Panthers,38,16,True,Final
401761601,CFB,2025,2025-09-06T23:00Z,Tulane Green Wave at South Alabama Jaguars,Tulane Green Wave,South Alabama Jaguars,33,31,True,Final
401762795,CFB,2025,2025-09-06T23:00Z,Long Island University Sharks at Eastern Michigan Eagles,Long Island University Sharks,Eastern Michigan Eagles,28,23,True,Final
401752683,CFB,2025,2025-09-06T23:30Z,Ball State Cardinals at Auburn Tigers,Ball State Cardinals,Auburn Tigers,3,42,True,Final
401752687,CFB,2025,2025-09-06T23:30Z,Louisiana Tech Bulldogs at LSU Tigers,Louisiana Tech Bulldogs,LSU Tigers,7,23,True,Final
401752688,CFB,2025,2025-09-06T23:30Z,Arizona State Sun Devils at Mississippi State Bulldogs,Arizona State Sun Devils,Mississippi State Bulldogs,20,24,True,Final
401752690,CFB,2025,2025-09-06T23:30Z,Michigan Wolverines at Oklahoma Sooners,Michigan Wolverines,Oklahoma Sooners,13,24,True,Final
401752695,CFB,2025,2025-09-06T23:30Z,Vanderbilt Commodores at Virginia Tech Hokies,Vanderbilt Commodores,Virginia Tech Hokies,44,20,True,Final
401752810,CFB,2025,2025-09-06T23:30Z,Akron Zips at Nebraska Cornhuskers,Akron Zips,Nebraska Cornhuskers,0,68,True,Final
401752814,CFB,2025,2025-09-06T23:30Z,Georgia Southern Eagles at USC Trojans,Georgia Southern Eagles,USC Trojans,20,59,True,Final
401752816,CFB,2025,2025-09-06T23:30Z,Boston College Eagles at Michigan State Spartans,Boston College Eagles,Michigan State Spartans,40,42,True,Final
401752819,CFB,2025,2025-09-06T23:30Z,Southern Illinois Salukis at Purdue Boilermakers,Southern Illinois Salukis,Purdue Boilermakers,17,34,True,Final
401761597,CFB,2025,2025-09-06T23:30Z,Charleston Southern Buccaneers at Coastal Carolina Chanticleers,Charleston Southern Buccaneers,Coastal Carolina Chanticleers,0,13,True,Final
401752681,CFB,2025,2025-09-06T23:45Z,UL Monroe Warhawks at Alabama Crimson Tide,UL Monroe Warhawks,Alabama Crimson Tide,0,73,True,Final
401752823,CFB,2025,2025-09-07T00:00Z,UCLA Bruins at UNLV Rebels,UCLA Bruins,UNLV Rebels,23,30,True,Final
401761600,CFB,2025,2025-09-07T00:00Z,McNeese Cowboys at Louisiana Ragin' Cajuns,McNeese Cowboys,Louisiana Ragin' Cajuns,10,34,True,Final
401757229,CFB,2025,2025-09-07T01:00Z,Tulsa Golden Hurricane at New Mexico State Aggies,Tulsa Golden Hurricane,New Mexico State Aggies,14,21,True,Final
401757231,CFB,2025,2025-09-07T01:00Z,UT Martin Skyhawks at UTEP Miners,UT Martin Skyhawks,UTEP Miners,17,42,True,Final
401756879,CFB,2025,2025-09-07T02:00Z,Weber State Wildcats at Arizona Wildcats,Weber State Wildcats,Arizona Wildcats,3,48,True,Final
401752948,CFB,2025,2025-09-07T02:15Z,San Diego State Aztecs at Washington State Cougars,San Diego State Aztecs,Washington State Cougars,13,36,True,Final
401754526,CFB,2025,2025-09-07T02:15Z,Stanford Cardinal at BYU Cougars,Stanford Cardinal,BYU Cougars,3,27,True,Final
401752821,CFB,2025,2025-09-07T03:00Z,UC Davis Aggies at Washington Huskies,UC Davis Aggies,Washington Huskies,10,70,True,Final
401757230,CFB,2025,2025-09-07T03:59Z,Sam Houston Bearkats at Hawai'i Rainbow Warriors,Sam Houston Bearkats,Hawai'i Rainbow Warriors,20,37,True,Final
401754531,CFB,2025,2025-09-11T23:30Z,NC State Wolfpack at Wake Forest Demon Deacons,NC State Wolfpack,Wake Forest Demon Deacons,34,24,True,Final
401752836,CFB,2025,2025-09-12T22:30Z,Indiana State Sycamores at Indiana Hoosiers,Indiana State Sycamores,Indiana Hoosiers,0,73,True,Final
401754532,CFB,2025,2025-09-12T23:00Z,Colgate Raiders at Syracuse Orange,Colgate Raiders,Syracuse Orange,24,66,True,Final
401756893,CFB,2025,2025-09-12T23:30Z,Colorado Buffaloes at Houston Cougars,Colorado Buffaloes,Houston Cougars,20,36,True,Final
401756888,CFB,2025,2025-09-13T01:00Z,Kansas State Wildcats at Arizona Wildcats,Kansas State Wildcats,Arizona Wildcats,17,23,True,Final
401752837,CFB,2025,2025-09-13T02:00Z,New Mexico Lobos at UCLA Bruins,New Mexico Lobos,UCLA Bruins,35,10,True,Final
401752696,CFB,2025,2025-09-13T16:00Z,Wisconsin Badgers at Alabama Crimson Tide,Wisconsin Badgers,Alabama Crimson Tide,14,38,True,Final
401752703,CFB,2025,2025-09-13T16:00Z,Oklahoma Sooners at Temple Owls,Oklahoma Sooners,Temple Owls,42,3,True,Final
401752828,CFB,2025,2025-09-13T16:00Z,Houston Christian Huskies at Nebraska Cornhuskers,Houston Christian Huskies,Nebraska Cornhuskers,7,59,True,Final
401752831,CFB,2025,2025-09-13T16:00Z,Oregon Ducks at Northwestern Wildcats,Oregon Ducks,Northwestern Wildcats,34,14,True,Final
401752838,CFB,2025,2025-09-13T16:00Z,Towson Tigers at Maryland Terrapins,Towson Tigers,Maryland Terrapins,17,44,True,Final
401752839,CFB,2025,2025-09-13T16:00Z,Central Michigan Chippewas at Michigan Wolverines,Central Michigan Chippewas,Michigan Wolverines,3,63,True,Final
401754619,CFB,2025,2025-09-13T16:00Z,William & Mary Tribe at Virginia Cavaliers,William & Mary Tribe,Virginia Cavaliers,16,55,True,Final
401754623,CFB,2025,2025-09-13T16:00Z,Clemson Tigers at Georgia Tech Yellow Jackets,Clemson Tigers,Georgia Tech Yellow Jackets,21,24,True,Final
401756891,CFB,2025,2025-09-13T16:00Z,Samford Bulldogs at Baylor Bears,Samford Bulldogs,Baylor Bears,7,42,True,Final
401761608,CFB,2025,2025-09-13T16:00Z,Memphis Tigers at Troy Trojans,Memphis Tigers,Troy Trojans,28,7,True,Final
401762817,CFB,2025,2025-09-13T16:00Z,Buffalo Bulls at Kent State Golden Flashes,Buffalo Bulls,Kent State Golden Flashes,31,28,True,Final
401752697,CFB,2025,2025-09-13T16:45Z,South Alabama Jaguars at Auburn Tigers,South Alabama Jaguars,Auburn Tigers,15,31,True,Final
401752702,CFB,2025,2025-09-13T17:00Z,Louisiana Ragin' Cajuns at Missouri Tigers,Louisiana Ragin' Cajuns,Missouri Tigers,10,52,True,Final
401762818,CFB,2025,2025-09-13T18:00Z,New Hampshire Wildcats at Ball State Cardinals,New Hampshire Wildcats,Ball State Cardinals,29,34,True,Final
401757168,CFB,2025,2025-09-13T19:00Z,UConn Huskies at Delaware Blue Hens,UConn Huskies,Delaware Blue Hens,41,44,True,Final
401752705,CFB,2025,2025-09-13T19:30Z,Georgia Bulldogs at Tennessee Volunteers,Georgia Bulldogs,Tennessee Volunteers,44,41,True,Final
401752833,CFB,2025,2025-09-13T19:30Z,Norfolk State Spartans at Rutgers Scarlet Knights,Norfolk State Spartans,Rutgers Scarlet Knights,10,60,True,Final
401752834,CFB,2025,2025-09-13T19:30Z,Youngstown State Penguins at Michigan State Spartans,Youngstown State Penguins,Michigan State Spartans,24,41,True,Final
401752835,CFB,2025,2025-09-13T19:30Z,Villanova Wildcats at Penn State Nittany Lions,Villanova Wildcats,Penn State Nittany Lions,6,52,True,Final
401752938,CFB,2025,2025-09-13T19:30Z,Oregon State Beavers at Texas Tech Red Raiders,Oregon State Beavers,Texas Tech Red Raiders,14,45,True,Final
401752949,CFB,2025,2025-09-13T19:30Z,Washington State Cougars at North Texas Mean Green,Washington State Cougars,North Texas Mean Green,10,59,True,Final
401754615,CFB,2025,2025-09-13T19:30Z,SMU Mustangs at Missouri State Bears,SMU Mustangs,Missouri State Bears,28,10,True,Final
401754638,CFB,2025,2025-09-13T19:30Z,Pittsburgh Panthers at West Virginia Mountaineers,Pittsburgh Panthers,West Virginia Mountaineers,24,31,True,Final
401754639,CFB,2025,2025-09-13T19:30Z,Richmond Spiders at North Carolina Tar Heels,Richmond Spiders,North Carolina Tar Heels,6,41,True,Final
401756892,CFB,2025,2025-09-13T19:30Z,Northwestern State Demons at Cincinnati Bearcats,Northwestern State Demons,Cincinnati Bearcats,0,70,True,Final
401762467,CFB,2025,2025-09-13T19:30Z,Incarnate Word Cardinals at UTSA Roadrunners,Incarnate Word Cardinals,UTSA Roadrunners,20,48,True,Final
401762819,CFB,2025,2025-09-13T19:30Z,Morgan State Bears at Toledo Rockets,Morgan State Bears,Toledo Rockets,0,60,True,Final
401767217,CFB,2025,2025-09-13T19:30Z,Southeast Missouri State Redhawks at North Dakota State Bison,Southeast Missouri State Redhawks,North Dakota State Bison,14,41,True,Final
401756890,CFB,2025,2025-09-13T20:00Z,Iowa State Cyclones at Arkansas State Red Wolves,Iowa State Cyclones,Arkansas State Red Wolves,24,16,True,Final
401752706,CFB,2025,2025-09-13T20:15Z,UTEP Miners at Texas Longhorns,UTEP Miners,Texas Longhorns,10,27,True,Final
401754535,CFB,2025,2025-09-13T20:30Z,South Florida Bulls at Miami Hurricanes,South Florida Bulls,Miami Hurricanes,12,49,True,Final
401757256,CFB,2025,2025-09-13T21:00Z,Liberty Flames at Bowling Green Falcons,Liberty Flames,Bowling Green Falcons,13,23,True,Final
401757258,CFB,2025,2025-09-13T21:00Z,Middle Tennessee Blue Raiders at Nevada Wolf Pack,Middle Tennessee Blue Raiders,Nevada Wolf Pack,14,13,True,Final
401752701,CFB,2025,2025-09-13T22:00Z,Alcorn State Braves at Mississippi State Bulldogs,Alcorn State Braves,Mississippi State Bulldogs,0,63,True,Final
401757235,CFB,2025,2025-09-13T22:00Z,Merrimack Warriors at Kennesaw State Owls,Merrimack Warriors,Kennesaw State Owls,13,27,True,Final
401761606,CFB,2025,2025-09-13T22:00Z,Eastern Kentucky Colonels at Marshall Thundering Herd,Eastern Kentucky Colonels,Marshall Thundering Herd,7,38,True,Final
401762464,CFB,2025,2025-09-13T22:00Z,Monmouth Hawks at Charlotte 49ers,Monmouth Hawks,Charlotte 49ers,35,42,True,Final
401752832,CFB,2025,2025-09-13T22:45Z,USC Trojans at Purdue Boilermakers,USC Trojans,Purdue Boilermakers,33,17,True,Final
401752700,CFB,2025,2025-09-13T23:00Z,Arkansas Razorbacks at Ole Miss Rebels,Arkansas Razorbacks,Ole Miss Rebels,35,41,True,Final
401752827,CFB,2025,2025-09-13T23:00Z,Ohio Bobcats at Ohio State Buckeyes,Ohio Bobcats,Ohio State Buckeyes,9,37,True,Final
401752829,CFB,2025,2025-09-13T23:00Z,Western Michigan Broncos at Illinois Fighting Illini,Western Michigan Broncos,Illinois Fighting Illini,0,38,True,Final
401754536,CFB,2025,2025-09-13T23:00Z,Old Dominion Monarchs at Virginia Tech Hokies,Old Dominion Monarchs,Virginia Tech Hokies,45,26,True,Final
401757234,CFB,2025,2025-09-13T23:00Z,Jacksonville State Gamecocks at Georgia Southern Eagles,Jacksonville State Gamecocks,Georgia Southern Eagles,34,41,True,Final
401761605,CFB,2025,2025-09-13T23:00Z,Murray State Racers at Georgia State Panthers,Murray State Racers,Georgia State Panthers,21,37,True,Final
401761607,CFB,2025,2025-09-13T23:00Z,App State Mountaineers at Southern Miss Golden Eagles,App State Mountaineers,Southern Miss Golden Eagles,22,38,True,Final
401762466,CFB,2025,2025-09-13T23:00Z,Prairie View A&M Panthers at Rice Owls,Prairie View A&M Panthers,Rice Owls,17,38,True,Final
401752698,CFB,2025,2025-09-13T23:30Z,Eastern Michigan Eagles at Kentucky Wildcats,Eastern Michigan Eagles,Kentucky Wildcats,23,48,True,Final
401752699,CFB,2025,2025-09-13T23:30Z,Florida Gators at LSU Tigers,Florida Gators,LSU Tigers,10,20,True,Final
401752707,CFB,2025,2025-09-13T23:30Z,Texas A&M Aggies at Notre Dame Fighting Irish,Texas A&M Aggies,Notre Dame Fighting Irish,41,40,True,Final
401752830,CFB,2025,2025-09-13T23:30Z,Massachusetts Minutemen at Iowa Hawkeyes,Massachusetts Minutemen,Iowa Hawkeyes,7,47,True,Final
401757257,CFB,2025,2025-09-13T23:30Z,New Mexico State Aggies at Louisiana Tech Bulldogs,New Mexico State Aggies,Louisiana Tech Bulldogs,14,49,True,Final
401761604,CFB,2025,2025-09-13T23:30Z,East Carolina Pirates at Coastal Carolina Chanticleers,East Carolina Pirates,Coastal Carolina Chanticleers,38,0,True,Final
401752704,CFB,2025,2025-09-13T23:45Z,Vanderbilt Commodores at South Carolina Gamecocks,Vanderbilt Commodores,South Carolina Gamecocks,31,7,True,Final
401754534,CFB,2025,2025-09-14T00:00Z,Duke Blue Devils at Tulane Green Wave,Duke Blue Devils,Tulane Green Wave,27,34,True,Final
401756894,CFB,2025,2025-09-14T00:00Z,Abilene Christian Wildcats at TCU Horned Frogs,Abilene Christian Wildcats,TCU Horned Frogs,21,42,True,Final
401756895,CFB,2025,2025-09-14T00:00Z,Utah Utes at Wyoming Cowboys,Utah Utes,Wyoming Cowboys,31,6,True,Final
401762465,CFB,2025,2025-09-14T00:00Z,Navy Midshipmen at Tulsa Golden Hurricane,Navy Midshipmen,Tulsa Golden Hurricane,42,23,True,Final
401757233,CFB,2025,2025-09-14T00:30Z,Florida Atlantic Owls at Florida International Panthers,Florida Atlantic Owls,Florida International Panthers,28,38,True,Final
401762463,CFB,2025,2025-09-14T00:30Z,Akron Zips at UAB Blazers,Akron Zips,UAB Blazers,28,31,True,Final
401767131,CFB,2025,2025-09-14T01:00Z,Mercyhurst Lakers at Sacramento State Hornets,Mercyhurst Lakers,Sacramento State Hornets,28,49,True,Final
401760368,CFB,2025,2025-09-14T01:45Z,Air Force Falcons at Utah State Aggies,Air Force Falcons,Utah State Aggies,30,49,True,Final
401760369,CFB,2025,2025-09-14T02:00Z,Southern Jaguars at Fresno State Bulldogs,Southern Jaguars,Fresno State Bulldogs,7,56,True,Final
401752840,CFB,2025,2025-09-14T02:30Z,Minnesota Golden Gophers at California Golden Bears,Minnesota Golden Gophers,California Golden Bears,14,27,True,Final
401754533,CFB,2025,2025-09-14T02:30Z,Boston College Eagles at Stanford Cardinal,Boston College Eagles,Stanford Cardinal,20,30,True,Final
401756889,CFB,2025,2025-09-14T02:30Z,Texas State Bobcats at Arizona State Sun Devils,Texas State Bobcats,Arizona State Sun Devils,15,34,True,Final
401760370,CFB,2025,2025-09-14T03:59Z,Portland State Vikings at Hawai'i Rainbow Warriors,Portland State Vikings,Hawai'i Rainbow Warriors,3,23,True,Final
401762468,CFB,2025,2025-09-18T23:30Z,Rice Owls at Charlotte 49ers,Rice Owls,Charlotte 49ers,28,17,True,Final
401756900,CFB,2025,2025-09-19T23:30Z,Tulsa Golden Hurricane at Oklahoma State Cowboys,Tulsa Golden Hurricane,Oklahoma State Cowboys,19,12,True,Final
401752844,CFB,2025,2025-09-20T00:00Z,Iowa Hawkeyes at Rutgers Scarlet Knights,Iowa Hawkeyes,Rutgers Scarlet Knights,38,28,True,Final
401752708,CFB,2025,2025-09-20T16:00Z,Arkansas Razorbacks at Memphis Tigers,Arkansas Razorbacks,Memphis Tigers,31,32,True,Final
401752845,CFB,2025,2025-09-20T16:00Z,Maryland Terrapins at Wisconsin Badgers,Maryland Terrapins,Wisconsin Badgers,27,10,True,Final
401754537,CFB,2025,2025-09-20T16:00Z,Syracuse Orange at Clemson Tigers,Syracuse Orange,Clemson Tigers,34,21,True,Final
401754617,CFB,2025,2025-09-20T16:00Z,Wofford Terriers at Virginia Tech Hokies,Wofford Terriers,Virginia Tech Hokies,6,38,True,Final
401754636,CFB,2025,2025-09-20T16:00Z,SMU Mustangs at TCU Horned Frogs,SMU Mustangs,TCU Horned Frogs,24,35,True,Final
401754642,CFB,2025,2025-09-20T16:00Z,Bowling Green Falcons at Louisville Cardinals,Bowling Green Falcons,Louisville Cardinals,17,40,True,Final
401756901,CFB,2025,2025-09-20T16:00Z,Texas Tech Red Raiders at Utah Utes,Texas Tech Red Raiders,Utah Utes,34,10,True,Final
401760376,CFB,2025,2025-09-20T16:00Z,UNLV Rebels at Miami (OH) RedHawks,UNLV Rebels,Miami (OH) RedHawks,41,38,True,Final
401762469,CFB,2025,2025-09-20T16:00Z,North Texas Mean Green at Army Black Knights,North Texas Mean Green,Army Black Knights,45,38,True,Final
401762470,CFB,2025,2025-09-20T16:00Z,South Carolina State Bulldogs at South Florida Bulls,South Carolina State Bulldogs,South Florida Bulls,14,63,True,Final
401752715,CFB,2025,2025-09-20T16:45Z,UAB Blazers at Tennessee Volunteers,UAB Blazers,Tennessee Volunteers,24,56,True,Final
401762822,CFB,2025,2025-09-20T17:00Z,Wagner Seahawks at Central Michigan Chippewas,Wagner Seahawks,Central Michigan Chippewas,10,49,True,Final
401752841,CFB,2025,2025-09-20T19:00Z,Oregon State Beavers at Oregon Ducks,Oregon State Beavers,Oregon Ducks,7,41,True,Final
401752711,CFB,2025,2025-09-20T19:30Z,Tulane Green Wave at Ole Miss Rebels,Tulane Green Wave,Ole Miss Rebels,10,45,True,Final
401752714,CFB,2025,2025-09-20T19:30Z,Auburn Tigers at Oklahoma Sooners,Auburn Tigers,Oklahoma Sooners,17,24,True,Final
401752846,CFB,2025,2025-09-20T19:30Z,Michigan Wolverines at Nebraska Cornhuskers,Michigan Wolverines,Nebraska Cornhuskers,30,27,True,Final
401752848,CFB,2025,2025-09-20T19:30Z,Purdue Boilermakers at Notre Dame Fighting Irish,Purdue Boilermakers,Notre Dame Fighting Irish,30,56,True,Final
401754541,CFB,2025,2025-09-20T19:30Z,Kent State Golden Flashes at Florida State Seminoles,Kent State Golden Flashes,Florida State Seminoles,10,66,True,Final
401754640,CFB,2025,2025-09-20T19:30Z,North Carolina Tar Heels at UCF Knights,North Carolina Tar Heels,UCF Knights,9,34,True,Final
401757169,CFB,2025,2025-09-20T19:30Z,Ball State Cardinals at UConn Huskies,Ball State Cardinals,UConn Huskies,25,31,True,Final
401757262,CFB,2025,2025-09-20T19:30Z,James Madison Dukes at Liberty Flames,James Madison Dukes,Liberty Flames,31,13,True,Final
401761610,CFB,2025,2025-09-20T19:30Z,Louisiana Ragin' Cajuns at Eastern Michigan Eagles,Louisiana Ragin' Cajuns,Eastern Michigan Eagles,31,34,True,Final
401761613,CFB,2025,2025-09-20T19:30Z,Troy Trojans at Buffalo Bulls,Troy Trojans,Buffalo Bulls,21,17,True,Final
401762820,CFB,2025,2025-09-20T19:30Z,Toledo Rockets at Western Michigan Broncos,Toledo Rockets,Western Michigan Broncos,13,14,True,Final
401762823,CFB,2025,2025-09-20T19:30Z,Gardner-Webb Runnin' Bulldogs at Ohio Bobcats,Gardner-Webb Runnin' Bulldogs,Ohio Bobcats,35,52,True,Final
401754538,CFB,2025,2025-09-20T20:00Z,NC State Wolfpack at Duke Blue Devils,NC State Wolfpack,Duke Blue Devils,33,45,True,Final
401752712,CFB,2025,2025-09-20T20:15Z,Northern Illinois Huskies at Mississippi State Bulldogs,Northern Illinois Huskies,Mississippi State Bulldogs,10,38,True,Final
401760375,CFB,2025,2025-09-20T21:00Z,Idaho Vandals at San José State Spartans,Idaho Vandals,San José State Spartans,28,31,True,Final
401754542,CFB,2025,2025-09-20T21:05Z,Temple Owls at Georgia Tech Yellow Jackets,Temple Owls,Georgia Tech Yellow Jackets,24,45,True,Final
401756899,CFB,2025,2025-09-20T22:00Z,West Virginia Mountaineers at Kansas Jayhawks,West Virginia Mountaineers,Kansas Jayhawks,10,41,True,Final
401757259,CFB,2025,2025-09-20T22:00Z,Delaware Blue Hens at Florida International Panthers,Delaware Blue Hens,Florida International Panthers,38,16,True,Final
401757261,CFB,2025,2025-09-20T22:00Z,Arkansas State Red Wolves at Kennesaw State Owls,Arkansas State Red Wolves,Kennesaw State Owls,21,28,True,Final
401762821,CFB,2025,2025-09-20T22:00Z,Duquesne Dukes at Akron Zips,Duquesne Dukes,Akron Zips,7,51,True,Final
401752713,CFB,2025,2025-09-20T23:00Z,South Carolina Gamecocks at Missouri Tigers,South Carolina Gamecocks,Missouri Tigers,20,29,True,Final
401757260,CFB,2025,2025-09-20T23:00Z,Murray State Racers at Jacksonville State Gamecocks,Murray State Racers,Jacksonville State Gamecocks,10,45,True,Final
401757264,CFB,2025,2025-09-20T23:00Z,Marshall Thundering Herd at Middle Tennessee Blue Raiders,Marshall Thundering Herd,Middle Tennessee Blue Raiders,42,28,True,Final
401757265,CFB,2025,2025-09-20T23:00Z,UT Martin Skyhawks at Missouri State Bears,UT Martin Skyhawks,Missouri State Bears,10,42,True,Final
401757268,CFB,2025,2025-09-20T23:00Z,Nevada Wolf Pack at Western Kentucky Hilltoppers,Nevada Wolf Pack,Western Kentucky Hilltoppers,16,31,True,Final
401760372,CFB,2025,2025-09-20T23:00Z,Boise State Broncos at Air Force Falcons,Boise State Broncos,Air Force Falcons,49,37,True,Final
401761609,CFB,2025,2025-09-20T23:00Z,Maine Black Bears at Georgia Southern Eagles,Maine Black Bears,Georgia Southern Eagles,17,45,True,Final
401761611,CFB,2025,2025-09-20T23:00Z,Coastal Carolina Chanticleers at South Alabama Jaguars,Coastal Carolina Chanticleers,South Alabama Jaguars,38,20,True,Final
401752709,CFB,2025,2025-09-20T23:30Z,Florida Gators at Miami Hurricanes,Florida Gators,Miami Hurricanes,7,26,True,Final
401752716,CFB,2025,2025-09-20T23:30Z,Georgia State Panthers at Vanderbilt Commodores,Georgia State Panthers,Vanderbilt Commodores,21,70,True,Final
401752842,CFB,2025,2025-09-20T23:30Z,Washington Huskies at Washington State Cougars,Washington Huskies,Washington State Cougars,59,24,True,Final
401752843,CFB,2025,2025-09-20T23:30Z,Illinois Fighting Illini at Indiana Hoosiers,Illinois Fighting Illini,Indiana Hoosiers,10,63,True,Final
401754539,CFB,2025,2025-09-20T23:30Z,Stanford Cardinal at Virginia Cavaliers,Stanford Cardinal,Virginia Cavaliers,20,48,True,Final
401756896,CFB,2025,2025-09-20T23:30Z,Arizona State Sun Devils at Baylor Bears,Arizona State Sun Devils,Baylor Bears,27,24,True,Final
401756898,CFB,2025,2025-09-20T23:30Z,BYU Cougars at East Carolina Pirates,BYU Cougars,East Carolina Pirates,34,13,True,Final
401757263,CFB,2025,2025-09-20T23:30Z,Southern Miss Golden Eagles at Louisiana Tech Bulldogs,Southern Miss Golden Eagles,Louisiana Tech Bulldogs,20,30,True,Final
401752710,CFB,2025,2025-09-20T23:45Z,SE Louisiana Lions at LSU Tigers,SE Louisiana Lions,LSU Tigers,10,56,True,Final
401752723,CFB,2025,2025-09-21T00:00Z,Sam Houston Bearkats at Texas Longhorns,Sam Houston Bearkats,Texas Longhorns,0,55,True,Final
401760377,CFB,2025,2025-09-21T00:00Z,McNeese Cowboys at Utah State Aggies,McNeese Cowboys,Utah State Aggies,7,48,True,Final
401761612,CFB,2025,2025-09-21T00:00Z,Nicholls Colonels at Texas State Bobcats,Nicholls Colonels,Texas State Bobcats,3,35,True,Final
401757267,CFB,2025,2025-09-21T01:00Z,UL Monroe Warhawks at UTEP Miners,UL Monroe Warhawks,UTEP Miners,31,25,True,Final
401767132,CFB,2025,2025-09-21T01:00Z,Central Arkansas Bears at Sacramento State Hornets,Central Arkansas Bears,Sacramento State Hornets,16,45,True,Final
401760373,CFB,2025,2025-09-21T01:30Z,UTSA Roadrunners at Colorado State Rams,UTSA Roadrunners,Colorado State Rams,17,16,True,Final
401756897,CFB,2025,2025-09-21T02:25Z,Wyoming Cowboys at Colorado Buffaloes,Wyoming Cowboys,Colorado Buffaloes,20,37,True,Final
401754540,CFB,2025,2025-09-21T02:30Z,California Golden Bears at San Diego State Aztecs,California Golden Bears,San Diego State Aztecs,0,34,True,Final
401752847,CFB,2025,2025-09-21T03:00Z,Michigan State Spartans at USC Trojans,Michigan State Spartans,USC Trojans,31,45,True,Final
401760374,CFB,2025,2025-09-21T03:59Z,Fresno State Bulldogs at Hawai'i Rainbow Warriors,Fresno State Bulldogs,Hawai'i Rainbow Warriors,23,21,True,Final
401762471,CFB,2025,2025-09-25T23:30Z,Army Black Knights at East Carolina Pirates,Army Black Knights,East Carolina Pirates,6,28,True,Final
401754543,CFB,2025,2025-09-26T23:00Z,Florida State Seminoles at Virginia Cavaliers,Florida State Seminoles,Virginia Cavaliers,38,46,True,Final
401756902,CFB,2025,2025-09-27T01:00Z,TCU Horned Frogs at Arizona State Sun Devils,TCU Horned Frogs,Arizona State Sun Devils,24,27,True,Final
401752939,CFB,2025,2025-09-27T02:35Z,Houston Cougars at Oregon State Beavers,Houston Cougars,Oregon State Beavers,27,24,True,Final
401752717,CFB,2025,2025-09-27T16:00Z,Notre Dame Fighting Irish at Arkansas Razorbacks,Notre Dame Fighting Irish,Arkansas Razorbacks,56,13,True,Final
401752849,CFB,2025,2025-09-27T16:00Z,Rutgers Scarlet Knights at Minnesota Golden Gophers,Rutgers Scarlet Knights,Minnesota Golden Gophers,28,31,True,Final
401752850,CFB,2025,2025-09-27T16:00Z,USC Trojans at Illinois Fighting Illini,USC Trojans,Illinois Fighting Illini,32,34,True,Final
401754545,CFB,2025,2025-09-27T16:00Z,Duke Blue Devils at Syracuse Orange,Duke Blue Devils,Syracuse Orange,38,3,True,Final
401754546,CFB,2025,2025-09-27T16:00Z,Georgia Tech Yellow Jackets at Wake Forest Demon Deacons,Georgia Tech Yellow Jackets,Wake Forest Demon Deacons,30,29,True,Final
401754547,CFB,2025,2025-09-27T16:00Z,Louisville Cardinals at Pittsburgh Panthers,Louisville Cardinals,Pittsburgh Panthers,34,27,True,Final
401756905,CFB,2025,2025-09-27T16:00Z,Cincinnati Bearcats at Kansas Jayhawks,Cincinnati Bearcats,Kansas Jayhawks,37,34,True,Final
401756906,CFB,2025,2025-09-27T16:00Z,UCF Knights at Kansas State Wildcats,UCF Knights,Kansas State Wildcats,20,34,True,Final
401761617,CFB,2025,2025-09-27T16:00Z,South Alabama Jaguars at North Texas Mean Green,South Alabama Jaguars,North Texas Mean Green,22,36,True,Final
401762825,CFB,2025,2025-09-27T16:00Z,Bowling Green Falcons at Ohio Bobcats,Bowling Green Falcons,Ohio Bobcats,20,35,True,Final
401752725,CFB,2025,2025-09-27T16:45Z,Utah State Aggies at Vanderbilt Commodores,Utah State Aggies,Vanderbilt Commodores,35,55,True,Final
401762826,CFB,2025,2025-09-27T17:00Z,Eastern Michigan Eagles at Central Michigan Chippewas,Eastern Michigan Eagles,Central Michigan Chippewas,13,24,True,Final
401761614,CFB,2025,2025-09-27T17:30Z,Georgia Southern Eagles at James Madison Dukes,Georgia Southern Eagles,James Madison Dukes,10,35,True,Final
401767510,CFB,2025,2025-09-27T18:00Z,South Dakota Coyotes at North Dakota State Bison,South Dakota Coyotes,North Dakota State Bison,13,51,True,Final
401761616,CFB,2025,2025-09-27T19:00Z,Arkansas State Red Wolves at UL Monroe Warhawks,Arkansas State Red Wolves,UL Monroe Warhawks,16,28,True,Final
401752719,CFB,2025,2025-09-27T19:30Z,LSU Tigers at Ole Miss Rebels,LSU Tigers,Ole Miss Rebels,19,24,True,Final
401752724,CFB,2025,2025-09-27T19:30Z,Auburn Tigers at Texas A&M Aggies,Auburn Tigers,Texas A&M Aggies,10,16,True,Final
401752851,CFB,2025,2025-09-27T19:30Z,UCLA Bruins at Northwestern Wildcats,UCLA Bruins,Northwestern Wildcats,14,17,True,Final
401752852,CFB,2025,2025-09-27T19:30Z,Ohio State Buckeyes at Washington Huskies,Ohio State Buckeyes,Washington Huskies,24,6,True,Final
401752853,CFB,2025,2025-09-27T19:30Z,Indiana Hoosiers at Iowa Hawkeyes,Indiana Hoosiers,Iowa Hawkeyes,20,15,True,Final
401754544,CFB,2025,2025-09-27T19:30Z,California Golden Bears at Boston College Eagles,California Golden Bears,Boston College Eagles,28,24,True,Final
401756907,CFB,2025,2025-09-27T19:30Z,Baylor Bears at Oklahoma State Cowboys,Baylor Bears,Oklahoma State Cowboys,45,27,True,Final
401756908,CFB,2025,2025-09-27T19:30Z,Utah Utes at West Virginia Mountaineers,Utah Utes,West Virginia Mountaineers,48,14,True,Final
401757170,CFB,2025,2025-09-27T19:30Z,UConn Huskies at Buffalo Bulls,UConn Huskies,Buffalo Bulls,20,17,True,Final
401760380,CFB,2025,2025-09-27T19:30Z,San Diego State Aztecs at Northern Illinois Huskies,San Diego State Aztecs,Northern Illinois Huskies,6,3,True,Final
401762473,CFB,2025,2025-09-27T19:30Z,Rice Owls at Navy Midshipmen,Rice Owls,Navy Midshipmen,13,21,True,Final
401762824,CFB,2025,2025-09-27T19:30Z,Akron Zips at Toledo Rockets,Akron Zips,Toledo Rockets,3,45,True,Final
401762827,CFB,2025,2025-09-27T19:30Z,Lindenwood Lions at Miami (OH) RedHawks,Lindenwood Lions,Miami (OH) RedHawks,0,38,True,Final
401757274,CFB,2025,2025-09-27T20:00Z,New Mexico State Aggies at New Mexico Lobos,New Mexico State Aggies,New Mexico Lobos,20,38,True,Final
401760378,CFB,2025,2025-09-27T20:00Z,Hawai'i Rainbow Warriors at Air Force Falcons,Hawai'i Rainbow Warriors,Air Force Falcons,44,35,True,Final
401762474,CFB,2025,2025-09-27T20:00Z,Tulane Green Wave at Tulsa Golden Hurricane,Tulane Green Wave,Tulsa Golden Hurricane,31,14,True,Final
401752720,CFB,2025,2025-09-27T20:15Z,Tennessee Volunteers at Mississippi State Bulldogs,Tennessee Volunteers,Mississippi State Bulldogs,41,34,True,Final
401757270,CFB,2025,2025-09-27T22:00Z,Middle Tennessee Blue Raiders at Kennesaw State Owls,Middle Tennessee Blue Raiders,Kennesaw State Owls,16,24,True,Final
401757271,CFB,2025,2025-09-27T22:00Z,Liberty Flames at Old Dominion Monarchs,Liberty Flames,Old Dominion Monarchs,7,21,True,Final
401762828,CFB,2025,2025-09-27T22:30Z,Rhode Island Rams at Western Michigan Broncos,Rhode Island Rams,Western Michigan Broncos,14,47,True,Final
401754548,CFB,2025,2025-09-27T23:00Z,Virginia Tech Hokies at NC State Wolfpack,Virginia Tech Hokies,NC State Wolfpack,23,21,True,Final
401756904,CFB,2025,2025-09-27T23:00Z,Arizona Wildcats at Iowa State Cyclones,Arizona Wildcats,Iowa State Cyclones,14,39,True,Final
401757269,CFB,2025,2025-09-27T23:00Z,Jacksonville State Gamecocks at Southern Miss Golden Eagles,Jacksonville State Gamecocks,Southern Miss Golden Eagles,25,42,True,Final
401757273,CFB,2025,2025-09-27T23:00Z,Western Kentucky Hilltoppers at Missouri State Bears,Western Kentucky Hilltoppers,Missouri State Bears,27,22,True,Final
401762472,CFB,2025,2025-09-27T23:00Z,Memphis Tigers at Florida Atlantic Owls,Memphis Tigers,Florida Atlantic Owls,55,26,True,Final
401752718,CFB,2025,2025-09-27T23:30Z,Alabama Crimson Tide at Georgia Bulldogs,Alabama Crimson Tide,Georgia Bulldogs,24,21,True,Final
401752721,CFB,2025,2025-09-27T23:30Z,Massachusetts Minutemen at Missouri Tigers,Massachusetts Minutemen,Missouri Tigers,6,42,True,Final
401752854,CFB,2025,2025-09-27T23:30Z,Oregon Ducks at Penn State Nittany Lions,Oregon Ducks,Penn State Nittany Lions,30,24,True,Final
401752950,CFB,2025,2025-09-27T23:30Z,Washington State Cougars at Colorado State Rams,Washington State Cougars,Colorado State Rams,20,3,True,Final
401754549,CFB,2025,2025-09-27T23:30Z,San José State Spartans at Stanford Cardinal,San José State Spartans,Stanford Cardinal,29,30,True,Final
401760379,CFB,2025,2025-09-27T23:30Z,App State Mountaineers at Boise State Broncos,App State Mountaineers,Boise State Broncos,14,47,True,Final
401752722,CFB,2025,2025-09-27T23:45Z,Kentucky Wildcats at South Carolina Gamecocks,Kentucky Wildcats,South Carolina Gamecocks,13,35,True,Final
401761615,CFB,2025,2025-09-28T00:00Z,Marshall Thundering Herd at Louisiana Ragin' Cajuns,Marshall Thundering Herd,Louisiana Ragin' Cajuns,51,54,True,Final
401757272,CFB,2025,2025-09-28T01:00Z,Louisiana Tech Bulldogs at UTEP Miners,Louisiana Tech Bulldogs,UTEP Miners,30,11,True,Final
401767073,CFB,2025,2025-09-28T01:00Z,Cal Poly Mustangs at Sacramento State Hornets,Cal Poly Mustangs,Sacramento State Hornets,32,24,True,Final
401756903,CFB,2025,2025-09-28T02:15Z,BYU Cougars at Colorado Buffaloes,BYU Cougars,Colorado Buffaloes,24,21,True,Final
401757275,CFB,2025,2025-10-03T01:00Z,Sam Houston Bearkats at New Mexico State Aggies,Sam Houston Bearkats,New Mexico State Aggies,10,37,True,Final
401757276,CFB,2025,2025-10-03T23:00Z,Western Kentucky Hilltoppers at Delaware Blue Hens,Western Kentucky Hilltoppers,Delaware Blue Hens,27,24,True,Final
401762475,CFB,2025,2025-10-03T23:00Z,Charlotte 49ers at South Florida Bulls,Charlotte 49ers,South Florida Bulls,26,54,True,Final
401760384,CFB,2025,2025-10-04T02:00Z,New Mexico Lobos at San José State Spartans,New Mexico Lobos,San José State Spartans,28,35,True,Final
401756909,CFB,2025,2025-10-04T02:30Z,West Virginia Mountaineers at BYU Cougars,West Virginia Mountaineers,BYU Cougars,24,38,True,Final
401760382,CFB,2025,2025-10-04T02:30Z,Colorado State Rams at San Diego State Aztecs,Colorado State Rams,San Diego State Aztecs,24,45,True,Final
401752728,CFB,2025,2025-10-04T16:00Z,Kentucky Wildcats at Georgia Bulldogs,Kentucky Wildcats,Georgia Bulldogs,14,35,True,Final
401752856,CFB,2025,2025-10-04T16:00Z,Wisconsin Badgers at Michigan Wolverines,Wisconsin Badgers,Michigan Wolverines,10,24,True,Final
401752861,CFB,2025,2025-10-04T16:00Z,Illinois Fighting Illini at Purdue Boilermakers,Illinois Fighting Illini,Purdue Boilermakers,43,27,True,Final
401754550,CFB,2025,2025-10-04T16:00Z,Boston College Eagles at Pittsburgh Panthers,Boston College Eagles,Pittsburgh Panthers,7,48,True,Final
401754552,CFB,2025,2025-10-04T16:00Z,Clemson Tigers at North Carolina Tar Heels,Clemson Tigers,North Carolina Tar Heels,38,10,True,Final
401756911,CFB,2025,2025-10-04T16:00Z,Kansas State Wildcats at Baylor Bears,Kansas State Wildcats,Baylor Bears,34,35,True,Final
401756912,CFB,2025,2025-10-04T16:00Z,Iowa State Cyclones at Cincinnati Bearcats,Iowa State Cyclones,Cincinnati Bearcats,30,38,True,Final
401760381,CFB,2025,2025-10-04T16:00Z,Air Force Falcons at Navy Midshipmen,Air Force Falcons,Navy Midshipmen,31,34,True,Final
401762476,CFB,2025,2025-10-04T16:00Z,Army Black Knights at UAB Blazers,Army Black Knights,UAB Blazers,31,13,True,Final
401762830,CFB,2025,2025-10-04T16:00Z,Ohio Bobcats at Ball State Cardinals,Ohio Bobcats,Ball State Cardinals,14,20,True,Final
401754556,CFB,2025,2025-10-04T17:00Z,Wake Forest Demon Deacons at Virginia Tech Hokies,Wake Forest Demon Deacons,Virginia Tech Hokies,30,23,True,Final
401762479,CFB,2025,2025-10-04T17:00Z,UTSA Roadrunners at Temple Owls,UTSA Roadrunners,Temple Owls,21,27,True,Final
401754557,CFB,2025,2025-10-04T18:00Z,Campbell Fighting Camels at NC State Wolfpack,Campbell Fighting Camels,NC State Wolfpack,10,56,True,Final
401762832,CFB,2025,2025-10-04T18:30Z,Western Michigan Broncos at Massachusetts Minutemen,Western Michigan Broncos,Massachusetts Minutemen,21,3,True,Final
401756910,CFB,2025,2025-10-04T19:00Z,Oklahoma State Cowboys at Arizona Wildcats,Oklahoma State Cowboys,Arizona Wildcats,13,41,True,Final
401752726,CFB,2025,2025-10-04T19:30Z,Vanderbilt Commodores at Alabama Crimson Tide,Vanderbilt Commodores,Alabama Crimson Tide,14,30,True,Final
401752727,CFB,2025,2025-10-04T19:30Z,Texas Longhorns at Florida Gators,Texas Longhorns,Florida Gators,21,29,True,Final
401752855,CFB,2025,2025-10-04T19:30Z,Penn State Nittany Lions at UCLA Bruins,Penn State Nittany Lions,UCLA Bruins,37,42,True,Final
401752857,CFB,2025,2025-10-04T19:30Z,Washington Huskies at Maryland Terrapins,Washington Huskies,Maryland Terrapins,24,20,True,Final
401752858,CFB,2025,2025-10-04T19:30Z,UL Monroe Warhawks at Northwestern Wildcats,UL Monroe Warhawks,Northwestern Wildcats,7,42,True,Final
401752940,CFB,2025,2025-10-04T19:30Z,Oregon State Beavers at App State Mountaineers,Oregon State Beavers,App State Mountaineers,23,27,True,Final
401754554,CFB,2025,2025-10-04T19:30Z,Virginia Cavaliers at Louisville Cardinals,Virginia Cavaliers,Louisville Cardinals,30,27,True,Final
401754555,CFB,2025,2025-10-04T19:30Z,Syracuse Orange at SMU Mustangs,Syracuse Orange,SMU Mustangs,18,31,True,Final
401757165,CFB,2025,2025-10-04T19:30Z,Boise State Broncos at Notre Dame Fighting Irish,Boise State Broncos,Notre Dame Fighting Irish,7,28,True,Final
401757171,CFB,2025,2025-10-04T19:30Z,Florida International Panthers at UConn Huskies,Florida International Panthers,UConn Huskies,10,51,True,Final
401761618,CFB,2025,2025-10-04T19:30Z,James Madison Dukes at Georgia State Panthers,James Madison Dukes,Georgia State Panthers,14,7,True,Final
401762829,CFB,2025,2025-10-04T19:30Z,Central Michigan Chippewas at Akron Zips,Central Michigan Chippewas,Akron Zips,22,28,True,Final
401762831,CFB,2025,2025-10-04T19:30Z,Eastern Michigan Eagles at Buffalo Bulls,Eastern Michigan Eagles,Buffalo Bulls,30,31,True,Final
401762873,CFB,2025,2025-10-04T19:30Z,Miami (OH) RedHawks at Northern Illinois Huskies,Miami (OH) RedHawks,Northern Illinois Huskies,25,14,True,Final
401752729,CFB,2025,2025-10-04T20:00Z,Kent State Golden Flashes at Oklahoma Sooners,Kent State Golden Flashes,Oklahoma Sooners,0,44,True,Final
401752860,CFB,2025,2025-10-04T20:00Z,Michigan State Spartans at Nebraska Cornhuskers,Michigan State Spartans,Nebraska Cornhuskers,27,38,True,Final
401761620,CFB,2025,2025-10-04T20:00Z,Texas State Bobcats at Arkansas State Red Wolves,Texas State Bobcats,Arkansas State Red Wolves,30,31,True,Final
401761619,CFB,2025,2025-10-04T22:00Z,Coastal Carolina Chanticleers at Old Dominion Monarchs,Coastal Carolina Chanticleers,Old Dominion Monarchs,7,47,True,Final
401756913,CFB,2025,2025-10-04T23:00Z,Texas Tech Red Raiders at Houston Cougars,Texas Tech Red Raiders,Houston Cougars,35,11,True,Final
401760385,CFB,2025,2025-10-04T23:00Z,UNLV Rebels at Wyoming Cowboys,UNLV Rebels,Wyoming Cowboys,31,17,True,Final
401761621,CFB,2025,2025-10-04T23:00Z,South Alabama Jaguars at Troy Trojans,South Alabama Jaguars,Troy Trojans,24,31,True,Final
401762477,CFB,2025,2025-10-04T23:00Z,Florida Atlantic Owls at Rice Owls,Florida Atlantic Owls,Rice Owls,27,21,True,Final
401767438,CFB,2025,2025-10-04T23:00Z,North Dakota State Bison at Illinois State Redbirds,North Dakota State Bison,Illinois State Redbirds,33,16,True,Final
401752730,CFB,2025,2025-10-04T23:30Z,Mississippi State Bulldogs at Texas A&M Aggies,Mississippi State Bulldogs,Texas A&M Aggies,9,31,True,Final
401752859,CFB,2025,2025-10-04T23:30Z,Minnesota Golden Gophers at Ohio State Buckeyes,Minnesota Golden Gophers,Ohio State Buckeyes,3,42,True,Final
401754553,CFB,2025,2025-10-04T23:30Z,Miami Hurricanes at Florida State Seminoles,Miami Hurricanes,Florida State Seminoles,28,22,True,Final
401756914,CFB,2025,2025-10-04T23:30Z,Colorado Buffaloes at TCU Horned Frogs,Colorado Buffaloes,TCU Horned Frogs,21,35,True,Final
401756915,CFB,2025,2025-10-04T23:30Z,Kansas Jayhawks at UCF Knights,Kansas Jayhawks,UCF Knights,27,20,True,Final
401762478,CFB,2025,2025-10-05T00:00Z,Tulsa Golden Hurricane at Memphis Tigers,Tulsa Golden Hurricane,Memphis Tigers,7,45,True,Final
401754551,CFB,2025,2025-10-05T02:30Z,Duke Blue Devils at California Golden Bears,Duke Blue Devils,California Golden Bears,45,21,True,Final
401760383,CFB,2025,2025-10-05T02:30Z,Nevada Wolf Pack at Fresno State Bulldogs,Nevada Wolf Pack,Fresno State Bulldogs,17,20,True,Final
401757278,CFB,2025,2025-10-08T23:30Z,Missouri State Bears at Middle Tennessee Blue Raiders,Missouri State Bears,Middle Tennessee Blue Raiders,22,20,True,Final
401757277,CFB,2025,2025-10-09T00:00Z,Liberty Flames at UTEP Miners,Liberty Flames,UTEP Miners,19,8,True,Final
401757280,CFB,2025,2025-10-09T23:00Z,Louisiana Tech Bulldogs at Kennesaw State Owls,Louisiana Tech Bulldogs,Kennesaw State Owls,7,35,True,Final
401762480,CFB,2025,2025-10-09T23:30Z,East Carolina Pirates at Tulane Green Wave,East Carolina Pirates,Tulane Green Wave,19,26,True,Final
401757279,CFB,2025,2025-10-10T00:00Z,Jacksonville State Gamecocks at Sam Houston Bearkats,Jacksonville State Gamecocks,Sam Houston Bearkats,29,27,True,Final
401761622,CFB,2025,2025-10-10T00:00Z,Southern Miss Golden Eagles at Georgia Southern Eagles,Southern Miss Golden Eagles,Georgia Southern Eagles,38,35,True,Final
401762481,CFB,2025,2025-10-10T23:30Z,South Florida Bulls at North Texas Mean Green,South Florida Bulls,North Texas Mean Green,63,36,True,Final
401752862,CFB,2025,2025-10-11T01:00Z,Rutgers Scarlet Knights at Washington Huskies,Rutgers Scarlet Knights,Washington Huskies,19,38,True,Final
401760388,CFB,2025,2025-10-11T01:00Z,Fresno State Bulldogs at Colorado State Rams,Fresno State Bulldogs,Colorado State Rams,21,49,True,Final
401752734,CFB,2025,2025-10-11T16:00Z,Alabama Crimson Tide at Missouri Tigers,Alabama Crimson Tide,Missouri Tigers,27,24,True,Final
401752863,CFB,2025,2025-10-11T16:00Z,UCLA Bruins at Michigan State Spartans,UCLA Bruins,Michigan State Spartans,38,13,True,Final
401752865,CFB,2025,2025-10-11T16:00Z,Ohio State Buckeyes at Illinois Fighting Illini,Ohio State Buckeyes,Illinois Fighting Illini,34,16,True,Final
401754559,CFB,2025,2025-10-11T16:00Z,Pittsburgh Panthers at Florida State Seminoles,Pittsburgh Panthers,Florida State Seminoles,34,31,True,Final
401754561,CFB,2025,2025-10-11T16:00Z,Stanford Cardinal at SMU Mustangs,Stanford Cardinal,SMU Mustangs,10,34,True,Final
401756917,CFB,2025,2025-10-11T16:00Z,UCF Knights at Cincinnati Bearcats,UCF Knights,Cincinnati Bearcats,11,20,True,Final
401756920,CFB,2025,2025-10-11T16:00Z,Houston Cougars at Oklahoma State Cowboys,Houston Cougars,Oklahoma State Cowboys,39,17,True,Final
401761625,CFB,2025,2025-10-11T16:00Z,Louisiana Ragin' Cajuns at James Madison Dukes,Louisiana Ragin' Cajuns,James Madison Dukes,14,24,True,Final
401762483,CFB,2025,2025-10-11T16:00Z,Charlotte 49ers at Army Black Knights,Charlotte 49ers,Army Black Knights,7,24,True,Final
401762833,CFB,2025,2025-10-11T16:00Z,Miami (OH) RedHawks at Akron Zips,Miami (OH) RedHawks,Akron Zips,20,7,True,Final
401762835,CFB,2025,2025-10-11T16:00Z,Toledo Rockets at Bowling Green Falcons,Toledo Rockets,Bowling Green Falcons,23,28,True,Final
401752733,CFB,2025,2025-10-11T16:45Z,Washington State Cougars at Ole Miss Rebels,Washington State Cougars,Ole Miss Rebels,21,24,True,Final
401762836,CFB,2025,2025-10-11T17:00Z,Northern Illinois Huskies at Eastern Michigan Eagles,Northern Illinois Huskies,Eastern Michigan Eagles,10,16,True,Final
401762837,CFB,2025,2025-10-11T18:30Z,Massachusetts Minutemen at Kent State Golden Flashes,Massachusetts Minutemen,Kent State Golden Flashes,6,42,True,Final
401752736,CFB,2025,2025-10-11T19:30Z,Oklahoma Sooners at Texas Longhorns,Oklahoma Sooners,Texas Longhorns,6,23,True,Final
401752866,CFB,2025,2025-10-11T19:30Z,Northwestern Wildcats at Penn State Nittany Lions,Northwestern Wildcats,Penn State Nittany Lions,22,21,True,Final
401752867,CFB,2025,2025-10-11T19:30Z,Nebraska Cornhuskers at Maryland Terrapins,Nebraska Cornhuskers,Maryland Terrapins,34,31,True,Final
401752870,CFB,2025,2025-10-11T19:30Z,Indiana Hoosiers at Oregon Ducks,Indiana Hoosiers,Oregon Ducks,30,20,True,Final
401754560,CFB,2025,2025-10-11T19:30Z,Virginia Tech Hokies at Georgia Tech Yellow Jackets,Virginia Tech Hokies,Georgia Tech Yellow Jackets,20,35,True,Final
401754562,CFB,2025,2025-10-11T19:30Z,NC State Wolfpack at Notre Dame Fighting Irish,NC State Wolfpack,Notre Dame Fighting Irish,7,36,True,Final
401754563,CFB,2025,2025-10-11T19:30Z,Wake Forest Demon Deacons at Oregon State Beavers,Wake Forest Demon Deacons,Oregon State Beavers,39,14,True,Final
401756918,CFB,2025,2025-10-11T19:30Z,Iowa State Cyclones at Colorado Buffaloes,Iowa State Cyclones,Colorado Buffaloes,17,24,True,Final
401756919,CFB,2025,2025-10-11T19:30Z,TCU Horned Frogs at Kansas State Wildcats,TCU Horned Frogs,Kansas State Wildcats,28,41,True,Final
401760386,CFB,2025,2025-10-11T19:30Z,Air Force Falcons at UNLV Rebels,Air Force Falcons,UNLV Rebels,48,51,True,Final
401761624,CFB,2025,2025-10-11T19:30Z,App State Mountaineers at Georgia State Panthers,App State Mountaineers,Georgia State Panthers,41,20,True,Final
401761626,CFB,2025,2025-10-11T19:30Z,Old Dominion Monarchs at Marshall Thundering Herd,Old Dominion Monarchs,Marshall Thundering Herd,24,48,True,Final
401762834,CFB,2025,2025-10-11T19:30Z,Ball State Cardinals at Western Michigan Broncos,Ball State Cardinals,Western Michigan Broncos,0,42,True,Final
401767511,CFB,2025,2025-10-11T19:30Z,Southern Illinois Salukis at North Dakota State Bison,Southern Illinois Salukis,North Dakota State Bison,17,45,True,Final
401762484,CFB,2025,2025-10-11T20:00Z,Navy Midshipmen at Temple Owls,Navy Midshipmen,Temple Owls,32,31,True,Final
401752735,CFB,2025,2025-10-11T20:15Z,Arkansas Razorbacks at Tennessee Volunteers,Arkansas Razorbacks,Tennessee Volunteers,31,34,True,Final
401762482,CFB,2025,2025-10-11T22:00Z,UAB Blazers at Florida Atlantic Owls,UAB Blazers,Florida Atlantic Owls,33,53,True,Final
401752737,CFB,2025,2025-10-11T23:00Z,Florida Gators at Texas A&M Aggies,Florida Gators,Texas A&M Aggies,17,34,True,Final
401752869,CFB,2025,2025-10-11T23:00Z,Iowa Hawkeyes at Wisconsin Badgers,Iowa Hawkeyes,Wisconsin Badgers,37,0,True,Final
401760391,CFB,2025,2025-10-11T23:00Z,San José State Spartans at Wyoming Cowboys,San José State Spartans,Wyoming Cowboys,28,35,True,Final
401761623,CFB,2025,2025-10-11T23:00Z,UL Monroe Warhawks at Coastal Carolina Chanticleers,UL Monroe Warhawks,Coastal Carolina Chanticleers,8,23,True,Final
401752731,CFB,2025,2025-10-11T23:30Z,Georgia Bulldogs at Auburn Tigers,Georgia Bulldogs,Auburn Tigers,20,10,True,Final
401752864,CFB,2025,2025-10-11T23:30Z,Purdue Boilermakers at Minnesota Golden Gophers,Purdue Boilermakers,Minnesota Golden Gophers,20,27,True,Final
401752868,CFB,2025,2025-10-11T23:30Z,Michigan Wolverines at USC Trojans,Michigan Wolverines,USC Trojans,13,31,True,Final
401754558,CFB,2025,2025-10-11T23:30Z,Clemson Tigers at Boston College Eagles,Clemson Tigers,Boston College Eagles,41,10,True,Final
401756921,CFB,2025,2025-10-11T23:30Z,Kansas Jayhawks at Texas Tech Red Raiders,Kansas Jayhawks,Texas Tech Red Raiders,17,42,True,Final
401762485,CFB,2025,2025-10-11T23:30Z,Rice Owls at UTSA Roadrunners,Rice Owls,UTSA Roadrunners,13,61,True,Final
401752732,CFB,2025,2025-10-11T23:45Z,South Carolina Gamecocks at LSU Tigers,South Carolina Gamecocks,LSU Tigers,10,20,True,Final
401756916,CFB,2025,2025-10-12T00:00Z,BYU Cougars at Arizona Wildcats,BYU Cougars,Arizona Wildcats,33,27,True,Final
401761627,CFB,2025,2025-10-12T00:00Z,Troy Trojans at Texas State Bobcats,Troy Trojans,Texas State Bobcats,48,41,True,Final
401767133,CFB,2025,2025-10-12T00:00Z,Sacramento State Hornets at Weber State Wildcats,Sacramento State Hornets,Weber State Wildcats,55,27,True,Final
401760387,CFB,2025,2025-10-12T01:45Z,New Mexico Lobos at Boise State Broncos,New Mexico Lobos,Boise State Broncos,25,41,True,Final
401756922,CFB,2025,2025-10-12T02:25Z,Arizona State Sun Devils at Utah Utes,Arizona State Sun Devils,Utah Utes,10,42,True,Final
401760390,CFB,2025,2025-10-12T02:30Z,San Diego State Aztecs at Nevada Wolf Pack,San Diego State Aztecs,Nevada Wolf Pack,44,10,True,Final
401760389,CFB,2025,2025-10-12T03:59Z,Utah State Aggies at Hawai'i Rainbow Warriors,Utah State Aggies,Hawai'i Rainbow Warriors,26,44,True,Final
401757282,CFB,2025,2025-10-14T23:00Z,New Mexico State Aggies at Liberty Flames,New Mexico State Aggies,Liberty Flames,27,30,True,Final
401761628,CFB,2025,2025-10-14T23:30Z,Arkansas State Red Wolves at South Alabama Jaguars,Arkansas State Red Wolves,South Alabama Jaguars,15,14,True,Final
401757281,CFB,2025,2025-10-15T00:00Z,Florida International Panthers at Western Kentucky Hilltoppers,Florida International Panthers,Western Kentucky Hilltoppers,25,6,True,Final
401757283,CFB,2025,2025-10-15T23:00Z,Delaware Blue Hens at Jacksonville State Gamecocks,Delaware Blue Hens,Jacksonville State Gamecocks,25,38,True,Final
401757284,CFB,2025,2025-10-15T23:00Z,UTEP Miners at Sam Houston Bearkats,UTEP Miners,Sam Houston Bearkats,35,17,True,Final
401762486,CFB,2025,2025-10-16T23:30Z,Tulsa Golden Hurricane at East Carolina Pirates,Tulsa Golden Hurricane,East Carolina Pirates,27,41,True,Final
401754564,CFB,2025,2025-10-17T23:00Z,Louisville Cardinals at Miami Hurricanes,Louisville Cardinals,Miami Hurricanes,24,21,True,Final
401752872,CFB,2025,2025-10-18T00:00Z,Nebraska Cornhuskers at Minnesota Golden Gophers,Nebraska Cornhuskers,Minnesota Golden Gophers,6,24,True,Final
401760396,CFB,2025,2025-10-18T01:00Z,San José State Spartans at Utah State Aggies,San José State Spartans,Utah State Aggies,25,30,True,Final
401754371,CFB,2025,2025-10-18T02:30Z,North Carolina Tar Heels at California Golden Bears,North Carolina Tar Heels,California Golden Bears,18,21,True,Final
401752745,CFB,2025,2025-10-18T16:00Z,LSU Tigers at Vanderbilt Commodores,LSU Tigers,Vanderbilt Commodores,24,31,True,Final
401752873,CFB,2025,2025-10-18T16:00Z,Washington Huskies at Michigan Wolverines,Washington Huskies,Michigan Wolverines,7,24,True,Final
401754566,CFB,2025,2025-10-18T16:00Z,Georgia Tech Yellow Jackets at Duke Blue Devils,Georgia Tech Yellow Jackets,Duke Blue Devils,27,18,True,Final
401754569,CFB,2025,2025-10-18T16:00Z,UConn Huskies at Boston College Eagles,UConn Huskies,Boston College Eagles,38,23,True,Final
401756925,CFB,2025,2025-10-18T16:00Z,Arizona Wildcats at Houston Cougars,Arizona Wildcats,Houston Cougars,28,31,True,Final
401756927,CFB,2025,2025-10-18T16:00Z,Baylor Bears at TCU Horned Frogs,Baylor Bears,TCU Horned Frogs,36,42,True,Final
401762488,CFB,2025,2025-10-18T16:00Z,Army Black Knights at Tulane Green Wave,Army Black Knights,Tulane Green Wave,17,24,True,Final
401762839,CFB,2025,2025-10-18T16:00Z,Central Michigan Chippewas at Bowling Green Falcons,Central Michigan Chippewas,Bowling Green Falcons,27,6,True,Final
401762841,CFB,2025,2025-10-18T16:00Z,Eastern Michigan Eagles at Miami (OH) RedHawks,Eastern Michigan Eagles,Miami (OH) RedHawks,30,44,True,Final
401752744,CFB,2025,2025-10-18T16:45Z,Oklahoma Sooners at South Carolina Gamecocks,Oklahoma Sooners,South Carolina Gamecocks,26,7,True,Final
401756928,CFB,2025,2025-10-18T17:00Z,West Virginia Mountaineers at UCF Knights,West Virginia Mountaineers,UCF Knights,13,45,True,Final
401767449,CFB,2025,2025-10-18T17:00Z,North Dakota State Bison at Indiana State Sycamores,North Dakota State Bison,Indiana State Sycamores,38,7,True,Final
401762842,CFB,2025,2025-10-18T18:00Z,Kent State Golden Flashes at Toledo Rockets,Kent State Golden Flashes,Toledo Rockets,10,45,True,Final
401762840,CFB,2025,2025-10-18T18:30Z,Buffalo Bulls at Massachusetts Minutemen,Buffalo Bulls,Massachusetts Minutemen,28,21,True,Final
401752874,CFB,2025,2025-10-18T19:00Z,Purdue Boilermakers at Northwestern Wildcats,Purdue Boilermakers,Northwestern Wildcats,0,19,True,Final
401761633,CFB,2025,2025-10-18T19:00Z,Troy Trojans at UL Monroe Warhawks,Troy Trojans,UL Monroe Warhawks,37,14,True,Final
401752742,CFB,2025,2025-10-18T19:30Z,Ole Miss Rebels at Georgia Bulldogs,Ole Miss Rebels,Georgia Bulldogs,35,43,True,Final
401752877,CFB,2025,2025-10-18T19:30Z,Ohio State Buckeyes at Wisconsin Badgers,Ohio State Buckeyes,Wisconsin Badgers,34,0,True,Final
401752878,CFB,2025,2025-10-18T19:30Z,Michigan State Spartans at Indiana Hoosiers,Michigan State Spartans,Indiana Hoosiers,13,38,True,Final
401754565,CFB,2025,2025-10-18T19:30Z,SMU Mustangs at Clemson Tigers,SMU Mustangs,Clemson Tigers,35,24,True,Final
401760392,CFB,2025,2025-10-18T19:30Z,Wyoming Cowboys at Air Force Falcons,Wyoming Cowboys,Air Force Falcons,21,24,True,Final
401760393,CFB,2025,2025-10-18T19:30Z,UNLV Rebels at Boise State Broncos,UNLV Rebels,Boise State Broncos,31,56,True,Final
401761629,CFB,2025,2025-10-18T19:30Z,Coastal Carolina Chanticleers at App State Mountaineers,Coastal Carolina Chanticleers,App State Mountaineers,45,37,True,Final
401761631,CFB,2025,2025-10-18T19:30Z,Old Dominion Monarchs at James Madison Dukes,Old Dominion Monarchs,James Madison Dukes,27,63,True,Final
401761632,CFB,2025,2025-10-18T19:30Z,Texas State Bobcats at Marshall Thundering Herd,Texas State Bobcats,Marshall Thundering Herd,37,40,True,Final
401762489,CFB,2025,2025-10-18T19:30Z,Temple Owls at Charlotte 49ers,Temple Owls,Charlotte 49ers,49,14,True,Final
401762838,CFB,2025,2025-10-18T19:30Z,Akron Zips at Ball State Cardinals,Akron Zips,Ball State Cardinals,28,42,True,Final
401762843,CFB,2025,2025-10-18T19:30Z,Northern Illinois Huskies at Ohio Bobcats,Northern Illinois Huskies,Ohio Bobcats,21,48,True,Final
401756923,CFB,2025,2025-10-18T20:00Z,Texas Tech Red Raiders at Arizona State Sun Devils,Texas Tech Red Raiders,Arizona State Sun Devils,22,26,True,Final
401762487,CFB,2025,2025-10-18T20:00Z,Memphis Tigers at UAB Blazers,Memphis Tigers,UAB Blazers,24,31,True,Final
401762491,CFB,2025,2025-10-18T20:05Z,UTSA Roadrunners at North Texas Mean Green,UTSA Roadrunners,North Texas Mean Green,17,55,True,Final
401752741,CFB,2025,2025-10-18T20:15Z,Mississippi State Bulldogs at Florida Gators,Mississippi State Bulldogs,Florida Gators,21,23,True,Final
401761668,CFB,2025,2025-10-18T21:00Z,Southern Miss Golden Eagles at Louisiana Ragin' Cajuns,Southern Miss Golden Eagles,Louisiana Ragin' Cajuns,22,10,True,Final
401752739,CFB,2025,2025-10-18T21:30Z,Texas A&M Aggies at Arkansas Razorbacks,Texas A&M Aggies,Arkansas Razorbacks,45,42,True,Final
401752876,CFB,2025,2025-10-18T22:30Z,Oregon Ducks at Rutgers Scarlet Knights,Oregon Ducks,Rutgers Scarlet Knights,56,10,True,Final
401752951,CFB,2025,2025-10-18T22:30Z,Washington State Cougars at Virginia Cavaliers,Washington State Cougars,Virginia Cavaliers,20,22,True,Final
401752743,CFB,2025,2025-10-18T23:00Z,Texas Longhorns at Kentucky Wildcats,Texas Longhorns,Kentucky Wildcats,16,13,True,Final
401752875,CFB,2025,2025-10-18T23:00Z,Penn State Nittany Lions at Iowa Hawkeyes,Penn State Nittany Lions,Iowa Hawkeyes,24,25,True,Final
401752879,CFB,2025,2025-10-18T23:00Z,Maryland Terrapins at UCLA Bruins,Maryland Terrapins,UCLA Bruins,17,20,True,Final
401760394,CFB,2025,2025-10-18T23:00Z,Hawai'i Rainbow Warriors at Colorado State Rams,Hawai'i Rainbow Warriors,Colorado State Rams,31,19,True,Final
401761630,CFB,2025,2025-10-18T23:00Z,Georgia State Panthers at Georgia Southern Eagles,Georgia State Panthers,Georgia Southern Eagles,24,41,True,Final
401752738,CFB,2025,2025-10-18T23:30Z,Tennessee Volunteers at Alabama Crimson Tide,Tennessee Volunteers,Alabama Crimson Tide,20,37,True,Final
401752871,CFB,2025,2025-10-18T23:30Z,USC Trojans at Notre Dame Fighting Irish,USC Trojans,Notre Dame Fighting Irish,24,34,True,Final
401754568,CFB,2025,2025-10-18T23:30Z,Pittsburgh Panthers at Syracuse Orange,Pittsburgh Panthers,Syracuse Orange,30,13,True,Final
401762490,CFB,2025,2025-10-18T23:30Z,Florida Atlantic Owls at South Florida Bulls,Florida Atlantic Owls,South Florida Bulls,13,48,True,Final
401752740,CFB,2025,2025-10-18T23:45Z,Missouri Tigers at Auburn Tigers,Missouri Tigers,Auburn Tigers,23,17,True,Final
401756924,CFB,2025,2025-10-19T00:00Z,Utah Utes at BYU Cougars,Utah Utes,BYU Cougars,21,24,True,Final
401756926,CFB,2025,2025-10-19T00:00Z,Cincinnati Bearcats at Oklahoma State Cowboys,Cincinnati Bearcats,Oklahoma State Cowboys,49,17,True,Final
401767123,CFB,2025,2025-10-19T01:00Z,Northern Colorado Bears at Sacramento State Hornets,Northern Colorado Bears,Sacramento State Hornets,35,40,True,Final
401760395,CFB,2025,2025-10-19T01:45Z,Nevada Wolf Pack at New Mexico Lobos,Nevada Wolf Pack,New Mexico Lobos,22,24,True,Final
401752941,CFB,2025,2025-10-19T02:00Z,Lafayette Leopards at Oregon State Beavers,Lafayette Leopards,Oregon State Beavers,13,45,True,Final
401754567,CFB,2025,2025-10-19T02:30Z,Florida State Seminoles at Stanford Cardinal,Florida State Seminoles,Stanford Cardinal,13,20,True,Final
401757285,CFB,2025,2025-10-21T23:00Z,Kennesaw State Owls at Florida International Panthers,Kennesaw State Owls,Florida International Panthers,45,26,True,Final
401757286,CFB,2025,2025-10-21T23:30Z,Western Kentucky Hilltoppers at Louisiana Tech Bulldogs,Western Kentucky Hilltoppers,Louisiana Tech Bulldogs,28,27,True,Final
401757287,CFB,2025,2025-10-22T23:30Z,Middle Tennessee Blue Raiders at Delaware Blue Hens,Middle Tennessee Blue Raiders,Delaware Blue Hens,28,31,True,Final
401757288,CFB,2025,2025-10-23T01:00Z,Missouri State Bears at New Mexico State Aggies,Missouri State Bears,New Mexico State Aggies,24,17,True,Final
401761634,CFB,2025,2025-10-23T23:30Z,South Alabama Jaguars at Georgia State Panthers,South Alabama Jaguars,Georgia State Panthers,38,31,True,Final
401762492,CFB,2025,2025-10-24T23:00Z,North Texas Mean Green at Charlotte 49ers,North Texas Mean Green,Charlotte 49ers,54,20,True,Final
401754372,CFB,2025,2025-10-24T23:30Z,California Golden Bears at Virginia Tech Hokies,California Golden Bears,Virginia Tech Hokies,34,42,True,Final
401760397,CFB,2025,2025-10-25T02:00Z,Boise State Broncos at Nevada Wolf Pack,Boise State Broncos,Nevada Wolf Pack,24,3,True,Final
401767101,CFB,2025,2025-10-25T02:35Z,Montana Grizzlies at Sacramento State Hornets,Montana Grizzlies,Sacramento State Hornets,49,35,True,Final
401752750,CFB,2025,2025-10-25T16:00Z,Ole Miss Rebels at Oklahoma Sooners,Ole Miss Rebels,Oklahoma Sooners,34,26,True,Final
401752883,CFB,2025,2025-10-25T16:00Z,Northwestern Wildcats at Nebraska Cornhuskers,Northwestern Wildcats,Nebraska Cornhuskers,21,28,True,Final
401752884,CFB,2025,2025-10-25T16:00Z,Rutgers Scarlet Knights at Purdue Boilermakers,Rutgers Scarlet Knights,Purdue Boilermakers,27,24,True,Final
401752885,CFB,2025,2025-10-25T16:00Z,UCLA Bruins at Indiana Hoosiers,UCLA Bruins,Indiana Hoosiers,6,56,True,Final
401752942,CFB,2025,2025-10-25T16:00Z,SMU Mustangs at Wake Forest Demon Deacons,SMU Mustangs,Wake Forest Demon Deacons,12,13,True,Final
401754571,CFB,2025,2025-10-25T16:00Z,Syracuse Orange at Georgia Tech Yellow Jackets,Syracuse Orange,Georgia Tech Yellow Jackets,16,41,True,Final
401754573,CFB,2025,2025-10-25T16:00Z,Virginia Cavaliers at North Carolina Tar Heels,Virginia Cavaliers,North Carolina Tar Heels,17,16,True,Final
401756932,CFB,2025,2025-10-25T16:00Z,Kansas State Wildcats at Kansas Jayhawks,Kansas State Wildcats,Kansas Jayhawks,42,17,True,Final
401761635,CFB,2025,2025-10-25T16:00Z,App State Mountaineers at Old Dominion Monarchs,App State Mountaineers,Old Dominion Monarchs,21,24,True,Final
401762494,CFB,2025,2025-10-25T16:00Z,South Florida Bulls at Memphis Tigers,South Florida Bulls,Memphis Tigers,31,34,True,Final
401762846,CFB,2025,2025-10-25T16:00Z,Bowling Green Falcons at Kent State Golden Flashes,Bowling Green Falcons,Kent State Golden Flashes,21,24,True,Final
401762848,CFB,2025,2025-10-25T16:00Z,Ohio Bobcats at Eastern Michigan Eagles,Ohio Bobcats,Eastern Michigan Eagles,28,21,True,Final
401752746,CFB,2025,2025-10-25T16:45Z,Auburn Tigers at Arkansas Razorbacks,Auburn Tigers,Arkansas Razorbacks,33,24,True,Final
401762844,CFB,2025,2025-10-25T17:00Z,Akron Zips at Buffalo Bulls,Akron Zips,Buffalo Bulls,24,16,True,Final
401757172,CFB,2025,2025-10-25T19:00Z,UConn Huskies at Rice Owls,UConn Huskies,Rice Owls,34,37,True,Final
401760400,CFB,2025,2025-10-25T19:00Z,Utah State Aggies at New Mexico Lobos,Utah State Aggies,New Mexico Lobos,14,33,True,Final
401752751,CFB,2025,2025-10-25T19:30Z,Alabama Crimson Tide at South Carolina Gamecocks,Alabama Crimson Tide,South Carolina Gamecocks,29,22,True,Final
401752752,CFB,2025,2025-10-25T19:30Z,Missouri Tigers at Vanderbilt Commodores,Missouri Tigers,Vanderbilt Commodores,10,17,True,Final
401752880,CFB,2025,2025-10-25T19:30Z,Illinois Fighting Illini at Washington Huskies,Illinois Fighting Illini,Washington Huskies,25,42,True,Final
401752882,CFB,2025,2025-10-25T19:30Z,Minnesota Golden Gophers at Iowa Hawkeyes,Minnesota Golden Gophers,Iowa Hawkeyes,3,41,True,Final
401752952,CFB,2025,2025-10-25T19:30Z,Toledo Rockets at Washington State Cougars,Toledo Rockets,Washington State Cougars,7,28,True,Final
401754574,CFB,2025,2025-10-25T19:30Z,NC State Wolfpack at Pittsburgh Panthers,NC State Wolfpack,Pittsburgh Panthers,34,53,True,Final
401756931,CFB,2025,2025-10-25T19:30Z,BYU Cougars at Iowa State Cyclones,BYU Cougars,Iowa State Cyclones,41,27,True,Final
401760399,CFB,2025,2025-10-25T19:30Z,San Diego State Aztecs at Fresno State Bulldogs,San Diego State Aztecs,Fresno State Bulldogs,23,0,True,Final
401761637,CFB,2025,2025-10-25T19:30Z,UL Monroe Warhawks at Southern Miss Golden Eagles,UL Monroe Warhawks,Southern Miss Golden Eagles,21,49,True,Final
401762493,CFB,2025,2025-10-25T19:30Z,Florida Atlantic Owls at Navy Midshipmen,Florida Atlantic Owls,Navy Midshipmen,32,42,True,Final
401762495,CFB,2025,2025-10-25T19:30Z,Temple Owls at Tulsa Golden Hurricane,Temple Owls,Tulsa Golden Hurricane,38,37,True,Final
401762845,CFB,2025,2025-10-25T19:30Z,Ball State Cardinals at Northern Illinois Huskies,Ball State Cardinals,Northern Illinois Huskies,7,21,True,Final
401762847,CFB,2025,2025-10-25T19:30Z,Massachusetts Minutemen at Central Michigan Chippewas,Massachusetts Minutemen,Central Michigan Chippewas,13,38,True,Final
401762874,CFB,2025,2025-10-25T19:30Z,Western Michigan Broncos at Miami (OH) RedHawks,Western Michigan Broncos,Miami (OH) RedHawks,17,26,True,Final
401756930,CFB,2025,2025-10-25T20:00Z,Baylor Bears at Cincinnati Bearcats,Baylor Bears,Cincinnati Bearcats,20,41,True,Final
401756933,CFB,2025,2025-10-25T20:00Z,Oklahoma State Cowboys at Texas Tech Red Raiders,Oklahoma State Cowboys,Texas Tech Red Raiders,0,42,True,Final
401752749,CFB,2025,2025-10-25T20:15Z,Texas Longhorns at Mississippi State Bulldogs,Texas Longhorns,Mississippi State Bulldogs,45,38,True,Final
401756935,CFB,2025,2025-10-25T22:00Z,TCU Horned Frogs at West Virginia Mountaineers,TCU Horned Frogs,West Virginia Mountaineers,23,17,True,Final
401752886,CFB,2025,2025-10-25T23:00Z,Wisconsin Badgers at Oregon Ducks,Wisconsin Badgers,Oregon Ducks,7,21,True,Final
401754572,CFB,2025,2025-10-25T23:00Z,Stanford Cardinal at Miami Hurricanes,Stanford Cardinal,Miami Hurricanes,7,42,True,Final
401761636,CFB,2025,2025-10-25T23:00Z,Georgia Southern Eagles at Arkansas State Red Wolves,Georgia Southern Eagles,Arkansas State Red Wolves,24,34,True,Final
401761638,CFB,2025,2025-10-25T23:00Z,Louisiana Ragin' Cajuns at Troy Trojans,Louisiana Ragin' Cajuns,Troy Trojans,23,35,True,Final
401752748,CFB,2025,2025-10-25T23:30Z,Texas A&M Aggies at LSU Tigers,Texas A&M Aggies,LSU Tigers,49,25,True,Final
401752881,CFB,2025,2025-10-25T23:30Z,Michigan Wolverines at Michigan State Spartans,Michigan Wolverines,Michigan State Spartans,31,20,True,Final
401754570,CFB,2025,2025-10-25T23:30Z,Boston College Eagles at Louisville Cardinals,Boston College Eagles,Louisville Cardinals,24,38,True,Final
401760398,CFB,2025,2025-10-25T23:30Z,Colorado State Rams at Wyoming Cowboys,Colorado State Rams,Wyoming Cowboys,0,28,True,Final
401752747,CFB,2025,2025-10-25T23:45Z,Tennessee Volunteers at Kentucky Wildcats,Tennessee Volunteers,Kentucky Wildcats,56,34,True,Final
401756929,CFB,2025,2025-10-26T00:00Z,Houston Cougars at Arizona State Sun Devils,Houston Cougars,Arizona State Sun Devils,24,16,True,Final
401767512,CFB,2025,2025-10-26T00:00Z,North Dakota State Bison at South Dakota State Jackrabbits,North Dakota State Bison,South Dakota State Jackrabbits,38,7,True,Final
401756934,CFB,2025,2025-10-26T02:25Z,Colorado Buffaloes at Utah Utes,Colorado Buffaloes,Utah Utes,7,53,True,Final
401757289,CFB,2025,2025-10-29T00:00Z,UTEP Miners at Kennesaw State Owls,UTEP Miners,Kennesaw State Owls,20,33,True,Final
401761639,CFB,2025,2025-10-29T00:00Z,James Madison Dukes at Texas State Bobcats,James Madison Dukes,Texas State Bobcats,52,20,True,Final
401757292,CFB,2025,2025-10-29T23:30Z,Jacksonville State Gamecocks at Middle Tennessee Blue Raiders,Jacksonville State Gamecocks,Middle Tennessee Blue Raiders,24,21,True,Final
401757291,CFB,2025,2025-10-30T00:00Z,Florida International Panthers at Missouri State Bears,Florida International Panthers,Missouri State Bears,21,28,True,Final
401761640,CFB,2025,2025-10-30T23:30Z,Marshall Thundering Herd at Coastal Carolina Chanticleers,Marshall Thundering Herd,Coastal Carolina Chanticleers,27,44,True,Final
401762443,CFB,2025,2025-10-30T23:30Z,Tulane Green Wave at UTSA Roadrunners,Tulane Green Wave,UTSA Roadrunners,26,48,True,Final
401762497,CFB,2025,2025-10-31T23:00Z,Memphis Tigers at Rice Owls,Memphis Tigers,Rice Owls,38,14,True,Final
401754575,CFB,2025,2025-10-31T23:30Z,North Carolina Tar Heels at Syracuse Orange,North Carolina Tar Heels,Syracuse Orange,27,10,True,Final
401757290,CFB,2025,2025-11-01T00:00Z,Sam Houston Bearkats at Louisiana Tech Bulldogs,Sam Houston Bearkats,Louisiana Tech Bulldogs,14,55,True,Final
401752758,CFB,2025,2025-11-01T16:00Z,Vanderbilt Commodores at Texas Longhorns,Vanderbilt Commodores,Texas Longhorns,31,34,True,Final
401752889,CFB,2025,2025-11-01T16:00Z,Penn State Nittany Lions at Ohio State Buckeyes,Penn State Nittany Lions,Ohio State Buckeyes,14,38,True,Final
401752891,CFB,2025,2025-11-01T16:00Z,Rutgers Scarlet Knights at Illinois Fighting Illini,Rutgers Scarlet Knights,Illinois Fighting Illini,13,35,True,Final
401754577,CFB,2025,2025-11-01T16:00Z,Duke Blue Devils at Clemson Tigers,Duke Blue Devils,Clemson Tigers,46,45,True,Final
401754581,CFB,2025,2025-11-01T16:00Z,Miami Hurricanes at SMU Mustangs,Miami Hurricanes,SMU Mustangs,20,26,True,Final
401756936,CFB,2025,2025-11-01T16:00Z,UCF Knights at Baylor Bears,UCF Knights,Baylor Bears,3,30,True,Final
401756938,CFB,2025,2025-11-01T16:00Z,West Virginia Mountaineers at Houston Cougars,West Virginia Mountaineers,Houston Cougars,45,35,True,Final
401757173,CFB,2025,2025-11-01T16:00Z,UAB Blazers at UConn Huskies,UAB Blazers,UConn Huskies,19,38,True,Final
401760401,CFB,2025,2025-11-01T16:00Z,Army Black Knights at Air Force Falcons,Army Black Knights,Air Force Falcons,20,17,True,Final
401762499,CFB,2025,2025-11-01T16:00Z,Navy Midshipmen at North Texas Mean Green,Navy Midshipmen,North Texas Mean Green,17,31,True,Final
401762849,CFB,2025,2025-11-01T16:00Z,Buffalo Bulls at Bowling Green Falcons,Buffalo Bulls,Bowling Green Falcons,28,3,True,Final
401756939,CFB,2025,2025-11-01T17:00Z,Arizona State Sun Devils at Iowa State Cyclones,Arizona State Sun Devils,Iowa State Cyclones,24,19,True,Final
401762498,CFB,2025,2025-11-01T18:00Z,East Carolina Pirates at Temple Owls,East Carolina Pirates,Temple Owls,45,14,True,Final
401754580,CFB,2025,2025-11-01T19:00Z,Louisville Cardinals at Virginia Tech Hokies,Louisville Cardinals,Virginia Tech Hokies,28,16,True,Final
401760404,CFB,2025,2025-11-01T19:00Z,New Mexico Lobos at UNLV Rebels,New Mexico Lobos,UNLV Rebels,40,35,True,Final
401752755,CFB,2025,2025-11-01T19:30Z,Georgia Bulldogs at Florida Gators,Georgia Bulldogs,Florida Gators,24,20,True,Final
401752887,CFB,2025,2025-11-01T19:30Z,Indiana Hoosiers at Maryland Terrapins,Indiana Hoosiers,Maryland Terrapins,55,10,True,Final
401752888,CFB,2025,2025-11-01T19:30Z,Michigan State Spartans at Minnesota Golden Gophers,Michigan State Spartans,Minnesota Golden Gophers,20,23,True,Final
401754582,CFB,2025,2025-11-01T19:30Z,Pittsburgh Panthers at Stanford Cardinal,Pittsburgh Panthers,Stanford Cardinal,35,20,True,Final
401754583,CFB,2025,2025-11-01T19:30Z,Notre Dame Fighting Irish at Boston College Eagles,Notre Dame Fighting Irish,Boston College Eagles,25,10,True,Final
401756941,CFB,2025,2025-11-01T19:30Z,Texas Tech Red Raiders at Kansas State Wildcats,Texas Tech Red Raiders,Kansas State Wildcats,43,20,True,Final
401757293,CFB,2025,2025-11-01T19:30Z,Delaware Blue Hens at Liberty Flames,Delaware Blue Hens,Liberty Flames,30,59,True,Final
401757294,CFB,2025,2025-11-01T19:30Z,New Mexico State Aggies at Western Kentucky Hilltoppers,New Mexico State Aggies,Western Kentucky Hilltoppers,16,35,True,Final
401760402,CFB,2025,2025-11-01T19:30Z,Fresno State Bulldogs at Boise State Broncos,Fresno State Bulldogs,Boise State Broncos,30,7,True,Final
401761641,CFB,2025,2025-11-01T19:30Z,Old Dominion Monarchs at UL Monroe Warhawks,Old Dominion Monarchs,UL Monroe Warhawks,31,6,True,Final
401761642,CFB,2025,2025-11-01T19:30Z,Louisiana Ragin' Cajuns at South Alabama Jaguars,Louisiana Ragin' Cajuns,South Alabama Jaguars,31,22,True,Final
401767513,CFB,2025,2025-11-01T19:30Z,Youngstown State Penguins at North Dakota State Bison,Youngstown State Penguins,North Dakota State Bison,30,38,True,Final
401754576,CFB,2025,2025-11-01T19:45Z,Virginia Cavaliers at California Golden Bears,Virginia Cavaliers,California Golden Bears,31,21,True,Final
401752753,CFB,2025,2025-11-01T20:00Z,Mississippi State Bulldogs at Arkansas Razorbacks,Mississippi State Bulldogs,Arkansas Razorbacks,38,35,True,Final
401756940,CFB,2025,2025-11-01T20:00Z,Oklahoma State Cowboys at Kansas Jayhawks,Oklahoma State Cowboys,Kansas Jayhawks,21,38,True,Final
401762850,CFB,2025,2025-11-01T20:00Z,Central Michigan Chippewas at Western Michigan Broncos,Central Michigan Chippewas,Western Michigan Broncos,21,24,True,Final
401767066,CFB,2025,2025-11-01T20:00Z,Sacramento State Hornets at Eastern Washington Eagles,Sacramento State Hornets,Eastern Washington Eagles,35,13,True,Final
401752756,CFB,2025,2025-11-01T23:00Z,South Carolina Gamecocks at Ole Miss Rebels,South Carolina Gamecocks,Ole Miss Rebels,14,30,True,Final
401752890,CFB,2025,2025-11-01T23:00Z,Purdue Boilermakers at Michigan Wolverines,Purdue Boilermakers,Michigan Wolverines,16,21,True,Final
401756937,CFB,2025,2025-11-01T23:00Z,Arizona Wildcats at Colorado Buffaloes,Arizona Wildcats,Colorado Buffaloes,52,17,True,Final
401760405,CFB,2025,2025-11-01T23:00Z,Wyoming Cowboys at San Diego State Aztecs,Wyoming Cowboys,San Diego State Aztecs,7,24,True,Final
401752754,CFB,2025,2025-11-01T23:30Z,Kentucky Wildcats at Auburn Tigers,Kentucky Wildcats,Auburn Tigers,10,3,True,Final
401752757,CFB,2025,2025-11-01T23:30Z,Oklahoma Sooners at Tennessee Volunteers,Oklahoma Sooners,Tennessee Volunteers,33,27,True,Final
401752892,CFB,2025,2025-11-01T23:30Z,USC Trojans at Nebraska Cornhuskers,USC Trojans,Nebraska Cornhuskers,21,17,True,Final
401752943,CFB,2025,2025-11-01T23:30Z,Washington State Cougars at Oregon State Beavers,Washington State Cougars,Oregon State Beavers,7,10,True,Final
401754578,CFB,2025,2025-11-01T23:30Z,Wake Forest Demon Deacons at Florida State Seminoles,Wake Forest Demon Deacons,Florida State Seminoles,7,42,True,Final
401754579,CFB,2025,2025-11-01T23:30Z,Georgia Tech Yellow Jackets at NC State Wolfpack,Georgia Tech Yellow Jackets,NC State Wolfpack,36,48,True,Final
401761643,CFB,2025,2025-11-02T00:00Z,Arkansas State Red Wolves at Troy Trojans,Arkansas State Red Wolves,Troy Trojans,23,10,True,Final
401756942,CFB,2025,2025-11-02T02:15Z,Cincinnati Bearcats at Utah Utes,Cincinnati Bearcats,Utah Utes,14,45,True,Final
401760403,CFB,2025,2025-11-02T02:30Z,Hawai'i Rainbow Warriors at San José State Spartans,Hawai'i Rainbow Warriors,San José State Spartans,38,45,True,Final
401762851,CFB,2025,2025-11-05T00:00Z,Massachusetts Minutemen at Akron Zips,Massachusetts Minutemen,Akron Zips,10,44,True,Final
401762852,CFB,2025,2025-11-05T00:00Z,Miami (OH) RedHawks at Ohio Bobcats,Miami (OH) RedHawks,Ohio Bobcats,20,24,True,Final
401762853,CFB,2025,2025-11-06T00:00Z,Kent State Golden Flashes at Ball State Cardinals,Kent State Golden Flashes,Ball State Cardinals,13,17,True,Final
401762854,CFB,2025,2025-11-06T00:00Z,Northern Illinois Huskies at Toledo Rockets,Northern Illinois Huskies,Toledo Rockets,3,42,True,Final
401761644,CFB,2025,2025-11-07T00:30Z,Georgia Southern Eagles at App State Mountaineers,Georgia Southern Eagles,App State Mountaineers,25,23,True,Final
401762500,CFB,2025,2025-11-07T00:30Z,UTSA Roadrunners at South Florida Bulls,UTSA Roadrunners,South Florida Bulls,23,55,True,Final
401756946,CFB,2025,2025-11-08T01:15Z,Houston Cougars at UCF Knights,Houston Cougars,UCF Knights,30,27,True,Final
401752896,CFB,2025,2025-11-08T02:00Z,Northwestern Wildcats at USC Trojans,Northwestern Wildcats,USC Trojans,17,38,True,Final
401762501,CFB,2025,2025-11-08T02:10Z,Tulane Green Wave at Memphis Tigers,Tulane Green Wave,Memphis Tigers,38,32,True,Final
401752762,CFB,2025,2025-11-08T17:00Z,Georgia Bulldogs at Mississippi State Bulldogs,Georgia Bulldogs,Mississippi State Bulldogs,41,21,True,Final
401752893,CFB,2025,2025-11-08T17:00Z,Indiana Hoosiers at Penn State Nittany Lions,Indiana Hoosiers,Penn State Nittany Lions,27,24,True,Final
401754584,CFB,2025,2025-11-08T17:00Z,SMU Mustangs at Boston College Eagles,SMU Mustangs,Boston College Eagles,45,13,True,Final
401756945,CFB,2025,2025-11-08T17:00Z,BYU Cougars at Texas Tech Red Raiders,BYU Cougars,Texas Tech Red Raiders,7,29,True,Final
401756947,CFB,2025,2025-11-08T17:00Z,Colorado Buffaloes at West Virginia Mountaineers,Colorado Buffaloes,West Virginia Mountaineers,22,29,True,Final
401761646,CFB,2025,2025-11-08T17:00Z,James Madison Dukes at Marshall Thundering Herd,James Madison Dukes,Marshall Thundering Herd,35,23,True,Final
401761647,CFB,2025,2025-11-08T17:00Z,Southern Miss Golden Eagles at Arkansas State Red Wolves,Southern Miss Golden Eagles,Arkansas State Red Wolves,27,21,True,Final
401762503,CFB,2025,2025-11-08T17:00Z,Temple Owls at Army Black Knights,Temple Owls,Army Black Knights,13,14,True,Final
401752761,CFB,2025,2025-11-08T18:00Z,The Citadel Bulldogs at Ole Miss Rebels,The Citadel Bulldogs,Ole Miss Rebels,0,49,True,Final
401752897,CFB,2025,2025-11-08T18:00Z,Ohio State Buckeyes at Purdue Boilermakers,Ohio State Buckeyes,Purdue Boilermakers,34,10,True,Final
401757299,CFB,2025,2025-11-08T18:00Z,Missouri State Bears at Liberty Flames,Missouri State Bears,Liberty Flames,21,17,True,Final
401762855,CFB,2025,2025-11-08T18:00Z,Bowling Green Falcons at Eastern Michigan Eagles,Bowling Green Falcons,Eastern Michigan Eagles,21,27,True,Final
401762502,CFB,2025,2025-11-08T19:00Z,UAB Blazers at Rice Owls,UAB Blazers,Rice Owls,17,24,True,Final
401767507,CFB,2025,2025-11-08T19:00Z,North Dakota State Bison at North Dakota Fighting Hawks,North Dakota State Bison,North Dakota Fighting Hawks,15,10,True,Final
401752894,CFB,2025,2025-11-08T19:30Z,Maryland Terrapins at Rutgers Scarlet Knights,Maryland Terrapins,Rutgers Scarlet Knights,20,35,True,Final
401757295,CFB,2025,2025-11-08T20:00Z,Louisiana Tech Bulldogs at Delaware Blue Hens,Louisiana Tech Bulldogs,Delaware Blue Hens,24,25,True,Final
401757296,CFB,2025,2025-11-08T20:00Z,Florida International Panthers at Middle Tennessee Blue Raiders,Florida International Panthers,Middle Tennessee Blue Raiders,56,30,True,Final
401757297,CFB,2025,2025-11-08T20:00Z,Jacksonville State Gamecocks at UTEP Miners,Jacksonville State Gamecocks,UTEP Miners,30,27,True,Final
401762504,CFB,2025,2025-11-08T20:00Z,Charlotte 49ers at East Carolina Pirates,Charlotte 49ers,East Carolina Pirates,22,48,True,Final
401762505,CFB,2025,2025-11-08T20:00Z,Tulsa Golden Hurricane at Florida Atlantic Owls,Tulsa Golden Hurricane,Florida Atlantic Owls,21,40,True,Final
401752763,CFB,2025,2025-11-08T20:30Z,Texas A&M Aggies at Missouri Tigers,Texas A&M Aggies,Missouri Tigers,38,17,True,Final
401752898,CFB,2025,2025-11-08T20:30Z,Oregon Ducks at Iowa Hawkeyes,Oregon Ducks,Iowa Hawkeyes,18,16,True,Final
401754587,CFB,2025,2025-11-08T20:30Z,Syracuse Orange at Miami Hurricanes,Syracuse Orange,Miami Hurricanes,10,38,True,Final
401754590,CFB,2025,2025-11-08T20:30Z,Duke Blue Devils at UConn Huskies,Duke Blue Devils,UConn Huskies,34,37,True,Final
401756943,CFB,2025,2025-11-08T20:30Z,Kansas Jayhawks at Arizona Wildcats,Kansas Jayhawks,Arizona Wildcats,20,24,True,Final
401756944,CFB,2025,2025-11-08T20:30Z,Iowa State Cyclones at TCU Horned Frogs,Iowa State Cyclones,TCU Horned Frogs,20,17,True,Final
401752764,CFB,2025,2025-11-08T21:00Z,Auburn Tigers at Vanderbilt Commodores,Auburn Tigers,Vanderbilt Commodores,38,45,True,Final
401757298,CFB,2025,2025-11-08T21:00Z,Kennesaw State Owls at New Mexico State Aggies,Kennesaw State Owls,New Mexico State Aggies,24,21,True,Final
401761645,CFB,2025,2025-11-08T21:00Z,Georgia State Panthers at Coastal Carolina Chanticleers,Georgia State Panthers,Coastal Carolina Chanticleers,27,40,True,Final
401752899,CFB,2025,2025-11-08T21:30Z,Washington Huskies at Wisconsin Badgers,Washington Huskies,Wisconsin Badgers,10,13,True,Final
401754588,CFB,2025,2025-11-08T21:30Z,Stanford Cardinal at North Carolina Tar Heels,Stanford Cardinal,North Carolina Tar Heels,15,20,True,Final
401761648,CFB,2025,2025-11-08T22:00Z,Texas State Bobcats at Louisiana Ragin' Cajuns,Texas State Bobcats,Louisiana Ragin' Cajuns,39,42,True,Final
401767129,CFB,2025,2025-11-08T22:00Z,Sacramento State Hornets at Portland State Vikings,Sacramento State Hornets,Portland State Vikings,52,24,True,Final
401760406,CFB,2025,2025-11-08T23:00Z,Air Force Falcons at San José State Spartans,Air Force Falcons,San José State Spartans,26,16,True,Final
401754585,CFB,2025,2025-11-09T00:00Z,California Golden Bears at Louisville Cardinals,California Golden Bears,Louisville Cardinals,29,26,True,Final
401754586,CFB,2025,2025-11-09T00:00Z,Florida State Seminoles at Clemson Tigers,Florida State Seminoles,Clemson Tigers,10,24,True,Final
401754589,CFB,2025,2025-11-09T00:00Z,Wake Forest Demon Deacons at Virginia Cavaliers,Wake Forest Demon Deacons,Virginia Cavaliers,16,9,True,Final
401752759,CFB,2025,2025-11-09T00:30Z,LSU Tigers at Alabama Crimson Tide,LSU Tigers,Alabama Crimson Tide,9,20,True,Final
401752760,CFB,2025,2025-11-09T00:30Z,Florida Gators at Kentucky Wildcats,Florida Gators,Kentucky Wildcats,7,38,True,Final
401757166,CFB,2025,2025-11-09T00:30Z,Navy Midshipmen at Notre Dame Fighting Irish,Navy Midshipmen,Notre Dame Fighting Irish,10,49,True,Final
401760409,CFB,2025,2025-11-09T00:30Z,Nevada Wolf Pack at Utah State Aggies,Nevada Wolf Pack,Utah State Aggies,14,51,True,Final
401752895,CFB,2025,2025-11-09T02:00Z,Nebraska Cornhuskers at UCLA Bruins,Nebraska Cornhuskers,UCLA Bruins,28,21,True,Final
401760407,CFB,2025,2025-11-09T02:30Z,UNLV Rebels at Colorado State Rams,UNLV Rebels,Colorado State Rams,42,10,True,Final
401752944,CFB,2025,2025-11-09T03:00Z,Sam Houston Bearkats at Oregon State Beavers,Sam Houston Bearkats,Oregon State Beavers,21,17,True,Final
401760408,CFB,2025,2025-11-09T04:00Z,San Diego State Aztecs at Hawai'i Rainbow Warriors,San Diego State Aztecs,Hawai'i Rainbow Warriors,6,38,True,Final
401762856,CFB,2025,2025-11-12T00:30Z,Kent State Golden Flashes at Akron Zips,Kent State Golden Flashes,Akron Zips,42,35,True,Final
401762857,CFB,2025,2025-11-12T01:00Z,Ohio Bobcats at Western Michigan Broncos,Ohio Bobcats,Western Michigan Broncos,13,17,True,Final
401762858,CFB,2025,2025-11-13T00:00Z,Buffalo Bulls at Central Michigan Chippewas,Buffalo Bulls,Central Michigan Chippewas,19,38,True,Final
401762859,CFB,2025,2025-11-13T00:00Z,Northern Illinois Huskies at Massachusetts Minutemen,Northern Illinois Huskies,Massachusetts Minutemen,45,3,True,Final
401762860,CFB,2025,2025-11-13T00:00Z,Toledo Rockets at Miami (OH) RedHawks,Toledo Rockets,Miami (OH) RedHawks,24,3,True,Final
401761649,CFB,2025,2025-11-14T00:30Z,Troy Trojans at Old Dominion Monarchs,Troy Trojans,Old Dominion Monarchs,0,33,True,Final
401754591,CFB,2025,2025-11-15T00:30Z,Clemson Tigers at Louisville Cardinals,Clemson Tigers,Louisville Cardinals,20,19,True,Final
401752904,CFB,2025,2025-11-15T02:00Z,Minnesota Golden Gophers at Oregon Ducks,Minnesota Golden Gophers,Oregon Ducks,13,42,True,Final
401752772,CFB,2025,2025-11-15T17:00Z,South Carolina Gamecocks at Texas A&M Aggies,South Carolina Gamecocks,Texas A&M Aggies,30,31,True,Final
401752901,CFB,2025,2025-11-15T17:00Z,Wisconsin Badgers at Indiana Hoosiers,Wisconsin Badgers,Indiana Hoosiers,7,31,True,Final
401752905,CFB,2025,2025-11-15T17:00Z,Michigan Wolverines at Northwestern Wildcats,Michigan Wolverines,Northwestern Wildcats,24,22,True,Final
401754597,CFB,2025,2025-11-15T17:00Z,Notre Dame Fighting Irish at Pittsburgh Panthers,Notre Dame Fighting Irish,Pittsburgh Panthers,37,15,True,Final
401756951,CFB,2025,2025-11-15T17:00Z,Arizona Wildcats at Cincinnati Bearcats,Arizona Wildcats,Cincinnati Bearcats,30,24,True,Final
401756952,CFB,2025,2025-11-15T17:00Z,Kansas State Wildcats at Oklahoma State Cowboys,Kansas State Wildcats,Oklahoma State Cowboys,14,6,True,Final
401757174,CFB,2025,2025-11-15T17:00Z,Air Force Falcons at UConn Huskies,Air Force Falcons,UConn Huskies,16,26,True,Final
401762507,CFB,2025,2025-11-15T17:00Z,UTSA Roadrunners at Charlotte 49ers,UTSA Roadrunners,Charlotte 49ers,28,7,True,Final
401762510,CFB,2025,2025-11-15T17:00Z,South Florida Bulls at Navy Midshipmen,South Florida Bulls,Navy Midshipmen,38,41,True,Final
401762861,CFB,2025,2025-11-15T17:00Z,Eastern Michigan Eagles at Ball State Cardinals,Eastern Michigan Eagles,Ball State Cardinals,24,9,True,Final
401752768,CFB,2025,2025-11-15T17:45Z,Arkansas Razorbacks at LSU Tigers,Arkansas Razorbacks,LSU Tigers,22,23,True,Final
401752945,CFB,2025,2025-11-15T18:00Z,Oregon State Beavers at Tulsa Golden Hurricane,Oregon State Beavers,Tulsa Golden Hurricane,14,31,True,Final
401756948,CFB,2025,2025-11-15T18:00Z,West Virginia Mountaineers at Arizona State Sun Devils,West Virginia Mountaineers,Arizona State Sun Devils,23,25,True,Final
401752767,CFB,2025,2025-11-15T18:30Z,Tennessee Tech Golden Eagles at Kentucky Wildcats,Tennessee Tech Golden Eagles,Kentucky Wildcats,10,42,True,Final
401761651,CFB,2025,2025-11-15T19:00Z,Marshall Thundering Herd at Georgia State Panthers,Marshall Thundering Herd,Georgia State Panthers,30,18,True,Final
401762506,CFB,2025,2025-11-15T19:00Z,North Texas Mean Green at UAB Blazers,North Texas Mean Green,UAB Blazers,53,24,True,Final
401757304,CFB,2025,2025-11-15T20:00Z,UTEP Miners at Missouri State Bears,UTEP Miners,Missouri State Bears,24,38,True,Final
401760411,CFB,2025,2025-11-15T20:00Z,Colorado State Rams at New Mexico Lobos,Colorado State Rams,New Mexico Lobos,17,20,True,Final
401752765,CFB,2025,2025-11-15T20:30Z,Oklahoma Sooners at Alabama Crimson Tide,Oklahoma Sooners,Alabama Crimson Tide,23,21,True,Final
401752903,CFB,2025,2025-11-15T20:30Z,Penn State Nittany Lions at Michigan State Spartans,Penn State Nittany Lions,Michigan State Spartans,28,10,True,Final
401752906,CFB,2025,2025-11-15T20:30Z,Maryland Terrapins at Illinois Fighting Illini,Maryland Terrapins,Illinois Fighting Illini,6,24,True,Final
401752907,CFB,2025,2025-11-15T20:30Z,Iowa Hawkeyes at USC Trojans,Iowa Hawkeyes,USC Trojans,21,26,True,Final
401754592,CFB,2025,2025-11-15T20:30Z,Georgia Tech Yellow Jackets at Boston College Eagles,Georgia Tech Yellow Jackets,Boston College Eagles,36,34,True,Final
401756953,CFB,2025,2025-11-15T20:30Z,UCF Knights at Texas Tech Red Raiders,UCF Knights,Texas Tech Red Raiders,9,48,True,Final
401757303,CFB,2025,2025-11-15T20:30Z,Middle Tennessee Blue Raiders at Western Kentucky Hilltoppers,Middle Tennessee Blue Raiders,Western Kentucky Hilltoppers,26,42,True,Final
401760413,CFB,2025,2025-11-15T20:30Z,San José State Spartans at Nevada Wolf Pack,San José State Spartans,Nevada Wolf Pack,10,55,True,Final
401761652,CFB,2025,2025-11-15T20:30Z,App State Mountaineers at James Madison Dukes,App State Mountaineers,James Madison Dukes,10,58,True,Final
401761653,CFB,2025,2025-11-15T20:30Z,South Alabama Jaguars at UL Monroe Warhawks,South Alabama Jaguars,UL Monroe Warhawks,26,14,True,Final
401761654,CFB,2025,2025-11-15T20:30Z,Texas State Bobcats at Southern Miss Golden Eagles,Texas State Bobcats,Southern Miss Golden Eagles,41,14,True,Final
401767514,CFB,2025,2025-11-15T20:30Z,Northern Iowa Panthers at North Dakota State Bison,Northern Iowa Panthers,North Dakota State Bison,16,48,True,Final
401754593,CFB,2025,2025-11-15T20:35Z,Virginia Cavaliers at Duke Blue Devils,Virginia Cavaliers,Duke Blue Devils,34,17,True,Final
401754595,CFB,2025,2025-11-15T20:40Z,NC State Wolfpack at Miami Hurricanes,NC State Wolfpack,Miami Hurricanes,7,41,True,Final
401762508,CFB,2025,2025-11-15T21:00Z,Memphis Tigers at East Carolina Pirates,Memphis Tigers,East Carolina Pirates,27,31,True,Final
401762509,CFB,2025,2025-11-15T21:00Z,Florida Atlantic Owls at Tulane Green Wave,Florida Atlantic Owls,Tulane Green Wave,24,35,True,Final
401752771,CFB,2025,2025-11-15T21:15Z,New Mexico State Aggies at Tennessee Volunteers,New Mexico State Aggies,Tennessee Volunteers,9,42,True,Final
401754596,CFB,2025,2025-11-15T21:30Z,North Carolina Tar Heels at Wake Forest Demon Deacons,North Carolina Tar Heels,Wake Forest Demon Deacons,12,28,True,Final
401757301,CFB,2025,2025-11-15T22:00Z,Liberty Flames at Florida International Panthers,Liberty Flames,Florida International Panthers,27,34,True,Final
401761650,CFB,2025,2025-11-15T23:00Z,Coastal Carolina Chanticleers at Georgia Southern Eagles,Coastal Carolina Chanticleers,Georgia Southern Eagles,40,45,True,Final
401752769,CFB,2025,2025-11-16T00:00Z,Florida Gators at Ole Miss Rebels,Florida Gators,Ole Miss Rebels,24,34,True,Final
401752902,CFB,2025,2025-11-16T00:00Z,Purdue Boilermakers at Washington Huskies,Purdue Boilermakers,Washington Huskies,13,49,True,Final
401756949,CFB,2025,2025-11-16T00:00Z,Utah Utes at Baylor Bears,Utah Utes,Baylor Bears,55,28,True,Final
401757300,CFB,2025,2025-11-16T00:00Z,Delaware Blue Hens at Sam Houston Bearkats,Delaware Blue Hens,Sam Houston Bearkats,23,26,True,Final
401760414,CFB,2025,2025-11-16T00:00Z,Utah State Aggies at UNLV Rebels,Utah State Aggies,UNLV Rebels,26,29,True,Final
401752766,CFB,2025,2025-11-16T00:30Z,Texas Longhorns at Georgia Bulldogs,Texas Longhorns,Georgia Bulldogs,10,35,True,Final
401752900,CFB,2025,2025-11-16T00:30Z,UCLA Bruins at Ohio State Buckeyes,UCLA Bruins,Ohio State Buckeyes,10,48,True,Final
401754594,CFB,2025,2025-11-16T00:30Z,Virginia Tech Hokies at Florida State Seminoles,Virginia Tech Hokies,Florida State Seminoles,14,34,True,Final
401752770,CFB,2025,2025-11-16T00:45Z,Mississippi State Bulldogs at Missouri Tigers,Mississippi State Bulldogs,Missouri Tigers,27,49,True,Final
401757302,CFB,2025,2025-11-16T01:00Z,Kennesaw State Owls at Jacksonville State Gamecocks,Kennesaw State Owls,Jacksonville State Gamecocks,26,35,True,Final
401767096,CFB,2025,2025-11-16T02:00Z,Idaho Vandals at Sacramento State Hornets,Idaho Vandals,Sacramento State Hornets,20,23,True,Final
401752953,CFB,2025,2025-11-16T03:00Z,Louisiana Tech Bulldogs at Washington State Cougars,Louisiana Tech Bulldogs,Washington State Cougars,3,28,True,Final
401756950,CFB,2025,2025-11-16T03:15Z,TCU Horned Frogs at BYU Cougars,TCU Horned Frogs,BYU Cougars,13,44,True,Final
401760410,CFB,2025,2025-11-16T03:30Z,Boise State Broncos at San Diego State Aztecs,Boise State Broncos,San Diego State Aztecs,7,17,True,Final
401760412,CFB,2025,2025-11-16T03:30Z,Wyoming Cowboys at Fresno State Bulldogs,Wyoming Cowboys,Fresno State Bulldogs,3,24,True,Final
401762862,CFB,2025,2025-11-19T00:00Z,Akron Zips at Bowling Green Falcons,Akron Zips,Bowling Green Falcons,19,16,True,Final
401762864,CFB,2025,2025-11-19T00:00Z,Western Michigan Broncos at Northern Illinois Huskies,Western Michigan Broncos,Northern Illinois Huskies,35,19,True,Final
401762863,CFB,2025,2025-11-19T00:15Z,Massachusetts Minutemen at Ohio Bobcats,Massachusetts Minutemen,Ohio Bobcats,14,42,True,Final
401762865,CFB,2025,2025-11-20T00:00Z,Miami (OH) RedHawks at Buffalo Bulls,Miami (OH) RedHawks,Buffalo Bulls,37,20,True,Final
401762866,CFB,2025,2025-11-20T00:00Z,Central Michigan Chippewas at Kent State Golden Flashes,Central Michigan Chippewas,Kent State Golden Flashes,28,16,True,Final
401761655,CFB,2025,2025-11-21T00:30Z,Louisiana Ragin' Cajuns at Arkansas State Red Wolves,Louisiana Ragin' Cajuns,Arkansas State Red Wolves,34,30,True,Final
401754598,CFB,2025,2025-11-22T01:00Z,Florida State Seminoles at NC State Wolfpack,Florida State Seminoles,NC State Wolfpack,11,21,True,Final
401760418,CFB,2025,2025-11-22T03:30Z,Hawai'i Rainbow Warriors at UNLV Rebels,Hawai'i Rainbow Warriors,UNLV Rebels,10,38,True,Final
401752778,CFB,2025,2025-11-22T17:00Z,Missouri Tigers at Oklahoma Sooners,Missouri Tigers,Oklahoma Sooners,6,17,True,Final
401752781,CFB,2025,2025-11-22T17:00Z,Samford Bulldogs at Texas A&M Aggies,Samford Bulldogs,Texas A&M Aggies,0,48,True,Final
401752909,CFB,2025,2025-11-22T17:00Z,Minnesota Golden Gophers at Northwestern Wildcats,Minnesota Golden Gophers,Northwestern Wildcats,35,38,True,Final
401752912,CFB,2025,2025-11-22T17:00Z,Rutgers Scarlet Knights at Ohio State Buckeyes,Rutgers Scarlet Knights,Ohio State Buckeyes,9,42,True,Final
401754602,CFB,2025,2025-11-22T17:00Z,Louisville Cardinals at SMU Mustangs,Louisville Cardinals,SMU Mustangs,6,38,True,Final
401754603,CFB,2025,2025-11-22T17:00Z,Miami Hurricanes at Virginia Tech Hokies,Miami Hurricanes,Virginia Tech Hokies,34,17,True,Final
401754606,CFB,2025,2025-11-22T17:00Z,Delaware Blue Hens at Wake Forest Demon Deacons,Delaware Blue Hens,Wake Forest Demon Deacons,14,52,True,Final
401756958,CFB,2025,2025-11-22T17:00Z,Kansas Jayhawks at Iowa State Cyclones,Kansas Jayhawks,Iowa State Cyclones,14,38,True,Final
401762512,CFB,2025,2025-11-22T17:00Z,Tulsa Golden Hurricane at Army Black Knights,Tulsa Golden Hurricane,Army Black Knights,26,25,True,Final
401752776,CFB,2025,2025-11-22T17:45Z,Charlotte 49ers at Georgia Bulldogs,Charlotte 49ers,Georgia Bulldogs,3,35,True,Final
401752954,CFB,2025,2025-11-22T18:00Z,Washington State Cougars at James Madison Dukes,Washington State Cougars,James Madison Dukes,20,24,True,Final
401756954,CFB,2025,2025-11-22T18:00Z,Baylor Bears at Arizona Wildcats,Baylor Bears,Arizona Wildcats,17,41,True,Final
401761657,CFB,2025,2025-11-22T18:00Z,Old Dominion Monarchs at Georgia Southern Eagles,Old Dominion Monarchs,Georgia Southern Eagles,45,10,True,Final
401752773,CFB,2025,2025-11-22T19:00Z,Eastern Illinois Panthers at Alabama Crimson Tide,Eastern Illinois Panthers,Alabama Crimson Tide,0,56,True,Final
401752774,CFB,2025,2025-11-22T19:00Z,Mercer Bears at Auburn Tigers,Mercer Bears,Auburn Tigers,17,62,True,Final
401757306,CFB,2025,2025-11-22T19:00Z,Missouri State Bears at Kennesaw State Owls,Missouri State Bears,Kennesaw State Owls,34,41,True,Final
401760419,CFB,2025,2025-11-22T19:00Z,Nevada Wolf Pack at Wyoming Cowboys,Nevada Wolf Pack,Wyoming Cowboys,13,7,True,Final
401762867,CFB,2025,2025-11-22T19:00Z,Ball State Cardinals at Toledo Rockets,Ball State Cardinals,Toledo Rockets,9,38,True,Final
401761656,CFB,2025,2025-11-22T19:30Z,Marshall Thundering Herd at App State Mountaineers,Marshall Thundering Herd,App State Mountaineers,24,26,True,Final
401757175,CFB,2025,2025-11-22T20:00Z,UConn Huskies at Florida Atlantic Owls,UConn Huskies,Florida Atlantic Owls,48,45,True,Final
401757307,CFB,2025,2025-11-22T20:00Z,Liberty Flames at Louisiana Tech Bulldogs,Liberty Flames,Louisiana Tech Bulldogs,28,34,True,Final
401757308,CFB,2025,2025-11-22T20:00Z,Sam Houston Bearkats at Middle Tennessee Blue Raiders,Sam Houston Bearkats,Middle Tennessee Blue Raiders,17,31,True,Final
401757309,CFB,2025,2025-11-22T20:00Z,New Mexico State Aggies at UTEP Miners,New Mexico State Aggies,UTEP Miners,34,31,True,Final
401762511,CFB,2025,2025-11-22T20:00Z,South Florida Bulls at UAB Blazers,South Florida Bulls,UAB Blazers,48,18,True,Final
401752780,CFB,2025,2025-11-22T20:30Z,Arkansas Razorbacks at Texas Longhorns,Arkansas Razorbacks,Texas Longhorns,37,52,True,Final
401752782,CFB,2025,2025-11-22T20:30Z,Kentucky Wildcats at Vanderbilt Commodores,Kentucky Wildcats,Vanderbilt Commodores,17,45,True,Final
401752911,CFB,2025,2025-11-22T20:30Z,USC Trojans at Oregon Ducks,USC Trojans,Oregon Ducks,27,42,True,Final
401752913,CFB,2025,2025-11-22T20:30Z,Michigan State Spartans at Iowa Hawkeyes,Michigan State Spartans,Iowa Hawkeyes,17,20,True,Final
401754600,CFB,2025,2025-11-22T20:30Z,Duke Blue Devils at North Carolina Tar Heels,Duke Blue Devils,North Carolina Tar Heels,32,25,True,Final
401754604,CFB,2025,2025-11-22T20:30Z,Syracuse Orange at Notre Dame Fighting Irish,Syracuse Orange,Notre Dame Fighting Irish,7,70,True,Final
401757305,CFB,2025,2025-11-22T20:30Z,Jacksonville State Gamecocks at Florida International Panthers,Jacksonville State Gamecocks,Florida International Panthers,21,27,True,Final
401761658,CFB,2025,2025-11-22T20:30Z,Southern Miss Golden Eagles at South Alabama Jaguars,Southern Miss Golden Eagles,South Alabama Jaguars,35,42,True,Final
401762513,CFB,2025,2025-11-22T20:30Z,East Carolina Pirates at UTSA Roadrunners,East Carolina Pirates,UTSA Roadrunners,24,58,True,Final
401767515,CFB,2025,2025-11-22T20:30Z,St. Thomas-Minnesota Tommies at North Dakota State Bison,St. Thomas-Minnesota Tommies,North Dakota State Bison,7,62,True,Final
401762515,CFB,2025,2025-11-22T20:45Z,Tulane Green Wave at Temple Owls,Tulane Green Wave,Temple Owls,37,13,True,Final
401752914,CFB,2025,2025-11-22T21:00Z,Michigan Wolverines at Maryland Terrapins,Michigan Wolverines,Maryland Terrapins,45,20,True,Final
401756957,CFB,2025,2025-11-22T21:00Z,TCU Horned Frogs at Houston Cougars,TCU Horned Frogs,Houston Cougars,17,14,True,Final
401756959,CFB,2025,2025-11-22T21:00Z,Oklahoma State Cowboys at UCF Knights,Oklahoma State Cowboys,UCF Knights,14,17,True,Final
401756960,CFB,2025,2025-11-22T21:00Z,Kansas State Wildcats at Utah Utes,Kansas State Wildcats,Utah Utes,47,51,True,Final
401761660,CFB,2025,2025-11-22T21:00Z,Georgia State Panthers at Troy Trojans,Georgia State Panthers,Troy Trojans,19,31,True,Final
401767134,CFB,2025,2025-11-22T21:00Z,Sacramento State Hornets at UC Davis Aggies,Sacramento State Hornets,UC Davis Aggies,27,31,True,Final
401752779,CFB,2025,2025-11-22T21:15Z,Coastal Carolina Chanticleers at South Carolina Gamecocks,Coastal Carolina Chanticleers,South Carolina Gamecocks,7,51,True,Final
401754605,CFB,2025,2025-11-22T21:30Z,Furman Paladins at Clemson Tigers,Furman Paladins,Clemson Tigers,10,45,True,Final
401761659,CFB,2025,2025-11-22T22:00Z,UL Monroe Warhawks at Texas State Bobcats,UL Monroe Warhawks,Texas State Bobcats,14,31,True,Final
401752908,CFB,2025,2025-11-23T00:00Z,Nebraska Cornhuskers at Penn State Nittany Lions,Nebraska Cornhuskers,Penn State Nittany Lions,10,37,True,Final
401754601,CFB,2025,2025-11-23T00:00Z,Pittsburgh Panthers at Georgia Tech Yellow Jackets,Pittsburgh Panthers,Georgia Tech Yellow Jackets,42,28,True,Final
401760415,CFB,2025,2025-11-23T00:00Z,New Mexico Lobos at Air Force Falcons,New Mexico Lobos,Air Force Falcons,20,3,True,Final
401760416,CFB,2025,2025-11-23T00:00Z,Colorado State Rams at Boise State Broncos,Colorado State Rams,Boise State Broncos,21,49,True,Final
401752775,CFB,2025,2025-11-23T00:30Z,Tennessee Volunteers at Florida Gators,Tennessee Volunteers,Florida Gators,31,11,True,Final
401752915,CFB,2025,2025-11-23T00:30Z,Illinois Fighting Illini at Wisconsin Badgers,Illinois Fighting Illini,Wisconsin Badgers,10,27,True,Final
401754599,CFB,2025,2025-11-23T00:30Z,California Golden Bears at Stanford Cardinal,California Golden Bears,Stanford Cardinal,10,31,True,Final
401762514,CFB,2025,2025-11-23T00:30Z,North Texas Mean Green at Rice Owls,North Texas Mean Green,Rice Owls,56,24,True,Final
401752777,CFB,2025,2025-11-23T00:45Z,Western Kentucky Hilltoppers at LSU Tigers,Western Kentucky Hilltoppers,LSU Tigers,10,13,True,Final
401756955,CFB,2025,2025-11-23T01:00Z,BYU Cougars at Cincinnati Bearcats,BYU Cougars,Cincinnati Bearcats,26,14,True,Final
401756956,CFB,2025,2025-11-23T01:00Z,Arizona State Sun Devils at Colorado Buffaloes,Arizona State Sun Devils,Colorado Buffaloes,42,17,True,Final
401752910,CFB,2025,2025-11-23T03:30Z,Washington Huskies at UCLA Bruins,Washington Huskies,UCLA Bruins,48,14,True,Final
401760417,CFB,2025,2025-11-23T03:30Z,Utah State Aggies at Fresno State Bulldogs,Utah State Aggies,Fresno State Bulldogs,28,17,True,Final
401760420,CFB,2025,2025-11-23T03:30Z,San José State Spartans at San Diego State Aztecs,San José State Spartans,San Diego State Aztecs,3,25,True,Final
401762868,CFB,2025,2025-11-25T21:30Z,Bowling Green Falcons at Massachusetts Minutemen,Bowling Green Falcons,Massachusetts Minutemen,45,14,True,Final
401762869,CFB,2025,2025-11-26T00:30Z,Western Michigan Broncos at Eastern Michigan Eagles,Western Michigan Broncos,Eastern Michigan Eagles,31,21,True,Final
401762516,CFB,2025,2025-11-28T00:30Z,Navy Midshipmen at Memphis Tigers,Navy Midshipmen,Memphis Tigers,28,17,True,Final
401752788,CFB,2025,2025-11-28T17:00Z,Ole Miss Rebels at Mississippi State Bulldogs,Ole Miss Rebels,Mississippi State Bulldogs,38,19,True,Final
401752916,CFB,2025,2025-11-28T17:00Z,Iowa Hawkeyes at Nebraska Cornhuskers,Iowa Hawkeyes,Nebraska Cornhuskers,40,16,True,Final
401756964,CFB,2025,2025-11-28T17:00Z,Utah Utes at Kansas Jayhawks,Utah Utes,Kansas Jayhawks,31,21,True,Final
401762870,CFB,2025,2025-11-28T17:00Z,Ohio Bobcats at Buffalo Bulls,Ohio Bobcats,Buffalo Bulls,31,26,True,Final
401762871,CFB,2025,2025-11-28T17:00Z,Kent State Golden Flashes at Northern Illinois Huskies,Kent State Golden Flashes,Northern Illinois Huskies,35,31,True,Final
401760421,CFB,2025,2025-11-28T20:00Z,Air Force Falcons at Colorado State Rams,Air Force Falcons,Colorado State Rams,42,21,True,Final
401752786,CFB,2025,2025-11-28T20:30Z,Georgia Bulldogs at Georgia Tech Yellow Jackets,Georgia Bulldogs,Georgia Tech Yellow Jackets,16,9,True,Final
401760426,CFB,2025,2025-11-28T20:30Z,San Diego State Aztecs at New Mexico Lobos,San Diego State Aztecs,New Mexico Lobos,17,23,True,Final
401762442,CFB,2025,2025-11-28T20:30Z,Temple Owls at North Texas Mean Green,Temple Owls,North Texas Mean Green,25,52,True,Final
401760422,CFB,2025,2025-11-28T21:00Z,Boise State Broncos at Utah State Aggies,Boise State Broncos,Utah State Aggies,25,24,True,Final
401752792,CFB,2025,2025-11-29T00:30Z,Texas A&M Aggies at Texas Longhorns,Texas A&M Aggies,Texas Longhorns,17,27,True,Final
401752924,CFB,2025,2025-11-29T00:30Z,Indiana Hoosiers at Purdue Boilermakers,Indiana Hoosiers,Purdue Boilermakers,56,3,True,Final
401756961,CFB,2025,2025-11-29T02:00Z,Arizona Wildcats at Arizona State Sun Devils,Arizona Wildcats,Arizona State Sun Devils,23,7,True,Final
401752787,CFB,2025,2025-11-29T17:00Z,Kentucky Wildcats at Louisville Cardinals,Kentucky Wildcats,Louisville Cardinals,0,41,True,Final
401752790,CFB,2025,2025-11-29T17:00Z,Clemson Tigers at South Carolina Gamecocks,Clemson Tigers,South Carolina Gamecocks,28,14,True,Final
401752921,CFB,2025,2025-11-29T17:00Z,Ohio State Buckeyes at Michigan Wolverines,Ohio State Buckeyes,Michigan Wolverines,27,9,True,Final
401754611,CFB,2025,2025-11-29T17:00Z,Miami Hurricanes at Pittsburgh Panthers,Miami Hurricanes,Pittsburgh Panthers,38,7,True,Final
401756962,CFB,2025,2025-11-29T17:00Z,Houston Cougars at Baylor Bears,Houston Cougars,Baylor Bears,31,24,True,Final
401756965,CFB,2025,2025-11-29T17:00Z,Colorado Buffaloes at Kansas State Wildcats,Colorado Buffaloes,Kansas State Wildcats,14,24,True,Final
401756966,CFB,2025,2025-11-29T17:00Z,Iowa State Cyclones at Oklahoma State Cowboys,Iowa State Cyclones,Oklahoma State Cowboys,20,13,True,Final
401756968,CFB,2025,2025-11-29T17:00Z,Texas Tech Red Raiders at West Virginia Mountaineers,Texas Tech Red Raiders,West Virginia Mountaineers,49,0,True,Final
401762519,CFB,2025,2025-11-29T17:00Z,East Carolina Pirates at Florida Atlantic Owls,East Carolina Pirates,Florida Atlantic Owls,42,3,True,Final
401762872,CFB,2025,2025-11-29T17:00Z,Toledo Rockets at Central Michigan Chippewas,Toledo Rockets,Central Michigan Chippewas,21,3,True,Final
401762875,CFB,2025,2025-11-29T17:00Z,Ball State Cardinals at Miami (OH) RedHawks,Ball State Cardinals,Miami (OH) RedHawks,24,45,True,Final
401756963,CFB,2025,2025-11-29T18:00Z,UCF Knights at BYU Cougars,UCF Knights,BYU Cougars,21,41,True,Final
401757310,CFB,2025,2025-11-29T18:00Z,UTEP Miners at Delaware Blue Hens,UTEP Miners,Delaware Blue Hens,31,61,True,Final
401757311,CFB,2025,2025-11-29T18:00Z,Florida International Panthers at Sam Houston Bearkats,Florida International Panthers,Sam Houston Bearkats,56,16,True,Final
401761663,CFB,2025,2025-11-29T18:30Z,Georgia Southern Eagles at Marshall Thundering Herd,Georgia Southern Eagles,Marshall Thundering Herd,24,19,True,Final
401757312,CFB,2025,2025-11-29T19:00Z,Western Kentucky Hilltoppers at Jacksonville State Gamecocks,Western Kentucky Hilltoppers,Jacksonville State Gamecocks,34,37,True,Final
401757314,CFB,2025,2025-11-29T19:00Z,Louisiana Tech Bulldogs at Missouri State Bears,Louisiana Tech Bulldogs,Missouri State Bears,42,30,True,Final
401761664,CFB,2025,2025-11-29T19:00Z,Georgia State Panthers at Old Dominion Monarchs,Georgia State Panthers,Old Dominion Monarchs,10,27,True,Final
401761661,CFB,2025,2025-11-29T19:30Z,Arkansas State Red Wolves at App State Mountaineers,Arkansas State Red Wolves,App State Mountaineers,30,29,True,Final
401754608,CFB,2025,2025-11-29T20:00Z,Boston College Eagles at Syracuse Orange,Boston College Eagles,Syracuse Orange,34,12,True,Final
401757315,CFB,2025,2025-11-29T20:00Z,Middle Tennessee Blue Raiders at New Mexico State Aggies,Middle Tennessee Blue Raiders,New Mexico State Aggies,31,24,True,Final
401761665,CFB,2025,2025-11-29T20:00Z,UL Monroe Warhawks at Louisiana Ragin' Cajuns,UL Monroe Warhawks,Louisiana Ragin' Cajuns,27,30,True,Final
401761667,CFB,2025,2025-11-29T20:00Z,South Alabama Jaguars at Texas State Bobcats,South Alabama Jaguars,Texas State Bobcats,26,49,True,Final
401762517,CFB,2025,2025-11-29T20:00Z,UAB Blazers at Tulsa Golden Hurricane,UAB Blazers,Tulsa Golden Hurricane,31,24,True,Final
401752783,CFB,2025,2025-11-29T20:30Z,Missouri Tigers at Arkansas Razorbacks,Missouri Tigers,Arkansas Razorbacks,31,17,True,Final
401752789,CFB,2025,2025-11-29T20:30Z,LSU Tigers at Oklahoma Sooners,LSU Tigers,Oklahoma Sooners,13,17,True,Final
401752791,CFB,2025,2025-11-29T20:30Z,Vanderbilt Commodores at Tennessee Volunteers,Vanderbilt Commodores,Tennessee Volunteers,45,24,True,Final
401752917,CFB,2025,2025-11-29T20:30Z,Oregon Ducks at Washington Huskies,Oregon Ducks,Washington Huskies,26,14,True,Final
401752918,CFB,2025,2025-11-29T20:30Z,Wisconsin Badgers at Minnesota Golden Gophers,Wisconsin Badgers,Minnesota Golden Gophers,7,17,True,Final
401752920,CFB,2025,2025-11-29T20:30Z,Penn State Nittany Lions at Rutgers Scarlet Knights,Penn State Nittany Lions,Rutgers Scarlet Knights,40,36,True,Final
401754610,CFB,2025,2025-11-29T20:30Z,Wake Forest Demon Deacons at Duke Blue Devils,Wake Forest Demon Deacons,Duke Blue Devils,32,49,True,Final
401756967,CFB,2025,2025-11-29T20:30Z,Cincinnati Bearcats at TCU Horned Frogs,Cincinnati Bearcats,TCU Horned Frogs,23,45,True,Final
401757313,CFB,2025,2025-11-29T20:30Z,Kennesaw State Owls at Liberty Flames,Kennesaw State Owls,Liberty Flames,48,42,True,Final
401761666,CFB,2025,2025-11-29T20:30Z,Troy Trojans at Southern Miss Golden Eagles,Troy Trojans,Southern Miss Golden Eagles,28,18,True,Final
401762441,CFB,2025,2025-11-29T20:30Z,Army Black Knights at UTSA Roadrunners,Army Black Knights,UTSA Roadrunners,27,24,True,Final
401761662,CFB,2025,2025-11-29T20:45Z,James Madison Dukes at Coastal Carolina Chanticleers,James Madison Dukes,Coastal Carolina Chanticleers,59,10,True,Final
401752785,CFB,2025,2025-11-29T21:30Z,Florida State Seminoles at Florida Gators,Florida State Seminoles,Florida Gators,21,40,True,Final
401752946,CFB,2025,2025-11-29T23:30Z,Oregon State Beavers at Washington State Cougars,Oregon State Beavers,Washington State Cougars,8,32,True,Final
401752923,CFB,2025,2025-11-30T00:00Z,Maryland Terrapins at Michigan State Spartans,Maryland Terrapins,Michigan State Spartans,28,38,True,Final
401754613,CFB,2025,2025-11-30T00:00Z,Virginia Tech Hokies at Virginia Cavaliers,Virginia Tech Hokies,Virginia Cavaliers,7,27,True,Final
401762520,CFB,2025,2025-11-30T00:00Z,Rice Owls at South Florida Bulls,Rice Owls,South Florida Bulls,3,52,True,Final
401752784,CFB,2025,2025-11-30T00:30Z,Alabama Crimson Tide at Auburn Tigers,Alabama Crimson Tide,Auburn Tigers,27,20,True,Final
401752919,CFB,2025,2025-11-30T00:30Z,UCLA Bruins at USC Trojans,UCLA Bruins,USC Trojans,10,29,True,Final
401752922,CFB,2025,2025-11-30T00:30Z,Northwestern Wildcats at Illinois Fighting Illini,Northwestern Wildcats,Illinois Fighting Illini,13,20,True,Final
401754612,CFB,2025,2025-11-30T00:30Z,North Carolina Tar Heels at NC State Wolfpack,North Carolina Tar Heels,NC State Wolfpack,19,42,True,Final
401762518,CFB,2025,2025-11-30T00:30Z,Charlotte 49ers at Tulane Green Wave,Charlotte 49ers,Tulane Green Wave,0,27,True,Final
401754609,CFB,2025,2025-11-30T01:00Z,SMU Mustangs at California Golden Bears,SMU Mustangs,California Golden Bears,35,38,True,Final
401760425,CFB,2025,2025-11-30T02:00Z,UNLV Rebels at Nevada Wolf Pack,UNLV Rebels,Nevada Wolf Pack,42,17,True,Final
401754614,CFB,2025,2025-11-30T03:30Z,Notre Dame Fighting Irish at Stanford Cardinal,Notre Dame Fighting Irish,Stanford Cardinal,49,20,True,Final
401760423,CFB,2025,2025-11-30T03:30Z,Fresno State Bulldogs at San José State Spartans,Fresno State Bulldogs,San José State Spartans,41,14,True,Final
401760424,CFB,2025,2025-11-30T04:00Z,Wyoming Cowboys at Hawai'i Rainbow Warriors,Wyoming Cowboys,Hawai'i Rainbow Warriors,7,27,True,Final
401777325,CFB,2025,2025-12-06T00:00Z,Kennesaw State Owls at Jacksonville State Gamecocks,Kennesaw State Owls,Jacksonville State Gamecocks,19,15,True,Final
401777352,CFB,2025,2025-12-06T00:00Z,Troy Trojans at James Madison Dukes,Troy Trojans,James Madison Dukes,14,31,True,Final
401777324,CFB,2025,2025-12-06T01:00Z,North Texas Mean Green at Tulane Green Wave,North Texas Mean Green,Tulane Green Wave,21,34,True,Final
401777326,CFB,2025,2025-12-06T01:00Z,UNLV Rebels at Boise State Broncos,UNLV Rebels,Boise State Broncos,21,38,True,Final
401777327,CFB,2025,2025-12-06T17:00Z,BYU Cougars at Texas Tech Red Raiders,BYU Cougars,Texas Tech Red Raiders,7,34,True,Final
401777329,CFB,2025,2025-12-06T17:00Z,Miami (OH) RedHawks at Western Michigan Broncos,Miami (OH) RedHawks,Western Michigan Broncos,13,23,True,Final
401836198,CFB,2025,2025-12-06T18:00Z,Illinois State Redbirds at North Dakota State Bison,Illinois State Redbirds,North Dakota State Bison,29,28,True,Final
401777351,CFB,2025,2025-12-06T21:00Z,Georgia Bulldogs at Alabama Crimson Tide,Georgia Bulldogs,Alabama Crimson Tide,28,7,True,Final
401777328,CFB,2025,2025-12-07T01:00Z,Duke Blue Devils at Virginia Cavaliers,Duke Blue Devils,Virginia Cavaliers,27,20,True,Final
401777353,CFB,2025,2025-12-07T01:00Z,Indiana Hoosiers at Ohio State Buckeyes,Indiana Hoosiers,Ohio State Buckeyes,13,10,True,Final
401762521,CFB,2025,2025-12-13T20:00Z,Army Black Knights at Navy Midshipmen,Army Black Knights,Navy Midshipmen,16,17,True,Final
401778302,CFB,2025,2025-12-14T01:00Z,Boise State Broncos at Washington Huskies,Boise State Broncos,Washington Huskies,10,38,True,Final
401778303,CFB,2025,2025-12-17T02:00Z,Troy Trojans at Jacksonville State Gamecocks,Troy Trojans,Jacksonville State Gamecocks,13,17,True,Final
401778304,CFB,2025,2025-12-17T22:00Z,Old Dominion Monarchs at South Florida Bulls,Old Dominion Monarchs,South Florida Bulls,24,10,True,Final
401778305,CFB,2025,2025-12-18T01:40Z,Louisiana Ragin' Cajuns at Delaware Blue Hens,Louisiana Ragin' Cajuns,Delaware Blue Hens,13,20,True,Final
401838053,CFB,2025,2025-12-19T02:00Z,Missouri State Bears at Arkansas State Red Wolves,Missouri State Bears,Arkansas State Red Wolves,28,34,True,Final
401778306,CFB,2025,2025-12-19T16:00Z,Kennesaw State Owls at Western Michigan Broncos,Kennesaw State Owls,Western Michigan Broncos,6,41,True,Final
401778307,CFB,2025,2025-12-19T19:30Z,Memphis Tigers at NC State Wolfpack,Memphis Tigers,NC State Wolfpack,7,31,True,Final
401779840,CFB,2025,2025-12-20T01:00Z,Alabama Crimson Tide at Oklahoma Sooners,Alabama Crimson Tide,Oklahoma Sooners,34,24,True,Final
401779841,CFB,2025,2025-12-20T17:00Z,Miami Hurricanes at Texas A&M Aggies,Miami Hurricanes,Texas A&M Aggies,10,3,True,Final
401779842,CFB,2025,2025-12-20T20:30Z,Tulane Green Wave at Ole Miss Rebels,Tulane Green Wave,Ole Miss Rebels,10,41,True,Final
401779843,CFB,2025,2025-12-21T00:30Z,James Madison Dukes at Oregon Ducks,James Madison Dukes,Oregon Ducks,34,51,True,Final
401778308,CFB,2025,2025-12-22T19:00Z,Washington State Cougars at Utah State Aggies,Washington State Cougars,Utah State Aggies,34,21,True,Final
401778309,CFB,2025,2025-12-23T19:00Z,Toledo Rockets at Louisville Cardinals,Toledo Rockets,Louisville Cardinals,22,27,True,Final
401778310,CFB,2025,2025-12-23T22:30Z,Western Kentucky Hilltoppers at Southern Miss Golden Eagles,Western Kentucky Hilltoppers,Southern Miss Golden Eagles,27,16,True,Final
401778311,CFB,2025,2025-12-24T02:00Z,UNLV Rebels at Ohio Bobcats,UNLV Rebels,Ohio Bobcats,10,17,True,Final
401778312,CFB,2025,2025-12-25T01:00Z,California Golden Bears at Hawai'i Rainbow Warriors,California Golden Bears,Hawai'i Rainbow Warriors,31,35,True,Final
401778313,CFB,2025,2025-12-26T18:00Z,Central Michigan Chippewas at Northwestern Wildcats,Central Michigan Chippewas,Northwestern Wildcats,7,34,True,Final
401778314,CFB,2025,2025-12-26T21:30Z,New Mexico Lobos at Minnesota Golden Gophers,New Mexico Lobos,Minnesota Golden Gophers,17,20,True,Final
401778315,CFB,2025,2025-12-27T01:00Z,Florida International Panthers at UTSA Roadrunners,Florida International Panthers,UTSA Roadrunners,20,57,True,Final
401778316,CFB,2025,2025-12-27T16:00Z,Pittsburgh Panthers at East Carolina Pirates,Pittsburgh Panthers,East Carolina Pirates,17,23,True,Final
401778317,CFB,2025,2025-12-27T17:00Z,Penn State Nittany Lions at Clemson Tigers,Penn State Nittany Lions,Clemson Tigers,22,10,True,Final
401778318,CFB,2025,2025-12-27T19:15Z,UConn Huskies at Army Black Knights,UConn Huskies,Army Black Knights,16,41,True,Final
401778319,CFB,2025,2025-12-27T20:40Z,Georgia Tech Yellow Jackets at BYU Cougars,Georgia Tech Yellow Jackets,BYU Cougars,21,25,True,Final
401778320,CFB,2025,2025-12-27T21:30Z,Miami (OH) RedHawks at Fresno State Bulldogs,Miami (OH) RedHawks,Fresno State Bulldogs,3,18,True,Final
401778321,CFB,2025,2025-12-27T22:45Z,North Texas Mean Green at San Diego State Aztecs,North Texas Mean Green,San Diego State Aztecs,49,47,True,Final
401778322,CFB,2025,2025-12-28T00:30Z,Virginia Cavaliers at Missouri Tigers,Virginia Cavaliers,Missouri Tigers,13,7,True,Final
401778323,CFB,2025,2025-12-28T02:20Z,LSU Tigers at Houston Cougars,LSU Tigers,Houston Cougars,35,38,True,Final
401778324,CFB,2025,2025-12-29T19:00Z,Georgia Southern Eagles at App State Mountaineers,Georgia Southern Eagles,App State Mountaineers,29,10,True,Final
401778325,CFB,2025,2025-12-30T19:00Z,Coastal Carolina Chanticleers at Louisiana Tech Bulldogs,Coastal Carolina Chanticleers,Louisiana Tech Bulldogs,14,23,True,Final
401778326,CFB,2025,2025-12-30T22:30Z,Tennessee Volunteers at Illinois Fighting Illini,Tennessee Volunteers,Illinois Fighting Illini,28,30,True,Final
401778327,CFB,2025,2025-12-31T02:00Z,USC Trojans at TCU Horned Frogs,USC Trojans,TCU Horned Frogs,27,30,True,Final
401778328,CFB,2025,2025-12-31T17:00Z,Iowa Hawkeyes at Vanderbilt Commodores,Iowa Hawkeyes,Vanderbilt Commodores,34,27,True,Final
401778329,CFB,2025,2025-12-31T19:00Z,Arizona State Sun Devils at Duke Blue Devils,Arizona State Sun Devils,Duke Blue Devils,39,42,True,Final
401778330,CFB,2025,2025-12-31T20:00Z,Michigan Wolverines at Texas Longhorns,Michigan Wolverines,Texas Longhorns,27,41,True,Final
401778331,CFB,2025,2025-12-31T20:30Z,Nebraska Cornhuskers at Utah Utes,Nebraska Cornhuskers,Utah Utes,22,44,True,Final
401769070,CFB,2025,2026-01-01T00:30Z,Miami Hurricanes at Ohio State Buckeyes,Miami Hurricanes,Ohio State Buckeyes,24,14,True,Final
401769071,CFB,2025,2026-01-01T17:00Z,Oregon Ducks at Texas Tech Red Raiders,Oregon Ducks,Texas Tech Red Raiders,23,0,True,Final
401769072,CFB,2025,2026-01-01T21:00Z,Alabama Crimson Tide at Indiana Hoosiers,Alabama Crimson Tide,Indiana Hoosiers,3,38,True,Final
401769073,CFB,2025,2026-01-02T01:00Z,Ole Miss Rebels at Georgia Bulldogs,Ole Miss Rebels,Georgia Bulldogs,39,34,True,Final
401778332,CFB,2025,2026-01-02T18:00Z,Rice Owls at Texas State Bobcats,Rice Owls,Texas State Bobcats,10,41,True,Final
401778333,CFB,2025,2026-01-02T21:30Z,Navy Midshipmen at Cincinnati Bearcats,Navy Midshipmen,Cincinnati Bearcats,35,13,True,Final
401778334,CFB,2025,2026-01-03T01:00Z,Wake Forest Demon Deacons at Mississippi State Bulldogs,Wake Forest Demon Deacons,Mississippi State Bulldogs,43,29,True,Final
401831583,CFB,2025,2026-01-03T01:00Z,Arizona Wildcats at SMU Mustangs,Arizona Wildcats,SMU Mustangs,19,24,True,Final
401769075,CFB,2025,2026-01-09T00:30Z,Miami Hurricanes at Ole Miss Rebels,Miami Hurricanes,Ole Miss Rebels,31,27,True,Final
401769074,CFB,2025,2026-01-10T00:30Z,Oregon Ducks at Indiana Hoosiers,Oregon Ducks,Indiana Hoosiers,22,56,True,Final
401769076,CFB,2025,2026-01-20T00:30Z,Miami Hurricanes at Indiana Hoosiers,Miami Hurricanes,Indiana Hoosiers,21,27,True,Final
