season,season_type,player_id,player_name,player_display_name,games,position,position_group,headshot_url,team,def_tackles,def_tackles_solo,def_tackles_with_assist,def_tackle_assists,def_tackles_for_loss,def_tackles_for_loss_yards,def_fumbles_forced,def_sacks,def_sack_yards,def_qb_hits,def_interceptions,def_interception_yards,def_pass_defended,def_tds,def_fumbles,def_fumble_recovery_own,def_fumble_recovery_yards_own,def_fumble_recovery_opp,def_fumble_recovery_yards_opp,def_safety,def_penalty,def_penalty_yards
2021,REG,00-0022531,J.Peters,Jason Peters,1,T,OL,"https://static.www.nfl.com/image/upload/f_auto,q_auto/league/xcsyqvrlrpe6s3d0rodq",TB,1,1,0,0,0,0,0,0,0,0,0,0,0,0,0,0,0,0,0,0,0,0
2021,REG,00-0022824,A.Lee,Andy Lee,1,P,SPEC,"https://static.www.nfl.com/image/private/f_auto,q_auto/league/bfozbs2h9jueavslvw3z",ARI,0,0,0,0,0,0,0,0,0,0,0,0,0,0,0,0,0,1,0,0,0,0
2021,REG,00-0026035,D.Amendola,Danny Amendola,1,WR,WR,"https://static.www.nfl.com/image/private/f_auto,q_auto/league/etz06w7s0ardf49mnayz",MIA,1,1,0,0,0,0,0,0,0,0,0,0,0,0,0,0,0,0,0,0,0,0
2021,REG,00-0026189,D.Jackson,DeSean Jackson,1,WR,WR,"https://static.www.nfl.com/image/private/f_auto,q_auto/league/pr5m864fqvnoozihylrh",ARI,1,1,0,0,0,0,0,0,0,0,0,0,0,0,0,0,0,0,0,0,0,0
2021,REG,00-0026189,D.Jackson,DeSean Jackson,1,WR,WR,"https://static.www.nfl.com/image/private/f_auto,q_auto/league/pr5m864fqvnoozihylrh",KC,0,0,0,1,0,0,0,0,0,0,0,0,0,0,0,0,0,0,0,0,0,0
2021,REG,00-0026190,C.Campbell,Calais Campbell,14,DE,DL,"https://static.www.nfl.com/image/upload/f_auto,q_auto/league/dmgqjt7qihxkze7iuajf",BAL,29,21,8,20,5,10,0,1.5,3.5,12,0,0,1,0,0,0,0,1,0,0,0,0
2021,REG,00-0026300,J.Johnson,Josh Johnson,1,QB,QB,"https://static.www.nfl.com/image/upload/f_auto,q_auto/league/gbaye18gptzb1jpyswv8",CIN,1,1,0,0,0,0,0,0,0,0,0,0,0,0,0,0,0,0,0,0,0,0
2021,REG,00-0026564,S.McLendon,Steve McLendon,10,NT,DL,"https://static.www.nfl.com/image/private/f_auto,q_auto/league/bt0l6ltdi7h2dtahm3xh",TB,7,6,1,4,1,1,1,0.5,1.5,5,1,0,1,0,0,0,0,0,0,0,0,0
2021,REG,00-0026990,M.Jenkins,Malcolm Jenkins,16,SS,DB,"https://static.www.nfl.com/image/private/f_auto,q_auto/league/mbjf9xp0ilh4vbbwyzwi",NO,53,49,4,26,3,3,1,1,8,2,1,34,5,1,0,0,0,0,0,0,2,12
2021,REG,00-0027061,J.Cook,Jared Cook,1,TE,TE,"https://static.www.nfl.com/image/private/f_auto,q_auto/league/cthoenebptadlu4g928v",BAL,1,1,0,0,0,0,0,0,0,0,0,0,0,0,0,0,0,0,0,0,0,0
2021,REG,00-0027136,J.McCourty,Jason McCourty,6,FS,DB,"https://static.www.nfl.com/image/private/f_auto,q_auto/league/myk5ccdezt1lhjc8szbm",MIA,10,10,0,11,0,0,0,0,0,0,0,0,2,0,0,0,0,0,0,0,0,0
2021,REG,00-0027539,A.Levine,Anthony Levine,2,SS,DB,"https://static.www.nfl.com/image/private/f_auto,q_auto/league/gew5y4jtrh2jd7guowwk",BAL,3,3,0,1,0,0,0,0,0,0,0,0,1,0,0,0,0,0,0,0,0,0
2021,REG,00-0027647,D.McCourty,Devin McCourty,17,FS,DB,"https://static.www.nfl.com/image/private/f_auto,q_auto/league/ykgtrwxckxvxdvadgqjf",NE,42,40,2,18,0,0,0,0,0,0,3,22,10,0,0,0,0,0,0,0,0,0
2021,REG,00-0027662,C.Dunlap,Carlos Dunlap,14,OLB,LB,"https://static.www.nfl.com/image/private/f_auto,q_auto/league/wbg4avjy9bbdyeri6b6j",SEA,24,19,5,11,8,3,1,8.5,64.5,14,0,0,7,0,0,0,0,0,0,1,2,20
2021,REG,00-0027685,E.Sanders,Emmanuel Sanders,1,WR,WR,"https://static.www.nfl.com/image/private/f_auto,q_auto/league/potkibjtm855tsawozs0",NO,1,1,0,0,0,0,0,0,0,0,0,0,0,0,0,0,0,0,0,0,0,0
2021,REG,00-0027686,C.Peters,Corey Peters,11,DT,DL,"https://static.www.nfl.com/image/private/f_auto,q_auto/league/zutvrtzwir9awk4zh7yn",ARI,10,8,2,14,3,3,0,0,0,0,0,0,1,0,0,0,0,1,4,0,1,5
2021,REG,00-0027688,C.McCoy,Colt McCoy,1,QB,QB,"https://static.www.nfl.com/image/private/f_auto,q_auto/league/mvcoi7f6thyudufnh0dx",CAR,1,1,0,0,0,0,0,0,0,0,0,0,0,0,0,0,0,0,0,0,0,0
2021,REG,00-0027696,J.Graham,Jimmy Graham,1,TE,TE,"https://static.www.nfl.com/image/private/f_auto,q_auto/league/h7xs06oj6g03mippwtse",NYG,1,1,0,0,0,0,0,0,0,0,0,0,0,0,0,0,0,0,0,0,0,0
2021,REG,00-0027701,E.Griffen,Everson Griffen,9,DE,DL,"https://static.www.nfl.com/image/private/f_auto,q_auto/league/fqvc0dkghdix5fq9tfaq",MIN,10,9,1,5,4,0,1,5,42,10,0,0,0,0,0,0,0,0,0,0,7,65
2021,REG,00-0027723,A.Woods,Al Woods,16,NT,DL,"https://static.www.nfl.com/image/private/f_auto,q_auto/league/prcuuwfcof1uok4lxb11",SEA,26,20,6,24,4,6,0,1.5,12.5,5,0,0,3,0,0,0,0,0,0,0,4,30
2021,REG,00-0027855,N.Suh,Ndamukong Suh,15,DE,DL,"https://static.www.nfl.com/image/private/f_auto,q_auto/league/amvgudlseikg7eq0nn9d",TB,15,14,1,12,7,1,0,6,38,13,0,0,0,0,0,0,0,1,0,0,3,15
2021,REG,00-0027857,T.Williams,Trent Williams,1,T,OL,"https://static.www.nfl.com/image/upload/f_auto,q_auto/league/pngn7zttto574ellwslr",HOU,1,1,0,0,0,0,0,0,0,0,0,0,0,0,0,0,0,0,0,0,0,0
2021,REG,00-0027860,J.Haden,Joe Haden,12,CB,DB,"https://static.www.nfl.com/image/private/f_auto,q_auto/league/caumqxwppfoakjvpqxej",PIT,26,20,6,12,0,0,1,0,0,0,0,0,6,0,0,0,0,1,0,0,2,21
2021,REG,00-0027862,T.Alualu,Tyson Alualu,1,NT,DL,"https://static.www.nfl.com/image/private/f_auto,q_auto/league/wz7lyukjawvr7xfdszmb",PIT,2,2,0,3,0,0,0,0,0,1,0,0,0,0,0,0,0,0,0,0,0,0
2021,REG,00-0027865,B.Graham,Brandon Graham,1,DE,DL,"https://static.www.nfl.com/image/upload/f_auto,q_auto/league/e6iqegrredwqev7qx81m",PHI,2,2,0,0,1,2,0,0,0,1,0,0,0,0,0,0,0,0,0,0,0,0
2021,REG,00-0027867,J.Pierre-Paul,Jason Pierre-Paul,12,DE,DL,"https://static.www.nfl.com/image/private/f_auto,q_auto/league/pwl0fkpfwut1rizcarub",TB,20,19,1,11,3,4,1,2.5,6,5,0,0,4,0,0,0,0,0,0,0,4,20
2021,REG,00-0027872,K.Jackson,Kareem Jackson,15,SS,DB,"https://static.www.nfl.com/image/upload/f_auto,q_auto/league/vzmcqsvgotnfsmmzgtwa",DEN,62,55,7,26,1,2,0,1,0,0,1,7,2,0,0,0,0,0,0,0,0,0
2021,REG,00-0027881,J.Hughes,Jerry Hughes,14,DE,DL,"https://static.www.nfl.com/image/upload/f_auto,q_auto/league/holacsltnj1mvxkeqgp0",BUF,8,7,1,10,1,4,2,2,8.5,7,0,0,3,0,0,0,0,0,0,0,3,15
2021,REG,00-0027885,L.Joseph,Linval Joseph,14,NT,DL,"https://static.www.nfl.com/image/upload/f_auto,q_auto/league/xm9kvvx4uujqqjkqxngq",LAC,30,24,6,27,3,2,0,1,10,2,0,0,0,0,0,0,0,0,0,0,1,5
2021,REG,00-0027914,A.Sendejo,Andrew Sendejo,10,FS,DB,"https://static.www.nfl.com/image/private/f_auto,q_auto/league/siupf4yvtt6m2vo8eed9",IND,29,24,5,11,2,1,1,0,0,0,0,0,2,0,0,0,0,1,0,0,1,0
2021,REG,00-0027940,V.Miller,Von Miller,7,DE,DL,"https://static.www.nfl.com/image/upload/f_auto,q_auto/league/qpprquecnqk19xsi0dtj",DEN,10,8,2,9,7,3,0,4.5,25,9,0,0,0,0,0,0,0,0,0,0,2,10
2021,REG,00-0027940,V.Miller,Von Miller,8,DE,DL,"https://static.www.nfl.com/image/upload/f_auto,q_auto/league/qpprquecnqk19xsi0dtj",LA,23,19,4,8,12,13,1,5,31,8,0,0,1,0,0,0,0,0,0,0,2,20
2021,REG,00-0027942,A.Green,A.J. Green,1,WR,WR,"https://static.www.nfl.com/image/private/f_auto,q_auto/league/guj5a9vnnzqfiljupzuj",JAX,1,1,0,0,0,0,0,0,0,0,0,0,0,0,0,0,0,0,0,0,0,0
2021,REG,00-0027943,P.Peterson,Patrick Peterson,13,CB,DB,"https://static.www.nfl.com/image/private/f_auto,q_auto/league/hefuj7lvfmgvr4tme7te",MIN,34,33,1,11,2,5,0,0,0,0,1,66,5,1,0,0,0,0,0,0,3,27
2021,REG,00-0027944,J.Jones,Julio Jones,1,WR,WR,"https://static.www.nfl.com/image/upload/f_auto,q_auto/league/omrddf2phtyztzx2nup1",IND,1,1,0,0,0,0,0,0,0,0,0,0,0,0,0,0,0,0,0,0,0,0
2021,REG,00-0027944,J.Jones,Julio Jones,1,WR,WR,"https://static.www.nfl.com/image/upload/f_auto,q_auto/league/omrddf2phtyztzx2nup1",PIT,1,1,0,0,0,0,0,0,0,0,0,0,0,0,0,0,0,0,0,0,0,0
2021,REG,00-0027947,T.Smith,Tyron Smith,1,T,OL,"https://static.www.nfl.com/image/upload/f_auto,q_auto/league/w7doljwg9c9jqwejqf8b",NE,1,1,0,0,0,0,0,0,0,0,0,0,0,0,0,0,0,0,0,0,0,0
2021,REG,00-0027949,J.Watt,J.J. Watt,7,DE,DL,"https://static.www.nfl.com/image/private/f_auto,q_auto/league/pooulgm7mdcx5x9gza7l",ARI,10,6,4,6,5,10,1,1,1,10,0,0,2,0,0,0,0,0,0,0,1,5
2021,REG,00-0027952,R.Quinn,Robert Quinn,16,OLB,LB,"https://static.www.nfl.com/image/private/f_auto,q_auto/league/g8hslz6tb43l7xbmxzfh",CHI,38,32,6,11,17,22,4,18.5,133.5,22,0,0,0,0,0,0,0,0,0,0,4,30
2021,REG,00-0027954,R.Kerrigan,Ryan Kerrigan,4,DE,DL,"https://static.www.nfl.com/image/private/f_auto,q_auto/league/zi9qhkog8osjo2pk5bg4",PHI,3,2,1,0,1,5,0,0,0,2,0,0,0,0,0,0,0,0,0,0,0,0
2021,REG,00-0027955,N.Solder,Nate Solder,1,T,OL,"https://static.www.nfl.com/image/private/f_auto,q_auto/league/kbzznhzm6nub46htfcse",LV,1,1,0,0,0,0,0,0,0,0,0,0,0,0,0,0,0,0,0,0,0,0
2021,REG,00-0027955,N.Solder,Nate Solder,1,T,OL,"https://static.www.nfl.com/image/private/f_auto,q_auto/league/kbzznhzm6nub46htfcse",WAS,1,1,0,0,0,0,0,0,0,0,0,0,0,0,0,0,0,0,0,0,0,0
2021,REG,00-0027962,C.Jordan,Cameron Jordan,16,DE,DL,"https://static.www.nfl.com/image/upload/f_auto,q_auto/league/wxcyaqstm1qguagtp1ye",NO,38,35,3,21,13,9,2,12.5,75.5,22,0,0,6,0,0,0,0,0,0,0,2,10
2021,REG,00-0027965,J.Smith,Jimmy Smith,8,CB,DB,"https://static.www.nfl.com/image/private/f_auto,q_auto/league/uycb0wytmroih8dz8rag",BAL,15,14,1,3,1,4,0,0,0,0,0,0,3,0,0,0,0,0,0,0,1,28
2021,REG,00-0027966,M.Ingram,Mark Ingram,1,RB,RB,"https://static.www.nfl.com/image/private/f_auto,q_auto/league/qyju9wutyssrf0b26ran",BUF,1,1,0,0,0,0,0,0,0,0,0,0,0,0,0,0,0,0,0,0,0,0
2021,REG,00-0027966,M.Ingram,Mark Ingram,1,RB,RB,"https://static.www.nfl.com/image/private/f_auto,q_auto/league/qyju9wutyssrf0b26ran",MIA,1,1,0,0,0,0,0,0,0,0,0,0,0,0,0,0,0,0,0,0,0,0
2021,REG,00-0027969,C.Heyward,Cameron Heyward,17,DT,DL,"https://static.www.nfl.com/image/upload/f_auto,q_auto/league/jroymb3jdu14pusq9wu8",PIT,53,39,14,36,15,12,1,10,55.5,17,1,0,9,0,0,0,0,1,0,0,6,31
2021,REG,00-0027973,A.Dalton,Andy Dalton,1,QB,QB,"https://static.www.nfl.com/image/upload/f_auto,q_auto/league/az1zo7fl2tozg50tgs0d",ARI,1,1,0,1,0,0,0,0,0,0,0,0,0,0,0,0,0,0,0,0,0,0
2021,REG,00-0027975,J.Sheard,Jabaal Sheard,1,DE,DL,"https://static.www.nfl.com/image/private/f_auto,q_auto/league/lgti1akk6lj57zbfuobf",MIA,0,0,0,1,0,0,0,0,0,0,0,0,0,0,0,0,0,0,0,0,0,0
2021,REG,00-0027993,R.Hudson,Rodney Hudson,1,C,OL,"https://static.www.nfl.com/image/private/f_auto,q_auto/league/qcyahgqlx44j8n9bzkwg",LA,1,1,0,0,0,0,0,0,0,0,0,0,0,0,0,0,0,0,0,0,0,0
2021,REG,00-0028008,J.Houston,Justin Houston,15,OLB,LB,"https://static.www.nfl.com/image/upload/f_auto,q_auto/league/uvob2wz6eezshbjclcya",BAL,19,16,3,15,6,2,1,4.5,22.5,17,0,0,1,0,0,0,0,1,0,0,1,15
2021,REG,00-0028037,K.Wright,K.J. Wright,14,OLB,LB,"https://static.www.nfl.com/image/private/f_auto,q_auto/league/z1lt2ic9salihpdevh7p",LV,25,20,5,26,2,2,0,0,0,0,0,0,0,0,0,0,0,0,0,0,1,5
2021,REG,00-0028063,T.Jones,Taiwan Jones,2,RB,RB,"https://static.www.nfl.com/image/private/f_auto,q_auto/league/va09vgfr7bdc2wb6ikq4",BUF,0,0,0,0,0,0,0,0,0,0,0,0,0,0,0,0,0,0,0,0,2,10
2021,REG,00-0028075,B.Skrine,Buster Skrine,5,CB,DB,"https://static.www.nfl.com/image/private/f_auto,q_auto/league/veok5ok0xu5vjfg5uni4",TEN,11,10,1,6,0,0,0,0,0,0,1,17,3,0,0,0,0,0,0,0,0,0
2021,REG,00-0028092,R.Sherman,Richard Sherman,4,CB,DB,"https://static.www.nfl.com/image/private/f_auto,q_auto/league/bdfb1uulaykfcryanimb",TB,11,11,0,0,0,0,0,0,0,0,1,0,1,0,0,0,0,1,4,0,2,26
2021,REG,00-0028097,L.Smith,Lee Smith,1,TE,TE,"https://static.www.nfl.com/image/private/f_auto,q_auto/league/gcaqwhzrinlqicrljwlr",CAR,1,1,0,0,0,0,0,0,0,0,0,0,0,0,0,0,0,0,0,0,0,0
2021,REG,00-0028103,P.McPhee,Pernell McPhee,8,OLB,LB,"https://static.www.nfl.com/image/private/f_auto,q_auto/league/ybkcgchf6dxet313tmji",BAL,11,9,2,3,2,1,0,1,11,3,0,0,0,0,0,0,0,0,0,0,1,16
2021,REG,00-0028171,L.Guy,Lawrence Guy,17,DT,DL,"https://static.www.nfl.com/image/private/f_auto,q_auto/league/jyc3hf6lyt5js3b7oon8",NE,37,23,14,23,2,1,0,1.5,9,5,0,0,0,0,0,0,0,1,0,0,1,6
2021,REG,00-0028180,M.Smith,Malcolm Smith,15,MLB,LB,"https://static.www.nfl.com/image/private/f_auto,q_auto/league/uelur2x665hhkdopr9qb",CLE,32,22,10,18,3,1,0,0,0,0,2,1,5,0,0,0,0,0,0,0,2,30
2021,REG,00-0028224,C.Harris,Chris Harris,14,CB,DB,"https://static.www.nfl.com/image/private/f_auto,q_auto/league/jil3vlqjybwg2tawnume",LAC,30,28,2,7,0,0,0,0,0,1,1,0,6,0,0,0,0,0,0,0,3,82
2021,REG,00-0028278,J.Bynes,Josh Bynes,13,ILB,LB,"https://static.www.nfl.com/image/private/f_auto,q_auto/league/yki1iqv1tu8hvta68ypu",BAL,50,38,12,26,6,9,0,2,1,3,0,0,4,0,0,0,0,0,0,0,0,0
2021,REG,00-0028339,M.Addison,Mario Addison,14,DE,DL,"https://static.www.nfl.com/image/private/f_auto,q_auto/league/bapzewurohnyaqq1p3ud",BUF,20,17,3,9,8,8,2,7,44,7,0,0,0,0,0,0,0,0,0,0,2,20
2021,REG,00-0028872,J.Hekker,Johnny Hekker,1,P,SPEC,"https://static.www.nfl.com/image/upload/f_auto,q_auto/league/bcl8kjfwubicyywpxfny",LA,0,0,0,0,0,0,0,0,0,0,0,0,0,0,0,0,0,1,0,0,0,0
2021,REG,00-0028899,R.McLeod,Rodney McLeod,13,FS,DB,"https://static.www.nfl.com/image/upload/f_auto,q_auto/league/ettne7rdpnkozuyhx8be",PHI,32,31,1,26,0,0,0,0,0,0,2,24,4,0,0,0,0,0,0,0,1,5
2021,REG,00-0028908,M.Thomas,Michael Thomas,4,SS,DB,"https://static.www.nfl.com/image/private/f_auto,q_auto/league/wkugml4qpzkcj1tcyezx",CIN,7,5,2,5,0,0,0,0,0,0,0,0,1,0,0,0,0,0,0,0,0,0
2021,REG,00-0028924,T.Gipson,Tashaun Gipson,12,FS,DB,"https://static.www.nfl.com/image/private/f_auto,q_auto/league/mbniabicepxxcetygjhk",CHI,33,32,1,14,1,0,0,1,2,1,2,31,3,0,0,0,0,1,13,0,1,15
2021,REG,00-0029061,J.Stanford,Julian Stanford,3,OLB,LB,"https://static.www.nfl.com/image/private/f_auto,q_auto/league/mezqwdtmou8ccdns9jc2",CAR,1,1,0,2,0,0,0,0,0,0,0,0,0,0,0,0,0,0,0,0,0,0
2021,REG,00-0029144,T.Compton,Tom Compton,1,T,OL,"https://static.www.nfl.com/image/private/f_auto,q_auto/league/pqw3ldugrml3w13fzyry",MIN,1,1,0,0,0,0,0,0,0,0,0,0,0,0,0,0,0,0,0,0,0,0
2021,REG,00-0029193,B.Irvin,Bruce Irvin,4,OLB,LB,"https://static.www.nfl.com/image/private/f_auto,q_auto/league/jxsrulnbvfvmls7u6w7s",CHI,2,2,0,5,0,0,0,0,0,2,0,0,1,0,0,0,0,0,0,0,1,14
2021,REG,00-0029239,B.Bolden,Brandon Bolden,1,RB,RB,"https://static.www.nfl.com/image/private/f_auto,q_auto/league/kqqwz35z9brhkzbs4bcn",IND,1,1,0,0,0,0,0,0,0,0,0,0,0,0,0,0,0,0,0,0,0,0
2021,REG,00-0029239,B.Bolden,Brandon Bolden,1,RB,RB,"https://static.www.nfl.com/image/private/f_auto,q_auto/league/kqqwz35z9brhkzbs4bcn",LAC,1,1,0,0,0,0,0,0,0,0,0,0,0,0,0,0,0,0,0,0,0,0
2021,REG,00-0029239,B.Bolden,Brandon Bolden,1,RB,RB,"https://static.www.nfl.com/image/private/f_auto,q_auto/league/kqqwz35z9brhkzbs4bcn",NE,1,1,0,0,0,0,0,0,0,0,0,0,0,0,0,0,0,0,0,0,1,15
2021,REG,00-0029239,B.Bolden,Brandon Bolden,1,RB,RB,"https://static.www.nfl.com/image/private/f_auto,q_auto/league/kqqwz35z9brhkzbs4bcn",NO,2,2,0,0,0,0,0,0,0,0,0,0,0,0,0,0,0,0,0,0,0,0
2021,REG,00-0029249,M.Ingram,Melvin Ingram,8,OLB,LB,"https://static.www.nfl.com/image/private/f_auto,q_auto/league/kbnd1mhegpg4n5kj7rac",KC,7,3,4,8,2,4,1,1,7,5,0,0,0,0,0,0,0,0,0,0,1,5
2021,REG,00-0029249,M.Ingram,Melvin Ingram,5,OLB,LB,"https://static.www.nfl.com/image/private/f_auto,q_auto/league/kbnd1mhegpg4n5kj7rac",PIT,5,4,1,5,2,3,0,1,8,6,0,0,1,0,0,0,0,0,0,0,2,20
2021,REG,00-0029255,B.Wagner,Bobby Wagner,15,ILB,LB,"https://static.www.nfl.com/image/upload/f_auto,q_auto/league/syrf5eqbgosyxx7zrsso",SEA,93,78,15,77,3,6,1,1,7,3,1,3,5,0,0,0,0,0,0,0,1,5
2021,REG,00-0029261,C.Hayward,Casey Hayward,17,CB,DB,"https://static.www.nfl.com/image/private/f_auto,q_auto/league/o5cft0nj87mwqsnp3wug",LV,39,37,2,7,3,3,0,0,0,0,1,0,9,0,0,0,0,0,0,1,3,26
2021,REG,00-0029269,T.Benjamin,Travis Benjamin,1,WR,WR,"https://static.www.nfl.com/image/private/f_auto,q_auto/league/io9silocxbywvisvcvpx",LA,1,1,0,0,0,0,0,0,0,0,0,0,0,0,0,0,0,0,0,0,0,0
2021,REG,00-0029284,M.Daniels,Mike Daniels,1,DT,DL,"https://static.www.nfl.com/image/private/f_auto,q_auto/league/qyvpu9j05il8dncustlp",CIN,5,4,1,0,1,3,0,0,0,0,0,0,0,0,0,0,0,0,0,0,0,0
2021,REG,00-0029285,J.Norman,Josh Norman,14,CB,DB,"https://static.www.nfl.com/image/private/f_auto,q_auto/league/i2bihsraophhbhvhhypb",SF,36,35,1,13,3,3,7,0,0,0,1,40,5,0,0,0,0,0,0,0,6,85
2021,REG,00-0029293,M.Jones,Marvin Jones,1,WR,WR,"https://static.www.nfl.com/image/private/f_auto,q_auto/league/ciy9sxefmcnwjw7ln3h2",TEN,1,1,0,0,0,0,0,0,0,0,0,0,0,0,0,0,0,0,0,0,0,0
2021,REG,00-0029410,T.Wilson,Tavon Wilson,3,SS,DB,"https://static.www.nfl.com/image/private/f_auto,q_auto/league/ztnf4vdx2qw6nowvmxy4",SF,5,5,0,4,0,0,0,0,0,0,0,0,1,0,0,0,0,0,0,0,0,0
2021,REG,00-0029528,B.Massie,Bobby Massie,1,T,OL,"https://static.www.nfl.com/image/private/f_auto,q_auto/league/hfjtsmseahvvdllps7eg",LV,0,0,0,1,0,0,0,0,0,0,0,0,0,0,0,0,0,0,0,0,0,0
2021,REG,00-0029530,J.Bethel,Justin Bethel,6,CB,DB,"https://static.www.nfl.com/image/private/f_auto,q_auto/league/ctqpivwrs2u9gwrohbce",NE,4,4,0,0,0,0,0,0,0,0,0,0,1,0,0,0,0,0,0,0,1,10
2021,REG,00-0029542,S.Gilmore,Stephon Gilmore,7,CB,DB,"https://static.www.nfl.com/image/upload/f_auto,q_auto/league/rzqv9harev8c0excxzfz",CAR,15,12,3,1,1,0,0,0,0,0,2,13,2,0,0,0,0,0,0,0,2,13
2021,REG,00-0029560,D.Kirkpatrick,Dre Kirkpatrick,2,CB,DB,"https://static.www.nfl.com/image/private/f_auto,q_auto/league/z0hhlgxx1icjln3l3hgl",SF,5,5,0,1,1,0,0,0,0,0,0,0,0,0,0,0,0,0,0,0,1,23
2021,REG,00-0029562,L.David,Lavonte David,12,ILB,LB,"https://static.www.nfl.com/image/upload/f_auto,q_auto/league/sg8cvbhglpfqor2mz44k",TB,63,55,8,34,5,7,2,2,1,4,0,0,3,0,0,0,0,1,12,0,1,6
2021,REG,00-0029568,M.Jackson,Malik Jackson,13,DT,DL,"https://static.www.nfl.com/image/private/f_auto,q_auto/league/gakfws2ki3j7zuvdllnh",CLE,7,6,1,18,2,3,0,0.5,4,7,0,0,4,0,0,0,0,0,0,0,4,30
2021,REG,00-0029577,D.Trevathan,Danny Trevathan,5,ILB,LB,"https://static.www.nfl.com/image/private/f_auto,q_auto/league/jukojjsqqppqju4worol",CHI,8,6,2,11,1,3,0,0,0,0,0,0,0,0,0,0,0,0,0,0,0,0
2021,REG,00-0029585,C.Jones,Chandler Jones,15,DE,DL,"https://static.www.nfl.com/image/private/f_auto,q_auto/league/o12yqn0vbknt7gmu5owf",ARI,31,28,3,10,12,15,6,10.5,79.5,26,0,0,4,0,0,0,0,1,1,0,3,45
2021,REG,00-0029592,K.Zeitler,Kevin Zeitler,1,G,OL,"https://static.www.nfl.com/image/upload/f_auto,q_auto/league/l7m6q3fbvbot23tshcma",CLE,0,0,0,1,0,0,0,0,0,0,0,0,0,0,0,0,0,0,0,0,0,0
2021,REG,00-0029592,K.Zeitler,Kevin Zeitler,1,G,OL,"https://static.www.nfl.com/image/upload/f_auto,q_auto/league/l7m6q3fbvbot23tshcma",LAC,0,0,0,1,0,0,0,0,0,0,0,0,0,0,0,0,0,0,0,0,0,0
2021,REG,00-0029604,K.Cousins,Kirk Cousins,1,QB,QB,"https://static.www.nfl.com/image/upload/f_auto,q_auto/league/yt6n07jezvfmcsoq0j13",CAR,1,1,0,0,0,0,0,0,0,0,0,0,0,0,0,0,0,0,0,0,0,0
2021,REG,00-0029606,H.Smith,Harrison Smith,15,SS,DB,"https://static.www.nfl.com/image/upload/f_auto,q_auto/league/mf2e5sc9smu4cj22f4di",MIN,83,68,15,31,3,0,1,3,22,5,1,10,7,0,0,0,0,0,0,0,4,30
2021,REG,00-0029607,D.Davis,Demario Davis,16,MLB,LB,"https://static.www.nfl.com/image/upload/f_auto,q_auto/league/todpplb6yao1c5zvofsk",NO,70,61,9,35,13,7,0,3,16,10,0,0,7,0,0,0,0,0,0,0,2,9
2021,REG,00-0029630,M.Brockers,Michael Brockers,16,DE,DL,"https://static.www.nfl.com/image/private/f_auto,q_auto/league/qkh4jhodaog0uckpbzja",DET,23,18,5,29,4,4,0,1,10,1,0,0,0,0,0,0,0,0,0,0,2,10
2021,REG,00-0029632,M.Sanu,Mohamed Sanu,1,WR,WR,"https://static.www.nfl.com/image/private/f_auto,q_auto/league/a6loroqhta6g65aqnsrk",ARI,1,1,0,0,0,0,0,0,0,0,0,0,0,0,0,0,0,0,0,0,0,0
2021,REG,00-0029643,W.Mercilus,Whitney Mercilus,3,DE,DL,"https://static.www.nfl.com/image/private/f_auto,q_auto/league/ppap8wfihhya2o1ekket",GB,3,3,0,2,1,0,0,1,7,2,0,0,0,0,0,0,0,0,0,0,0,0
2021,REG,00-0029643,W.Mercilus,Whitney Mercilus,6,DE,DL,"https://static.www.nfl.com/image/private/f_auto,q_auto/league/ppap8wfihhya2o1ekket",HOU,6,5,1,6,4,1,0,3,25,3,0,0,0,0,0,0,0,0,0,0,0,0
2021,REG,00-0029653,F.Cox,Fletcher Cox,15,DT,DL,"https://static.www.nfl.com/image/private/f_auto,q_auto/league/guiegvu50wdv6lzspebo",PHI,25,17,8,10,7,12,2,3.5,26.5,12,0,0,0,1,0,0,0,1,0,0,4,19
2021,REG,00-0029657,A.Hicks,Akiem Hicks,8,DT,DL,"https://static.www.nfl.com/image/private/f_auto,q_auto/league/u6vzbrj6xejni2lks17m",CHI,19,17,2,6,5,3,0,3.5,26.5,9,0,0,0,0,0,0,0,0,0,0,1,15
2021,REG,00-0029669,D.Hightower,Dont'a Hightower,15,OLB,LB,"https://static.www.nfl.com/image/private/f_auto,q_auto/league/ye8raazdvcmtv19wpmvo",NE,39,31,8,25,1,0,0,1.5,13.5,4,0,0,1,0,0,0,0,0,0,0,1,7
2021,REG,00-0029672,R.Reiff,Riley Reiff,1,T,OL,"https://static.www.nfl.com/image/private/f_auto,q_auto/league/o7mwtkt8hoi05yvuijzc",CHI,0,0,0,1,0,0,0,0,0,0,0,0,0,0,0,0,0,0,0,0,0,0
2021,REG,00-0029672,R.Reiff,Riley Reiff,1,T,OL,"https://static.www.nfl.com/image/private/f_auto,q_auto/league/o7mwtkt8hoi05yvuijzc",CLE,1,1,0,0,0,0,0,0,0,0,0,0,0,0,0,0,0,0,0,0,0,0
2021,REG,00-0029681,J.Jenkins,Janoris Jenkins,14,CB,DB,"https://static.www.nfl.com/image/private/f_auto,q_auto/league/qfjugbhul7ergngoqlyg",TEN,38,33,5,16,0,0,1,0,0,0,1,0,6,0,0,0,0,0,0,0,6,60
2021,REG,00-0029685,G.Van Roten,Greg Van Roten,1,G,OL,"https://static.www.nfl.com/image/upload/f_auto,q_auto/league/ofdjacvucdeuucgmsucb",DEN,1,1,0,0,0,0,0,0,0,0,0,0,0,0,0,0,0,0,0,0,0,0
2021,REG,00-0029701,R.Tannehill,Ryan Tannehill,1,QB,QB,"https://static.www.nfl.com/image/private/f_auto,q_auto/league/yvwju12dl6haf3r8uzrm",HOU,1,1,0,0,0,0,0,0,0,0,0,0,0,0,0,0,0,0,0,0,0,0
2021,REG,00-0029701,R.Tannehill,Ryan Tannehill,1,QB,QB,"https://static.www.nfl.com/image/private/f_auto,q_auto/league/yvwju12dl6haf3r8uzrm",IND,1,1,0,0,0,0,0,0,0,0,0,0,0,0,0,0,0,0,0,0,0,0
2021,REG,00-0029701,R.Tannehill,Ryan Tannehill,1,QB,QB,"https://static.www.nfl.com/image/private/f_auto,q_auto/league/yvwju12dl6haf3r8uzrm",PIT,0,0,0,1,0,0,0,0,0,0,0,0,0,0,0,0,0,0,0,0,0,0
2021,REG,00-0029747,C.Banjo,Chris Banjo,1,FS,DB,"https://static.www.nfl.com/image/private/f_auto,q_auto/league/ibqowvcvkzurwo95ukg9",ARI,0,0,0,1,0,0,0,0,0,0,0,0,0,0,0,0,0,0,0,0,0,0
2021,REG,00-0029764,C.Davis,Cody Davis,1,FS,DB,"https://static.www.nfl.com/image/private/f_auto,q_auto/league/pdijtrs1tnltal8g6cmx",NE,0,0,0,0,0,0,0,0,0,0,0,0,0,0,0,0,0,0,0,0,1,10
2021,REG,00-0029794,D.Bates,Daren Bates,1,ILB,LB,"https://static.www.nfl.com/image/private/f_auto,q_auto/league/mj5z3knorwvmtfiyya1z",ATL,2,2,0,1,0,0,0,0,0,0,0,0,0,0,0,0,0,0,0,0,0,0
2021,REG,00-0029799,L.McCray,Lerentee McCray,6,DE,DL,"https://static.www.nfl.com/image/private/f_auto,q_auto/league/xszgkajjvzqoczqlpkhb",JAX,4,3,1,2,1,1,0,0,0,0,0,0,0,0,0,0,0,0,0,0,1,5
2021,REG,00-0029890,M.Purcell,Mike Purcell,10,NT,DL,"https://static.www.nfl.com/image/private/f_auto,q_auto/league/thcksouge8z0pgfli6xt",DEN,17,13,4,16,1,1,0,0,0,2,0,0,1,0,0,0,0,1,0,0,1,5
2021,REG,00-0029892,K.Juszczyk,Kyle Juszczyk,1,FB,RB,"https://static.www.nfl.com/image/upload/f_auto,q_auto/league/mfhpygabawkeioplae7a",ARI,1,1,0,0,0,0,0,0,0,0,0,0,0,0,0,0,0,0,0,0,0,0
2021,REG,00-0029895,R.Jensen,Ryan Jensen,1,C,OL,"https://static.www.nfl.com/image/private/f_auto,q_auto/league/iuidwiw5n0orpdcohl0t",ATL,1,1,0,0,0,0,0,0,0,0,0,0,0,0,0,0,0,0,0,0,0,0
2021,REG,00-0029895,R.Jensen,Ryan Jensen,1,C,OL,"https://static.www.nfl.com/image/private/f_auto,q_auto/league/iuidwiw5n0orpdcohl0t",WAS,1,1,0,0,0,0,0,0,0,0,0,0,0,0,0,0,0,0,0,0,0,0
2021,REG,00-0029901,R.Melvin,Rashaan Melvin,8,CB,DB,"https://static.www.nfl.com/image/private/f_auto,q_auto/league/ppqnt1ryi9qrc3os8c37",CAR,12,12,0,4,1,1,0,0,0,0,0,0,0,0,0,0,0,0,0,0,1,5
2021,REG,00-0030010,B.Copeland,Brandon Copeland,15,OLB,LB,"https://static.www.nfl.com/image/private/f_auto,q_auto/league/xp2g7lnnvmlmchbccpp0",ATL,23,19,4,15,4,1,0,0,0,2,0,0,2,0,0,0,0,0,0,0,0,0
2021,REG,00-0030041,N.Robey,Nickell Robey,1,CB,DB,"https://static.www.nfl.com/image/private/f_auto,q_auto/league/zw694ltpgyqw5kuuileb",DET,3,1,2,1,0,0,0,0,0,0,0,0,0,0,0,0,0,0,0,0,1,14
2021,REG,00-0030062,D.Slay,Darius Slay,16,CB,DB,"https://static.www.nfl.com/image/upload/f_auto,q_auto/league/ywdvgcxwf6nnfo9r77oz",PHI,40,37,3,12,5,2,0,0,0,0,3,72,9,3,0,0,0,2,116,0,3,12
2021,REG,00-0030063,J.Hankins,Johnathan Hankins,12,DT,DL,"https://static.www.nfl.com/image/upload/f_auto,q_auto/league/qnhaj3f4csasomqgie9p",LV,15,14,1,23,1,1,0,0,0,2,0,0,1,0,0,0,0,0,0,0,2,10
2021,REG,00-0030064,J.Bostic,Jon Bostic,4,OLB,LB,"https://static.www.nfl.com/image/private/f_auto,q_auto/league/t2pjyumewomvynbvdvzy",WAS,12,11,1,10,1,6,0,0,0,0,0,0,0,0,0,0,0,0,0,0,0,0
2021,REG,00-0030067,T.Armstead,Terron Armstead,1,T,OL,"https://static.www.nfl.com/image/private/f_auto,q_auto/league/zjqocz6fl2qrhxqkgdbp",CAR,1,1,0,0,0,0,0,0,0,0,0,0,0,0,0,0,0,0,0,0,0,0
2021,REG,00-0030068,M.Goodwin,Marquise Goodwin,1,WR,WR,"https://static.www.nfl.com/image/upload/f_auto,q_auto/league/cof5bbih1o9dtnonwmjp",CIN,0,0,0,1,0,0,0,0,0,0,0,0,0,0,0,0,0,0,0,0,0,0
2021,REG,00-0030070,J.Jenkins,John Jenkins,4,DT,DL,"https://static.www.nfl.com/image/upload/f_auto,q_auto/league/mwvjpcuk5a1vg4pd0bvl",MIA,10,7,3,6,0,0,0,0,0,0,0,0,0,0,0,0,0,0,0,0,0,0
2021,REG,00-0030090,M.Hyde,Micah Hyde,17,FS,DB,"https://static.www.nfl.com/image/private/f_auto,q_auto/league/xxdwo2ndjc4qm9q5lpgx",BUF,53,49,4,21,4,8,1,1,6,2,5,59,10,1,0,0,0,2,16,0,0,0
2021,REG,00-0030097,D.Quessenberry,David Quessenberry,1,T,OL,"https://static.www.nfl.com/image/upload/f_auto,q_auto/league/gjt9jdtuatvddzdeouwj",IND,1,1,0,0,0,0,1,0,0,0,0,0,0,0,0,0,0,0,0,0,0,0
2021,REG,00-0030108,R.Griffin,Ryan Griffin,1,TE,TE,"https://static.www.nfl.com/image/private/f_auto,q_auto/league/izjfxtmk2dhzhrlwpt9g",BUF,1,1,0,0,0,0,0,0,0,0,0,0,0,0,0,0,0,0,0,0,0,0
2021,REG,00-0030108,R.Griffin,Ryan Griffin,1,TE,TE,"https://static.www.nfl.com/image/private/f_auto,q_auto/league/izjfxtmk2dhzhrlwpt9g",MIA,0,0,0,1,0,0,0,0,0,0,0,0,0,0,0,0,0,0,0,0,0,0
2021,REG,00-0030114,J.Poyer,Jordan Poyer,16,SS,DB,"https://static.www.nfl.com/image/upload/f_auto,q_auto/league/jhigvtvtb3jielxsxiyl",BUF,64,56,8,27,8,4,0,3,26,3,5,87,9,0,0,0,0,0,0,0,5,50
2021,REG,00-0030148,D.Square,Damion Square,6,NT,DL,"https://static.www.nfl.com/image/private/f_auto,q_auto/league/ay7xu6je0iiizc0hifex",LV,3,1,2,6,0,0,0,0.5,1.5,3,0,0,0,0,0,0,0,0,0,0,0,0
2021,REG,00-0030155,D.Harris,Demetrius Harris,1,TE,TE,"https://static.www.nfl.com/image/private/f_auto,q_auto/league/nlajcnjlosuajmqswxvl",ARI,1,1,0,0,0,0,0,0,0,0,0,0,0,0,0,0,0,0,0,0,0,0
2021,REG,00-0030161,B.McDougald,Bradley McDougald,1,SS,DB,"https://static.www.nfl.com/image/private/f_auto,q_auto/league/y0wvutgow5rcldezmrsz",JAX,0,0,0,2,0,0,0,0,0,0,0,0,0,0,0,0,0,0,0,0,0,0
2021,REG,00-0030161,B.McDougald,Bradley McDougald,2,SS,DB,"https://static.www.nfl.com/image/private/f_auto,q_auto/league/y0wvutgow5rcldezmrsz",TEN,3,3,0,0,0,0,0,0,0,0,0,0,0,0,0,0,0,0,0,0,0,0
2021,REG,00-0030196,J.Heath,Jeff Heath,4,SS,DB,"https://static.www.nfl.com/image/private/f_auto,q_auto/league/knimytdhoo3rqiacbgtm",NO,5,5,0,0,1,0,0,1,1,1,0,0,0,0,0,0,0,0,0,0,1,10
2021,REG,00-0030228,A.Bouye,A.J. Bouye,10,CB,DB,"https://static.www.nfl.com/image/private/f_auto,q_auto/league/cpgi2hbhnmvs1oczkzas",CAR,23,21,2,5,2,3,1,0,0,0,0,0,3,0,0,0,0,0,0,0,0,0
2021,REG,00-0030279,K.Allen,Keenan Allen,1,WR,WR,"https://static.www.nfl.com/image/upload/f_auto,q_auto/league/lngo1onvkcqjnq7ozkuu",DAL,1,1,0,0,0,0,0,0,0,0,0,0,0,0,0,0,0,0,0,0,0,0
2021,REG,00-0030279,K.Allen,Keenan Allen,1,WR,WR,"https://static.www.nfl.com/image/upload/f_auto,q_auto/league/lngo1onvkcqjnq7ozkuu",MIN,1,1,0,0,0,0,0,0,0,0,0,0,0,0,0,0,0,0,0,0,0,0
2021,REG,00-0030288,R.Burkhead,Rex Burkhead,1,RB,RB,"https://static.www.nfl.com/image/private/f_auto,q_auto/league/ysgdnkasvp07qmrkasve",IND,1,1,0,0,0,0,0,0,0,0,0,0,0,0,0,0,0,0,0,0,0,0
2021,REG,00-0030294,T.Jefferson,Tony Jefferson,3,SS,DB,"https://static.www.nfl.com/image/upload/f_auto,q_auto/league/bkfls5xzpftiptzybn0j",BAL,7,7,0,7,1,0,0,1,9,1,0,0,1,0,0,0,0,0,0,0,0,0
2021,REG,00-0030312,J.Addae,Jahleel Addae,4,FS,DB,"https://static.www.nfl.com/image/private/f_auto,q_auto/league/orbwmzogmxytlb5rk4i4",IND,6,6,0,4,0,0,0,0,0,0,0,0,0,0,0,0,0,0,0,0,0,0
2021,REG,00-0030380,B.Mayowa,Benson Mayowa,12,OLB,LB,"https://static.www.nfl.com/image/private/f_auto,q_auto/league/ryu7zvzq6173znqos0iq",SEA,15,10,5,15,3,4,0,1,10,2,0,0,0,0,0,0,0,0,0,0,0,0
2021,REG,00-0030382,K.Minter,Kevin Minter,8,ILB,LB,"https://static.www.nfl.com/image/private/f_auto,q_auto/league/qsgubsbwrrmfoqtdyz5d",TB,22,21,1,11,2,1,0,1,7,3,0,0,0,0,0,0,0,0,0,0,0,0
2021,REG,00-0030383,D.Harmon,Duron Harmon,17,SS,DB,"https://static.www.nfl.com/image/upload/f_auto,q_auto/league/spklqujyj6a7dmacc74l",ATL,42,37,5,22,2,1,0,0,0,1,2,0,5,0,0,0,0,0,0,0,1,4
2021,REG,00-0030386,W.Gholston,William Gholston,15,DE,DL,"https://static.www.nfl.com/image/upload/f_auto,q_auto/league/yn9hugzuf7g8ve2xjtwi",TB,21,18,3,15,7,4,0,4.5,33.5,11,0,0,0,0,0,0,0,0,0,0,4,21
2021,REG,00-0030387,S.Means,Steven Means,14,OLB,LB,"https://static.www.nfl.com/image/private/f_auto,q_auto/league/m15je6mlizxkjep7rvt1",ATL,24,15,9,19,2,2,0,0,0,2,0,0,0,0,0,0,0,1,32,0,1,5
2021,REG,00-0030402,A.Spence,Akeem Spence,1,DT,DL,"https://static.www.nfl.com/image/private/f_auto,q_auto/league/psegy2ft4lr56hkwtzhk",WAS,0,0,0,1,0,0,0,0,0,0,0,0,0,0,0,0,0,0,0,0,0,0
2021,REG,00-0030411,L.Ryan,Logan Ryan,15,FS,DB,"https://static.www.nfl.com/image/private/f_auto,q_auto/league/cx2auxfuxnuduesro2ww",NYG,77,65,12,40,2,0,2,1,4,3,0,0,8,0,0,0,0,1,0,0,1,5
2021,REG,00-0030421,J.Collins,Jamie Collins,2,OLB,LB,"https://static.www.nfl.com/image/private/f_auto,q_auto/league/opx1haouuhocoewz7p5h",DET,7,7,0,3,1,1,0,0,0,1,0,0,0,0,0,0,0,1,0,0,0,0
2021,REG,00-0030421,J.Collins,Jamie Collins,7,OLB,LB,"https://static.www.nfl.com/image/private/f_auto,q_auto/league/opx1haouuhocoewz7p5h",NE,11,8,3,9,3,4,0,1,8,2,1,1,3,0,0,0,0,0,0,0,0,0
2021,REG,00-0030431,R.Woods,Robert Woods,1,WR,WR,"https://static.www.nfl.com/image/upload/f_auto,q_auto/league/ydjg5fylwkf5aaxiul6v",NYG,1,1,0,0,0,0,0,0,0,0,0,0,0,0,0,0,0,0,0,0,0,0
2021,REG,00-0030442,J.Simon,John Simon,2,DE,DL,"https://static.www.nfl.com/image/private/f_auto,q_auto/league/cuhrkuo2cirudn1etvmz",TEN,4,3,1,2,0,0,0,0,0,1,0,0,0,0,0,0,0,0,0,0,0,0
2021,REG,00-0030449,M.Hunt,Margus Hunt,7,DT,DL,"https://static.www.nfl.com/image/private/f_auto,q_auto/league/kcgvs6jecijrj3884z2v",CHI,6,5,1,8,3,10,0,0,0,0,0,0,0,0,0,0,0,0,0,0,0,0
2021,REG,00-0030455,S.Lotulelei,Star Lotulelei,8,DT,DL,"https://static.www.nfl.com/image/private/f_auto,q_auto/league/aa76o5lnybfm9chig7g5",BUF,11,10,1,6,4,2,0,3,13,3,0,0,0,0,0,0,0,0,0,0,1,5
2021,REG,00-0030456,G.Bernard,Giovani Bernard,1,RB,RB,"https://static.www.nfl.com/image/private/f_auto,q_auto/league/guht9y14gftgsugb87xz",PHI,1,1,0,0,0,0,0,0,0,0,0,0,0,0,0,0,0,0,0,0,0,0
2021,REG,00-0030459,T.Mathieu,Tyrann Mathieu,16,FS,DB,"https://static.www.nfl.com/image/upload/f_auto,q_auto/league/k3fywj4kodnfuyscnujy",KC,60,57,3,16,2,4,0,1,11,2,3,56,6,1,0,0,0,3,14,0,3,25
2021,REG,00-0030463,A.Klein,A.J. Klein,8,OLB,LB,"https://static.www.nfl.com/image/private/f_auto,q_auto/league/ohrm5k7zku2mc5alnmz4",BUF,27,20,7,6,4,8,0,0,0,1,1,12,5,0,0,0,0,1,0,0,0,0
2021,REG,00-0030471,S.Williams,Shawn Williams,3,SS,DB,"https://static.www.nfl.com/image/private/f_auto,q_auto/league/itwadnav0rwaqupj5lws",ATL,12,9,3,9,0,0,0,0,0,0,0,0,0,0,0,0,0,0,0,0,0,0
2021,REG,00-0030500,N.Williams,Nicholas Williams,14,DT,DL,"https://static.www.nfl.com/image/private/f_auto,q_auto/league/lphbl2t0w052unkblknq",DET,14,11,3,13,4,8,0,0.5,4,2,0,0,1,0,0,0,0,0,0,0,0,0
2021,REG,00-0030503,A.Okafor,Alex Okafor,15,DE,DL,"https://static.www.nfl.com/image/private/f_auto,q_auto/league/haacftqavtvq7dnvph1g",KC,7,7,0,16,0,0,1,1.5,1.5,7,0,0,2,0,0,0,0,0,0,0,2,20
2021,REG,00-0030506,T.Kelce,Travis Kelce,1,TE,TE,"https://static.www.nfl.com/image/upload/f_auto,q_auto/league/ilk4qbxxs6mt3v9zfvtg",BAL,1,1,0,0,0,0,0,0,0,0,0,0,0,0,0,0,0,0,0,0,0,0
2021,REG,00-0030511,B.Williams,Brandon Williams,12,NT,DL,"https://static.www.nfl.com/image/private/f_auto,q_auto/league/fsifllhqsfavihjfs6eu",BAL,15,12,3,20,4,6,0,0,0,1,0,0,3,0,0,0,0,1,0,0,0,0
2021,REG,00-0030513,L.Murray,Latavius Murray,1,RB,RB,"https://static.www.nfl.com/image/private/f_auto,q_auto/league/zepm7ghltyeqydn0qxcg",LAC,0,0,0,1,0,0,0,0,0,0,0,0,0,0,0,0,0,0,0,0,0,0
2021,REG,00-0030520,M.Glennon,Mike Glennon,1,QB,QB,"https://static.www.nfl.com/image/private/f_auto,q_auto/league/mubobrjbeudtezxv0t0p",CHI,1,1,0,0,0,0,0,0,0,0,0,0,0,0,0,0,0,0,0,0,0,0
2021,REG,00-0030525,T.Austin,Tavon Austin,1,WR,WR,"https://static.www.nfl.com/image/private/f_auto,q_auto/league/ulagxqgjnrft4wub0gus",NE,1,1,0,0,0,0,0,0,0,0,0,0,0,0,0,0,0,0,0,0,0,0
2021,REG,00-0030525,T.Austin,Tavon Austin,1,WR,WR,"https://static.www.nfl.com/image/private/f_auto,q_auto/league/ulagxqgjnrft4wub0gus",TEN,1,1,0,0,0,0,0,0,0,0,0,0,0,0,0,0,0,0,0,0,0,0
2021,REG,00-0030527,A.Ogletree,Alec Ogletree,16,ILB,LB,"https://static.www.nfl.com/image/private/f_auto,q_auto/league/n2iknv0oqq5nqbbzjjrn",CHI,54,50,4,32,5,3,1,0,0,3,0,0,4,0,0,0,0,0,0,0,4,40
2021,REG,00-0030528,R.Alford,Robert Alford,13,CB,DB,"https://static.www.nfl.com/image/private/f_auto,q_auto/league/wbev0tvoeyqqhatigwgp",ARI,30,29,1,7,1,0,0,0,0,0,1,23,4,0,0,0,0,0,0,0,3,31
2021,REG,00-0030562,D.Trufant,Desmond Trufant,5,CB,DB,"https://static.www.nfl.com/image/private/f_auto,q_auto/league/zduxwgxqrjxriigt0it6",LV,12,12,0,2,0,0,0,0,0,0,0,0,5,0,0,0,0,0,0,0,0,0
2021,REG,00-0030562,D.Trufant,Desmond Trufant,2,CB,DB,"https://static.www.nfl.com/image/private/f_auto,q_auto/league/zduxwgxqrjxriigt0it6",NO,2,2,0,1,0,0,0,0,0,0,0,0,1,0,0,0,0,0,0,0,0,0
2021,REG,00-0030573,S.Richardson,Sheldon Richardson,16,DT,DL,"https://static.www.nfl.com/image/private/f_auto,q_auto/league/yfbo8yxqsqwpmwrusnjj",MIN,24,18,6,15,6,4,1,2.5,14.5,13,0,0,4,0,0,0,0,1,0,0,4,14
2021,REG,00-0030575,X.Rhodes,Xavier Rhodes,13,CB,DB,"https://static.www.nfl.com/image/private/f_auto,q_auto/league/vj7ythe0bue256xfeyhl",IND,32,29,3,7,1,0,0,0,0,0,1,4,7,0,0,0,0,1,0,0,3,56
2021,REG,00-0030585,J.Pugh,Justin Pugh,1,G,OL,"https://static.www.nfl.com/image/upload/f_auto,q_auto/league/vjpj5hrfb568u8ni8bvs",GB,1,1,0,0,0,0,0,0,0,0,0,0,0,0,0,0,0,0,0,0,0,0
2021,REG,00-0030665,D.Sorensen,Daniel Sorensen,17,FS,DB,"https://static.www.nfl.com/image/private/f_auto,q_auto/league/sqynbf32igys6zu09szc",KC,40,38,2,11,3,2,0,1,9,3,2,75,8,1,0,0,0,0,0,0,1,3
2021,REG,00-0030725,C.Lucas,Cornelius Lucas,1,T,OL,"https://static.www.nfl.com/image/upload/f_auto,q_auto/league/bjfmauv8ulnyzcaefjet",KC,1,1,0,0,0,0,0,0,0,0,0,0,0,0,0,0,0,0,0,0,0,0
2021,REG,00-0030757,M.Pennel,Mike Pennel,9,NT,DL,"https://static.www.nfl.com/image/upload/f_auto,q_auto/league/tgxzm3pvwn3uyfuirodr",ATL,9,9,0,12,0,0,0,0,0,0,0,0,0,0,0,0,0,0,0,0,2,10
2021,REG,00-0030761,J.Thomas,Joe Thomas,1,ILB,LB,"https://static.www.nfl.com/image/private/f_auto,q_auto/league/ojdlnhgj7zlucpucacrq",BAL,0,0,0,1,0,0,0,0,0,0,0,0,0,0,0,0,0,0,0,0,0,0
2021,REG,00-0030761,J.Thomas,Joe Thomas,4,ILB,LB,"https://static.www.nfl.com/image/private/f_auto,q_auto/league/ojdlnhgj7zlucpucacrq",HOU,8,6,2,2,0,0,0,0,0,0,0,0,0,0,0,0,0,0,0,0,0,0
2021,REG,00-0030874,D.Williams,Damien Williams,1,RB,RB,"https://static.www.nfl.com/image/private/f_auto,q_auto/league/ga4vusnfwfvhp2ksqw7x",CIN,0,0,0,1,0,0,0,0,0,0,0,0,0,0,0,0,0,0,0,0,0,0
2021,REG,00-0030883,J.Mauro,Josh Mauro,3,DE,DL,"https://static.www.nfl.com/image/private/f_auto,q_auto/league/dsnqho672kqis1vajzhq",ARI,1,1,0,2,1,0,0,1,1,1,0,0,0,0,0,0,0,0,0,0,0,0
2021,REG,00-0030946,K.Hyder,Kerry Hyder,15,DE,DL,"https://static.www.nfl.com/image/private/f_auto,q_auto/league/vbv4vdg8aakzmjp5heae",SEA,20,16,4,13,3,3,0,1.5,14.5,11,0,0,0,0,0,0,0,2,0,0,0,0
2021,REG,00-0030968,K.Smith,Keith Smith,1,FB,RB,"https://static.www.nfl.com/image/private/f_auto,q_auto/league/jolwasweebgk37nkl7ia",TB,1,1,0,0,0,0,0,0,0,0,0,0,0,0,0,0,0,0,0,0,0,0
2021,REG,00-0030986,E.Westbrooks,Ethan Westbrooks,1,DT,DL,"https://static.www.nfl.com/image/private/f_auto,q_auto/league/pqwouewum8g8cf4gaxmq",NO,1,1,0,0,0,0,0,0,0,0,0,0,0,0,0,0,0,0,0,0,0,0
2021,REG,00-0031016,R.Cockrell,Ross Cockrell,14,CB,DB,"https://static.www.nfl.com/image/private/f_auto,q_auto/league/gpu1icicesj4o3r7vx8p",TB,25,24,1,10,0,0,1,0,0,2,0,0,7,0,0,0,0,0,0,0,3,22
2021,REG,00-0031019,C.Linsley,Corey Linsley,1,C,OL,"https://static.www.nfl.com/image/private/f_auto,q_auto/league/k6m9bqygr0mwiou3fpgg",NE,1,1,0,0,0,0,0,0,0,0,0,0,0,0,0,0,0,0,0,0,0,0
2021,REG,00-0031040,K.Mack,Khalil Mack,7,DE,DL,"https://static.www.nfl.com/image/upload/f_auto,q_auto/league/xgd2ujsu1yhfa0aulchw",CHI,15,15,0,4,6,0,0,6,50,7,0,0,0,0,0,0,0,1,8,0,2,20
2021,REG,00-0031041,K.Fuller,Kyle Fuller,12,CB,DB,"https://static.www.nfl.com/image/private/f_auto,q_auto/league/hn06mz3xaqvoc1bkcrjh",DEN,40,38,2,11,3,3,0,0,0,0,0,0,4,0,0,0,0,0,0,0,5,52
2021,REG,00-0031052,B.Breeland,Bashaud Breeland,13,CB,DB,"https://static.www.nfl.com/image/private/f_auto,q_auto/league/wc7lhp4kgbjfcojfe2pi",MIN,47,38,9,16,1,1,2,0,0,0,2,26,5,0,0,0,0,0,0,0,5,81
2021,REG,00-0031054,D.Jones,DaQuan Jones,15,DT,DL,"https://static.www.nfl.com/image/upload/f_auto,q_auto/league/a8ladzqod3ojmibqytad",CAR,19,11,8,19,1,0,1,1,7,6,0,0,0,0,0,0,0,0,0,0,0,0
2021,REG,00-0031061,D.Johnson,Dontae Johnson,6,CB,DB,"https://static.www.nfl.com/image/private/f_auto,q_auto/league/iflzhwus0lq9oaovlmgk",SF,18,16,2,4,0,0,1,0,0,0,0,0,2,0,0,0,0,2,0,0,3,54
2021,REG,00-0031097,T.Mitchell,Terrance Mitchell,13,CB,DB,"https://static.www.nfl.com/image/private/f_auto,q_auto/league/pzstl7we8yw2ujafoggs",HOU,45,38,7,14,1,1,3,0,0,0,1,22,10,0,0,0,0,0,0,0,2,42
2021,REG,00-0031101,S.Barrett,Shaquil Barrett,15,OLB,LB,"https://static.www.nfl.com/image/private/f_auto,q_auto/league/eiilfj6qiri4n9xrclwe",TB,37,34,3,14,9,6,3,10,58.5,22,1,3,4,0,1,1,1,2,4,0,6,35
2021,REG,00-0031105,Z.Kerr,Zach Kerr,3,DT,DL,"https://static.www.nfl.com/image/private/f_auto,q_auto/league/lbgusliinlqxlnd06gdt",ARI,1,1,0,2,0,0,0,0,0,0,0,0,0,0,0,0,0,0,0,0,0,0
2021,REG,00-0031105,Z.Kerr,Zach Kerr,2,DT,DL,"https://static.www.nfl.com/image/private/f_auto,q_auto/league/lbgusliinlqxlnd06gdt",SF,1,1,0,2,0,0,0,0,0,0,0,0,0,0,0,0,0,0,0,0,0,0
2021,REG,00-0031130,C.Jones,Christian Jones,9,ILB,LB,"https://static.www.nfl.com/image/private/f_auto,q_auto/league/ug768dhff0jq7n6ziyip",CHI,10,7,3,7,0,0,0,0,0,0,0,0,0,0,0,0,0,0,0,0,3,30
2021,REG,00-0031175,C.Marsh,Cassius Marsh,2,OLB,LB,"https://static.www.nfl.com/image/private/f_auto,q_auto/league/jdekdspqixqdeeawftcr",CHI,4,3,1,2,0,0,0,1,7,2,0,0,0,0,0,0,0,0,0,0,1,15
2021,REG,00-0031176,N.Lawson,Nevin Lawson,7,CB,DB,"https://static.www.nfl.com/image/private/f_auto,q_auto/league/uyu9kvg7jgtt1mkgeksc",JAX,20,16,4,7,0,0,0,0,0,0,1,11,5,0,0,0,0,0,0,0,1,5
2021,REG,00-0031177,B.Urban,Brent Urban,3,DE,DL,"https://static.www.nfl.com/image/upload/f_auto,q_auto/league/acp4qzscazxskq9efwnf",DAL,0,0,0,3,0,0,0,0,0,0,0,0,1,0,0,0,0,0,0,0,0,0
2021,REG,00-0031181,R.Allen,Ricardo Allen,8,SS,DB,"https://static.www.nfl.com/image/private/f_auto,q_auto/league/xamcdivgeq7wbmmypeyl",CIN,9,6,3,3,0,0,0,0,0,0,0,0,0,0,0,0,0,0,0,0,2,18
2021,REG,00-0031235,O.Beckham,Odell Beckham,1,WR,WR,"https://static.www.nfl.com/image/upload/f_auto,q_auto/league/ffmalg3wr7lwnsz59i7v",BAL,1,1,0,0,0,0,0,0,0,0,0,0,0,0,0,0,0,0,0,0,0,0
2021,REG,00-0031235,O.Beckham,Odell Beckham,1,WR,WR,"https://static.www.nfl.com/image/upload/f_auto,q_auto/league/ffmalg3wr7lwnsz59i7v",SF,1,1,0,0,0,0,0,0,0,0,0,0,0,0,0,0,0,0,0,0,0,0
2021,REG,00-0031236,B.Cooks,Brandin Cooks,1,WR,WR,"https://static.www.nfl.com/image/upload/f_auto,q_auto/league/pjoksfxpbba4hevwpuop",BUF,1,1,0,0,0,0,0,0,0,0,0,0,0,0,0,0,0,0,0,0,0,0
2021,REG,00-0031241,D.Kennard,Devon Kennard,14,OLB,LB,"https://static.www.nfl.com/image/private/f_auto,q_auto/league/sbnbmm472r2yob1cwxqj",ARI,15,12,3,9,7,15,0,0,0,2,0,0,2,0,0,0,0,1,0,0,0,0
2021,REG,00-0031242,S.Stephen,Shamar Stephen,15,DE,DL,"https://static.www.nfl.com/image/private/f_auto,q_auto/league/diiumwnd8fvolhamlrkc",DEN,12,10,2,22,0,0,0,0,0,3,0,0,2,0,0,0,0,0,0,0,0,0
2021,REG,00-0031253,K.Williams,K'Waun Williams,14,CB,DB,"https://static.www.nfl.com/image/private/f_auto,q_auto/league/o07uyyoj3nvtpni2ons7",SF,40,35,5,12,5,5,1,1,14,2,1,4,4,0,0,0,0,0,0,0,3,51
2021,REG,00-0031254,D.Autry,Denico Autry,16,DE,DL,"https://static.www.nfl.com/image/upload/f_auto,q_auto/league/pafmcnd47wgvl8q1kulm",TEN,25,24,1,6,10,5,0,9,60.5,18,0,0,6,0,0,0,0,0,0,0,2,10
2021,REG,00-0031256,A.Barr,Anthony Barr,11,OLB,LB,"https://static.www.nfl.com/image/private/f_auto,q_auto/league/qmdqkyi8gt67bvqtafxi",MIN,38,31,7,34,3,2,0,2.5,17,6,3,11,5,0,0,0,0,2,0,0,0,0
2021,REG,00-0031258,J.Attaochu,Jeremiah Attaochu,4,OLB,LB,"https://static.www.nfl.com/image/private/f_auto,q_auto/league/kuzyvqsygq7u44i1mvdv",CHI,1,1,0,1,0,0,0,0,0,1,0,0,0,0,0,0,0,0,0,0,1,5
2021,REG,00-0031264,C.Smith,Chris Smith,3,OLB,LB,"https://static.www.nfl.com/image/private/f_auto,q_auto/league/gr3gd0bcwxcvs7ljlseb",HOU,4,3,1,4,1,0,0,1.5,13,3,0,0,0,0,0,0,0,0,0,0,0,0
2021,REG,00-0031269,T.Carrie,T.J. Carrie,7,CB,DB,"https://static.www.nfl.com/image/private/f_auto,q_auto/league/kezxowzth44qm6wo1fgt",IND,20,18,2,1,0,0,0,0,0,0,0,0,1,0,0,0,0,0,0,0,1,9
2021,REG,00-0031270,S.Harris,Shelby Harris,16,DT,DL,"https://static.www.nfl.com/image/upload/f_auto,q_auto/league/lppu8txhvbs0h7ftxswg",DEN,24,23,1,25,7,5,1,6,44,11,0,0,2,0,0,0,0,0,0,0,2,20
2021,REG,00-0031273,C.Brate,Cameron Brate,1,TE,TE,"https://static.www.nfl.com/image/private/f_auto,q_auto/league/jhioqec65qy4z7s6w9a6",WAS,1,1,0,0,0,0,0,0,0,0,0,0,0,0,0,0,0,0,0,0,0,0
2021,REG,00-0031279,J.Matthews,Jake Matthews,1,T,OL,"https://static.www.nfl.com/image/upload/f_auto,q_auto/league/zybsfumyollv8qplcmab",NO,1,1,0,0,0,0,1,0,0,0,0,0,0,0,0,0,0,0,0,0,0,0
2021,REG,00-0031282,J.Britt,Justin Britt,1,C,OL,"https://static.www.nfl.com/image/private/f_auto,q_auto/league/acxotc2bwutblcw4xbpr",BUF,1,1,0,0,0,0,0,0,0,0,0,0,0,0,0,0,0,0,0,0,0,0
2021,REG,00-0031285,D.Freeman,Devonta Freeman,1,RB,RB,"https://static.www.nfl.com/image/private/f_auto,q_auto/league/vjhvfwypu1byxfo2uvki",MIN,1,1,0,0,0,0,0,0,0,0,0,0,0,0,0,0,0,0,0,0,0,0
2021,REG,00-0031296,C.Mosley,C.J. Mosley,16,ILB,LB,"https://static.www.nfl.com/image/private/f_auto,q_auto/league/cjje7blxkubjmrbtbp27",NYJ,103,83,20,65,2,1,2,2,34,3,0,0,2,0,0,0,0,0,0,0,4,23
2021,REG,00-0031297,D.Ford,Dee Ford,3,DE,DL,"https://static.www.nfl.com/image/private/f_auto,q_auto/league/wn2xowqkaphzrq6bkqk9",SF,3,3,0,2,2,0,1,3,18,4,0,0,0,0,0,0,0,0,0,0,2,10
2021,REG,00-0031298,J.Ward,Jimmie Ward,16,FS,DB,"https://static.www.nfl.com/image/upload/f_auto,q_auto/league/owockyq21r4kqxt67zab",SF,49,42,7,26,1,0,0,0,0,0,2,27,6,1,0,0,0,0,0,0,1,15
2021,REG,00-0031308,K.Pierre-Louis,Kevin Pierre-Louis,1,OLB,LB,"https://static.www.nfl.com/image/private/f_auto,q_auto/league/oiqbdi5yu0xvl6kogrup",HOU,1,1,0,1,0,0,0,0,0,0,0,0,0,0,0,0,0,0,0,0,0,0
2021,REG,00-0031331,P.Desir,Pierre Desir,9,CB,DB,"https://static.www.nfl.com/image/private/f_auto,q_auto/league/hf93hyvfhwqp89z08vum",TB,24,22,2,2,0,0,1,0,0,0,2,0,4,0,0,0,0,0,0,0,0,0
2021,REG,00-0031334,J.Verrett,Jason Verrett,1,CB,DB,"https://static.www.nfl.com/image/private/f_auto,q_auto/league/vz516d6tu3lyno2ciuf7",SF,3,3,0,2,0,0,0,0,0,0,0,0,0,0,0,0,0,0,0,0,0,0
2021,REG,00-0031338,T.Brooks,Terrence Brooks,4,SS,DB,"https://static.www.nfl.com/image/private/f_auto,q_auto/league/o21l87qgeibe1alrmzym",HOU,11,10,1,5,0,0,0,0,0,0,0,0,1,0,0,0,0,0,0,0,0,0
2021,REG,00-0031346,J.Ellis,Justin Ellis,11,DT,DL,"https://static.www.nfl.com/image/private/f_auto,q_auto/league/wduokcrngi613rdgwqbf",BAL,7,7,0,11,0,0,0,0,0,1,0,0,0,0,0,0,0,0,0,0,1,5
2021,REG,00-0031348,A.Hitchens,Anthony Hitchens,15,ILB,LB,"https://static.www.nfl.com/image/private/f_auto,q_auto/league/imetresqtxpqaqwu4iyv",KC,41,37,4,39,4,4,0,0,0,2,1,0,2,0,0,0,0,0,0,0,4,48
2021,REG,00-0031349,M.Paradis,Matt Paradis,1,C,OL,"https://static.www.nfl.com/image/private/f_auto,q_auto/league/d9eoibz52yzsvc0knnj1",NO,0,0,0,1,0,0,0,0,0,0,0,0,0,0,0,0,0,0,0,0,0,0
2021,REG,00-0031357,C.Goodwin,C.J. Goodwin,3,CB,DB,"https://static.www.nfl.com/image/upload/f_auto,q_auto/league/tcfvwabfull325uyjta1",DAL,0,0,0,0,0,0,0,0,0,0,0,0,0,0,0,0,0,0,0,0,4,24
2021,REG,00-0031360,K.Van Noy,Kyle Van Noy,16,OLB,LB,"https://static.www.nfl.com/image/upload/f_auto,q_auto/league/izz9mxgcxcx0lydkleke",NE,42,34,8,24,5,0,2,5,37,7,1,35,10,1,0,0,0,1,0,0,3,41
2021,REG,00-0031361,C.Kirksey,Christian Kirksey,13,OLB,LB,"https://static.www.nfl.com/image/private/f_auto,q_auto/league/jnqtpfzsbs6xdljtbjst",HOU,55,37,18,38,6,8,0,0,0,2,1,1,8,0,0,0,0,2,-1,0,2,30
2021,REG,00-0031362,T.Turner,Trai Turner,1,G,OL,"https://static.www.nfl.com/image/private/f_auto,q_auto/league/biyfxbbcupee9guctdzw",CIN,1,1,0,0,0,0,0,0,0,0,0,0,0,0,0,0,0,0,0,0,0,0
2021,REG,00-0031364,J.Clowney,Jadeveon Clowney,14,OLB,LB,"https://static.www.nfl.com/image/upload/f_auto,q_auto/league/lu2evianim8sdgfyxlgh",CLE,24,20,4,13,11,8,2,9,83.5,19,0,0,2,0,0,0,0,0,0,0,6,50
2021,REG,00-0031369,B.Linder,Brandon Linder,1,G,OL,"https://static.www.nfl.com/image/private/f_auto,q_auto/league/hv5hw11b417jpoqdbc8m",ARI,0,0,0,1,0,0,0,0,0,0,0,0,0,0,0,0,0,0,0,0,0,0
2021,REG,00-0031369,B.Linder,Brandon Linder,1,G,OL,"https://static.www.nfl.com/image/private/f_auto,q_auto/league/hv5hw11b417jpoqdbc8m",NYJ,1,1,0,0,0,0,0,0,0,0,0,0,0,0,0,0,0,0,0,0,0,0
2021,REG,00-0031372,B.Roby,Bradley Roby,13,CB,DB,"https://static.www.nfl.com/image/private/f_auto,q_auto/league/b2ef6tlrbcqpdnnolzcq",NO,19,19,0,4,3,3,0,1,7,3,1,2,5,0,0,0,0,0,0,0,3,26
2021,REG,00-0031376,J.McKinnon,Jerick McKinnon,1,RB,RB,"https://static.www.nfl.com/image/private/f_auto,q_auto/league/yezxe2j778cndbhkxwez",TEN,1,1,0,0,0,0,0,0,0,0,0,0,0,0,0,0,0,0,0,0,0,0
2021,REG,00-0031380,D.Dennard,Darqueze Dennard,1,CB,DB,"https://static.www.nfl.com/image/private/f_auto,q_auto/league/qtkfu7vlp2yl8iapuxqp",SF,1,1,0,0,0,0,0,0,0,0,0,0,0,0,0,0,0,0,0,0,0,0
2021,REG,00-0031381,D.Adams,Davante Adams,1,WR,WR,"https://static.www.nfl.com/image/upload/f_auto,q_auto/league/jweoujpjv9u2a8k7wnos",KC,1,1,0,0,0,0,0,0,0,0,0,0,0,0,0,0,0,0,0,0,0,0
2021,REG,00-0031382,J.Landry,Jarvis Landry,1,WR,WR,"https://static.www.nfl.com/image/private/f_auto,q_auto/league/w2q9uwsjvgadwyvnvopb",DET,1,1,0,0,0,0,0,0,0,0,0,0,0,0,0,0,0,0,0,0,0,0
2021,REG,00-0031384,R.Rodgers,Richard Rodgers,1,TE,TE,"https://static.www.nfl.com/image/private/f_auto,q_auto/league/l9zei9dkcmbml3q1nshk",DAL,1,1,0,0,0,0,0,0,0,0,0,0,0,0,0,0,0,0,0,0,0,0
2021,REG,00-0031388,A.Donald,Aaron Donald,17,DT,DL,"https://static.www.nfl.com/image/private/f_auto,q_auto/league/gou42dathlyc1rfn4pga",LA,38,30,8,46,19,15,4,12.5,111,25,0,0,4,0,0,0,0,0,0,0,2,30
2021,REG,00-0031389,L.Joyner,Lamarcus Joyner,1,SS,DB,"https://static.www.nfl.com/image/private/f_auto,q_auto/league/x57erxn3gxqfqdwx7of9",NYJ,1,1,0,0,0,0,0,0,0,0,0,0,0,0,0,0,0,0,0,0,0,0
2021,REG,00-0031404,A.Phillips,Adrian Phillips,17,FS,DB,"https://static.www.nfl.com/image/private/f_auto,q_auto/league/bfbt4o1jp3ttsm18v0ur",NE,52,38,14,35,3,5,1,0,0,1,4,39,9,1,0,0,0,0,0,0,1,10
2021,REG,00-0031408,M.Evans,Mike Evans,1,WR,WR,"https://static.www.nfl.com/image/upload/f_auto,q_auto/league/vfsaie1uiokfczwv9p4d",DAL,1,1,0,0,0,0,0,0,0,0,0,0,0,0,0,0,0,0,0,0,0,0
2021,REG,00-0031408,M.Evans,Mike Evans,1,WR,WR,"https://static.www.nfl.com/image/upload/f_auto,q_auto/league/vfsaie1uiokfczwv9p4d",NYJ,1,1,0,0,0,0,0,0,0,0,0,0,0,0,0,0,0,0,0,0,0,0
2021,REG,00-0031411,D.Lawrence,Demarcus Lawrence,7,DE,DL,"https://static.www.nfl.com/image/upload/f_auto,q_auto/league/qzgz3zr1nmhxy0fiaqes",DAL,16,14,2,5,5,3,2,3,24,7,1,40,5,1,0,0,0,0,0,0,2,9
2021,REG,00-0031428,A.Robinson,Allen Robinson,1,WR,WR,"https://static.www.nfl.com/image/upload/f_auto,q_auto/league/fyukft9lraurbsq0laom",NYG,1,1,0,0,0,0,0,0,0,0,0,0,0,0,0,0,0,0,0,0,0,0
2021,REG,00-0031428,A.Robinson,Allen Robinson,1,WR,WR,"https://static.www.nfl.com/image/upload/f_auto,q_auto/league/fyukft9lraurbsq0laom",TB,1,1,0,0,0,0,0,0,0,0,0,0,0,0,0,0,0,0,0,0,0,0
2021,REG,00-0031500,E.Obada,Efe Obada,8,DE,DL,"https://static.www.nfl.com/image/upload/f_auto,q_auto/league/i5zeos5e8jhwupjnlsri",BUF,8,7,1,4,3,0,0,3.5,22,8,0,0,1,0,0,0,0,0,0,0,3,21
2021,REG,00-0031503,J.Winston,Jameis Winston,1,QB,QB,"https://static.www.nfl.com/image/upload/f_auto,q_auto/league/chdeosreuupotgq0eqlm",CAR,1,1,0,0,0,0,0,0,0,0,0,0,0,0,0,0,0,0,0,0,0,0
2021,REG,00-0031534,L.Collins,La'el Collins,1,T,OL,"https://static.www.nfl.com/image/upload/f_auto,q_auto/league/azfqczkqzu6ilau2fj60",TB,1,1,0,0,0,0,0,0,0,0,0,0,0,0,0,0,0,0,0,0,0,0
2021,REG,00-0031546,T.Waynes,Trae Waynes,5,CB,DB,"https://static.www.nfl.com/image/private/f_auto,q_auto/league/zuymxrsnjsyejxakdk7s",CIN,11,10,1,1,0,0,0,0,0,0,0,0,1,0,0,0,0,0,0,0,0,0
2021,REG,00-0031547,D.Parker,DeVante Parker,1,WR,WR,"https://static.www.nfl.com/image/private/f_auto,q_auto/league/beuyfjou6kckaoqqpa96",BUF,1,1,0,0,0,0,0,0,0,0,0,0,0,0,0,0,0,0,0,0,0,0
2021,REG,00-0031547,D.Parker,DeVante Parker,1,WR,WR,"https://static.www.nfl.com/image/private/f_auto,q_auto/league/beuyfjou6kckaoqqpa96",NYJ,1,1,0,0,0,0,0,0,0,0,0,0,0,0,0,0,0,0,0,0,0,0
2021,REG,00-0031549,N.Agholor,Nelson Agholor,1,WR,WR,"https://static.www.nfl.com/image/upload/f_auto,q_auto/league/wyxfkarcjgqdz3pl8nnr",TB,1,1,0,0,0,0,0,0,0,0,0,0,0,0,0,0,0,0,0,0,0,0
2021,REG,00-0031550,S.Thompson,Shaq Thompson,14,ILB,LB,"https://static.www.nfl.com/image/upload/f_auto,q_auto/league/suldxex0tcm1rv69agr2",CAR,65,58,7,39,9,5,0,2,18,6,2,39,5,0,0,0,0,0,0,0,1,5
2021,REG,00-0031551,E.Goldman,Eddie Goldman,8,NT,DL,"https://static.www.nfl.com/image/private/f_auto,q_auto/league/n2sm7z9fzco3dy3kdzdt",CHI,14,11,3,8,1,1,0,0.5,4,1,0,0,0,0,0,0,0,0,0,0,1,5
2021,REG,00-0031553,B.McKinney,Benardrick McKinney,9,ILB,LB,"https://static.www.nfl.com/image/private/f_auto,q_auto/league/j8fbugbheduwxwjrrswa",NYG,17,11,6,12,1,1,0,0,0,0,0,0,0,0,0,0,0,0,0,0,0,0
2021,REG,00-0031554,E.Kendricks,Eric Kendricks,15,ILB,LB,"https://static.www.nfl.com/image/upload/f_auto,q_auto/league/adc49lyuljufsfseggdc",MIN,81,63,18,62,8,6,0,5,36,5,2,22,4,0,0,0,0,1,2,0,3,11
2021,REG,00-0031555,E.Rowe,Eric Rowe,17,SS,DB,"https://static.www.nfl.com/image/upload/f_auto,q_auto/league/ygvjgvkure8eesiiz0hw",MIA,44,38,6,28,0,0,3,0,0,1,0,0,4,0,0,0,0,0,0,0,3,19
2021,REG,00-0031557,J.Phillips,Jordan Phillips,9,DT,DL,"https://static.www.nfl.com/image/upload/f_auto,q_auto/league/iu4ppwzelupya497dxtt",ARI,14,12,2,8,3,0,0,3,20,4,0,0,2,0,0,0,0,0,0,0,3,45
2021,REG,00-0031558,M.Williams,Maxx Williams,1,TE,TE,"https://static.www.nfl.com/image/private/f_auto,q_auto/league/p0j7ax3rqhrzn5nvmc06",TEN,0,0,0,1,0,0,0,0,0,0,0,0,0,0,0,0,0,0,0,0,0,0
2021,REG,00-0031565,D.Hunter,Danielle Hunter,7,DE,DL,"https://static.www.nfl.com/image/upload/f_auto,q_auto/league/hsgq2reivph5rd48rq4p",MIN,23,22,1,15,6,0,0,6,40,11,0,0,0,0,0,0,0,0,0,0,0,0
2021,REG,00-0031566,T.Flowers,Trey Flowers,7,OLB,LB,"https://static.www.nfl.com/image/private/f_auto,q_auto/league/jxfkoekid7f3z5l3qxbx",DET,15,12,3,9,1,0,1,1.5,9,3,0,0,0,0,0,0,0,1,0,0,0,0
2021,REG,00-0031576,Z.Smith,Za'Darius Smith,1,DE,DL,"https://static.www.nfl.com/image/upload/f_auto,q_auto/league/l5t51lcflhhfvxhr1sx3",GB,1,1,0,0,0,0,0,0,0,0,0,0,0,0,0,0,0,0,0,0,1,10
2021,REG,00-0031581,M.Glowinski,Mark Glowinski,1,G,OL,"https://static.www.nfl.com/image/private/f_auto,q_auto/league/ldqr5jlk57a6nrha4u8w",TB,1,1,0,0,0,0,0,0,0,0,0,0,0,0,0,0,0,0,0,0,0,0
2021,REG,00-0031583,G.Jarrett,Grady Jarrett,16,DT,DL,"https://static.www.nfl.com/image/upload/f_auto,q_auto/league/evfy7od6zezkptbipam5",ATL,38,28,10,21,3,4,0,1,11,12,0,0,1,0,0,0,0,1,0,0,2,10
2021,REG,00-0031584,A.Amos,Adrian Amos,17,FS,DB,"https://static.www.nfl.com/image/private/f_auto,q_auto/league/igawxadxnpihzzpzw9oe",GB,75,68,7,18,0,0,0,0,0,0,2,0,8,0,0,0,0,0,0,0,2,26
2021,REG,00-0031587,B.McCain,Bobby McCain,17,SS,DB,"https://static.www.nfl.com/image/upload/f_auto,q_auto/league/qngkoi5ocjuet0kmni6a",WAS,47,46,1,16,0,0,0,0,0,0,4,63,9,1,0,0,0,0,0,0,1,13
2021,REG,00-0031588,S.Diggs,Stefon Diggs,1,WR,WR,"https://static.www.nfl.com/image/upload/f_auto,q_auto/league/to2qwuffjnjlouctglsl",CAR,1,1,0,0,0,0,0,0,0,0,0,0,0,0,0,0,0,0,0,0,0,0
2021,REG,00-0031588,S.Diggs,Stefon Diggs,1,WR,WR,"https://static.www.nfl.com/image/upload/f_auto,q_auto/league/to2qwuffjnjlouctglsl",MIA,1,1,0,0,0,0,0,0,0,0,0,0,0,0,0,0,0,0,0,0,0,0
2021,REG,00-0031588,S.Diggs,Stefon Diggs,1,WR,WR,"https://static.www.nfl.com/image/upload/f_auto,q_auto/league/to2qwuffjnjlouctglsl",NO,1,1,0,0,0,0,0,0,0,0,0,0,0,0,0,0,0,0,0,0,0,0
2021,REG,00-0031596,D.Mayo,David Mayo,7,MLB,LB,"https://static.www.nfl.com/image/private/f_auto,q_auto/league/jcpcby79esons5wd1ocp",WAS,12,11,1,7,2,3,0,0,0,1,0,0,0,0,0,0,0,1,0,0,0,0
2021,REG,00-0031597,T.Smith,Tye Smith,1,CB,DB,"https://static.www.nfl.com/image/private/f_auto,q_auto/league/zxyfhiakgitv3ultu7ug",MIN,3,3,0,0,0,0,0,0,0,0,0,0,0,0,0,0,0,0,0,0,0,0
2021,REG,00-0031608,Q.Diggs,Quandre Diggs,17,FS,DB,"https://static.www.nfl.com/image/upload/f_auto,q_auto/league/bpueborpbbhwe9pesnyt",SEA,66,54,12,28,1,2,0,0,0,0,5,68,7,0,0,0,0,0,0,0,1,15
2021,REG,00-0031610,D.Waller,Darren Waller,1,TE,TE,"https://static.www.nfl.com/image/private/f_auto,q_auto/league/qqzht46a66zbi9xyylf4",LAC,1,1,0,0,0,0,0,0,0,0,0,0,0,0,0,0,0,0,0,0,0,0
2021,REG,00-0031615,C.Ringo,Christian Ringo,13,DT,DL,"https://static.www.nfl.com/image/private/f_auto,q_auto/league/b2ohvjsfoadi1wlld4fd",NO,12,11,1,14,2,4,1,0,0,3,0,0,0,0,0,0,0,1,0,0,1,15
2021,REG,00-0031619,C.Covington,Christian Covington,14,NT,DL,"https://static.www.nfl.com/image/private/f_auto,q_auto/league/kbjzplxibstqlwmzmt4u",LAC,30,25,5,22,3,5,1,1,6,1,0,0,0,0,0,0,0,0,0,0,0,0
2021,REG,00-0031624,E.Robinson,Edmond Robinson,1,OLB,LB,"https://static.www.nfl.com/image/private/f_auto,q_auto/league/laxxbklw8na3w5v5uij0",SEA,0,0,0,0,0,0,0,0,0,0,0,0,0,0,0,0,0,0,0,0,1,10
2021,REG,00-0031628,D.Roberts,Darryl Roberts,3,CB,DB,"https://static.www.nfl.com/image/private/f_auto,q_auto/league/fszwbpiuqealhyh0l3rh",WAS,6,6,0,6,0,0,0,0,0,0,0,0,0,0,0,0,0,0,0,0,1,18
2021,REG,00-0031636,J.Hamilton,Justin Hamilton,7,DT,DL,"https://static.www.nfl.com/image/private/f_auto,q_auto/league/ez6bfwbler7mvwxbmlw7",DAL,6,5,1,4,1,1,0,0,0,2,0,0,0,0,0,0,0,0,0,0,1,5
2021,REG,00-0031713,X.Williams,Xavier Williams,1,DT,DL,"https://static.www.nfl.com/image/private/f_auto,q_auto/league/hftxadl5vsffvsy9mofs",HOU,0,0,0,1,0,0,0,0,0,0,0,0,0,0,0,0,0,0,0,0,0,0
2021,REG,00-0031740,N.Hewitt,Neville Hewitt,11,ILB,LB,"https://static.www.nfl.com/image/upload/f_auto,q_auto/league/tohlmo4ymgsmbe3egoac",HOU,32,27,5,19,1,0,0,0,0,1,0,0,0,0,0,0,0,0,0,0,0,0
2021,REG,00-0031763,D.Carter,DeAndre Carter,1,WR,WR,"https://static.www.nfl.com/image/private/f_auto,q_auto/league/mh4cvggohuakwwhobzrk",DAL,1,1,0,0,0,0,0,0,0,0,0,0,0,0,0,0,0,0,0,0,0,0
2021,REG,00-0031763,D.Carter,DeAndre Carter,1,WR,WR,"https://static.www.nfl.com/image/private/f_auto,q_auto/league/mh4cvggohuakwwhobzrk",NO,1,1,0,0,0,0,0,0,0,0,0,0,0,0,0,0,0,0,0,0,0,0
2021,REG,00-0031785,T.Hill,Troy Hill,12,CB,DB,"https://static.www.nfl.com/image/upload/f_auto,q_auto/league/fa4ba7c9ku1narcpyh10",CLE,34,28,6,15,7,7,0,2,13,3,0,0,1,0,0,0,0,0,0,0,4,38
2021,REG,00-0031795,D.Williams,DeShawn Williams,14,DE,DL,"https://static.www.nfl.com/image/upload/f_auto,q_auto/league/oomwiwcodj3uwrbd4bug",DEN,17,15,2,22,1,0,0,1,3,5,0,0,2,0,0,0,0,0,0,0,0,0
2021,REG,00-0031796,J.Coleman,Justin Coleman,11,CB,DB,"https://static.www.nfl.com/image/private/f_auto,q_auto/league/v4axwk5l0cixta9m4hw7",MIA,20,19,1,7,1,0,0,0,0,0,2,0,3,0,0,0,0,0,0,0,5,44
2021,REG,00-0031799,A.Harris,Anthony Harris,13,FS,DB,"https://static.www.nfl.com/image/private/f_auto,q_auto/league/yrs393stmux18uxypuvk",PHI,36,34,2,36,2,0,0,0,0,1,1,4,3,0,0,0,0,0,0,0,2,5
2021,REG,00-0031800,T.Heinicke,Taylor Heinicke,1,QB,QB,"https://static.www.nfl.com/image/upload/f_auto,q_auto/league/fz9e0aufjyyo5raclwji",BUF,1,1,0,0,0,0,0,0,0,0,0,0,0,0,0,0,0,0,0,0,0,0
2021,REG,00-0031838,J.Vaughters,James Vaughters,6,OLB,LB,"https://static.www.nfl.com/image/private/f_auto,q_auto/league/kovtdtv8oy1loablf0pg",ATL,4,3,1,3,0,0,1,1,15,4,0,0,0,0,0,0,0,0,0,0,0,0
2021,REG,00-0031844,D.Everett,Deshazor Everett,1,SS,DB,"https://static.www.nfl.com/image/private/f_auto,q_auto/league/x9wxc1vtscwyyehml9dq",WAS,1,1,0,2,0,0,0,0,0,0,0,0,0,0,0,0,0,0,0,0,0,0
2021,REG,00-0031856,B.King,Brandon King,1,OLB,LB,"https://static.www.nfl.com/image/private/f_auto,q_auto/league/xikcikwohuyr11a1slni",NE,0,0,0,0,0,0,0,0,0,0,0,0,0,0,0,0,0,0,0,0,1,5
2021,REG,00-0031870,D.Marlowe,Dean Marlowe,13,SS,DB,"https://static.www.nfl.com/image/private/f_auto,q_auto/league/zs2gv5rqyvnaqlwl4yst",DET,36,28,8,29,0,0,0,0,0,2,0,0,2,0,0,0,0,1,0,0,0,0
2021,REG,00-0031898,A.Singleton,Alex Singleton,14,ILB,LB,"https://static.www.nfl.com/image/upload/f_auto,q_auto/league/pzmcsembcob3ochitr6x",PHI,76,69,7,54,4,5,1,0,0,2,1,29,4,1,0,0,0,0,0,0,2,30
2021,REG,00-0031904,B.Callahan,Bryce Callahan,11,CB,DB,"https://static.www.nfl.com/image/private/f_auto,q_auto/league/wrmvesdgdxl3pjhssgyh",DEN,25,24,1,4,3,1,0,1,1,0,0,0,4,0,0,0,0,0,0,0,0,0
2021,REG,00-0031923,G.Mancz,Greg Mancz,1,C,OL,"https://static.www.nfl.com/image/private/f_auto,q_auto/league/xaeycyvaqxqa8ormajuk",IND,1,1,0,0,0,0,0,0,0,0,0,0,0,0,0,0,0,0,0,0,0,0
2021,REG,00-0031933,L.Williams,Leonard Williams,17,DT,DL,"https://static.www.nfl.com/image/upload/f_auto,q_auto/league/d2aptvibuotyxumk2ohy",NYG,34,27,7,47,5,5,2,6.5,38.5,14,0,0,2,0,0,0,0,1,0,0,4,30
2021,REG,00-0031935,P.Smith,Preston Smith,12,DE,DL,"https://static.www.nfl.com/image/upload/f_auto,q_auto/league/euesbavo3qc6kzxcu5mb",GB,25,22,3,13,9,9,2,9,65,17,0,0,2,0,1,1,0,1,0,0,1,5
2021,REG,00-0031938,C.Davis,Carl Davis,12,NT,DL,"https://static.www.nfl.com/image/upload/f_auto,q_auto/league/ozc21yaswwzhzdbcz0fm",NE,12,5,7,7,1,0,0,1,9,1,0,0,0,0,0,0,0,0,0,0,2,10
2021,REG,00-0031941,J.Crowder,Jamison Crowder,1,WR,WR,"https://static.www.nfl.com/image/upload/f_auto,q_auto/league/rfysbrjrvfdr72cx8who",PHI,1,1,0,0,0,0,0,0,0,0,0,0,0,0,0,0,0,0,0,0,0,0
2021,REG,00-0031947,T.Davison,Tyeler Davison,11,DT,DL,"https://static.www.nfl.com/image/private/f_auto,q_auto/league/sayuipn5ul8bvjr4rc1y",ATL,10,8,2,20,3,6,0,0,0,0,0,0,0,0,0,0,0,0,0,0,1,5
2021,REG,00-0031951,J.O'Shaughnessy,James O'Shaughnessy,1,TE,TE,"https://static.www.nfl.com/image/private/f_auto,q_auto/league/sz5g57zhnshipkpw39sz",LA,1,1,0,0,0,0,0,0,0,0,0,0,0,0,0,0,0,0,0,0,0,0
2021,REG,00-0031957,R.Nunez-Roches,Rakeem Nunez-Roches,11,NT,DL,"https://static.www.nfl.com/image/upload/f_auto,q_auto/league/lk9ht53hnkifzoboz79k",TB,5,5,0,12,3,7,1,0,0,1,0,0,0,0,0,0,0,0,0,0,0,0
2021,REG,00-0032009,A.Humphries,Adam Humphries,1,WR,WR,"https://static.www.nfl.com/image/private/f_auto,q_auto/league/l56ywjejfpraigzs4qia",DAL,1,0,1,0,0,0,0,0,0,0,0,0,0,0,0,0,0,0,0,0,0,0
2021,REG,00-0032009,A.Humphries,Adam Humphries,1,WR,WR,"https://static.www.nfl.com/image/private/f_auto,q_auto/league/l56ywjejfpraigzs4qia",LV,0,0,0,1,0,0,0,0,0,0,0,0,0,0,0,0,0,0,0,0,0,0
2021,REG,00-0032043,Q.Spain,Quinton Spain,1,G,OL,"https://static.www.nfl.com/image/private/f_auto,q_auto/league/mvclppna34mfpbvttdke",CLE,1,1,0,0,0,0,0,0,0,0,0,0,0,0,0,0,0,0,0,0,0,0
2021,REG,00-0032052,D.Fowler,Dante Fowler,14,OLB,LB,"https://static.www.nfl.com/image/upload/f_auto,q_auto/league/w9hqjfsqi3fzryay68mu",ATL,21,16,5,15,6,8,3,4.5,39,8,0,0,1,0,0,0,0,0,0,0,2,19
2021,REG,00-0032053,B.Scherff,Brandon Scherff,1,G,OL,"https://static.www.nfl.com/image/private/f_auto,q_auto/league/anatrup32nwke2whu7vo",CAR,1,1,0,0,0,0,0,0,0,0,0,0,0,0,0,0,0,0,0,0,0,0
2021,REG,00-0032057,J.Tartt,Jaquiski Tartt,14,SS,DB,"https://static.www.nfl.com/image/private/f_auto,q_auto/league/kvy8moe4ay9wtxp7typ7",SF,41,35,6,23,5,3,0,0,0,1,0,0,1,0,0,0,0,0,0,0,4,80
2021,REG,00-0032058,T.Coleman,Tevin Coleman,1,RB,RB,"https://static.www.nfl.com/image/private/f_auto,q_auto/league/wiu4r7bvhcafs9vamqc",BUF,1,1,0,0,0,0,0,0,0,0,0,0,0,0,0,0,0,0,0,0,0,0
2021,REG,00-0032058,T.Coleman,Tevin Coleman,1,RB,RB,"https://static.www.nfl.com/image/private/f_auto,q_auto/league/wiu4r7bvhcafs9vamqc",MIA,0,0,0,1,0,0,0,0,0,0,0,0,0,0,0,0,0,0,0,0,0,0
2021,REG,00-0032059,P.Williams,P.J. Williams,15,CB,DB,"https://static.www.nfl.com/image/private/f_auto,q_auto/league/owfturrb6icqusmtrncf",NO,36,35,1,6,3,4,1,2,16,4,3,86,5,1,0,0,0,0,0,0,0,0
2021,REG,00-0032063,M.Davis,Mike Davis,1,RB,RB,"https://static.www.nfl.com/image/private/f_auto,q_auto/league/csrqinegeyunycijua2q",NO,1,1,0,0,0,0,0,0,0,0,0,0,0,0,0,0,0,0,0,0,0,0
2021,REG,00-0032081,N.Dzubnar,Nick Dzubnar,5,ILB,LB,"https://static.www.nfl.com/image/private/f_auto,q_auto/league/fvvyeowlfnxgybavjmaz",TEN,1,1,0,3,0,0,0,0,0,0,0,0,0,0,0,0,0,0,0,0,1,7
2021,REG,00-0032103,D.Perryman,Denzel Perryman,15,ILB,LB,"https://static.www.nfl.com/image/upload/f_auto,q_auto/league/vxzrfxabkffbe1lg5qcq",LV,102,94,8,52,5,14,1,0,0,3,0,0,3,0,0,0,0,2,2,0,2,30
2021,REG,00-0032107,A.Blackson,Angelo Blackson,17,DT,DL,"https://static.www.nfl.com/image/upload/f_auto,q_auto/league/fqkyimdahqjlnqu60zqf",CHI,24,22,2,19,3,1,0,2.5,19.5,9,1,6,2,0,0,0,0,0,0,1,1,5
2021,REG,00-0032109,K.Alexander,Kwon Alexander,12,OLB,LB,"https://static.www.nfl.com/image/upload/f_auto,q_auto/league/rccrvhqts2qk8ycjqfmz",NO,39,32,7,11,7,6,1,3.5,19.5,7,1,0,2,0,1,1,8,1,8,0,2,9
2021,REG,00-0032116,D.Philon,Darius Philon,8,DT,DL,"https://static.www.nfl.com/image/private/f_auto,q_auto/league/gryzow4eritmhhvoqhwz",LV,19,16,3,8,5,9,0,2,10,2,0,0,2,0,0,0,0,2,2,0,2,10
2021,REG,00-0032127,M.Golden,Markus Golden,16,OLB,LB,"https://static.www.nfl.com/image/upload/f_auto,q_auto/league/nardbsqj0aigwn7tm8g1",ARI,33,29,4,15,10,3,4,11,50,19,0,0,1,0,0,0,0,2,0,0,2,10
2021,REG,00-0032128,C.Conley,Chris Conley,1,WR,WR,"https://static.www.nfl.com/image/upload/f_auto,q_auto/league/mr4h7vx02uwpr7xlfk6y",SF,0,0,0,1,0,0,0,0,0,0,0,0,0,0,0,0,0,0,0,0,0,0
2021,REG,00-0032129,J.Hicks,Jordan Hicks,17,ILB,LB,"https://static.www.nfl.com/image/upload/f_auto,q_auto/league/nupnkxjio2iuqppmog1a",ARI,75,62,13,41,7,7,1,4,38,5,0,0,5,0,0,0,0,2,0,0,1,10
2021,REG,00-0032135,J.James,Jesse James,1,TE,TE,"https://static.www.nfl.com/image/private/f_auto,q_auto/league/rgk9zqdx9lmbcblem3xn",TB,1,1,0,0,0,0,1,0,0,0,0,0,0,0,0,0,0,0,0,0,0,0
2021,REG,00-0032141,G.Swaim,Geoff Swaim,1,TE,TE,"https://static.www.nfl.com/image/upload/f_auto,q_auto/league/kecuhwgbqvlqt6gb0dz6",BUF,1,1,0,0,0,0,0,0,0,0,0,0,0,0,0,0,0,0,0,0,0,0
2021,REG,00-0032141,G.Swaim,Geoff Swaim,1,TE,TE,"https://static.www.nfl.com/image/upload/f_auto,q_auto/league/kecuhwgbqvlqt6gb0dz6",NE,1,1,0,0,0,0,0,0,0,0,0,0,0,0,0,0,0,0,0,0,0,0
2021,REG,00-0032143,D.Shelton,Danny Shelton,11,NT,DL,"https://static.www.nfl.com/image/private/f_auto,q_auto/league/nfwolstt4lyn2i7ct5b1",NYG,12,11,1,19,1,1,0,0.5,0.5,1,0,0,0,0,0,0,0,0,0,0,1,15
2021,REG,00-0032146,B.Dupree,Bud Dupree,10,OLB,LB,"https://static.www.nfl.com/image/upload/f_auto,q_auto/league/tg3rnyclhffznnme5elq",TEN,13,10,3,4,2,0,1,3,23,8,0,0,1,0,0,0,0,0,0,0,1,15
2021,REG,00-0032150,S.Nelson,Steven Nelson,15,CB,DB,"https://static.www.nfl.com/image/private/f_auto,q_auto/league/qaocvlmmgdkkubtkxqrt",PHI,34,31,3,16,0,0,0,0,0,0,1,4,7,0,0,0,0,0,0,0,5,78
2021,REG,00-0032162,T.McGill,T.Y. McGill,1,DT,DL,"https://static.www.nfl.com/image/upload/f_auto,q_auto/league/v1rav6esnezg5ggbkwoz",MIN,0,0,0,1,0,0,0,0,0,1,0,0,1,0,0,0,0,0,0,0,0,0
2021,REG,00-0032164,A.Armstead,Arik Armstead,17,DE,DL,"https://static.www.nfl.com/image/upload/f_auto,q_auto/league/ra0eag1wqgvw1nzbpy4a",SF,29,22,7,34,7,2,0,6,43,11,0,0,0,0,0,0,0,0,0,0,4,40
2021,REG,00-0032187,D.Johnson,David Johnson,1,RB,RB,"https://static.www.nfl.com/image/private/f_auto,q_auto/league/y7dtsyyjnoafefkbylbb",NYJ,1,1,0,0,0,0,0,0,0,0,0,0,0,0,0,0,0,0,0,0,0,0
2021,REG,00-0032195,R.Darby,Ronald Darby,11,CB,DB,"https://static.www.nfl.com/image/upload/f_auto,q_auto/league/dn0kn2aw6crrzvsjiuvl",DEN,42,40,2,11,1,2,0,0,0,0,0,0,6,0,0,0,0,0,0,0,3,25
2021,REG,00-0032197,R.Gregory,Randy Gregory,11,OLB,LB,"https://static.www.nfl.com/image/private/f_auto,q_auto/league/ntzrq0dmsyep6qjsdrjp",DAL,15,15,0,4,4,5,3,6,40,17,1,12,1,0,0,0,0,1,0,0,4,28
2021,REG,00-0032208,P.Dorsett,Phillip Dorsett,1,WR,WR,"https://static.www.nfl.com/image/upload/f_auto,q_auto/league/nwsw01lcnmb5bdcc8glp",ARI,0,0,0,1,0,0,0,0,0,0,0,0,0,0,0,0,0,0,0,0,0,0
2021,REG,00-0032210,F.Clark,Frank Clark,14,OLB,LB,"https://static.www.nfl.com/image/upload/f_auto,q_auto/league/imq9tljiopwvcfrsxwbh",KC,15,13,2,7,4,5,2,4.5,23.5,17,0,0,0,0,0,0,0,0,0,0,5,33
2021,REG,00-0032211,T.Lockett,Tyler Lockett,1,WR,WR,"https://static.www.nfl.com/image/upload/f_auto,q_auto/league/yz9p4pfwr0iyakhnwj4z",LA,1,1,0,0,0,0,0,0,0,0,0,0,0,0,0,0,0,0,0,0,0,0
2021,REG,00-0032214,T.Kroft,Tyler Kroft,1,TE,TE,"https://static.www.nfl.com/image/private/f_auto,q_auto/league/ztko1uhl01ebiutefibj",NE,1,1,0,0,0,0,0,0,0,0,0,0,0,0,0,0,0,0,0,0,0,0
2021,REG,00-0032214,T.Kroft,Tyler Kroft,1,TE,TE,"https://static.www.nfl.com/image/private/f_auto,q_auto/league/ztko1uhl01ebiutefibj",TEN,1,1,0,0,0,0,0,0,0,0,0,0,0,0,0,0,0,0,0,0,0,0
2021,REG,00-0032215,Da.Wilson,Damien Wilson,17,MLB,LB,"https://static.www.nfl.com/image/upload/f_auto,q_auto/league/ag2gfb62plvohhtp0jc5",JAX,57,53,4,47,5,8,1,3,28,5,1,1,5,0,0,0,0,0,0,0,1,15
2021,REG,00-0032239,B.Jones,Byron Jones,15,CB,DB,"https://static.www.nfl.com/image/private/f_auto,q_auto/league/w4heni1qbdsyuouvkjxb",MIA,47,40,7,11,0,0,1,0,0,0,0,0,10,0,0,0,0,0,0,0,3,16
2021,REG,00-0032242,R.Havenstein,Rob Havenstein,1,T,OL,"https://static.www.nfl.com/image/upload/f_auto,q_auto/league/pfeuxunpltlxtmgko6kh",GB,1,1,0,0,0,0,1,0,0,0,0,0,0,0,0,0,0,0,0,0,0,0
2021,REG,00-0032243,A.Marpet,Ali Marpet,1,G,OL,"https://static.www.nfl.com/image/private/f_auto,q_auto/league/k7sztrljegjwaugn2hsh",DAL,1,1,0,1,0,0,0,0,0,0,0,0,0,0,0,0,0,0,0,0,0,0
2021,REG,00-0032261,M.Brown,Malcom Brown,17,DT,DL,"https://static.www.nfl.com/image/private/f_auto,q_auto/league/udyfigpuqbsj3uaacirh",JAX,30,24,6,27,4,1,0,2,6,3,0,0,1,0,0,0,0,0,0,0,0,0
2021,REG,00-0032262,L.Collins,Landon Collins,13,SS,DB,"https://static.www.nfl.com/image/private/f_auto,q_auto/league/hyefzfcujafngv8nmzea",WAS,51,46,5,30,7,5,1,3,7,2,2,3,2,0,0,0,0,2,23,0,1,5
2021,REG,00-0032265,M.Edwards,Mario Edwards,8,DT,DL,"https://static.www.nfl.com/image/upload/f_auto,q_auto/league/cia50revbealvw5biusr",CHI,2,2,0,6,1,0,0,2,16,5,0,0,1,0,0,0,0,0,0,0,4,57
2021,REG,00-0032269,H.Anderson,Henry Anderson,3,DE,DL,"https://static.www.nfl.com/image/private/f_auto,q_auto/league/whijicwi8dymk1zhlafi",NE,3,3,0,0,0,0,0,0,0,0,0,0,0,0,0,0,0,0,0,0,0,0
2021,REG,00-0032320,E.Harris,Erik Harris,12,FS,DB,"https://static.www.nfl.com/image/private/f_auto,q_auto/league/vzqjwjllaqqqmrvvqwry",ATL,44,42,2,17,3,3,0,0.5,6,2,0,0,8,0,0,0,0,0,0,0,2,29
2021,REG,00-0032355,C.Rogers,Chester Rogers,1,WR,WR,"https://static.www.nfl.com/image/private/f_auto,q_auto/league/lkszsifhpwtjpvjvlxw5",TEN,0,0,0,0,0,0,0,0,0,0,0,0,0,0,0,0,0,0,0,0,1,5
2021,REG,00-0032366,T.Matakevich,Tyler Matakevich,5,MLB,LB,"https://static.www.nfl.com/image/upload/f_auto,q_auto/league/ug86kkpgmc0c9ntyp5qb",BUF,3,3,0,3,0,0,0,0,0,0,1,15,1,0,0,0,0,0,0,0,1,10
2021,REG,00-0032378,D.Buckner,DeForest Buckner,17,DT,DL,"https://static.www.nfl.com/image/upload/f_auto,q_auto/league/yuh9isf5mds3l9hcp4vw",IND,40,28,12,28,10,8,0,7,55.5,18,0,0,3,0,0,0,0,0,0,0,0,0
2021,REG,00-0032379,E.Apple,Eli Apple,16,CB,DB,"https://static.www.nfl.com/image/upload/f_auto,q_auto/league/szrv0msliekcbdfulpzb",CIN,38,35,3,11,2,4,0,0,0,0,2,50,10,0,1,1,0,0,0,0,5,72
2021,REG,00-0032382,K.Neal,Keanu Neal,14,FS,DB,"https://static.www.nfl.com/image/private/f_auto,q_auto/league/zz77nplqxb4kvkzionja",DAL,42,40,2,28,4,0,0,1,1,2,0,0,0,0,0,0,0,0,0,0,0,0
2021,REG,00-0032385,S.Shepard,Sterling Shepard,1,WR,WR,"https://static.www.nfl.com/image/upload/f_auto,q_auto/league/dphqvpkeselgrselrvma",DAL,1,1,0,0,0,0,0,0,0,0,0,0,0,0,0,0,0,0,0,0,0,0
2021,REG,00-0032385,S.Shepard,Sterling Shepard,1,WR,WR,"https://static.www.nfl.com/image/upload/f_auto,q_auto/league/dphqvpkeselgrselrvma",LA,2,2,0,0,0,0,0,0,0,0,0,0,0,0,0,0,0,0,0,0,0,0
2021,REG,00-0032387,J.Reed,Jarran Reed,16,NT,DL,"https://static.www.nfl.com/image/upload/f_auto,q_auto/league/td7umxhgwkswls8rutk0",KC,23,20,3,20,2,0,2,2.5,16,12,0,0,1,0,0,0,0,1,10,0,1,7
2021,REG,00-0032388,D.Jones,Deion Jones,16,ILB,LB,"https://static.www.nfl.com/image/upload/f_auto,q_auto/league/bewzmz3j2x3kgbydfmhd",ATL,87,73,14,50,8,18,1,2,17,4,0,0,6,0,0,0,0,0,0,0,2,18
2021,REG,00-0032389,M.Alexander,Mackensie Alexander,15,CB,DB,"https://static.www.nfl.com/image/private/f_auto,q_auto/league/uyoo4t3miqcvjjva7x20",MIN,32,28,4,18,1,0,0,0,0,0,0,0,5,0,0,0,0,0,0,0,5,57
2021,REG,00-0032392,A.Hooper,Austin Hooper,1,TE,TE,"https://static.www.nfl.com/image/upload/f_auto,q_auto/league/hj0ybtjspne3t1cso961",BAL,1,1,0,0,0,0,0,0,0,0,0,0,0,0,0,0,0,0,0,0,0,0
2021,REG,00-0032392,A.Hooper,Austin Hooper,1,TE,TE,"https://static.www.nfl.com/image/upload/f_auto,q_auto/league/hj0ybtjspne3t1cso961",PIT,1,1,0,0,0,0,0,0,0,0,0,0,0,0,0,0,0,0,0,0,0,0
2021,REG,00-0032395,G.Glasgow,Graham Glasgow,1,G,OL,"https://static.www.nfl.com/image/upload/f_auto,q_auto/league/rxvzi4lpyaty3ritme6w",LV,0,0,0,1,0,0,0,0,0,0,0,0,0,0,0,0,0,0,0,0,0,0
2021,REG,00-0032399,M.Killebrew,Miles Killebrew,4,SS,DB,"https://static.www.nfl.com/image/upload/f_auto,q_auto/league/hadxrgt3tjv3ceaougsj",PIT,5,3,2,1,1,1,0,0,0,0,0,0,0,0,0,0,0,0,0,0,1,4
2021,REG,00-0032401,D.Campbell,De'Vondre Campbell,16,ILB,LB,"https://static.www.nfl.com/image/upload/f_auto,q_auto/league/wctve53etxcg6hx9o9cr",GB,101,87,14,44,6,3,2,2,8,6,2,15,5,0,0,0,0,1,3,0,1,15
2021,REG,00-0032402,H.Ridgeway,Hassan Ridgeway,12,DT,DL,"https://static.www.nfl.com/image/private/f_auto,q_auto/league/qwfblduq15msbj7vd0sn",PHI,10,8,2,10,1,0,1,2,19,5,0,0,0,0,0,0,0,0,0,0,2,7
2021,REG,00-0032403,J.Burris,Juston Burris,9,SS,DB,"https://static.www.nfl.com/image/private/f_auto,q_auto/league/jfec3gix9dui5nyxavh6",CAR,17,16,1,6,1,0,0,0,0,0,1,17,1,0,0,0,0,0,0,0,3,38
2021,REG,00-0032408,B.Martinez,Blake Martinez,3,ILB,LB,"https://static.www.nfl.com/image/private/f_auto,q_auto/league/cjnmypxafnr8cgfnbnvt",NYG,11,11,0,12,1,1,0,0,0,0,0,0,0,0,0,0,0,0,0,0,0,0
2021,REG,00-0032410,R.Robinson,Rashard Robinson,2,CB,DB,"https://static.www.nfl.com/image/private/f_auto,q_auto/league/hlzfvlfmksspr5whg5ph",TB,2,2,0,0,0,0,0,0,0,0,0,0,0,0,0,0,0,0,0,0,1,10
2021,REG,00-0032412,D.Lowry,Dean Lowry,17,DE,DL,"https://static.www.nfl.com/image/upload/f_auto,q_auto/league/akvs2wasmwm0rnh9lpfj",GB,24,20,4,18,5,4,0,5,42,9,0,0,4,0,0,0,0,1,0,0,2,7
2021,REG,00-0032413,R.Blair,Ronald Blair,8,DE,DL,"https://static.www.nfl.com/image/private/f_auto,q_auto/league/bntwfar7mf4sbmbhackj",NYJ,12,7,5,16,4,3,0,1,6,4,0,0,0,0,0,0,0,1,6,0,1,10
2021,REG,00-0032415,M.Judon,Matt Judon,16,OLB,LB,"https://static.www.nfl.com/image/upload/f_auto,q_auto/league/whfmdlt319vlpqjyqdfl",NE,38,31,7,22,14,4,0,12.5,85,25,0,0,1,0,0,0,0,1,-6,0,6,60
2021,REG,00-0032416,Q.Jefferson,Quinton Jefferson,17,DE,DL,"https://static.www.nfl.com/image/upload/f_auto,q_auto/league/gledu9ppvddrbnqlpdmk",LV,17,13,4,30,5,2,2,4.5,31.5,16,0,0,1,0,0,0,0,0,0,0,1,5
2021,REG,00-0032419,J.Haeg,Joe Haeg,1,T,OL,"https://static.www.nfl.com/image/private/f_auto,q_auto/league/r1dnsh9odto6vsiyzl9i",DET,1,1,0,0,0,0,0,0,0,0,0,0,0,0,0,0,0,0,0,0,0,0
2021,REG,00-0032424,D.Reader,D.J. Reader,15,NT,DL,"https://static.www.nfl.com/image/upload/f_auto,q_auto/league/yfvsrhkblzo9sgrrgjix",CIN,22,18,4,21,3,1,0,2,10,7,0,0,0,0,0,0,0,0,0,0,1,11
2021,REG,00-0032437,K.Grugier-Hill,Kamu Grugier-Hill,14,ILB,LB,"https://static.www.nfl.com/image/upload/f_auto,q_auto/league/sxfai8ftbojvsdl3wvem",HOU,70,57,13,36,13,23,2,3,20,5,1,82,3,0,0,0,0,0,0,0,2,10
2021,REG,00-0032438,M.Canady,Maurice Canady,3,CB,DB,"https://static.www.nfl.com/image/private/f_auto,q_auto/league/fekmzwjvfcejwze0ytwp",DAL,4,3,1,1,0,0,0,0,0,0,0,0,0,0,0,0,0,0,0,0,0,0
2021,REG,00-0032442,E.Roberts,Elandon Roberts,17,ILB,LB,"https://static.www.nfl.com/image/upload/f_auto,q_auto/league/vbvspu3dh3ijm0gmqh4l",MIA,42,36,6,41,6,5,2,1,7,2,1,85,4,1,0,0,0,0,0,0,2,24
2021,REG,00-0032448,S.Weatherly,Stephen Weatherly,9,OLB,LB,"https://static.www.nfl.com/image/private/f_auto,q_auto/league/jsunriybiepcfkdhq5ys",DEN,8,7,1,6,5,7,0,2.5,22.5,7,0,0,0,0,0,0,0,0,0,0,1,5
2021,REG,00-0032448,S.Weatherly,Stephen Weatherly,3,OLB,LB,"https://static.www.nfl.com/image/private/f_auto,q_auto/league/jsunriybiepcfkdhq5ys",MIN,5,5,0,3,1,1,0,0,0,0,0,0,0,0,0,0,0,0,0,0,0,0
2021,REG,00-0032454,J.Kearse,Jayron Kearse,16,FS,DB,"https://static.www.nfl.com/image/private/f_auto,q_auto/league/z2gtcioou83mkhnwte6w",DAL,64,57,7,34,9,5,0,1,2,6,2,34,10,0,0,0,0,1,1,0,3,26
2021,REG,00-0032463,K.Peko,Kyle Peko,6,DT,DL,"https://static.www.nfl.com/image/upload/f_auto,q_auto/league/fjkxpymzwv4qn2qui5me",TEN,7,6,1,3,2,1,1,2,5,3,0,0,0,0,0,0,0,0,0,0,1,15
2021,REG,00-0032466,G.Fant,George Fant,1,T,OL,"https://static.www.nfl.com/image/upload/f_auto,q_auto/league/p4gwfzzxibqi5uiiw5q7",DEN,1,1,0,0,0,0,0,0,0,0,0,0,0,0,0,0,0,0,0,0,0,0
2021,REG,00-0032466,G.Fant,George Fant,1,T,OL,"https://static.www.nfl.com/image/upload/f_auto,q_auto/league/p4gwfzzxibqi5uiiw5q7",MIA,1,1,0,0,0,0,1,0,0,0,0,0,0,0,0,0,0,0,0,0,0,0
2021,REG,00-0032496,M.Farley,Matthias Farley,4,FS,DB,"https://static.www.nfl.com/image/private/f_auto,q_auto/league/yz4nj2cu0emfjudr3ofz",TEN,4,2,2,1,0,0,1,0,0,0,0,0,0,0,0,0,0,1,1,0,1,15
2021,REG,00-0032518,J.Zimmer,Justin Zimmer,5,DT,DL,"https://static.www.nfl.com/image/private/f_auto,q_auto/league/xgh3lgbrh0csrfynjpq6",BUF,2,1,1,6,2,1,0,1,10,4,0,0,0,0,0,0,0,0,0,0,0,0
2021,REG,00-0032521,M.Hilton,Mike Hilton,17,CB,DB,"https://static.www.nfl.com/image/upload/f_auto,q_auto/league/uippdcskzxubvfqoqxlo",CIN,48,43,5,18,8,8,1,0,0,2,2,59,5,1,0,0,0,0,0,0,2,20
2021,REG,00-0032525,J.Wilson,Jarrod Wilson,4,SS,DB,"https://static.www.nfl.com/image/private/f_auto,q_auto/league/ubprv9h2dimzokxfgc3n",NYJ,9,6,3,3,2,1,0,1,8,3,0,0,0,0,0,0,0,0,0,0,3,35
2021,REG,00-0032525,J.Wilson,Jarrod Wilson,1,SS,DB,"https://static.www.nfl.com/image/private/f_auto,q_auto/league/ubprv9h2dimzokxfgc3n",SF,1,1,0,0,0,0,0,0,0,0,0,0,0,0,0,0,0,0,0,0,0,0
2021,REG,00-0032528,J.Murray,Justin Murray,1,T,OL,"https://static.www.nfl.com/image/private/f_auto,q_auto/league/m2g6gfzborq0yheentjw",MIN,1,1,0,0,0,0,0,0,0,0,0,0,0,0,0,0,0,0,0,0,0,0
2021,REG,00-0032574,M.Pierce,Michael Pierce,7,NT,DL,"https://static.www.nfl.com/image/upload/f_auto,q_auto/league/k9oastt4cbi9gpksewri",MIN,12,11,1,8,3,1,1,3,20,4,0,0,0,0,0,0,0,0,0,0,0,0
2021,REG,00-0032578,W.Hamilton,Woodrow Hamilton,1,DT,DL,"https://static.www.nfl.com/image/private/f_auto,q_auto/league/s3uinm6pqyqwrmbgoynp",NYG,0,0,0,2,0,0,0,0,0,0,0,0,0,0,0,0,0,0,0,0,0,0
2021,REG,00-0032580,J.Jones,Jonathan Jones,6,CB,DB,"https://static.www.nfl.com/image/private/f_auto,q_auto/league/jn9mpyhj4gbzwyuio1kf",NE,13,13,0,5,0,0,0,0,0,0,1,0,3,0,0,0,0,0,0,0,0,0
2021,REG,00-0032592,S.Neasman,Sharrod Neasman,5,CB,DB,"https://static.www.nfl.com/image/private/f_auto,q_auto/league/yut5typ5hmpbucewbnwd",NYJ,11,9,2,2,2,1,0,0,0,0,1,13,3,0,0,0,0,0,0,0,0,0
2021,REG,00-0032602,J.McKissic,J.D. McKissic,1,RB,RB,"https://static.www.nfl.com/image/private/f_auto,q_auto/league/zi77vkqwrmklt5ic6lc6",DEN,1,1,0,0,0,0,0,0,0,0,0,0,0,0,0,0,0,0,0,0,0,0
2021,REG,00-0032637,A.Adams,Andrew Adams,7,SS,DB,"https://static.www.nfl.com/image/upload/f_auto,q_auto/league/vcek7tec4fmt3agbba2s",TB,14,14,0,7,1,1,0,0,0,1,1,17,4,0,0,0,0,0,0,0,3,31
2021,REG,00-0032641,D.Deayon,Donte Deayon,10,CB,DB,"https://static.www.nfl.com/image/private/f_auto,q_auto/league/v6br1z7iifzh2wjzwnx0",LA,24,20,4,5,1,0,0,0,0,0,0,0,2,0,0,0,0,0,0,0,1,15
2021,REG,00-0032655,R.Okwara,Romeo Okwara,3,DE,DL,"https://static.www.nfl.com/image/private/f_auto,q_auto/league/rkasbg8asew3pyozpkcu",DET,3,3,0,3,1,0,0,1,6,2,0,0,0,0,0,0,0,0,0,0,0,0
2021,REG,00-0032660,B.Bryant,Brandin Bryant,2,DT,DL,"https://static.www.nfl.com/image/private/f_auto,q_auto/league/rksltgairgdkebuo3gvv",BUF,2,2,0,0,0,0,0,0,0,1,0,0,0,0,0,0,0,0,0,0,0,0
2021,REG,00-0032667,R.Robertson-Harris,Roy Robertson-Harris,14,DT,DL,"https://static.www.nfl.com/image/upload/f_auto,q_auto/league/wvjotczjatgua8ufcxu4",JAX,21,17,4,16,4,1,0,3,23,9,0,0,2,0,0,0,0,0,0,0,3,42
2021,REG,00-0032671,M.Fox,Morgan Fox,16,DT,DL,"https://static.www.nfl.com/image/upload/f_auto,q_auto/league/mfqea9ql1fhomn2cognj",CAR,16,14,2,18,2,4,1,1.5,8,7,0,0,0,0,0,0,0,1,3,0,1,15
2021,REG,00-0032677,C.Littleton,Cory Littleton,14,OLB,LB,"https://static.www.nfl.com/image/private/f_auto,q_auto/league/co7mjepkzseqkecrhqz3",LV,50,45,5,45,2,0,0,0.5,0.5,2,0,0,4,0,0,0,0,1,0,0,1,20
2021,REG,00-0032688,R.Chosen,Robbie Chosen,1,WR,WR,"https://static.www.nfl.com/image/private/f_auto,q_auto/league/hkcncqfwusv19fah3mbt",ATL,1,1,0,0,0,0,0,0,0,0,0,0,0,0,0,0,0,0,0,0,0,0
2021,REG,00-0032725,S.Anderson,Stephen Anderson,1,TE,TE,"https://static.www.nfl.com/image/private/f_auto,q_auto/league/inufsxftnotmpeot1lh2",HOU,1,1,0,0,0,0,0,0,0,0,0,0,0,0,0,0,0,0,0,0,0,0
2021,REG,00-0032725,S.Anderson,Stephen Anderson,1,TE,TE,"https://static.www.nfl.com/image/private/f_auto,q_auto/league/inufsxftnotmpeot1lh2",WAS,1,1,0,0,0,0,0,0,0,0,0,0,0,0,0,0,0,0,0,0,0,0
2021,REG,00-0032734,B.Scarlett,Brennan Scarlett,9,OLB,LB,"https://static.www.nfl.com/image/private/f_auto,q_auto/league/auygeb68uz5qs6kfieib",MIA,6,3,3,10,1,2,0,0,0,1,0,0,1,0,0,0,0,0,0,0,1,5
2021,REG,00-0032758,V.Hargreaves,Vernon Hargreaves,2,CB,DB,"https://static.www.nfl.com/image/private/f_auto,q_auto/league/fp5olqsgdbv5malqazzu",CIN,1,1,0,3,0,0,0,0,0,0,0,0,0,0,0,0,0,0,0,0,0,0
2021,REG,00-0032758,V.Hargreaves,Vernon Hargreaves,6,CB,DB,"https://static.www.nfl.com/image/private/f_auto,q_auto/league/fp5olqsgdbv5malqazzu",HOU,20,17,3,7,0,0,0,0,0,0,1,18,3,0,0,0,0,0,0,0,1,3
2021,REG,00-0032759,S.Rankins,Sheldon Rankins,15,DT,DL,"https://static.www.nfl.com/image/upload/f_auto,q_auto/league/irtbfbgmszlpan4h954p",NYJ,15,12,3,17,5,9,0,3,15,7,0,0,0,0,0,0,0,2,0,0,1,5
2021,REG,00-0032761,R.Nkemdiche,Robert Nkemdiche,9,DT,DL,"https://static.www.nfl.com/image/private/f_auto,q_auto/league/jmkt9rqj574temt7bpfy",SEA,7,4,3,8,0,0,0,0,0,1,0,0,1,0,0,0,0,0,0,0,1,12
2021,REG,00-0032762,C.Jones,Chris Jones,13,DT,DL,"https://static.www.nfl.com/image/upload/f_auto,q_auto/league/bdoe3dkg1rej1tiqakb1",KC,18,17,1,9,8,1,1,9,65.5,17,0,0,5,0,0,0,0,1,-2,0,6,35
2021,REG,00-0032763,A.Johnson,Austin Johnson,17,DT,DL,"https://static.www.nfl.com/image/upload/f_auto,q_auto/league/ggb026caft3iv7codtxe",NYG,31,25,6,41,6,5,0,3.5,23.5,7,0,0,1,0,0,0,0,1,0,0,0,0
2021,REG,00-0032768,C.Whitehair,Cody Whitehair,1,G,OL,"https://static.www.nfl.com/image/upload/f_auto,q_auto/league/rp4zb2zxkhjosnuo6zer",GB,1,1,0,0,0,0,0,0,0,0,0,0,0,0,0,0,0,0,0,0,0,0
2021,REG,00-0032770,T.Young,Tavon Young,15,CB,DB,"https://static.www.nfl.com/image/private/f_auto,q_auto/league/aemzuxgenmqo1xpmogee",BAL,29,28,1,5,4,0,0,2,20,3,1,0,3,0,0,0,0,0,0,0,4,58
2021,REG,00-0032772,R.Smith,Ryan Smith,1,CB,DB,"https://static.www.nfl.com/image/private/f_auto,q_auto/league/rr2dson0ucuhmzizbjry",LAC,1,1,0,1,0,0,0,0,0,0,0,0,0,0,0,0,0,0,0,0,0,0
2021,REG,00-0032773,N.Kwiatkoski,Nick Kwiatkoski,6,ILB,LB,"https://static.www.nfl.com/image/private/f_auto,q_auto/league/y4kxbbep5gxsvsdjjdnf",LV,10,9,1,4,1,1,0,0,0,0,0,0,0,0,0,0,0,0,0,0,0,0
2021,REG,00-0032774,D.Bush,Deon Bush,9,SS,DB,"https://static.www.nfl.com/image/upload/f_auto,q_auto/league/bbfkoigp2kunslxoxizi",CHI,23,21,2,8,0,0,0,0,0,0,2,42,5,0,0,0,0,0,0,0,1,15
2021,REG,00-0032778,T.Sharpe,Tajae Sharpe,1,WR,WR,"https://static.www.nfl.com/image/private/f_auto,q_auto/league/c8fgfxrl2gmdv8thgw1p",TB,1,1,0,0,0,0,0,0,0,0,0,0,0,0,0,0,0,0,0,0,0,0
2021,REG,00-0032781,M.Ioannidis,Matt Ioannidis,15,DT,DL,"https://static.www.nfl.com/image/private/f_auto,q_auto/league/lpssqcmedzhumg82rpex",WAS,16,14,2,22,3,6,0,2.5,10.5,11,0,0,0,0,0,0,0,0,0,0,2,7
2021,REG,00-0032785,H.Vaitai,Halapoulivaati Vaitai,1,G,OL,"https://static.www.nfl.com/image/private/f_auto,q_auto/league/pfzazftnjpo529mvpo8e",CHI,1,1,0,0,0,0,0,0,0,0,0,0,0,0,0,0,0,0,0,0,0,0
2021,REG,00-0032786,M.Christian,Marqui Christian,5,SS,DB,"https://static.www.nfl.com/image/private/f_auto,q_auto/league/bk79sr1yjbieayejzi9a",CHI,3,2,1,2,0,0,0,0,0,0,0,0,1,0,0,0,0,0,0,0,1,10
2021,REG,00-0032790,D.Houston-Carson,DeAndre Houston-Carson,12,FS,DB,"https://static.www.nfl.com/image/private/f_auto,q_auto/league/fxpb4ojlixre6s7tn5ru",CHI,29,26,3,18,0,0,0,0,0,0,1,0,4,0,0,0,0,1,0,0,0,0
2021,REG,00-0032791,J.Grant,Jakeem Grant,1,WR,WR,"https://static.www.nfl.com/image/private/f_auto,q_auto/league/f2ujcvb61rknhjyxcrsu",ARI,1,1,0,0,0,0,0,0,0,0,0,0,0,0,0,0,0,0,0,0,0,0
2021,REG,00-0032803,J.Mills,Jalen Mills,15,CB,DB,"https://static.www.nfl.com/image/upload/f_auto,q_auto/league/yc4745ngoppgf1syjghl",NE,35,33,2,12,1,0,0,0,0,0,0,0,7,0,0,0,0,1,0,0,3,52
2021,REG,00-0032807,C.Fejedelem,Clayton Fejedelem,2,SS,DB,"https://static.www.nfl.com/image/private/f_auto,q_auto/league/mlxzah8tensxhgwc7z3x",MIA,1,1,0,0,0,0,0,0,0,0,0,0,0,0,0,0,0,0,0,0,1,8
2021,REG,00-0032809,J.Walker,Joe Walker,3,ILB,LB,"https://static.www.nfl.com/image/private/f_auto,q_auto/league/atg9crnzdxhx8cya6eh0",ARI,3,2,1,4,1,1,0,0,0,0,0,0,0,0,0,0,0,0,0,0,0,0
2021,REG,00-0032848,K.Peterson,Kevin Peterson,2,CB,DB,"https://static.www.nfl.com/image/private/f_auto,q_auto/league/zxah6cxxtk8knftopqym",ARI,6,5,1,2,0,0,0,0,0,0,0,0,0,0,0,0,0,0,0,0,0,0
2021,REG,00-0032871,A.Woods,Antwaun Woods,3,DT,DL,"https://static.www.nfl.com/image/private/f_auto,q_auto/league/qdd3dcj1cukyqvxzn1zx",IND,2,2,0,3,0,0,0,0,0,0,0,0,0,0,0,0,0,0,0,0,0,0
2021,REG,00-0032875,K.Crawley,Ken Crawley,2,CB,DB,"https://static.www.nfl.com/image/private/f_auto,q_auto/league/aobwnrjrxizyovaox0ma",NO,3,3,0,0,0,0,0,0,0,0,0,0,0,0,0,0,0,0,0,0,0,0
2021,REG,00-0032888,K.Joseph,Karl Joseph,1,SS,DB,"https://static.www.nfl.com/image/private/f_auto,q_auto/league/owp3ymcd9oo2veexzuhr",PIT,1,1,0,1,0,0,0,0,0,0,0,0,1,0,0,0,0,0,0,0,1,5
2021,REG,00-0032889,A.Robinson,A'Shawn Robinson,16,DE,DL,"https://static.www.nfl.com/image/upload/f_auto,q_auto/league/erkfjohq7j2kqigny727",LA,33,24,9,34,2,1,2,2,25,2,0,0,0,0,0,0,0,0,0,0,0,0
2021,REG,00-0032890,J.Bradberry,James Bradberry,16,CB,DB,"https://static.www.nfl.com/image/private/f_auto,q_auto/league/aicnvekzwdh4mw66wh8g",NYG,37,36,1,10,0,0,0,0,0,0,4,19,17,0,1,1,0,1,13,0,5,49
2021,REG,00-0032891,D.Worley,Daryl Worley,1,FS,DB,"https://static.www.nfl.com/image/private/f_auto,q_auto/league/rxotapqf0dvdbnhkk5fl",BAL,5,5,0,0,0,0,0,0,0,0,0,0,0,0,0,0,0,0,0,0,1,2
2021,REG,00-0032891,D.Worley,Daryl Worley,2,FS,DB,"https://static.www.nfl.com/image/private/f_auto,q_auto/league/rxotapqf0dvdbnhkk5fl",DET,0,0,0,2,0,0,0,0,0,0,0,0,0,0,0,0,0,0,0,0,0,0
2021,REG,00-0032892,N.Vigil,Nick Vigil,15,ILB,LB,"https://static.www.nfl.com/image/upload/f_auto,q_auto/league/wa0mujrluz8esidfvi8v",MIN,44,38,6,39,4,9,0,1,12,3,1,38,1,1,0,0,0,0,0,0,0,0
2021,REG,00-0032933,A.Hamilton,Antonio Hamilton,10,CB,DB,"https://static.www.nfl.com/image/upload/f_auto,q_auto/league/vr67l0o3rl37elhaulrf",ARI,25,23,2,4,1,0,0,0,0,0,0,0,4,0,0,0,0,0,0,0,3,20
2021,REG,00-0032939,V.Bell,Vonn Bell,16,SS,DB,"https://static.www.nfl.com/image/upload/f_auto,q_auto/league/sgfnqlbea65ktiiem6kp",CIN,64,62,2,33,5,8,3,0.5,6,1,1,15,8,0,0,0,0,1,0,0,3,33
2021,REG,00-0032942,K.Seymour,Kevon Seymour,6,CB,DB,"https://static.www.nfl.com/image/upload/f_auto,q_auto/league/krkiyzpkfb69x6dtt2bv",BAL,15,13,2,8,3,1,0,1,9,1,0,0,1,0,0,0,0,0,0,0,2,12
2021,REG,00-0032951,L.Treadwell,Laquon Treadwell,1,WR,WR,"https://static.www.nfl.com/image/upload/f_auto,q_auto/league/vhqspz1ssz3ncmgfvmsk",TEN,0,0,0,1,0,0,0,0,0,0,0,0,0,0,0,0,0,0,0,0,0,0
2021,REG,00-0032952,N.Spence,Noah Spence,2,DE,DL,"https://static.www.nfl.com/image/private/f_auto,q_auto/league/vxxxto3x9ynxu48plg4e",CIN,4,3,1,2,0,0,0,0,0,2,0,0,0,0,0,0,0,0,0,0,0,0
2021,REG,00-0032955,K.Fackrell,Kyler Fackrell,12,OLB,LB,"https://static.www.nfl.com/image/private/f_auto,q_auto/league/stc6dn3vpwl5vagaf8tx",LAC,11,10,1,5,4,3,1,3,17,4,0,0,1,0,0,0,0,1,0,0,1,5
2021,REG,00-0032958,W.Parks,Will Parks,3,FS,DB,"https://static.www.nfl.com/image/private/f_auto,q_auto/league/lfhinmy4ca72xl7c9ead",NYJ,7,7,0,2,1,2,0,0,0,0,0,0,1,0,0,0,0,0,0,0,0,0
2021,REG,00-0032967,V.Butler,Vernon Butler,8,DT,DL,"https://static.www.nfl.com/image/private/f_auto,q_auto/league/spxzurteytkysxgspmze",BUF,6,3,3,5,0,0,0,0,0,1,0,0,0,0,0,0,0,0,0,0,2,10
2021,REG,00-0032968,M.Jack,Myles Jack,15,ILB,LB,"https://static.www.nfl.com/image/private/f_auto,q_auto/league/snqammtqrlvcsml5kbx2",JAX,62,51,11,46,3,10,0,0,0,2,0,0,0,0,0,0,0,0,0,0,1,3
2021,REG,00-0032970,J.Jenkins,Jordan Jenkins,10,DE,DL,"https://static.www.nfl.com/image/private/f_auto,q_auto/league/dwdlmnbznpvpudy545ft",HOU,9,8,1,11,4,5,0,2.5,24,5,0,0,0,0,0,0,0,0,0,0,2,20
2021,REG,00-0032971,J.Simmons,Justin Simmons,17,FS,DB,"https://static.www.nfl.com/image/upload/f_auto,q_auto/league/hepfele9gi8zbjin8kbf",DEN,60,49,11,20,4,6,0,1.5,13,2,5,76,12,0,0,0,0,0,0,0,0,0
2021,REG,00-0032972,D.Booker,Devontae Booker,1,RB,RB,"https://static.www.nfl.com/image/private/f_auto,q_auto/league/y5fw68qxcmxykv1uchlo",DAL,1,1,0,0,0,0,0,0,0,0,0,0,0,0,0,0,0,0,0,0,0,0
2021,REG,00-0032972,D.Booker,Devontae Booker,1,RB,RB,"https://static.www.nfl.com/image/private/f_auto,q_auto/league/y5fw68qxcmxykv1uchlo",KC,1,1,0,0,0,0,0,0,0,0,0,0,0,0,0,0,0,0,0,0,0,0
2021,REG,00-0033006,J.Mickens,Jaydon Mickens,1,WR,WR,"https://static.www.nfl.com/image/private/f_auto,q_auto/league/edjmdcnmfcqucsqym7ku",TEN,1,1,0,0,0,0,0,0,0,0,0,0,0,0,0,0,0,0,0,0,0,0
2021,REG,00-0033009,T.Boyd,Tyler Boyd,1,WR,WR,"https://static.www.nfl.com/image/upload/f_auto,q_auto/league/ttifog0hjxprlhkagugu",PIT,1,1,0,0,0,0,0,0,0,0,0,0,0,0,0,0,0,0,0,0,0,0
2021,REG,00-0033010,S.Day,Sheldon Day,7,DT,DL,"https://static.www.nfl.com/image/upload/f_auto,q_auto/league/cxw7fnka7letqbn7e1h3",CLE,7,6,1,14,0,0,0,1,3.5,1,0,0,2,0,0,0,0,0,0,0,1,15
2021,REG,00-0033011,C.McGovern,Connor McGovern,1,C,OL,"https://static.www.nfl.com/image/upload/f_auto,q_auto/league/ldgfrqc1yt4lkktp1iky",BUF,1,1,0,0,0,0,0,0,0,0,0,0,0,0,0,0,0,0,0,0,0,0
2021,REG,00-0033011,C.McGovern,Connor McGovern,1,C,OL,"https://static.www.nfl.com/image/upload/f_auto,q_auto/league/ldgfrqc1yt4lkktp1iky",CIN,1,1,0,0,0,0,0,0,0,0,0,0,0,0,0,0,0,0,0,0,0,0
2021,REG,00-0033011,C.McGovern,Connor McGovern,1,C,OL,"https://static.www.nfl.com/image/upload/f_auto,q_auto/league/ldgfrqc1yt4lkktp1iky",NE,1,1,0,0,0,0,0,0,0,0,0,0,0,0,0,0,0,0,0,0,0,0
2021,REG,00-0033038,E.Murray,Eric Murray,13,FS,DB,"https://static.www.nfl.com/image/upload/f_auto,q_auto/league/odk8nhmepeqj3rdljafn",HOU,47,41,6,26,0,0,0,0,0,0,1,0,4,0,0,0,0,0,0,0,4,71
2021,REG,00-0033040,T.Hill,Tyreek Hill,1,WR,WR,"https://static.www.nfl.com/image/upload/f_auto,q_auto/league/gdwjlpbkenmnsibawkht",DEN,1,1,0,0,0,0,0,0,0,0,0,0,0,0,0,0,0,0,0,0,0,0
2021,REG,00-0033040,T.Hill,Tyreek Hill,1,WR,WR,"https://static.www.nfl.com/image/upload/f_auto,q_auto/league/gdwjlpbkenmnsibawkht",WAS,1,1,0,0,0,0,0,0,0,0,0,0,0,0,0,0,0,0,0,0,0,0
2021,REG,00-0033045,E.Elliott,Ezekiel Elliott,1,RB,RB,"https://static.www.nfl.com/image/upload/f_auto,q_auto/league/d4yr6htg4dbs0bgcfqnd",NYG,1,1,0,0,0,0,0,0,0,0,0,0,0,0,0,0,0,0,0,0,0,0
2021,REG,00-0033046,J.Ward,Jihad Ward,15,OLB,LB,"https://static.www.nfl.com/image/upload/f_auto,q_auto/league/qhdntz1hu7fboet6gsdg",JAX,10,10,0,22,3,0,0,2,10,7,0,0,0,0,0,0,0,0,0,0,2,22
2021,REG,00-0033047,A.Brown,Anthony Brown,16,CB,DB,"https://static.www.nfl.com/image/upload/f_auto,q_auto/league/b0di12hyti7dtrbs9stm",DAL,59,56,3,12,1,0,1,0,0,0,3,45,17,1,0,0,0,0,0,0,5,96
2021,REG,00-0033050,X.Howard,Xavien Howard,16,CB,DB,"https://static.www.nfl.com/image/private/f_auto,q_auto/league/u2leir3h3frcennwutsi",MIA,39,35,4,11,0,0,2,1,0,1,5,54,16,2,0,0,0,2,49,0,3,34
2021,REG,00-0033051,D.Onyemata,David Onyemata,9,DT,DL,"https://static.www.nfl.com/image/upload/f_auto,q_auto/league/lrcxemhxjms9iknz5nsv",NO,12,10,2,22,2,1,0,2,17,10,0,0,0,0,0,0,0,1,0,0,2,17
2021,REG,00-0033052,J.Smith,Jaylon Smith,4,MLB,LB,"https://static.www.nfl.com/image/upload/f_auto,q_auto/league/gsbqo2w6mf7wubadhflr",DAL,13,12,1,5,0,0,0,0,0,0,0,0,0,0,0,0,0,0,0,0,0,0
2021,REG,00-0033052,J.Smith,Jaylon Smith,1,MLB,LB,"https://static.www.nfl.com/image/upload/f_auto,q_auto/league/gsbqo2w6mf7wubadhflr",GB,1,1,0,0,0,0,0,0,0,0,0,0,0,0,0,0,0,0,0,0,0,0
2021,REG,00-0033052,J.Smith,Jaylon Smith,4,MLB,LB,"https://static.www.nfl.com/image/upload/f_auto,q_auto/league/gsbqo2w6mf7wubadhflr",NYG,12,11,1,7,1,0,0,1,9,1,0,0,1,0,0,0,0,0,0,0,0,0
2021,REG,00-0033055,J.Ramsey,Jalen Ramsey,16,CB,DB,"https://static.www.nfl.com/image/private/f_auto,q_auto/league/qqpx4sxtl2oj8e8jaig7",LA,62,52,10,15,9,14,1,0,0,1,4,41,16,0,0,0,0,1,8,0,5,57
2021,REG,00-0033057,J.Conklin,Jack Conklin,1,T,OL,"https://static.www.nfl.com/image/upload/f_auto,q_auto/league/n8bh3p91qk6myrjqmast",HOU,1,1,0,0,0,0,0,0,0,0,0,0,0,0,0,0,0,0,0,0,0,0
2021,REG,00-0033058,R.Ragland,Reggie Ragland,14,ILB,LB,"https://static.www.nfl.com/image/private/f_auto,q_auto/league/yyprvaghhgtf41mpuazp",NYG,38,31,7,28,2,1,0,0,0,1,0,0,2,0,0,0,0,1,0,0,0,0
2021,REG,00-0033059,T.Green,T.J. Green,4,CB,DB,"https://static.www.nfl.com/image/private/f_auto,q_auto/league/xlab3zv5zsx18dor6vu2",ATL,8,8,0,4,0,0,0,0,0,0,0,0,1,0,0,0,0,0,0,0,0,0
2021,REG,00-0033064,A.Gotsis,Adam Gotsis,13,DT,DL,"https://static.www.nfl.com/image/upload/f_auto,q_auto/league/pfkcfbi2cqmxvpjjvzbh",JAX,20,19,1,7,6,7,0,3,17,7,0,0,0,0,0,0,0,0,0,0,1,5
2021,REG,00-0033066,A.Billings,Andrew Billings,1,DT,DL,"https://static.www.nfl.com/image/upload/f_auto,q_auto/league/stkcgorrqfed6fpfcflw",CLE,0,0,0,1,0,0,0,0,0,0,0,0,0,0,0,0,0,0,0,0,0,0
2021,REG,00-0033072,L.Floyd,Leonard Floyd,17,DE,DL,"https://static.www.nfl.com/image/upload/f_auto,q_auto/league/nfkjp8qksxbnenougfzt",LA,37,30,7,33,7,5,1,9.5,68.5,18,1,11,3,0,0,0,0,1,0,0,6,31
2021,REG,00-0033073,E.Ogbah,Emmanuel Ogbah,17,DE,DL,"https://static.www.nfl.com/image/private/f_auto,q_auto/league/ch8e3xqiavbj85qnmypm",MIA,26,19,7,15,9,3,1,9,64,24,0,0,12,0,0,0,0,1,0,0,1,8
2021,REG,00-0033077,D.Prescott,Dak Prescott,1,QB,QB,"https://static.www.nfl.com/image/upload/f_auto,q_auto/league/xmtaggdnhuyl4pdwtv8j",LAC,1,1,0,0,0,0,0,0,0,0,0,0,0,0,0,0,0,0,0,0,0,0
2021,REG,00-0033083,D.Thompson,Darian Thompson,1,FS,DB,"https://static.www.nfl.com/image/private/f_auto,q_auto/league/nfzpwopmrdccg8or1hj4",DAL,2,2,0,0,0,0,0,0,0,0,0,0,0,0,0,0,0,0,0,0,0,0
2021,REG,00-0033084,K.Fuller,Kendall Fuller,16,CB,DB,"https://static.www.nfl.com/image/upload/f_auto,q_auto/league/pdznqfqyrrwcjdrjb3s5",WAS,64,58,6,13,2,3,0,1,6,1,1,0,16,0,0,0,0,0,0,0,1,13
2021,REG,00-0033093,J.Bullard,Jonathan Bullard,9,DE,DL,"https://static.www.nfl.com/image/upload/f_auto,q_auto/league/shtrimq73t4hqsojvxcf",ATL,8,7,1,13,0,0,0,0,0,1,0,0,1,0,0,0,0,0,0,0,0,0
2021,REG,00-0033096,S.Lawson,Shaq Lawson,12,DE,DL,"https://static.www.nfl.com/image/private/f_auto,q_auto/league/p2vm0nb8vtpc9urat9zo",NYJ,15,11,4,8,5,10,0,1,7,5,1,1,2,0,0,0,0,1,0,0,5,55
2021,REG,00-0033103,A.Burns,Artie Burns,6,CB,DB,"https://static.www.nfl.com/image/upload/f_auto,q_auto/league/nxzudhrs9uippsvtzzvm",CHI,18,16,2,4,1,1,0,0,0,0,0,0,6,0,0,0,0,0,0,0,2,13
2021,REG,00-0033107,W.Jackson,William Jackson,12,CB,DB,"https://static.www.nfl.com/image/private/f_auto,q_auto/league/ecy3oh2pt5nx8cxwcspc",WAS,36,34,2,3,0,0,0,0,0,0,2,0,8,0,0,0,0,0,0,0,7,103
2021,REG,00-0033109,J.Hargrave,Javon Hargrave,16,DT,DL,"https://static.www.nfl.com/image/upload/f_auto,q_auto/league/xdcpyvepnbcc4enqqj76",PHI,27,25,2,36,9,5,1,7.5,54.5,18,0,0,1,0,0,0,0,0,0,0,4,25
2021,REG,00-0033114,M.Thomas,Mike Thomas,1,WR,WR,"https://static.www.nfl.com/image/private/f_auto,q_auto/league/sytj4awk8kseyootqzec",CIN,0,0,0,0,0,0,0,0,0,0,0,0,0,0,0,0,0,0,0,0,1,9
2021,REG,00-0033120,K.Clark,Kenny Clark,16,DT,DL,"https://static.www.nfl.com/image/upload/f_auto,q_auto/league/tyzoow2xs7xp9kqh20dw",GB,27,23,4,21,6,4,0,4,46,13,0,0,0,0,0,0,0,1,0,0,0,0
2021,REG,00-0033123,Y.Ngakoue,Yannick Ngakoue,14,DE,DL,"https://static.www.nfl.com/image/upload/f_auto,q_auto/league/ivskxqgndid0umkimrdw",LV,17,14,3,11,8,4,2,10,50,23,0,0,3,0,0,0,0,0,0,0,5,45
2021,REG,00-0033125,J.Schobert,Joe Schobert,16,ILB,LB,"https://static.www.nfl.com/image/private/f_auto,q_auto/league/expy1fbbfzmswqd0f77r",PIT,70,57,13,42,2,2,1,0,0,1,1,23,6,0,0,0,0,0,0,0,1,5
2021,REG,00-0033129,C.Nassib,Carl Nassib,11,OLB,LB,"https://static.www.nfl.com/image/private/f_auto,q_auto/league/luelmcumocbaqvp20gyr",LV,16,13,3,5,3,8,1,1.5,12.5,4,0,0,0,0,0,0,0,0,0,0,0,0
2021,REG,00-0033131,M.Collins,Maliek Collins,15,DT,DL,"https://static.www.nfl.com/image/upload/f_auto,q_auto/league/podi6i7zb875h7jcmwmi",HOU,18,15,3,11,9,14,0,2.5,22,7,1,0,1,0,0,0,0,1,0,0,6,66
2021,REG,00-0033132,K.Byard,Kevin Byard,17,FS,DB,"https://static.www.nfl.com/image/upload/f_auto,q_auto/league/ymu0jcrm7clsyhhvmcki",TEN,57,42,15,31,1,0,2,1,11,4,5,66,13,2,0,0,0,1,30,0,3,61
2021,REG,00-0033156,J.Bosa,Joey Bosa,16,DE,DL,"https://static.www.nfl.com/image/upload/f_auto,q_auto/league/mlrnkg2xcymq7ilodar5",LAC,36,30,6,15,5,7,7,10.5,70,20,0,0,0,0,0,0,0,0,0,0,8,81
2021,REG,00-0033217,M.Alie-Cox,Mo Alie-Cox,1,TE,TE,"https://static.www.nfl.com/image/upload/f_auto,q_auto/league/f4orwwthvtcyd3vfqjvs",JAX,1,1,0,0,0,0,0,0,0,0,0,0,0,0,0,0,0,0,0,0,0,0
2021,REG,00-0033217,M.Alie-Cox,Mo Alie-Cox,1,TE,TE,"https://static.www.nfl.com/image/upload/f_auto,q_auto/league/f4orwwthvtcyd3vfqjvs",TB,0,0,0,1,0,0,0,0,0,0,0,0,0,0,0,0,0,0,0,0,0,0
2021,REG,00-0033217,M.Alie-Cox,Mo Alie-Cox,1,TE,TE,"https://static.www.nfl.com/image/upload/f_auto,q_auto/league/f4orwwthvtcyd3vfqjvs",TEN,1,1,0,0,0,0,0,0,0,0,0,0,0,0,0,0,0,0,0,0,0,0
2021,REG,00-0033221,D.Brunskill,Daniel Brunskill,2,C,OL,"https://static.www.nfl.com/image/upload/f_auto,q_auto/league/a6jmwkcgsq34mnc0wvan",SEA,3,3,0,0,0,0,0,0,0,0,0,0,0,0,0,0,0,0,0,0,0,0
2021,REG,00-0033251,Z.Pascal,Zach Pascal,1,WR,WR,"https://static.www.nfl.com/image/upload/f_auto,q_auto/league/pfhgz8ofqgoubhnuqtme",SF,1,1,0,0,0,0,0,0,0,0,0,0,0,0,0,0,0,0,0,0,0,0
2021,REG,00-0033251,Z.Pascal,Zach Pascal,1,WR,WR,"https://static.www.nfl.com/image/upload/f_auto,q_auto/league/pfhgz8ofqgoubhnuqtme",TB,1,0,1,0,0,0,0,0,0,0,0,0,0,0,0,0,0,0,0,0,0,0
2021,REG,00-0033275,P.Walker,P.J. Walker,1,QB,QB,"https://static.www.nfl.com/image/upload/f_auto,q_auto/league/rfbfapksdwh1o4othraq",ARI,0,0,0,1,0,0,0,0,0,0,0,0,0,0,0,0,0,0,0,0,0,0
2021,REG,00-0033280,C.McCaffrey,Christian McCaffrey,1,RB,RB,"https://static.www.nfl.com/image/upload/f_auto,q_auto/league/umiv5sn2xxrjdjwjtkqm",ARI,1,1,0,0,0,0,0,0,0,0,0,0,0,0,0,0,0,0,0,0,0,0
2021,REG,00-0033281,M.Humphrey,Marlon Humphrey,12,CB,DB,"https://static.www.nfl.com/image/upload/f_auto,q_auto/league/z76v2oy3pduhaugfzs3t",BAL,44,41,3,14,0,0,1,0,0,1,1,0,13,0,0,0,0,0,0,0,7,54
2021,REG,00-0033282,C.Samuel,Curtis Samuel,1,WR,WR,"https://static.www.nfl.com/image/upload/f_auto,q_auto/league/mq62ulflifrpjrcyknbj",NO,1,1,0,0,0,0,0,0,0,0,0,0,0,0,0,0,0,0,0,0,0,0
2021,REG,00-0033283,T.Bowser,Tyus Bowser,16,OLB,LB,"https://static.www.nfl.com/image/upload/f_auto,q_auto/league/ya9ueczkdruaxw1vnijr",BAL,31,27,4,25,8,11,2,7,56,15,0,0,4,0,0,0,0,0,0,0,1,15
2021,REG,00-0033284,T.Moton,Taylor Moton,1,T,OL,"https://static.www.nfl.com/image/upload/f_auto,q_auto/league/vbtlqcz25stu0u4cgprx",ARI,0,0,0,1,0,0,0,0,0,0,0,0,0,0,0,0,0,0,0,0,0,0
2021,REG,00-0033288,G.Kittle,George Kittle,1,TE,TE,"https://static.www.nfl.com/image/upload/f_auto,q_auto/league/ivkrikewqqdllzvano8h",GB,1,1,0,0,0,0,0,0,0,0,0,0,0,0,0,0,0,0,0,0,0,0
2021,REG,00-0033288,G.Kittle,George Kittle,1,TE,TE,"https://static.www.nfl.com/image/upload/f_auto,q_auto/league/ivkrikewqqdllzvano8h",LA,1,1,0,0,0,0,0,0,0,0,0,0,0,0,0,0,0,0,0,0,0,0
2021,REG,00-0033289,C.Elder,Corn Elder,1,CB,DB,"https://static.www.nfl.com/image/private/f_auto,q_auto/league/imtqxygrnsdx5nqvojnz",WAS,4,3,1,0,0,0,0,0,0,0,0,0,1,0,0,0,0,0,0,0,0,0
2021,REG,00-0033294,C.Clark,Chuck Clark,16,SS,DB,"https://static.www.nfl.com/image/upload/f_auto,q_auto/league/xuhbezcp9prw2eebxha4",BAL,46,42,4,31,3,2,0,1,12,1,2,17,12,1,0,0,0,0,0,0,1,5
2021,REG,00-0033297,D.Jones,D.J. Jones,16,NT,DL,"https://static.www.nfl.com/image/upload/f_auto,q_auto/league/vyntblgpp0dtgpvckebc",SF,40,34,6,16,10,21,2,2,20,3,0,0,1,0,0,0,0,0,0,0,0,0
2021,REG,00-0033302,A.Colbert,Adrian Colbert,4,FS,DB,"https://static.www.nfl.com/image/upload/f_auto,q_auto/league/f96eyatbjt9mayqg7znh",NYJ,10,9,1,6,0,0,0,0,0,0,0,0,0,0,0,0,0,0,0,0,0,0
2021,REG,00-0033324,T.Bower,Tashawn Bower,1,DE,DL,"https://static.www.nfl.com/image/private/f_auto,q_auto/league/h6ioogkk8kw2ik3vfdjd",MIN,1,1,0,0,0,0,0,0,0,0,0,0,0,0,0,0,0,0,0,0,0,0
2021,REG,00-0033324,T.Bower,Tashawn Bower,2,DE,DL,"https://static.www.nfl.com/image/private/f_auto,q_auto/league/h6ioogkk8kw2ik3vfdjd",NE,1,1,0,2,1,0,0,1,6,1,0,0,0,0,0,0,0,0,0,0,0,0
2021,REG,00-0033336,E.Wilson,Eric Wilson,1,ILB,LB,"https://static.www.nfl.com/image/upload/f_auto,q_auto/league/jkwb6og7ip3vojzqhmsq",HOU,1,1,0,0,0,0,0,0,0,0,0,0,0,0,0,0,0,0,0,0,1,10
2021,REG,00-0033336,E.Wilson,Eric Wilson,7,ILB,LB,"https://static.www.nfl.com/image/upload/f_auto,q_auto/league/jkwb6og7ip3vojzqhmsq",PHI,18,15,3,25,1,3,0,0,0,1,1,7,1,0,0,0,0,0,0,0,0,0
2021,REG,00-0033344,H.Nickerson,Hardy Nickerson,1,ILB,LB,"https://static.www.nfl.com/image/private/f_auto,q_auto/league/w2uuz8nnm26wdpzs5e0d",HOU,1,1,0,0,0,0,0,0,0,0,0,0,0,0,0,0,0,0,0,0,0,0
2021,REG,00-0033347,J.Tupou,Josh Tupou,10,NT,DL,"https://static.www.nfl.com/image/upload/f_auto,q_auto/league/l2qbcwd7xkczaf4yibdf",CIN,3,2,1,9,0,0,0,0,0,1,0,0,0,0,0,0,0,0,0,0,0,0
2021,REG,00-0033357,T.Hill,Taysom Hill,1,TE,TE,"https://static.www.nfl.com/image/upload/f_auto,q_auto/league/q8itjlocg5do60qat4l3",WAS,1,1,0,0,0,0,0,0,0,0,0,0,0,0,0,0,0,0,0,0,0,0
2021,REG,00-0033381,A.Butler,Adam Butler,13,DT,DL,"https://static.www.nfl.com/image/upload/f_auto,q_auto/league/kpbasd2x1ck6avhrdvya",MIA,9,7,2,8,2,0,0,2,13,5,0,0,3,0,0,0,0,0,0,0,0,0
2021,REG,00-0033387,J.Hollister,Jacob Hollister,1,TE,TE,"https://static.www.nfl.com/image/private/f_auto,q_auto/league/qdny7ap8ly1ozectd8zu",ARI,1,1,0,0,0,0,0,0,0,0,0,0,0,0,0,0,0,0,0,0,0,0
2021,REG,00-0033392,H.Langi,Harvey Langi,1,ILB,LB,"https://static.www.nfl.com/image/private/f_auto,q_auto/league/aydxopdtyvmbju00gmyt",NE,0,0,0,1,0,0,0,0,0,0,0,0,0,0,0,0,0,0,0,0,0,0
2021,REG,00-0033393,K.Moore,Kenny Moore,17,CB,DB,"https://static.www.nfl.com/image/private/f_auto,q_auto/league/ji3hdoi86xonnhxlr6gl",IND,81,72,9,20,6,6,1,1,1,1,4,78,13,0,0,0,0,0,0,0,1,12
2021,REG,00-0033403,C.Malveaux,Cameron Malveaux,3,DE,DL,"https://static.www.nfl.com/image/private/f_auto,q_auto/league/ymrrstfoqczhqxbdpyyg",PHI,0,0,0,3,0,0,0,0,0,2,0,0,0,0,0,0,0,0,0,0,0,0
2021,REG,00-0033405,T.McTyer,Torry McTyer,2,CB,DB,"https://static.www.nfl.com/image/private/f_auto,q_auto/league/fihkqpnzwigqms2mh2sx",WAS,1,1,0,0,0,0,0,0,0,0,0,0,2,0,0,0,0,0,0,0,1,28
2021,REG,00-0033430,G.Mabin,Greg Mabin,4,CB,DB,"https://static.www.nfl.com/image/private/f_auto,q_auto/league/kx7eaysqokv69ecev8s0",TEN,9,7,2,1,0,0,0,0,0,0,0,0,1,0,0,0,0,0,0,0,1,12
2021,REG,00-0033435,B.Borders,Breon Borders,1,CB,DB,"https://static.www.nfl.com/image/private/f_auto,q_auto/league/z27qeupe0konar5g4ovl",ARI,3,3,0,0,0,0,0,0,0,0,0,0,0,0,0,0,0,0,0,0,0,0
2021,REG,00-0033435,B.Borders,Breon Borders,4,CB,DB,"https://static.www.nfl.com/image/private/f_auto,q_auto/league/z27qeupe0konar5g4ovl",TEN,3,3,0,1,0,0,0,0,0,0,0,0,2,0,0,0,0,0,0,0,1,39
2021,REG,00-0033452,A.Calitro,Austin Calitro,1,ILB,LB,"https://static.www.nfl.com/image/private/f_auto,q_auto/league/kgiqm9wqj1gurqewpwxg",CIN,2,2,0,0,0,0,0,0,0,0,0,0,0,0,0,0,0,0,0,0,0,0
2021,REG,00-0033455,A.Firkser,Anthony Firkser,1,TE,TE,"https://static.www.nfl.com/image/upload/f_auto,q_auto/league/rpbs9wsnuhu9tgipzwuv",ARI,1,1,0,0,0,0,0,0,0,0,0,0,0,0,0,0,0,0,0,0,0,0
2021,REG,00-0033455,A.Firkser,Anthony Firkser,1,TE,TE,"https://static.www.nfl.com/image/upload/f_auto,q_auto/league/rpbs9wsnuhu9tgipzwuv",TEN,0,0,0,0,0,0,0,0,0,0,0,0,0,0,0,1,0,0,0,0,0,0
2021,REG,00-0033466,I.McKenzie,Isaiah McKenzie,1,WR,WR,"https://static.www.nfl.com/image/upload/f_auto,q_auto/league/gy6grhpxsegfgklfadte",IND,1,1,0,0,0,0,0,0,0,0,0,0,0,0,0,0,0,0,0,0,0,0
2021,REG,00-0033469,V.Taylor,Vincent Taylor,1,DT,DL,"https://static.www.nfl.com/image/private/f_auto,q_auto/league/wbhxbvig9a5u742ydron",HOU,1,1,0,1,0,0,0,0,0,0,0,0,0,0,0,0,0,0,0,0,0,0
2021,REG,00-0033471,I.Ford,Isaiah Ford,1,WR,WR,"https://static.www.nfl.com/image/private/f_auto,q_auto/league/ycqftcjsc9vyqmc8tlmw",CAR,1,1,0,0,0,0,0,0,0,0,0,0,0,0,0,0,0,0,0,0,0,0
2021,REG,00-0033481,M.Kemp,Marcus Kemp,1,WR,WR,"https://static.www.nfl.com/image/private/f_auto,q_auto/league/hetkew9ad3agbj8cq1r3",KC,1,1,0,0,1,0,0,0,0,0,0,0,0,0,0,0,0,0,0,0,0,0
2021,REG,00-0033503,A.Maulet,Arthur Maulet,14,CB,DB,"https://static.www.nfl.com/image/upload/f_auto,q_auto/league/yes3epodpjvubtvfoy7e",PIT,37,35,2,9,5,12,1,0,0,2,0,0,1,0,0,0,0,0,0,0,0,0
2021,REG,00-0033512,D.Kazee,Damontae Kazee,17,SS,DB,"https://static.www.nfl.com/image/upload/f_auto,q_auto/league/qjzpwvhklyf4pjds8nwe",DAL,34,32,2,17,0,0,2,0,0,0,2,8,4,0,0,0,0,0,0,0,3,45
2021,REG,00-0033523,J.Allen,Jonathan Allen,17,DT,DL,"https://static.www.nfl.com/image/upload/f_auto,q_auto/league/lezh4kpghvllvbriih5a",WAS,31,24,7,31,10,4,0,9,56,30,0,0,0,0,0,0,0,0,0,0,1,5
2021,REG,00-0033524,K.King,Kevin King,9,CB,DB,"https://static.www.nfl.com/image/upload/f_auto,q_auto/league/gtqricr7gub4urjpyadn",GB,20,20,0,7,0,0,0,0,0,1,1,0,3,0,0,0,0,0,0,0,0,0
2021,REG,00-0033539,J.Davis,Jarrad Davis,7,ILB,LB,"https://static.www.nfl.com/image/private/f_auto,q_auto/league/aojjnufhksozv3ztodf2",NYJ,17,14,3,7,0,0,0,0,0,0,0,0,0,0,0,0,0,0,0,0,0,0
2021,REG,00-0033540,T.McKinley,Takk McKinley,9,DE,DL,"https://static.www.nfl.com/image/upload/f_auto,q_auto/league/bkkszbovn5ncxprku7rh",CLE,10,9,1,8,3,0,1,2.5,14,8,0,0,0,0,0,0,0,0,0,0,0,0
2021,REG,00-0033541,T.Charlton,Taco Charlton,8,DE,DL,"https://static.www.nfl.com/image/private/f_auto,q_auto/league/vfj6yqbgzkb09odi6xfc",PIT,7,7,0,11,0,0,0,0.5,2,2,0,0,1,0,0,0,0,0,0,0,0,0
2021,REG,00-0033543,S.Jones,Sidney Jones,12,CB,DB,"https://static.www.nfl.com/image/private/f_auto,q_auto/league/qsxywzc7mfcj0ibjjevc",SEA,45,38,7,21,1,0,0,0,0,0,0,0,10,0,0,0,0,0,0,0,2,17
2021,REG,00-0033545,T.Tabor,Teez Tabor,3,FS,DB,"https://static.www.nfl.com/image/private/f_auto,q_auto/league/xrcqxkph85tilwfbkctv",CHI,6,6,0,2,0,0,0,0,0,0,0,0,0,0,0,0,0,0,0,0,2,19
2021,REG,00-0033546,D.Tomlinson,Dalvin Tomlinson,15,DT,DL,"https://static.www.nfl.com/image/upload/f_auto,q_auto/league/amm1zzozebf82214h0eg",MIN,17,11,6,22,2,1,0,2.5,11,7,0,0,2,0,0,0,0,1,0,0,1,15
2021,REG,00-0033547,Z.Cunningham,Zach Cunningham,10,ILB,LB,"https://static.www.nfl.com/image/upload/f_auto,q_auto/league/fpqgit8oxv2kkdufwrex",HOU,32,28,4,35,4,8,1,0,0,1,0,0,3,0,0,0,0,0,0,0,0,0
2021,REG,00-0033547,Z.Cunningham,Zach Cunningham,4,ILB,LB,"https://static.www.nfl.com/image/upload/f_auto,q_auto/league/fpqgit8oxv2kkdufwrex",TEN,18,15,3,7,3,1,0,0,0,0,0,0,0,0,0,0,0,0,0,0,0,0
2021,REG,00-0033548,C.Awuzie,Chidobe Awuzie,14,CB,DB,"https://static.www.nfl.com/image/upload/f_auto,q_auto/league/kjne7duta6jkknbbiyx7",CIN,53,49,4,11,4,4,0,0,0,0,2,42,14,0,0,0,0,0,0,0,2,18
2021,REG,00-0033549,D.Riley,Duke Riley,8,ILB,LB,"https://static.www.nfl.com/image/upload/f_auto,q_auto/league/qupmregt7cnl5jgzvuug",MIA,13,9,4,8,0,0,0,0,0,0,0,0,0,0,0,0,0,0,0,0,0,0
2021,REG,00-0033551,R.Douglas,Rasul Douglas,12,CB,DB,"https://static.www.nfl.com/image/upload/f_auto,q_auto/league/ckyphq6brbau8lhgbt6j",GB,48,47,1,4,1,0,1,0,0,0,5,105,13,2,0,0,0,0,0,0,4,50
2021,REG,00-0033553,J.Conner,James Conner,1,RB,RB,"https://static.www.nfl.com/image/upload/f_auto,q_auto/league/rtvys5j7sxjrlbpy5iim",DET,1,1,0,0,0,0,0,0,0,0,0,0,0,0,0,0,0,0,0,0,0,0
2021,REG,00-0033555,M.Hollins,Mack Hollins,1,WR,WR,"https://static.www.nfl.com/image/upload/f_auto,q_auto/league/xchw7quzjszgrm6psbyg",JAX,1,1,0,0,0,0,0,0,0,0,0,0,0,0,0,0,0,0,0,0,0,0
2021,REG,00-0033555,M.Hollins,Mack Hollins,1,WR,WR,"https://static.www.nfl.com/image/upload/f_auto,q_auto/league/xchw7quzjszgrm6psbyg",NO,1,1,0,0,0,0,0,0,0,0,0,0,0,0,0,0,0,0,0,0,0,0
2021,REG,00-0033557,J.Reeves-Maybin,Jalen Reeves-Maybin,13,OLB,LB,"https://static.www.nfl.com/image/upload/f_auto,q_auto/league/oczccxuvy4ltvjy4fhmu",DET,46,41,5,26,4,4,2,0,0,1,0,0,4,0,0,0,0,1,0,0,1,15
2021,REG,00-0033560,J.Davenport,Julien Davenport,1,T,OL,"https://static.www.nfl.com/image/upload/f_auto,q_auto/league/vtf8xuyok7a7q9ksuxnh",LA,1,1,0,0,0,0,0,0,0,0,0,0,0,0,0,0,0,0,0,0,0,0
2021,REG,00-0033563,C.Watkins,Carlos Watkins,14,DE,DL,"https://static.www.nfl.com/image/upload/f_auto,q_auto/league/f6lnoo70bkircgjnmc0k",DAL,17,14,3,15,5,9,0,1,8,2,1,29,1,1,0,0,0,1,0,0,1,5
2021,REG,00-0033566,D.King,Desmond King,15,CB,DB,"https://static.www.nfl.com/image/upload/f_auto,q_auto/league/bqwzwewlpjcgm8zgvcs9",HOU,62,58,4,24,1,1,1,0,0,0,3,25,6,0,0,0,0,0,0,0,4,41
2021,REG,00-0033568,N.Hairston,Nate Hairston,6,CB,DB,"https://static.www.nfl.com/image/private/f_auto,q_auto/league/ybyykttbwjl8gfhnielr",DEN,6,4,2,2,0,0,0,0,0,0,0,0,4,0,0,0,0,0,0,0,0,0
2021,REG,00-0033570,A.Walker,Anthony Walker,13,MLB,LB,"https://static.www.nfl.com/image/upload/f_auto,q_auto/league/e0zs0cfqze82te05sqi3",CLE,69,59,10,44,2,0,0,1,5,1,0,0,2,0,0,0,0,0,0,0,0,0
2021,REG,00-0033571,M.Milano,Matt Milano,16,OLB,LB,"https://static.www.nfl.com/image/upload/f_auto,q_auto/league/wic0vfbw2xj3a5yjgwf4",BUF,57,45,12,29,15,11,0,3,27,6,0,0,5,0,0,0,0,2,0,0,1,15
2021,REG,00-0033576,E.Saubert,Eric Saubert,1,TE,TE,"https://static.www.nfl.com/image/upload/f_auto,q_auto/league/pxcadtlbynaz2qbffpei",NYJ,1,1,0,0,0,0,0,0,0,0,0,0,0,0,0,0,0,0,0,0,0,0
2021,REG,00-0033579,X.Woods,Xavier Woods,17,FS,DB,"https://static.www.nfl.com/image/upload/f_auto,q_auto/league/eod3wrrurjyn3tnt3vre",MIN,71,64,7,36,1,1,2,1,3,1,3,54,10,0,0,0,0,0,0,0,4,86
2021,REG,00-0033580,T.Vallejo,Tanner Vallejo,7,ILB,LB,"https://static.www.nfl.com/image/private/f_auto,q_auto/league/yuami4bsadm32py6yhlr",ARI,7,5,2,4,1,1,0,0.5,0,1,0,0,1,0,0,0,0,0,0,0,1,15
2021,REG,00-0033588,I.Rochell,Isaac Rochell,10,DE,DL,"https://static.www.nfl.com/image/private/f_auto,q_auto/league/pltdnt3jewadxdfzhso3",IND,10,8,2,7,0,0,0,0,0,3,0,0,0,0,0,0,0,0,0,0,0,0
2021,REG,00-0033595,P.O'Connor,Pat O'Connor,4,DE,DL,"https://static.www.nfl.com/image/upload/f_auto,q_auto/league/mynhvgemge8xxm7ekits",TB,1,1,0,2,1,3,0,0.5,3.5,2,0,0,0,0,0,0,0,0,0,0,0,0
2021,REG,00-0033598,E.Ankou,Eli Ankou,4,DT,DL,"https://static.www.nfl.com/image/upload/f_auto,q_auto/league/vo3rcoaq6owinjqnlzis",BUF,5,3,2,4,1,0,0,1,2,1,0,0,0,0,0,0,0,0,0,0,1,5
2021,REG,00-0033598,E.Ankou,Eli Ankou,1,DT,DL,"https://static.www.nfl.com/image/upload/f_auto,q_auto/league/vo3rcoaq6owinjqnlzis",TEN,0,0,0,3,0,0,0,0,0,0,0,0,0,0,0,0,0,0,0,0,0,0
2021,REG,00-0033611,R.Seals-Jones,Ricky Seals-Jones,1,TE,TE,"https://static.www.nfl.com/image/private/f_auto,q_auto/league/nqwpbsutfe0anvjkqeux",WAS,0,0,0,0,0,0,0,0,0,0,0,0,0,0,0,0,0,0,0,0,1,5
2021,REG,00-0033649,K.Nacua,Kai Nacua,1,SS,DB,"https://static.www.nfl.com/image/private/f_auto,q_auto/league/vdesbkgnajybqizumaww",NYJ,2,2,0,0,0,0,0,0,0,0,0,0,0,0,0,0,0,0,0,0,0,0
2021,REG,00-0033658,B.Jarwin,Blake Jarwin,1,TE,TE,"https://static.www.nfl.com/image/private/f_auto,q_auto/league/fsn8rvgup22r5e53mu7i",MIN,1,1,0,0,0,0,0,0,0,0,0,0,0,0,0,0,0,0,0,0,0,0
2021,REG,00-0033659,J.Jones,Joseph Jones,1,ILB,LB,"https://static.www.nfl.com/image/private/f_auto,q_auto/league/sxvgaf3z5h6n9kb9rs5y",TEN,0,0,0,1,0,0,0,0,0,0,0,0,0,0,0,0,0,0,0,0,0,0
2021,REG,00-0033681,K.Cole,Keelan Cole,1,WR,WR,"https://static.www.nfl.com/image/private/f_auto,q_auto/league/djdjurxk3b6y347zirvz",BUF,1,1,0,0,0,0,0,0,0,0,0,0,0,0,0,0,0,0,0,0,0,0
2021,REG,00-0033681,K.Cole,Keelan Cole,1,WR,WR,"https://static.www.nfl.com/image/private/f_auto,q_auto/league/djdjurxk3b6y347zirvz",IND,1,1,0,0,0,0,0,0,0,0,0,0,0,0,0,0,0,0,0,0,0,0
2021,REG,00-0033697,M.Davis,Michael Davis,14,CB,DB,"https://static.www.nfl.com/image/upload/f_auto,q_auto/league/xhomoqg5qsjbpacywfno",LAC,42,37,5,12,1,0,0,0,0,0,1,0,12,0,0,0,0,2,34,0,5,34
2021,REG,00-0033716,C.Munson,Calvin Munson,1,ILB,LB,"https://static.www.nfl.com/image/private/f_auto,q_auto/league/gsavlqgk7u4z9pobxxwo",NE,1,0,1,2,1,2,0,0,0,0,0,0,0,0,0,0,0,0,0,0,0,0
2021,REG,00-0033733,G.Ward,Greg Ward,1,WR,WR,"https://static.www.nfl.com/image/private/f_auto,q_auto/league/avy32bijim6pgiiu8gtz",PHI,0,0,0,0,0,0,0,0,0,0,0,0,0,0,0,0,0,0,0,0,1,10
2021,REG,00-0033752,S.Norton,Storm Norton,1,T,OL,"https://static.www.nfl.com/image/upload/f_auto,q_auto/league/fv2htxptn1e287jhekhs",PIT,1,1,0,0,0,0,0,0,0,0,0,0,0,0,0,0,0,0,0,0,0,0
2021,REG,00-0033765,D.Cole,Dylan Cole,3,ILB,LB,"https://static.www.nfl.com/image/private/f_auto,q_auto/league/wgsh2du4mjwkidx86ue5",TEN,2,2,0,4,1,0,0,0,0,1,0,0,1,0,0,0,0,0,0,0,1,15
2021,REG,00-0033779,D.Virgin,Dee Virgin,1,CB,DB,"https://static.www.nfl.com/image/private/f_auto,q_auto/league/cpgutvhrcpu537ytonqd",CHI,0,0,0,0,0,0,0,0,0,0,0,0,0,0,0,0,0,0,0,0,1,10
2021,REG,00-0033782,D.Walker,DeMarcus Walker,13,DE,DL,"https://static.www.nfl.com/image/upload/f_auto,q_auto/league/srytj7u2ver5a0lnanpg",HOU,21,17,4,10,4,2,1,2,17,7,0,0,1,0,0,0,0,0,0,0,2,10
2021,REG,00-0033783,A.Witherspoon,Ahkello Witherspoon,8,CB,DB,"https://static.www.nfl.com/image/upload/f_auto,q_auto/league/s0ugeantfk8glnsstdwe",PIT,14,12,2,1,1,1,0,0,0,0,3,45,9,0,0,0,0,0,0,0,0,0
2021,REG,00-0033784,E.Jackson,Eddie Jackson,13,FS,DB,"https://static.www.nfl.com/image/upload/f_auto,q_auto/league/ixwxc8m6qpilrwnuxfff",CHI,54,49,5,22,4,11,1,0,0,0,0,0,2,0,0,0,0,0,0,0,1,4
2021,REG,00-0033790,J.Evans,Jordan Evans,3,OLB,LB,"https://static.www.nfl.com/image/private/f_auto,q_auto/league/aemtussu71w2bxnsvo8g",CIN,2,2,0,2,0,0,0,0,0,0,0,0,0,0,0,0,0,0,0,0,0,0
2021,REG,00-0033791,B.Wilson,Brandon Wilson,2,FS,DB,"https://static.www.nfl.com/image/private/f_auto,q_auto/league/qivxnok733r3757ruzqy",CIN,1,1,0,2,0,0,0,0,0,0,0,0,0,0,0,0,0,0,0,0,0,0
2021,REG,00-0033792,R.Ford,Rudy Ford,14,FS,DB,"https://static.www.nfl.com/image/private/f_auto,q_auto/league/lcxikptlx1eo7hom7hcu",JAX,37,36,1,13,1,0,0,0.5,2.5,2,1,8,3,0,0,0,0,0,0,0,0,0
2021,REG,00-0033839,D.Westbrook,Dede Westbrook,1,WR,WR,"https://static.www.nfl.com/image/private/f_auto,q_auto/league/jjlxw2ircxecpx3ipeax",PIT,1,1,0,0,0,0,0,0,0,0,0,0,0,0,0,0,0,0,0,0,0,0
2021,REG,00-0033856,L.Fournette,Leonard Fournette,1,RB,RB,"https://static.www.nfl.com/image/private/f_auto,q_auto/league/atxppoc7zqcjnbnk0awz",DAL,0,0,0,1,0,0,0,0,0,0,0,0,0,0,0,0,0,0,0,0,0,0
2021,REG,00-0033860,D.Godchaux,Davon Godchaux,17,NT,DL,"https://static.www.nfl.com/image/private/f_auto,q_auto/league/vdvrll3sffp00ijreboc",NE,32,25,7,33,2,3,1,1,7,5,0,0,0,0,0,0,0,0,0,0,1,5
2021,REG,00-0033868,M.Garrett,Myles Garrett,17,DE,DL,"https://static.www.nfl.com/image/private/f_auto,q_auto/league/y33rmtjxhgil7cjcftlc",CLE,33,31,2,18,17,8,1,16,91.5,33,0,0,3,1,0,0,0,1,15,0,2,10
2021,REG,00-0033870,S.Thomas,Solomon Thomas,14,DT,DL,"https://static.www.nfl.com/image/upload/f_auto,q_auto/league/kuzovvbbdsshvhhstf5f",LV,17,15,2,17,3,5,2,3.5,19.5,12,0,0,2,0,0,0,0,0,0,0,4,29
2021,REG,00-0033872,J.Adams,Jamal Adams,12,SS,DB,"https://static.www.nfl.com/image/upload/f_auto,q_auto/league/whdw4wbaegvpdhxffnud",SEA,56,47,9,31,4,3,0,0,0,2,2,0,5,0,0,0,0,0,0,0,3,23
2021,REG,00-0033873,P.Mahomes,Patrick Mahomes,1,QB,QB,"https://static.www.nfl.com/image/upload/f_auto,q_auto/league/qrdbvu4iqy7wkqg8jq8d",LAC,1,1,0,0,0,0,0,0,0,0,0,0,0,0,0,0,0,0,0,0,0,0
2021,REG,00-0033874,M.Lattimore,Marshon Lattimore,16,CB,DB,"https://static.www.nfl.com/image/upload/f_auto,q_auto/league/z4npwlwl5teozc1lp8ky",NO,55,53,2,13,0,0,0,0,0,0,3,35,19,0,0,0,0,1,1,0,5,58
2021,REG,00-0033875,H.Reddick,Haason Reddick,16,OLB,LB,"https://static.www.nfl.com/image/upload/f_auto,q_auto/league/a1zhze78doxzir02uvmr",CAR,37,31,6,31,12,6,2,11,72.5,18,0,0,0,0,0,0,0,1,22,0,3,35
2021,REG,00-0033876,D.Barnett,Derek Barnett,16,DE,DL,"https://static.www.nfl.com/image/upload/f_auto,q_auto/league/zmd1moeoqrnfttpb2diu",PHI,20,17,3,26,7,19,0,2,27,11,0,0,0,0,0,0,0,0,0,0,7,47
2021,REG,00-0033877,M.Hooker,Malik Hooker,15,FS,DB,"https://static.www.nfl.com/image/upload/f_auto,q_auto/league/bo2hnyhkoybx09qn0jpf",DAL,30,28,2,14,1,1,0,0,0,0,1,0,2,0,0,0,0,0,0,0,1,15
2021,REG,00-0033878,A.Jackson,Adoree' Jackson,13,CB,DB,"https://static.www.nfl.com/image/private/f_auto,q_auto/league/wz7ftjbrza2khve21rpl",NYG,47,41,6,15,1,3,0,0,0,0,1,10,8,0,0,0,0,0,0,0,0,0
2021,REG,00-0033880,C.Harris,Charles Harris,17,DE,DL,"https://static.www.nfl.com/image/upload/f_auto,q_auto/league/xssxsqkbd4osqsrbtxr5",DET,34,31,3,31,10,1,2,7.5,70,16,0,0,0,0,0,0,0,0,0,0,4,46
2021,REG,00-0033881,E.Engram,Evan Engram,1,TE,TE,"https://static.www.nfl.com/image/upload/f_auto,q_auto/league/sea0atk2feif4n75dvq8",DAL,1,1,0,0,0,0,0,0,0,0,0,0,0,0,0,0,0,0,0,0,0,0
2021,REG,00-0033883,J.Peppers,Jabrill Peppers,5,SS,DB,"https://static.www.nfl.com/image/private/f_auto,q_auto/league/w2cmxw8r8hy8mnghitxp",NYG,19,19,0,10,2,1,0,1,4,4,0,0,1,0,0,0,0,0,0,0,0,0
2021,REG,00-0033884,T.White,Tre'Davious White,11,CB,DB,"https://static.www.nfl.com/image/upload/f_auto,q_auto/league/xlgqko9tehzohbgnou0v",BUF,27,23,4,14,1,2,1,0.5,3,1,1,0,6,0,0,0,0,1,0,0,5,48
2021,REG,00-0033885,D.Njoku,David Njoku,1,TE,TE,"https://static.www.nfl.com/image/private/f_auto,q_auto/league/ilvxwdllivrvwbuj69cm",CIN,1,1,0,0,0,0,0,0,0,0,0,0,0,0,0,0,0,0,0,0,0,0
2021,REG,00-0033885,D.Njoku,David Njoku,1,TE,TE,"https://static.www.nfl.com/image/private/f_auto,q_auto/league/ilvxwdllivrvwbuj69cm",DET,1,1,0,0,0,0,0,0,0,0,0,0,0,0,0,0,0,0,0,0,0,0
2021,REG,00-0033886,T.Watt,T.J. Watt,15,OLB,LB,"https://static.www.nfl.com/image/upload/f_auto,q_auto/league/r1ktugphegyoqsbbhrau",PIT,48,42,6,16,21,8,5,22.5,111.5,39,0,0,7,0,0,0,0,3,0,0,3,24
2021,REG,00-0033890,B.Baker,Budda Baker,17,SS,DB,"https://static.www.nfl.com/image/upload/f_auto,q_auto/league/fg0hgiihwwun2qerappu",ARI,63,60,3,35,6,5,0,2,5,3,3,101,7,0,0,0,0,1,5,0,1,5
2021,REG,00-0033891,Z.Jones,Zay Jones,1,WR,WR,"https://static.www.nfl.com/image/upload/f_auto,q_auto/league/uxtqpnwdviolravhnrkw",IND,1,1,0,0,0,0,0,0,0,0,0,0,0,0,0,0,0,0,0,0,0,0
2021,REG,00-0033891,Z.Jones,Zay Jones,1,WR,WR,"https://static.www.nfl.com/image/upload/f_auto,q_auto/league/uxtqpnwdviolravhnrkw",KC,1,1,0,0,0,0,0,0,0,0,0,0,0,0,0,0,0,0,0,0,0,0
2021,REG,00-0033892,M.Maye,Marcus Maye,6,FS,DB,"https://static.www.nfl.com/image/upload/f_auto,q_auto/league/jkqmwuujqfh8kir8wzdq",NYJ,30,26,4,16,4,2,0,1,10,1,0,0,2,0,0,0,0,0,0,0,2,20
2021,REG,00-0033894,M.Williams,Marcus Williams,16,FS,DB,"https://static.www.nfl.com/image/upload/f_auto,q_auto/league/niqp2dje7qvlegxtsttn",NO,52,50,2,22,0,0,1,0,0,0,2,56,8,0,0,0,0,0,0,0,0,0
2021,REG,00-0033897,J.Mixon,Joe Mixon,1,RB,RB,"https://static.www.nfl.com/image/upload/f_auto,q_auto/league/gwyhozfhjgedwdmmjjcf",CHI,0,0,0,1,0,0,0,0,0,0,0,0,0,0,0,0,0,0,0,0,0,0
2021,REG,00-0033902,T.Kpassagnon,Tanoh Kpassagnon,8,DE,DL,"https://static.www.nfl.com/image/private/f_auto,q_auto/league/ilr1bs7qesfq7fryeetc",NO,14,13,1,4,3,0,1,4,38,8,0,0,2,0,0,0,0,0,0,0,0,0
2021,REG,00-0033903,J.Jones,Josh Jones,1,FS,DB,"https://static.www.nfl.com/image/private/f_auto,q_auto/league/ywylkm98gm6vqgxq9zg5",IND,1,0,1,1,0,0,0,0,0,0,0,0,0,0,0,0,0,0,0,0,0,0
2021,REG,00-0033903,J.Jones,Josh Jones,1,FS,DB,"https://static.www.nfl.com/image/private/f_auto,q_auto/league/ywylkm98gm6vqgxq9zg5",SEA,6,3,3,4,0,0,0,0,0,0,0,0,1,0,0,0,0,0,0,0,0,0
2021,REG,00-0033904,D.Dawkins,Dion Dawkins,1,T,OL,"https://static.www.nfl.com/image/upload/f_auto,q_auto/league/y91b58ldqfxiiluu70g0",ATL,1,1,0,0,0,0,0,0,0,0,0,0,0,0,0,0,0,0,0,0,0,0
2021,REG,00-0033905,L.Ogunjobi,Larry Ogunjobi,15,DT,DL,"https://static.www.nfl.com/image/upload/f_auto,q_auto/league/ku6hytxqrto1u4zn8al8",CIN,29,23,6,20,12,9,0,7,51.5,16,0,0,0,0,0,0,0,0,0,0,1,5
2021,REG,00-0033906,A.Kamara,Alvin Kamara,1,RB,RB,"https://static.www.nfl.com/image/private/f_auto,q_auto/league/tl9enad6kiwv6cukf4vt",WAS,1,1,0,0,0,0,0,0,0,0,0,0,0,0,0,0,0,0,0,0,0,0
2021,REG,00-0033907,D.Smoot,Dawuane Smoot,14,DE,DL,"https://static.www.nfl.com/image/upload/f_auto,q_auto/league/jaueg1ulkscyum1blewn",JAX,22,20,2,14,7,3,1,6,48.5,16,0,0,3,0,0,0,0,0,0,0,3,25
2021,REG,00-0033908,C.Kupp,Cooper Kupp,1,WR,WR,"https://static.www.nfl.com/image/upload/f_auto,q_auto/league/sq7zwzcgrajuk0hwwph2",NYG,1,1,0,0,0,0,0,0,0,0,0,0,0,0,0,0,0,0,0,0,0,0
2021,REG,00-0033909,P.Elflein,Pat Elflein,1,C,OL,"https://static.www.nfl.com/image/private/f_auto,q_auto/league/t5un8s4gk7guev4prq4k",TB,1,1,0,0,0,0,0,0,0,0,0,0,0,0,0,0,0,0,0,0,0,0
2021,REG,00-0033912,J.Willis,Jordan Willis,7,DE,DL,"https://static.www.nfl.com/image/private/f_auto,q_auto/league/imwccwkvlhglwhhis6nn",SF,6,6,0,9,2,0,1,3,23,5,0,0,0,0,0,0,0,0,0,0,0,0
2021,REG,00-0033913,C.Wormley,Chris Wormley,15,DE,DL,"https://static.www.nfl.com/image/upload/f_auto,q_auto/league/qqmbvbpitcgchhjcptve",PIT,29,24,5,22,6,0,1,7,55.5,10,0,0,3,0,0,0,0,0,0,0,0,0
2021,REG,00-0033914,A.Anzalone,Alex Anzalone,12,ILB,LB,"https://static.www.nfl.com/image/upload/f_auto,q_auto/league/xqnraw1s62bbbsdffztm",DET,49,44,5,29,1,0,0,1,3,2,1,0,7,0,0,0,0,0,0,0,1,5
2021,REG,00-0033917,T.Basham,Tarell Basham,16,DE,DL,"https://static.www.nfl.com/image/private/f_auto,q_auto/league/jdy7wcc1g0aw6ujtugbl",DAL,21,17,4,18,3,5,1,3.5,20,11,0,0,0,0,0,0,0,1,0,0,3,25
2021,REG,00-0033918,F.Moreau,Fabian Moreau,16,CB,DB,"https://static.www.nfl.com/image/upload/f_auto,q_auto/league/osj1pbe8mj5f7h47l2op",ATL,44,42,2,17,3,1,0,0,0,0,0,0,11,0,0,0,0,1,0,0,8,97
2021,REG,00-0033920,D.Rivers,Derek Rivers,5,DE,DL,"https://static.www.nfl.com/image/upload/f_auto,q_auto/league/svxqdherouidw9mcieu9",HOU,7,6,1,2,2,1,0,1,11,1,0,0,0,0,0,0,0,0,0,0,0,0
2021,REG,00-0033921,C.Godwin,Chris Godwin,1,WR,WR,"https://static.www.nfl.com/image/upload/f_auto,q_auto/league/al7b3dzqhysgve7l5lke",DAL,1,1,0,0,0,0,0,0,0,0,0,0,0,0,0,0,0,0,0,0,0,0
2021,REG,00-0033926,S.Griffin,Shaquill Griffin,14,CB,DB,"https://static.www.nfl.com/image/upload/f_auto,q_auto/league/jybewrw2vsf17rxds4tv",JAX,36,35,1,13,0,0,1,0,0,2,0,0,7,0,0,0,0,0,0,0,3,32
2021,REG,00-0033927,J.Johnson,John Johnson,15,SS,DB,"https://static.www.nfl.com/image/private/f_auto,q_auto/league/herqvjadd4i3jbhwszqt",CLE,36,31,5,23,1,0,1,0.5,0,2,3,31,5,0,0,0,0,0,0,0,1,48
2021,REG,00-0033928,J.Lewis,Jourdan Lewis,16,CB,DB,"https://static.www.nfl.com/image/upload/f_auto,q_auto/league/acau2wb5ijbtvy5kntng",DAL,47,45,2,14,1,0,1,1.5,4.5,3,3,88,11,0,0,0,0,2,10,0,1,5
2021,REG,00-0033929,M.Adams,Montravius Adams,4,NT,DL,"https://static.www.nfl.com/image/upload/f_auto,q_auto/league/weqjlnkvdzbk0usa3v7i",NO,1,1,0,6,1,2,0,0,0,0,0,0,1,0,0,0,0,0,0,0,0,0
2021,REG,00-0033929,M.Adams,Montravius Adams,4,NT,DL,"https://static.www.nfl.com/image/upload/f_auto,q_auto/league/weqjlnkvdzbk0usa3v7i",PIT,6,6,0,2,1,3,0,0,0,3,0,0,1,0,0,0,0,0,0,0,2,10
2021,REG,00-0033930,C.Sutton,Cameron Sutton,14,CB,DB,"https://static.www.nfl.com/image/upload/f_auto,q_auto/league/rykly25j9mir0ygcnrs6",PIT,44,43,1,8,4,11,1,0,0,0,2,4,6,0,0,0,0,0,0,0,4,24
2021,REG,00-0033932,K.Golladay,Kenny Golladay,1,WR,WR,"https://static.www.nfl.com/image/private/f_auto,q_auto/league/vck7awhkwwhui3ndgts3",ATL,1,1,0,0,0,0,0,0,0,0,0,0,0,0,0,0,0,0,0,0,0,0
2021,REG,00-0033932,K.Golladay,Kenny Golladay,1,WR,WR,"https://static.www.nfl.com/image/private/f_auto,q_auto/league/vck7awhkwwhui3ndgts3",NO,1,1,0,0,0,0,0,0,0,0,0,0,0,0,0,0,0,0,0,0,0,0
2021,REG,00-0033935,T.Hendrickson,Trey Hendrickson,16,DE,DL,"https://static.www.nfl.com/image/upload/f_auto,q_auto/league/oggkxhesq0dxedudmr66",CIN,21,21,0,13,12,2,3,14,96.5,27,0,0,0,0,0,0,0,0,0,0,4,30
2021,REG,00-0033939,V.Biegel,Vince Biegel,1,OLB,LB,"https://static.www.nfl.com/image/private/f_auto,q_auto/league/ms19ovndkfvblppicrvg",MIA,0,0,0,1,0,0,0,0,0,0,0,0,0,0,0,0,0,0,0,0,0,0
2021,REG,00-0033940,J.Johnson,Jaleel Johnson,10,DT,DL,"https://static.www.nfl.com/image/private/f_auto,q_auto/league/vyyem0liv7khzftzcihu",HOU,11,9,2,12,2,3,0,0,0,1,0,0,0,0,0,0,0,1,0,0,1,15
2021,REG,00-0033941,R.Jenkins,Rayshawn Jenkins,13,SS,DB,"https://static.www.nfl.com/image/upload/f_auto,q_auto/league/zbgfbrqkle6yabkpkaob",JAX,49,44,5,17,1,1,0,0,0,1,0,0,3,0,0,0,0,0,0,0,6,83
2021,REG,00-0033943,J.Reynolds,Josh Reynolds,1,WR,WR,"https://static.www.nfl.com/image/upload/f_auto,q_auto/league/ifukozhqlo1728h3gjnp",CLE,2,2,0,0,0,0,0,0,0,0,0,0,0,0,0,0,0,0,0,0,0,0
2021,REG,00-0033945,S.Ebukam,Samson Ebukam,15,DE,DL,"https://static.www.nfl.com/image/upload/f_auto,q_auto/league/puuebkvbsos1ei2inl4f",SF,19,18,1,17,5,2,1,4.5,41.5,11,0,0,1,0,0,0,0,0,0,0,1,15
2021,REG,00-0033947,D.Wise,Deatrich Wise,16,DE,DL,"https://static.www.nfl.com/image/private/f_auto,q_auto/league/bxwmlzyorjsos6w7g2x6",NE,28,21,7,13,4,5,1,3,22.5,9,0,0,4,0,0,0,0,0,0,0,4,46
2021,REG,00-0033952,G.Stewart,Grover Stewart,17,DT,DL,"https://static.www.nfl.com/image/upload/f_auto,q_auto/league/wa2bldls0gnjueyhkwki",IND,23,15,8,23,2,5,1,1,17,5,0,0,2,0,0,0,0,0,0,0,2,10
2021,REG,00-0033954,J.Brown,Jayon Brown,9,OLB,LB,"https://static.www.nfl.com/image/private/f_auto,q_auto/league/dwpeyjcsc4gclpbl1abb",TEN,35,32,3,20,0,0,0,0,0,0,1,2,2,0,0,0,0,0,0,0,1,5
2021,REG,00-0033956,M.Lee,Marquel Lee,2,OLB,LB,"https://static.www.nfl.com/image/private/f_auto,q_auto/league/izarrztjkcbs6vxulopo",LV,3,3,0,3,0,0,0,0,0,0,0,0,0,0,0,0,0,0,0,0,0,0
2021,REG,00-0033964,A.Muhammad,Al-Quadin Muhammad,17,DE,DL,"https://static.www.nfl.com/image/private/f_auto,q_auto/league/qgzgezkkoycldlnaatq8",IND,32,25,7,16,7,5,1,6,51,13,0,0,0,0,0,0,0,0,0,0,1,8
2021,REG,00-0033969,I.Odenigbo,Ifeadi Odenigbo,7,DE,DL,"https://static.www.nfl.com/image/private/f_auto,q_auto/league/x9lbcp0y9zchvstyy6of",CLE,5,2,3,6,0,0,0,0,0,3,0,0,0,0,0,0,0,1,0,0,1,5
2021,REG,00-0033973,E.Lee,Elijah Lee,5,OLB,LB,"https://static.www.nfl.com/image/private/f_auto,q_auto/league/yuxsldcqxo8ul8q5zzp6",CLE,7,5,2,1,0,0,0,0,0,0,0,0,0,0,0,0,0,0,0,0,1,10
2021,REG,00-0034019,M.McDowell,Malik McDowell,15,DT,DL,"https://static.www.nfl.com/image/private/f_auto,q_auto/league/uvomgvvyznh7vtvow3es",CLE,19,15,4,14,7,5,0,3,22,5,0,0,1,0,0,0,0,1,0,0,9,75
2021,REG,00-0034052,B.Zylstra,Brandon Zylstra,1,WR,WR,"https://static.www.nfl.com/image/private/f_auto,q_auto/league/arx0mz7gc5dm0wfc5kfx",MIA,1,1,0,0,0,0,0,0,0,0,0,0,0,0,0,0,0,0,0,0,0,0
2021,REG,00-0034071,D.Johnson,Danny Johnson,9,CB,DB,"https://static.www.nfl.com/image/private/f_auto,q_auto/league/guxlravaisglnr0pk5yb",WAS,15,15,0,5,0,0,1,0,0,0,0,0,2,0,0,0,0,0,0,0,0,0
2021,REG,00-0034073,R.Dwelley,Ross Dwelley,1,TE,TE,"https://static.www.nfl.com/image/upload/f_auto,q_auto/league/ukd8ctqgskd8q5psumou",ARI,1,1,0,0,0,0,0,0,0,0,0,0,0,0,0,0,0,0,0,0,0,0
2021,REG,00-0034088,R.Jackson,Robert Jackson,3,CB,DB,"https://static.www.nfl.com/image/private/f_auto,q_auto/league/lfbugd9vsefhhfafjmed",BAL,1,1,0,2,0,0,0,0,0,0,0,0,0,0,0,0,0,0,0,0,1,10
2021,REG,00-0034091,G.Odum,George Odum,10,FS,DB,"https://static.www.nfl.com/image/upload/f_auto,q_auto/league/watelqvhccitomv8ntny",IND,36,33,3,9,0,0,0,0,0,1,1,21,2,0,0,0,0,1,0,0,1,15
2021,REG,00-0034096,E.Moseley,Emmanuel Moseley,11,CB,DB,"https://static.www.nfl.com/image/private/f_auto,q_auto/league/a3g1pxm6o6jgfb195kwx",SF,33,31,2,9,2,5,0,0,0,0,1,0,11,0,0,0,0,1,0,0,3,58
2021,REG,00-0034111,T.Marshall,Trey Marshall,8,SS,DB,"https://static.www.nfl.com/image/private/f_auto,q_auto/league/iq4tovps5aoyvmcuxvju",LAC,5,4,1,12,0,0,0,0,0,0,0,0,0,0,0,0,0,0,0,0,1,6
2021,REG,00-0034116,J.Gray,J.T. Gray,2,SS,DB,"https://static.www.nfl.com/image/private/f_auto,q_auto/league/ibo4b3ak2ufimxupcezw",NO,2,2,0,1,0,0,0,0,0,0,0,0,0,0,0,0,0,0,0,0,1,4
2021,REG,00-0034145,C.Lammons,Chris Lammons,3,CB,DB,"https://static.www.nfl.com/image/upload/f_auto,q_auto/league/odsa5adl0tyjcer1hnzz",KC,0,0,0,3,0,0,0,0,0,0,0,0,0,0,0,0,0,0,0,0,2,8
2021,REG,00-0034154,J.Tuioti-Mariner,Jacob Tuioti-Mariner,4,OLB,LB,"https://static.www.nfl.com/image/private/f_auto,q_auto/league/dvcbcltbn5lpzvn1dcdg",ATL,5,5,0,4,2,0,0,2,20,2,0,0,1,0,0,0,0,0,0,0,0,0
2021,REG,00-0034158,B.O'Neill,Brian O'Neill,1,T,OL,"https://static.www.nfl.com/image/upload/f_auto,q_auto/league/awodfdmkabxzvnio04ng",DET,1,0,1,0,0,0,0,0,0,0,0,0,0,0,0,0,0,0,0,0,0,0
2021,REG,00-0034163,J.Martin,Jake Martin,14,DE,DL,"https://static.www.nfl.com/image/upload/f_auto,q_auto/league/gomvduedkl0i9icpg8rk",HOU,11,7,4,12,5,4,2,4,25,6,0,0,3,0,0,0,0,0,0,1,1,4
2021,REG,00-0034185,T.Lancaster,Tyler Lancaster,15,NT,DL,"https://static.www.nfl.com/image/private/f_auto,q_auto/league/aa4il9yf2v0elduixsp8",GB,15,10,5,16,3,3,0,0,0,0,0,0,0,0,0,0,0,0,0,0,0,0
2021,REG,00-0034203,D.Williams,Darious Williams,14,CB,DB,"https://static.www.nfl.com/image/upload/f_auto,q_auto/league/dewntuji0qaai8mlayq4",LA,60,55,5,11,3,2,0,0,0,0,0,0,9,0,0,0,0,1,0,0,3,12
2021,REG,00-0034204,O.Adeniyi,Olasunkanmi Adeniyi,9,OLB,LB,"https://static.www.nfl.com/image/private/f_auto,q_auto/league/uhae1hw5trbyhjxlknnv",TEN,8,6,2,3,2,0,0,2.5,23,8,0,0,1,0,0,0,0,0,0,0,3,25
2021,REG,00-0034208,M.Boone,Mike Boone,1,RB,RB,"https://static.www.nfl.com/image/upload/f_auto,q_auto/league/yeoyrlaf9hlvowj6fdio",KC,1,1,0,0,0,0,0,0,0,0,0,0,0,0,0,0,0,0,0,0,0,0
2021,REG,00-0034234,P.Ford,Poona Ford,17,DE,DL,"https://static.www.nfl.com/image/upload/f_auto,q_auto/league/x2cokuzcjrtr9acici6e",SEA,23,19,4,30,6,7,0,2,16.5,6,0,0,1,0,0,0,0,0,0,0,0,0
2021,REG,00-0034251,D.Ekuale,Daniel Ekuale,3,DT,DL,"https://static.www.nfl.com/image/private/f_auto,q_auto/league/lj9dekf0gg90pljbtbiq",NE,4,4,0,1,2,0,0,2,13,2,0,0,0,0,0,0,0,0,0,0,0,0
2021,REG,00-0034253,D.Hilliard,Dontrell Hilliard,1,RB,RB,"https://static.www.nfl.com/image/private/f_auto,q_auto/league/ukhyslngeuojxkjqfq9f",HOU,2,2,0,0,0,0,0,0,0,0,0,0,0,0,0,0,0,0,0,0,0,0
2021,REG,00-0034253,D.Hilliard,Dontrell Hilliard,1,RB,RB,"https://static.www.nfl.com/image/private/f_auto,q_auto/league/ukhyslngeuojxkjqfq9f",PIT,0,0,0,1,0,0,0,0,0,0,0,0,0,0,0,0,0,0,0,0,0,0
2021,REG,00-0034253,D.Hilliard,Dontrell Hilliard,1,RB,RB,"https://static.www.nfl.com/image/private/f_auto,q_auto/league/ukhyslngeuojxkjqfq9f",TEN,0,0,0,0,0,0,0,0,0,0,0,0,0,0,0,0,0,0,0,0,1,5
2021,REG,00-0034261,A.Corbett,Austin Corbett,1,C,OL,"https://static.www.nfl.com/image/upload/f_auto,q_auto/league/w4tsicnvnrbxievvfxe4",ARI,1,1,0,0,0,0,0,0,0,0,0,0,0,0,0,0,0,0,0,0,0,0
2021,REG,00-0034261,A.Corbett,Austin Corbett,1,C,OL,"https://static.www.nfl.com/image/upload/f_auto,q_auto/league/w4tsicnvnrbxievvfxe4",MIN,1,1,0,0,0,0,0,0,0,0,0,0,0,0,0,0,0,0,0,0,0,0
2021,REG,00-0034261,A.Corbett,Austin Corbett,1,C,OL,"https://static.www.nfl.com/image/upload/f_auto,q_auto/league/w4tsicnvnrbxievvfxe4",TEN,1,1,0,0,0,0,0,0,0,0,0,0,0,0,0,0,0,0,0,0,0,0
2021,REG,00-0034264,J.Holmes,Jalyn Holmes,6,DE,DL,"https://static.www.nfl.com/image/upload/f_auto,q_auto/league/oz0tnktobolewzq0rjpq",NO,7,5,2,7,2,9,0,0,0,0,0,0,1,0,0,0,0,0,0,0,0,0
2021,REG,00-0034265,A.Averett,Anthony Averett,13,CB,DB,"https://static.www.nfl.com/image/upload/f_auto,q_auto/league/uzwmcpuqsjd0ouzimpba",BAL,45,42,3,8,0,0,0,0,0,0,3,21,11,0,0,0,0,0,0,0,3,32
2021,REG,00-0034266,K.Young,Kenny Young,6,ILB,LB,"https://static.www.nfl.com/image/private/f_auto,q_auto/league/jtkvayvjxcdoak0876sm",DEN,14,13,1,15,0,0,1,0,0,0,0,0,0,0,0,0,0,0,0,0,0,0
2021,REG,00-0034266,K.Young,Kenny Young,7,ILB,LB,"https://static.www.nfl.com/image/private/f_auto,q_auto/league/jtkvayvjxcdoak0876sm",LA,27,25,2,19,6,5,1,2,11,2,0,0,1,0,0,0,0,1,0,0,1,10
2021,REG,00-0034274,P.Nickerson,Parry Nickerson,1,CB,DB,"https://static.www.nfl.com/image/private/f_auto,q_auto/league/x0awirw6ycqqjfte4w3g",MIN,1,1,0,0,0,0,0,0,0,0,0,0,0,0,0,0,0,0,0,0,0,0
2021,REG,00-0034275,F.Fatukasi,Folorunso Fatukasi,15,DT,DL,"https://static.www.nfl.com/image/upload/f_auto,q_auto/league/ttcdigwndhyvmhvgof25",NYJ,25,17,8,21,5,13,0,0,0,6,0,0,0,0,0,0,0,0,0,0,2,10
2021,REG,00-0034277,D.Elliott,DeShon Elliott,6,FS,DB,"https://static.www.nfl.com/image/upload/f_auto,q_auto/league/vzt60vlmz7hzkbbr7f1x",BAL,19,18,1,4,3,4,0,1,6,3,1,0,2,0,0,0,0,0,0,0,0,0
2021,REG,00-0034278,T.Smith,Tremon Smith,5,CB,DB,"https://static.www.nfl.com/image/upload/f_auto,q_auto/league/txh6mh0kq1xrkdh8ig4r",HOU,8,6,2,5,0,0,0,0,0,0,0,0,0,0,0,0,0,0,0,0,1,5
2021,REG,00-0034279,E.St. Brown,Equanimeous St. Brown,1,WR,WR,"https://static.www.nfl.com/image/upload/f_auto,q_auto/league/yqojuedjvxtydgd9tgpr",GB,0,0,0,0,0,0,0,0,0,0,0,0,0,0,0,0,0,0,0,0,1,10
2021,REG,00-0034281,B.Bozeman,Bradley Bozeman,1,C,OL,"https://static.www.nfl.com/image/upload/f_auto,q_auto/league/a8nubzpggvr5eha7xpkx",LV,1,1,0,0,0,0,0,0,0,0,0,0,0,0,0,0,0,0,0,0,0,0
2021,REG,00-0034281,B.Bozeman,Bradley Bozeman,1,C,OL,"https://static.www.nfl.com/image/upload/f_auto,q_auto/league/a8nubzpggvr5eha7xpkx",MIN,1,1,0,0,0,0,0,0,0,0,0,0,0,0,0,0,0,0,0,0,0,0
2021,REG,00-0034285,Z.Sieler,Zach Sieler,17,DE,DL,"https://static.www.nfl.com/image/upload/f_auto,q_auto/league/pgedeuarqv0kiuiwmx60",MIA,33,23,10,29,6,11,1,2,18,3,0,0,3,0,0,0,0,2,0,0,2,20
2021,REG,00-0034296,B.Niemann,Ben Niemann,16,ILB,LB,"https://static.www.nfl.com/image/upload/f_auto,q_auto/league/hhmqn3b3prllvcuyftvj",KC,36,30,6,16,2,0,0,1,9,1,0,0,1,0,0,0,0,2,0,0,0,0
2021,REG,00-0034297,B.Pringle,Byron Pringle,1,WR,WR,"https://static.www.nfl.com/image/private/f_auto,q_auto/league/qgwipkdsunodvqlumsmp",DAL,1,1,0,0,0,0,0,0,0,0,0,0,0,0,0,0,0,0,0,0,0,0
2021,REG,00-0034301,D.Williams,Darrel Williams,1,RB,RB,"https://static.www.nfl.com/image/private/f_auto,q_auto/league/qloiwle7db59cznhqhub",WAS,1,1,0,0,0,0,0,0,0,0,0,0,0,0,0,0,0,0,0,0,0,0
2021,REG,00-0034302,F.Luvu,Frankie Luvu,15,ILB,LB,"https://static.www.nfl.com/image/upload/f_auto,q_auto/league/tirwphxxgjmqhf2ucs9h",CAR,18,15,3,16,8,13,0,1.5,10,5,0,0,1,0,0,0,0,3,35,0,1,14
2021,REG,00-0034318,H.Mondeaux,Henry Mondeaux,11,DT,DL,"https://static.www.nfl.com/image/private/f_auto,q_auto/league/no8hqzc6kdbus1ugv256",PIT,6,6,0,10,2,0,0,2,9,2,0,0,0,0,0,0,0,1,0,0,0,0
2021,REG,00-0034320,K.Street,Kentavius Street,14,DT,DL,"https://static.www.nfl.com/image/upload/f_auto,q_auto/league/r1ie0jaeux86ri5hejel",SF,15,14,1,12,6,8,1,3,17,5,0,0,0,0,0,0,0,0,0,0,2,13
2021,REG,00-0034325,T.Stallworth,Taylor Stallworth,11,DT,DL,"https://static.www.nfl.com/image/private/f_auto,q_auto/league/tbpvavxmfcy7yjhazpha",IND,11,10,1,5,4,0,0,3,18,12,0,0,1,0,0,0,0,0,0,0,1,5
2021,REG,00-0034333,D.Payne,Daron Payne,17,DT,DL,"https://static.www.nfl.com/image/upload/f_auto,q_auto/league/wyy5j7epmu2idqfwjhcr",WAS,35,28,7,26,6,3,0,4.5,22.5,15,0,0,0,0,0,0,0,1,6,0,3,35
2021,REG,00-0034335,M.Allen,Marcus Allen,5,ILB,LB,"https://static.www.nfl.com/image/private/f_auto,q_auto/league/vvpy4ouo24iqozvyp4rc",PIT,3,3,0,4,0,0,0,0,0,0,0,0,0,0,0,0,0,0,0,0,2,15
2021,REG,00-0034342,Q.Nelson,Quenton Nelson,1,G,OL,"https://static.www.nfl.com/image/upload/f_auto,q_auto/league/fehjl7drjhhirpyfkxhd",TB,1,0,1,0,0,0,0,0,0,0,0,0,0,0,0,0,0,0,0,0,0,0
2021,REG,00-0034344,M.Davenport,Marcus Davenport,11,OLB,LB,"https://static.www.nfl.com/image/upload/f_auto,q_auto/league/ywssreorabcl4bp9ocxv",NO,23,21,2,16,9,4,3,9,62,16,0,0,0,0,0,0,0,1,1,0,2,20
2021,REG,00-0034350,U.Nwosu,Uchenna Nwosu,17,OLB,LB,"https://static.www.nfl.com/image/private/f_auto,q_auto/league/z6fbgjrfgltuiq1okiex",LAC,24,17,7,16,8,11,2,5,36,17,1,2,4,0,0,0,0,1,0,0,3,13
2021,REG,00-0034354,K.Turay,Kemoko Turay,8,DE,DL,"https://static.www.nfl.com/image/private/f_auto,q_auto/league/zxutsh3ix53bwyfe5go5",IND,6,6,0,3,5,0,0,5.5,37.5,8,0,0,0,0,0,0,0,1,0,0,2,20
2021,REG,00-0034355,M.Stewart,M.J. Stewart,8,SS,DB,"https://static.www.nfl.com/image/upload/f_auto,q_auto/league/yfoehyg8mpola5uy6bav",CLE,28,24,4,10,2,1,1,0,0,0,0,0,4,0,0,0,0,0,0,0,2,56
2021,REG,00-0034356,D.Jackson,Donte Jackson,12,CB,DB,"https://static.www.nfl.com/image/upload/f_auto,q_auto/league/f5yk4vm8o1oct6webfp7",CAR,50,48,2,11,3,9,1,0,0,0,2,21,10,0,0,0,0,0,0,0,6,82
2021,REG,00-0034357,I.Oliver,Isaiah Oliver,4,CB,DB,"https://static.www.nfl.com/image/upload/f_auto,q_auto/league/aiqmpwmscdx5lyvyi5qp",ATL,6,6,0,3,0,0,1,0,0,1,0,0,3,0,0,0,0,1,2,0,0,0
2021,REG,00-0034359,T.Lewis,Tyquan Lewis,8,DE,DL,"https://static.www.nfl.com/image/upload/f_auto,q_auto/league/zkgrzoirn6xwnzbe37d7",IND,10,6,4,4,3,3,0,2.5,3.5,6,1,8,2,0,1,0,0,0,0,0,0,0
2021,REG,00-0034360,L.Carter,Lorenzo Carter,14,OLB,LB,"https://static.www.nfl.com/image/upload/f_auto,q_auto/league/gdpt5q1cisicb1uv7xfq",NYG,28,22,6,22,6,2,2,5,16,8,1,1,5,0,0,0,0,1,0,0,2,10
2021,REG,00-0034361,J.Reid,Justin Reid,13,SS,DB,"https://static.www.nfl.com/image/private/f_auto,q_auto/league/hcj2bp24j6zxngejcosp",HOU,39,34,5,25,2,5,1,0,0,0,2,45,4,0,0,0,0,0,0,0,2,15
2021,REG,00-0034364,J.Akins,Jordan Akins,1,TE,TE,"https://static.www.nfl.com/image/private/f_auto,q_auto/league/fgkl9zfpy2yxrkxfge84",JAX,1,1,0,0,0,0,0,0,0,0,0,0,0,0,0,0,0,0,0,0,0,0
2021,REG,00-0034365,I.Thomas,Ian Thomas,1,TE,TE,"https://static.www.nfl.com/image/upload/f_auto,q_auto/league/qrcffo16hdkcvxuvjppy",MIA,1,1,0,0,0,0,0,0,0,0,0,0,0,0,0,0,0,0,0,0,0,0
2021,REG,00-0034368,J.Jewell,Josey Jewell,2,ILB,LB,"https://static.www.nfl.com/image/upload/f_auto,q_auto/league/kzgkkm7e7uqslan5amxh",DEN,6,6,0,1,2,0,1,0,0,0,0,0,1,0,0,0,0,0,0,0,0,0
2021,REG,00-0034371,D.Hand,Da'Shawn Hand,2,DE,DL,"https://static.www.nfl.com/image/upload/f_auto,q_auto/league/kfqjvikghst4yp3i6dme",DET,1,1,0,1,0,0,0,0,0,0,0,0,1,0,0,0,0,0,0,0,0,0
2021,REG,00-0034373,D.Armstrong,Dorance Armstrong,13,DE,DL,"https://static.www.nfl.com/image/upload/f_auto,q_auto/league/cdapnpgtde1mdf7r8l5e",DAL,22,16,6,14,3,0,0,5,32.5,12,0,0,1,1,0,0,0,1,37,0,1,5
2021,REG,00-0034374,J.Whitehead,Jordan Whitehead,14,SS,DB,"https://static.www.nfl.com/image/upload/f_auto,q_auto/league/ex3cknffjss7ez1fwymu",TB,58,52,6,15,5,10,1,0,0,1,2,24,8,0,0,0,0,0,0,0,2,35
2021,REG,00-0034375,K.White,Kyzir White,17,ILB,LB,"https://static.www.nfl.com/image/upload/f_auto,q_auto/league/n5sjtcxydtaszz7yeyqw",LAC,90,66,24,54,7,10,2,1,1,4,2,22,3,0,0,0,0,0,0,0,3,24
2021,REG,00-0034376,T.Johnson,Taron Johnson,16,CB,DB,"https://static.www.nfl.com/image/upload/f_auto,q_auto/league/kowgpthenolgwlcwdvz4",BUF,53,42,11,23,4,5,1,3,24,3,1,4,7,0,0,0,0,0,0,0,6,32
2021,REG,00-0034377,A.Maddox,Avonte Maddox,16,CB,DB,"https://static.www.nfl.com/image/upload/f_auto,q_auto/league/fwzfhbgtcauaags08zlf",PHI,51,45,6,20,5,2,2,0.5,3.5,3,1,-1,9,0,0,0,0,0,0,0,3,50
2021,REG,00-0034381,J.Sweat,Josh Sweat,15,OLB,LB,"https://static.www.nfl.com/image/upload/f_auto,q_auto/league/a9hwqejfdixaw2uhbsmz",PHI,19,17,2,26,7,6,1,7.5,52.5,13,0,0,4,0,0,0,0,0,0,0,3,16
2021,REG,00-0034382,M.Haynes,Marquis Haynes,11,OLB,LB,"https://static.www.nfl.com/image/private/f_auto,q_auto/league/wnbz9bjtz8wooiq2podb",CAR,9,8,1,11,3,0,0,3,29,5,0,0,1,0,0,0,0,0,0,0,1,5
2021,REG,00-0034383,D.Schultz,Dalton Schultz,1,TE,TE,"https://static.www.nfl.com/image/upload/f_auto,q_auto/league/ooatvpu1knzypdmjljo9",DEN,1,1,0,0,0,0,0,0,0,0,0,0,0,0,0,0,0,0,0,0,0,0
2021,REG,00-0034384,D.Reed,D.J. Reed,14,CB,DB,"https://static.www.nfl.com/image/upload/f_auto,q_auto/league/rdl6g2afnvt4zbaqprs9",SEA,62,48,14,16,0,0,0,0,0,0,2,9,10,0,0,0,0,1,0,0,4,38
2021,REG,00-0034385,J.Bentley,Ja'Whaun Bentley,16,ILB,LB,"https://static.www.nfl.com/image/private/f_auto,q_auto/league/e8rbhbuuaspg5rg9djyp",NE,66,49,17,41,5,11,2,1,0,5,0,0,2,0,0,0,0,0,0,0,0,0
2021,REG,00-0034387,B.Nichols,Bilal Nichols,16,DT,DL,"https://static.www.nfl.com/image/upload/f_auto,q_auto/league/d8va3bsudtb0lgwktt5t",CHI,26,20,6,25,5,5,0,3,22,9,0,0,1,0,0,0,0,2,13,0,1,2
2021,REG,00-0034388,D.Harris,Davontae Harris,2,CB,DB,"https://static.www.nfl.com/image/private/f_auto,q_auto/league/meiwjhft9ibbbob57hvv",LAC,5,4,1,1,0,0,0,0,0,0,0,0,0,0,0,0,0,0,0,0,0,0
2021,REG,00-0034389,D.Cruikshank,Dane Cruikshank,10,SS,DB,"https://static.www.nfl.com/image/private/f_auto,q_auto/league/lnq0ypzkle8qqwbtbqr3",TEN,27,26,1,11,0,0,0,0,0,0,0,0,1,0,0,0,0,0,0,0,3,53
2021,REG,00-0034391,S.Neal,Siran Neal,8,CB,DB,"https://static.www.nfl.com/image/upload/f_auto,q_auto/league/muhthfs6owkkpsyop1e6",BUF,6,5,1,5,0,0,0,0,0,0,0,0,0,0,0,0,0,0,0,0,6,65
2021,REG,00-0034394,A.Brown,Andrew Brown,1,NT,DL,"https://static.www.nfl.com/image/private/f_auto,q_auto/league/heu1susadiq5soqjuu95",LAC,1,0,1,0,0,0,0,0,0,0,0,0,0,0,0,0,0,0,0,0,0,0
2021,REG,00-0034396,J.Carter,Jermaine Carter,17,MLB,LB,"https://static.www.nfl.com/image/private/f_auto,q_auto/league/fhapg5qbmfpegoms05cf",CAR,35,33,2,49,3,5,0,0,0,3,0,0,1,0,0,0,0,1,0,0,2,20
2021,REG,00-0034397,T.Settle,Tim Settle,9,DT,DL,"https://static.www.nfl.com/image/upload/f_auto,q_auto/league/lbnvw1hpdqovuj7bkym9",WAS,7,7,0,6,4,7,0,0,0,0,0,0,0,0,0,0,0,1,6,0,0,0
2021,REG,00-0034404,K.Fitts,Kylie Fitts,1,OLB,LB,"https://static.www.nfl.com/image/private/f_auto,q_auto/league/adqckkqriptgvu0qfs8s",ARI,1,1,0,0,0,0,0,0,0,1,0,0,0,0,0,0,0,0,0,0,0,0
2021,REG,00-0034407,R.McCloud,Ray-Ray McCloud,1,WR,WR,"https://static.www.nfl.com/image/upload/f_auto,q_auto/league/nvwn3sdihyyd2itjt7vy",BAL,1,1,0,0,0,0,0,0,0,0,0,0,0,0,0,0,0,0,0,0,0,0
2021,REG,00-0034407,R.McCloud,Ray-Ray McCloud,1,WR,WR,"https://static.www.nfl.com/image/upload/f_auto,q_auto/league/nvwn3sdihyyd2itjt7vy",KC,1,1,0,0,0,0,0,0,0,0,0,0,0,0,0,0,0,0,0,0,0,0
2021,REG,00-0034407,R.McCloud,Ray-Ray McCloud,1,WR,WR,"https://static.www.nfl.com/image/upload/f_auto,q_auto/league/nvwn3sdihyyd2itjt7vy",PIT,0,0,0,0,0,0,0,0,0,0,0,0,0,0,0,0,0,0,0,0,1,8
2021,REG,00-0034411,R.Gage,Russell Gage,1,WR,WR,"https://static.www.nfl.com/image/private/f_auto,q_auto/league/lkqhshv0dss1b9c6mdnj",NE,1,1,0,0,0,0,0,0,0,0,0,0,0,0,0,0,0,0,0,0,0,0
2021,REG,00-0034413,F.Oluokun,Foyesade Oluokun,17,ILB,LB,"https://static.www.nfl.com/image/private/f_auto,q_auto/league/ldsewkhf1k2uxwcud0bj",ATL,102,88,14,90,4,8,1,2,14,7,3,80,6,0,0,0,0,0,0,0,1,14
2021,REG,00-0034429,J.Mailata,Jordan Mailata,1,T,OL,"https://static.www.nfl.com/image/upload/f_auto,q_auto/league/pndl9j9f69gqvpciyegg",CAR,0,0,0,1,0,0,0,0,0,0,0,0,0,0,0,0,0,0,0,0,0,0
2021,REG,00-0034429,J.Mailata,Jordan Mailata,1,T,OL,"https://static.www.nfl.com/image/upload/f_auto,q_auto/league/pndl9j9f69gqvpciyegg",NYG,0,0,0,1,0,0,0,0,0,0,0,0,0,0,0,0,0,0,0,0,0,0
2021,REG,00-0034431,Z.Franklin,Zaire Franklin,15,OLB,LB,"https://static.www.nfl.com/image/upload/f_auto,q_auto/league/louohxv0xu18z0pjnguq",IND,14,11,3,15,1,0,0,0,0,0,1,8,2,0,0,0,0,0,0,0,1,15
2021,REG,00-0034435,K.Crossen,Keion Crossen,7,CB,DB,"https://static.www.nfl.com/image/private/f_auto,q_auto/league/ocvxmo4ggct27fv9dn8x",NYG,1,1,0,1,1,0,0,1,8,1,0,0,0,0,0,0,0,0,0,0,5,50
2021,REG,00-0034440,J.Jackson,Justin Jackson,1,RB,RB,"https://static.www.nfl.com/image/private/f_auto,q_auto/league/n7pvb1trbn9rtttlw7df",KC,1,1,0,0,0,0,0,0,0,0,0,0,0,0,0,0,0,0,0,0,0,0
2021,REG,00-0034446,J.Davis,Jalen Davis,4,CB,DB,"https://static.www.nfl.com/image/upload/f_auto,q_auto/league/d8n8qiddzihovdb9dh1x",CIN,0,0,0,5,0,0,0,0,0,0,0,0,1,0,0,0,0,0,0,0,1,10
2021,REG,00-0034449,B.Howell,Buddy Howell,2,RB,RB,"https://static.www.nfl.com/image/private/f_auto,q_auto/league/iqoes3t0jkt62cpqmuvo",LA,0,0,0,0,0,0,0,0,0,0,0,0,0,0,0,0,0,0,0,0,2,10
2021,REG,00-0034461,B.Hector,Bruce Hector,2,DT,DL,"https://static.www.nfl.com/image/upload/f_auto,q_auto/league/qdli9iqgoixoexclb8rz",DET,3,0,3,2,0,0,0,0,0,0,0,0,0,0,0,0,0,0,0,0,0,0
2021,REG,00-0034465,J.Reaves,Jeremy Reaves,4,FS,DB,"https://static.www.nfl.com/image/upload/f_auto,q_auto/league/kwmtxcogvel516q4ws86",WAS,19,16,3,9,1,2,0,0,0,0,0,0,1,0,0,0,0,0,0,0,0,0
2021,REG,00-0034468,C.Sullivan,Chandon Sullivan,15,CB,DB,"https://static.www.nfl.com/image/private/f_auto,q_auto/league/jj9b9gdqcee9dzpe6bjx",GB,24,20,4,6,2,4,0,0,0,0,3,14,4,0,0,0,0,0,0,0,3,31
2021,REG,00-0034473,D.Gardeck,Dennis Gardeck,8,OLB,LB,"https://static.www.nfl.com/image/upload/f_auto,q_auto/league/rbdrgdfo3ogppgtu6asn",ARI,11,11,0,3,1,0,0,0,0,4,0,0,0,0,0,0,0,1,0,0,1,15
2021,REG,00-0034485,J.Owens,Jonathan Owens,4,SS,DB,"https://static.www.nfl.com/image/upload/f_auto,q_auto/league/fdujzkztvte2c4tair5c",HOU,8,7,1,8,0,0,0,0,0,0,1,7,1,0,0,0,0,1,6,0,0,0
2021,REG,00-0034488,T.Thomas,Tavierre Thomas,15,CB,DB,"https://static.www.nfl.com/image/upload/f_auto,q_auto/league/vgqvuxixybewnv9lymbr",HOU,46,38,8,32,1,1,1,0,0,1,2,48,4,1,0,0,0,0,0,0,2,13
2021,REG,00-0034490,E.Turner,Ezekiel Turner,2,ILB,LB,"https://static.www.nfl.com/image/upload/f_auto,q_auto/league/sw7dwli5jctfcp0b309t",ARI,2,2,0,0,0,0,0,0,0,0,0,0,0,0,0,0,0,0,0,0,0,0
2021,REG,00-0034496,S.Chandler,Sean Chandler,12,SS,DB,"https://static.www.nfl.com/image/private/f_auto,q_auto/league/m4glij7rkgkyhu01igmi",CAR,25,24,1,17,0,0,0,0,0,1,0,0,1,0,0,0,0,0,0,0,3,16
2021,REG,00-0034505,I.Boettger,Ike Boettger,1,G,OL,"https://static.www.nfl.com/image/private/f_auto,q_auto/league/hjfxy3eljgvweaetefds",IND,1,1,0,0,0,0,0,0,0,0,0,0,0,0,0,0,0,0,0,0,0,0
2021,REG,00-0034514,L.Wallace,Levi Wallace,17,CB,DB,"https://static.www.nfl.com/image/upload/f_auto,q_auto/league/y7rnq70zcpcgg0ifbghe",BUF,47,42,5,11,1,4,0,0,0,0,2,29,10,0,0,0,0,1,0,0,6,75
2021,REG,00-0034515,D.Delaney,Dee Delaney,6,CB,DB,"https://static.www.nfl.com/image/upload/f_auto,q_auto/league/czg1itvjivhzn2iwwbyt",TB,11,11,0,3,0,0,0,0,0,0,1,26,2,0,0,0,0,0,0,0,2,13
2021,REG,00-0034516,T.Herndon,Tre Herndon,5,CB,DB,"https://static.www.nfl.com/image/private/f_auto,q_auto/league/dpxfoqywx98khvtjs5m7",JAX,12,10,2,5,1,1,0,0,0,0,0,0,0,0,0,0,0,0,0,0,1,5
2021,REG,00-0034521,A.Lazard,Allen Lazard,1,WR,WR,"https://static.www.nfl.com/image/private/f_auto,q_auto/league/blrzk3bfnpneuyhsqiqg",CIN,1,1,0,0,0,0,0,0,0,0,0,0,0,0,0,0,0,0,0,0,0,0
2021,REG,00-0034522,K.McDermott,KC McDermott,1,T,OL,"https://static.www.nfl.com/image/private/f_auto,q_auto/league/ov9zpuz0jppg3e3awyhc",NE,1,1,0,0,0,0,0,0,0,0,0,0,0,0,0,0,0,0,0,0,0,0
2021,REG,00-0034527,R.Neal,Ryan Neal,12,SS,DB,"https://static.www.nfl.com/image/private/f_auto,q_auto/league/tqiae46slc2jdjvnfb5n",SEA,29,25,4,17,2,1,0,1,11,3,0,0,3,0,0,0,0,0,0,0,0,0
2021,REG,00-0034533,T.Henderson,Trayvon Henderson,1,SS,DB,"https://static.www.nfl.com/image/private/f_auto,q_auto/league/ounf4oiaxvvbshebtzjk",CIN,2,0,2,2,0,0,0,0,0,0,0,0,0,1,0,0,0,1,29,0,0,0
2021,REG,00-0034545,B.Facyson,Brandon Facyson,11,CB,DB,"https://static.www.nfl.com/image/upload/f_auto,q_auto/league/yuhnwshiorai1fbqix2t",LV,40,36,4,13,2,6,0,0,0,1,1,0,13,0,0,0,0,0,0,0,8,79
2021,REG,00-0034571,T.Scott,Trenton Scott,1,T,OL,"https://static.www.nfl.com/image/upload/f_auto,q_auto/league/v5tyxvb4cdtzumhdzbd0",NE,1,1,0,0,0,0,0,0,0,0,0,0,0,0,0,0,0,0,0,0,0,0
2021,REG,00-0034573,C.Ward,Charvarius Ward,13,CB,DB,"https://static.www.nfl.com/image/upload/f_auto,q_auto/league/jlccuozxaeffcupnvd7q",KC,48,44,4,19,2,4,0,0,0,0,2,0,10,0,0,0,0,0,0,0,3,15
2021,REG,00-0034587,A.Anderson,Abdullah Anderson,2,DT,DL,"https://static.www.nfl.com/image/upload/f_auto,q_auto/league/zoya31kfrojgtq0gg5ri",GB,1,1,0,1,0,0,0,0,0,0,0,0,0,0,0,0,0,0,0,0,0,0
2021,REG,00-0034588,T.Harris,Trent Harris,2,OLB,LB,"https://static.www.nfl.com/image/private/f_auto,q_auto/league/ned2m3l0qsuebczfyosa",NYG,1,1,0,1,0,0,0,0,0,0,0,0,0,0,0,0,0,0,0,0,0,0
2021,REG,00-0034590,F.Herron,Frank Herron,1,DT,DL,"https://static.www.nfl.com/image/private/f_auto,q_auto/league/yctqmsxcat4vmfxuz6fs",CAR,1,1,0,0,0,0,0,0,0,0,0,0,0,0,0,0,0,0,0,0,0,0
2021,REG,00-0034591,J.Jackson,J.C. Jackson,17,CB,DB,"https://static.www.nfl.com/image/upload/f_auto,q_auto/league/crvgx5lbckpmfcnoylzw",NE,44,40,4,14,2,0,1,0,0,0,8,92,23,1,0,0,0,0,0,0,5,46
2021,REG,00-0034594,A.Moore,A.J. Moore,2,FS,DB,"https://static.www.nfl.com/image/private/f_auto,q_auto/league/dhu7ggjzqn7mdwhjdoxf",HOU,0,0,0,2,0,0,0,0,0,0,0,0,0,0,0,0,0,0,0,0,0,0
2021,REG,00-0034597,R.Nall,Ryan Nall,1,RB,RB,"https://static.www.nfl.com/image/private/f_auto,q_auto/league/qh4cznlh73ud2b9loalu",CHI,0,0,0,0,0,0,0,0,0,0,0,0,0,0,0,0,0,0,0,0,1,10
2021,REG,00-0034602,B.Rotimi,Bunmi Rotimi,5,DE,DL,"https://static.www.nfl.com/image/private/f_auto,q_auto/league/cjc2lrcgt7cfeuaxkfxs",WAS,5,4,1,5,1,0,0,1,2,1,0,0,0,0,0,0,0,0,0,0,0,0
2021,REG,00-0034612,D.Harris,Demone Harris,1,DE,DL,"https://static.www.nfl.com/image/upload/f_auto,q_auto/league/qmtokbfamxko3jn5qpou",HOU,0,0,0,0,0,0,0,0,0,0,0,0,0,0,0,0,0,0,0,0,1,5
2021,REG,00-0034612,D.Harris,Demone Harris,1,DE,DL,"https://static.www.nfl.com/image/upload/f_auto,q_auto/league/qmtokbfamxko3jn5qpou",KC,0,0,0,0,0,0,0,0,0,1,0,0,0,0,0,0,0,0,0,0,0,0
2021,REG,00-0034623,A.Chachere,Andre Chachere,4,SS,DB,"https://static.www.nfl.com/image/upload/f_auto,q_auto/league/viwncfdylftfzljv9phw",PHI,8,8,0,2,1,2,0,0,0,0,0,0,0,0,0,0,0,0,0,0,1,10
2021,REG,00-0034639,M.Ford,Mike Ford,3,CB,DB,"https://static.www.nfl.com/image/upload/f_auto,q_auto/league/xylapza3yreylmohtmtz",DEN,2,2,0,0,0,0,0,0,0,0,0,0,0,0,0,0,0,0,0,0,1,15
2021,REG,00-0034641,Cr.Jones,Chris Jones,5,CB,DB,"https://static.www.nfl.com/image/private/f_auto,q_auto/league/zewc64wn6tpuxuszjqjl",TEN,5,4,1,1,0,0,0,0,0,0,0,0,1,0,0,0,0,0,0,0,0,0
2021,REG,00-0034659,S.Finch,Sharif Finch,1,OLB,LB,"https://static.www.nfl.com/image/private/f_auto,q_auto/league/rnwpluvqqg9arwgp3quo",NO,0,0,0,5,0,0,0,0,0,0,0,0,0,0,0,0,0,0,0,0,0,0
2021,REG,00-0034673,T.Edmunds,Tremaine Edmunds,15,ILB,LB,"https://static.www.nfl.com/image/upload/f_auto,q_auto/league/vhgl7umsep6x6fjhglo9",BUF,70,52,18,38,7,14,0,0,0,1,1,4,4,0,0,0,0,0,0,0,1,15
2021,REG,00-0034674,L.Vander Esch,Leighton Vander Esch,17,ILB,LB,"https://static.www.nfl.com/image/private/f_auto,q_auto/league/xalgzw0okmxdqjg6wyuc",DAL,48,43,5,29,4,4,0,1,7,1,1,7,2,0,0,0,0,0,0,0,0,0
2021,REG,00-0034675,J.Bates,Jessie Bates,15,FS,DB,"https://static.www.nfl.com/image/private/f_auto,q_auto/league/jawt7q5bj4erd4qbwpf4",CIN,67,62,5,21,3,2,0,0,0,1,1,65,4,0,0,0,0,1,46,0,1,32
2021,REG,00-0034677,J.Jones,Justin Jones,11,DT,DL,"https://static.www.nfl.com/image/upload/f_auto,q_auto/league/dkzkbowpcvoxyzwsdite",LAC,19,16,3,18,5,5,0,3,9,5,0,0,1,0,0,0,0,2,0,0,3,16
2021,REG,00-0034680,A.Watts,Armani Watts,3,SS,DB,"https://static.www.nfl.com/image/private/f_auto,q_auto/league/np3vihxiadvwg5x2ljdl",KC,5,4,1,4,1,0,0,0,0,0,0,0,0,0,0,0,0,1,0,0,0,0
2021,REG,00-0034681,C.Edmonds,Chase Edmonds,1,RB,RB,"https://static.www.nfl.com/image/upload/f_auto,q_auto/league/nbnqxhjafvg2vg6lc2ls",HOU,1,1,0,0,0,0,0,0,0,0,0,0,0,0,0,0,0,0,0,0,0,0
2021,REG,00-0034681,C.Edmonds,Chase Edmonds,1,RB,RB,"https://static.www.nfl.com/image/upload/f_auto,q_auto/league/nbnqxhjafvg2vg6lc2ls",TEN,0,0,0,1,0,0,0,0,0,0,0,0,0,0,0,0,0,0,0,0,0,0
2021,REG,00-0034682,G.Avery,Genard Avery,15,DE,DL,"https://static.www.nfl.com/image/upload/f_auto,q_auto/league/auijlrvvszglu6wo7xlv",PHI,21,19,2,22,4,4,0,1,13,2,0,0,0,0,0,0,0,0,0,0,2,20
2021,REG,00-0034683,D.Phillips,Darius Phillips,4,CB,DB,"https://static.www.nfl.com/image/private/f_auto,q_auto/league/jv2z4lfztmt3dgql1ozj",CIN,5,5,0,2,0,0,0,0,0,0,0,0,2,0,0,0,0,0,0,0,0,0
2021,REG,00-0034686,A.Tate,Auden Tate,1,WR,WR,"https://static.www.nfl.com/image/private/f_auto,q_auto/league/gp64utjveglpbit53u3t",GB,1,1,0,0,0,0,0,0,0,0,0,0,0,0,0,0,0,0,0,0,0,0
2021,REG,00-0034720,R.Spillane,Robert Spillane,10,OLB,LB,"https://static.www.nfl.com/image/upload/f_auto,q_auto/league/gm97x0fcqphr9bxmjhxu",PIT,23,21,2,22,2,4,0,0,0,0,0,0,0,0,0,0,0,0,0,0,1,15
2021,REG,00-0034723,N.Thurman,Nick Thurman,1,DT,DL,"https://static.www.nfl.com/image/upload/f_auto,q_auto/league/wvnd9kwznw8xgnir6f0v",ATL,1,0,1,0,0,0,0,0,0,1,0,0,0,0,0,0,0,0,0,0,0,0
2021,REG,00-0034726,D.Leavitt,Dallin Leavitt,11,SS,DB,"https://static.www.nfl.com/image/private/f_auto,q_auto/league/puozg5rjuz6vf3cudgx5",LV,12,11,1,11,0,0,0,0,0,0,0,0,2,0,0,0,0,1,30,0,1,15
2021,REG,00-0034728,J.Alexander,Jaire Alexander,3,CB,DB,"https://static.www.nfl.com/image/upload/f_auto,q_auto/league/izwlytzwiity0r8hox8p",GB,9,9,0,4,0,0,0,0,0,0,1,30,3,0,0,0,0,0,0,0,1,15
2021,REG,00-0034730,M.Harris,Marcell Harris,10,OLB,LB,"https://static.www.nfl.com/image/private/f_auto,q_auto/league/cpwqzcxldkcxuasgppbe",SF,23,21,2,14,2,2,0,1,1,1,1,2,1,0,0,0,0,0,0,0,2,16
2021,REG,00-0034731,R.McKenzie,Reginald McKenzie,3,G,OL,"https://static.www.nfl.com/image/private/f_auto,q_auto/league/xxcaen8vycmjbtjr7mwk",BAL,1,1,0,3,0,0,0,0,0,0,0,0,0,0,0,0,0,0,0,0,0,0
2021,REG,00-0034736,S.Parker,Steven Parker,2,FS,DB,"https://static.www.nfl.com/image/private/f_auto,q_auto/league/rqdelqhxbpn6pflf0hul",NYG,3,2,1,0,0,0,0,0,0,0,0,0,2,0,0,0,0,0,0,0,0,0
2021,REG,00-0034743,R.Evans,Rashaan Evans,12,ILB,LB,"https://static.www.nfl.com/image/private/f_auto,q_auto/league/hou79fqcetlephuywjnp",TEN,35,29,6,22,3,8,1,0,0,0,2,1,2,0,0,0,0,1,0,0,1,5
2021,REG,00-0034745,T.Walker,Tracy Walker III,15,FS,DB,"https://static.www.nfl.com/image/private/f_auto,q_auto/league/qk1pn06ll33lt3w2yraq",DET,72,61,11,33,3,2,0,1,8,1,1,5,6,0,0,0,0,0,0,0,2,20
2021,REG,00-0034746,M.Hurst,Maurice Hurst,2,DT,DL,"https://static.www.nfl.com/image/upload/f_auto,q_auto/league/j4y7trnt3kiptgfklo8o",SF,2,0,2,0,1,2,0,0,0,0,0,0,0,0,0,0,0,0,0,0,0,0
2021,REG,00-0034751,J.Jackson,Josh Jackson,2,CB,DB,"https://static.www.nfl.com/image/private/f_auto,q_auto/league/cdhgtve6ofjjbjqxzmfl",KC,1,1,0,2,0,0,0,0,0,0,0,0,0,0,0,0,0,0,0,0,0,0
2021,REG,00-0034753,M.Andrews,Mark Andrews,1,TE,TE,"https://static.www.nfl.com/image/upload/f_auto,q_auto/league/y5maejm3puruskwc344y",CHI,1,1,0,0,0,0,0,0,0,0,0,0,0,0,0,0,0,0,0,0,0,0
2021,REG,00-0034753,M.Andrews,Mark Andrews,1,TE,TE,"https://static.www.nfl.com/image/upload/f_auto,q_auto/league/y5maejm3puruskwc344y",CLE,3,3,0,1,0,0,0,0,0,0,0,0,0,0,0,0,0,0,0,0,0,0
2021,REG,00-0034753,M.Andrews,Mark Andrews,1,TE,TE,"https://static.www.nfl.com/image/upload/f_auto,q_auto/league/y5maejm3puruskwc344y",KC,1,1,0,0,0,0,0,0,0,0,0,0,0,0,0,0,0,0,0,0,0,0
2021,REG,00-0034753,M.Andrews,Mark Andrews,1,TE,TE,"https://static.www.nfl.com/image/upload/f_auto,q_auto/league/y5maejm3puruskwc344y",PIT,1,1,0,0,0,0,0,0,0,0,0,0,0,0,0,0,0,0,0,0,0,0
2021,REG,00-0034754,O.Burks,Oren Burks,13,OLB,LB,"https://static.www.nfl.com/image/upload/f_auto,q_auto/league/xlisbfbwvpcjqkjlmtjy",GB,16,12,4,10,1,0,0,0.5,2,2,0,0,0,0,0,0,0,0,0,0,1,5
2021,REG,00-0034756,T.Flowers,Tre Flowers,7,CB,DB,"https://static.www.nfl.com/image/upload/f_auto,q_auto/league/x7yagewolfolqgjvp633",CIN,10,8,2,7,0,0,0,0,0,0,0,0,1,0,0,0,0,0,0,0,0,0
2021,REG,00-0034756,T.Flowers,Tre Flowers,4,CB,DB,"https://static.www.nfl.com/image/upload/f_auto,q_auto/league/x7yagewolfolqgjvp633",SEA,15,11,4,1,0,0,0,0,0,0,0,0,0,0,0,0,0,0,0,0,1,7
2021,REG,00-0034760,N.Shepherd,Nathan Shepherd,15,DT,DL,"https://static.www.nfl.com/image/upload/f_auto,q_auto/league/y49eafzi4zegmlb0uu2x",NYJ,17,12,5,11,0,0,0,0,0,8,0,0,0,0,0,0,0,0,0,0,7,50
2021,REG,00-0034762,B.Price,Billy Price,1,C,OL,"https://static.www.nfl.com/image/upload/f_auto,q_auto/league/fopmtycmvtcvxopdkumd",TB,1,1,0,0,0,0,0,0,0,0,0,0,0,0,0,0,0,0,0,0,0,0
2021,REG,00-0034763,B.Parker,Brandon Parker,1,T,OL,"https://static.www.nfl.com/image/upload/f_auto,q_auto/league/a9hbmokfukhplovejan7",CIN,1,1,0,0,0,0,0,0,0,0,0,0,0,0,0,0,0,0,0,0,0,0
2021,REG,00-0034763,B.Parker,Brandon Parker,1,T,OL,"https://static.www.nfl.com/image/upload/f_auto,q_auto/league/a9hbmokfukhplovejan7",IND,1,1,0,0,0,0,0,0,0,0,0,0,0,0,0,0,0,0,0,0,0,0
2021,REG,00-0034763,B.Parker,Brandon Parker,1,T,OL,"https://static.www.nfl.com/image/upload/f_auto,q_auto/league/a9hbmokfukhplovejan7",KC,0,0,0,1,0,0,0,0,0,0,0,0,0,0,0,0,0,0,0,0,0,0
2021,REG,00-0034765,T.Smith,Tre'Quan Smith,1,WR,WR,"https://static.www.nfl.com/image/upload/f_auto,q_auto/league/tlpyarxwfw6jue0m0e0o",ATL,1,1,0,0,0,0,0,0,0,0,0,0,0,0,0,0,0,0,0,0,0,0
2021,REG,00-0034765,T.Smith,Tre'Quan Smith,1,WR,WR,"https://static.www.nfl.com/image/upload/f_auto,q_auto/league/tlpyarxwfw6jue0m0e0o",BUF,1,1,0,0,0,0,0,0,0,0,0,0,0,0,0,0,0,0,0,0,0,0
2021,REG,00-0034765,T.Smith,Tre'Quan Smith,1,WR,WR,"https://static.www.nfl.com/image/upload/f_auto,q_auto/league/tlpyarxwfw6jue0m0e0o",DAL,1,1,0,0,0,0,0,0,0,0,0,0,0,0,0,0,0,0,0,0,0,0
2021,REG,00-0034773,V.Vea,Vita Vea,14,NT,DL,"https://static.www.nfl.com/image/upload/f_auto,q_auto/league/xsdlwaexrxhkbgqqe7nq",TB,22,20,2,11,5,1,0,4,32,12,0,0,3,0,0,0,0,1,0,0,1,5
2021,REG,00-0034778,C.Davis,Carlton Davis,10,CB,DB,"https://static.www.nfl.com/image/upload/f_auto,q_auto/league/ueh3ui3l3ndih3yrorbq",TB,32,30,2,6,2,2,0,0,0,0,1,25,11,0,0,0,0,1,0,0,6,57
2021,REG,00-0034779,R.Harrison,Ronnie Harrison,12,DB,DB,"https://static.www.nfl.com/image/upload/f_auto,q_auto/league/b1aa4at262sjmhtxv5lh",CLE,40,32,8,18,4,2,0,1,8,1,1,0,3,0,0,0,0,0,0,0,1,9
2021,REG,00-0034780,I.Yiadom,Isaac Yiadom,6,CB,DB,"https://static.www.nfl.com/image/upload/f_auto,q_auto/league/kxe4pgiizgonwesgtcy2",GB,6,6,0,1,0,0,0,0,0,0,0,0,0,0,0,0,0,0,0,0,2,31
2021,REG,00-0034781,D.O'Daniel,Dorian O'Daniel,2,OLB,LB,"https://static.www.nfl.com/image/private/f_auto,q_auto/league/mpzmyvgjzjl4n6rtn1wg",KC,2,2,0,3,0,0,0,0,0,0,0,0,0,0,0,0,0,0,0,0,0,0
2021,REG,00-0034782,H.Phillips,Harrison Phillips,14,NT,DL,"https://static.www.nfl.com/image/upload/f_auto,q_auto/league/kgdz7jtiokfv4qdeldbr",BUF,28,23,5,23,4,4,0,1,5,6,0,0,1,0,0,0,0,1,0,0,0,0
2021,REG,00-0034787,C.Board,Chris Board,13,ILB,LB,"https://static.www.nfl.com/image/upload/f_auto,q_auto/league/cohwnf1ebc79gp0ufeu8",BAL,13,13,0,17,0,0,0,0,0,2,0,0,0,0,0,0,0,0,0,0,1,1
2021,REG,00-0034789,M.Fitzpatrick,Minkah Fitzpatrick,16,FS,DB,"https://static.www.nfl.com/image/upload/f_auto,q_auto/league/rchs52os6xjfl4eczpw8",PIT,84,76,8,40,1,1,1,0,0,0,2,18,7,0,0,0,0,1,-1,0,2,46
2021,REG,00-0034790,D.James,Derwin James,15,SS,DB,"https://static.www.nfl.com/image/upload/f_auto,q_auto/league/vhkbrloqr0llf08voms0",LAC,75,70,5,43,7,5,3,2,12.5,7,2,20,5,0,0,0,0,0,0,0,2,26
2021,REG,00-0034791,N.Chubb,Nick Chubb,1,RB,RB,"https://static.www.nfl.com/image/private/f_auto,q_auto/league/a8ib0haur75wrhqrbtyo",HOU,1,1,0,0,0,0,0,0,0,0,0,0,0,0,0,0,0,0,0,0,0,0
2021,REG,00-0034796,L.Jackson,Lamar Jackson,1,QB,QB,"https://static.www.nfl.com/image/upload/f_auto,q_auto/league/cruqs6qpbykh7a2whd7p",LV,1,1,0,0,0,0,0,0,0,0,0,0,0,0,0,0,0,0,0,0,0,0
2021,REG,00-0034797,J.Baker,Jerome Baker,16,ILB,LB,"https://static.www.nfl.com/image/upload/f_auto,q_auto/league/tkl1vjh6wf5a8zyl3aym",MIA,62,54,8,30,9,5,1,5.5,52,15,1,0,4,0,0,0,0,0,0,0,1,15
2021,REG,00-0034799,K.Ballage,Kalen Ballage,1,RB,RB,"https://static.www.nfl.com/image/private/f_auto,q_auto/league/zxxklmhekefz5gaaxqi0",DET,1,1,0,0,0,0,0,0,0,0,0,0,0,0,0,0,0,0,0,0,0,0
2021,REG,00-0034800,B.Hill,B.J. Hill,16,DT,DL,"https://static.www.nfl.com/image/upload/f_auto,q_auto/league/urlcerw3yf7r2vdk9kxb",CIN,29,25,4,21,6,1,0,5.5,43,12,0,0,0,0,0,0,0,0,0,0,2,10
2021,REG,00-0034801,J.Woods,Josh Woods,3,ILB,LB,"https://static.www.nfl.com/image/upload/f_auto,q_auto/league/dlmvycie4nrfwrbovhob",DET,16,13,3,5,2,2,0,0,0,2,0,0,0,0,0,0,0,0,0,0,1,5
2021,REG,00-0034805,J.Franklin-Myers,John Franklin-Myers,15,DE,DL,"https://static.www.nfl.com/image/upload/f_auto,q_auto/league/o4agbudunlqlmbcuc0ta",NYJ,17,14,3,18,6,4,1,6,44,14,1,32,1,0,0,0,0,0,0,0,2,4
2021,REG,00-0034806,M.Kiser,Micah Kiser,3,ILB,LB,"https://static.www.nfl.com/image/private/f_auto,q_auto/league/ex1nv0jhbsg8qnf91fwc",DEN,7,5,2,10,1,1,0,0,0,0,0,0,0,0,0,0,0,0,0,0,0,0
2021,REG,00-0034807,O.Okoronkwo,Ogbonnia Okoronkwo,10,DE,DL,"https://static.www.nfl.com/image/upload/f_auto,q_auto/league/tcekeb87zekakqll93ib",LA,9,7,2,6,3,4,2,2,18,6,0,0,0,0,0,0,0,0,0,0,1,15
2021,REG,00-0034810,S.Joseph,Sebastian Joseph,7,DT,DL,"https://static.www.nfl.com/image/upload/f_auto,q_auto/league/ecu0r1asdvqcpzowbsjk",LA,23,16,7,15,3,0,0,3,18,5,0,0,0,0,0,0,0,0,0,0,1,5
2021,REG,00-0034812,T.Howard,Travin Howard,4,MLB,LB,"https://static.www.nfl.com/image/private/f_auto,q_auto/league/gtq0natnnotnqxbfwo1d",LA,11,9,2,6,0,0,0,0,0,0,1,19,3,0,0,0,0,0,0,0,0,0
2021,REG,00-0034813,J.Lawler,Justin Lawler,1,OLB,LB,"https://static.www.nfl.com/image/private/f_auto,q_auto/league/r68dolodg0xt851yklsg",LA,0,0,0,1,0,0,0,0,0,0,0,0,0,0,0,0,0,0,0,0,0,0
2021,REG,00-0034815,F.Warner,Fred Warner,16,MLB,LB,"https://static.www.nfl.com/image/upload/f_auto,q_auto/league/negqfj64yvuprc88sthz",SF,79,71,8,58,7,5,1,0.5,5,3,0,0,4,0,0,0,0,3,0,0,1,24
2021,REG,00-0034817,G.Christian,Geron Christian,1,T,OL,"https://static.www.nfl.com/image/upload/f_auto,q_auto/league/darquy5teuxaglpisiw7",LA,1,1,0,0,0,0,0,0,0,0,0,0,0,0,0,0,0,0,0,0,0,0
2021,REG,00-0034818,D.Nnadi,Derrick Nnadi,17,DT,DL,"https://static.www.nfl.com/image/private/f_auto,q_auto/league/fokp5h37zl5qkfsachb3",KC,21,19,2,17,2,0,0,3,10,5,0,0,0,0,0,0,0,0,0,0,2,20
2021,REG,00-0034825,A.Key,Arden Key,16,OLB,LB,"https://static.www.nfl.com/image/upload/f_auto,q_auto/league/xxdj5ryrs3vlp7ubhbye",SF,11,10,1,11,5,0,0,6.5,51.5,17,0,0,1,0,0,0,0,0,0,0,5,55
2021,REG,00-0034827,D.Moore,D.J. Moore,1,WR,WR,"https://static.www.nfl.com/image/upload/f_auto,q_auto/league/hqb9xnzm9brx79zl6wve",DAL,1,1,0,1,0,0,0,0,0,0,0,0,0,0,0,0,0,0,0,0,0,0
2021,REG,00-0034827,D.Moore,D.J. Moore,1,WR,WR,"https://static.www.nfl.com/image/upload/f_auto,q_auto/league/hqb9xnzm9brx79zl6wve",MIA,1,1,0,0,0,0,0,0,0,0,0,0,0,0,0,0,0,0,0,0,0,0
2021,REG,00-0034827,D.Moore,D.J. Moore,1,WR,WR,"https://static.www.nfl.com/image/upload/f_auto,q_auto/league/hqb9xnzm9brx79zl6wve",MIN,1,1,0,0,0,0,0,0,0,0,0,0,0,0,0,0,0,0,0,0,0,0
2021,REG,00-0034827,D.Moore,D.J. Moore,1,WR,WR,"https://static.www.nfl.com/image/upload/f_auto,q_auto/league/hqb9xnzm9brx79zl6wve",PHI,2,2,0,0,0,0,0,0,0,0,0,0,0,0,0,0,0,0,0,0,0,0
2021,REG,00-0034828,H.Landry,Harold Landry,17,OLB,LB,"https://static.www.nfl.com/image/private/f_auto,q_auto/league/akafrpdcokvwz2psbbmj",TEN,51,44,7,24,14,6,1,12,80,22,0,0,0,0,0,0,0,0,0,0,0,0
2021,REG,00-0034829,M.Gesicki,Mike Gesicki,1,TE,TE,"https://static.www.nfl.com/image/upload/f_auto,q_auto/league/zabpknonv9ozmkyw4qqt",NE,1,1,0,0,0,0,0,0,0,0,0,0,0,0,0,0,0,0,0,0,0,0
2021,REG,00-0034829,M.Gesicki,Mike Gesicki,1,TE,TE,"https://static.www.nfl.com/image/upload/f_auto,q_auto/league/zabpknonv9ozmkyw4qqt",TEN,1,1,0,0,0,0,0,0,0,0,0,0,0,0,0,0,0,0,0,0,0,0
2021,REG,00-0034830,H.Hurst,Hayden Hurst,1,TE,TE,"https://static.www.nfl.com/image/upload/f_auto,q_auto/league/qxvkvmi2fphxjqyb21nv",NYJ,1,1,0,0,0,0,0,0,0,0,0,0,0,0,0,0,0,0,0,0,0,0
2021,REG,00-0034831,R.Green,Rasheem Green,17,DE,DL,"https://static.www.nfl.com/image/private/f_auto,q_auto/league/q5a4fmrm2xxioqe5ijpi",SEA,27,19,8,21,6,3,0,6.5,46.5,15,0,0,4,0,0,0,0,0,0,0,3,24
2021,REG,00-0034832,B.Chubb,Bradley Chubb,6,OLB,LB,"https://static.www.nfl.com/image/upload/f_auto,q_auto/league/vhjsqvxi3jsrvpr08kuv",DEN,9,9,0,12,1,4,0,0,0,4,1,21,2,0,0,0,0,0,0,0,2,20
2021,REG,00-0034833,I.Wynn,Isaiah Wynn,1,G,OL,"https://static.www.nfl.com/image/upload/f_auto,q_auto/league/vtldccf1xfjt0cmblvxu",CAR,1,1,0,0,0,0,0,0,0,0,0,0,0,0,0,0,0,0,0,0,0,0
2021,REG,00-0034834,S.Hubbard,Sam Hubbard,16,DE,DL,"https://static.www.nfl.com/image/upload/f_auto,q_auto/league/eoodwerhenaqvcaqm29t",CIN,33,30,3,29,12,15,1,7.5,32,17,0,0,3,0,0,0,0,2,43,0,1,5
2021,REG,00-0034837,C.Ridley,Calvin Ridley,1,WR,WR,"https://static.www.nfl.com/image/upload/f_auto,q_auto/league/tmeij0cfgylmurfybs74",MIA,1,1,0,0,0,0,0,0,0,0,0,0,0,0,0,0,0,0,0,0,0,0
2021,REG,00-0034842,T.Bryan,Taven Bryan,11,DT,DL,"https://static.www.nfl.com/image/upload/f_auto,q_auto/league/sbozolhejczr8npyyvas",JAX,10,9,1,5,4,1,0,2,16,8,0,0,0,0,0,0,0,0,0,0,1,5
2021,REG,00-0034843,M.Hughes,Mike Hughes,11,CB,DB,"https://static.www.nfl.com/image/upload/f_auto,q_auto/league/wsofyxh7irgdfy7wwhv5",KC,38,38,0,7,0,0,4,0,0,0,1,0,6,1,0,0,0,1,23,0,0,0
2021,REG,00-0034845,S.Michel,Sony Michel,1,RB,RB,"https://static.www.nfl.com/image/private/f_auto,q_auto/league/eydtwcqcaegkuwivq0ln",MIN,1,1,0,0,0,0,0,0,0,0,0,0,0,0,0,0,0,0,0,0,0,0
2021,REG,00-0034846,S.Leonard,Shaquille Leonard,16,MLB,LB,"https://static.www.nfl.com/image/private/f_auto,q_auto/league/wsciifrkszbcjmnzsliy",IND,75,58,17,47,4,10,8,0,0,3,4,12,8,0,1,1,0,2,29,0,4,50
2021,REG,00-0034847,M.McGlinchey,Mike McGlinchey,1,T,OL,"https://static.www.nfl.com/image/upload/f_auto,q_auto/league/swckd2db6zf3wxl2imfl",GB,1,1,0,0,0,0,0,0,0,0,0,0,0,0,0,0,0,0,0,0,0,0
2021,REG,00-0034854,K.Hodge,KhaDarel Hodge,1,WR,WR,"https://static.www.nfl.com/image/upload/f_auto,q_auto/league/h3r6hfokmtgtxz8mljho",SEA,2,2,0,0,0,0,0,0,0,0,0,0,0,0,0,0,0,0,0,0,0,0
2021,REG,00-0034856,D.Ward,Denzel Ward,15,CB,DB,"https://static.www.nfl.com/image/upload/f_auto,q_auto/league/jnslpmszzjcegkbza1gs",CLE,34,33,1,9,1,0,0,0.5,2,2,3,103,10,1,0,0,0,0,0,0,3,37
2021,REG,00-0034857,J.Allen,Josh Allen,1,QB,QB,"https://static.www.nfl.com/image/upload/f_auto,q_auto/league/lq4ezafbszwwt2qsvhqv",HOU,1,1,0,0,0,0,0,0,0,0,0,0,0,0,0,0,0,0,0,0,0,0
2021,REG,00-0034857,J.Allen,Josh Allen,1,QB,QB,"https://static.www.nfl.com/image/upload/f_auto,q_auto/league/lq4ezafbszwwt2qsvhqv",JAX,1,1,0,0,0,0,0,0,0,0,0,0,0,0,0,0,0,0,0,0,0,0
2021,REG,00-0034858,T.Edmunds,Terrell Edmunds,17,FS,DB,"https://static.www.nfl.com/image/upload/f_auto,q_auto/league/fk1i6e8ursk3awmpts1j",PIT,63,49,14,26,8,7,0,1,13,1,2,15,6,0,0,0,0,0,0,0,0,0
2021,REG,00-0034860,D.Pettis,Dante Pettis,1,WR,WR,"https://static.www.nfl.com/image/upload/f_auto,q_auto/league/bkn6mnwboawe7iucprxe",LA,1,1,0,0,0,0,0,0,0,0,0,0,0,0,0,0,0,0,0,0,0,0
2021,REG,00-0034874,R.Smith,Roquan Smith,17,ILB,LB,"https://static.www.nfl.com/image/upload/f_auto,q_auto/league/xazeejac1mkh52qwmioj",CHI,95,85,10,68,12,12,0,3,25,4,1,53,3,1,0,0,0,0,0,0,4,34
2021,REG,00-0034887,A.Johnson,Alexander Johnson,6,ILB,LB,"https://static.www.nfl.com/image/private/f_auto,q_auto/league/zish1d1wbrhziswhsssd",DEN,20,18,2,12,2,0,0,2,26,2,0,0,3,0,0,0,0,1,10,0,0,0
2021,REG,00-0034902,S.Eguavoen,Sam Eguavoen,8,ILB,LB,"https://static.www.nfl.com/image/upload/f_auto,q_auto/league/qvwzilzdorawnld7aous",MIA,5,4,1,7,0,0,0,0.5,4.5,7,0,0,0,1,0,0,0,1,0,0,0,0
2021,REG,00-0034903,Te.Campbell,Tevaughn Campbell,11,CB,DB,"https://static.www.nfl.com/image/upload/f_auto,q_auto/league/gt6omgjvqjkohkngei3o",LAC,30,27,3,8,0,0,2,0,0,0,0,0,4,1,0,0,0,1,61,0,2,9
2021,REG,00-0034930,T.Benson,Trinity Benson,1,WR,WR,"https://static.www.nfl.com/image/private/f_auto,q_auto/league/ieftt22eccs8cjnodaxb",GB,1,1,0,0,0,0,0,0,0,0,0,0,0,0,0,0,0,0,0,0,0,0
2021,REG,00-0034954,M.Reed,Malik Reed,14,OLB,LB,"https://static.www.nfl.com/image/private/f_auto,q_auto/league/c3efy9qazz8gzi8b3qvb",DEN,24,22,2,19,3,0,2,5,36,8,0,0,2,0,0,0,0,1,0,0,0,0
2021,REG,00-0034956,J.Watson,Josh Watson,1,ILB,LB,"https://static.www.nfl.com/image/private/f_auto,q_auto/league/h1uyjqcly6xgykmhbdfn",HOU,0,0,0,0,0,0,0,0,0,0,0,0,0,0,0,0,0,0,0,0,1,15
2021,REG,00-0034960,J.Meyers,Jakobi Meyers,1,WR,WR,"https://static.www.nfl.com/image/upload/f_auto,q_auto/league/p1abjttm5pu8gev0gwea",BUF,2,2,0,0,0,0,0,0,0,0,0,0,0,0,0,0,0,0,0,0,0,0
2021,REG,00-0034966,D.Ross,D'Angelo Ross,1,CB,DB,"https://static.www.nfl.com/image/upload/f_auto,q_auto/league/mnmdjulszlkle9jmfmqb",NE,2,2,0,1,0,0,0,0,0,0,0,0,0,0,0,0,0,0,0,0,0,0
2021,REG,00-0034967,R.Gary,Rashan Gary,16,DE,DL,"https://static.www.nfl.com/image/private/f_auto,q_auto/league/t4clz4xe8sfxszmvohfo",GB,27,23,4,20,8,3,2,9.5,71,28,0,0,0,0,0,0,0,1,0,0,1,15
2021,REG,00-0034968,D.Savage,Darnell Savage,16,SS,DB,"https://static.www.nfl.com/image/upload/f_auto,q_auto/league/zanp4izx5l4ucg78istw",GB,48,43,5,15,2,1,0,0,0,0,2,0,9,0,0,0,0,0,0,0,3,66
2021,REG,00-0034969,B.Banogu,Ben Banogu,1,DE,DL,"https://static.www.nfl.com/image/private/f_auto,q_auto/league/p9k6kdaayai1uggtqruq",IND,1,1,0,1,0,0,0,0,0,1,0,0,0,0,0,0,0,0,0,0,0,0
2021,REG,00-0034973,M.Crosby,Maxx Crosby,17,DE,DL,"https://static.www.nfl.com/image/upload/f_auto,q_auto/league/j5dphk7ntlwa3hciktfx",LV,36,26,10,20,13,15,0,8,52.5,30,0,0,7,0,0,0,0,0,0,0,8,70
2021,REG,00-0034974,J.Love,Julian Love,15,SS,DB,"https://static.www.nfl.com/image/upload/f_auto,q_auto/league/aeodojl99cyqfh9ykmsa",NYG,32,29,3,24,1,0,0,0.5,2.5,2,1,0,7,0,0,0,0,1,0,0,3,25
2021,REG,00-0034977,S.Redwine,Sheldrick Redwine,1,FS,DB,"https://static.www.nfl.com/image/upload/f_auto,q_auto/league/l1inyksf3ejpmdkzhzsf",MIA,1,1,0,0,0,0,0,0,0,0,0,0,0,0,0,0,0,0,0,0,0,0
2021,REG,00-0034977,S.Redwine,Sheldrick Redwine,1,FS,DB,"https://static.www.nfl.com/image/upload/f_auto,q_auto/league/l1inyksf3ejpmdkzhzsf",NYJ,2,2,0,1,0,0,0,0,0,0,0,0,0,0,0,0,0,0,0,0,0,0
2021,REG,00-0034981,F.Moreau,Foster Moreau,1,TE,TE,"https://static.www.nfl.com/image/upload/f_auto,q_auto/league/hfcik9okcbwsbhgoaljy",KC,1,1,0,0,0,0,0,0,0,0,0,0,0,0,0,0,0,0,0,0,0,0
2021,REG,00-0034982,D.Greenlaw,Dre Greenlaw,3,ILB,LB,"https://static.www.nfl.com/image/upload/f_auto,q_auto/league/naza1bdluix1puywkixy",SF,10,9,1,11,0,0,0,0,0,1,1,39,1,1,0,0,0,0,0,0,2,26
2021,REG,00-0034983,H.Renfrow,Hunter Renfrow,1,WR,WR,"https://static.www.nfl.com/image/private/f_auto,q_auto/league/coqn2jxhmjhaut34aqiv",CLE,1,1,0,0,0,0,0,0,0,0,0,0,0,0,0,0,0,0,0,0,0,0
2021,REG,00-0034983,H.Renfrow,Hunter Renfrow,1,WR,WR,"https://static.www.nfl.com/image/private/f_auto,q_auto/league/coqn2jxhmjhaut34aqiv",KC,1,1,0,0,0,0,0,0,0,0,0,0,0,0,0,0,0,0,0,0,0,0
2021,REG,00-0034983,H.Renfrow,Hunter Renfrow,1,WR,WR,"https://static.www.nfl.com/image/private/f_auto,q_auto/league/coqn2jxhmjhaut34aqiv",LV,0,0,0,0,0,0,0,0,0,0,0,0,1,0,0,0,0,0,0,0,0,0
2021,REG,00-0034984,K.Keke,Kingsley Keke,11,DE,DL,"https://static.www.nfl.com/image/private/f_auto,q_auto/league/imitdfhjy3ee989bemjd",GB,10,7,3,13,1,0,1,2.5,23,4,0,0,3,0,0,0,0,0,0,0,2,15
2021,REG,00-0034987,E.Speed,E.J. Speed,7,OLB,LB,"https://static.www.nfl.com/image/upload/f_auto,q_auto/league/cyu6wsnishege9etash7",IND,14,13,1,4,0,0,1,0,0,0,0,0,1,0,0,0,0,0,0,0,0,0
2021,REG,00-0034992,A.Watts,Armon Watts,15,NT,DL,"https://static.www.nfl.com/image/upload/f_auto,q_auto/league/m3aiaywwfngkhwcqtcdm",MIN,20,15,5,26,3,0,2,5,34,10,0,0,0,0,0,0,0,0,0,0,0,0
2021,REG,00-0034993,M.Epps,Marcus Epps,15,SS,DB,"https://static.www.nfl.com/image/upload/f_auto,q_auto/league/ac61bwk01sqd5ljzsjsq",PHI,36,34,2,20,0,0,0,0,0,0,1,0,5,0,0,0,0,0,0,0,1,10
2021,REG,00-0034999,T.Summers,Ty Summers,2,MLB,LB,"https://static.www.nfl.com/image/upload/f_auto,q_auto/league/qavyze4sxk55rpsudjmi",GB,4,4,0,0,0,0,0,0,0,0,0,0,0,0,0,0,0,0,0,0,0,0
2021,REG,00-0035020,D.Flannigan-Fowles,Demetrius Flannigan-Fowles,7,OLB,LB,"https://static.www.nfl.com/image/upload/f_auto,q_auto/league/aaxlqqmiilfqwjc4us5g",SF,7,6,1,13,0,0,0,0,0,0,0,0,0,0,0,0,0,0,0,0,0,0
2021,REG,00-0035021,A.Dulin,Ashton Dulin,1,WR,WR,"https://static.www.nfl.com/image/upload/f_auto,q_auto/league/so1vzml0sxv84xoyyr2n",IND,0,0,0,0,0,0,0,0,0,0,0,0,0,1,0,0,0,1,0,0,0,0
2021,REG,00-0035022,P.Hart,Penny Hart,1,WR,WR,"https://static.www.nfl.com/image/private/f_auto,q_auto/league/x56attwx7uv6a8zbetsq",SEA,0,0,0,0,0,0,0,0,0,0,0,0,0,0,0,0,0,0,0,0,1,5
2021,REG,00-0035026,K.Givens,Kevin Givens,11,DT,DL,"https://static.www.nfl.com/image/upload/f_auto,q_auto/league/elk8nj4ddzenouhvdr3u",SF,7,6,1,10,1,3,1,0,0,2,0,0,0,0,0,0,0,0,0,0,0,0
2021,REG,00-0035048,W.Ray,Wyatt Ray,7,DE,DL,"https://static.www.nfl.com/image/private/f_auto,q_auto/league/gbndvytyrqddf09rknyj",CIN,5,3,2,9,0,0,1,1,5,2,0,0,0,0,0,0,0,0,0,0,0,0
2021,REG,00-0035062,S.Mustipher,Sam Mustipher,1,C,OL,"https://static.www.nfl.com/image/upload/f_auto,q_auto/league/ecy19sdqjyo8cdylzg0r",PIT,1,1,0,0,0,0,0,0,0,0,0,0,0,0,0,0,0,0,0,0,0,0
2021,REG,00-0035073,J.Harris,Jonathan Harris,3,DE,DL,"https://static.www.nfl.com/image/upload/f_auto,q_auto/league/xgluw2syx3m7vbrjerpg",DEN,7,5,2,3,0,0,0,0,0,1,0,0,0,0,0,0,0,0,0,0,0,0
2021,REG,00-0035094,B.Mone,Bryan Mone,12,NT,DL,"https://static.www.nfl.com/image/private/f_auto,q_auto/league/bkoc7udtoizomqmqmb0k",SEA,15,13,2,20,0,0,1,1.5,8.5,3,0,0,1,0,0,0,0,0,0,0,3,25
2021,REG,00-0035112,P.Mekari,Patrick Mekari,1,G,OL,"https://static.www.nfl.com/image/upload/f_auto,q_auto/league/t7vsxnwwujz83asnddmj",LA,1,1,0,0,0,0,0,0,0,0,0,0,0,0,0,0,0,0,0,0,0,0
2021,REG,00-0035133,K.Nixon,Keisean Nixon,3,CB,DB,"https://static.www.nfl.com/image/upload/f_auto,q_auto/league/zsxo7tlynx1uzjvp0vpf",LV,6,5,1,2,0,0,0,0,0,1,0,0,0,0,0,0,0,0,0,0,0,0
2021,REG,00-0035135,T.Ward,Tim Ward,9,DE,DL,"https://static.www.nfl.com/image/private/f_auto,q_auto/league/mdyrgs4ngangxocxenld",NYJ,5,5,0,7,0,0,0,0,0,0,0,0,2,0,0,0,0,0,0,0,1,4
2021,REG,00-0035139,M.Blair,Marquise Blair,5,FS,DB,"https://static.www.nfl.com/image/private/f_auto,q_auto/league/pbiurl35dkc9s7jmznhd",SEA,5,5,0,4,1,3,0,0,0,0,0,0,2,0,0,0,0,0,0,0,1,15
2021,REG,00-0035140,M.Hardman,Mecole Hardman,1,WR,WR,"https://static.www.nfl.com/image/upload/f_auto,q_auto/league/cfbjutuygqg7imy0qwpt",LAC,1,1,0,0,0,0,0,0,0,0,0,0,0,0,0,0,0,0,0,0,0,0
2021,REG,00-0035140,M.Hardman,Mecole Hardman,1,WR,WR,"https://static.www.nfl.com/image/upload/f_auto,q_auto/league/cfbjutuygqg7imy0qwpt",TEN,1,1,0,0,0,0,0,0,0,0,0,0,0,0,0,0,0,0,0,0,0,0
2021,REG,00-0035142,U.Amadi,Ugochukwu Amadi,15,FS,DB,"https://static.www.nfl.com/image/upload/f_auto,q_auto/league/zaha843hitd6nhpz4n8p",SEA,39,37,2,12,2,6,1,0,0,0,1,12,6,0,1,0,0,0,0,0,6,51
2021,REG,00-0035144,M.Wilson,Mack Wilson,8,ILB,LB,"https://static.www.nfl.com/image/upload/f_auto,q_auto/league/zjazfilpr7k2agiwqpxn",CLE,22,20,2,11,0,0,0,0,0,0,0,0,0,0,0,0,0,0,0,0,0,0
2021,REG,00-0035147,R.Fenton,Rashad Fenton,13,CB,DB,"https://static.www.nfl.com/image/private/f_auto,q_auto/league/mmjxvj9shtwdwifjmtfi",KC,39,39,0,8,0,0,1,0,0,0,0,0,7,0,0,0,0,0,0,0,4,38
2021,REG,00-0035150,K.Boyd,Kris Boyd,6,CB,DB,"https://static.www.nfl.com/image/upload/f_auto,q_auto/league/m4mypipricmwh7lfemgo",MIN,16,15,1,3,0,0,0,0,0,0,0,0,0,0,0,0,0,0,0,0,3,35
2021,REG,00-0035166,A.Al-Shaair,Azeez Al-Shaair,13,ILB,LB,"https://static.www.nfl.com/image/upload/f_auto,q_auto/league/ds54eikn20fpelbmft71",SF,58,51,7,44,9,4,1,2,8,2,1,24,5,0,0,0,0,2,12,0,0,0
2021,REG,00-0035202,D.Phillips,Del'Shawn Phillips,6,OLB,LB,"https://static.www.nfl.com/image/upload/f_auto,q_auto/league/f4t6he54ihdvf5pjsqm6",NYJ,8,8,0,12,2,2,0,1,8,1,0,0,0,0,0,0,0,1,34,0,0,0
2021,REG,00-0035208,O.Zaccheaus,Olamide Zaccheaus,1,WR,WR,"https://static.www.nfl.com/image/upload/f_auto,q_auto/league/hcmdnfgnnvcp0qbktpxd",DAL,1,1,0,0,0,0,0,0,0,0,0,0,0,0,0,0,0,0,0,0,0,0
2021,REG,00-0035210,H.Miller,Herb Miller,1,CB,DB,"https://static.www.nfl.com/image/private/f_auto,q_auto/league/eeuvupwlf9ed6dewycyf",CLE,0,0,0,0,0,0,0,0,0,0,0,0,0,0,0,0,0,0,0,0,1,8
2021,REG,00-0035215,D.Harty,Deonte Harty,1,WR,WR,"https://static.www.nfl.com/image/upload/f_auto,q_auto/league/fh7rbtvohdkaacqaxqke",DAL,1,1,0,0,0,0,0,0,0,0,0,0,0,0,0,0,0,0,0,0,0,0
2021,REG,00-0035215,D.Harty,Deonte Harty,1,WR,WR,"https://static.www.nfl.com/image/upload/f_auto,q_auto/league/fh7rbtvohdkaacqaxqke",NYG,1,1,0,0,0,0,0,0,0,0,0,0,0,0,0,0,0,0,0,0,0,0
2021,REG,00-0035216,D.Johnson,Diontae Johnson,1,WR,WR,"https://static.www.nfl.com/image/upload/f_auto,q_auto/league/rjtil6ilydmwoy0btlt7",GB,1,1,0,0,0,0,0,0,0,0,0,0,0,0,0,0,0,0,0,0,0,0
2021,REG,00-0035219,I.Buggs,Isaiah Buggs,9,DT,DL,"https://static.www.nfl.com/image/private/f_auto,q_auto/league/fpx9zf3ok9xhrergynxi",PIT,5,4,1,12,2,1,0,0,0,0,0,0,1,0,0,0,0,0,0,0,1,5
2021,REG,00-0035222,Z.Gentry,Zach Gentry,1,TE,TE,"https://static.www.nfl.com/image/upload/f_auto,q_auto/league/a8vddwqiybkx41wwtjy4",KC,1,1,0,0,0,0,0,0,0,0,0,0,0,0,0,0,0,0,0,0,0,0
2021,REG,00-0035223,U.Gilbert,Ulysees Gilbert,3,ILB,LB,"https://static.www.nfl.com/image/private/f_auto,q_auto/league/cuiogahz0e5enpzl6fbr",PIT,2,1,1,0,0,0,0,0,0,0,0,0,0,0,0,0,0,0,0,0,1,10
2021,REG,00-0035227,P.Locke,P.J. Locke,2,FS,DB,"https://static.www.nfl.com/image/upload/f_auto,q_auto/league/lklzvxfizwibmugrw5oa",DEN,1,1,0,0,0,0,0,0,0,1,0,0,0,0,0,0,0,0,0,0,1,5
2021,REG,00-0035229,T.Hockenson,T.J. Hockenson,1,TE,TE,"https://static.www.nfl.com/image/upload/f_auto,q_auto/league/n9zhffstwzae8i5di6tk",CIN,1,1,0,0,0,0,0,0,0,0,0,0,0,0,0,0,0,0,0,0,0,0
2021,REG,00-0035229,T.Hockenson,T.J. Hockenson,1,TE,TE,"https://static.www.nfl.com/image/upload/f_auto,q_auto/league/n9zhffstwzae8i5di6tk",MIN,1,1,0,0,0,0,0,0,0,0,0,0,0,0,0,0,0,0,0,0,0,0
2021,REG,00-0035230,E.Oliver,Ed Oliver,16,DT,DL,"https://static.www.nfl.com/image/upload/f_auto,q_auto/league/fbog7lunnqjxm1d6j5jj",BUF,29,24,5,12,10,18,1,4,27.5,14,0,0,3,0,0,0,0,0,0,0,5,65
2021,REG,00-0035231,C.Wilkins,Christian Wilkins,17,DT,DL,"https://static.www.nfl.com/image/upload/f_auto,q_auto/league/ogy5fqw1xsut7lcxffyw",MIA,49,35,14,40,10,18,1,4.5,31,13,0,0,4,0,1,1,9,1,9,0,0,0
2021,REG,00-0035236,B.Murphy,Byron Murphy,16,CB,DB,"https://static.www.nfl.com/image/upload/f_auto,q_auto/league/secfzfwznyhcgiow4rvq",ARI,49,49,0,15,0,0,1,0.5,0.5,1,4,49,12,1,0,0,0,1,0,0,6,47
2021,REG,00-0035238,C.Ford,Cody Ford,1,G,OL,"https://static.www.nfl.com/image/private/f_auto,q_auto/league/tvlrnep8pest5wubog4f",IND,1,1,0,0,0,0,0,0,0,0,0,0,0,0,0,0,0,0,0,0,0,0
2021,REG,00-0035239,S.Murphy-Bunting,Sean Murphy-Bunting,9,CB,DB,"https://static.www.nfl.com/image/upload/f_auto,q_auto/league/ddyearvwzjb4jmunqlei",TB,29,25,4,13,1,2,1,0,0,0,0,0,3,0,0,0,0,0,0,0,2,29
2021,REG,00-0035240,J.Tavai,Jahlani Tavai,4,ILB,LB,"https://static.www.nfl.com/image/private/f_auto,q_auto/league/sevoogwwpwraiqlep2fs",NE,3,1,2,3,0,0,0,0,0,0,0,0,0,0,0,0,0,1,0,0,0,0
2021,REG,00-0035241,Jo.Williams,Joejuan Williams,10,CB,DB,"https://static.www.nfl.com/image/private/f_auto,q_auto/league/xvd6nmxdr9hf0ohkyxhn",NE,14,13,1,6,0,0,0,0,0,1,0,0,5,0,0,0,0,0,0,0,2,6
2021,REG,00-0035244,L.Johnson,Lonnie Johnson,11,FS,DB,"https://static.www.nfl.com/image/upload/f_auto,q_auto/league/iizufcrfxvvjnjcsnzqp",HOU,34,29,5,17,1,0,0,0,0,0,3,47,6,0,0,0,0,0,0,0,4,32
2021,REG,00-0035247,T.Hill,Trysten Hill,5,DT,DL,"https://static.www.nfl.com/image/upload/f_auto,q_auto/league/k5jscadqqcnj44izwijp",DAL,7,7,0,4,0,0,0,0.5,0,3,0,0,0,0,0,0,0,0,0,0,0,0
2021,REG,00-0035248,Z.Allen,Zach Allen,14,DE,DL,"https://static.www.nfl.com/image/upload/f_auto,q_auto/league/pucwjzb9v4jdcxaw7sap",ARI,30,24,6,18,5,13,0,4,16,14,1,25,4,1,0,0,0,3,26,0,2,23
2021,REG,00-0035249,J.Oliver,Josh Oliver,1,TE,TE,"https://static.www.nfl.com/image/private/f_auto,q_auto/league/pwd3muzyjclgjlwwtdah",CLE,1,1,0,0,0,0,0,0,0,0,0,0,0,0,0,0,0,0,0,0,0,0
2021,REG,00-0035250,D.Singletary,Devin Singletary,1,RB,RB,"https://static.www.nfl.com/image/upload/f_auto,q_auto/league/wz8mp8xb5bdspcxosreh",JAX,1,1,0,0,0,0,0,0,0,0,0,0,0,0,0,0,0,0,0,0,0,0
2021,REG,00-0035252,Y.Cajuste,Yodny Cajuste,1,T,OL,"https://static.www.nfl.com/image/upload/f_auto,q_auto/league/zgmoaupjic5cnbhwbtfx",DAL,1,1,0,0,0,0,0,0,0,0,0,0,0,0,0,0,0,0,0,0,0,0
2021,REG,00-0035253,C.Gardner-Johnson,Chauncey Gardner-Johnson,12,SS,DB,"https://static.www.nfl.com/image/upload/f_auto,q_auto/league/ew8vljcbtzvwnwdfth1v",NO,32,31,1,14,4,2,0,2,14,4,3,45,7,0,0,0,0,0,0,0,3,25
2021,REG,00-0035254,A.Nelson,Anthony Nelson,12,OLB,LB,"https://static.www.nfl.com/image/upload/f_auto,q_auto/league/zdyfdf3ei22btsolqqat",TB,12,11,1,7,7,2,0,5,45,10,0,0,1,0,0,0,0,1,0,0,2,5
2021,REG,00-0035255,K.Sheffield,Kendall Sheffield,1,CB,DB,"https://static.www.nfl.com/image/upload/f_auto,q_auto/league/ktuk9b6dur9qswrh5wqk",ATL,2,2,0,2,0,0,0,0,0,0,0,0,0,0,0,0,0,0,0,0,0,0
2021,REG,00-0035259,T.Wesco,Trevon Wesco,1,TE,TE,"https://static.www.nfl.com/image/private/f_auto,q_auto/league/ptq3iidy6uyg3f31gjl5",ATL,0,0,0,1,0,0,0,0,0,0,0,0,0,0,0,0,0,0,0,0,0,0
2021,REG,00-0035260,R.Wren,Renell Wren,1,DT,DL,"https://static.www.nfl.com/image/private/f_auto,q_auto/league/mksyn1sfszc9boas8jqp",CIN,0,0,0,1,0,0,0,0,0,0,0,0,0,0,0,0,0,0,0,0,0,0
2021,REG,00-0035262,D.Tranquill,Drue Tranquill,13,ILB,LB,"https://static.www.nfl.com/image/private/f_auto,q_auto/league/kag56opaxhhajhfqt3nk",LAC,42,40,2,28,5,7,0,1.5,14,3,0,0,1,0,0,0,0,1,0,0,1,9
2021,REG,00-0035263,W.Martin,Wes Martin,1,G,OL,"https://static.www.nfl.com/image/private/f_auto,q_auto/league/z1gps8fhahf628sqjhtv",CHI,1,1,0,0,0,0,0,0,0,0,0,0,0,0,0,0,0,0,0,0,0,0
2021,REG,00-0035265,J.Cominsky,John Cominsky,1,DE,DL,"https://static.www.nfl.com/image/upload/f_auto,q_auto/league/zmuz0sxgahnwann1ztyg",ATL,2,2,0,0,1,5,0,0,0,0,0,0,0,0,0,0,0,0,0,0,0,0
2021,REG,00-0035266,M.Jordan,Michael Jordan,1,G,OL,"https://static.www.nfl.com/image/upload/f_auto,q_auto/league/q7nbrxi6i5envdfaf1cw",BUF,1,1,0,0,0,0,0,0,0,0,0,0,0,0,0,0,0,0,0,0,0,0
2021,REG,00-0035266,M.Jordan,Michael Jordan,1,G,OL,"https://static.www.nfl.com/image/upload/f_auto,q_auto/league/q7nbrxi6i5envdfaf1cw",NO,1,1,0,0,0,0,0,0,0,0,0,0,0,0,0,0,0,0,0,0,0,0
2021,REG,00-0035270,A.Oruwariye,Amani Oruwariye,14,CB,DB,"https://static.www.nfl.com/image/upload/f_auto,q_auto/league/yh8ysiqddubzbgxqdwbb",DET,44,42,2,13,2,0,0,0,0,0,6,73,11,0,0,0,0,1,0,0,8,70
2021,REG,00-0035272,A.Van Ginkel,Andrew Van Ginkel,17,OLB,LB,"https://static.www.nfl.com/image/upload/f_auto,q_auto/league/c4d7l9millp4ow5dj4uh",MIA,44,34,10,18,9,11,1,4,32.5,20,0,0,7,0,0,0,0,0,0,0,3,23
2021,REG,00-0035276,B.Cashman,Blake Cashman,1,ILB,LB,"https://static.www.nfl.com/image/upload/f_auto,q_auto/league/mvui8tjkoewkupyncbok",NYJ,2,2,0,0,0,0,0,0,0,0,0,0,0,0,0,0,0,0,0,0,0,0
2021,REG,00-0035277,M.Jackson,Michael Jackson,1,CB,DB,"https://static.www.nfl.com/image/upload/f_auto,q_auto/league/ymkamzfqi625imj3ngeo",SEA,0,0,0,0,0,0,0,0,0,0,0,0,2,0,0,0,0,0,0,0,0,0
2021,REG,00-0035279,C.Omenihu,Charles Omenihu,6,DE,DL,"https://static.www.nfl.com/image/private/f_auto,q_auto/league/n7hyavaepvuienrmh9bi",HOU,8,7,1,3,1,1,0,0,0,3,0,0,0,0,0,0,0,0,0,0,1,5
2021,REG,00-0035279,C.Omenihu,Charles Omenihu,7,DE,DL,"https://static.www.nfl.com/image/private/f_auto,q_auto/league/n7hyavaepvuienrmh9bi",SF,6,6,0,0,0,0,0,0,0,1,0,0,1,0,0,0,0,0,0,0,1,8
2021,REG,00-0035281,J.Jackson,Joe Jackson,9,DE,DL,"https://static.www.nfl.com/image/private/f_auto,q_auto/league/rqoqlrbajzk3zlqv9ibl",CLE,8,4,4,6,3,12,0,1.5,4,3,0,0,0,0,0,0,0,0,0,0,0,0
2021,REG,00-0035286,C.Holcomb,Cole Holcomb,16,ILB,LB,"https://static.www.nfl.com/image/upload/f_auto,q_auto/league/kt6aetmdjizcyddjejcw",WAS,83,66,17,59,2,4,2,1,0,2,2,54,7,1,0,0,0,1,0,0,2,24
2021,REG,00-0035290,J.Johnson,Jaquan Johnson,5,FS,DB,"https://static.www.nfl.com/image/private/f_auto,q_auto/league/d83fqx8f4xboaay0iefs",BUF,6,4,2,3,0,0,0,0,0,0,1,25,1,0,0,0,0,0,0,0,0,0
2021,REG,00-0035292,D.Long,David Long Jr.,10,ILB,LB,"https://static.www.nfl.com/image/upload/f_auto,q_auto/league/h6g8cn2jt1rvuvkyvmkp",TEN,46,40,6,29,4,9,0,0,0,2,2,6,6,0,0,0,0,0,0,0,2,20
2021,REG,00-0035293,X.Crawford,Xavier Crawford,4,CB,DB,"https://static.www.nfl.com/image/private/f_auto,q_auto/league/aqwneslgs9rsvnmjzvcd",CHI,9,8,1,2,0,0,0,0,0,0,0,0,0,0,0,0,0,0,0,0,1,15
2021,REG,00-0035294,B.Austin,Blessuan Austin,4,CB,DB,"https://static.www.nfl.com/image/private/f_auto,q_auto/league/vyl3paz1mk6ukjtgvu24",SEA,8,6,2,2,0,0,0,0,0,0,0,0,0,0,0,0,0,0,0,0,2,16
2021,REG,00-0035298,S.Miller,Scott Miller,1,WR,WR,"https://static.www.nfl.com/image/upload/f_auto,q_auto/league/v5fxl6tig8qarofg0lo1",IND,1,1,0,0,0,0,0,0,0,0,0,0,0,0,0,0,0,0,0,0,0,0
2021,REG,00-0035298,S.Miller,Scott Miller,1,WR,WR,"https://static.www.nfl.com/image/upload/f_auto,q_auto/league/v5fxl6tig8qarofg0lo1",NO,1,1,0,0,0,0,0,0,0,0,0,0,0,0,0,0,0,0,0,0,0,0
2021,REG,00-0035300,D.Daley,Dennis Daley,1,T,OL,"https://static.www.nfl.com/image/private/f_auto,q_auto/league/vmjhwdrhizhlakdxlsd1",NO,0,0,0,1,0,0,0,0,0,0,0,0,0,0,0,0,0,0,0,0,0,0
2021,REG,00-0035301,D.Wilson,Donovan Wilson,9,SS,DB,"https://static.www.nfl.com/image/upload/f_auto,q_auto/league/ors9sdenvvgjylcfyrop",DAL,17,17,0,12,0,0,0,0,0,1,0,0,1,0,0,0,0,0,0,0,2,28
2021,REG,00-0035306,D.Johnson,Darryl Johnson,1,OLB,LB,"https://static.www.nfl.com/image/private/f_auto,q_auto/league/yhmqdkguwvfgpl8jrh6z",CAR,0,0,0,1,0,0,0,0,0,0,0,0,0,0,0,0,0,0,0,0,0,0
2021,REG,00-0035316,K.Elliss,Kaden Elliss,7,ILB,LB,"https://static.www.nfl.com/image/upload/f_auto,q_auto/league/essjcyyzdr92jh0sqd1u",NO,6,6,0,7,1,0,0,1,3,3,0,0,0,0,0,0,0,1,0,0,1,4
2021,REG,00-0035327,C.Moore,C.J. Moore,6,FS,DB,"https://static.www.nfl.com/image/upload/f_auto,q_auto/league/lnna9lfl2zadwrtpkhea",DET,8,7,1,6,0,0,0,0,0,1,1,21,1,0,0,0,0,0,0,0,0,0
2021,REG,00-0035330,A.Pittman,Anthony Pittman,3,OLB,LB,"https://static.www.nfl.com/image/upload/f_auto,q_auto/league/gnlcofzshbxrbjs4ebqx",DET,5,5,0,5,0,0,0,0,0,1,0,0,1,0,0,0,0,0,0,0,0,0
2021,REG,00-0035334,K.Strong,Kevin Strong,1,NT,DL,"https://static.www.nfl.com/image/private/f_auto,q_auto/league/ayepxrrynzz6cnxf5xco",DET,3,3,0,0,0,0,0,0,0,0,0,0,0,0,0,0,0,0,0,0,0,0
2021,REG,00-0035334,K.Strong,Kevin Strong,2,NT,DL,"https://static.www.nfl.com/image/private/f_auto,q_auto/league/ayepxrrynzz6cnxf5xco",TEN,1,1,0,2,0,0,0,0,0,0,0,0,0,0,0,0,0,0,0,0,0,0
2021,REG,00-0035343,J.Ledbetter,Jonathan Ledbetter,1,DE,DL,"https://static.www.nfl.com/image/private/f_auto,q_auto/league/vipmbrcixn2huexfkobd",ARI,0,0,0,0,0,0,0,0,0,0,0,0,0,0,0,0,0,0,0,0,1,15
2021,REG,00-0035346,N.Needham,Nik Needham,15,CB,DB,"https://static.www.nfl.com/image/upload/f_auto,q_auto/league/tcvs5e4gbp4g0eftym13",MIA,48,42,6,11,1,0,0,1,10,2,2,28,5,1,0,0,0,1,0,0,1,8
2021,REG,00-0035352,T.Dodson,Tyrel Dodson,6,MLB,LB,"https://static.www.nfl.com/image/upload/f_auto,q_auto/league/srjvfaik42ujjdalmhx1",BUF,8,6,2,2,0,0,0,0,0,0,0,0,0,0,0,0,0,0,0,0,2,20
2021,REG,00-0035357,C.Lewis,Cameron Lewis,2,FS,DB,"https://static.www.nfl.com/image/private/f_auto,q_auto/league/cv2vtd0bajxfuet07bl7",BUF,2,2,0,4,1,1,1,0,0,0,0,0,1,0,0,0,0,0,0,0,1,15
2021,REG,00-0035370,S.Smith,Saivion Smith,1,CB,DB,"https://static.www.nfl.com/image/private/f_auto,q_auto/league/e0ssqbzsuapfg4bgafa7",DET,0,0,0,0,0,0,0,0,0,0,0,0,0,0,0,0,0,0,0,0,1,5
2021,REG,00-0035373,C.Strachan,Connor Strachan,1,LB,LB,"https://static.www.nfl.com/image/private/f_auto,q_auto/league/d1rsygdspvaoobwgdiw9",HOU,0,0,0,2,0,0,0,0,0,0,0,0,0,0,0,0,0,0,0,0,1,5
2021,REG,00-0035378,A.Wingard,Andrew Wingard,15,FS,DB,"https://static.www.nfl.com/image/upload/f_auto,q_auto/league/taq2othvpstxlsfz3fym",JAX,56,53,3,30,2,0,0,1,1,1,1,23,1,0,0,0,0,0,0,0,2,30
2021,REG,00-0035386,T.Edwards,T.J. Edwards,16,ILB,LB,"https://static.www.nfl.com/image/upload/f_auto,q_auto/league/vmqcti3f5uufqtgiigk0",PHI,62,57,5,63,5,4,0,1,3,2,1,1,5,0,0,0,0,1,0,0,0,0
2021,REG,00-0035390,A.Rush,Anthony Rush,8,DT,DL,"https://static.www.nfl.com/image/private/f_auto,q_auto/league/gzp89ixndmimaowwzbtp",ATL,10,9,1,9,1,1,1,0,0,1,0,0,0,0,0,0,0,0,0,0,2,10
2021,REG,00-0035393,A.Chesley,Anthony Chesley,3,CB,DB,"https://static.www.nfl.com/image/private/f_auto,q_auto/league/in4fm05omsc5glrezjnj",IND,5,5,0,0,0,0,0,0,0,0,0,0,0,0,0,0,0,1,0,0,0,0
2021,REG,00-0035402,C.Granderson,Carl Granderson,13,DE,DL,"https://static.www.nfl.com/image/upload/f_auto,q_auto/league/xe17ud7n1ofomz8kk3ke",NO,11,10,1,13,5,10,0,3,29,8,0,0,0,0,0,0,0,0,0,0,2,20
2021,REG,00-0035404,P.Gustin,Porter Gustin,5,DE,DL,"https://static.www.nfl.com/image/private/f_auto,q_auto/league/jsfwgcqjqczgm0vqqjan",CLE,5,3,2,2,0,0,0,0,0,0,0,0,0,0,0,0,0,1,0,0,0,0
2021,REG,00-0035406,L.Humphrey,Lil'Jordan Humphrey,1,WR,WR,"https://static.www.nfl.com/image/upload/f_auto,q_auto/league/yjmyfuozafxd7zwf3mlr",SEA,1,1,0,0,0,0,0,0,0,0,0,0,0,0,0,0,0,0,0,0,0,0
2021,REG,00-0035409,S.Tuttle,Shy Tuttle,17,DT,DL,"https://static.www.nfl.com/image/upload/f_auto,q_auto/league/kg1dcs0e1u8fj70yuejy",NO,17,16,1,31,3,7,1,0,0,1,0,0,3,0,0,0,0,1,0,0,0,0
2021,REG,00-0035412,A.Dowell,Andrew Dowell,1,OLB,LB,"https://static.www.nfl.com/image/private/f_auto,q_auto/league/t6c88stenutb2il1zeor",NO,0,0,0,1,0,0,0,0,0,0,0,0,0,0,0,0,0,0,0,0,0,0
2021,REG,00-0035413,L.Gifford,Luke Gifford,3,OLB,LB,"https://static.www.nfl.com/image/private/f_auto,q_auto/league/mhdbbzj8amttnpd1nbpn",DAL,5,3,2,1,1,0,0,0,0,0,0,0,0,0,0,0,0,0,0,0,0,0
2021,REG,00-0035422,C.Westry,Chris Westry,5,CB,DB,"https://static.www.nfl.com/image/private/f_auto,q_auto/league/iqfuy2ts0tq9uef9zmkq",BAL,15,14,1,0,1,2,0,0,0,0,0,0,3,0,0,0,0,0,0,0,1,30
2021,REG,00-0035423,D.Wise,Daniel Wise,3,DE,DL,"https://static.www.nfl.com/image/private/f_auto,q_auto/league/detu2rnql7lpxcme3dzb",WAS,5,5,0,5,1,0,0,0,0,1,0,0,0,0,0,0,0,0,0,0,0,0
2021,REG,00-0035428,D.Helm,Daniel Helm,1,TE,TE,"https://static.www.nfl.com/image/private/f_auto,q_auto/league/aevwno51rzt28qzgkm3v",KC,1,1,0,0,0,0,0,0,0,0,0,0,0,0,0,0,0,0,0,0,0,0
2021,REG,00-0035437,R.Teamer,Roderic Teamer,6,SS,DB,"https://static.www.nfl.com/image/private/f_auto,q_auto/league/sma7cwull7agg0gjk7dh",LV,11,7,4,3,0,0,0,0,0,0,0,0,1,0,0,0,0,0,0,0,2,14
2021,REG,00-0035444,J.Kunaszyk,Jordan Kunaszyk,1,ILB,LB,"https://static.www.nfl.com/image/upload/f_auto,q_auto/league/czsdahph9mq2irzdrrpl",WAS,1,1,0,1,0,0,0,0,0,0,0,0,0,0,0,0,0,0,0,0,0,0
2021,REG,00-0035455,A.Huggins,Albert Huggins,9,DT,DL,"https://static.www.nfl.com/image/private/f_auto,q_auto/league/hbbanpqrzp03f4dagsxq",NO,3,3,0,13,0,0,0,0,0,2,0,0,0,0,0,0,0,0,0,0,0,0
2021,REG,00-0035457,T.Johnson,Tyron Johnson,1,WR,WR,"https://static.www.nfl.com/image/private/f_auto,q_auto/league/vrm7fxgx1p0cdabbo7ce",DEN,1,1,0,0,0,0,0,0,0,0,0,0,0,0,0,0,0,0,0,0,0,0
2021,REG,00-0035480,M.Taylor,Malik Taylor,1,WR,WR,"https://static.www.nfl.com/image/private/f_auto,q_auto/league/aupsoxtxtpv4fmgs4ttp",GB,0,0,0,0,0,0,0,0,0,0,0,0,0,0,0,0,0,0,0,0,1,10
2021,REG,00-0035507,K.Phillips,Kyle Phillips,6,DE,DL,"https://static.www.nfl.com/image/private/f_auto,q_auto/league/mdcbrgtriuuljs1snkba",NYJ,6,5,1,9,2,1,0,1,9,3,0,0,0,0,0,0,0,0,0,0,0,0
2021,REG,00-0035513,A.Bledsoe,Amani Bledsoe,2,DE,DL,"https://static.www.nfl.com/image/private/f_auto,q_auto/league/dqjxmdk8lo8td1ppi08n",TEN,1,1,0,0,0,0,0,0,0,0,0,0,1,0,0,0,0,0,0,0,0,0
2021,REG,00-0035518,B.Hoyett,Braxton Hoyett,1,DT,DL,"https://static.www.nfl.com/image/private/f_auto,q_auto/league/ejrbc5oe6yfizvdlcb0y",NO,2,2,0,2,1,1,0,0,0,0,0,0,0,0,0,0,0,0,0,0,0,0
2021,REG,00-0035519,I.Mack,Isaiah Mack,1,NT,DL,"https://static.www.nfl.com/image/upload/f_auto,q_auto/league/uawh7sptgdpqombljqb6",BAL,1,1,0,2,1,0,0,1,8,1,0,0,0,0,0,0,0,0,0,0,0,0
2021,REG,00-0035521,D.Roberson,Derick Roberson,3,OLB,LB,"https://static.www.nfl.com/image/private/f_auto,q_auto/league/s5xoioubtr1wd06pdkru",TEN,6,4,2,4,3,2,0,1.5,25,4,0,0,0,0,0,0,0,0,0,0,0,0
2021,REG,00-0035525,D.Bush,Devin Bush,14,ILB,LB,"https://static.www.nfl.com/image/upload/f_auto,q_auto/league/pgpf5oeyel2jgsz2luaq",PIT,41,35,6,29,2,0,1,2,18,4,0,0,4,0,0,0,0,1,0,0,1,5
2021,REG,00-0035526,E.Jenkins,Elgton Jenkins,1,G,OL,"https://static.www.nfl.com/image/upload/f_auto,q_auto/league/wrahpqtdvxipwmrepiyl",NO,2,2,0,0,0,0,0,0,0,0,0,0,0,0,0,0,0,0,0,0,0,0
2021,REG,00-0035530,K.Willis,Khari Willis,10,SS,DB,"https://static.www.nfl.com/image/private/f_auto,q_auto/league/pgqksilohuni0rvinboo",IND,43,36,7,18,2,2,0,1.5,7.5,2,2,0,4,0,0,0,0,1,0,0,2,28
2021,REG,00-0035531,A.Bryant,Austin Bryant,11,DE,DL,"https://static.www.nfl.com/image/upload/f_auto,q_auto/league/ag25mjupbuj0nfidcdsd",DET,21,18,3,10,5,0,0,4.5,30.5,6,0,0,0,0,0,0,0,0,0,0,1,5
2021,REG,00-0035532,D.Thompson,Deionte Thompson,4,SS,DB,"https://static.www.nfl.com/image/private/f_auto,q_auto/league/nesagd0hvjfa2b9u3yyw",ARI,3,3,0,2,0,0,0,0,0,0,0,0,0,0,0,0,0,0,0,0,2,13
2021,REG,00-0035535,D.Slayton,Darius Slayton,1,WR,WR,"https://static.www.nfl.com/image/upload/f_auto,q_auto/league/zhm6evj813ucss03ndlx",MIA,1,1,0,0,0,0,0,0,0,0,0,0,0,0,0,0,0,0,0,0,0,0
2021,REG,00-0035535,D.Slayton,Darius Slayton,1,WR,WR,"https://static.www.nfl.com/image/upload/f_auto,q_auto/league/zhm6evj813ucss03ndlx",TB,2,2,0,0,0,0,0,0,0,0,0,0,0,0,0,0,0,0,0,0,0,0
2021,REG,00-0035537,T.Johnson,Ty Johnson,1,RB,RB,"https://static.www.nfl.com/image/upload/f_auto,q_auto/league/zdedn4xqr2jy6mddh5pb",HOU,1,1,0,0,0,0,0,0,0,0,0,0,0,0,0,0,0,0,0,0,0,0
2021,REG,00-0035538,E.Egbule,Emeke Egbule,2,OLB,LB,"https://static.www.nfl.com/image/private/f_auto,q_auto/league/txkdzlmnnohajkapho5v",LAC,1,1,0,1,0,0,0,0,0,1,0,0,0,0,0,0,0,0,0,0,0,0
2021,REG,00-0035541,M.Dogbe,Michael Dogbe,13,DE,DL,"https://static.www.nfl.com/image/private/f_auto,q_auto/league/cu9kvxqla8gawt9y7ox1",ARI,14,12,2,13,1,0,0,1,10,2,0,0,0,0,0,0,0,1,0,0,0,0
2021,REG,00-0035542,K.Hall,Kemon Hall,3,CB,DB,"https://static.www.nfl.com/image/upload/f_auto,q_auto/league/qchxn8xbknkbuxwbs7so",LAC,1,1,0,0,0,0,0,0,0,1,0,0,0,0,0,0,0,0,0,0,1,10
2021,REG,00-0035549,N.Dawkins,Noah Dawkins,1,OLB,LB,"https://static.www.nfl.com/image/private/f_auto,q_auto/league/pcqd1ftgy0ka1bxhpwij",NYJ,0,0,0,1,0,0,0,0,0,0,0,0,0,0,0,0,0,0,0,0,0,0
2021,REG,00-0035573,K.Orr,Kareem Orr,1,CB,DB,"https://static.www.nfl.com/image/private/f_auto,q_auto/league/i0emgafbvmyebeflmhhr",LA,3,3,0,1,0,0,0,0,0,0,0,0,0,0,0,0,0,0,0,0,0,0
2021,REG,00-0035588,G.Bradbury,Garrett Bradbury,1,C,OL,"https://static.www.nfl.com/image/upload/f_auto,q_auto/league/hmbztztyfblbcrdlbsez",DET,0,0,0,1,0,0,0,0,0,0,0,0,0,0,0,0,0,0,0,0,0,0
2021,REG,00-0035591,J.Hollins,Justin Hollins,7,OLB,LB,"https://static.www.nfl.com/image/upload/f_auto,q_auto/league/qu6phgfph0roj69tgp5o",LA,14,10,4,8,1,0,1,2,19,1,0,0,0,0,0,0,0,0,0,0,0,0
2021,REG,00-0035594,T.Homer,Travis Homer,1,RB,RB,"https://static.www.nfl.com/image/upload/f_auto,q_auto/league/eg1e7va024emnbm55got",LA,1,1,0,0,0,0,0,0,0,0,0,0,0,0,0,0,0,0,0,0,0,0
2021,REG,00-0035594,T.Homer,Travis Homer,1,RB,RB,"https://static.www.nfl.com/image/upload/f_auto,q_auto/league/eg1e7va024emnbm55got",SEA,1,1,0,0,0,0,1,0,0,0,0,0,0,0,0,0,0,0,0,0,0,0
2021,REG,00-0035600,F.Akinmoladun,Freedom Akinmoladun,1,DE,DL,"https://static.www.nfl.com/image/private/f_auto,q_auto/league/wpnbblhymkdfqplkazvb",NYJ,2,1,1,0,0,0,0,0,0,0,0,0,0,0,0,0,0,0,0,0,0,0
2021,REG,00-0035607,M.Copeland,Marquise Copeland,3,DT,DL,"https://static.www.nfl.com/image/private/f_auto,q_auto/league/ldtwwdjwltsbch8evaqy",LA,4,4,0,6,1,4,0,0,0,0,0,0,0,0,0,0,0,0,0,0,0,0
2021,REG,00-0035617,T.Reeder,Troy Reeder,17,ILB,LB,"https://static.www.nfl.com/image/upload/f_auto,q_auto/league/twe7rexbwcsrgeqkyo0u",LA,48,41,7,42,6,6,0,2,9,4,2,2,6,0,0,0,0,0,0,0,0,0
2021,REG,00-0035625,J.Thornhill,Juan Thornhill,15,FS,DB,"https://static.www.nfl.com/image/private/f_auto,q_auto/league/mxwqw2htpqtpc9b0klbv",KC,43,42,1,21,1,0,1,0,0,1,1,13,3,0,0,0,0,1,0,0,0,0
2021,REG,00-0035630,C.Lindstrom,Chris Lindstrom,1,G,OL,"https://static.www.nfl.com/image/upload/f_auto,q_auto/league/njjqpjnrq2g2nxxzu76u",DAL,1,1,0,0,0,0,0,0,0,0,0,0,0,0,0,0,0,0,0,0,0,0
2021,REG,00-0035631,D.Sample,Drew Sample,1,TE,TE,"https://static.www.nfl.com/image/upload/f_auto,q_auto/league/xufsbdqfujdqnrnozhg4",PIT,0,0,0,1,0,0,0,0,0,0,0,0,0,0,0,0,0,0,0,0,0,0
2021,REG,00-0035632,A.Hooker,Amani Hooker,12,FS,DB,"https://static.www.nfl.com/image/upload/f_auto,q_auto/league/jigd7pauot8z4engfsmx",TEN,38,36,2,24,1,2,1,0,0,0,1,21,4,0,0,0,0,0,0,0,1,41
2021,REG,00-0035636,L.Collier,L.J. Collier,9,DT,DL,"https://static.www.nfl.com/image/private/f_auto,q_auto/league/i39nt3smr30rgznvlal3",SEA,3,1,2,5,1,0,0,0,0,5,0,0,1,0,0,0,0,0,0,0,0,0
2021,REG,00-0035637,R.Ya-Sin,Rock Ya-Sin,12,CB,DB,"https://static.www.nfl.com/image/upload/f_auto,q_auto/league/lqy47wstsu51vejik26c",IND,27,25,2,4,0,0,1,0,0,0,0,0,8,0,0,0,0,1,13,0,2,44
2021,REG,00-0035638,G.Williams,Greedy Williams,12,CB,DB,"https://static.www.nfl.com/image/private/f_auto,q_auto/league/iceutdd9xt1ceup5tuvy",CLE,34,33,1,6,0,0,1,0,0,0,2,7,10,0,0,0,0,0,0,0,1,16
2021,REG,00-0035640,D.Metcalf,DK Metcalf,1,WR,WR,"https://static.www.nfl.com/image/upload/f_auto,q_auto/league/ezpzdcvzlu5ga4uv6oas",PIT,1,1,0,0,0,0,0,0,0,0,0,0,0,0,0,0,0,0,0,0,0,0
2021,REG,00-0035642,J.Hines-Allen,Josh Hines-Allen,16,DE,DL,"https://static.www.nfl.com/image/private/f_auto,q_auto/league/q807jedjb7igab4graoe",JAX,46,36,10,25,12,12,1,7.5,70,14,1,11,4,0,0,0,0,1,0,0,1,15
2021,REG,00-0035643,J.Simmons,Jeffery Simmons,17,DT,DL,"https://static.www.nfl.com/image/upload/f_auto,q_auto/league/t6x8nhokjuwxz1gjq2fs",TEN,42,34,8,12,12,5,0,8.5,64.5,16,0,0,6,0,0,0,0,0,0,0,4,44
2021,REG,00-0035644,N.Fant,Noah Fant,1,TE,TE,"https://static.www.nfl.com/image/private/f_auto,q_auto/league/w1gqasldrg3jumzdqjvy",LV,2,2,0,0,0,0,0,0,0,0,0,0,0,0,0,0,0,0,0,0,0,0
2021,REG,00-0035646,S.Takitaki,Sione Takitaki,14,OLB,LB,"https://static.www.nfl.com/image/upload/f_auto,q_auto/league/mx5kjkwhlgzbuhagmsb7",CLE,18,17,1,18,5,3,0,0,0,2,0,0,0,0,0,0,0,0,0,0,0,0
2021,REG,00-0035647,M.Sweat,Montez Sweat,10,DE,DL,"https://static.www.nfl.com/image/upload/f_auto,q_auto/league/ftcyuaiwxjmivippsrpy",WAS,13,12,1,11,3,0,3,5,32,13,0,0,0,0,0,0,0,0,0,0,2,10
2021,REG,00-0035649,N.Davis,Nate Davis,1,G,OL,"https://static.www.nfl.com/image/upload/f_auto,q_auto/league/ofywu3qirqwt0zsf2hl1",IND,1,1,0,0,0,0,0,0,0,0,0,0,0,0,0,0,0,0,0,0,0,0
2021,REG,00-0035650,J.Layne,Justin Layne,5,CB,DB,"https://static.www.nfl.com/image/private/f_auto,q_auto/league/p1s7j8ibljd0f3sjpcux",PIT,3,3,0,1,0,0,0,0,0,0,0,0,0,0,0,0,0,0,0,0,2,13
2021,REG,00-0035651,J.Ferguson,Jaylon Ferguson,6,OLB,LB,"https://static.www.nfl.com/image/private/f_auto,q_auto/league/un3gtkku0prkvucz8hg8",BAL,3,2,1,3,0,0,0,0,0,3,0,0,0,0,0,0,0,0,0,0,0,0
2021,REG,00-0035654,C.Winovich,Chase Winovich,4,DE,DL,"https://static.www.nfl.com/image/private/f_auto,q_auto/league/pbnpzaqm5bba9dfrtmis",NE,2,1,1,3,0,0,0,0,0,1,0,0,0,0,0,0,0,0,0,0,1,10
2021,REG,00-0035655,W.Harris,Will Harris,16,FS,DB,"https://static.www.nfl.com/image/upload/f_auto,q_auto/league/pojy15q1vej2j4k2abxl",DET,62,57,5,29,0,0,1,0.5,5.5,1,0,0,4,0,0,0,0,0,0,0,5,54
2021,REG,00-0035656,K.Saunders,Khalen Saunders,3,DT,DL,"https://static.www.nfl.com/image/upload/f_auto,q_auto/league/x4rukt5gqttd7ow1ldrg",KC,2,1,1,6,0,0,0,0,0,0,0,0,0,0,0,0,0,0,0,0,0,0
2021,REG,00-0035659,T.McLaurin,Terry McLaurin,1,WR,WR,"https://static.www.nfl.com/image/upload/f_auto,q_auto/league/wokz1etv1wj1vhbmvxgs",BUF,1,1,0,0,0,0,0,0,0,0,0,0,0,0,0,0,0,0,0,0,0,0
2021,REG,00-0035659,T.McLaurin,Terry McLaurin,1,WR,WR,"https://static.www.nfl.com/image/upload/f_auto,q_auto/league/wokz1etv1wj1vhbmvxgs",DAL,1,1,0,0,0,0,0,0,0,0,0,0,0,0,0,0,0,0,0,0,0,0
2021,REG,00-0035659,T.McLaurin,Terry McLaurin,1,WR,WR,"https://static.www.nfl.com/image/upload/f_auto,q_auto/league/wokz1etv1wj1vhbmvxgs",NYG,1,1,0,0,0,0,0,0,0,0,0,0,0,0,0,0,0,0,0,0,0,0
2021,REG,00-0035659,T.McLaurin,Terry McLaurin,1,WR,WR,"https://static.www.nfl.com/image/upload/f_auto,q_auto/league/wokz1etv1wj1vhbmvxgs",TB,1,1,0,0,0,0,0,0,0,0,0,0,0,0,0,0,0,0,0,0,0,0
2021,REG,00-0035662,M.Brown,Marquise Brown,1,WR,WR,"https://static.www.nfl.com/image/upload/f_auto,q_auto/league/ixuddegcphzmvjn4jq6r",DET,1,1,0,0,0,0,0,0,0,0,0,0,0,0,0,0,0,0,0,0,0,0
2021,REG,00-0035663,T.Rapp,Taylor Rapp,17,SS,DB,"https://static.www.nfl.com/image/upload/f_auto,q_auto/league/hbddw85y7u2tupcyx56m",LA,62,50,12,29,2,2,0,1.5,7,3,4,31,6,0,0,0,0,1,0,0,1,5
2021,REG,00-0035665,D.Long,David Long,14,CB,DB,"https://static.www.nfl.com/image/upload/f_auto,q_auto/league/uawngyyimhhcvwiijs1x",LA,35,31,4,5,0,0,0,0,0,0,1,0,4,0,0,0,0,0,0,0,1,15
2021,REG,00-0035667,G.Gaines,Greg Gaines,17,NT,DL,"https://static.www.nfl.com/image/upload/f_auto,q_auto/league/xbdsyuwzz86sbc2euifo",LA,28,21,7,27,4,1,0,4.5,21.5,13,0,0,0,0,0,0,0,0,0,0,0,0
2021,REG,00-0035668,D.Edwards,David Edwards,1,G,OL,"https://static.www.nfl.com/image/upload/f_auto,q_auto/league/a68dv2turtxwbaliptda",SEA,1,1,0,0,0,0,0,0,0,0,0,0,0,0,0,0,0,0,0,0,0,0
2021,REG,00-0035669,N.Scott,Nick Scott,14,SS,DB,"https://static.www.nfl.com/image/upload/f_auto,q_auto/league/knvjhpqqyqrnkzwikfdx",LA,24,22,2,17,0,0,0,0,0,0,2,3,4,0,0,0,0,0,0,0,2,9
2021,REG,00-0035670,D.Allen,Dakota Allen,3,OLB,LB,"https://static.www.nfl.com/image/private/f_auto,q_auto/league/xhuzrphb7os0a065r2qm",JAX,1,0,1,4,0,0,1,0,0,0,0,0,0,0,0,0,0,0,0,0,0,0
2021,REG,00-0035672,C.Barton,Cody Barton,5,MLB,LB,"https://static.www.nfl.com/image/upload/f_auto,q_auto/league/f6oxa6q8svj1apvlni14",SEA,14,10,4,11,1,1,0,0,0,2,0,0,1,0,0,0,0,0,0,0,1,5
2021,REG,00-0035674,J.Tillery,Jerry Tillery,16,DE,DL,"https://static.www.nfl.com/image/upload/f_auto,q_auto/league/adiuyaw2t6yelrqt6imd",LAC,24,19,5,27,6,5,0,4.5,38,14,0,0,0,0,0,0,0,0,0,0,5,35
2021,REG,00-0035676,A.Brown,A.J. Brown,1,WR,WR,"https://static.www.nfl.com/image/private/f_auto,q_auto/league/a014sgzctarbvhwb35lw",ARI,2,2,0,0,0,0,0,0,0,0,0,0,0,0,0,0,0,0,0,0,0,0
2021,REG,00-0035676,A.Brown,A.J. Brown,1,WR,WR,"https://static.www.nfl.com/image/private/f_auto,q_auto/league/a014sgzctarbvhwb35lw",LA,1,1,0,0,0,0,0,0,0,0,0,0,0,0,0,0,0,0,0,0,0,0
2021,REG,00-0035676,A.Brown,A.J. Brown,1,WR,WR,"https://static.www.nfl.com/image/private/f_auto,q_auto/league/a014sgzctarbvhwb35lw",TEN,1,1,0,0,0,0,0,0,0,0,0,0,0,0,0,0,0,0,0,0,0,0
2021,REG,00-0035677,N.Adderley,Nasir Adderley,15,FS,DB,"https://static.www.nfl.com/image/private/f_auto,q_auto/league/dpvexbntnac14qw14k5d",LAC,67,62,5,30,3,3,1,0.5,3.5,2,0,0,5,0,0,0,0,1,0,0,1,15
2021,REG,00-0035678,D.Jones,Dre'Mont Jones,16,DE,DL,"https://static.www.nfl.com/image/private/f_auto,q_auto/league/jtymiyxibjaktdm0h9by",DEN,18,17,1,13,9,20,1,5.5,37.5,11,0,0,2,0,0,0,0,1,0,0,6,60
2021,REG,00-0035680,Q.Williams,Quincy Williams,16,ILB,LB,"https://static.www.nfl.com/image/upload/f_auto,q_auto/league/ikiir6l66xfq1z1hq9p7",NYJ,70,61,9,37,9,12,3,2,19,4,0,0,5,0,0,0,0,0,0,0,1,15
2021,REG,00-0035683,D.Lawrence,Dexter Lawrence,15,NT,DL,"https://static.www.nfl.com/image/private/f_auto,q_auto/league/mq1gfsw7gfz3jithkivb",NYG,27,25,2,27,5,2,1,2.5,14,11,0,0,2,0,0,0,0,0,0,0,1,5
2021,REG,00-0035684,D.Baker,Deandre Baker,6,CB,DB,"https://static.www.nfl.com/image/private/f_auto,q_auto/league/nhs9n1ocfes6azgxoikw",KC,13,13,0,3,0,0,0,0,0,0,0,0,1,0,0,0,0,0,0,0,2,20
2021,REG,00-0035685,D.Montgomery,David Montgomery,1,RB,RB,"https://static.www.nfl.com/image/upload/f_auto,q_auto/league/nwdb4paueb1x4gv7tlb9",ARI,0,0,0,1,0,0,0,0,0,0,0,0,0,0,0,0,0,0,0,0,0,0
2021,REG,00-0035687,B.Okereke,Bobby Okereke,17,MLB,LB,"https://static.www.nfl.com/image/upload/f_auto,q_auto/league/ttw5d6oxatumwjdick1i",IND,88,65,23,42,3,4,0,1,9,2,2,20,4,0,0,0,0,0,0,0,0,0
2021,REG,00-0035689,D.Knox,Dawson Knox,1,TE,TE,"https://static.www.nfl.com/image/upload/f_auto,q_auto/league/uazfj5l5vzow2oyfa1s6",MIA,1,1,0,0,0,0,1,0,0,0,0,0,0,0,0,0,0,0,0,0,0,0
2021,REG,00-0035689,D.Knox,Dawson Knox,1,TE,TE,"https://static.www.nfl.com/image/upload/f_auto,q_auto/league/uazfj5l5vzow2oyfa1s6",TB,1,1,0,0,0,0,0,0,0,0,0,0,0,0,0,0,0,0,0,0,0,0
2021,REG,00-0035692,C.Ferrell,Clelin Ferrell,11,DE,DL,"https://static.www.nfl.com/image/upload/f_auto,q_auto/league/rskwfp5ry0pabky8h4qs",LV,6,6,0,6,1,0,0,1.5,8,6,0,0,1,0,0,0,0,0,0,0,4,36
2021,REG,00-0035693,J.Abram,Johnathan Abram,14,SS,DB,"https://static.www.nfl.com/image/upload/f_auto,q_auto/league/d2zdaol75a3i4s2sdb4r",LV,63,55,8,51,5,13,0,0,0,3,1,6,4,0,0,0,0,1,0,0,2,18
2021,REG,00-0035695,T.Mullen,Trayvon Mullen,4,CB,DB,"https://static.www.nfl.com/image/upload/f_auto,q_auto/league/hceuqbr4spm1jogexiv7",LV,16,16,0,3,0,0,0,0,0,0,1,18,4,0,0,0,0,0,0,0,4,66
2021,REG,00-0035696,D.Shelley,Duke Shelley,9,CB,DB,"https://static.www.nfl.com/image/upload/f_auto,q_auto/league/jmidsg7krhjba8rbvoha",CHI,28,27,1,7,0,0,0,0,0,0,0,0,3,0,0,0,0,0,0,0,0,0
2021,REG,00-0035697,G.Pratt,Germaine Pratt,14,OLB,LB,"https://static.www.nfl.com/image/upload/f_auto,q_auto/league/pq5icr0kspcsgxia4sg6",CIN,55,49,6,33,5,3,2,0.5,4,2,1,4,2,0,0,0,0,2,0,0,0,0
2021,REG,00-0035699,J.Dean,Jamel Dean,14,CB,DB,"https://static.www.nfl.com/image/private/f_auto,q_auto/league/s0k1zs9nyl2cqsjwf5cs",TB,43,38,5,9,2,1,0,0,0,0,2,6,9,0,0,0,0,0,0,0,4,74
2021,REG,00-0035700,J.Jacobs,Josh Jacobs,1,RB,RB,"https://static.www.nfl.com/image/upload/f_auto,q_auto/league/ksdusqxnwqtnph0htcfx",DEN,1,1,0,0,0,0,0,0,0,0,0,0,0,0,0,0,0,0,0,0,0,0
2021,REG,00-0035704,D.Lock,Drew Lock,1,QB,QB,"https://static.www.nfl.com/image/upload/f_auto,q_auto/league/tlkgzjnuugarxjeoj9vk",CIN,1,1,0,0,0,0,0,0,0,0,0,0,0,0,0,0,0,0,0,0,0,0
2021,REG,00-0035705,J.Thompson,Jalen Thompson,17,FS,DB,"https://static.www.nfl.com/image/upload/f_auto,q_auto/league/vzuzk4hnunpve1myp0dm",ARI,78,69,9,42,3,2,0,0,0,2,3,49,7,0,0,0,0,0,0,0,3,32
2021,REG,00-0035707,D.White,Devin White,17,ILB,LB,"https://static.www.nfl.com/image/upload/f_auto,q_auto/league/i1c4v09znk6ijwftzset",TB,87,81,6,41,8,8,0,3.5,22.5,18,0,0,3,0,0,1,5,0,5,0,3,42
2021,REG,00-0035708,O.Ximines,Oshane Ximines,8,OLB,LB,"https://static.www.nfl.com/image/upload/f_auto,q_auto/league/lwucizbpvqrkpolyndj8",NYG,4,3,1,8,0,0,0,0,0,2,0,0,3,0,0,0,0,0,0,0,1,5
2021,REG,00-0035713,B.Burns,Brian Burns,16,OLB,LB,"https://static.www.nfl.com/image/upload/f_auto,q_auto/league/xebyudtwsbfaqrkhstd8",CAR,31,27,4,19,13,15,2,9,78,18,0,0,4,0,0,0,0,0,0,0,4,50
2021,REG,00-0035717,N.Bosa,Nick Bosa,17,DE,DL,"https://static.www.nfl.com/image/upload/f_auto,q_auto/league/gm1nmlg5jsa0mh9vl5ms",SF,40,38,2,12,21,20,4,15.5,122,32,0,0,1,0,0,0,0,0,0,0,0,0
2021,REG,00-0035718,Q.Williams,Quinnen Williams,15,NT,DL,"https://static.www.nfl.com/image/private/f_auto,q_auto/league/ftjeq2xr9mvck8mfkute",NYJ,36,30,6,17,7,4,0,6,50,12,0,0,3,0,0,0,0,0,0,0,5,24
2021,REG,00-0035719,D.Samuel,Deebo Samuel,1,WR,WR,"https://static.www.nfl.com/image/upload/f_auto,q_auto/league/shqoqpjwwoiexzy6cmgb",TEN,1,1,0,0,0,0,0,0,0,0,0,0,0,0,0,0,0,0,0,0,0,0
2021,REG,00-0035726,J.Johnson,Jakob Johnson,1,FB,RB,"https://static.www.nfl.com/image/upload/f_auto,q_auto/league/dsggivrqnycxooysemqr",ATL,0,0,0,1,0,0,0,0,0,0,0,0,0,0,0,0,0,0,0,0,0,0
2021,REG,00-0035726,J.Johnson,Jakob Johnson,1,FB,RB,"https://static.www.nfl.com/image/upload/f_auto,q_auto/league/dsggivrqnycxooysemqr",IND,1,1,0,0,0,0,0,0,0,0,0,0,0,0,0,0,0,0,0,0,0,0
2021,REG,00-0035763,M.Roach,Malcolm Roach,6,DT,DL,"https://static.www.nfl.com/image/upload/f_auto,q_auto/league/slssc1tyijjqxa8vjwe4",NO,4,4,0,6,0,0,0,0,0,2,1,5,1,0,0,0,0,0,0,0,1,15
2021,REG,00-0035795,J.Pierre,James Pierre,10,CB,DB,"https://static.www.nfl.com/image/upload/f_auto,q_auto/league/a0pp4bfqlxjxxtehhc0h",PIT,34,30,4,3,0,0,1,0,0,0,1,0,4,0,0,0,0,0,0,0,3,14
2021,REG,00-0035804,J.Griffith,Jonas Griffith,5,ILB,LB,"https://static.www.nfl.com/image/upload/f_auto,q_auto/league/n1w5sqnbearvfvkx1lyv",DEN,21,17,4,21,4,7,0,0,0,2,0,0,0,0,0,0,0,0,0,0,0,0
2021,REG,00-0035806,J.Hasty,Jamycal Hasty,1,RB,RB,"https://static.www.nfl.com/image/upload/f_auto,q_auto/league/stvclosmy6zi864kfxw7",IND,1,1,0,0,0,0,0,0,0,0,0,0,0,0,0,0,0,0,0,0,0,0
2021,REG,00-0035808,J.Mayden,Jared Mayden,2,FS,DB,"https://static.www.nfl.com/image/private/f_auto,q_auto/league/irl6be9rabzybfki5fps",PHI,3,3,0,2,0,0,0,0,0,0,0,0,0,0,0,0,0,0,0,0,0,0
2021,REG,00-0035822,D.Costin,Doug Costin,1,DT,DL,"https://static.www.nfl.com/image/private/f_auto,q_auto/league/inalxvsxaye8jkf4ocrr",JAX,1,0,1,0,0,0,0,0,0,0,0,0,0,0,0,0,0,0,0,0,0,0
2021,REG,00-0035830,J.Reed,J.R. Reed,2,SS,DB,"https://static.www.nfl.com/image/private/f_auto,q_auto/league/mmvqivcf55qwzxkcjb5i",NYG,4,4,0,5,0,0,0,0,0,0,0,0,0,0,0,0,0,0,0,0,0,0
2021,REG,00-0035831,J.Robinson,James Robinson,1,RB,RB,"https://static.www.nfl.com/image/upload/f_auto,q_auto/league/htviio8mhknq9cennrdq",HOU,2,2,0,0,0,0,0,0,0,0,0,0,0,0,0,0,0,0,0,0,0,0
2021,REG,00-0035831,J.Robinson,James Robinson,1,RB,RB,"https://static.www.nfl.com/image/upload/f_auto,q_auto/league/htviio8mhknq9cennrdq",TEN,0,0,0,1,0,0,0,0,0,0,0,0,0,0,0,0,0,0,0,0,0,0
2021,REG,00-0035857,C.Williams,Chris Williams,3,DT,DL,"https://static.www.nfl.com/image/upload/f_auto,q_auto/league/l1ynly6u8wqfa3e5ctml",IND,2,2,0,2,0,0,0,0,0,0,0,0,0,0,0,0,0,0,0,0,0,0
2021,REG,00-0035862,E.Bassey,Essang Bassey,1,CB,DB,"https://static.www.nfl.com/image/private/f_auto,q_auto/league/v8ljdczkzmunbmmjkvjn",LAC,1,1,0,0,0,0,0,0,0,0,0,0,0,0,0,0,0,0,0,0,0,0
2021,REG,00-0035864,K.Hinton,Kendall Hinton,1,WR,WR,"https://static.www.nfl.com/image/private/f_auto,q_auto/league/emvbhstqosvayr6dm2jp",LAC,1,1,0,0,0,0,0,0,0,0,0,0,0,0,0,0,0,0,0,0,0,0
2021,REG,00-0035880,J.Davis,Javaris Davis,1,CB,DB,"https://static.www.nfl.com/image/private/f_auto,q_auto/league/lugtri8msr6qg64n0nin",MIA,2,2,0,0,0,0,0,0,0,0,0,0,1,0,0,0,0,0,0,0,0,0
2021,REG,00-0035890,T.Wharton,Tershawn Wharton,14,DT,DL,"https://static.www.nfl.com/image/private/f_auto,q_auto/league/pbuynfvzq7bojcivxbba",KC,13,12,1,16,0,0,2,2,18,2,1,0,1,0,0,0,0,0,0,0,0,0
2021,REG,00-0035895,J.Bachie,Joe Bachie,6,ILB,LB,"https://static.www.nfl.com/image/upload/f_auto,q_auto/league/ln4dn19qwfrpkzhfwwdf",CIN,17,15,2,11,0,0,0,0,0,0,0,0,1,0,0,0,0,0,0,0,0,0
2021,REG,00-0035903,J.Gaziano,Joe Gaziano,9,DE,DL,"https://static.www.nfl.com/image/upload/f_auto,q_auto/league/saim6trsnqhedad4hu0r",LAC,8,6,2,5,1,1,0,0,0,2,0,0,1,0,0,0,0,0,0,0,0,0
2021,REG,00-0035906,J.Lemonier,Jessie Lemonier,6,DE,DL,"https://static.www.nfl.com/image/private/f_auto,q_auto/league/rrmp4ujyj0qkp5kgzhmf",DET,7,7,0,7,1,0,0,1.5,12,3,0,0,0,0,0,0,0,0,0,0,1,5
2021,REG,00-0035910,T.Smith,T.J. Smith,1,DT,DL,"https://static.www.nfl.com/image/private/f_auto,q_auto/league/lmjr6tmxxxkltnltk7ks",MIN,1,1,0,2,0,0,0,0,0,0,0,0,0,0,0,0,0,0,0,0,0,0
2021,REG,00-0035924,J.Ward,Jonathan Ward,1,RB,RB,"https://static.www.nfl.com/image/upload/f_auto,q_auto/league/yct3a4xznwcxjvn4iosk",ARI,0,0,0,0,0,0,0,0,0,0,0,0,0,0,0,0,0,0,0,0,1,10
2021,REG,00-0035924,J.Ward,Jonathan Ward,1,RB,RB,"https://static.www.nfl.com/image/upload/f_auto,q_auto/league/yct3a4xznwcxjvn4iosk",SEA,1,1,0,0,0,0,0,0,0,0,0,0,0,0,0,0,0,0,0,0,0,0
2021,REG,00-0035925,J.Williams,Jarren Williams,5,CB,DB,"https://static.www.nfl.com/image/private/f_auto,q_auto/league/jyncwypja37urniugmp6",NYG,13,12,1,3,0,0,0,0,0,0,0,0,1,0,0,0,0,0,0,0,1,10
2021,REG,00-0035927,B.Fehoko,Breiden Fehoko,5,NT,DL,"https://static.www.nfl.com/image/upload/f_auto,q_auto/league/tkef62tijhxd9nuuw4oc",LAC,5,4,1,8,0,0,0,0,0,0,0,0,0,0,0,0,0,0,0,0,1,5
2021,REG,00-0035928,E.Banks,Eric Banks,1,DT,DL,"https://static.www.nfl.com/image/upload/f_auto,q_auto/league/bh2nmfqo5vys96ni7eft",LAC,0,0,0,1,0,0,0,0,0,0,0,0,0,0,0,0,0,0,0,0,0,0
2021,REG,00-0035933,M.Hoecht,Michael Hoecht,3,OLB,LB,"https://static.www.nfl.com/image/upload/f_auto,q_auto/league/x7dptdtfop48cak3l5os",LA,4,2,2,0,0,0,0,0,0,0,0,0,0,0,0,0,0,0,0,0,0,0
2021,REG,00-0035944,J.Williams,Jonah Williams,5,DE,DL,"https://static.www.nfl.com/image/upload/f_auto,q_auto/league/gnujz4p4sshj5xv6nmjp",LA,1,0,1,4,0,0,0,0,0,0,0,0,0,0,0,0,0,0,0,0,0,0
2021,REG,00-0035946,M.Adams,Myles Adams,2,DE,DL,"https://static.www.nfl.com/image/upload/f_auto,q_auto/league/xbmi6a0pex4jdgyarhbt",SEA,0,0,0,5,0,0,0,0,0,1,0,0,0,0,0,0,0,0,0,0,0,0
2021,REG,00-0035950,M.Hartsfield,Myles Hartsfield,10,FS,DB,"https://static.www.nfl.com/image/private/f_auto,q_auto/league/gk1w1temj96w6wmgyy5x",CAR,29,27,2,15,2,0,0,1,2,1,0,0,4,0,0,0,0,0,0,0,1,15
2021,REG,00-0035957,R.Smith,Rodney Smith,1,RB,RB,"https://static.www.nfl.com/image/private/f_auto,q_auto/league/xd2tfhcsbxeokt2bisun",DAL,0,0,0,1,0,0,0,0,0,0,0,0,0,0,0,0,0,0,0,0,0,0
2021,REG,00-0035961,K.Barnes,Krys Barnes,15,ILB,LB,"https://static.www.nfl.com/image/upload/f_auto,q_auto/league/xgq5wwfuk5s2frsx0ha0",GB,56,51,5,23,4,5,0,1,8,1,0,0,4,0,0,0,0,1,0,0,0,0
2021,REG,00-0035962,H.Black,Henry Black,10,SS,DB,"https://static.www.nfl.com/image/private/f_auto,q_auto/league/vmzpmpwymbcmaaa5zfe9",GB,17,16,1,7,0,0,0,0,0,0,1,0,2,0,0,0,0,0,0,0,0,0
2021,REG,00-0035965,T.Galeai,Tipa Galeai,5,OLB,LB,"https://static.www.nfl.com/image/private/f_auto,q_auto/league/blwenldenlptx2vlnver",GB,6,5,1,5,1,0,0,1,3,1,0,0,0,0,0,0,0,0,0,0,0,0
2021,REG,00-0035973,P.Taylor,Patrick Taylor,1,RB,RB,"https://static.www.nfl.com/image/upload/f_auto,q_auto/league/nd1utxii5exwfoujq5a4",DET,1,1,0,0,0,0,0,0,0,0,0,0,0,0,0,0,0,0,0,0,0,0
2021,REG,00-0035984,B.Lynch,Blake Lynch,9,OLB,LB,"https://static.www.nfl.com/image/upload/f_auto,q_auto/league/r2skp5v2pgvumlmqzhgl",MIN,19,17,2,11,1,0,1,2,16,1,1,2,2,0,0,0,0,1,0,0,0,0
2021,REG,00-0035985,D.Moa,David Moa,2,DT,DL,"https://static.www.nfl.com/image/private/f_auto,q_auto/league/n95d4esakuqldwgt1i3v",NYG,1,1,0,2,0,0,0,0,0,0,0,0,0,0,0,0,0,0,0,0,0,0
2021,REG,00-0035992,T.Colon,Trystan Colon,1,C,OL,"https://static.www.nfl.com/image/upload/f_auto,q_auto/league/xup6mgczzc2firyyvgnb",LAC,1,1,0,0,0,0,0,0,0,0,0,0,0,0,0,0,0,0,0,0,0,0
2021,REG,00-0035993,T.Huntley,Tyler Huntley,1,QB,QB,"https://static.www.nfl.com/image/upload/f_auto,q_auto/league/ex2ygunvni5o5aabnhbq",BAL,0,0,0,0,0,0,0,0,0,0,0,0,0,0,0,0,0,1,0,0,0,0
2021,REG,00-0036002,E.Riley,Elijah Riley,7,FS,DB,"https://static.www.nfl.com/image/upload/f_auto,q_auto/league/gqddvgy98q4lnvljvuee",NYJ,23,20,3,22,3,5,0,1,0,1,0,0,1,0,0,0,0,0,0,0,0,0
2021,REG,00-0036007,R.Williams,Raequan Williams,1,DE,DL,"https://static.www.nfl.com/image/upload/f_auto,q_auto/league/hos5p5gfiouk3lueewug",PHI,1,1,0,1,0,0,0,0,0,0,0,0,0,0,0,0,0,0,0,0,0,0
2021,REG,00-0036010,J.Elliott,Jalen Elliott,3,SS,DB,"https://static.www.nfl.com/image/upload/f_auto,q_auto/league/gwcvitcgnttnroiskzen",DET,4,4,0,4,0,0,0,0,0,0,0,0,0,0,0,0,0,0,0,0,0,0
2021,REG,00-0036011,B.Price,Bobby Price,6,FS,DB,"https://static.www.nfl.com/image/upload/f_auto,q_auto/league/rlgj4rky5w5k3k53yk4q",DET,8,8,0,4,0,0,0,0,0,0,0,0,3,0,0,0,0,0,0,0,1,6
2021,REG,00-0036020,S.Ahmed,Salvon Ahmed,1,RB,RB,"https://static.www.nfl.com/image/private/f_auto,q_auto/league/ggkz2vamnepagqfn992j",BUF,1,1,0,0,0,0,0,0,0,0,0,0,0,0,0,0,0,0,0,0,0,0
2021,REG,00-0036028,F.Bernard,Francis Bernard,1,OLB,LB,"https://static.www.nfl.com/image/private/f_auto,q_auto/league/gi4h9bf097paru2rn1gm",DAL,0,0,0,1,0,0,0,0,0,0,0,0,0,0,0,0,0,0,0,0,0,0
2021,REG,00-0036029,R.Carter,Ron'Dell Carter,1,OLB,LB,"https://static.www.nfl.com/image/private/f_auto,q_auto/league/cc5uuhuvtvkmi1q1ii83",HOU,0,0,0,0,0,0,0,0,0,0,0,0,0,0,0,0,0,0,0,0,1,5
2021,REG,00-0036030,L.Hamilton,Ladarius Hamilton,3,OLB,LB,"https://static.www.nfl.com/image/private/f_auto,q_auto/league/reertkarzxaguz8w1mux",GB,2,2,0,1,0,0,0,0,0,2,0,0,0,0,0,0,0,0,0,0,0,0
2021,REG,00-0036036,T.Steele,Terence Steele,1,T,OL,"https://static.www.nfl.com/image/upload/f_auto,q_auto/league/bkpod6ztrwcvjzq1wx7w",KC,1,1,0,0,0,0,0,0,0,0,0,0,0,0,0,0,0,0,0,0,0,0
2021,REG,00-0036037,S.Franklin,Sam Franklin,7,SS,DB,"https://static.www.nfl.com/image/upload/f_auto,q_auto/league/umqc50da0q99u1qyhka5",CAR,13,9,4,2,1,1,0,0,0,1,0,0,1,0,0,0,0,0,0,0,0,0
2021,REG,00-0036043,J.Whittaker,Jace Whittaker,1,CB,DB,"https://static.www.nfl.com/image/private/f_auto,q_auto/league/qklqzam7wwoa2g06qsf9",ARI,2,2,0,1,0,0,0,0,0,1,0,0,0,0,0,0,0,0,0,0,0,0
2021,REG,00-0036045,C.Gill,Cam Gill,5,OLB,LB,"https://static.www.nfl.com/image/upload/f_auto,q_auto/league/wxadtc7jcfyso4qdbeni",TB,5,5,0,2,1,0,0,1.5,11.5,3,0,0,0,0,0,0,0,0,0,0,0,0
2021,REG,00-0036050,B.Potoa'e,Benning Potoa'e,1,DE,DL,"https://static.www.nfl.com/image/private/f_auto,q_auto/league/dwe4xk0m7dyrifff5rtq",TB,0,0,0,1,0,0,0,0,0,0,0,0,0,0,0,0,0,0,0,0,0,0
2021,REG,00-0036068,J.Jones,Jamir Jones,2,OLB,LB,"https://static.www.nfl.com/image/private/f_auto,q_auto/league/zb3wywulp967xjcoy8vf",JAX,1,0,1,1,0,0,0,0,0,0,0,0,0,0,0,0,0,0,0,0,1,5
2021,REG,00-0036068,J.Jones,Jamir Jones,3,OLB,LB,"https://static.www.nfl.com/image/private/f_auto,q_auto/league/zb3wywulp967xjcoy8vf",LA,1,1,0,2,0,0,0,0,0,1,0,0,0,0,0,0,0,0,0,0,0,0
2021,REG,00-0036068,J.Jones,Jamir Jones,1,OLB,LB,"https://static.www.nfl.com/image/private/f_auto,q_auto/league/zb3wywulp967xjcoy8vf",PIT,1,1,0,0,0,0,0,0,0,1,0,0,0,0,0,0,0,0,0,0,0,0
2021,REG,00-0036076,C.Rivers,Chauncey Rivers,2,OLB,LB,"https://static.www.nfl.com/image/private/f_auto,q_auto/league/pi3o8fqd4zz2bsbvvjhv",GB,2,2,0,0,0,0,0,0,0,0,0,0,0,0,0,0,0,0,0,0,0,0
2021,REG,00-0036077,J.Hughes,Juju Hughes,2,FS,DB,"https://static.www.nfl.com/image/private/f_auto,q_auto/league/nhb13pdrmatkyoouvyqk",LA,4,4,0,1,0,0,0,0,0,0,0,0,0,0,0,0,0,0,0,0,0,0
2021,REG,00-0036081,B.Washington,Broderick Washington,10,DE,DL,"https://static.www.nfl.com/image/upload/f_auto,q_auto/league/emh0zmsonamylgrr7hmv",BAL,8,6,2,8,2,4,0,1,10,3,0,0,0,0,0,0,0,0,0,0,0,0
2021,REG,00-0036086,R.Berry,Rashod Berry,3,OLB,LB,"https://static.www.nfl.com/image/private/f_auto,q_auto/league/fu2xopb9sal4pgfgln52",DET,2,2,0,1,0,0,0,0,0,1,0,0,0,0,0,0,0,0,0,0,0,0
2021,REG,00-0036087,M.Bryant,Myles Bryant,11,CB,DB,"https://static.www.nfl.com/image/upload/f_auto,q_auto/league/bzbwwwemnsuw2pveglco",NE,28,25,3,13,2,0,1,1,8,2,1,33,3,0,0,0,0,0,0,0,2,30
2021,REG,00-0036090,D.Harris,De'Jon Harris,1,MLB,LB,"https://static.www.nfl.com/image/private/f_auto,q_auto/league/zthcn7tvordk7so1bj4t",WAS,1,1,0,0,1,0,0,1,5,1,0,0,0,0,0,0,0,0,0,0,0,0
2021,REG,00-0036096,J.Taylor,J.J. Taylor,1,RB,RB,"https://static.www.nfl.com/image/upload/f_auto,q_auto/league/m8en6noemyviirgtxlgd",TB,1,1,0,0,0,0,0,0,0,0,0,0,0,0,0,0,0,0,0,0,0,0
2021,REG,00-0036114,A.Green,A.J. Green,5,CB,DB,"https://static.www.nfl.com/image/upload/f_auto,q_auto/league/lacmlfcdn7rcfdxkfkfp",CLE,9,8,1,4,0,0,0,0,0,0,1,1,6,0,0,0,0,1,16,0,1,33
2021,REG,00-0036118,J.Moffatt,Jovante Moffatt,1,SS,DB,"https://static.www.nfl.com/image/private/f_auto,q_auto/league/jdrrcesdp7b5sqojxrle",CLE,4,4,0,3,0,0,0,0,0,0,0,0,0,0,0,0,0,0,0,0,0,0
2021,REG,00-0036130,N.Madubuike,Nnamdi Madubuike,14,DT,DL,"https://static.www.nfl.com/image/upload/f_auto,q_auto/league/jqjavitaoxp8al5ddury",BAL,23,21,2,13,7,10,0,2,15,5,0,0,2,0,0,0,0,0,0,0,2,20
2021,REG,00-0036137,A.Kamara,Azur Kamara,2,DE,DL,"https://static.www.nfl.com/image/private/f_auto,q_auto/league/u24qqjqcd9zqlvbjhsan",DAL,2,2,0,0,0,0,0,0,0,0,0,0,0,0,0,0,0,0,0,0,1,15
2021,REG,00-0036149,J.Guidry,Javelin Guidry,13,CB,DB,"https://static.www.nfl.com/image/private/f_auto,q_auto/league/bw1ritix1dxzjjjoxb6q",NYJ,32,28,4,13,1,0,0,0,0,1,0,0,3,0,0,0,0,0,0,0,0,0
2021,REG,00-0036151,B.Huff,Bryce Huff,8,DE,DL,"https://static.www.nfl.com/image/upload/f_auto,q_auto/league/f7d7rc4mrzkppwgqezin",NYJ,5,4,1,9,1,0,0,2,15,8,0,0,0,0,0,0,0,0,0,0,1,4
2021,REG,00-0036157,K.Welch,Kristian Welch,4,ILB,LB,"https://static.www.nfl.com/image/upload/f_auto,q_auto/league/s6mtzzk3etuv34oabdqp",BAL,0,0,0,4,0,0,0,0,0,0,0,0,0,0,0,0,0,0,0,0,1,10
2021,REG,00-0036159,J.Uche,Joshua Uche,9,OLB,LB,"https://static.www.nfl.com/image/upload/f_auto,q_auto/league/p7v3ht2iftut8hebhsbu",NE,10,10,0,2,3,0,0,3,23,4,0,0,0,0,0,0,0,1,0,0,1,5
2021,REG,00-0036166,D.Jackson,Dane Jackson,9,CB,DB,"https://static.www.nfl.com/image/upload/f_auto,q_auto/league/lys47la5i4ay7g1gr07g",BUF,30,28,2,7,0,0,0,0,0,0,0,0,6,0,0,0,0,0,0,0,2,16
2021,REG,00-0036167,T.Crowder,Tae Crowder,17,ILB,LB,"https://static.www.nfl.com/image/private/f_auto,q_auto/league/sfwj4dhe8eihhmjncd7q",NYG,64,53,11,66,3,3,1,0,0,1,2,26,6,0,1,0,0,0,0,0,2,30
2021,REG,00-0036181,T.Tart,Teair Tart,9,DT,DL,"https://static.www.nfl.com/image/upload/f_auto,q_auto/league/u9vwnpfhorxtehq9yfgc",TEN,10,8,2,6,2,4,0,0,0,1,0,0,0,0,0,0,0,0,0,0,0,0
2021,REG,00-0036182,N.Westbrook-Ikhine,Nick Westbrook-Ikhine,1,WR,WR,"https://static.www.nfl.com/image/upload/f_auto,q_auto/league/rt9ic9wzwl2pevlxt1nd",TEN,0,0,0,0,0,0,0,0,0,0,0,0,0,0,0,0,0,0,0,0,1,15
2021,REG,00-0036192,A.Epenesa,A.J. Epenesa,14,DE,DL,"https://static.www.nfl.com/image/upload/f_auto,q_auto/league/cuvz6epit4d0o8grclqm",BUF,8,8,0,6,2,4,0,1.5,13,9,0,0,1,0,0,0,0,0,0,0,2,19
2021,REG,00-0036196,G.Davis,Gabe Davis,1,WR,WR,"https://static.www.nfl.com/image/upload/f_auto,q_auto/league/rlmgjtfct5qjtbwcjqg6",ATL,1,1,0,0,0,0,0,0,0,0,0,0,0,0,0,0,0,0,0,0,0,0
2021,REG,00-0036199,G.Stone,Geno Stone,8,SS,DB,"https://static.www.nfl.com/image/upload/f_auto,q_auto/league/redtjiud7dtro4avfgn0",BAL,12,12,0,5,1,0,0,0,0,1,1,0,1,0,0,0,0,0,0,0,0,0
2021,REG,00-0036203,K.Jones,Keandre Jones,1,ILB,LB,"https://static.www.nfl.com/image/upload/f_auto,q_auto/league/j3oeovnadfd6vtol8vu5",CIN,0,0,0,1,0,0,0,0,0,0,0,0,0,0,0,0,0,0,0,0,0,0
2021,REG,00-0036205,L.Mack,Ledarius Mack,1,DE,DL,"https://static.www.nfl.com/image/private/f_auto,q_auto/league/q4daldhsiq91qyo7yn5o",CHI,0,0,0,1,0,0,0,0,0,0,0,0,0,0,0,0,0,0,0,0,1,5
2021,REG,00-0036212,T.Tagovailoa,Tua Tagovailoa,1,QB,QB,"https://static.www.nfl.com/image/upload/f_auto,q_auto/league/xzdbwt2ezmxk3pjcsr1n",BUF,0,0,0,1,0,0,0,0,0,0,0,0,0,0,0,0,0,0,0,0,0,0
2021,REG,00-0036213,R.Davis,Raekwon Davis,12,NT,DL,"https://static.www.nfl.com/image/upload/f_auto,q_auto/league/cebpdy9q3snsm1z8yx00",MIA,12,10,2,16,1,2,0,0.5,0.5,1,0,0,0,0,0,0,0,0,0,0,3,14
2021,REG,00-0036216,C.Weaver,Curtis Weaver,1,DE,DL,"https://static.www.nfl.com/image/private/f_auto,q_auto/league/jvaesk96t4eh2ghtsiy3",CLE,0,0,0,1,0,0,0,0,0,1,0,0,0,0,0,0,0,0,0,0,0,0
2021,REG,00-0036220,D.Brown,Derrick Brown,16,DE,DL,"https://static.www.nfl.com/image/upload/f_auto,q_auto/league/fkykzylv1irnfjijbwrw",CAR,27,24,3,14,8,9,0,3,28,9,0,0,4,0,0,0,0,0,0,0,3,11
2021,REG,00-0036221,B.Jones,Brandon Jones,14,FS,DB,"https://static.www.nfl.com/image/upload/f_auto,q_auto/league/cxjsqih3bzvgebahj2vm",MIA,45,38,7,31,6,1,1,5,39,10,1,8,1,0,1,1,3,2,3,0,4,55
2021,REG,00-0036222,I.Rodgers,Isaiah Rodgers,14,CB,DB,"https://static.www.nfl.com/image/upload/f_auto,q_auto/league/l8pzeettxf7tlqyd9pdq",IND,39,35,4,10,1,0,0,0,0,0,3,24,7,0,0,0,0,0,0,0,1,15
2021,REG,00-0036224,J.Greenard,Jonathan Greenard,10,OLB,LB,"https://static.www.nfl.com/image/upload/f_auto,q_auto/league/a8ztocyqrsxgmczzdyum",HOU,23,21,2,10,9,7,2,8,50,12,0,0,4,0,0,0,0,0,0,0,0,0
2021,REG,00-0036231,K.Dugger,Kyle Dugger,15,FS,DB,"https://static.www.nfl.com/image/private/f_auto,q_auto/league/gckckiryskfmdmgkkgj5",NE,63,50,13,21,5,7,0,0,0,2,4,100,5,0,0,0,0,1,0,0,1,46
2021,REG,00-0036232,H.Bryant,Harrison Bryant,1,TE,TE,"https://static.www.nfl.com/image/upload/f_auto,q_auto/league/jjarmcwkadvr7tynkpuj",KC,1,1,0,0,0,0,0,0,0,0,0,0,0,0,0,0,0,0,0,0,0,0
2021,REG,00-0036233,D.Peoples-Jones,Donovan Peoples-Jones,1,WR,WR,"https://static.www.nfl.com/image/upload/f_auto,q_auto/league/sgfgvm2myyrntnmiqojk",GB,1,1,0,0,0,0,0,0,0,0,0,0,0,0,0,0,0,0,0,0,0,0
2021,REG,00-0036233,D.Peoples-Jones,Donovan Peoples-Jones,1,WR,WR,"https://static.www.nfl.com/image/upload/f_auto,q_auto/league/sgfgvm2myyrntnmiqojk",PIT,1,1,0,0,0,0,0,0,0,0,0,0,0,0,0,0,0,0,0,0,0,0
2021,REG,00-0036235,S.Quarterman,Shaquille Quarterman,8,ILB,LB,"https://static.www.nfl.com/image/upload/f_auto,q_auto/league/onbbvyvxbxgktkew2v1o",JAX,13,12,1,12,1,1,0,0,0,0,0,0,0,0,0,0,0,0,0,0,0,0
2021,REG,00-0036236,N.Harris,Nick Harris,1,C,OL,"https://static.www.nfl.com/image/upload/f_auto,q_auto/league/fi6ivlcphteyqp30akm3",GB,1,1,0,0,0,0,0,0,0,0,0,0,0,0,0,0,0,0,0,0,0,0
2021,REG,00-0036237,L.Murchison,Larrell Murchison,7,DT,DL,"https://static.www.nfl.com/image/upload/f_auto,q_auto/league/bp935cvfyzaipasnmvzx",TEN,4,4,0,4,1,3,0,0,0,0,0,0,0,0,0,0,0,0,0,0,0,0
2021,REG,00-0036238,J.Penisini,John Penisini,10,NT,DL,"https://static.www.nfl.com/image/private/f_auto,q_auto/league/haswdzo7clr4t2e662w1",DET,4,4,0,10,0,0,0,0,0,1,0,0,1,0,0,0,0,0,0,0,0,0
2021,REG,00-0036239,J.Garvin,Jonathan Garvin,11,OLB,LB,"https://static.www.nfl.com/image/upload/f_auto,q_auto/league/zvwezgwfezbbk0kaphji",GB,15,14,1,4,1,0,0,1.5,7.5,5,0,0,0,0,0,0,0,0,0,0,0,0
2021,REG,00-0036240,C.Jackson,Chris Jackson,10,CB,DB,"https://static.www.nfl.com/image/private/f_auto,q_auto/league/aj2syuecws0hfgk68n79",TEN,28,24,4,5,1,3,0,0,0,0,0,0,4,0,0,0,0,0,0,0,5,31
2021,REG,00-0036241,B.Hall,Bryce Hall,17,CB,DB,"https://static.www.nfl.com/image/upload/f_auto,q_auto/league/j2qpr3eiyfs0g5xfiert",NYJ,66,58,8,13,4,3,0,0.5,4,2,0,0,16,0,0,0,0,0,0,0,3,38
2021,REG,00-0036248,A.Jackson,Austin Jackson,1,T,OL,"https://static.www.nfl.com/image/upload/f_auto,q_auto/league/zwolexetiqcyxlfpm35u",BUF,0,0,0,1,0,0,0,0,0,0,0,0,0,0,0,0,0,0,0,0,0,0
2021,REG,00-0036248,A.Jackson,Austin Jackson,1,T,OL,"https://static.www.nfl.com/image/upload/f_auto,q_auto/league/zwolexetiqcyxlfpm35u",HOU,1,1,0,0,0,0,0,0,0,0,0,0,0,0,0,0,0,0,0,0,0,0
2021,REG,00-0036249,J.Okwara,Julian Okwara,12,OLB,LB,"https://static.www.nfl.com/image/upload/f_auto,q_auto/league/unrh4wz2bbaum89obafi",DET,18,15,3,9,6,3,1,5,28,9,1,9,2,0,0,0,0,1,6,0,3,24
2021,REG,00-0036251,Z.Moss,Zack Moss,1,RB,RB,"https://static.www.nfl.com/image/upload/f_auto,q_auto/league/oxrltdgoquiabhihhgnk",NYJ,1,1,0,0,0,0,0,0,0,0,0,0,0,0,0,0,0,0,0,0,0,0
2021,REG,00-0036252,M.Pittman,Michael Pittman,1,WR,WR,"https://static.www.nfl.com/image/private/f_auto,q_auto/league/wnymcombo2plamteihiy",TB,1,1,0,1,0,0,0,0,0,0,0,0,0,0,0,0,0,0,0,0,0,0
2021,REG,00-0036253,J.Blackmon,Julian Blackmon,6,FS,DB,"https://static.www.nfl.com/image/upload/f_auto,q_auto/league/lvcl7raeo2tmzmmyf1pe",IND,25,25,0,6,2,4,1,0,0,0,0,0,1,0,0,0,0,0,0,0,0,0
2021,REG,00-0036258,J.Jackson,Jonah Jackson,1,C,OL,"https://static.www.nfl.com/image/upload/f_auto,q_auto/league/wid0ipway5l4leswkfil",LA,1,1,0,0,0,0,0,0,0,0,0,0,0,0,0,0,0,0,0,0,0,0
2021,REG,00-0036258,J.Jackson,Jonah Jackson,1,C,OL,"https://static.www.nfl.com/image/upload/f_auto,q_auto/league/wid0ipway5l4leswkfil",MIN,1,1,0,0,0,0,0,0,0,0,0,0,0,0,0,0,0,0,0,0,0,0
2021,REG,00-0036259,J.Jennings,Jauan Jennings,1,WR,WR,"https://static.www.nfl.com/image/upload/f_auto,q_auto/league/fqyzagb57zrtegmw69eb",IND,1,1,0,0,0,0,0,0,0,0,0,0,0,0,0,0,0,0,0,0,0,0
2021,REG,00-0036260,J.Kinlaw,Javon Kinlaw,3,DT,DL,"https://static.www.nfl.com/image/upload/f_auto,q_auto/league/a4qvry0uyfblvff2igi0",SF,1,1,0,7,0,0,0,0,0,1,0,0,0,0,0,0,0,0,0,0,0,0
2021,REG,00-0036262,D.Hamilton,Davon Hamilton,15,DT,DL,"https://static.www.nfl.com/image/upload/f_auto,q_auto/league/qp0lntmasn8ffj003j9h",JAX,26,23,3,20,2,1,0,1,12,2,0,0,2,0,0,0,0,1,0,0,1,15
2021,REG,00-0036266,J.Elliott,Jordan Elliott,12,DT,DL,"https://static.www.nfl.com/image/upload/f_auto,q_auto/league/haddl9vyyodpscuv8556",CLE,10,7,3,16,0,0,0,0.5,2,4,0,0,1,0,0,0,0,0,0,0,4,40
2021,REG,00-0036268,L.Shenault,Laviska Shenault Jr.,1,WR,WR,"https://static.www.nfl.com/image/upload/f_auto,q_auto/league/o3cfpcor86ghjwyn8icp",DEN,1,1,0,0,0,0,0,0,0,0,0,0,0,0,0,0,0,0,0,0,0,0
2021,REG,00-0036268,L.Shenault,Laviska Shenault Jr.,1,WR,WR,"https://static.www.nfl.com/image/upload/f_auto,q_auto/league/o3cfpcor86ghjwyn8icp",SEA,1,1,0,0,0,0,0,0,0,0,0,0,0,0,0,0,0,0,0,0,0,0
2021,REG,00-0036271,Q.Watkins,Quez Watkins,1,WR,WR,"https://static.www.nfl.com/image/upload/f_auto,q_auto/league/oag0nknq48jo1qcon7k4",CAR,0,0,0,1,0,0,0,0,0,0,0,0,0,0,0,0,0,0,0,0,0,0
2021,REG,00-0036271,Q.Watkins,Quez Watkins,1,WR,WR,"https://static.www.nfl.com/image/upload/f_auto,q_auto/league/oag0nknq48jo1qcon7k4",NYG,0,0,0,1,0,0,0,0,0,0,0,0,0,0,0,0,0,0,0,0,0,0
2021,REG,00-0036271,Q.Watkins,Quez Watkins,1,WR,WR,"https://static.www.nfl.com/image/upload/f_auto,q_auto/league/oag0nknq48jo1qcon7k4",TB,1,1,0,0,0,0,0,0,0,0,0,0,0,0,0,0,0,0,0,0,0,0
2021,REG,00-0036274,J.Okudah,Jeff Okudah,1,CB,DB,"https://static.www.nfl.com/image/upload/f_auto,q_auto/league/y2xrximb2dlexwgyrjxh",DET,3,3,0,1,0,0,0,0,0,0,0,0,1,0,0,0,0,0,0,0,0,0
2021,REG,00-0036276,J.Phillips,Jacob Phillips,4,MLB,LB,"https://static.www.nfl.com/image/upload/f_auto,q_auto/league/ib2eokvsbggzyf9mjqsv",CLE,13,6,7,4,2,0,0,1,6,1,0,0,3,0,0,0,0,0,0,0,1,15
2021,REG,00-0036280,M.Harrison,Malik Harrison,7,OLB,LB,"https://static.www.nfl.com/image/upload/f_auto,q_auto/league/ee7bygptv2xsx5zmbz5n",BAL,11,10,1,7,2,3,0,0,0,0,0,0,0,0,0,0,0,0,0,0,0,0
2021,REG,00-0036281,C.Henderson,C.J. Henderson,10,CB,DB,"https://static.www.nfl.com/image/upload/f_auto,q_auto/league/tna89m19aol0bnfhugay",CAR,25,24,1,6,0,0,0,0,0,0,0,0,2,0,0,0,0,0,0,0,1,1
2021,REG,00-0036281,C.Henderson,C.J. Henderson,2,CB,DB,"https://static.www.nfl.com/image/upload/f_auto,q_auto/league/tna89m19aol0bnfhugay",JAX,6,5,1,2,1,6,0,0,0,0,0,0,0,0,0,0,0,0,0,0,0,0
2021,REG,00-0036282,G.Delpit,Grant Delpit,14,SS,DB,"https://static.www.nfl.com/image/upload/f_auto,q_auto/league/vfp5ffmtbfgobosxlxjj",CLE,42,38,4,19,3,5,1,1,7,1,1,5,3,0,0,0,0,0,0,0,1,15
2021,REG,00-0036283,K.Robinson,Kenny Robinson,6,FS,DB,"https://static.www.nfl.com/image/private/f_auto,q_auto/league/a92bigr1l3xd9ycyjtss",CAR,10,8,2,4,0,0,0,0,0,0,0,0,0,0,0,0,0,0,0,0,0,0
2021,REG,00-0036285,A.Terrell,A.J. Terrell,16,CB,DB,"https://static.www.nfl.com/image/private/f_auto,q_auto/league/mijlbfupcqxu8g7mmm4i",ATL,52,51,1,29,3,0,1,1,2,1,3,42,16,0,0,0,0,0,0,0,4,69
2021,REG,00-0036286,K.Chaisson,K'Lavon Chaisson,13,OLB,LB,"https://static.www.nfl.com/image/upload/f_auto,q_auto/league/kjfiffxzngmxoqwylvrb",JAX,20,18,2,11,3,3,0,1,2,4,0,0,0,0,0,0,0,0,0,0,3,17
2021,REG,00-0036287,N.Igbinoghene,Noah Igbinoghene,2,CB,DB,"https://static.www.nfl.com/image/upload/f_auto,q_auto/league/hyu05mp0m5bstdoi0wdx",MIA,4,4,0,0,0,0,0,0,0,0,0,0,0,0,0,0,0,0,0,0,1,10
2021,REG,00-0036288,Y.Gross-Matos,Yetur Gross-Matos,12,OLB,LB,"https://static.www.nfl.com/image/upload/f_auto,q_auto/league/jfblyob1da4sgrig3yxp",CAR,18,15,3,10,5,5,1,3.5,20.5,4,0,0,1,0,0,0,0,0,0,0,1,5
2021,REG,00-0036289,R.Blacklock,Ross Blacklock,12,DT,DL,"https://static.www.nfl.com/image/private/f_auto,q_auto/league/bhfz75verrtkscghgjjz",HOU,14,10,4,8,2,0,1,2,11,6,0,0,2,0,0,0,0,0,0,0,4,22
2021,REG,00-0036290,C.Kmet,Cole Kmet,1,TE,TE,"https://static.www.nfl.com/image/upload/f_auto,q_auto/league/fdxpctcmwjupassg9g9d",ARI,1,1,0,0,0,0,0,0,0,0,0,0,0,0,0,0,0,0,0,0,0,0
2021,REG,00-0036291,M.Davidson,Marlon Davidson,10,DT,DL,"https://static.www.nfl.com/image/upload/f_auto,q_auto/league/zxqpom7rcenoibhktkyh",ATL,12,11,1,9,1,0,0,1,8,1,1,3,1,1,0,0,0,1,0,0,1,1
2021,REG,00-0036292,J.Johnson,Jaylon Johnson,15,CB,DB,"https://static.www.nfl.com/image/upload/f_auto,q_auto/league/ouyqfh584alvv72ss9om",CHI,37,33,4,9,1,0,1,0,0,0,1,3,9,0,0,0,0,0,0,0,4,44
2021,REG,00-0036293,J.Chinn,Jeremy Chinn,16,FS,DB,"https://static.www.nfl.com/image/upload/f_auto,q_auto/league/gpnjvydi7tbdpgnj8qsu",CAR,74,69,5,32,6,7,1,1,7,5,1,0,5,0,0,0,0,1,18,0,2,10
2021,REG,00-0036294,L.Wilson,Logan Wilson,13,ILB,LB,"https://static.www.nfl.com/image/upload/f_auto,q_auto/league/dihzee6aboahkl0keztd",CIN,55,48,7,43,5,7,1,1,2,1,4,31,4,0,0,0,0,0,0,0,0,0
2021,REG,00-0036296,J.Zuniga,Jabari Zuniga,1,DE,DL,"https://static.www.nfl.com/image/private/f_auto,q_auto/league/kwwf0l0vd74wyxcnacwk",NYJ,1,1,0,2,0,0,1,1,8,1,0,0,0,0,0,0,0,0,0,0,0,0
2021,REG,00-0036298,A.Davis-Gaither,Akeem Davis-Gaither,7,OLB,LB,"https://static.www.nfl.com/image/upload/f_auto,q_auto/league/x96f2dqigzscwplj024t",CIN,19,17,2,7,0,0,1,0,0,0,0,0,3,0,0,0,0,0,0,0,0,0
2021,REG,00-0036300,M.Walker,Mykal Walker,11,ILB,LB,"https://static.www.nfl.com/image/upload/f_auto,q_auto/league/vqtkjvofluphrh6ft0c8",ATL,15,12,3,13,0,0,0,0,0,1,1,66,4,1,0,0,0,1,4,0,0,0
2021,REG,00-0036302,J.Hawkins,Jaylinn Hawkins,11,FS,DB,"https://static.www.nfl.com/image/upload/f_auto,q_auto/league/mpa1edlpp8tnv8xdrhkz",ATL,11,10,1,8,1,3,0,0,0,0,2,11,3,0,0,0,0,0,0,0,2,15
2021,REG,00-0036303,J.Scott,Josiah Scott,4,CB,DB,"https://static.www.nfl.com/image/private/f_auto,q_auto/league/nv4stfnpyttr3pc5pmc4",PHI,6,5,1,2,1,0,0,1,1,1,0,0,0,0,0,0,0,0,0,0,2,25
2021,REG,00-0036304,J.Reid,John Reid,3,CB,DB,"https://static.www.nfl.com/image/private/f_auto,q_auto/league/sxc8vmfhrfish4e6nbtk",SEA,5,5,0,4,0,0,0,0,0,0,0,0,2,0,0,0,0,0,0,0,1,21
2021,REG,00-0036305,T.Gipson,Trevis Gipson,15,OLB,LB,"https://static.www.nfl.com/image/upload/f_auto,q_auto/league/jh6pkhl4wymwqnp4lhnv",CHI,23,21,2,14,7,6,5,7,53.5,7,0,0,2,0,0,0,0,1,0,0,1,15
2021,REG,00-0036306,D.Thomas,Daniel Thomas,5,SS,DB,"https://static.www.nfl.com/image/private/f_auto,q_auto/league/knizsywgcccuiizocjkw",JAX,16,14,2,8,0,0,0,0,0,0,0,0,0,0,0,0,0,0,0,0,0,0
2021,REG,00-0036307,K.Vildor,Kindle Vildor,15,CB,DB,"https://static.www.nfl.com/image/upload/f_auto,q_auto/league/dpohdktdlsl1ywzmdzxq",CHI,32,29,3,13,1,0,0,1,7,1,0,0,4,0,0,0,0,0,0,0,3,53
2021,REG,00-0036309,D.Mooney,Darnell Mooney,1,WR,WR,"https://static.www.nfl.com/image/upload/f_auto,q_auto/league/c1ixyspw0eshl3a2qrly",DET,1,1,0,0,0,0,0,0,0,0,0,0,0,0,0,0,0,0,0,0,0,0
2021,REG,00-0036309,D.Mooney,Darnell Mooney,1,WR,WR,"https://static.www.nfl.com/image/upload/f_auto,q_auto/league/c1ixyspw0eshl3a2qrly",GB,1,1,0,0,0,0,0,0,0,0,0,0,0,0,0,0,0,0,0,0,0,0
2021,REG,00-0036309,D.Mooney,Darnell Mooney,1,WR,WR,"https://static.www.nfl.com/image/upload/f_auto,q_auto/league/c1ixyspw0eshl3a2qrly",MIN,1,1,0,0,0,0,0,0,0,0,0,0,0,0,0,0,0,0,0,0,0,0
2021,REG,00-0036309,D.Mooney,Darnell Mooney,1,WR,WR,"https://static.www.nfl.com/image/upload/f_auto,q_auto/league/c1ixyspw0eshl3a2qrly",SF,1,1,0,0,0,0,0,0,0,0,0,0,0,0,0,0,0,0,0,0,0,0
2021,REG,00-0036309,D.Mooney,Darnell Mooney,1,WR,WR,"https://static.www.nfl.com/image/upload/f_auto,q_auto/league/c1ixyspw0eshl3a2qrly",TB,1,1,0,0,0,0,0,0,0,0,0,0,0,0,0,0,0,0,0,0,0,0
2021,REG,00-0036311,B.Roy,Bravvion Roy,15,DT,DL,"https://static.www.nfl.com/image/private/f_auto,q_auto/league/yahohmgmpgysfvgrt9ef",CAR,13,6,7,17,1,1,0,0,0,2,0,0,2,0,0,0,0,0,0,0,2,20
2021,REG,00-0036314,M.Bailey,Markus Bailey,9,ILB,LB,"https://static.www.nfl.com/image/upload/f_auto,q_auto/league/etenzo5wtbuoiz2z5tbb",CIN,20,16,4,17,0,0,0,0.5,4,1,0,0,3,0,0,0,0,0,0,0,0,0
2021,REG,00-0036315,S.Thomas-Oliver,Stantley Thomas-Oliver,1,CB,DB,"https://static.www.nfl.com/image/private/f_auto,q_auto/league/yclgagxypre3gpqh4lth",CAR,0,0,0,1,0,0,0,0,0,0,0,0,0,0,0,0,0,0,0,0,0,0
2021,REG,00-0036316,C.Claybrooks,Chris Claybrooks,7,CB,DB,"https://static.www.nfl.com/image/private/f_auto,q_auto/league/y2wxfrfy1aqxpmcwrcxg",JAX,13,12,1,9,0,0,0,0,0,0,0,0,2,0,0,0,0,0,0,0,2,18
2021,REG,00-0036321,C.Young,Chase Young,9,DE,DL,"https://static.www.nfl.com/image/upload/f_auto,q_auto/league/lyc9qh7fequeo0lwvjhh",WAS,15,10,5,11,3,15,2,1.5,3.5,4,0,0,2,0,0,0,0,0,0,0,4,33
2021,REG,00-0036323,P.Queen,Patrick Queen,17,ILB,LB,"https://static.www.nfl.com/image/upload/f_auto,q_auto/league/tj2gq3nboh0vj8v3oknk",BAL,68,61,7,30,10,25,1,2,19,3,0,0,1,0,0,0,0,1,0,0,1,15
2021,REG,00-0036327,E.Cleveland,Ezra Cleveland,1,G,OL,"https://static.www.nfl.com/image/upload/f_auto,q_auto/league/ixo99zhnqnqgek8wnvbr",CHI,1,1,0,0,0,0,0,0,0,0,0,0,0,0,0,0,0,0,0,0,0,0
2021,REG,00-0036327,E.Cleveland,Ezra Cleveland,1,G,OL,"https://static.www.nfl.com/image/upload/f_auto,q_auto/league/ixo99zhnqnqgek8wnvbr",SF,1,1,0,0,0,0,0,0,0,0,0,0,0,0,0,0,0,0,0,0,0,0
2021,REG,00-0036328,A.Gibson,Antonio Gibson,1,RB,RB,"https://static.www.nfl.com/image/upload/f_auto,q_auto/league/hsjhpzgfdilf9cyrpeup",KC,1,1,0,0,0,0,0,0,0,0,0,0,0,0,0,0,0,0,0,0,0,0
2021,REG,00-0036329,A.Davis,Ashtyn Davis,13,SS,DB,"https://static.www.nfl.com/image/upload/f_auto,q_auto/league/xbanhtslhiidu6nutxzc",NYJ,43,37,6,19,0,0,3,0.5,3,1,2,18,3,0,0,0,0,0,0,0,0,0
2021,REG,00-0036330,C.Dantzler,Cameron Dantzler,11,CB,DB,"https://static.www.nfl.com/image/private/f_auto,q_auto/league/ax7tihgxm8xuubatynsy",MIN,44,41,3,8,0,0,1,0,0,0,1,0,8,0,0,0,0,0,0,0,1,7
2021,REG,00-0036332,J.Deguara,Josiah Deguara,1,TE,TE,"https://static.www.nfl.com/image/upload/f_auto,q_auto/league/ppvzbuhwwaus50k2xyr2",DET,1,1,0,0,0,0,0,0,0,0,0,0,0,0,0,0,0,0,0,0,0,0
2021,REG,00-0036333,A.Highsmith,Alex Highsmith,16,OLB,LB,"https://static.www.nfl.com/image/upload/f_auto,q_auto/league/pid301mbi8xc7jkg8c6q",PIT,46,37,9,28,15,25,1,6,35.5,15,0,0,0,0,0,0,0,0,0,0,4,30
2021,REG,00-0036335,D.Wonnum,D.J. Wonnum,17,OLB,LB,"https://static.www.nfl.com/image/upload/f_auto,q_auto/league/mxgt283h5hzotgjgoryn",MIN,29,24,5,18,7,0,1,8,77,15,0,0,4,0,0,0,0,0,0,0,2,20
2021,REG,00-0036337,J.Lynch,James Lynch,11,NT,DL,"https://static.www.nfl.com/image/upload/f_auto,q_auto/league/hnbjt7aqnjkyholqqu8f",MIN,18,15,3,12,2,1,0,1,8,1,0,0,0,0,0,0,0,1,0,0,2,20
2021,REG,00-0036338,T.Dye,Troy Dye,2,ILB,LB,"https://static.www.nfl.com/image/upload/f_auto,q_auto/league/ulex6ncnpb7cmg7fobfi",MIN,3,3,0,6,0,0,0,0,0,0,0,0,0,0,0,0,0,0,0,0,0,0
2021,REG,00-0036341,K.Kareem,Khalid Kareem,4,DE,DL,"https://static.www.nfl.com/image/upload/f_auto,q_auto/league/seh5ywz5jnxxuwqlsjko",CIN,5,4,1,4,1,1,1,0,0,2,0,0,0,0,0,0,0,1,4,0,0,0
2021,REG,00-0036342,K.Ismael,Keith Ismael,1,C,OL,"https://static.www.nfl.com/image/upload/f_auto,q_auto/league/r2nyvq01hor2zkvcmgd5",DAL,0,0,0,1,0,0,0,0,0,0,0,0,0,0,0,0,0,0,0,0,0,0
2021,REG,00-0036343,K.Hudson,Khaleke Hudson,3,ILB,LB,"https://static.www.nfl.com/image/upload/f_auto,q_auto/league/xlpsx6vmahvollkqjzcf",WAS,1,1,0,3,0,0,0,0,0,1,0,0,0,0,0,0,0,0,0,0,2,9
2021,REG,00-0036344,H.Hand,Harrison Hand,1,CB,DB,"https://static.www.nfl.com/image/upload/f_auto,q_auto/league/s8d7x4ifytwdgwip6t5p",MIN,0,0,0,0,0,0,0,0,0,0,0,0,0,0,0,0,0,0,0,0,1,10
2021,REG,00-0036345,K.Osborn,K.J. Osborn,1,WR,WR,"https://static.www.nfl.com/image/upload/f_auto,q_auto/league/sbz79g8kzinzebiwzauv",LA,1,1,0,0,0,0,0,0,0,0,0,0,0,0,0,0,0,0,0,0,0,0
2021,REG,00-0036345,K.Osborn,K.J. Osborn,1,WR,WR,"https://static.www.nfl.com/image/upload/f_auto,q_auto/league/sbz79g8kzinzebiwzauv",PIT,1,1,0,0,0,0,0,0,0,0,0,0,0,0,0,0,0,0,0,0,0,0
2021,REG,00-0036348,J.Metellus,Josh Metellus,4,SS,DB,"https://static.www.nfl.com/image/upload/f_auto,q_auto/league/wsxqgmbzst27b2amst6l",MIN,4,4,0,3,0,0,0,0,0,0,0,0,1,0,0,0,0,0,0,0,2,20
2021,REG,00-0036349,K.Curl,Kamren Curl,16,SS,DB,"https://static.www.nfl.com/image/upload/f_auto,q_auto/league/oihhttjh3an2dn1ggdxh",WAS,61,56,5,37,2,0,0,1,5,3,0,0,5,0,0,0,0,1,0,0,2,34
2021,REG,00-0036350,K.Willekes,Kenny Willekes,5,DE,DL,"https://static.www.nfl.com/image/private/f_auto,q_auto/league/yhxk5d6vg5nhbk3gpgo7",MIN,11,9,2,7,2,0,0,2.5,16.5,7,0,0,1,0,0,0,0,0,0,0,0,0
2021,REG,00-0036351,J.Smith-Williams,James Smith-Williams,12,DE,DL,"https://static.www.nfl.com/image/upload/f_auto,q_auto/league/y7za6udwmac12c8hmvwh",WAS,10,8,2,17,4,7,0,2.5,13,5,0,0,1,0,0,0,0,0,0,0,1,5
2021,REG,00-0036352,C.Davis,Carlos Davis,3,DT,DL,"https://static.www.nfl.com/image/private/f_auto,q_auto/league/joyiwnhaj36xygplruym",PIT,3,1,2,2,1,2,0,0,0,0,0,0,0,0,0,0,0,0,0,0,0,0
2021,REG,00-0036355,J.Herbert,Justin Herbert,1,QB,QB,"https://static.www.nfl.com/image/upload/f_auto,q_auto/league/vvwim9hpgq1zs3bufmr0",CIN,1,1,0,0,0,0,0,0,0,0,0,0,0,0,0,0,0,0,0,0,0,0
2021,REG,00-0036356,I.Simmons,Isaiah Simmons,17,MLB,LB,"https://static.www.nfl.com/image/upload/f_auto,q_auto/league/ea1ymycexcik2wfiimhw",ARI,68,63,5,34,4,7,4,1.5,6,4,1,0,7,0,0,0,0,0,0,0,3,45
2021,REG,00-0036358,C.Lamb,CeeDee Lamb,1,WR,WR,"https://static.www.nfl.com/image/upload/f_auto,q_auto/league/tfuj9njqdw2dovkwhryc",NO,1,1,0,0,0,0,0,0,0,0,0,0,0,0,0,0,0,0,0,0,0,0
2021,REG,00-0036358,C.Lamb,CeeDee Lamb,1,WR,WR,"https://static.www.nfl.com/image/upload/f_auto,q_auto/league/tfuj9njqdw2dovkwhryc",WAS,1,1,0,0,0,0,0,0,0,0,0,0,0,0,0,0,0,0,0,0,0,0
2021,REG,00-0036359,D.Arnette,Damon Arnette,3,CB,DB,"https://static.www.nfl.com/image/private/f_auto,q_auto/league/yhabxnu9xxye4vpamg0e",LV,2,2,0,2,0,0,0,0,0,0,0,0,1,0,0,0,0,0,0,0,0,0
2021,REG,00-0036361,T.Diggs,Trevon Diggs,16,CB,DB,"https://static.www.nfl.com/image/upload/f_auto,q_auto/league/a473plmxgavkmt23up8w",DAL,43,39,4,9,0,0,0,0,0,0,11,142,21,2,0,0,0,0,0,0,9,75
2021,REG,00-0036362,W.Gay,Willie Gay,12,ILB,LB,"https://static.www.nfl.com/image/upload/f_auto,q_auto/league/ijgqwyeuc7umltdf9dao",KC,26,22,4,22,1,1,0,0.5,3.5,1,2,14,4,0,0,0,0,0,0,0,0,0
2021,REG,00-0036365,B.Edwards,Bryan Edwards,1,WR,WR,"https://static.www.nfl.com/image/private/f_auto,q_auto/league/hgluubcedtu0vmxjxrcf",PHI,0,0,0,1,0,0,0,0,0,0,0,0,0,0,0,0,0,0,0,0,0,0
2021,REG,00-0036366,N.Gallimore,Neville Gallimore,4,NT,DL,"https://static.www.nfl.com/image/upload/f_auto,q_auto/league/jjrzqppvoy8vbhiutdsb",DAL,5,4,1,8,3,2,0,1.5,11.5,2,0,0,0,0,0,0,0,0,0,0,0,0
2021,REG,00-0036367,L.Niang,Lucas Niang,1,T,OL,"https://static.www.nfl.com/image/private/f_auto,q_auto/league/midi0zhyy6jcxafgsnsh",BUF,1,1,0,0,0,0,0,0,0,0,0,0,0,0,0,0,0,0,0,0,0,0
2021,REG,00-0036367,L.Niang,Lucas Niang,1,T,OL,"https://static.www.nfl.com/image/private/f_auto,q_auto/league/midi0zhyy6jcxafgsnsh",NYG,1,1,0,0,0,0,0,0,0,0,0,0,0,0,0,0,0,0,0,0,0,0
2021,REG,00-0036371,L.Fotu,Leki Fotu,13,NT,DL,"https://static.www.nfl.com/image/upload/f_auto,q_auto/league/wlccptpeprzujtvqf0w3",ARI,8,6,2,11,2,3,1,0,0,0,0,0,3,0,0,0,0,0,0,0,2,20
2021,REG,00-0036373,R.Lawrence,Rashard Lawrence,6,NT,DL,"https://static.www.nfl.com/image/private/f_auto,q_auto/league/aqxkxovelybcyjqekr7d",ARI,6,6,0,5,0,0,0,0,0,0,0,0,0,0,0,0,0,0,0,0,1,5
2021,REG,00-0036374,L.Sneed,L'Jarius Sneed,15,CB,DB,"https://static.www.nfl.com/image/upload/f_auto,q_auto/league/uq5qstdlfazpw0dmu6ee",KC,57,55,2,19,7,3,1,1,21,2,2,2,8,0,0,0,0,1,0,0,10,95
2021,REG,00-0036375,A.Robertson,Amik Robertson,5,CB,DB,"https://static.www.nfl.com/image/upload/f_auto,q_auto/league/s1s05itajekmsto2zash",LV,14,11,3,4,0,0,0,0,0,0,0,0,0,0,0,0,0,0,0,0,2,24
2021,REG,00-0036378,M.Danna,Michael Danna,14,DE,DL,"https://static.www.nfl.com/image/private/f_auto,q_auto/league/oiywq8es1rm2rjnpbouw",KC,11,10,1,15,3,0,2,3,14,10,0,0,1,0,0,0,0,0,0,0,0,0
2021,REG,00-0036379,B.Anae,Bradlee Anae,4,DE,DL,"https://static.www.nfl.com/image/private/f_auto,q_auto/league/t9ur7k9cqwiq3opgu3mp",DAL,2,2,0,0,0,0,0,0,0,0,0,0,0,0,0,0,0,0,0,0,2,10
2021,REG,00-0036380,A.Gilman,Alohi Gilman,11,SS,DB,"https://static.www.nfl.com/image/upload/f_auto,q_auto/league/art29msb8cif1rzoowih",LAC,26,23,3,10,0,0,0,0,0,0,1,0,1,0,0,0,0,0,0,0,1,15
2021,REG,00-0036386,A.Thomas,Andrew Thomas,1,T,OL,"https://static.www.nfl.com/image/upload/f_auto,q_auto/league/pakiyq0n1c61gvd6vwd9",CHI,1,1,0,0,0,0,0,0,0,0,0,0,0,0,0,0,0,0,0,0,0,0
2021,REG,00-0036386,A.Thomas,Andrew Thomas,1,T,OL,"https://static.www.nfl.com/image/upload/f_auto,q_auto/league/pakiyq0n1c61gvd6vwd9",DAL,1,1,0,0,0,0,0,0,0,0,0,0,0,0,0,0,0,0,0,0,0,0
2021,REG,00-0036386,A.Thomas,Andrew Thomas,1,T,OL,"https://static.www.nfl.com/image/upload/f_auto,q_auto/league/pakiyq0n1c61gvd6vwd9",PHI,1,1,0,0,0,0,0,0,0,0,0,0,0,0,0,0,0,0,0,0,0,0
2021,REG,00-0036387,J.Reagor,Jalen Reagor,1,WR,WR,"https://static.www.nfl.com/image/upload/f_auto,q_auto/league/myazqfr7pzfyofksuyet",DAL,1,1,0,0,0,0,0,0,0,0,0,0,0,0,0,0,0,0,0,0,0,0
2021,REG,00-0036387,J.Reagor,Jalen Reagor,1,WR,WR,"https://static.www.nfl.com/image/upload/f_auto,q_auto/league/myazqfr7pzfyofksuyet",NYG,1,1,0,0,0,0,0,0,0,0,0,0,0,0,0,0,0,0,0,0,0,0
2021,REG,00-0036387,J.Reagor,Jalen Reagor,1,WR,WR,"https://static.www.nfl.com/image/upload/f_auto,q_auto/league/myazqfr7pzfyofksuyet",WAS,1,1,0,0,0,0,0,0,0,0,0,0,0,0,0,0,0,0,0,0,0,0
2021,REG,00-0036388,X.McKinney,Xavier McKinney,17,FS,DB,"https://static.www.nfl.com/image/upload/f_auto,q_auto/league/vvjc67dqz3mjghgkdr8v",NYG,59,54,5,34,1,0,0,0,0,0,5,64,10,1,0,0,0,0,0,0,1,8
2021,REG,00-0036390,M.Ojemudia,Michael Ojemudia,1,CB,DB,"https://static.www.nfl.com/image/private/f_auto,q_auto/league/lsdacncg3llktpdnufiq",DEN,8,8,0,3,0,0,0,0,0,0,0,0,2,0,0,0,0,0,0,0,0,0
2021,REG,00-0036393,D.Taylor,Davion Taylor,9,OLB,LB,"https://static.www.nfl.com/image/private/f_auto,q_auto/league/gppzwavl8lhckyfrfw18",PHI,24,23,1,15,1,0,2,0,0,0,0,0,0,0,0,0,0,0,0,0,0,0
2021,REG,00-0036394,D.Holmes,Darnay Holmes,9,CB,DB,"https://static.www.nfl.com/image/upload/f_auto,q_auto/league/ge044dmlujcty4psoget",NYG,20,17,3,8,0,0,0,0,0,1,1,15,2,0,0,0,0,0,0,0,3,33
2021,REG,00-0036395,K.Wallace,K'Von Wallace,4,FS,DB,"https://static.www.nfl.com/image/upload/f_auto,q_auto/league/ytpbcdbdwwlysnjj6uwb",PHI,11,9,2,3,0,0,0,0,0,0,0,0,0,0,0,0,0,0,0,0,1,15
2021,REG,00-0036400,C.Brown,Cam Brown,1,MLB,LB,"https://static.www.nfl.com/image/upload/f_auto,q_auto/league/mghokahv3kzopupvgiwa",NYG,0,0,0,0,0,0,0,0,0,0,0,0,0,0,0,0,0,0,0,0,1,6
2021,REG,00-0036401,S.Bradley,Shaun Bradley,3,ILB,LB,"https://static.www.nfl.com/image/private/f_auto,q_auto/league/occegf1e0klknrk466oz",PHI,8,7,1,4,0,0,0,0,0,0,0,0,1,0,0,0,0,0,0,0,0,0
2021,REG,00-0036402,C.Coughlin,Carter Coughlin,2,MLB,LB,"https://static.www.nfl.com/image/upload/f_auto,q_auto/league/dqszbolhovpnjot6ik96",NYG,2,2,0,0,0,0,0,0,0,0,0,0,0,0,0,0,0,0,0,0,0,0
2021,REG,00-0036403,C.Toohill,Casey Toohill,13,DE,DL,"https://static.www.nfl.com/image/upload/f_auto,q_auto/league/coyl0v90radu8roiklzo",WAS,11,9,2,11,1,0,0,1,0,6,0,0,1,0,0,0,0,0,0,0,1,13
2021,REG,00-0036405,C.Williamson,Chris Williamson,2,CB,DB,"https://static.www.nfl.com/image/private/f_auto,q_auto/league/yq8ail7bozqqz8xhna8e",ATL,4,4,0,1,0,0,0,0,0,0,0,0,0,0,0,0,0,0,0,0,0,0
2021,REG,00-0036406,T.Wirfs,Tristan Wirfs,1,T,OL,"https://static.www.nfl.com/image/upload/f_auto,q_auto/league/u3cdeldl9ofkt4zw4bbv",NO,1,1,0,0,0,0,0,0,0,0,0,0,0,0,0,0,0,0,0,0,0,0
2021,REG,00-0036409,J.Brooks,Jordyn Brooks,17,ILB,LB,"https://static.www.nfl.com/image/upload/f_auto,q_auto/league/yabkueqp2iy9gsvqmjcq",SEA,108,82,26,75,10,12,0,1,7,3,0,0,5,0,0,0,0,1,5,0,2,20
2021,REG,00-0036410,T.Higgins,Tee Higgins,1,WR,WR,"https://static.www.nfl.com/image/upload/f_auto,q_auto/league/swqgkrdmjecz3vumrex5",CHI,2,2,0,0,0,0,0,0,0,0,0,0,0,0,0,0,0,0,0,0,0,0
2021,REG,00-0036410,T.Higgins,Tee Higgins,1,WR,WR,"https://static.www.nfl.com/image/upload/f_auto,q_auto/league/swqgkrdmjecz3vumrex5",LV,1,1,0,0,0,0,0,0,0,0,0,0,0,0,0,0,0,0,0,0,0,0
2021,REG,00-0036411,A.Winfield,Antoine Winfield,13,FS,DB,"https://static.www.nfl.com/image/upload/f_auto,q_auto/league/ljw68n2jwngfvfzjozr5",TB,62,59,3,26,4,9,2,2,8,3,2,30,6,0,0,0,0,3,9,0,0,0
2021,REG,00-0036413,D.Taylor,Darrell Taylor,14,DE,DL,"https://static.www.nfl.com/image/upload/f_auto,q_auto/league/jwqkgt11sltsuc8ryccu",SEA,25,20,5,7,7,5,1,6.5,40,13,0,0,1,0,0,0,0,0,0,0,3,25
2021,REG,00-0036415,V.Jefferson,Van Jefferson,1,WR,WR,"https://static.www.nfl.com/image/upload/f_auto,q_auto/league/v2vkt9htky3xawu8yskx",MIN,1,1,0,0,0,0,0,0,0,0,0,0,0,0,0,0,0,0,0,0,0,0
2021,REG,00-0036416,K.Fulton,Kristian Fulton,13,CB,DB,"https://static.www.nfl.com/image/upload/f_auto,q_auto/league/pcucmujvuzuhnyqucply",TEN,30,29,1,10,0,0,0,0,0,0,2,13,14,0,0,0,0,0,0,0,4,54
2021,REG,00-0036418,Z.Baun,Zack Baun,7,OLB,LB,"https://static.www.nfl.com/image/upload/f_auto,q_auto/league/a5af4wko6icpw9gemzk5",NO,16,16,0,6,0,0,0,0,0,2,0,0,0,0,0,0,0,0,0,0,2,25
2021,REG,00-0036419,T.Lewis,Terrell Lewis,11,OLB,LB,"https://static.www.nfl.com/image/upload/f_auto,q_auto/league/jczlfxv3zqmvm6mjb03i",LA,15,13,2,7,4,3,1,3,24,3,0,0,1,0,0,0,0,0,0,0,4,30
2021,REG,00-0036420,M.Agim,McTelvin Agim,4,DT,DL,"https://static.www.nfl.com/image/upload/f_auto,q_auto/league/rvttw0dofuy7plihfp0w",DEN,2,2,0,2,1,0,0,1.5,7,3,0,0,1,0,0,0,0,0,0,0,1,15
2021,REG,00-0036421,T.Burgess,Terrell Burgess,4,FS,DB,"https://static.www.nfl.com/image/private/f_auto,q_auto/league/ji0yjrufnzfbor9w4z8y",LA,3,3,0,5,0,0,0,0,0,0,0,0,0,0,0,0,0,0,0,0,0,0
2021,REG,00-0036422,A.Trautman,Adam Trautman,1,TE,TE,"https://static.www.nfl.com/image/upload/f_auto,q_auto/league/qvqigum2qjhil0z3er2c",PHI,1,1,0,0,0,0,0,0,0,0,0,0,0,0,0,0,0,0,0,0,0,0
2021,REG,00-0036426,A.Robinson,Alton Robinson,13,DE,DL,"https://static.www.nfl.com/image/private/f_auto,q_auto/league/ikmscezcmj4qxxhreeea",SEA,13,6,7,9,5,8,1,1,12,3,0,0,1,0,0,0,0,0,0,0,3,14
2021,REG,00-0036427,T.Johnson,Tyler Johnson,1,WR,WR,"https://static.www.nfl.com/image/upload/f_auto,q_auto/league/vktiajeyqc8s9s6mjws7",NYG,1,1,0,0,0,0,0,0,0,0,0,0,0,0,0,0,0,0,0,0,0,0
2021,REG,00-0036428,J.Strnad,Justin Strnad,9,ILB,LB,"https://static.www.nfl.com/image/upload/f_auto,q_auto/league/stbosgbam9spl9ig7kiq",DEN,19,17,2,13,0,0,0,0,0,1,0,0,0,0,0,0,0,0,0,0,1,10
2021,REG,00-0036431,J.Fuller,Jordan Fuller,16,FS,DB,"https://static.www.nfl.com/image/upload/f_auto,q_auto/league/bkiajklnlq0drvpzde78",LA,63,58,5,50,1,1,0,0,0,0,1,34,4,0,0,0,0,0,0,0,0,0
2021,REG,00-0036432,C.Johnston,Clay Johnston,3,OLB,LB,"https://static.www.nfl.com/image/private/f_auto,q_auto/league/l1wwpqwhrzbfn5zhvwdp",CAR,2,1,1,4,0,0,0,0,0,0,0,0,0,0,0,0,0,0,0,0,2,8
2021,REG,00-0036432,C.Johnston,Clay Johnston,1,OLB,LB,"https://static.www.nfl.com/image/private/f_auto,q_auto/league/l1wwpqwhrzbfn5zhvwdp",CIN,5,5,0,6,0,0,0,0,0,0,0,0,0,0,0,0,0,0,0,0,0,0
2021,REG,00-0036434,C.Russell,Chapelle Russell,4,ILB,LB,"https://static.www.nfl.com/image/private/f_auto,q_auto/league/pfyuzzqgwzbsfef0t35o",JAX,8,7,1,6,0,0,0,0,0,0,0,0,0,0,0,0,0,0,0,0,0,0
2021,REG,00-0036440,D.Tuszka,Derrek Tuszka,9,OLB,LB,"https://static.www.nfl.com/image/private/f_auto,q_auto/league/wiwut7roauqr83n1vrxp",PIT,7,6,1,9,1,0,1,2,13,2,0,0,0,0,0,0,0,0,0,0,0,0
2021,REG,00-0036441,K.Murray,Kenneth Murray,8,ILB,LB,"https://static.www.nfl.com/image/upload/f_auto,q_auto/league/fqxxaft8jb0zttyzuekn",LAC,17,14,3,14,2,5,0,0,0,0,0,0,0,0,0,0,0,0,0,0,4,35
2021,REG,00-0036442,J.Burrow,Joe Burrow,1,QB,QB,"https://static.www.nfl.com/image/private/f_auto,q_auto/league/jzzqz5ubkilrn9dpxtlp",GB,1,1,0,0,0,0,0,0,0,0,0,0,0,0,0,0,0,0,0,0,0,0
2021,REG,00-0036442,J.Burrow,Joe Burrow,1,QB,QB,"https://static.www.nfl.com/image/private/f_auto,q_auto/league/jzzqz5ubkilrn9dpxtlp",NYJ,1,1,0,0,0,0,0,0,0,0,0,0,0,0,0,0,0,0,0,0,0,0
2021,REG,00-0036456,D.Dafney,Dominique Dafney,1,TE,TE,"https://static.www.nfl.com/image/private/f_auto,q_auto/league/iualxf5bff0nuttmxkut",GB,0,0,0,0,0,0,0,0,0,0,0,0,0,0,0,0,0,0,0,0,1,5
2021,REG,00-0036465,A.Patrick,Aaron Patrick,4,OLB,LB,"https://static.www.nfl.com/image/private/f_auto,q_auto/league/zndyiadhgmlahjfpgptq",DEN,3,1,2,0,0,0,0,0,0,0,0,0,0,0,0,0,0,0,0,0,1,2
2021,REG,00-0036479,K.Paye,Kwity Paye,14,DE,DL,"https://static.www.nfl.com/image/upload/f_auto,q_auto/league/fcvpxtgqkimjwjsjcpwq",IND,16,12,4,16,3,3,1,4,23,10,0,0,1,0,0,0,0,2,0,0,0,0
2021,REG,00-0036480,D.Odeyingbo,Dayo Odeyingbo,6,DE,DL,"https://static.www.nfl.com/image/upload/f_auto,q_auto/league/adsbcrdwnspjtsncl5y2",IND,5,3,2,1,0,0,1,0.5,0,1,0,0,0,0,0,0,0,0,0,0,0,0
2021,REG,00-0036500,J.Sherwood,Jamien Sherwood,5,ILB,LB,"https://static.www.nfl.com/image/upload/f_auto,q_auto/league/zlyaovcx4efymsjlpjus",NYJ,7,7,0,6,0,0,0,0,0,0,0,0,0,0,0,0,0,0,0,0,1,4
2021,REG,00-0036501,M.Carter,Michael Carter,15,CB,DB,"https://static.www.nfl.com/image/private/f_auto,q_auto/league/admwfoo0pgl2z2zvqcp2",NYJ,44,37,7,27,4,7,0,1,5,2,0,0,5,0,0,0,0,2,0,0,1,10
2021,REG,00-0036502,J.Pinnock,Jason Pinnock,5,SS,DB,"https://static.www.nfl.com/image/upload/f_auto,q_auto/league/on29awacb9frijyggtgt",NYJ,8,8,0,5,0,0,2,0,0,0,0,0,1,0,0,0,0,0,0,0,1,5
2021,REG,00-0036503,H.Nasirildeen,Hamsah Nasirildeen,3,ILB,LB,"https://static.www.nfl.com/image/private/f_auto,q_auto/league/xkhotfznjsn7jteoxp0g",NYJ,0,0,0,5,0,0,0,0,0,0,0,0,0,0,0,0,0,0,0,0,1,2
2021,REG,00-0036504,B.Echols,Brandin Echols,14,CB,DB,"https://static.www.nfl.com/image/upload/f_auto,q_auto/league/g5fplq0rrij8pw6hkffb",NYJ,50,46,4,13,2,2,0,0,0,0,2,50,9,1,0,0,0,0,0,0,4,66
2021,REG,00-0036505,J.Marshall,Jonathan Marshall,2,DT,DL,"https://static.www.nfl.com/image/upload/f_auto,q_auto/league/fmnaxfzos1obbpplxbsv",NYJ,1,1,0,1,0,0,0,0,0,1,0,0,0,0,0,0,0,0,0,0,1,5
2021,REG,00-0036506,I.Dunn,Isaiah Dunn,3,CB,DB,"https://static.www.nfl.com/image/private/f_auto,q_auto/league/k6jkdnic8t9ong0v6mle",NYJ,7,7,0,0,0,0,0,0,0,0,0,0,2,0,0,0,0,0,0,0,0,0
2021,REG,00-0036507,M.Dwumfour,Michael Dwumfour,3,DT,DL,"https://static.www.nfl.com/image/upload/f_auto,q_auto/league/wkqtw6zplyww0chin1s9",HOU,3,2,1,2,2,3,0,0.5,4,3,0,0,0,0,0,0,0,0,0,0,0,0
2021,REG,00-0036517,H.Rashed,Hamilcar Rashed,1,DE,DL,"https://static.www.nfl.com/image/private/f_auto,q_auto/league/blfsydswt1fg26qdgigw",NYJ,0,0,0,1,0,0,0,0,0,0,0,0,0,0,0,0,0,0,0,0,0,0
2021,REG,00-0036530,M.Gilbert,Mark Gilbert,1,CB,DB,"https://static.www.nfl.com/image/private/f_auto,q_auto/league/keudtdkoghssq5iyuzib",DET,2,2,0,1,0,0,1,0,0,0,0,0,1,0,0,0,0,0,0,0,0,0
2021,REG,00-0036537,J.Bronson,Josiah Bronson,1,DT,DL,"https://static.www.nfl.com/image/upload/f_auto,q_auto/league/c92xhixvzkoszdipbjxf",CLE,1,0,1,0,0,0,0,0,0,0,0,0,0,0,0,0,0,0,0,0,0,0
2021,REG,00-0036537,J.Bronson,Josiah Bronson,4,DT,DL,"https://static.www.nfl.com/image/upload/f_auto,q_auto/league/c92xhixvzkoszdipbjxf",NO,7,5,2,4,1,2,0,0,0,1,0,0,0,0,0,0,0,0,0,0,0,0
2021,REG,00-0036552,A.Ojulari,Azeez Ojulari,17,DE,DL,"https://static.www.nfl.com/image/upload/f_auto,q_auto/league/ti7us5ij02gaysnn726t",NYG,29,28,1,20,8,5,1,8,53,13,0,0,2,0,0,0,0,0,0,0,2,30
2021,REG,00-0036553,C.Basham,Carlos Basham,8,OLB,LB,"https://static.www.nfl.com/image/upload/f_auto,q_auto/league/stlyey1t2lotlwldzprf",BUF,11,7,4,7,4,3,0,2.5,24,3,0,0,0,0,0,0,0,0,0,0,0,0
2021,REG,00-0036554,N.Collins,Nico Collins,1,WR,WR,"https://static.www.nfl.com/image/upload/f_auto,q_auto/league/q7c9aq8rpremfygslmya",IND,1,1,0,0,0,0,0,0,0,0,0,0,0,0,0,0,0,0,0,0,0,0
2021,REG,00-0036555,C.Hubbard,Chuba Hubbard,1,RB,RB,"https://static.www.nfl.com/image/upload/f_auto,q_auto/league/oyis5zooijf0xfme9csj",NO,1,1,0,0,0,0,0,0,0,0,0,0,0,0,0,0,0,0,0,0,0,0
2021,REG,00-0036556,B.Jordan,Brevin Jordan,1,TE,TE,"https://static.www.nfl.com/image/upload/f_auto,q_auto/league/sw6kge0me7ei8opbvfjq",SF,0,0,0,1,0,0,0,0,0,0,0,0,0,0,0,0,0,0,0,0,0,0
2021,REG,00-0036558,D.Nixon,Daviyon Nixon,6,DT,DL,"https://static.www.nfl.com/image/private/f_auto,q_auto/league/cnqhpb8cuqfiladbnj0l",CAR,1,1,0,8,0,0,0,0.5,5,2,0,0,0,0,0,0,0,0,0,0,1,15
2021,REG,00-0036559,S.Wade,Shaun Wade,1,CB,DB,"https://static.www.nfl.com/image/upload/f_auto,q_auto/league/zk3pwwjf6sbjixdiwjj3",NE,0,0,0,1,0,0,0,0,0,0,0,0,0,0,0,0,0,0,0,0,0,0
2021,REG,00-0036561,K.Taylor,Keith Taylor,10,CB,DB,"https://static.www.nfl.com/image/upload/f_auto,q_auto/league/rz4iqts9nnuktkhczpah",CAR,30,28,2,7,1,0,1,0,0,0,0,0,3,0,0,0,0,0,0,0,3,28
2021,REG,00-0036563,D.Lenoir,Deommodore Lenoir,5,CB,DB,"https://static.www.nfl.com/image/upload/f_auto,q_auto/league/p3i2vathgbtmnomt3eip",SF,10,9,1,3,1,0,0,0,0,0,0,0,2,0,0,0,0,0,0,0,3,41
2021,REG,00-0036564,T.Hufanga,Talanoa Hufanga,11,SS,DB,"https://static.www.nfl.com/image/upload/f_auto,q_auto/league/pjr0tv1cmklqerjjoapa",SF,23,19,4,7,1,2,0,0,0,1,0,0,2,0,0,0,0,0,0,0,1,10
2021,REG,00-0036568,R.Lopez,Roy Lopez,12,NT,DL,"https://static.www.nfl.com/image/upload/f_auto,q_auto/league/ecpsgos6q9s9dri3hogs",HOU,20,18,2,11,5,4,0,1,2,2,0,0,0,0,0,0,0,1,0,0,0,0
2021,REG,00-0036570,R.Williams,Rodarius Williams,1,CB,DB,"https://static.www.nfl.com/image/private/f_auto,q_auto/league/jiidr0m42cdrywl4raqn",NYG,1,1,0,0,0,0,0,0,0,0,0,0,0,0,0,0,0,0,0,0,1,2
2021,REG,00-0036572,S.Smith,Shi Smith,1,WR,WR,"https://static.www.nfl.com/image/private/f_auto,q_auto/league/e08lbk8pl2oxbwxi86ib",TB,1,1,0,0,0,0,0,0,0,0,0,0,0,0,0,0,0,0,0,0,0,0
2021,REG,00-0036573,R.Wildgoose,Rachad Wildgoose,1,CB,DB,"https://static.www.nfl.com/image/private/f_auto,q_auto/league/twbtomejclwqvwjwrfx6",NYJ,0,0,0,1,0,0,0,0,0,0,0,0,0,0,0,0,0,0,0,0,0,0
2021,REG,00-0036576,P.Hoskins,Phil Hoskins,3,DT,DL,"https://static.www.nfl.com/image/upload/f_auto,q_auto/league/ffwoibyhadqfki62ftyw",CAR,3,3,0,1,1,0,0,1,8,1,0,0,0,0,0,0,0,0,0,0,1,15
2021,REG,00-0036611,R.Johnson,Raymond Johnson,4,DE,DL,"https://static.www.nfl.com/image/private/f_auto,q_auto/league/qcmwspi2zhcrxct1txdh",NYG,3,2,1,1,1,0,0,1,10,1,0,0,0,0,0,0,0,0,0,0,0,0
2021,REG,00-0036613,J.Waddle,Jaylen Waddle,1,WR,WR,"https://static.www.nfl.com/image/private/f_auto,q_auto/league/qjsz2h6shbdnksctzeka",ATL,1,1,0,0,0,0,0,0,0,0,0,0,0,0,0,0,0,0,0,0,0,0
2021,REG,00-0036613,J.Waddle,Jaylen Waddle,1,WR,WR,"https://static.www.nfl.com/image/private/f_auto,q_auto/league/qjsz2h6shbdnksctzeka",HOU,1,1,0,0,0,0,0,0,0,0,0,0,0,0,0,0,0,0,0,0,0,0
2021,REG,00-0036613,J.Waddle,Jaylen Waddle,1,WR,WR,"https://static.www.nfl.com/image/private/f_auto,q_auto/league/qjsz2h6shbdnksctzeka",NYJ,1,1,0,0,0,0,0,0,0,0,0,0,0,0,0,0,0,0,0,0,0,0
2021,REG,00-0036613,J.Waddle,Jaylen Waddle,1,WR,WR,"https://static.www.nfl.com/image/private/f_auto,q_auto/league/qjsz2h6shbdnksctzeka",TB,1,1,0,0,0,0,0,0,0,0,0,0,0,0,0,0,0,0,0,0,0,0
2021,REG,00-0036614,J.Davis,Jamin Davis,16,OLB,LB,"https://static.www.nfl.com/image/upload/f_auto,q_auto/league/z1vxzvg3u8qrt6tiwhga",WAS,48,40,8,28,3,3,0,1,2,2,0,0,1,0,0,0,0,0,0,0,1,15
2021,REG,00-0036615,C.Farley,Caleb Farley,3,CB,DB,"https://static.www.nfl.com/image/upload/f_auto,q_auto/league/tf3zbqnwrdquu2gnswzg",TEN,4,4,0,0,0,0,0,0,0,0,0,0,1,0,0,0,0,0,0,0,2,6
2021,REG,00-0036617,A.Samuel,Asante Samuel,12,CB,DB,"https://static.www.nfl.com/image/private/f_auto,q_auto/league/hrnnoumk2vtrx9yhqs6n",LAC,33,31,2,10,1,0,0,0,0,0,2,26,11,0,0,0,0,0,0,0,4,109
2021,REG,00-0036619,D.Radunz,Dillon Radunz,1,T,OL,"https://static.www.nfl.com/image/upload/f_auto,q_auto/league/tfmsc9jipbzj66mfrbl6",KC,1,1,0,0,0,0,0,0,0,0,0,0,0,0,0,0,0,0,0,0,0,0
2021,REG,00-0036621,N.Bolton,Nick Bolton,16,ILB,LB,"https://static.www.nfl.com/image/upload/f_auto,q_auto/league/ystbhd2gmugyrwvrh7ms",KC,70,57,13,42,11,16,0,0,0,3,0,0,3,1,0,0,0,1,86,0,0,0
2021,REG,00-0036622,J.Myers,Josh Myers,1,C,OL,"https://static.www.nfl.com/image/upload/f_auto,q_auto/league/qy9bh2ybwsujmpz3orsb",NO,1,1,0,0,0,0,0,0,0,0,0,0,0,0,0,0,0,0,0,0,0,0
2021,REG,00-0036623,C.Humphrey,Creed Humphrey,1,C,OL,"https://static.www.nfl.com/image/upload/f_auto,q_auto/league/ewfq7platfniohj5wycu",PHI,1,1,0,0,0,0,0,0,0,0,0,0,0,0,0,0,0,0,0,0,0,0
2021,REG,00-0036624,A.McNeill,Alim McNeill,16,DT,DL,"https://static.www.nfl.com/image/upload/f_auto,q_auto/league/f3ytkvudrfwmaclberk9",DET,15,11,4,24,3,3,0,2,8,3,0,0,1,0,0,0,0,0,0,0,0,0
2021,REG,00-0036625,B.St-Juste,Benjamin St-Juste,7,CB,DB,"https://static.www.nfl.com/image/upload/f_auto,q_auto/league/vdgtpnhmwjqdlegth3l9",WAS,20,20,0,6,1,1,0,0,0,0,0,0,3,0,0,0,0,0,0,0,2,30
2021,REG,00-0036627,D.Fitzpatrick,Dez Fitzpatrick,1,WR,WR,"https://static.www.nfl.com/image/upload/f_auto,q_auto/league/xmxepri7gjhhu6wbvsnm",HOU,1,1,0,0,0,0,0,0,0,0,0,0,0,0,0,0,0,0,0,0,0,0
2021,REG,00-0036628,J.Bates,John Bates,1,TE,TE,"https://static.www.nfl.com/image/upload/f_auto,q_auto/league/edpnkleev10rpzfgjakv",LV,1,0,1,0,0,0,0,0,0,0,0,0,0,0,0,0,0,0,0,0,0,0
2021,REG,00-0036628,J.Bates,John Bates,1,TE,TE,"https://static.www.nfl.com/image/upload/f_auto,q_auto/league/edpnkleev10rpzfgjakv",SEA,1,1,0,0,0,0,0,0,0,0,0,0,0,0,0,0,0,0,0,0,0,0
2021,REG,00-0036629,C.Bynum,Camryn Bynum,6,FS,DB,"https://static.www.nfl.com/image/upload/f_auto,q_auto/league/zhej6yhknmhqxvhzimww",MIN,16,16,0,8,1,0,0,1,9,1,1,27,3,0,0,0,0,0,0,0,1,5
2021,REG,00-0036633,C.Sterns,Caden Sterns,11,SS,DB,"https://static.www.nfl.com/image/upload/f_auto,q_auto/league/odecof54t2dtdbtcg35w",DEN,19,19,0,5,2,0,0,2,12,2,2,47,5,0,0,0,0,0,0,0,1,8
2021,REG,00-0036638,D.Forrest,Darrick Forrest,2,FS,DB,"https://static.www.nfl.com/image/upload/f_auto,q_auto/league/ijb1sex103isef6mitki",WAS,1,1,0,2,0,0,0,0,0,1,0,0,0,0,0,0,0,0,0,0,0,0
2021,REG,00-0036641,R.LeCounte,Richard LeCounte,2,FS,DB,"https://static.www.nfl.com/image/private/f_auto,q_auto/league/h23r0gukt8wgzkfe8ooe",CLE,2,2,0,0,0,0,0,0,0,0,0,0,0,0,0,0,0,0,0,0,0,0
2021,REG,00-0036642,T.Slaton,Tedarrell Slaton,13,DT,DL,"https://static.www.nfl.com/image/private/f_auto,q_auto/league/a2xoezbu6p8rg0dfl7fz",GB,14,12,2,9,0,0,0,1,4.5,2,0,0,0,0,0,0,0,0,0,0,0,0
2021,REG,00-0036643,K.Britt,K.J. Britt,3,ILB,LB,"https://static.www.nfl.com/image/upload/f_auto,q_auto/league/gr65w5dpj6ghciuqqbgu",TB,5,5,0,2,1,0,0,0,0,1,0,0,1,0,0,0,0,0,0,0,0,0
2021,REG,00-0036645,S.Jean-Charles,Shemar Jean-Charles,2,CB,DB,"https://static.www.nfl.com/image/upload/f_auto,q_auto/league/e3h2aavzqlsl2qf4n8gk",GB,2,2,0,0,0,0,0,0,0,0,0,0,0,0,0,0,0,0,0,0,0,0
2021,REG,00-0036648,N.Niemann,Nick Niemann,4,ILB,LB,"https://static.www.nfl.com/image/upload/f_auto,q_auto/league/sc7lt8n8cyjth703yrdv",LAC,5,5,0,3,0,0,0,0,0,0,1,0,1,0,0,0,0,0,0,0,0,0
2021,REG,00-0036649,Q.Bohanna,Quinton Bohanna,7,DT,DL,"https://static.www.nfl.com/image/upload/f_auto,q_auto/league/yyzl2sz3aytfrwt669ew",DAL,3,3,0,7,0,0,0,0,0,0,0,0,0,0,0,0,0,0,0,0,0,0
2021,REG,00-0036652,R.McMath,Racey McMath,1,WR,WR,"https://static.www.nfl.com/image/upload/f_auto,q_auto/league/la1xkdczi8xr1exdwnvh",PIT,1,1,0,0,0,0,0,0,0,0,0,0,0,0,0,0,0,0,0,0,0,0
2021,REG,00-0036656,B.Breeze,Brady Breeze,1,FS,DB,"https://static.www.nfl.com/image/upload/f_auto,q_auto/league/khhvwilxglcemmakatgc",DET,3,3,0,0,0,0,0,0,0,0,0,0,0,0,0,0,0,0,0,0,0,0
2021,REG,00-0036660,T.Smith,Trey Smith,1,G,OL,"https://static.www.nfl.com/image/private/f_auto,q_auto/league/gkonw504ovpjytykv80c",LAC,1,1,0,0,0,0,0,0,0,0,0,0,0,0,0,0,0,0,0,0,0,0
2021,REG,00-0036662,K.Vincent,Kary Vincent,1,CB,DB,,PHI,2,2,0,0,0,0,0,0,0,0,0,0,0,0,0,0,0,0,0,0,1,10
2021,REG,00-0036664,W.Bradley-King,William Bradley-King,2,DE,DL,"https://static.www.nfl.com/image/upload/f_auto,q_auto/league/twnmwxwnx4tk8bwvhmdz",WAS,0,0,0,5,0,0,0,0.5,3,1,0,0,0,0,0,0,0,0,0,0,0,0
2021,REG,00-0036665,M.Webb,Mark Webb,2,FS,DB,"https://static.www.nfl.com/image/private/f_auto,q_auto/league/x7xi4osjtpuvgr8yfomd",LAC,2,2,0,0,0,0,0,0,0,0,0,0,0,0,0,0,0,0,0,0,0,0
2021,REG,00-0036666,S.Toney,Shaka Toney,3,DE,DL,"https://static.www.nfl.com/image/private/f_auto,q_auto/league/evf5ko42ckcuosa4yaiu",WAS,2,2,0,5,1,0,0,1.5,12.5,3,0,0,0,0,0,0,0,0,0,0,0,0
2021,REG,00-0036668,M.Spencer,Marquiss Spencer,1,DE,DL,"https://static.www.nfl.com/image/private/f_auto,q_auto/league/qfjfrl5ocvouhlbwcz6o",DEN,0,0,0,1,0,0,0,0,0,0,0,0,0,0,0,0,0,0,0,0,0,0
2021,REG,00-0036669,K.Hill,Kylin Hill,1,RB,RB,"https://static.www.nfl.com/image/private/f_auto,q_auto/league/kqcnlnwoumzvotkzu841",GB,0,0,0,0,0,0,0,0,0,0,0,0,0,0,0,0,0,0,0,0,1,15
2021,REG,00-0036672,G.Stuard,Grant Stuard,4,MLB,LB,"https://static.www.nfl.com/image/upload/f_auto,q_auto/league/yjlbdvr9fdzl60qccq0q",TB,1,1,0,3,0,0,0,0,0,0,0,0,0,0,0,0,0,0,0,0,1,15
2021,REG,00-0036677,Z.Anderson,Zayne Anderson,1,FS,DB,"https://static.www.nfl.com/image/upload/f_auto,q_auto/league/og8toa4bqadw8o1qyuxq",KC,0,0,0,0,0,0,0,0,0,0,0,0,0,0,0,0,0,0,0,0,1,15
2021,REG,00-0036678,D.Bootle,Dicaprio Bootle,1,CB,DB,"https://static.www.nfl.com/image/upload/f_auto,q_auto/league/px3jesc8o4lw6fy0bhc7",KC,5,5,0,2,0,0,0,0,0,0,0,0,0,0,0,0,0,0,0,0,0,0
2021,REG,00-0036688,K.Thomas,Kiondre Thomas,1,CB,DB,"https://static.www.nfl.com/image/private/f_auto,q_auto/league/h80lqrskrkgwzb4i37zu",LAC,0,0,0,0,0,0,0,0,0,0,0,0,0,0,0,0,0,0,0,0,1,6
2021,REG,00-0036689,M.Wilson,Marvin Wilson,1,DT,DL,"https://static.www.nfl.com/image/private/f_auto,q_auto/league/mhncj9h5uhnukc7szrqf",PHI,1,1,0,2,0,0,0,0,0,0,0,0,0,0,0,0,0,0,0,0,0,0
2021,REG,00-0036695,N.Jones,Naquan Jones,11,DT,DL,"https://static.www.nfl.com/image/upload/f_auto,q_auto/league/lxqini9ufcxz1teq7ztu",TEN,18,12,6,11,4,4,0,2.5,17,3,0,0,2,0,0,0,0,0,0,0,1,5
2021,REG,00-0036700,D.Archibong,Daniel Archibong,1,DT,DL,,PIT,0,0,0,2,0,0,0,0,0,0,0,0,0,0,0,0,0,0,0,0,0,0
2021,REG,00-0036704,C.Johnson,Caleb Johnson,1,ILB,LB,"https://static.www.nfl.com/image/upload/f_auto,q_auto/league/arvvjlny6wyyizxv0wxt",CHI,0,0,0,1,0,0,0,0,0,0,0,0,0,0,0,0,0,0,0,0,0,0
2021,REG,00-0036705,S.Kamara,Sam Kamara,6,OLB,LB,"https://static.www.nfl.com/image/private/f_auto,q_auto/league/aakuha494hvtrja3dwjn",CHI,5,5,0,3,1,3,0,0,0,0,0,0,1,0,0,0,0,0,0,0,0,0
2021,REG,00-0036716,A.Ogbongbemiga,Amen Ogbongbemiga,7,ILB,LB,"https://static.www.nfl.com/image/upload/f_auto,q_auto/league/ku8hafkvbxcxwxddutoc",LAC,13,11,2,8,2,2,0,1,9,2,0,0,0,0,0,0,0,0,0,0,0,0
2021,REG,00-0036724,M.McCain,Mac McCain,1,CB,DB,"https://static.www.nfl.com/image/private/f_auto,q_auto/league/mn17vthfjxrekwuqnkim",PHI,1,0,1,1,0,0,0,0,0,0,0,0,0,0,0,0,0,0,0,0,0,0
2021,REG,00-0036725,A.Mintze,Andre Mintze,3,OLB,LB,"https://static.www.nfl.com/image/private/f_auto,q_auto/league/h0c6k1ppnhf6qqonxdex",DEN,2,1,1,2,0,0,0,0,0,0,0,0,0,0,0,0,0,0,0,0,0,0
2021,REG,00-0036728,C.Robinson,Curtis Robinson,2,ILB,LB,"https://static.www.nfl.com/image/upload/f_auto,q_auto/league/qnimdelngghyldkcqc5n",DEN,2,2,0,3,0,0,0,0,0,1,0,0,0,0,0,0,0,0,0,0,0,0
2021,REG,00-0036748,J.Jacobs,Jerry Jacobs,9,CB,DB,"https://static.www.nfl.com/image/private/f_auto,q_auto/league/dlseignrp0sx5zj94h6y",DET,27,24,3,4,3,2,1,0,0,1,0,0,7,0,0,0,0,0,0,0,2,57
2021,REG,00-0036752,A.Parker,A.J. Parker,13,CB,DB,"https://static.www.nfl.com/image/private/f_auto,q_auto/league/tsgua6lcqdb7nobidicc",DET,39,36,3,11,1,2,1,0,0,0,1,0,7,0,0,0,0,0,0,0,2,35
2021,REG,00-0036754,B.Wright,Brock Wright,1,TE,TE,"https://static.www.nfl.com/image/upload/f_auto,q_auto/league/irowew9hgqaa9vcd8fri",DEN,1,1,0,0,0,0,0,0,0,0,0,0,0,0,0,0,0,0,0,0,0,0
2021,REG,00-0036764,T.Coyle,Tyler Coyle,1,FS,DB,"https://static.www.nfl.com/image/upload/f_auto,q_auto/league/zfyeuweep6mlurihoygz",DAL,1,0,1,1,0,0,0,0,0,0,0,0,0,0,0,0,0,0,0,0,0,0
2021,REG,00-0036767,A.Faoliu,Austin Faoliu,1,DT,DL,"https://static.www.nfl.com/image/private/f_auto,q_auto/league/yiunfanktxfm6gowcldw",DAL,2,2,0,0,0,0,0,0,0,0,0,0,0,0,0,0,0,0,0,0,0,0
2021,REG,00-0036780,F.Merrill,Forrest Merrill,4,DT,DL,"https://static.www.nfl.com/image/private/f_auto,q_auto/league/ovgwpbknwsjcsz4cju55",LAC,2,2,0,2,0,0,0,0,0,0,0,0,0,0,0,0,0,0,0,0,2,10
2021,REG,00-0036788,J.Heflin,Jack Heflin,1,DT,DL,"https://static.www.nfl.com/image/upload/f_auto,q_auto/league/fpbxakmvdtvwmxmu6rl4",GB,0,0,0,1,0,0,0,0,0,0,0,0,0,0,0,0,0,0,0,0,0,0
2021,REG,00-0036795,J.Curhan,Jake Curhan,1,T,OL,"https://static.www.nfl.com/image/upload/f_auto,q_auto/league/mfndhxwkreluq3z57nxl",ARI,1,1,0,0,0,0,0,0,0,0,0,0,0,0,0,0,0,0,0,0,0,0
2021,REG,00-0036795,J.Curhan,Jake Curhan,1,T,OL,"https://static.www.nfl.com/image/upload/f_auto,q_auto/league/mfndhxwkreluq3z57nxl",SF,1,1,0,0,0,0,0,0,0,0,0,0,0,0,0,0,0,0,0,0,0,0
2021,REG,00-0036799,J.Johnson,Josh Johnson,1,RB,RB,"https://static.www.nfl.com/image/private/f_auto,q_auto/league/y0ewkkqqt9ufs3q49yuo",SEA,0,0,0,0,0,0,0,0,0,0,0,0,0,0,0,0,0,0,0,0,1,10
2021,REG,00-0036802,J.Rhattigan,Jon Rhattigan,1,ILB,LB,"https://static.www.nfl.com/image/upload/f_auto,q_auto/league/phypzfhrgawxakpuswo4",SEA,0,0,0,0,0,0,0,0,0,0,0,0,0,0,0,0,0,0,0,0,1,10
2021,REG,00-0036813,C.Elliss,Christian Elliss,1,ILB,LB,"https://static.www.nfl.com/image/upload/f_auto,q_auto/league/glfyookel29qpl2ksyuv",PHI,2,2,0,1,0,0,0,0,0,0,0,0,0,0,0,0,0,0,0,0,0,0
2021,REG,00-0036825,F.Franks,Feleipe Franks,1,TE,TE,"https://static.www.nfl.com/image/upload/f_auto,q_auto/league/ylaifrye1yyefjfqknma",ATL,0,0,0,0,0,0,0,0,0,0,0,0,0,0,0,0,0,0,0,0,1,10
2021,REG,00-0036843,I.Loudermilk,Isaiahh Loudermilk,13,DE,DL,"https://static.www.nfl.com/image/upload/f_auto,q_auto/league/pba4pz874vn5eh9eacz1",PIT,16,12,4,7,0,0,0,1,0,0,0,0,3,0,0,0,0,0,0,0,0,0
2021,REG,00-0036844,G.Wallow,Garret Wallow,5,OLB,LB,"https://static.www.nfl.com/image/upload/f_auto,q_auto/league/jf7xnestp0wmq0lbezxs",HOU,13,11,2,7,2,3,0,1,1,1,0,0,0,0,0,0,0,0,0,0,0,0
2021,REG,00-0036845,Q.Roche,Quincy Roche,12,OLB,LB,"https://static.www.nfl.com/image/private/f_auto,q_auto/league/u4t89yjzxq2kk8fnm0pa",NYG,21,13,8,14,5,6,1,2.5,22,5,0,0,0,0,0,0,0,0,0,0,0,0
2021,REG,00-0036846,T.Norwood,Tre Norwood,15,FS,DB,"https://static.www.nfl.com/image/private/f_auto,q_auto/league/lwvtn8weuxsdabsm5hlf",PIT,30,25,5,5,2,2,0,0,0,0,1,0,4,0,0,0,0,0,0,0,1,15
2021,REG,00-0036850,C.Sample,Cam Sample,9,DE,DL,"https://static.www.nfl.com/image/private/f_auto,q_auto/league/kvkvhvbvcebjkevxjdhd",CIN,9,5,4,5,1,0,0,1.5,11,5,0,0,0,0,0,0,0,0,0,0,1,15
2021,REG,00-0036851,T.Shelvin,Tyler Shelvin,1,NT,DL,"https://static.www.nfl.com/image/private/f_auto,q_auto/league/bjwzgh4z3kiogmdk7sb3",CIN,1,1,0,3,0,0,0,0,0,0,0,0,0,0,0,0,0,0,0,0,0,0
2021,REG,00-0036853,T.Gillespie,Tyree Gillespie,1,SS,DB,"https://static.www.nfl.com/image/private/f_auto,q_auto/league/qlzgpagydfo4lqzgtazz",LV,0,0,0,2,0,0,0,0,0,0,0,0,0,0,0,0,0,0,0,0,0,0
2021,REG,00-0036862,B.Skowronek,Ben Skowronek,2,WR,WR,"https://static.www.nfl.com/image/upload/f_auto,q_auto/league/piiqiz29g3jukdwkihw3",LA,1,1,0,0,0,0,0,0,0,0,0,0,0,0,0,0,0,0,0,0,1,10
2021,REG,00-0036862,B.Skowronek,Ben Skowronek,1,WR,WR,"https://static.www.nfl.com/image/upload/f_auto,q_auto/league/piiqiz29g3jukdwkihw3",SF,1,1,0,0,0,0,0,0,0,0,0,0,0,0,0,0,0,0,0,0,0,0
2021,REG,00-0036867,C.Rumph,Chris Rumph,8,DE,DL,"https://static.www.nfl.com/image/private/f_auto,q_auto/league/slxpcfx13kwpdoxrnjic",LAC,7,5,2,7,2,3,0,1,5,3,0,0,0,0,0,0,0,0,0,0,2,30
2021,REG,00-0036871,N.Hobbs,Nate Hobbs,15,CB,DB,"https://static.www.nfl.com/image/upload/f_auto,q_auto/league/rdt5ir3qaznnx7o4vkcu",LV,50,47,3,21,3,4,1,1,6,4,1,9,3,0,0,0,0,0,0,0,4,48
2021,REG,00-0036874,P.Surtain,Patrick Surtain,15,CB,DB,"https://static.www.nfl.com/image/upload/f_auto,q_auto/league/c2aej9togglsytzzagno",DEN,45,45,0,13,1,0,0,0,0,0,4,70,14,1,0,0,0,0,0,0,2,41
2021,REG,00-0036881,J.Tufele,Jay Tufele,2,DT,DL,"https://static.www.nfl.com/image/upload/f_auto,q_auto/league/zs3mefncmvhlo0amwb3u",JAX,1,1,0,1,0,0,0,0,0,0,0,0,0,0,0,0,0,0,0,0,0,0
2021,REG,00-0036882,J.Cox,Jabril Cox,1,ILB,LB,"https://static.www.nfl.com/image/private/f_auto,q_auto/league/ige3g4uhygy4v2w34xja",DAL,1,0,1,0,0,0,0,0,0,0,0,0,0,0,0,0,0,0,0,0,0,0
2021,REG,00-0036883,T.Togiai,Tommy Togiai,6,DT,DL,"https://static.www.nfl.com/image/upload/f_auto,q_auto/league/zkmw84sgznjizmkzwy6b",CLE,9,7,2,7,0,0,0,0.5,0,1,0,0,1,0,0,0,0,0,0,0,1,5
2021,REG,00-0036884,M.Wilson,Marco Wilson,14,CB,DB,"https://static.www.nfl.com/image/upload/f_auto,q_auto/league/wu3tnzlteklzvreqel4m",ARI,40,36,4,8,1,1,2,0,0,0,0,0,4,0,0,0,0,0,0,0,6,79
2021,REG,00-0036885,T.Brown,Tre Brown,5,CB,DB,"https://static.www.nfl.com/image/upload/f_auto,q_auto/league/dpemqrrweakt8dci3qfb",SEA,9,8,1,1,0,0,0,0,0,0,0,0,1,0,0,0,0,0,0,0,1,14
2021,REG,00-0036888,D.Hamlin,Damar Hamlin,3,SS,DB,"https://static.www.nfl.com/image/upload/f_auto,q_auto/league/cwvlj0eutfveomf4zica",BUF,1,1,0,0,0,0,0,0,0,0,0,0,2,0,0,0,0,0,0,0,0,0
2021,REG,00-0036892,A.Leatherwood,Alex Leatherwood,1,T,OL,"https://static.www.nfl.com/image/upload/f_auto,q_auto/league/w2dbhl6mojkv5h8zb00t",PHI,0,0,0,1,0,0,0,0,0,0,0,0,0,0,0,0,0,0,0,0,0,0
2021,REG,00-0036893,N.Harris,Najee Harris,2,RB,RB,"https://static.www.nfl.com/image/upload/f_auto,q_auto/league/pdyv1dfyb1w0tmvnkp3v",CIN,2,2,0,0,0,0,0,0,0,0,0,0,0,0,0,0,0,0,0,0,0,0
2021,REG,00-0036893,N.Harris,Najee Harris,1,RB,RB,"https://static.www.nfl.com/image/upload/f_auto,q_auto/league/pdyv1dfyb1w0tmvnkp3v",MIN,1,1,0,0,0,0,0,0,0,0,0,0,0,0,0,0,0,0,0,0,0,0
2021,REG,00-0036894,P.Freiermuth,Pat Freiermuth,1,TE,TE,"https://static.www.nfl.com/image/upload/f_auto,q_auto/league/sozfjyy3bmntjv8tmqah",CLE,1,1,0,0,0,0,0,0,0,0,0,0,0,0,0,0,0,0,0,0,0,0
2021,REG,00-0036895,E.Smith,Elerson Smith,3,OLB,LB,"https://static.www.nfl.com/image/upload/f_auto,q_auto/league/kgilw8ty3eiv8qknp8p3",NYG,1,1,0,3,0,0,0,0,0,2,0,0,0,0,0,0,0,0,0,0,0,0
2021,REG,00-0036896,V.Dimukeje,Victor Dimukeje,1,OLB,LB,"https://static.www.nfl.com/image/upload/f_auto,q_auto/league/otvxet3jxe3ldzsrnwi0",ARI,0,0,0,1,0,0,0,0,0,1,0,0,0,0,0,0,0,0,0,0,0,0
2021,REG,00-0036897,T.Gowan,Tay Gowan,1,CB,DB,"https://static.www.nfl.com/image/upload/f_auto,q_auto/league/qptgakt1zwusrcerbgrt",PHI,0,0,0,1,0,0,0,0,0,0,0,0,0,0,0,0,0,0,0,0,0,0
2021,REG,00-0036899,A.Robinson,Aaron Robinson,6,CB,DB,"https://static.www.nfl.com/image/private/f_auto,q_auto/league/dblt920y18bisodimwdl",NYG,16,14,2,10,0,0,0,0,0,1,0,0,3,0,0,0,0,0,0,0,0,0
2021,REG,00-0036900,J.Chase,Ja'Marr Chase,1,WR,WR,"https://static.www.nfl.com/image/upload/f_auto,q_auto/league/qkcb3qt2fhasfgtfuprd",DET,1,1,0,0,0,0,0,0,0,0,0,0,0,0,0,0,0,0,0,0,0,0
2021,REG,00-0036900,J.Chase,Ja'Marr Chase,1,WR,WR,"https://static.www.nfl.com/image/upload/f_auto,q_auto/league/qkcb3qt2fhasfgtfuprd",LAC,1,1,0,0,0,0,0,0,0,0,0,0,0,0,0,0,0,0,0,0,0,0
2021,REG,00-0036900,J.Chase,Ja'Marr Chase,1,WR,WR,"https://static.www.nfl.com/image/upload/f_auto,q_auto/league/qkcb3qt2fhasfgtfuprd",PIT,0,0,0,1,0,0,0,0,0,0,0,0,0,0,0,0,0,0,0,0,0,0
2021,REG,00-0036901,E.Stokes,Eric Stokes,16,CB,DB,"https://static.www.nfl.com/image/upload/f_auto,q_auto/league/vdw6tmpv3eleigwreo3g",GB,43,40,3,12,0,0,0,0,0,0,1,0,14,0,0,0,0,0,0,0,3,45
2021,REG,00-0036903,B.Brown,Bobby Brown,1,NT,DL,"https://static.www.nfl.com/image/private/f_auto,q_auto/league/k1kihk7iz8jelu8s36pk",LA,0,0,0,1,0,0,0,0,0,0,0,0,0,0,0,0,0,0,0,0,0,0
2021,REG,00-0036904,R.Rochell,Robert Rochell,7,CB,DB,"https://static.www.nfl.com/image/upload/f_auto,q_auto/league/oqn1nnmeqppzkymivtfe",LA,11,10,1,3,0,0,0,0,0,0,1,1,4,0,0,0,0,0,0,0,1,47
2021,REG,00-0036906,K.Herbert,Khalil Herbert,1,RB,RB,"https://static.www.nfl.com/image/upload/f_auto,q_auto/league/rz6zmdluhpsaylbvmpgr",MIN,1,1,0,0,0,0,0,0,0,0,0,0,0,0,0,0,0,0,0,0,0,0
2021,REG,00-0036908,T.Graham,Thomas Graham Jr.,3,CB,DB,"https://static.www.nfl.com/image/upload/f_auto,q_auto/league/cus86hixtsycdpsqrviz",CHI,5,5,0,6,1,0,0,0,0,0,0,0,4,0,0,0,0,0,0,0,0,0
2021,REG,00-0036909,K.Tonga,Khyiris Tonga,10,NT,DL,"https://static.www.nfl.com/image/upload/f_auto,q_auto/league/kwionvlsxfz0vja0wmqg",CHI,10,10,0,14,1,1,0,0,0,0,0,0,0,0,0,0,0,1,0,0,2,23
2021,REG,00-0036912,D.Smith,DeVonta Smith,1,WR,WR,"https://static.www.nfl.com/image/upload/f_auto,q_auto/league/bmdflwy52nsk7zpnfhwb",DEN,1,1,0,0,0,0,0,0,0,0,0,0,0,0,0,0,0,0,0,0,0,0
2021,REG,00-0036912,D.Smith,DeVonta Smith,1,WR,WR,"https://static.www.nfl.com/image/upload/f_auto,q_auto/league/bmdflwy52nsk7zpnfhwb",NYG,1,1,0,0,0,0,1,0,0,0,0,0,0,0,0,0,0,0,0,0,0,0
2021,REG,00-0036914,G.Rousseau,Gregory Rousseau,16,DE,DL,"https://static.www.nfl.com/image/upload/f_auto,q_auto/league/br77inyaslxmg9u3lnjq",BUF,42,35,7,8,8,9,1,4,12,10,1,3,4,0,0,0,0,0,0,0,0,0
2021,REG,00-0036915,J.Owusu-Koramoah,Jeremiah Owusu-Koramoah,14,OLB,LB,"https://static.www.nfl.com/image/private/f_auto,q_auto/league/evmul3yfbefvmy1tc1ns",CLE,48,42,6,26,3,2,2,1.5,7.5,4,0,0,4,0,0,0,0,0,0,0,1,5
2021,REG,00-0036916,M.Williams,Milton Williams,16,DT,DL,"https://static.www.nfl.com/image/upload/f_auto,q_auto/league/yvjs2olyyux0zse52c3g",PHI,15,13,2,15,6,6,0,2,14,6,0,0,2,0,0,0,0,0,0,0,3,15
2021,REG,00-0036917,Z.McPhearson,Zech McPhearson,6,CB,DB,"https://static.www.nfl.com/image/private/f_auto,q_auto/league/ih4tfn9t1fujcyiw9a83",PHI,5,5,0,7,0,0,0,0,0,0,0,0,1,0,0,0,0,0,0,0,2,20
2021,REG,00-0036918,J.Harris,Jacob Harris,1,WR,WR,"https://static.www.nfl.com/image/upload/f_auto,q_auto/league/hqfvp6k11llxeostdvey",LA,0,0,0,0,0,0,0,0,0,0,0,0,0,0,0,0,0,0,0,0,1,10
2021,REG,00-0036920,M.Tuipulotu,Marlon Tuipulotu,3,DT,DL,"https://static.www.nfl.com/image/upload/f_auto,q_auto/league/ywiulwavrfvslnrvy576",PHI,1,1,0,4,0,0,0,0,0,0,0,0,0,0,0,0,0,0,0,0,0,0
2021,REG,00-0036921,T.Jackson,Tarron Jackson,12,OLB,LB,"https://static.www.nfl.com/image/upload/f_auto,q_auto/league/pnqrjp76bgpkmacxma3r",PHI,11,11,0,6,2,6,1,1,6,1,0,0,0,0,0,0,0,0,0,0,1,5
2021,REG,00-0036922,P.Johnson,Patrick Johnson,5,OLB,LB,"https://static.www.nfl.com/image/upload/f_auto,q_auto/league/ciunmgsmdq70x59njvcw",PHI,7,6,1,5,1,0,0,0,0,0,0,0,0,0,0,0,0,0,0,0,0,0
2021,REG,00-0036924,M.Carter,Michael Carter,1,RB,RB,"https://static.www.nfl.com/image/upload/f_auto,q_auto/league/wylipaunq6cueyj8h1in",ATL,0,0,0,1,0,0,0,0,0,0,0,0,0,0,0,0,0,0,0,0,0,0
2021,REG,00-0036925,J.Stevens,JaCoby Stevens,1,LB,LB,"https://static.www.nfl.com/image/private/f_auto,q_auto/league/gortk2qygtzwzkd5y2jc",PHI,0,0,0,1,0,0,0,0,0,0,0,0,0,0,0,0,0,0,0,0,0,0
2021,REG,00-0036926,P.Turner,Payton Turner,4,DE,DL,"https://static.www.nfl.com/image/upload/f_auto,q_auto/league/npz8kz981g5hthx5x60y",NO,9,8,1,3,3,3,0,1,4,3,0,0,0,0,0,0,0,0,0,0,2,19
2021,REG,00-0036927,P.Werner,Pete Werner,13,ILB,LB,"https://static.www.nfl.com/image/upload/f_auto,q_auto/league/ch1d6yfkg9r6frvo0afu",NO,36,30,6,23,4,4,0,0,0,1,0,0,0,0,0,0,0,0,0,0,1,15
2021,REG,00-0036932,M.Parsons,Micah Parsons,16,DE,DL,"https://static.www.nfl.com/image/upload/f_auto,q_auto/league/hqoqx0waptpv7cxzk3hi",DAL,64,59,5,20,20,19,3,13,119.5,30,0,0,3,0,0,0,0,0,0,0,3,35
2021,REG,00-0036933,Z.Collins,Zaven Collins,11,OLB,LB,"https://static.www.nfl.com/image/upload/f_auto,q_auto/league/ucdftq4owwejdg5pueqb",ARI,13,11,2,12,1,1,0,0,0,0,0,0,3,0,0,0,0,0,0,0,0,0
2021,REG,00-0036934,J.Phillips,Jaelan Phillips,16,OLB,LB,"https://static.www.nfl.com/image/upload/f_auto,q_auto/league/sftrx2swh0gwzqmxiaag",MIA,23,20,3,19,9,3,0,8.5,71.5,16,0,0,1,0,0,0,0,1,0,0,4,42
2021,REG,00-0036935,K.Joseph,Kelvin Joseph,5,CB,DB,"https://static.www.nfl.com/image/upload/f_auto,q_auto/league/mdrpjtcjzd8gfzuwuy8r",DAL,12,12,0,2,1,0,0,0,0,0,0,0,2,0,0,0,0,0,0,0,2,10
2021,REG,00-0036936,R.Moore,Rondale Moore,1,WR,WR,"https://static.www.nfl.com/image/upload/f_auto,q_auto/league/ddru8er2z0riwukro25l",CAR,1,1,0,0,0,0,0,0,0,0,0,0,0,0,0,0,0,0,0,0,0,0
2021,REG,00-0036937,P.Adebo,Paulson Adebo,16,CB,DB,"https://static.www.nfl.com/image/private/f_auto,q_auto/league/goeor3guwv2wismzidtg",NO,54,50,4,9,4,5,0,0,0,0,3,50,8,0,0,0,0,0,0,0,6,76
2021,REG,00-0036938,R.Weaver,Rashad Weaver,1,OLB,LB,"https://static.www.nfl.com/image/upload/f_auto,q_auto/league/ajgc0hedreowx0dqqgmo",TEN,0,0,0,2,0,0,0,0,0,0,0,0,0,0,0,0,0,0,0,0,0,0
2021,REG,00-0036940,O.Oweh,Odafe Oweh,13,OLB,LB,"https://static.www.nfl.com/image/upload/f_auto,q_auto/league/gbmze8wfzqj5z2tqrkmq",BAL,23,18,5,10,5,3,3,5,25,15,0,0,1,0,0,0,0,2,0,0,4,20
2021,REG,00-0036941,A.Cisco,Andre Cisco,8,SS,DB,"https://static.www.nfl.com/image/upload/f_auto,q_auto/league/kjm0rjlbsazqj8p4gmza",JAX,17,16,1,4,0,0,1,0,0,0,0,0,2,0,0,0,0,0,0,0,0,0
2021,REG,00-0036942,O.Odighizuwa,Osa Odighizuwa,16,DT,DL,"https://static.www.nfl.com/image/upload/f_auto,q_auto/league/mjesuvn9knbi0ipwdqhp",DAL,21,15,6,15,6,7,0,2,20,11,0,0,0,0,0,0,0,0,0,0,2,20
2021,REG,00-0036944,J.Horn,Jaycee Horn,3,CB,DB,"https://static.www.nfl.com/image/upload/f_auto,q_auto/league/he4jyriixknmswats7qe",CAR,3,3,0,2,0,0,0,0,0,0,1,13,1,0,0,0,0,0,0,0,0,0
2021,REG,00-0036948,T.Graham,Ta'Quon Graham,10,DE,DL,"https://static.www.nfl.com/image/upload/f_auto,q_auto/league/guxpxgrm0ulryqybspna",ATL,8,7,1,7,2,5,0,0,0,2,0,0,0,0,0,0,0,0,0,0,0,0
2021,REG,00-0036949,A.Ogundeji,Adetokunbo Ogundeji,13,OLB,LB,"https://static.www.nfl.com/image/private/f_auto,q_auto/league/jrauxzb1zr7msoctlyfc",ATL,18,17,1,14,5,4,0,1,9,2,0,0,1,0,0,0,0,1,0,0,1,15
2021,REG,00-0036950,A.Williams,Avery Williams,7,RB,RB,"https://static.www.nfl.com/image/upload/f_auto,q_auto/league/gdmc7wmuqw6wc7cgxwck",ATL,8,5,3,7,0,0,0,0,0,3,0,0,1,0,0,0,0,0,0,0,0,0
2021,REG,00-0036952,J.Cooper,Jonathon Cooper,12,OLB,LB,"https://static.www.nfl.com/image/upload/f_auto,q_auto/league/cpwk5snqdjqcboak5qsm",DEN,22,18,4,15,4,1,0,2.5,22,7,0,0,0,0,0,0,0,1,0,0,0,0
2021,REG,00-0036954,L.Onwuzurike,Levi Onwuzurike,15,DE,DL,"https://static.www.nfl.com/image/upload/f_auto,q_auto/league/o1kkk3mjilnxfwdjx0kb",DET,15,11,4,20,2,1,0,1,7,1,0,0,2,0,0,0,0,0,0,0,0,0
2021,REG,00-0036956,D.Hall,Darren Hall,10,FS,DB,"https://static.www.nfl.com/image/upload/f_auto,q_auto/league/vfvt7wwefjno5jxxiem8",ATL,19,19,0,6,2,0,0,1,7,1,0,0,3,0,0,0,0,0,0,0,0,0
2021,REG,00-0036961,R.Grant,Richie Grant,10,SS,DB,"https://static.www.nfl.com/image/upload/f_auto,q_auto/league/szeswtvt6jmbu3so3phd",ATL,23,18,5,6,2,1,1,0,0,0,0,0,2,0,0,0,0,0,0,0,0,0
2021,REG,00-0036962,T.Moehrig,Trevon Moehrig,17,FS,DB,"https://static.www.nfl.com/image/upload/f_auto,q_auto/league/jv9en559shxazmdb8r8w",LV,33,32,1,19,0,0,0,0,0,0,1,35,6,0,0,0,0,0,0,0,0,0
2021,REG,00-0036963,A.St. Brown,Amon-Ra St. Brown,1,WR,WR,"https://static.www.nfl.com/image/upload/f_auto,q_auto/league/jmfuamqblg8jag0stpnq",CHI,1,1,0,0,0,0,0,0,0,0,0,0,0,0,0,0,0,0,0,0,0,0
2021,REG,00-0036964,D.Barnes,Derrick Barnes,16,ILB,LB,"https://static.www.nfl.com/image/upload/f_auto,q_auto/league/ec9f1idcfmuisflnj1pg",DET,40,34,6,23,4,12,0,2,0,2,0,0,2,0,0,0,0,0,0,0,0,0
2021,REG,00-0036967,J.Tryon,Joe Tryon,16,OLB,LB,"https://static.www.nfl.com/image/upload/f_auto,q_auto/league/yyiew4drnrsyay4ns2pd",TB,19,16,3,7,5,5,0,4,17,10,0,0,3,0,0,0,0,0,0,0,2,15
2021,REG,00-0036970,K.Pitts,Kyle Pitts,1,TE,TE,"https://static.www.nfl.com/image/upload/f_auto,q_auto/league/t8ymqyhvv8i1r80jyhy2",CAR,1,1,0,0,0,0,0,0,0,0,0,0,0,0,0,0,0,0,0,0,0,0
2021,REG,00-0036970,K.Pitts,Kyle Pitts,1,TE,TE,"https://static.www.nfl.com/image/upload/f_auto,q_auto/league/t8ymqyhvv8i1r80jyhy2",DAL,1,1,0,0,0,0,0,0,0,0,0,0,0,0,0,0,0,0,0,0,0,0
2021,REG,00-0036970,K.Pitts,Kyle Pitts,1,TE,TE,"https://static.www.nfl.com/image/upload/f_auto,q_auto/league/t8ymqyhvv8i1r80jyhy2",JAX,1,1,0,0,0,0,0,0,0,0,0,0,0,0,0,0,0,0,0,0,0,0
2021,REG,00-0036971,T.Lawrence,Trevor Lawrence,1,QB,QB,"https://static.www.nfl.com/image/upload/f_auto,q_auto/league/ftznnho2rk2xzrculbob",LA,1,1,0,0,0,0,0,0,0,0,0,0,0,0,0,0,0,0,0,0,0,0
2021,REG,00-0036971,T.Lawrence,Trevor Lawrence,1,QB,QB,"https://static.www.nfl.com/image/upload/f_auto,q_auto/league/ftznnho2rk2xzrculbob",NE,1,1,0,0,0,0,0,0,0,0,0,0,0,0,0,0,0,0,0,0,0,0
2021,REG,00-0036972,M.Jones,Mac Jones,1,QB,QB,"https://static.www.nfl.com/image/upload/f_auto,q_auto/league/pedpdxybeus7mrovsoko",ATL,0,0,0,1,0,0,0,0,0,0,0,0,0,0,0,0,0,0,0,0,0,0
2021,REG,00-0036972,M.Jones,Mac Jones,1,QB,QB,"https://static.www.nfl.com/image/upload/f_auto,q_auto/league/pedpdxybeus7mrovsoko",CAR,1,1,0,0,0,0,0,0,0,0,0,0,0,0,0,0,0,0,0,0,0,0
2021,REG,00-0036974,T.Campbell,Tyson Campbell,15,CB,DB,"https://static.www.nfl.com/image/private/f_auto,q_auto/league/kzon4x52tdqpss7ch3ug",JAX,49,46,3,24,2,2,0,0,0,0,2,3,10,0,0,0,0,0,0,0,0,0
2021,REG,00-0036976,S.Brown,Spencer Brown,1,T,OL,"https://static.www.nfl.com/image/private/f_auto,q_auto/league/up0fkifwjpoxgiqhg8ft",TEN,1,1,0,0,0,0,0,0,0,0,0,0,0,0,0,0,0,0,0,0,0,0
2021,REG,00-0036979,A.Vera-Tucker,Alijah Vera-Tucker,1,G,OL,"https://static.www.nfl.com/image/private/f_auto,q_auto/league/ytzai7qk5arhzhmvkzrz",CAR,1,1,0,0,0,0,0,0,0,0,0,0,0,0,0,0,0,0,0,0,0,0
2021,REG,00-0036980,E.Moore,Elijah Moore,1,WR,WR,"https://static.www.nfl.com/image/private/f_auto,q_auto/league/bhwvzckfhhcqhb7zdqyj",BUF,1,1,0,0,0,0,0,0,0,0,0,0,0,0,0,0,0,0,0,0,0,0
2021,REG,00-0036980,E.Moore,Elijah Moore,1,WR,WR,"https://static.www.nfl.com/image/private/f_auto,q_auto/league/bhwvzckfhhcqhb7zdqyj",CIN,1,1,0,0,0,0,0,0,0,0,0,0,0,0,0,0,0,0,0,0,0,0
2021,REG,00-0036980,E.Moore,Elijah Moore,2,WR,WR,"https://static.www.nfl.com/image/private/f_auto,q_auto/league/bhwvzckfhhcqhb7zdqyj",NE,3,3,0,0,0,0,0,0,0,0,0,0,0,0,0,0,0,0,0,0,0,0
2021,REG,00-0036981,C.Barmore,Christian Barmore,17,DT,DL,"https://static.www.nfl.com/image/private/f_auto,q_auto/league/h4rtemvkpsx1uyjvnm63",NE,23,14,9,23,3,2,0,1.5,15,9,0,0,2,0,0,0,0,0,0,0,1,5
2021,REG,00-0036982,C.Golston,Chauncey Golston,14,DE,DL,"https://static.www.nfl.com/image/upload/f_auto,q_auto/league/tma9abjy3eatxzlu49ps",DAL,14,12,2,18,0,0,0,1,7,4,0,0,1,0,0,0,0,1,6,0,1,15
2021,REG,00-0036983,K.Green,Kendrick Green,1,C,OL,"https://static.www.nfl.com/image/upload/f_auto,q_auto/league/m9c3uathzqzsfsdpuikw",DEN,1,1,0,0,0,0,0,0,0,0,0,0,0,0,0,0,0,0,0,0,0,0
2021,REG,00-0036983,K.Green,Kendrick Green,1,C,OL,"https://static.www.nfl.com/image/upload/f_auto,q_auto/league/m9c3uathzqzsfsdpuikw",KC,1,1,0,0,0,0,0,0,0,0,0,0,0,0,0,0,0,0,0,0,0,0
2021,REG,00-0036986,N.Wright,Nahshon Wright,5,CB,DB,"https://static.www.nfl.com/image/upload/f_auto,q_auto/league/lmuysepr43damihndarc",DAL,5,5,0,2,0,0,0,0,0,0,0,0,0,0,0,0,0,0,0,0,2,10
2021,REG,00-0036987,B.Stephens,Brandon Stephens,17,FS,DB,"https://static.www.nfl.com/image/upload/f_auto,q_auto/league/eqf4dolbtr4q6janbxjf",BAL,46,44,2,28,1,0,0,0,0,1,0,0,4,0,0,0,0,0,0,0,1,5
2021,REG,00-0036988,J.Palmer,Josh Palmer,1,WR,WR,"https://static.www.nfl.com/image/upload/f_auto,q_auto/league/dexbsmmldvsqtr83or5l",CIN,1,1,0,0,0,0,0,0,0,0,0,0,0,0,0,0,0,0,0,0,0,0
2021,REG,00-0036988,J.Palmer,Josh Palmer,1,WR,WR,"https://static.www.nfl.com/image/upload/f_auto,q_auto/league/dexbsmmldvsqtr83or5l",HOU,1,1,0,0,0,0,0,0,0,0,0,0,0,0,0,0,0,0,0,0,0,0
2021,REG,00-0036989,M.Koonce,Malcolm Koonce,3,DE,DL,"https://static.www.nfl.com/image/upload/f_auto,q_auto/league/atu00hjn2ugn533cylay",LV,2,2,0,1,2,0,0,2,15,2,0,0,0,0,0,0,0,0,0,0,0,0
2021,REG,00-0036990,D.Deablo,Divine Deablo,7,MLB,LB,"https://static.www.nfl.com/image/upload/f_auto,q_auto/league/mjmvbtpxfzsetnmluwgi",LV,24,18,6,15,1,1,0,0,0,0,0,0,1,0,0,0,0,0,0,0,1,5
2021,REG,00-0036991,A.Rodgers,Amari Rodgers,1,WR,WR,"https://static.www.nfl.com/image/private/f_auto,q_auto/league/g85ohsk2pgbf7xz2f1a8",DET,1,1,0,0,0,0,0,0,0,0,0,0,0,0,0,0,0,0,0,0,0,0
2021,REG,00-0036992,E.Molden,Elijah Molden,14,CB,DB,"https://static.www.nfl.com/image/upload/f_auto,q_auto/league/ucrlai6l3qghkhywwksk",TEN,42,38,4,18,3,8,1,0,0,1,1,2,4,1,0,0,0,1,0,0,0,0
2021,REG,00-0036993,I.Melifonwu,Ifeatu Melifonwu,6,CB,DB,"https://static.www.nfl.com/image/upload/f_auto,q_auto/league/ipyk1pgt8npeldw7rtyy",DET,11,9,2,3,0,0,0,0,0,0,0,0,3,0,0,0,0,2,0,0,0,0
2021,REG,00-0036994,E.Jones,Ernest Jones,10,ILB,LB,"https://static.www.nfl.com/image/upload/f_auto,q_auto/league/tv1m7jvo4agl4seeonjc",LA,33,26,7,25,1,0,0,1,4,3,2,50,4,0,0,0,0,0,0,0,1,5
2021,REG,00-0036995,B.Browning,Baron Browning,9,OLB,LB,"https://static.www.nfl.com/image/upload/f_auto,q_auto/league/scnnn5dpl1gqnvldi3rk",DEN,32,32,0,25,2,0,0,0,0,1,0,0,2,0,0,0,0,0,0,0,0,0
2021,REG,00-0036996,G.Newsome,Greg Newsome,12,CB,DB,"https://static.www.nfl.com/image/private/f_auto,q_auto/league/vnzji51ny0rycaa1aqii",CLE,33,30,3,4,0,0,0,0,0,0,0,0,9,0,0,0,0,0,0,0,3,44
2021,REG,00-0036997,J.Williams,Javonte Williams,1,RB,RB,"https://static.www.nfl.com/image/upload/f_auto,q_auto/league/dm8qipfrz2nes9kgpcyp",LV,1,1,0,0,0,0,0,0,0,0,0,0,0,0,0,0,0,0,0,0,0,0
2021,REG,00-0036998,J.Holland,Jevon Holland,15,SS,DB,"https://static.www.nfl.com/image/upload/f_auto,q_auto/league/h8aerw3bgfnbl3bssgpo",MIA,47,43,4,21,3,1,0,2.5,24,7,2,0,10,0,0,2,3,0,3,0,3,34
2021,REG,00-0036999,A.Schwartz,Anthony Schwartz,1,WR,WR,"https://static.www.nfl.com/image/upload/f_auto,q_auto/league/wqrxhwwlgpjkb6w8edgo",GB,1,1,0,0,0,0,0,0,0,0,0,0,0,0,0,0,0,0,0,0,0,0
2021,REG,00-0036999,A.Schwartz,Anthony Schwartz,1,WR,WR,"https://static.www.nfl.com/image/upload/f_auto,q_auto/league/wqrxhwwlgpjkb6w8edgo",NE,1,1,0,0,0,0,0,0,0,0,0,0,0,0,0,0,0,0,0,0,0,0
2021,REG,00-0037000,M.Rice,Monty Rice,5,ILB,LB,"https://static.www.nfl.com/image/upload/f_auto,q_auto/league/oyfmuujnszzgmctn9568",TEN,15,8,7,15,0,0,0,0,0,1,0,0,1,0,0,0,0,0,0,0,1,5
2021,REG,00-0037005,T.Tremble,Tommy Tremble,1,TE,TE,"https://static.www.nfl.com/image/upload/f_auto,q_auto/league/jn0kmd8lg9hu4fjnnat9",MIN,1,1,0,0,0,0,0,0,0,0,0,0,0,0,0,0,0,0,0,0,0,0
2021,REG,00-0037005,T.Tremble,Tommy Tremble,1,TE,TE,"https://static.www.nfl.com/image/upload/f_auto,q_auto/league/jn0kmd8lg9hu4fjnnat9",TB,1,1,0,0,0,0,0,0,0,0,0,0,0,0,0,0,0,0,0,0,0,0
2021,REG,00-0037007,P.Jones,Patrick Jones,5,OLB,LB,"https://static.www.nfl.com/image/private/f_auto,q_auto/league/ir3m4wipss4exri1xenv",MIN,4,4,0,3,0,0,0,0,0,0,0,0,0,0,0,0,0,0,0,0,2,20
2021,REG,00-0037008,A.Thomas,Ambry Thomas,7,CB,DB,"https://static.www.nfl.com/image/upload/f_auto,q_auto/league/earonnpoimllgzyxupfb",SF,14,13,1,5,1,1,0,0,0,0,1,0,5,0,0,0,0,0,0,0,2,10
2021,REG,00-0037013,Z.Wilson,Zach Wilson,1,QB,QB,"https://static.www.nfl.com/image/upload/f_auto,q_auto/league/okhlne3kgc11gwv4w6s8",NE,1,1,0,0,0,0,0,0,0,0,0,0,0,0,0,0,0,0,0,0,0,0
2021,REG,00-0039472,M.Edwards,Mike Edwards,13,G,OL,"https://static.www.nfl.com/image/upload/f_auto,q_auto/league/ctepbz184pq3zchnxqhk",TB,33,30,3,12,1,0,1,0,0,0,3,46,7,2,0,0,0,0,0,0,2,65
2021,POST,00-0024243,M.Lewis,Marcedes Lewis,1,TE,TE,"https://static.www.nfl.com/image/private/f_auto,q_auto/league/ppq07tipygpftz5csipx",SF,1,1,0,0,0,0,0,0,0,0,0,0,0,0,0,0,0,0,0,0,0,0
2021,POST,00-0025424,E.Weddle,Eric Weddle,3,FS,DB,"https://static.www.nfl.com/image/private/f_auto,q_auto/league/lkawujcrkiyelnzqnups",LA,10,7,3,8,1,1,0,0,0,0,0,0,0,0,0,0,0,0,0,0,1,14
2021,POST,00-0026564,S.McLendon,Steve McLendon,2,NT,DL,"https://static.www.nfl.com/image/private/f_auto,q_auto/league/bt0l6ltdi7h2dtahm3xh",TB,1,1,0,0,0,0,1,1,9,0,0,0,1,0,0,0,0,0,0,0,0,0
2021,POST,00-0027647,D.McCourty,Devin McCourty,1,FS,DB,"https://static.www.nfl.com/image/private/f_auto,q_auto/league/ykgtrwxckxvxdvadgqjf",NE,6,5,1,2,0,0,0,0,0,0,0,0,0,0,0,0,0,0,0,0,0,0
2021,POST,00-0027686,C.Peters,Corey Peters,1,DT,DL,"https://static.www.nfl.com/image/private/f_auto,q_auto/league/zutvrtzwir9awk4zh7yn",ARI,2,1,1,0,1,2,0,0,0,1,0,0,0,0,0,0,0,0,0,0,0,0
2021,POST,00-0027855,N.Suh,Ndamukong Suh,2,DE,DL,"https://static.www.nfl.com/image/private/f_auto,q_auto/league/amvgudlseikg7eq0nn9d",TB,4,4,0,4,0,0,1,0.5,0.5,4,0,0,0,0,0,0,0,0,0,0,1,15
2021,POST,00-0027860,J.Haden,Joe Haden,1,CB,DB,"https://static.www.nfl.com/image/private/f_auto,q_auto/league/caumqxwppfoakjvpqxej",PIT,4,4,0,2,0,0,0,0,0,0,0,0,0,0,0,0,0,0,0,0,0,0
2021,POST,00-0027867,J.Pierre-Paul,Jason Pierre-Paul,2,DE,DL,"https://static.www.nfl.com/image/private/f_auto,q_auto/league/pwl0fkpfwut1rizcarub",TB,1,1,0,1,0,0,0,0.5,0.5,2,0,0,0,0,0,0,0,1,5,0,1,5
2021,POST,00-0027881,J.Hughes,Jerry Hughes,2,DE,DL,"https://static.www.nfl.com/image/upload/f_auto,q_auto/league/holacsltnj1mvxkeqgp0",BUF,1,1,0,0,1,0,0,1,4,3,0,0,0,0,0,0,0,0,0,0,0,0
2021,POST,00-0027940,V.Miller,Von Miller,4,DE,DL,"https://static.www.nfl.com/image/upload/f_auto,q_auto/league/qpprquecnqk19xsi0dtj",LA,12,12,0,2,6,2,1,4,29,6,0,0,1,0,0,0,0,1,0,0,0,0
2021,POST,00-0027944,J.Jones,Julio Jones,1,WR,WR,"https://static.www.nfl.com/image/upload/f_auto,q_auto/league/omrddf2phtyztzx2nup1",CIN,1,1,0,0,0,0,0,0,0,0,0,0,0,0,0,0,0,0,0,0,0,0
2021,POST,00-0027949,J.Watt,J.J. Watt,1,DE,DL,"https://static.www.nfl.com/image/private/f_auto,q_auto/league/pooulgm7mdcx5x9gza7l",ARI,1,1,0,2,1,4,0,0,0,0,0,0,0,0,0,0,0,0,0,0,0,0
2021,POST,00-0027954,R.Kerrigan,Ryan Kerrigan,1,DE,DL,"https://static.www.nfl.com/image/private/f_auto,q_auto/league/zi9qhkog8osjo2pk5bg4",PHI,2,2,0,1,2,0,0,1.5,12.5,2,0,0,0,0,0,0,0,0,0,0,0,0
2021,POST,00-0027969,C.Heyward,Cameron Heyward,1,DT,DL,"https://static.www.nfl.com/image/upload/f_auto,q_auto/league/jroymb3jdu14pusq9wu8",PIT,2,2,0,2,0,0,1,0,0,0,0,0,0,0,0,0,0,0,0,0,0,0
2021,POST,00-0028037,K.Wright,K.J. Wright,1,OLB,LB,"https://static.www.nfl.com/image/private/f_auto,q_auto/league/z1lt2ic9salihpdevh7p",LV,0,0,0,1,0,0,0,0,0,0,0,0,0,0,0,0,0,0,0,0,0,0
2021,POST,00-0028075,B.Skrine,Buster Skrine,1,CB,DB,"https://static.www.nfl.com/image/private/f_auto,q_auto/league/veok5ok0xu5vjfg5uni4",TEN,1,1,0,0,0,0,0,0,0,0,0,0,0,0,0,0,0,0,0,0,0,0
2021,POST,00-0028171,L.Guy,Lawrence Guy,1,DT,DL,"https://static.www.nfl.com/image/private/f_auto,q_auto/league/jyc3hf6lyt5js3b7oon8",NE,1,0,1,3,0,0,0,0,0,0,0,0,1,0,0,0,0,0,0,0,0,0
2021,POST,00-0028339,M.Addison,Mario Addison,1,DE,DL,"https://static.www.nfl.com/image/private/f_auto,q_auto/league/bapzewurohnyaqq1p3ud",BUF,1,1,0,0,0,0,0,0,0,0,0,0,0,0,0,0,0,0,0,0,0,0
2021,POST,00-0028899,R.McLeod,Rodney McLeod,1,FS,DB,"https://static.www.nfl.com/image/upload/f_auto,q_auto/league/ettne7rdpnkozuyhx8be",PHI,2,1,1,4,0,0,0,0,0,0,0,0,0,0,0,0,0,0,0,0,0,0
2021,POST,00-0029144,T.Compton,Tom Compton,1,T,OL,"https://static.www.nfl.com/image/private/f_auto,q_auto/league/pqw3ldugrml3w13fzyry",LA,1,1,0,0,0,0,0,0,0,0,0,0,0,0,0,0,0,0,0,0,0,0
2021,POST,00-0029249,M.Ingram,Melvin Ingram,3,OLB,LB,"https://static.www.nfl.com/image/private/f_auto,q_auto/league/kbnd1mhegpg4n5kj7rac",KC,4,3,1,1,1,0,1,2,18,3,0,0,1,0,0,0,0,0,0,0,0,0
2021,POST,00-0029261,C.Hayward,Casey Hayward,1,CB,DB,"https://static.www.nfl.com/image/private/f_auto,q_auto/league/o5cft0nj87mwqsnp3wug",LV,1,1,0,0,0,0,0,0,0,0,0,0,1,0,0,0,0,0,0,0,0,0
2021,POST,00-0029285,J.Norman,Josh Norman,1,CB,DB,"https://static.www.nfl.com/image/private/f_auto,q_auto/league/i2bihsraophhbhvhhypb",SF,1,1,0,0,0,0,0,0,0,0,0,0,0,0,0,0,0,0,0,0,0,0
2021,POST,00-0029562,L.David,Lavonte David,2,ILB,LB,"https://static.www.nfl.com/image/upload/f_auto,q_auto/league/sg8cvbhglpfqor2mz44k",TB,9,9,0,4,1,0,0,0,0,0,0,0,0,0,0,0,0,1,0,0,1,15
2021,POST,00-0029585,C.Jones,Chandler Jones,1,DE,DL,"https://static.www.nfl.com/image/private/f_auto,q_auto/league/o12yqn0vbknt7gmu5owf",ARI,6,6,0,3,2,6,0,0,0,0,0,0,0,0,0,0,0,0,0,0,1,5
2021,POST,00-0029653,F.Cox,Fletcher Cox,1,DT,DL,"https://static.www.nfl.com/image/private/f_auto,q_auto/league/guiegvu50wdv6lzspebo",PHI,1,0,1,2,1,1,0,0,0,0,0,0,0,0,0,0,0,0,0,0,0,0
2021,POST,00-0029669,D.Hightower,Dont'a Hightower,1,OLB,LB,"https://static.www.nfl.com/image/private/f_auto,q_auto/league/ye8raazdvcmtv19wpmvo",NE,2,2,0,1,0,0,0,0,0,0,0,0,0,0,0,0,0,0,0,0,1,5
2021,POST,00-0029681,J.Jenkins,Janoris Jenkins,1,CB,DB,"https://static.www.nfl.com/image/private/f_auto,q_auto/league/qfjugbhul7ergngoqlyg",TEN,1,1,0,1,0,0,0,0,0,0,0,0,1,0,0,0,0,0,0,0,0,0
2021,POST,00-0029701,R.Tannehill,Ryan Tannehill,1,QB,QB,"https://static.www.nfl.com/image/private/f_auto,q_auto/league/yvwju12dl6haf3r8uzrm",CIN,1,1,0,0,0,0,0,0,0,0,0,0,0,0,0,0,0,0,0,0,0,0
2021,POST,00-0030062,D.Slay,Darius Slay,1,CB,DB,"https://static.www.nfl.com/image/upload/f_auto,q_auto/league/ywdvgcxwf6nnfo9r77oz",PHI,4,4,0,1,0,0,0,0,0,0,0,0,1,0,0,0,0,0,0,0,0,0
2021,POST,00-0030063,J.Hankins,Johnathan Hankins,1,DT,DL,"https://static.www.nfl.com/image/upload/f_auto,q_auto/league/qnhaj3f4csasomqgie9p",LV,1,1,0,2,0,0,0,0,0,0,0,0,0,0,0,0,0,0,0,0,0,0
2021,POST,00-0030090,M.Hyde,Micah Hyde,2,FS,DB,"https://static.www.nfl.com/image/private/f_auto,q_auto/league/xxdwo2ndjc4qm9q5lpgx",BUF,4,4,0,2,0,0,0,0,0,0,1,0,1,0,0,0,0,0,0,0,0,0
2021,POST,00-0030114,J.Poyer,Jordan Poyer,2,SS,DB,"https://static.www.nfl.com/image/upload/f_auto,q_auto/league/jhigvtvtb3jielxsxiyl",BUF,5,3,2,5,0,0,1,0,0,0,0,0,0,0,0,0,0,0,0,0,0,0
2021,POST,00-0030148,D.Square,Damion Square,1,NT,DL,"https://static.www.nfl.com/image/private/f_auto,q_auto/league/ay7xu6je0iiizc0hifex",LV,2,2,0,1,1,1,0,0,0,0,0,0,0,0,0,0,0,0,0,0,0,0
2021,POST,00-0030382,K.Minter,Kevin Minter,1,ILB,LB,"https://static.www.nfl.com/image/private/f_auto,q_auto/league/qsgubsbwrrmfoqtdyz5d",TB,0,0,0,1,0,0,0,0,0,0,0,0,0,0,0,0,0,0,0,0,0,0
2021,POST,00-0030386,W.Gholston,William Gholston,1,DE,DL,"https://static.www.nfl.com/image/upload/f_auto,q_auto/league/yn9hugzuf7g8ve2xjtwi",TB,2,2,0,0,1,1,0,0,0,0,0,0,0,0,0,0,0,0,0,0,0,0
2021,POST,00-0030421,J.Collins,Jamie Collins,1,OLB,LB,"https://static.www.nfl.com/image/private/f_auto,q_auto/league/opx1haouuhocoewz7p5h",NE,1,1,0,0,0,0,0,0,0,0,0,0,0,0,0,0,0,0,0,0,0,0
2021,POST,00-0030455,S.Lotulelei,Star Lotulelei,2,DT,DL,"https://static.www.nfl.com/image/private/f_auto,q_auto/league/aa76o5lnybfm9chig7g5",BUF,3,2,1,1,1,0,0,1,8,1,0,0,0,0,0,0,0,0,0,0,0,0
2021,POST,00-0030459,T.Mathieu,Tyrann Mathieu,2,FS,DB,"https://static.www.nfl.com/image/upload/f_auto,q_auto/league/k3fywj4kodnfuyscnujy",KC,5,5,0,1,0,0,0,0,0,0,0,0,0,0,0,0,0,0,0,0,0,0
2021,POST,00-0030463,A.Klein,A.J. Klein,1,OLB,LB,"https://static.www.nfl.com/image/private/f_auto,q_auto/league/ohrm5k7zku2mc5alnmz4",BUF,1,1,0,3,0,0,0,0,0,0,0,0,0,0,0,0,0,0,0,0,0,0
2021,POST,00-0030503,A.Okafor,Alex Okafor,2,DE,DL,"https://static.www.nfl.com/image/private/f_auto,q_auto/league/haacftqavtvq7dnvph1g",KC,1,0,1,3,0,0,0,0,0,0,0,0,0,0,0,0,0,0,0,0,1,15
2021,POST,00-0030506,T.Kelce,Travis Kelce,1,TE,TE,"https://static.www.nfl.com/image/upload/f_auto,q_auto/league/ilk4qbxxs6mt3v9zfvtg",CIN,1,1,0,0,0,0,0,0,0,0,0,0,0,0,0,0,0,0,0,0,0,0
2021,POST,00-0030562,D.Trufant,Desmond Trufant,1,CB,DB,"https://static.www.nfl.com/image/private/f_auto,q_auto/league/zduxwgxqrjxriigt0it6",LV,3,3,0,3,1,0,0,0,0,0,0,0,0,0,0,0,0,0,0,0,0,0
2021,POST,00-0030665,D.Sorensen,Daniel Sorensen,3,FS,DB,"https://static.www.nfl.com/image/private/f_auto,q_auto/league/sqynbf32igys6zu09szc",KC,8,6,2,6,0,0,0,0,0,0,0,0,0,0,0,0,0,0,0,0,0,0
2021,POST,00-0031061,D.Johnson,Dontae Johnson,1,CB,DB,"https://static.www.nfl.com/image/private/f_auto,q_auto/league/iflzhwus0lq9oaovlmgk",SF,5,3,2,1,0,0,0,0,0,0,0,0,0,0,0,0,0,0,0,0,0,0
2021,POST,00-0031101,S.Barrett,Shaquil Barrett,2,OLB,LB,"https://static.www.nfl.com/image/private/f_auto,q_auto/league/eiilfj6qiri4n9xrclwe",TB,2,2,0,1,0,0,0,0,0,0,1,17,1,0,0,0,0,0,0,0,0,0
2021,POST,00-0031105,Z.Kerr,Zach Kerr,1,DT,DL,"https://static.www.nfl.com/image/private/f_auto,q_auto/league/lbgusliinlqxlnd06gdt",CIN,1,1,0,0,0,0,0,0,0,0,0,0,0,0,0,0,0,0,0,0,0,0
2021,POST,00-0031241,D.Kennard,Devon Kennard,1,OLB,LB,"https://static.www.nfl.com/image/private/f_auto,q_auto/league/sbnbmm472r2yob1cwxqj",ARI,1,0,1,0,0,0,0,0,0,0,0,0,0,0,0,0,0,0,0,0,0,0
2021,POST,00-0031253,K.Williams,K'Waun Williams,3,CB,DB,"https://static.www.nfl.com/image/private/f_auto,q_auto/league/o07uyyoj3nvtpni2ons7",SF,7,7,0,1,0,0,0,0,0,2,1,0,4,0,0,0,0,0,0,0,0,0
2021,POST,00-0031254,D.Autry,Denico Autry,1,DE,DL,"https://static.www.nfl.com/image/upload/f_auto,q_auto/league/pafmcnd47wgvl8q1kulm",TEN,1,1,0,2,1,0,0,1.5,7.5,2,0,0,1,0,0,0,0,0,0,0,0,0
2021,POST,00-0031298,J.Ward,Jimmie Ward,3,FS,DB,"https://static.www.nfl.com/image/upload/f_auto,q_auto/league/owockyq21r4kqxt67zab",SF,10,10,0,5,0,0,0,0,0,1,1,23,1,0,0,0,0,0,0,0,1,15
2021,POST,00-0031348,A.Hitchens,Anthony Hitchens,3,ILB,LB,"https://static.www.nfl.com/image/private/f_auto,q_auto/league/imetresqtxpqaqwu4iyv",KC,8,7,1,9,1,2,0,0,0,0,0,0,1,0,0,0,0,0,0,0,0,0
2021,POST,00-0031360,K.Van Noy,Kyle Van Noy,1,OLB,LB,"https://static.www.nfl.com/image/upload/f_auto,q_auto/league/izz9mxgcxcx0lydkleke",NE,1,1,0,2,0,0,0,0,0,0,0,0,0,0,0,0,0,0,0,0,0,0
2021,POST,00-0031388,A.Donald,Aaron Donald,4,DT,DL,"https://static.www.nfl.com/image/private/f_auto,q_auto/league/gou42dathlyc1rfn4pga",LA,6,5,1,7,4,1,0,3.5,20.5,9,0,0,1,0,0,0,0,0,0,0,1,7
2021,POST,00-0031404,A.Phillips,Adrian Phillips,1,FS,DB,"https://static.www.nfl.com/image/private/f_auto,q_auto/league/bfbt4o1jp3ttsm18v0ur",NE,3,3,0,3,0,0,0,0,0,0,0,0,0,0,0,0,0,0,0,0,0,0
2021,POST,00-0031411,D.Lawrence,Demarcus Lawrence,1,DE,DL,"https://static.www.nfl.com/image/upload/f_auto,q_auto/league/qzgz3zr1nmhxy0fiaqes",DAL,2,2,0,2,1,1,0,0,0,0,0,0,0,0,0,0,0,0,0,0,0,0
2021,POST,00-0031500,E.Obada,Efe Obada,1,DE,DL,"https://static.www.nfl.com/image/upload/f_auto,q_auto/league/i5zeos5e8jhwupjnlsri",BUF,2,1,1,1,0,0,0,0,0,0,0,0,0,0,0,0,0,0,0,0,0,0
2021,POST,00-0031576,Z.Smith,Za'Darius Smith,1,DE,DL,"https://static.www.nfl.com/image/upload/f_auto,q_auto/league/l5t51lcflhhfvxhr1sx3",GB,1,1,0,0,1,0,0,1,9,1,0,0,0,0,0,0,0,0,0,0,0,0
2021,POST,00-0031584,A.Amos,Adrian Amos,1,FS,DB,"https://static.www.nfl.com/image/private/f_auto,q_auto/league/igawxadxnpihzzpzw9oe",GB,3,3,0,2,0,0,0,0,0,1,1,0,1,0,0,0,0,0,0,0,0,0
2021,POST,00-0031799,A.Harris,Anthony Harris,1,FS,DB,"https://static.www.nfl.com/image/private/f_auto,q_auto/league/yrs393stmux18uxypuvk",PHI,7,6,1,6,0,0,0,0,0,0,0,0,0,0,0,0,0,0,0,0,0,0
2021,POST,00-0031898,A.Singleton,Alex Singleton,1,ILB,LB,"https://static.www.nfl.com/image/upload/f_auto,q_auto/league/pzmcsembcob3ochitr6x",PHI,10,8,2,6,4,6,0,1,4,1,0,0,0,0,0,0,0,0,0,0,0,0
2021,POST,00-0031935,P.Smith,Preston Smith,1,DE,DL,"https://static.www.nfl.com/image/upload/f_auto,q_auto/league/euesbavo3qc6kzxcu5mb",GB,6,3,3,3,0,0,0,0,0,0,0,0,0,0,0,0,0,0,0,0,0,0
2021,POST,00-0031957,R.Nunez-Roches,Rakeem Nunez-Roches,2,NT,DL,"https://static.www.nfl.com/image/upload/f_auto,q_auto/league/lk9ht53hnkifzoboz79k",TB,2,2,0,2,2,6,0,0,0,2,0,0,0,0,0,0,0,0,0,0,0,0
2021,POST,00-0031961,M.Nzeocha,Mark Nzeocha,1,OLB,LB,"https://static.www.nfl.com/image/private/f_auto,q_auto/league/k9wr94l5ed8rqumvqlsx",SF,0,0,0,0,0,0,0,0,0,0,0,0,0,0,0,0,0,0,0,0,1,15
2021,POST,00-0032057,J.Tartt,Jaquiski Tartt,3,SS,DB,"https://static.www.nfl.com/image/private/f_auto,q_auto/league/kvy8moe4ay9wtxp7typ7",SF,8,7,1,5,1,1,0,0,0,0,0,0,0,0,0,0,0,0,0,0,0,0
2021,POST,00-0032103,D.Perryman,Denzel Perryman,1,ILB,LB,"https://static.www.nfl.com/image/upload/f_auto,q_auto/league/vxzrfxabkffbe1lg5qcq",LV,6,4,2,3,0,0,0,0,0,0,0,0,0,0,0,0,0,0,0,0,0,0
2021,POST,00-0032127,M.Golden,Markus Golden,1,OLB,LB,"https://static.www.nfl.com/image/upload/f_auto,q_auto/league/nardbsqj0aigwn7tm8g1",ARI,2,2,0,1,1,0,0,1,7,1,0,0,0,0,0,0,0,0,0,0,0,0
2021,POST,00-0032129,J.Hicks,Jordan Hicks,1,ILB,LB,"https://static.www.nfl.com/image/upload/f_auto,q_auto/league/nupnkxjio2iuqppmog1a",ARI,2,1,1,6,0,0,0,0,0,0,0,0,0,0,0,0,0,0,0,0,0,0
2021,POST,00-0032146,B.Dupree,Bud Dupree,1,OLB,LB,"https://static.www.nfl.com/image/upload/f_auto,q_auto/league/tg3rnyclhffznnme5elq",TEN,2,1,1,0,1,0,0,1,16,1,0,0,0,0,0,0,0,0,0,0,0,0
2021,POST,00-0032150,S.Nelson,Steven Nelson,1,CB,DB,"https://static.www.nfl.com/image/private/f_auto,q_auto/league/qaocvlmmgdkkubtkxqrt",PHI,2,2,0,2,0,0,0,0,0,0,0,0,1,0,0,0,0,0,0,0,0,0
2021,POST,00-0032164,A.Armstead,Arik Armstead,2,DE,DL,"https://static.www.nfl.com/image/upload/f_auto,q_auto/league/ra0eag1wqgvw1nzbpy4a",SF,4,3,1,5,3,0,0,3,24,5,0,0,0,0,0,0,0,0,0,0,0,0
2021,POST,00-0032197,R.Gregory,Randy Gregory,1,OLB,LB,"https://static.www.nfl.com/image/private/f_auto,q_auto/league/ntzrq0dmsyep6qjsdrjp",DAL,1,1,0,3,0,0,0,0,0,2,0,0,0,0,0,0,0,0,0,0,3,15
2021,POST,00-0032210,F.Clark,Frank Clark,3,OLB,LB,"https://static.www.nfl.com/image/upload/f_auto,q_auto/league/imq9tljiopwvcfrsxwbh",KC,4,4,0,3,1,1,0,0,0,0,0,0,0,0,0,0,0,1,0,0,1,5
2021,POST,00-0032242,R.Havenstein,Rob Havenstein,1,T,OL,"https://static.www.nfl.com/image/upload/f_auto,q_auto/league/pfeuxunpltlxtmgko6kh",SF,1,1,0,0,0,0,0,0,0,0,0,0,0,0,0,0,0,0,0,0,0,0
2021,POST,00-0032242,R.Havenstein,Rob Havenstein,1,T,OL,"https://static.www.nfl.com/image/upload/f_auto,q_auto/league/pfeuxunpltlxtmgko6kh",TB,1,1,0,0,0,0,0,0,0,0,0,0,0,0,0,0,0,0,0,0,0,0
2021,POST,00-0032366,T.Matakevich,Tyler Matakevich,1,MLB,LB,"https://static.www.nfl.com/image/upload/f_auto,q_auto/league/ug86kkpgmc0c9ntyp5qb",BUF,1,0,1,1,0,0,0,0,0,0,0,0,0,0,0,0,0,0,0,0,0,0
2021,POST,00-0032379,E.Apple,Eli Apple,4,CB,DB,"https://static.www.nfl.com/image/upload/f_auto,q_auto/league/szrv0msliekcbdfulpzb",CIN,15,13,2,6,0,0,0,0,0,0,0,0,3,0,0,0,0,0,0,0,4,37
2021,POST,00-0032387,J.Reed,Jarran Reed,3,NT,DL,"https://static.www.nfl.com/image/upload/f_auto,q_auto/league/td7umxhgwkswls8rutk0",KC,5,4,1,8,1,0,0,1,5,1,0,0,0,0,0,0,0,0,0,0,0,0
2021,POST,00-0032399,M.Killebrew,Miles Killebrew,1,SS,DB,"https://static.www.nfl.com/image/upload/f_auto,q_auto/league/hadxrgt3tjv3ceaougsj",PIT,0,0,0,1,0,0,0,0,0,0,0,0,0,0,0,0,0,0,0,0,0,0
2021,POST,00-0032401,D.Campbell,De'Vondre Campbell,1,ILB,LB,"https://static.www.nfl.com/image/upload/f_auto,q_auto/league/wctve53etxcg6hx9o9cr",GB,6,4,2,1,0,0,0,0,0,0,0,0,1,0,0,0,0,0,0,0,0,0
2021,POST,00-0032402,H.Ridgeway,Hassan Ridgeway,1,DT,DL,"https://static.www.nfl.com/image/private/f_auto,q_auto/league/qwfblduq15msbj7vd0sn",PHI,0,0,0,1,0,0,0,0,0,0,0,0,0,0,0,0,0,0,0,0,0,0
2021,POST,00-0032412,D.Lowry,Dean Lowry,1,DE,DL,"https://static.www.nfl.com/image/upload/f_auto,q_auto/league/akvs2wasmwm0rnh9lpfj",GB,1,0,1,3,0,0,0,0,0,0,0,0,1,0,0,0,0,0,0,0,0,0
2021,POST,00-0032415,M.Judon,Matt Judon,1,OLB,LB,"https://static.www.nfl.com/image/upload/f_auto,q_auto/league/whfmdlt319vlpqjyqdfl",NE,1,0,1,0,0,0,0,0,0,1,0,0,0,0,0,0,0,0,0,0,0,0
2021,POST,00-0032416,Q.Jefferson,Quinton Jefferson,1,DE,DL,"https://static.www.nfl.com/image/upload/f_auto,q_auto/league/gledu9ppvddrbnqlpdmk",LV,1,1,0,2,1,0,0,1,8,1,0,0,0,0,0,0,0,0,0,0,0,0
2021,POST,00-0032424,D.Reader,D.J. Reader,4,NT,DL,"https://static.www.nfl.com/image/upload/f_auto,q_auto/league/yfvsrhkblzo9sgrrgjix",CIN,7,5,2,5,3,2,0,1,6,4,0,0,0,0,0,0,0,0,0,0,0,0
2021,POST,00-0032454,J.Kearse,Jayron Kearse,1,FS,DB,"https://static.www.nfl.com/image/private/f_auto,q_auto/league/z2gtcioou83mkhnwte6w",DAL,3,1,2,5,0,0,0,0,0,0,0,0,1,0,0,0,0,0,0,0,0,0
2021,POST,00-0032463,K.Peko,Kyle Peko,1,DT,DL,"https://static.www.nfl.com/image/upload/f_auto,q_auto/league/fjkxpymzwv4qn2qui5me",TEN,0,0,0,2,0,0,0,0.5,3.5,1,0,0,0,0,0,0,0,0,0,0,0,0
2021,POST,00-0032521,M.Hilton,Mike Hilton,4,CB,DB,"https://static.www.nfl.com/image/upload/f_auto,q_auto/league/uippdcskzxubvfqoqxlo",CIN,8,6,2,5,0,0,0,0,0,0,1,19,4,0,0,0,0,0,0,0,0,0
2021,POST,00-0032637,A.Adams,Andrew Adams,1,SS,DB,"https://static.www.nfl.com/image/upload/f_auto,q_auto/league/vcek7tec4fmt3agbba2s",TB,0,0,0,0,0,0,0,0,0,0,0,0,1,0,0,0,0,0,0,0,0,0
2021,POST,00-0032641,D.Deayon,Donte Deayon,1,CB,DB,"https://static.www.nfl.com/image/private/f_auto,q_auto/league/v6br1z7iifzh2wjzwnx0",LA,2,1,1,0,0,0,0,0,0,0,0,0,1,0,0,0,0,0,0,0,0,0
2021,POST,00-0032677,C.Littleton,Cory Littleton,1,OLB,LB,"https://static.www.nfl.com/image/private/f_auto,q_auto/league/co7mjepkzseqkecrhqz3",LV,2,2,0,2,0,0,0,0,0,0,0,0,0,0,0,0,0,0,0,0,0,0
2021,POST,00-0032758,V.Hargreaves,Vernon Hargreaves,1,CB,DB,"https://static.www.nfl.com/image/private/f_auto,q_auto/league/fp5olqsgdbv5malqazzu",CIN,0,0,0,0,0,0,0,0,0,0,0,0,0,0,0,0,0,0,0,0,1,11
2021,POST,00-0032762,C.Jones,Chris Jones,3,DT,DL,"https://static.www.nfl.com/image/upload/f_auto,q_auto/league/bdoe3dkg1rej1tiqakb1",KC,4,3,1,2,2,2,0,0,0,0,0,0,0,0,0,0,0,0,0,0,0,0
2021,POST,00-0032848,K.Peterson,Kevin Peterson,1,CB,DB,"https://static.www.nfl.com/image/private/f_auto,q_auto/league/zxah6cxxtk8knftopqym",ARI,2,2,0,1,0,0,0,0,0,0,0,0,0,0,0,0,0,0,0,0,0,0
2021,POST,00-0032889,A.Robinson,A'Shawn Robinson,4,DE,DL,"https://static.www.nfl.com/image/upload/f_auto,q_auto/league/erkfjohq7j2kqigny727",LA,12,9,3,10,1,0,0,1,2,1,0,0,0,0,0,0,0,0,0,0,0,0
2021,POST,00-0032939,V.Bell,Vonn Bell,4,SS,DB,"https://static.www.nfl.com/image/upload/f_auto,q_auto/league/sgfnqlbea65ktiiem6kp",CIN,17,11,6,6,2,1,0,1,7,1,1,5,1,0,0,0,0,0,0,0,0,0
2021,POST,00-0033047,A.Brown,Anthony Brown,1,CB,DB,"https://static.www.nfl.com/image/upload/f_auto,q_auto/league/b0di12hyti7dtrbs9stm",DAL,5,4,1,0,0,0,0,0,0,0,1,23,1,0,0,0,0,0,0,0,0,0
2021,POST,00-0033055,J.Ramsey,Jalen Ramsey,4,CB,DB,"https://static.www.nfl.com/image/private/f_auto,q_auto/league/qqpx4sxtl2oj8e8jaig7",LA,11,10,1,2,0,0,0,0,0,0,0,0,4,0,0,0,0,0,0,0,1,5
2021,POST,00-0033072,L.Floyd,Leonard Floyd,3,DE,DL,"https://static.www.nfl.com/image/upload/f_auto,q_auto/league/nfkjp8qksxbnenougfzt",LA,8,7,1,4,2,0,0,2,17,2,0,0,0,0,0,0,0,0,0,0,0,0
2021,POST,00-0033109,J.Hargrave,Javon Hargrave,1,DT,DL,"https://static.www.nfl.com/image/upload/f_auto,q_auto/league/xdcpyvepnbcc4enqqj76",PHI,0,0,0,4,0,0,0,1,8,2,0,0,0,0,0,0,0,0,0,0,0,0
2021,POST,00-0033120,K.Clark,Kenny Clark,1,DT,DL,"https://static.www.nfl.com/image/upload/f_auto,q_auto/league/tyzoow2xs7xp9kqh20dw",GB,4,2,2,2,1,0,0,1,6,2,0,0,0,0,0,0,0,0,0,0,0,0
2021,POST,00-0033123,Y.Ngakoue,Yannick Ngakoue,1,DE,DL,"https://static.www.nfl.com/image/upload/f_auto,q_auto/league/ivskxqgndid0umkimrdw",LV,0,0,0,1,0,0,0,0,0,0,0,0,0,0,0,0,0,0,0,0,0,0
2021,POST,00-0033125,J.Schobert,Joe Schobert,1,ILB,LB,"https://static.www.nfl.com/image/private/f_auto,q_auto/league/expy1fbbfzmswqd0f77r",PIT,1,1,0,1,1,2,0,0,0,0,0,0,0,0,0,0,0,0,0,0,0,0
2021,POST,00-0033129,C.Nassib,Carl Nassib,1,OLB,LB,"https://static.www.nfl.com/image/private/f_auto,q_auto/league/luelmcumocbaqvp20gyr",LV,0,0,0,3,0,0,0,0,0,0,0,0,0,0,0,0,0,0,0,0,0,0
2021,POST,00-0033132,K.Byard,Kevin Byard,1,FS,DB,"https://static.www.nfl.com/image/upload/f_auto,q_auto/league/ymu0jcrm7clsyhhvmcki",TEN,3,2,1,0,0,0,0,0,0,0,0,0,0,0,0,0,0,0,0,0,0,0
2021,POST,00-0033221,D.Brunskill,Daniel Brunskill,1,C,OL,"https://static.www.nfl.com/image/upload/f_auto,q_auto/league/a6jmwkcgsq34mnc0wvan",DAL,1,1,0,0,0,0,0,0,0,0,0,0,0,0,0,0,0,0,0,0,0,0
2021,POST,00-0033258,D.Daniels,Darrell Daniels,1,TE,TE,"https://static.www.nfl.com/image/private/f_auto,q_auto/league/uite1keyl09qsvofsqzf",LA,1,1,0,0,0,0,0,0,0,0,0,0,0,0,0,0,0,0,0,0,0,0
2021,POST,00-0033288,G.Kittle,George Kittle,1,TE,TE,"https://static.www.nfl.com/image/upload/f_auto,q_auto/league/ivkrikewqqdllzvano8h",GB,1,1,0,0,0,0,0,0,0,0,0,0,0,0,0,0,0,0,0,0,0,0
2021,POST,00-0033297,D.Jones,D.J. Jones,3,NT,DL,"https://static.www.nfl.com/image/upload/f_auto,q_auto/league/vyntblgpp0dtgpvckebc",SF,4,3,1,4,1,0,0,1,13,2,0,0,0,0,0,0,0,0,0,0,0,0
2021,POST,00-0033403,C.Malveaux,Cameron Malveaux,1,DE,DL,"https://static.www.nfl.com/image/private/f_auto,q_auto/league/ymrrstfoqczhqxbdpyyg",PHI,0,0,0,1,0,0,0,0,0,0,0,0,0,0,0,0,0,0,0,0,0,0
2021,POST,00-0033455,A.Firkser,Anthony Firkser,1,TE,TE,"https://static.www.nfl.com/image/upload/f_auto,q_auto/league/rpbs9wsnuhu9tgipzwuv",CIN,1,1,0,0,0,0,0,0,0,0,0,0,0,0,0,0,0,0,0,0,0,0
2021,POST,00-0033512,D.Kazee,Damontae Kazee,1,SS,DB,"https://static.www.nfl.com/image/upload/f_auto,q_auto/league/qjzpwvhklyf4pjds8nwe",DAL,3,2,1,5,0,0,0,0,0,0,0,0,0,0,0,0,0,0,0,0,0,0
2021,POST,00-0033524,K.King,Kevin King,1,CB,DB,"https://static.www.nfl.com/image/upload/f_auto,q_auto/league/gtqricr7gub4urjpyadn",GB,0,0,0,1,0,0,0,0,0,0,0,0,0,0,0,0,0,0,0,0,0,0
2021,POST,00-0033526,S.Perine,Samaje Perine,1,RB,RB,"https://static.www.nfl.com/image/upload/f_auto,q_auto/league/liorwdmj8gelxh5u7rc4",TEN,1,1,0,0,0,0,0,0,0,0,0,0,0,0,0,0,0,0,0,0,0,0
2021,POST,00-0033541,T.Charlton,Taco Charlton,1,DE,DL,"https://static.www.nfl.com/image/private/f_auto,q_auto/league/vfj6yqbgzkb09odi6xfc",PIT,1,1,0,0,0,0,0,0,0,1,0,0,0,0,0,0,0,0,0,0,0,0
2021,POST,00-0033547,Z.Cunningham,Zach Cunningham,1,ILB,LB,"https://static.www.nfl.com/image/upload/f_auto,q_auto/league/fpqgit8oxv2kkdufwrex",TEN,8,4,4,2,1,1,0,0,0,0,0,0,0,0,0,0,0,0,0,0,0,0
2021,POST,00-0033548,C.Awuzie,Chidobe Awuzie,4,CB,DB,"https://static.www.nfl.com/image/upload/f_auto,q_auto/league/kjne7duta6jkknbbiyx7",CIN,16,15,1,8,0,0,0,0,0,0,1,1,1,0,0,0,0,0,0,0,1,5
2021,POST,00-0033551,R.Douglas,Rasul Douglas,1,CB,DB,"https://static.www.nfl.com/image/upload/f_auto,q_auto/league/ckyphq6brbau8lhgbt6j",GB,2,2,0,2,0,0,0,0,0,0,0,0,1,0,0,0,0,0,0,0,0,0
2021,POST,00-0033563,C.Watkins,Carlos Watkins,1,DE,DL,"https://static.www.nfl.com/image/upload/f_auto,q_auto/league/f6lnoo70bkircgjnmc0k",DAL,0,0,0,0,0,0,0,0,0,0,0,0,1,0,0,0,0,0,0,0,0,0
2021,POST,00-0033571,M.Milano,Matt Milano,2,OLB,LB,"https://static.www.nfl.com/image/upload/f_auto,q_auto/league/wic0vfbw2xj3a5yjgwf4",BUF,10,10,0,6,0,0,0,0,0,1,0,0,1,0,0,0,0,0,0,0,0,0
2021,POST,00-0033580,T.Vallejo,Tanner Vallejo,1,ILB,LB,"https://static.www.nfl.com/image/private/f_auto,q_auto/league/yuami4bsadm32py6yhlr",ARI,3,2,1,4,2,4,0,0,0,0,0,0,0,0,0,0,0,0,0,0,0,0
2021,POST,00-0033783,A.Witherspoon,Ahkello Witherspoon,1,CB,DB,"https://static.www.nfl.com/image/upload/f_auto,q_auto/league/s0ugeantfk8glnsstdwe",PIT,2,2,0,0,0,0,0,0,0,0,0,0,0,0,0,0,0,0,0,0,0,0
2021,POST,00-0033860,D.Godchaux,Davon Godchaux,1,NT,DL,"https://static.www.nfl.com/image/private/f_auto,q_auto/league/vdvrll3sffp00ijreboc",NE,1,0,1,0,0,0,0,0,0,0,0,0,0,0,0,0,0,0,0,0,0,0
2021,POST,00-0033870,S.Thomas,Solomon Thomas,1,DT,DL,"https://static.www.nfl.com/image/upload/f_auto,q_auto/league/kuzovvbbdsshvhhstf5f",LV,1,1,0,0,0,0,0,0,0,0,0,0,0,0,0,0,0,0,0,0,0,0
2021,POST,00-0033873,P.Mahomes,Patrick Mahomes,1,QB,QB,"https://static.www.nfl.com/image/upload/f_auto,q_auto/league/qrdbvu4iqy7wkqg8jq8d",CIN,1,1,0,0,0,0,0,0,0,0,0,0,0,0,0,0,0,0,0,0,0,0
2021,POST,00-0033876,D.Barnett,Derek Barnett,1,DE,DL,"https://static.www.nfl.com/image/upload/f_auto,q_auto/league/zmd1moeoqrnfttpb2diu",PHI,1,0,1,3,0,0,0,0.5,3.5,1,0,0,0,0,0,0,0,0,0,0,1,15
2021,POST,00-0033877,M.Hooker,Malik Hooker,1,FS,DB,"https://static.www.nfl.com/image/upload/f_auto,q_auto/league/bo2hnyhkoybx09qn0jpf",DAL,0,0,0,3,0,0,0,0,0,0,0,0,0,0,0,0,0,0,0,0,0,0
2021,POST,00-0033886,T.Watt,T.J. Watt,1,OLB,LB,"https://static.www.nfl.com/image/upload/f_auto,q_auto/league/r1ktugphegyoqsbbhrau",PIT,3,3,0,0,2,2,0,1,14,3,0,0,1,1,0,0,0,1,0,0,1,15
2021,POST,00-0033890,B.Baker,Budda Baker,1,SS,DB,"https://static.www.nfl.com/image/upload/f_auto,q_auto/league/fg0hgiihwwun2qerappu",ARI,2,1,1,2,0,0,0,0,0,0,0,0,0,0,0,0,0,0,0,0,0,0
2021,POST,00-0033891,Z.Jones,Zay Jones,1,WR,WR,"https://static.www.nfl.com/image/upload/f_auto,q_auto/league/uxtqpnwdviolravhnrkw",CIN,1,1,0,0,0,0,0,0,0,0,0,0,0,0,0,0,0,0,0,0,0,0
2021,POST,00-0033905,L.Ogunjobi,Larry Ogunjobi,1,DT,DL,"https://static.www.nfl.com/image/upload/f_auto,q_auto/league/ku6hytxqrto1u4zn8al8",CIN,0,0,0,0,0,0,0,0,0,0,0,0,0,0,0,0,0,1,11,0,0,0
2021,POST,00-0033912,J.Willis,Jordan Willis,3,DE,DL,"https://static.www.nfl.com/image/private/f_auto,q_auto/league/imwccwkvlhglwhhis6nn",SF,2,2,0,2,0,0,0,0,0,2,0,0,0,0,0,0,0,0,0,0,0,0
2021,POST,00-0033913,C.Wormley,Chris Wormley,1,DE,DL,"https://static.www.nfl.com/image/upload/f_auto,q_auto/league/qqmbvbpitcgchhjcptve",PIT,2,2,0,0,1,1,0,0,0,1,0,0,0,0,0,0,0,0,0,0,0,0
2021,POST,00-0033928,J.Lewis,Jourdan Lewis,1,CB,DB,"https://static.www.nfl.com/image/upload/f_auto,q_auto/league/acau2wb5ijbtvy5kntng",DAL,1,1,0,1,0,0,0,0,0,0,0,0,0,0,0,0,0,0,0,0,0,0
2021,POST,00-0033929,M.Adams,Montravius Adams,1,NT,DL,"https://static.www.nfl.com/image/upload/f_auto,q_auto/league/weqjlnkvdzbk0usa3v7i",PIT,2,2,0,0,1,0,0,1,10,1,0,0,0,0,0,0,0,0,0,0,0,0
2021,POST,00-0033930,C.Sutton,Cameron Sutton,1,CB,DB,"https://static.www.nfl.com/image/upload/f_auto,q_auto/league/rykly25j9mir0ygcnrs6",PIT,5,5,0,0,1,0,0,0,0,0,0,0,0,0,0,0,0,0,0,0,0,0
2021,POST,00-0033935,T.Hendrickson,Trey Hendrickson,4,DE,DL,"https://static.www.nfl.com/image/upload/f_auto,q_auto/league/oggkxhesq0dxedudmr66",CIN,5,5,0,3,2,0,1,3.5,33.5,5,0,0,0,0,0,0,0,0,0,0,0,0
2021,POST,00-0033945,S.Ebukam,Samson Ebukam,3,DE,DL,"https://static.www.nfl.com/image/upload/f_auto,q_auto/league/puuebkvbsos1ei2inl4f",SF,5,3,2,3,1,0,0,2,14.5,4,0,0,0,0,0,0,0,0,0,0,0,0
2021,POST,00-0033947,D.Wise,Deatrich Wise,1,DE,DL,"https://static.www.nfl.com/image/private/f_auto,q_auto/league/bxwmlzyorjsos6w7g2x6",NE,2,2,0,0,0,0,0,0,0,0,0,0,0,0,0,0,0,0,0,0,0,0
2021,POST,00-0033954,J.Brown,Jayon Brown,1,OLB,LB,"https://static.www.nfl.com/image/private/f_auto,q_auto/league/dwpeyjcsc4gclpbl1abb",TEN,1,1,0,1,0,0,0,0,0,1,0,0,0,0,0,0,0,0,0,0,0,0
2021,POST,00-0034096,E.Moseley,Emmanuel Moseley,3,CB,DB,"https://static.www.nfl.com/image/private/f_auto,q_auto/league/a3g1pxm6o6jgfb195kwx",SF,21,19,2,2,0,0,0,0,0,0,0,0,0,0,0,0,0,0,0,0,0,0
2021,POST,00-0034185,T.Lancaster,Tyler Lancaster,1,NT,DL,"https://static.www.nfl.com/image/private/f_auto,q_auto/league/aa4il9yf2v0elduixsp8",GB,1,0,1,0,0,0,0,0,0,0,0,0,0,0,0,0,0,0,0,0,0,0
2021,POST,00-0034203,D.Williams,Darious Williams,4,CB,DB,"https://static.www.nfl.com/image/upload/f_auto,q_auto/league/dewntuji0qaai8mlayq4",LA,13,11,2,11,1,0,0,0,0,0,0,0,3,0,0,0,0,0,0,0,1,16
2021,POST,00-0034251,D.Ekuale,Daniel Ekuale,1,DT,DL,"https://static.www.nfl.com/image/private/f_auto,q_auto/league/lj9dekf0gg90pljbtbiq",NE,0,0,0,1,0,0,0,0,0,0,0,0,0,0,0,0,0,0,0,0,1,15
2021,POST,00-0034296,B.Niemann,Ben Niemann,2,ILB,LB,"https://static.www.nfl.com/image/upload/f_auto,q_auto/league/hhmqn3b3prllvcuyftvj",KC,3,3,0,1,0,0,0,0,0,0,0,0,0,0,0,0,0,0,0,0,0,0
2021,POST,00-0034301,D.Williams,Darrel Williams,1,RB,RB,"https://static.www.nfl.com/image/private/f_auto,q_auto/league/qloiwle7db59cznhqhub",KC,0,0,0,0,0,0,0,0,0,0,0,0,0,0,0,0,0,1,0,0,0,0
2021,POST,00-0034318,H.Mondeaux,Henry Mondeaux,1,DT,DL,"https://static.www.nfl.com/image/private/f_auto,q_auto/league/no8hqzc6kdbus1ugv256",PIT,0,0,0,1,0,0,0,0,0,0,0,0,0,0,0,0,0,0,0,0,0,0
2021,POST,00-0034320,K.Street,Kentavius Street,2,DT,DL,"https://static.www.nfl.com/image/upload/f_auto,q_auto/league/r1ie0jaeux86ri5hejel",SF,2,2,0,0,0,0,0,0,0,0,0,0,0,0,0,0,0,0,0,0,0,0
2021,POST,00-0034335,M.Allen,Marcus Allen,1,ILB,LB,"https://static.www.nfl.com/image/private/f_auto,q_auto/league/vvpy4ouo24iqozvyp4rc",PIT,0,0,0,1,0,0,0,0,0,0,0,0,0,0,0,0,0,0,0,0,0,0
2021,POST,00-0034373,D.Armstrong,Dorance Armstrong,1,DE,DL,"https://static.www.nfl.com/image/upload/f_auto,q_auto/league/cdapnpgtde1mdf7r8l5e",DAL,2,2,0,1,1,0,0,0,0,1,0,0,1,0,0,0,0,0,0,0,0,0
2021,POST,00-0034374,J.Whitehead,Jordan Whitehead,2,SS,DB,"https://static.www.nfl.com/image/upload/f_auto,q_auto/league/ex3cknffjss7ez1fwymu",TB,10,8,2,3,2,8,0,0,0,0,0,0,0,0,0,0,0,0,0,0,0,0
2021,POST,00-0034376,T.Johnson,Taron Johnson,2,CB,DB,"https://static.www.nfl.com/image/upload/f_auto,q_auto/league/kowgpthenolgwlcwdvz4",BUF,9,8,1,3,1,0,0,1,1,0,0,0,0,0,0,0,0,0,0,0,0,0
2021,POST,00-0034377,A.Maddox,Avonte Maddox,1,CB,DB,"https://static.www.nfl.com/image/upload/f_auto,q_auto/league/fwzfhbgtcauaags08zlf",PHI,3,2,1,3,0,0,0,0,0,0,0,0,0,0,0,0,0,0,0,0,0,0
2021,POST,00-0034385,J.Bentley,Ja'Whaun Bentley,1,ILB,LB,"https://static.www.nfl.com/image/private/f_auto,q_auto/league/e8rbhbuuaspg5rg9djyp",NE,2,2,0,0,0,0,0,0,0,0,0,0,0,0,0,0,0,0,0,0,0,0
2021,POST,00-0034389,D.Cruikshank,Dane Cruikshank,1,SS,DB,"https://static.www.nfl.com/image/private/f_auto,q_auto/league/lnq0ypzkle8qqwbtbqr3",TEN,3,3,0,1,0,0,0,0,0,0,0,0,0,0,0,0,0,0,0,0,0,0
2021,POST,00-0034391,S.Neal,Siran Neal,1,CB,DB,"https://static.www.nfl.com/image/upload/f_auto,q_auto/league/muhthfs6owkkpsyop1e6",BUF,1,1,0,1,0,0,0,0,0,0,0,0,0,0,0,0,0,0,0,0,0,0
2021,POST,00-0034418,C.Wilson,Cedrick Wilson,1,WR,WR,"https://static.www.nfl.com/image/upload/f_auto,q_auto/league/vuolr6nwwbrwwc5ldt7f",SF,1,1,0,0,0,0,0,0,0,0,0,0,0,0,0,0,0,0,0,0,0,0
2021,POST,00-0034429,J.Mailata,Jordan Mailata,1,T,OL,"https://static.www.nfl.com/image/upload/f_auto,q_auto/league/pndl9j9f69gqvpciyegg",TB,1,1,0,0,0,0,0,0,0,0,0,0,0,0,0,0,0,0,0,0,0,0
2021,POST,00-0034468,C.Sullivan,Chandon Sullivan,1,CB,DB,"https://static.www.nfl.com/image/private/f_auto,q_auto/league/jj9b9gdqcee9dzpe6bjx",GB,3,3,0,0,1,0,0,0,0,0,0,0,0,0,0,0,0,0,0,0,0,0
2021,POST,00-0034514,L.Wallace,Levi Wallace,2,CB,DB,"https://static.www.nfl.com/image/upload/f_auto,q_auto/league/y7rnq70zcpcgg0ifbghe",BUF,8,6,2,3,1,2,0,0,0,0,1,0,1,0,0,0,0,0,0,0,2,27
2021,POST,00-0034545,B.Facyson,Brandon Facyson,1,CB,DB,"https://static.www.nfl.com/image/upload/f_auto,q_auto/league/yuhnwshiorai1fbqix2t",LV,2,2,0,0,0,0,0,0,0,0,0,0,0,0,0,0,0,0,0,0,0,0
2021,POST,00-0034573,C.Ward,Charvarius Ward,3,CB,DB,"https://static.www.nfl.com/image/upload/f_auto,q_auto/league/jlccuozxaeffcupnvd7q",KC,12,12,0,4,0,0,0,0,0,0,0,0,3,0,0,0,0,0,0,0,0,0
2021,POST,00-0034591,J.Jackson,J.C. Jackson,1,CB,DB,"https://static.www.nfl.com/image/upload/f_auto,q_auto/league/crvgx5lbckpmfcnoylzw",NE,5,5,0,1,0,0,0,0,0,0,0,0,0,0,0,0,0,0,0,0,0,0
2021,POST,00-0034673,T.Edmunds,Tremaine Edmunds,2,ILB,LB,"https://static.www.nfl.com/image/upload/f_auto,q_auto/league/vhgl7umsep6x6fjhglo9",BUF,13,11,2,4,0,0,0,0,0,1,0,0,0,0,0,0,0,0,0,0,0,0
2021,POST,00-0034674,L.Vander Esch,Leighton Vander Esch,1,ILB,LB,"https://static.www.nfl.com/image/private/f_auto,q_auto/league/xalgzw0okmxdqjg6wyuc",DAL,5,3,2,8,0,0,0,0,0,0,0,0,0,0,0,0,0,0,0,0,0,0
2021,POST,00-0034675,J.Bates,Jessie Bates,4,FS,DB,"https://static.www.nfl.com/image/private/f_auto,q_auto/league/jawt7q5bj4erd4qbwpf4",CIN,11,10,1,9,0,0,0,0,0,0,2,0,6,0,0,0,0,0,0,0,0,0
2021,POST,00-0034680,A.Watts,Armani Watts,2,SS,DB,"https://static.www.nfl.com/image/private/f_auto,q_auto/league/np3vihxiadvwg5x2ljdl",KC,4,4,0,3,0,0,0,0,0,0,0,0,0,0,0,0,0,0,0,0,0,0
2021,POST,00-0034682,G.Avery,Genard Avery,1,DE,DL,"https://static.www.nfl.com/image/upload/f_auto,q_auto/league/auijlrvvszglu6wo7xlv",PHI,0,0,0,1,0,0,0,0,0,0,0,0,0,0,0,0,0,0,0,0,0,0
2021,POST,00-0034720,R.Spillane,Robert Spillane,1,OLB,LB,"https://static.www.nfl.com/image/upload/f_auto,q_auto/league/gm97x0fcqphr9bxmjhxu",PIT,5,5,0,0,0,0,0,0,0,0,0,0,0,0,0,0,0,0,0,0,0,0
2021,POST,00-0034726,D.Leavitt,Dallin Leavitt,1,SS,DB,"https://static.www.nfl.com/image/private/f_auto,q_auto/league/puozg5rjuz6vf3cudgx5",LV,1,1,0,1,0,0,0,0,0,0,0,0,0,0,0,0,0,0,0,0,0,0
2021,POST,00-0034756,T.Flowers,Tre Flowers,4,CB,DB,"https://static.www.nfl.com/image/upload/f_auto,q_auto/league/x7yagewolfolqgjvp633",CIN,6,4,2,1,0,0,0,0,0,0,0,0,2,0,0,0,0,0,0,0,0,0
2021,POST,00-0034759,K.Miller,Kolton Miller,1,T,OL,"https://static.www.nfl.com/image/upload/f_auto,q_auto/league/zrblk9w9vksroddtgpiq",CIN,1,1,0,0,0,0,0,0,0,0,0,0,0,0,0,0,0,0,0,0,0,0
2021,POST,00-0034773,V.Vea,Vita Vea,2,NT,DL,"https://static.www.nfl.com/image/upload/f_auto,q_auto/league/xsdlwaexrxhkbgqqe7nq",TB,2,2,0,2,1,0,0,1,10,2,0,0,0,0,0,0,0,0,0,0,0,0
2021,POST,00-0034778,C.Davis,Carlton Davis,2,CB,DB,"https://static.www.nfl.com/image/upload/f_auto,q_auto/league/ueh3ui3l3ndih3yrorbq",TB,5,5,0,2,0,0,0,0,0,0,0,0,1,0,0,0,0,0,0,0,1,15
2021,POST,00-0034782,H.Phillips,Harrison Phillips,2,NT,DL,"https://static.www.nfl.com/image/upload/f_auto,q_auto/league/kgdz7jtiokfv4qdeldbr",BUF,6,4,2,1,0,0,0,0,0,0,0,0,0,0,0,0,0,0,0,0,0,0
2021,POST,00-0034789,M.Fitzpatrick,Minkah Fitzpatrick,1,FS,DB,"https://static.www.nfl.com/image/upload/f_auto,q_auto/league/rchs52os6xjfl4eczpw8",PIT,5,5,0,1,0,0,0,0,0,0,0,0,0,0,0,0,0,0,0,0,0,0
2021,POST,00-0034800,B.Hill,B.J. Hill,4,DT,DL,"https://static.www.nfl.com/image/upload/f_auto,q_auto/league/urlcerw3yf7r2vdk9kxb",CIN,6,6,0,7,2,3,0,1.5,11.5,3,1,3,1,0,0,0,0,0,0,0,0,0
2021,POST,00-0034807,O.Okoronkwo,Ogbonnia Okoronkwo,3,DE,DL,"https://static.www.nfl.com/image/upload/f_auto,q_auto/league/tcekeb87zekakqll93ib",LA,2,1,1,1,0,0,0,0,0,1,0,0,1,0,0,0,0,0,0,0,0,0
2021,POST,00-0034812,T.Howard,Travin Howard,3,MLB,LB,"https://static.www.nfl.com/image/private/f_auto,q_auto/league/gtq0natnnotnqxbfwo1d",LA,4,3,1,6,1,0,0,0,0,0,1,6,3,0,0,0,0,0,0,0,0,0
2021,POST,00-0034815,F.Warner,Fred Warner,3,MLB,LB,"https://static.www.nfl.com/image/upload/f_auto,q_auto/league/negqfj64yvuprc88sthz",SF,13,10,3,8,3,3,1,0,0,0,0,0,1,0,0,0,0,0,0,0,0,0
2021,POST,00-0034818,D.Nnadi,Derrick Nnadi,2,DT,DL,"https://static.www.nfl.com/image/private/f_auto,q_auto/league/fokp5h37zl5qkfsachb3",KC,2,2,0,2,0,0,0,0,0,1,0,0,0,0,0,0,0,0,0,0,0,0
2021,POST,00-0034825,A.Key,Arden Key,2,OLB,LB,"https://static.www.nfl.com/image/upload/f_auto,q_auto/league/xxdj5ryrs3vlp7ubhbye",SF,1,1,0,1,0,0,0,0,0,0,0,0,0,0,0,0,0,0,0,0,0,0
2021,POST,00-0034828,H.Landry,Harold Landry,1,OLB,LB,"https://static.www.nfl.com/image/private/f_auto,q_auto/league/akafrpdcokvwz2psbbmj",TEN,3,3,0,3,1,0,0,1.5,11.5,2,0,0,0,0,0,0,0,0,0,0,0,0
2021,POST,00-0034834,S.Hubbard,Sam Hubbard,4,DE,DL,"https://static.www.nfl.com/image/upload/f_auto,q_auto/league/eoodwerhenaqvcaqm29t",CIN,13,11,2,9,5,5,1,3,29,4,0,0,1,0,0,0,0,0,0,0,0,0
2021,POST,00-0034843,M.Hughes,Mike Hughes,2,CB,DB,"https://static.www.nfl.com/image/upload/f_auto,q_auto/league/wsofyxh7irgdfy7wwhv5",KC,3,3,0,1,0,0,0,0,0,0,0,0,0,0,0,0,0,0,0,0,0,0
2021,POST,00-0034858,T.Edmunds,Terrell Edmunds,1,FS,DB,"https://static.www.nfl.com/image/upload/f_auto,q_auto/league/fk1i6e8ursk3awmpts1j",PIT,6,6,0,0,0,0,0,0,0,0,0,0,0,0,0,0,0,0,0,0,0,0
2021,POST,00-0034966,D.Ross,D'Angelo Ross,1,CB,DB,"https://static.www.nfl.com/image/upload/f_auto,q_auto/league/mnmdjulszlkle9jmfmqb",NE,0,0,0,1,0,0,0,0,0,0,0,0,0,0,0,0,0,0,0,0,0,0
2021,POST,00-0034967,R.Gary,Rashan Gary,1,DE,DL,"https://static.www.nfl.com/image/private/f_auto,q_auto/league/t4clz4xe8sfxszmvohfo",GB,4,3,1,0,3,1,0,2,10,3,0,0,0,0,0,0,0,0,0,0,0,0
2021,POST,00-0034973,M.Crosby,Maxx Crosby,1,DE,DL,"https://static.www.nfl.com/image/upload/f_auto,q_auto/league/j5dphk7ntlwa3hciktfx",LV,3,2,1,3,2,2,0,1,11,2,0,0,0,0,0,0,0,0,0,0,0,0
2021,POST,00-0034982,D.Greenlaw,Dre Greenlaw,3,ILB,LB,"https://static.www.nfl.com/image/upload/f_auto,q_auto/league/naza1bdluix1puywkixy",SF,8,5,3,6,1,3,0,0,0,1,0,0,0,0,0,0,0,1,0,0,0,0
2021,POST,00-0034993,M.Epps,Marcus Epps,1,SS,DB,"https://static.www.nfl.com/image/upload/f_auto,q_auto/league/ac61bwk01sqd5ljzsjsq",PHI,1,1,0,2,0,0,0,0,0,0,0,0,0,0,0,0,0,0,0,0,0,0
2021,POST,00-0035026,K.Givens,Kevin Givens,2,DT,DL,"https://static.www.nfl.com/image/upload/f_auto,q_auto/league/elk8nj4ddzenouhvdr3u",SF,1,1,0,5,0,0,0,0.5,0.5,2,0,0,1,0,0,0,0,0,0,0,0,0
2021,POST,00-0035147,R.Fenton,Rashad Fenton,1,CB,DB,"https://static.www.nfl.com/image/private/f_auto,q_auto/league/mmjxvj9shtwdwifjmtfi",KC,2,2,0,3,0,0,0,0,0,0,0,0,1,0,0,0,0,0,0,0,1,6
2021,POST,00-0035166,A.Al-Shaair,Azeez Al-Shaair,3,ILB,LB,"https://static.www.nfl.com/image/upload/f_auto,q_auto/league/ds54eikn20fpelbmft71",SF,7,7,0,6,0,0,0,0,0,1,0,0,0,0,0,0,0,0,0,0,1,15
2021,POST,00-0035230,E.Oliver,Ed Oliver,2,DT,DL,"https://static.www.nfl.com/image/upload/f_auto,q_auto/league/fbog7lunnqjxm1d6j5jj",BUF,4,4,0,1,2,2,0,1,7,2,0,0,0,0,0,0,0,0,0,0,0,0
2021,POST,00-0035236,B.Murphy,Byron Murphy,1,CB,DB,"https://static.www.nfl.com/image/upload/f_auto,q_auto/league/secfzfwznyhcgiow4rvq",ARI,4,4,0,1,0,0,0,0,0,0,0,0,0,0,0,0,0,0,0,0,1,5
2021,POST,00-0035239,S.Murphy-Bunting,Sean Murphy-Bunting,1,CB,DB,"https://static.www.nfl.com/image/upload/f_auto,q_auto/league/ddyearvwzjb4jmunqlei",TB,2,2,0,2,0,0,0,0,0,0,0,0,0,0,0,0,0,1,10,0,0,0
2021,POST,00-0035241,Jo.Williams,Joejuan Williams,1,CB,DB,"https://static.www.nfl.com/image/private/f_auto,q_auto/league/xvd6nmxdr9hf0ohkyxhn",NE,5,3,2,0,0,0,0,0,0,0,0,0,0,0,0,0,0,0,0,0,0,0
2021,POST,00-0035247,T.Hill,Trysten Hill,1,DT,DL,"https://static.www.nfl.com/image/upload/f_auto,q_auto/league/k5jscadqqcnj44izwijp",DAL,0,0,0,2,0,0,0,0,0,0,0,0,0,0,0,0,0,0,0,0,0,0
2021,POST,00-0035248,Z.Allen,Zach Allen,1,DE,DL,"https://static.www.nfl.com/image/upload/f_auto,q_auto/league/pucwjzb9v4jdcxaw7sap",ARI,1,1,0,3,0,0,0,0,0,0,0,0,0,0,0,0,0,0,0,0,0,0
2021,POST,00-0035254,A.Nelson,Anthony Nelson,2,OLB,LB,"https://static.www.nfl.com/image/upload/f_auto,q_auto/league/zdyfdf3ei22btsolqqat",TB,0,0,0,1,0,0,0,0,0,2,0,0,0,0,0,0,0,0,0,0,0,0
2021,POST,00-0035279,C.Omenihu,Charles Omenihu,3,DE,DL,"https://static.www.nfl.com/image/private/f_auto,q_auto/league/n7hyavaepvuienrmh9bi",SF,2,1,1,2,1,1,1,1.5,10.5,4,0,0,0,0,0,0,0,0,0,0,1,5
2021,POST,00-0035290,J.Johnson,Jaquan Johnson,1,FS,DB,"https://static.www.nfl.com/image/private/f_auto,q_auto/league/d83fqx8f4xboaay0iefs",BUF,3,0,3,1,0,0,0,0,0,0,0,0,0,0,0,0,0,0,0,0,0,0
2021,POST,00-0035292,D.Long,David Long Jr.,1,ILB,LB,"https://static.www.nfl.com/image/upload/f_auto,q_auto/league/h6g8cn2jt1rvuvkyvmkp",TEN,6,4,2,2,1,3,0,1,0,1,0,0,0,0,0,0,0,0,0,0,0,0
2021,POST,00-0035301,D.Wilson,Donovan Wilson,1,SS,DB,"https://static.www.nfl.com/image/upload/f_auto,q_auto/league/ors9sdenvvgjylcfyrop",DAL,2,2,0,4,0,0,0,0,0,0,0,0,0,0,0,0,0,0,0,0,0,0
2021,POST,00-0035357,C.Lewis,Cameron Lewis,1,FS,DB,"https://static.www.nfl.com/image/private/f_auto,q_auto/league/cv2vtd0bajxfuet07bl7",BUF,0,0,0,3,0,0,0,0,0,0,0,0,0,0,0,0,0,0,0,0,0,0
2021,POST,00-0035386,T.Edwards,T.J. Edwards,1,ILB,LB,"https://static.www.nfl.com/image/upload/f_auto,q_auto/league/vmqcti3f5uufqtgiigk0",PHI,4,4,0,2,0,0,0,0,0,0,0,0,0,0,0,0,0,0,0,0,0,0
2021,POST,00-0035437,R.Teamer,Roderic Teamer,1,SS,DB,"https://static.www.nfl.com/image/private/f_auto,q_auto/league/sma7cwull7agg0gjk7dh",LV,3,2,1,2,0,0,0,0,0,0,0,0,0,0,0,0,0,0,0,0,0,0
2021,POST,00-0035525,D.Bush,Devin Bush,1,ILB,LB,"https://static.www.nfl.com/image/upload/f_auto,q_auto/league/pgpf5oeyel2jgsz2luaq",PIT,1,1,0,0,0,0,0,0,0,0,1,10,1,0,0,0,0,0,0,0,0,0
2021,POST,00-0035532,D.Thompson,Deionte Thompson,1,SS,DB,"https://static.www.nfl.com/image/private/f_auto,q_auto/league/nesagd0hvjfa2b9u3yyw",ARI,2,2,0,1,0,0,0,0,0,0,0,0,0,0,0,0,0,0,0,0,0,0
2021,POST,00-0035591,J.Hollins,Justin Hollins,3,OLB,LB,"https://static.www.nfl.com/image/upload/f_auto,q_auto/league/qu6phgfph0roj69tgp5o",LA,1,1,0,1,0,0,0,0,0,1,0,0,0,0,0,0,0,0,0,0,0,0
2021,POST,00-0035607,M.Copeland,Marquise Copeland,1,DT,DL,"https://static.www.nfl.com/image/private/f_auto,q_auto/league/ldtwwdjwltsbch8evaqy",LA,0,0,0,0,0,0,0,0,0,0,1,0,1,0,0,0,0,0,0,0,0,0
2021,POST,00-0035617,T.Reeder,Troy Reeder,4,ILB,LB,"https://static.www.nfl.com/image/upload/f_auto,q_auto/league/twe7rexbwcsrgeqkyo0u",LA,9,8,1,7,0,0,0,0,0,1,0,0,1,0,0,0,0,0,0,0,0,0
2021,POST,00-0035625,J.Thornhill,Juan Thornhill,3,FS,DB,"https://static.www.nfl.com/image/private/f_auto,q_auto/league/mxwqw2htpqtpc9b0klbv",KC,6,6,0,8,0,0,0,0,0,0,0,0,1,0,0,0,0,0,0,0,0,0
2021,POST,00-0035632,A.Hooker,Amani Hooker,1,FS,DB,"https://static.www.nfl.com/image/upload/f_auto,q_auto/league/jigd7pauot8z4engfsmx",TEN,4,4,0,3,0,0,0,0,0,0,1,15,2,0,0,0,0,0,0,0,0,0
2021,POST,00-0035643,J.Simmons,Jeffery Simmons,1,DT,DL,"https://static.www.nfl.com/image/upload/f_auto,q_auto/league/t6x8nhokjuwxz1gjq2fs",TEN,7,5,2,1,3,0,0,3,28,3,0,0,0,0,0,0,0,0,0,0,0,0
2021,POST,00-0035663,T.Rapp,Taylor Rapp,1,SS,DB,"https://static.www.nfl.com/image/upload/f_auto,q_auto/league/hbddw85y7u2tupcyx56m",LA,4,4,0,3,0,0,0,0,0,0,0,0,0,0,0,0,0,0,0,0,0,0
2021,POST,00-0035665,D.Long,David Long,3,CB,DB,"https://static.www.nfl.com/image/upload/f_auto,q_auto/league/uawngyyimhhcvwiijs1x",LA,11,10,1,1,1,0,0,0,0,0,1,3,1,1,0,0,0,0,0,0,0,0
2021,POST,00-0035667,G.Gaines,Greg Gaines,4,NT,DL,"https://static.www.nfl.com/image/upload/f_auto,q_auto/league/xbdsyuwzz86sbc2euifo",LA,3,2,1,9,1,1,0,0.5,3.5,1,0,0,2,0,0,0,0,0,0,0,1,5
2021,POST,00-0035669,N.Scott,Nick Scott,4,SS,DB,"https://static.www.nfl.com/image/upload/f_auto,q_auto/league/knvjhpqqyqrnkzwikfdx",LA,11,9,2,3,0,0,0,0,0,0,1,0,3,0,0,0,0,0,0,0,0,0
2021,POST,00-0035684,D.Baker,Deandre Baker,1,CB,DB,"https://static.www.nfl.com/image/private/f_auto,q_auto/league/nhs9n1ocfes6azgxoikw",KC,1,1,0,0,0,0,0,0,0,0,0,0,0,0,0,0,0,0,0,0,0,0
2021,POST,00-0035692,C.Ferrell,Clelin Ferrell,1,DE,DL,"https://static.www.nfl.com/image/upload/f_auto,q_auto/league/rskwfp5ry0pabky8h4qs",LV,0,0,0,0,0,0,0,0,0,2,0,0,0,0,0,0,0,0,0,0,0,0
2021,POST,00-0035697,G.Pratt,Germaine Pratt,4,OLB,LB,"https://static.www.nfl.com/image/upload/f_auto,q_auto/league/pq5icr0kspcsgxia4sg6",CIN,20,15,5,9,1,1,0,0,0,0,1,2,1,0,0,0,0,0,0,0,0,0
2021,POST,00-0035699,J.Dean,Jamel Dean,2,CB,DB,"https://static.www.nfl.com/image/private/f_auto,q_auto/league/s0k1zs9nyl2cqsjwf5cs",TB,11,11,0,3,0,0,1,0,0,0,0,0,1,0,0,0,0,0,0,0,1,16
2021,POST,00-0035705,J.Thompson,Jalen Thompson,1,FS,DB,"https://static.www.nfl.com/image/upload/f_auto,q_auto/league/vzuzk4hnunpve1myp0dm",ARI,6,5,1,6,0,0,0,0,0,0,0,0,0,0,0,0,0,0,0,0,0,0
2021,POST,00-0035707,D.White,Devin White,2,ILB,LB,"https://static.www.nfl.com/image/upload/f_auto,q_auto/league/i1c4v09znk6ijwftzset",TB,7,6,1,6,2,4,0,0,0,4,0,0,2,0,0,0,0,0,0,0,0,0
2021,POST,00-0035717,N.Bosa,Nick Bosa,3,DE,DL,"https://static.www.nfl.com/image/upload/f_auto,q_auto/league/gm1nmlg5jsa0mh9vl5ms",SF,8,8,0,4,2,3,1,4,17.5,5,0,0,0,0,0,0,0,0,0,0,0,0
2021,POST,00-0035890,T.Wharton,Tershawn Wharton,1,DT,DL,"https://static.www.nfl.com/image/private/f_auto,q_auto/league/pbuynfvzq7bojcivxbba",KC,1,1,0,0,1,0,0,1,11,1,0,0,1,0,0,0,0,0,0,0,0,0
2021,POST,00-0035933,M.Hoecht,Michael Hoecht,1,OLB,LB,"https://static.www.nfl.com/image/upload/f_auto,q_auto/league/x7dptdtfop48cak3l5os",LA,1,1,0,1,0,0,0,0,0,0,0,0,0,0,0,0,0,0,0,0,0,0
2021,POST,00-0035961,K.Barnes,Krys Barnes,1,ILB,LB,"https://static.www.nfl.com/image/upload/f_auto,q_auto/league/xgq5wwfuk5s2frsx0ha0",GB,4,4,0,3,1,1,0,0,0,0,0,0,0,0,0,0,0,0,0,0,0,0
2021,POST,00-0035962,H.Black,Henry Black,1,SS,DB,"https://static.www.nfl.com/image/private/f_auto,q_auto/league/vmzpmpwymbcmaaa5zfe9",GB,1,1,0,1,0,0,0,0,0,0,0,0,0,0,0,0,0,0,0,0,0,0
2021,POST,00-0036087,M.Bryant,Myles Bryant,1,CB,DB,"https://static.www.nfl.com/image/upload/f_auto,q_auto/league/bzbwwwemnsuw2pveglco",NE,2,2,0,0,0,0,0,0,0,0,0,0,0,0,0,0,0,0,0,0,0,0
2021,POST,00-0036166,D.Jackson,Dane Jackson,2,CB,DB,"https://static.www.nfl.com/image/upload/f_auto,q_auto/league/lys47la5i4ay7g1gr07g",BUF,9,8,1,1,1,3,0,0,0,0,0,0,0,0,0,0,0,0,0,0,1,5
2021,POST,00-0036192,A.Epenesa,A.J. Epenesa,2,DE,DL,"https://static.www.nfl.com/image/upload/f_auto,q_auto/league/cuvz6epit4d0o8grclqm",BUF,0,0,0,2,0,0,0,0,0,0,0,0,1,0,0,0,0,0,0,0,1,15
2021,POST,00-0036231,K.Dugger,Kyle Dugger,1,FS,DB,"https://static.www.nfl.com/image/private/f_auto,q_auto/league/gckckiryskfmdmgkkgj5",NE,3,1,2,1,0,0,0,0,0,0,0,0,0,0,0,0,0,0,0,0,0,0
2021,POST,00-0036240,C.Jackson,Chris Jackson,1,CB,DB,"https://static.www.nfl.com/image/private/f_auto,q_auto/league/aj2syuecws0hfgk68n79",TEN,1,1,0,0,0,0,0,0,0,0,0,0,0,0,0,0,0,0,0,0,0,0
2021,POST,00-0036294,L.Wilson,Logan Wilson,4,ILB,LB,"https://static.www.nfl.com/image/upload/f_auto,q_auto/league/dihzee6aboahkl0keztd",CIN,26,22,4,13,4,4,0,0,0,1,1,0,3,0,0,0,0,0,0,0,1,4
2021,POST,00-0036314,M.Bailey,Markus Bailey,2,ILB,LB,"https://static.www.nfl.com/image/upload/f_auto,q_auto/league/etenzo5wtbuoiz2z5tbb",CIN,1,1,0,2,0,0,0,0,0,0,0,0,0,0,0,0,0,0,0,0,0,0
2021,POST,00-0036333,A.Highsmith,Alex Highsmith,1,OLB,LB,"https://static.www.nfl.com/image/upload/f_auto,q_auto/league/pid301mbi8xc7jkg8c6q",PIT,2,2,0,1,1,0,0,1,10,1,0,0,0,0,0,0,0,0,0,0,1,15
2021,POST,00-0036341,K.Kareem,Khalid Kareem,3,DE,DL,"https://static.www.nfl.com/image/upload/f_auto,q_auto/league/seh5ywz5jnxxuwqlsjko",CIN,2,1,1,1,0,0,0,0,0,0,0,0,0,0,0,0,0,0,0,0,2,20
2021,POST,00-0036356,I.Simmons,Isaiah Simmons,1,MLB,LB,"https://static.www.nfl.com/image/upload/f_auto,q_auto/league/ea1ymycexcik2wfiimhw",ARI,1,1,0,1,0,0,0,0,0,0,0,0,0,0,0,0,0,0,0,0,0,0
2021,POST,00-0036361,T.Diggs,Trevon Diggs,1,CB,DB,"https://static.www.nfl.com/image/upload/f_auto,q_auto/league/a473plmxgavkmt23up8w",DAL,4,2,2,0,0,0,0,0,0,0,0,0,0,0,0,0,0,0,0,0,0,0
2021,POST,00-0036362,W.Gay,Willie Gay,3,ILB,LB,"https://static.www.nfl.com/image/upload/f_auto,q_auto/league/ijgqwyeuc7umltdf9dao",KC,7,7,0,4,1,2,1,0,0,1,0,0,2,0,0,0,0,0,0,0,0,0
2021,POST,00-0036366,N.Gallimore,Neville Gallimore,1,NT,DL,"https://static.www.nfl.com/image/upload/f_auto,q_auto/league/jjrzqppvoy8vbhiutdsb",DAL,1,0,1,2,0,0,0,0,0,0,0,0,0,0,0,0,0,0,0,0,1,5
2021,POST,00-0036371,L.Fotu,Leki Fotu,1,NT,DL,"https://static.www.nfl.com/image/upload/f_auto,q_auto/league/wlccptpeprzujtvqf0w3",ARI,0,0,0,1,0,0,0,0,0,1,0,0,0,0,0,0,0,0,0,0,0,0
2021,POST,00-0036373,R.Lawrence,Rashard Lawrence,1,NT,DL,"https://static.www.nfl.com/image/private/f_auto,q_auto/league/aqxkxovelybcyjqekr7d",ARI,1,1,0,0,0,0,0,0,0,0,0,0,0,0,0,0,0,0,0,0,0,0
2021,POST,00-0036374,L.Sneed,L'Jarius Sneed,3,CB,DB,"https://static.www.nfl.com/image/upload/f_auto,q_auto/league/uq5qstdlfazpw0dmu6ee",KC,20,17,3,7,1,1,0,0,0,0,1,0,2,0,0,0,0,0,0,0,0,0
2021,POST,00-0036378,M.Danna,Michael Danna,2,DE,DL,"https://static.www.nfl.com/image/private/f_auto,q_auto/league/oiywq8es1rm2rjnpbouw",KC,3,2,1,0,1,0,0,1,3,3,0,0,0,0,0,0,0,0,0,0,0,0
2021,POST,00-0036401,S.Bradley,Shaun Bradley,1,ILB,LB,"https://static.www.nfl.com/image/private/f_auto,q_auto/league/occegf1e0klknrk466oz",PHI,3,2,1,0,0,0,0,0,0,0,0,0,0,0,0,0,0,0,0,0,0,0
2021,POST,00-0036411,A.Winfield,Antoine Winfield,2,FS,DB,"https://static.www.nfl.com/image/upload/f_auto,q_auto/league/ljw68n2jwngfvfzjozr5",TB,11,9,2,3,1,0,1,1,5,2,0,0,0,0,0,0,0,1,0,0,0,0
2021,POST,00-0036414,C.Akers,Cam Akers,1,RB,RB,"https://static.www.nfl.com/image/upload/f_auto,q_auto/league/dutj0wamu7giwghnmr4m",TB,1,1,0,0,0,0,0,0,0,0,0,0,0,0,0,0,0,0,0,0,0,0
2021,POST,00-0036416,K.Fulton,Kristian Fulton,1,CB,DB,"https://static.www.nfl.com/image/upload/f_auto,q_auto/league/pcucmujvuzuhnyqucply",TEN,4,4,0,2,0,0,0,0,0,0,0,0,0,0,0,0,0,0,0,0,0,0
2021,POST,00-0036421,T.Burgess,Terrell Burgess,2,FS,DB,"https://static.www.nfl.com/image/private/f_auto,q_auto/league/ji0yjrufnzfbor9w4z8y",LA,5,4,1,2,0,0,0,0,0,0,0,0,0,0,0,0,0,0,0,0,0,0
2021,POST,00-0036440,D.Tuszka,Derrek Tuszka,1,OLB,LB,"https://static.www.nfl.com/image/private/f_auto,q_auto/league/wiwut7roauqr83n1vrxp",PIT,1,1,0,0,1,4,0,0,0,0,0,0,0,0,0,0,0,0,0,0,0,0
2021,POST,00-0036553,C.Basham,Carlos Basham,2,OLB,LB,"https://static.www.nfl.com/image/upload/f_auto,q_auto/league/stlyey1t2lotlwldzprf",BUF,5,5,0,1,1,0,0,1,4,1,0,0,0,0,0,0,0,0,0,0,0,0
2021,POST,00-0036564,T.Hufanga,Talanoa Hufanga,1,SS,DB,"https://static.www.nfl.com/image/upload/f_auto,q_auto/league/pjr0tv1cmklqerjjoapa",SF,0,0,0,1,0,0,0,0,0,0,0,0,0,0,0,0,0,0,0,0,0,0
2021,POST,00-0036621,N.Bolton,Nick Bolton,3,ILB,LB,"https://static.www.nfl.com/image/upload/f_auto,q_auto/league/ystbhd2gmugyrwvrh7ms",KC,10,9,1,8,1,2,0,0,0,0,0,0,0,0,0,0,0,0,0,0,0,0
2021,POST,00-0036642,T.Slaton,Tedarrell Slaton,1,DT,DL,"https://static.www.nfl.com/image/private/f_auto,q_auto/league/a2xoezbu6p8rg0dfl7fz",GB,1,1,0,0,1,2,0,0,0,0,0,0,0,0,0,0,0,0,0,0,0,0
2021,POST,00-0036652,R.McMath,Racey McMath,1,WR,WR,"https://static.www.nfl.com/image/upload/f_auto,q_auto/league/la1xkdczi8xr1exdwnvh",TEN,0,0,0,0,0,0,0,0,0,0,0,0,0,0,0,0,0,0,0,0,1,10
2021,POST,00-0036660,T.Smith,Trey Smith,1,G,OL,"https://static.www.nfl.com/image/private/f_auto,q_auto/league/gkonw504ovpjytykv80c",PIT,1,1,0,0,0,0,0,0,0,0,0,0,0,0,0,0,0,0,0,0,0,0
2021,POST,00-0036695,N.Jones,Naquan Jones,1,DT,DL,"https://static.www.nfl.com/image/upload/f_auto,q_auto/league/lxqini9ufcxz1teq7ztu",TEN,0,0,0,2,0,0,0,0.5,1.5,2,0,0,0,0,0,0,0,0,0,0,0,0
2021,POST,00-0036843,I.Loudermilk,Isaiahh Loudermilk,1,DE,DL,"https://static.www.nfl.com/image/upload/f_auto,q_auto/league/pba4pz874vn5eh9eacz1",PIT,1,1,0,2,0,0,0,0,0,0,0,0,0,0,0,0,0,0,0,0,0,0
2021,POST,00-0036846,T.Norwood,Tre Norwood,1,FS,DB,"https://static.www.nfl.com/image/private/f_auto,q_auto/league/lwvtn8weuxsdabsm5hlf",PIT,0,0,0,2,0,0,0,0,0,0,0,0,2,0,0,0,0,0,0,0,0,0
2021,POST,00-0036850,C.Sample,Cam Sample,1,DE,DL,"https://static.www.nfl.com/image/private/f_auto,q_auto/league/kvkvhvbvcebjkevxjdhd",CIN,1,1,0,0,0,0,0,0,0,0,0,0,0,0,0,0,0,0,0,0,0,0
2021,POST,00-0036862,B.Skowronek,Ben Skowronek,1,WR,WR,"https://static.www.nfl.com/image/upload/f_auto,q_auto/league/piiqiz29g3jukdwkihw3",CIN,1,1,0,0,0,0,0,0,0,0,0,0,0,0,0,0,0,0,0,0,0,0
2021,POST,00-0036871,N.Hobbs,Nate Hobbs,1,CB,DB,"https://static.www.nfl.com/image/upload/f_auto,q_auto/league/rdt5ir3qaznnx7o4vkcu",LV,2,2,0,3,0,0,0,0,0,0,0,0,1,0,0,0,0,0,0,0,0,0
2021,POST,00-0036884,M.Wilson,Marco Wilson,1,CB,DB,"https://static.www.nfl.com/image/upload/f_auto,q_auto/league/wu3tnzlteklzvreqel4m",ARI,0,0,0,1,0,0,0,0,0,0,0,0,0,0,0,0,0,0,0,0,0,0
2021,POST,00-0036888,D.Hamlin,Damar Hamlin,1,SS,DB,"https://static.www.nfl.com/image/upload/f_auto,q_auto/league/cwvlj0eutfveomf4zica",BUF,1,0,1,0,0,0,0,0,0,0,0,0,0,0,0,0,0,0,0,0,0,0
2021,POST,00-0036900,J.Chase,Ja'Marr Chase,1,WR,WR,"https://static.www.nfl.com/image/upload/f_auto,q_auto/league/qkcb3qt2fhasfgtfuprd",KC,1,1,0,0,0,0,0,0,0,0,0,0,0,0,0,0,0,0,0,0,0,0
2021,POST,00-0036901,E.Stokes,Eric Stokes,1,CB,DB,"https://static.www.nfl.com/image/upload/f_auto,q_auto/league/vdw6tmpv3eleigwreo3g",GB,3,2,1,1,0,0,0,0,0,0,0,0,0,0,0,0,0,0,0,0,0,0
2021,POST,00-0036914,G.Rousseau,Gregory Rousseau,2,DE,DL,"https://static.www.nfl.com/image/upload/f_auto,q_auto/league/br77inyaslxmg9u3lnjq",BUF,2,2,0,1,0,0,0,0,0,0,0,0,0,0,0,0,0,0,0,0,0,0
2021,POST,00-0036916,M.Williams,Milton Williams,1,DT,DL,"https://static.www.nfl.com/image/upload/f_auto,q_auto/league/yvjs2olyyux0zse52c3g",PHI,3,3,0,1,1,5,0,0,0,0,0,0,0,0,0,0,0,0,0,0,0,0
2021,POST,00-0036921,T.Jackson,Tarron Jackson,1,OLB,LB,"https://static.www.nfl.com/image/upload/f_auto,q_auto/league/pnqrjp76bgpkmacxma3r",PHI,1,1,0,0,0,0,0,0,0,0,0,0,0,0,0,0,0,0,0,0,0,0
2021,POST,00-0036932,M.Parsons,Micah Parsons,1,DE,DL,"https://static.www.nfl.com/image/upload/f_auto,q_auto/league/hqoqx0waptpv7cxzk3hi",DAL,3,2,1,6,1,1,0,0,0,0,0,0,0,0,0,0,0,0,0,0,1,5
2021,POST,00-0036933,Z.Collins,Zaven Collins,1,OLB,LB,"https://static.www.nfl.com/image/upload/f_auto,q_auto/league/ucdftq4owwejdg5pueqb",ARI,0,0,0,1,0,0,0,0,0,0,0,0,0,0,0,0,0,0,0,0,0,0
2021,POST,00-0036942,O.Odighizuwa,Osa Odighizuwa,1,DT,DL,"https://static.www.nfl.com/image/upload/f_auto,q_auto/league/mjesuvn9knbi0ipwdqhp",DAL,3,3,0,2,0,0,0,0,0,1,0,0,0,0,0,0,0,0,0,0,1,5
2021,POST,00-0036962,T.Moehrig,Trevon Moehrig,1,FS,DB,"https://static.www.nfl.com/image/upload/f_auto,q_auto/league/jv9en559shxazmdb8r8w",LV,1,1,0,0,0,0,0,0,0,0,0,0,0,0,0,0,0,0,0,0,0,0
2021,POST,00-0036967,J.Tryon,Joe Tryon,1,OLB,LB,"https://static.www.nfl.com/image/upload/f_auto,q_auto/league/yyiew4drnrsyay4ns2pd",TB,1,1,0,0,1,4,0,0,0,0,0,0,1,0,0,0,0,0,0,0,0,0
2021,POST,00-0036981,C.Barmore,Christian Barmore,1,DT,DL,"https://static.www.nfl.com/image/private/f_auto,q_auto/league/h4rtemvkpsx1uyjvnm63",NE,1,1,0,1,0,0,0,0,0,0,0,0,0,0,0,0,0,0,0,0,0,0
2021,POST,00-0036990,D.Deablo,Divine Deablo,1,MLB,LB,"https://static.www.nfl.com/image/upload/f_auto,q_auto/league/mjmvbtpxfzsetnmluwgi",LV,3,1,2,5,0,0,0,0,0,0,0,0,0,0,0,0,0,0,0,0,0,0
2021,POST,00-0036992,E.Molden,Elijah Molden,1,CB,DB,"https://static.www.nfl.com/image/upload/f_auto,q_auto/league/ucrlai6l3qghkhywwksk",TEN,0,0,0,2,0,0,0,0,0,0,0,0,0,0,0,0,0,0,0,0,0,0
2021,POST,00-0036994,E.Jones,Ernest Jones,2,ILB,LB,"https://static.www.nfl.com/image/upload/f_auto,q_auto/league/tv1m7jvo4agl4seeonjc",LA,6,5,1,3,2,0,0,1,7,3,0,0,1,0,0,0,0,0,0,0,0,0
2021,POST,00-0037008,A.Thomas,Ambry Thomas,2,CB,DB,"https://static.www.nfl.com/image/upload/f_auto,q_auto/league/earonnpoimllgzyxupfb",SF,13,11,2,3,0,0,0,0,0,0,0,0,1,0,0,0,0,0,0,0,1,9
2021,POST,00-0039472,M.Edwards,Mike Edwards,2,G,OL,"https://static.www.nfl.com/image/upload/f_auto,q_auto/league/ctepbz184pq3zchnxqhk",TB,10,10,0,0,1,3,0,0,0,0,1,0,1,0,0,0,0,0,0,0,0,0
2021,REG+POST,00-0022531,J.Peters,Jason Peters,1,T,OL,"https://static.www.nfl.com/image/upload/f_auto,q_auto/league/xcsyqvrlrpe6s3d0rodq",TB,1,1,0,0,0,0,0,0,0,0,0,0,0,0,0,0,0,0,0,0,0,0
2021,REG+POST,00-0022824,A.Lee,Andy Lee,1,P,SPEC,"https://static.www.nfl.com/image/private/f_auto,q_auto/league/bfozbs2h9jueavslvw3z",ARI,0,0,0,0,0,0,0,0,0,0,0,0,0,0,0,0,0,1,0,0,0,0
2021,REG+POST,00-0024243,M.Lewis,Marcedes Lewis,1,TE,TE,"https://static.www.nfl.com/image/private/f_auto,q_auto/league/ppq07tipygpftz5csipx",SF,1,1,0,0,0,0,0,0,0,0,0,0,0,0,0,0,0,0,0,0,0,0
2021,REG+POST,00-0025424,E.Weddle,Eric Weddle,3,FS,DB,"https://static.www.nfl.com/image/private/f_auto,q_auto/league/lkawujcrkiyelnzqnups",LA,10,7,3,8,1,1,0,0,0,0,0,0,0,0,0,0,0,0,0,0,1,14
2021,REG+POST,00-0026035,D.Amendola,Danny Amendola,1,WR,WR,"https://static.www.nfl.com/image/private/f_auto,q_auto/league/etz06w7s0ardf49mnayz",MIA,1,1,0,0,0,0,0,0,0,0,0,0,0,0,0,0,0,0,0,0,0,0
2021,REG+POST,00-0026189,D.Jackson,DeSean Jackson,1,WR,WR,"https://static.www.nfl.com/image/private/f_auto,q_auto/league/pr5m864fqvnoozihylrh",ARI,1,1,0,0,0,0,0,0,0,0,0,0,0,0,0,0,0,0,0,0,0,0
2021,REG+POST,00-0026189,D.Jackson,DeSean Jackson,1,WR,WR,"https://static.www.nfl.com/image/private/f_auto,q_auto/league/pr5m864fqvnoozihylrh",KC,0,0,0,1,0,0,0,0,0,0,0,0,0,0,0,0,0,0,0,0,0,0
2021,REG+POST,00-0026190,C.Campbell,Calais Campbell,14,DE,DL,"https://static.www.nfl.com/image/upload/f_auto,q_auto/league/dmgqjt7qihxkze7iuajf",BAL,29,21,8,20,5,10,0,1.5,3.5,12,0,0,1,0,0,0,0,1,0,0,0,0
2021,REG+POST,00-0026300,J.Johnson,Josh Johnson,1,QB,QB,"https://static.www.nfl.com/image/upload/f_auto,q_auto/league/gbaye18gptzb1jpyswv8",CIN,1,1,0,0,0,0,0,0,0,0,0,0,0,0,0,0,0,0,0,0,0,0
2021,REG+POST,00-0026564,S.McLendon,Steve McLendon,12,NT,DL,"https://static.www.nfl.com/image/private/f_auto,q_auto/league/bt0l6ltdi7h2dtahm3xh",TB,8,7,1,4,1,1,2,1.5,10.5,5,1,0,2,0,0,0,0,0,0,0,0,0
2021,REG+POST,00-0026990,M.Jenkins,Malcolm Jenkins,16,SS,DB,"https://static.www.nfl.com/image/private/f_auto,q_auto/league/mbjf9xp0ilh4vbbwyzwi",NO,53,49,4,26,3,3,1,1,8,2,1,34,5,1,0,0,0,0,0,0,2,12
2021,REG+POST,00-0027061,J.Cook,Jared Cook,1,TE,TE,"https://static.www.nfl.com/image/private/f_auto,q_auto/league/cthoenebptadlu4g928v",BAL,1,1,0,0,0,0,0,0,0,0,0,0,0,0,0,0,0,0,0,0,0,0
2021,REG+POST,00-0027136,J.McCourty,Jason McCourty,6,FS,DB,"https://static.www.nfl.com/image/private/f_auto,q_auto/league/myk5ccdezt1lhjc8szbm",MIA,10,10,0,11,0,0,0,0,0,0,0,0,2,0,0,0,0,0,0,0,0,0
2021,REG+POST,00-0027539,A.Levine,Anthony Levine,2,SS,DB,"https://static.www.nfl.com/image/private/f_auto,q_auto/league/gew5y4jtrh2jd7guowwk",BAL,3,3,0,1,0,0,0,0,0,0,0,0,1,0,0,0,0,0,0,0,0,0
2021,REG+POST,00-0027647,D.McCourty,Devin McCourty,18,FS,DB,"https://static.www.nfl.com/image/private/f_auto,q_auto/league/ykgtrwxckxvxdvadgqjf",NE,48,45,3,20,0,0,0,0,0,0,3,22,10,0,0,0,0,0,0,0,0,0
2021,REG+POST,00-0027662,C.Dunlap,Carlos Dunlap,14,OLB,LB,"https://static.www.nfl.com/image/private/f_auto,q_auto/league/wbg4avjy9bbdyeri6b6j",SEA,24,19,5,11,8,3,1,8.5,64.5,14,0,0,7,0,0,0,0,0,0,1,2,20
2021,REG+POST,00-0027685,E.Sanders,Emmanuel Sanders,1,WR,WR,"https://static.www.nfl.com/image/private/f_auto,q_auto/league/potkibjtm855tsawozs0",NO,1,1,0,0,0,0,0,0,0,0,0,0,0,0,0,0,0,0,0,0,0,0
2021,REG+POST,00-0027686,C.Peters,Corey Peters,12,DT,DL,"https://static.www.nfl.com/image/private/f_auto,q_auto/league/zutvrtzwir9awk4zh7yn",ARI,12,9,3,14,4,5,0,0,0,1,0,0,1,0,0,0,0,1,4,0,1,5
2021,REG+POST,00-0027688,C.McCoy,Colt McCoy,1,QB,QB,"https://static.www.nfl.com/image/private/f_auto,q_auto/league/mvcoi7f6thyudufnh0dx",CAR,1,1,0,0,0,0,0,0,0,0,0,0,0,0,0,0,0,0,0,0,0,0
2021,REG+POST,00-0027696,J.Graham,Jimmy Graham,1,TE,TE,"https://static.www.nfl.com/image/private/f_auto,q_auto/league/h7xs06oj6g03mippwtse",NYG,1,1,0,0,0,0,0,0,0,0,0,0,0,0,0,0,0,0,0,0,0,0
2021,REG+POST,00-0027701,E.Griffen,Everson Griffen,9,DE,DL,"https://static.www.nfl.com/image/private/f_auto,q_auto/league/fqvc0dkghdix5fq9tfaq",MIN,10,9,1,5,4,0,1,5,42,10,0,0,0,0,0,0,0,0,0,0,7,65
2021,REG+POST,00-0027723,A.Woods,Al Woods,16,NT,DL,"https://static.www.nfl.com/image/private/f_auto,q_auto/league/prcuuwfcof1uok4lxb11",SEA,26,20,6,24,4,6,0,1.5,12.5,5,0,0,3,0,0,0,0,0,0,0,4,30
2021,REG+POST,00-0027855,N.Suh,Ndamukong Suh,17,DE,DL,"https://static.www.nfl.com/image/private/f_auto,q_auto/league/amvgudlseikg7eq0nn9d",TB,19,18,1,16,7,1,1,6.5,38.5,17,0,0,0,0,0,0,0,1,0,0,4,30
2021,REG+POST,00-0027857,T.Williams,Trent Williams,1,T,OL,"https://static.www.nfl.com/image/upload/f_auto,q_auto/league/pngn7zttto574ellwslr",HOU,1,1,0,0,0,0,0,0,0,0,0,0,0,0,0,0,0,0,0,0,0,0
2021,REG+POST,00-0027860,J.Haden,Joe Haden,13,CB,DB,"https://static.www.nfl.com/image/private/f_auto,q_auto/league/caumqxwppfoakjvpqxej",PIT,30,24,6,14,0,0,1,0,0,0,0,0,6,0,0,0,0,1,0,0,2,21
2021,REG+POST,00-0027862,T.Alualu,Tyson Alualu,1,NT,DL,"https://static.www.nfl.com/image/private/f_auto,q_auto/league/wz7lyukjawvr7xfdszmb",PIT,2,2,0,3,0,0,0,0,0,1,0,0,0,0,0,0,0,0,0,0,0,0
2021,REG+POST,00-0027865,B.Graham,Brandon Graham,1,DE,DL,"https://static.www.nfl.com/image/upload/f_auto,q_auto/league/e6iqegrredwqev7qx81m",PHI,2,2,0,0,1,2,0,0,0,1,0,0,0,0,0,0,0,0,0,0,0,0
2021,REG+POST,00-0027867,J.Pierre-Paul,Jason Pierre-Paul,14,DE,DL,"https://static.www.nfl.com/image/private/f_auto,q_auto/league/pwl0fkpfwut1rizcarub",TB,21,20,1,12,3,4,1,3,6.5,7,0,0,4,0,0,0,0,1,5,0,5,25
2021,REG+POST,00-0027872,K.Jackson,Kareem Jackson,15,SS,DB,"https://static.www.nfl.com/image/upload/f_auto,q_auto/league/vzmcqsvgotnfsmmzgtwa",DEN,62,55,7,26,1,2,0,1,0,0,1,7,2,0,0,0,0,0,0,0,0,0
2021,REG+POST,00-0027881,J.Hughes,Jerry Hughes,16,DE,DL,"https://static.www.nfl.com/image/upload/f_auto,q_auto/league/holacsltnj1mvxkeqgp0",BUF,9,8,1,10,2,4,2,3,12.5,10,0,0,3,0,0,0,0,0,0,0,3,15
2021,REG+POST,00-0027885,L.Joseph,Linval Joseph,14,NT,DL,"https://static.www.nfl.com/image/upload/f_auto,q_auto/league/xm9kvvx4uujqqjkqxngq",LAC,30,24,6,27,3,2,0,1,10,2,0,0,0,0,0,0,0,0,0,0,1,5
2021,REG+POST,00-0027914,A.Sendejo,Andrew Sendejo,10,FS,DB,"https://static.www.nfl.com/image/private/f_auto,q_auto/league/siupf4yvtt6m2vo8eed9",IND,29,24,5,11,2,1,1,0,0,0,0,0,2,0,0,0,0,1,0,0,1,0
2021,REG+POST,00-0027940,V.Miller,Von Miller,7,DE,DL,"https://static.www.nfl.com/image/upload/f_auto,q_auto/league/qpprquecnqk19xsi0dtj",DEN,10,8,2,9,7,3,0,4.5,25,9,0,0,0,0,0,0,0,0,0,0,2,10
2021,REG+POST,00-0027940,V.Miller,Von Miller,12,DE,DL,"https://static.www.nfl.com/image/upload/f_auto,q_auto/league/qpprquecnqk19xsi0dtj",LA,35,31,4,10,18,15,2,9,60,14,0,0,2,0,0,0,0,1,0,0,2,20
2021,REG+POST,00-0027942,A.Green,A.J. Green,1,WR,WR,"https://static.www.nfl.com/image/private/f_auto,q_auto/league/guj5a9vnnzqfiljupzuj",JAX,1,1,0,0,0,0,0,0,0,0,0,0,0,0,0,0,0,0,0,0,0,0
2021,REG+POST,00-0027943,P.Peterson,Patrick Peterson,13,CB,DB,"https://static.www.nfl.com/image/private/f_auto,q_auto/league/hefuj7lvfmgvr4tme7te",MIN,34,33,1,11,2,5,0,0,0,0,1,66,5,1,0,0,0,0,0,0,3,27
2021,REG+POST,00-0027944,J.Jones,Julio Jones,1,WR,WR,"https://static.www.nfl.com/image/upload/f_auto,q_auto/league/omrddf2phtyztzx2nup1",CIN,1,1,0,0,0,0,0,0,0,0,0,0,0,0,0,0,0,0,0,0,0,0
2021,REG+POST,00-0027944,J.Jones,Julio Jones,1,WR,WR,"https://static.www.nfl.com/image/upload/f_auto,q_auto/league/omrddf2phtyztzx2nup1",IND,1,1,0,0,0,0,0,0,0,0,0,0,0,0,0,0,0,0,0,0,0,0
2021,REG+POST,00-0027944,J.Jones,Julio Jones,1,WR,WR,"https://static.www.nfl.com/image/upload/f_auto,q_auto/league/omrddf2phtyztzx2nup1",PIT,1,1,0,0,0,0,0,0,0,0,0,0,0,0,0,0,0,0,0,0,0,0
2021,REG+POST,00-0027947,T.Smith,Tyron Smith,1,T,OL,"https://static.www.nfl.com/image/upload/f_auto,q_auto/league/w7doljwg9c9jqwejqf8b",NE,1,1,0,0,0,0,0,0,0,0,0,0,0,0,0,0,0,0,0,0,0,0
2021,REG+POST,00-0027949,J.Watt,J.J. Watt,8,DE,DL,"https://static.www.nfl.com/image/private/f_auto,q_auto/league/pooulgm7mdcx5x9gza7l",ARI,11,7,4,8,6,14,1,1,1,10,0,0,2,0,0,0,0,0,0,0,1,5
2021,REG+POST,00-0027952,R.Quinn,Robert Quinn,16,OLB,LB,"https://static.www.nfl.com/image/private/f_auto,q_auto/league/g8hslz6tb43l7xbmxzfh",CHI,38,32,6,11,17,22,4,18.5,133.5,22,0,0,0,0,0,0,0,0,0,0,4,30
2021,REG+POST,00-0027954,R.Kerrigan,Ryan Kerrigan,5,DE,DL,"https://static.www.nfl.com/image/private/f_auto,q_auto/league/zi9qhkog8osjo2pk5bg4",PHI,5,4,1,1,3,5,0,1.5,12.5,4,0,0,0,0,0,0,0,0,0,0,0,0
2021,REG+POST,00-0027955,N.Solder,Nate Solder,1,T,OL,"https://static.www.nfl.com/image/private/f_auto,q_auto/league/kbzznhzm6nub46htfcse",LV,1,1,0,0,0,0,0,0,0,0,0,0,0,0,0,0,0,0,0,0,0,0
2021,REG+POST,00-0027955,N.Solder,Nate Solder,1,T,OL,"https://static.www.nfl.com/image/private/f_auto,q_auto/league/kbzznhzm6nub46htfcse",WAS,1,1,0,0,0,0,0,0,0,0,0,0,0,0,0,0,0,0,0,0,0,0
2021,REG+POST,00-0027962,C.Jordan,Cameron Jordan,16,DE,DL,"https://static.www.nfl.com/image/upload/f_auto,q_auto/league/wxcyaqstm1qguagtp1ye",NO,38,35,3,21,13,9,2,12.5,75.5,22,0,0,6,0,0,0,0,0,0,0,2,10
2021,REG+POST,00-0027965,J.Smith,Jimmy Smith,8,CB,DB,"https://static.www.nfl.com/image/private/f_auto,q_auto/league/uycb0wytmroih8dz8rag",BAL,15,14,1,3,1,4,0,0,0,0,0,0,3,0,0,0,0,0,0,0,1,28
2021,REG+POST,00-0027966,M.Ingram,Mark Ingram,1,RB,RB,"https://static.www.nfl.com/image/private/f_auto,q_auto/league/qyju9wutyssrf0b26ran",BUF,1,1,0,0,0,0,0,0,0,0,0,0,0,0,0,0,0,0,0,0,0,0
2021,REG+POST,00-0027966,M.Ingram,Mark Ingram,1,RB,RB,"https://static.www.nfl.com/image/private/f_auto,q_auto/league/qyju9wutyssrf0b26ran",MIA,1,1,0,0,0,0,0,0,0,0,0,0,0,0,0,0,0,0,0,0,0,0
2021,REG+POST,00-0027969,C.Heyward,Cameron Heyward,18,DT,DL,"https://static.www.nfl.com/image/upload/f_auto,q_auto/league/jroymb3jdu14pusq9wu8",PIT,55,41,14,38,15,12,2,10,55.5,17,1,0,9,0,0,0,0,1,0,0,6,31
2021,REG+POST,00-0027973,A.Dalton,Andy Dalton,1,QB,QB,"https://static.www.nfl.com/image/upload/f_auto,q_auto/league/az1zo7fl2tozg50tgs0d",ARI,1,1,0,1,0,0,0,0,0,0,0,0,0,0,0,0,0,0,0,0,0,0
2021,REG+POST,00-0027975,J.Sheard,Jabaal Sheard,1,DE,DL,"https://static.www.nfl.com/image/private/f_auto,q_auto/league/lgti1akk6lj57zbfuobf",MIA,0,0,0,1,0,0,0,0,0,0,0,0,0,0,0,0,0,0,0,0,0,0
2021,REG+POST,00-0027993,R.Hudson,Rodney Hudson,1,C,OL,"https://static.www.nfl.com/image/private/f_auto,q_auto/league/qcyahgqlx44j8n9bzkwg",LA,1,1,0,0,0,0,0,0,0,0,0,0,0,0,0,0,0,0,0,0,0,0
2021,REG+POST,00-0028008,J.Houston,Justin Houston,15,OLB,LB,"https://static.www.nfl.com/image/upload/f_auto,q_auto/league/uvob2wz6eezshbjclcya",BAL,19,16,3,15,6,2,1,4.5,22.5,17,0,0,1,0,0,0,0,1,0,0,1,15
2021,REG+POST,00-0028037,K.Wright,K.J. Wright,15,OLB,LB,"https://static.www.nfl.com/image/private/f_auto,q_auto/league/z1lt2ic9salihpdevh7p",LV,25,20,5,27,2,2,0,0,0,0,0,0,0,0,0,0,0,0,0,0,1,5
2021,REG+POST,00-0028063,T.Jones,Taiwan Jones,2,RB,RB,"https://static.www.nfl.com/image/private/f_auto,q_auto/league/va09vgfr7bdc2wb6ikq4",BUF,0,0,0,0,0,0,0,0,0,0,0,0,0,0,0,0,0,0,0,0,2,10
2021,REG+POST,00-0028075,B.Skrine,Buster Skrine,6,CB,DB,"https://static.www.nfl.com/image/private/f_auto,q_auto/league/veok5ok0xu5vjfg5uni4",TEN,12,11,1,6,0,0,0,0,0,0,1,17,3,0,0,0,0,0,0,0,0,0
2021,REG+POST,00-0028092,R.Sherman,Richard Sherman,4,CB,DB,"https://static.www.nfl.com/image/private/f_auto,q_auto/league/bdfb1uulaykfcryanimb",TB,11,11,0,0,0,0,0,0,0,0,1,0,1,0,0,0,0,1,4,0,2,26
2021,REG+POST,00-0028097,L.Smith,Lee Smith,1,TE,TE,"https://static.www.nfl.com/image/private/f_auto,q_auto/league/gcaqwhzrinlqicrljwlr",CAR,1,1,0,0,0,0,0,0,0,0,0,0,0,0,0,0,0,0,0,0,0,0
2021,REG+POST,00-0028103,P.McPhee,Pernell McPhee,8,OLB,LB,"https://static.www.nfl.com/image/private/f_auto,q_auto/league/ybkcgchf6dxet313tmji",BAL,11,9,2,3,2,1,0,1,11,3,0,0,0,0,0,0,0,0,0,0,1,16
2021,REG+POST,00-0028171,L.Guy,Lawrence Guy,18,DT,DL,"https://static.www.nfl.com/image/private/f_auto,q_auto/league/jyc3hf6lyt5js3b7oon8",NE,38,23,15,26,2,1,0,1.5,9,5,0,0,1,0,0,0,0,1,0,0,1,6
2021,REG+POST,00-0028180,M.Smith,Malcolm Smith,15,MLB,LB,"https://static.www.nfl.com/image/private/f_auto,q_auto/league/uelur2x665hhkdopr9qb",CLE,32,22,10,18,3,1,0,0,0,0,2,1,5,0,0,0,0,0,0,0,2,30
2021,REG+POST,00-0028224,C.Harris,Chris Harris,14,CB,DB,"https://static.www.nfl.com/image/private/f_auto,q_auto/league/jil3vlqjybwg2tawnume",LAC,30,28,2,7,0,0,0,0,0,1,1,0,6,0,0,0,0,0,0,0,3,82
2021,REG+POST,00-0028278,J.Bynes,Josh Bynes,13,ILB,LB,"https://static.www.nfl.com/image/private/f_auto,q_auto/league/yki1iqv1tu8hvta68ypu",BAL,50,38,12,26,6,9,0,2,1,3,0,0,4,0,0,0,0,0,0,0,0,0
2021,REG+POST,00-0028339,M.Addison,Mario Addison,15,DE,DL,"https://static.www.nfl.com/image/private/f_auto,q_auto/league/bapzewurohnyaqq1p3ud",BUF,21,18,3,9,8,8,2,7,44,7,0,0,0,0,0,0,0,0,0,0,2,20
2021,REG+POST,00-0028872,J.Hekker,Johnny Hekker,1,P,SPEC,"https://static.www.nfl.com/image/upload/f_auto,q_auto/league/bcl8kjfwubicyywpxfny",LA,0,0,0,0,0,0,0,0,0,0,0,0,0,0,0,0,0,1,0,0,0,0
2021,REG+POST,00-0028899,R.McLeod,Rodney McLeod,14,FS,DB,"https://static.www.nfl.com/image/upload/f_auto,q_auto/league/ettne7rdpnkozuyhx8be",PHI,34,32,2,30,0,0,0,0,0,0,2,24,4,0,0,0,0,0,0,0,1,5
2021,REG+POST,00-0028908,M.Thomas,Michael Thomas,4,SS,DB,"https://static.www.nfl.com/image/private/f_auto,q_auto/league/wkugml4qpzkcj1tcyezx",CIN,7,5,2,5,0,0,0,0,0,0,0,0,1,0,0,0,0,0,0,0,0,0
2021,REG+POST,00-0028924,T.Gipson,Tashaun Gipson,12,FS,DB,"https://static.www.nfl.com/image/private/f_auto,q_auto/league/mbniabicepxxcetygjhk",CHI,33,32,1,14,1,0,0,1,2,1,2,31,3,0,0,0,0,1,13,0,1,15
2021,REG+POST,00-0029061,J.Stanford,Julian Stanford,3,OLB,LB,"https://static.www.nfl.com/image/private/f_auto,q_auto/league/mezqwdtmou8ccdns9jc2",CAR,1,1,0,2,0,0,0,0,0,0,0,0,0,0,0,0,0,0,0,0,0,0
2021,REG+POST,00-0029144,T.Compton,Tom Compton,1,T,OL,"https://static.www.nfl.com/image/private/f_auto,q_auto/league/pqw3ldugrml3w13fzyry",LA,1,1,0,0,0,0,0,0,0,0,0,0,0,0,0,0,0,0,0,0,0,0
2021,REG+POST,00-0029144,T.Compton,Tom Compton,1,T,OL,"https://static.www.nfl.com/image/private/f_auto,q_auto/league/pqw3ldugrml3w13fzyry",MIN,1,1,0,0,0,0,0,0,0,0,0,0,0,0,0,0,0,0,0,0,0,0
2021,REG+POST,00-0029193,B.Irvin,Bruce Irvin,4,OLB,LB,"https://static.www.nfl.com/image/private/f_auto,q_auto/league/jxsrulnbvfvmls7u6w7s",CHI,2,2,0,5,0,0,0,0,0,2,0,0,1,0,0,0,0,0,0,0,1,14
2021,REG+POST,00-0029239,B.Bolden,Brandon Bolden,1,RB,RB,"https://static.www.nfl.com/image/private/f_auto,q_auto/league/kqqwz35z9brhkzbs4bcn",IND,1,1,0,0,0,0,0,0,0,0,0,0,0,0,0,0,0,0,0,0,0,0
2021,REG+POST,00-0029239,B.Bolden,Brandon Bolden,1,RB,RB,"https://static.www.nfl.com/image/private/f_auto,q_auto/league/kqqwz35z9brhkzbs4bcn",LAC,1,1,0,0,0,0,0,0,0,0,0,0,0,0,0,0,0,0,0,0,0,0
2021,REG+POST,00-0029239,B.Bolden,Brandon Bolden,1,RB,RB,"https://static.www.nfl.com/image/private/f_auto,q_auto/league/kqqwz35z9brhkzbs4bcn",NE,1,1,0,0,0,0,0,0,0,0,0,0,0,0,0,0,0,0,0,0,1,15
2021,REG+POST,00-0029239,B.Bolden,Brandon Bolden,1,RB,RB,"https://static.www.nfl.com/image/private/f_auto,q_auto/league/kqqwz35z9brhkzbs4bcn",NO,2,2,0,0,0,0,0,0,0,0,0,0,0,0,0,0,0,0,0,0,0,0
2021,REG+POST,00-0029249,M.Ingram,Melvin Ingram,11,OLB,LB,"https://static.www.nfl.com/image/private/f_auto,q_auto/league/kbnd1mhegpg4n5kj7rac",KC,11,6,5,9,3,4,2,3,25,8,0,0,1,0,0,0,0,0,0,0,1,5
2021,REG+POST,00-0029249,M.Ingram,Melvin Ingram,5,OLB,LB,"https://static.www.nfl.com/image/private/f_auto,q_auto/league/kbnd1mhegpg4n5kj7rac",PIT,5,4,1,5,2,3,0,1,8,6,0,0,1,0,0,0,0,0,0,0,2,20
2021,REG+POST,00-0029255,B.Wagner,Bobby Wagner,15,ILB,LB,"https://static.www.nfl.com/image/upload/f_auto,q_auto/league/syrf5eqbgosyxx7zrsso",SEA,93,78,15,77,3,6,1,1,7,3,1,3,5,0,0,0,0,0,0,0,1,5
2021,REG+POST,00-0029261,C.Hayward,Casey Hayward,18,CB,DB,"https://static.www.nfl.com/image/private/f_auto,q_auto/league/o5cft0nj87mwqsnp3wug",LV,40,38,2,7,3,3,0,0,0,0,1,0,10,0,0,0,0,0,0,1,3,26
2021,REG+POST,00-0029269,T.Benjamin,Travis Benjamin,1,WR,WR,"https://static.www.nfl.com/image/private/f_auto,q_auto/league/io9silocxbywvisvcvpx",LA,1,1,0,0,0,0,0,0,0,0,0,0,0,0,0,0,0,0,0,0,0,0
2021,REG+POST,00-0029284,M.Daniels,Mike Daniels,1,DT,DL,"https://static.www.nfl.com/image/private/f_auto,q_auto/league/qyvpu9j05il8dncustlp",CIN,5,4,1,0,1,3,0,0,0,0,0,0,0,0,0,0,0,0,0,0,0,0
2021,REG+POST,00-0029285,J.Norman,Josh Norman,15,CB,DB,"https://static.www.nfl.com/image/private/f_auto,q_auto/league/i2bihsraophhbhvhhypb",SF,37,36,1,13,3,3,7,0,0,0,1,40,5,0,0,0,0,0,0,0,6,85
2021,REG+POST,00-0029293,M.Jones,Marvin Jones,1,WR,WR,"https://static.www.nfl.com/image/private/f_auto,q_auto/league/ciy9sxefmcnwjw7ln3h2",TEN,1,1,0,0,0,0,0,0,0,0,0,0,0,0,0,0,0,0,0,0,0,0
2021,REG+POST,00-0029410,T.Wilson,Tavon Wilson,3,SS,DB,"https://static.www.nfl.com/image/private/f_auto,q_auto/league/ztnf4vdx2qw6nowvmxy4",SF,5,5,0,4,0,0,0,0,0,0,0,0,1,0,0,0,0,0,0,0,0,0
2021,REG+POST,00-0029528,B.Massie,Bobby Massie,1,T,OL,"https://static.www.nfl.com/image/private/f_auto,q_auto/league/hfjtsmseahvvdllps7eg",LV,0,0,0,1,0,0,0,0,0,0,0,0,0,0,0,0,0,0,0,0,0,0
2021,REG+POST,00-0029530,J.Bethel,Justin Bethel,6,CB,DB,"https://static.www.nfl.com/image/private/f_auto,q_auto/league/ctqpivwrs2u9gwrohbce",NE,4,4,0,0,0,0,0,0,0,0,0,0,1,0,0,0,0,0,0,0,1,10
2021,REG+POST,00-0029542,S.Gilmore,Stephon Gilmore,7,CB,DB,"https://static.www.nfl.com/image/upload/f_auto,q_auto/league/rzqv9harev8c0excxzfz",CAR,15,12,3,1,1,0,0,0,0,0,2,13,2,0,0,0,0,0,0,0,2,13
2021,REG+POST,00-0029560,D.Kirkpatrick,Dre Kirkpatrick,2,CB,DB,"https://static.www.nfl.com/image/private/f_auto,q_auto/league/z0hhlgxx1icjln3l3hgl",SF,5,5,0,1,1,0,0,0,0,0,0,0,0,0,0,0,0,0,0,0,1,23
2021,REG+POST,00-0029562,L.David,Lavonte David,14,ILB,LB,"https://static.www.nfl.com/image/upload/f_auto,q_auto/league/sg8cvbhglpfqor2mz44k",TB,72,64,8,38,6,7,2,2,1,4,0,0,3,0,0,0,0,2,12,0,2,21
2021,REG+POST,00-0029568,M.Jackson,Malik Jackson,13,DT,DL,"https://static.www.nfl.com/image/private/f_auto,q_auto/league/gakfws2ki3j7zuvdllnh",CLE,7,6,1,18,2,3,0,0.5,4,7,0,0,4,0,0,0,0,0,0,0,4,30
2021,REG+POST,00-0029577,D.Trevathan,Danny Trevathan,5,ILB,LB,"https://static.www.nfl.com/image/private/f_auto,q_auto/league/jukojjsqqppqju4worol",CHI,8,6,2,11,1,3,0,0,0,0,0,0,0,0,0,0,0,0,0,0,0,0
2021,REG+POST,00-0029585,C.Jones,Chandler Jones,16,DE,DL,"https://static.www.nfl.com/image/private/f_auto,q_auto/league/o12yqn0vbknt7gmu5owf",ARI,37,34,3,13,14,21,6,10.5,79.5,26,0,0,4,0,0,0,0,1,1,0,4,50
2021,REG+POST,00-0029592,K.Zeitler,Kevin Zeitler,1,G,OL,"https://static.www.nfl.com/image/upload/f_auto,q_auto/league/l7m6q3fbvbot23tshcma",CLE,0,0,0,1,0,0,0,0,0,0,0,0,0,0,0,0,0,0,0,0,0,0
2021,REG+POST,00-0029592,K.Zeitler,Kevin Zeitler,1,G,OL,"https://static.www.nfl.com/image/upload/f_auto,q_auto/league/l7m6q3fbvbot23tshcma",LAC,0,0,0,1,0,0,0,0,0,0,0,0,0,0,0,0,0,0,0,0,0,0
2021,REG+POST,00-0029604,K.Cousins,Kirk Cousins,1,QB,QB,"https://static.www.nfl.com/image/upload/f_auto,q_auto/league/yt6n07jezvfmcsoq0j13",CAR,1,1,0,0,0,0,0,0,0,0,0,0,0,0,0,0,0,0,0,0,0,0
2021,REG+POST,00-0029606,H.Smith,Harrison Smith,15,SS,DB,"https://static.www.nfl.com/image/upload/f_auto,q_auto/league/mf2e5sc9smu4cj22f4di",MIN,83,68,15,31,3,0,1,3,22,5,1,10,7,0,0,0,0,0,0,0,4,30
2021,REG+POST,00-0029607,D.Davis,Demario Davis,16,MLB,LB,"https://static.www.nfl.com/image/upload/f_auto,q_auto/league/todpplb6yao1c5zvofsk",NO,70,61,9,35,13,7,0,3,16,10,0,0,7,0,0,0,0,0,0,0,2,9
2021,REG+POST,00-0029630,M.Brockers,Michael Brockers,16,DE,DL,"https://static.www.nfl.com/image/private/f_auto,q_auto/league/qkh4jhodaog0uckpbzja",DET,23,18,5,29,4,4,0,1,10,1,0,0,0,0,0,0,0,0,0,0,2,10
2021,REG+POST,00-0029632,M.Sanu,Mohamed Sanu,1,WR,WR,"https://static.www.nfl.com/image/private/f_auto,q_auto/league/a6loroqhta6g65aqnsrk",ARI,1,1,0,0,0,0,0,0,0,0,0,0,0,0,0,0,0,0,0,0,0,0
2021,REG+POST,00-0029643,W.Mercilus,Whitney Mercilus,3,DE,DL,"https://static.www.nfl.com/image/private/f_auto,q_auto/league/ppap8wfihhya2o1ekket",GB,3,3,0,2,1,0,0,1,7,2,0,0,0,0,0,0,0,0,0,0,0,0
2021,REG+POST,00-0029643,W.Mercilus,Whitney Mercilus,6,DE,DL,"https://static.www.nfl.com/image/private/f_auto,q_auto/league/ppap8wfihhya2o1ekket",HOU,6,5,1,6,4,1,0,3,25,3,0,0,0,0,0,0,0,0,0,0,0,0
2021,REG+POST,00-0029653,F.Cox,Fletcher Cox,16,DT,DL,"https://static.www.nfl.com/image/private/f_auto,q_auto/league/guiegvu50wdv6lzspebo",PHI,26,17,9,12,8,13,2,3.5,26.5,12,0,0,0,1,0,0,0,1,0,0,4,19
2021,REG+POST,00-0029657,A.Hicks,Akiem Hicks,8,DT,DL,"https://static.www.nfl.com/image/private/f_auto,q_auto/league/u6vzbrj6xejni2lks17m",CHI,19,17,2,6,5,3,0,3.5,26.5,9,0,0,0,0,0,0,0,0,0,0,1,15
2021,REG+POST,00-0029669,D.Hightower,Dont'a Hightower,16,OLB,LB,"https://static.www.nfl.com/image/private/f_auto,q_auto/league/ye8raazdvcmtv19wpmvo",NE,41,33,8,26,1,0,0,1.5,13.5,4,0,0,1,0,0,0,0,0,0,0,2,12
2021,REG+POST,00-0029672,R.Reiff,Riley Reiff,1,T,OL,"https://static.www.nfl.com/image/private/f_auto,q_auto/league/o7mwtkt8hoi05yvuijzc",CHI,0,0,0,1,0,0,0,0,0,0,0,0,0,0,0,0,0,0,0,0,0,0
2021,REG+POST,00-0029672,R.Reiff,Riley Reiff,1,T,OL,"https://static.www.nfl.com/image/private/f_auto,q_auto/league/o7mwtkt8hoi05yvuijzc",CLE,1,1,0,0,0,0,0,0,0,0,0,0,0,0,0,0,0,0,0,0,0,0
2021,REG+POST,00-0029681,J.Jenkins,Janoris Jenkins,15,CB,DB,"https://static.www.nfl.com/image/private/f_auto,q_auto/league/qfjugbhul7ergngoqlyg",TEN,39,34,5,17,0,0,1,0,0,0,1,0,7,0,0,0,0,0,0,0,6,60
2021,REG+POST,00-0029685,G.Van Roten,Greg Van Roten,1,G,OL,"https://static.www.nfl.com/image/upload/f_auto,q_auto/league/ofdjacvucdeuucgmsucb",DEN,1,1,0,0,0,0,0,0,0,0,0,0,0,0,0,0,0,0,0,0,0,0
2021,REG+POST,00-0029701,R.Tannehill,Ryan Tannehill,1,QB,QB,"https://static.www.nfl.com/image/private/f_auto,q_auto/league/yvwju12dl6haf3r8uzrm",CIN,1,1,0,0,0,0,0,0,0,0,0,0,0,0,0,0,0,0,0,0,0,0
2021,REG+POST,00-0029701,R.Tannehill,Ryan Tannehill,1,QB,QB,"https://static.www.nfl.com/image/private/f_auto,q_auto/league/yvwju12dl6haf3r8uzrm",HOU,1,1,0,0,0,0,0,0,0,0,0,0,0,0,0,0,0,0,0,0,0,0
2021,REG+POST,00-0029701,R.Tannehill,Ryan Tannehill,1,QB,QB,"https://static.www.nfl.com/image/private/f_auto,q_auto/league/yvwju12dl6haf3r8uzrm",IND,1,1,0,0,0,0,0,0,0,0,0,0,0,0,0,0,0,0,0,0,0,0
2021,REG+POST,00-0029701,R.Tannehill,Ryan Tannehill,1,QB,QB,"https://static.www.nfl.com/image/private/f_auto,q_auto/league/yvwju12dl6haf3r8uzrm",PIT,0,0,0,1,0,0,0,0,0,0,0,0,0,0,0,0,0,0,0,0,0,0
2021,REG+POST,00-0029747,C.Banjo,Chris Banjo,1,FS,DB,"https://static.www.nfl.com/image/private/f_auto,q_auto/league/ibqowvcvkzurwo95ukg9",ARI,0,0,0,1,0,0,0,0,0,0,0,0,0,0,0,0,0,0,0,0,0,0
2021,REG+POST,00-0029764,C.Davis,Cody Davis,1,FS,DB,"https://static.www.nfl.com/image/private/f_auto,q_auto/league/pdijtrs1tnltal8g6cmx",NE,0,0,0,0,0,0,0,0,0,0,0,0,0,0,0,0,0,0,0,0,1,10
2021,REG+POST,00-0029794,D.Bates,Daren Bates,1,ILB,LB,"https://static.www.nfl.com/image/private/f_auto,q_auto/league/mj5z3knorwvmtfiyya1z",ATL,2,2,0,1,0,0,0,0,0,0,0,0,0,0,0,0,0,0,0,0,0,0
2021,REG+POST,00-0029799,L.McCray,Lerentee McCray,6,DE,DL,"https://static.www.nfl.com/image/private/f_auto,q_auto/league/xszgkajjvzqoczqlpkhb",JAX,4,3,1,2,1,1,0,0,0,0,0,0,0,0,0,0,0,0,0,0,1,5
2021,REG+POST,00-0029890,M.Purcell,Mike Purcell,10,NT,DL,"https://static.www.nfl.com/image/private/f_auto,q_auto/league/thcksouge8z0pgfli6xt",DEN,17,13,4,16,1,1,0,0,0,2,0,0,1,0,0,0,0,1,0,0,1,5
2021,REG+POST,00-0029892,K.Juszczyk,Kyle Juszczyk,1,FB,RB,"https://static.www.nfl.com/image/upload/f_auto,q_auto/league/mfhpygabawkeioplae7a",ARI,1,1,0,0,0,0,0,0,0,0,0,0,0,0,0,0,0,0,0,0,0,0
2021,REG+POST,00-0029895,R.Jensen,Ryan Jensen,1,C,OL,"https://static.www.nfl.com/image/private/f_auto,q_auto/league/iuidwiw5n0orpdcohl0t",ATL,1,1,0,0,0,0,0,0,0,0,0,0,0,0,0,0,0,0,0,0,0,0
2021,REG+POST,00-0029895,R.Jensen,Ryan Jensen,1,C,OL,"https://static.www.nfl.com/image/private/f_auto,q_auto/league/iuidwiw5n0orpdcohl0t",WAS,1,1,0,0,0,0,0,0,0,0,0,0,0,0,0,0,0,0,0,0,0,0
2021,REG+POST,00-0029901,R.Melvin,Rashaan Melvin,8,CB,DB,"https://static.www.nfl.com/image/private/f_auto,q_auto/league/ppqnt1ryi9qrc3os8c37",CAR,12,12,0,4,1,1,0,0,0,0,0,0,0,0,0,0,0,0,0,0,1,5
2021,REG+POST,00-0030010,B.Copeland,Brandon Copeland,15,OLB,LB,"https://static.www.nfl.com/image/private/f_auto,q_auto/league/xp2g7lnnvmlmchbccpp0",ATL,23,19,4,15,4,1,0,0,0,2,0,0,2,0,0,0,0,0,0,0,0,0
2021,REG+POST,00-0030041,N.Robey,Nickell Robey,1,CB,DB,"https://static.www.nfl.com/image/private/f_auto,q_auto/league/zw694ltpgyqw5kuuileb",DET,3,1,2,1,0,0,0,0,0,0,0,0,0,0,0,0,0,0,0,0,1,14
2021,REG+POST,00-0030062,D.Slay,Darius Slay,17,CB,DB,"https://static.www.nfl.com/image/upload/f_auto,q_auto/league/ywdvgcxwf6nnfo9r77oz",PHI,44,41,3,13,5,2,0,0,0,0,3,72,10,3,0,0,0,2,116,0,3,12
2021,REG+POST,00-0030063,J.Hankins,Johnathan Hankins,13,DT,DL,"https://static.www.nfl.com/image/upload/f_auto,q_auto/league/qnhaj3f4csasomqgie9p",LV,16,15,1,25,1,1,0,0,0,2,0,0,1,0,0,0,0,0,0,0,2,10
2021,REG+POST,00-0030064,J.Bostic,Jon Bostic,4,OLB,LB,"https://static.www.nfl.com/image/private/f_auto,q_auto/league/t2pjyumewomvynbvdvzy",WAS,12,11,1,10,1,6,0,0,0,0,0,0,0,0,0,0,0,0,0,0,0,0
2021,REG+POST,00-0030067,T.Armstead,Terron Armstead,1,T,OL,"https://static.www.nfl.com/image/private/f_auto,q_auto/league/zjqocz6fl2qrhxqkgdbp",CAR,1,1,0,0,0,0,0,0,0,0,0,0,0,0,0,0,0,0,0,0,0,0
2021,REG+POST,00-0030068,M.Goodwin,Marquise Goodwin,1,WR,WR,"https://static.www.nfl.com/image/upload/f_auto,q_auto/league/cof5bbih1o9dtnonwmjp",CIN,0,0,0,1,0,0,0,0,0,0,0,0,0,0,0,0,0,0,0,0,0,0
2021,REG+POST,00-0030070,J.Jenkins,John Jenkins,4,DT,DL,"https://static.www.nfl.com/image/upload/f_auto,q_auto/league/mwvjpcuk5a1vg4pd0bvl",MIA,10,7,3,6,0,0,0,0,0,0,0,0,0,0,0,0,0,0,0,0,0,0
2021,REG+POST,00-0030090,M.Hyde,Micah Hyde,19,FS,DB,"https://static.www.nfl.com/image/private/f_auto,q_auto/league/xxdwo2ndjc4qm9q5lpgx",BUF,57,53,4,23,4,8,1,1,6,2,6,59,11,1,0,0,0,2,16,0,0,0
2021,REG+POST,00-0030097,D.Quessenberry,David Quessenberry,1,T,OL,"https://static.www.nfl.com/image/upload/f_auto,q_auto/league/gjt9jdtuatvddzdeouwj",IND,1,1,0,0,0,0,1,0,0,0,0,0,0,0,0,0,0,0,0,0,0,0
2021,REG+POST,00-0030108,R.Griffin,Ryan Griffin,1,TE,TE,"https://static.www.nfl.com/image/private/f_auto,q_auto/league/izjfxtmk2dhzhrlwpt9g",BUF,1,1,0,0,0,0,0,0,0,0,0,0,0,0,0,0,0,0,0,0,0,0
2021,REG+POST,00-0030108,R.Griffin,Ryan Griffin,1,TE,TE,"https://static.www.nfl.com/image/private/f_auto,q_auto/league/izjfxtmk2dhzhrlwpt9g",MIA,0,0,0,1,0,0,0,0,0,0,0,0,0,0,0,0,0,0,0,0,0,0
2021,REG+POST,00-0030114,J.Poyer,Jordan Poyer,18,SS,DB,"https://static.www.nfl.com/image/upload/f_auto,q_auto/league/jhigvtvtb3jielxsxiyl",BUF,69,59,10,32,8,4,1,3,26,3,5,87,9,0,0,0,0,0,0,0,5,50
2021,REG+POST,00-0030148,D.Square,Damion Square,7,NT,DL,"https://static.www.nfl.com/image/private/f_auto,q_auto/league/ay7xu6je0iiizc0hifex",LV,5,3,2,7,1,1,0,0.5,1.5,3,0,0,0,0,0,0,0,0,0,0,0,0
2021,REG+POST,00-0030155,D.Harris,Demetrius Harris,1,TE,TE,"https://static.www.nfl.com/image/private/f_auto,q_auto/league/nlajcnjlosuajmqswxvl",ARI,1,1,0,0,0,0,0,0,0,0,0,0,0,0,0,0,0,0,0,0,0,0
2021,REG+POST,00-0030161,B.McDougald,Bradley McDougald,1,SS,DB,"https://static.www.nfl.com/image/private/f_auto,q_auto/league/y0wvutgow5rcldezmrsz",JAX,0,0,0,2,0,0,0,0,0,0,0,0,0,0,0,0,0,0,0,0,0,0
2021,REG+POST,00-0030161,B.McDougald,Bradley McDougald,2,SS,DB,"https://static.www.nfl.com/image/private/f_auto,q_auto/league/y0wvutgow5rcldezmrsz",TEN,3,3,0,0,0,0,0,0,0,0,0,0,0,0,0,0,0,0,0,0,0,0
2021,REG+POST,00-0030196,J.Heath,Jeff Heath,4,SS,DB,"https://static.www.nfl.com/image/private/f_auto,q_auto/league/knimytdhoo3rqiacbgtm",NO,5,5,0,0,1,0,0,1,1,1,0,0,0,0,0,0,0,0,0,0,1,10
2021,REG+POST,00-0030228,A.Bouye,A.J. Bouye,10,CB,DB,"https://static.www.nfl.com/image/private/f_auto,q_auto/league/cpgi2hbhnmvs1oczkzas",CAR,23,21,2,5,2,3,1,0,0,0,0,0,3,0,0,0,0,0,0,0,0,0
2021,REG+POST,00-0030279,K.Allen,Keenan Allen,1,WR,WR,"https://static.www.nfl.com/image/upload/f_auto,q_auto/league/lngo1onvkcqjnq7ozkuu",DAL,1,1,0,0,0,0,0,0,0,0,0,0,0,0,0,0,0,0,0,0,0,0
2021,REG+POST,00-0030279,K.Allen,Keenan Allen,1,WR,WR,"https://static.www.nfl.com/image/upload/f_auto,q_auto/league/lngo1onvkcqjnq7ozkuu",MIN,1,1,0,0,0,0,0,0,0,0,0,0,0,0,0,0,0,0,0,0,0,0
2021,REG+POST,00-0030288,R.Burkhead,Rex Burkhead,1,RB,RB,"https://static.www.nfl.com/image/private/f_auto,q_auto/league/ysgdnkasvp07qmrkasve",IND,1,1,0,0,0,0,0,0,0,0,0,0,0,0,0,0,0,0,0,0,0,0
2021,REG+POST,00-0030294,T.Jefferson,Tony Jefferson,3,SS,DB,"https://static.www.nfl.com/image/upload/f_auto,q_auto/league/bkfls5xzpftiptzybn0j",BAL,7,7,0,7,1,0,0,1,9,1,0,0,1,0,0,0,0,0,0,0,0,0
2021,REG+POST,00-0030312,J.Addae,Jahleel Addae,4,FS,DB,"https://static.www.nfl.com/image/private/f_auto,q_auto/league/orbwmzogmxytlb5rk4i4",IND,6,6,0,4,0,0,0,0,0,0,0,0,0,0,0,0,0,0,0,0,0,0
2021,REG+POST,00-0030380,B.Mayowa,Benson Mayowa,12,OLB,LB,"https://static.www.nfl.com/image/private/f_auto,q_auto/league/ryu7zvzq6173znqos0iq",SEA,15,10,5,15,3,4,0,1,10,2,0,0,0,0,0,0,0,0,0,0,0,0
2021,REG+POST,00-0030382,K.Minter,Kevin Minter,9,ILB,LB,"https://static.www.nfl.com/image/private/f_auto,q_auto/league/qsgubsbwrrmfoqtdyz5d",TB,22,21,1,12,2,1,0,1,7,3,0,0,0,0,0,0,0,0,0,0,0,0
2021,REG+POST,00-0030383,D.Harmon,Duron Harmon,17,SS,DB,"https://static.www.nfl.com/image/upload/f_auto,q_auto/league/spklqujyj6a7dmacc74l",ATL,42,37,5,22,2,1,0,0,0,1,2,0,5,0,0,0,0,0,0,0,1,4
2021,REG+POST,00-0030386,W.Gholston,William Gholston,16,DE,DL,"https://static.www.nfl.com/image/upload/f_auto,q_auto/league/yn9hugzuf7g8ve2xjtwi",TB,23,20,3,15,8,5,0,4.5,33.5,11,0,0,0,0,0,0,0,0,0,0,4,21
2021,REG+POST,00-0030387,S.Means,Steven Means,14,OLB,LB,"https://static.www.nfl.com/image/private/f_auto,q_auto/league/m15je6mlizxkjep7rvt1",ATL,24,15,9,19,2,2,0,0,0,2,0,0,0,0,0,0,0,1,32,0,1,5
2021,REG+POST,00-0030402,A.Spence,Akeem Spence,1,DT,DL,"https://static.www.nfl.com/image/private/f_auto,q_auto/league/psegy2ft4lr56hkwtzhk",WAS,0,0,0,1,0,0,0,0,0,0,0,0,0,0,0,0,0,0,0,0,0,0
2021,REG+POST,00-0030411,L.Ryan,Logan Ryan,15,FS,DB,"https://static.www.nfl.com/image/private/f_auto,q_auto/league/cx2auxfuxnuduesro2ww",NYG,77,65,12,40,2,0,2,1,4,3,0,0,8,0,0,0,0,1,0,0,1,5
2021,REG+POST,00-0030421,J.Collins,Jamie Collins,2,OLB,LB,"https://static.www.nfl.com/image/private/f_auto,q_auto/league/opx1haouuhocoewz7p5h",DET,7,7,0,3,1,1,0,0,0,1,0,0,0,0,0,0,0,1,0,0,0,0
2021,REG+POST,00-0030421,J.Collins,Jamie Collins,8,OLB,LB,"https://static.www.nfl.com/image/private/f_auto,q_auto/league/opx1haouuhocoewz7p5h",NE,12,9,3,9,3,4,0,1,8,2,1,1,3,0,0,0,0,0,0,0,0,0
2021,REG+POST,00-0030431,R.Woods,Robert Woods,1,WR,WR,"https://static.www.nfl.com/image/upload/f_auto,q_auto/league/ydjg5fylwkf5aaxiul6v",NYG,1,1,0,0,0,0,0,0,0,0,0,0,0,0,0,0,0,0,0,0,0,0
2021,REG+POST,00-0030442,J.Simon,John Simon,2,DE,DL,"https://static.www.nfl.com/image/private/f_auto,q_auto/league/cuhrkuo2cirudn1etvmz",TEN,4,3,1,2,0,0,0,0,0,1,0,0,0,0,0,0,0,0,0,0,0,0
2021,REG+POST,00-0030449,M.Hunt,Margus Hunt,7,DT,DL,"https://static.www.nfl.com/image/private/f_auto,q_auto/league/kcgvs6jecijrj3884z2v",CHI,6,5,1,8,3,10,0,0,0,0,0,0,0,0,0,0,0,0,0,0,0,0
2021,REG+POST,00-0030455,S.Lotulelei,Star Lotulelei,10,DT,DL,"https://static.www.nfl.com/image/private/f_auto,q_auto/league/aa76o5lnybfm9chig7g5",BUF,14,12,2,7,5,2,0,4,21,4,0,0,0,0,0,0,0,0,0,0,1,5
2021,REG+POST,00-0030456,G.Bernard,Giovani Bernard,1,RB,RB,"https://static.www.nfl.com/image/private/f_auto,q_auto/league/guht9y14gftgsugb87xz",PHI,1,1,0,0,0,0,0,0,0,0,0,0,0,0,0,0,0,0,0,0,0,0
2021,REG+POST,00-0030459,T.Mathieu,Tyrann Mathieu,18,FS,DB,"https://static.www.nfl.com/image/upload/f_auto,q_auto/league/k3fywj4kodnfuyscnujy",KC,65,62,3,17,2,4,0,1,11,2,3,56,6,1,0,0,0,3,14,0,3,25
2021,REG+POST,00-0030463,A.Klein,A.J. Klein,9,OLB,LB,"https://static.www.nfl.com/image/private/f_auto,q_auto/league/ohrm5k7zku2mc5alnmz4",BUF,28,21,7,9,4,8,0,0,0,1,1,12,5,0,0,0,0,1,0,0,0,0
2021,REG+POST,00-0030471,S.Williams,Shawn Williams,3,SS,DB,"https://static.www.nfl.com/image/private/f_auto,q_auto/league/itwadnav0rwaqupj5lws",ATL,12,9,3,9,0,0,0,0,0,0,0,0,0,0,0,0,0,0,0,0,0,0
2021,REG+POST,00-0030500,N.Williams,Nicholas Williams,14,DT,DL,"https://static.www.nfl.com/image/private/f_auto,q_auto/league/lphbl2t0w052unkblknq",DET,14,11,3,13,4,8,0,0.5,4,2,0,0,1,0,0,0,0,0,0,0,0,0
2021,REG+POST,00-0030503,A.Okafor,Alex Okafor,17,DE,DL,"https://static.www.nfl.com/image/private/f_auto,q_auto/league/haacftqavtvq7dnvph1g",KC,8,7,1,19,0,0,1,1.5,1.5,7,0,0,2,0,0,0,0,0,0,0,3,35
2021,REG+POST,00-0030506,T.Kelce,Travis Kelce,1,TE,TE,"https://static.www.nfl.com/image/upload/f_auto,q_auto/league/ilk4qbxxs6mt3v9zfvtg",BAL,1,1,0,0,0,0,0,0,0,0,0,0,0,0,0,0,0,0,0,0,0,0
2021,REG+POST,00-0030506,T.Kelce,Travis Kelce,1,TE,TE,"https://static.www.nfl.com/image/upload/f_auto,q_auto/league/ilk4qbxxs6mt3v9zfvtg",CIN,1,1,0,0,0,0,0,0,0,0,0,0,0,0,0,0,0,0,0,0,0,0
2021,REG+POST,00-0030511,B.Williams,Brandon Williams,12,NT,DL,"https://static.www.nfl.com/image/private/f_auto,q_auto/league/fsifllhqsfavihjfs6eu",BAL,15,12,3,20,4,6,0,0,0,1,0,0,3,0,0,0,0,1,0,0,0,0
2021,REG+POST,00-0030513,L.Murray,Latavius Murray,1,RB,RB,"https://static.www.nfl.com/image/private/f_auto,q_auto/league/zepm7ghltyeqydn0qxcg",LAC,0,0,0,1,0,0,0,0,0,0,0,0,0,0,0,0,0,0,0,0,0,0
2021,REG+POST,00-0030520,M.Glennon,Mike Glennon,1,QB,QB,"https://static.www.nfl.com/image/private/f_auto,q_auto/league/mubobrjbeudtezxv0t0p",CHI,1,1,0,0,0,0,0,0,0,0,0,0,0,0,0,0,0,0,0,0,0,0
2021,REG+POST,00-0030525,T.Austin,Tavon Austin,1,WR,WR,"https://static.www.nfl.com/image/private/f_auto,q_auto/league/ulagxqgjnrft4wub0gus",NE,1,1,0,0,0,0,0,0,0,0,0,0,0,0,0,0,0,0,0,0,0,0
2021,REG+POST,00-0030525,T.Austin,Tavon Austin,1,WR,WR,"https://static.www.nfl.com/image/private/f_auto,q_auto/league/ulagxqgjnrft4wub0gus",TEN,1,1,0,0,0,0,0,0,0,0,0,0,0,0,0,0,0,0,0,0,0,0
2021,REG+POST,00-0030527,A.Ogletree,Alec Ogletree,16,ILB,LB,"https://static.www.nfl.com/image/private/f_auto,q_auto/league/n2iknv0oqq5nqbbzjjrn",CHI,54,50,4,32,5,3,1,0,0,3,0,0,4,0,0,0,0,0,0,0,4,40
2021,REG+POST,00-0030528,R.Alford,Robert Alford,13,CB,DB,"https://static.www.nfl.com/image/private/f_auto,q_auto/league/wbev0tvoeyqqhatigwgp",ARI,30,29,1,7,1,0,0,0,0,0,1,23,4,0,0,0,0,0,0,0,3,31
2021,REG+POST,00-0030562,D.Trufant,Desmond Trufant,6,CB,DB,"https://static.www.nfl.com/image/private/f_auto,q_auto/league/zduxwgxqrjxriigt0it6",LV,15,15,0,5,1,0,0,0,0,0,0,0,5,0,0,0,0,0,0,0,0,0
2021,REG+POST,00-0030562,D.Trufant,Desmond Trufant,2,CB,DB,"https://static.www.nfl.com/image/private/f_auto,q_auto/league/zduxwgxqrjxriigt0it6",NO,2,2,0,1,0,0,0,0,0,0,0,0,1,0,0,0,0,0,0,0,0,0
2021,REG+POST,00-0030573,S.Richardson,Sheldon Richardson,16,DT,DL,"https://static.www.nfl.com/image/private/f_auto,q_auto/league/yfbo8yxqsqwpmwrusnjj",MIN,24,18,6,15,6,4,1,2.5,14.5,13,0,0,4,0,0,0,0,1,0,0,4,14
2021,REG+POST,00-0030575,X.Rhodes,Xavier Rhodes,13,CB,DB,"https://static.www.nfl.com/image/private/f_auto,q_auto/league/vj7ythe0bue256xfeyhl",IND,32,29,3,7,1,0,0,0,0,0,1,4,7,0,0,0,0,1,0,0,3,56
2021,REG+POST,00-0030585,J.Pugh,Justin Pugh,1,G,OL,"https://static.www.nfl.com/image/upload/f_auto,q_auto/league/vjpj5hrfb568u8ni8bvs",GB,1,1,0,0,0,0,0,0,0,0,0,0,0,0,0,0,0,0,0,0,0,0
2021,REG+POST,00-0030665,D.Sorensen,Daniel Sorensen,20,FS,DB,"https://static.www.nfl.com/image/private/f_auto,q_auto/league/sqynbf32igys6zu09szc",KC,48,44,4,17,3,2,0,1,9,3,2,75,8,1,0,0,0,0,0,0,1,3
2021,REG+POST,00-0030725,C.Lucas,Cornelius Lucas,1,T,OL,"https://static.www.nfl.com/image/upload/f_auto,q_auto/league/bjfmauv8ulnyzcaefjet",KC,1,1,0,0,0,0,0,0,0,0,0,0,0,0,0,0,0,0,0,0,0,0
2021,REG+POST,00-0030757,M.Pennel,Mike Pennel,9,NT,DL,"https://static.www.nfl.com/image/upload/f_auto,q_auto/league/tgxzm3pvwn3uyfuirodr",ATL,9,9,0,12,0,0,0,0,0,0,0,0,0,0,0,0,0,0,0,0,2,10
2021,REG+POST,00-0030761,J.Thomas,Joe Thomas,1,ILB,LB,"https://static.www.nfl.com/image/private/f_auto,q_auto/league/ojdlnhgj7zlucpucacrq",BAL,0,0,0,1,0,0,0,0,0,0,0,0,0,0,0,0,0,0,0,0,0,0
2021,REG+POST,00-0030761,J.Thomas,Joe Thomas,4,ILB,LB,"https://static.www.nfl.com/image/private/f_auto,q_auto/league/ojdlnhgj7zlucpucacrq",HOU,8,6,2,2,0,0,0,0,0,0,0,0,0,0,0,0,0,0,0,0,0,0
2021,REG+POST,00-0030874,D.Williams,Damien Williams,1,RB,RB,"https://static.www.nfl.com/image/private/f_auto,q_auto/league/ga4vusnfwfvhp2ksqw7x",CIN,0,0,0,1,0,0,0,0,0,0,0,0,0,0,0,0,0,0,0,0,0,0
2021,REG+POST,00-0030883,J.Mauro,Josh Mauro,3,DE,DL,"https://static.www.nfl.com/image/private/f_auto,q_auto/league/dsnqho672kqis1vajzhq",ARI,1,1,0,2,1,0,0,1,1,1,0,0,0,0,0,0,0,0,0,0,0,0
2021,REG+POST,00-0030946,K.Hyder,Kerry Hyder,15,DE,DL,"https://static.www.nfl.com/image/private/f_auto,q_auto/league/vbv4vdg8aakzmjp5heae",SEA,20,16,4,13,3,3,0,1.5,14.5,11,0,0,0,0,0,0,0,2,0,0,0,0
2021,REG+POST,00-0030968,K.Smith,Keith Smith,1,FB,RB,"https://static.www.nfl.com/image/private/f_auto,q_auto/league/jolwasweebgk37nkl7ia",TB,1,1,0,0,0,0,0,0,0,0,0,0,0,0,0,0,0,0,0,0,0,0
2021,REG+POST,00-0030986,E.Westbrooks,Ethan Westbrooks,1,DT,DL,"https://static.www.nfl.com/image/private/f_auto,q_auto/league/pqwouewum8g8cf4gaxmq",NO,1,1,0,0,0,0,0,0,0,0,0,0,0,0,0,0,0,0,0,0,0,0
2021,REG+POST,00-0031016,R.Cockrell,Ross Cockrell,14,CB,DB,"https://static.www.nfl.com/image/private/f_auto,q_auto/league/gpu1icicesj4o3r7vx8p",TB,25,24,1,10,0,0,1,0,0,2,0,0,7,0,0,0,0,0,0,0,3,22
2021,REG+POST,00-0031019,C.Linsley,Corey Linsley,1,C,OL,"https://static.www.nfl.com/image/private/f_auto,q_auto/league/k6m9bqygr0mwiou3fpgg",NE,1,1,0,0,0,0,0,0,0,0,0,0,0,0,0,0,0,0,0,0,0,0
2021,REG+POST,00-0031040,K.Mack,Khalil Mack,7,DE,DL,"https://static.www.nfl.com/image/upload/f_auto,q_auto/league/xgd2ujsu1yhfa0aulchw",CHI,15,15,0,4,6,0,0,6,50,7,0,0,0,0,0,0,0,1,8,0,2,20
2021,REG+POST,00-0031041,K.Fuller,Kyle Fuller,12,CB,DB,"https://static.www.nfl.com/image/private/f_auto,q_auto/league/hn06mz3xaqvoc1bkcrjh",DEN,40,38,2,11,3,3,0,0,0,0,0,0,4,0,0,0,0,0,0,0,5,52
2021,REG+POST,00-0031052,B.Breeland,Bashaud Breeland,13,CB,DB,"https://static.www.nfl.com/image/private/f_auto,q_auto/league/wc7lhp4kgbjfcojfe2pi",MIN,47,38,9,16,1,1,2,0,0,0,2,26,5,0,0,0,0,0,0,0,5,81
2021,REG+POST,00-0031054,D.Jones,DaQuan Jones,15,DT,DL,"https://static.www.nfl.com/image/upload/f_auto,q_auto/league/a8ladzqod3ojmibqytad",CAR,19,11,8,19,1,0,1,1,7,6,0,0,0,0,0,0,0,0,0,0,0,0
2021,REG+POST,00-0031061,D.Johnson,Dontae Johnson,7,CB,DB,"https://static.www.nfl.com/image/private/f_auto,q_auto/league/iflzhwus0lq9oaovlmgk",SF,23,19,4,5,0,0,1,0,0,0,0,0,2,0,0,0,0,2,0,0,3,54
2021,REG+POST,00-0031097,T.Mitchell,Terrance Mitchell,13,CB,DB,"https://static.www.nfl.com/image/private/f_auto,q_auto/league/pzstl7we8yw2ujafoggs",HOU,45,38,7,14,1,1,3,0,0,0,1,22,10,0,0,0,0,0,0,0,2,42
2021,REG+POST,00-0031101,S.Barrett,Shaquil Barrett,17,OLB,LB,"https://static.www.nfl.com/image/private/f_auto,q_auto/league/eiilfj6qiri4n9xrclwe",TB,39,36,3,15,9,6,3,10,58.5,22,2,20,5,0,1,1,1,2,4,0,6,35
2021,REG+POST,00-0031105,Z.Kerr,Zach Kerr,3,DT,DL,"https://static.www.nfl.com/image/private/f_auto,q_auto/league/lbgusliinlqxlnd06gdt",ARI,1,1,0,2,0,0,0,0,0,0,0,0,0,0,0,0,0,0,0,0,0,0
2021,REG+POST,00-0031105,Z.Kerr,Zach Kerr,1,DT,DL,"https://static.www.nfl.com/image/private/f_auto,q_auto/league/lbgusliinlqxlnd06gdt",CIN,1,1,0,0,0,0,0,0,0,0,0,0,0,0,0,0,0,0,0,0,0,0
2021,REG+POST,00-0031105,Z.Kerr,Zach Kerr,2,DT,DL,"https://static.www.nfl.com/image/private/f_auto,q_auto/league/lbgusliinlqxlnd06gdt",SF,1,1,0,2,0,0,0,0,0,0,0,0,0,0,0,0,0,0,0,0,0,0
2021,REG+POST,00-0031130,C.Jones,Christian Jones,9,ILB,LB,"https://static.www.nfl.com/image/private/f_auto,q_auto/league/ug768dhff0jq7n6ziyip",CHI,10,7,3,7,0,0,0,0,0,0,0,0,0,0,0,0,0,0,0,0,3,30
2021,REG+POST,00-0031175,C.Marsh,Cassius Marsh,2,OLB,LB,"https://static.www.nfl.com/image/private/f_auto,q_auto/league/jdekdspqixqdeeawftcr",CHI,4,3,1,2,0,0,0,1,7,2,0,0,0,0,0,0,0,0,0,0,1,15
2021,REG+POST,00-0031176,N.Lawson,Nevin Lawson,7,CB,DB,"https://static.www.nfl.com/image/private/f_auto,q_auto/league/uyu9kvg7jgtt1mkgeksc",JAX,20,16,4,7,0,0,0,0,0,0,1,11,5,0,0,0,0,0,0,0,1,5
2021,REG+POST,00-0031177,B.Urban,Brent Urban,3,DE,DL,"https://static.www.nfl.com/image/upload/f_auto,q_auto/league/acp4qzscazxskq9efwnf",DAL,0,0,0,3,0,0,0,0,0,0,0,0,1,0,0,0,0,0,0,0,0,0
2021,REG+POST,00-0031181,R.Allen,Ricardo Allen,8,SS,DB,"https://static.www.nfl.com/image/private/f_auto,q_auto/league/xamcdivgeq7wbmmypeyl",CIN,9,6,3,3,0,0,0,0,0,0,0,0,0,0,0,0,0,0,0,0,2,18
2021,REG+POST,00-0031235,O.Beckham,Odell Beckham,1,WR,WR,"https://static.www.nfl.com/image/upload/f_auto,q_auto/league/ffmalg3wr7lwnsz59i7v",BAL,1,1,0,0,0,0,0,0,0,0,0,0,0,0,0,0,0,0,0,0,0,0
2021,REG+POST,00-0031235,O.Beckham,Odell Beckham,1,WR,WR,"https://static.www.nfl.com/image/upload/f_auto,q_auto/league/ffmalg3wr7lwnsz59i7v",SF,1,1,0,0,0,0,0,0,0,0,0,0,0,0,0,0,0,0,0,0,0,0
2021,REG+POST,00-0031236,B.Cooks,Brandin Cooks,1,WR,WR,"https://static.www.nfl.com/image/upload/f_auto,q_auto/league/pjoksfxpbba4hevwpuop",BUF,1,1,0,0,0,0,0,0,0,0,0,0,0,0,0,0,0,0,0,0,0,0
2021,REG+POST,00-0031241,D.Kennard,Devon Kennard,15,OLB,LB,"https://static.www.nfl.com/image/private/f_auto,q_auto/league/sbnbmm472r2yob1cwxqj",ARI,16,12,4,9,7,15,0,0,0,2,0,0,2,0,0,0,0,1,0,0,0,0
2021,REG+POST,00-0031242,S.Stephen,Shamar Stephen,15,DE,DL,"https://static.www.nfl.com/image/private/f_auto,q_auto/league/diiumwnd8fvolhamlrkc",DEN,12,10,2,22,0,0,0,0,0,3,0,0,2,0,0,0,0,0,0,0,0,0
2021,REG+POST,00-0031253,K.Williams,K'Waun Williams,17,CB,DB,"https://static.www.nfl.com/image/private/f_auto,q_auto/league/o07uyyoj3nvtpni2ons7",SF,47,42,5,13,5,5,1,1,14,4,2,4,8,0,0,0,0,0,0,0,3,51
2021,REG+POST,00-0031254,D.Autry,Denico Autry,17,DE,DL,"https://static.www.nfl.com/image/upload/f_auto,q_auto/league/pafmcnd47wgvl8q1kulm",TEN,26,25,1,8,11,5,0,10.5,68,20,0,0,7,0,0,0,0,0,0,0,2,10
2021,REG+POST,00-0031256,A.Barr,Anthony Barr,11,OLB,LB,"https://static.www.nfl.com/image/private/f_auto,q_auto/league/qmdqkyi8gt67bvqtafxi",MIN,38,31,7,34,3,2,0,2.5,17,6,3,11,5,0,0,0,0,2,0,0,0,0
2021,REG+POST,00-0031258,J.Attaochu,Jeremiah Attaochu,4,OLB,LB,"https://static.www.nfl.com/image/private/f_auto,q_auto/league/kuzyvqsygq7u44i1mvdv",CHI,1,1,0,1,0,0,0,0,0,1,0,0,0,0,0,0,0,0,0,0,1,5
2021,REG+POST,00-0031264,C.Smith,Chris Smith,3,OLB,LB,"https://static.www.nfl.com/image/private/f_auto,q_auto/league/gr3gd0bcwxcvs7ljlseb",HOU,4,3,1,4,1,0,0,1.5,13,3,0,0,0,0,0,0,0,0,0,0,0,0
2021,REG+POST,00-0031269,T.Carrie,T.J. Carrie,7,CB,DB,"https://static.www.nfl.com/image/private/f_auto,q_auto/league/kezxowzth44qm6wo1fgt",IND,20,18,2,1,0,0,0,0,0,0,0,0,1,0,0,0,0,0,0,0,1,9
2021,REG+POST,00-0031270,S.Harris,Shelby Harris,16,DT,DL,"https://static.www.nfl.com/image/upload/f_auto,q_auto/league/lppu8txhvbs0h7ftxswg",DEN,24,23,1,25,7,5,1,6,44,11,0,0,2,0,0,0,0,0,0,0,2,20
2021,REG+POST,00-0031273,C.Brate,Cameron Brate,1,TE,TE,"https://static.www.nfl.com/image/private/f_auto,q_auto/league/jhioqec65qy4z7s6w9a6",WAS,1,1,0,0,0,0,0,0,0,0,0,0,0,0,0,0,0,0,0,0,0,0
2021,REG+POST,00-0031279,J.Matthews,Jake Matthews,1,T,OL,"https://static.www.nfl.com/image/upload/f_auto,q_auto/league/zybsfumyollv8qplcmab",NO,1,1,0,0,0,0,1,0,0,0,0,0,0,0,0,0,0,0,0,0,0,0
2021,REG+POST,00-0031282,J.Britt,Justin Britt,1,C,OL,"https://static.www.nfl.com/image/private/f_auto,q_auto/league/acxotc2bwutblcw4xbpr",BUF,1,1,0,0,0,0,0,0,0,0,0,0,0,0,0,0,0,0,0,0,0,0
2021,REG+POST,00-0031285,D.Freeman,Devonta Freeman,1,RB,RB,"https://static.www.nfl.com/image/private/f_auto,q_auto/league/vjhvfwypu1byxfo2uvki",MIN,1,1,0,0,0,0,0,0,0,0,0,0,0,0,0,0,0,0,0,0,0,0
2021,REG+POST,00-0031296,C.Mosley,C.J. Mosley,16,ILB,LB,"https://static.www.nfl.com/image/private/f_auto,q_auto/league/cjje7blxkubjmrbtbp27",NYJ,103,83,20,65,2,1,2,2,34,3,0,0,2,0,0,0,0,0,0,0,4,23
2021,REG+POST,00-0031297,D.Ford,Dee Ford,3,DE,DL,"https://static.www.nfl.com/image/private/f_auto,q_auto/league/wn2xowqkaphzrq6bkqk9",SF,3,3,0,2,2,0,1,3,18,4,0,0,0,0,0,0,0,0,0,0,2,10
2021,REG+POST,00-0031298,J.Ward,Jimmie Ward,19,FS,DB,"https://static.www.nfl.com/image/upload/f_auto,q_auto/league/owockyq21r4kqxt67zab",SF,59,52,7,31,1,0,0,0,0,1,3,50,7,1,0,0,0,0,0,0,2,30
2021,REG+POST,00-0031308,K.Pierre-Louis,Kevin Pierre-Louis,1,OLB,LB,"https://static.www.nfl.com/image/private/f_auto,q_auto/league/oiqbdi5yu0xvl6kogrup",HOU,1,1,0,1,0,0,0,0,0,0,0,0,0,0,0,0,0,0,0,0,0,0
2021,REG+POST,00-0031331,P.Desir,Pierre Desir,9,CB,DB,"https://static.www.nfl.com/image/private/f_auto,q_auto/league/hf93hyvfhwqp89z08vum",TB,24,22,2,2,0,0,1,0,0,0,2,0,4,0,0,0,0,0,0,0,0,0
2021,REG+POST,00-0031334,J.Verrett,Jason Verrett,1,CB,DB,"https://static.www.nfl.com/image/private/f_auto,q_auto/league/vz516d6tu3lyno2ciuf7",SF,3,3,0,2,0,0,0,0,0,0,0,0,0,0,0,0,0,0,0,0,0,0
2021,REG+POST,00-0031338,T.Brooks,Terrence Brooks,4,SS,DB,"https://static.www.nfl.com/image/private/f_auto,q_auto/league/o21l87qgeibe1alrmzym",HOU,11,10,1,5,0,0,0,0,0,0,0,0,1,0,0,0,0,0,0,0,0,0
2021,REG+POST,00-0031346,J.Ellis,Justin Ellis,11,DT,DL,"https://static.www.nfl.com/image/private/f_auto,q_auto/league/wduokcrngi613rdgwqbf",BAL,7,7,0,11,0,0,0,0,0,1,0,0,0,0,0,0,0,0,0,0,1,5
2021,REG+POST,00-0031348,A.Hitchens,Anthony Hitchens,18,ILB,LB,"https://static.www.nfl.com/image/private/f_auto,q_auto/league/imetresqtxpqaqwu4iyv",KC,49,44,5,48,5,6,0,0,0,2,1,0,3,0,0,0,0,0,0,0,4,48
2021,REG+POST,00-0031349,M.Paradis,Matt Paradis,1,C,OL,"https://static.www.nfl.com/image/private/f_auto,q_auto/league/d9eoibz52yzsvc0knnj1",NO,0,0,0,1,0,0,0,0,0,0,0,0,0,0,0,0,0,0,0,0,0,0
2021,REG+POST,00-0031357,C.Goodwin,C.J. Goodwin,3,CB,DB,"https://static.www.nfl.com/image/upload/f_auto,q_auto/league/tcfvwabfull325uyjta1",DAL,0,0,0,0,0,0,0,0,0,0,0,0,0,0,0,0,0,0,0,0,4,24
2021,REG+POST,00-0031360,K.Van Noy,Kyle Van Noy,17,OLB,LB,"https://static.www.nfl.com/image/upload/f_auto,q_auto/league/izz9mxgcxcx0lydkleke",NE,43,35,8,26,5,0,2,5,37,7,1,35,10,1,0,0,0,1,0,0,3,41
2021,REG+POST,00-0031361,C.Kirksey,Christian Kirksey,13,OLB,LB,"https://static.www.nfl.com/image/private/f_auto,q_auto/league/jnqtpfzsbs6xdljtbjst",HOU,55,37,18,38,6,8,0,0,0,2,1,1,8,0,0,0,0,2,-1,0,2,30
2021,REG+POST,00-0031362,T.Turner,Trai Turner,1,G,OL,"https://static.www.nfl.com/image/private/f_auto,q_auto/league/biyfxbbcupee9guctdzw",CIN,1,1,0,0,0,0,0,0,0,0,0,0,0,0,0,0,0,0,0,0,0,0
2021,REG+POST,00-0031364,J.Clowney,Jadeveon Clowney,14,OLB,LB,"https://static.www.nfl.com/image/upload/f_auto,q_auto/league/lu2evianim8sdgfyxlgh",CLE,24,20,4,13,11,8,2,9,83.5,19,0,0,2,0,0,0,0,0,0,0,6,50
2021,REG+POST,00-0031369,B.Linder,Brandon Linder,1,G,OL,"https://static.www.nfl.com/image/private/f_auto,q_auto/league/hv5hw11b417jpoqdbc8m",ARI,0,0,0,1,0,0,0,0,0,0,0,0,0,0,0,0,0,0,0,0,0,0
2021,REG+POST,00-0031369,B.Linder,Brandon Linder,1,G,OL,"https://static.www.nfl.com/image/private/f_auto,q_auto/league/hv5hw11b417jpoqdbc8m",NYJ,1,1,0,0,0,0,0,0,0,0,0,0,0,0,0,0,0,0,0,0,0,0
2021,REG+POST,00-0031372,B.Roby,Bradley Roby,13,CB,DB,"https://static.www.nfl.com/image/private/f_auto,q_auto/league/b2ef6tlrbcqpdnnolzcq",NO,19,19,0,4,3,3,0,1,7,3,1,2,5,0,0,0,0,0,0,0,3,26
2021,REG+POST,00-0031376,J.McKinnon,Jerick McKinnon,1,RB,RB,"https://static.www.nfl.com/image/private/f_auto,q_auto/league/yezxe2j778cndbhkxwez",TEN,1,1,0,0,0,0,0,0,0,0,0,0,0,0,0,0,0,0,0,0,0,0
2021,REG+POST,00-0031380,D.Dennard,Darqueze Dennard,1,CB,DB,"https://static.www.nfl.com/image/private/f_auto,q_auto/league/qtkfu7vlp2yl8iapuxqp",SF,1,1,0,0,0,0,0,0,0,0,0,0,0,0,0,0,0,0,0,0,0,0
2021,REG+POST,00-0031381,D.Adams,Davante Adams,1,WR,WR,"https://static.www.nfl.com/image/upload/f_auto,q_auto/league/jweoujpjv9u2a8k7wnos",KC,1,1,0,0,0,0,0,0,0,0,0,0,0,0,0,0,0,0,0,0,0,0
2021,REG+POST,00-0031382,J.Landry,Jarvis Landry,1,WR,WR,"https://static.www.nfl.com/image/private/f_auto,q_auto/league/w2q9uwsjvgadwyvnvopb",DET,1,1,0,0,0,0,0,0,0,0,0,0,0,0,0,0,0,0,0,0,0,0
2021,REG+POST,00-0031384,R.Rodgers,Richard Rodgers,1,TE,TE,"https://static.www.nfl.com/image/private/f_auto,q_auto/league/l9zei9dkcmbml3q1nshk",DAL,1,1,0,0,0,0,0,0,0,0,0,0,0,0,0,0,0,0,0,0,0,0
2021,REG+POST,00-0031388,A.Donald,Aaron Donald,21,DT,DL,"https://static.www.nfl.com/image/private/f_auto,q_auto/league/gou42dathlyc1rfn4pga",LA,44,35,9,53,23,16,4,16,131.5,34,0,0,5,0,0,0,0,0,0,0,3,37
2021,REG+POST,00-0031389,L.Joyner,Lamarcus Joyner,1,SS,DB,"https://static.www.nfl.com/image/private/f_auto,q_auto/league/x57erxn3gxqfqdwx7of9",NYJ,1,1,0,0,0,0,0,0,0,0,0,0,0,0,0,0,0,0,0,0,0,0
2021,REG+POST,00-0031404,A.Phillips,Adrian Phillips,18,FS,DB,"https://static.www.nfl.com/image/private/f_auto,q_auto/league/bfbt4o1jp3ttsm18v0ur",NE,55,41,14,38,3,5,1,0,0,1,4,39,9,1,0,0,0,0,0,0,1,10
2021,REG+POST,00-0031408,M.Evans,Mike Evans,1,WR,WR,"https://static.www.nfl.com/image/upload/f_auto,q_auto/league/vfsaie1uiokfczwv9p4d",DAL,1,1,0,0,0,0,0,0,0,0,0,0,0,0,0,0,0,0,0,0,0,0
2021,REG+POST,00-0031408,M.Evans,Mike Evans,1,WR,WR,"https://static.www.nfl.com/image/upload/f_auto,q_auto/league/vfsaie1uiokfczwv9p4d",NYJ,1,1,0,0,0,0,0,0,0,0,0,0,0,0,0,0,0,0,0,0,0,0
2021,REG+POST,00-0031411,D.Lawrence,Demarcus Lawrence,8,DE,DL,"https://static.www.nfl.com/image/upload/f_auto,q_auto/league/qzgz3zr1nmhxy0fiaqes",DAL,18,16,2,7,6,4,2,3,24,7,1,40,5,1,0,0,0,0,0,0,2,9
2021,REG+POST,00-0031428,A.Robinson,Allen Robinson,1,WR,WR,"https://static.www.nfl.com/image/upload/f_auto,q_auto/league/fyukft9lraurbsq0laom",NYG,1,1,0,0,0,0,0,0,0,0,0,0,0,0,0,0,0,0,0,0,0,0
2021,REG+POST,00-0031428,A.Robinson,Allen Robinson,1,WR,WR,"https://static.www.nfl.com/image/upload/f_auto,q_auto/league/fyukft9lraurbsq0laom",TB,1,1,0,0,0,0,0,0,0,0,0,0,0,0,0,0,0,0,0,0,0,0
2021,REG+POST,00-0031500,E.Obada,Efe Obada,9,DE,DL,"https://static.www.nfl.com/image/upload/f_auto,q_auto/league/i5zeos5e8jhwupjnlsri",BUF,10,8,2,5,3,0,0,3.5,22,8,0,0,1,0,0,0,0,0,0,0,3,21
2021,REG+POST,00-0031503,J.Winston,Jameis Winston,1,QB,QB,"https://static.www.nfl.com/image/upload/f_auto,q_auto/league/chdeosreuupotgq0eqlm",CAR,1,1,0,0,0,0,0,0,0,0,0,0,0,0,0,0,0,0,0,0,0,0
2021,REG+POST,00-0031534,L.Collins,La'el Collins,1,T,OL,"https://static.www.nfl.com/image/upload/f_auto,q_auto/league/azfqczkqzu6ilau2fj60",TB,1,1,0,0,0,0,0,0,0,0,0,0,0,0,0,0,0,0,0,0,0,0
2021,REG+POST,00-0031546,T.Waynes,Trae Waynes,5,CB,DB,"https://static.www.nfl.com/image/private/f_auto,q_auto/league/zuymxrsnjsyejxakdk7s",CIN,11,10,1,1,0,0,0,0,0,0,0,0,1,0,0,0,0,0,0,0,0,0
2021,REG+POST,00-0031547,D.Parker,DeVante Parker,1,WR,WR,"https://static.www.nfl.com/image/private/f_auto,q_auto/league/beuyfjou6kckaoqqpa96",BUF,1,1,0,0,0,0,0,0,0,0,0,0,0,0,0,0,0,0,0,0,0,0
2021,REG+POST,00-0031547,D.Parker,DeVante Parker,1,WR,WR,"https://static.www.nfl.com/image/private/f_auto,q_auto/league/beuyfjou6kckaoqqpa96",NYJ,1,1,0,0,0,0,0,0,0,0,0,0,0,0,0,0,0,0,0,0,0,0
2021,REG+POST,00-0031549,N.Agholor,Nelson Agholor,1,WR,WR,"https://static.www.nfl.com/image/upload/f_auto,q_auto/league/wyxfkarcjgqdz3pl8nnr",TB,1,1,0,0,0,0,0,0,0,0,0,0,0,0,0,0,0,0,0,0,0,0
2021,REG+POST,00-0031550,S.Thompson,Shaq Thompson,14,ILB,LB,"https://static.www.nfl.com/image/upload/f_auto,q_auto/league/suldxex0tcm1rv69agr2",CAR,65,58,7,39,9,5,0,2,18,6,2,39,5,0,0,0,0,0,0,0,1,5
2021,REG+POST,00-0031551,E.Goldman,Eddie Goldman,8,NT,DL,"https://static.www.nfl.com/image/private/f_auto,q_auto/league/n2sm7z9fzco3dy3kdzdt",CHI,14,11,3,8,1,1,0,0.5,4,1,0,0,0,0,0,0,0,0,0,0,1,5
2021,REG+POST,00-0031553,B.McKinney,Benardrick McKinney,9,ILB,LB,"https://static.www.nfl.com/image/private/f_auto,q_auto/league/j8fbugbheduwxwjrrswa",NYG,17,11,6,12,1,1,0,0,0,0,0,0,0,0,0,0,0,0,0,0,0,0
2021,REG+POST,00-0031554,E.Kendricks,Eric Kendricks,15,ILB,LB,"https://static.www.nfl.com/image/upload/f_auto,q_auto/league/adc49lyuljufsfseggdc",MIN,81,63,18,62,8,6,0,5,36,5,2,22,4,0,0,0,0,1,2,0,3,11
2021,REG+POST,00-0031555,E.Rowe,Eric Rowe,17,SS,DB,"https://static.www.nfl.com/image/upload/f_auto,q_auto/league/ygvjgvkure8eesiiz0hw",MIA,44,38,6,28,0,0,3,0,0,1,0,0,4,0,0,0,0,0,0,0,3,19
2021,REG+POST,00-0031557,J.Phillips,Jordan Phillips,9,DT,DL,"https://static.www.nfl.com/image/upload/f_auto,q_auto/league/iu4ppwzelupya497dxtt",ARI,14,12,2,8,3,0,0,3,20,4,0,0,2,0,0,0,0,0,0,0,3,45
2021,REG+POST,00-0031558,M.Williams,Maxx Williams,1,TE,TE,"https://static.www.nfl.com/image/private/f_auto,q_auto/league/p0j7ax3rqhrzn5nvmc06",TEN,0,0,0,1,0,0,0,0,0,0,0,0,0,0,0,0,0,0,0,0,0,0
2021,REG+POST,00-0031565,D.Hunter,Danielle Hunter,7,DE,DL,"https://static.www.nfl.com/image/upload/f_auto,q_auto/league/hsgq2reivph5rd48rq4p",MIN,23,22,1,15,6,0,0,6,40,11,0,0,0,0,0,0,0,0,0,0,0,0
2021,REG+POST,00-0031566,T.Flowers,Trey Flowers,7,OLB,LB,"https://static.www.nfl.com/image/private/f_auto,q_auto/league/jxfkoekid7f3z5l3qxbx",DET,15,12,3,9,1,0,1,1.5,9,3,0,0,0,0,0,0,0,1,0,0,0,0
2021,REG+POST,00-0031576,Z.Smith,Za'Darius Smith,2,DE,DL,"https://static.www.nfl.com/image/upload/f_auto,q_auto/league/l5t51lcflhhfvxhr1sx3",GB,2,2,0,0,1,0,0,1,9,1,0,0,0,0,0,0,0,0,0,0,1,10
2021,REG+POST,00-0031581,M.Glowinski,Mark Glowinski,1,G,OL,"https://static.www.nfl.com/image/private/f_auto,q_auto/league/ldqr5jlk57a6nrha4u8w",TB,1,1,0,0,0,0,0,0,0,0,0,0,0,0,0,0,0,0,0,0,0,0
2021,REG+POST,00-0031583,G.Jarrett,Grady Jarrett,16,DT,DL,"https://static.www.nfl.com/image/upload/f_auto,q_auto/league/evfy7od6zezkptbipam5",ATL,38,28,10,21,3,4,0,1,11,12,0,0,1,0,0,0,0,1,0,0,2,10
2021,REG+POST,00-0031584,A.Amos,Adrian Amos,18,FS,DB,"https://static.www.nfl.com/image/private/f_auto,q_auto/league/igawxadxnpihzzpzw9oe",GB,78,71,7,20,0,0,0,0,0,1,3,0,9,0,0,0,0,0,0,0,2,26
2021,REG+POST,00-0031587,B.McCain,Bobby McCain,17,SS,DB,"https://static.www.nfl.com/image/upload/f_auto,q_auto/league/qngkoi5ocjuet0kmni6a",WAS,47,46,1,16,0,0,0,0,0,0,4,63,9,1,0,0,0,0,0,0,1,13
2021,REG+POST,00-0031588,S.Diggs,Stefon Diggs,1,WR,WR,"https://static.www.nfl.com/image/upload/f_auto,q_auto/league/to2qwuffjnjlouctglsl",CAR,1,1,0,0,0,0,0,0,0,0,0,0,0,0,0,0,0,0,0,0,0,0
2021,REG+POST,00-0031588,S.Diggs,Stefon Diggs,1,WR,WR,"https://static.www.nfl.com/image/upload/f_auto,q_auto/league/to2qwuffjnjlouctglsl",MIA,1,1,0,0,0,0,0,0,0,0,0,0,0,0,0,0,0,0,0,0,0,0
2021,REG+POST,00-0031588,S.Diggs,Stefon Diggs,1,WR,WR,"https://static.www.nfl.com/image/upload/f_auto,q_auto/league/to2qwuffjnjlouctglsl",NO,1,1,0,0,0,0,0,0,0,0,0,0,0,0,0,0,0,0,0,0,0,0
2021,REG+POST,00-0031596,D.Mayo,David Mayo,7,MLB,LB,"https://static.www.nfl.com/image/private/f_auto,q_auto/league/jcpcby79esons5wd1ocp",WAS,12,11,1,7,2,3,0,0,0,1,0,0,0,0,0,0,0,1,0,0,0,0
2021,REG+POST,00-0031597,T.Smith,Tye Smith,1,CB,DB,"https://static.www.nfl.com/image/private/f_auto,q_auto/league/zxyfhiakgitv3ultu7ug",MIN,3,3,0,0,0,0,0,0,0,0,0,0,0,0,0,0,0,0,0,0,0,0
2021,REG+POST,00-0031608,Q.Diggs,Quandre Diggs,17,FS,DB,"https://static.www.nfl.com/image/upload/f_auto,q_auto/league/bpueborpbbhwe9pesnyt",SEA,66,54,12,28,1,2,0,0,0,0,5,68,7,0,0,0,0,0,0,0,1,15
2021,REG+POST,00-0031610,D.Waller,Darren Waller,1,TE,TE,"https://static.www.nfl.com/image/private/f_auto,q_auto/league/qqzht46a66zbi9xyylf4",LAC,1,1,0,0,0,0,0,0,0,0,0,0,0,0,0,0,0,0,0,0,0,0
2021,REG+POST,00-0031615,C.Ringo,Christian Ringo,13,DT,DL,"https://static.www.nfl.com/image/private/f_auto,q_auto/league/b2ohvjsfoadi1wlld4fd",NO,12,11,1,14,2,4,1,0,0,3,0,0,0,0,0,0,0,1,0,0,1,15
2021,REG+POST,00-0031619,C.Covington,Christian Covington,14,NT,DL,"https://static.www.nfl.com/image/private/f_auto,q_auto/league/kbjzplxibstqlwmzmt4u",LAC,30,25,5,22,3,5,1,1,6,1,0,0,0,0,0,0,0,0,0,0,0,0
2021,REG+POST,00-0031624,E.Robinson,Edmond Robinson,1,OLB,LB,"https://static.www.nfl.com/image/private/f_auto,q_auto/league/laxxbklw8na3w5v5uij0",SEA,0,0,0,0,0,0,0,0,0,0,0,0,0,0,0,0,0,0,0,0,1,10
2021,REG+POST,00-0031628,D.Roberts,Darryl Roberts,3,CB,DB,"https://static.www.nfl.com/image/private/f_auto,q_auto/league/fszwbpiuqealhyh0l3rh",WAS,6,6,0,6,0,0,0,0,0,0,0,0,0,0,0,0,0,0,0,0,1,18
2021,REG+POST,00-0031636,J.Hamilton,Justin Hamilton,7,DT,DL,"https://static.www.nfl.com/image/private/f_auto,q_auto/league/ez6bfwbler7mvwxbmlw7",DAL,6,5,1,4,1,1,0,0,0,2,0,0,0,0,0,0,0,0,0,0,1,5
2021,REG+POST,00-0031713,X.Williams,Xavier Williams,1,DT,DL,"https://static.www.nfl.com/image/private/f_auto,q_auto/league/hftxadl5vsffvsy9mofs",HOU,0,0,0,1,0,0,0,0,0,0,0,0,0,0,0,0,0,0,0,0,0,0
2021,REG+POST,00-0031740,N.Hewitt,Neville Hewitt,11,ILB,LB,"https://static.www.nfl.com/image/upload/f_auto,q_auto/league/tohlmo4ymgsmbe3egoac",HOU,32,27,5,19,1,0,0,0,0,1,0,0,0,0,0,0,0,0,0,0,0,0
2021,REG+POST,00-0031763,D.Carter,DeAndre Carter,1,WR,WR,"https://static.www.nfl.com/image/private/f_auto,q_auto/league/mh4cvggohuakwwhobzrk",DAL,1,1,0,0,0,0,0,0,0,0,0,0,0,0,0,0,0,0,0,0,0,0
2021,REG+POST,00-0031763,D.Carter,DeAndre Carter,1,WR,WR,"https://static.www.nfl.com/image/private/f_auto,q_auto/league/mh4cvggohuakwwhobzrk",NO,1,1,0,0,0,0,0,0,0,0,0,0,0,0,0,0,0,0,0,0,0,0
2021,REG+POST,00-0031785,T.Hill,Troy Hill,12,CB,DB,"https://static.www.nfl.com/image/upload/f_auto,q_auto/league/fa4ba7c9ku1narcpyh10",CLE,34,28,6,15,7,7,0,2,13,3,0,0,1,0,0,0,0,0,0,0,4,38
2021,REG+POST,00-0031795,D.Williams,DeShawn Williams,14,DE,DL,"https://static.www.nfl.com/image/upload/f_auto,q_auto/league/oomwiwcodj3uwrbd4bug",DEN,17,15,2,22,1,0,0,1,3,5,0,0,2,0,0,0,0,0,0,0,0,0
2021,REG+POST,00-0031796,J.Coleman,Justin Coleman,11,CB,DB,"https://static.www.nfl.com/image/private/f_auto,q_auto/league/v4axwk5l0cixta9m4hw7",MIA,20,19,1,7,1,0,0,0,0,0,2,0,3,0,0,0,0,0,0,0,5,44
2021,REG+POST,00-0031799,A.Harris,Anthony Harris,14,FS,DB,"https://static.www.nfl.com/image/private/f_auto,q_auto/league/yrs393stmux18uxypuvk",PHI,43,40,3,42,2,0,0,0,0,1,1,4,3,0,0,0,0,0,0,0,2,5
2021,REG+POST,00-0031800,T.Heinicke,Taylor Heinicke,1,QB,QB,"https://static.www.nfl.com/image/upload/f_auto,q_auto/league/fz9e0aufjyyo5raclwji",BUF,1,1,0,0,0,0,0,0,0,0,0,0,0,0,0,0,0,0,0,0,0,0
2021,REG+POST,00-0031838,J.Vaughters,James Vaughters,6,OLB,LB,"https://static.www.nfl.com/image/private/f_auto,q_auto/league/kovtdtv8oy1loablf0pg",ATL,4,3,1,3,0,0,1,1,15,4,0,0,0,0,0,0,0,0,0,0,0,0
2021,REG+POST,00-0031844,D.Everett,Deshazor Everett,1,SS,DB,"https://static.www.nfl.com/image/private/f_auto,q_auto/league/x9wxc1vtscwyyehml9dq",WAS,1,1,0,2,0,0,0,0,0,0,0,0,0,0,0,0,0,0,0,0,0,0
2021,REG+POST,00-0031856,B.King,Brandon King,1,OLB,LB,"https://static.www.nfl.com/image/private/f_auto,q_auto/league/xikcikwohuyr11a1slni",NE,0,0,0,0,0,0,0,0,0,0,0,0,0,0,0,0,0,0,0,0,1,5
2021,REG+POST,00-0031870,D.Marlowe,Dean Marlowe,13,SS,DB,"https://static.www.nfl.com/image/private/f_auto,q_auto/league/zs2gv5rqyvnaqlwl4yst",DET,36,28,8,29,0,0,0,0,0,2,0,0,2,0,0,0,0,1,0,0,0,0
2021,REG+POST,00-0031898,A.Singleton,Alex Singleton,15,ILB,LB,"https://static.www.nfl.com/image/upload/f_auto,q_auto/league/pzmcsembcob3ochitr6x",PHI,86,77,9,60,8,11,1,1,4,3,1,29,4,1,0,0,0,0,0,0,2,30
2021,REG+POST,00-0031904,B.Callahan,Bryce Callahan,11,CB,DB,"https://static.www.nfl.com/image/private/f_auto,q_auto/league/wrmvesdgdxl3pjhssgyh",DEN,25,24,1,4,3,1,0,1,1,0,0,0,4,0,0,0,0,0,0,0,0,0
2021,REG+POST,00-0031923,G.Mancz,Greg Mancz,1,C,OL,"https://static.www.nfl.com/image/private/f_auto,q_auto/league/xaeycyvaqxqa8ormajuk",IND,1,1,0,0,0,0,0,0,0,0,0,0,0,0,0,0,0,0,0,0,0,0
2021,REG+POST,00-0031933,L.Williams,Leonard Williams,17,DT,DL,"https://static.www.nfl.com/image/upload/f_auto,q_auto/league/d2aptvibuotyxumk2ohy",NYG,34,27,7,47,5,5,2,6.5,38.5,14,0,0,2,0,0,0,0,1,0,0,4,30
2021,REG+POST,00-0031935,P.Smith,Preston Smith,13,DE,DL,"https://static.www.nfl.com/image/upload/f_auto,q_auto/league/euesbavo3qc6kzxcu5mb",GB,31,25,6,16,9,9,2,9,65,17,0,0,2,0,1,1,0,1,0,0,1,5
2021,REG+POST,00-0031938,C.Davis,Carl Davis,12,NT,DL,"https://static.www.nfl.com/image/upload/f_auto,q_auto/league/ozc21yaswwzhzdbcz0fm",NE,12,5,7,7,1,0,0,1,9,1,0,0,0,0,0,0,0,0,0,0,2,10
2021,REG+POST,00-0031941,J.Crowder,Jamison Crowder,1,WR,WR,"https://static.www.nfl.com/image/upload/f_auto,q_auto/league/rfysbrjrvfdr72cx8who",PHI,1,1,0,0,0,0,0,0,0,0,0,0,0,0,0,0,0,0,0,0,0,0
2021,REG+POST,00-0031947,T.Davison,Tyeler Davison,11,DT,DL,"https://static.www.nfl.com/image/private/f_auto,q_auto/league/sayuipn5ul8bvjr4rc1y",ATL,10,8,2,20,3,6,0,0,0,0,0,0,0,0,0,0,0,0,0,0,1,5
2021,REG+POST,00-0031951,J.O'Shaughnessy,James O'Shaughnessy,1,TE,TE,"https://static.www.nfl.com/image/private/f_auto,q_auto/league/sz5g57zhnshipkpw39sz",LA,1,1,0,0,0,0,0,0,0,0,0,0,0,0,0,0,0,0,0,0,0,0
2021,REG+POST,00-0031957,R.Nunez-Roches,Rakeem Nunez-Roches,13,NT,DL,"https://static.www.nfl.com/image/upload/f_auto,q_auto/league/lk9ht53hnkifzoboz79k",TB,7,7,0,14,5,13,1,0,0,3,0,0,0,0,0,0,0,0,0,0,0,0
2021,REG+POST,00-0031961,M.Nzeocha,Mark Nzeocha,1,OLB,LB,"https://static.www.nfl.com/image/private/f_auto,q_auto/league/k9wr94l5ed8rqumvqlsx",SF,0,0,0,0,0,0,0,0,0,0,0,0,0,0,0,0,0,0,0,0,1,15
2021,REG+POST,00-0032009,A.Humphries,Adam Humphries,1,WR,WR,"https://static.www.nfl.com/image/private/f_auto,q_auto/league/l56ywjejfpraigzs4qia",DAL,1,0,1,0,0,0,0,0,0,0,0,0,0,0,0,0,0,0,0,0,0,0
2021,REG+POST,00-0032009,A.Humphries,Adam Humphries,1,WR,WR,"https://static.www.nfl.com/image/private/f_auto,q_auto/league/l56ywjejfpraigzs4qia",LV,0,0,0,1,0,0,0,0,0,0,0,0,0,0,0,0,0,0,0,0,0,0
2021,REG+POST,00-0032043,Q.Spain,Quinton Spain,1,G,OL,"https://static.www.nfl.com/image/private/f_auto,q_auto/league/mvclppna34mfpbvttdke",CLE,1,1,0,0,0,0,0,0,0,0,0,0,0,0,0,0,0,0,0,0,0,0
2021,REG+POST,00-0032052,D.Fowler,Dante Fowler,14,OLB,LB,"https://static.www.nfl.com/image/upload/f_auto,q_auto/league/w9hqjfsqi3fzryay68mu",ATL,21,16,5,15,6,8,3,4.5,39,8,0,0,1,0,0,0,0,0,0,0,2,19
2021,REG+POST,00-0032053,B.Scherff,Brandon Scherff,1,G,OL,"https://static.www.nfl.com/image/private/f_auto,q_auto/league/anatrup32nwke2whu7vo",CAR,1,1,0,0,0,0,0,0,0,0,0,0,0,0,0,0,0,0,0,0,0,0
2021,REG+POST,00-0032057,J.Tartt,Jaquiski Tartt,17,SS,DB,"https://static.www.nfl.com/image/private/f_auto,q_auto/league/kvy8moe4ay9wtxp7typ7",SF,49,42,7,28,6,4,0,0,0,1,0,0,1,0,0,0,0,0,0,0,4,80
2021,REG+POST,00-0032058,T.Coleman,Tevin Coleman,1,RB,RB,"https://static.www.nfl.com/image/private/f_auto,q_auto/league/wiu4r7bvhcafs9vamqc",BUF,1,1,0,0,0,0,0,0,0,0,0,0,0,0,0,0,0,0,0,0,0,0
2021,REG+POST,00-0032058,T.Coleman,Tevin Coleman,1,RB,RB,"https://static.www.nfl.com/image/private/f_auto,q_auto/league/wiu4r7bvhcafs9vamqc",MIA,0,0,0,1,0,0,0,0,0,0,0,0,0,0,0,0,0,0,0,0,0,0
2021,REG+POST,00-0032059,P.Williams,P.J. Williams,15,CB,DB,"https://static.www.nfl.com/image/private/f_auto,q_auto/league/owfturrb6icqusmtrncf",NO,36,35,1,6,3,4,1,2,16,4,3,86,5,1,0,0,0,0,0,0,0,0
2021,REG+POST,00-0032063,M.Davis,Mike Davis,1,RB,RB,"https://static.www.nfl.com/image/private/f_auto,q_auto/league/csrqinegeyunycijua2q",NO,1,1,0,0,0,0,0,0,0,0,0,0,0,0,0,0,0,0,0,0,0,0
2021,REG+POST,00-0032081,N.Dzubnar,Nick Dzubnar,5,ILB,LB,"https://static.www.nfl.com/image/private/f_auto,q_auto/league/fvvyeowlfnxgybavjmaz",TEN,1,1,0,3,0,0,0,0,0,0,0,0,0,0,0,0,0,0,0,0,1,7
2021,REG+POST,00-0032103,D.Perryman,Denzel Perryman,16,ILB,LB,"https://static.www.nfl.com/image/upload/f_auto,q_auto/league/vxzrfxabkffbe1lg5qcq",LV,108,98,10,55,5,14,1,0,0,3,0,0,3,0,0,0,0,2,2,0,2,30
2021,REG+POST,00-0032107,A.Blackson,Angelo Blackson,17,DT,DL,"https://static.www.nfl.com/image/upload/f_auto,q_auto/league/fqkyimdahqjlnqu60zqf",CHI,24,22,2,19,3,1,0,2.5,19.5,9,1,6,2,0,0,0,0,0,0,1,1,5
2021,REG+POST,00-0032109,K.Alexander,Kwon Alexander,12,OLB,LB,"https://static.www.nfl.com/image/upload/f_auto,q_auto/league/rccrvhqts2qk8ycjqfmz",NO,39,32,7,11,7,6,1,3.5,19.5,7,1,0,2,0,1,1,8,1,8,0,2,9
2021,REG+POST,00-0032116,D.Philon,Darius Philon,8,DT,DL,"https://static.www.nfl.com/image/private/f_auto,q_auto/league/gryzow4eritmhhvoqhwz",LV,19,16,3,8,5,9,0,2,10,2,0,0,2,0,0,0,0,2,2,0,2,10
2021,REG+POST,00-0032127,M.Golden,Markus Golden,17,OLB,LB,"https://static.www.nfl.com/image/upload/f_auto,q_auto/league/nardbsqj0aigwn7tm8g1",ARI,35,31,4,16,11,3,4,12,57,20,0,0,1,0,0,0,0,2,0,0,2,10
2021,REG+POST,00-0032128,C.Conley,Chris Conley,1,WR,WR,"https://static.www.nfl.com/image/upload/f_auto,q_auto/league/mr4h7vx02uwpr7xlfk6y",SF,0,0,0,1,0,0,0,0,0,0,0,0,0,0,0,0,0,0,0,0,0,0
2021,REG+POST,00-0032129,J.Hicks,Jordan Hicks,18,ILB,LB,"https://static.www.nfl.com/image/upload/f_auto,q_auto/league/nupnkxjio2iuqppmog1a",ARI,77,63,14,47,7,7,1,4,38,5,0,0,5,0,0,0,0,2,0,0,1,10
2021,REG+POST,00-0032135,J.James,Jesse James,1,TE,TE,"https://static.www.nfl.com/image/private/f_auto,q_auto/league/rgk9zqdx9lmbcblem3xn",TB,1,1,0,0,0,0,1,0,0,0,0,0,0,0,0,0,0,0,0,0,0,0
2021,REG+POST,00-0032141,G.Swaim,Geoff Swaim,1,TE,TE,"https://static.www.nfl.com/image/upload/f_auto,q_auto/league/kecuhwgbqvlqt6gb0dz6",BUF,1,1,0,0,0,0,0,0,0,0,0,0,0,0,0,0,0,0,0,0,0,0
2021,REG+POST,00-0032141,G.Swaim,Geoff Swaim,1,TE,TE,"https://static.www.nfl.com/image/upload/f_auto,q_auto/league/kecuhwgbqvlqt6gb0dz6",NE,1,1,0,0,0,0,0,0,0,0,0,0,0,0,0,0,0,0,0,0,0,0
2021,REG+POST,00-0032143,D.Shelton,Danny Shelton,11,NT,DL,"https://static.www.nfl.com/image/private/f_auto,q_auto/league/nfwolstt4lyn2i7ct5b1",NYG,12,11,1,19,1,1,0,0.5,0.5,1,0,0,0,0,0,0,0,0,0,0,1,15
2021,REG+POST,00-0032146,B.Dupree,Bud Dupree,11,OLB,LB,"https://static.www.nfl.com/image/upload/f_auto,q_auto/league/tg3rnyclhffznnme5elq",TEN,15,11,4,4,3,0,1,4,39,9,0,0,1,0,0,0,0,0,0,0,1,15
2021,REG+POST,00-0032150,S.Nelson,Steven Nelson,16,CB,DB,"https://static.www.nfl.com/image/private/f_auto,q_auto/league/qaocvlmmgdkkubtkxqrt",PHI,36,33,3,18,0,0,0,0,0,0,1,4,8,0,0,0,0,0,0,0,5,78
2021,REG+POST,00-0032162,T.McGill,T.Y. McGill,1,DT,DL,"https://static.www.nfl.com/image/upload/f_auto,q_auto/league/v1rav6esnezg5ggbkwoz",MIN,0,0,0,1,0,0,0,0,0,1,0,0,1,0,0,0,0,0,0,0,0,0
2021,REG+POST,00-0032164,A.Armstead,Arik Armstead,19,DE,DL,"https://static.www.nfl.com/image/upload/f_auto,q_auto/league/ra0eag1wqgvw1nzbpy4a",SF,33,25,8,39,10,2,0,9,67,16,0,0,0,0,0,0,0,0,0,0,4,40
2021,REG+POST,00-0032187,D.Johnson,David Johnson,1,RB,RB,"https://static.www.nfl.com/image/private/f_auto,q_auto/league/y7dtsyyjnoafefkbylbb",NYJ,1,1,0,0,0,0,0,0,0,0,0,0,0,0,0,0,0,0,0,0,0,0
2021,REG+POST,00-0032195,R.Darby,Ronald Darby,11,CB,DB,"https://static.www.nfl.com/image/upload/f_auto,q_auto/league/dn0kn2aw6crrzvsjiuvl",DEN,42,40,2,11,1,2,0,0,0,0,0,0,6,0,0,0,0,0,0,0,3,25
2021,REG+POST,00-0032197,R.Gregory,Randy Gregory,12,OLB,LB,"https://static.www.nfl.com/image/private/f_auto,q_auto/league/ntzrq0dmsyep6qjsdrjp",DAL,16,16,0,7,4,5,3,6,40,19,1,12,1,0,0,0,0,1,0,0,7,43
2021,REG+POST,00-0032208,P.Dorsett,Phillip Dorsett,1,WR,WR,"https://static.www.nfl.com/image/upload/f_auto,q_auto/league/nwsw01lcnmb5bdcc8glp",ARI,0,0,0,1,0,0,0,0,0,0,0,0,0,0,0,0,0,0,0,0,0,0
2021,REG+POST,00-0032210,F.Clark,Frank Clark,17,OLB,LB,"https://static.www.nfl.com/image/upload/f_auto,q_auto/league/imq9tljiopwvcfrsxwbh",KC,19,17,2,10,5,6,2,4.5,23.5,17,0,0,0,0,0,0,0,1,0,0,6,38
2021,REG+POST,00-0032211,T.Lockett,Tyler Lockett,1,WR,WR,"https://static.www.nfl.com/image/upload/f_auto,q_auto/league/yz9p4pfwr0iyakhnwj4z",LA,1,1,0,0,0,0,0,0,0,0,0,0,0,0,0,0,0,0,0,0,0,0
2021,REG+POST,00-0032214,T.Kroft,Tyler Kroft,1,TE,TE,"https://static.www.nfl.com/image/private/f_auto,q_auto/league/ztko1uhl01ebiutefibj",NE,1,1,0,0,0,0,0,0,0,0,0,0,0,0,0,0,0,0,0,0,0,0
2021,REG+POST,00-0032214,T.Kroft,Tyler Kroft,1,TE,TE,"https://static.www.nfl.com/image/private/f_auto,q_auto/league/ztko1uhl01ebiutefibj",TEN,1,1,0,0,0,0,0,0,0,0,0,0,0,0,0,0,0,0,0,0,0,0
2021,REG+POST,00-0032215,Da.Wilson,Damien Wilson,17,MLB,LB,"https://static.www.nfl.com/image/upload/f_auto,q_auto/league/ag2gfb62plvohhtp0jc5",JAX,57,53,4,47,5,8,1,3,28,5,1,1,5,0,0,0,0,0,0,0,1,15
2021,REG+POST,00-0032239,B.Jones,Byron Jones,15,CB,DB,"https://static.www.nfl.com/image/private/f_auto,q_auto/league/w4heni1qbdsyuouvkjxb",MIA,47,40,7,11,0,0,1,0,0,0,0,0,10,0,0,0,0,0,0,0,3,16
2021,REG+POST,00-0032242,R.Havenstein,Rob Havenstein,1,T,OL,"https://static.www.nfl.com/image/upload/f_auto,q_auto/league/pfeuxunpltlxtmgko6kh",GB,1,1,0,0,0,0,1,0,0,0,0,0,0,0,0,0,0,0,0,0,0,0
2021,REG+POST,00-0032242,R.Havenstein,Rob Havenstein,1,T,OL,"https://static.www.nfl.com/image/upload/f_auto,q_auto/league/pfeuxunpltlxtmgko6kh",SF,1,1,0,0,0,0,0,0,0,0,0,0,0,0,0,0,0,0,0,0,0,0
2021,REG+POST,00-0032242,R.Havenstein,Rob Havenstein,1,T,OL,"https://static.www.nfl.com/image/upload/f_auto,q_auto/league/pfeuxunpltlxtmgko6kh",TB,1,1,0,0,0,0,0,0,0,0,0,0,0,0,0,0,0,0,0,0,0,0
2021,REG+POST,00-0032243,A.Marpet,Ali Marpet,1,G,OL,"https://static.www.nfl.com/image/private/f_auto,q_auto/league/k7sztrljegjwaugn2hsh",DAL,1,1,0,1,0,0,0,0,0,0,0,0,0,0,0,0,0,0,0,0,0,0
2021,REG+POST,00-0032261,M.Brown,Malcom Brown,17,DT,DL,"https://static.www.nfl.com/image/private/f_auto,q_auto/league/udyfigpuqbsj3uaacirh",JAX,30,24,6,27,4,1,0,2,6,3,0,0,1,0,0,0,0,0,0,0,0,0
2021,REG+POST,00-0032262,L.Collins,Landon Collins,13,SS,DB,"https://static.www.nfl.com/image/private/f_auto,q_auto/league/hyefzfcujafngv8nmzea",WAS,51,46,5,30,7,5,1,3,7,2,2,3,2,0,0,0,0,2,23,0,1,5
2021,REG+POST,00-0032265,M.Edwards,Mario Edwards,8,DT,DL,"https://static.www.nfl.com/image/upload/f_auto,q_auto/league/cia50revbealvw5biusr",CHI,2,2,0,6,1,0,0,2,16,5,0,0,1,0,0,0,0,0,0,0,4,57
2021,REG+POST,00-0032269,H.Anderson,Henry Anderson,3,DE,DL,"https://static.www.nfl.com/image/private/f_auto,q_auto/league/whijicwi8dymk1zhlafi",NE,3,3,0,0,0,0,0,0,0,0,0,0,0,0,0,0,0,0,0,0,0,0
2021,REG+POST,00-0032320,E.Harris,Erik Harris,12,FS,DB,"https://static.www.nfl.com/image/private/f_auto,q_auto/league/vzqjwjllaqqqmrvvqwry",ATL,44,42,2,17,3,3,0,0.5,6,2,0,0,8,0,0,0,0,0,0,0,2,29
2021,REG+POST,00-0032355,C.Rogers,Chester Rogers,1,WR,WR,"https://static.www.nfl.com/image/private/f_auto,q_auto/league/lkszsifhpwtjpvjvlxw5",TEN,0,0,0,0,0,0,0,0,0,0,0,0,0,0,0,0,0,0,0,0,1,5
2021,REG+POST,00-0032366,T.Matakevich,Tyler Matakevich,6,MLB,LB,"https://static.www.nfl.com/image/upload/f_auto,q_auto/league/ug86kkpgmc0c9ntyp5qb",BUF,4,3,1,4,0,0,0,0,0,0,1,15,1,0,0,0,0,0,0,0,1,10
2021,REG+POST,00-0032378,D.Buckner,DeForest Buckner,17,DT,DL,"https://static.www.nfl.com/image/upload/f_auto,q_auto/league/yuh9isf5mds3l9hcp4vw",IND,40,28,12,28,10,8,0,7,55.5,18,0,0,3,0,0,0,0,0,0,0,0,0
2021,REG+POST,00-0032379,E.Apple,Eli Apple,20,CB,DB,"https://static.www.nfl.com/image/upload/f_auto,q_auto/league/szrv0msliekcbdfulpzb",CIN,53,48,5,17,2,4,0,0,0,0,2,50,13,0,1,1,0,0,0,0,9,109
2021,REG+POST,00-0032382,K.Neal,Keanu Neal,14,FS,DB,"https://static.www.nfl.com/image/private/f_auto,q_auto/league/zz77nplqxb4kvkzionja",DAL,42,40,2,28,4,0,0,1,1,2,0,0,0,0,0,0,0,0,0,0,0,0
2021,REG+POST,00-0032385,S.Shepard,Sterling Shepard,1,WR,WR,"https://static.www.nfl.com/image/upload/f_auto,q_auto/league/dphqvpkeselgrselrvma",DAL,1,1,0,0,0,0,0,0,0,0,0,0,0,0,0,0,0,0,0,0,0,0
2021,REG+POST,00-0032385,S.Shepard,Sterling Shepard,1,WR,WR,"https://static.www.nfl.com/image/upload/f_auto,q_auto/league/dphqvpkeselgrselrvma",LA,2,2,0,0,0,0,0,0,0,0,0,0,0,0,0,0,0,0,0,0,0,0
2021,REG+POST,00-0032387,J.Reed,Jarran Reed,19,NT,DL,"https://static.www.nfl.com/image/upload/f_auto,q_auto/league/td7umxhgwkswls8rutk0",KC,28,24,4,28,3,0,2,3.5,21,13,0,0,1,0,0,0,0,1,10,0,1,7
2021,REG+POST,00-0032388,D.Jones,Deion Jones,16,ILB,LB,"https://static.www.nfl.com/image/upload/f_auto,q_auto/league/bewzmz3j2x3kgbydfmhd",ATL,87,73,14,50,8,18,1,2,17,4,0,0,6,0,0,0,0,0,0,0,2,18
2021,REG+POST,00-0032389,M.Alexander,Mackensie Alexander,15,CB,DB,"https://static.www.nfl.com/image/private/f_auto,q_auto/league/uyoo4t3miqcvjjva7x20",MIN,32,28,4,18,1,0,0,0,0,0,0,0,5,0,0,0,0,0,0,0,5,57
2021,REG+POST,00-0032392,A.Hooper,Austin Hooper,1,TE,TE,"https://static.www.nfl.com/image/upload/f_auto,q_auto/league/hj0ybtjspne3t1cso961",BAL,1,1,0,0,0,0,0,0,0,0,0,0,0,0,0,0,0,0,0,0,0,0
2021,REG+POST,00-0032392,A.Hooper,Austin Hooper,1,TE,TE,"https://static.www.nfl.com/image/upload/f_auto,q_auto/league/hj0ybtjspne3t1cso961",PIT,1,1,0,0,0,0,0,0,0,0,0,0,0,0,0,0,0,0,0,0,0,0
2021,REG+POST,00-0032395,G.Glasgow,Graham Glasgow,1,G,OL,"https://static.www.nfl.com/image/upload/f_auto,q_auto/league/rxvzi4lpyaty3ritme6w",LV,0,0,0,1,0,0,0,0,0,0,0,0,0,0,0,0,0,0,0,0,0,0
2021,REG+POST,00-0032399,M.Killebrew,Miles Killebrew,5,SS,DB,"https://static.www.nfl.com/image/upload/f_auto,q_auto/league/hadxrgt3tjv3ceaougsj",PIT,5,3,2,2,1,1,0,0,0,0,0,0,0,0,0,0,0,0,0,0,1,4
2021,REG+POST,00-0032401,D.Campbell,De'Vondre Campbell,17,ILB,LB,"https://static.www.nfl.com/image/upload/f_auto,q_auto/league/wctve53etxcg6hx9o9cr",GB,107,91,16,45,6,3,2,2,8,6,2,15,6,0,0,0,0,1,3,0,1,15
2021,REG+POST,00-0032402,H.Ridgeway,Hassan Ridgeway,13,DT,DL,"https://static.www.nfl.com/image/private/f_auto,q_auto/league/qwfblduq15msbj7vd0sn",PHI,10,8,2,11,1,0,1,2,19,5,0,0,0,0,0,0,0,0,0,0,2,7
2021,REG+POST,00-0032403,J.Burris,Juston Burris,9,SS,DB,"https://static.www.nfl.com/image/private/f_auto,q_auto/league/jfec3gix9dui5nyxavh6",CAR,17,16,1,6,1,0,0,0,0,0,1,17,1,0,0,0,0,0,0,0,3,38
2021,REG+POST,00-0032408,B.Martinez,Blake Martinez,3,ILB,LB,"https://static.www.nfl.com/image/private/f_auto,q_auto/league/cjnmypxafnr8cgfnbnvt",NYG,11,11,0,12,1,1,0,0,0,0,0,0,0,0,0,0,0,0,0,0,0,0
2021,REG+POST,00-0032410,R.Robinson,Rashard Robinson,2,CB,DB,"https://static.www.nfl.com/image/private/f_auto,q_auto/league/hlzfvlfmksspr5whg5ph",TB,2,2,0,0,0,0,0,0,0,0,0,0,0,0,0,0,0,0,0,0,1,10
2021,REG+POST,00-0032412,D.Lowry,Dean Lowry,18,DE,DL,"https://static.www.nfl.com/image/upload/f_auto,q_auto/league/akvs2wasmwm0rnh9lpfj",GB,25,20,5,21,5,4,0,5,42,9,0,0,5,0,0,0,0,1,0,0,2,7
2021,REG+POST,00-0032413,R.Blair,Ronald Blair,8,DE,DL,"https://static.www.nfl.com/image/private/f_auto,q_auto/league/bntwfar7mf4sbmbhackj",NYJ,12,7,5,16,4,3,0,1,6,4,0,0,0,0,0,0,0,1,6,0,1,10
2021,REG+POST,00-0032415,M.Judon,Matt Judon,17,OLB,LB,"https://static.www.nfl.com/image/upload/f_auto,q_auto/league/whfmdlt319vlpqjyqdfl",NE,39,31,8,22,14,4,0,12.5,85,26,0,0,1,0,0,0,0,1,-6,0,6,60
2021,REG+POST,00-0032416,Q.Jefferson,Quinton Jefferson,18,DE,DL,"https://static.www.nfl.com/image/upload/f_auto,q_auto/league/gledu9ppvddrbnqlpdmk",LV,18,14,4,32,6,2,2,5.5,39.5,17,0,0,1,0,0,0,0,0,0,0,1,5
2021,REG+POST,00-0032419,J.Haeg,Joe Haeg,1,T,OL,"https://static.www.nfl.com/image/private/f_auto,q_auto/league/r1dnsh9odto6vsiyzl9i",DET,1,1,0,0,0,0,0,0,0,0,0,0,0,0,0,0,0,0,0,0,0,0
2021,REG+POST,00-0032424,D.Reader,D.J. Reader,19,NT,DL,"https://static.www.nfl.com/image/upload/f_auto,q_auto/league/yfvsrhkblzo9sgrrgjix",CIN,29,23,6,26,6,3,0,3,16,11,0,0,0,0,0,0,0,0,0,0,1,11
2021,REG+POST,00-0032437,K.Grugier-Hill,Kamu Grugier-Hill,14,ILB,LB,"https://static.www.nfl.com/image/upload/f_auto,q_auto/league/sxfai8ftbojvsdl3wvem",HOU,70,57,13,36,13,23,2,3,20,5,1,82,3,0,0,0,0,0,0,0,2,10
2021,REG+POST,00-0032438,M.Canady,Maurice Canady,3,CB,DB,"https://static.www.nfl.com/image/private/f_auto,q_auto/league/fekmzwjvfcejwze0ytwp",DAL,4,3,1,1,0,0,0,0,0,0,0,0,0,0,0,0,0,0,0,0,0,0
2021,REG+POST,00-0032442,E.Roberts,Elandon Roberts,17,ILB,LB,"https://static.www.nfl.com/image/upload/f_auto,q_auto/league/vbvspu3dh3ijm0gmqh4l",MIA,42,36,6,41,6,5,2,1,7,2,1,85,4,1,0,0,0,0,0,0,2,24
2021,REG+POST,00-0032448,S.Weatherly,Stephen Weatherly,9,OLB,LB,"https://static.www.nfl.com/image/private/f_auto,q_auto/league/jsunriybiepcfkdhq5ys",DEN,8,7,1,6,5,7,0,2.5,22.5,7,0,0,0,0,0,0,0,0,0,0,1,5
2021,REG+POST,00-0032448,S.Weatherly,Stephen Weatherly,3,OLB,LB,"https://static.www.nfl.com/image/private/f_auto,q_auto/league/jsunriybiepcfkdhq5ys",MIN,5,5,0,3,1,1,0,0,0,0,0,0,0,0,0,0,0,0,0,0,0,0
2021,REG+POST,00-0032454,J.Kearse,Jayron Kearse,17,FS,DB,"https://static.www.nfl.com/image/private/f_auto,q_auto/league/z2gtcioou83mkhnwte6w",DAL,67,58,9,39,9,5,0,1,2,6,2,34,11,0,0,0,0,1,1,0,3,26
2021,REG+POST,00-0032463,K.Peko,Kyle Peko,7,DT,DL,"https://static.www.nfl.com/image/upload/f_auto,q_auto/league/fjkxpymzwv4qn2qui5me",TEN,7,6,1,5,2,1,1,2.5,8.5,4,0,0,0,0,0,0,0,0,0,0,1,15
2021,REG+POST,00-0032466,G.Fant,George Fant,1,T,OL,"https://static.www.nfl.com/image/upload/f_auto,q_auto/league/p4gwfzzxibqi5uiiw5q7",DEN,1,1,0,0,0,0,0,0,0,0,0,0,0,0,0,0,0,0,0,0,0,0
2021,REG+POST,00-0032466,G.Fant,George Fant,1,T,OL,"https://static.www.nfl.com/image/upload/f_auto,q_auto/league/p4gwfzzxibqi5uiiw5q7",MIA,1,1,0,0,0,0,1,0,0,0,0,0,0,0,0,0,0,0,0,0,0,0
2021,REG+POST,00-0032496,M.Farley,Matthias Farley,4,FS,DB,"https://static.www.nfl.com/image/private/f_auto,q_auto/league/yz4nj2cu0emfjudr3ofz",TEN,4,2,2,1,0,0,1,0,0,0,0,0,0,0,0,0,0,1,1,0,1,15
2021,REG+POST,00-0032518,J.Zimmer,Justin Zimmer,5,DT,DL,"https://static.www.nfl.com/image/private/f_auto,q_auto/league/xgh3lgbrh0csrfynjpq6",BUF,2,1,1,6,2,1,0,1,10,4,0,0,0,0,0,0,0,0,0,0,0,0
2021,REG+POST,00-0032521,M.Hilton,Mike Hilton,21,CB,DB,"https://static.www.nfl.com/image/upload/f_auto,q_auto/league/uippdcskzxubvfqoqxlo",CIN,56,49,7,23,8,8,1,0,0,2,3,78,9,1,0,0,0,0,0,0,2,20
2021,REG+POST,00-0032525,J.Wilson,Jarrod Wilson,4,SS,DB,"https://static.www.nfl.com/image/private/f_auto,q_auto/league/ubprv9h2dimzokxfgc3n",NYJ,9,6,3,3,2,1,0,1,8,3,0,0,0,0,0,0,0,0,0,0,3,35
2021,REG+POST,00-0032525,J.Wilson,Jarrod Wilson,1,SS,DB,"https://static.www.nfl.com/image/private/f_auto,q_auto/league/ubprv9h2dimzokxfgc3n",SF,1,1,0,0,0,0,0,0,0,0,0,0,0,0,0,0,0,0,0,0,0,0
2021,REG+POST,00-0032528,J.Murray,Justin Murray,1,T,OL,"https://static.www.nfl.com/image/private/f_auto,q_auto/league/m2g6gfzborq0yheentjw",MIN,1,1,0,0,0,0,0,0,0,0,0,0,0,0,0,0,0,0,0,0,0,0
2021,REG+POST,00-0032574,M.Pierce,Michael Pierce,7,NT,DL,"https://static.www.nfl.com/image/upload/f_auto,q_auto/league/k9oastt4cbi9gpksewri",MIN,12,11,1,8,3,1,1,3,20,4,0,0,0,0,0,0,0,0,0,0,0,0
2021,REG+POST,00-0032578,W.Hamilton,Woodrow Hamilton,1,DT,DL,"https://static.www.nfl.com/image/private/f_auto,q_auto/league/s3uinm6pqyqwrmbgoynp",NYG,0,0,0,2,0,0,0,0,0,0,0,0,0,0,0,0,0,0,0,0,0,0
2021,REG+POST,00-0032580,J.Jones,Jonathan Jones,6,CB,DB,"https://static.www.nfl.com/image/private/f_auto,q_auto/league/jn9mpyhj4gbzwyuio1kf",NE,13,13,0,5,0,0,0,0,0,0,1,0,3,0,0,0,0,0,0,0,0,0
2021,REG+POST,00-0032592,S.Neasman,Sharrod Neasman,5,CB,DB,"https://static.www.nfl.com/image/private/f_auto,q_auto/league/yut5typ5hmpbucewbnwd",NYJ,11,9,2,2,2,1,0,0,0,0,1,13,3,0,0,0,0,0,0,0,0,0
2021,REG+POST,00-0032602,J.McKissic,J.D. McKissic,1,RB,RB,"https://static.www.nfl.com/image/private/f_auto,q_auto/league/zi77vkqwrmklt5ic6lc6",DEN,1,1,0,0,0,0,0,0,0,0,0,0,0,0,0,0,0,0,0,0,0,0
2021,REG+POST,00-0032637,A.Adams,Andrew Adams,8,SS,DB,"https://static.www.nfl.com/image/upload/f_auto,q_auto/league/vcek7tec4fmt3agbba2s",TB,14,14,0,7,1,1,0,0,0,1,1,17,5,0,0,0,0,0,0,0,3,31
2021,REG+POST,00-0032641,D.Deayon,Donte Deayon,11,CB,DB,"https://static.www.nfl.com/image/private/f_auto,q_auto/league/v6br1z7iifzh2wjzwnx0",LA,26,21,5,5,1,0,0,0,0,0,0,0,3,0,0,0,0,0,0,0,1,15
2021,REG+POST,00-0032655,R.Okwara,Romeo Okwara,3,DE,DL,"https://static.www.nfl.com/image/private/f_auto,q_auto/league/rkasbg8asew3pyozpkcu",DET,3,3,0,3,1,0,0,1,6,2,0,0,0,0,0,0,0,0,0,0,0,0
2021,REG+POST,00-0032660,B.Bryant,Brandin Bryant,2,DT,DL,"https://static.www.nfl.com/image/private/f_auto,q_auto/league/rksltgairgdkebuo3gvv",BUF,2,2,0,0,0,0,0,0,0,1,0,0,0,0,0,0,0,0,0,0,0,0
2021,REG+POST,00-0032667,R.Robertson-Harris,Roy Robertson-Harris,14,DT,DL,"https://static.www.nfl.com/image/upload/f_auto,q_auto/league/wvjotczjatgua8ufcxu4",JAX,21,17,4,16,4,1,0,3,23,9,0,0,2,0,0,0,0,0,0,0,3,42
2021,REG+POST,00-0032671,M.Fox,Morgan Fox,16,DT,DL,"https://static.www.nfl.com/image/upload/f_auto,q_auto/league/mfqea9ql1fhomn2cognj",CAR,16,14,2,18,2,4,1,1.5,8,7,0,0,0,0,0,0,0,1,3,0,1,15
2021,REG+POST,00-0032677,C.Littleton,Cory Littleton,15,OLB,LB,"https://static.www.nfl.com/image/private/f_auto,q_auto/league/co7mjepkzseqkecrhqz3",LV,52,47,5,47,2,0,0,0.5,0.5,2,0,0,4,0,0,0,0,1,0,0,1,20
2021,REG+POST,00-0032688,R.Chosen,Robbie Chosen,1,WR,WR,"https://static.www.nfl.com/image/private/f_auto,q_auto/league/hkcncqfwusv19fah3mbt",ATL,1,1,0,0,0,0,0,0,0,0,0,0,0,0,0,0,0,0,0,0,0,0
2021,REG+POST,00-0032725,S.Anderson,Stephen Anderson,1,TE,TE,"https://static.www.nfl.com/image/private/f_auto,q_auto/league/inufsxftnotmpeot1lh2",HOU,1,1,0,0,0,0,0,0,0,0,0,0,0,0,0,0,0,0,0,0,0,0
2021,REG+POST,00-0032725,S.Anderson,Stephen Anderson,1,TE,TE,"https://static.www.nfl.com/image/private/f_auto,q_auto/league/inufsxftnotmpeot1lh2",WAS,1,1,0,0,0,0,0,0,0,0,0,0,0,0,0,0,0,0,0,0,0,0
2021,REG+POST,00-0032734,B.Scarlett,Brennan Scarlett,9,OLB,LB,"https://static.www.nfl.com/image/private/f_auto,q_auto/league/auygeb68uz5qs6kfieib",MIA,6,3,3,10,1,2,0,0,0,1,0,0,1,0,0,0,0,0,0,0,1,5
2021,REG+POST,00-0032758,V.Hargreaves,Vernon Hargreaves,3,CB,DB,"https://static.www.nfl.com/image/private/f_auto,q_auto/league/fp5olqsgdbv5malqazzu",CIN,1,1,0,3,0,0,0,0,0,0,0,0,0,0,0,0,0,0,0,0,1,11
2021,REG+POST,00-0032758,V.Hargreaves,Vernon Hargreaves,6,CB,DB,"https://static.www.nfl.com/image/private/f_auto,q_auto/league/fp5olqsgdbv5malqazzu",HOU,20,17,3,7,0,0,0,0,0,0,1,18,3,0,0,0,0,0,0,0,1,3
2021,REG+POST,00-0032759,S.Rankins,Sheldon Rankins,15,DT,DL,"https://static.www.nfl.com/image/upload/f_auto,q_auto/league/irtbfbgmszlpan4h954p",NYJ,15,12,3,17,5,9,0,3,15,7,0,0,0,0,0,0,0,2,0,0,1,5
2021,REG+POST,00-0032761,R.Nkemdiche,Robert Nkemdiche,9,DT,DL,"https://static.www.nfl.com/image/private/f_auto,q_auto/league/jmkt9rqj574temt7bpfy",SEA,7,4,3,8,0,0,0,0,0,1,0,0,1,0,0,0,0,0,0,0,1,12
2021,REG+POST,00-0032762,C.Jones,Chris Jones,16,DT,DL,"https://static.www.nfl.com/image/upload/f_auto,q_auto/league/bdoe3dkg1rej1tiqakb1",KC,22,20,2,11,10,3,1,9,65.5,17,0,0,5,0,0,0,0,1,-2,0,6,35
2021,REG+POST,00-0032763,A.Johnson,Austin Johnson,17,DT,DL,"https://static.www.nfl.com/image/upload/f_auto,q_auto/league/ggb026caft3iv7codtxe",NYG,31,25,6,41,6,5,0,3.5,23.5,7,0,0,1,0,0,0,0,1,0,0,0,0
2021,REG+POST,00-0032768,C.Whitehair,Cody Whitehair,1,G,OL,"https://static.www.nfl.com/image/upload/f_auto,q_auto/league/rp4zb2zxkhjosnuo6zer",GB,1,1,0,0,0,0,0,0,0,0,0,0,0,0,0,0,0,0,0,0,0,0
2021,REG+POST,00-0032770,T.Young,Tavon Young,15,CB,DB,"https://static.www.nfl.com/image/private/f_auto,q_auto/league/aemzuxgenmqo1xpmogee",BAL,29,28,1,5,4,0,0,2,20,3,1,0,3,0,0,0,0,0,0,0,4,58
2021,REG+POST,00-0032772,R.Smith,Ryan Smith,1,CB,DB,"https://static.www.nfl.com/image/private/f_auto,q_auto/league/rr2dson0ucuhmzizbjry",LAC,1,1,0,1,0,0,0,0,0,0,0,0,0,0,0,0,0,0,0,0,0,0
2021,REG+POST,00-0032773,N.Kwiatkoski,Nick Kwiatkoski,6,ILB,LB,"https://static.www.nfl.com/image/private/f_auto,q_auto/league/y4kxbbep5gxsvsdjjdnf",LV,10,9,1,4,1,1,0,0,0,0,0,0,0,0,0,0,0,0,0,0,0,0
2021,REG+POST,00-0032774,D.Bush,Deon Bush,9,SS,DB,"https://static.www.nfl.com/image/upload/f_auto,q_auto/league/bbfkoigp2kunslxoxizi",CHI,23,21,2,8,0,0,0,0,0,0,2,42,5,0,0,0,0,0,0,0,1,15
2021,REG+POST,00-0032778,T.Sharpe,Tajae Sharpe,1,WR,WR,"https://static.www.nfl.com/image/private/f_auto,q_auto/league/c8fgfxrl2gmdv8thgw1p",TB,1,1,0,0,0,0,0,0,0,0,0,0,0,0,0,0,0,0,0,0,0,0
2021,REG+POST,00-0032781,M.Ioannidis,Matt Ioannidis,15,DT,DL,"https://static.www.nfl.com/image/private/f_auto,q_auto/league/lpssqcmedzhumg82rpex",WAS,16,14,2,22,3,6,0,2.5,10.5,11,0,0,0,0,0,0,0,0,0,0,2,7
2021,REG+POST,00-0032785,H.Vaitai,Halapoulivaati Vaitai,1,G,OL,"https://static.www.nfl.com/image/private/f_auto,q_auto/league/pfzazftnjpo529mvpo8e",CHI,1,1,0,0,0,0,0,0,0,0,0,0,0,0,0,0,0,0,0,0,0,0
2021,REG+POST,00-0032786,M.Christian,Marqui Christian,5,SS,DB,"https://static.www.nfl.com/image/private/f_auto,q_auto/league/bk79sr1yjbieayejzi9a",CHI,3,2,1,2,0,0,0,0,0,0,0,0,1,0,0,0,0,0,0,0,1,10
2021,REG+POST,00-0032790,D.Houston-Carson,DeAndre Houston-Carson,12,FS,DB,"https://static.www.nfl.com/image/private/f_auto,q_auto/league/fxpb4ojlixre6s7tn5ru",CHI,29,26,3,18,0,0,0,0,0,0,1,0,4,0,0,0,0,1,0,0,0,0
2021,REG+POST,00-0032791,J.Grant,Jakeem Grant,1,WR,WR,"https://static.www.nfl.com/image/private/f_auto,q_auto/league/f2ujcvb61rknhjyxcrsu",ARI,1,1,0,0,0,0,0,0,0,0,0,0,0,0,0,0,0,0,0,0,0,0
2021,REG+POST,00-0032803,J.Mills,Jalen Mills,15,CB,DB,"https://static.www.nfl.com/image/upload/f_auto,q_auto/league/yc4745ngoppgf1syjghl",NE,35,33,2,12,1,0,0,0,0,0,0,0,7,0,0,0,0,1,0,0,3,52
2021,REG+POST,00-0032807,C.Fejedelem,Clayton Fejedelem,2,SS,DB,"https://static.www.nfl.com/image/private/f_auto,q_auto/league/mlxzah8tensxhgwc7z3x",MIA,1,1,0,0,0,0,0,0,0,0,0,0,0,0,0,0,0,0,0,0,1,8
2021,REG+POST,00-0032809,J.Walker,Joe Walker,3,ILB,LB,"https://static.www.nfl.com/image/private/f_auto,q_auto/league/atg9crnzdxhx8cya6eh0",ARI,3,2,1,4,1,1,0,0,0,0,0,0,0,0,0,0,0,0,0,0,0,0
2021,REG+POST,00-0032848,K.Peterson,Kevin Peterson,3,CB,DB,"https://static.www.nfl.com/image/private/f_auto,q_auto/league/zxah6cxxtk8knftopqym",ARI,8,7,1,3,0,0,0,0,0,0,0,0,0,0,0,0,0,0,0,0,0,0
2021,REG+POST,00-0032871,A.Woods,Antwaun Woods,3,DT,DL,"https://static.www.nfl.com/image/private/f_auto,q_auto/league/qdd3dcj1cukyqvxzn1zx",IND,2,2,0,3,0,0,0,0,0,0,0,0,0,0,0,0,0,0,0,0,0,0
2021,REG+POST,00-0032875,K.Crawley,Ken Crawley,2,CB,DB,"https://static.www.nfl.com/image/private/f_auto,q_auto/league/aobwnrjrxizyovaox0ma",NO,3,3,0,0,0,0,0,0,0,0,0,0,0,0,0,0,0,0,0,0,0,0
2021,REG+POST,00-0032888,K.Joseph,Karl Joseph,1,SS,DB,"https://static.www.nfl.com/image/private/f_auto,q_auto/league/owp3ymcd9oo2veexzuhr",PIT,1,1,0,1,0,0,0,0,0,0,0,0,1,0,0,0,0,0,0,0,1,5
2021,REG+POST,00-0032889,A.Robinson,A'Shawn Robinson,20,DE,DL,"https://static.www.nfl.com/image/upload/f_auto,q_auto/league/erkfjohq7j2kqigny727",LA,45,33,12,44,3,1,2,3,27,3,0,0,0,0,0,0,0,0,0,0,0,0
2021,REG+POST,00-0032890,J.Bradberry,James Bradberry,16,CB,DB,"https://static.www.nfl.com/image/private/f_auto,q_auto/league/aicnvekzwdh4mw66wh8g",NYG,37,36,1,10,0,0,0,0,0,0,4,19,17,0,1,1,0,1,13,0,5,49
2021,REG+POST,00-0032891,D.Worley,Daryl Worley,1,FS,DB,"https://static.www.nfl.com/image/private/f_auto,q_auto/league/rxotapqf0dvdbnhkk5fl",BAL,5,5,0,0,0,0,0,0,0,0,0,0,0,0,0,0,0,0,0,0,1,2
2021,REG+POST,00-0032891,D.Worley,Daryl Worley,2,FS,DB,"https://static.www.nfl.com/image/private/f_auto,q_auto/league/rxotapqf0dvdbnhkk5fl",DET,0,0,0,2,0,0,0,0,0,0,0,0,0,0,0,0,0,0,0,0,0,0
2021,REG+POST,00-0032892,N.Vigil,Nick Vigil,15,ILB,LB,"https://static.www.nfl.com/image/upload/f_auto,q_auto/league/wa0mujrluz8esidfvi8v",MIN,44,38,6,39,4,9,0,1,12,3,1,38,1,1,0,0,0,0,0,0,0,0
2021,REG+POST,00-0032933,A.Hamilton,Antonio Hamilton,10,CB,DB,"https://static.www.nfl.com/image/upload/f_auto,q_auto/league/vr67l0o3rl37elhaulrf",ARI,25,23,2,4,1,0,0,0,0,0,0,0,4,0,0,0,0,0,0,0,3,20
2021,REG+POST,00-0032939,V.Bell,Vonn Bell,20,SS,DB,"https://static.www.nfl.com/image/upload/f_auto,q_auto/league/sgfnqlbea65ktiiem6kp",CIN,81,73,8,39,7,9,3,1.5,13,2,2,20,9,0,0,0,0,1,0,0,3,33
2021,REG+POST,00-0032942,K.Seymour,Kevon Seymour,6,CB,DB,"https://static.www.nfl.com/image/upload/f_auto,q_auto/league/krkiyzpkfb69x6dtt2bv",BAL,15,13,2,8,3,1,0,1,9,1,0,0,1,0,0,0,0,0,0,0,2,12
2021,REG+POST,00-0032951,L.Treadwell,Laquon Treadwell,1,WR,WR,"https://static.www.nfl.com/image/upload/f_auto,q_auto/league/vhqspz1ssz3ncmgfvmsk",TEN,0,0,0,1,0,0,0,0,0,0,0,0,0,0,0,0,0,0,0,0,0,0
2021,REG+POST,00-0032952,N.Spence,Noah Spence,2,DE,DL,"https://static.www.nfl.com/image/private/f_auto,q_auto/league/vxxxto3x9ynxu48plg4e",CIN,4,3,1,2,0,0,0,0,0,2,0,0,0,0,0,0,0,0,0,0,0,0
2021,REG+POST,00-0032955,K.Fackrell,Kyler Fackrell,12,OLB,LB,"https://static.www.nfl.com/image/private/f_auto,q_auto/league/stc6dn3vpwl5vagaf8tx",LAC,11,10,1,5,4,3,1,3,17,4,0,0,1,0,0,0,0,1,0,0,1,5
2021,REG+POST,00-0032958,W.Parks,Will Parks,3,FS,DB,"https://static.www.nfl.com/image/private/f_auto,q_auto/league/lfhinmy4ca72xl7c9ead",NYJ,7,7,0,2,1,2,0,0,0,0,0,0,1,0,0,0,0,0,0,0,0,0
2021,REG+POST,00-0032967,V.Butler,Vernon Butler,8,DT,DL,"https://static.www.nfl.com/image/private/f_auto,q_auto/league/spxzurteytkysxgspmze",BUF,6,3,3,5,0,0,0,0,0,1,0,0,0,0,0,0,0,0,0,0,2,10
2021,REG+POST,00-0032968,M.Jack,Myles Jack,15,ILB,LB,"https://static.www.nfl.com/image/private/f_auto,q_auto/league/snqammtqrlvcsml5kbx2",JAX,62,51,11,46,3,10,0,0,0,2,0,0,0,0,0,0,0,0,0,0,1,3
2021,REG+POST,00-0032970,J.Jenkins,Jordan Jenkins,10,DE,DL,"https://static.www.nfl.com/image/private/f_auto,q_auto/league/dwdlmnbznpvpudy545ft",HOU,9,8,1,11,4,5,0,2.5,24,5,0,0,0,0,0,0,0,0,0,0,2,20
2021,REG+POST,00-0032971,J.Simmons,Justin Simmons,17,FS,DB,"https://static.www.nfl.com/image/upload/f_auto,q_auto/league/hepfele9gi8zbjin8kbf",DEN,60,49,11,20,4,6,0,1.5,13,2,5,76,12,0,0,0,0,0,0,0,0,0
2021,REG+POST,00-0032972,D.Booker,Devontae Booker,1,RB,RB,"https://static.www.nfl.com/image/private/f_auto,q_auto/league/y5fw68qxcmxykv1uchlo",DAL,1,1,0,0,0,0,0,0,0,0,0,0,0,0,0,0,0,0,0,0,0,0
2021,REG+POST,00-0032972,D.Booker,Devontae Booker,1,RB,RB,"https://static.www.nfl.com/image/private/f_auto,q_auto/league/y5fw68qxcmxykv1uchlo",KC,1,1,0,0,0,0,0,0,0,0,0,0,0,0,0,0,0,0,0,0,0,0
2021,REG+POST,00-0033006,J.Mickens,Jaydon Mickens,1,WR,WR,"https://static.www.nfl.com/image/private/f_auto,q_auto/league/edjmdcnmfcqucsqym7ku",TEN,1,1,0,0,0,0,0,0,0,0,0,0,0,0,0,0,0,0,0,0,0,0
2021,REG+POST,00-0033009,T.Boyd,Tyler Boyd,1,WR,WR,"https://static.www.nfl.com/image/upload/f_auto,q_auto/league/ttifog0hjxprlhkagugu",PIT,1,1,0,0,0,0,0,0,0,0,0,0,0,0,0,0,0,0,0,0,0,0
2021,REG+POST,00-0033010,S.Day,Sheldon Day,7,DT,DL,"https://static.www.nfl.com/image/upload/f_auto,q_auto/league/cxw7fnka7letqbn7e1h3",CLE,7,6,1,14,0,0,0,1,3.5,1,0,0,2,0,0,0,0,0,0,0,1,15
2021,REG+POST,00-0033011,C.McGovern,Connor McGovern,1,C,OL,"https://static.www.nfl.com/image/upload/f_auto,q_auto/league/ldgfrqc1yt4lkktp1iky",BUF,1,1,0,0,0,0,0,0,0,0,0,0,0,0,0,0,0,0,0,0,0,0
2021,REG+POST,00-0033011,C.McGovern,Connor McGovern,1,C,OL,"https://static.www.nfl.com/image/upload/f_auto,q_auto/league/ldgfrqc1yt4lkktp1iky",CIN,1,1,0,0,0,0,0,0,0,0,0,0,0,0,0,0,0,0,0,0,0,0
2021,REG+POST,00-0033011,C.McGovern,Connor McGovern,1,C,OL,"https://static.www.nfl.com/image/upload/f_auto,q_auto/league/ldgfrqc1yt4lkktp1iky",NE,1,1,0,0,0,0,0,0,0,0,0,0,0,0,0,0,0,0,0,0,0,0
2021,REG+POST,00-0033038,E.Murray,Eric Murray,13,FS,DB,"https://static.www.nfl.com/image/upload/f_auto,q_auto/league/odk8nhmepeqj3rdljafn",HOU,47,41,6,26,0,0,0,0,0,0,1,0,4,0,0,0,0,0,0,0,4,71
2021,REG+POST,00-0033040,T.Hill,Tyreek Hill,1,WR,WR,"https://static.www.nfl.com/image/upload/f_auto,q_auto/league/gdwjlpbkenmnsibawkht",DEN,1,1,0,0,0,0,0,0,0,0,0,0,0,0,0,0,0,0,0,0,0,0
2021,REG+POST,00-0033040,T.Hill,Tyreek Hill,1,WR,WR,"https://static.www.nfl.com/image/upload/f_auto,q_auto/league/gdwjlpbkenmnsibawkht",WAS,1,1,0,0,0,0,0,0,0,0,0,0,0,0,0,0,0,0,0,0,0,0
2021,REG+POST,00-0033045,E.Elliott,Ezekiel Elliott,1,RB,RB,"https://static.www.nfl.com/image/upload/f_auto,q_auto/league/d4yr6htg4dbs0bgcfqnd",NYG,1,1,0,0,0,0,0,0,0,0,0,0,0,0,0,0,0,0,0,0,0,0
2021,REG+POST,00-0033046,J.Ward,Jihad Ward,15,OLB,LB,"https://static.www.nfl.com/image/upload/f_auto,q_auto/league/qhdntz1hu7fboet6gsdg",JAX,10,10,0,22,3,0,0,2,10,7,0,0,0,0,0,0,0,0,0,0,2,22
2021,REG+POST,00-0033047,A.Brown,Anthony Brown,17,CB,DB,"https://static.www.nfl.com/image/upload/f_auto,q_auto/league/b0di12hyti7dtrbs9stm",DAL,64,60,4,12,1,0,1,0,0,0,4,68,18,1,0,0,0,0,0,0,5,96
2021,REG+POST,00-0033050,X.Howard,Xavien Howard,16,CB,DB,"https://static.www.nfl.com/image/private/f_auto,q_auto/league/u2leir3h3frcennwutsi",MIA,39,35,4,11,0,0,2,1,0,1,5,54,16,2,0,0,0,2,49,0,3,34
2021,REG+POST,00-0033051,D.Onyemata,David Onyemata,9,DT,DL,"https://static.www.nfl.com/image/upload/f_auto,q_auto/league/lrcxemhxjms9iknz5nsv",NO,12,10,2,22,2,1,0,2,17,10,0,0,0,0,0,0,0,1,0,0,2,17
2021,REG+POST,00-0033052,J.Smith,Jaylon Smith,4,MLB,LB,"https://static.www.nfl.com/image/upload/f_auto,q_auto/league/gsbqo2w6mf7wubadhflr",DAL,13,12,1,5,0,0,0,0,0,0,0,0,0,0,0,0,0,0,0,0,0,0
2021,REG+POST,00-0033052,J.Smith,Jaylon Smith,1,MLB,LB,"https://static.www.nfl.com/image/upload/f_auto,q_auto/league/gsbqo2w6mf7wubadhflr",GB,1,1,0,0,0,0,0,0,0,0,0,0,0,0,0,0,0,0,0,0,0,0
2021,REG+POST,00-0033052,J.Smith,Jaylon Smith,4,MLB,LB,"https://static.www.nfl.com/image/upload/f_auto,q_auto/league/gsbqo2w6mf7wubadhflr",NYG,12,11,1,7,1,0,0,1,9,1,0,0,1,0,0,0,0,0,0,0,0,0
2021,REG+POST,00-0033055,J.Ramsey,Jalen Ramsey,20,CB,DB,"https://static.www.nfl.com/image/private/f_auto,q_auto/league/qqpx4sxtl2oj8e8jaig7",LA,73,62,11,17,9,14,1,0,0,1,4,41,20,0,0,0,0,1,8,0,6,62
2021,REG+POST,00-0033057,J.Conklin,Jack Conklin,1,T,OL,"https://static.www.nfl.com/image/upload/f_auto,q_auto/league/n8bh3p91qk6myrjqmast",HOU,1,1,0,0,0,0,0,0,0,0,0,0,0,0,0,0,0,0,0,0,0,0
2021,REG+POST,00-0033058,R.Ragland,Reggie Ragland,14,ILB,LB,"https://static.www.nfl.com/image/private/f_auto,q_auto/league/yyprvaghhgtf41mpuazp",NYG,38,31,7,28,2,1,0,0,0,1,0,0,2,0,0,0,0,1,0,0,0,0
2021,REG+POST,00-0033059,T.Green,T.J. Green,4,CB,DB,"https://static.www.nfl.com/image/private/f_auto,q_auto/league/xlab3zv5zsx18dor6vu2",ATL,8,8,0,4,0,0,0,0,0,0,0,0,1,0,0,0,0,0,0,0,0,0
2021,REG+POST,00-0033064,A.Gotsis,Adam Gotsis,13,DT,DL,"https://static.www.nfl.com/image/upload/f_auto,q_auto/league/pfkcfbi2cqmxvpjjvzbh",JAX,20,19,1,7,6,7,0,3,17,7,0,0,0,0,0,0,0,0,0,0,1,5
2021,REG+POST,00-0033066,A.Billings,Andrew Billings,1,DT,DL,"https://static.www.nfl.com/image/upload/f_auto,q_auto/league/stkcgorrqfed6fpfcflw",CLE,0,0,0,1,0,0,0,0,0,0,0,0,0,0,0,0,0,0,0,0,0,0
2021,REG+POST,00-0033072,L.Floyd,Leonard Floyd,20,DE,DL,"https://static.www.nfl.com/image/upload/f_auto,q_auto/league/nfkjp8qksxbnenougfzt",LA,45,37,8,37,9,5,1,11.5,85.5,20,1,11,3,0,0,0,0,1,0,0,6,31
2021,REG+POST,00-0033073,E.Ogbah,Emmanuel Ogbah,17,DE,DL,"https://static.www.nfl.com/image/private/f_auto,q_auto/league/ch8e3xqiavbj85qnmypm",MIA,26,19,7,15,9,3,1,9,64,24,0,0,12,0,0,0,0,1,0,0,1,8
2021,REG+POST,00-0033077,D.Prescott,Dak Prescott,1,QB,QB,"https://static.www.nfl.com/image/upload/f_auto,q_auto/league/xmtaggdnhuyl4pdwtv8j",LAC,1,1,0,0,0,0,0,0,0,0,0,0,0,0,0,0,0,0,0,0,0,0
2021,REG+POST,00-0033083,D.Thompson,Darian Thompson,1,FS,DB,"https://static.www.nfl.com/image/private/f_auto,q_auto/league/nfzpwopmrdccg8or1hj4",DAL,2,2,0,0,0,0,0,0,0,0,0,0,0,0,0,0,0,0,0,0,0,0
2021,REG+POST,00-0033084,K.Fuller,Kendall Fuller,16,CB,DB,"https://static.www.nfl.com/image/upload/f_auto,q_auto/league/pdznqfqyrrwcjdrjb3s5",WAS,64,58,6,13,2,3,0,1,6,1,1,0,16,0,0,0,0,0,0,0,1,13
2021,REG+POST,00-0033093,J.Bullard,Jonathan Bullard,9,DE,DL,"https://static.www.nfl.com/image/upload/f_auto,q_auto/league/shtrimq73t4hqsojvxcf",ATL,8,7,1,13,0,0,0,0,0,1,0,0,1,0,0,0,0,0,0,0,0,0
2021,REG+POST,00-0033096,S.Lawson,Shaq Lawson,12,DE,DL,"https://static.www.nfl.com/image/private/f_auto,q_auto/league/p2vm0nb8vtpc9urat9zo",NYJ,15,11,4,8,5,10,0,1,7,5,1,1,2,0,0,0,0,1,0,0,5,55
2021,REG+POST,00-0033103,A.Burns,Artie Burns,6,CB,DB,"https://static.www.nfl.com/image/upload/f_auto,q_auto/league/nxzudhrs9uippsvtzzvm",CHI,18,16,2,4,1,1,0,0,0,0,0,0,6,0,0,0,0,0,0,0,2,13
2021,REG+POST,00-0033107,W.Jackson,William Jackson,12,CB,DB,"https://static.www.nfl.com/image/private/f_auto,q_auto/league/ecy3oh2pt5nx8cxwcspc",WAS,36,34,2,3,0,0,0,0,0,0,2,0,8,0,0,0,0,0,0,0,7,103
2021,REG+POST,00-0033109,J.Hargrave,Javon Hargrave,17,DT,DL,"https://static.www.nfl.com/image/upload/f_auto,q_auto/league/xdcpyvepnbcc4enqqj76",PHI,27,25,2,40,9,5,1,8.5,62.5,20,0,0,1,0,0,0,0,0,0,0,4,25
2021,REG+POST,00-0033114,M.Thomas,Mike Thomas,1,WR,WR,"https://static.www.nfl.com/image/private/f_auto,q_auto/league/sytj4awk8kseyootqzec",CIN,0,0,0,0,0,0,0,0,0,0,0,0,0,0,0,0,0,0,0,0,1,9
2021,REG+POST,00-0033120,K.Clark,Kenny Clark,17,DT,DL,"https://static.www.nfl.com/image/upload/f_auto,q_auto/league/tyzoow2xs7xp9kqh20dw",GB,31,25,6,23,7,4,0,5,52,15,0,0,0,0,0,0,0,1,0,0,0,0
2021,REG+POST,00-0033123,Y.Ngakoue,Yannick Ngakoue,15,DE,DL,"https://static.www.nfl.com/image/upload/f_auto,q_auto/league/ivskxqgndid0umkimrdw",LV,17,14,3,12,8,4,2,10,50,23,0,0,3,0,0,0,0,0,0,0,5,45
2021,REG+POST,00-0033125,J.Schobert,Joe Schobert,17,ILB,LB,"https://static.www.nfl.com/image/private/f_auto,q_auto/league/expy1fbbfzmswqd0f77r",PIT,71,58,13,43,3,4,1,0,0,1,1,23,6,0,0,0,0,0,0,0,1,5
2021,REG+POST,00-0033129,C.Nassib,Carl Nassib,12,OLB,LB,"https://static.www.nfl.com/image/private/f_auto,q_auto/league/luelmcumocbaqvp20gyr",LV,16,13,3,8,3,8,1,1.5,12.5,4,0,0,0,0,0,0,0,0,0,0,0,0
2021,REG+POST,00-0033131,M.Collins,Maliek Collins,15,DT,DL,"https://static.www.nfl.com/image/upload/f_auto,q_auto/league/podi6i7zb875h7jcmwmi",HOU,18,15,3,11,9,14,0,2.5,22,7,1,0,1,0,0,0,0,1,0,0,6,66
2021,REG+POST,00-0033132,K.Byard,Kevin Byard,18,FS,DB,"https://static.www.nfl.com/image/upload/f_auto,q_auto/league/ymu0jcrm7clsyhhvmcki",TEN,60,44,16,31,1,0,2,1,11,4,5,66,13,2,0,0,0,1,30,0,3,61
2021,REG+POST,00-0033156,J.Bosa,Joey Bosa,16,DE,DL,"https://static.www.nfl.com/image/upload/f_auto,q_auto/league/mlrnkg2xcymq7ilodar5",LAC,36,30,6,15,5,7,7,10.5,70,20,0,0,0,0,0,0,0,0,0,0,8,81
2021,REG+POST,00-0033217,M.Alie-Cox,Mo Alie-Cox,1,TE,TE,"https://static.www.nfl.com/image/upload/f_auto,q_auto/league/f4orwwthvtcyd3vfqjvs",JAX,1,1,0,0,0,0,0,0,0,0,0,0,0,0,0,0,0,0,0,0,0,0
2021,REG+POST,00-0033217,M.Alie-Cox,Mo Alie-Cox,1,TE,TE,"https://static.www.nfl.com/image/upload/f_auto,q_auto/league/f4orwwthvtcyd3vfqjvs",TB,0,0,0,1,0,0,0,0,0,0,0,0,0,0,0,0,0,0,0,0,0,0
2021,REG+POST,00-0033217,M.Alie-Cox,Mo Alie-Cox,1,TE,TE,"https://static.www.nfl.com/image/upload/f_auto,q_auto/league/f4orwwthvtcyd3vfqjvs",TEN,1,1,0,0,0,0,0,0,0,0,0,0,0,0,0,0,0,0,0,0,0,0
2021,REG+POST,00-0033221,D.Brunskill,Daniel Brunskill,1,C,OL,"https://static.www.nfl.com/image/upload/f_auto,q_auto/league/a6jmwkcgsq34mnc0wvan",DAL,1,1,0,0,0,0,0,0,0,0,0,0,0,0,0,0,0,0,0,0,0,0
2021,REG+POST,00-0033221,D.Brunskill,Daniel Brunskill,2,C,OL,"https://static.www.nfl.com/image/upload/f_auto,q_auto/league/a6jmwkcgsq34mnc0wvan",SEA,3,3,0,0,0,0,0,0,0,0,0,0,0,0,0,0,0,0,0,0,0,0
2021,REG+POST,00-0033251,Z.Pascal,Zach Pascal,1,WR,WR,"https://static.www.nfl.com/image/upload/f_auto,q_auto/league/pfhgz8ofqgoubhnuqtme",SF,1,1,0,0,0,0,0,0,0,0,0,0,0,0,0,0,0,0,0,0,0,0
2021,REG+POST,00-0033251,Z.Pascal,Zach Pascal,1,WR,WR,"https://static.www.nfl.com/image/upload/f_auto,q_auto/league/pfhgz8ofqgoubhnuqtme",TB,1,0,1,0,0,0,0,0,0,0,0,0,0,0,0,0,0,0,0,0,0,0
2021,REG+POST,00-0033258,D.Daniels,Darrell Daniels,1,TE,TE,"https://static.www.nfl.com/image/private/f_auto,q_auto/league/uite1keyl09qsvofsqzf",LA,1,1,0,0,0,0,0,0,0,0,0,0,0,0,0,0,0,0,0,0,0,0
2021,REG+POST,00-0033275,P.Walker,P.J. Walker,1,QB,QB,"https://static.www.nfl.com/image/upload/f_auto,q_auto/league/rfbfapksdwh1o4othraq",ARI,0,0,0,1,0,0,0,0,0,0,0,0,0,0,0,0,0,0,0,0,0,0
2021,REG+POST,00-0033280,C.McCaffrey,Christian McCaffrey,1,RB,RB,"https://static.www.nfl.com/image/upload/f_auto,q_auto/league/umiv5sn2xxrjdjwjtkqm",ARI,1,1,0,0,0,0,0,0,0,0,0,0,0,0,0,0,0,0,0,0,0,0
2021,REG+POST,00-0033281,M.Humphrey,Marlon Humphrey,12,CB,DB,"https://static.www.nfl.com/image/upload/f_auto,q_auto/league/z76v2oy3pduhaugfzs3t",BAL,44,41,3,14,0,0,1,0,0,1,1,0,13,0,0,0,0,0,0,0,7,54
2021,REG+POST,00-0033282,C.Samuel,Curtis Samuel,1,WR,WR,"https://static.www.nfl.com/image/upload/f_auto,q_auto/league/mq62ulflifrpjrcyknbj",NO,1,1,0,0,0,0,0,0,0,0,0,0,0,0,0,0,0,0,0,0,0,0
2021,REG+POST,00-0033283,T.Bowser,Tyus Bowser,16,OLB,LB,"https://static.www.nfl.com/image/upload/f_auto,q_auto/league/ya9ueczkdruaxw1vnijr",BAL,31,27,4,25,8,11,2,7,56,15,0,0,4,0,0,0,0,0,0,0,1,15
2021,REG+POST,00-0033284,T.Moton,Taylor Moton,1,T,OL,"https://static.www.nfl.com/image/upload/f_auto,q_auto/league/vbtlqcz25stu0u4cgprx",ARI,0,0,0,1,0,0,0,0,0,0,0,0,0,0,0,0,0,0,0,0,0,0
2021,REG+POST,00-0033288,G.Kittle,George Kittle,2,TE,TE,"https://static.www.nfl.com/image/upload/f_auto,q_auto/league/ivkrikewqqdllzvano8h",GB,2,2,0,0,0,0,0,0,0,0,0,0,0,0,0,0,0,0,0,0,0,0
2021,REG+POST,00-0033288,G.Kittle,George Kittle,1,TE,TE,"https://static.www.nfl.com/image/upload/f_auto,q_auto/league/ivkrikewqqdllzvano8h",LA,1,1,0,0,0,0,0,0,0,0,0,0,0,0,0,0,0,0,0,0,0,0
2021,REG+POST,00-0033289,C.Elder,Corn Elder,1,CB,DB,"https://static.www.nfl.com/image/private/f_auto,q_auto/league/imtqxygrnsdx5nqvojnz",WAS,4,3,1,0,0,0,0,0,0,0,0,0,1,0,0,0,0,0,0,0,0,0
2021,REG+POST,00-0033294,C.Clark,Chuck Clark,16,SS,DB,"https://static.www.nfl.com/image/upload/f_auto,q_auto/league/xuhbezcp9prw2eebxha4",BAL,46,42,4,31,3,2,0,1,12,1,2,17,12,1,0,0,0,0,0,0,1,5
2021,REG+POST,00-0033297,D.Jones,D.J. Jones,19,NT,DL,"https://static.www.nfl.com/image/upload/f_auto,q_auto/league/vyntblgpp0dtgpvckebc",SF,44,37,7,20,11,21,2,3,33,5,0,0,1,0,0,0,0,0,0,0,0,0
2021,REG+POST,00-0033302,A.Colbert,Adrian Colbert,4,FS,DB,"https://static.www.nfl.com/image/upload/f_auto,q_auto/league/f96eyatbjt9mayqg7znh",NYJ,10,9,1,6,0,0,0,0,0,0,0,0,0,0,0,0,0,0,0,0,0,0
2021,REG+POST,00-0033324,T.Bower,Tashawn Bower,1,DE,DL,"https://static.www.nfl.com/image/private/f_auto,q_auto/league/h6ioogkk8kw2ik3vfdjd",MIN,1,1,0,0,0,0,0,0,0,0,0,0,0,0,0,0,0,0,0,0,0,0
2021,REG+POST,00-0033324,T.Bower,Tashawn Bower,2,DE,DL,"https://static.www.nfl.com/image/private/f_auto,q_auto/league/h6ioogkk8kw2ik3vfdjd",NE,1,1,0,2,1,0,0,1,6,1,0,0,0,0,0,0,0,0,0,0,0,0
2021,REG+POST,00-0033336,E.Wilson,Eric Wilson,1,ILB,LB,"https://static.www.nfl.com/image/upload/f_auto,q_auto/league/jkwb6og7ip3vojzqhmsq",HOU,1,1,0,0,0,0,0,0,0,0,0,0,0,0,0,0,0,0,0,0,1,10
2021,REG+POST,00-0033336,E.Wilson,Eric Wilson,7,ILB,LB,"https://static.www.nfl.com/image/upload/f_auto,q_auto/league/jkwb6og7ip3vojzqhmsq",PHI,18,15,3,25,1,3,0,0,0,1,1,7,1,0,0,0,0,0,0,0,0,0
2021,REG+POST,00-0033344,H.Nickerson,Hardy Nickerson,1,ILB,LB,"https://static.www.nfl.com/image/private/f_auto,q_auto/league/w2uuz8nnm26wdpzs5e0d",HOU,1,1,0,0,0,0,0,0,0,0,0,0,0,0,0,0,0,0,0,0,0,0
2021,REG+POST,00-0033347,J.Tupou,Josh Tupou,10,NT,DL,"https://static.www.nfl.com/image/upload/f_auto,q_auto/league/l2qbcwd7xkczaf4yibdf",CIN,3,2,1,9,0,0,0,0,0,1,0,0,0,0,0,0,0,0,0,0,0,0
2021,REG+POST,00-0033357,T.Hill,Taysom Hill,1,TE,TE,"https://static.www.nfl.com/image/upload/f_auto,q_auto/league/q8itjlocg5do60qat4l3",WAS,1,1,0,0,0,0,0,0,0,0,0,0,0,0,0,0,0,0,0,0,0,0
2021,REG+POST,00-0033381,A.Butler,Adam Butler,13,DT,DL,"https://static.www.nfl.com/image/upload/f_auto,q_auto/league/kpbasd2x1ck6avhrdvya",MIA,9,7,2,8,2,0,0,2,13,5,0,0,3,0,0,0,0,0,0,0,0,0
2021,REG+POST,00-0033387,J.Hollister,Jacob Hollister,1,TE,TE,"https://static.www.nfl.com/image/private/f_auto,q_auto/league/qdny7ap8ly1ozectd8zu",ARI,1,1,0,0,0,0,0,0,0,0,0,0,0,0,0,0,0,0,0,0,0,0
2021,REG+POST,00-0033392,H.Langi,Harvey Langi,1,ILB,LB,"https://static.www.nfl.com/image/private/f_auto,q_auto/league/aydxopdtyvmbju00gmyt",NE,0,0,0,1,0,0,0,0,0,0,0,0,0,0,0,0,0,0,0,0,0,0
2021,REG+POST,00-0033393,K.Moore,Kenny Moore,17,CB,DB,"https://static.www.nfl.com/image/private/f_auto,q_auto/league/ji3hdoi86xonnhxlr6gl",IND,81,72,9,20,6,6,1,1,1,1,4,78,13,0,0,0,0,0,0,0,1,12
2021,REG+POST,00-0033403,C.Malveaux,Cameron Malveaux,4,DE,DL,"https://static.www.nfl.com/image/private/f_auto,q_auto/league/ymrrstfoqczhqxbdpyyg",PHI,0,0,0,4,0,0,0,0,0,2,0,0,0,0,0,0,0,0,0,0,0,0
2021,REG+POST,00-0033405,T.McTyer,Torry McTyer,2,CB,DB,"https://static.www.nfl.com/image/private/f_auto,q_auto/league/fihkqpnzwigqms2mh2sx",WAS,1,1,0,0,0,0,0,0,0,0,0,0,2,0,0,0,0,0,0,0,1,28
2021,REG+POST,00-0033430,G.Mabin,Greg Mabin,4,CB,DB,"https://static.www.nfl.com/image/private/f_auto,q_auto/league/kx7eaysqokv69ecev8s0",TEN,9,7,2,1,0,0,0,0,0,0,0,0,1,0,0,0,0,0,0,0,1,12
2021,REG+POST,00-0033435,B.Borders,Breon Borders,1,CB,DB,"https://static.www.nfl.com/image/private/f_auto,q_auto/league/z27qeupe0konar5g4ovl",ARI,3,3,0,0,0,0,0,0,0,0,0,0,0,0,0,0,0,0,0,0,0,0
2021,REG+POST,00-0033435,B.Borders,Breon Borders,4,CB,DB,"https://static.www.nfl.com/image/private/f_auto,q_auto/league/z27qeupe0konar5g4ovl",TEN,3,3,0,1,0,0,0,0,0,0,0,0,2,0,0,0,0,0,0,0,1,39
2021,REG+POST,00-0033452,A.Calitro,Austin Calitro,1,ILB,LB,"https://static.www.nfl.com/image/private/f_auto,q_auto/league/kgiqm9wqj1gurqewpwxg",CIN,2,2,0,0,0,0,0,0,0,0,0,0,0,0,0,0,0,0,0,0,0,0
2021,REG+POST,00-0033455,A.Firkser,Anthony Firkser,1,TE,TE,"https://static.www.nfl.com/image/upload/f_auto,q_auto/league/rpbs9wsnuhu9tgipzwuv",ARI,1,1,0,0,0,0,0,0,0,0,0,0,0,0,0,0,0,0,0,0,0,0
2021,REG+POST,00-0033455,A.Firkser,Anthony Firkser,1,TE,TE,"https://static.www.nfl.com/image/upload/f_auto,q_auto/league/rpbs9wsnuhu9tgipzwuv",CIN,1,1,0,0,0,0,0,0,0,0,0,0,0,0,0,0,0,0,0,0,0,0
2021,REG+POST,00-0033455,A.Firkser,Anthony Firkser,1,TE,TE,"https://static.www.nfl.com/image/upload/f_auto,q_auto/league/rpbs9wsnuhu9tgipzwuv",TEN,0,0,0,0,0,0,0,0,0,0,0,0,0,0,0,1,0,0,0,0,0,0
2021,REG+POST,00-0033466,I.McKenzie,Isaiah McKenzie,1,WR,WR,"https://static.www.nfl.com/image/upload/f_auto,q_auto/league/gy6grhpxsegfgklfadte",IND,1,1,0,0,0,0,0,0,0,0,0,0,0,0,0,0,0,0,0,0,0,0
2021,REG+POST,00-0033469,V.Taylor,Vincent Taylor,1,DT,DL,"https://static.www.nfl.com/image/private/f_auto,q_auto/league/wbhxbvig9a5u742ydron",HOU,1,1,0,1,0,0,0,0,0,0,0,0,0,0,0,0,0,0,0,0,0,0
2021,REG+POST,00-0033471,I.Ford,Isaiah Ford,1,WR,WR,"https://static.www.nfl.com/image/private/f_auto,q_auto/league/ycqftcjsc9vyqmc8tlmw",CAR,1,1,0,0,0,0,0,0,0,0,0,0,0,0,0,0,0,0,0,0,0,0
2021,REG+POST,00-0033481,M.Kemp,Marcus Kemp,1,WR,WR,"https://static.www.nfl.com/image/private/f_auto,q_auto/league/hetkew9ad3agbj8cq1r3",KC,1,1,0,0,1,0,0,0,0,0,0,0,0,0,0,0,0,0,0,0,0,0
2021,REG+POST,00-0033503,A.Maulet,Arthur Maulet,14,CB,DB,"https://static.www.nfl.com/image/upload/f_auto,q_auto/league/yes3epodpjvubtvfoy7e",PIT,37,35,2,9,5,12,1,0,0,2,0,0,1,0,0,0,0,0,0,0,0,0
2021,REG+POST,00-0033512,D.Kazee,Damontae Kazee,18,SS,DB,"https://static.www.nfl.com/image/upload/f_auto,q_auto/league/qjzpwvhklyf4pjds8nwe",DAL,37,34,3,22,0,0,2,0,0,0,2,8,4,0,0,0,0,0,0,0,3,45
2021,REG+POST,00-0033523,J.Allen,Jonathan Allen,17,DT,DL,"https://static.www.nfl.com/image/upload/f_auto,q_auto/league/lezh4kpghvllvbriih5a",WAS,31,24,7,31,10,4,0,9,56,30,0,0,0,0,0,0,0,0,0,0,1,5
2021,REG+POST,00-0033524,K.King,Kevin King,10,CB,DB,"https://static.www.nfl.com/image/upload/f_auto,q_auto/league/gtqricr7gub4urjpyadn",GB,20,20,0,8,0,0,0,0,0,1,1,0,3,0,0,0,0,0,0,0,0,0
2021,REG+POST,00-0033526,S.Perine,Samaje Perine,1,RB,RB,"https://static.www.nfl.com/image/upload/f_auto,q_auto/league/liorwdmj8gelxh5u7rc4",TEN,1,1,0,0,0,0,0,0,0,0,0,0,0,0,0,0,0,0,0,0,0,0
2021,REG+POST,00-0033539,J.Davis,Jarrad Davis,7,ILB,LB,"https://static.www.nfl.com/image/private/f_auto,q_auto/league/aojjnufhksozv3ztodf2",NYJ,17,14,3,7,0,0,0,0,0,0,0,0,0,0,0,0,0,0,0,0,0,0
2021,REG+POST,00-0033540,T.McKinley,Takk McKinley,9,DE,DL,"https://static.www.nfl.com/image/upload/f_auto,q_auto/league/bkkszbovn5ncxprku7rh",CLE,10,9,1,8,3,0,1,2.5,14,8,0,0,0,0,0,0,0,0,0,0,0,0
2021,REG+POST,00-0033541,T.Charlton,Taco Charlton,9,DE,DL,"https://static.www.nfl.com/image/private/f_auto,q_auto/league/vfj6yqbgzkb09odi6xfc",PIT,8,8,0,11,0,0,0,0.5,2,3,0,0,1,0,0,0,0,0,0,0,0,0
2021,REG+POST,00-0033543,S.Jones,Sidney Jones,12,CB,DB,"https://static.www.nfl.com/image/private/f_auto,q_auto/league/qsxywzc7mfcj0ibjjevc",SEA,45,38,7,21,1,0,0,0,0,0,0,0,10,0,0,0,0,0,0,0,2,17
2021,REG+POST,00-0033545,T.Tabor,Teez Tabor,3,FS,DB,"https://static.www.nfl.com/image/private/f_auto,q_auto/league/xrcqxkph85tilwfbkctv",CHI,6,6,0,2,0,0,0,0,0,0,0,0,0,0,0,0,0,0,0,0,2,19
2021,REG+POST,00-0033546,D.Tomlinson,Dalvin Tomlinson,15,DT,DL,"https://static.www.nfl.com/image/upload/f_auto,q_auto/league/amm1zzozebf82214h0eg",MIN,17,11,6,22,2,1,0,2.5,11,7,0,0,2,0,0,0,0,1,0,0,1,15
2021,REG+POST,00-0033547,Z.Cunningham,Zach Cunningham,10,ILB,LB,"https://static.www.nfl.com/image/upload/f_auto,q_auto/league/fpqgit8oxv2kkdufwrex",HOU,32,28,4,35,4,8,1,0,0,1,0,0,3,0,0,0,0,0,0,0,0,0
2021,REG+POST,00-0033547,Z.Cunningham,Zach Cunningham,5,ILB,LB,"https://static.www.nfl.com/image/upload/f_auto,q_auto/league/fpqgit8oxv2kkdufwrex",TEN,26,19,7,9,4,2,0,0,0,0,0,0,0,0,0,0,0,0,0,0,0,0
2021,REG+POST,00-0033548,C.Awuzie,Chidobe Awuzie,18,CB,DB,"https://static.www.nfl.com/image/upload/f_auto,q_auto/league/kjne7duta6jkknbbiyx7",CIN,69,64,5,19,4,4,0,0,0,0,3,43,15,0,0,0,0,0,0,0,3,23
2021,REG+POST,00-0033549,D.Riley,Duke Riley,8,ILB,LB,"https://static.www.nfl.com/image/upload/f_auto,q_auto/league/qupmregt7cnl5jgzvuug",MIA,13,9,4,8,0,0,0,0,0,0,0,0,0,0,0,0,0,0,0,0,0,0
2021,REG+POST,00-0033551,R.Douglas,Rasul Douglas,13,CB,DB,"https://static.www.nfl.com/image/upload/f_auto,q_auto/league/ckyphq6brbau8lhgbt6j",GB,50,49,1,6,1,0,1,0,0,0,5,105,14,2,0,0,0,0,0,0,4,50
2021,REG+POST,00-0033553,J.Conner,James Conner,1,RB,RB,"https://static.www.nfl.com/image/upload/f_auto,q_auto/league/rtvys5j7sxjrlbpy5iim",DET,1,1,0,0,0,0,0,0,0,0,0,0,0,0,0,0,0,0,0,0,0,0
2021,REG+POST,00-0033555,M.Hollins,Mack Hollins,1,WR,WR,"https://static.www.nfl.com/image/upload/f_auto,q_auto/league/xchw7quzjszgrm6psbyg",JAX,1,1,0,0,0,0,0,0,0,0,0,0,0,0,0,0,0,0,0,0,0,0
2021,REG+POST,00-0033555,M.Hollins,Mack Hollins,1,WR,WR,"https://static.www.nfl.com/image/upload/f_auto,q_auto/league/xchw7quzjszgrm6psbyg",NO,1,1,0,0,0,0,0,0,0,0,0,0,0,0,0,0,0,0,0,0,0,0
2021,REG+POST,00-0033557,J.Reeves-Maybin,Jalen Reeves-Maybin,13,OLB,LB,"https://static.www.nfl.com/image/upload/f_auto,q_auto/league/oczccxuvy4ltvjy4fhmu",DET,46,41,5,26,4,4,2,0,0,1,0,0,4,0,0,0,0,1,0,0,1,15
2021,REG+POST,00-0033560,J.Davenport,Julien Davenport,1,T,OL,"https://static.www.nfl.com/image/upload/f_auto,q_auto/league/vtf8xuyok7a7q9ksuxnh",LA,1,1,0,0,0,0,0,0,0,0,0,0,0,0,0,0,0,0,0,0,0,0
2021,REG+POST,00-0033563,C.Watkins,Carlos Watkins,15,DE,DL,"https://static.www.nfl.com/image/upload/f_auto,q_auto/league/f6lnoo70bkircgjnmc0k",DAL,17,14,3,15,5,9,0,1,8,2,1,29,2,1,0,0,0,1,0,0,1,5
2021,REG+POST,00-0033566,D.King,Desmond King,15,CB,DB,"https://static.www.nfl.com/image/upload/f_auto,q_auto/league/bqwzwewlpjcgm8zgvcs9",HOU,62,58,4,24,1,1,1,0,0,0,3,25,6,0,0,0,0,0,0,0,4,41
2021,REG+POST,00-0033568,N.Hairston,Nate Hairston,6,CB,DB,"https://static.www.nfl.com/image/private/f_auto,q_auto/league/ybyykttbwjl8gfhnielr",DEN,6,4,2,2,0,0,0,0,0,0,0,0,4,0,0,0,0,0,0,0,0,0
2021,REG+POST,00-0033570,A.Walker,Anthony Walker,13,MLB,LB,"https://static.www.nfl.com/image/upload/f_auto,q_auto/league/e0zs0cfqze82te05sqi3",CLE,69,59,10,44,2,0,0,1,5,1,0,0,2,0,0,0,0,0,0,0,0,0
2021,REG+POST,00-0033571,M.Milano,Matt Milano,18,OLB,LB,"https://static.www.nfl.com/image/upload/f_auto,q_auto/league/wic0vfbw2xj3a5yjgwf4",BUF,67,55,12,35,15,11,0,3,27,7,0,0,6,0,0,0,0,2,0,0,1,15
2021,REG+POST,00-0033576,E.Saubert,Eric Saubert,1,TE,TE,"https://static.www.nfl.com/image/upload/f_auto,q_auto/league/pxcadtlbynaz2qbffpei",NYJ,1,1,0,0,0,0,0,0,0,0,0,0,0,0,0,0,0,0,0,0,0,0
2021,REG+POST,00-0033579,X.Woods,Xavier Woods,17,FS,DB,"https://static.www.nfl.com/image/upload/f_auto,q_auto/league/eod3wrrurjyn3tnt3vre",MIN,71,64,7,36,1,1,2,1,3,1,3,54,10,0,0,0,0,0,0,0,4,86
2021,REG+POST,00-0033580,T.Vallejo,Tanner Vallejo,8,ILB,LB,"https://static.www.nfl.com/image/private/f_auto,q_auto/league/yuami4bsadm32py6yhlr",ARI,10,7,3,8,3,5,0,0.5,0,1,0,0,1,0,0,0,0,0,0,0,1,15
2021,REG+POST,00-0033588,I.Rochell,Isaac Rochell,10,DE,DL,"https://static.www.nfl.com/image/private/f_auto,q_auto/league/pltdnt3jewadxdfzhso3",IND,10,8,2,7,0,0,0,0,0,3,0,0,0,0,0,0,0,0,0,0,0,0
2021,REG+POST,00-0033595,P.O'Connor,Pat O'Connor,4,DE,DL,"https://static.www.nfl.com/image/upload/f_auto,q_auto/league/mynhvgemge8xxm7ekits",TB,1,1,0,2,1,3,0,0.5,3.5,2,0,0,0,0,0,0,0,0,0,0,0,0
2021,REG+POST,00-0033598,E.Ankou,Eli Ankou,4,DT,DL,"https://static.www.nfl.com/image/upload/f_auto,q_auto/league/vo3rcoaq6owinjqnlzis",BUF,5,3,2,4,1,0,0,1,2,1,0,0,0,0,0,0,0,0,0,0,1,5
2021,REG+POST,00-0033598,E.Ankou,Eli Ankou,1,DT,DL,"https://static.www.nfl.com/image/upload/f_auto,q_auto/league/vo3rcoaq6owinjqnlzis",TEN,0,0,0,3,0,0,0,0,0,0,0,0,0,0,0,0,0,0,0,0,0,0
2021,REG+POST,00-0033611,R.Seals-Jones,Ricky Seals-Jones,1,TE,TE,"https://static.www.nfl.com/image/private/f_auto,q_auto/league/nqwpbsutfe0anvjkqeux",WAS,0,0,0,0,0,0,0,0,0,0,0,0,0,0,0,0,0,0,0,0,1,5
2021,REG+POST,00-0033649,K.Nacua,Kai Nacua,1,SS,DB,"https://static.www.nfl.com/image/private/f_auto,q_auto/league/vdesbkgnajybqizumaww",NYJ,2,2,0,0,0,0,0,0,0,0,0,0,0,0,0,0,0,0,0,0,0,0
2021,REG+POST,00-0033658,B.Jarwin,Blake Jarwin,1,TE,TE,"https://static.www.nfl.com/image/private/f_auto,q_auto/league/fsn8rvgup22r5e53mu7i",MIN,1,1,0,0,0,0,0,0,0,0,0,0,0,0,0,0,0,0,0,0,0,0
2021,REG+POST,00-0033659,J.Jones,Joseph Jones,1,ILB,LB,"https://static.www.nfl.com/image/private/f_auto,q_auto/league/sxvgaf3z5h6n9kb9rs5y",TEN,0,0,0,1,0,0,0,0,0,0,0,0,0,0,0,0,0,0,0,0,0,0
2021,REG+POST,00-0033681,K.Cole,Keelan Cole,1,WR,WR,"https://static.www.nfl.com/image/private/f_auto,q_auto/league/djdjurxk3b6y347zirvz",BUF,1,1,0,0,0,0,0,0,0,0,0,0,0,0,0,0,0,0,0,0,0,0
2021,REG+POST,00-0033681,K.Cole,Keelan Cole,1,WR,WR,"https://static.www.nfl.com/image/private/f_auto,q_auto/league/djdjurxk3b6y347zirvz",IND,1,1,0,0,0,0,0,0,0,0,0,0,0,0,0,0,0,0,0,0,0,0
2021,REG+POST,00-0033697,M.Davis,Michael Davis,14,CB,DB,"https://static.www.nfl.com/image/upload/f_auto,q_auto/league/xhomoqg5qsjbpacywfno",LAC,42,37,5,12,1,0,0,0,0,0,1,0,12,0,0,0,0,2,34,0,5,34
2021,REG+POST,00-0033716,C.Munson,Calvin Munson,1,ILB,LB,"https://static.www.nfl.com/image/private/f_auto,q_auto/league/gsavlqgk7u4z9pobxxwo",NE,1,0,1,2,1,2,0,0,0,0,0,0,0,0,0,0,0,0,0,0,0,0
2021,REG+POST,00-0033733,G.Ward,Greg Ward,1,WR,WR,"https://static.www.nfl.com/image/private/f_auto,q_auto/league/avy32bijim6pgiiu8gtz",PHI,0,0,0,0,0,0,0,0,0,0,0,0,0,0,0,0,0,0,0,0,1,10
2021,REG+POST,00-0033752,S.Norton,Storm Norton,1,T,OL,"https://static.www.nfl.com/image/upload/f_auto,q_auto/league/fv2htxptn1e287jhekhs",PIT,1,1,0,0,0,0,0,0,0,0,0,0,0,0,0,0,0,0,0,0,0,0
2021,REG+POST,00-0033765,D.Cole,Dylan Cole,3,ILB,LB,"https://static.www.nfl.com/image/private/f_auto,q_auto/league/wgsh2du4mjwkidx86ue5",TEN,2,2,0,4,1,0,0,0,0,1,0,0,1,0,0,0,0,0,0,0,1,15
2021,REG+POST,00-0033779,D.Virgin,Dee Virgin,1,CB,DB,"https://static.www.nfl.com/image/private/f_auto,q_auto/league/cpgutvhrcpu537ytonqd",CHI,0,0,0,0,0,0,0,0,0,0,0,0,0,0,0,0,0,0,0,0,1,10
2021,REG+POST,00-0033782,D.Walker,DeMarcus Walker,13,DE,DL,"https://static.www.nfl.com/image/upload/f_auto,q_auto/league/srytj7u2ver5a0lnanpg",HOU,21,17,4,10,4,2,1,2,17,7,0,0,1,0,0,0,0,0,0,0,2,10
2021,REG+POST,00-0033783,A.Witherspoon,Ahkello Witherspoon,9,CB,DB,"https://static.www.nfl.com/image/upload/f_auto,q_auto/league/s0ugeantfk8glnsstdwe",PIT,16,14,2,1,1,1,0,0,0,0,3,45,9,0,0,0,0,0,0,0,0,0
2021,REG+POST,00-0033784,E.Jackson,Eddie Jackson,13,FS,DB,"https://static.www.nfl.com/image/upload/f_auto,q_auto/league/ixwxc8m6qpilrwnuxfff",CHI,54,49,5,22,4,11,1,0,0,0,0,0,2,0,0,0,0,0,0,0,1,4
2021,REG+POST,00-0033790,J.Evans,Jordan Evans,3,OLB,LB,"https://static.www.nfl.com/image/private/f_auto,q_auto/league/aemtussu71w2bxnsvo8g",CIN,2,2,0,2,0,0,0,0,0,0,0,0,0,0,0,0,0,0,0,0,0,0
2021,REG+POST,00-0033791,B.Wilson,Brandon Wilson,2,FS,DB,"https://static.www.nfl.com/image/private/f_auto,q_auto/league/qivxnok733r3757ruzqy",CIN,1,1,0,2,0,0,0,0,0,0,0,0,0,0,0,0,0,0,0,0,0,0
2021,REG+POST,00-0033792,R.Ford,Rudy Ford,14,FS,DB,"https://static.www.nfl.com/image/private/f_auto,q_auto/league/lcxikptlx1eo7hom7hcu",JAX,37,36,1,13,1,0,0,0.5,2.5,2,1,8,3,0,0,0,0,0,0,0,0,0
2021,REG+POST,00-0033839,D.Westbrook,Dede Westbrook,1,WR,WR,"https://static.www.nfl.com/image/private/f_auto,q_auto/league/jjlxw2ircxecpx3ipeax",PIT,1,1,0,0,0,0,0,0,0,0,0,0,0,0,0,0,0,0,0,0,0,0
2021,REG+POST,00-0033856,L.Fournette,Leonard Fournette,1,RB,RB,"https://static.www.nfl.com/image/private/f_auto,q_auto/league/atxppoc7zqcjnbnk0awz",DAL,0,0,0,1,0,0,0,0,0,0,0,0,0,0,0,0,0,0,0,0,0,0
2021,REG+POST,00-0033860,D.Godchaux,Davon Godchaux,18,NT,DL,"https://static.www.nfl.com/image/private/f_auto,q_auto/league/vdvrll3sffp00ijreboc",NE,33,25,8,33,2,3,1,1,7,5,0,0,0,0,0,0,0,0,0,0,1,5
2021,REG+POST,00-0033868,M.Garrett,Myles Garrett,17,DE,DL,"https://static.www.nfl.com/image/private/f_auto,q_auto/league/y33rmtjxhgil7cjcftlc",CLE,33,31,2,18,17,8,1,16,91.5,33,0,0,3,1,0,0,0,1,15,0,2,10
2021,REG+POST,00-0033870,S.Thomas,Solomon Thomas,15,DT,DL,"https://static.www.nfl.com/image/upload/f_auto,q_auto/league/kuzovvbbdsshvhhstf5f",LV,18,16,2,17,3,5,2,3.5,19.5,12,0,0,2,0,0,0,0,0,0,0,4,29
2021,REG+POST,00-0033872,J.Adams,Jamal Adams,12,SS,DB,"https://static.www.nfl.com/image/upload/f_auto,q_auto/league/whdw4wbaegvpdhxffnud",SEA,56,47,9,31,4,3,0,0,0,2,2,0,5,0,0,0,0,0,0,0,3,23
2021,REG+POST,00-0033873,P.Mahomes,Patrick Mahomes,1,QB,QB,"https://static.www.nfl.com/image/upload/f_auto,q_auto/league/qrdbvu4iqy7wkqg8jq8d",CIN,1,1,0,0,0,0,0,0,0,0,0,0,0,0,0,0,0,0,0,0,0,0
2021,REG+POST,00-0033873,P.Mahomes,Patrick Mahomes,1,QB,QB,"https://static.www.nfl.com/image/upload/f_auto,q_auto/league/qrdbvu4iqy7wkqg8jq8d",LAC,1,1,0,0,0,0,0,0,0,0,0,0,0,0,0,0,0,0,0,0,0,0
2021,REG+POST,00-0033874,M.Lattimore,Marshon Lattimore,16,CB,DB,"https://static.www.nfl.com/image/upload/f_auto,q_auto/league/z4npwlwl5teozc1lp8ky",NO,55,53,2,13,0,0,0,0,0,0,3,35,19,0,0,0,0,1,1,0,5,58
2021,REG+POST,00-0033875,H.Reddick,Haason Reddick,16,OLB,LB,"https://static.www.nfl.com/image/upload/f_auto,q_auto/league/a1zhze78doxzir02uvmr",CAR,37,31,6,31,12,6,2,11,72.5,18,0,0,0,0,0,0,0,1,22,0,3,35
2021,REG+POST,00-0033876,D.Barnett,Derek Barnett,17,DE,DL,"https://static.www.nfl.com/image/upload/f_auto,q_auto/league/zmd1moeoqrnfttpb2diu",PHI,21,17,4,29,7,19,0,2.5,30.5,12,0,0,0,0,0,0,0,0,0,0,8,62
2021,REG+POST,00-0033877,M.Hooker,Malik Hooker,16,FS,DB,"https://static.www.nfl.com/image/upload/f_auto,q_auto/league/bo2hnyhkoybx09qn0jpf",DAL,30,28,2,17,1,1,0,0,0,0,1,0,2,0,0,0,0,0,0,0,1,15
2021,REG+POST,00-0033878,A.Jackson,Adoree' Jackson,13,CB,DB,"https://static.www.nfl.com/image/private/f_auto,q_auto/league/wz7ftjbrza2khve21rpl",NYG,47,41,6,15,1,3,0,0,0,0,1,10,8,0,0,0,0,0,0,0,0,0
2021,REG+POST,00-0033880,C.Harris,Charles Harris,17,DE,DL,"https://static.www.nfl.com/image/upload/f_auto,q_auto/league/xssxsqkbd4osqsrbtxr5",DET,34,31,3,31,10,1,2,7.5,70,16,0,0,0,0,0,0,0,0,0,0,4,46
2021,REG+POST,00-0033881,E.Engram,Evan Engram,1,TE,TE,"https://static.www.nfl.com/image/upload/f_auto,q_auto/league/sea0atk2feif4n75dvq8",DAL,1,1,0,0,0,0,0,0,0,0,0,0,0,0,0,0,0,0,0,0,0,0
2021,REG+POST,00-0033883,J.Peppers,Jabrill Peppers,5,SS,DB,"https://static.www.nfl.com/image/private/f_auto,q_auto/league/w2cmxw8r8hy8mnghitxp",NYG,19,19,0,10,2,1,0,1,4,4,0,0,1,0,0,0,0,0,0,0,0,0
2021,REG+POST,00-0033884,T.White,Tre'Davious White,11,CB,DB,"https://static.www.nfl.com/image/upload/f_auto,q_auto/league/xlgqko9tehzohbgnou0v",BUF,27,23,4,14,1,2,1,0.5,3,1,1,0,6,0,0,0,0,1,0,0,5,48
2021,REG+POST,00-0033885,D.Njoku,David Njoku,1,TE,TE,"https://static.www.nfl.com/image/private/f_auto,q_auto/league/ilvxwdllivrvwbuj69cm",CIN,1,1,0,0,0,0,0,0,0,0,0,0,0,0,0,0,0,0,0,0,0,0
2021,REG+POST,00-0033885,D.Njoku,David Njoku,1,TE,TE,"https://static.www.nfl.com/image/private/f_auto,q_auto/league/ilvxwdllivrvwbuj69cm",DET,1,1,0,0,0,0,0,0,0,0,0,0,0,0,0,0,0,0,0,0,0,0
2021,REG+POST,00-0033886,T.Watt,T.J. Watt,16,OLB,LB,"https://static.www.nfl.com/image/upload/f_auto,q_auto/league/r1ktugphegyoqsbbhrau",PIT,51,45,6,16,23,10,5,23.5,125.5,42,0,0,8,1,0,0,0,4,0,0,4,39
2021,REG+POST,00-0033890,B.Baker,Budda Baker,18,SS,DB,"https://static.www.nfl.com/image/upload/f_auto,q_auto/league/fg0hgiihwwun2qerappu",ARI,65,61,4,37,6,5,0,2,5,3,3,101,7,0,0,0,0,1,5,0,1,5
2021,REG+POST,00-0033891,Z.Jones,Zay Jones,1,WR,WR,"https://static.www.nfl.com/image/upload/f_auto,q_auto/league/uxtqpnwdviolravhnrkw",CIN,1,1,0,0,0,0,0,0,0,0,0,0,0,0,0,0,0,0,0,0,0,0
2021,REG+POST,00-0033891,Z.Jones,Zay Jones,1,WR,WR,"https://static.www.nfl.com/image/upload/f_auto,q_auto/league/uxtqpnwdviolravhnrkw",IND,1,1,0,0,0,0,0,0,0,0,0,0,0,0,0,0,0,0,0,0,0,0
2021,REG+POST,00-0033891,Z.Jones,Zay Jones,1,WR,WR,"https://static.www.nfl.com/image/upload/f_auto,q_auto/league/uxtqpnwdviolravhnrkw",KC,1,1,0,0,0,0,0,0,0,0,0,0,0,0,0,0,0,0,0,0,0,0
2021,REG+POST,00-0033892,M.Maye,Marcus Maye,6,FS,DB,"https://static.www.nfl.com/image/upload/f_auto,q_auto/league/jkqmwuujqfh8kir8wzdq",NYJ,30,26,4,16,4,2,0,1,10,1,0,0,2,0,0,0,0,0,0,0,2,20
2021,REG+POST,00-0033894,M.Williams,Marcus Williams,16,FS,DB,"https://static.www.nfl.com/image/upload/f_auto,q_auto/league/niqp2dje7qvlegxtsttn",NO,52,50,2,22,0,0,1,0,0,0,2,56,8,0,0,0,0,0,0,0,0,0
2021,REG+POST,00-0033897,J.Mixon,Joe Mixon,1,RB,RB,"https://static.www.nfl.com/image/upload/f_auto,q_auto/league/gwyhozfhjgedwdmmjjcf",CHI,0,0,0,1,0,0,0,0,0,0,0,0,0,0,0,0,0,0,0,0,0,0
2021,REG+POST,00-0033902,T.Kpassagnon,Tanoh Kpassagnon,8,DE,DL,"https://static.www.nfl.com/image/private/f_auto,q_auto/league/ilr1bs7qesfq7fryeetc",NO,14,13,1,4,3,0,1,4,38,8,0,0,2,0,0,0,0,0,0,0,0,0
2021,REG+POST,00-0033903,J.Jones,Josh Jones,1,FS,DB,"https://static.www.nfl.com/image/private/f_auto,q_auto/league/ywylkm98gm6vqgxq9zg5",IND,1,0,1,1,0,0,0,0,0,0,0,0,0,0,0,0,0,0,0,0,0,0
2021,REG+POST,00-0033903,J.Jones,Josh Jones,1,FS,DB,"https://static.www.nfl.com/image/private/f_auto,q_auto/league/ywylkm98gm6vqgxq9zg5",SEA,6,3,3,4,0,0,0,0,0,0,0,0,1,0,0,0,0,0,0,0,0,0
2021,REG+POST,00-0033904,D.Dawkins,Dion Dawkins,1,T,OL,"https://static.www.nfl.com/image/upload/f_auto,q_auto/league/y91b58ldqfxiiluu70g0",ATL,1,1,0,0,0,0,0,0,0,0,0,0,0,0,0,0,0,0,0,0,0,0
2021,REG+POST,00-0033905,L.Ogunjobi,Larry Ogunjobi,16,DT,DL,"https://static.www.nfl.com/image/upload/f_auto,q_auto/league/ku6hytxqrto1u4zn8al8",CIN,29,23,6,20,12,9,0,7,51.5,16,0,0,0,0,0,0,0,1,11,0,1,5
2021,REG+POST,00-0033906,A.Kamara,Alvin Kamara,1,RB,RB,"https://static.www.nfl.com/image/private/f_auto,q_auto/league/tl9enad6kiwv6cukf4vt",WAS,1,1,0,0,0,0,0,0,0,0,0,0,0,0,0,0,0,0,0,0,0,0
2021,REG+POST,00-0033907,D.Smoot,Dawuane Smoot,14,DE,DL,"https://static.www.nfl.com/image/upload/f_auto,q_auto/league/jaueg1ulkscyum1blewn",JAX,22,20,2,14,7,3,1,6,48.5,16,0,0,3,0,0,0,0,0,0,0,3,25
2021,REG+POST,00-0033908,C.Kupp,Cooper Kupp,1,WR,WR,"https://static.www.nfl.com/image/upload/f_auto,q_auto/league/sq7zwzcgrajuk0hwwph2",NYG,1,1,0,0,0,0,0,0,0,0,0,0,0,0,0,0,0,0,0,0,0,0
2021,REG+POST,00-0033909,P.Elflein,Pat Elflein,1,C,OL,"https://static.www.nfl.com/image/private/f_auto,q_auto/league/t5un8s4gk7guev4prq4k",TB,1,1,0,0,0,0,0,0,0,0,0,0,0,0,0,0,0,0,0,0,0,0
2021,REG+POST,00-0033912,J.Willis,Jordan Willis,10,DE,DL,"https://static.www.nfl.com/image/private/f_auto,q_auto/league/imwccwkvlhglwhhis6nn",SF,8,8,0,11,2,0,1,3,23,7,0,0,0,0,0,0,0,0,0,0,0,0
2021,REG+POST,00-0033913,C.Wormley,Chris Wormley,16,DE,DL,"https://static.www.nfl.com/image/upload/f_auto,q_auto/league/qqmbvbpitcgchhjcptve",PIT,31,26,5,22,7,1,1,7,55.5,11,0,0,3,0,0,0,0,0,0,0,0,0
2021,REG+POST,00-0033914,A.Anzalone,Alex Anzalone,12,ILB,LB,"https://static.www.nfl.com/image/upload/f_auto,q_auto/league/xqnraw1s62bbbsdffztm",DET,49,44,5,29,1,0,0,1,3,2,1,0,7,0,0,0,0,0,0,0,1,5
2021,REG+POST,00-0033917,T.Basham,Tarell Basham,16,DE,DL,"https://static.www.nfl.com/image/private/f_auto,q_auto/league/jdy7wcc1g0aw6ujtugbl",DAL,21,17,4,18,3,5,1,3.5,20,11,0,0,0,0,0,0,0,1,0,0,3,25
2021,REG+POST,00-0033918,F.Moreau,Fabian Moreau,16,CB,DB,"https://static.www.nfl.com/image/upload/f_auto,q_auto/league/osj1pbe8mj5f7h47l2op",ATL,44,42,2,17,3,1,0,0,0,0,0,0,11,0,0,0,0,1,0,0,8,97
2021,REG+POST,00-0033920,D.Rivers,Derek Rivers,5,DE,DL,"https://static.www.nfl.com/image/upload/f_auto,q_auto/league/svxqdherouidw9mcieu9",HOU,7,6,1,2,2,1,0,1,11,1,0,0,0,0,0,0,0,0,0,0,0,0
2021,REG+POST,00-0033921,C.Godwin,Chris Godwin,1,WR,WR,"https://static.www.nfl.com/image/upload/f_auto,q_auto/league/al7b3dzqhysgve7l5lke",DAL,1,1,0,0,0,0,0,0,0,0,0,0,0,0,0,0,0,0,0,0,0,0
2021,REG+POST,00-0033926,S.Griffin,Shaquill Griffin,14,CB,DB,"https://static.www.nfl.com/image/upload/f_auto,q_auto/league/jybewrw2vsf17rxds4tv",JAX,36,35,1,13,0,0,1,0,0,2,0,0,7,0,0,0,0,0,0,0,3,32
2021,REG+POST,00-0033927,J.Johnson,John Johnson,15,SS,DB,"https://static.www.nfl.com/image/private/f_auto,q_auto/league/herqvjadd4i3jbhwszqt",CLE,36,31,5,23,1,0,1,0.5,0,2,3,31,5,0,0,0,0,0,0,0,1,48
2021,REG+POST,00-0033928,J.Lewis,Jourdan Lewis,17,CB,DB,"https://static.www.nfl.com/image/upload/f_auto,q_auto/league/acau2wb5ijbtvy5kntng",DAL,48,46,2,15,1,0,1,1.5,4.5,3,3,88,11,0,0,0,0,2,10,0,1,5
2021,REG+POST,00-0033929,M.Adams,Montravius Adams,4,NT,DL,"https://static.www.nfl.com/image/upload/f_auto,q_auto/league/weqjlnkvdzbk0usa3v7i",NO,1,1,0,6,1,2,0,0,0,0,0,0,1,0,0,0,0,0,0,0,0,0
2021,REG+POST,00-0033929,M.Adams,Montravius Adams,5,NT,DL,"https://static.www.nfl.com/image/upload/f_auto,q_auto/league/weqjlnkvdzbk0usa3v7i",PIT,8,8,0,2,2,3,0,1,10,4,0,0,1,0,0,0,0,0,0,0,2,10
2021,REG+POST,00-0033930,C.Sutton,Cameron Sutton,15,CB,DB,"https://static.www.nfl.com/image/upload/f_auto,q_auto/league/rykly25j9mir0ygcnrs6",PIT,49,48,1,8,5,11,1,0,0,0,2,4,6,0,0,0,0,0,0,0,4,24
2021,REG+POST,00-0033932,K.Golladay,Kenny Golladay,1,WR,WR,"https://static.www.nfl.com/image/private/f_auto,q_auto/league/vck7awhkwwhui3ndgts3",ATL,1,1,0,0,0,0,0,0,0,0,0,0,0,0,0,0,0,0,0,0,0,0
2021,REG+POST,00-0033932,K.Golladay,Kenny Golladay,1,WR,WR,"https://static.www.nfl.com/image/private/f_auto,q_auto/league/vck7awhkwwhui3ndgts3",NO,1,1,0,0,0,0,0,0,0,0,0,0,0,0,0,0,0,0,0,0,0,0
2021,REG+POST,00-0033935,T.Hendrickson,Trey Hendrickson,20,DE,DL,"https://static.www.nfl.com/image/upload/f_auto,q_auto/league/oggkxhesq0dxedudmr66",CIN,26,26,0,16,14,2,4,17.5,130,32,0,0,0,0,0,0,0,0,0,0,4,30
2021,REG+POST,00-0033939,V.Biegel,Vince Biegel,1,OLB,LB,"https://static.www.nfl.com/image/private/f_auto,q_auto/league/ms19ovndkfvblppicrvg",MIA,0,0,0,1,0,0,0,0,0,0,0,0,0,0,0,0,0,0,0,0,0,0
2021,REG+POST,00-0033940,J.Johnson,Jaleel Johnson,10,DT,DL,"https://static.www.nfl.com/image/private/f_auto,q_auto/league/vyyem0liv7khzftzcihu",HOU,11,9,2,12,2,3,0,0,0,1,0,0,0,0,0,0,0,1,0,0,1,15
2021,REG+POST,00-0033941,R.Jenkins,Rayshawn Jenkins,13,SS,DB,"https://static.www.nfl.com/image/upload/f_auto,q_auto/league/zbgfbrqkle6yabkpkaob",JAX,49,44,5,17,1,1,0,0,0,1,0,0,3,0,0,0,0,0,0,0,6,83
2021,REG+POST,00-0033943,J.Reynolds,Josh Reynolds,1,WR,WR,"https://static.www.nfl.com/image/upload/f_auto,q_auto/league/ifukozhqlo1728h3gjnp",CLE,2,2,0,0,0,0,0,0,0,0,0,0,0,0,0,0,0,0,0,0,0,0
2021,REG+POST,00-0033945,S.Ebukam,Samson Ebukam,18,DE,DL,"https://static.www.nfl.com/image/upload/f_auto,q_auto/league/puuebkvbsos1ei2inl4f",SF,24,21,3,20,6,2,1,6.5,56,15,0,0,1,0,0,0,0,0,0,0,1,15
2021,REG+POST,00-0033947,D.Wise,Deatrich Wise,17,DE,DL,"https://static.www.nfl.com/image/private/f_auto,q_auto/league/bxwmlzyorjsos6w7g2x6",NE,30,23,7,13,4,5,1,3,22.5,9,0,0,4,0,0,0,0,0,0,0,4,46
2021,REG+POST,00-0033952,G.Stewart,Grover Stewart,17,DT,DL,"https://static.www.nfl.com/image/upload/f_auto,q_auto/league/wa2bldls0gnjueyhkwki",IND,23,15,8,23,2,5,1,1,17,5,0,0,2,0,0,0,0,0,0,0,2,10
2021,REG+POST,00-0033954,J.Brown,Jayon Brown,10,OLB,LB,"https://static.www.nfl.com/image/private/f_auto,q_auto/league/dwpeyjcsc4gclpbl1abb",TEN,36,33,3,21,0,0,0,0,0,1,1,2,2,0,0,0,0,0,0,0,1,5
2021,REG+POST,00-0033956,M.Lee,Marquel Lee,2,OLB,LB,"https://static.www.nfl.com/image/private/f_auto,q_auto/league/izarrztjkcbs6vxulopo",LV,3,3,0,3,0,0,0,0,0,0,0,0,0,0,0,0,0,0,0,0,0,0
2021,REG+POST,00-0033964,A.Muhammad,Al-Quadin Muhammad,17,DE,DL,"https://static.www.nfl.com/image/private/f_auto,q_auto/league/qgzgezkkoycldlnaatq8",IND,32,25,7,16,7,5,1,6,51,13,0,0,0,0,0,0,0,0,0,0,1,8
2021,REG+POST,00-0033969,I.Odenigbo,Ifeadi Odenigbo,7,DE,DL,"https://static.www.nfl.com/image/private/f_auto,q_auto/league/x9lbcp0y9zchvstyy6of",CLE,5,2,3,6,0,0,0,0,0,3,0,0,0,0,0,0,0,1,0,0,1,5
2021,REG+POST,00-0033973,E.Lee,Elijah Lee,5,OLB,LB,"https://static.www.nfl.com/image/private/f_auto,q_auto/league/yuxsldcqxo8ul8q5zzp6",CLE,7,5,2,1,0,0,0,0,0,0,0,0,0,0,0,0,0,0,0,0,1,10
2021,REG+POST,00-0034019,M.McDowell,Malik McDowell,15,DT,DL,"https://static.www.nfl.com/image/private/f_auto,q_auto/league/uvomgvvyznh7vtvow3es",CLE,19,15,4,14,7,5,0,3,22,5,0,0,1,0,0,0,0,1,0,0,9,75
2021,REG+POST,00-0034052,B.Zylstra,Brandon Zylstra,1,WR,WR,"https://static.www.nfl.com/image/private/f_auto,q_auto/league/arx0mz7gc5dm0wfc5kfx",MIA,1,1,0,0,0,0,0,0,0,0,0,0,0,0,0,0,0,0,0,0,0,0
2021,REG+POST,00-0034071,D.Johnson,Danny Johnson,9,CB,DB,"https://static.www.nfl.com/image/private/f_auto,q_auto/league/guxlravaisglnr0pk5yb",WAS,15,15,0,5,0,0,1,0,0,0,0,0,2,0,0,0,0,0,0,0,0,0
2021,REG+POST,00-0034073,R.Dwelley,Ross Dwelley,1,TE,TE,"https://static.www.nfl.com/image/upload/f_auto,q_auto/league/ukd8ctqgskd8q5psumou",ARI,1,1,0,0,0,0,0,0,0,0,0,0,0,0,0,0,0,0,0,0,0,0
2021,REG+POST,00-0034088,R.Jackson,Robert Jackson,3,CB,DB,"https://static.www.nfl.com/image/private/f_auto,q_auto/league/lfbugd9vsefhhfafjmed",BAL,1,1,0,2,0,0,0,0,0,0,0,0,0,0,0,0,0,0,0,0,1,10
2021,REG+POST,00-0034091,G.Odum,George Odum,10,FS,DB,"https://static.www.nfl.com/image/upload/f_auto,q_auto/league/watelqvhccitomv8ntny",IND,36,33,3,9,0,0,0,0,0,1,1,21,2,0,0,0,0,1,0,0,1,15
2021,REG+POST,00-0034096,E.Moseley,Emmanuel Moseley,14,CB,DB,"https://static.www.nfl.com/image/private/f_auto,q_auto/league/a3g1pxm6o6jgfb195kwx",SF,54,50,4,11,2,5,0,0,0,0,1,0,11,0,0,0,0,1,0,0,3,58
2021,REG+POST,00-0034111,T.Marshall,Trey Marshall,8,SS,DB,"https://static.www.nfl.com/image/private/f_auto,q_auto/league/iq4tovps5aoyvmcuxvju",LAC,5,4,1,12,0,0,0,0,0,0,0,0,0,0,0,0,0,0,0,0,1,6
2021,REG+POST,00-0034116,J.Gray,J.T. Gray,2,SS,DB,"https://static.www.nfl.com/image/private/f_auto,q_auto/league/ibo4b3ak2ufimxupcezw",NO,2,2,0,1,0,0,0,0,0,0,0,0,0,0,0,0,0,0,0,0,1,4
2021,REG+POST,00-0034145,C.Lammons,Chris Lammons,3,CB,DB,"https://static.www.nfl.com/image/upload/f_auto,q_auto/league/odsa5adl0tyjcer1hnzz",KC,0,0,0,3,0,0,0,0,0,0,0,0,0,0,0,0,0,0,0,0,2,8
2021,REG+POST,00-0034154,J.Tuioti-Mariner,Jacob Tuioti-Mariner,4,OLB,LB,"https://static.www.nfl.com/image/private/f_auto,q_auto/league/dvcbcltbn5lpzvn1dcdg",ATL,5,5,0,4,2,0,0,2,20,2,0,0,1,0,0,0,0,0,0,0,0,0
2021,REG+POST,00-0034158,B.O'Neill,Brian O'Neill,1,T,OL,"https://static.www.nfl.com/image/upload/f_auto,q_auto/league/awodfdmkabxzvnio04ng",DET,1,0,1,0,0,0,0,0,0,0,0,0,0,0,0,0,0,0,0,0,0,0
2021,REG+POST,00-0034163,J.Martin,Jake Martin,14,DE,DL,"https://static.www.nfl.com/image/upload/f_auto,q_auto/league/gomvduedkl0i9icpg8rk",HOU,11,7,4,12,5,4,2,4,25,6,0,0,3,0,0,0,0,0,0,1,1,4
2021,REG+POST,00-0034185,T.Lancaster,Tyler Lancaster,16,NT,DL,"https://static.www.nfl.com/image/private/f_auto,q_auto/league/aa4il9yf2v0elduixsp8",GB,16,10,6,16,3,3,0,0,0,0,0,0,0,0,0,0,0,0,0,0,0,0
2021,REG+POST,00-0034203,D.Williams,Darious Williams,18,CB,DB,"https://static.www.nfl.com/image/upload/f_auto,q_auto/league/dewntuji0qaai8mlayq4",LA,73,66,7,22,4,2,0,0,0,0,0,0,12,0,0,0,0,1,0,0,4,28
2021,REG+POST,00-0034204,O.Adeniyi,Olasunkanmi Adeniyi,9,OLB,LB,"https://static.www.nfl.com/image/private/f_auto,q_auto/league/uhae1hw5trbyhjxlknnv",TEN,8,6,2,3,2,0,0,2.5,23,8,0,0,1,0,0,0,0,0,0,0,3,25
2021,REG+POST,00-0034208,M.Boone,Mike Boone,1,RB,RB,"https://static.www.nfl.com/image/upload/f_auto,q_auto/league/yeoyrlaf9hlvowj6fdio",KC,1,1,0,0,0,0,0,0,0,0,0,0,0,0,0,0,0,0,0,0,0,0
2021,REG+POST,00-0034234,P.Ford,Poona Ford,17,DE,DL,"https://static.www.nfl.com/image/upload/f_auto,q_auto/league/x2cokuzcjrtr9acici6e",SEA,23,19,4,30,6,7,0,2,16.5,6,0,0,1,0,0,0,0,0,0,0,0,0
2021,REG+POST,00-0034251,D.Ekuale,Daniel Ekuale,4,DT,DL,"https://static.www.nfl.com/image/private/f_auto,q_auto/league/lj9dekf0gg90pljbtbiq",NE,4,4,0,2,2,0,0,2,13,2,0,0,0,0,0,0,0,0,0,0,1,15
2021,REG+POST,00-0034253,D.Hilliard,Dontrell Hilliard,1,RB,RB,"https://static.www.nfl.com/image/private/f_auto,q_auto/league/ukhyslngeuojxkjqfq9f",HOU,2,2,0,0,0,0,0,0,0,0,0,0,0,0,0,0,0,0,0,0,0,0
2021,REG+POST,00-0034253,D.Hilliard,Dontrell Hilliard,1,RB,RB,"https://static.www.nfl.com/image/private/f_auto,q_auto/league/ukhyslngeuojxkjqfq9f",PIT,0,0,0,1,0,0,0,0,0,0,0,0,0,0,0,0,0,0,0,0,0,0
2021,REG+POST,00-0034253,D.Hilliard,Dontrell Hilliard,1,RB,RB,"https://static.www.nfl.com/image/private/f_auto,q_auto/league/ukhyslngeuojxkjqfq9f",TEN,0,0,0,0,0,0,0,0,0,0,0,0,0,0,0,0,0,0,0,0,1,5
2021,REG+POST,00-0034261,A.Corbett,Austin Corbett,1,C,OL,"https://static.www.nfl.com/image/upload/f_auto,q_auto/league/w4tsicnvnrbxievvfxe4",ARI,1,1,0,0,0,0,0,0,0,0,0,0,0,0,0,0,0,0,0,0,0,0
2021,REG+POST,00-0034261,A.Corbett,Austin Corbett,1,C,OL,"https://static.www.nfl.com/image/upload/f_auto,q_auto/league/w4tsicnvnrbxievvfxe4",MIN,1,1,0,0,0,0,0,0,0,0,0,0,0,0,0,0,0,0,0,0,0,0
2021,REG+POST,00-0034261,A.Corbett,Austin Corbett,1,C,OL,"https://static.www.nfl.com/image/upload/f_auto,q_auto/league/w4tsicnvnrbxievvfxe4",TEN,1,1,0,0,0,0,0,0,0,0,0,0,0,0,0,0,0,0,0,0,0,0
2021,REG+POST,00-0034264,J.Holmes,Jalyn Holmes,6,DE,DL,"https://static.www.nfl.com/image/upload/f_auto,q_auto/league/oz0tnktobolewzq0rjpq",NO,7,5,2,7,2,9,0,0,0,0,0,0,1,0,0,0,0,0,0,0,0,0
2021,REG+POST,00-0034265,A.Averett,Anthony Averett,13,CB,DB,"https://static.www.nfl.com/image/upload/f_auto,q_auto/league/uzwmcpuqsjd0ouzimpba",BAL,45,42,3,8,0,0,0,0,0,0,3,21,11,0,0,0,0,0,0,0,3,32
2021,REG+POST,00-0034266,K.Young,Kenny Young,6,ILB,LB,"https://static.www.nfl.com/image/private/f_auto,q_auto/league/jtkvayvjxcdoak0876sm",DEN,14,13,1,15,0,0,1,0,0,0,0,0,0,0,0,0,0,0,0,0,0,0
2021,REG+POST,00-0034266,K.Young,Kenny Young,7,ILB,LB,"https://static.www.nfl.com/image/private/f_auto,q_auto/league/jtkvayvjxcdoak0876sm",LA,27,25,2,19,6,5,1,2,11,2,0,0,1,0,0,0,0,1,0,0,1,10
2021,REG+POST,00-0034274,P.Nickerson,Parry Nickerson,1,CB,DB,"https://static.www.nfl.com/image/private/f_auto,q_auto/league/x0awirw6ycqqjfte4w3g",MIN,1,1,0,0,0,0,0,0,0,0,0,0,0,0,0,0,0,0,0,0,0,0
2021,REG+POST,00-0034275,F.Fatukasi,Folorunso Fatukasi,15,DT,DL,"https://static.www.nfl.com/image/upload/f_auto,q_auto/league/ttcdigwndhyvmhvgof25",NYJ,25,17,8,21,5,13,0,0,0,6,0,0,0,0,0,0,0,0,0,0,2,10
2021,REG+POST,00-0034277,D.Elliott,DeShon Elliott,6,FS,DB,"https://static.www.nfl.com/image/upload/f_auto,q_auto/league/vzt60vlmz7hzkbbr7f1x",BAL,19,18,1,4,3,4,0,1,6,3,1,0,2,0,0,0,0,0,0,0,0,0
2021,REG+POST,00-0034278,T.Smith,Tremon Smith,5,CB,DB,"https://static.www.nfl.com/image/upload/f_auto,q_auto/league/txh6mh0kq1xrkdh8ig4r",HOU,8,6,2,5,0,0,0,0,0,0,0,0,0,0,0,0,0,0,0,0,1,5
2021,REG+POST,00-0034279,E.St. Brown,Equanimeous St. Brown,1,WR,WR,"https://static.www.nfl.com/image/upload/f_auto,q_auto/league/yqojuedjvxtydgd9tgpr",GB,0,0,0,0,0,0,0,0,0,0,0,0,0,0,0,0,0,0,0,0,1,10
2021,REG+POST,00-0034281,B.Bozeman,Bradley Bozeman,1,C,OL,"https://static.www.nfl.com/image/upload/f_auto,q_auto/league/a8nubzpggvr5eha7xpkx",LV,1,1,0,0,0,0,0,0,0,0,0,0,0,0,0,0,0,0,0,0,0,0
2021,REG+POST,00-0034281,B.Bozeman,Bradley Bozeman,1,C,OL,"https://static.www.nfl.com/image/upload/f_auto,q_auto/league/a8nubzpggvr5eha7xpkx",MIN,1,1,0,0,0,0,0,0,0,0,0,0,0,0,0,0,0,0,0,0,0,0
2021,REG+POST,00-0034285,Z.Sieler,Zach Sieler,17,DE,DL,"https://static.www.nfl.com/image/upload/f_auto,q_auto/league/pgedeuarqv0kiuiwmx60",MIA,33,23,10,29,6,11,1,2,18,3,0,0,3,0,0,0,0,2,0,0,2,20
2021,REG+POST,00-0034296,B.Niemann,Ben Niemann,18,ILB,LB,"https://static.www.nfl.com/image/upload/f_auto,q_auto/league/hhmqn3b3prllvcuyftvj",KC,39,33,6,17,2,0,0,1,9,1,0,0,1,0,0,0,0,2,0,0,0,0
2021,REG+POST,00-0034297,B.Pringle,Byron Pringle,1,WR,WR,"https://static.www.nfl.com/image/private/f_auto,q_auto/league/qgwipkdsunodvqlumsmp",DAL,1,1,0,0,0,0,0,0,0,0,0,0,0,0,0,0,0,0,0,0,0,0
2021,REG+POST,00-0034301,D.Williams,Darrel Williams,1,RB,RB,"https://static.www.nfl.com/image/private/f_auto,q_auto/league/qloiwle7db59cznhqhub",KC,0,0,0,0,0,0,0,0,0,0,0,0,0,0,0,0,0,1,0,0,0,0
2021,REG+POST,00-0034301,D.Williams,Darrel Williams,1,RB,RB,"https://static.www.nfl.com/image/private/f_auto,q_auto/league/qloiwle7db59cznhqhub",WAS,1,1,0,0,0,0,0,0,0,0,0,0,0,0,0,0,0,0,0,0,0,0
2021,REG+POST,00-0034302,F.Luvu,Frankie Luvu,15,ILB,LB,"https://static.www.nfl.com/image/upload/f_auto,q_auto/league/tirwphxxgjmqhf2ucs9h",CAR,18,15,3,16,8,13,0,1.5,10,5,0,0,1,0,0,0,0,3,35,0,1,14
2021,REG+POST,00-0034318,H.Mondeaux,Henry Mondeaux,12,DT,DL,"https://static.www.nfl.com/image/private/f_auto,q_auto/league/no8hqzc6kdbus1ugv256",PIT,6,6,0,11,2,0,0,2,9,2,0,0,0,0,0,0,0,1,0,0,0,0
2021,REG+POST,00-0034320,K.Street,Kentavius Street,16,DT,DL,"https://static.www.nfl.com/image/upload/f_auto,q_auto/league/r1ie0jaeux86ri5hejel",SF,17,16,1,12,6,8,1,3,17,5,0,0,0,0,0,0,0,0,0,0,2,13
2021,REG+POST,00-0034325,T.Stallworth,Taylor Stallworth,11,DT,DL,"https://static.www.nfl.com/image/private/f_auto,q_auto/league/tbpvavxmfcy7yjhazpha",IND,11,10,1,5,4,0,0,3,18,12,0,0,1,0,0,0,0,0,0,0,1,5
2021,REG+POST,00-0034333,D.Payne,Daron Payne,17,DT,DL,"https://static.www.nfl.com/image/upload/f_auto,q_auto/league/wyy5j7epmu2idqfwjhcr",WAS,35,28,7,26,6,3,0,4.5,22.5,15,0,0,0,0,0,0,0,1,6,0,3,35
2021,REG+POST,00-0034335,M.Allen,Marcus Allen,6,ILB,LB,"https://static.www.nfl.com/image/private/f_auto,q_auto/league/vvpy4ouo24iqozvyp4rc",PIT,3,3,0,5,0,0,0,0,0,0,0,0,0,0,0,0,0,0,0,0,2,15
2021,REG+POST,00-0034342,Q.Nelson,Quenton Nelson,1,G,OL,"https://static.www.nfl.com/image/upload/f_auto,q_auto/league/fehjl7drjhhirpyfkxhd",TB,1,0,1,0,0,0,0,0,0,0,0,0,0,0,0,0,0,0,0,0,0,0
2021,REG+POST,00-0034344,M.Davenport,Marcus Davenport,11,OLB,LB,"https://static.www.nfl.com/image/upload/f_auto,q_auto/league/ywssreorabcl4bp9ocxv",NO,23,21,2,16,9,4,3,9,62,16,0,0,0,0,0,0,0,1,1,0,2,20
2021,REG+POST,00-0034350,U.Nwosu,Uchenna Nwosu,17,OLB,LB,"https://static.www.nfl.com/image/private/f_auto,q_auto/league/z6fbgjrfgltuiq1okiex",LAC,24,17,7,16,8,11,2,5,36,17,1,2,4,0,0,0,0,1,0,0,3,13
2021,REG+POST,00-0034354,K.Turay,Kemoko Turay,8,DE,DL,"https://static.www.nfl.com/image/private/f_auto,q_auto/league/zxutsh3ix53bwyfe5go5",IND,6,6,0,3,5,0,0,5.5,37.5,8,0,0,0,0,0,0,0,1,0,0,2,20
2021,REG+POST,00-0034355,M.Stewart,M.J. Stewart,8,SS,DB,"https://static.www.nfl.com/image/upload/f_auto,q_auto/league/yfoehyg8mpola5uy6bav",CLE,28,24,4,10,2,1,1,0,0,0,0,0,4,0,0,0,0,0,0,0,2,56
2021,REG+POST,00-0034356,D.Jackson,Donte Jackson,12,CB,DB,"https://static.www.nfl.com/image/upload/f_auto,q_auto/league/f5yk4vm8o1oct6webfp7",CAR,50,48,2,11,3,9,1,0,0,0,2,21,10,0,0,0,0,0,0,0,6,82
2021,REG+POST,00-0034357,I.Oliver,Isaiah Oliver,4,CB,DB,"https://static.www.nfl.com/image/upload/f_auto,q_auto/league/aiqmpwmscdx5lyvyi5qp",ATL,6,6,0,3,0,0,1,0,0,1,0,0,3,0,0,0,0,1,2,0,0,0
2021,REG+POST,00-0034359,T.Lewis,Tyquan Lewis,8,DE,DL,"https://static.www.nfl.com/image/upload/f_auto,q_auto/league/zkgrzoirn6xwnzbe37d7",IND,10,6,4,4,3,3,0,2.5,3.5,6,1,8,2,0,1,0,0,0,0,0,0,0
2021,REG+POST,00-0034360,L.Carter,Lorenzo Carter,14,OLB,LB,"https://static.www.nfl.com/image/upload/f_auto,q_auto/league/gdpt5q1cisicb1uv7xfq",NYG,28,22,6,22,6,2,2,5,16,8,1,1,5,0,0,0,0,1,0,0,2,10
2021,REG+POST,00-0034361,J.Reid,Justin Reid,13,SS,DB,"https://static.www.nfl.com/image/private/f_auto,q_auto/league/hcj2bp24j6zxngejcosp",HOU,39,34,5,25,2,5,1,0,0,0,2,45,4,0,0,0,0,0,0,0,2,15
2021,REG+POST,00-0034364,J.Akins,Jordan Akins,1,TE,TE,"https://static.www.nfl.com/image/private/f_auto,q_auto/league/fgkl9zfpy2yxrkxfge84",JAX,1,1,0,0,0,0,0,0,0,0,0,0,0,0,0,0,0,0,0,0,0,0
2021,REG+POST,00-0034365,I.Thomas,Ian Thomas,1,TE,TE,"https://static.www.nfl.com/image/upload/f_auto,q_auto/league/qrcffo16hdkcvxuvjppy",MIA,1,1,0,0,0,0,0,0,0,0,0,0,0,0,0,0,0,0,0,0,0,0
2021,REG+POST,00-0034368,J.Jewell,Josey Jewell,2,ILB,LB,"https://static.www.nfl.com/image/upload/f_auto,q_auto/league/kzgkkm7e7uqslan5amxh",DEN,6,6,0,1,2,0,1,0,0,0,0,0,1,0,0,0,0,0,0,0,0,0
2021,REG+POST,00-0034371,D.Hand,Da'Shawn Hand,2,DE,DL,"https://static.www.nfl.com/image/upload/f_auto,q_auto/league/kfqjvikghst4yp3i6dme",DET,1,1,0,1,0,0,0,0,0,0,0,0,1,0,0,0,0,0,0,0,0,0
2021,REG+POST,00-0034373,D.Armstrong,Dorance Armstrong,14,DE,DL,"https://static.www.nfl.com/image/upload/f_auto,q_auto/league/cdapnpgtde1mdf7r8l5e",DAL,24,18,6,15,4,0,0,5,32.5,13,0,0,2,1,0,0,0,1,37,0,1,5
2021,REG+POST,00-0034374,J.Whitehead,Jordan Whitehead,16,SS,DB,"https://static.www.nfl.com/image/upload/f_auto,q_auto/league/ex3cknffjss7ez1fwymu",TB,68,60,8,18,7,18,1,0,0,1,2,24,8,0,0,0,0,0,0,0,2,35
2021,REG+POST,00-0034375,K.White,Kyzir White,17,ILB,LB,"https://static.www.nfl.com/image/upload/f_auto,q_auto/league/n5sjtcxydtaszz7yeyqw",LAC,90,66,24,54,7,10,2,1,1,4,2,22,3,0,0,0,0,0,0,0,3,24
2021,REG+POST,00-0034376,T.Johnson,Taron Johnson,18,CB,DB,"https://static.www.nfl.com/image/upload/f_auto,q_auto/league/kowgpthenolgwlcwdvz4",BUF,62,50,12,26,5,5,1,4,25,3,1,4,7,0,0,0,0,0,0,0,6,32
2021,REG+POST,00-0034377,A.Maddox,Avonte Maddox,17,CB,DB,"https://static.www.nfl.com/image/upload/f_auto,q_auto/league/fwzfhbgtcauaags08zlf",PHI,54,47,7,23,5,2,2,0.5,3.5,3,1,-1,9,0,0,0,0,0,0,0,3,50
2021,REG+POST,00-0034381,J.Sweat,Josh Sweat,15,OLB,LB,"https://static.www.nfl.com/image/upload/f_auto,q_auto/league/a9hwqejfdixaw2uhbsmz",PHI,19,17,2,26,7,6,1,7.5,52.5,13,0,0,4,0,0,0,0,0,0,0,3,16
2021,REG+POST,00-0034382,M.Haynes,Marquis Haynes,11,OLB,LB,"https://static.www.nfl.com/image/private/f_auto,q_auto/league/wnbz9bjtz8wooiq2podb",CAR,9,8,1,11,3,0,0,3,29,5,0,0,1,0,0,0,0,0,0,0,1,5
2021,REG+POST,00-0034383,D.Schultz,Dalton Schultz,1,TE,TE,"https://static.www.nfl.com/image/upload/f_auto,q_auto/league/ooatvpu1knzypdmjljo9",DEN,1,1,0,0,0,0,0,0,0,0,0,0,0,0,0,0,0,0,0,0,0,0
2021,REG+POST,00-0034384,D.Reed,D.J. Reed,14,CB,DB,"https://static.www.nfl.com/image/upload/f_auto,q_auto/league/rdl6g2afnvt4zbaqprs9",SEA,62,48,14,16,0,0,0,0,0,0,2,9,10,0,0,0,0,1,0,0,4,38
2021,REG+POST,00-0034385,J.Bentley,Ja'Whaun Bentley,17,ILB,LB,"https://static.www.nfl.com/image/private/f_auto,q_auto/league/e8rbhbuuaspg5rg9djyp",NE,68,51,17,41,5,11,2,1,0,5,0,0,2,0,0,0,0,0,0,0,0,0
2021,REG+POST,00-0034387,B.Nichols,Bilal Nichols,16,DT,DL,"https://static.www.nfl.com/image/upload/f_auto,q_auto/league/d8va3bsudtb0lgwktt5t",CHI,26,20,6,25,5,5,0,3,22,9,0,0,1,0,0,0,0,2,13,0,1,2
2021,REG+POST,00-0034388,D.Harris,Davontae Harris,2,CB,DB,"https://static.www.nfl.com/image/private/f_auto,q_auto/league/meiwjhft9ibbbob57hvv",LAC,5,4,1,1,0,0,0,0,0,0,0,0,0,0,0,0,0,0,0,0,0,0
2021,REG+POST,00-0034389,D.Cruikshank,Dane Cruikshank,11,SS,DB,"https://static.www.nfl.com/image/private/f_auto,q_auto/league/lnq0ypzkle8qqwbtbqr3",TEN,30,29,1,12,0,0,0,0,0,0,0,0,1,0,0,0,0,0,0,0,3,53
2021,REG+POST,00-0034391,S.Neal,Siran Neal,9,CB,DB,"https://static.www.nfl.com/image/upload/f_auto,q_auto/league/muhthfs6owkkpsyop1e6",BUF,7,6,1,6,0,0,0,0,0,0,0,0,0,0,0,0,0,0,0,0,6,65
2021,REG+POST,00-0034394,A.Brown,Andrew Brown,1,NT,DL,"https://static.www.nfl.com/image/private/f_auto,q_auto/league/heu1susadiq5soqjuu95",LAC,1,0,1,0,0,0,0,0,0,0,0,0,0,0,0,0,0,0,0,0,0,0
2021,REG+POST,00-0034396,J.Carter,Jermaine Carter,17,MLB,LB,"https://static.www.nfl.com/image/private/f_auto,q_auto/league/fhapg5qbmfpegoms05cf",CAR,35,33,2,49,3,5,0,0,0,3,0,0,1,0,0,0,0,1,0,0,2,20
2021,REG+POST,00-0034397,T.Settle,Tim Settle,9,DT,DL,"https://static.www.nfl.com/image/upload/f_auto,q_auto/league/lbnvw1hpdqovuj7bkym9",WAS,7,7,0,6,4,7,0,0,0,0,0,0,0,0,0,0,0,1,6,0,0,0
2021,REG+POST,00-0034404,K.Fitts,Kylie Fitts,1,OLB,LB,"https://static.www.nfl.com/image/private/f_auto,q_auto/league/adqckkqriptgvu0qfs8s",ARI,1,1,0,0,0,0,0,0,0,1,0,0,0,0,0,0,0,0,0,0,0,0
2021,REG+POST,00-0034407,R.McCloud,Ray-Ray McCloud,1,WR,WR,"https://static.www.nfl.com/image/upload/f_auto,q_auto/league/nvwn3sdihyyd2itjt7vy",BAL,1,1,0,0,0,0,0,0,0,0,0,0,0,0,0,0,0,0,0,0,0,0
2021,REG+POST,00-0034407,R.McCloud,Ray-Ray McCloud,1,WR,WR,"https://static.www.nfl.com/image/upload/f_auto,q_auto/league/nvwn3sdihyyd2itjt7vy",KC,1,1,0,0,0,0,0,0,0,0,0,0,0,0,0,0,0,0,0,0,0,0
2021,REG+POST,00-0034407,R.McCloud,Ray-Ray McCloud,1,WR,WR,"https://static.www.nfl.com/image/upload/f_auto,q_auto/league/nvwn3sdihyyd2itjt7vy",PIT,0,0,0,0,0,0,0,0,0,0,0,0,0,0,0,0,0,0,0,0,1,8
2021,REG+POST,00-0034411,R.Gage,Russell Gage,1,WR,WR,"https://static.www.nfl.com/image/private/f_auto,q_auto/league/lkqhshv0dss1b9c6mdnj",NE,1,1,0,0,0,0,0,0,0,0,0,0,0,0,0,0,0,0,0,0,0,0
2021,REG+POST,00-0034413,F.Oluokun,Foyesade Oluokun,17,ILB,LB,"https://static.www.nfl.com/image/private/f_auto,q_auto/league/ldsewkhf1k2uxwcud0bj",ATL,102,88,14,90,4,8,1,2,14,7,3,80,6,0,0,0,0,0,0,0,1,14
2021,REG+POST,00-0034418,C.Wilson,Cedrick Wilson,1,WR,WR,"https://static.www.nfl.com/image/upload/f_auto,q_auto/league/vuolr6nwwbrwwc5ldt7f",SF,1,1,0,0,0,0,0,0,0,0,0,0,0,0,0,0,0,0,0,0,0,0
2021,REG+POST,00-0034429,J.Mailata,Jordan Mailata,1,T,OL,"https://static.www.nfl.com/image/upload/f_auto,q_auto/league/pndl9j9f69gqvpciyegg",CAR,0,0,0,1,0,0,0,0,0,0,0,0,0,0,0,0,0,0,0,0,0,0
2021,REG+POST,00-0034429,J.Mailata,Jordan Mailata,1,T,OL,"https://static.www.nfl.com/image/upload/f_auto,q_auto/league/pndl9j9f69gqvpciyegg",NYG,0,0,0,1,0,0,0,0,0,0,0,0,0,0,0,0,0,0,0,0,0,0
2021,REG+POST,00-0034429,J.Mailata,Jordan Mailata,1,T,OL,"https://static.www.nfl.com/image/upload/f_auto,q_auto/league/pndl9j9f69gqvpciyegg",TB,1,1,0,0,0,0,0,0,0,0,0,0,0,0,0,0,0,0,0,0,0,0
2021,REG+POST,00-0034431,Z.Franklin,Zaire Franklin,15,OLB,LB,"https://static.www.nfl.com/image/upload/f_auto,q_auto/league/louohxv0xu18z0pjnguq",IND,14,11,3,15,1,0,0,0,0,0,1,8,2,0,0,0,0,0,0,0,1,15
2021,REG+POST,00-0034435,K.Crossen,Keion Crossen,7,CB,DB,"https://static.www.nfl.com/image/private/f_auto,q_auto/league/ocvxmo4ggct27fv9dn8x",NYG,1,1,0,1,1,0,0,1,8,1,0,0,0,0,0,0,0,0,0,0,5,50
2021,REG+POST,00-0034440,J.Jackson,Justin Jackson,1,RB,RB,"https://static.www.nfl.com/image/private/f_auto,q_auto/league/n7pvb1trbn9rtttlw7df",KC,1,1,0,0,0,0,0,0,0,0,0,0,0,0,0,0,0,0,0,0,0,0
2021,REG+POST,00-0034446,J.Davis,Jalen Davis,4,CB,DB,"https://static.www.nfl.com/image/upload/f_auto,q_auto/league/d8n8qiddzihovdb9dh1x",CIN,0,0,0,5,0,0,0,0,0,0,0,0,1,0,0,0,0,0,0,0,1,10
2021,REG+POST,00-0034449,B.Howell,Buddy Howell,2,RB,RB,"https://static.www.nfl.com/image/private/f_auto,q_auto/league/iqoes3t0jkt62cpqmuvo",LA,0,0,0,0,0,0,0,0,0,0,0,0,0,0,0,0,0,0,0,0,2,10
2021,REG+POST,00-0034461,B.Hector,Bruce Hector,2,DT,DL,"https://static.www.nfl.com/image/upload/f_auto,q_auto/league/qdli9iqgoixoexclb8rz",DET,3,0,3,2,0,0,0,0,0,0,0,0,0,0,0,0,0,0,0,0,0,0
2021,REG+POST,00-0034465,J.Reaves,Jeremy Reaves,4,FS,DB,"https://static.www.nfl.com/image/upload/f_auto,q_auto/league/kwmtxcogvel516q4ws86",WAS,19,16,3,9,1,2,0,0,0,0,0,0,1,0,0,0,0,0,0,0,0,0
2021,REG+POST,00-0034468,C.Sullivan,Chandon Sullivan,16,CB,DB,"https://static.www.nfl.com/image/private/f_auto,q_auto/league/jj9b9gdqcee9dzpe6bjx",GB,27,23,4,6,3,4,0,0,0,0,3,14,4,0,0,0,0,0,0,0,3,31
2021,REG+POST,00-0034473,D.Gardeck,Dennis Gardeck,8,OLB,LB,"https://static.www.nfl.com/image/upload/f_auto,q_auto/league/rbdrgdfo3ogppgtu6asn",ARI,11,11,0,3,1,0,0,0,0,4,0,0,0,0,0,0,0,1,0,0,1,15
2021,REG+POST,00-0034485,J.Owens,Jonathan Owens,4,SS,DB,"https://static.www.nfl.com/image/upload/f_auto,q_auto/league/fdujzkztvte2c4tair5c",HOU,8,7,1,8,0,0,0,0,0,0,1,7,1,0,0,0,0,1,6,0,0,0
2021,REG+POST,00-0034488,T.Thomas,Tavierre Thomas,15,CB,DB,"https://static.www.nfl.com/image/upload/f_auto,q_auto/league/vgqvuxixybewnv9lymbr",HOU,46,38,8,32,1,1,1,0,0,1,2,48,4,1,0,0,0,0,0,0,2,13
2021,REG+POST,00-0034490,E.Turner,Ezekiel Turner,2,ILB,LB,"https://static.www.nfl.com/image/upload/f_auto,q_auto/league/sw7dwli5jctfcp0b309t",ARI,2,2,0,0,0,0,0,0,0,0,0,0,0,0,0,0,0,0,0,0,0,0
2021,REG+POST,00-0034496,S.Chandler,Sean Chandler,12,SS,DB,"https://static.www.nfl.com/image/private/f_auto,q_auto/league/m4glij7rkgkyhu01igmi",CAR,25,24,1,17,0,0,0,0,0,1,0,0,1,0,0,0,0,0,0,0,3,16
2021,REG+POST,00-0034505,I.Boettger,Ike Boettger,1,G,OL,"https://static.www.nfl.com/image/private/f_auto,q_auto/league/hjfxy3eljgvweaetefds",IND,1,1,0,0,0,0,0,0,0,0,0,0,0,0,0,0,0,0,0,0,0,0
2021,REG+POST,00-0034514,L.Wallace,Levi Wallace,19,CB,DB,"https://static.www.nfl.com/image/upload/f_auto,q_auto/league/y7rnq70zcpcgg0ifbghe",BUF,55,48,7,14,2,6,0,0,0,0,3,29,11,0,0,0,0,1,0,0,8,102
2021,REG+POST,00-0034515,D.Delaney,Dee Delaney,6,CB,DB,"https://static.www.nfl.com/image/upload/f_auto,q_auto/league/czg1itvjivhzn2iwwbyt",TB,11,11,0,3,0,0,0,0,0,0,1,26,2,0,0,0,0,0,0,0,2,13
2021,REG+POST,00-0034516,T.Herndon,Tre Herndon,5,CB,DB,"https://static.www.nfl.com/image/private/f_auto,q_auto/league/dpxfoqywx98khvtjs5m7",JAX,12,10,2,5,1,1,0,0,0,0,0,0,0,0,0,0,0,0,0,0,1,5
2021,REG+POST,00-0034521,A.Lazard,Allen Lazard,1,WR,WR,"https://static.www.nfl.com/image/private/f_auto,q_auto/league/blrzk3bfnpneuyhsqiqg",CIN,1,1,0,0,0,0,0,0,0,0,0,0,0,0,0,0,0,0,0,0,0,0
2021,REG+POST,00-0034522,K.McDermott,KC McDermott,1,T,OL,"https://static.www.nfl.com/image/private/f_auto,q_auto/league/ov9zpuz0jppg3e3awyhc",NE,1,1,0,0,0,0,0,0,0,0,0,0,0,0,0,0,0,0,0,0,0,0
2021,REG+POST,00-0034527,R.Neal,Ryan Neal,12,SS,DB,"https://static.www.nfl.com/image/private/f_auto,q_auto/league/tqiae46slc2jdjvnfb5n",SEA,29,25,4,17,2,1,0,1,11,3,0,0,3,0,0,0,0,0,0,0,0,0
2021,REG+POST,00-0034533,T.Henderson,Trayvon Henderson,1,SS,DB,"https://static.www.nfl.com/image/private/f_auto,q_auto/league/ounf4oiaxvvbshebtzjk",CIN,2,0,2,2,0,0,0,0,0,0,0,0,0,1,0,0,0,1,29,0,0,0
2021,REG+POST,00-0034545,B.Facyson,Brandon Facyson,12,CB,DB,"https://static.www.nfl.com/image/upload/f_auto,q_auto/league/yuhnwshiorai1fbqix2t",LV,42,38,4,13,2,6,0,0,0,1,1,0,13,0,0,0,0,0,0,0,8,79
2021,REG+POST,00-0034571,T.Scott,Trenton Scott,1,T,OL,"https://static.www.nfl.com/image/upload/f_auto,q_auto/league/v5tyxvb4cdtzumhdzbd0",NE,1,1,0,0,0,0,0,0,0,0,0,0,0,0,0,0,0,0,0,0,0,0
2021,REG+POST,00-0034573,C.Ward,Charvarius Ward,16,CB,DB,"https://static.www.nfl.com/image/upload/f_auto,q_auto/league/jlccuozxaeffcupnvd7q",KC,60,56,4,23,2,4,0,0,0,0,2,0,13,0,0,0,0,0,0,0,3,15
2021,REG+POST,00-0034587,A.Anderson,Abdullah Anderson,2,DT,DL,"https://static.www.nfl.com/image/upload/f_auto,q_auto/league/zoya31kfrojgtq0gg5ri",GB,1,1,0,1,0,0,0,0,0,0,0,0,0,0,0,0,0,0,0,0,0,0
2021,REG+POST,00-0034588,T.Harris,Trent Harris,2,OLB,LB,"https://static.www.nfl.com/image/private/f_auto,q_auto/league/ned2m3l0qsuebczfyosa",NYG,1,1,0,1,0,0,0,0,0,0,0,0,0,0,0,0,0,0,0,0,0,0
2021,REG+POST,00-0034590,F.Herron,Frank Herron,1,DT,DL,"https://static.www.nfl.com/image/private/f_auto,q_auto/league/yctqmsxcat4vmfxuz6fs",CAR,1,1,0,0,0,0,0,0,0,0,0,0,0,0,0,0,0,0,0,0,0,0
2021,REG+POST,00-0034591,J.Jackson,J.C. Jackson,18,CB,DB,"https://static.www.nfl.com/image/upload/f_auto,q_auto/league/crvgx5lbckpmfcnoylzw",NE,49,45,4,15,2,0,1,0,0,0,8,92,23,1,0,0,0,0,0,0,5,46
2021,REG+POST,00-0034594,A.Moore,A.J. Moore,2,FS,DB,"https://static.www.nfl.com/image/private/f_auto,q_auto/league/dhu7ggjzqn7mdwhjdoxf",HOU,0,0,0,2,0,0,0,0,0,0,0,0,0,0,0,0,0,0,0,0,0,0
2021,REG+POST,00-0034597,R.Nall,Ryan Nall,1,RB,RB,"https://static.www.nfl.com/image/private/f_auto,q_auto/league/qh4cznlh73ud2b9loalu",CHI,0,0,0,0,0,0,0,0,0,0,0,0,0,0,0,0,0,0,0,0,1,10
2021,REG+POST,00-0034602,B.Rotimi,Bunmi Rotimi,5,DE,DL,"https://static.www.nfl.com/image/private/f_auto,q_auto/league/cjc2lrcgt7cfeuaxkfxs",WAS,5,4,1,5,1,0,0,1,2,1,0,0,0,0,0,0,0,0,0,0,0,0
2021,REG+POST,00-0034612,D.Harris,Demone Harris,1,DE,DL,"https://static.www.nfl.com/image/upload/f_auto,q_auto/league/qmtokbfamxko3jn5qpou",HOU,0,0,0,0,0,0,0,0,0,0,0,0,0,0,0,0,0,0,0,0,1,5
2021,REG+POST,00-0034612,D.Harris,Demone Harris,1,DE,DL,"https://static.www.nfl.com/image/upload/f_auto,q_auto/league/qmtokbfamxko3jn5qpou",KC,0,0,0,0,0,0,0,0,0,1,0,0,0,0,0,0,0,0,0,0,0,0
2021,REG+POST,00-0034623,A.Chachere,Andre Chachere,4,SS,DB,"https://static.www.nfl.com/image/upload/f_auto,q_auto/league/viwncfdylftfzljv9phw",PHI,8,8,0,2,1,2,0,0,0,0,0,0,0,0,0,0,0,0,0,0,1,10
2021,REG+POST,00-0034639,M.Ford,Mike Ford,3,CB,DB,"https://static.www.nfl.com/image/upload/f_auto,q_auto/league/xylapza3yreylmohtmtz",DEN,2,2,0,0,0,0,0,0,0,0,0,0,0,0,0,0,0,0,0,0,1,15
2021,REG+POST,00-0034641,Cr.Jones,Chris Jones,5,CB,DB,"https://static.www.nfl.com/image/private/f_auto,q_auto/league/zewc64wn6tpuxuszjqjl",TEN,5,4,1,1,0,0,0,0,0,0,0,0,1,0,0,0,0,0,0,0,0,0
2021,REG+POST,00-0034659,S.Finch,Sharif Finch,1,OLB,LB,"https://static.www.nfl.com/image/private/f_auto,q_auto/league/rnwpluvqqg9arwgp3quo",NO,0,0,0,5,0,0,0,0,0,0,0,0,0,0,0,0,0,0,0,0,0,0
2021,REG+POST,00-0034673,T.Edmunds,Tremaine Edmunds,17,ILB,LB,"https://static.www.nfl.com/image/upload/f_auto,q_auto/league/vhgl7umsep6x6fjhglo9",BUF,83,63,20,42,7,14,0,0,0,2,1,4,4,0,0,0,0,0,0,0,1,15
2021,REG+POST,00-0034674,L.Vander Esch,Leighton Vander Esch,18,ILB,LB,"https://static.www.nfl.com/image/private/f_auto,q_auto/league/xalgzw0okmxdqjg6wyuc",DAL,53,46,7,37,4,4,0,1,7,1,1,7,2,0,0,0,0,0,0,0,0,0
2021,REG+POST,00-0034675,J.Bates,Jessie Bates,19,FS,DB,"https://static.www.nfl.com/image/private/f_auto,q_auto/league/jawt7q5bj4erd4qbwpf4",CIN,78,72,6,30,3,2,0,0,0,1,3,65,10,0,0,0,0,1,46,0,1,32
2021,REG+POST,00-0034677,J.Jones,Justin Jones,11,DT,DL,"https://static.www.nfl.com/image/upload/f_auto,q_auto/league/dkzkbowpcvoxyzwsdite",LAC,19,16,3,18,5,5,0,3,9,5,0,0,1,0,0,0,0,2,0,0,3,16
2021,REG+POST,00-0034680,A.Watts,Armani Watts,5,SS,DB,"https://static.www.nfl.com/image/private/f_auto,q_auto/league/np3vihxiadvwg5x2ljdl",KC,9,8,1,7,1,0,0,0,0,0,0,0,0,0,0,0,0,1,0,0,0,0
2021,REG+POST,00-0034681,C.Edmonds,Chase Edmonds,1,RB,RB,"https://static.www.nfl.com/image/upload/f_auto,q_auto/league/nbnqxhjafvg2vg6lc2ls",HOU,1,1,0,0,0,0,0,0,0,0,0,0,0,0,0,0,0,0,0,0,0,0
2021,REG+POST,00-0034681,C.Edmonds,Chase Edmonds,1,RB,RB,"https://static.www.nfl.com/image/upload/f_auto,q_auto/league/nbnqxhjafvg2vg6lc2ls",TEN,0,0,0,1,0,0,0,0,0,0,0,0,0,0,0,0,0,0,0,0,0,0
2021,REG+POST,00-0034682,G.Avery,Genard Avery,16,DE,DL,"https://static.www.nfl.com/image/upload/f_auto,q_auto/league/auijlrvvszglu6wo7xlv",PHI,21,19,2,23,4,4,0,1,13,2,0,0,0,0,0,0,0,0,0,0,2,20
2021,REG+POST,00-0034683,D.Phillips,Darius Phillips,4,CB,DB,"https://static.www.nfl.com/image/private/f_auto,q_auto/league/jv2z4lfztmt3dgql1ozj",CIN,5,5,0,2,0,0,0,0,0,0,0,0,2,0,0,0,0,0,0,0,0,0
2021,REG+POST,00-0034686,A.Tate,Auden Tate,1,WR,WR,"https://static.www.nfl.com/image/private/f_auto,q_auto/league/gp64utjveglpbit53u3t",GB,1,1,0,0,0,0,0,0,0,0,0,0,0,0,0,0,0,0,0,0,0,0
2021,REG+POST,00-0034720,R.Spillane,Robert Spillane,11,OLB,LB,"https://static.www.nfl.com/image/upload/f_auto,q_auto/league/gm97x0fcqphr9bxmjhxu",PIT,28,26,2,22,2,4,0,0,0,0,0,0,0,0,0,0,0,0,0,0,1,15
2021,REG+POST,00-0034723,N.Thurman,Nick Thurman,1,DT,DL,"https://static.www.nfl.com/image/upload/f_auto,q_auto/league/wvnd9kwznw8xgnir6f0v",ATL,1,0,1,0,0,0,0,0,0,1,0,0,0,0,0,0,0,0,0,0,0,0
2021,REG+POST,00-0034726,D.Leavitt,Dallin Leavitt,12,SS,DB,"https://static.www.nfl.com/image/private/f_auto,q_auto/league/puozg5rjuz6vf3cudgx5",LV,13,12,1,12,0,0,0,0,0,0,0,0,2,0,0,0,0,1,30,0,1,15
2021,REG+POST,00-0034728,J.Alexander,Jaire Alexander,3,CB,DB,"https://static.www.nfl.com/image/upload/f_auto,q_auto/league/izwlytzwiity0r8hox8p",GB,9,9,0,4,0,0,0,0,0,0,1,30,3,0,0,0,0,0,0,0,1,15
2021,REG+POST,00-0034730,M.Harris,Marcell Harris,10,OLB,LB,"https://static.www.nfl.com/image/private/f_auto,q_auto/league/cpwqzcxldkcxuasgppbe",SF,23,21,2,14,2,2,0,1,1,1,1,2,1,0,0,0,0,0,0,0,2,16
2021,REG+POST,00-0034731,R.McKenzie,Reginald McKenzie,3,G,OL,"https://static.www.nfl.com/image/private/f_auto,q_auto/league/xxcaen8vycmjbtjr7mwk",BAL,1,1,0,3,0,0,0,0,0,0,0,0,0,0,0,0,0,0,0,0,0,0
2021,REG+POST,00-0034736,S.Parker,Steven Parker,2,FS,DB,"https://static.www.nfl.com/image/private/f_auto,q_auto/league/rqdelqhxbpn6pflf0hul",NYG,3,2,1,0,0,0,0,0,0,0,0,0,2,0,0,0,0,0,0,0,0,0
2021,REG+POST,00-0034743,R.Evans,Rashaan Evans,12,ILB,LB,"https://static.www.nfl.com/image/private/f_auto,q_auto/league/hou79fqcetlephuywjnp",TEN,35,29,6,22,3,8,1,0,0,0,2,1,2,0,0,0,0,1,0,0,1,5
2021,REG+POST,00-0034745,T.Walker,Tracy Walker III,15,FS,DB,"https://static.www.nfl.com/image/private/f_auto,q_auto/league/qk1pn06ll33lt3w2yraq",DET,72,61,11,33,3,2,0,1,8,1,1,5,6,0,0,0,0,0,0,0,2,20
2021,REG+POST,00-0034746,M.Hurst,Maurice Hurst,2,DT,DL,"https://static.www.nfl.com/image/upload/f_auto,q_auto/league/j4y7trnt3kiptgfklo8o",SF,2,0,2,0,1,2,0,0,0,0,0,0,0,0,0,0,0,0,0,0,0,0
2021,REG+POST,00-0034751,J.Jackson,Josh Jackson,2,CB,DB,"https://static.www.nfl.com/image/private/f_auto,q_auto/league/cdhgtve6ofjjbjqxzmfl",KC,1,1,0,2,0,0,0,0,0,0,0,0,0,0,0,0,0,0,0,0,0,0
2021,REG+POST,00-0034753,M.Andrews,Mark Andrews,1,TE,TE,"https://static.www.nfl.com/image/upload/f_auto,q_auto/league/y5maejm3puruskwc344y",CHI,1,1,0,0,0,0,0,0,0,0,0,0,0,0,0,0,0,0,0,0,0,0
2021,REG+POST,00-0034753,M.Andrews,Mark Andrews,1,TE,TE,"https://static.www.nfl.com/image/upload/f_auto,q_auto/league/y5maejm3puruskwc344y",CLE,3,3,0,1,0,0,0,0,0,0,0,0,0,0,0,0,0,0,0,0,0,0
2021,REG+POST,00-0034753,M.Andrews,Mark Andrews,1,TE,TE,"https://static.www.nfl.com/image/upload/f_auto,q_auto/league/y5maejm3puruskwc344y",KC,1,1,0,0,0,0,0,0,0,0,0,0,0,0,0,0,0,0,0,0,0,0
2021,REG+POST,00-0034753,M.Andrews,Mark Andrews,1,TE,TE,"https://static.www.nfl.com/image/upload/f_auto,q_auto/league/y5maejm3puruskwc344y",PIT,1,1,0,0,0,0,0,0,0,0,0,0,0,0,0,0,0,0,0,0,0,0
2021,REG+POST,00-0034754,O.Burks,Oren Burks,13,OLB,LB,"https://static.www.nfl.com/image/upload/f_auto,q_auto/league/xlisbfbwvpcjqkjlmtjy",GB,16,12,4,10,1,0,0,0.5,2,2,0,0,0,0,0,0,0,0,0,0,1,5
2021,REG+POST,00-0034756,T.Flowers,Tre Flowers,11,CB,DB,"https://static.www.nfl.com/image/upload/f_auto,q_auto/league/x7yagewolfolqgjvp633",CIN,16,12,4,8,0,0,0,0,0,0,0,0,3,0,0,0,0,0,0,0,0,0
2021,REG+POST,00-0034756,T.Flowers,Tre Flowers,4,CB,DB,"https://static.www.nfl.com/image/upload/f_auto,q_auto/league/x7yagewolfolqgjvp633",SEA,15,11,4,1,0,0,0,0,0,0,0,0,0,0,0,0,0,0,0,0,1,7
2021,REG+POST,00-0034759,K.Miller,Kolton Miller,1,T,OL,"https://static.www.nfl.com/image/upload/f_auto,q_auto/league/zrblk9w9vksroddtgpiq",CIN,1,1,0,0,0,0,0,0,0,0,0,0,0,0,0,0,0,0,0,0,0,0
2021,REG+POST,00-0034760,N.Shepherd,Nathan Shepherd,15,DT,DL,"https://static.www.nfl.com/image/upload/f_auto,q_auto/league/y49eafzi4zegmlb0uu2x",NYJ,17,12,5,11,0,0,0,0,0,8,0,0,0,0,0,0,0,0,0,0,7,50
2021,REG+POST,00-0034762,B.Price,Billy Price,1,C,OL,"https://static.www.nfl.com/image/upload/f_auto,q_auto/league/fopmtycmvtcvxopdkumd",TB,1,1,0,0,0,0,0,0,0,0,0,0,0,0,0,0,0,0,0,0,0,0
2021,REG+POST,00-0034763,B.Parker,Brandon Parker,1,T,OL,"https://static.www.nfl.com/image/upload/f_auto,q_auto/league/a9hbmokfukhplovejan7",CIN,1,1,0,0,0,0,0,0,0,0,0,0,0,0,0,0,0,0,0,0,0,0
2021,REG+POST,00-0034763,B.Parker,Brandon Parker,1,T,OL,"https://static.www.nfl.com/image/upload/f_auto,q_auto/league/a9hbmokfukhplovejan7",IND,1,1,0,0,0,0,0,0,0,0,0,0,0,0,0,0,0,0,0,0,0,0
2021,REG+POST,00-0034763,B.Parker,Brandon Parker,1,T,OL,"https://static.www.nfl.com/image/upload/f_auto,q_auto/league/a9hbmokfukhplovejan7",KC,0,0,0,1,0,0,0,0,0,0,0,0,0,0,0,0,0,0,0,0,0,0
2021,REG+POST,00-0034765,T.Smith,Tre'Quan Smith,1,WR,WR,"https://static.www.nfl.com/image/upload/f_auto,q_auto/league/tlpyarxwfw6jue0m0e0o",ATL,1,1,0,0,0,0,0,0,0,0,0,0,0,0,0,0,0,0,0,0,0,0
2021,REG+POST,00-0034765,T.Smith,Tre'Quan Smith,1,WR,WR,"https://static.www.nfl.com/image/upload/f_auto,q_auto/league/tlpyarxwfw6jue0m0e0o",BUF,1,1,0,0,0,0,0,0,0,0,0,0,0,0,0,0,0,0,0,0,0,0
2021,REG+POST,00-0034765,T.Smith,Tre'Quan Smith,1,WR,WR,"https://static.www.nfl.com/image/upload/f_auto,q_auto/league/tlpyarxwfw6jue0m0e0o",DAL,1,1,0,0,0,0,0,0,0,0,0,0,0,0,0,0,0,0,0,0,0,0
2021,REG+POST,00-0034773,V.Vea,Vita Vea,16,NT,DL,"https://static.www.nfl.com/image/upload/f_auto,q_auto/league/xsdlwaexrxhkbgqqe7nq",TB,24,22,2,13,6,1,0,5,42,14,0,0,3,0,0,0,0,1,0,0,1,5
2021,REG+POST,00-0034778,C.Davis,Carlton Davis,12,CB,DB,"https://static.www.nfl.com/image/upload/f_auto,q_auto/league/ueh3ui3l3ndih3yrorbq",TB,37,35,2,8,2,2,0,0,0,0,1,25,12,0,0,0,0,1,0,0,7,72
2021,REG+POST,00-0034779,R.Harrison,Ronnie Harrison,12,DB,DB,"https://static.www.nfl.com/image/upload/f_auto,q_auto/league/b1aa4at262sjmhtxv5lh",CLE,40,32,8,18,4,2,0,1,8,1,1,0,3,0,0,0,0,0,0,0,1,9
2021,REG+POST,00-0034780,I.Yiadom,Isaac Yiadom,6,CB,DB,"https://static.www.nfl.com/image/upload/f_auto,q_auto/league/kxe4pgiizgonwesgtcy2",GB,6,6,0,1,0,0,0,0,0,0,0,0,0,0,0,0,0,0,0,0,2,31
2021,REG+POST,00-0034781,D.O'Daniel,Dorian O'Daniel,2,OLB,LB,"https://static.www.nfl.com/image/private/f_auto,q_auto/league/mpzmyvgjzjl4n6rtn1wg",KC,2,2,0,3,0,0,0,0,0,0,0,0,0,0,0,0,0,0,0,0,0,0
2021,REG+POST,00-0034782,H.Phillips,Harrison Phillips,16,NT,DL,"https://static.www.nfl.com/image/upload/f_auto,q_auto/league/kgdz7jtiokfv4qdeldbr",BUF,34,27,7,24,4,4,0,1,5,6,0,0,1,0,0,0,0,1,0,0,0,0
2021,REG+POST,00-0034787,C.Board,Chris Board,13,ILB,LB,"https://static.www.nfl.com/image/upload/f_auto,q_auto/league/cohwnf1ebc79gp0ufeu8",BAL,13,13,0,17,0,0,0,0,0,2,0,0,0,0,0,0,0,0,0,0,1,1
2021,REG+POST,00-0034789,M.Fitzpatrick,Minkah Fitzpatrick,17,FS,DB,"https://static.www.nfl.com/image/upload/f_auto,q_auto/league/rchs52os6xjfl4eczpw8",PIT,89,81,8,41,1,1,1,0,0,0,2,18,7,0,0,0,0,1,-1,0,2,46
2021,REG+POST,00-0034790,D.James,Derwin James,15,SS,DB,"https://static.www.nfl.com/image/upload/f_auto,q_auto/league/vhkbrloqr0llf08voms0",LAC,75,70,5,43,7,5,3,2,12.5,7,2,20,5,0,0,0,0,0,0,0,2,26
2021,REG+POST,00-0034791,N.Chubb,Nick Chubb,1,RB,RB,"https://static.www.nfl.com/image/private/f_auto,q_auto/league/a8ib0haur75wrhqrbtyo",HOU,1,1,0,0,0,0,0,0,0,0,0,0,0,0,0,0,0,0,0,0,0,0
2021,REG+POST,00-0034796,L.Jackson,Lamar Jackson,1,QB,QB,"https://static.www.nfl.com/image/upload/f_auto,q_auto/league/cruqs6qpbykh7a2whd7p",LV,1,1,0,0,0,0,0,0,0,0,0,0,0,0,0,0,0,0,0,0,0,0
2021,REG+POST,00-0034797,J.Baker,Jerome Baker,16,ILB,LB,"https://static.www.nfl.com/image/upload/f_auto,q_auto/league/tkl1vjh6wf5a8zyl3aym",MIA,62,54,8,30,9,5,1,5.5,52,15,1,0,4,0,0,0,0,0,0,0,1,15
2021,REG+POST,00-0034799,K.Ballage,Kalen Ballage,1,RB,RB,"https://static.www.nfl.com/image/private/f_auto,q_auto/league/zxxklmhekefz5gaaxqi0",DET,1,1,0,0,0,0,0,0,0,0,0,0,0,0,0,0,0,0,0,0,0,0
2021,REG+POST,00-0034800,B.Hill,B.J. Hill,20,DT,DL,"https://static.www.nfl.com/image/upload/f_auto,q_auto/league/urlcerw3yf7r2vdk9kxb",CIN,35,31,4,28,8,4,0,7,54.5,15,1,3,1,0,0,0,0,0,0,0,2,10
2021,REG+POST,00-0034801,J.Woods,Josh Woods,3,ILB,LB,"https://static.www.nfl.com/image/upload/f_auto,q_auto/league/dlmvycie4nrfwrbovhob",DET,16,13,3,5,2,2,0,0,0,2,0,0,0,0,0,0,0,0,0,0,1,5
2021,REG+POST,00-0034805,J.Franklin-Myers,John Franklin-Myers,15,DE,DL,"https://static.www.nfl.com/image/upload/f_auto,q_auto/league/o4agbudunlqlmbcuc0ta",NYJ,17,14,3,18,6,4,1,6,44,14,1,32,1,0,0,0,0,0,0,0,2,4
2021,REG+POST,00-0034806,M.Kiser,Micah Kiser,3,ILB,LB,"https://static.www.nfl.com/image/private/f_auto,q_auto/league/ex1nv0jhbsg8qnf91fwc",DEN,7,5,2,10,1,1,0,0,0,0,0,0,0,0,0,0,0,0,0,0,0,0
2021,REG+POST,00-0034807,O.Okoronkwo,Ogbonnia Okoronkwo,13,DE,DL,"https://static.www.nfl.com/image/upload/f_auto,q_auto/league/tcekeb87zekakqll93ib",LA,11,8,3,7,3,4,2,2,18,7,0,0,1,0,0,0,0,0,0,0,1,15
2021,REG+POST,00-0034810,S.Joseph,Sebastian Joseph,7,DT,DL,"https://static.www.nfl.com/image/upload/f_auto,q_auto/league/ecu0r1asdvqcpzowbsjk",LA,23,16,7,15,3,0,0,3,18,5,0,0,0,0,0,0,0,0,0,0,1,5
2021,REG+POST,00-0034812,T.Howard,Travin Howard,7,MLB,LB,"https://static.www.nfl.com/image/private/f_auto,q_auto/league/gtq0natnnotnqxbfwo1d",LA,15,12,3,12,1,0,0,0,0,0,2,25,6,0,0,0,0,0,0,0,0,0
2021,REG+POST,00-0034813,J.Lawler,Justin Lawler,1,OLB,LB,"https://static.www.nfl.com/image/private/f_auto,q_auto/league/r68dolodg0xt851yklsg",LA,0,0,0,1,0,0,0,0,0,0,0,0,0,0,0,0,0,0,0,0,0,0
2021,REG+POST,00-0034815,F.Warner,Fred Warner,19,MLB,LB,"https://static.www.nfl.com/image/upload/f_auto,q_auto/league/negqfj64yvuprc88sthz",SF,92,81,11,66,10,8,2,0.5,5,3,0,0,5,0,0,0,0,3,0,0,1,24
2021,REG+POST,00-0034817,G.Christian,Geron Christian,1,T,OL,"https://static.www.nfl.com/image/upload/f_auto,q_auto/league/darquy5teuxaglpisiw7",LA,1,1,0,0,0,0,0,0,0,0,0,0,0,0,0,0,0,0,0,0,0,0
2021,REG+POST,00-0034818,D.Nnadi,Derrick Nnadi,19,DT,DL,"https://static.www.nfl.com/image/private/f_auto,q_auto/league/fokp5h37zl5qkfsachb3",KC,23,21,2,19,2,0,0,3,10,6,0,0,0,0,0,0,0,0,0,0,2,20
2021,REG+POST,00-0034825,A.Key,Arden Key,18,OLB,LB,"https://static.www.nfl.com/image/upload/f_auto,q_auto/league/xxdj5ryrs3vlp7ubhbye",SF,12,11,1,12,5,0,0,6.5,51.5,17,0,0,1,0,0,0,0,0,0,0,5,55
2021,REG+POST,00-0034827,D.Moore,D.J. Moore,1,WR,WR,"https://static.www.nfl.com/image/upload/f_auto,q_auto/league/hqb9xnzm9brx79zl6wve",DAL,1,1,0,1,0,0,0,0,0,0,0,0,0,0,0,0,0,0,0,0,0,0
2021,REG+POST,00-0034827,D.Moore,D.J. Moore,1,WR,WR,"https://static.www.nfl.com/image/upload/f_auto,q_auto/league/hqb9xnzm9brx79zl6wve",MIA,1,1,0,0,0,0,0,0,0,0,0,0,0,0,0,0,0,0,0,0,0,0
2021,REG+POST,00-0034827,D.Moore,D.J. Moore,1,WR,WR,"https://static.www.nfl.com/image/upload/f_auto,q_auto/league/hqb9xnzm9brx79zl6wve",MIN,1,1,0,0,0,0,0,0,0,0,0,0,0,0,0,0,0,0,0,0,0,0
2021,REG+POST,00-0034827,D.Moore,D.J. Moore,1,WR,WR,"https://static.www.nfl.com/image/upload/f_auto,q_auto/league/hqb9xnzm9brx79zl6wve",PHI,2,2,0,0,0,0,0,0,0,0,0,0,0,0,0,0,0,0,0,0,0,0
2021,REG+POST,00-0034828,H.Landry,Harold Landry,18,OLB,LB,"https://static.www.nfl.com/image/private/f_auto,q_auto/league/akafrpdcokvwz2psbbmj",TEN,54,47,7,27,15,6,1,13.5,91.5,24,0,0,0,0,0,0,0,0,0,0,0,0
2021,REG+POST,00-0034829,M.Gesicki,Mike Gesicki,1,TE,TE,"https://static.www.nfl.com/image/upload/f_auto,q_auto/league/zabpknonv9ozmkyw4qqt",NE,1,1,0,0,0,0,0,0,0,0,0,0,0,0,0,0,0,0,0,0,0,0
2021,REG+POST,00-0034829,M.Gesicki,Mike Gesicki,1,TE,TE,"https://static.www.nfl.com/image/upload/f_auto,q_auto/league/zabpknonv9ozmkyw4qqt",TEN,1,1,0,0,0,0,0,0,0,0,0,0,0,0,0,0,0,0,0,0,0,0
2021,REG+POST,00-0034830,H.Hurst,Hayden Hurst,1,TE,TE,"https://static.www.nfl.com/image/upload/f_auto,q_auto/league/qxvkvmi2fphxjqyb21nv",NYJ,1,1,0,0,0,0,0,0,0,0,0,0,0,0,0,0,0,0,0,0,0,0
2021,REG+POST,00-0034831,R.Green,Rasheem Green,17,DE,DL,"https://static.www.nfl.com/image/private/f_auto,q_auto/league/q5a4fmrm2xxioqe5ijpi",SEA,27,19,8,21,6,3,0,6.5,46.5,15,0,0,4,0,0,0,0,0,0,0,3,24
2021,REG+POST,00-0034832,B.Chubb,Bradley Chubb,6,OLB,LB,"https://static.www.nfl.com/image/upload/f_auto,q_auto/league/vhjsqvxi3jsrvpr08kuv",DEN,9,9,0,12,1,4,0,0,0,4,1,21,2,0,0,0,0,0,0,0,2,20
2021,REG+POST,00-0034833,I.Wynn,Isaiah Wynn,1,G,OL,"https://static.www.nfl.com/image/upload/f_auto,q_auto/league/vtldccf1xfjt0cmblvxu",CAR,1,1,0,0,0,0,0,0,0,0,0,0,0,0,0,0,0,0,0,0,0,0
2021,REG+POST,00-0034834,S.Hubbard,Sam Hubbard,20,DE,DL,"https://static.www.nfl.com/image/upload/f_auto,q_auto/league/eoodwerhenaqvcaqm29t",CIN,46,41,5,38,17,20,2,10.5,61,21,0,0,4,0,0,0,0,2,43,0,1,5
2021,REG+POST,00-0034837,C.Ridley,Calvin Ridley,1,WR,WR,"https://static.www.nfl.com/image/upload/f_auto,q_auto/league/tmeij0cfgylmurfybs74",MIA,1,1,0,0,0,0,0,0,0,0,0,0,0,0,0,0,0,0,0,0,0,0
2021,REG+POST,00-0034842,T.Bryan,Taven Bryan,11,DT,DL,"https://static.www.nfl.com/image/upload/f_auto,q_auto/league/sbozolhejczr8npyyvas",JAX,10,9,1,5,4,1,0,2,16,8,0,0,0,0,0,0,0,0,0,0,1,5
2021,REG+POST,00-0034843,M.Hughes,Mike Hughes,13,CB,DB,"https://static.www.nfl.com/image/upload/f_auto,q_auto/league/wsofyxh7irgdfy7wwhv5",KC,41,41,0,8,0,0,4,0,0,0,1,0,6,1,0,0,0,1,23,0,0,0
2021,REG+POST,00-0034845,S.Michel,Sony Michel,1,RB,RB,"https://static.www.nfl.com/image/private/f_auto,q_auto/league/eydtwcqcaegkuwivq0ln",MIN,1,1,0,0,0,0,0,0,0,0,0,0,0,0,0,0,0,0,0,0,0,0
2021,REG+POST,00-0034846,S.Leonard,Shaquille Leonard,16,MLB,LB,"https://static.www.nfl.com/image/private/f_auto,q_auto/league/wsciifrkszbcjmnzsliy",IND,75,58,17,47,4,10,8,0,0,3,4,12,8,0,1,1,0,2,29,0,4,50
2021,REG+POST,00-0034847,M.McGlinchey,Mike McGlinchey,1,T,OL,"https://static.www.nfl.com/image/upload/f_auto,q_auto/league/swckd2db6zf3wxl2imfl",GB,1,1,0,0,0,0,0,0,0,0,0,0,0,0,0,0,0,0,0,0,0,0
2021,REG+POST,00-0034854,K.Hodge,KhaDarel Hodge,1,WR,WR,"https://static.www.nfl.com/image/upload/f_auto,q_auto/league/h3r6hfokmtgtxz8mljho",SEA,2,2,0,0,0,0,0,0,0,0,0,0,0,0,0,0,0,0,0,0,0,0
2021,REG+POST,00-0034856,D.Ward,Denzel Ward,15,CB,DB,"https://static.www.nfl.com/image/upload/f_auto,q_auto/league/jnslpmszzjcegkbza1gs",CLE,34,33,1,9,1,0,0,0.5,2,2,3,103,10,1,0,0,0,0,0,0,3,37
2021,REG+POST,00-0034857,J.Allen,Josh Allen,1,QB,QB,"https://static.www.nfl.com/image/upload/f_auto,q_auto/league/lq4ezafbszwwt2qsvhqv",HOU,1,1,0,0,0,0,0,0,0,0,0,0,0,0,0,0,0,0,0,0,0,0
2021,REG+POST,00-0034857,J.Allen,Josh Allen,1,QB,QB,"https://static.www.nfl.com/image/upload/f_auto,q_auto/league/lq4ezafbszwwt2qsvhqv",JAX,1,1,0,0,0,0,0,0,0,0,0,0,0,0,0,0,0,0,0,0,0,0
2021,REG+POST,00-0034858,T.Edmunds,Terrell Edmunds,18,FS,DB,"https://static.www.nfl.com/image/upload/f_auto,q_auto/league/fk1i6e8ursk3awmpts1j",PIT,69,55,14,26,8,7,0,1,13,1,2,15,6,0,0,0,0,0,0,0,0,0
2021,REG+POST,00-0034860,D.Pettis,Dante Pettis,1,WR,WR,"https://static.www.nfl.com/image/upload/f_auto,q_auto/league/bkn6mnwboawe7iucprxe",LA,1,1,0,0,0,0,0,0,0,0,0,0,0,0,0,0,0,0,0,0,0,0
2021,REG+POST,00-0034874,R.Smith,Roquan Smith,17,ILB,LB,"https://static.www.nfl.com/image/upload/f_auto,q_auto/league/xazeejac1mkh52qwmioj",CHI,95,85,10,68,12,12,0,3,25,4,1,53,3,1,0,0,0,0,0,0,4,34
2021,REG+POST,00-0034887,A.Johnson,Alexander Johnson,6,ILB,LB,"https://static.www.nfl.com/image/private/f_auto,q_auto/league/zish1d1wbrhziswhsssd",DEN,20,18,2,12,2,0,0,2,26,2,0,0,3,0,0,0,0,1,10,0,0,0
2021,REG+POST,00-0034902,S.Eguavoen,Sam Eguavoen,8,ILB,LB,"https://static.www.nfl.com/image/upload/f_auto,q_auto/league/qvwzilzdorawnld7aous",MIA,5,4,1,7,0,0,0,0.5,4.5,7,0,0,0,1,0,0,0,1,0,0,0,0
2021,REG+POST,00-0034903,Te.Campbell,Tevaughn Campbell,11,CB,DB,"https://static.www.nfl.com/image/upload/f_auto,q_auto/league/gt6omgjvqjkohkngei3o",LAC,30,27,3,8,0,0,2,0,0,0,0,0,4,1,0,0,0,1,61,0,2,9
2021,REG+POST,00-0034930,T.Benson,Trinity Benson,1,WR,WR,"https://static.www.nfl.com/image/private/f_auto,q_auto/league/ieftt22eccs8cjnodaxb",GB,1,1,0,0,0,0,0,0,0,0,0,0,0,0,0,0,0,0,0,0,0,0
2021,REG+POST,00-0034954,M.Reed,Malik Reed,14,OLB,LB,"https://static.www.nfl.com/image/private/f_auto,q_auto/league/c3efy9qazz8gzi8b3qvb",DEN,24,22,2,19,3,0,2,5,36,8,0,0,2,0,0,0,0,1,0,0,0,0
2021,REG+POST,00-0034956,J.Watson,Josh Watson,1,ILB,LB,"https://static.www.nfl.com/image/private/f_auto,q_auto/league/h1uyjqcly6xgykmhbdfn",HOU,0,0,0,0,0,0,0,0,0,0,0,0,0,0,0,0,0,0,0,0,1,15
2021,REG+POST,00-0034960,J.Meyers,Jakobi Meyers,1,WR,WR,"https://static.www.nfl.com/image/upload/f_auto,q_auto/league/p1abjttm5pu8gev0gwea",BUF,2,2,0,0,0,0,0,0,0,0,0,0,0,0,0,0,0,0,0,0,0,0
2021,REG+POST,00-0034966,D.Ross,D'Angelo Ross,2,CB,DB,"https://static.www.nfl.com/image/upload/f_auto,q_auto/league/mnmdjulszlkle9jmfmqb",NE,2,2,0,2,0,0,0,0,0,0,0,0,0,0,0,0,0,0,0,0,0,0
2021,REG+POST,00-0034967,R.Gary,Rashan Gary,17,DE,DL,"https://static.www.nfl.com/image/private/f_auto,q_auto/league/t4clz4xe8sfxszmvohfo",GB,31,26,5,20,11,4,2,11.5,81,31,0,0,0,0,0,0,0,1,0,0,1,15
2021,REG+POST,00-0034968,D.Savage,Darnell Savage,16,SS,DB,"https://static.www.nfl.com/image/upload/f_auto,q_auto/league/zanp4izx5l4ucg78istw",GB,48,43,5,15,2,1,0,0,0,0,2,0,9,0,0,0,0,0,0,0,3,66
2021,REG+POST,00-0034969,B.Banogu,Ben Banogu,1,DE,DL,"https://static.www.nfl.com/image/private/f_auto,q_auto/league/p9k6kdaayai1uggtqruq",IND,1,1,0,1,0,0,0,0,0,1,0,0,0,0,0,0,0,0,0,0,0,0
2021,REG+POST,00-0034973,M.Crosby,Maxx Crosby,18,DE,DL,"https://static.www.nfl.com/image/upload/f_auto,q_auto/league/j5dphk7ntlwa3hciktfx",LV,39,28,11,23,15,17,0,9,63.5,32,0,0,7,0,0,0,0,0,0,0,8,70
2021,REG+POST,00-0034974,J.Love,Julian Love,15,SS,DB,"https://static.www.nfl.com/image/upload/f_auto,q_auto/league/aeodojl99cyqfh9ykmsa",NYG,32,29,3,24,1,0,0,0.5,2.5,2,1,0,7,0,0,0,0,1,0,0,3,25
2021,REG+POST,00-0034977,S.Redwine,Sheldrick Redwine,1,FS,DB,"https://static.www.nfl.com/image/upload/f_auto,q_auto/league/l1inyksf3ejpmdkzhzsf",MIA,1,1,0,0,0,0,0,0,0,0,0,0,0,0,0,0,0,0,0,0,0,0
2021,REG+POST,00-0034977,S.Redwine,Sheldrick Redwine,1,FS,DB,"https://static.www.nfl.com/image/upload/f_auto,q_auto/league/l1inyksf3ejpmdkzhzsf",NYJ,2,2,0,1,0,0,0,0,0,0,0,0,0,0,0,0,0,0,0,0,0,0
2021,REG+POST,00-0034981,F.Moreau,Foster Moreau,1,TE,TE,"https://static.www.nfl.com/image/upload/f_auto,q_auto/league/hfcik9okcbwsbhgoaljy",KC,1,1,0,0,0,0,0,0,0,0,0,0,0,0,0,0,0,0,0,0,0,0
2021,REG+POST,00-0034982,D.Greenlaw,Dre Greenlaw,6,ILB,LB,"https://static.www.nfl.com/image/upload/f_auto,q_auto/league/naza1bdluix1puywkixy",SF,18,14,4,17,1,3,0,0,0,2,1,39,1,1,0,0,0,1,0,0,2,26
2021,REG+POST,00-0034983,H.Renfrow,Hunter Renfrow,1,WR,WR,"https://static.www.nfl.com/image/private/f_auto,q_auto/league/coqn2jxhmjhaut34aqiv",CLE,1,1,0,0,0,0,0,0,0,0,0,0,0,0,0,0,0,0,0,0,0,0
2021,REG+POST,00-0034983,H.Renfrow,Hunter Renfrow,1,WR,WR,"https://static.www.nfl.com/image/private/f_auto,q_auto/league/coqn2jxhmjhaut34aqiv",KC,1,1,0,0,0,0,0,0,0,0,0,0,0,0,0,0,0,0,0,0,0,0
2021,REG+POST,00-0034983,H.Renfrow,Hunter Renfrow,1,WR,WR,"https://static.www.nfl.com/image/private/f_auto,q_auto/league/coqn2jxhmjhaut34aqiv",LV,0,0,0,0,0,0,0,0,0,0,0,0,1,0,0,0,0,0,0,0,0,0
2021,REG+POST,00-0034984,K.Keke,Kingsley Keke,11,DE,DL,"https://static.www.nfl.com/image/private/f_auto,q_auto/league/imitdfhjy3ee989bemjd",GB,10,7,3,13,1,0,1,2.5,23,4,0,0,3,0,0,0,0,0,0,0,2,15
2021,REG+POST,00-0034987,E.Speed,E.J. Speed,7,OLB,LB,"https://static.www.nfl.com/image/upload/f_auto,q_auto/league/cyu6wsnishege9etash7",IND,14,13,1,4,0,0,1,0,0,0,0,0,1,0,0,0,0,0,0,0,0,0
2021,REG+POST,00-0034992,A.Watts,Armon Watts,15,NT,DL,"https://static.www.nfl.com/image/upload/f_auto,q_auto/league/m3aiaywwfngkhwcqtcdm",MIN,20,15,5,26,3,0,2,5,34,10,0,0,0,0,0,0,0,0,0,0,0,0
2021,REG+POST,00-0034993,M.Epps,Marcus Epps,16,SS,DB,"https://static.www.nfl.com/image/upload/f_auto,q_auto/league/ac61bwk01sqd5ljzsjsq",PHI,37,35,2,22,0,0,0,0,0,0,1,0,5,0,0,0,0,0,0,0,1,10
2021,REG+POST,00-0034999,T.Summers,Ty Summers,2,MLB,LB,"https://static.www.nfl.com/image/upload/f_auto,q_auto/league/qavyze4sxk55rpsudjmi",GB,4,4,0,0,0,0,0,0,0,0,0,0,0,0,0,0,0,0,0,0,0,0
2021,REG+POST,00-0035020,D.Flannigan-Fowles,Demetrius Flannigan-Fowles,7,OLB,LB,"https://static.www.nfl.com/image/upload/f_auto,q_auto/league/aaxlqqmiilfqwjc4us5g",SF,7,6,1,13,0,0,0,0,0,0,0,0,0,0,0,0,0,0,0,0,0,0
2021,REG+POST,00-0035021,A.Dulin,Ashton Dulin,1,WR,WR,"https://static.www.nfl.com/image/upload/f_auto,q_auto/league/so1vzml0sxv84xoyyr2n",IND,0,0,0,0,0,0,0,0,0,0,0,0,0,1,0,0,0,1,0,0,0,0
2021,REG+POST,00-0035022,P.Hart,Penny Hart,1,WR,WR,"https://static.www.nfl.com/image/private/f_auto,q_auto/league/x56attwx7uv6a8zbetsq",SEA,0,0,0,0,0,0,0,0,0,0,0,0,0,0,0,0,0,0,0,0,1,5
2021,REG+POST,00-0035026,K.Givens,Kevin Givens,13,DT,DL,"https://static.www.nfl.com/image/upload/f_auto,q_auto/league/elk8nj4ddzenouhvdr3u",SF,8,7,1,15,1,3,1,0.5,0.5,4,0,0,1,0,0,0,0,0,0,0,0,0
2021,REG+POST,00-0035048,W.Ray,Wyatt Ray,7,DE,DL,"https://static.www.nfl.com/image/private/f_auto,q_auto/league/gbndvytyrqddf09rknyj",CIN,5,3,2,9,0,0,1,1,5,2,0,0,0,0,0,0,0,0,0,0,0,0
2021,REG+POST,00-0035062,S.Mustipher,Sam Mustipher,1,C,OL,"https://static.www.nfl.com/image/upload/f_auto,q_auto/league/ecy19sdqjyo8cdylzg0r",PIT,1,1,0,0,0,0,0,0,0,0,0,0,0,0,0,0,0,0,0,0,0,0
2021,REG+POST,00-0035073,J.Harris,Jonathan Harris,3,DE,DL,"https://static.www.nfl.com/image/upload/f_auto,q_auto/league/xgluw2syx3m7vbrjerpg",DEN,7,5,2,3,0,0,0,0,0,1,0,0,0,0,0,0,0,0,0,0,0,0
2021,REG+POST,00-0035094,B.Mone,Bryan Mone,12,NT,DL,"https://static.www.nfl.com/image/private/f_auto,q_auto/league/bkoc7udtoizomqmqmb0k",SEA,15,13,2,20,0,0,1,1.5,8.5,3,0,0,1,0,0,0,0,0,0,0,3,25
2021,REG+POST,00-0035112,P.Mekari,Patrick Mekari,1,G,OL,"https://static.www.nfl.com/image/upload/f_auto,q_auto/league/t7vsxnwwujz83asnddmj",LA,1,1,0,0,0,0,0,0,0,0,0,0,0,0,0,0,0,0,0,0,0,0
2021,REG+POST,00-0035133,K.Nixon,Keisean Nixon,3,CB,DB,"https://static.www.nfl.com/image/upload/f_auto,q_auto/league/zsxo7tlynx1uzjvp0vpf",LV,6,5,1,2,0,0,0,0,0,1,0,0,0,0,0,0,0,0,0,0,0,0
2021,REG+POST,00-0035135,T.Ward,Tim Ward,9,DE,DL,"https://static.www.nfl.com/image/private/f_auto,q_auto/league/mdyrgs4ngangxocxenld",NYJ,5,5,0,7,0,0,0,0,0,0,0,0,2,0,0,0,0,0,0,0,1,4
2021,REG+POST,00-0035139,M.Blair,Marquise Blair,5,FS,DB,"https://static.www.nfl.com/image/private/f_auto,q_auto/league/pbiurl35dkc9s7jmznhd",SEA,5,5,0,4,1,3,0,0,0,0,0,0,2,0,0,0,0,0,0,0,1,15
2021,REG+POST,00-0035140,M.Hardman,Mecole Hardman,1,WR,WR,"https://static.www.nfl.com/image/upload/f_auto,q_auto/league/cfbjutuygqg7imy0qwpt",LAC,1,1,0,0,0,0,0,0,0,0,0,0,0,0,0,0,0,0,0,0,0,0
2021,REG+POST,00-0035140,M.Hardman,Mecole Hardman,1,WR,WR,"https://static.www.nfl.com/image/upload/f_auto,q_auto/league/cfbjutuygqg7imy0qwpt",TEN,1,1,0,0,0,0,0,0,0,0,0,0,0,0,0,0,0,0,0,0,0,0
2021,REG+POST,00-0035142,U.Amadi,Ugochukwu Amadi,15,FS,DB,"https://static.www.nfl.com/image/upload/f_auto,q_auto/league/zaha843hitd6nhpz4n8p",SEA,39,37,2,12,2,6,1,0,0,0,1,12,6,0,1,0,0,0,0,0,6,51
2021,REG+POST,00-0035144,M.Wilson,Mack Wilson,8,ILB,LB,"https://static.www.nfl.com/image/upload/f_auto,q_auto/league/zjazfilpr7k2agiwqpxn",CLE,22,20,2,11,0,0,0,0,0,0,0,0,0,0,0,0,0,0,0,0,0,0
2021,REG+POST,00-0035147,R.Fenton,Rashad Fenton,14,CB,DB,"https://static.www.nfl.com/image/private/f_auto,q_auto/league/mmjxvj9shtwdwifjmtfi",KC,41,41,0,11,0,0,1,0,0,0,0,0,8,0,0,0,0,0,0,0,5,44
2021,REG+POST,00-0035150,K.Boyd,Kris Boyd,6,CB,DB,"https://static.www.nfl.com/image/upload/f_auto,q_auto/league/m4mypipricmwh7lfemgo",MIN,16,15,1,3,0,0,0,0,0,0,0,0,0,0,0,0,0,0,0,0,3,35
2021,REG+POST,00-0035166,A.Al-Shaair,Azeez Al-Shaair,16,ILB,LB,"https://static.www.nfl.com/image/upload/f_auto,q_auto/league/ds54eikn20fpelbmft71",SF,65,58,7,50,9,4,1,2,8,3,1,24,5,0,0,0,0,2,12,0,1,15
2021,REG+POST,00-0035202,D.Phillips,Del'Shawn Phillips,6,OLB,LB,"https://static.www.nfl.com/image/upload/f_auto,q_auto/league/f4t6he54ihdvf5pjsqm6",NYJ,8,8,0,12,2,2,0,1,8,1,0,0,0,0,0,0,0,1,34,0,0,0
2021,REG+POST,00-0035208,O.Zaccheaus,Olamide Zaccheaus,1,WR,WR,"https://static.www.nfl.com/image/upload/f_auto,q_auto/league/hcmdnfgnnvcp0qbktpxd",DAL,1,1,0,0,0,0,0,0,0,0,0,0,0,0,0,0,0,0,0,0,0,0
2021,REG+POST,00-0035210,H.Miller,Herb Miller,1,CB,DB,"https://static.www.nfl.com/image/private/f_auto,q_auto/league/eeuvupwlf9ed6dewycyf",CLE,0,0,0,0,0,0,0,0,0,0,0,0,0,0,0,0,0,0,0,0,1,8
2021,REG+POST,00-0035215,D.Harty,Deonte Harty,1,WR,WR,"https://static.www.nfl.com/image/upload/f_auto,q_auto/league/fh7rbtvohdkaacqaxqke",DAL,1,1,0,0,0,0,0,0,0,0,0,0,0,0,0,0,0,0,0,0,0,0
2021,REG+POST,00-0035215,D.Harty,Deonte Harty,1,WR,WR,"https://static.www.nfl.com/image/upload/f_auto,q_auto/league/fh7rbtvohdkaacqaxqke",NYG,1,1,0,0,0,0,0,0,0,0,0,0,0,0,0,0,0,0,0,0,0,0
2021,REG+POST,00-0035216,D.Johnson,Diontae Johnson,1,WR,WR,"https://static.www.nfl.com/image/upload/f_auto,q_auto/league/rjtil6ilydmwoy0btlt7",GB,1,1,0,0,0,0,0,0,0,0,0,0,0,0,0,0,0,0,0,0,0,0
2021,REG+POST,00-0035219,I.Buggs,Isaiah Buggs,9,DT,DL,"https://static.www.nfl.com/image/private/f_auto,q_auto/league/fpx9zf3ok9xhrergynxi",PIT,5,4,1,12,2,1,0,0,0,0,0,0,1,0,0,0,0,0,0,0,1,5
2021,REG+POST,00-0035222,Z.Gentry,Zach Gentry,1,TE,TE,"https://static.www.nfl.com/image/upload/f_auto,q_auto/league/a8vddwqiybkx41wwtjy4",KC,1,1,0,0,0,0,0,0,0,0,0,0,0,0,0,0,0,0,0,0,0,0
2021,REG+POST,00-0035223,U.Gilbert,Ulysees Gilbert,3,ILB,LB,"https://static.www.nfl.com/image/private/f_auto,q_auto/league/cuiogahz0e5enpzl6fbr",PIT,2,1,1,0,0,0,0,0,0,0,0,0,0,0,0,0,0,0,0,0,1,10
2021,REG+POST,00-0035227,P.Locke,P.J. Locke,2,FS,DB,"https://static.www.nfl.com/image/upload/f_auto,q_auto/league/lklzvxfizwibmugrw5oa",DEN,1,1,0,0,0,0,0,0,0,1,0,0,0,0,0,0,0,0,0,0,1,5
2021,REG+POST,00-0035229,T.Hockenson,T.J. Hockenson,1,TE,TE,"https://static.www.nfl.com/image/upload/f_auto,q_auto/league/n9zhffstwzae8i5di6tk",CIN,1,1,0,0,0,0,0,0,0,0,0,0,0,0,0,0,0,0,0,0,0,0
2021,REG+POST,00-0035229,T.Hockenson,T.J. Hockenson,1,TE,TE,"https://static.www.nfl.com/image/upload/f_auto,q_auto/league/n9zhffstwzae8i5di6tk",MIN,1,1,0,0,0,0,0,0,0,0,0,0,0,0,0,0,0,0,0,0,0,0
2021,REG+POST,00-0035230,E.Oliver,Ed Oliver,18,DT,DL,"https://static.www.nfl.com/image/upload/f_auto,q_auto/league/fbog7lunnqjxm1d6j5jj",BUF,33,28,5,13,12,20,1,5,34.5,16,0,0,3,0,0,0,0,0,0,0,5,65
2021,REG+POST,00-0035231,C.Wilkins,Christian Wilkins,17,DT,DL,"https://static.www.nfl.com/image/upload/f_auto,q_auto/league/ogy5fqw1xsut7lcxffyw",MIA,49,35,14,40,10,18,1,4.5,31,13,0,0,4,0,1,1,9,1,9,0,0,0
2021,REG+POST,00-0035236,B.Murphy,Byron Murphy,17,CB,DB,"https://static.www.nfl.com/image/upload/f_auto,q_auto/league/secfzfwznyhcgiow4rvq",ARI,53,53,0,16,0,0,1,0.5,0.5,1,4,49,12,1,0,0,0,1,0,0,7,52
2021,REG+POST,00-0035238,C.Ford,Cody Ford,1,G,OL,"https://static.www.nfl.com/image/private/f_auto,q_auto/league/tvlrnep8pest5wubog4f",IND,1,1,0,0,0,0,0,0,0,0,0,0,0,0,0,0,0,0,0,0,0,0
2021,REG+POST,00-0035239,S.Murphy-Bunting,Sean Murphy-Bunting,10,CB,DB,"https://static.www.nfl.com/image/upload/f_auto,q_auto/league/ddyearvwzjb4jmunqlei",TB,31,27,4,15,1,2,1,0,0,0,0,0,3,0,0,0,0,1,10,0,2,29
2021,REG+POST,00-0035240,J.Tavai,Jahlani Tavai,4,ILB,LB,"https://static.www.nfl.com/image/private/f_auto,q_auto/league/sevoogwwpwraiqlep2fs",NE,3,1,2,3,0,0,0,0,0,0,0,0,0,0,0,0,0,1,0,0,0,0
2021,REG+POST,00-0035241,Jo.Williams,Joejuan Williams,11,CB,DB,"https://static.www.nfl.com/image/private/f_auto,q_auto/league/xvd6nmxdr9hf0ohkyxhn",NE,19,16,3,6,0,0,0,0,0,1,0,0,5,0,0,0,0,0,0,0,2,6
2021,REG+POST,00-0035244,L.Johnson,Lonnie Johnson,11,FS,DB,"https://static.www.nfl.com/image/upload/f_auto,q_auto/league/iizufcrfxvvjnjcsnzqp",HOU,34,29,5,17,1,0,0,0,0,0,3,47,6,0,0,0,0,0,0,0,4,32
2021,REG+POST,00-0035247,T.Hill,Trysten Hill,6,DT,DL,"https://static.www.nfl.com/image/upload/f_auto,q_auto/league/k5jscadqqcnj44izwijp",DAL,7,7,0,6,0,0,0,0.5,0,3,0,0,0,0,0,0,0,0,0,0,0,0
2021,REG+POST,00-0035248,Z.Allen,Zach Allen,15,DE,DL,"https://static.www.nfl.com/image/upload/f_auto,q_auto/league/pucwjzb9v4jdcxaw7sap",ARI,31,25,6,21,5,13,0,4,16,14,1,25,4,1,0,0,0,3,26,0,2,23
2021,REG+POST,00-0035249,J.Oliver,Josh Oliver,1,TE,TE,"https://static.www.nfl.com/image/private/f_auto,q_auto/league/pwd3muzyjclgjlwwtdah",CLE,1,1,0,0,0,0,0,0,0,0,0,0,0,0,0,0,0,0,0,0,0,0
2021,REG+POST,00-0035250,D.Singletary,Devin Singletary,1,RB,RB,"https://static.www.nfl.com/image/upload/f_auto,q_auto/league/wz8mp8xb5bdspcxosreh",JAX,1,1,0,0,0,0,0,0,0,0,0,0,0,0,0,0,0,0,0,0,0,0
2021,REG+POST,00-0035252,Y.Cajuste,Yodny Cajuste,1,T,OL,"https://static.www.nfl.com/image/upload/f_auto,q_auto/league/zgmoaupjic5cnbhwbtfx",DAL,1,1,0,0,0,0,0,0,0,0,0,0,0,0,0,0,0,0,0,0,0,0
2021,REG+POST,00-0035253,C.Gardner-Johnson,Chauncey Gardner-Johnson,12,SS,DB,"https://static.www.nfl.com/image/upload/f_auto,q_auto/league/ew8vljcbtzvwnwdfth1v",NO,32,31,1,14,4,2,0,2,14,4,3,45,7,0,0,0,0,0,0,0,3,25
2021,REG+POST,00-0035254,A.Nelson,Anthony Nelson,14,OLB,LB,"https://static.www.nfl.com/image/upload/f_auto,q_auto/league/zdyfdf3ei22btsolqqat",TB,12,11,1,8,7,2,0,5,45,12,0,0,1,0,0,0,0,1,0,0,2,5
2021,REG+POST,00-0035255,K.Sheffield,Kendall Sheffield,1,CB,DB,"https://static.www.nfl.com/image/upload/f_auto,q_auto/league/ktuk9b6dur9qswrh5wqk",ATL,2,2,0,2,0,0,0,0,0,0,0,0,0,0,0,0,0,0,0,0,0,0
2021,REG+POST,00-0035259,T.Wesco,Trevon Wesco,1,TE,TE,"https://static.www.nfl.com/image/private/f_auto,q_auto/league/ptq3iidy6uyg3f31gjl5",ATL,0,0,0,1,0,0,0,0,0,0,0,0,0,0,0,0,0,0,0,0,0,0
2021,REG+POST,00-0035260,R.Wren,Renell Wren,1,DT,DL,"https://static.www.nfl.com/image/private/f_auto,q_auto/league/mksyn1sfszc9boas8jqp",CIN,0,0,0,1,0,0,0,0,0,0,0,0,0,0,0,0,0,0,0,0,0,0
2021,REG+POST,00-0035262,D.Tranquill,Drue Tranquill,13,ILB,LB,"https://static.www.nfl.com/image/private/f_auto,q_auto/league/kag56opaxhhajhfqt3nk",LAC,42,40,2,28,5,7,0,1.5,14,3,0,0,1,0,0,0,0,1,0,0,1,9
2021,REG+POST,00-0035263,W.Martin,Wes Martin,1,G,OL,"https://static.www.nfl.com/image/private/f_auto,q_auto/league/z1gps8fhahf628sqjhtv",CHI,1,1,0,0,0,0,0,0,0,0,0,0,0,0,0,0,0,0,0,0,0,0
2021,REG+POST,00-0035265,J.Cominsky,John Cominsky,1,DE,DL,"https://static.www.nfl.com/image/upload/f_auto,q_auto/league/zmuz0sxgahnwann1ztyg",ATL,2,2,0,0,1,5,0,0,0,0,0,0,0,0,0,0,0,0,0,0,0,0
2021,REG+POST,00-0035266,M.Jordan,Michael Jordan,1,G,OL,"https://static.www.nfl.com/image/upload/f_auto,q_auto/league/q7nbrxi6i5envdfaf1cw",BUF,1,1,0,0,0,0,0,0,0,0,0,0,0,0,0,0,0,0,0,0,0,0
2021,REG+POST,00-0035266,M.Jordan,Michael Jordan,1,G,OL,"https://static.www.nfl.com/image/upload/f_auto,q_auto/league/q7nbrxi6i5envdfaf1cw",NO,1,1,0,0,0,0,0,0,0,0,0,0,0,0,0,0,0,0,0,0,0,0
2021,REG+POST,00-0035270,A.Oruwariye,Amani Oruwariye,14,CB,DB,"https://static.www.nfl.com/image/upload/f_auto,q_auto/league/yh8ysiqddubzbgxqdwbb",DET,44,42,2,13,2,0,0,0,0,0,6,73,11,0,0,0,0,1,0,0,8,70
2021,REG+POST,00-0035272,A.Van Ginkel,Andrew Van Ginkel,17,OLB,LB,"https://static.www.nfl.com/image/upload/f_auto,q_auto/league/c4d7l9millp4ow5dj4uh",MIA,44,34,10,18,9,11,1,4,32.5,20,0,0,7,0,0,0,0,0,0,0,3,23
2021,REG+POST,00-0035276,B.Cashman,Blake Cashman,1,ILB,LB,"https://static.www.nfl.com/image/upload/f_auto,q_auto/league/mvui8tjkoewkupyncbok",NYJ,2,2,0,0,0,0,0,0,0,0,0,0,0,0,0,0,0,0,0,0,0,0
2021,REG+POST,00-0035277,M.Jackson,Michael Jackson,1,CB,DB,"https://static.www.nfl.com/image/upload/f_auto,q_auto/league/ymkamzfqi625imj3ngeo",SEA,0,0,0,0,0,0,0,0,0,0,0,0,2,0,0,0,0,0,0,0,0,0
2021,REG+POST,00-0035279,C.Omenihu,Charles Omenihu,6,DE,DL,"https://static.www.nfl.com/image/private/f_auto,q_auto/league/n7hyavaepvuienrmh9bi",HOU,8,7,1,3,1,1,0,0,0,3,0,0,0,0,0,0,0,0,0,0,1,5
2021,REG+POST,00-0035279,C.Omenihu,Charles Omenihu,10,DE,DL,"https://static.www.nfl.com/image/private/f_auto,q_auto/league/n7hyavaepvuienrmh9bi",SF,8,7,1,2,1,1,1,1.5,10.5,5,0,0,1,0,0,0,0,0,0,0,2,13
2021,REG+POST,00-0035281,J.Jackson,Joe Jackson,9,DE,DL,"https://static.www.nfl.com/image/private/f_auto,q_auto/league/rqoqlrbajzk3zlqv9ibl",CLE,8,4,4,6,3,12,0,1.5,4,3,0,0,0,0,0,0,0,0,0,0,0,0
2021,REG+POST,00-0035286,C.Holcomb,Cole Holcomb,16,ILB,LB,"https://static.www.nfl.com/image/upload/f_auto,q_auto/league/kt6aetmdjizcyddjejcw",WAS,83,66,17,59,2,4,2,1,0,2,2,54,7,1,0,0,0,1,0,0,2,24
2021,REG+POST,00-0035290,J.Johnson,Jaquan Johnson,6,FS,DB,"https://static.www.nfl.com/image/private/f_auto,q_auto/league/d83fqx8f4xboaay0iefs",BUF,9,4,5,4,0,0,0,0,0,0,1,25,1,0,0,0,0,0,0,0,0,0
2021,REG+POST,00-0035292,D.Long,David Long Jr.,11,ILB,LB,"https://static.www.nfl.com/image/upload/f_auto,q_auto/league/h6g8cn2jt1rvuvkyvmkp",TEN,52,44,8,31,5,12,0,1,0,3,2,6,6,0,0,0,0,0,0,0,2,20
2021,REG+POST,00-0035293,X.Crawford,Xavier Crawford,4,CB,DB,"https://static.www.nfl.com/image/private/f_auto,q_auto/league/aqwneslgs9rsvnmjzvcd",CHI,9,8,1,2,0,0,0,0,0,0,0,0,0,0,0,0,0,0,0,0,1,15
2021,REG+POST,00-0035294,B.Austin,Blessuan Austin,4,CB,DB,"https://static.www.nfl.com/image/private/f_auto,q_auto/league/vyl3paz1mk6ukjtgvu24",SEA,8,6,2,2,0,0,0,0,0,0,0,0,0,0,0,0,0,0,0,0,2,16
2021,REG+POST,00-0035298,S.Miller,Scott Miller,1,WR,WR,"https://static.www.nfl.com/image/upload/f_auto,q_auto/league/v5fxl6tig8qarofg0lo1",IND,1,1,0,0,0,0,0,0,0,0,0,0,0,0,0,0,0,0,0,0,0,0
2021,REG+POST,00-0035298,S.Miller,Scott Miller,1,WR,WR,"https://static.www.nfl.com/image/upload/f_auto,q_auto/league/v5fxl6tig8qarofg0lo1",NO,1,1,0,0,0,0,0,0,0,0,0,0,0,0,0,0,0,0,0,0,0,0
2021,REG+POST,00-0035300,D.Daley,Dennis Daley,1,T,OL,"https://static.www.nfl.com/image/private/f_auto,q_auto/league/vmjhwdrhizhlakdxlsd1",NO,0,0,0,1,0,0,0,0,0,0,0,0,0,0,0,0,0,0,0,0,0,0
2021,REG+POST,00-0035301,D.Wilson,Donovan Wilson,10,SS,DB,"https://static.www.nfl.com/image/upload/f_auto,q_auto/league/ors9sdenvvgjylcfyrop",DAL,19,19,0,16,0,0,0,0,0,1,0,0,1,0,0,0,0,0,0,0,2,28
2021,REG+POST,00-0035306,D.Johnson,Darryl Johnson,1,OLB,LB,"https://static.www.nfl.com/image/private/f_auto,q_auto/league/yhmqdkguwvfgpl8jrh6z",CAR,0,0,0,1,0,0,0,0,0,0,0,0,0,0,0,0,0,0,0,0,0,0
2021,REG+POST,00-0035316,K.Elliss,Kaden Elliss,7,ILB,LB,"https://static.www.nfl.com/image/upload/f_auto,q_auto/league/essjcyyzdr92jh0sqd1u",NO,6,6,0,7,1,0,0,1,3,3,0,0,0,0,0,0,0,1,0,0,1,4
2021,REG+POST,00-0035327,C.Moore,C.J. Moore,6,FS,DB,"https://static.www.nfl.com/image/upload/f_auto,q_auto/league/lnna9lfl2zadwrtpkhea",DET,8,7,1,6,0,0,0,0,0,1,1,21,1,0,0,0,0,0,0,0,0,0
2021,REG+POST,00-0035330,A.Pittman,Anthony Pittman,3,OLB,LB,"https://static.www.nfl.com/image/upload/f_auto,q_auto/league/gnlcofzshbxrbjs4ebqx",DET,5,5,0,5,0,0,0,0,0,1,0,0,1,0,0,0,0,0,0,0,0,0
2021,REG+POST,00-0035334,K.Strong,Kevin Strong,1,NT,DL,"https://static.www.nfl.com/image/private/f_auto,q_auto/league/ayepxrrynzz6cnxf5xco",DET,3,3,0,0,0,0,0,0,0,0,0,0,0,0,0,0,0,0,0,0,0,0
2021,REG+POST,00-0035334,K.Strong,Kevin Strong,2,NT,DL,"https://static.www.nfl.com/image/private/f_auto,q_auto/league/ayepxrrynzz6cnxf5xco",TEN,1,1,0,2,0,0,0,0,0,0,0,0,0,0,0,0,0,0,0,0,0,0
2021,REG+POST,00-0035343,J.Ledbetter,Jonathan Ledbetter,1,DE,DL,"https://static.www.nfl.com/image/private/f_auto,q_auto/league/vipmbrcixn2huexfkobd",ARI,0,0,0,0,0,0,0,0,0,0,0,0,0,0,0,0,0,0,0,0,1,15
2021,REG+POST,00-0035346,N.Needham,Nik Needham,15,CB,DB,"https://static.www.nfl.com/image/upload/f_auto,q_auto/league/tcvs5e4gbp4g0eftym13",MIA,48,42,6,11,1,0,0,1,10,2,2,28,5,1,0,0,0,1,0,0,1,8
2021,REG+POST,00-0035352,T.Dodson,Tyrel Dodson,6,MLB,LB,"https://static.www.nfl.com/image/upload/f_auto,q_auto/league/srjvfaik42ujjdalmhx1",BUF,8,6,2,2,0,0,0,0,0,0,0,0,0,0,0,0,0,0,0,0,2,20
2021,REG+POST,00-0035357,C.Lewis,Cameron Lewis,3,FS,DB,"https://static.www.nfl.com/image/private/f_auto,q_auto/league/cv2vtd0bajxfuet07bl7",BUF,2,2,0,7,1,1,1,0,0,0,0,0,1,0,0,0,0,0,0,0,1,15
2021,REG+POST,00-0035370,S.Smith,Saivion Smith,1,CB,DB,"https://static.www.nfl.com/image/private/f_auto,q_auto/league/e0ssqbzsuapfg4bgafa7",DET,0,0,0,0,0,0,0,0,0,0,0,0,0,0,0,0,0,0,0,0,1,5
2021,REG+POST,00-0035373,C.Strachan,Connor Strachan,1,LB,LB,"https://static.www.nfl.com/image/private/f_auto,q_auto/league/d1rsygdspvaoobwgdiw9",HOU,0,0,0,2,0,0,0,0,0,0,0,0,0,0,0,0,0,0,0,0,1,5
2021,REG+POST,00-0035378,A.Wingard,Andrew Wingard,15,FS,DB,"https://static.www.nfl.com/image/upload/f_auto,q_auto/league/taq2othvpstxlsfz3fym",JAX,56,53,3,30,2,0,0,1,1,1,1,23,1,0,0,0,0,0,0,0,2,30
2021,REG+POST,00-0035386,T.Edwards,T.J. Edwards,17,ILB,LB,"https://static.www.nfl.com/image/upload/f_auto,q_auto/league/vmqcti3f5uufqtgiigk0",PHI,66,61,5,65,5,4,0,1,3,2,1,1,5,0,0,0,0,1,0,0,0,0
2021,REG+POST,00-0035390,A.Rush,Anthony Rush,8,DT,DL,"https://static.www.nfl.com/image/private/f_auto,q_auto/league/gzp89ixndmimaowwzbtp",ATL,10,9,1,9,1,1,1,0,0,1,0,0,0,0,0,0,0,0,0,0,2,10
2021,REG+POST,00-0035393,A.Chesley,Anthony Chesley,3,CB,DB,"https://static.www.nfl.com/image/private/f_auto,q_auto/league/in4fm05omsc5glrezjnj",IND,5,5,0,0,0,0,0,0,0,0,0,0,0,0,0,0,0,1,0,0,0,0
2021,REG+POST,00-0035402,C.Granderson,Carl Granderson,13,DE,DL,"https://static.www.nfl.com/image/upload/f_auto,q_auto/league/xe17ud7n1ofomz8kk3ke",NO,11,10,1,13,5,10,0,3,29,8,0,0,0,0,0,0,0,0,0,0,2,20
2021,REG+POST,00-0035404,P.Gustin,Porter Gustin,5,DE,DL,"https://static.www.nfl.com/image/private/f_auto,q_auto/league/jsfwgcqjqczgm0vqqjan",CLE,5,3,2,2,0,0,0,0,0,0,0,0,0,0,0,0,0,1,0,0,0,0
2021,REG+POST,00-0035406,L.Humphrey,Lil'Jordan Humphrey,1,WR,WR,"https://static.www.nfl.com/image/upload/f_auto,q_auto/league/yjmyfuozafxd7zwf3mlr",SEA,1,1,0,0,0,0,0,0,0,0,0,0,0,0,0,0,0,0,0,0,0,0
2021,REG+POST,00-0035409,S.Tuttle,Shy Tuttle,17,DT,DL,"https://static.www.nfl.com/image/upload/f_auto,q_auto/league/kg1dcs0e1u8fj70yuejy",NO,17,16,1,31,3,7,1,0,0,1,0,0,3,0,0,0,0,1,0,0,0,0
2021,REG+POST,00-0035412,A.Dowell,Andrew Dowell,1,OLB,LB,"https://static.www.nfl.com/image/private/f_auto,q_auto/league/t6c88stenutb2il1zeor",NO,0,0,0,1,0,0,0,0,0,0,0,0,0,0,0,0,0,0,0,0,0,0
2021,REG+POST,00-0035413,L.Gifford,Luke Gifford,3,OLB,LB,"https://static.www.nfl.com/image/private/f_auto,q_auto/league/mhdbbzj8amttnpd1nbpn",DAL,5,3,2,1,1,0,0,0,0,0,0,0,0,0,0,0,0,0,0,0,0,0
2021,REG+POST,00-0035422,C.Westry,Chris Westry,5,CB,DB,"https://static.www.nfl.com/image/private/f_auto,q_auto/league/iqfuy2ts0tq9uef9zmkq",BAL,15,14,1,0,1,2,0,0,0,0,0,0,3,0,0,0,0,0,0,0,1,30
2021,REG+POST,00-0035423,D.Wise,Daniel Wise,3,DE,DL,"https://static.www.nfl.com/image/private/f_auto,q_auto/league/detu2rnql7lpxcme3dzb",WAS,5,5,0,5,1,0,0,0,0,1,0,0,0,0,0,0,0,0,0,0,0,0
2021,REG+POST,00-0035428,D.Helm,Daniel Helm,1,TE,TE,"https://static.www.nfl.com/image/private/f_auto,q_auto/league/aevwno51rzt28qzgkm3v",KC,1,1,0,0,0,0,0,0,0,0,0,0,0,0,0,0,0,0,0,0,0,0
2021,REG+POST,00-0035437,R.Teamer,Roderic Teamer,7,SS,DB,"https://static.www.nfl.com/image/private/f_auto,q_auto/league/sma7cwull7agg0gjk7dh",LV,14,9,5,5,0,0,0,0,0,0,0,0,1,0,0,0,0,0,0,0,2,14
2021,REG+POST,00-0035444,J.Kunaszyk,Jordan Kunaszyk,1,ILB,LB,"https://static.www.nfl.com/image/upload/f_auto,q_auto/league/czsdahph9mq2irzdrrpl",WAS,1,1,0,1,0,0,0,0,0,0,0,0,0,0,0,0,0,0,0,0,0,0
2021,REG+POST,00-0035455,A.Huggins,Albert Huggins,9,DT,DL,"https://static.www.nfl.com/image/private/f_auto,q_auto/league/hbbanpqrzp03f4dagsxq",NO,3,3,0,13,0,0,0,0,0,2,0,0,0,0,0,0,0,0,0,0,0,0
2021,REG+POST,00-0035457,T.Johnson,Tyron Johnson,1,WR,WR,"https://static.www.nfl.com/image/private/f_auto,q_auto/league/vrm7fxgx1p0cdabbo7ce",DEN,1,1,0,0,0,0,0,0,0,0,0,0,0,0,0,0,0,0,0,0,0,0
2021,REG+POST,00-0035480,M.Taylor,Malik Taylor,1,WR,WR,"https://static.www.nfl.com/image/private/f_auto,q_auto/league/aupsoxtxtpv4fmgs4ttp",GB,0,0,0,0,0,0,0,0,0,0,0,0,0,0,0,0,0,0,0,0,1,10
2021,REG+POST,00-0035507,K.Phillips,Kyle Phillips,6,DE,DL,"https://static.www.nfl.com/image/private/f_auto,q_auto/league/mdcbrgtriuuljs1snkba",NYJ,6,5,1,9,2,1,0,1,9,3,0,0,0,0,0,0,0,0,0,0,0,0
2021,REG+POST,00-0035513,A.Bledsoe,Amani Bledsoe,2,DE,DL,"https://static.www.nfl.com/image/private/f_auto,q_auto/league/dqjxmdk8lo8td1ppi08n",TEN,1,1,0,0,0,0,0,0,0,0,0,0,1,0,0,0,0,0,0,0,0,0
2021,REG+POST,00-0035518,B.Hoyett,Braxton Hoyett,1,DT,DL,"https://static.www.nfl.com/image/private/f_auto,q_auto/league/ejrbc5oe6yfizvdlcb0y",NO,2,2,0,2,1,1,0,0,0,0,0,0,0,0,0,0,0,0,0,0,0,0
2021,REG+POST,00-0035519,I.Mack,Isaiah Mack,1,NT,DL,"https://static.www.nfl.com/image/upload/f_auto,q_auto/league/uawh7sptgdpqombljqb6",BAL,1,1,0,2,1,0,0,1,8,1,0,0,0,0,0,0,0,0,0,0,0,0
2021,REG+POST,00-0035521,D.Roberson,Derick Roberson,3,OLB,LB,"https://static.www.nfl.com/image/private/f_auto,q_auto/league/s5xoioubtr1wd06pdkru",TEN,6,4,2,4,3,2,0,1.5,25,4,0,0,0,0,0,0,0,0,0,0,0,0
2021,REG+POST,00-0035525,D.Bush,Devin Bush,15,ILB,LB,"https://static.www.nfl.com/image/upload/f_auto,q_auto/league/pgpf5oeyel2jgsz2luaq",PIT,42,36,6,29,2,0,1,2,18,4,1,10,5,0,0,0,0,1,0,0,1,5
2021,REG+POST,00-0035526,E.Jenkins,Elgton Jenkins,1,G,OL,"https://static.www.nfl.com/image/upload/f_auto,q_auto/league/wrahpqtdvxipwmrepiyl",NO,2,2,0,0,0,0,0,0,0,0,0,0,0,0,0,0,0,0,0,0,0,0
2021,REG+POST,00-0035530,K.Willis,Khari Willis,10,SS,DB,"https://static.www.nfl.com/image/private/f_auto,q_auto/league/pgqksilohuni0rvinboo",IND,43,36,7,18,2,2,0,1.5,7.5,2,2,0,4,0,0,0,0,1,0,0,2,28
2021,REG+POST,00-0035531,A.Bryant,Austin Bryant,11,DE,DL,"https://static.www.nfl.com/image/upload/f_auto,q_auto/league/ag25mjupbuj0nfidcdsd",DET,21,18,3,10,5,0,0,4.5,30.5,6,0,0,0,0,0,0,0,0,0,0,1,5
2021,REG+POST,00-0035532,D.Thompson,Deionte Thompson,5,SS,DB,"https://static.www.nfl.com/image/private/f_auto,q_auto/league/nesagd0hvjfa2b9u3yyw",ARI,5,5,0,3,0,0,0,0,0,0,0,0,0,0,0,0,0,0,0,0,2,13
2021,REG+POST,00-0035535,D.Slayton,Darius Slayton,1,WR,WR,"https://static.www.nfl.com/image/upload/f_auto,q_auto/league/zhm6evj813ucss03ndlx",MIA,1,1,0,0,0,0,0,0,0,0,0,0,0,0,0,0,0,0,0,0,0,0
2021,REG+POST,00-0035535,D.Slayton,Darius Slayton,1,WR,WR,"https://static.www.nfl.com/image/upload/f_auto,q_auto/league/zhm6evj813ucss03ndlx",TB,2,2,0,0,0,0,0,0,0,0,0,0,0,0,0,0,0,0,0,0,0,0
2021,REG+POST,00-0035537,T.Johnson,Ty Johnson,1,RB,RB,"https://static.www.nfl.com/image/upload/f_auto,q_auto/league/zdedn4xqr2jy6mddh5pb",HOU,1,1,0,0,0,0,0,0,0,0,0,0,0,0,0,0,0,0,0,0,0,0
2021,REG+POST,00-0035538,E.Egbule,Emeke Egbule,2,OLB,LB,"https://static.www.nfl.com/image/private/f_auto,q_auto/league/txkdzlmnnohajkapho5v",LAC,1,1,0,1,0,0,0,0,0,1,0,0,0,0,0,0,0,0,0,0,0,0
2021,REG+POST,00-0035541,M.Dogbe,Michael Dogbe,13,DE,DL,"https://static.www.nfl.com/image/private/f_auto,q_auto/league/cu9kvxqla8gawt9y7ox1",ARI,14,12,2,13,1,0,0,1,10,2,0,0,0,0,0,0,0,1,0,0,0,0
2021,REG+POST,00-0035542,K.Hall,Kemon Hall,3,CB,DB,"https://static.www.nfl.com/image/upload/f_auto,q_auto/league/qchxn8xbknkbuxwbs7so",LAC,1,1,0,0,0,0,0,0,0,1,0,0,0,0,0,0,0,0,0,0,1,10
2021,REG+POST,00-0035549,N.Dawkins,Noah Dawkins,1,OLB,LB,"https://static.www.nfl.com/image/private/f_auto,q_auto/league/pcqd1ftgy0ka1bxhpwij",NYJ,0,0,0,1,0,0,0,0,0,0,0,0,0,0,0,0,0,0,0,0,0,0
2021,REG+POST,00-0035573,K.Orr,Kareem Orr,1,CB,DB,"https://static.www.nfl.com/image/private/f_auto,q_auto/league/i0emgafbvmyebeflmhhr",LA,3,3,0,1,0,0,0,0,0,0,0,0,0,0,0,0,0,0,0,0,0,0
2021,REG+POST,00-0035588,G.Bradbury,Garrett Bradbury,1,C,OL,"https://static.www.nfl.com/image/upload/f_auto,q_auto/league/hmbztztyfblbcrdlbsez",DET,0,0,0,1,0,0,0,0,0,0,0,0,0,0,0,0,0,0,0,0,0,0
2021,REG+POST,00-0035591,J.Hollins,Justin Hollins,10,OLB,LB,"https://static.www.nfl.com/image/upload/f_auto,q_auto/league/qu6phgfph0roj69tgp5o",LA,15,11,4,9,1,0,1,2,19,2,0,0,0,0,0,0,0,0,0,0,0,0
2021,REG+POST,00-0035594,T.Homer,Travis Homer,1,RB,RB,"https://static.www.nfl.com/image/upload/f_auto,q_auto/league/eg1e7va024emnbm55got",LA,1,1,0,0,0,0,0,0,0,0,0,0,0,0,0,0,0,0,0,0,0,0
2021,REG+POST,00-0035594,T.Homer,Travis Homer,1,RB,RB,"https://static.www.nfl.com/image/upload/f_auto,q_auto/league/eg1e7va024emnbm55got",SEA,1,1,0,0,0,0,1,0,0,0,0,0,0,0,0,0,0,0,0,0,0,0
2021,REG+POST,00-0035600,F.Akinmoladun,Freedom Akinmoladun,1,DE,DL,"https://static.www.nfl.com/image/private/f_auto,q_auto/league/wpnbblhymkdfqplkazvb",NYJ,2,1,1,0,0,0,0,0,0,0,0,0,0,0,0,0,0,0,0,0,0,0
2021,REG+POST,00-0035607,M.Copeland,Marquise Copeland,4,DT,DL,"https://static.www.nfl.com/image/private/f_auto,q_auto/league/ldtwwdjwltsbch8evaqy",LA,4,4,0,6,1,4,0,0,0,0,1,0,1,0,0,0,0,0,0,0,0,0
2021,REG+POST,00-0035617,T.Reeder,Troy Reeder,21,ILB,LB,"https://static.www.nfl.com/image/upload/f_auto,q_auto/league/twe7rexbwcsrgeqkyo0u",LA,57,49,8,49,6,6,0,2,9,5,2,2,7,0,0,0,0,0,0,0,0,0
2021,REG+POST,00-0035625,J.Thornhill,Juan Thornhill,18,FS,DB,"https://static.www.nfl.com/image/private/f_auto,q_auto/league/mxwqw2htpqtpc9b0klbv",KC,49,48,1,29,1,0,1,0,0,1,1,13,4,0,0,0,0,1,0,0,0,0
2021,REG+POST,00-0035630,C.Lindstrom,Chris Lindstrom,1,G,OL,"https://static.www.nfl.com/image/upload/f_auto,q_auto/league/njjqpjnrq2g2nxxzu76u",DAL,1,1,0,0,0,0,0,0,0,0,0,0,0,0,0,0,0,0,0,0,0,0
2021,REG+POST,00-0035631,D.Sample,Drew Sample,1,TE,TE,"https://static.www.nfl.com/image/upload/f_auto,q_auto/league/xufsbdqfujdqnrnozhg4",PIT,0,0,0,1,0,0,0,0,0,0,0,0,0,0,0,0,0,0,0,0,0,0
2021,REG+POST,00-0035632,A.Hooker,Amani Hooker,13,FS,DB,"https://static.www.nfl.com/image/upload/f_auto,q_auto/league/jigd7pauot8z4engfsmx",TEN,42,40,2,27,1,2,1,0,0,0,2,36,6,0,0,0,0,0,0,0,1,41
2021,REG+POST,00-0035636,L.Collier,L.J. Collier,9,DT,DL,"https://static.www.nfl.com/image/private/f_auto,q_auto/league/i39nt3smr30rgznvlal3",SEA,3,1,2,5,1,0,0,0,0,5,0,0,1,0,0,0,0,0,0,0,0,0
2021,REG+POST,00-0035637,R.Ya-Sin,Rock Ya-Sin,12,CB,DB,"https://static.www.nfl.com/image/upload/f_auto,q_auto/league/lqy47wstsu51vejik26c",IND,27,25,2,4,0,0,1,0,0,0,0,0,8,0,0,0,0,1,13,0,2,44
2021,REG+POST,00-0035638,G.Williams,Greedy Williams,12,CB,DB,"https://static.www.nfl.com/image/private/f_auto,q_auto/league/iceutdd9xt1ceup5tuvy",CLE,34,33,1,6,0,0,1,0,0,0,2,7,10,0,0,0,0,0,0,0,1,16
2021,REG+POST,00-0035640,D.Metcalf,DK Metcalf,1,WR,WR,"https://static.www.nfl.com/image/upload/f_auto,q_auto/league/ezpzdcvzlu5ga4uv6oas",PIT,1,1,0,0,0,0,0,0,0,0,0,0,0,0,0,0,0,0,0,0,0,0
2021,REG+POST,00-0035642,J.Hines-Allen,Josh Hines-Allen,16,DE,DL,"https://static.www.nfl.com/image/private/f_auto,q_auto/league/q807jedjb7igab4graoe",JAX,46,36,10,25,12,12,1,7.5,70,14,1,11,4,0,0,0,0,1,0,0,1,15
2021,REG+POST,00-0035643,J.Simmons,Jeffery Simmons,18,DT,DL,"https://static.www.nfl.com/image/upload/f_auto,q_auto/league/t6x8nhokjuwxz1gjq2fs",TEN,49,39,10,13,15,5,0,11.5,92.5,19,0,0,6,0,0,0,0,0,0,0,4,44
2021,REG+POST,00-0035644,N.Fant,Noah Fant,1,TE,TE,"https://static.www.nfl.com/image/private/f_auto,q_auto/league/w1gqasldrg3jumzdqjvy",LV,2,2,0,0,0,0,0,0,0,0,0,0,0,0,0,0,0,0,0,0,0,0
2021,REG+POST,00-0035646,S.Takitaki,Sione Takitaki,14,OLB,LB,"https://static.www.nfl.com/image/upload/f_auto,q_auto/league/mx5kjkwhlgzbuhagmsb7",CLE,18,17,1,18,5,3,0,0,0,2,0,0,0,0,0,0,0,0,0,0,0,0
2021,REG+POST,00-0035647,M.Sweat,Montez Sweat,10,DE,DL,"https://static.www.nfl.com/image/upload/f_auto,q_auto/league/ftcyuaiwxjmivippsrpy",WAS,13,12,1,11,3,0,3,5,32,13,0,0,0,0,0,0,0,0,0,0,2,10
2021,REG+POST,00-0035649,N.Davis,Nate Davis,1,G,OL,"https://static.www.nfl.com/image/upload/f_auto,q_auto/league/ofywu3qirqwt0zsf2hl1",IND,1,1,0,0,0,0,0,0,0,0,0,0,0,0,0,0,0,0,0,0,0,0
2021,REG+POST,00-0035650,J.Layne,Justin Layne,5,CB,DB,"https://static.www.nfl.com/image/private/f_auto,q_auto/league/p1s7j8ibljd0f3sjpcux",PIT,3,3,0,1,0,0,0,0,0,0,0,0,0,0,0,0,0,0,0,0,2,13
2021,REG+POST,00-0035651,J.Ferguson,Jaylon Ferguson,6,OLB,LB,"https://static.www.nfl.com/image/private/f_auto,q_auto/league/un3gtkku0prkvucz8hg8",BAL,3,2,1,3,0,0,0,0,0,3,0,0,0,0,0,0,0,0,0,0,0,0
2021,REG+POST,00-0035654,C.Winovich,Chase Winovich,4,DE,DL,"https://static.www.nfl.com/image/private/f_auto,q_auto/league/pbnpzaqm5bba9dfrtmis",NE,2,1,1,3,0,0,0,0,0,1,0,0,0,0,0,0,0,0,0,0,1,10
2021,REG+POST,00-0035655,W.Harris,Will Harris,16,FS,DB,"https://static.www.nfl.com/image/upload/f_auto,q_auto/league/pojy15q1vej2j4k2abxl",DET,62,57,5,29,0,0,1,0.5,5.5,1,0,0,4,0,0,0,0,0,0,0,5,54
2021,REG+POST,00-0035656,K.Saunders,Khalen Saunders,3,DT,DL,"https://static.www.nfl.com/image/upload/f_auto,q_auto/league/x4rukt5gqttd7ow1ldrg",KC,2,1,1,6,0,0,0,0,0,0,0,0,0,0,0,0,0,0,0,0,0,0
2021,REG+POST,00-0035659,T.McLaurin,Terry McLaurin,1,WR,WR,"https://static.www.nfl.com/image/upload/f_auto,q_auto/league/wokz1etv1wj1vhbmvxgs",BUF,1,1,0,0,0,0,0,0,0,0,0,0,0,0,0,0,0,0,0,0,0,0
2021,REG+POST,00-0035659,T.McLaurin,Terry McLaurin,1,WR,WR,"https://static.www.nfl.com/image/upload/f_auto,q_auto/league/wokz1etv1wj1vhbmvxgs",DAL,1,1,0,0,0,0,0,0,0,0,0,0,0,0,0,0,0,0,0,0,0,0
2021,REG+POST,00-0035659,T.McLaurin,Terry McLaurin,1,WR,WR,"https://static.www.nfl.com/image/upload/f_auto,q_auto/league/wokz1etv1wj1vhbmvxgs",NYG,1,1,0,0,0,0,0,0,0,0,0,0,0,0,0,0,0,0,0,0,0,0
2021,REG+POST,00-0035659,T.McLaurin,Terry McLaurin,1,WR,WR,"https://static.www.nfl.com/image/upload/f_auto,q_auto/league/wokz1etv1wj1vhbmvxgs",TB,1,1,0,0,0,0,0,0,0,0,0,0,0,0,0,0,0,0,0,0,0,0
2021,REG+POST,00-0035662,M.Brown,Marquise Brown,1,WR,WR,"https://static.www.nfl.com/image/upload/f_auto,q_auto/league/ixuddegcphzmvjn4jq6r",DET,1,1,0,0,0,0,0,0,0,0,0,0,0,0,0,0,0,0,0,0,0,0
2021,REG+POST,00-0035663,T.Rapp,Taylor Rapp,18,SS,DB,"https://static.www.nfl.com/image/upload/f_auto,q_auto/league/hbddw85y7u2tupcyx56m",LA,66,54,12,32,2,2,0,1.5,7,3,4,31,6,0,0,0,0,1,0,0,1,5
2021,REG+POST,00-0035665,D.Long,David Long,17,CB,DB,"https://static.www.nfl.com/image/upload/f_auto,q_auto/league/uawngyyimhhcvwiijs1x",LA,46,41,5,6,1,0,0,0,0,0,2,3,5,1,0,0,0,0,0,0,1,15
2021,REG+POST,00-0035667,G.Gaines,Greg Gaines,21,NT,DL,"https://static.www.nfl.com/image/upload/f_auto,q_auto/league/xbdsyuwzz86sbc2euifo",LA,31,23,8,36,5,2,0,5,25,14,0,0,2,0,0,0,0,0,0,0,1,5
2021,REG+POST,00-0035668,D.Edwards,David Edwards,1,G,OL,"https://static.www.nfl.com/image/upload/f_auto,q_auto/league/a68dv2turtxwbaliptda",SEA,1,1,0,0,0,0,0,0,0,0,0,0,0,0,0,0,0,0,0,0,0,0
2021,REG+POST,00-0035669,N.Scott,Nick Scott,18,SS,DB,"https://static.www.nfl.com/image/upload/f_auto,q_auto/league/knvjhpqqyqrnkzwikfdx",LA,35,31,4,20,0,0,0,0,0,0,3,3,7,0,0,0,0,0,0,0,2,9
2021,REG+POST,00-0035670,D.Allen,Dakota Allen,3,OLB,LB,"https://static.www.nfl.com/image/private/f_auto,q_auto/league/xhuzrphb7os0a065r2qm",JAX,1,0,1,4,0,0,1,0,0,0,0,0,0,0,0,0,0,0,0,0,0,0
2021,REG+POST,00-0035672,C.Barton,Cody Barton,5,MLB,LB,"https://static.www.nfl.com/image/upload/f_auto,q_auto/league/f6oxa6q8svj1apvlni14",SEA,14,10,4,11,1,1,0,0,0,2,0,0,1,0,0,0,0,0,0,0,1,5
2021,REG+POST,00-0035674,J.Tillery,Jerry Tillery,16,DE,DL,"https://static.www.nfl.com/image/upload/f_auto,q_auto/league/adiuyaw2t6yelrqt6imd",LAC,24,19,5,27,6,5,0,4.5,38,14,0,0,0,0,0,0,0,0,0,0,5,35
2021,REG+POST,00-0035676,A.Brown,A.J. Brown,1,WR,WR,"https://static.www.nfl.com/image/private/f_auto,q_auto/league/a014sgzctarbvhwb35lw",ARI,2,2,0,0,0,0,0,0,0,0,0,0,0,0,0,0,0,0,0,0,0,0
2021,REG+POST,00-0035676,A.Brown,A.J. Brown,1,WR,WR,"https://static.www.nfl.com/image/private/f_auto,q_auto/league/a014sgzctarbvhwb35lw",LA,1,1,0,0,0,0,0,0,0,0,0,0,0,0,0,0,0,0,0,0,0,0
2021,REG+POST,00-0035676,A.Brown,A.J. Brown,1,WR,WR,"https://static.www.nfl.com/image/private/f_auto,q_auto/league/a014sgzctarbvhwb35lw",TEN,1,1,0,0,0,0,0,0,0,0,0,0,0,0,0,0,0,0,0,0,0,0
2021,REG+POST,00-0035677,N.Adderley,Nasir Adderley,15,FS,DB,"https://static.www.nfl.com/image/private/f_auto,q_auto/league/dpvexbntnac14qw14k5d",LAC,67,62,5,30,3,3,1,0.5,3.5,2,0,0,5,0,0,0,0,1,0,0,1,15
2021,REG+POST,00-0035678,D.Jones,Dre'Mont Jones,16,DE,DL,"https://static.www.nfl.com/image/private/f_auto,q_auto/league/jtymiyxibjaktdm0h9by",DEN,18,17,1,13,9,20,1,5.5,37.5,11,0,0,2,0,0,0,0,1,0,0,6,60
2021,REG+POST,00-0035680,Q.Williams,Quincy Williams,16,ILB,LB,"https://static.www.nfl.com/image/upload/f_auto,q_auto/league/ikiir6l66xfq1z1hq9p7",NYJ,70,61,9,37,9,12,3,2,19,4,0,0,5,0,0,0,0,0,0,0,1,15
2021,REG+POST,00-0035683,D.Lawrence,Dexter Lawrence,15,NT,DL,"https://static.www.nfl.com/image/private/f_auto,q_auto/league/mq1gfsw7gfz3jithkivb",NYG,27,25,2,27,5,2,1,2.5,14,11,0,0,2,0,0,0,0,0,0,0,1,5
2021,REG+POST,00-0035684,D.Baker,Deandre Baker,7,CB,DB,"https://static.www.nfl.com/image/private/f_auto,q_auto/league/nhs9n1ocfes6azgxoikw",KC,14,14,0,3,0,0,0,0,0,0,0,0,1,0,0,0,0,0,0,0,2,20
2021,REG+POST,00-0035685,D.Montgomery,David Montgomery,1,RB,RB,"https://static.www.nfl.com/image/upload/f_auto,q_auto/league/nwdb4paueb1x4gv7tlb9",ARI,0,0,0,1,0,0,0,0,0,0,0,0,0,0,0,0,0,0,0,0,0,0
2021,REG+POST,00-0035687,B.Okereke,Bobby Okereke,17,MLB,LB,"https://static.www.nfl.com/image/upload/f_auto,q_auto/league/ttw5d6oxatumwjdick1i",IND,88,65,23,42,3,4,0,1,9,2,2,20,4,0,0,0,0,0,0,0,0,0
2021,REG+POST,00-0035689,D.Knox,Dawson Knox,1,TE,TE,"https://static.www.nfl.com/image/upload/f_auto,q_auto/league/uazfj5l5vzow2oyfa1s6",MIA,1,1,0,0,0,0,1,0,0,0,0,0,0,0,0,0,0,0,0,0,0,0
2021,REG+POST,00-0035689,D.Knox,Dawson Knox,1,TE,TE,"https://static.www.nfl.com/image/upload/f_auto,q_auto/league/uazfj5l5vzow2oyfa1s6",TB,1,1,0,0,0,0,0,0,0,0,0,0,0,0,0,0,0,0,0,0,0,0
2021,REG+POST,00-0035692,C.Ferrell,Clelin Ferrell,12,DE,DL,"https://static.www.nfl.com/image/upload/f_auto,q_auto/league/rskwfp5ry0pabky8h4qs",LV,6,6,0,6,1,0,0,1.5,8,8,0,0,1,0,0,0,0,0,0,0,4,36
2021,REG+POST,00-0035693,J.Abram,Johnathan Abram,14,SS,DB,"https://static.www.nfl.com/image/upload/f_auto,q_auto/league/d2zdaol75a3i4s2sdb4r",LV,63,55,8,51,5,13,0,0,0,3,1,6,4,0,0,0,0,1,0,0,2,18
2021,REG+POST,00-0035695,T.Mullen,Trayvon Mullen,4,CB,DB,"https://static.www.nfl.com/image/upload/f_auto,q_auto/league/hceuqbr4spm1jogexiv7",LV,16,16,0,3,0,0,0,0,0,0,1,18,4,0,0,0,0,0,0,0,4,66
2021,REG+POST,00-0035696,D.Shelley,Duke Shelley,9,CB,DB,"https://static.www.nfl.com/image/upload/f_auto,q_auto/league/jmidsg7krhjba8rbvoha",CHI,28,27,1,7,0,0,0,0,0,0,0,0,3,0,0,0,0,0,0,0,0,0
2021,REG+POST,00-0035697,G.Pratt,Germaine Pratt,18,OLB,LB,"https://static.www.nfl.com/image/upload/f_auto,q_auto/league/pq5icr0kspcsgxia4sg6",CIN,75,64,11,42,6,4,2,0.5,4,2,2,6,3,0,0,0,0,2,0,0,0,0
2021,REG+POST,00-0035699,J.Dean,Jamel Dean,16,CB,DB,"https://static.www.nfl.com/image/private/f_auto,q_auto/league/s0k1zs9nyl2cqsjwf5cs",TB,54,49,5,12,2,1,1,0,0,0,2,6,10,0,0,0,0,0,0,0,5,90
2021,REG+POST,00-0035700,J.Jacobs,Josh Jacobs,1,RB,RB,"https://static.www.nfl.com/image/upload/f_auto,q_auto/league/ksdusqxnwqtnph0htcfx",DEN,1,1,0,0,0,0,0,0,0,0,0,0,0,0,0,0,0,0,0,0,0,0
2021,REG+POST,00-0035704,D.Lock,Drew Lock,1,QB,QB,"https://static.www.nfl.com/image/upload/f_auto,q_auto/league/tlkgzjnuugarxjeoj9vk",CIN,1,1,0,0,0,0,0,0,0,0,0,0,0,0,0,0,0,0,0,0,0,0
2021,REG+POST,00-0035705,J.Thompson,Jalen Thompson,18,FS,DB,"https://static.www.nfl.com/image/upload/f_auto,q_auto/league/vzuzk4hnunpve1myp0dm",ARI,84,74,10,48,3,2,0,0,0,2,3,49,7,0,0,0,0,0,0,0,3,32
2021,REG+POST,00-0035707,D.White,Devin White,19,ILB,LB,"https://static.www.nfl.com/image/upload/f_auto,q_auto/league/i1c4v09znk6ijwftzset",TB,94,87,7,47,10,12,0,3.5,22.5,22,0,0,5,0,0,1,5,0,5,0,3,42
2021,REG+POST,00-0035708,O.Ximines,Oshane Ximines,8,OLB,LB,"https://static.www.nfl.com/image/upload/f_auto,q_auto/league/lwucizbpvqrkpolyndj8",NYG,4,3,1,8,0,0,0,0,0,2,0,0,3,0,0,0,0,0,0,0,1,5
2021,REG+POST,00-0035713,B.Burns,Brian Burns,16,OLB,LB,"https://static.www.nfl.com/image/upload/f_auto,q_auto/league/xebyudtwsbfaqrkhstd8",CAR,31,27,4,19,13,15,2,9,78,18,0,0,4,0,0,0,0,0,0,0,4,50
2021,REG+POST,00-0035717,N.Bosa,Nick Bosa,20,DE,DL,"https://static.www.nfl.com/image/upload/f_auto,q_auto/league/gm1nmlg5jsa0mh9vl5ms",SF,48,46,2,16,23,23,5,19.5,139.5,37,0,0,1,0,0,0,0,0,0,0,0,0
2021,REG+POST,00-0035718,Q.Williams,Quinnen Williams,15,NT,DL,"https://static.www.nfl.com/image/private/f_auto,q_auto/league/ftjeq2xr9mvck8mfkute",NYJ,36,30,6,17,7,4,0,6,50,12,0,0,3,0,0,0,0,0,0,0,5,24
2021,REG+POST,00-0035719,D.Samuel,Deebo Samuel,1,WR,WR,"https://static.www.nfl.com/image/upload/f_auto,q_auto/league/shqoqpjwwoiexzy6cmgb",TEN,1,1,0,0,0,0,0,0,0,0,0,0,0,0,0,0,0,0,0,0,0,0
2021,REG+POST,00-0035726,J.Johnson,Jakob Johnson,1,FB,RB,"https://static.www.nfl.com/image/upload/f_auto,q_auto/league/dsggivrqnycxooysemqr",ATL,0,0,0,1,0,0,0,0,0,0,0,0,0,0,0,0,0,0,0,0,0,0
2021,REG+POST,00-0035726,J.Johnson,Jakob Johnson,1,FB,RB,"https://static.www.nfl.com/image/upload/f_auto,q_auto/league/dsggivrqnycxooysemqr",IND,1,1,0,0,0,0,0,0,0,0,0,0,0,0,0,0,0,0,0,0,0,0
2021,REG+POST,00-0035763,M.Roach,Malcolm Roach,6,DT,DL,"https://static.www.nfl.com/image/upload/f_auto,q_auto/league/slssc1tyijjqxa8vjwe4",NO,4,4,0,6,0,0,0,0,0,2,1,5,1,0,0,0,0,0,0,0,1,15
2021,REG+POST,00-0035795,J.Pierre,James Pierre,10,CB,DB,"https://static.www.nfl.com/image/upload/f_auto,q_auto/league/a0pp4bfqlxjxxtehhc0h",PIT,34,30,4,3,0,0,1,0,0,0,1,0,4,0,0,0,0,0,0,0,3,14
2021,REG+POST,00-0035804,J.Griffith,Jonas Griffith,5,ILB,LB,"https://static.www.nfl.com/image/upload/f_auto,q_auto/league/n1w5sqnbearvfvkx1lyv",DEN,21,17,4,21,4,7,0,0,0,2,0,0,0,0,0,0,0,0,0,0,0,0
2021,REG+POST,00-0035806,J.Hasty,Jamycal Hasty,1,RB,RB,"https://static.www.nfl.com/image/upload/f_auto,q_auto/league/stvclosmy6zi864kfxw7",IND,1,1,0,0,0,0,0,0,0,0,0,0,0,0,0,0,0,0,0,0,0,0
2021,REG+POST,00-0035808,J.Mayden,Jared Mayden,2,FS,DB,"https://static.www.nfl.com/image/private/f_auto,q_auto/league/irl6be9rabzybfki5fps",PHI,3,3,0,2,0,0,0,0,0,0,0,0,0,0,0,0,0,0,0,0,0,0
2021,REG+POST,00-0035822,D.Costin,Doug Costin,1,DT,DL,"https://static.www.nfl.com/image/private/f_auto,q_auto/league/inalxvsxaye8jkf4ocrr",JAX,1,0,1,0,0,0,0,0,0,0,0,0,0,0,0,0,0,0,0,0,0,0
2021,REG+POST,00-0035830,J.Reed,J.R. Reed,2,SS,DB,"https://static.www.nfl.com/image/private/f_auto,q_auto/league/mmvqivcf55qwzxkcjb5i",NYG,4,4,0,5,0,0,0,0,0,0,0,0,0,0,0,0,0,0,0,0,0,0
2021,REG+POST,00-0035831,J.Robinson,James Robinson,1,RB,RB,"https://static.www.nfl.com/image/upload/f_auto,q_auto/league/htviio8mhknq9cennrdq",HOU,2,2,0,0,0,0,0,0,0,0,0,0,0,0,0,0,0,0,0,0,0,0
2021,REG+POST,00-0035831,J.Robinson,James Robinson,1,RB,RB,"https://static.www.nfl.com/image/upload/f_auto,q_auto/league/htviio8mhknq9cennrdq",TEN,0,0,0,1,0,0,0,0,0,0,0,0,0,0,0,0,0,0,0,0,0,0
2021,REG+POST,00-0035857,C.Williams,Chris Williams,3,DT,DL,"https://static.www.nfl.com/image/upload/f_auto,q_auto/league/l1ynly6u8wqfa3e5ctml",IND,2,2,0,2,0,0,0,0,0,0,0,0,0,0,0,0,0,0,0,0,0,0
2021,REG+POST,00-0035862,E.Bassey,Essang Bassey,1,CB,DB,"https://static.www.nfl.com/image/private/f_auto,q_auto/league/v8ljdczkzmunbmmjkvjn",LAC,1,1,0,0,0,0,0,0,0,0,0,0,0,0,0,0,0,0,0,0,0,0
2021,REG+POST,00-0035864,K.Hinton,Kendall Hinton,1,WR,WR,"https://static.www.nfl.com/image/private/f_auto,q_auto/league/emvbhstqosvayr6dm2jp",LAC,1,1,0,0,0,0,0,0,0,0,0,0,0,0,0,0,0,0,0,0,0,0
2021,REG+POST,00-0035880,J.Davis,Javaris Davis,1,CB,DB,"https://static.www.nfl.com/image/private/f_auto,q_auto/league/lugtri8msr6qg64n0nin",MIA,2,2,0,0,0,0,0,0,0,0,0,0,1,0,0,0,0,0,0,0,0,0
2021,REG+POST,00-0035890,T.Wharton,Tershawn Wharton,15,DT,DL,"https://static.www.nfl.com/image/private/f_auto,q_auto/league/pbuynfvzq7bojcivxbba",KC,14,13,1,16,1,0,2,3,29,3,1,0,2,0,0,0,0,0,0,0,0,0
2021,REG+POST,00-0035895,J.Bachie,Joe Bachie,6,ILB,LB,"https://static.www.nfl.com/image/upload/f_auto,q_auto/league/ln4dn19qwfrpkzhfwwdf",CIN,17,15,2,11,0,0,0,0,0,0,0,0,1,0,0,0,0,0,0,0,0,0
2021,REG+POST,00-0035903,J.Gaziano,Joe Gaziano,9,DE,DL,"https://static.www.nfl.com/image/upload/f_auto,q_auto/league/saim6trsnqhedad4hu0r",LAC,8,6,2,5,1,1,0,0,0,2,0,0,1,0,0,0,0,0,0,0,0,0
2021,REG+POST,00-0035906,J.Lemonier,Jessie Lemonier,6,DE,DL,"https://static.www.nfl.com/image/private/f_auto,q_auto/league/rrmp4ujyj0qkp5kgzhmf",DET,7,7,0,7,1,0,0,1.5,12,3,0,0,0,0,0,0,0,0,0,0,1,5
2021,REG+POST,00-0035910,T.Smith,T.J. Smith,1,DT,DL,"https://static.www.nfl.com/image/private/f_auto,q_auto/league/lmjr6tmxxxkltnltk7ks",MIN,1,1,0,2,0,0,0,0,0,0,0,0,0,0,0,0,0,0,0,0,0,0
2021,REG+POST,00-0035924,J.Ward,Jonathan Ward,1,RB,RB,"https://static.www.nfl.com/image/upload/f_auto,q_auto/league/yct3a4xznwcxjvn4iosk",ARI,0,0,0,0,0,0,0,0,0,0,0,0,0,0,0,0,0,0,0,0,1,10
2021,REG+POST,00-0035924,J.Ward,Jonathan Ward,1,RB,RB,"https://static.www.nfl.com/image/upload/f_auto,q_auto/league/yct3a4xznwcxjvn4iosk",SEA,1,1,0,0,0,0,0,0,0,0,0,0,0,0,0,0,0,0,0,0,0,0
2021,REG+POST,00-0035925,J.Williams,Jarren Williams,5,CB,DB,"https://static.www.nfl.com/image/private/f_auto,q_auto/league/jyncwypja37urniugmp6",NYG,13,12,1,3,0,0,0,0,0,0,0,0,1,0,0,0,0,0,0,0,1,10
2021,REG+POST,00-0035927,B.Fehoko,Breiden Fehoko,5,NT,DL,"https://static.www.nfl.com/image/upload/f_auto,q_auto/league/tkef62tijhxd9nuuw4oc",LAC,5,4,1,8,0,0,0,0,0,0,0,0,0,0,0,0,0,0,0,0,1,5
2021,REG+POST,00-0035928,E.Banks,Eric Banks,1,DT,DL,"https://static.www.nfl.com/image/upload/f_auto,q_auto/league/bh2nmfqo5vys96ni7eft",LAC,0,0,0,1,0,0,0,0,0,0,0,0,0,0,0,0,0,0,0,0,0,0
2021,REG+POST,00-0035933,M.Hoecht,Michael Hoecht,4,OLB,LB,"https://static.www.nfl.com/image/upload/f_auto,q_auto/league/x7dptdtfop48cak3l5os",LA,5,3,2,1,0,0,0,0,0,0,0,0,0,0,0,0,0,0,0,0,0,0
2021,REG+POST,00-0035944,J.Williams,Jonah Williams,5,DE,DL,"https://static.www.nfl.com/image/upload/f_auto,q_auto/league/gnujz4p4sshj5xv6nmjp",LA,1,0,1,4,0,0,0,0,0,0,0,0,0,0,0,0,0,0,0,0,0,0
2021,REG+POST,00-0035946,M.Adams,Myles Adams,2,DE,DL,"https://static.www.nfl.com/image/upload/f_auto,q_auto/league/xbmi6a0pex4jdgyarhbt",SEA,0,0,0,5,0,0,0,0,0,1,0,0,0,0,0,0,0,0,0,0,0,0
2021,REG+POST,00-0035950,M.Hartsfield,Myles Hartsfield,10,FS,DB,"https://static.www.nfl.com/image/private/f_auto,q_auto/league/gk1w1temj96w6wmgyy5x",CAR,29,27,2,15,2,0,0,1,2,1,0,0,4,0,0,0,0,0,0,0,1,15
2021,REG+POST,00-0035957,R.Smith,Rodney Smith,1,RB,RB,"https://static.www.nfl.com/image/private/f_auto,q_auto/league/xd2tfhcsbxeokt2bisun",DAL,0,0,0,1,0,0,0,0,0,0,0,0,0,0,0,0,0,0,0,0,0,0
2021,REG+POST,00-0035961,K.Barnes,Krys Barnes,16,ILB,LB,"https://static.www.nfl.com/image/upload/f_auto,q_auto/league/xgq5wwfuk5s2frsx0ha0",GB,60,55,5,26,5,6,0,1,8,1,0,0,4,0,0,0,0,1,0,0,0,0
2021,REG+POST,00-0035962,H.Black,Henry Black,11,SS,DB,"https://static.www.nfl.com/image/private/f_auto,q_auto/league/vmzpmpwymbcmaaa5zfe9",GB,18,17,1,8,0,0,0,0,0,0,1,0,2,0,0,0,0,0,0,0,0,0
2021,REG+POST,00-0035965,T.Galeai,Tipa Galeai,5,OLB,LB,"https://static.www.nfl.com/image/private/f_auto,q_auto/league/blwenldenlptx2vlnver",GB,6,5,1,5,1,0,0,1,3,1,0,0,0,0,0,0,0,0,0,0,0,0
2021,REG+POST,00-0035973,P.Taylor,Patrick Taylor,1,RB,RB,"https://static.www.nfl.com/image/upload/f_auto,q_auto/league/nd1utxii5exwfoujq5a4",DET,1,1,0,0,0,0,0,0,0,0,0,0,0,0,0,0,0,0,0,0,0,0
2021,REG+POST,00-0035984,B.Lynch,Blake Lynch,9,OLB,LB,"https://static.www.nfl.com/image/upload/f_auto,q_auto/league/r2skp5v2pgvumlmqzhgl",MIN,19,17,2,11,1,0,1,2,16,1,1,2,2,0,0,0,0,1,0,0,0,0
2021,REG+POST,00-0035985,D.Moa,David Moa,2,DT,DL,"https://static.www.nfl.com/image/private/f_auto,q_auto/league/n95d4esakuqldwgt1i3v",NYG,1,1,0,2,0,0,0,0,0,0,0,0,0,0,0,0,0,0,0,0,0,0
2021,REG+POST,00-0035992,T.Colon,Trystan Colon,1,C,OL,"https://static.www.nfl.com/image/upload/f_auto,q_auto/league/xup6mgczzc2firyyvgnb",LAC,1,1,0,0,0,0,0,0,0,0,0,0,0,0,0,0,0,0,0,0,0,0
2021,REG+POST,00-0035993,T.Huntley,Tyler Huntley,1,QB,QB,"https://static.www.nfl.com/image/upload/f_auto,q_auto/league/ex2ygunvni5o5aabnhbq",BAL,0,0,0,0,0,0,0,0,0,0,0,0,0,0,0,0,0,1,0,0,0,0
2021,REG+POST,00-0036002,E.Riley,Elijah Riley,7,FS,DB,"https://static.www.nfl.com/image/upload/f_auto,q_auto/league/gqddvgy98q4lnvljvuee",NYJ,23,20,3,22,3,5,0,1,0,1,0,0,1,0,0,0,0,0,0,0,0,0
2021,REG+POST,00-0036007,R.Williams,Raequan Williams,1,DE,DL,"https://static.www.nfl.com/image/upload/f_auto,q_auto/league/hos5p5gfiouk3lueewug",PHI,1,1,0,1,0,0,0,0,0,0,0,0,0,0,0,0,0,0,0,0,0,0
2021,REG+POST,00-0036010,J.Elliott,Jalen Elliott,3,SS,DB,"https://static.www.nfl.com/image/upload/f_auto,q_auto/league/gwcvitcgnttnroiskzen",DET,4,4,0,4,0,0,0,0,0,0,0,0,0,0,0,0,0,0,0,0,0,0
2021,REG+POST,00-0036011,B.Price,Bobby Price,6,FS,DB,"https://static.www.nfl.com/image/upload/f_auto,q_auto/league/rlgj4rky5w5k3k53yk4q",DET,8,8,0,4,0,0,0,0,0,0,0,0,3,0,0,0,0,0,0,0,1,6
2021,REG+POST,00-0036020,S.Ahmed,Salvon Ahmed,1,RB,RB,"https://static.www.nfl.com/image/private/f_auto,q_auto/league/ggkz2vamnepagqfn992j",BUF,1,1,0,0,0,0,0,0,0,0,0,0,0,0,0,0,0,0,0,0,0,0
2021,REG+POST,00-0036028,F.Bernard,Francis Bernard,1,OLB,LB,"https://static.www.nfl.com/image/private/f_auto,q_auto/league/gi4h9bf097paru2rn1gm",DAL,0,0,0,1,0,0,0,0,0,0,0,0,0,0,0,0,0,0,0,0,0,0
2021,REG+POST,00-0036029,R.Carter,Ron'Dell Carter,1,OLB,LB,"https://static.www.nfl.com/image/private/f_auto,q_auto/league/cc5uuhuvtvkmi1q1ii83",HOU,0,0,0,0,0,0,0,0,0,0,0,0,0,0,0,0,0,0,0,0,1,5
2021,REG+POST,00-0036030,L.Hamilton,Ladarius Hamilton,3,OLB,LB,"https://static.www.nfl.com/image/private/f_auto,q_auto/league/reertkarzxaguz8w1mux",GB,2,2,0,1,0,0,0,0,0,2,0,0,0,0,0,0,0,0,0,0,0,0
2021,REG+POST,00-0036036,T.Steele,Terence Steele,1,T,OL,"https://static.www.nfl.com/image/upload/f_auto,q_auto/league/bkpod6ztrwcvjzq1wx7w",KC,1,1,0,0,0,0,0,0,0,0,0,0,0,0,0,0,0,0,0,0,0,0
2021,REG+POST,00-0036037,S.Franklin,Sam Franklin,7,SS,DB,"https://static.www.nfl.com/image/upload/f_auto,q_auto/league/umqc50da0q99u1qyhka5",CAR,13,9,4,2,1,1,0,0,0,1,0,0,1,0,0,0,0,0,0,0,0,0
2021,REG+POST,00-0036043,J.Whittaker,Jace Whittaker,1,CB,DB,"https://static.www.nfl.com/image/private/f_auto,q_auto/league/qklqzam7wwoa2g06qsf9",ARI,2,2,0,1,0,0,0,0,0,1,0,0,0,0,0,0,0,0,0,0,0,0
2021,REG+POST,00-0036045,C.Gill,Cam Gill,5,OLB,LB,"https://static.www.nfl.com/image/upload/f_auto,q_auto/league/wxadtc7jcfyso4qdbeni",TB,5,5,0,2,1,0,0,1.5,11.5,3,0,0,0,0,0,0,0,0,0,0,0,0
2021,REG+POST,00-0036050,B.Potoa'e,Benning Potoa'e,1,DE,DL,"https://static.www.nfl.com/image/private/f_auto,q_auto/league/dwe4xk0m7dyrifff5rtq",TB,0,0,0,1,0,0,0,0,0,0,0,0,0,0,0,0,0,0,0,0,0,0
2021,REG+POST,00-0036068,J.Jones,Jamir Jones,2,OLB,LB,"https://static.www.nfl.com/image/private/f_auto,q_auto/league/zb3wywulp967xjcoy8vf",JAX,1,0,1,1,0,0,0,0,0,0,0,0,0,0,0,0,0,0,0,0,1,5
2021,REG+POST,00-0036068,J.Jones,Jamir Jones,3,OLB,LB,"https://static.www.nfl.com/image/private/f_auto,q_auto/league/zb3wywulp967xjcoy8vf",LA,1,1,0,2,0,0,0,0,0,1,0,0,0,0,0,0,0,0,0,0,0,0
2021,REG+POST,00-0036068,J.Jones,Jamir Jones,1,OLB,LB,"https://static.www.nfl.com/image/private/f_auto,q_auto/league/zb3wywulp967xjcoy8vf",PIT,1,1,0,0,0,0,0,0,0,1,0,0,0,0,0,0,0,0,0,0,0,0
2021,REG+POST,00-0036076,C.Rivers,Chauncey Rivers,2,OLB,LB,"https://static.www.nfl.com/image/private/f_auto,q_auto/league/pi3o8fqd4zz2bsbvvjhv",GB,2,2,0,0,0,0,0,0,0,0,0,0,0,0,0,0,0,0,0,0,0,0
2021,REG+POST,00-0036077,J.Hughes,Juju Hughes,2,FS,DB,"https://static.www.nfl.com/image/private/f_auto,q_auto/league/nhb13pdrmatkyoouvyqk",LA,4,4,0,1,0,0,0,0,0,0,0,0,0,0,0,0,0,0,0,0,0,0
2021,REG+POST,00-0036081,B.Washington,Broderick Washington,10,DE,DL,"https://static.www.nfl.com/image/upload/f_auto,q_auto/league/emh0zmsonamylgrr7hmv",BAL,8,6,2,8,2,4,0,1,10,3,0,0,0,0,0,0,0,0,0,0,0,0
2021,REG+POST,00-0036086,R.Berry,Rashod Berry,3,OLB,LB,"https://static.www.nfl.com/image/private/f_auto,q_auto/league/fu2xopb9sal4pgfgln52",DET,2,2,0,1,0,0,0,0,0,1,0,0,0,0,0,0,0,0,0,0,0,0
2021,REG+POST,00-0036087,M.Bryant,Myles Bryant,12,CB,DB,"https://static.www.nfl.com/image/upload/f_auto,q_auto/league/bzbwwwemnsuw2pveglco",NE,30,27,3,13,2,0,1,1,8,2,1,33,3,0,0,0,0,0,0,0,2,30
2021,REG+POST,00-0036090,D.Harris,De'Jon Harris,1,MLB,LB,"https://static.www.nfl.com/image/private/f_auto,q_auto/league/zthcn7tvordk7so1bj4t",WAS,1,1,0,0,1,0,0,1,5,1,0,0,0,0,0,0,0,0,0,0,0,0
2021,REG+POST,00-0036096,J.Taylor,J.J. Taylor,1,RB,RB,"https://static.www.nfl.com/image/upload/f_auto,q_auto/league/m8en6noemyviirgtxlgd",TB,1,1,0,0,0,0,0,0,0,0,0,0,0,0,0,0,0,0,0,0,0,0
2021,REG+POST,00-0036114,A.Green,A.J. Green,5,CB,DB,"https://static.www.nfl.com/image/upload/f_auto,q_auto/league/lacmlfcdn7rcfdxkfkfp",CLE,9,8,1,4,0,0,0,0,0,0,1,1,6,0,0,0,0,1,16,0,1,33
2021,REG+POST,00-0036118,J.Moffatt,Jovante Moffatt,1,SS,DB,"https://static.www.nfl.com/image/private/f_auto,q_auto/league/jdrrcesdp7b5sqojxrle",CLE,4,4,0,3,0,0,0,0,0,0,0,0,0,0,0,0,0,0,0,0,0,0
2021,REG+POST,00-0036130,N.Madubuike,Nnamdi Madubuike,14,DT,DL,"https://static.www.nfl.com/image/upload/f_auto,q_auto/league/jqjavitaoxp8al5ddury",BAL,23,21,2,13,7,10,0,2,15,5,0,0,2,0,0,0,0,0,0,0,2,20
2021,REG+POST,00-0036137,A.Kamara,Azur Kamara,2,DE,DL,"https://static.www.nfl.com/image/private/f_auto,q_auto/league/u24qqjqcd9zqlvbjhsan",DAL,2,2,0,0,0,0,0,0,0,0,0,0,0,0,0,0,0,0,0,0,1,15
2021,REG+POST,00-0036149,J.Guidry,Javelin Guidry,13,CB,DB,"https://static.www.nfl.com/image/private/f_auto,q_auto/league/bw1ritix1dxzjjjoxb6q",NYJ,32,28,4,13,1,0,0,0,0,1,0,0,3,0,0,0,0,0,0,0,0,0
2021,REG+POST,00-0036151,B.Huff,Bryce Huff,8,DE,DL,"https://static.www.nfl.com/image/upload/f_auto,q_auto/league/f7d7rc4mrzkppwgqezin",NYJ,5,4,1,9,1,0,0,2,15,8,0,0,0,0,0,0,0,0,0,0,1,4
2021,REG+POST,00-0036157,K.Welch,Kristian Welch,4,ILB,LB,"https://static.www.nfl.com/image/upload/f_auto,q_auto/league/s6mtzzk3etuv34oabdqp",BAL,0,0,0,4,0,0,0,0,0,0,0,0,0,0,0,0,0,0,0,0,1,10
2021,REG+POST,00-0036159,J.Uche,Joshua Uche,9,OLB,LB,"https://static.www.nfl.com/image/upload/f_auto,q_auto/league/p7v3ht2iftut8hebhsbu",NE,10,10,0,2,3,0,0,3,23,4,0,0,0,0,0,0,0,1,0,0,1,5
2021,REG+POST,00-0036166,D.Jackson,Dane Jackson,11,CB,DB,"https://static.www.nfl.com/image/upload/f_auto,q_auto/league/lys47la5i4ay7g1gr07g",BUF,39,36,3,8,1,3,0,0,0,0,0,0,6,0,0,0,0,0,0,0,3,21
2021,REG+POST,00-0036167,T.Crowder,Tae Crowder,17,ILB,LB,"https://static.www.nfl.com/image/private/f_auto,q_auto/league/sfwj4dhe8eihhmjncd7q",NYG,64,53,11,66,3,3,1,0,0,1,2,26,6,0,1,0,0,0,0,0,2,30
2021,REG+POST,00-0036181,T.Tart,Teair Tart,9,DT,DL,"https://static.www.nfl.com/image/upload/f_auto,q_auto/league/u9vwnpfhorxtehq9yfgc",TEN,10,8,2,6,2,4,0,0,0,1,0,0,0,0,0,0,0,0,0,0,0,0
2021,REG+POST,00-0036182,N.Westbrook-Ikhine,Nick Westbrook-Ikhine,1,WR,WR,"https://static.www.nfl.com/image/upload/f_auto,q_auto/league/rt9ic9wzwl2pevlxt1nd",TEN,0,0,0,0,0,0,0,0,0,0,0,0,0,0,0,0,0,0,0,0,1,15
2021,REG+POST,00-0036192,A.Epenesa,A.J. Epenesa,16,DE,DL,"https://static.www.nfl.com/image/upload/f_auto,q_auto/league/cuvz6epit4d0o8grclqm",BUF,8,8,0,8,2,4,0,1.5,13,9,0,0,2,0,0,0,0,0,0,0,3,34
2021,REG+POST,00-0036196,G.Davis,Gabe Davis,1,WR,WR,"https://static.www.nfl.com/image/upload/f_auto,q_auto/league/rlmgjtfct5qjtbwcjqg6",ATL,1,1,0,0,0,0,0,0,0,0,0,0,0,0,0,0,0,0,0,0,0,0
2021,REG+POST,00-0036199,G.Stone,Geno Stone,8,SS,DB,"https://static.www.nfl.com/image/upload/f_auto,q_auto/league/redtjiud7dtro4avfgn0",BAL,12,12,0,5,1,0,0,0,0,1,1,0,1,0,0,0,0,0,0,0,0,0
2021,REG+POST,00-0036203,K.Jones,Keandre Jones,1,ILB,LB,"https://static.www.nfl.com/image/upload/f_auto,q_auto/league/j3oeovnadfd6vtol8vu5",CIN,0,0,0,1,0,0,0,0,0,0,0,0,0,0,0,0,0,0,0,0,0,0
2021,REG+POST,00-0036205,L.Mack,Ledarius Mack,1,DE,DL,"https://static.www.nfl.com/image/private/f_auto,q_auto/league/q4daldhsiq91qyo7yn5o",CHI,0,0,0,1,0,0,0,0,0,0,0,0,0,0,0,0,0,0,0,0,1,5
2021,REG+POST,00-0036212,T.Tagovailoa,Tua Tagovailoa,1,QB,QB,"https://static.www.nfl.com/image/upload/f_auto,q_auto/league/xzdbwt2ezmxk3pjcsr1n",BUF,0,0,0,1,0,0,0,0,0,0,0,0,0,0,0,0,0,0,0,0,0,0
2021,REG+POST,00-0036213,R.Davis,Raekwon Davis,12,NT,DL,"https://static.www.nfl.com/image/upload/f_auto,q_auto/league/cebpdy9q3snsm1z8yx00",MIA,12,10,2,16,1,2,0,0.5,0.5,1,0,0,0,0,0,0,0,0,0,0,3,14
2021,REG+POST,00-0036216,C.Weaver,Curtis Weaver,1,DE,DL,"https://static.www.nfl.com/image/private/f_auto,q_auto/league/jvaesk96t4eh2ghtsiy3",CLE,0,0,0,1,0,0,0,0,0,1,0,0,0,0,0,0,0,0,0,0,0,0
2021,REG+POST,00-0036220,D.Brown,Derrick Brown,16,DE,DL,"https://static.www.nfl.com/image/upload/f_auto,q_auto/league/fkykzylv1irnfjijbwrw",CAR,27,24,3,14,8,9,0,3,28,9,0,0,4,0,0,0,0,0,0,0,3,11
2021,REG+POST,00-0036221,B.Jones,Brandon Jones,14,FS,DB,"https://static.www.nfl.com/image/upload/f_auto,q_auto/league/cxjsqih3bzvgebahj2vm",MIA,45,38,7,31,6,1,1,5,39,10,1,8,1,0,1,1,3,2,3,0,4,55
2021,REG+POST,00-0036222,I.Rodgers,Isaiah Rodgers,14,CB,DB,"https://static.www.nfl.com/image/upload/f_auto,q_auto/league/l8pzeettxf7tlqyd9pdq",IND,39,35,4,10,1,0,0,0,0,0,3,24,7,0,0,0,0,0,0,0,1,15
2021,REG+POST,00-0036224,J.Greenard,Jonathan Greenard,10,OLB,LB,"https://static.www.nfl.com/image/upload/f_auto,q_auto/league/a8ztocyqrsxgmczzdyum",HOU,23,21,2,10,9,7,2,8,50,12,0,0,4,0,0,0,0,0,0,0,0,0
2021,REG+POST,00-0036231,K.Dugger,Kyle Dugger,16,FS,DB,"https://static.www.nfl.com/image/private/f_auto,q_auto/league/gckckiryskfmdmgkkgj5",NE,66,51,15,22,5,7,0,0,0,2,4,100,5,0,0,0,0,1,0,0,1,46
2021,REG+POST,00-0036232,H.Bryant,Harrison Bryant,1,TE,TE,"https://static.www.nfl.com/image/upload/f_auto,q_auto/league/jjarmcwkadvr7tynkpuj",KC,1,1,0,0,0,0,0,0,0,0,0,0,0,0,0,0,0,0,0,0,0,0
2021,REG+POST,00-0036233,D.Peoples-Jones,Donovan Peoples-Jones,1,WR,WR,"https://static.www.nfl.com/image/upload/f_auto,q_auto/league/sgfgvm2myyrntnmiqojk",GB,1,1,0,0,0,0,0,0,0,0,0,0,0,0,0,0,0,0,0,0,0,0
2021,REG+POST,00-0036233,D.Peoples-Jones,Donovan Peoples-Jones,1,WR,WR,"https://static.www.nfl.com/image/upload/f_auto,q_auto/league/sgfgvm2myyrntnmiqojk",PIT,1,1,0,0,0,0,0,0,0,0,0,0,0,0,0,0,0,0,0,0,0,0
2021,REG+POST,00-0036235,S.Quarterman,Shaquille Quarterman,8,ILB,LB,"https://static.www.nfl.com/image/upload/f_auto,q_auto/league/onbbvyvxbxgktkew2v1o",JAX,13,12,1,12,1,1,0,0,0,0,0,0,0,0,0,0,0,0,0,0,0,0
2021,REG+POST,00-0036236,N.Harris,Nick Harris,1,C,OL,"https://static.www.nfl.com/image/upload/f_auto,q_auto/league/fi6ivlcphteyqp30akm3",GB,1,1,0,0,0,0,0,0,0,0,0,0,0,0,0,0,0,0,0,0,0,0
2021,REG+POST,00-0036237,L.Murchison,Larrell Murchison,7,DT,DL,"https://static.www.nfl.com/image/upload/f_auto,q_auto/league/bp935cvfyzaipasnmvzx",TEN,4,4,0,4,1,3,0,0,0,0,0,0,0,0,0,0,0,0,0,0,0,0
2021,REG+POST,00-0036238,J.Penisini,John Penisini,10,NT,DL,"https://static.www.nfl.com/image/private/f_auto,q_auto/league/haswdzo7clr4t2e662w1",DET,4,4,0,10,0,0,0,0,0,1,0,0,1,0,0,0,0,0,0,0,0,0
2021,REG+POST,00-0036239,J.Garvin,Jonathan Garvin,11,OLB,LB,"https://static.www.nfl.com/image/upload/f_auto,q_auto/league/zvwezgwfezbbk0kaphji",GB,15,14,1,4,1,0,0,1.5,7.5,5,0,0,0,0,0,0,0,0,0,0,0,0
2021,REG+POST,00-0036240,C.Jackson,Chris Jackson,11,CB,DB,"https://static.www.nfl.com/image/private/f_auto,q_auto/league/aj2syuecws0hfgk68n79",TEN,29,25,4,5,1,3,0,0,0,0,0,0,4,0,0,0,0,0,0,0,5,31
2021,REG+POST,00-0036241,B.Hall,Bryce Hall,17,CB,DB,"https://static.www.nfl.com/image/upload/f_auto,q_auto/league/j2qpr3eiyfs0g5xfiert",NYJ,66,58,8,13,4,3,0,0.5,4,2,0,0,16,0,0,0,0,0,0,0,3,38
2021,REG+POST,00-0036248,A.Jackson,Austin Jackson,1,T,OL,"https://static.www.nfl.com/image/upload/f_auto,q_auto/league/zwolexetiqcyxlfpm35u",BUF,0,0,0,1,0,0,0,0,0,0,0,0,0,0,0,0,0,0,0,0,0,0
2021,REG+POST,00-0036248,A.Jackson,Austin Jackson,1,T,OL,"https://static.www.nfl.com/image/upload/f_auto,q_auto/league/zwolexetiqcyxlfpm35u",HOU,1,1,0,0,0,0,0,0,0,0,0,0,0,0,0,0,0,0,0,0,0,0
2021,REG+POST,00-0036249,J.Okwara,Julian Okwara,12,OLB,LB,"https://static.www.nfl.com/image/upload/f_auto,q_auto/league/unrh4wz2bbaum89obafi",DET,18,15,3,9,6,3,1,5,28,9,1,9,2,0,0,0,0,1,6,0,3,24
2021,REG+POST,00-0036251,Z.Moss,Zack Moss,1,RB,RB,"https://static.www.nfl.com/image/upload/f_auto,q_auto/league/oxrltdgoquiabhihhgnk",NYJ,1,1,0,0,0,0,0,0,0,0,0,0,0,0,0,0,0,0,0,0,0,0
2021,REG+POST,00-0036252,M.Pittman,Michael Pittman,1,WR,WR,"https://static.www.nfl.com/image/private/f_auto,q_auto/league/wnymcombo2plamteihiy",TB,1,1,0,1,0,0,0,0,0,0,0,0,0,0,0,0,0,0,0,0,0,0
2021,REG+POST,00-0036253,J.Blackmon,Julian Blackmon,6,FS,DB,"https://static.www.nfl.com/image/upload/f_auto,q_auto/league/lvcl7raeo2tmzmmyf1pe",IND,25,25,0,6,2,4,1,0,0,0,0,0,1,0,0,0,0,0,0,0,0,0
2021,REG+POST,00-0036258,J.Jackson,Jonah Jackson,1,C,OL,"https://static.www.nfl.com/image/upload/f_auto,q_auto/league/wid0ipway5l4leswkfil",LA,1,1,0,0,0,0,0,0,0,0,0,0,0,0,0,0,0,0,0,0,0,0
2021,REG+POST,00-0036258,J.Jackson,Jonah Jackson,1,C,OL,"https://static.www.nfl.com/image/upload/f_auto,q_auto/league/wid0ipway5l4leswkfil",MIN,1,1,0,0,0,0,0,0,0,0,0,0,0,0,0,0,0,0,0,0,0,0
2021,REG+POST,00-0036259,J.Jennings,Jauan Jennings,1,WR,WR,"https://static.www.nfl.com/image/upload/f_auto,q_auto/league/fqyzagb57zrtegmw69eb",IND,1,1,0,0,0,0,0,0,0,0,0,0,0,0,0,0,0,0,0,0,0,0
2021,REG+POST,00-0036260,J.Kinlaw,Javon Kinlaw,3,DT,DL,"https://static.www.nfl.com/image/upload/f_auto,q_auto/league/a4qvry0uyfblvff2igi0",SF,1,1,0,7,0,0,0,0,0,1,0,0,0,0,0,0,0,0,0,0,0,0
2021,REG+POST,00-0036262,D.Hamilton,Davon Hamilton,15,DT,DL,"https://static.www.nfl.com/image/upload/f_auto,q_auto/league/qp0lntmasn8ffj003j9h",JAX,26,23,3,20,2,1,0,1,12,2,0,0,2,0,0,0,0,1,0,0,1,15
2021,REG+POST,00-0036266,J.Elliott,Jordan Elliott,12,DT,DL,"https://static.www.nfl.com/image/upload/f_auto,q_auto/league/haddl9vyyodpscuv8556",CLE,10,7,3,16,0,0,0,0.5,2,4,0,0,1,0,0,0,0,0,0,0,4,40
2021,REG+POST,00-0036268,L.Shenault,Laviska Shenault Jr.,1,WR,WR,"https://static.www.nfl.com/image/upload/f_auto,q_auto/league/o3cfpcor86ghjwyn8icp",DEN,1,1,0,0,0,0,0,0,0,0,0,0,0,0,0,0,0,0,0,0,0,0
2021,REG+POST,00-0036268,L.Shenault,Laviska Shenault Jr.,1,WR,WR,"https://static.www.nfl.com/image/upload/f_auto,q_auto/league/o3cfpcor86ghjwyn8icp",SEA,1,1,0,0,0,0,0,0,0,0,0,0,0,0,0,0,0,0,0,0,0,0
2021,REG+POST,00-0036271,Q.Watkins,Quez Watkins,1,WR,WR,"https://static.www.nfl.com/image/upload/f_auto,q_auto/league/oag0nknq48jo1qcon7k4",CAR,0,0,0,1,0,0,0,0,0,0,0,0,0,0,0,0,0,0,0,0,0,0
2021,REG+POST,00-0036271,Q.Watkins,Quez Watkins,1,WR,WR,"https://static.www.nfl.com/image/upload/f_auto,q_auto/league/oag0nknq48jo1qcon7k4",NYG,0,0,0,1,0,0,0,0,0,0,0,0,0,0,0,0,0,0,0,0,0,0
2021,REG+POST,00-0036271,Q.Watkins,Quez Watkins,1,WR,WR,"https://static.www.nfl.com/image/upload/f_auto,q_auto/league/oag0nknq48jo1qcon7k4",TB,1,1,0,0,0,0,0,0,0,0,0,0,0,0,0,0,0,0,0,0,0,0
2021,REG+POST,00-0036274,J.Okudah,Jeff Okudah,1,CB,DB,"https://static.www.nfl.com/image/upload/f_auto,q_auto/league/y2xrximb2dlexwgyrjxh",DET,3,3,0,1,0,0,0,0,0,0,0,0,1,0,0,0,0,0,0,0,0,0
2021,REG+POST,00-0036276,J.Phillips,Jacob Phillips,4,MLB,LB,"https://static.www.nfl.com/image/upload/f_auto,q_auto/league/ib2eokvsbggzyf9mjqsv",CLE,13,6,7,4,2,0,0,1,6,1,0,0,3,0,0,0,0,0,0,0,1,15
2021,REG+POST,00-0036280,M.Harrison,Malik Harrison,7,OLB,LB,"https://static.www.nfl.com/image/upload/f_auto,q_auto/league/ee7bygptv2xsx5zmbz5n",BAL,11,10,1,7,2,3,0,0,0,0,0,0,0,0,0,0,0,0,0,0,0,0
2021,REG+POST,00-0036281,C.Henderson,C.J. Henderson,10,CB,DB,"https://static.www.nfl.com/image/upload/f_auto,q_auto/league/tna89m19aol0bnfhugay",CAR,25,24,1,6,0,0,0,0,0,0,0,0,2,0,0,0,0,0,0,0,1,1
2021,REG+POST,00-0036281,C.Henderson,C.J. Henderson,2,CB,DB,"https://static.www.nfl.com/image/upload/f_auto,q_auto/league/tna89m19aol0bnfhugay",JAX,6,5,1,2,1,6,0,0,0,0,0,0,0,0,0,0,0,0,0,0,0,0
2021,REG+POST,00-0036282,G.Delpit,Grant Delpit,14,SS,DB,"https://static.www.nfl.com/image/upload/f_auto,q_auto/league/vfp5ffmtbfgobosxlxjj",CLE,42,38,4,19,3,5,1,1,7,1,1,5,3,0,0,0,0,0,0,0,1,15
2021,REG+POST,00-0036283,K.Robinson,Kenny Robinson,6,FS,DB,"https://static.www.nfl.com/image/private/f_auto,q_auto/league/a92bigr1l3xd9ycyjtss",CAR,10,8,2,4,0,0,0,0,0,0,0,0,0,0,0,0,0,0,0,0,0,0
2021,REG+POST,00-0036285,A.Terrell,A.J. Terrell,16,CB,DB,"https://static.www.nfl.com/image/private/f_auto,q_auto/league/mijlbfupcqxu8g7mmm4i",ATL,52,51,1,29,3,0,1,1,2,1,3,42,16,0,0,0,0,0,0,0,4,69
2021,REG+POST,00-0036286,K.Chaisson,K'Lavon Chaisson,13,OLB,LB,"https://static.www.nfl.com/image/upload/f_auto,q_auto/league/kjfiffxzngmxoqwylvrb",JAX,20,18,2,11,3,3,0,1,2,4,0,0,0,0,0,0,0,0,0,0,3,17
2021,REG+POST,00-0036287,N.Igbinoghene,Noah Igbinoghene,2,CB,DB,"https://static.www.nfl.com/image/upload/f_auto,q_auto/league/hyu05mp0m5bstdoi0wdx",MIA,4,4,0,0,0,0,0,0,0,0,0,0,0,0,0,0,0,0,0,0,1,10
2021,REG+POST,00-0036288,Y.Gross-Matos,Yetur Gross-Matos,12,OLB,LB,"https://static.www.nfl.com/image/upload/f_auto,q_auto/league/jfblyob1da4sgrig3yxp",CAR,18,15,3,10,5,5,1,3.5,20.5,4,0,0,1,0,0,0,0,0,0,0,1,5
2021,REG+POST,00-0036289,R.Blacklock,Ross Blacklock,12,DT,DL,"https://static.www.nfl.com/image/private/f_auto,q_auto/league/bhfz75verrtkscghgjjz",HOU,14,10,4,8,2,0,1,2,11,6,0,0,2,0,0,0,0,0,0,0,4,22
2021,REG+POST,00-0036290,C.Kmet,Cole Kmet,1,TE,TE,"https://static.www.nfl.com/image/upload/f_auto,q_auto/league/fdxpctcmwjupassg9g9d",ARI,1,1,0,0,0,0,0,0,0,0,0,0,0,0,0,0,0,0,0,0,0,0
2021,REG+POST,00-0036291,M.Davidson,Marlon Davidson,10,DT,DL,"https://static.www.nfl.com/image/upload/f_auto,q_auto/league/zxqpom7rcenoibhktkyh",ATL,12,11,1,9,1,0,0,1,8,1,1,3,1,1,0,0,0,1,0,0,1,1
2021,REG+POST,00-0036292,J.Johnson,Jaylon Johnson,15,CB,DB,"https://static.www.nfl.com/image/upload/f_auto,q_auto/league/ouyqfh584alvv72ss9om",CHI,37,33,4,9,1,0,1,0,0,0,1,3,9,0,0,0,0,0,0,0,4,44
2021,REG+POST,00-0036293,J.Chinn,Jeremy Chinn,16,FS,DB,"https://static.www.nfl.com/image/upload/f_auto,q_auto/league/gpnjvydi7tbdpgnj8qsu",CAR,74,69,5,32,6,7,1,1,7,5,1,0,5,0,0,0,0,1,18,0,2,10
2021,REG+POST,00-0036294,L.Wilson,Logan Wilson,17,ILB,LB,"https://static.www.nfl.com/image/upload/f_auto,q_auto/league/dihzee6aboahkl0keztd",CIN,81,70,11,56,9,11,1,1,2,2,5,31,7,0,0,0,0,0,0,0,1,4
2021,REG+POST,00-0036296,J.Zuniga,Jabari Zuniga,1,DE,DL,"https://static.www.nfl.com/image/private/f_auto,q_auto/league/kwwf0l0vd74wyxcnacwk",NYJ,1,1,0,2,0,0,1,1,8,1,0,0,0,0,0,0,0,0,0,0,0,0
2021,REG+POST,00-0036298,A.Davis-Gaither,Akeem Davis-Gaither,7,OLB,LB,"https://static.www.nfl.com/image/upload/f_auto,q_auto/league/x96f2dqigzscwplj024t",CIN,19,17,2,7,0,0,1,0,0,0,0,0,3,0,0,0,0,0,0,0,0,0
2021,REG+POST,00-0036300,M.Walker,Mykal Walker,11,ILB,LB,"https://static.www.nfl.com/image/upload/f_auto,q_auto/league/vqtkjvofluphrh6ft0c8",ATL,15,12,3,13,0,0,0,0,0,1,1,66,4,1,0,0,0,1,4,0,0,0
2021,REG+POST,00-0036302,J.Hawkins,Jaylinn Hawkins,11,FS,DB,"https://static.www.nfl.com/image/upload/f_auto,q_auto/league/mpa1edlpp8tnv8xdrhkz",ATL,11,10,1,8,1,3,0,0,0,0,2,11,3,0,0,0,0,0,0,0,2,15
2021,REG+POST,00-0036303,J.Scott,Josiah Scott,4,CB,DB,"https://static.www.nfl.com/image/private/f_auto,q_auto/league/nv4stfnpyttr3pc5pmc4",PHI,6,5,1,2,1,0,0,1,1,1,0,0,0,0,0,0,0,0,0,0,2,25
2021,REG+POST,00-0036304,J.Reid,John Reid,3,CB,DB,"https://static.www.nfl.com/image/private/f_auto,q_auto/league/sxc8vmfhrfish4e6nbtk",SEA,5,5,0,4,0,0,0,0,0,0,0,0,2,0,0,0,0,0,0,0,1,21
2021,REG+POST,00-0036305,T.Gipson,Trevis Gipson,15,OLB,LB,"https://static.www.nfl.com/image/upload/f_auto,q_auto/league/jh6pkhl4wymwqnp4lhnv",CHI,23,21,2,14,7,6,5,7,53.5,7,0,0,2,0,0,0,0,1,0,0,1,15
2021,REG+POST,00-0036306,D.Thomas,Daniel Thomas,5,SS,DB,"https://static.www.nfl.com/image/private/f_auto,q_auto/league/knizsywgcccuiizocjkw",JAX,16,14,2,8,0,0,0,0,0,0,0,0,0,0,0,0,0,0,0,0,0,0
2021,REG+POST,00-0036307,K.Vildor,Kindle Vildor,15,CB,DB,"https://static.www.nfl.com/image/upload/f_auto,q_auto/league/dpohdktdlsl1ywzmdzxq",CHI,32,29,3,13,1,0,0,1,7,1,0,0,4,0,0,0,0,0,0,0,3,53
2021,REG+POST,00-0036309,D.Mooney,Darnell Mooney,1,WR,WR,"https://static.www.nfl.com/image/upload/f_auto,q_auto/league/c1ixyspw0eshl3a2qrly",DET,1,1,0,0,0,0,0,0,0,0,0,0,0,0,0,0,0,0,0,0,0,0
2021,REG+POST,00-0036309,D.Mooney,Darnell Mooney,1,WR,WR,"https://static.www.nfl.com/image/upload/f_auto,q_auto/league/c1ixyspw0eshl3a2qrly",GB,1,1,0,0,0,0,0,0,0,0,0,0,0,0,0,0,0,0,0,0,0,0
2021,REG+POST,00-0036309,D.Mooney,Darnell Mooney,1,WR,WR,"https://static.www.nfl.com/image/upload/f_auto,q_auto/league/c1ixyspw0eshl3a2qrly",MIN,1,1,0,0,0,0,0,0,0,0,0,0,0,0,0,0,0,0,0,0,0,0
2021,REG+POST,00-0036309,D.Mooney,Darnell Mooney,1,WR,WR,"https://static.www.nfl.com/image/upload/f_auto,q_auto/league/c1ixyspw0eshl3a2qrly",SF,1,1,0,0,0,0,0,0,0,0,0,0,0,0,0,0,0,0,0,0,0,0
2021,REG+POST,00-0036309,D.Mooney,Darnell Mooney,1,WR,WR,"https://static.www.nfl.com/image/upload/f_auto,q_auto/league/c1ixyspw0eshl3a2qrly",TB,1,1,0,0,0,0,0,0,0,0,0,0,0,0,0,0,0,0,0,0,0,0
2021,REG+POST,00-0036311,B.Roy,Bravvion Roy,15,DT,DL,"https://static.www.nfl.com/image/private/f_auto,q_auto/league/yahohmgmpgysfvgrt9ef",CAR,13,6,7,17,1,1,0,0,0,2,0,0,2,0,0,0,0,0,0,0,2,20
2021,REG+POST,00-0036314,M.Bailey,Markus Bailey,11,ILB,LB,"https://static.www.nfl.com/image/upload/f_auto,q_auto/league/etenzo5wtbuoiz2z5tbb",CIN,21,17,4,19,0,0,0,0.5,4,1,0,0,3,0,0,0,0,0,0,0,0,0
2021,REG+POST,00-0036315,S.Thomas-Oliver,Stantley Thomas-Oliver,1,CB,DB,"https://static.www.nfl.com/image/private/f_auto,q_auto/league/yclgagxypre3gpqh4lth",CAR,0,0,0,1,0,0,0,0,0,0,0,0,0,0,0,0,0,0,0,0,0,0
2021,REG+POST,00-0036316,C.Claybrooks,Chris Claybrooks,7,CB,DB,"https://static.www.nfl.com/image/private/f_auto,q_auto/league/y2wxfrfy1aqxpmcwrcxg",JAX,13,12,1,9,0,0,0,0,0,0,0,0,2,0,0,0,0,0,0,0,2,18
2021,REG+POST,00-0036321,C.Young,Chase Young,9,DE,DL,"https://static.www.nfl.com/image/upload/f_auto,q_auto/league/lyc9qh7fequeo0lwvjhh",WAS,15,10,5,11,3,15,2,1.5,3.5,4,0,0,2,0,0,0,0,0,0,0,4,33
2021,REG+POST,00-0036323,P.Queen,Patrick Queen,17,ILB,LB,"https://static.www.nfl.com/image/upload/f_auto,q_auto/league/tj2gq3nboh0vj8v3oknk",BAL,68,61,7,30,10,25,1,2,19,3,0,0,1,0,0,0,0,1,0,0,1,15
2021,REG+POST,00-0036327,E.Cleveland,Ezra Cleveland,1,G,OL,"https://static.www.nfl.com/image/upload/f_auto,q_auto/league/ixo99zhnqnqgek8wnvbr",CHI,1,1,0,0,0,0,0,0,0,0,0,0,0,0,0,0,0,0,0,0,0,0
2021,REG+POST,00-0036327,E.Cleveland,Ezra Cleveland,1,G,OL,"https://static.www.nfl.com/image/upload/f_auto,q_auto/league/ixo99zhnqnqgek8wnvbr",SF,1,1,0,0,0,0,0,0,0,0,0,0,0,0,0,0,0,0,0,0,0,0
2021,REG+POST,00-0036328,A.Gibson,Antonio Gibson,1,RB,RB,"https://static.www.nfl.com/image/upload/f_auto,q_auto/league/hsjhpzgfdilf9cyrpeup",KC,1,1,0,0,0,0,0,0,0,0,0,0,0,0,0,0,0,0,0,0,0,0
2021,REG+POST,00-0036329,A.Davis,Ashtyn Davis,13,SS,DB,"https://static.www.nfl.com/image/upload/f_auto,q_auto/league/xbanhtslhiidu6nutxzc",NYJ,43,37,6,19,0,0,3,0.5,3,1,2,18,3,0,0,0,0,0,0,0,0,0
2021,REG+POST,00-0036330,C.Dantzler,Cameron Dantzler,11,CB,DB,"https://static.www.nfl.com/image/private/f_auto,q_auto/league/ax7tihgxm8xuubatynsy",MIN,44,41,3,8,0,0,1,0,0,0,1,0,8,0,0,0,0,0,0,0,1,7
2021,REG+POST,00-0036332,J.Deguara,Josiah Deguara,1,TE,TE,"https://static.www.nfl.com/image/upload/f_auto,q_auto/league/ppvzbuhwwaus50k2xyr2",DET,1,1,0,0,0,0,0,0,0,0,0,0,0,0,0,0,0,0,0,0,0,0
2021,REG+POST,00-0036333,A.Highsmith,Alex Highsmith,17,OLB,LB,"https://static.www.nfl.com/image/upload/f_auto,q_auto/league/pid301mbi8xc7jkg8c6q",PIT,48,39,9,29,16,25,1,7,45.5,16,0,0,0,0,0,0,0,0,0,0,5,45
2021,REG+POST,00-0036335,D.Wonnum,D.J. Wonnum,17,OLB,LB,"https://static.www.nfl.com/image/upload/f_auto,q_auto/league/mxgt283h5hzotgjgoryn",MIN,29,24,5,18,7,0,1,8,77,15,0,0,4,0,0,0,0,0,0,0,2,20
2021,REG+POST,00-0036337,J.Lynch,James Lynch,11,NT,DL,"https://static.www.nfl.com/image/upload/f_auto,q_auto/league/hnbjt7aqnjkyholqqu8f",MIN,18,15,3,12,2,1,0,1,8,1,0,0,0,0,0,0,0,1,0,0,2,20
2021,REG+POST,00-0036338,T.Dye,Troy Dye,2,ILB,LB,"https://static.www.nfl.com/image/upload/f_auto,q_auto/league/ulex6ncnpb7cmg7fobfi",MIN,3,3,0,6,0,0,0,0,0,0,0,0,0,0,0,0,0,0,0,0,0,0
2021,REG+POST,00-0036341,K.Kareem,Khalid Kareem,7,DE,DL,"https://static.www.nfl.com/image/upload/f_auto,q_auto/league/seh5ywz5jnxxuwqlsjko",CIN,7,5,2,5,1,1,1,0,0,2,0,0,0,0,0,0,0,1,4,0,2,20
2021,REG+POST,00-0036342,K.Ismael,Keith Ismael,1,C,OL,"https://static.www.nfl.com/image/upload/f_auto,q_auto/league/r2nyvq01hor2zkvcmgd5",DAL,0,0,0,1,0,0,0,0,0,0,0,0,0,0,0,0,0,0,0,0,0,0
2021,REG+POST,00-0036343,K.Hudson,Khaleke Hudson,3,ILB,LB,"https://static.www.nfl.com/image/upload/f_auto,q_auto/league/xlpsx6vmahvollkqjzcf",WAS,1,1,0,3,0,0,0,0,0,1,0,0,0,0,0,0,0,0,0,0,2,9
2021,REG+POST,00-0036344,H.Hand,Harrison Hand,1,CB,DB,"https://static.www.nfl.com/image/upload/f_auto,q_auto/league/s8d7x4ifytwdgwip6t5p",MIN,0,0,0,0,0,0,0,0,0,0,0,0,0,0,0,0,0,0,0,0,1,10
2021,REG+POST,00-0036345,K.Osborn,K.J. Osborn,1,WR,WR,"https://static.www.nfl.com/image/upload/f_auto,q_auto/league/sbz79g8kzinzebiwzauv",LA,1,1,0,0,0,0,0,0,0,0,0,0,0,0,0,0,0,0,0,0,0,0
2021,REG+POST,00-0036345,K.Osborn,K.J. Osborn,1,WR,WR,"https://static.www.nfl.com/image/upload/f_auto,q_auto/league/sbz79g8kzinzebiwzauv",PIT,1,1,0,0,0,0,0,0,0,0,0,0,0,0,0,0,0,0,0,0,0,0
2021,REG+POST,00-0036348,J.Metellus,Josh Metellus,4,SS,DB,"https://static.www.nfl.com/image/upload/f_auto,q_auto/league/wsxqgmbzst27b2amst6l",MIN,4,4,0,3,0,0,0,0,0,0,0,0,1,0,0,0,0,0,0,0,2,20
2021,REG+POST,00-0036349,K.Curl,Kamren Curl,16,SS,DB,"https://static.www.nfl.com/image/upload/f_auto,q_auto/league/oihhttjh3an2dn1ggdxh",WAS,61,56,5,37,2,0,0,1,5,3,0,0,5,0,0,0,0,1,0,0,2,34
2021,REG+POST,00-0036350,K.Willekes,Kenny Willekes,5,DE,DL,"https://static.www.nfl.com/image/private/f_auto,q_auto/league/yhxk5d6vg5nhbk3gpgo7",MIN,11,9,2,7,2,0,0,2.5,16.5,7,0,0,1,0,0,0,0,0,0,0,0,0
2021,REG+POST,00-0036351,J.Smith-Williams,James Smith-Williams,12,DE,DL,"https://static.www.nfl.com/image/upload/f_auto,q_auto/league/y7za6udwmac12c8hmvwh",WAS,10,8,2,17,4,7,0,2.5,13,5,0,0,1,0,0,0,0,0,0,0,1,5
2021,REG+POST,00-0036352,C.Davis,Carlos Davis,3,DT,DL,"https://static.www.nfl.com/image/private/f_auto,q_auto/league/joyiwnhaj36xygplruym",PIT,3,1,2,2,1,2,0,0,0,0,0,0,0,0,0,0,0,0,0,0,0,0
2021,REG+POST,00-0036355,J.Herbert,Justin Herbert,1,QB,QB,"https://static.www.nfl.com/image/upload/f_auto,q_auto/league/vvwim9hpgq1zs3bufmr0",CIN,1,1,0,0,0,0,0,0,0,0,0,0,0,0,0,0,0,0,0,0,0,0
2021,REG+POST,00-0036356,I.Simmons,Isaiah Simmons,18,MLB,LB,"https://static.www.nfl.com/image/upload/f_auto,q_auto/league/ea1ymycexcik2wfiimhw",ARI,69,64,5,35,4,7,4,1.5,6,4,1,0,7,0,0,0,0,0,0,0,3,45
2021,REG+POST,00-0036358,C.Lamb,CeeDee Lamb,1,WR,WR,"https://static.www.nfl.com/image/upload/f_auto,q_auto/league/tfuj9njqdw2dovkwhryc",NO,1,1,0,0,0,0,0,0,0,0,0,0,0,0,0,0,0,0,0,0,0,0
2021,REG+POST,00-0036358,C.Lamb,CeeDee Lamb,1,WR,WR,"https://static.www.nfl.com/image/upload/f_auto,q_auto/league/tfuj9njqdw2dovkwhryc",WAS,1,1,0,0,0,0,0,0,0,0,0,0,0,0,0,0,0,0,0,0,0,0
2021,REG+POST,00-0036359,D.Arnette,Damon Arnette,3,CB,DB,"https://static.www.nfl.com/image/private/f_auto,q_auto/league/yhabxnu9xxye4vpamg0e",LV,2,2,0,2,0,0,0,0,0,0,0,0,1,0,0,0,0,0,0,0,0,0
2021,REG+POST,00-0036361,T.Diggs,Trevon Diggs,17,CB,DB,"https://static.www.nfl.com/image/upload/f_auto,q_auto/league/a473plmxgavkmt23up8w",DAL,47,41,6,9,0,0,0,0,0,0,11,142,21,2,0,0,0,0,0,0,9,75
2021,REG+POST,00-0036362,W.Gay,Willie Gay,15,ILB,LB,"https://static.www.nfl.com/image/upload/f_auto,q_auto/league/ijgqwyeuc7umltdf9dao",KC,33,29,4,26,2,3,1,0.5,3.5,2,2,14,6,0,0,0,0,0,0,0,0,0
2021,REG+POST,00-0036365,B.Edwards,Bryan Edwards,1,WR,WR,"https://static.www.nfl.com/image/private/f_auto,q_auto/league/hgluubcedtu0vmxjxrcf",PHI,0,0,0,1,0,0,0,0,0,0,0,0,0,0,0,0,0,0,0,0,0,0
2021,REG+POST,00-0036366,N.Gallimore,Neville Gallimore,5,NT,DL,"https://static.www.nfl.com/image/upload/f_auto,q_auto/league/jjrzqppvoy8vbhiutdsb",DAL,6,4,2,10,3,2,0,1.5,11.5,2,0,0,0,0,0,0,0,0,0,0,1,5
2021,REG+POST,00-0036367,L.Niang,Lucas Niang,1,T,OL,"https://static.www.nfl.com/image/private/f_auto,q_auto/league/midi0zhyy6jcxafgsnsh",BUF,1,1,0,0,0,0,0,0,0,0,0,0,0,0,0,0,0,0,0,0,0,0
2021,REG+POST,00-0036367,L.Niang,Lucas Niang,1,T,OL,"https://static.www.nfl.com/image/private/f_auto,q_auto/league/midi0zhyy6jcxafgsnsh",NYG,1,1,0,0,0,0,0,0,0,0,0,0,0,0,0,0,0,0,0,0,0,0
2021,REG+POST,00-0036371,L.Fotu,Leki Fotu,14,NT,DL,"https://static.www.nfl.com/image/upload/f_auto,q_auto/league/wlccptpeprzujtvqf0w3",ARI,8,6,2,12,2,3,1,0,0,1,0,0,3,0,0,0,0,0,0,0,2,20
2021,REG+POST,00-0036373,R.Lawrence,Rashard Lawrence,7,NT,DL,"https://static.www.nfl.com/image/private/f_auto,q_auto/league/aqxkxovelybcyjqekr7d",ARI,7,7,0,5,0,0,0,0,0,0,0,0,0,0,0,0,0,0,0,0,1,5
2021,REG+POST,00-0036374,L.Sneed,L'Jarius Sneed,18,CB,DB,"https://static.www.nfl.com/image/upload/f_auto,q_auto/league/uq5qstdlfazpw0dmu6ee",KC,77,72,5,26,8,4,1,1,21,2,3,2,10,0,0,0,0,1,0,0,10,95
2021,REG+POST,00-0036375,A.Robertson,Amik Robertson,5,CB,DB,"https://static.www.nfl.com/image/upload/f_auto,q_auto/league/s1s05itajekmsto2zash",LV,14,11,3,4,0,0,0,0,0,0,0,0,0,0,0,0,0,0,0,0,2,24
2021,REG+POST,00-0036378,M.Danna,Michael Danna,16,DE,DL,"https://static.www.nfl.com/image/private/f_auto,q_auto/league/oiywq8es1rm2rjnpbouw",KC,14,12,2,15,4,0,2,4,17,13,0,0,1,0,0,0,0,0,0,0,0,0
2021,REG+POST,00-0036379,B.Anae,Bradlee Anae,4,DE,DL,"https://static.www.nfl.com/image/private/f_auto,q_auto/league/t9ur7k9cqwiq3opgu3mp",DAL,2,2,0,0,0,0,0,0,0,0,0,0,0,0,0,0,0,0,0,0,2,10
2021,REG+POST,00-0036380,A.Gilman,Alohi Gilman,11,SS,DB,"https://static.www.nfl.com/image/upload/f_auto,q_auto/league/art29msb8cif1rzoowih",LAC,26,23,3,10,0,0,0,0,0,0,1,0,1,0,0,0,0,0,0,0,1,15
2021,REG+POST,00-0036386,A.Thomas,Andrew Thomas,1,T,OL,"https://static.www.nfl.com/image/upload/f_auto,q_auto/league/pakiyq0n1c61gvd6vwd9",CHI,1,1,0,0,0,0,0,0,0,0,0,0,0,0,0,0,0,0,0,0,0,0
2021,REG+POST,00-0036386,A.Thomas,Andrew Thomas,1,T,OL,"https://static.www.nfl.com/image/upload/f_auto,q_auto/league/pakiyq0n1c61gvd6vwd9",DAL,1,1,0,0,0,0,0,0,0,0,0,0,0,0,0,0,0,0,0,0,0,0
2021,REG+POST,00-0036386,A.Thomas,Andrew Thomas,1,T,OL,"https://static.www.nfl.com/image/upload/f_auto,q_auto/league/pakiyq0n1c61gvd6vwd9",PHI,1,1,0,0,0,0,0,0,0,0,0,0,0,0,0,0,0,0,0,0,0,0
2021,REG+POST,00-0036387,J.Reagor,Jalen Reagor,1,WR,WR,"https://static.www.nfl.com/image/upload/f_auto,q_auto/league/myazqfr7pzfyofksuyet",DAL,1,1,0,0,0,0,0,0,0,0,0,0,0,0,0,0,0,0,0,0,0,0
2021,REG+POST,00-0036387,J.Reagor,Jalen Reagor,1,WR,WR,"https://static.www.nfl.com/image/upload/f_auto,q_auto/league/myazqfr7pzfyofksuyet",NYG,1,1,0,0,0,0,0,0,0,0,0,0,0,0,0,0,0,0,0,0,0,0
2021,REG+POST,00-0036387,J.Reagor,Jalen Reagor,1,WR,WR,"https://static.www.nfl.com/image/upload/f_auto,q_auto/league/myazqfr7pzfyofksuyet",WAS,1,1,0,0,0,0,0,0,0,0,0,0,0,0,0,0,0,0,0,0,0,0
2021,REG+POST,00-0036388,X.McKinney,Xavier McKinney,17,FS,DB,"https://static.www.nfl.com/image/upload/f_auto,q_auto/league/vvjc67dqz3mjghgkdr8v",NYG,59,54,5,34,1,0,0,0,0,0,5,64,10,1,0,0,0,0,0,0,1,8
2021,REG+POST,00-0036390,M.Ojemudia,Michael Ojemudia,1,CB,DB,"https://static.www.nfl.com/image/private/f_auto,q_auto/league/lsdacncg3llktpdnufiq",DEN,8,8,0,3,0,0,0,0,0,0,0,0,2,0,0,0,0,0,0,0,0,0
2021,REG+POST,00-0036393,D.Taylor,Davion Taylor,9,OLB,LB,"https://static.www.nfl.com/image/private/f_auto,q_auto/league/gppzwavl8lhckyfrfw18",PHI,24,23,1,15,1,0,2,0,0,0,0,0,0,0,0,0,0,0,0,0,0,0
2021,REG+POST,00-0036394,D.Holmes,Darnay Holmes,9,CB,DB,"https://static.www.nfl.com/image/upload/f_auto,q_auto/league/ge044dmlujcty4psoget",NYG,20,17,3,8,0,0,0,0,0,1,1,15,2,0,0,0,0,0,0,0,3,33
2021,REG+POST,00-0036395,K.Wallace,K'Von Wallace,4,FS,DB,"https://static.www.nfl.com/image/upload/f_auto,q_auto/league/ytpbcdbdwwlysnjj6uwb",PHI,11,9,2,3,0,0,0,0,0,0,0,0,0,0,0,0,0,0,0,0,1,15
2021,REG+POST,00-0036400,C.Brown,Cam Brown,1,MLB,LB,"https://static.www.nfl.com/image/upload/f_auto,q_auto/league/mghokahv3kzopupvgiwa",NYG,0,0,0,0,0,0,0,0,0,0,0,0,0,0,0,0,0,0,0,0,1,6
2021,REG+POST,00-0036401,S.Bradley,Shaun Bradley,4,ILB,LB,"https://static.www.nfl.com/image/private/f_auto,q_auto/league/occegf1e0klknrk466oz",PHI,11,9,2,4,0,0,0,0,0,0,0,0,1,0,0,0,0,0,0,0,0,0
2021,REG+POST,00-0036402,C.Coughlin,Carter Coughlin,2,MLB,LB,"https://static.www.nfl.com/image/upload/f_auto,q_auto/league/dqszbolhovpnjot6ik96",NYG,2,2,0,0,0,0,0,0,0,0,0,0,0,0,0,0,0,0,0,0,0,0
2021,REG+POST,00-0036403,C.Toohill,Casey Toohill,13,DE,DL,"https://static.www.nfl.com/image/upload/f_auto,q_auto/league/coyl0v90radu8roiklzo",WAS,11,9,2,11,1,0,0,1,0,6,0,0,1,0,0,0,0,0,0,0,1,13
2021,REG+POST,00-0036405,C.Williamson,Chris Williamson,2,CB,DB,"https://static.www.nfl.com/image/private/f_auto,q_auto/league/yq8ail7bozqqz8xhna8e",ATL,4,4,0,1,0,0,0,0,0,0,0,0,0,0,0,0,0,0,0,0,0,0
2021,REG+POST,00-0036406,T.Wirfs,Tristan Wirfs,1,T,OL,"https://static.www.nfl.com/image/upload/f_auto,q_auto/league/u3cdeldl9ofkt4zw4bbv",NO,1,1,0,0,0,0,0,0,0,0,0,0,0,0,0,0,0,0,0,0,0,0
2021,REG+POST,00-0036409,J.Brooks,Jordyn Brooks,17,ILB,LB,"https://static.www.nfl.com/image/upload/f_auto,q_auto/league/yabkueqp2iy9gsvqmjcq",SEA,108,82,26,75,10,12,0,1,7,3,0,0,5,0,0,0,0,1,5,0,2,20
2021,REG+POST,00-0036410,T.Higgins,Tee Higgins,1,WR,WR,"https://static.www.nfl.com/image/upload/f_auto,q_auto/league/swqgkrdmjecz3vumrex5",CHI,2,2,0,0,0,0,0,0,0,0,0,0,0,0,0,0,0,0,0,0,0,0
2021,REG+POST,00-0036410,T.Higgins,Tee Higgins,1,WR,WR,"https://static.www.nfl.com/image/upload/f_auto,q_auto/league/swqgkrdmjecz3vumrex5",LV,1,1,0,0,0,0,0,0,0,0,0,0,0,0,0,0,0,0,0,0,0,0
2021,REG+POST,00-0036411,A.Winfield,Antoine Winfield,15,FS,DB,"https://static.www.nfl.com/image/upload/f_auto,q_auto/league/ljw68n2jwngfvfzjozr5",TB,73,68,5,29,5,9,3,3,13,5,2,30,6,0,0,0,0,4,9,0,0,0
2021,REG+POST,00-0036413,D.Taylor,Darrell Taylor,14,DE,DL,"https://static.www.nfl.com/image/upload/f_auto,q_auto/league/jwqkgt11sltsuc8ryccu",SEA,25,20,5,7,7,5,1,6.5,40,13,0,0,1,0,0,0,0,0,0,0,3,25
2021,REG+POST,00-0036414,C.Akers,Cam Akers,1,RB,RB,"https://static.www.nfl.com/image/upload/f_auto,q_auto/league/dutj0wamu7giwghnmr4m",TB,1,1,0,0,0,0,0,0,0,0,0,0,0,0,0,0,0,0,0,0,0,0
2021,REG+POST,00-0036415,V.Jefferson,Van Jefferson,1,WR,WR,"https://static.www.nfl.com/image/upload/f_auto,q_auto/league/v2vkt9htky3xawu8yskx",MIN,1,1,0,0,0,0,0,0,0,0,0,0,0,0,0,0,0,0,0,0,0,0
2021,REG+POST,00-0036416,K.Fulton,Kristian Fulton,14,CB,DB,"https://static.www.nfl.com/image/upload/f_auto,q_auto/league/pcucmujvuzuhnyqucply",TEN,34,33,1,12,0,0,0,0,0,0,2,13,14,0,0,0,0,0,0,0,4,54
2021,REG+POST,00-0036418,Z.Baun,Zack Baun,7,OLB,LB,"https://static.www.nfl.com/image/upload/f_auto,q_auto/league/a5af4wko6icpw9gemzk5",NO,16,16,0,6,0,0,0,0,0,2,0,0,0,0,0,0,0,0,0,0,2,25
2021,REG+POST,00-0036419,T.Lewis,Terrell Lewis,11,OLB,LB,"https://static.www.nfl.com/image/upload/f_auto,q_auto/league/jczlfxv3zqmvm6mjb03i",LA,15,13,2,7,4,3,1,3,24,3,0,0,1,0,0,0,0,0,0,0,4,30
2021,REG+POST,00-0036420,M.Agim,McTelvin Agim,4,DT,DL,"https://static.www.nfl.com/image/upload/f_auto,q_auto/league/rvttw0dofuy7plihfp0w",DEN,2,2,0,2,1,0,0,1.5,7,3,0,0,1,0,0,0,0,0,0,0,1,15
2021,REG+POST,00-0036421,T.Burgess,Terrell Burgess,6,FS,DB,"https://static.www.nfl.com/image/private/f_auto,q_auto/league/ji0yjrufnzfbor9w4z8y",LA,8,7,1,7,0,0,0,0,0,0,0,0,0,0,0,0,0,0,0,0,0,0
2021,REG+POST,00-0036422,A.Trautman,Adam Trautman,1,TE,TE,"https://static.www.nfl.com/image/upload/f_auto,q_auto/league/qvqigum2qjhil0z3er2c",PHI,1,1,0,0,0,0,0,0,0,0,0,0,0,0,0,0,0,0,0,0,0,0
2021,REG+POST,00-0036426,A.Robinson,Alton Robinson,13,DE,DL,"https://static.www.nfl.com/image/private/f_auto,q_auto/league/ikmscezcmj4qxxhreeea",SEA,13,6,7,9,5,8,1,1,12,3,0,0,1,0,0,0,0,0,0,0,3,14
2021,REG+POST,00-0036427,T.Johnson,Tyler Johnson,1,WR,WR,"https://static.www.nfl.com/image/upload/f_auto,q_auto/league/vktiajeyqc8s9s6mjws7",NYG,1,1,0,0,0,0,0,0,0,0,0,0,0,0,0,0,0,0,0,0,0,0
2021,REG+POST,00-0036428,J.Strnad,Justin Strnad,9,ILB,LB,"https://static.www.nfl.com/image/upload/f_auto,q_auto/league/stbosgbam9spl9ig7kiq",DEN,19,17,2,13,0,0,0,0,0,1,0,0,0,0,0,0,0,0,0,0,1,10
2021,REG+POST,00-0036431,J.Fuller,Jordan Fuller,16,FS,DB,"https://static.www.nfl.com/image/upload/f_auto,q_auto/league/bkiajklnlq0drvpzde78",LA,63,58,5,50,1,1,0,0,0,0,1,34,4,0,0,0,0,0,0,0,0,0
2021,REG+POST,00-0036432,C.Johnston,Clay Johnston,3,OLB,LB,"https://static.www.nfl.com/image/private/f_auto,q_auto/league/l1wwpqwhrzbfn5zhvwdp",CAR,2,1,1,4,0,0,0,0,0,0,0,0,0,0,0,0,0,0,0,0,2,8
2021,REG+POST,00-0036432,C.Johnston,Clay Johnston,1,OLB,LB,"https://static.www.nfl.com/image/private/f_auto,q_auto/league/l1wwpqwhrzbfn5zhvwdp",CIN,5,5,0,6,0,0,0,0,0,0,0,0,0,0,0,0,0,0,0,0,0,0
2021,REG+POST,00-0036434,C.Russell,Chapelle Russell,4,ILB,LB,"https://static.www.nfl.com/image/private/f_auto,q_auto/league/pfyuzzqgwzbsfef0t35o",JAX,8,7,1,6,0,0,0,0,0,0,0,0,0,0,0,0,0,0,0,0,0,0
2021,REG+POST,00-0036440,D.Tuszka,Derrek Tuszka,10,OLB,LB,"https://static.www.nfl.com/image/private/f_auto,q_auto/league/wiwut7roauqr83n1vrxp",PIT,8,7,1,9,2,4,1,2,13,2,0,0,0,0,0,0,0,0,0,0,0,0
2021,REG+POST,00-0036441,K.Murray,Kenneth Murray,8,ILB,LB,"https://static.www.nfl.com/image/upload/f_auto,q_auto/league/fqxxaft8jb0zttyzuekn",LAC,17,14,3,14,2,5,0,0,0,0,0,0,0,0,0,0,0,0,0,0,4,35
2021,REG+POST,00-0036442,J.Burrow,Joe Burrow,1,QB,QB,"https://static.www.nfl.com/image/private/f_auto,q_auto/league/jzzqz5ubkilrn9dpxtlp",GB,1,1,0,0,0,0,0,0,0,0,0,0,0,0,0,0,0,0,0,0,0,0
2021,REG+POST,00-0036442,J.Burrow,Joe Burrow,1,QB,QB,"https://static.www.nfl.com/image/private/f_auto,q_auto/league/jzzqz5ubkilrn9dpxtlp",NYJ,1,1,0,0,0,0,0,0,0,0,0,0,0,0,0,0,0,0,0,0,0,0
2021,REG+POST,00-0036456,D.Dafney,Dominique Dafney,1,TE,TE,"https://static.www.nfl.com/image/private/f_auto,q_auto/league/iualxf5bff0nuttmxkut",GB,0,0,0,0,0,0,0,0,0,0,0,0,0,0,0,0,0,0,0,0,1,5
2021,REG+POST,00-0036465,A.Patrick,Aaron Patrick,4,OLB,LB,"https://static.www.nfl.com/image/private/f_auto,q_auto/league/zndyiadhgmlahjfpgptq",DEN,3,1,2,0,0,0,0,0,0,0,0,0,0,0,0,0,0,0,0,0,1,2
2021,REG+POST,00-0036479,K.Paye,Kwity Paye,14,DE,DL,"https://static.www.nfl.com/image/upload/f_auto,q_auto/league/fcvpxtgqkimjwjsjcpwq",IND,16,12,4,16,3,3,1,4,23,10,0,0,1,0,0,0,0,2,0,0,0,0
2021,REG+POST,00-0036480,D.Odeyingbo,Dayo Odeyingbo,6,DE,DL,"https://static.www.nfl.com/image/upload/f_auto,q_auto/league/adsbcrdwnspjtsncl5y2",IND,5,3,2,1,0,0,1,0.5,0,1,0,0,0,0,0,0,0,0,0,0,0,0
2021,REG+POST,00-0036500,J.Sherwood,Jamien Sherwood,5,ILB,LB,"https://static.www.nfl.com/image/upload/f_auto,q_auto/league/zlyaovcx4efymsjlpjus",NYJ,7,7,0,6,0,0,0,0,0,0,0,0,0,0,0,0,0,0,0,0,1,4
2021,REG+POST,00-0036501,M.Carter,Michael Carter,15,CB,DB,"https://static.www.nfl.com/image/private/f_auto,q_auto/league/admwfoo0pgl2z2zvqcp2",NYJ,44,37,7,27,4,7,0,1,5,2,0,0,5,0,0,0,0,2,0,0,1,10
2021,REG+POST,00-0036502,J.Pinnock,Jason Pinnock,5,SS,DB,"https://static.www.nfl.com/image/upload/f_auto,q_auto/league/on29awacb9frijyggtgt",NYJ,8,8,0,5,0,0,2,0,0,0,0,0,1,0,0,0,0,0,0,0,1,5
2021,REG+POST,00-0036503,H.Nasirildeen,Hamsah Nasirildeen,3,ILB,LB,"https://static.www.nfl.com/image/private/f_auto,q_auto/league/xkhotfznjsn7jteoxp0g",NYJ,0,0,0,5,0,0,0,0,0,0,0,0,0,0,0,0,0,0,0,0,1,2
2021,REG+POST,00-0036504,B.Echols,Brandin Echols,14,CB,DB,"https://static.www.nfl.com/image/upload/f_auto,q_auto/league/g5fplq0rrij8pw6hkffb",NYJ,50,46,4,13,2,2,0,0,0,0,2,50,9,1,0,0,0,0,0,0,4,66
2021,REG+POST,00-0036505,J.Marshall,Jonathan Marshall,2,DT,DL,"https://static.www.nfl.com/image/upload/f_auto,q_auto/league/fmnaxfzos1obbpplxbsv",NYJ,1,1,0,1,0,0,0,0,0,1,0,0,0,0,0,0,0,0,0,0,1,5
2021,REG+POST,00-0036506,I.Dunn,Isaiah Dunn,3,CB,DB,"https://static.www.nfl.com/image/private/f_auto,q_auto/league/k6jkdnic8t9ong0v6mle",NYJ,7,7,0,0,0,0,0,0,0,0,0,0,2,0,0,0,0,0,0,0,0,0
2021,REG+POST,00-0036507,M.Dwumfour,Michael Dwumfour,3,DT,DL,"https://static.www.nfl.com/image/upload/f_auto,q_auto/league/wkqtw6zplyww0chin1s9",HOU,3,2,1,2,2,3,0,0.5,4,3,0,0,0,0,0,0,0,0,0,0,0,0
2021,REG+POST,00-0036517,H.Rashed,Hamilcar Rashed,1,DE,DL,"https://static.www.nfl.com/image/private/f_auto,q_auto/league/blfsydswt1fg26qdgigw",NYJ,0,0,0,1,0,0,0,0,0,0,0,0,0,0,0,0,0,0,0,0,0,0
2021,REG+POST,00-0036530,M.Gilbert,Mark Gilbert,1,CB,DB,"https://static.www.nfl.com/image/private/f_auto,q_auto/league/keudtdkoghssq5iyuzib",DET,2,2,0,1,0,0,1,0,0,0,0,0,1,0,0,0,0,0,0,0,0,0
2021,REG+POST,00-0036537,J.Bronson,Josiah Bronson,1,DT,DL,"https://static.www.nfl.com/image/upload/f_auto,q_auto/league/c92xhixvzkoszdipbjxf",CLE,1,0,1,0,0,0,0,0,0,0,0,0,0,0,0,0,0,0,0,0,0,0
2021,REG+POST,00-0036537,J.Bronson,Josiah Bronson,4,DT,DL,"https://static.www.nfl.com/image/upload/f_auto,q_auto/league/c92xhixvzkoszdipbjxf",NO,7,5,2,4,1,2,0,0,0,1,0,0,0,0,0,0,0,0,0,0,0,0
2021,REG+POST,00-0036552,A.Ojulari,Azeez Ojulari,17,DE,DL,"https://static.www.nfl.com/image/upload/f_auto,q_auto/league/ti7us5ij02gaysnn726t",NYG,29,28,1,20,8,5,1,8,53,13,0,0,2,0,0,0,0,0,0,0,2,30
2021,REG+POST,00-0036553,C.Basham,Carlos Basham,10,OLB,LB,"https://static.www.nfl.com/image/upload/f_auto,q_auto/league/stlyey1t2lotlwldzprf",BUF,16,12,4,8,5,3,0,3.5,28,4,0,0,0,0,0,0,0,0,0,0,0,0
2021,REG+POST,00-0036554,N.Collins,Nico Collins,1,WR,WR,"https://static.www.nfl.com/image/upload/f_auto,q_auto/league/q7c9aq8rpremfygslmya",IND,1,1,0,0,0,0,0,0,0,0,0,0,0,0,0,0,0,0,0,0,0,0
2021,REG+POST,00-0036555,C.Hubbard,Chuba Hubbard,1,RB,RB,"https://static.www.nfl.com/image/upload/f_auto,q_auto/league/oyis5zooijf0xfme9csj",NO,1,1,0,0,0,0,0,0,0,0,0,0,0,0,0,0,0,0,0,0,0,0
2021,REG+POST,00-0036556,B.Jordan,Brevin Jordan,1,TE,TE,"https://static.www.nfl.com/image/upload/f_auto,q_auto/league/sw6kge0me7ei8opbvfjq",SF,0,0,0,1,0,0,0,0,0,0,0,0,0,0,0,0,0,0,0,0,0,0
2021,REG+POST,00-0036558,D.Nixon,Daviyon Nixon,6,DT,DL,"https://static.www.nfl.com/image/private/f_auto,q_auto/league/cnqhpb8cuqfiladbnj0l",CAR,1,1,0,8,0,0,0,0.5,5,2,0,0,0,0,0,0,0,0,0,0,1,15
2021,REG+POST,00-0036559,S.Wade,Shaun Wade,1,CB,DB,"https://static.www.nfl.com/image/upload/f_auto,q_auto/league/zk3pwwjf6sbjixdiwjj3",NE,0,0,0,1,0,0,0,0,0,0,0,0,0,0,0,0,0,0,0,0,0,0
2021,REG+POST,00-0036561,K.Taylor,Keith Taylor,10,CB,DB,"https://static.www.nfl.com/image/upload/f_auto,q_auto/league/rz4iqts9nnuktkhczpah",CAR,30,28,2,7,1,0,1,0,0,0,0,0,3,0,0,0,0,0,0,0,3,28
2021,REG+POST,00-0036563,D.Lenoir,Deommodore Lenoir,5,CB,DB,"https://static.www.nfl.com/image/upload/f_auto,q_auto/league/p3i2vathgbtmnomt3eip",SF,10,9,1,3,1,0,0,0,0,0,0,0,2,0,0,0,0,0,0,0,3,41
2021,REG+POST,00-0036564,T.Hufanga,Talanoa Hufanga,12,SS,DB,"https://static.www.nfl.com/image/upload/f_auto,q_auto/league/pjr0tv1cmklqerjjoapa",SF,23,19,4,8,1,2,0,0,0,1,0,0,2,0,0,0,0,0,0,0,1,10
2021,REG+POST,00-0036568,R.Lopez,Roy Lopez,12,NT,DL,"https://static.www.nfl.com/image/upload/f_auto,q_auto/league/ecpsgos6q9s9dri3hogs",HOU,20,18,2,11,5,4,0,1,2,2,0,0,0,0,0,0,0,1,0,0,0,0
2021,REG+POST,00-0036570,R.Williams,Rodarius Williams,1,CB,DB,"https://static.www.nfl.com/image/private/f_auto,q_auto/league/jiidr0m42cdrywl4raqn",NYG,1,1,0,0,0,0,0,0,0,0,0,0,0,0,0,0,0,0,0,0,1,2
2021,REG+POST,00-0036572,S.Smith,Shi Smith,1,WR,WR,"https://static.www.nfl.com/image/private/f_auto,q_auto/league/e08lbk8pl2oxbwxi86ib",TB,1,1,0,0,0,0,0,0,0,0,0,0,0,0,0,0,0,0,0,0,0,0
2021,REG+POST,00-0036573,R.Wildgoose,Rachad Wildgoose,1,CB,DB,"https://static.www.nfl.com/image/private/f_auto,q_auto/league/twbtomejclwqvwjwrfx6",NYJ,0,0,0,1,0,0,0,0,0,0,0,0,0,0,0,0,0,0,0,0,0,0
2021,REG+POST,00-0036576,P.Hoskins,Phil Hoskins,3,DT,DL,"https://static.www.nfl.com/image/upload/f_auto,q_auto/league/ffwoibyhadqfki62ftyw",CAR,3,3,0,1,1,0,0,1,8,1,0,0,0,0,0,0,0,0,0,0,1,15
2021,REG+POST,00-0036611,R.Johnson,Raymond Johnson,4,DE,DL,"https://static.www.nfl.com/image/private/f_auto,q_auto/league/qcmwspi2zhcrxct1txdh",NYG,3,2,1,1,1,0,0,1,10,1,0,0,0,0,0,0,0,0,0,0,0,0
2021,REG+POST,00-0036613,J.Waddle,Jaylen Waddle,1,WR,WR,"https://static.www.nfl.com/image/private/f_auto,q_auto/league/qjsz2h6shbdnksctzeka",ATL,1,1,0,0,0,0,0,0,0,0,0,0,0,0,0,0,0,0,0,0,0,0
2021,REG+POST,00-0036613,J.Waddle,Jaylen Waddle,1,WR,WR,"https://static.www.nfl.com/image/private/f_auto,q_auto/league/qjsz2h6shbdnksctzeka",HOU,1,1,0,0,0,0,0,0,0,0,0,0,0,0,0,0,0,0,0,0,0,0
2021,REG+POST,00-0036613,J.Waddle,Jaylen Waddle,1,WR,WR,"https://static.www.nfl.com/image/private/f_auto,q_auto/league/qjsz2h6shbdnksctzeka",NYJ,1,1,0,0,0,0,0,0,0,0,0,0,0,0,0,0,0,0,0,0,0,0
2021,REG+POST,00-0036613,J.Waddle,Jaylen Waddle,1,WR,WR,"https://static.www.nfl.com/image/private/f_auto,q_auto/league/qjsz2h6shbdnksctzeka",TB,1,1,0,0,0,0,0,0,0,0,0,0,0,0,0,0,0,0,0,0,0,0
2021,REG+POST,00-0036614,J.Davis,Jamin Davis,16,OLB,LB,"https://static.www.nfl.com/image/upload/f_auto,q_auto/league/z1vxzvg3u8qrt6tiwhga",WAS,48,40,8,28,3,3,0,1,2,2,0,0,1,0,0,0,0,0,0,0,1,15
2021,REG+POST,00-0036615,C.Farley,Caleb Farley,3,CB,DB,"https://static.www.nfl.com/image/upload/f_auto,q_auto/league/tf3zbqnwrdquu2gnswzg",TEN,4,4,0,0,0,0,0,0,0,0,0,0,1,0,0,0,0,0,0,0,2,6
2021,REG+POST,00-0036617,A.Samuel,Asante Samuel,12,CB,DB,"https://static.www.nfl.com/image/private/f_auto,q_auto/league/hrnnoumk2vtrx9yhqs6n",LAC,33,31,2,10,1,0,0,0,0,0,2,26,11,0,0,0,0,0,0,0,4,109
2021,REG+POST,00-0036619,D.Radunz,Dillon Radunz,1,T,OL,"https://static.www.nfl.com/image/upload/f_auto,q_auto/league/tfmsc9jipbzj66mfrbl6",KC,1,1,0,0,0,0,0,0,0,0,0,0,0,0,0,0,0,0,0,0,0,0
2021,REG+POST,00-0036621,N.Bolton,Nick Bolton,19,ILB,LB,"https://static.www.nfl.com/image/upload/f_auto,q_auto/league/ystbhd2gmugyrwvrh7ms",KC,80,66,14,50,12,18,0,0,0,3,0,0,3,1,0,0,0,1,86,0,0,0
2021,REG+POST,00-0036622,J.Myers,Josh Myers,1,C,OL,"https://static.www.nfl.com/image/upload/f_auto,q_auto/league/qy9bh2ybwsujmpz3orsb",NO,1,1,0,0,0,0,0,0,0,0,0,0,0,0,0,0,0,0,0,0,0,0
2021,REG+POST,00-0036623,C.Humphrey,Creed Humphrey,1,C,OL,"https://static.www.nfl.com/image/upload/f_auto,q_auto/league/ewfq7platfniohj5wycu",PHI,1,1,0,0,0,0,0,0,0,0,0,0,0,0,0,0,0,0,0,0,0,0
2021,REG+POST,00-0036624,A.McNeill,Alim McNeill,16,DT,DL,"https://static.www.nfl.com/image/upload/f_auto,q_auto/league/f3ytkvudrfwmaclberk9",DET,15,11,4,24,3,3,0,2,8,3,0,0,1,0,0,0,0,0,0,0,0,0
2021,REG+POST,00-0036625,B.St-Juste,Benjamin St-Juste,7,CB,DB,"https://static.www.nfl.com/image/upload/f_auto,q_auto/league/vdgtpnhmwjqdlegth3l9",WAS,20,20,0,6,1,1,0,0,0,0,0,0,3,0,0,0,0,0,0,0,2,30
2021,REG+POST,00-0036627,D.Fitzpatrick,Dez Fitzpatrick,1,WR,WR,"https://static.www.nfl.com/image/upload/f_auto,q_auto/league/xmxepri7gjhhu6wbvsnm",HOU,1,1,0,0,0,0,0,0,0,0,0,0,0,0,0,0,0,0,0,0,0,0
2021,REG+POST,00-0036628,J.Bates,John Bates,1,TE,TE,"https://static.www.nfl.com/image/upload/f_auto,q_auto/league/edpnkleev10rpzfgjakv",LV,1,0,1,0,0,0,0,0,0,0,0,0,0,0,0,0,0,0,0,0,0,0
2021,REG+POST,00-0036628,J.Bates,John Bates,1,TE,TE,"https://static.www.nfl.com/image/upload/f_auto,q_auto/league/edpnkleev10rpzfgjakv",SEA,1,1,0,0,0,0,0,0,0,0,0,0,0,0,0,0,0,0,0,0,0,0
2021,REG+POST,00-0036629,C.Bynum,Camryn Bynum,6,FS,DB,"https://static.www.nfl.com/image/upload/f_auto,q_auto/league/zhej6yhknmhqxvhzimww",MIN,16,16,0,8,1,0,0,1,9,1,1,27,3,0,0,0,0,0,0,0,1,5
2021,REG+POST,00-0036633,C.Sterns,Caden Sterns,11,SS,DB,"https://static.www.nfl.com/image/upload/f_auto,q_auto/league/odecof54t2dtdbtcg35w",DEN,19,19,0,5,2,0,0,2,12,2,2,47,5,0,0,0,0,0,0,0,1,8
2021,REG+POST,00-0036638,D.Forrest,Darrick Forrest,2,FS,DB,"https://static.www.nfl.com/image/upload/f_auto,q_auto/league/ijb1sex103isef6mitki",WAS,1,1,0,2,0,0,0,0,0,1,0,0,0,0,0,0,0,0,0,0,0,0
2021,REG+POST,00-0036641,R.LeCounte,Richard LeCounte,2,FS,DB,"https://static.www.nfl.com/image/private/f_auto,q_auto/league/h23r0gukt8wgzkfe8ooe",CLE,2,2,0,0,0,0,0,0,0,0,0,0,0,0,0,0,0,0,0,0,0,0
2021,REG+POST,00-0036642,T.Slaton,Tedarrell Slaton,14,DT,DL,"https://static.www.nfl.com/image/private/f_auto,q_auto/league/a2xoezbu6p8rg0dfl7fz",GB,15,13,2,9,1,2,0,1,4.5,2,0,0,0,0,0,0,0,0,0,0,0,0
2021,REG+POST,00-0036643,K.Britt,K.J. Britt,3,ILB,LB,"https://static.www.nfl.com/image/upload/f_auto,q_auto/league/gr65w5dpj6ghciuqqbgu",TB,5,5,0,2,1,0,0,0,0,1,0,0,1,0,0,0,0,0,0,0,0,0
2021,REG+POST,00-0036645,S.Jean-Charles,Shemar Jean-Charles,2,CB,DB,"https://static.www.nfl.com/image/upload/f_auto,q_auto/league/e3h2aavzqlsl2qf4n8gk",GB,2,2,0,0,0,0,0,0,0,0,0,0,0,0,0,0,0,0,0,0,0,0
2021,REG+POST,00-0036648,N.Niemann,Nick Niemann,4,ILB,LB,"https://static.www.nfl.com/image/upload/f_auto,q_auto/league/sc7lt8n8cyjth703yrdv",LAC,5,5,0,3,0,0,0,0,0,0,1,0,1,0,0,0,0,0,0,0,0,0
2021,REG+POST,00-0036649,Q.Bohanna,Quinton Bohanna,7,DT,DL,"https://static.www.nfl.com/image/upload/f_auto,q_auto/league/yyzl2sz3aytfrwt669ew",DAL,3,3,0,7,0,0,0,0,0,0,0,0,0,0,0,0,0,0,0,0,0,0
2021,REG+POST,00-0036652,R.McMath,Racey McMath,1,WR,WR,"https://static.www.nfl.com/image/upload/f_auto,q_auto/league/la1xkdczi8xr1exdwnvh",PIT,1,1,0,0,0,0,0,0,0,0,0,0,0,0,0,0,0,0,0,0,0,0
2021,REG+POST,00-0036652,R.McMath,Racey McMath,1,WR,WR,"https://static.www.nfl.com/image/upload/f_auto,q_auto/league/la1xkdczi8xr1exdwnvh",TEN,0,0,0,0,0,0,0,0,0,0,0,0,0,0,0,0,0,0,0,0,1,10
2021,REG+POST,00-0036656,B.Breeze,Brady Breeze,1,FS,DB,"https://static.www.nfl.com/image/upload/f_auto,q_auto/league/khhvwilxglcemmakatgc",DET,3,3,0,0,0,0,0,0,0,0,0,0,0,0,0,0,0,0,0,0,0,0
2021,REG+POST,00-0036660,T.Smith,Trey Smith,1,G,OL,"https://static.www.nfl.com/image/private/f_auto,q_auto/league/gkonw504ovpjytykv80c",LAC,1,1,0,0,0,0,0,0,0,0,0,0,0,0,0,0,0,0,0,0,0,0
2021,REG+POST,00-0036660,T.Smith,Trey Smith,1,G,OL,"https://static.www.nfl.com/image/private/f_auto,q_auto/league/gkonw504ovpjytykv80c",PIT,1,1,0,0,0,0,0,0,0,0,0,0,0,0,0,0,0,0,0,0,0,0
2021,REG+POST,00-0036662,K.Vincent,Kary Vincent,1,CB,DB,,PHI,2,2,0,0,0,0,0,0,0,0,0,0,0,0,0,0,0,0,0,0,1,10
2021,REG+POST,00-0036664,W.Bradley-King,William Bradley-King,2,DE,DL,"https://static.www.nfl.com/image/upload/f_auto,q_auto/league/twnmwxwnx4tk8bwvhmdz",WAS,0,0,0,5,0,0,0,0.5,3,1,0,0,0,0,0,0,0,0,0,0,0,0
2021,REG+POST,00-0036665,M.Webb,Mark Webb,2,FS,DB,"https://static.www.nfl.com/image/private/f_auto,q_auto/league/x7xi4osjtpuvgr8yfomd",LAC,2,2,0,0,0,0,0,0,0,0,0,0,0,0,0,0,0,0,0,0,0,0
2021,REG+POST,00-0036666,S.Toney,Shaka Toney,3,DE,DL,"https://static.www.nfl.com/image/private/f_auto,q_auto/league/evf5ko42ckcuosa4yaiu",WAS,2,2,0,5,1,0,0,1.5,12.5,3,0,0,0,0,0,0,0,0,0,0,0,0
2021,REG+POST,00-0036668,M.Spencer,Marquiss Spencer,1,DE,DL,"https://static.www.nfl.com/image/private/f_auto,q_auto/league/qfjfrl5ocvouhlbwcz6o",DEN,0,0,0,1,0,0,0,0,0,0,0,0,0,0,0,0,0,0,0,0,0,0
2021,REG+POST,00-0036669,K.Hill,Kylin Hill,1,RB,RB,"https://static.www.nfl.com/image/private/f_auto,q_auto/league/kqcnlnwoumzvotkzu841",GB,0,0,0,0,0,0,0,0,0,0,0,0,0,0,0,0,0,0,0,0,1,15
2021,REG+POST,00-0036672,G.Stuard,Grant Stuard,4,MLB,LB,"https://static.www.nfl.com/image/upload/f_auto,q_auto/league/yjlbdvr9fdzl60qccq0q",TB,1,1,0,3,0,0,0,0,0,0,0,0,0,0,0,0,0,0,0,0,1,15
2021,REG+POST,00-0036677,Z.Anderson,Zayne Anderson,1,FS,DB,"https://static.www.nfl.com/image/upload/f_auto,q_auto/league/og8toa4bqadw8o1qyuxq",KC,0,0,0,0,0,0,0,0,0,0,0,0,0,0,0,0,0,0,0,0,1,15
2021,REG+POST,00-0036678,D.Bootle,Dicaprio Bootle,1,CB,DB,"https://static.www.nfl.com/image/upload/f_auto,q_auto/league/px3jesc8o4lw6fy0bhc7",KC,5,5,0,2,0,0,0,0,0,0,0,0,0,0,0,0,0,0,0,0,0,0
2021,REG+POST,00-0036688,K.Thomas,Kiondre Thomas,1,CB,DB,"https://static.www.nfl.com/image/private/f_auto,q_auto/league/h80lqrskrkgwzb4i37zu",LAC,0,0,0,0,0,0,0,0,0,0,0,0,0,0,0,0,0,0,0,0,1,6
2021,REG+POST,00-0036689,M.Wilson,Marvin Wilson,1,DT,DL,"https://static.www.nfl.com/image/private/f_auto,q_auto/league/mhncj9h5uhnukc7szrqf",PHI,1,1,0,2,0,0,0,0,0,0,0,0,0,0,0,0,0,0,0,0,0,0
2021,REG+POST,00-0036695,N.Jones,Naquan Jones,12,DT,DL,"https://static.www.nfl.com/image/upload/f_auto,q_auto/league/lxqini9ufcxz1teq7ztu",TEN,18,12,6,13,4,4,0,3,18.5,5,0,0,2,0,0,0,0,0,0,0,1,5
2021,REG+POST,00-0036700,D.Archibong,Daniel Archibong,1,DT,DL,,PIT,0,0,0,2,0,0,0,0,0,0,0,0,0,0,0,0,0,0,0,0,0,0
2021,REG+POST,00-0036704,C.Johnson,Caleb Johnson,1,ILB,LB,"https://static.www.nfl.com/image/upload/f_auto,q_auto/league/arvvjlny6wyyizxv0wxt",CHI,0,0,0,1,0,0,0,0,0,0,0,0,0,0,0,0,0,0,0,0,0,0
2021,REG+POST,00-0036705,S.Kamara,Sam Kamara,6,OLB,LB,"https://static.www.nfl.com/image/private/f_auto,q_auto/league/aakuha494hvtrja3dwjn",CHI,5,5,0,3,1,3,0,0,0,0,0,0,1,0,0,0,0,0,0,0,0,0
2021,REG+POST,00-0036716,A.Ogbongbemiga,Amen Ogbongbemiga,7,ILB,LB,"https://static.www.nfl.com/image/upload/f_auto,q_auto/league/ku8hafkvbxcxwxddutoc",LAC,13,11,2,8,2,2,0,1,9,2,0,0,0,0,0,0,0,0,0,0,0,0
2021,REG+POST,00-0036724,M.McCain,Mac McCain,1,CB,DB,"https://static.www.nfl.com/image/private/f_auto,q_auto/league/mn17vthfjxrekwuqnkim",PHI,1,0,1,1,0,0,0,0,0,0,0,0,0,0,0,0,0,0,0,0,0,0
2021,REG+POST,00-0036725,A.Mintze,Andre Mintze,3,OLB,LB,"https://static.www.nfl.com/image/private/f_auto,q_auto/league/h0c6k1ppnhf6qqonxdex",DEN,2,1,1,2,0,0,0,0,0,0,0,0,0,0,0,0,0,0,0,0,0,0
2021,REG+POST,00-0036728,C.Robinson,Curtis Robinson,2,ILB,LB,"https://static.www.nfl.com/image/upload/f_auto,q_auto/league/qnimdelngghyldkcqc5n",DEN,2,2,0,3,0,0,0,0,0,1,0,0,0,0,0,0,0,0,0,0,0,0
2021,REG+POST,00-0036748,J.Jacobs,Jerry Jacobs,9,CB,DB,"https://static.www.nfl.com/image/private/f_auto,q_auto/league/dlseignrp0sx5zj94h6y",DET,27,24,3,4,3,2,1,0,0,1,0,0,7,0,0,0,0,0,0,0,2,57
2021,REG+POST,00-0036752,A.Parker,A.J. Parker,13,CB,DB,"https://static.www.nfl.com/image/private/f_auto,q_auto/league/tsgua6lcqdb7nobidicc",DET,39,36,3,11,1,2,1,0,0,0,1,0,7,0,0,0,0,0,0,0,2,35
2021,REG+POST,00-0036754,B.Wright,Brock Wright,1,TE,TE,"https://static.www.nfl.com/image/upload/f_auto,q_auto/league/irowew9hgqaa9vcd8fri",DEN,1,1,0,0,0,0,0,0,0,0,0,0,0,0,0,0,0,0,0,0,0,0
2021,REG+POST,00-0036764,T.Coyle,Tyler Coyle,1,FS,DB,"https://static.www.nfl.com/image/upload/f_auto,q_auto/league/zfyeuweep6mlurihoygz",DAL,1,0,1,1,0,0,0,0,0,0,0,0,0,0,0,0,0,0,0,0,0,0
2021,REG+POST,00-0036767,A.Faoliu,Austin Faoliu,1,DT,DL,"https://static.www.nfl.com/image/private/f_auto,q_auto/league/yiunfanktxfm6gowcldw",DAL,2,2,0,0,0,0,0,0,0,0,0,0,0,0,0,0,0,0,0,0,0,0
2021,REG+POST,00-0036780,F.Merrill,Forrest Merrill,4,DT,DL,"https://static.www.nfl.com/image/private/f_auto,q_auto/league/ovgwpbknwsjcsz4cju55",LAC,2,2,0,2,0,0,0,0,0,0,0,0,0,0,0,0,0,0,0,0,2,10
2021,REG+POST,00-0036788,J.Heflin,Jack Heflin,1,DT,DL,"https://static.www.nfl.com/image/upload/f_auto,q_auto/league/fpbxakmvdtvwmxmu6rl4",GB,0,0,0,1,0,0,0,0,0,0,0,0,0,0,0,0,0,0,0,0,0,0
2021,REG+POST,00-0036795,J.Curhan,Jake Curhan,1,T,OL,"https://static.www.nfl.com/image/upload/f_auto,q_auto/league/mfndhxwkreluq3z57nxl",ARI,1,1,0,0,0,0,0,0,0,0,0,0,0,0,0,0,0,0,0,0,0,0
2021,REG+POST,00-0036795,J.Curhan,Jake Curhan,1,T,OL,"https://static.www.nfl.com/image/upload/f_auto,q_auto/league/mfndhxwkreluq3z57nxl",SF,1,1,0,0,0,0,0,0,0,0,0,0,0,0,0,0,0,0,0,0,0,0
2021,REG+POST,00-0036799,J.Johnson,Josh Johnson,1,RB,RB,"https://static.www.nfl.com/image/private/f_auto,q_auto/league/y0ewkkqqt9ufs3q49yuo",SEA,0,0,0,0,0,0,0,0,0,0,0,0,0,0,0,0,0,0,0,0,1,10
2021,REG+POST,00-0036802,J.Rhattigan,Jon Rhattigan,1,ILB,LB,"https://static.www.nfl.com/image/upload/f_auto,q_auto/league/phypzfhrgawxakpuswo4",SEA,0,0,0,0,0,0,0,0,0,0,0,0,0,0,0,0,0,0,0,0,1,10
2021,REG+POST,00-0036813,C.Elliss,Christian Elliss,1,ILB,LB,"https://static.www.nfl.com/image/upload/f_auto,q_auto/league/glfyookel29qpl2ksyuv",PHI,2,2,0,1,0,0,0,0,0,0,0,0,0,0,0,0,0,0,0,0,0,0
2021,REG+POST,00-0036825,F.Franks,Feleipe Franks,1,TE,TE,"https://static.www.nfl.com/image/upload/f_auto,q_auto/league/ylaifrye1yyefjfqknma",ATL,0,0,0,0,0,0,0,0,0,0,0,0,0,0,0,0,0,0,0,0,1,10
2021,REG+POST,00-0036843,I.Loudermilk,Isaiahh Loudermilk,14,DE,DL,"https://static.www.nfl.com/image/upload/f_auto,q_auto/league/pba4pz874vn5eh9eacz1",PIT,17,13,4,9,0,0,0,1,0,0,0,0,3,0,0,0,0,0,0,0,0,0
2021,REG+POST,00-0036844,G.Wallow,Garret Wallow,5,OLB,LB,"https://static.www.nfl.com/image/upload/f_auto,q_auto/league/jf7xnestp0wmq0lbezxs",HOU,13,11,2,7,2,3,0,1,1,1,0,0,0,0,0,0,0,0,0,0,0,0
2021,REG+POST,00-0036845,Q.Roche,Quincy Roche,12,OLB,LB,"https://static.www.nfl.com/image/private/f_auto,q_auto/league/u4t89yjzxq2kk8fnm0pa",NYG,21,13,8,14,5,6,1,2.5,22,5,0,0,0,0,0,0,0,0,0,0,0,0
2021,REG+POST,00-0036846,T.Norwood,Tre Norwood,16,FS,DB,"https://static.www.nfl.com/image/private/f_auto,q_auto/league/lwvtn8weuxsdabsm5hlf",PIT,30,25,5,7,2,2,0,0,0,0,1,0,6,0,0,0,0,0,0,0,1,15
2021,REG+POST,00-0036850,C.Sample,Cam Sample,10,DE,DL,"https://static.www.nfl.com/image/private/f_auto,q_auto/league/kvkvhvbvcebjkevxjdhd",CIN,10,6,4,5,1,0,0,1.5,11,5,0,0,0,0,0,0,0,0,0,0,1,15
2021,REG+POST,00-0036851,T.Shelvin,Tyler Shelvin,1,NT,DL,"https://static.www.nfl.com/image/private/f_auto,q_auto/league/bjwzgh4z3kiogmdk7sb3",CIN,1,1,0,3,0,0,0,0,0,0,0,0,0,0,0,0,0,0,0,0,0,0
2021,REG+POST,00-0036853,T.Gillespie,Tyree Gillespie,1,SS,DB,"https://static.www.nfl.com/image/private/f_auto,q_auto/league/qlzgpagydfo4lqzgtazz",LV,0,0,0,2,0,0,0,0,0,0,0,0,0,0,0,0,0,0,0,0,0,0
2021,REG+POST,00-0036862,B.Skowronek,Ben Skowronek,1,WR,WR,"https://static.www.nfl.com/image/upload/f_auto,q_auto/league/piiqiz29g3jukdwkihw3",CIN,1,1,0,0,0,0,0,0,0,0,0,0,0,0,0,0,0,0,0,0,0,0
2021,REG+POST,00-0036862,B.Skowronek,Ben Skowronek,2,WR,WR,"https://static.www.nfl.com/image/upload/f_auto,q_auto/league/piiqiz29g3jukdwkihw3",LA,1,1,0,0,0,0,0,0,0,0,0,0,0,0,0,0,0,0,0,0,1,10
2021,REG+POST,00-0036862,B.Skowronek,Ben Skowronek,1,WR,WR,"https://static.www.nfl.com/image/upload/f_auto,q_auto/league/piiqiz29g3jukdwkihw3",SF,1,1,0,0,0,0,0,0,0,0,0,0,0,0,0,0,0,0,0,0,0,0
2021,REG+POST,00-0036867,C.Rumph,Chris Rumph,8,DE,DL,"https://static.www.nfl.com/image/private/f_auto,q_auto/league/slxpcfx13kwpdoxrnjic",LAC,7,5,2,7,2,3,0,1,5,3,0,0,0,0,0,0,0,0,0,0,2,30
2021,REG+POST,00-0036871,N.Hobbs,Nate Hobbs,16,CB,DB,"https://static.www.nfl.com/image/upload/f_auto,q_auto/league/rdt5ir3qaznnx7o4vkcu",LV,52,49,3,24,3,4,1,1,6,4,1,9,4,0,0,0,0,0,0,0,4,48
2021,REG+POST,00-0036874,P.Surtain,Patrick Surtain,15,CB,DB,"https://static.www.nfl.com/image/upload/f_auto,q_auto/league/c2aej9togglsytzzagno",DEN,45,45,0,13,1,0,0,0,0,0,4,70,14,1,0,0,0,0,0,0,2,41
2021,REG+POST,00-0036881,J.Tufele,Jay Tufele,2,DT,DL,"https://static.www.nfl.com/image/upload/f_auto,q_auto/league/zs3mefncmvhlo0amwb3u",JAX,1,1,0,1,0,0,0,0,0,0,0,0,0,0,0,0,0,0,0,0,0,0
2021,REG+POST,00-0036882,J.Cox,Jabril Cox,1,ILB,LB,"https://static.www.nfl.com/image/private/f_auto,q_auto/league/ige3g4uhygy4v2w34xja",DAL,1,0,1,0,0,0,0,0,0,0,0,0,0,0,0,0,0,0,0,0,0,0
2021,REG+POST,00-0036883,T.Togiai,Tommy Togiai,6,DT,DL,"https://static.www.nfl.com/image/upload/f_auto,q_auto/league/zkmw84sgznjizmkzwy6b",CLE,9,7,2,7,0,0,0,0.5,0,1,0,0,1,0,0,0,0,0,0,0,1,5
2021,REG+POST,00-0036884,M.Wilson,Marco Wilson,15,CB,DB,"https://static.www.nfl.com/image/upload/f_auto,q_auto/league/wu3tnzlteklzvreqel4m",ARI,40,36,4,9,1,1,2,0,0,0,0,0,4,0,0,0,0,0,0,0,6,79
2021,REG+POST,00-0036885,T.Brown,Tre Brown,5,CB,DB,"https://static.www.nfl.com/image/upload/f_auto,q_auto/league/dpemqrrweakt8dci3qfb",SEA,9,8,1,1,0,0,0,0,0,0,0,0,1,0,0,0,0,0,0,0,1,14
2021,REG+POST,00-0036888,D.Hamlin,Damar Hamlin,4,SS,DB,"https://static.www.nfl.com/image/upload/f_auto,q_auto/league/cwvlj0eutfveomf4zica",BUF,2,1,1,0,0,0,0,0,0,0,0,0,2,0,0,0,0,0,0,0,0,0
2021,REG+POST,00-0036892,A.Leatherwood,Alex Leatherwood,1,T,OL,"https://static.www.nfl.com/image/upload/f_auto,q_auto/league/w2dbhl6mojkv5h8zb00t",PHI,0,0,0,1,0,0,0,0,0,0,0,0,0,0,0,0,0,0,0,0,0,0
2021,REG+POST,00-0036893,N.Harris,Najee Harris,2,RB,RB,"https://static.www.nfl.com/image/upload/f_auto,q_auto/league/pdyv1dfyb1w0tmvnkp3v",CIN,2,2,0,0,0,0,0,0,0,0,0,0,0,0,0,0,0,0,0,0,0,0
2021,REG+POST,00-0036893,N.Harris,Najee Harris,1,RB,RB,"https://static.www.nfl.com/image/upload/f_auto,q_auto/league/pdyv1dfyb1w0tmvnkp3v",MIN,1,1,0,0,0,0,0,0,0,0,0,0,0,0,0,0,0,0,0,0,0,0
2021,REG+POST,00-0036894,P.Freiermuth,Pat Freiermuth,1,TE,TE,"https://static.www.nfl.com/image/upload/f_auto,q_auto/league/sozfjyy3bmntjv8tmqah",CLE,1,1,0,0,0,0,0,0,0,0,0,0,0,0,0,0,0,0,0,0,0,0
2021,REG+POST,00-0036895,E.Smith,Elerson Smith,3,OLB,LB,"https://static.www.nfl.com/image/upload/f_auto,q_auto/league/kgilw8ty3eiv8qknp8p3",NYG,1,1,0,3,0,0,0,0,0,2,0,0,0,0,0,0,0,0,0,0,0,0
2021,REG+POST,00-0036896,V.Dimukeje,Victor Dimukeje,1,OLB,LB,"https://static.www.nfl.com/image/upload/f_auto,q_auto/league/otvxet3jxe3ldzsrnwi0",ARI,0,0,0,1,0,0,0,0,0,1,0,0,0,0,0,0,0,0,0,0,0,0
2021,REG+POST,00-0036897,T.Gowan,Tay Gowan,1,CB,DB,"https://static.www.nfl.com/image/upload/f_auto,q_auto/league/qptgakt1zwusrcerbgrt",PHI,0,0,0,1,0,0,0,0,0,0,0,0,0,0,0,0,0,0,0,0,0,0
2021,REG+POST,00-0036899,A.Robinson,Aaron Robinson,6,CB,DB,"https://static.www.nfl.com/image/private/f_auto,q_auto/league/dblt920y18bisodimwdl",NYG,16,14,2,10,0,0,0,0,0,1,0,0,3,0,0,0,0,0,0,0,0,0
2021,REG+POST,00-0036900,J.Chase,Ja'Marr Chase,1,WR,WR,"https://static.www.nfl.com/image/upload/f_auto,q_auto/league/qkcb3qt2fhasfgtfuprd",DET,1,1,0,0,0,0,0,0,0,0,0,0,0,0,0,0,0,0,0,0,0,0
2021,REG+POST,00-0036900,J.Chase,Ja'Marr Chase,1,WR,WR,"https://static.www.nfl.com/image/upload/f_auto,q_auto/league/qkcb3qt2fhasfgtfuprd",KC,1,1,0,0,0,0,0,0,0,0,0,0,0,0,0,0,0,0,0,0,0,0
2021,REG+POST,00-0036900,J.Chase,Ja'Marr Chase,1,WR,WR,"https://static.www.nfl.com/image/upload/f_auto,q_auto/league/qkcb3qt2fhasfgtfuprd",LAC,1,1,0,0,0,0,0,0,0,0,0,0,0,0,0,0,0,0,0,0,0,0
2021,REG+POST,00-0036900,J.Chase,Ja'Marr Chase,1,WR,WR,"https://static.www.nfl.com/image/upload/f_auto,q_auto/league/qkcb3qt2fhasfgtfuprd",PIT,0,0,0,1,0,0,0,0,0,0,0,0,0,0,0,0,0,0,0,0,0,0
2021,REG+POST,00-0036901,E.Stokes,Eric Stokes,17,CB,DB,"https://static.www.nfl.com/image/upload/f_auto,q_auto/league/vdw6tmpv3eleigwreo3g",GB,46,42,4,13,0,0,0,0,0,0,1,0,14,0,0,0,0,0,0,0,3,45
2021,REG+POST,00-0036903,B.Brown,Bobby Brown,1,NT,DL,"https://static.www.nfl.com/image/private/f_auto,q_auto/league/k1kihk7iz8jelu8s36pk",LA,0,0,0,1,0,0,0,0,0,0,0,0,0,0,0,0,0,0,0,0,0,0
2021,REG+POST,00-0036904,R.Rochell,Robert Rochell,7,CB,DB,"https://static.www.nfl.com/image/upload/f_auto,q_auto/league/oqn1nnmeqppzkymivtfe",LA,11,10,1,3,0,0,0,0,0,0,1,1,4,0,0,0,0,0,0,0,1,47
2021,REG+POST,00-0036906,K.Herbert,Khalil Herbert,1,RB,RB,"https://static.www.nfl.com/image/upload/f_auto,q_auto/league/rz6zmdluhpsaylbvmpgr",MIN,1,1,0,0,0,0,0,0,0,0,0,0,0,0,0,0,0,0,0,0,0,0
2021,REG+POST,00-0036908,T.Graham,Thomas Graham Jr.,3,CB,DB,"https://static.www.nfl.com/image/upload/f_auto,q_auto/league/cus86hixtsycdpsqrviz",CHI,5,5,0,6,1,0,0,0,0,0,0,0,4,0,0,0,0,0,0,0,0,0
2021,REG+POST,00-0036909,K.Tonga,Khyiris Tonga,10,NT,DL,"https://static.www.nfl.com/image/upload/f_auto,q_auto/league/kwionvlsxfz0vja0wmqg",CHI,10,10,0,14,1,1,0,0,0,0,0,0,0,0,0,0,0,1,0,0,2,23
2021,REG+POST,00-0036912,D.Smith,DeVonta Smith,1,WR,WR,"https://static.www.nfl.com/image/upload/f_auto,q_auto/league/bmdflwy52nsk7zpnfhwb",DEN,1,1,0,0,0,0,0,0,0,0,0,0,0,0,0,0,0,0,0,0,0,0
2021,REG+POST,00-0036912,D.Smith,DeVonta Smith,1,WR,WR,"https://static.www.nfl.com/image/upload/f_auto,q_auto/league/bmdflwy52nsk7zpnfhwb",NYG,1,1,0,0,0,0,1,0,0,0,0,0,0,0,0,0,0,0,0,0,0,0
2021,REG+POST,00-0036914,G.Rousseau,Gregory Rousseau,18,DE,DL,"https://static.www.nfl.com/image/upload/f_auto,q_auto/league/br77inyaslxmg9u3lnjq",BUF,44,37,7,9,8,9,1,4,12,10,1,3,4,0,0,0,0,0,0,0,0,0
2021,REG+POST,00-0036915,J.Owusu-Koramoah,Jeremiah Owusu-Koramoah,14,OLB,LB,"https://static.www.nfl.com/image/private/f_auto,q_auto/league/evmul3yfbefvmy1tc1ns",CLE,48,42,6,26,3,2,2,1.5,7.5,4,0,0,4,0,0,0,0,0,0,0,1,5
2021,REG+POST,00-0036916,M.Williams,Milton Williams,17,DT,DL,"https://static.www.nfl.com/image/upload/f_auto,q_auto/league/yvjs2olyyux0zse52c3g",PHI,18,16,2,16,7,11,0,2,14,6,0,0,2,0,0,0,0,0,0,0,3,15
2021,REG+POST,00-0036917,Z.McPhearson,Zech McPhearson,6,CB,DB,"https://static.www.nfl.com/image/private/f_auto,q_auto/league/ih4tfn9t1fujcyiw9a83",PHI,5,5,0,7,0,0,0,0,0,0,0,0,1,0,0,0,0,0,0,0,2,20
2021,REG+POST,00-0036918,J.Harris,Jacob Harris,1,WR,WR,"https://static.www.nfl.com/image/upload/f_auto,q_auto/league/hqfvp6k11llxeostdvey",LA,0,0,0,0,0,0,0,0,0,0,0,0,0,0,0,0,0,0,0,0,1,10
2021,REG+POST,00-0036920,M.Tuipulotu,Marlon Tuipulotu,3,DT,DL,"https://static.www.nfl.com/image/upload/f_auto,q_auto/league/ywiulwavrfvslnrvy576",PHI,1,1,0,4,0,0,0,0,0,0,0,0,0,0,0,0,0,0,0,0,0,0
2021,REG+POST,00-0036921,T.Jackson,Tarron Jackson,13,OLB,LB,"https://static.www.nfl.com/image/upload/f_auto,q_auto/league/pnqrjp76bgpkmacxma3r",PHI,12,12,0,6,2,6,1,1,6,1,0,0,0,0,0,0,0,0,0,0,1,5
2021,REG+POST,00-0036922,P.Johnson,Patrick Johnson,5,OLB,LB,"https://static.www.nfl.com/image/upload/f_auto,q_auto/league/ciunmgsmdq70x59njvcw",PHI,7,6,1,5,1,0,0,0,0,0,0,0,0,0,0,0,0,0,0,0,0,0
2021,REG+POST,00-0036924,M.Carter,Michael Carter,1,RB,RB,"https://static.www.nfl.com/image/upload/f_auto,q_auto/league/wylipaunq6cueyj8h1in",ATL,0,0,0,1,0,0,0,0,0,0,0,0,0,0,0,0,0,0,0,0,0,0
2021,REG+POST,00-0036925,J.Stevens,JaCoby Stevens,1,LB,LB,"https://static.www.nfl.com/image/private/f_auto,q_auto/league/gortk2qygtzwzkd5y2jc",PHI,0,0,0,1,0,0,0,0,0,0,0,0,0,0,0,0,0,0,0,0,0,0
2021,REG+POST,00-0036926,P.Turner,Payton Turner,4,DE,DL,"https://static.www.nfl.com/image/upload/f_auto,q_auto/league/npz8kz981g5hthx5x60y",NO,9,8,1,3,3,3,0,1,4,3,0,0,0,0,0,0,0,0,0,0,2,19
2021,REG+POST,00-0036927,P.Werner,Pete Werner,13,ILB,LB,"https://static.www.nfl.com/image/upload/f_auto,q_auto/league/ch1d6yfkg9r6frvo0afu",NO,36,30,6,23,4,4,0,0,0,1,0,0,0,0,0,0,0,0,0,0,1,15
2021,REG+POST,00-0036932,M.Parsons,Micah Parsons,17,DE,DL,"https://static.www.nfl.com/image/upload/f_auto,q_auto/league/hqoqx0waptpv7cxzk3hi",DAL,67,61,6,26,21,20,3,13,119.5,30,0,0,3,0,0,0,0,0,0,0,4,40
2021,REG+POST,00-0036933,Z.Collins,Zaven Collins,12,OLB,LB,"https://static.www.nfl.com/image/upload/f_auto,q_auto/league/ucdftq4owwejdg5pueqb",ARI,13,11,2,13,1,1,0,0,0,0,0,0,3,0,0,0,0,0,0,0,0,0
2021,REG+POST,00-0036934,J.Phillips,Jaelan Phillips,16,OLB,LB,"https://static.www.nfl.com/image/upload/f_auto,q_auto/league/sftrx2swh0gwzqmxiaag",MIA,23,20,3,19,9,3,0,8.5,71.5,16,0,0,1,0,0,0,0,1,0,0,4,42
2021,REG+POST,00-0036935,K.Joseph,Kelvin Joseph,5,CB,DB,"https://static.www.nfl.com/image/upload/f_auto,q_auto/league/mdrpjtcjzd8gfzuwuy8r",DAL,12,12,0,2,1,0,0,0,0,0,0,0,2,0,0,0,0,0,0,0,2,10
2021,REG+POST,00-0036936,R.Moore,Rondale Moore,1,WR,WR,"https://static.www.nfl.com/image/upload/f_auto,q_auto/league/ddru8er2z0riwukro25l",CAR,1,1,0,0,0,0,0,0,0,0,0,0,0,0,0,0,0,0,0,0,0,0
2021,REG+POST,00-0036937,P.Adebo,Paulson Adebo,16,CB,DB,"https://static.www.nfl.com/image/private/f_auto,q_auto/league/goeor3guwv2wismzidtg",NO,54,50,4,9,4,5,0,0,0,0,3,50,8,0,0,0,0,0,0,0,6,76
2021,REG+POST,00-0036938,R.Weaver,Rashad Weaver,1,OLB,LB,"https://static.www.nfl.com/image/upload/f_auto,q_auto/league/ajgc0hedreowx0dqqgmo",TEN,0,0,0,2,0,0,0,0,0,0,0,0,0,0,0,0,0,0,0,0,0,0
2021,REG+POST,00-0036940,O.Oweh,Odafe Oweh,13,OLB,LB,"https://static.www.nfl.com/image/upload/f_auto,q_auto/league/gbmze8wfzqj5z2tqrkmq",BAL,23,18,5,10,5,3,3,5,25,15,0,0,1,0,0,0,0,2,0,0,4,20
2021,REG+POST,00-0036941,A.Cisco,Andre Cisco,8,SS,DB,"https://static.www.nfl.com/image/upload/f_auto,q_auto/league/kjm0rjlbsazqj8p4gmza",JAX,17,16,1,4,0,0,1,0,0,0,0,0,2,0,0,0,0,0,0,0,0,0
2021,REG+POST,00-0036942,O.Odighizuwa,Osa Odighizuwa,17,DT,DL,"https://static.www.nfl.com/image/upload/f_auto,q_auto/league/mjesuvn9knbi0ipwdqhp",DAL,24,18,6,17,6,7,0,2,20,12,0,0,0,0,0,0,0,0,0,0,3,25
2021,REG+POST,00-0036944,J.Horn,Jaycee Horn,3,CB,DB,"https://static.www.nfl.com/image/upload/f_auto,q_auto/league/he4jyriixknmswats7qe",CAR,3,3,0,2,0,0,0,0,0,0,1,13,1,0,0,0,0,0,0,0,0,0
2021,REG+POST,00-0036948,T.Graham,Ta'Quon Graham,10,DE,DL,"https://static.www.nfl.com/image/upload/f_auto,q_auto/league/guxpxgrm0ulryqybspna",ATL,8,7,1,7,2,5,0,0,0,2,0,0,0,0,0,0,0,0,0,0,0,0
2021,REG+POST,00-0036949,A.Ogundeji,Adetokunbo Ogundeji,13,OLB,LB,"https://static.www.nfl.com/image/private/f_auto,q_auto/league/jrauxzb1zr7msoctlyfc",ATL,18,17,1,14,5,4,0,1,9,2,0,0,1,0,0,0,0,1,0,0,1,15
2021,REG+POST,00-0036950,A.Williams,Avery Williams,7,RB,RB,"https://static.www.nfl.com/image/upload/f_auto,q_auto/league/gdmc7wmuqw6wc7cgxwck",ATL,8,5,3,7,0,0,0,0,0,3,0,0,1,0,0,0,0,0,0,0,0,0
2021,REG+POST,00-0036952,J.Cooper,Jonathon Cooper,12,OLB,LB,"https://static.www.nfl.com/image/upload/f_auto,q_auto/league/cpwk5snqdjqcboak5qsm",DEN,22,18,4,15,4,1,0,2.5,22,7,0,0,0,0,0,0,0,1,0,0,0,0
2021,REG+POST,00-0036954,L.Onwuzurike,Levi Onwuzurike,15,DE,DL,"https://static.www.nfl.com/image/upload/f_auto,q_auto/league/o1kkk3mjilnxfwdjx0kb",DET,15,11,4,20,2,1,0,1,7,1,0,0,2,0,0,0,0,0,0,0,0,0
2021,REG+POST,00-0036956,D.Hall,Darren Hall,10,FS,DB,"https://static.www.nfl.com/image/upload/f_auto,q_auto/league/vfvt7wwefjno5jxxiem8",ATL,19,19,0,6,2,0,0,1,7,1,0,0,3,0,0,0,0,0,0,0,0,0
2021,REG+POST,00-0036961,R.Grant,Richie Grant,10,SS,DB,"https://static.www.nfl.com/image/upload/f_auto,q_auto/league/szeswtvt6jmbu3so3phd",ATL,23,18,5,6,2,1,1,0,0,0,0,0,2,0,0,0,0,0,0,0,0,0
2021,REG+POST,00-0036962,T.Moehrig,Trevon Moehrig,18,FS,DB,"https://static.www.nfl.com/image/upload/f_auto,q_auto/league/jv9en559shxazmdb8r8w",LV,34,33,1,19,0,0,0,0,0,0,1,35,6,0,0,0,0,0,0,0,0,0
2021,REG+POST,00-0036963,A.St. Brown,Amon-Ra St. Brown,1,WR,WR,"https://static.www.nfl.com/image/upload/f_auto,q_auto/league/jmfuamqblg8jag0stpnq",CHI,1,1,0,0,0,0,0,0,0,0,0,0,0,0,0,0,0,0,0,0,0,0
2021,REG+POST,00-0036964,D.Barnes,Derrick Barnes,16,ILB,LB,"https://static.www.nfl.com/image/upload/f_auto,q_auto/league/ec9f1idcfmuisflnj1pg",DET,40,34,6,23,4,12,0,2,0,2,0,0,2,0,0,0,0,0,0,0,0,0
2021,REG+POST,00-0036967,J.Tryon,Joe Tryon,17,OLB,LB,"https://static.www.nfl.com/image/upload/f_auto,q_auto/league/yyiew4drnrsyay4ns2pd",TB,20,17,3,7,6,9,0,4,17,10,0,0,4,0,0,0,0,0,0,0,2,15
2021,REG+POST,00-0036970,K.Pitts,Kyle Pitts,1,TE,TE,"https://static.www.nfl.com/image/upload/f_auto,q_auto/league/t8ymqyhvv8i1r80jyhy2",CAR,1,1,0,0,0,0,0,0,0,0,0,0,0,0,0,0,0,0,0,0,0,0
2021,REG+POST,00-0036970,K.Pitts,Kyle Pitts,1,TE,TE,"https://static.www.nfl.com/image/upload/f_auto,q_auto/league/t8ymqyhvv8i1r80jyhy2",DAL,1,1,0,0,0,0,0,0,0,0,0,0,0,0,0,0,0,0,0,0,0,0
2021,REG+POST,00-0036970,K.Pitts,Kyle Pitts,1,TE,TE,"https://static.www.nfl.com/image/upload/f_auto,q_auto/league/t8ymqyhvv8i1r80jyhy2",JAX,1,1,0,0,0,0,0,0,0,0,0,0,0,0,0,0,0,0,0,0,0,0
2021,REG+POST,00-0036971,T.Lawrence,Trevor Lawrence,1,QB,QB,"https://static.www.nfl.com/image/upload/f_auto,q_auto/league/ftznnho2rk2xzrculbob",LA,1,1,0,0,0,0,0,0,0,0,0,0,0,0,0,0,0,0,0,0,0,0
2021,REG+POST,00-0036971,T.Lawrence,Trevor Lawrence,1,QB,QB,"https://static.www.nfl.com/image/upload/f_auto,q_auto/league/ftznnho2rk2xzrculbob",NE,1,1,0,0,0,0,0,0,0,0,0,0,0,0,0,0,0,0,0,0,0,0
2021,REG+POST,00-0036972,M.Jones,Mac Jones,1,QB,QB,"https://static.www.nfl.com/image/upload/f_auto,q_auto/league/pedpdxybeus7mrovsoko",ATL,0,0,0,1,0,0,0,0,0,0,0,0,0,0,0,0,0,0,0,0,0,0
2021,REG+POST,00-0036972,M.Jones,Mac Jones,1,QB,QB,"https://static.www.nfl.com/image/upload/f_auto,q_auto/league/pedpdxybeus7mrovsoko",CAR,1,1,0,0,0,0,0,0,0,0,0,0,0,0,0,0,0,0,0,0,0,0
2021,REG+POST,00-0036974,T.Campbell,Tyson Campbell,15,CB,DB,"https://static.www.nfl.com/image/private/f_auto,q_auto/league/kzon4x52tdqpss7ch3ug",JAX,49,46,3,24,2,2,0,0,0,0,2,3,10,0,0,0,0,0,0,0,0,0
2021,REG+POST,00-0036976,S.Brown,Spencer Brown,1,T,OL,"https://static.www.nfl.com/image/private/f_auto,q_auto/league/up0fkifwjpoxgiqhg8ft",TEN,1,1,0,0,0,0,0,0,0,0,0,0,0,0,0,0,0,0,0,0,0,0
2021,REG+POST,00-0036979,A.Vera-Tucker,Alijah Vera-Tucker,1,G,OL,"https://static.www.nfl.com/image/private/f_auto,q_auto/league/ytzai7qk5arhzhmvkzrz",CAR,1,1,0,0,0,0,0,0,0,0,0,0,0,0,0,0,0,0,0,0,0,0
2021,REG+POST,00-0036980,E.Moore,Elijah Moore,1,WR,WR,"https://static.www.nfl.com/image/private/f_auto,q_auto/league/bhwvzckfhhcqhb7zdqyj",BUF,1,1,0,0,0,0,0,0,0,0,0,0,0,0,0,0,0,0,0,0,0,0
2021,REG+POST,00-0036980,E.Moore,Elijah Moore,1,WR,WR,"https://static.www.nfl.com/image/private/f_auto,q_auto/league/bhwvzckfhhcqhb7zdqyj",CIN,1,1,0,0,0,0,0,0,0,0,0,0,0,0,0,0,0,0,0,0,0,0
2021,REG+POST,00-0036980,E.Moore,Elijah Moore,2,WR,WR,"https://static.www.nfl.com/image/private/f_auto,q_auto/league/bhwvzckfhhcqhb7zdqyj",NE,3,3,0,0,0,0,0,0,0,0,0,0,0,0,0,0,0,0,0,0,0,0
2021,REG+POST,00-0036981,C.Barmore,Christian Barmore,18,DT,DL,"https://static.www.nfl.com/image/private/f_auto,q_auto/league/h4rtemvkpsx1uyjvnm63",NE,24,15,9,24,3,2,0,1.5,15,9,0,0,2,0,0,0,0,0,0,0,1,5
2021,REG+POST,00-0036982,C.Golston,Chauncey Golston,14,DE,DL,"https://static.www.nfl.com/image/upload/f_auto,q_auto/league/tma9abjy3eatxzlu49ps",DAL,14,12,2,18,0,0,0,1,7,4,0,0,1,0,0,0,0,1,6,0,1,15
2021,REG+POST,00-0036983,K.Green,Kendrick Green,1,C,OL,"https://static.www.nfl.com/image/upload/f_auto,q_auto/league/m9c3uathzqzsfsdpuikw",DEN,1,1,0,0,0,0,0,0,0,0,0,0,0,0,0,0,0,0,0,0,0,0
2021,REG+POST,00-0036983,K.Green,Kendrick Green,1,C,OL,"https://static.www.nfl.com/image/upload/f_auto,q_auto/league/m9c3uathzqzsfsdpuikw",KC,1,1,0,0,0,0,0,0,0,0,0,0,0,0,0,0,0,0,0,0,0,0
2021,REG+POST,00-0036986,N.Wright,Nahshon Wright,5,CB,DB,"https://static.www.nfl.com/image/upload/f_auto,q_auto/league/lmuysepr43damihndarc",DAL,5,5,0,2,0,0,0,0,0,0,0,0,0,0,0,0,0,0,0,0,2,10
2021,REG+POST,00-0036987,B.Stephens,Brandon Stephens,17,FS,DB,"https://static.www.nfl.com/image/upload/f_auto,q_auto/league/eqf4dolbtr4q6janbxjf",BAL,46,44,2,28,1,0,0,0,0,1,0,0,4,0,0,0,0,0,0,0,1,5
2021,REG+POST,00-0036988,J.Palmer,Josh Palmer,1,WR,WR,"https://static.www.nfl.com/image/upload/f_auto,q_auto/league/dexbsmmldvsqtr83or5l",CIN,1,1,0,0,0,0,0,0,0,0,0,0,0,0,0,0,0,0,0,0,0,0
2021,REG+POST,00-0036988,J.Palmer,Josh Palmer,1,WR,WR,"https://static.www.nfl.com/image/upload/f_auto,q_auto/league/dexbsmmldvsqtr83or5l",HOU,1,1,0,0,0,0,0,0,0,0,0,0,0,0,0,0,0,0,0,0,0,0
2021,REG+POST,00-0036989,M.Koonce,Malcolm Koonce,3,DE,DL,"https://static.www.nfl.com/image/upload/f_auto,q_auto/league/atu00hjn2ugn533cylay",LV,2,2,0,1,2,0,0,2,15,2,0,0,0,0,0,0,0,0,0,0,0,0
2021,REG+POST,00-0036990,D.Deablo,Divine Deablo,8,MLB,LB,"https://static.www.nfl.com/image/upload/f_auto,q_auto/league/mjmvbtpxfzsetnmluwgi",LV,27,19,8,20,1,1,0,0,0,0,0,0,1,0,0,0,0,0,0,0,1,5
2021,REG+POST,00-0036991,A.Rodgers,Amari Rodgers,1,WR,WR,"https://static.www.nfl.com/image/private/f_auto,q_auto/league/g85ohsk2pgbf7xz2f1a8",DET,1,1,0,0,0,0,0,0,0,0,0,0,0,0,0,0,0,0,0,0,0,0
2021,REG+POST,00-0036992,E.Molden,Elijah Molden,15,CB,DB,"https://static.www.nfl.com/image/upload/f_auto,q_auto/league/ucrlai6l3qghkhywwksk",TEN,42,38,4,20,3,8,1,0,0,1,1,2,4,1,0,0,0,1,0,0,0,0
2021,REG+POST,00-0036993,I.Melifonwu,Ifeatu Melifonwu,6,CB,DB,"https://static.www.nfl.com/image/upload/f_auto,q_auto/league/ipyk1pgt8npeldw7rtyy",DET,11,9,2,3,0,0,0,0,0,0,0,0,3,0,0,0,0,2,0,0,0,0
2021,REG+POST,00-0036994,E.Jones,Ernest Jones,12,ILB,LB,"https://static.www.nfl.com/image/upload/f_auto,q_auto/league/tv1m7jvo4agl4seeonjc",LA,39,31,8,28,3,0,0,2,11,6,2,50,5,0,0,0,0,0,0,0,1,5
2021,REG+POST,00-0036995,B.Browning,Baron Browning,9,OLB,LB,"https://static.www.nfl.com/image/upload/f_auto,q_auto/league/scnnn5dpl1gqnvldi3rk",DEN,32,32,0,25,2,0,0,0,0,1,0,0,2,0,0,0,0,0,0,0,0,0
2021,REG+POST,00-0036996,G.Newsome,Greg Newsome,12,CB,DB,"https://static.www.nfl.com/image/private/f_auto,q_auto/league/vnzji51ny0rycaa1aqii",CLE,33,30,3,4,0,0,0,0,0,0,0,0,9,0,0,0,0,0,0,0,3,44
2021,REG+POST,00-0036997,J.Williams,Javonte Williams,1,RB,RB,"https://static.www.nfl.com/image/upload/f_auto,q_auto/league/dm8qipfrz2nes9kgpcyp",LV,1,1,0,0,0,0,0,0,0,0,0,0,0,0,0,0,0,0,0,0,0,0
2021,REG+POST,00-0036998,J.Holland,Jevon Holland,15,SS,DB,"https://static.www.nfl.com/image/upload/f_auto,q_auto/league/h8aerw3bgfnbl3bssgpo",MIA,47,43,4,21,3,1,0,2.5,24,7,2,0,10,0,0,2,3,0,3,0,3,34
2021,REG+POST,00-0036999,A.Schwartz,Anthony Schwartz,1,WR,WR,"https://static.www.nfl.com/image/upload/f_auto,q_auto/league/wqrxhwwlgpjkb6w8edgo",GB,1,1,0,0,0,0,0,0,0,0,0,0,0,0,0,0,0,0,0,0,0,0
2021,REG+POST,00-0036999,A.Schwartz,Anthony Schwartz,1,WR,WR,"https://static.www.nfl.com/image/upload/f_auto,q_auto/league/wqrxhwwlgpjkb6w8edgo",NE,1,1,0,0,0,0,0,0,0,0,0,0,0,0,0,0,0,0,0,0,0,0
2021,REG+POST,00-0037000,M.Rice,Monty Rice,5,ILB,LB,"https://static.www.nfl.com/image/upload/f_auto,q_auto/league/oyfmuujnszzgmctn9568",TEN,15,8,7,15,0,0,0,0,0,1,0,0,1,0,0,0,0,0,0,0,1,5
2021,REG+POST,00-0037005,T.Tremble,Tommy Tremble,1,TE,TE,"https://static.www.nfl.com/image/upload/f_auto,q_auto/league/jn0kmd8lg9hu4fjnnat9",MIN,1,1,0,0,0,0,0,0,0,0,0,0,0,0,0,0,0,0,0,0,0,0
2021,REG+POST,00-0037005,T.Tremble,Tommy Tremble,1,TE,TE,"https://static.www.nfl.com/image/upload/f_auto,q_auto/league/jn0kmd8lg9hu4fjnnat9",TB,1,1,0,0,0,0,0,0,0,0,0,0,0,0,0,0,0,0,0,0,0,0
2021,REG+POST,00-0037007,P.Jones,Patrick Jones,5,OLB,LB,"https://static.www.nfl.com/image/private/f_auto,q_auto/league/ir3m4wipss4exri1xenv",MIN,4,4,0,3,0,0,0,0,0,0,0,0,0,0,0,0,0,0,0,0,2,20
2021,REG+POST,00-0037008,A.Thomas,Ambry Thomas,9,CB,DB,"https://static.www.nfl.com/image/upload/f_auto,q_auto/league/earonnpoimllgzyxupfb",SF,27,24,3,8,1,1,0,0,0,0,1,0,6,0,0,0,0,0,0,0,3,19
2021,REG+POST,00-0037013,Z.Wilson,Zach Wilson,1,QB,QB,"https://static.www.nfl.com/image/upload/f_auto,q_auto/league/okhlne3kgc11gwv4w6s8",NE,1,1,0,0,0,0,0,0,0,0,0,0,0,0,0,0,0,0,0,0,0,0
2021,REG+POST,00-0039472,M.Edwards,Mike Edwards,15,G,OL,"https://static.www.nfl.com/image/upload/f_auto,q_auto/league/ctepbz184pq3zchnxqhk",TB,43,40,3,12,2,3,1,0,0,0,4,46,8,2,0,0,0,0,0,0,2,65
