season,season_type,player_id,player_name,player_display_name,games,position,position_group,headshot_url,team,def_tackles,def_tackles_solo,def_tackles_with_assist,def_tackle_assists,def_tackles_for_loss,def_tackles_for_loss_yards,def_fumbles_forced,def_sacks,def_sack_yards,def_qb_hits,def_interceptions,def_interception_yards,def_pass_defended,def_tds,def_fumbles,def_fumble_recovery_own,def_fumble_recovery_yards_own,def_fumble_recovery_opp,def_fumble_recovery_yards_opp,def_safety,def_penalty,def_penalty_yards
2024,REG,00-0023853,M.Prater,Matt Prater,1,K,SPEC,"https://static.www.nfl.com/image/upload/f_auto,q_auto/league/mwlrdghrm5chsum2kzic",ARI,0,0,0,0,0,0,0,0,0,0,0,0,0,0,0,0,0,0,0,0,1,0
2024,REG,00-0026158,J.Flacco,Joe Flacco,1,QB,QB,"https://static.www.nfl.com/image/upload/f_auto,q_auto/league/yxvyoeojkif7tnfviamc",JAX,0,0,0,1,0,0,0,0,0,0,0,0,0,0,0,0,0,0,0,0,0,0
2024,REG,00-0026190,C.Campbell,Calais Campbell,17,DE,DL,"https://static.www.nfl.com/image/upload/f_auto,q_auto/league/dmgqjt7qihxkze7iuajf",MIA,35,28,7,17,12,12,1,5,40,12,0,0,5,0,0,0,0,0,0,0,1,5
2024,REG,00-0027865,B.Graham,Brandon Graham,10,DE,DL,"https://static.www.nfl.com/image/upload/f_auto,q_auto/league/e6iqegrredwqev7qx81m",PHI,15,12,3,5,6,13,1,3.5,27,7,0,0,2,0,0,0,0,0,0,0,1,3
2024,REG,00-0027872,K.Jackson,Kareem Jackson,1,SS,DB,"https://static.www.nfl.com/image/upload/f_auto,q_auto/league/vzmcqsvgotnfsmmzgtwa",BUF,1,1,0,2,0,0,0,0,0,0,0,0,0,0,0,0,0,0,0,0,0,0
2024,REG,00-0027881,J.Hughes,Jerry Hughes,4,DE,DL,"https://static.www.nfl.com/image/upload/f_auto,q_auto/league/holacsltnj1mvxkeqgp0",HOU,3,2,1,2,0,0,0,0,0,0,0,0,0,0,0,0,0,0,0,0,0,0
2024,REG,00-0027885,L.Joseph,Linval Joseph,10,NT,DL,"https://static.www.nfl.com/image/upload/f_auto,q_auto/league/xm9kvvx4uujqqjkqxngq",DAL,9,9,0,10,2,0,1,2,20,3,0,0,0,0,0,0,0,0,0,0,1,5
2024,REG,00-0027940,V.Miller,Von Miller,11,DE,DL,"https://static.www.nfl.com/image/upload/f_auto,q_auto/league/qpprquecnqk19xsi0dtj",BUF,13,11,2,4,7,1,0,6,48,8,0,0,0,0,0,0,0,0,0,0,2,10
2024,REG,00-0027962,C.Jordan,Cameron Jordan,15,DE,DL,"https://static.www.nfl.com/image/upload/f_auto,q_auto/league/wxcyaqstm1qguagtp1ye",NO,18,16,2,16,7,3,0,4,26,8,1,0,4,0,0,0,0,0,0,0,1,5
2024,REG,00-0027969,C.Heyward,Cameron Heyward,17,DT,DL,"https://static.www.nfl.com/image/upload/f_auto,q_auto/league/jroymb3jdu14pusq9wu8",PIT,35,29,6,36,12,10,0,8,62,20,0,0,11,0,0,0,0,0,0,0,0,0
2024,REG,00-0028171,L.Guy,Lawrence Guy,2,DT,DL,"https://static.www.nfl.com/image/private/f_auto,q_auto/league/jyc3hf6lyt5js3b7oon8",CIN,0,0,0,2,0,0,0,0,0,0,0,0,0,0,0,0,0,0,0,0,0,0
2024,REG,00-0028292,N.Bellore,Nick Bellore,1,ILB,LB,"https://static.www.nfl.com/image/upload/f_auto,q_auto/league/wlj7zdf6h9p9dnhdtmih",WAS,1,1,0,0,1,0,0,0,0,0,0,0,0,0,0,0,0,0,0,0,0,0
2024,REG,00-0028872,J.Hekker,Johnny Hekker,1,P,SPEC,"https://static.www.nfl.com/image/upload/f_auto,q_auto/league/bcl8kjfwubicyywpxfny",CAR,0,0,0,0,0,0,0,0,0,0,0,0,0,0,0,0,0,0,0,0,1,0
2024,REG,00-0028899,R.McLeod,Rodney McLeod,13,FS,DB,"https://static.www.nfl.com/image/upload/f_auto,q_auto/league/ettne7rdpnkozuyhx8be",CLE,26,23,3,9,2,1,0,0,0,0,0,0,5,1,0,0,0,1,25,0,0,0
2024,REG,00-0028924,T.Gipson,Tashaun Gipson,2,FS,DB,"https://static.www.nfl.com/image/private/f_auto,q_auto/league/mbniabicepxxcetygjhk",SF,5,5,0,1,0,0,0,0,0,0,0,0,1,0,0,0,0,0,0,0,1,2
2024,REG,00-0029255,B.Wagner,Bobby Wagner,17,ILB,LB,"https://static.www.nfl.com/image/upload/f_auto,q_auto/league/syrf5eqbgosyxx7zrsso",WAS,75,66,9,57,10,21,1,2,12.5,8,0,0,4,0,0,0,0,2,0,0,2,17
2024,REG,00-0029542,S.Gilmore,Stephon Gilmore,15,CB,DB,"https://static.www.nfl.com/image/upload/f_auto,q_auto/league/rzqv9harev8c0excxzfz",MIN,40,39,1,16,1,0,0,0,0,0,1,0,9,0,0,0,0,0,0,0,5,57
2024,REG,00-0029562,L.David,Lavonte David,17,ILB,LB,"https://static.www.nfl.com/image/upload/f_auto,q_auto/league/sg8cvbhglpfqor2mz44k",TB,76,66,10,46,9,4,3,5.5,43.5,6,1,7,6,0,0,0,0,1,0,0,2,12
2024,REG,00-0029606,H.Smith,Harrison Smith,16,SS,DB,"https://static.www.nfl.com/image/upload/f_auto,q_auto/league/mf2e5sc9smu4cj22f4di",MIN,56,47,9,30,3,2,0,1,8,1,3,0,10,0,0,0,0,1,0,0,2,12
2024,REG,00-0029607,D.Davis,Demario Davis,16,MLB,LB,"https://static.www.nfl.com/image/upload/f_auto,q_auto/league/todpplb6yao1c5zvofsk",NO,69,66,3,67,5,10,0,2,0,2,1,0,7,0,0,0,0,0,0,0,2,37
2024,REG,00-0029685,G.Van Roten,Greg Van Roten,1,G,OL,"https://static.www.nfl.com/image/upload/f_auto,q_auto/league/ofdjacvucdeuucgmsucb",BAL,0,0,0,1,0,0,0,0,0,0,0,0,0,0,0,0,0,0,0,0,0,0
2024,REG,00-0030035,A.Thielen,Adam Thielen,1,WR,WR,"https://static.www.nfl.com/image/upload/f_auto,q_auto/league/pxehgo0l9xl03n7dronf",NO,1,1,0,0,0,0,0,0,0,0,0,0,0,0,0,0,0,0,0,0,0,0
2024,REG,00-0030061,Z.Ertz,Zach Ertz,1,TE,TE,"https://static.www.nfl.com/image/upload/f_auto,q_auto/league/xktmmeumuoglbuam75iz",ARI,1,1,0,0,0,0,0,0,0,0,0,0,0,0,0,0,0,0,0,0,0,0
2024,REG,00-0030061,Z.Ertz,Zach Ertz,1,TE,TE,"https://static.www.nfl.com/image/upload/f_auto,q_auto/league/xktmmeumuoglbuam75iz",CLE,1,1,0,0,0,0,0,0,0,0,0,0,0,0,0,0,0,0,0,0,0,0
2024,REG,00-0030062,D.Slay,Darius Slay,13,CB,DB,"https://static.www.nfl.com/image/upload/f_auto,q_auto/league/ywdvgcxwf6nnfo9r77oz",PHI,38,35,3,11,3,1,1,0,0,0,0,0,13,0,0,0,0,1,0,0,3,20
2024,REG,00-0030063,J.Hankins,Johnathan Hankins,15,DT,DL,"https://static.www.nfl.com/image/upload/f_auto,q_auto/league/qnhaj3f4csasomqgie9p",SEA,15,13,2,15,5,5,0,1,8,2,1,0,1,0,0,0,0,0,0,0,3,15
2024,REG,00-0030070,J.Jenkins,John Jenkins,15,DT,DL,"https://static.www.nfl.com/image/upload/f_auto,q_auto/league/mwvjpcuk5a1vg4pd0bvl",LV,13,9,4,33,3,6,0,1,10.5,4,0,0,2,0,0,0,0,0,0,0,0,0
2024,REG,00-0030098,D.Hopkins,Dustin Hopkins,1,K,SPEC,"https://static.www.nfl.com/image/upload/f_auto,q_auto/league/b8xhu9uud3finj0x9hpf",CLE,0,0,0,0,0,0,0,0,0,0,0,0,0,0,0,0,0,0,0,0,1,5
2024,REG,00-0030114,J.Poyer,Jordan Poyer,15,SS,DB,"https://static.www.nfl.com/image/upload/f_auto,q_auto/league/jhigvtvtb3jielxsxiyl",MIA,51,49,2,47,0,0,0,0,0,1,0,0,3,0,0,0,0,0,0,0,3,44
2024,REG,00-0030294,T.Jefferson,Tony Jefferson,5,SS,DB,"https://static.www.nfl.com/image/upload/f_auto,q_auto/league/bkfls5xzpftiptzybn0j",LAC,17,17,0,10,1,0,0,0,0,0,0,0,0,0,0,0,0,0,0,0,1,3
2024,REG,00-0030386,W.Gholston,William Gholston,8,DE,DL,"https://static.www.nfl.com/image/upload/f_auto,q_auto/league/yn9hugzuf7g8ve2xjtwi",TB,6,6,0,6,1,0,0,1,4,4,0,0,0,0,0,0,0,0,0,0,1,15
2024,REG,00-0030459,T.Mathieu,Tyrann Mathieu,17,FS,DB,"https://static.www.nfl.com/image/upload/f_auto,q_auto/league/k3fywj4kodnfuyscnujy",NO,47,46,1,15,1,2,2,0,0,0,3,29,7,0,0,0,0,1,0,0,1,15
2024,REG,00-0030506,T.Kelce,Travis Kelce,1,TE,TE,"https://static.www.nfl.com/image/upload/f_auto,q_auto/league/ilk4qbxxs6mt3v9zfvtg",BUF,1,1,0,0,0,0,0,0,0,0,0,0,0,0,0,0,0,0,0,0,0,0
2024,REG,00-0030564,D.Hopkins,DeAndre Hopkins,1,WR,WR,"https://static.www.nfl.com/image/upload/f_auto,q_auto/league/viymeohipdn0voptrkzh",MIA,1,1,0,0,0,0,0,0,0,0,0,0,0,0,0,0,0,0,0,0,0,0
2024,REG,00-0030757,M.Pennel,Mike Pennel,12,NT,DL,"https://static.www.nfl.com/image/upload/f_auto,q_auto/league/tgxzm3pvwn3uyfuirodr",KC,10,9,1,15,3,2,1,3,6,2,0,0,0,0,0,0,0,0,0,0,1,15
2024,REG,00-0031040,K.Mack,Khalil Mack,15,DE,DL,"https://static.www.nfl.com/image/upload/f_auto,q_auto/league/xgd2ujsu1yhfa0aulchw",LAC,20,18,2,19,6,1,2,6,40,15,0,0,9,0,0,0,0,1,22,0,1,15
2024,REG,00-0031054,D.Jones,DaQuan Jones,13,DT,DL,"https://static.www.nfl.com/image/upload/f_auto,q_auto/league/a8ladzqod3ojmibqytad",BUF,11,10,1,12,5,5,0,2.5,12,7,0,0,1,0,0,0,0,0,0,0,2,10
2024,REG,00-0031101,S.Barrett,Shaquil Barrett,1,OLB,LB,"https://static.www.nfl.com/image/private/f_auto,q_auto/league/eiilfj6qiri4n9xrclwe",TB,1,1,0,0,0,0,0,0,0,0,0,0,0,0,0,0,0,0,0,0,0,0
2024,REG,00-0031136,C.Boswell,Chris Boswell,1,K,SPEC,"https://static.www.nfl.com/image/upload/f_auto,q_auto/league/ivb854ozl9jp39lau99u",PIT,0,0,0,0,0,0,0,0,0,0,0,0,0,0,0,0,0,0,0,0,1,0
2024,REG,00-0031177,B.Urban,Brent Urban,13,DE,DL,"https://static.www.nfl.com/image/upload/f_auto,q_auto/league/acp4qzscazxskq9efwnf",BAL,9,8,1,11,0,0,0,0,0,0,0,0,2,0,0,0,0,0,0,0,0,0
2024,REG,00-0031254,D.Autry,Denico Autry,9,DE,DL,"https://static.www.nfl.com/image/upload/f_auto,q_auto/league/pafmcnd47wgvl8q1kulm",HOU,8,6,2,5,3,0,0,3,24,6,0,0,3,0,0,0,0,0,0,0,0,0
2024,REG,00-0031270,S.Harris,Shelby Harris,14,DT,DL,"https://static.www.nfl.com/image/upload/f_auto,q_auto/league/lppu8txhvbs0h7ftxswg",CLE,18,14,4,19,5,4,1,1.5,9,5,0,0,2,0,0,0,0,0,0,0,1,5
2024,REG,00-0031296,C.Mosley,C.J. Mosley,4,ILB,LB,"https://static.www.nfl.com/image/private/f_auto,q_auto/league/cjje7blxkubjmrbtbp27",NYJ,13,13,0,4,0,0,0,0,0,0,0,0,0,0,0,0,0,0,0,0,0,0
2024,REG,00-0031298,J.Ward,Jimmie Ward,10,FS,DB,"https://static.www.nfl.com/image/upload/f_auto,q_auto/league/owockyq21r4kqxt67zab",HOU,32,29,3,16,5,8,0,0,0,0,2,67,4,1,0,0,0,0,0,0,1,5
2024,REG,00-0031357,C.Goodwin,C.J. Goodwin,2,CB,DB,"https://static.www.nfl.com/image/upload/f_auto,q_auto/league/tcfvwabfull325uyjta1",DAL,0,0,0,0,0,0,0,0,0,0,0,0,0,0,0,0,0,0,0,0,2,18
2024,REG,00-0031360,K.Van Noy,Kyle Van Noy,16,OLB,LB,"https://static.www.nfl.com/image/upload/f_auto,q_auto/league/izz9mxgcxcx0lydkleke",BAL,25,23,2,16,14,3,2,12.5,83.5,21,0,0,2,0,0,0,0,1,0,0,3,15
2024,REG,00-0031364,J.Clowney,Jadeveon Clowney,13,OLB,LB,"https://static.www.nfl.com/image/upload/f_auto,q_auto/league/lu2evianim8sdgfyxlgh",CAR,24,20,4,22,9,6,0,5.5,48.5,11,0,0,4,0,0,0,0,0,0,0,2,10
2024,REG,00-0031381,D.Adams,Davante Adams,1,WR,WR,"https://static.www.nfl.com/image/upload/f_auto,q_auto/league/jweoujpjv9u2a8k7wnos",CAR,1,1,0,0,0,0,0,0,0,0,0,0,0,0,0,0,0,0,0,0,0,0
2024,REG,00-0031381,D.Adams,Davante Adams,1,WR,WR,"https://static.www.nfl.com/image/upload/f_auto,q_auto/league/jweoujpjv9u2a8k7wnos",PIT,1,1,0,0,0,0,0,0,0,0,0,0,0,0,0,0,0,0,0,0,0,0
2024,REG,00-0031408,M.Evans,Mike Evans,1,WR,WR,"https://static.www.nfl.com/image/upload/f_auto,q_auto/league/vfsaie1uiokfczwv9p4d",DEN,1,1,0,0,0,0,0,0,0,0,0,0,0,0,0,0,0,0,0,0,0,0
2024,REG,00-0031408,M.Evans,Mike Evans,1,WR,WR,"https://static.www.nfl.com/image/upload/f_auto,q_auto/league/vfsaie1uiokfczwv9p4d",NO,1,1,0,0,0,0,0,0,0,0,0,0,0,0,0,0,0,0,0,0,0,0
2024,REG,00-0031411,D.Lawrence,Demarcus Lawrence,4,DE,DL,"https://static.www.nfl.com/image/upload/f_auto,q_auto/league/qzgz3zr1nmhxy0fiaqes",DAL,7,5,2,7,4,2,1,3,20,5,0,0,0,0,0,0,0,0,0,0,0,0
2024,REG,00-0031426,J.Bitonio,Joel Bitonio,1,G,OL,"https://static.www.nfl.com/image/upload/f_auto,q_auto/league/il9yy0bjrowrwhxk9ard",WAS,1,1,0,0,0,0,0,0,0,0,0,0,0,0,0,0,0,0,0,0,0,0
2024,REG,00-0031500,E.Obada,Efe Obada,4,DE,DL,"https://static.www.nfl.com/image/upload/f_auto,q_auto/league/i5zeos5e8jhwupjnlsri",WAS,2,1,1,2,0,0,0,0,0,0,0,0,0,0,0,0,0,0,0,0,0,0
2024,REG,00-0031503,J.Winston,Jameis Winston,1,QB,QB,"https://static.www.nfl.com/image/upload/f_auto,q_auto/league/chdeosreuupotgq0eqlm",PIT,1,1,0,0,0,0,0,0,0,0,0,0,0,0,0,0,0,0,0,0,0,0
2024,REG,00-0031550,S.Thompson,Shaq Thompson,4,ILB,LB,"https://static.www.nfl.com/image/upload/f_auto,q_auto/league/suldxex0tcm1rv69agr2",CAR,19,18,1,16,2,6,0,0,0,1,0,0,0,0,0,0,0,0,0,0,1,15
2024,REG,00-0031551,E.Goldman,Eddie Goldman,9,NT,DL,"https://static.www.nfl.com/image/private/f_auto,q_auto/league/n2sm7z9fzco3dy3kdzdt",ATL,7,6,1,9,1,0,0,1,9,3,0,0,0,0,0,0,0,0,0,0,2,10
2024,REG,00-0031554,E.Kendricks,Eric Kendricks,15,ILB,LB,"https://static.www.nfl.com/image/upload/f_auto,q_auto/league/adc49lyuljufsfseggdc",DAL,71,61,10,67,4,10,3,3,8,3,2,15,3,0,0,0,0,1,0,0,0,0
2024,REG,00-0031557,J.Phillips,Jordan Phillips,5,DT,DL,"https://static.www.nfl.com/image/upload/f_auto,q_auto/league/iu4ppwzelupya497dxtt",BUF,4,3,1,1,0,0,0,0,0,1,1,2,1,0,0,0,0,0,0,0,0,0
2024,REG,00-0031557,J.Phillips,Jordan Phillips,1,DT,DL,"https://static.www.nfl.com/image/upload/f_auto,q_auto/league/iu4ppwzelupya497dxtt",DAL,0,0,0,1,0,0,0,0,0,1,0,0,0,0,0,0,0,0,0,0,0,0
2024,REG,00-0031565,D.Hunter,Danielle Hunter,16,DE,DL,"https://static.www.nfl.com/image/upload/f_auto,q_auto/league/hsgq2reivph5rd48rq4p",HOU,31,26,5,15,17,16,1,12,93.5,23,0,0,3,0,0,0,0,0,0,0,3,25
2024,REG,00-0031576,Z.Smith,Za'Darius Smith,8,DE,DL,"https://static.www.nfl.com/image/upload/f_auto,q_auto/league/l5t51lcflhhfvxhr1sx3",CLE,15,13,2,8,6,10,0,5,29,7,0,0,0,0,0,0,0,0,0,0,0,0
2024,REG,00-0031576,Z.Smith,Za'Darius Smith,8,DE,DL,"https://static.www.nfl.com/image/upload/f_auto,q_auto/league/l5t51lcflhhfvxhr1sx3",DET,7,5,2,5,3,0,0,4,38,10,0,0,1,0,0,0,0,0,0,0,3,23
2024,REG,00-0031580,S.Mason,Shaquille Mason,1,G,OL,"https://static.www.nfl.com/image/upload/f_auto,q_auto/league/h2j9pcx5k3kfbxgq1bb7",MIA,1,1,0,0,0,0,0,0,0,0,0,0,0,0,0,0,0,0,0,0,0,0
2024,REG,00-0031581,M.Glowinski,Mark Glowinski,1,G,OL,"https://static.www.nfl.com/image/private/f_auto,q_auto/league/ldqr5jlk57a6nrha4u8w",TEN,1,1,0,0,0,0,0,0,0,0,0,0,0,0,0,0,0,0,0,0,0,0
2024,REG,00-0031583,G.Jarrett,Grady Jarrett,17,DT,DL,"https://static.www.nfl.com/image/upload/f_auto,q_auto/league/evfy7od6zezkptbipam5",ATL,30,25,5,23,9,21,0,2.5,23,12,0,0,0,0,0,0,0,0,0,0,2,10
2024,REG,00-0031587,B.McCain,Bobby McCain,1,SS,DB,"https://static.www.nfl.com/image/upload/f_auto,q_auto/league/qngkoi5ocjuet0kmni6a",MIN,2,2,0,2,0,0,0,0,0,0,0,0,0,0,0,0,0,0,0,0,0,0
2024,REG,00-0031588,S.Diggs,Stefon Diggs,1,WR,WR,"https://static.www.nfl.com/image/upload/f_auto,q_auto/league/to2qwuffjnjlouctglsl",BUF,1,1,0,0,0,0,0,0,0,0,0,0,0,0,0,0,0,0,0,0,0,0
2024,REG,00-0031608,Q.Diggs,Quandre Diggs,8,FS,DB,"https://static.www.nfl.com/image/upload/f_auto,q_auto/league/bpueborpbbhwe9pesnyt",TEN,35,29,6,7,0,0,0,0,0,0,0,0,0,0,0,0,0,0,0,0,0,0
2024,REG,00-0031740,N.Hewitt,Neville Hewitt,9,ILB,LB,"https://static.www.nfl.com/image/upload/f_auto,q_auto/league/tohlmo4ymgsmbe3egoac",HOU,26,24,2,23,0,0,2,0,0,1,1,45,3,0,0,0,0,0,0,0,1,15
2024,REG,00-0031785,T.Hill,Troy Hill,6,CB,DB,"https://static.www.nfl.com/image/upload/f_auto,q_auto/league/fa4ba7c9ku1narcpyh10",CAR,20,17,3,12,1,2,0,0,0,0,0,0,1,0,0,0,0,0,0,0,1,15
2024,REG,00-0031795,D.Williams,DeShawn Williams,9,DE,DL,"https://static.www.nfl.com/image/upload/f_auto,q_auto/league/oomwiwcodj3uwrbd4bug",CAR,8,7,1,8,0,0,0,0.5,3.5,4,0,0,0,0,0,0,0,0,0,0,0,0
2024,REG,00-0031898,A.Singleton,Alex Singleton,3,ILB,LB,"https://static.www.nfl.com/image/upload/f_auto,q_auto/league/pzmcsembcob3ochitr6x",DEN,17,11,6,14,1,4,0,0,0,1,1,21,1,0,0,0,0,0,0,0,0,0
2024,REG,00-0031933,L.Williams,Leonard Williams,15,DT,DL,"https://static.www.nfl.com/image/upload/f_auto,q_auto/league/d2aptvibuotyxumk2ohy",SEA,37,33,4,27,16,12,0,11,71.5,28,1,92,3,1,0,0,0,0,0,0,3,35
2024,REG,00-0031935,P.Smith,Preston Smith,9,DE,DL,"https://static.www.nfl.com/image/upload/f_auto,q_auto/league/euesbavo3qc6kzxcu5mb",GB,6,6,0,13,2,0,0,2.5,20.5,4,0,0,0,0,0,0,0,0,0,0,2,10
2024,REG,00-0031935,P.Smith,Preston Smith,7,DE,DL,"https://static.www.nfl.com/image/upload/f_auto,q_auto/league/euesbavo3qc6kzxcu5mb",PIT,6,6,0,7,3,0,0,2,5,2,0,0,0,0,0,1,1,0,1,0,0,0
2024,REG,00-0031938,C.Davis,Carl Davis,2,NT,DL,"https://static.www.nfl.com/image/upload/f_auto,q_auto/league/ozc21yaswwzhzdbcz0fm",WAS,1,1,0,3,0,0,0,0,0,0,0,0,0,0,0,0,0,0,0,0,0,0
2024,REG,00-0031941,J.Crowder,Jamison Crowder,1,WR,WR,"https://static.www.nfl.com/image/upload/f_auto,q_auto/league/rfysbrjrvfdr72cx8who",ATL,0,0,0,1,0,0,0,0,0,0,0,0,0,0,0,0,0,0,0,0,0,0
2024,REG,00-0031957,R.Nunez-Roches,Rakeem Nunez-Roches,15,NT,DL,"https://static.www.nfl.com/image/upload/f_auto,q_auto/league/lk9ht53hnkifzoboz79k",NYG,14,11,3,38,2,1,0,2,4,6,0,0,2,0,0,0,0,0,0,0,1,5
2024,REG,00-0032052,D.Fowler,Dante Fowler,16,OLB,LB,"https://static.www.nfl.com/image/upload/f_auto,q_auto/league/w9hqjfsqi3fzryay68mu",WAS,25,24,1,14,14,16,2,10.5,70,12,1,67,1,1,0,0,0,0,0,0,4,45
2024,REG,00-0032065,B.Pinion,Bradley Pinion,1,P,SPEC,"https://static.www.nfl.com/image/upload/f_auto,q_auto/league/rorbnsbacfcscruzxqra",ATL,0,0,0,0,0,0,0,0,0,0,0,0,0,0,0,0,0,0,0,0,1,0
2024,REG,00-0032103,D.Perryman,Denzel Perryman,11,ILB,LB,"https://static.www.nfl.com/image/upload/f_auto,q_auto/league/vxzrfxabkffbe1lg5qcq",LAC,39,30,9,16,2,0,0,1,7,3,0,0,0,0,0,0,0,0,0,0,0,0
2024,REG,00-0032107,A.Blackson,Angelo Blackson,1,DT,DL,"https://static.www.nfl.com/image/upload/f_auto,q_auto/league/fqkyimdahqjlnqu60zqf",ARI,1,1,0,0,0,0,0,0,0,0,0,0,0,0,0,0,0,0,0,0,0,0
2024,REG,00-0032109,K.Alexander,Kwon Alexander,3,OLB,LB,"https://static.www.nfl.com/image/upload/f_auto,q_auto/league/rccrvhqts2qk8ycjqfmz",DEN,3,1,2,5,0,0,1,0,0,0,0,0,0,0,0,0,0,1,0,0,0,0
2024,REG,00-0032109,K.Alexander,Kwon Alexander,2,OLB,LB,"https://static.www.nfl.com/image/upload/f_auto,q_auto/league/rccrvhqts2qk8ycjqfmz",DET,1,1,0,3,0,0,0,0,0,0,0,0,0,0,0,0,0,0,0,0,1,3
2024,REG,00-0032128,C.Conley,Chris Conley,1,WR,WR,"https://static.www.nfl.com/image/upload/f_auto,q_auto/league/mr4h7vx02uwpr7xlfk6y",SF,1,1,0,0,0,0,0,0,0,0,0,0,0,0,0,0,0,0,0,0,0,0
2024,REG,00-0032129,J.Hicks,Jordan Hicks,12,ILB,LB,"https://static.www.nfl.com/image/upload/f_auto,q_auto/league/nupnkxjio2iuqppmog1a",CLE,40,31,9,38,4,4,0,2,7,5,0,0,4,0,0,0,0,0,0,0,1,15
2024,REG,00-0032146,B.Dupree,Bud Dupree,15,OLB,LB,"https://static.www.nfl.com/image/upload/f_auto,q_auto/league/tg3rnyclhffznnme5elq",LAC,18,17,1,10,6,0,1,6,30,10,1,0,2,0,0,0,0,0,0,0,2,9
2024,REG,00-0032162,T.McGill,T.Y. McGill,1,DT,DL,"https://static.www.nfl.com/image/upload/f_auto,q_auto/league/v1rav6esnezg5ggbkwoz",CLE,1,1,0,1,0,0,0,0,0,1,0,0,0,0,0,0,0,0,0,0,0,0
2024,REG,00-0032162,T.McGill,T.Y. McGill,1,DT,DL,"https://static.www.nfl.com/image/upload/f_auto,q_auto/league/v1rav6esnezg5ggbkwoz",SF,0,0,0,1,0,0,0,0,0,0,0,0,0,0,0,0,0,0,0,0,0,0
2024,REG,00-0032164,A.Armstead,Arik Armstead,16,DE,DL,"https://static.www.nfl.com/image/upload/f_auto,q_auto/league/ra0eag1wqgvw1nzbpy4a",JAX,21,19,2,8,3,1,0,2,11,7,0,0,3,0,0,0,0,0,0,0,2,10
2024,REG,00-0032195,R.Darby,Ronald Darby,12,CB,DB,"https://static.www.nfl.com/image/upload/f_auto,q_auto/league/dn0kn2aw6crrzvsjiuvl",JAX,36,35,1,10,3,2,0,0,0,0,0,0,9,0,0,0,0,0,0,0,2,10
2024,REG,00-0032265,M.Edwards,Mario Edwards,13,DT,DL,"https://static.www.nfl.com/image/upload/f_auto,q_auto/league/cia50revbealvw5biusr",HOU,12,11,1,19,3,0,0,3,26,8,0,0,2,0,0,0,0,2,0,0,4,40
2024,REG,00-0032378,D.Buckner,DeForest Buckner,12,DT,DL,"https://static.www.nfl.com/image/upload/f_auto,q_auto/league/yuh9isf5mds3l9hcp4vw",IND,24,20,4,37,8,1,0,6.5,62,14,0,0,1,0,0,0,0,0,0,0,1,5
2024,REG,00-0032379,E.Apple,Eli Apple,2,CB,DB,"https://static.www.nfl.com/image/upload/f_auto,q_auto/league/szrv0msliekcbdfulpzb",LAC,2,2,0,0,0,0,0,0,0,0,0,0,1,0,0,0,0,0,0,0,0,0
2024,REG,00-0032387,J.Reed,Jarran Reed,15,NT,DL,"https://static.www.nfl.com/image/upload/f_auto,q_auto/league/td7umxhgwkswls8rutk0",SEA,21,18,3,24,5,1,1,4.5,46,15,0,0,2,0,0,0,0,0,0,0,0,0
2024,REG,00-0032391,J.Thuney,Joe Thuney,1,G,OL,"https://static.www.nfl.com/image/private/f_auto,q_auto/league/hlarfa9lnf5g8gfrvwxe",LV,1,1,0,0,0,0,0,0,0,0,0,0,0,0,0,0,0,0,0,0,0,0
2024,REG,00-0032391,J.Thuney,Joe Thuney,1,G,OL,"https://static.www.nfl.com/image/private/f_auto,q_auto/league/hlarfa9lnf5g8gfrvwxe",NO,1,1,0,0,0,0,0,0,0,0,0,0,0,0,0,0,0,0,0,0,0,0
2024,REG,00-0032392,A.Hooper,Austin Hooper,1,TE,TE,"https://static.www.nfl.com/image/upload/f_auto,q_auto/league/hj0ybtjspne3t1cso961",HOU,1,1,0,0,0,0,0,0,0,0,0,0,0,0,0,0,0,0,0,0,0,0
2024,REG,00-0032401,D.Campbell,De'Vondre Campbell,13,ILB,LB,"https://static.www.nfl.com/image/upload/f_auto,q_auto/league/wctve53etxcg6hx9o9cr",SF,44,36,8,35,3,4,0,0,0,1,0,0,2,0,0,0,0,0,0,0,1,25
2024,REG,00-0032412,D.Lowry,Dean Lowry,5,DE,DL,"https://static.www.nfl.com/image/upload/f_auto,q_auto/league/akvs2wasmwm0rnh9lpfj",PIT,1,1,0,4,0,0,0,1,0,1,0,0,1,0,0,0,0,0,0,0,0,0
2024,REG,00-0032415,M.Judon,Matt Judon,17,OLB,LB,"https://static.www.nfl.com/image/upload/f_auto,q_auto/league/whfmdlt319vlpqjyqdfl",ATL,25,23,2,16,7,3,0,5.5,43,9,1,27,5,1,0,0,0,0,0,0,5,35
2024,REG,00-0032416,Q.Jefferson,Quinton Jefferson,6,DE,DL,"https://static.www.nfl.com/image/upload/f_auto,q_auto/league/gledu9ppvddrbnqlpdmk",BUF,4,2,2,4,2,2,0,1,10,2,0,0,0,0,0,0,0,0,0,0,1,5
2024,REG,00-0032416,Q.Jefferson,Quinton Jefferson,4,DE,DL,"https://static.www.nfl.com/image/upload/f_auto,q_auto/league/gledu9ppvddrbnqlpdmk",CLE,1,1,0,5,1,0,0,1,8,2,0,0,0,0,0,0,0,0,0,0,0,0
2024,REG,00-0032424,D.Reader,D.J. Reader,13,NT,DL,"https://static.www.nfl.com/image/upload/f_auto,q_auto/league/yfvsrhkblzo9sgrrgjix",DET,11,10,1,12,4,1,0,3,19,8,0,0,1,0,0,0,0,0,0,0,1,5
2024,REG,00-0032434,B.Allen,Brandon Allen,1,QB,QB,"https://static.www.nfl.com/image/upload/f_auto,q_auto/league/xn9eheiy6kty4movmlak",GB,1,1,0,0,0,0,0,0,0,0,0,0,0,0,0,0,0,0,0,0,0,0
2024,REG,00-0032437,K.Grugier-Hill,Kamu Grugier-Hill,9,ILB,LB,"https://static.www.nfl.com/image/upload/f_auto,q_auto/league/sxfai8ftbojvsdl3wvem",MIN,11,9,2,6,0,0,0,0,0,0,2,5,3,0,0,0,0,0,0,0,0,0
2024,REG,00-0032442,E.Roberts,Elandon Roberts,15,ILB,LB,"https://static.www.nfl.com/image/upload/f_auto,q_auto/league/vbvspu3dh3ijm0gmqh4l",PIT,24,20,4,22,5,9,1,1,9,4,0,0,0,0,0,0,0,0,0,0,0,0
2024,REG,00-0032463,K.Peko,Kyle Peko,2,DT,DL,"https://static.www.nfl.com/image/upload/f_auto,q_auto/league/fjkxpymzwv4qn2qui5me",DET,1,0,1,1,1,2,0,0,0,2,0,0,0,0,0,0,0,0,0,0,0,0
2024,REG,00-0032521,M.Hilton,Mike Hilton,16,CB,DB,"https://static.www.nfl.com/image/upload/f_auto,q_auto/league/uippdcskzxubvfqoqxlo",CIN,50,38,12,23,12,33,0,0,0,1,1,0,5,0,0,0,0,0,0,0,2,15
2024,REG,00-0032569,W.Lutz,Wil Lutz,2,K,SPEC,"https://static.www.nfl.com/image/upload/f_auto,q_auto/league/o99huensfz7qwnygonyg",DEN,0,0,0,0,0,0,0,0,0,0,0,0,0,0,0,0,0,0,0,0,2,0
2024,REG,00-0032574,M.Pierce,Michael Pierce,10,NT,DL,"https://static.www.nfl.com/image/upload/f_auto,q_auto/league/k9oastt4cbi9gpksewri",BAL,6,5,1,13,1,0,0,2,16,4,1,6,2,0,0,0,0,0,0,0,0,0
2024,REG,00-0032580,J.Jones,Jonathan Jones,16,CB,DB,"https://static.www.nfl.com/image/private/f_auto,q_auto/league/jn9mpyhj4gbzwyuio1kf",NE,41,40,1,17,0,0,2,0,0,0,0,0,6,0,0,0,0,0,0,0,3,30
2024,REG,00-0032667,R.Robertson-Harris,Roy Robertson-Harris,5,DT,DL,"https://static.www.nfl.com/image/upload/f_auto,q_auto/league/wvjotczjatgua8ufcxu4",JAX,5,5,0,2,3,5,0,2,11,4,0,0,0,0,0,0,0,0,0,0,0,0
2024,REG,00-0032667,R.Robertson-Harris,Roy Robertson-Harris,7,DT,DL,"https://static.www.nfl.com/image/upload/f_auto,q_auto/league/wvjotczjatgua8ufcxu4",SEA,5,4,1,8,1,1,0,0,0,1,0,0,1,0,0,0,0,0,0,0,1,5
2024,REG,00-0032671,M.Fox,Morgan Fox,14,DT,DL,"https://static.www.nfl.com/image/upload/f_auto,q_auto/league/mfqea9ql1fhomn2cognj",LAC,19,16,3,8,4,1,0,3.5,27,6,0,0,1,0,0,0,0,0,0,0,0,0
2024,REG,00-0032688,R.Chosen,Robbie Chosen,1,WR,WR,"https://static.www.nfl.com/image/private/f_auto,q_auto/league/hkcncqfwusv19fah3mbt",BUF,1,1,0,0,0,0,0,0,0,0,0,0,0,0,0,0,0,0,0,0,0,0
2024,REG,00-0032726,K.Fairbairn,Ka'imi Fairbairn,2,K,SPEC,"https://static.www.nfl.com/image/upload/f_auto,q_auto/league/d14gkuipphr97tzmprpv",HOU,0,0,0,0,0,0,0,0,0,0,0,0,0,0,0,0,0,0,0,0,2,0
2024,REG,00-0032759,S.Rankins,Sheldon Rankins,7,DT,DL,"https://static.www.nfl.com/image/upload/f_auto,q_auto/league/irtbfbgmszlpan4h954p",CIN,10,7,3,8,1,0,0,1,7,1,0,0,0,0,0,0,0,0,0,0,0,0
2024,REG,00-0032762,C.Jones,Chris Jones,15,DT,DL,"https://static.www.nfl.com/image/upload/f_auto,q_auto/league/bdoe3dkg1rej1tiqakb1",KC,19,18,1,18,9,7,1,5,23,20,0,0,0,0,0,0,0,0,0,0,5,35
2024,REG,00-0032763,A.Johnson,Austin Johnson,11,DT,DL,"https://static.www.nfl.com/image/upload/f_auto,q_auto/league/ggb026caft3iv7codtxe",BUF,7,6,1,12,0,0,0,0.5,0,1,2,9,2,0,0,0,0,0,0,0,0,0
2024,REG,00-0032774,D.Bush,Deon Bush,1,SS,DB,"https://static.www.nfl.com/image/upload/f_auto,q_auto/league/bbfkoigp2kunslxoxizi",KC,2,2,0,1,0,0,0,0,0,0,0,0,0,0,0,0,0,0,0,0,0,0
2024,REG,00-0032775,D.Robinson,Demarcus Robinson,1,WR,WR,"https://static.www.nfl.com/image/upload/f_auto,q_auto/league/lakf0xue1qqb7ed4p6ge",MIA,1,1,0,0,0,0,0,0,0,0,0,0,0,0,0,0,0,0,0,0,0,0
2024,REG,00-0032775,D.Robinson,Demarcus Robinson,1,WR,WR,"https://static.www.nfl.com/image/upload/f_auto,q_auto/league/lakf0xue1qqb7ed4p6ge",NYJ,1,1,0,0,0,0,0,0,0,0,0,0,0,0,0,0,0,0,0,0,0,0
2024,REG,00-0032803,J.Mills,Jalen Mills,8,CB,DB,"https://static.www.nfl.com/image/upload/f_auto,q_auto/league/yc4745ngoppgf1syjghl",NYJ,17,16,1,27,1,2,1,0,0,0,1,0,6,0,0,0,0,0,0,0,1,5
2024,REG,00-0032889,A.Robinson,A'Shawn Robinson,16,DE,DL,"https://static.www.nfl.com/image/upload/f_auto,q_auto/league/erkfjohq7j2kqigny727",CAR,43,36,7,37,8,2,1,5.5,45.5,8,0,0,1,0,0,0,0,0,0,0,4,39
2024,REG,00-0032891,D.Worley,Daryl Worley,8,FS,DB,"https://static.www.nfl.com/image/private/f_auto,q_auto/league/rxotapqf0dvdbnhkk5fl",TEN,28,25,3,24,0,0,1,0,0,0,1,0,2,0,0,0,0,0,0,0,1,10
2024,REG,00-0032892,N.Vigil,Nick Vigil,5,ILB,LB,"https://static.www.nfl.com/image/upload/f_auto,q_auto/league/wa0mujrluz8esidfvi8v",DAL,7,6,1,7,0,0,0,0,0,0,0,0,0,0,0,0,0,0,0,0,1,10
2024,REG,00-0032918,C.Ham,C.J. Ham,3,FB,RB,"https://static.www.nfl.com/image/upload/f_auto,q_auto/league/a23fezyvrzsse3q8yuxi",MIN,0,0,0,1,0,0,0,0,0,0,0,0,0,0,0,0,0,0,0,0,2,15
2024,REG,00-0032933,A.Hamilton,Antonio Hamilton,1,CB,DB,"https://static.www.nfl.com/image/upload/f_auto,q_auto/league/vr67l0o3rl37elhaulrf",ATL,2,2,0,0,0,0,0,0,0,0,0,0,0,0,0,0,0,0,0,0,0,0
2024,REG,00-0032939,V.Bell,Vonn Bell,14,SS,DB,"https://static.www.nfl.com/image/upload/f_auto,q_auto/league/sgfnqlbea65ktiiem6kp",CIN,21,17,4,30,1,0,1,0,0,1,1,32,2,0,0,0,0,1,0,0,0,0
2024,REG,00-0032954,I.Seumalo,Isaac Seumalo,1,G,OL,"https://static.www.nfl.com/image/upload/f_auto,q_auto/league/c5dr4qxx5vsono44tj6j",NYG,1,1,0,0,0,0,0,0,0,0,0,0,0,0,0,0,0,0,0,0,0,0
2024,REG,00-0032971,J.Simmons,Justin Simmons,16,FS,DB,"https://static.www.nfl.com/image/upload/f_auto,q_auto/league/hepfele9gi8zbjin8kbf",ATL,36,32,4,26,2,2,0,0,0,0,2,0,7,0,0,0,0,0,0,0,0,0
2024,REG,00-0033009,T.Boyd,Tyler Boyd,1,WR,WR,"https://static.www.nfl.com/image/upload/f_auto,q_auto/league/ttifog0hjxprlhkagugu",CIN,1,1,0,0,0,0,0,0,0,0,0,0,0,0,0,0,0,0,0,0,0,0
2024,REG,00-0033010,S.Day,Sheldon Day,9,DT,DL,"https://static.www.nfl.com/image/upload/f_auto,q_auto/league/cxw7fnka7letqbn7e1h3",WAS,12,10,2,12,2,3,0,0,0,1,0,0,1,0,0,0,0,0,0,0,0,0
2024,REG,00-0033038,E.Murray,Eric Murray,16,FS,DB,"https://static.www.nfl.com/image/upload/f_auto,q_auto/league/odk8nhmepeqj3rdljafn",HOU,49,45,4,25,2,1,0,1,14,2,1,0,10,0,0,0,0,0,0,0,3,58
2024,REG,00-0033040,T.Hill,Tyreek Hill,1,WR,WR,"https://static.www.nfl.com/image/upload/f_auto,q_auto/league/gdwjlpbkenmnsibawkht",HOU,2,2,0,0,0,0,0,0,0,0,0,0,0,0,0,0,0,0,0,0,0,0
2024,REG,00-0033045,E.Elliott,Ezekiel Elliott,1,RB,RB,"https://static.www.nfl.com/image/upload/f_auto,q_auto/league/d4yr6htg4dbs0bgcfqnd",NO,0,0,0,1,0,0,0,0,0,0,0,0,0,0,0,0,0,0,0,0,0,0
2024,REG,00-0033046,J.Ward,Jihad Ward,14,OLB,LB,"https://static.www.nfl.com/image/upload/f_auto,q_auto/league/qhdntz1hu7fboet6gsdg",MIN,5,5,0,5,1,0,0,1,4,14,0,0,1,0,0,0,0,1,2,0,3,25
2024,REG,00-0033051,D.Onyemata,David Onyemata,17,DT,DL,"https://static.www.nfl.com/image/upload/f_auto,q_auto/league/lrcxemhxjms9iknz5nsv",ATL,23,21,2,22,8,5,0,3,15,5,0,0,1,0,0,0,0,0,0,0,0,0
2024,REG,00-0033055,J.Ramsey,Jalen Ramsey,17,CB,DB,"https://static.www.nfl.com/image/private/f_auto,q_auto/league/qqpx4sxtl2oj8e8jaig7",MIA,39,36,3,21,6,5,0,1,12,4,2,7,11,0,0,0,0,0,0,0,5,74
2024,REG,00-0033057,J.Conklin,Jack Conklin,1,T,OL,"https://static.www.nfl.com/image/upload/f_auto,q_auto/league/n8bh3p91qk6myrjqmast",KC,1,1,0,0,0,0,0,0,0,0,0,0,0,0,0,0,0,0,0,0,0,0
2024,REG,00-0033064,A.Gotsis,Adam Gotsis,5,DT,DL,"https://static.www.nfl.com/image/upload/f_auto,q_auto/league/pfkcfbi2cqmxvpjjvzbh",IND,3,3,0,4,0,0,0,0,0,2,0,0,0,0,0,0,0,0,0,0,1,5
2024,REG,00-0033066,A.Billings,Andrew Billings,7,DT,DL,"https://static.www.nfl.com/image/upload/f_auto,q_auto/league/stkcgorrqfed6fpfcflw",CHI,9,6,3,4,2,1,1,1,10,3,0,0,0,0,0,0,0,0,0,0,1,5
2024,REG,00-0033072,L.Floyd,Leonard Floyd,14,DE,DL,"https://static.www.nfl.com/image/upload/f_auto,q_auto/league/nfkjp8qksxbnenougfzt",SF,25,22,3,17,8,1,1,8.5,40,16,0,0,1,0,0,0,0,0,0,0,1,5
2024,REG,00-0033073,E.Ogbah,Emmanuel Ogbah,16,DE,DL,"https://static.www.nfl.com/image/private/f_auto,q_auto/league/ch8e3xqiavbj85qnmypm",MIA,27,24,3,22,9,21,1,5,22,11,1,0,2,0,0,0,0,0,0,0,1,15
2024,REG,00-0033077,D.Prescott,Dak Prescott,1,QB,QB,"https://static.www.nfl.com/image/upload/f_auto,q_auto/league/xmtaggdnhuyl4pdwtv8j",NO,0,0,0,1,0,0,0,0,0,0,0,0,0,0,0,0,0,0,0,0,0,0
2024,REG,00-0033084,K.Fuller,Kendall Fuller,11,CB,DB,"https://static.www.nfl.com/image/upload/f_auto,q_auto/league/pdznqfqyrrwcjdrjb3s5",MIA,37,35,2,13,1,2,0,0,0,0,0,0,7,0,0,0,0,1,1,0,0,0
2024,REG,00-0033093,J.Bullard,Jonathan Bullard,17,DE,DL,"https://static.www.nfl.com/image/upload/f_auto,q_auto/league/shtrimq73t4hqsojvxcf",MIN,21,15,6,20,7,8,0,1,4,3,0,0,3,0,0,0,0,0,0,0,2,10
2024,REG,00-0033103,A.Burns,Artie Burns,2,CB,DB,"https://static.www.nfl.com/image/upload/f_auto,q_auto/league/nxzudhrs9uippsvtzzvm",SEA,3,3,0,1,0,0,0,0,0,0,0,0,3,0,0,0,0,0,0,0,1,5
2024,REG,00-0033106,J.Goff,Jared Goff,1,QB,QB,"https://static.www.nfl.com/image/upload/f_auto,q_auto/league/jxyaiwwkabzmmphouxil",GB,1,1,0,0,0,0,0,0,0,0,0,0,0,0,0,0,0,0,0,0,0,0
2024,REG,00-0033106,J.Goff,Jared Goff,1,QB,QB,"https://static.www.nfl.com/image/upload/f_auto,q_auto/league/jxyaiwwkabzmmphouxil",MIN,0,0,0,1,0,0,0,0,0,0,0,0,0,0,0,0,0,0,0,0,0,0
2024,REG,00-0033109,J.Hargrave,Javon Hargrave,3,DT,DL,"https://static.www.nfl.com/image/upload/f_auto,q_auto/league/xdcpyvepnbcc4enqqj76",SF,4,4,0,3,1,0,0,1,9,1,0,0,0,0,0,0,0,0,0,0,0,0
2024,REG,00-0033120,K.Clark,Kenny Clark,15,DT,DL,"https://static.www.nfl.com/image/upload/f_auto,q_auto/league/tyzoow2xs7xp9kqh20dw",GB,20,14,6,17,4,4,0,1,7,5,0,0,2,0,0,0,0,2,0,0,4,20
2024,REG,00-0033123,Y.Ngakoue,Yannick Ngakoue,5,DE,DL,"https://static.www.nfl.com/image/upload/f_auto,q_auto/league/ivskxqgndid0umkimrdw",BAL,1,1,0,4,1,0,0,1.5,3.5,4,0,0,0,0,0,0,0,0,0,0,0,0
2024,REG,00-0033123,Y.Ngakoue,Yannick Ngakoue,5,DE,DL,"https://static.www.nfl.com/image/upload/f_auto,q_auto/league/ivskxqgndid0umkimrdw",NE,4,2,2,5,0,0,0,0,0,2,0,0,0,0,0,0,0,0,0,0,1,15
2024,REG,00-0033131,M.Collins,Maliek Collins,17,DT,DL,"https://static.www.nfl.com/image/upload/f_auto,q_auto/league/podi6i7zb875h7jcmwmi",SF,20,20,0,13,5,5,0,5,36.5,12,0,0,0,0,0,0,0,2,0,0,3,34
2024,REG,00-0033132,K.Byard,Kevin Byard,17,FS,DB,"https://static.www.nfl.com/image/upload/f_auto,q_auto/league/ymu0jcrm7clsyhhvmcki",CHI,80,70,10,50,5,1,1,2,17,2,1,0,7,0,0,0,0,2,0,0,1,8
2024,REG,00-0033156,J.Bosa,Joey Bosa,12,DE,DL,"https://static.www.nfl.com/image/upload/f_auto,q_auto/league/mlrnkg2xcymq7ilodar5",LAC,17,16,1,5,5,2,2,5,24,13,0,0,0,0,0,0,0,0,0,0,6,30
2024,REG,00-0033217,M.Alie-Cox,Mo Alie-Cox,1,TE,TE,"https://static.www.nfl.com/image/upload/f_auto,q_auto/league/f4orwwthvtcyd3vfqjvs",NYG,1,1,0,0,0,0,0,0,0,0,0,0,0,0,0,0,0,0,0,0,0,0
2024,REG,00-0033281,M.Humphrey,Marlon Humphrey,16,CB,DB,"https://static.www.nfl.com/image/upload/f_auto,q_auto/league/z76v2oy3pduhaugfzs3t",BAL,49,46,3,17,5,3,2,0.5,3,4,6,37,15,1,0,0,0,0,0,0,9,114
2024,REG,00-0033282,C.Samuel,Curtis Samuel,1,WR,WR,"https://static.www.nfl.com/image/upload/f_auto,q_auto/league/mq62ulflifrpjrcyknbj",BAL,1,1,0,0,0,0,0,0,0,0,0,0,0,0,0,0,0,0,0,0,0,0
2024,REG,00-0033282,C.Samuel,Curtis Samuel,1,WR,WR,"https://static.www.nfl.com/image/upload/f_auto,q_auto/league/mq62ulflifrpjrcyknbj",IND,1,1,0,0,0,0,0,0,0,0,0,0,0,0,0,0,0,0,0,0,0,0
2024,REG,00-0033283,T.Bowser,Tyus Bowser,7,OLB,LB,"https://static.www.nfl.com/image/upload/f_auto,q_auto/league/ya9ueczkdruaxw1vnijr",MIA,5,5,0,5,0,0,0,0,0,0,0,0,0,0,0,0,0,0,0,0,1,5
2024,REG,00-0033283,T.Bowser,Tyus Bowser,1,OLB,LB,"https://static.www.nfl.com/image/upload/f_auto,q_auto/league/ya9ueczkdruaxw1vnijr",SEA,1,1,0,0,0,0,0,0,0,0,0,0,0,0,0,0,0,0,0,0,0,0
2024,REG,00-0033288,G.Kittle,George Kittle,1,TE,TE,"https://static.www.nfl.com/image/upload/f_auto,q_auto/league/ivkrikewqqdllzvano8h",ARI,2,2,0,0,0,0,0,0,0,0,0,0,0,0,0,0,0,0,0,0,0,0
2024,REG,00-0033288,G.Kittle,George Kittle,1,TE,TE,"https://static.www.nfl.com/image/upload/f_auto,q_auto/league/ivkrikewqqdllzvano8h",BUF,1,1,0,0,0,0,0,0,0,0,0,0,0,0,0,0,0,0,0,0,0,0
2024,REG,00-0033290,J.Eluemunor,Jermaine Eluemunor,1,T,OL,"https://static.www.nfl.com/image/upload/f_auto,q_auto/league/hoxvogcggmnpziljkvkn",CIN,0,0,0,1,0,0,0,0,0,0,0,0,0,0,0,0,0,0,0,0,0,0
2024,REG,00-0033293,A.Jones,Aaron Jones,1,RB,RB,"https://static.www.nfl.com/image/upload/f_auto,q_auto/league/bktkfvgfwujkdbzkcfim",CHI,1,1,0,0,0,0,0,0,0,0,0,0,0,0,0,0,0,0,0,0,0,0
2024,REG,00-0033293,A.Jones,Aaron Jones,1,RB,RB,"https://static.www.nfl.com/image/upload/f_auto,q_auto/league/bktkfvgfwujkdbzkcfim",GB,1,1,0,0,0,0,0,0,0,0,0,0,0,0,0,0,0,0,0,0,0,0
2024,REG,00-0033294,C.Clark,Chuck Clark,12,SS,DB,"https://static.www.nfl.com/image/upload/f_auto,q_auto/league/xuhbezcp9prw2eebxha4",NYJ,38,36,2,31,1,0,1,1,8,1,0,0,2,0,0,0,0,1,0,0,3,32
2024,REG,00-0033297,D.Jones,D.J. Jones,17,NT,DL,"https://static.www.nfl.com/image/upload/f_auto,q_auto/league/vyntblgpp0dtgpvckebc",DEN,21,17,4,21,1,1,0,1,3.5,3,0,0,3,0,0,0,0,1,0,0,1,5
2024,REG,00-0033303,H.Butker,Harrison Butker,1,K,SPEC,"https://static.www.nfl.com/image/upload/f_auto,q_auto/league/nx9u4wjcqwu8qojmtjkf",KC,0,0,0,0,0,0,0,0,0,0,0,0,0,0,0,0,0,0,0,0,1,0
2024,REG,00-0033336,E.Wilson,Eric Wilson,17,ILB,LB,"https://static.www.nfl.com/image/upload/f_auto,q_auto/league/jkwb6og7ip3vojzqhmsq",GB,32,28,4,31,7,10,1,2,17,4,1,0,2,0,0,0,0,0,0,0,0,0
2024,REG,00-0033347,J.Tupou,Josh Tupou,2,NT,DL,"https://static.www.nfl.com/image/upload/f_auto,q_auto/league/l2qbcwd7xkczaf4yibdf",BAL,3,3,0,0,1,0,0,1,1,1,0,0,0,0,0,0,0,0,0,0,0,0
2024,REG,00-0033357,T.Hill,Taysom Hill,1,TE,TE,"https://static.www.nfl.com/image/upload/f_auto,q_auto/league/q8itjlocg5do60qat4l3",NO,1,1,0,0,1,0,1,0,0,0,0,0,0,0,0,0,0,0,0,0,0,0
2024,REG,00-0033381,A.Butler,Adam Butler,16,DT,DL,"https://static.www.nfl.com/image/upload/f_auto,q_auto/league/kpbasd2x1ck6avhrdvya",LV,36,29,7,29,8,8,1,5,41.5,10,0,0,1,0,0,0,0,0,0,0,2,20
2024,REG,00-0033393,K.Moore,Kenny Moore,15,CB,DB,"https://static.www.nfl.com/image/private/f_auto,q_auto/league/ji3hdoi86xonnhxlr6gl",IND,51,41,10,27,4,5,0,0.5,5,2,3,28,7,1,0,0,0,1,38,0,1,3
2024,REG,00-0033439,P.Brown,Pharaoh Brown,1,TE,TE,"https://static.www.nfl.com/image/upload/f_auto,q_auto/league/ab0kbxsmasznlccuezcq",CHI,1,1,0,0,0,0,0,0,0,0,0,0,0,0,0,0,0,0,0,0,0,0
2024,REG,00-0033445,N.Morrow,Nicholas Morrow,2,ILB,LB,"https://static.www.nfl.com/image/upload/f_auto,q_auto/league/cqugkutgtlbtxjiadzzq",BUF,0,0,0,2,0,0,0,0,0,0,0,0,0,0,0,0,0,0,0,0,0,0
2024,REG,00-0033461,R.McMillan,Raekwon McMillan,8,ILB,LB,"https://static.www.nfl.com/image/private/f_auto,q_auto/league/pbp2nyjgepdk6neak71i",NE,23,17,6,21,1,4,0,0,0,0,0,0,1,0,0,0,0,0,0,0,0,0
2024,REG,00-0033463,C.Lawson,Carl Lawson,11,DE,DL,"https://static.www.nfl.com/image/upload/f_auto,q_auto/league/fv6hftu35bcjuenhupde",DAL,7,5,2,8,4,0,1,5,38.5,15,0,0,0,0,0,0,0,0,0,0,2,10
2024,REG,00-0033503,A.Maulet,Arthur Maulet,3,CB,DB,"https://static.www.nfl.com/image/upload/f_auto,q_auto/league/yes3epodpjvubtvfoy7e",BAL,4,4,0,1,0,0,0,0,0,0,0,0,0,0,0,0,0,0,0,0,0,0
2024,REG,00-0033512,D.Kazee,Damontae Kazee,11,SS,DB,"https://static.www.nfl.com/image/upload/f_auto,q_auto/league/qjzpwvhklyf4pjds8nwe",PIT,22,22,0,9,0,0,0,0,0,0,1,5,2,0,0,0,0,0,0,0,2,20
2024,REG,00-0033523,J.Allen,Jonathan Allen,8,DT,DL,"https://static.www.nfl.com/image/upload/f_auto,q_auto/league/lezh4kpghvllvbriih5a",WAS,16,14,2,3,3,0,0,3,15,7,0,0,0,0,0,0,0,0,0,0,0,0
2024,REG,00-0033524,K.King,Kevin King,7,CB,DB,"https://static.www.nfl.com/image/upload/f_auto,q_auto/league/gtqricr7gub4urjpyadn",ATL,5,5,0,2,0,0,0,0,0,0,0,0,2,0,0,0,0,1,0,0,2,20
2024,REG,00-0033536,M.Williams,Mike Williams,1,WR,WR,"https://static.www.nfl.com/image/upload/f_auto,q_auto/league/vwu8nudrnk3l7samz8mf",BUF,1,1,0,0,0,0,0,0,0,0,0,0,0,0,0,0,0,0,0,0,0,0
2024,REG,00-0033536,M.Williams,Mike Williams,1,WR,WR,"https://static.www.nfl.com/image/upload/f_auto,q_auto/league/vwu8nudrnk3l7samz8mf",MIN,1,1,0,0,0,0,0,0,0,0,0,0,0,0,0,0,0,0,0,0,0,0
2024,REG,00-0033540,T.McKinley,Takk McKinley,6,DE,DL,"https://static.www.nfl.com/image/upload/f_auto,q_auto/league/bkkszbovn5ncxprku7rh",NYJ,4,2,2,5,1,1,0,0.5,2.5,2,0,0,0,0,0,0,0,0,0,0,1,5
2024,REG,00-0033546,D.Tomlinson,Dalvin Tomlinson,16,DT,DL,"https://static.www.nfl.com/image/upload/f_auto,q_auto/league/amm1zzozebf82214h0eg",CLE,13,9,4,13,6,6,0,3,24,18,0,0,0,0,0,0,0,0,0,0,1,5
2024,REG,00-0033547,Z.Cunningham,Zach Cunningham,1,ILB,LB,"https://static.www.nfl.com/image/upload/f_auto,q_auto/league/fpqgit8oxv2kkdufwrex",DEN,1,1,0,2,0,0,0,0,0,0,0,0,0,0,0,0,0,0,0,0,0,0
2024,REG,00-0033548,C.Awuzie,Chidobe Awuzie,8,CB,DB,"https://static.www.nfl.com/image/upload/f_auto,q_auto/league/kjne7duta6jkknbbiyx7",TEN,17,14,3,9,0,0,1,0,0,0,1,8,4,0,0,0,0,0,0,0,1,15
2024,REG,00-0033549,D.Riley,Duke Riley,2,ILB,LB,"https://static.www.nfl.com/image/upload/f_auto,q_auto/league/qupmregt7cnl5jgzvuug",MIA,2,2,0,3,0,0,0,0,0,0,0,0,0,0,0,0,0,0,0,0,0,0
2024,REG,00-0033551,R.Douglas,Rasul Douglas,15,CB,DB,"https://static.www.nfl.com/image/upload/f_auto,q_auto/league/ckyphq6brbau8lhgbt6j",BUF,43,39,4,15,5,10,1,0,0,0,0,0,5,0,0,0,0,0,0,0,6,37
2024,REG,00-0033553,J.Conner,James Conner,1,RB,RB,"https://static.www.nfl.com/image/upload/f_auto,q_auto/league/rtvys5j7sxjrlbpy5iim",LAC,1,1,0,0,0,0,1,0,0,0,0,0,0,0,0,0,0,0,0,0,0,0
2024,REG,00-0033553,J.Conner,James Conner,1,RB,RB,"https://static.www.nfl.com/image/upload/f_auto,q_auto/league/rtvys5j7sxjrlbpy5iim",SEA,1,1,0,0,0,0,0,0,0,0,0,0,0,0,0,0,0,0,0,0,0,0
2024,REG,00-0033553,J.Conner,James Conner,1,RB,RB,"https://static.www.nfl.com/image/upload/f_auto,q_auto/league/rtvys5j7sxjrlbpy5iim",SF,0,0,0,1,0,0,0,0,0,0,0,0,0,0,0,0,0,0,0,0,0,0
2024,REG,00-0033555,M.Hollins,Mack Hollins,1,WR,WR,"https://static.www.nfl.com/image/upload/f_auto,q_auto/league/xchw7quzjszgrm6psbyg",IND,1,1,0,0,0,0,0,0,0,0,0,0,0,0,0,0,0,0,0,0,0,0
2024,REG,00-0033557,J.Reeves-Maybin,Jalen Reeves-Maybin,8,OLB,LB,"https://static.www.nfl.com/image/upload/f_auto,q_auto/league/oczccxuvy4ltvjy4fhmu",DET,10,9,1,3,0,0,1,0,0,0,0,0,0,0,0,0,0,0,0,0,2,25
2024,REG,00-0033563,C.Watkins,Carlos Watkins,7,DE,DL,"https://static.www.nfl.com/image/upload/f_auto,q_auto/league/f6lnoo70bkircgjnmc0k",DAL,4,4,0,8,0,0,0,0,0,0,0,0,0,0,0,0,0,0,0,0,0,0
2024,REG,00-0033566,D.King,Desmond King,1,CB,DB,"https://static.www.nfl.com/image/upload/f_auto,q_auto/league/bqwzwewlpjcgm8zgvcs9",BAL,1,1,0,1,0,0,0,0,0,0,0,0,0,0,0,0,0,0,0,0,1,5
2024,REG,00-0033570,A.Walker,Anthony Walker,12,MLB,LB,"https://static.www.nfl.com/image/upload/f_auto,q_auto/league/e0zs0cfqze82te05sqi3",MIA,33,28,5,33,0,0,0,1,0,0,1,5,2,0,0,0,0,0,0,0,1,5
2024,REG,00-0033571,M.Milano,Matt Milano,4,OLB,LB,"https://static.www.nfl.com/image/upload/f_auto,q_auto/league/wic0vfbw2xj3a5yjgwf4",BUF,7,5,2,9,1,1,0,0,0,2,0,0,0,0,0,0,0,2,0,0,0,0
2024,REG,00-0033579,X.Woods,Xavier Woods,17,FS,DB,"https://static.www.nfl.com/image/upload/f_auto,q_auto/league/eod3wrrurjyn3tnt3vre",CAR,72,67,5,47,2,0,0,0,0,0,3,70,6,0,0,0,0,0,0,0,4,50
2024,REG,00-0033582,J.Ledbetter,Jeremiah Ledbetter,14,DT,DL,"https://static.www.nfl.com/image/upload/f_auto,q_auto/league/tmrdn5vftop0py2dwzn2",JAX,20,15,5,18,8,9,0,2,15,4,0,0,0,0,0,0,0,0,0,0,0,0
2024,REG,00-0033589,D.Moore,David Moore,1,WR,WR,"https://static.www.nfl.com/image/upload/f_auto,q_auto/league/i2esmsczxxoq7pzvg6yf",DAL,1,1,0,0,0,0,0,0,0,0,0,0,0,0,0,0,0,0,0,0,0,0
2024,REG,00-0033589,D.Moore,David Moore,1,WR,WR,"https://static.www.nfl.com/image/upload/f_auto,q_auto/league/i2esmsczxxoq7pzvg6yf",PHI,1,1,0,0,0,0,0,0,0,0,0,0,0,0,0,0,0,0,0,0,0,0
2024,REG,00-0033595,P.O'Connor,Pat O'Connor,8,DE,DL,"https://static.www.nfl.com/image/upload/f_auto,q_auto/league/mynhvgemge8xxm7ekits",DET,3,3,0,10,2,6,0,1,12,1,0,0,0,0,0,0,0,0,0,0,3,15
2024,REG,00-0033598,E.Ankou,Eli Ankou,2,DT,DL,"https://static.www.nfl.com/image/upload/f_auto,q_auto/league/vo3rcoaq6owinjqnlzis",BUF,1,0,1,4,0,0,0,0,0,0,0,0,0,0,0,0,0,0,0,0,0,0
2024,REG,00-0033697,M.Davis,Michael Davis,5,CB,DB,"https://static.www.nfl.com/image/upload/f_auto,q_auto/league/xhomoqg5qsjbpacywfno",WAS,7,6,1,3,0,0,0,0,0,0,0,0,1,0,0,0,0,0,0,0,3,30
2024,REG,00-0033746,A.Barrett,Alex Barrett,1,DE,DL,"https://static.www.nfl.com/image/upload/f_auto,q_auto/league/ckui91mrqawzzbz9jjxa",SF,1,1,0,0,0,0,0,0,0,0,0,0,0,0,0,0,0,0,0,0,0,0
2024,REG,00-0033782,D.Walker,DeMarcus Walker,17,DE,DL,"https://static.www.nfl.com/image/upload/f_auto,q_auto/league/srytj7u2ver5a0lnanpg",CHI,25,16,9,22,7,6,0,3.5,19.5,16,0,0,0,0,0,0,0,0,0,0,0,0
2024,REG,00-0033783,A.Witherspoon,Ahkello Witherspoon,11,CB,DB,"https://static.www.nfl.com/image/upload/f_auto,q_auto/league/s0ugeantfk8glnsstdwe",LA,25,23,2,5,0,0,0,0,0,0,1,0,9,0,0,0,0,0,0,0,1,23
2024,REG,00-0033784,E.Jackson,Eddie Jackson,8,FS,DB,"https://static.www.nfl.com/image/upload/f_auto,q_auto/league/ixwxc8m6qpilrwnuxfff",BAL,18,17,1,12,1,1,0,0,0,1,0,0,1,0,0,0,0,0,0,0,1,15
2024,REG,00-0033857,J.Smith-Schuster,JuJu Smith-Schuster,1,WR,WR,"https://static.www.nfl.com/image/upload/f_auto,q_auto/league/l0hsr6xsbsagzygcqhci",BUF,1,1,0,0,0,0,0,0,0,0,0,0,0,0,0,0,0,0,0,0,0,0
2024,REG,00-0033858,J.Smith,Jonnu Smith,1,TE,TE,"https://static.www.nfl.com/image/upload/f_auto,q_auto/league/p8uldtljkzb6sile3wgx",BUF,0,0,0,1,0,0,0,0,0,0,0,0,0,0,0,0,0,0,0,0,0,0
2024,REG,00-0033860,D.Godchaux,Davon Godchaux,17,NT,DL,"https://static.www.nfl.com/image/private/f_auto,q_auto/league/vdvrll3sffp00ijreboc",NE,24,16,8,43,1,1,0,0,0,1,0,0,1,0,0,0,0,0,0,0,0,0
2024,REG,00-0033868,M.Garrett,Myles Garrett,15,DE,DL,"https://static.www.nfl.com/image/private/f_auto,q_auto/league/y33rmtjxhgil7cjcftlc",CLE,40,34,6,7,22,15,3,14,92,28,0,0,1,0,0,0,0,1,0,0,5,24
2024,REG,00-0033870,S.Thomas,Solomon Thomas,15,DT,DL,"https://static.www.nfl.com/image/upload/f_auto,q_auto/league/kuzovvbbdsshvhhstf5f",NYJ,15,13,2,11,5,7,1,3.5,16.5,6,0,0,2,0,0,0,0,1,0,0,4,34
2024,REG,00-0033872,J.Adams,Jamal Adams,2,SS,DB,"https://static.www.nfl.com/image/upload/f_auto,q_auto/league/whdw4wbaegvpdhxffnud",DET,2,1,1,1,0,0,0,0,0,0,0,0,0,0,0,0,0,0,0,0,0,0
2024,REG,00-0033872,J.Adams,Jamal Adams,2,SS,DB,"https://static.www.nfl.com/image/upload/f_auto,q_auto/league/whdw4wbaegvpdhxffnud",TEN,2,2,0,2,0,0,0,0,0,0,0,0,0,0,0,0,0,0,0,0,0,0
2024,REG,00-0033874,M.Lattimore,Marshon Lattimore,7,CB,DB,"https://static.www.nfl.com/image/upload/f_auto,q_auto/league/z4npwlwl5teozc1lp8ky",NO,22,20,2,8,0,0,0,0,0,0,0,0,2,0,0,0,0,0,0,0,1,17
2024,REG,00-0033874,M.Lattimore,Marshon Lattimore,1,CB,DB,"https://static.www.nfl.com/image/upload/f_auto,q_auto/league/z4npwlwl5teozc1lp8ky",WAS,3,3,0,1,0,0,0,0,0,0,0,0,3,0,0,0,0,0,0,0,3,68
2024,REG,00-0033875,H.Reddick,Haason Reddick,9,OLB,LB,"https://static.www.nfl.com/image/upload/f_auto,q_auto/league/a1zhze78doxzir02uvmr",NYJ,9,9,0,5,2,2,1,1,10,3,0,0,1,0,0,0,0,0,0,0,1,10
2024,REG,00-0033876,D.Barnett,Derek Barnett,15,DE,DL,"https://static.www.nfl.com/image/upload/f_auto,q_auto/league/zmd1moeoqrnfttpb2diu",HOU,15,14,1,11,4,10,2,5,25,7,0,0,0,2,0,0,0,2,36,0,3,35
2024,REG,00-0033877,M.Hooker,Malik Hooker,17,FS,DB,"https://static.www.nfl.com/image/upload/f_auto,q_auto/league/bo2hnyhkoybx09qn0jpf",DAL,51,42,9,30,3,1,0,0,0,1,2,20,5,0,0,0,0,0,0,0,0,0
2024,REG,00-0033878,A.Jackson,Adoree' Jackson,11,CB,DB,"https://static.www.nfl.com/image/private/f_auto,q_auto/league/wz7ftjbrza2khve21rpl",NYG,18,17,1,10,1,3,1,0,0,0,0,0,5,0,0,0,0,1,0,0,3,66
2024,REG,00-0033880,C.Harris,Charles Harris,7,DE,DL,"https://static.www.nfl.com/image/upload/f_auto,q_auto/league/xssxsqkbd4osqsrbtxr5",CAR,14,13,1,6,4,1,0,3,18,7,0,0,0,0,0,0,0,0,0,0,0,0
2024,REG,00-0033880,C.Harris,Charles Harris,1,DE,DL,"https://static.www.nfl.com/image/upload/f_auto,q_auto/league/xssxsqkbd4osqsrbtxr5",PHI,1,1,0,2,0,0,0,0,0,0,0,0,0,0,0,0,0,0,0,0,0,0
2024,REG,00-0033881,E.Engram,Evan Engram,1,TE,TE,"https://static.www.nfl.com/image/upload/f_auto,q_auto/league/sea0atk2feif4n75dvq8",PHI,1,1,0,0,0,0,0,0,0,0,0,0,0,0,0,0,0,0,0,0,0,0
2024,REG,00-0033883,J.Peppers,Jabrill Peppers,6,SS,DB,"https://static.www.nfl.com/image/private/f_auto,q_auto/league/w2cmxw8r8hy8mnghitxp",NE,20,14,6,19,2,2,1,0,0,0,1,0,2,0,0,0,0,0,0,0,0,0
2024,REG,00-0033884,T.White,Tre'Davious White,6,CB,DB,"https://static.www.nfl.com/image/upload/f_auto,q_auto/league/xlgqko9tehzohbgnou0v",BAL,7,7,0,3,0,0,0,0,0,0,0,0,3,0,0,0,0,0,0,0,0,0
2024,REG,00-0033884,T.White,Tre'Davious White,4,CB,DB,"https://static.www.nfl.com/image/upload/f_auto,q_auto/league/xlgqko9tehzohbgnou0v",LA,9,9,0,3,0,0,0,0,0,0,0,0,2,0,0,0,0,0,0,0,4,29
2024,REG,00-0033885,D.Njoku,David Njoku,2,TE,TE,"https://static.www.nfl.com/image/private/f_auto,q_auto/league/ilvxwdllivrvwbuj69cm",CIN,2,2,0,0,0,0,0,0,0,0,0,0,0,0,0,0,0,0,0,0,0,0
2024,REG,00-0033885,D.Njoku,David Njoku,1,TE,TE,"https://static.www.nfl.com/image/private/f_auto,q_auto/league/ilvxwdllivrvwbuj69cm",DAL,1,1,0,0,0,0,0,0,0,0,0,0,0,0,0,0,0,0,0,0,0,0
2024,REG,00-0033885,D.Njoku,David Njoku,1,TE,TE,"https://static.www.nfl.com/image/private/f_auto,q_auto/league/ilvxwdllivrvwbuj69cm",LAC,1,1,0,0,0,0,0,0,0,0,0,0,0,0,0,0,0,0,0,0,0,0
2024,REG,00-0033886,T.Watt,T.J. Watt,16,OLB,LB,"https://static.www.nfl.com/image/upload/f_auto,q_auto/league/r1ktugphegyoqsbbhrau",PIT,40,35,5,21,19,21,6,11.5,79.5,27,0,0,4,0,0,0,0,2,0,0,1,5
2024,REG,00-0033889,C.Robinson,Cam Robinson,1,T,OL,"https://static.www.nfl.com/image/upload/f_auto,q_auto/league/mjygiskkmwgwqhswdvac",JAX,1,1,0,0,0,0,0,0,0,0,0,0,0,0,0,0,0,0,0,0,0,0
2024,REG,00-0033890,B.Baker,Budda Baker,17,SS,DB,"https://static.www.nfl.com/image/upload/f_auto,q_auto/league/fg0hgiihwwun2qerappu",ARI,95,85,10,68,10,8,1,2,13,3,0,0,5,0,0,0,0,0,0,0,1,20
2024,REG,00-0033891,Z.Jones,Zay Jones,1,WR,WR,"https://static.www.nfl.com/image/upload/f_auto,q_auto/league/uxtqpnwdviolravhnrkw",LA,1,1,0,0,0,0,0,0,0,0,0,0,0,0,0,0,0,0,0,0,0,0
2024,REG,00-0033892,M.Maye,Marcus Maye,4,FS,DB,"https://static.www.nfl.com/image/upload/f_auto,q_auto/league/jkqmwuujqfh8kir8wzdq",LAC,4,4,0,6,0,0,0,0,0,0,1,0,2,0,0,0,0,0,0,0,0,0
2024,REG,00-0033892,M.Maye,Marcus Maye,7,FS,DB,"https://static.www.nfl.com/image/upload/f_auto,q_auto/league/jkqmwuujqfh8kir8wzdq",MIA,13,10,3,17,1,0,0,0,0,0,0,0,1,0,0,0,0,0,0,0,0,0
2024,REG,00-0033894,M.Williams,Marcus Williams,9,FS,DB,"https://static.www.nfl.com/image/upload/f_auto,q_auto/league/niqp2dje7qvlegxtsttn",BAL,27,19,8,6,1,0,0,0,0,0,0,0,2,0,0,0,0,1,0,0,1,5
2024,REG,00-0033897,J.Mixon,Joe Mixon,1,RB,RB,"https://static.www.nfl.com/image/upload/f_auto,q_auto/league/gwyhozfhjgedwdmmjjcf",IND,1,1,0,0,0,0,0,0,0,0,0,0,0,0,0,0,0,0,0,0,0,0
2024,REG,00-0033901,E.Pocic,Ethan Pocic,1,C,OL,"https://static.www.nfl.com/image/upload/f_auto,q_auto/league/wmmfnxfib63sjmqn5z5j",PIT,0,0,0,1,0,0,0,0,0,0,0,0,0,0,0,0,0,0,0,0,0,0
2024,REG,00-0033902,T.Kpassagnon,Tanoh Kpassagnon,2,DE,DL,"https://static.www.nfl.com/image/private/f_auto,q_auto/league/ilr1bs7qesfq7fryeetc",NO,1,1,0,0,0,0,0,0,0,1,0,0,0,0,0,0,0,0,0,0,1,5
2024,REG,00-0033905,L.Ogunjobi,Larry Ogunjobi,15,DT,DL,"https://static.www.nfl.com/image/upload/f_auto,q_auto/league/ku6hytxqrto1u4zn8al8",PIT,16,14,2,25,5,8,0,1.5,11,7,0,0,0,0,0,0,0,0,0,0,1,15
2024,REG,00-0033906,A.Kamara,Alvin Kamara,1,RB,RB,"https://static.www.nfl.com/image/private/f_auto,q_auto/league/tl9enad6kiwv6cukf4vt",WAS,1,1,0,0,0,0,0,0,0,0,0,0,0,0,0,0,0,0,0,0,0,0
2024,REG,00-0033907,D.Smoot,Dawuane Smoot,9,DE,DL,"https://static.www.nfl.com/image/upload/f_auto,q_auto/league/jaueg1ulkscyum1blewn",BUF,12,11,1,4,5,5,2,1.5,1.5,4,0,0,1,0,0,0,0,0,0,0,3,24
2024,REG,00-0033913,C.Wormley,Chris Wormley,1,DE,DL,"https://static.www.nfl.com/image/upload/f_auto,q_auto/league/qqmbvbpitcgchhjcptve",BAL,1,1,0,3,0,0,0,0,0,0,0,0,0,0,0,0,0,0,0,0,0,0
2024,REG,00-0033914,A.Anzalone,Alex Anzalone,10,ILB,LB,"https://static.www.nfl.com/image/upload/f_auto,q_auto/league/xqnraw1s62bbbsdffztm",DET,43,36,7,20,7,1,0,1,8,5,0,0,5,0,0,0,0,0,0,0,2,10
2024,REG,00-0033918,F.Moreau,Fabian Moreau,3,CB,DB,"https://static.www.nfl.com/image/upload/f_auto,q_auto/league/osj1pbe8mj5f7h47l2op",MIN,6,5,1,1,0,0,0,0,0,0,0,0,1,0,0,0,0,0,0,0,2,51
2024,REG,00-0033921,C.Godwin,Chris Godwin,1,WR,WR,"https://static.www.nfl.com/image/upload/f_auto,q_auto/league/al7b3dzqhysgve7l5lke",BAL,1,1,0,0,0,0,0,0,0,0,0,0,0,0,0,0,0,0,0,0,0,0
2024,REG,00-0033921,C.Godwin,Chris Godwin,1,WR,WR,"https://static.www.nfl.com/image/upload/f_auto,q_auto/league/al7b3dzqhysgve7l5lke",DET,1,1,0,0,0,0,0,0,0,0,0,0,0,0,0,0,0,0,0,0,0,0
2024,REG,00-0033926,S.Griffin,Shaquill Griffin,15,CB,DB,"https://static.www.nfl.com/image/upload/f_auto,q_auto/league/jybewrw2vsf17rxds4tv",MIN,34,31,3,7,1,0,0,0,0,0,2,28,6,0,0,0,0,0,0,0,1,6
2024,REG,00-0033927,J.Johnson,John Johnson,2,SS,DB,"https://static.www.nfl.com/image/private/f_auto,q_auto/league/herqvjadd4i3jbhwszqt",LA,4,3,1,4,0,0,0,0,0,0,1,0,1,0,0,0,0,0,0,0,0,0
2024,REG,00-0033928,J.Lewis,Jourdan Lewis,16,CB,DB,"https://static.www.nfl.com/image/upload/f_auto,q_auto/league/acau2wb5ijbtvy5kntng",DAL,39,39,0,32,3,0,1,1,10,2,1,0,8,0,0,0,0,1,0,0,3,31
2024,REG,00-0033929,M.Adams,Montravius Adams,8,NT,DL,"https://static.www.nfl.com/image/upload/f_auto,q_auto/league/weqjlnkvdzbk0usa3v7i",PIT,9,7,2,5,2,4,0,1,9,1,0,0,0,0,0,0,0,0,0,0,1,15
2024,REG,00-0033930,C.Sutton,Cameron Sutton,5,CB,DB,"https://static.www.nfl.com/image/upload/f_auto,q_auto/league/rykly25j9mir0ygcnrs6",PIT,7,7,0,8,0,0,0,0,0,0,0,0,3,0,0,0,0,0,0,0,0,0
2024,REG,00-0033935,T.Hendrickson,Trey Hendrickson,17,DE,DL,"https://static.www.nfl.com/image/upload/f_auto,q_auto/league/oggkxhesq0dxedudmr66",CIN,33,28,5,13,19,2,2,17.5,125.5,36,0,0,6,0,0,0,0,0,0,0,4,45
2024,REG,00-0033941,R.Jenkins,Rayshawn Jenkins,13,SS,DB,"https://static.www.nfl.com/image/upload/f_auto,q_auto/league/zbgfbrqkle6yabkpkaob",SEA,33,31,2,19,2,0,0,2,24,2,0,0,0,1,0,0,0,1,102,0,0,0
2024,REG,00-0033943,J.Reynolds,Josh Reynolds,1,WR,WR,"https://static.www.nfl.com/image/upload/f_auto,q_auto/league/ifukozhqlo1728h3gjnp",IND,1,1,0,0,0,0,0,0,0,0,0,0,0,0,0,0,0,0,0,0,0,0
2024,REG,00-0033947,D.Wise,Deatrich Wise,13,DE,DL,"https://static.www.nfl.com/image/private/f_auto,q_auto/league/bxwmlzyorjsos6w7g2x6",NE,16,15,1,13,5,1,0,5,26,8,0,0,3,0,0,0,0,0,0,0,3,34
2024,REG,00-0033952,G.Stewart,Grover Stewart,17,DT,DL,"https://static.www.nfl.com/image/upload/f_auto,q_auto/league/wa2bldls0gnjueyhkwki",IND,29,22,7,45,10,20,1,3.5,10.5,6,0,0,3,0,0,0,0,1,0,0,2,10
2024,REG,00-0033955,J.McNichols,Jeremy McNichols,1,RB,RB,"https://static.www.nfl.com/image/upload/f_auto,q_auto/league/kegqjj5pv7xidm0xwtpy",PHI,1,1,0,0,0,0,0,0,0,0,0,0,0,0,0,0,0,0,0,0,0,0
2024,REG,00-0033964,A.Muhammad,Al-Quadin Muhammad,7,DE,DL,"https://static.www.nfl.com/image/private/f_auto,q_auto/league/qgzgezkkoycldlnaatq8",DET,8,8,0,3,4,0,0,3,21,5,0,0,1,0,0,0,0,0,0,0,2,10
2024,REG,00-0034091,G.Odum,George Odum,5,FS,DB,"https://static.www.nfl.com/image/upload/f_auto,q_auto/league/watelqvhccitomv8ntny",SF,9,9,0,2,0,0,0,0,0,0,0,0,4,0,0,0,0,0,0,0,2,20
2024,REG,00-0034116,J.Gray,J.T. Gray,2,SS,DB,"https://static.www.nfl.com/image/private/f_auto,q_auto/league/ibo4b3ak2ufimxupcezw",NO,2,2,0,1,0,0,1,0,0,0,0,0,0,0,0,0,0,0,0,0,0,0
2024,REG,00-0034125,K.Vickers,Kendal Vickers,1,DT,DL,"https://static.www.nfl.com/image/upload/f_auto,q_auto/league/j8xpfahzfgawazl4trkn",NO,1,1,0,1,0,0,0,0,0,0,0,0,0,0,0,0,0,0,0,0,0,0
2024,REG,00-0034145,C.Lammons,Chris Lammons,4,CB,DB,"https://static.www.nfl.com/image/upload/f_auto,q_auto/league/odsa5adl0tyjcer1hnzz",IND,7,5,2,2,1,0,1,1,22,1,0,0,0,0,0,0,0,2,3,0,2,9
2024,REG,00-0034161,D.Carlson,Daniel Carlson,1,K,SPEC,"https://static.www.nfl.com/image/upload/f_auto,q_auto/league/hmi2uz3snvfcxgfrsv5j",LV,0,0,0,0,0,0,0,0,0,0,0,0,0,0,0,0,0,0,0,0,1,0
2024,REG,00-0034163,J.Martin,Jake Martin,8,DE,DL,"https://static.www.nfl.com/image/upload/f_auto,q_auto/league/gomvduedkl0i9icpg8rk",CHI,9,8,1,5,3,5,0,3,6,6,0,0,1,0,0,0,0,0,0,0,0,0
2024,REG,00-0034173,E.Pineiro,Eddy Pineiro,3,K,SPEC,"https://static.www.nfl.com/image/upload/f_auto,q_auto/league/ybta3otz713o8xykkwjc",CAR,0,0,0,0,0,0,0,0,0,0,0,0,0,0,0,0,0,0,0,0,3,0
2024,REG,00-0034203,D.Williams,Darious Williams,12,CB,DB,"https://static.www.nfl.com/image/upload/f_auto,q_auto/league/dewntuji0qaai8mlayq4",LA,31,26,5,14,1,4,0,0,0,0,1,0,7,0,0,0,0,0,0,0,1,6
2024,REG,00-0034234,P.Ford,Poona Ford,16,DE,DL,"https://static.www.nfl.com/image/upload/f_auto,q_auto/league/x2cokuzcjrtr9acici6e",LAC,24,23,1,15,8,4,0,3,19,9,1,3,4,0,0,0,0,0,0,0,0,0
2024,REG,00-0034248,E.Campbell,Elijah Campbell,8,SS,DB,"https://static.www.nfl.com/image/upload/f_auto,q_auto/league/bczzvn5pymws4c56l60n",MIA,4,3,1,4,1,0,0,0,0,0,0,0,0,0,0,0,0,0,0,0,3,15
2024,REG,00-0034251,D.Ekuale,Daniel Ekuale,15,DT,DL,"https://static.www.nfl.com/image/private/f_auto,q_auto/league/lj9dekf0gg90pljbtbiq",NE,24,19,5,28,2,2,0,1,5.5,3,0,0,0,0,0,0,0,0,0,0,0,0
2024,REG,00-0034264,J.Holmes,Jalyn Holmes,3,DE,DL,"https://static.www.nfl.com/image/upload/f_auto,q_auto/league/oz0tnktobolewzq0rjpq",NYJ,1,1,0,3,1,2,0,0,0,1,0,0,0,0,0,0,0,0,0,0,0,0
2024,REG,00-0034264,J.Holmes,Jalyn Holmes,9,DE,DL,"https://static.www.nfl.com/image/upload/f_auto,q_auto/league/oz0tnktobolewzq0rjpq",WAS,10,8,2,4,5,3,0,2,11,2,0,0,0,0,0,0,0,0,0,0,0,0
2024,REG,00-0034272,M.Valdes-Scantling,Marquez Valdes-Scantling,1,WR,WR,"https://static.www.nfl.com/image/upload/f_auto,q_auto/league/vn2bg6lhyl15xrymtd5g",CLE,1,1,0,0,0,0,0,0,0,0,0,0,0,0,0,0,0,0,0,0,0,0
2024,REG,00-0034275,F.Fatukasi,Folorunso Fatukasi,11,DT,DL,"https://static.www.nfl.com/image/upload/f_auto,q_auto/league/ttcdigwndhyvmhvgof25",HOU,16,13,3,8,4,2,0,1,2,3,0,0,0,0,0,0,0,0,0,0,5,35
2024,REG,00-0034277,D.Elliott,DeShon Elliott,15,FS,DB,"https://static.www.nfl.com/image/upload/f_auto,q_auto/league/vzt60vlmz7hzkbbr7f1x",PIT,73,61,12,35,5,8,2,0,0,2,1,0,6,0,0,0,0,3,10,0,1,5
2024,REG,00-0034281,B.Bozeman,Bradley Bozeman,1,C,OL,"https://static.www.nfl.com/image/upload/f_auto,q_auto/league/a8nubzpggvr5eha7xpkx",TB,1,1,0,0,0,0,0,0,0,0,0,0,0,0,0,0,0,0,0,0,0,0
2024,REG,00-0034285,Z.Sieler,Zach Sieler,15,DE,DL,"https://static.www.nfl.com/image/upload/f_auto,q_auto/league/pgedeuarqv0kiuiwmx60",MIA,28,27,1,27,13,7,1,10,79,19,1,0,2,0,0,0,0,1,0,0,1,5
2024,REG,00-0034296,B.Niemann,Ben Niemann,9,ILB,LB,"https://static.www.nfl.com/image/upload/f_auto,q_auto/league/hhmqn3b3prllvcuyftvj",DET,9,9,0,13,0,0,0,0,0,0,0,0,1,0,0,0,0,1,0,0,1,10
2024,REG,00-0034302,F.Luvu,Frankie Luvu,17,ILB,LB,"https://static.www.nfl.com/image/upload/f_auto,q_auto/league/tirwphxxgjmqhf2ucs9h",WAS,54,48,6,45,12,10,1,8,46,14,1,0,7,0,0,0,0,2,5,0,2,9
2024,REG,00-0034320,K.Street,Kentavius Street,10,DT,DL,"https://static.www.nfl.com/image/upload/f_auto,q_auto/league/r1ie0jaeux86ri5hejel",ATL,9,8,1,6,4,3,0,1,7,1,0,0,0,0,0,0,0,0,0,0,2,10
2024,REG,00-0034333,D.Payne,Daron Payne,15,DT,DL,"https://static.www.nfl.com/image/upload/f_auto,q_auto/league/wyy5j7epmu2idqfwjhcr",WAS,22,21,1,20,5,4,0,4,36.5,7,0,0,2,0,0,0,0,0,0,0,3,35
2024,REG,00-0034337,G.Stroman,Greg Stroman,3,CB,DB,"https://static.www.nfl.com/image/upload/f_auto,q_auto/league/h9lcuxan1kd6uqsyuulq",NYG,9,7,2,1,0,0,0,0,0,0,0,0,0,0,0,0,0,0,0,0,1,10
2024,REG,00-0034344,M.Davenport,Marcus Davenport,2,OLB,LB,"https://static.www.nfl.com/image/upload/f_auto,q_auto/league/ywssreorabcl4bp9ocxv",DET,1,1,0,1,0,0,0,0.5,4,4,0,0,0,0,0,0,0,0,0,0,2,10
2024,REG,00-0034348,C.Sutton,Courtland Sutton,1,WR,WR,"https://static.www.nfl.com/image/upload/f_auto,q_auto/league/qts95gbd6hv65s9eiseq",IND,1,1,0,0,0,0,0,0,0,0,0,0,0,0,0,0,0,0,0,0,0,0
2024,REG,00-0034348,C.Sutton,Courtland Sutton,1,WR,WR,"https://static.www.nfl.com/image/upload/f_auto,q_auto/league/qts95gbd6hv65s9eiseq",SEA,1,1,0,0,0,0,0,0,0,0,0,0,0,0,0,0,0,0,0,0,0,0
2024,REG,00-0034350,U.Nwosu,Uchenna Nwosu,6,OLB,LB,"https://static.www.nfl.com/image/private/f_auto,q_auto/league/z6fbgjrfgltuiq1okiex",SEA,8,7,1,6,1,0,0,1,14,5,0,0,1,0,0,0,0,0,0,0,0,0
2024,REG,00-0034351,D.Goedert,Dallas Goedert,1,TE,TE,"https://static.www.nfl.com/image/upload/f_auto,q_auto/league/wfj54vhw1zxwwb3vdi61",NO,1,1,0,0,0,0,0,0,0,0,0,0,0,0,0,0,0,0,0,0,0,0
2024,REG,00-0034352,C.Williams,Connor Williams,1,C,OL,"https://static.www.nfl.com/image/upload/f_auto,q_auto/league/pmwlc2ff9pjeethlzoit",MIA,0,0,0,1,0,0,0,0,0,0,0,0,0,0,0,0,0,0,0,0,0,0
2024,REG,00-0034355,M.Stewart,M.J. Stewart,4,SS,DB,"https://static.www.nfl.com/image/upload/f_auto,q_auto/league/yfoehyg8mpola5uy6bav",HOU,6,6,0,1,2,4,0,0,0,0,0,0,0,0,0,0,0,0,0,0,2,12
2024,REG,00-0034356,D.Jackson,Donte Jackson,14,CB,DB,"https://static.www.nfl.com/image/upload/f_auto,q_auto/league/f5yk4vm8o1oct6webfp7",PIT,28,27,1,10,2,2,0,0,0,0,5,88,8,0,0,0,0,1,-1,0,2,10
2024,REG,00-0034357,I.Oliver,Isaiah Oliver,15,CB,DB,"https://static.www.nfl.com/image/upload/f_auto,q_auto/league/aiqmpwmscdx5lyvyi5qp",NYJ,41,39,2,15,2,3,0,1,6,2,0,0,3,0,0,0,0,0,0,0,1,12
2024,REG,00-0034359,T.Lewis,Tyquan Lewis,8,DE,DL,"https://static.www.nfl.com/image/upload/f_auto,q_auto/league/zkgrzoirn6xwnzbe37d7",IND,14,10,4,10,2,12,1,1.5,9.5,4,0,0,0,0,0,0,0,0,0,0,1,5
2024,REG,00-0034360,L.Carter,Lorenzo Carter,12,OLB,LB,"https://static.www.nfl.com/image/upload/f_auto,q_auto/league/gdpt5q1cisicb1uv7xfq",ATL,21,19,2,8,2,3,1,0,0,2,0,0,0,0,0,0,0,0,0,0,2,23
2024,REG,00-0034361,J.Reid,Justin Reid,16,SS,DB,"https://static.www.nfl.com/image/private/f_auto,q_auto/league/hcj2bp24j6zxngejcosp",KC,59,54,5,26,5,0,0,0,0,2,2,8,9,0,0,0,0,0,0,0,5,68
2024,REG,00-0034364,J.Akins,Jordan Akins,1,TE,TE,"https://static.www.nfl.com/image/private/f_auto,q_auto/league/fgkl9zfpy2yxrkxfge84",CIN,1,1,0,0,0,0,0,0,0,0,0,0,0,0,0,0,0,0,0,0,0,0
2024,REG,00-0034368,J.Jewell,Josey Jewell,12,ILB,LB,"https://static.www.nfl.com/image/upload/f_auto,q_auto/league/kzgkkm7e7uqslan5amxh",CAR,51,45,6,46,7,5,0,3.5,25.5,4,1,0,7,0,0,0,0,2,0,0,0,0
2024,REG,00-0034371,D.Hand,Da'Shawn Hand,13,DE,DL,"https://static.www.nfl.com/image/upload/f_auto,q_auto/league/kfqjvikghst4yp3i6dme",MIA,20,15,5,11,5,5,1,1,5,4,0,0,1,0,0,0,0,1,0,0,1,5
2024,REG,00-0034373,D.Armstrong,Dorance Armstrong,15,DE,DL,"https://static.www.nfl.com/image/upload/f_auto,q_auto/league/cdapnpgtde1mdf7r8l5e",WAS,20,20,0,19,7,7,2,5,28.5,14,0,0,1,0,0,0,0,0,0,0,2,20
2024,REG,00-0034374,J.Whitehead,Jordan Whitehead,12,SS,DB,"https://static.www.nfl.com/image/upload/f_auto,q_auto/league/ex3cknffjss7ez1fwymu",TB,49,42,7,30,2,5,0,0,0,1,0,0,3,0,0,0,0,0,0,0,0,0
2024,REG,00-0034375,K.White,Kyzir White,17,ILB,LB,"https://static.www.nfl.com/image/upload/f_auto,q_auto/league/n5sjtcxydtaszz7yeyqw",ARI,60,49,11,77,9,15,0,2.5,14.5,8,1,0,3,0,0,0,0,1,0,0,0,0
2024,REG,00-0034376,T.Johnson,Taron Johnson,12,CB,DB,"https://static.www.nfl.com/image/upload/f_auto,q_auto/league/kowgpthenolgwlcwdvz4",BUF,42,38,4,23,1,0,1,1,1,1,2,23,5,2,0,0,0,1,0,0,3,33
2024,REG,00-0034377,A.Maddox,Avonte Maddox,12,CB,DB,"https://static.www.nfl.com/image/upload/f_auto,q_auto/league/fwzfhbgtcauaags08zlf",PHI,8,7,1,11,0,0,0,0,0,0,0,0,5,0,0,0,0,0,0,0,4,41
2024,REG,00-0034381,J.Sweat,Josh Sweat,15,OLB,LB,"https://static.www.nfl.com/image/upload/f_auto,q_auto/league/a9hwqejfdixaw2uhbsmz",PHI,27,24,3,14,9,1,0,8,54,15,0,0,2,0,0,0,0,0,0,0,1,5
2024,REG,00-0034382,M.Haynes,Marquis Haynes,2,OLB,LB,"https://static.www.nfl.com/image/private/f_auto,q_auto/league/wnbz9bjtz8wooiq2podb",CAR,4,3,1,1,0,0,0,0,0,0,0,0,0,0,0,0,0,0,0,0,1,5
2024,REG,00-0034384,D.Reed,D.J. Reed,14,CB,DB,"https://static.www.nfl.com/image/upload/f_auto,q_auto/league/rdl6g2afnvt4zbaqprs9",NYJ,52,46,6,12,4,1,0,1,8,1,0,0,10,0,0,0,0,0,0,0,9,147
2024,REG,00-0034385,J.Bentley,Ja'Whaun Bentley,1,ILB,LB,"https://static.www.nfl.com/image/private/f_auto,q_auto/league/e8rbhbuuaspg5rg9djyp",NE,7,6,1,5,0,0,0,0.5,2.5,1,0,0,0,0,0,0,0,0,0,0,0,0
2024,REG,00-0034387,B.Nichols,Bilal Nichols,5,DT,DL,"https://static.www.nfl.com/image/upload/f_auto,q_auto/league/d8va3bsudtb0lgwktt5t",ARI,6,4,2,4,1,2,0,0,0,1,0,0,0,0,0,0,0,0,0,0,0,0
2024,REG,00-0034391,S.Neal,Siran Neal,4,CB,DB,"https://static.www.nfl.com/image/upload/f_auto,q_auto/league/muhthfs6owkkpsyop1e6",MIA,3,3,0,1,0,0,0,0,0,0,0,0,2,0,0,0,0,0,0,0,3,19
2024,REG,00-0034397,T.Settle,Tim Settle,15,DT,DL,"https://static.www.nfl.com/image/upload/f_auto,q_auto/league/lbnvw1hpdqovuj7bkym9",HOU,24,23,1,7,10,8,0,5,41,10,0,0,0,0,0,0,0,1,2,0,2,10
2024,REG,00-0034407,R.McCloud,Ray-Ray McCloud,1,WR,WR,"https://static.www.nfl.com/image/upload/f_auto,q_auto/league/nvwn3sdihyyd2itjt7vy",WAS,0,0,0,1,0,0,0,0,0,0,0,0,0,0,0,0,0,0,0,0,0,0
2024,REG,00-0034413,F.Oluokun,Foyesade Oluokun,13,ILB,LB,"https://static.www.nfl.com/image/private/f_auto,q_auto/league/ldsewkhf1k2uxwcud0bj",JAX,60,53,7,48,6,5,0,1,9,1,1,0,7,0,0,0,0,0,0,0,3,32
2024,REG,00-0034418,C.Wilson,Cedrick Wilson,1,WR,WR,"https://static.www.nfl.com/image/upload/f_auto,q_auto/league/vuolr6nwwbrwwc5ldt7f",LV,1,1,0,0,0,0,0,0,0,0,0,0,0,0,0,0,0,0,0,0,0,0
2024,REG,00-0034419,B.Berrios,Braxton Berrios,1,WR,WR,"https://static.www.nfl.com/image/upload/f_auto,q_auto/league/yvzkjvb0ieeszxribqc9",BUF,1,0,1,0,0,0,0,0,0,0,0,0,0,0,0,0,0,0,0,0,0,0
2024,REG,00-0034429,J.Mailata,Jordan Mailata,1,T,OL,"https://static.www.nfl.com/image/upload/f_auto,q_auto/league/pndl9j9f69gqvpciyegg",GB,1,1,0,0,0,0,0,0,0,0,0,0,0,0,0,0,0,0,0,0,0,0
2024,REG,00-0034431,Z.Franklin,Zaire Franklin,17,OLB,LB,"https://static.www.nfl.com/image/upload/f_auto,q_auto/league/louohxv0xu18z0pjnguq",IND,94,76,18,79,11,12,5,3.5,20,4,2,4,6,0,0,0,0,0,0,0,1,2
2024,REG,00-0034446,J.Davis,Jalen Davis,2,CB,DB,"https://static.www.nfl.com/image/upload/f_auto,q_auto/league/d8n8qiddzihovdb9dh1x",CIN,2,1,1,1,0,0,0,0,0,0,0,0,0,0,0,0,0,0,0,0,0,0
2024,REG,00-0034450,G.Joseph,Greg Joseph,1,K,SPEC,"https://static.www.nfl.com/image/upload/f_auto,q_auto/league/ginorlxfefllpy5kbhsr",NYJ,0,0,0,0,0,0,0,0,0,0,0,0,0,0,0,0,0,0,0,0,1,0
2024,REG,00-0034461,B.Hector,Bruce Hector,4,DT,DL,"https://static.www.nfl.com/image/upload/f_auto,q_auto/league/qdli9iqgoixoexclb8rz",NYJ,4,3,1,6,3,5,0,1,6,1,0,0,0,0,0,0,0,0,0,0,0,0
2024,REG,00-0034473,D.Gardeck,Dennis Gardeck,6,OLB,LB,"https://static.www.nfl.com/image/upload/f_auto,q_auto/league/rbdrgdfo3ogppgtu6asn",ARI,15,12,3,5,6,5,1,3,19,4,1,10,2,0,0,0,0,0,0,0,1,15
2024,REG,00-0034485,J.Owens,Jonathan Owens,8,SS,DB,"https://static.www.nfl.com/image/upload/f_auto,q_auto/league/fdujzkztvte2c4tair5c",CHI,28,23,5,18,1,1,1,0,0,0,1,0,2,0,0,0,0,2,13,0,0,0
2024,REG,00-0034487,T.Sherfield,Trent Sherfield,1,WR,WR,"https://static.www.nfl.com/image/upload/f_auto,q_auto/league/esdvav44ezzmwbwe1rju",MIN,0,0,0,0,0,0,0,0,0,0,0,0,0,0,0,0,0,0,0,0,1,5
2024,REG,00-0034488,T.Thomas,Tavierre Thomas,2,CB,DB,"https://static.www.nfl.com/image/upload/f_auto,q_auto/league/vgqvuxixybewnv9lymbr",TB,4,4,0,3,0,0,0,0,0,0,0,0,0,0,0,0,0,0,0,0,0,0
2024,REG,00-0034490,E.Turner,Ezekiel Turner,4,ILB,LB,"https://static.www.nfl.com/image/upload/f_auto,q_auto/league/sw7dwli5jctfcp0b309t",DET,5,5,0,2,0,0,0,0.5,3.5,3,0,0,0,0,0,0,0,0,0,0,0,0
2024,REG,00-0034495,E.Brown,Evan Brown,1,C,OL,"https://static.www.nfl.com/image/upload/f_auto,q_auto/league/q8dqjwzxk3bouggbrdtg",SF,0,0,0,1,0,0,0,0,0,0,0,0,0,0,0,0,0,0,0,0,0,0
2024,REG,00-0034514,L.Wallace,Levi Wallace,9,CB,DB,"https://static.www.nfl.com/image/upload/f_auto,q_auto/league/y7rnq70zcpcgg0ifbghe",DEN,20,17,3,8,0,0,0,0,0,0,0,0,2,0,0,0,0,0,0,0,0,0
2024,REG,00-0034521,A.Lazard,Allen Lazard,1,WR,WR,"https://static.www.nfl.com/image/private/f_auto,q_auto/league/blrzk3bfnpneuyhsqiqg",MIN,1,1,0,0,0,0,0,0,0,0,0,0,0,0,0,0,0,0,0,0,0,0
2024,REG,00-0034527,R.Neal,Ryan Neal,1,SS,DB,"https://static.www.nfl.com/image/private/f_auto,q_auto/league/tqiae46slc2jdjvnfb5n",TB,2,2,0,1,0,0,0,0,0,0,0,0,0,0,0,0,0,0,0,0,0,0
2024,REG,00-0034573,C.Ward,Charvarius Ward,12,CB,DB,"https://static.www.nfl.com/image/upload/f_auto,q_auto/league/jlccuozxaeffcupnvd7q",SF,38,31,7,16,1,1,0,0,0,0,0,0,7,0,0,0,0,0,0,0,3,33
2024,REG,00-0034612,D.Harris,Demone Harris,8,DE,DL,"https://static.www.nfl.com/image/upload/f_auto,q_auto/league/qmtokbfamxko3jn5qpou",ATL,4,4,0,7,1,0,0,0,0,1,0,0,1,0,0,0,0,0,0,0,1,15
2024,REG,00-0034613,T.Hudson,Tanner Hudson,1,TE,TE,"https://static.www.nfl.com/image/upload/f_auto,q_auto/league/fbtxfvqvgv0al8msbr1e",CIN,0,0,0,0,0,0,0,0,0,0,0,0,0,0,0,0,0,0,0,0,1,10
2024,REG,00-0034639,M.Ford,Mike Ford,3,CB,DB,"https://static.www.nfl.com/image/upload/f_auto,q_auto/league/xylapza3yreylmohtmtz",CLE,5,5,0,1,0,0,0,0,0,0,0,0,0,0,0,0,0,0,0,0,0,0
2024,REG,00-0034668,A.Stinnie,Aaron Stinnie,1,G,OL,"https://static.www.nfl.com/image/upload/f_auto,q_auto/league/eqmyyng2jmnsttaozuno",BAL,0,0,0,1,0,0,0,0,0,0,0,0,0,0,0,0,0,0,0,0,0,0
2024,REG,00-0034673,T.Edmunds,Tremaine Edmunds,17,ILB,LB,"https://static.www.nfl.com/image/upload/f_auto,q_auto/league/vhgl7umsep6x6fjhglo9",CHI,60,47,13,50,3,2,1,1,7,3,1,0,8,0,0,0,0,0,0,0,0,0
2024,REG,00-0034675,J.Bates,Jessie Bates,17,FS,DB,"https://static.www.nfl.com/image/private/f_auto,q_auto/league/jawt7q5bj4erd4qbwpf4",ATL,62,58,4,40,2,5,4,1,1,1,4,55,10,1,0,0,0,1,0,0,1,8
2024,REG,00-0034677,J.Jones,Justin Jones,3,DT,DL,"https://static.www.nfl.com/image/upload/f_auto,q_auto/league/dkzkbowpcvoxyzwsdite",ARI,3,1,2,1,1,1,0,0,0,1,0,0,0,0,0,0,0,1,0,0,0,0
2024,REG,00-0034720,R.Spillane,Robert Spillane,17,OLB,LB,"https://static.www.nfl.com/image/upload/f_auto,q_auto/league/gm97x0fcqphr9bxmjhxu",LV,91,76,15,67,10,11,0,2,16,3,2,0,7,0,0,0,0,0,0,0,1,15
2024,REG,00-0034723,N.Thurman,Nick Thurman,6,DT,DL,"https://static.www.nfl.com/image/upload/f_auto,q_auto/league/wvnd9kwznw8xgnir6f0v",CAR,6,5,1,13,1,1,0,0,0,0,0,0,0,0,0,0,0,0,0,0,1,5
2024,REG,00-0034728,J.Alexander,Jaire Alexander,6,CB,DB,"https://static.www.nfl.com/image/upload/f_auto,q_auto/league/izwlytzwiity0r8hox8p",GB,15,15,0,1,0,0,0,0,0,0,2,52,7,1,0,0,0,1,0,0,2,20
2024,REG,00-0034746,M.Hurst,Maurice Hurst,7,DT,DL,"https://static.www.nfl.com/image/upload/f_auto,q_auto/league/j4y7trnt3kiptgfklo8o",CLE,9,5,4,7,4,7,0,0.5,2.5,1,0,0,0,0,0,0,0,0,0,0,1,5
2024,REG,00-0034754,O.Burks,Oren Burks,9,OLB,LB,"https://static.www.nfl.com/image/upload/f_auto,q_auto/league/xlisbfbwvpcjqkjlmtjy",PHI,15,15,0,16,2,0,1,0,0,0,0,0,1,0,0,0,0,0,0,0,2,15
2024,REG,00-0034756,T.Flowers,Tre Flowers,2,CB,DB,"https://static.www.nfl.com/image/upload/f_auto,q_auto/league/x7yagewolfolqgjvp633",JAX,3,2,1,0,0,0,0,0,0,0,0,0,0,0,0,0,0,0,0,0,0,0
2024,REG,00-0034759,K.Miller,Kolton Miller,1,T,OL,"https://static.www.nfl.com/image/upload/f_auto,q_auto/league/zrblk9w9vksroddtgpiq",KC,1,1,0,0,0,0,0,0,0,0,0,0,0,0,0,0,0,0,0,0,0,0
2024,REG,00-0034759,K.Miller,Kolton Miller,1,T,OL,"https://static.www.nfl.com/image/upload/f_auto,q_auto/league/zrblk9w9vksroddtgpiq",LAC,1,1,0,0,0,0,0,0,0,0,0,0,0,0,0,0,0,0,0,0,0,0
2024,REG,00-0034760,N.Shepherd,Nathan Shepherd,16,DT,DL,"https://static.www.nfl.com/image/upload/f_auto,q_auto/league/y49eafzi4zegmlb0uu2x",NO,16,15,1,21,3,4,0,1.5,10.5,6,0,0,0,0,0,0,0,0,0,0,2,27
2024,REG,00-0034773,V.Vea,Vita Vea,15,NT,DL,"https://static.www.nfl.com/image/upload/f_auto,q_auto/league/xsdlwaexrxhkbgqqe7nq",TB,27,22,5,15,10,6,0,7,47,13,0,0,1,0,0,0,0,0,0,0,2,20
2024,REG,00-0034775,C.Kirk,Christian Kirk,1,WR,WR,"https://static.www.nfl.com/image/private/f_auto,q_auto/league/ersmmtjmjlpsy9lmjvde",CHI,1,1,0,0,0,0,0,0,0,0,0,0,0,0,0,0,0,0,0,0,0,0
2024,REG,00-0034775,C.Kirk,Christian Kirk,1,WR,WR,"https://static.www.nfl.com/image/private/f_auto,q_auto/league/ersmmtjmjlpsy9lmjvde",GB,1,1,0,0,0,0,0,0,0,0,0,0,0,0,0,0,0,0,0,0,0,0
2024,REG,00-0034778,C.Davis,Carlton Davis,13,CB,DB,"https://static.www.nfl.com/image/upload/f_auto,q_auto/league/ueh3ui3l3ndih3yrorbq",DET,42,40,2,14,2,9,1,0,0,0,2,0,11,0,0,0,0,2,49,0,7,57
2024,REG,00-0034780,I.Yiadom,Isaac Yiadom,15,CB,DB,"https://static.www.nfl.com/image/upload/f_auto,q_auto/league/kxe4pgiizgonwesgtcy2",SF,36,34,2,8,0,0,1,0,0,0,1,11,6,0,0,0,0,1,0,0,3,64
2024,REG,00-0034782,H.Phillips,Harrison Phillips,17,NT,DL,"https://static.www.nfl.com/image/upload/f_auto,q_auto/league/kgdz7jtiokfv4qdeldbr",MIN,16,14,2,40,2,0,1,2,14,5,0,0,4,0,0,0,0,1,0,0,0,0
2024,REG,00-0034787,C.Board,Chris Board,7,ILB,LB,"https://static.www.nfl.com/image/upload/f_auto,q_auto/league/cohwnf1ebc79gp0ufeu8",BAL,10,9,1,10,2,1,0,1,9,1,0,0,1,0,0,0,0,0,0,0,1,15
2024,REG,00-0034789,M.Fitzpatrick,Minkah Fitzpatrick,17,FS,DB,"https://static.www.nfl.com/image/upload/f_auto,q_auto/league/rchs52os6xjfl4eczpw8",PIT,62,54,8,34,1,3,1,0,0,0,1,25,4,0,0,0,0,0,0,0,4,36
2024,REG,00-0034790,D.James,Derwin James,16,SS,DB,"https://static.www.nfl.com/image/upload/f_auto,q_auto/league/vhkbrloqr0llf08voms0",LAC,60,56,4,33,10,9,0,5.5,35,6,1,2,7,0,0,0,0,1,0,0,5,54
2024,REG,00-0034791,N.Chubb,Nick Chubb,1,RB,RB,"https://static.www.nfl.com/image/private/f_auto,q_auto/league/a8ib0haur75wrhqrbtyo",DEN,1,1,0,0,0,0,0,0,0,0,0,0,0,0,0,0,0,0,0,0,0,0
2024,REG,00-0034791,N.Chubb,Nick Chubb,1,RB,RB,"https://static.www.nfl.com/image/private/f_auto,q_auto/league/a8ib0haur75wrhqrbtyo",KC,1,1,0,0,0,0,0,0,0,0,0,0,0,0,0,0,0,0,0,0,0,0
2024,REG,00-0034791,N.Chubb,Nick Chubb,1,RB,RB,"https://static.www.nfl.com/image/private/f_auto,q_auto/league/a8ib0haur75wrhqrbtyo",PIT,1,1,0,0,0,0,0,0,0,0,0,0,0,0,0,0,0,0,0,0,0,0
2024,REG,00-0034794,J.Sanders,Jason Sanders,1,K,SPEC,"https://static.www.nfl.com/image/upload/f_auto,q_auto/league/zwbiuppgvkumtpntxo75",MIA,0,0,0,0,0,0,0,0,0,0,0,0,0,0,0,0,0,0,0,0,1,0
2024,REG,00-0034796,L.Jackson,Lamar Jackson,1,QB,QB,"https://static.www.nfl.com/image/upload/f_auto,q_auto/league/cruqs6qpbykh7a2whd7p",NYG,1,1,0,0,0,0,0,0,0,0,0,0,0,0,0,0,0,0,0,0,0,0
2024,REG,00-0034796,L.Jackson,Lamar Jackson,1,QB,QB,"https://static.www.nfl.com/image/upload/f_auto,q_auto/league/cruqs6qpbykh7a2whd7p",WAS,1,1,0,0,0,0,0,0,0,0,0,0,0,0,0,0,0,0,0,0,0,0
2024,REG,00-0034797,J.Baker,Jerome Baker,5,ILB,LB,"https://static.www.nfl.com/image/upload/f_auto,q_auto/league/tkl1vjh6wf5a8zyl3aym",SEA,21,18,3,16,2,0,1,1,0,1,0,0,2,0,0,0,0,1,0,0,0,0
2024,REG,00-0034797,J.Baker,Jerome Baker,5,ILB,LB,"https://static.www.nfl.com/image/upload/f_auto,q_auto/league/tkl1vjh6wf5a8zyl3aym",TEN,13,10,3,11,0,0,0,1,0,2,0,0,2,0,0,0,0,0,0,0,2,20
2024,REG,00-0034800,B.Hill,B.J. Hill,15,DT,DL,"https://static.www.nfl.com/image/upload/f_auto,q_auto/league/urlcerw3yf7r2vdk9kxb",CIN,25,21,4,31,7,3,0,3,11,9,0,0,4,0,0,0,0,0,0,0,2,2
2024,REG,00-0034805,J.Franklin-Myers,John Franklin-Myers,17,DE,DL,"https://static.www.nfl.com/image/upload/f_auto,q_auto/league/o4agbudunlqlmbcuc0ta",DEN,18,16,2,22,8,8,0,7,48.5,18,0,0,0,0,0,0,0,0,0,0,1,1
2024,REG,00-0034807,O.Okoronkwo,Ogbonnia Okoronkwo,12,DE,DL,"https://static.www.nfl.com/image/upload/f_auto,q_auto/league/tcekeb87zekakqll93ib",CLE,14,9,5,7,5,5,1,3,26,6,0,0,0,0,0,0,0,0,0,0,3,25
2024,REG,00-0034810,S.Joseph,Sebastian Joseph,17,DT,DL,"https://static.www.nfl.com/image/upload/f_auto,q_auto/league/ecu0r1asdvqcpzowbsjk",TEN,18,16,2,26,3,2,0,2.5,32,6,0,0,1,0,0,0,0,0,0,0,1,15
2024,REG,00-0034815,F.Warner,Fred Warner,17,MLB,LB,"https://static.www.nfl.com/image/upload/f_auto,q_auto/league/negqfj64yvuprc88sthz",SF,76,63,13,55,5,6,4,1,0,2,2,70,7,1,0,0,0,0,0,0,1,15
2024,REG,00-0034818,D.Nnadi,Derrick Nnadi,7,DT,DL,"https://static.www.nfl.com/image/private/f_auto,q_auto/league/fokp5h37zl5qkfsachb3",KC,3,2,1,8,0,0,0,0,0,0,0,0,0,0,0,0,0,0,0,0,1,5
2024,REG,00-0034825,A.Key,Arden Key,16,OLB,LB,"https://static.www.nfl.com/image/upload/f_auto,q_auto/league/xxdj5ryrs3vlp7ubhbye",TEN,24,21,3,18,11,8,2,6.5,38,15,0,0,1,0,0,0,0,1,0,0,6,42
2024,REG,00-0034827,D.Moore,D.J. Moore,1,WR,WR,"https://static.www.nfl.com/image/upload/f_auto,q_auto/league/hqb9xnzm9brx79zl6wve",HOU,1,1,0,0,0,0,0,0,0,0,0,0,0,0,0,0,0,0,0,0,0,0
2024,REG,00-0034828,H.Landry,Harold Landry,17,OLB,LB,"https://static.www.nfl.com/image/private/f_auto,q_auto/league/akafrpdcokvwz2psbbmj",TEN,42,33,9,29,15,12,0,9,48,15,0,0,4,0,0,0,0,0,0,1,1,5
2024,REG,00-0034833,I.Wynn,Isaiah Wynn,1,G,OL,"https://static.www.nfl.com/image/upload/f_auto,q_auto/league/vtldccf1xfjt0cmblvxu",NYJ,1,1,0,0,0,0,0,0,0,0,0,0,0,0,0,0,0,0,0,0,0,0
2024,REG,00-0034834,S.Hubbard,Sam Hubbard,13,DE,DL,"https://static.www.nfl.com/image/upload/f_auto,q_auto/league/eoodwerhenaqvcaqm29t",CIN,25,23,2,16,3,2,1,2,6,9,1,0,2,0,0,0,0,0,0,1,0,0
2024,REG,00-0034837,C.Ridley,Calvin Ridley,1,WR,WR,"https://static.www.nfl.com/image/upload/f_auto,q_auto/league/tmeij0cfgylmurfybs74",GB,1,1,0,0,0,0,0,0,0,0,0,0,0,0,0,0,0,0,0,0,0,0
2024,REG,00-0034837,C.Ridley,Calvin Ridley,1,WR,WR,"https://static.www.nfl.com/image/upload/f_auto,q_auto/league/tmeij0cfgylmurfybs74",MIN,1,1,0,0,0,0,0,0,0,0,0,0,0,0,0,0,0,0,0,0,0,0
2024,REG,00-0034842,T.Bryan,Taven Bryan,12,DT,DL,"https://static.www.nfl.com/image/upload/f_auto,q_auto/league/sbozolhejczr8npyyvas",IND,11,7,4,9,3,5,0,1,7,2,0,0,1,0,0,0,0,1,0,0,3,15
2024,REG,00-0034843,M.Hughes,Mike Hughes,15,CB,DB,"https://static.www.nfl.com/image/upload/f_auto,q_auto/league/wsofyxh7irgdfy7wwhv5",ATL,51,47,4,15,4,3,0,0,0,0,0,0,6,0,0,0,0,0,0,0,1,47
2024,REG,00-0034844,S.Barkley,Saquon Barkley,1,RB,RB,"https://static.www.nfl.com/image/upload/f_auto,q_auto/league/ugiuanl8bf6uoya5mgid",DAL,1,1,0,0,0,0,0,0,0,0,0,0,0,0,0,0,0,0,0,0,0,0
2024,REG,00-0034854,K.Hodge,KhaDarel Hodge,1,WR,WR,"https://static.www.nfl.com/image/upload/f_auto,q_auto/league/h3r6hfokmtgtxz8mljho",ATL,1,1,0,0,1,2,0,0,0,0,0,0,0,0,0,0,0,0,0,0,0,0
2024,REG,00-0034856,D.Ward,Denzel Ward,16,CB,DB,"https://static.www.nfl.com/image/upload/f_auto,q_auto/league/jnslpmszzjcegkbza1gs",CLE,41,38,3,8,1,3,1,0,0,1,2,0,19,0,0,0,0,1,0,0,3,27
2024,REG,00-0034857,J.Allen,Josh Allen,1,QB,QB,"https://static.www.nfl.com/image/upload/f_auto,q_auto/league/lq4ezafbszwwt2qsvhqv",SEA,1,1,0,0,0,0,0,0,0,0,0,0,0,0,0,0,0,0,0,0,0,0
2024,REG,00-0034858,T.Edmunds,Terrell Edmunds,3,FS,DB,"https://static.www.nfl.com/image/upload/f_auto,q_auto/league/fk1i6e8ursk3awmpts1j",PIT,4,4,0,1,0,0,0,0,0,0,0,0,0,0,0,0,0,0,0,0,0,0
2024,REG,00-0034869,S.Darnold,Sam Darnold,1,QB,QB,"https://static.www.nfl.com/image/upload/f_auto,q_auto/league/agjgfwk9jk9ufoac2vpd",NYJ,1,1,0,0,0,0,0,0,0,0,0,0,0,0,0,0,0,0,0,0,0,0
2024,REG,00-0034869,S.Darnold,Sam Darnold,1,QB,QB,"https://static.www.nfl.com/image/upload/f_auto,q_auto/league/agjgfwk9jk9ufoac2vpd",SF,0,0,0,1,0,0,0,0,0,0,0,0,0,0,0,0,0,0,0,0,0,0
2024,REG,00-0034874,R.Smith,Roquan Smith,16,ILB,LB,"https://static.www.nfl.com/image/upload/f_auto,q_auto/league/xazeejac1mkh52qwmioj",BAL,82,72,10,73,4,5,1,1.5,3,3,1,0,4,0,0,0,0,1,0,0,1,15
2024,REG,00-0034902,S.Eguavoen,Sam Eguavoen,4,ILB,LB,"https://static.www.nfl.com/image/upload/f_auto,q_auto/league/qvwzilzdorawnld7aous",NYJ,4,4,0,5,0,0,0,0,0,0,0,0,0,0,0,0,0,0,0,0,0,0
2024,REG,00-0034928,S.Sims,Steven Sims,1,WR,WR,"https://static.www.nfl.com/image/upload/f_auto,q_auto/league/rsehft6639kzvqezebqf",HOU,0,0,0,0,0,0,0,0,0,0,0,0,0,0,0,0,0,0,0,0,1,13
2024,REG,00-0034960,J.Meyers,Jakobi Meyers,1,WR,WR,"https://static.www.nfl.com/image/upload/f_auto,q_auto/league/p1abjttm5pu8gev0gwea",ATL,1,1,0,0,0,0,0,0,0,0,0,0,0,0,0,0,0,0,0,0,0,0
2024,REG,00-0034960,J.Meyers,Jakobi Meyers,1,WR,WR,"https://static.www.nfl.com/image/upload/f_auto,q_auto/league/p1abjttm5pu8gev0gwea",CIN,0,0,0,1,0,0,0,0,0,0,0,0,0,0,0,0,0,0,0,0,0,0
2024,REG,00-0034960,J.Meyers,Jakobi Meyers,1,WR,WR,"https://static.www.nfl.com/image/upload/f_auto,q_auto/league/p1abjttm5pu8gev0gwea",MIA,1,1,0,0,0,0,0,0,0,0,0,0,0,0,0,0,0,0,0,0,0,0
2024,REG,00-0034966,D.Ross,D'Angelo Ross,3,CB,DB,"https://static.www.nfl.com/image/upload/f_auto,q_auto/league/mnmdjulszlkle9jmfmqb",HOU,8,8,0,2,0,0,0,0,0,0,0,0,2,0,0,0,0,0,0,0,0,0
2024,REG,00-0034967,R.Gary,Rashan Gary,16,DE,DL,"https://static.www.nfl.com/image/private/f_auto,q_auto/league/t4clz4xe8sfxszmvohfo",GB,26,22,4,21,9,5,1,7.5,42,15,0,0,1,0,0,0,0,1,0,0,1,5
2024,REG,00-0034968,D.Savage,Darnell Savage,13,SS,DB,"https://static.www.nfl.com/image/upload/f_auto,q_auto/league/zanp4izx5l4ucg78istw",JAX,40,37,3,11,2,15,0,0,0,0,1,16,6,0,0,0,0,0,0,0,1,4
2024,REG,00-0034972,A.Mattison,Alexander Mattison,1,RB,RB,"https://static.www.nfl.com/image/upload/f_auto,q_auto/league/uftc0gl0wzo5povcu6ih",LAC,1,1,0,0,0,0,0,0,0,0,0,0,0,0,0,0,0,0,0,0,0,0
2024,REG,00-0034972,A.Mattison,Alexander Mattison,1,RB,RB,"https://static.www.nfl.com/image/upload/f_auto,q_auto/league/uftc0gl0wzo5povcu6ih",PIT,0,0,0,1,0,0,0,0,0,0,0,0,0,0,0,0,0,0,0,0,0,0
2024,REG,00-0034973,M.Crosby,Maxx Crosby,12,DE,DL,"https://static.www.nfl.com/image/upload/f_auto,q_auto/league/j5dphk7ntlwa3hciktfx",LV,28,26,2,17,17,21,0,7.5,63.5,20,0,0,5,0,0,0,0,0,0,0,4,49
2024,REG,00-0034974,J.Love,Julian Love,17,SS,DB,"https://static.www.nfl.com/image/upload/f_auto,q_auto/league/aeodojl99cyqfh9ykmsa",SEA,76,67,9,30,3,2,2,0,0,0,3,33,12,0,0,0,0,1,6,0,0,0
2024,REG,00-0034975,J.Hill,Justice Hill,1,RB,RB,"https://static.www.nfl.com/image/upload/f_auto,q_auto/league/jeeq17ah67zxc6vdamhk",PIT,1,1,0,0,0,0,0,0,0,0,0,0,0,0,0,0,0,0,0,0,0,0
2024,REG,00-0034981,F.Moreau,Foster Moreau,1,TE,TE,"https://static.www.nfl.com/image/upload/f_auto,q_auto/league/hfcik9okcbwsbhgoaljy",GB,0,0,0,1,0,0,0,0,0,0,0,0,0,0,0,0,0,0,0,0,0,0
2024,REG,00-0034982,D.Greenlaw,Dre Greenlaw,2,ILB,LB,"https://static.www.nfl.com/image/upload/f_auto,q_auto/league/naza1bdluix1puywkixy",SF,3,3,0,6,0,0,0,0,0,0,0,0,0,0,0,0,0,0,0,0,0,0
2024,REG,00-0034987,E.Speed,E.J. Speed,15,OLB,LB,"https://static.www.nfl.com/image/upload/f_auto,q_auto/league/cyu6wsnishege9etash7",IND,93,82,11,49,7,11,0,0,0,1,1,12,5,0,0,0,0,0,0,0,2,20
2024,REG,00-0034990,K.Hollman,Ka'dar Hollman,2,CB,DB,"https://static.www.nfl.com/image/upload/f_auto,q_auto/league/x8htlyswkirpsssjovsn",HOU,9,9,0,1,0,0,0,0,0,0,0,0,2,0,0,0,0,0,0,0,1,5
2024,REG,00-0034992,A.Watts,Armon Watts,5,NT,DL,"https://static.www.nfl.com/image/upload/f_auto,q_auto/league/m3aiaywwfngkhwcqtcdm",NYG,3,3,0,4,2,3,0,0,0,0,0,0,0,0,0,0,0,0,0,0,0,0
2024,REG,00-0034993,M.Epps,Marcus Epps,3,SS,DB,"https://static.www.nfl.com/image/upload/f_auto,q_auto/league/ac61bwk01sqd5ljzsjsq",LV,16,14,2,3,2,6,0,0,0,0,0,0,0,0,0,0,0,0,0,0,0,0
2024,REG,00-0034999,T.Summers,Ty Summers,3,MLB,LB,"https://static.www.nfl.com/image/upload/f_auto,q_auto/league/qavyze4sxk55rpsudjmi",NYG,8,6,2,14,1,1,0,0,0,0,0,0,1,0,0,0,0,0,0,0,0,0
2024,REG,00-0035000,Q.Bell,Quinton Bell,12,OLB,LB,"https://static.www.nfl.com/image/upload/f_auto,q_auto/league/az6g1wtsl8hd4ncdynin",MIA,14,14,0,9,3,2,1,1,9,0,0,0,1,0,0,0,0,0,0,0,2,8
2024,REG,00-0035003,J.Barton,Jackson Barton,1,T,OL,"https://static.www.nfl.com/image/upload/f_auto,q_auto/league/bguilryx0xvj5w8o531k",LA,1,1,0,0,0,0,0,0,0,0,0,0,0,0,0,0,0,0,0,0,0,0
2024,REG,00-0035020,D.Flannigan-Fowles,Demetrius Flannigan-Fowles,5,OLB,LB,"https://static.www.nfl.com/image/upload/f_auto,q_auto/league/aaxlqqmiilfqwjc4us5g",SF,8,5,3,3,1,2,0,0,0,0,1,0,2,0,0,0,0,0,0,0,0,0
2024,REG,00-0035026,K.Givens,Kevin Givens,7,DT,DL,"https://static.www.nfl.com/image/upload/f_auto,q_auto/league/elk8nj4ddzenouhvdr3u",SF,6,5,1,5,2,0,0,3.5,7.5,6,0,0,0,0,0,0,0,0,0,0,1,4
2024,REG,00-0035042,J.Gillan,Jamie Gillan,1,P,SPEC,"https://static.www.nfl.com/image/upload/f_auto,q_auto/league/zramky5mg2qiqrzmxod8",NYG,0,0,0,0,0,0,0,0,0,0,0,0,0,0,0,0,0,0,0,0,1,0
2024,REG,00-0035073,J.Harris,Jonathan Harris,7,DE,DL,"https://static.www.nfl.com/image/upload/f_auto,q_auto/league/xgluw2syx3m7vbrjerpg",CAR,4,4,0,6,1,1,0,0,0,1,0,0,0,0,0,0,0,1,0,0,0,0
2024,REG,00-0035112,P.Mekari,Patrick Mekari,2,G,OL,"https://static.www.nfl.com/image/upload/f_auto,q_auto/league/t7vsxnwwujz83asnddmj",PIT,2,2,0,0,0,0,0,0,0,0,0,0,0,0,0,0,0,0,0,0,0,0
2024,REG,00-0035133,K.Nixon,Keisean Nixon,17,CB,DB,"https://static.www.nfl.com/image/upload/f_auto,q_auto/league/zsxo7tlynx1uzjvp0vpf",GB,61,55,6,27,8,6,3,3,19,6,1,16,7,0,0,0,0,0,0,0,8,44
2024,REG,00-0035142,U.Amadi,Ugochukwu Amadi,11,FS,DB,"https://static.www.nfl.com/image/upload/f_auto,q_auto/league/zaha843hitd6nhpz4n8p",NO,50,47,3,13,6,10,0,2,22,2,0,0,7,0,0,0,0,0,0,0,0,0
2024,REG,00-0035144,M.Wilson,Mack Wilson,15,ILB,LB,"https://static.www.nfl.com/image/upload/f_auto,q_auto/league/zjazfilpr7k2agiwqpxn",ARI,44,41,3,31,4,3,0,3,20,7,1,0,5,0,0,0,0,1,0,0,1,15
2024,REG,00-0035150,K.Boyd,Kris Boyd,3,CB,DB,"https://static.www.nfl.com/image/upload/f_auto,q_auto/league/m4mypipricmwh7lfemgo",HOU,1,1,0,0,0,0,0,0,0,0,0,0,0,0,0,0,0,0,0,0,3,35
2024,REG,00-0035166,A.Al-Shaair,Azeez Al-Shaair,11,ILB,LB,"https://static.www.nfl.com/image/upload/f_auto,q_auto/league/ds54eikn20fpelbmft71",HOU,45,36,9,25,7,13,2,2,2,7,0,0,3,0,0,0,0,0,0,0,3,25
2024,REG,00-0035189,M.Wright,Matthew Wright,1,K,SPEC,"https://static.www.nfl.com/image/upload/f_auto,q_auto/league/pfedp9dvojv0e8mvavak",TEN,0,0,0,0,0,0,0,0,0,0,0,0,0,0,0,0,0,0,0,0,1,0
2024,REG,00-0035192,J.Slye,Joey Slye,1,K,SPEC,"https://static.www.nfl.com/image/upload/f_auto,q_auto/league/yetl7tfeviyonhqsayhg",NE,0,0,0,0,0,0,0,0,0,0,0,0,0,0,0,0,0,0,0,0,1,0
2024,REG,00-0035202,D.Phillips,Del'Shawn Phillips,3,OLB,LB,"https://static.www.nfl.com/image/upload/f_auto,q_auto/league/f4t6he54ihdvf5pjsqm6",HOU,3,2,1,3,1,1,0,0,0,0,0,0,0,0,0,0,0,0,0,0,0,0
2024,REG,00-0035216,D.Johnson,Diontae Johnson,1,WR,WR,"https://static.www.nfl.com/image/upload/f_auto,q_auto/league/rjtil6ilydmwoy0btlt7",LAC,1,1,0,0,0,0,0,0,0,0,0,0,0,0,0,0,0,0,0,0,0,0
2024,REG,00-0035227,P.Locke,P.J. Locke,14,FS,DB,"https://static.www.nfl.com/image/upload/f_auto,q_auto/league/lklzvxfizwibmugrw5oa",DEN,49,43,6,24,3,0,1,1,10,1,0,0,2,0,0,0,0,0,0,0,1,15
2024,REG,00-0035230,E.Oliver,Ed Oliver,12,DT,DL,"https://static.www.nfl.com/image/upload/f_auto,q_auto/league/fbog7lunnqjxm1d6j5jj",BUF,14,13,1,15,5,2,3,3,23,13,0,0,0,0,0,0,0,0,0,0,0,0
2024,REG,00-0035231,C.Wilkins,Christian Wilkins,5,DT,DL,"https://static.www.nfl.com/image/upload/f_auto,q_auto/league/ogy5fqw1xsut7lcxffyw",LV,11,8,3,6,2,1,0,2,15,6,0,0,0,0,0,0,0,0,0,0,0,0
2024,REG,00-0035236,B.Murphy,Byron Murphy,16,CB,DB,"https://static.www.nfl.com/image/upload/f_auto,q_auto/league/secfzfwznyhcgiow4rvq",MIN,62,53,9,19,6,5,1,0,0,0,6,2,14,0,0,0,0,0,0,0,3,28
2024,REG,00-0035237,J.Taylor,Jawaan Taylor,1,T,OL,"https://static.www.nfl.com/image/private/f_auto,q_auto/league/df4apinsktkle7rsepax",SF,1,1,0,0,0,0,0,0,0,0,0,0,0,0,0,0,0,0,0,0,0,0
2024,REG,00-0035239,S.Murphy-Bunting,Sean Murphy-Bunting,15,CB,DB,"https://static.www.nfl.com/image/upload/f_auto,q_auto/league/ddyearvwzjb4jmunqlei",ARI,30,27,3,22,3,2,2,0,0,0,3,2,5,0,0,0,0,0,0,0,7,108
2024,REG,00-0035240,J.Tavai,Jahlani Tavai,17,ILB,LB,"https://static.www.nfl.com/image/private/f_auto,q_auto/league/sevoogwwpwraiqlep2fs",NE,54,48,6,55,7,9,0,1,7,2,1,0,5,0,0,0,0,0,0,0,4,60
2024,REG,00-0035243,M.Sanders,Miles Sanders,1,RB,RB,"https://static.www.nfl.com/image/upload/f_auto,q_auto/league/lvyjbie3d0ro8ohgphe0",CIN,1,1,0,0,0,0,0,0,0,0,0,0,0,0,0,0,0,0,0,0,0,0
2024,REG,00-0035244,L.Johnson,Lonnie Johnson,2,FS,DB,"https://static.www.nfl.com/image/upload/f_auto,q_auto/league/iizufcrfxvvjnjcsnzqp",CAR,0,0,0,1,0,0,0,0,0,0,0,0,0,0,0,0,0,0,0,0,1,10
2024,REG,00-0035248,Z.Allen,Zach Allen,16,DE,DL,"https://static.www.nfl.com/image/upload/f_auto,q_auto/league/pucwjzb9v4jdcxaw7sap",DEN,32,26,6,29,15,15,0,8.5,35.5,40,0,0,1,0,0,0,0,0,0,1,3,25
2024,REG,00-0035249,J.Oliver,Josh Oliver,1,TE,TE,"https://static.www.nfl.com/image/private/f_auto,q_auto/league/pwd3muzyjclgjlwwtdah",IND,1,1,0,0,0,0,0,0,0,0,0,0,0,0,0,0,0,0,0,0,0,0
2024,REG,00-0035249,J.Oliver,Josh Oliver,1,TE,TE,"https://static.www.nfl.com/image/private/f_auto,q_auto/league/pwd3muzyjclgjlwwtdah",JAX,1,1,0,0,0,0,0,0,0,0,0,0,0,0,0,0,0,0,0,0,0,0
2024,REG,00-0035249,J.Oliver,Josh Oliver,1,TE,TE,"https://static.www.nfl.com/image/private/f_auto,q_auto/league/pwd3muzyjclgjlwwtdah",NYG,1,1,0,0,0,0,0,0,0,0,0,0,0,0,0,0,0,0,0,0,0,0
2024,REG,00-0035250,D.Singletary,Devin Singletary,1,RB,RB,"https://static.www.nfl.com/image/upload/f_auto,q_auto/league/wz8mp8xb5bdspcxosreh",PIT,1,1,0,0,0,0,0,0,0,0,0,0,0,0,0,0,0,0,0,0,0,0
2024,REG,00-0035253,C.Gardner-Johnson,Chauncey Gardner-Johnson,16,SS,DB,"https://static.www.nfl.com/image/upload/f_auto,q_auto/league/ew8vljcbtzvwnwdfth1v",PHI,35,31,4,24,2,3,1,0,0,0,6,116,12,1,0,0,0,0,0,0,2,30
2024,REG,00-0035254,A.Nelson,Anthony Nelson,16,OLB,LB,"https://static.www.nfl.com/image/upload/f_auto,q_auto/league/zdyfdf3ei22btsolqqat",TB,23,20,3,13,6,2,1,4,25,13,0,0,1,0,0,0,0,0,0,0,0,0
2024,REG,00-0035255,K.Sheffield,Kendall Sheffield,3,CB,DB,"https://static.www.nfl.com/image/upload/f_auto,q_auto/league/ktuk9b6dur9qswrh5wqk",NYJ,5,5,0,3,0,0,0,0,0,0,0,0,0,0,0,0,0,0,0,0,0,0
2024,REG,00-0035261,T.Pollard,Tony Pollard,1,RB,RB,"https://static.www.nfl.com/image/upload/f_auto,q_auto/league/koxn5qhfnsgvnqfqfmpp",IND,1,1,0,0,0,0,0,0,0,0,0,0,0,0,0,0,0,0,0,0,0,0
2024,REG,00-0035262,D.Tranquill,Drue Tranquill,16,ILB,LB,"https://static.www.nfl.com/image/private/f_auto,q_auto/league/kag56opaxhhajhfqt3nk",KC,54,47,7,40,4,6,0,2,11,9,0,0,2,0,0,0,0,2,3,0,1,5
2024,REG,00-0035266,M.Jordan,Michael Jordan,1,G,OL,"https://static.www.nfl.com/image/upload/f_auto,q_auto/league/q7nbrxi6i5envdfaf1cw",MIA,1,1,0,0,0,0,0,0,0,0,0,0,0,0,0,0,0,0,0,0,0,0
2024,REG,00-0035266,M.Jordan,Michael Jordan,1,G,OL,"https://static.www.nfl.com/image/upload/f_auto,q_auto/league/q7nbrxi6i5envdfaf1cw",TEN,1,1,0,0,0,0,0,0,0,0,0,0,0,0,0,0,0,0,0,0,0,0
2024,REG,00-0035270,A.Oruwariye,Amani Oruwariye,6,CB,DB,"https://static.www.nfl.com/image/upload/f_auto,q_auto/league/yh8ysiqddubzbgxqdwbb",DAL,23,23,0,6,1,0,0,0,0,0,1,0,3,0,0,0,0,0,0,0,1,5
2024,REG,00-0035272,A.Van Ginkel,Andrew Van Ginkel,17,OLB,LB,"https://static.www.nfl.com/image/upload/f_auto,q_auto/league/c4d7l9millp4ow5dj4uh",MIN,50,41,9,29,18,14,1,11.5,78,19,2,73,6,2,0,0,0,0,0,0,0,0
2024,REG,00-0035276,B.Cashman,Blake Cashman,14,ILB,LB,"https://static.www.nfl.com/image/upload/f_auto,q_auto/league/mvui8tjkoewkupyncbok",MIN,68,59,9,43,8,6,0,4.5,29,11,0,0,8,0,0,0,0,1,16,0,1,15
2024,REG,00-0035277,M.Jackson,Michael Jackson,17,CB,DB,"https://static.www.nfl.com/image/upload/f_auto,q_auto/league/ymkamzfqi625imj3ngeo",CAR,58,51,7,18,3,6,0,0,0,0,2,20,16,0,0,0,0,0,0,0,5,96
2024,REG,00-0035278,B.Cowart,Byron Cowart,13,DT,DL,"https://static.www.nfl.com/image/upload/f_auto,q_auto/league/ai1vyv5bf08robtaxwet",CHI,14,11,3,12,5,7,0,2.5,4,4,0,0,0,0,0,0,0,0,0,0,2,20
2024,REG,00-0035279,C.Omenihu,Charles Omenihu,6,DE,DL,"https://static.www.nfl.com/image/private/f_auto,q_auto/league/n7hyavaepvuienrmh9bi",KC,4,4,0,2,0,0,1,1,10,1,0,0,0,0,0,0,0,0,0,0,0,0
2024,REG,00-0035280,J.Bailey,Jake Bailey,1,P,SPEC,"https://static.www.nfl.com/image/upload/f_auto,q_auto/league/zxvnyuwlbl33ho1jzfqs",MIA,0,0,0,0,0,0,0,0,0,0,0,0,0,0,0,0,0,0,0,0,1,10
2024,REG,00-0035292,D.Long,David Long Jr.,3,ILB,LB,"https://static.www.nfl.com/image/upload/f_auto,q_auto/league/h6g8cn2jt1rvuvkyvmkp",DET,2,0,2,3,1,1,0,0,0,0,0,0,0,0,0,0,0,1,0,0,0,0
2024,REG,00-0035292,D.Long,David Long Jr.,6,ILB,LB,"https://static.www.nfl.com/image/upload/f_auto,q_auto/league/h6g8cn2jt1rvuvkyvmkp",MIA,26,18,8,12,2,2,0,0,0,0,0,0,0,0,0,0,0,0,0,0,0,0
2024,REG,00-0035301,D.Wilson,Donovan Wilson,17,SS,DB,"https://static.www.nfl.com/image/upload/f_auto,q_auto/league/ors9sdenvvgjylcfyrop",DAL,44,39,5,38,6,1,2,4.5,30,4,1,0,5,0,0,0,0,1,0,0,2,22
2024,REG,00-0035316,K.Elliss,Kaden Elliss,17,ILB,LB,"https://static.www.nfl.com/image/upload/f_auto,q_auto/league/essjcyyzdr92jh0sqd1u",ATL,84,72,12,66,8,4,1,5,37,16,1,12,3,0,0,0,0,1,0,0,0,0
2024,REG,00-0035352,T.Dodson,Tyrel Dodson,5,MLB,LB,"https://static.www.nfl.com/image/upload/f_auto,q_auto/league/srjvfaik42ujjdalmhx1",MIA,18,13,5,18,0,0,0,0,0,1,3,7,4,0,0,0,0,0,0,0,1,15
2024,REG,00-0035352,T.Dodson,Tyrel Dodson,9,MLB,LB,"https://static.www.nfl.com/image/upload/f_auto,q_auto/league/srjvfaik42ujjdalmhx1",SEA,42,33,9,29,5,6,1,2,9,3,0,0,2,0,0,0,0,0,0,0,0,0
2024,REG,00-0035357,C.Lewis,Cameron Lewis,14,FS,DB,"https://static.www.nfl.com/image/private/f_auto,q_auto/league/cv2vtd0bajxfuet07bl7",BUF,44,37,7,17,2,1,0,0,0,0,1,0,4,0,0,0,0,0,0,0,2,13
2024,REG,00-0035363,J.Giles-Harris,Joe Giles-Harris,2,OLB,LB,"https://static.www.nfl.com/image/upload/f_auto,q_auto/league/koe6bg1xysd6tuwkxw5g",NE,1,1,0,1,0,0,0,0,0,1,0,0,0,0,0,0,0,0,0,0,0,0
2024,REG,00-0035378,A.Wingard,Andrew Wingard,4,FS,DB,"https://static.www.nfl.com/image/upload/f_auto,q_auto/league/taq2othvpstxlsfz3fym",JAX,7,6,1,7,0,0,0,0,0,0,0,0,3,0,0,0,0,0,0,0,1,15
2024,REG,00-0035386,T.Edwards,T.J. Edwards,17,ILB,LB,"https://static.www.nfl.com/image/upload/f_auto,q_auto/league/vmqcti3f5uufqtgiigk0",CHI,79,69,10,50,12,9,1,4,24,6,1,0,3,0,0,0,0,2,0,0,0,0
2024,REG,00-0035402,C.Granderson,Carl Granderson,17,DE,DL,"https://static.www.nfl.com/image/upload/f_auto,q_auto/league/xe17ud7n1ofomz8kk3ke",NO,36,31,5,25,9,15,1,5.5,31.5,13,0,0,4,0,0,0,0,0,0,0,4,25
2024,REG,00-0035406,L.Humphrey,Lil'Jordan Humphrey,1,WR,WR,"https://static.www.nfl.com/image/upload/f_auto,q_auto/league/yjmyfuozafxd7zwf3mlr",BAL,1,1,0,0,0,0,0,0,0,0,0,0,0,0,0,0,0,0,0,0,0,0
2024,REG,00-0035406,L.Humphrey,Lil'Jordan Humphrey,1,WR,WR,"https://static.www.nfl.com/image/upload/f_auto,q_auto/league/yjmyfuozafxd7zwf3mlr",IND,1,1,0,0,0,0,0,0,0,0,0,0,0,0,0,0,0,0,0,0,0,0
2024,REG,00-0035409,S.Tuttle,Shy Tuttle,15,DT,DL,"https://static.www.nfl.com/image/upload/f_auto,q_auto/league/kg1dcs0e1u8fj70yuejy",CAR,22,20,2,24,0,0,1,0,0,1,0,0,3,0,0,0,0,2,0,0,1,4
2024,REG,00-0035413,L.Gifford,Luke Gifford,5,OLB,LB,"https://static.www.nfl.com/image/private/f_auto,q_auto/league/mhdbbzj8amttnpd1nbpn",TEN,21,19,2,14,1,1,0,0,0,0,1,0,2,0,0,0,0,0,0,0,0,0
2024,REG,00-0035437,R.Teamer,Roderic Teamer,1,SS,DB,"https://static.www.nfl.com/image/private/f_auto,q_auto/league/sma7cwull7agg0gjk7dh",NO,0,0,0,0,0,0,0,0,0,0,0,0,0,0,0,0,0,0,0,0,2,15
2024,REG,00-0035525,D.Bush,Devin Bush,14,ILB,LB,"https://static.www.nfl.com/image/upload/f_auto,q_auto/league/pgpf5oeyel2jgsz2luaq",CLE,44,28,16,30,8,9,0,1,2,1,0,0,3,0,0,0,0,0,0,0,0,0
2024,REG,00-0035526,E.Jenkins,Elgton Jenkins,1,G,OL,"https://static.www.nfl.com/image/upload/f_auto,q_auto/league/wrahpqtdvxipwmrepiyl",MIN,1,0,1,0,0,0,0,0,0,0,0,0,0,0,0,0,0,0,0,0,0,0
2024,REG,00-0035537,T.Johnson,Ty Johnson,1,RB,RB,"https://static.www.nfl.com/image/upload/f_auto,q_auto/league/zdedn4xqr2jy6mddh5pb",NE,1,1,0,0,0,0,0,0,0,0,0,0,0,0,0,0,0,0,0,0,0,0
2024,REG,00-0035567,C.Reynolds,Craig Reynolds,1,RB,RB,"https://static.www.nfl.com/image/upload/f_auto,q_auto/league/kfohmdfiai96uqcl7c03",MIN,0,0,0,1,0,0,0,0,0,0,0,0,0,0,0,0,0,0,0,0,0,0
2024,REG,00-0035594,T.Homer,Travis Homer,1,RB,RB,"https://static.www.nfl.com/image/upload/f_auto,q_auto/league/eg1e7va024emnbm55got",MIN,1,1,0,0,0,0,0,0,0,0,0,0,0,0,0,0,0,0,0,0,0,0
2024,REG,00-0035617,T.Reeder,Troy Reeder,6,ILB,LB,"https://static.www.nfl.com/image/upload/f_auto,q_auto/league/twe7rexbwcsrgeqkyo0u",LA,26,16,10,21,1,1,0,0,0,0,0,0,1,0,0,0,0,0,0,0,0,0
2024,REG,00-0035625,J.Thornhill,Juan Thornhill,11,FS,DB,"https://static.www.nfl.com/image/private/f_auto,q_auto/league/mxwqw2htpqtpc9b0klbv",CLE,31,29,2,18,1,0,0,0,0,1,0,0,3,0,0,0,0,0,0,0,0,0
2024,REG,00-0035630,C.Lindstrom,Chris Lindstrom,1,G,OL,"https://static.www.nfl.com/image/upload/f_auto,q_auto/league/njjqpjnrq2g2nxxzu76u",KC,1,1,0,0,0,0,0,0,0,0,0,0,0,0,0,0,0,0,0,0,0,0
2024,REG,00-0035631,D.Sample,Drew Sample,1,TE,TE,"https://static.www.nfl.com/image/upload/f_auto,q_auto/league/xufsbdqfujdqnrnozhg4",PIT,1,1,0,0,0,0,1,0,0,0,0,0,0,0,0,0,0,0,0,0,0,0
2024,REG,00-0035632,A.Hooker,Amani Hooker,14,FS,DB,"https://static.www.nfl.com/image/upload/f_auto,q_auto/league/jigd7pauot8z4engfsmx",TEN,46,41,5,24,4,7,2,0,0,2,5,68,9,0,0,0,0,0,0,0,2,19
2024,REG,00-0035633,C.Ballentine,Corey Ballentine,1,CB,DB,"https://static.www.nfl.com/image/upload/f_auto,q_auto/league/i82rhwwnlinkmjzypuae",GB,2,1,1,0,0,0,0,0,0,0,0,0,0,0,0,0,0,0,0,0,0,0
2024,REG,00-0035636,L.Collier,L.J. Collier,15,DT,DL,"https://static.www.nfl.com/image/private/f_auto,q_auto/league/i39nt3smr30rgznvlal3",ARI,13,10,3,16,4,3,0,3.5,18.5,6,0,0,2,0,0,0,0,1,0,0,1,5
2024,REG,00-0035637,R.Ya-Sin,Rock Ya-Sin,3,CB,DB,"https://static.www.nfl.com/image/upload/f_auto,q_auto/league/lqy47wstsu51vejik26c",SF,2,1,1,0,0,0,0,0,0,0,0,0,2,0,0,0,0,0,0,0,3,34
2024,REG,00-0035642,J.Hines-Allen,Josh Hines-Allen,16,DE,DL,"https://static.www.nfl.com/image/private/f_auto,q_auto/league/q807jedjb7igab4graoe",JAX,27,19,8,19,10,9,1,8,53,19,0,0,2,0,0,0,0,1,13,0,5,35
2024,REG,00-0035643,J.Simmons,Jeffery Simmons,16,DT,DL,"https://static.www.nfl.com/image/upload/f_auto,q_auto/league/t6x8nhokjuwxz1gjq2fs",TEN,41,36,5,35,11,14,2,5,35,9,0,0,4,0,0,0,0,2,0,0,6,50
2024,REG,00-0035644,N.Fant,Noah Fant,1,TE,TE,"https://static.www.nfl.com/image/private/f_auto,q_auto/league/w1gqasldrg3jumzdqjvy",MIN,1,1,0,0,0,0,0,0,0,0,0,0,0,0,0,0,0,0,0,0,0,0
2024,REG,00-0035644,N.Fant,Noah Fant,1,TE,TE,"https://static.www.nfl.com/image/private/f_auto,q_auto/league/w1gqasldrg3jumzdqjvy",SF,1,1,0,0,0,0,0,0,0,0,0,0,0,0,0,0,0,0,0,0,0,0
2024,REG,00-0035646,S.Takitaki,Sione Takitaki,8,OLB,LB,"https://static.www.nfl.com/image/upload/f_auto,q_auto/league/mx5kjkwhlgzbuhagmsb7",NE,6,6,0,12,0,0,0,0,0,0,0,0,0,0,0,0,0,0,0,0,1,5
2024,REG,00-0035647,M.Sweat,Montez Sweat,15,DE,DL,"https://static.www.nfl.com/image/upload/f_auto,q_auto/league/ftcyuaiwxjmivippsrpy",CHI,18,12,6,14,9,8,2,5.5,38,12,0,0,2,0,0,0,0,0,0,0,4,20
2024,REG,00-0035655,W.Harris,Will Harris,13,FS,DB,"https://static.www.nfl.com/image/upload/f_auto,q_auto/league/pojy15q1vej2j4k2abxl",NO,54,48,6,19,3,3,0,0,0,0,1,7,5,0,0,0,0,0,0,0,1,15
2024,REG,00-0035656,K.Saunders,Khalen Saunders,12,DT,DL,"https://static.www.nfl.com/image/upload/f_auto,q_auto/league/x4rukt5gqttd7ow1ldrg",NO,18,17,1,25,3,0,0,2,18,5,1,37,3,0,0,0,0,0,0,0,1,6
2024,REG,00-0035659,T.McLaurin,Terry McLaurin,1,WR,WR,"https://static.www.nfl.com/image/upload/f_auto,q_auto/league/wokz1etv1wj1vhbmvxgs",CLE,1,1,0,0,0,0,0,0,0,0,0,0,0,0,0,0,0,0,0,0,0,0
2024,REG,00-0035663,T.Rapp,Taylor Rapp,14,SS,DB,"https://static.www.nfl.com/image/upload/f_auto,q_auto/league/hbddw85y7u2tupcyx56m",BUF,48,41,7,34,2,3,1,0,0,0,2,5,6,0,0,0,0,0,0,0,1,15
2024,REG,00-0035665,D.Long,David Long,1,CB,DB,"https://static.www.nfl.com/image/upload/f_auto,q_auto/league/uawngyyimhhcvwiijs1x",IND,0,0,0,0,0,0,0,0,0,0,0,0,0,0,0,0,0,0,0,0,1,15
2024,REG,00-0035667,G.Gaines,Greg Gaines,11,NT,DL,"https://static.www.nfl.com/image/upload/f_auto,q_auto/league/xbdsyuwzz86sbc2euifo",TB,7,5,2,10,2,1,0,1,5,4,0,0,0,0,0,0,0,0,0,0,2,10
2024,REG,00-0035669,N.Scott,Nick Scott,7,SS,DB,"https://static.www.nfl.com/image/upload/f_auto,q_auto/league/knvjhpqqyqrnkzwikfdx",CAR,14,13,1,12,0,0,0,0,0,0,0,0,2,0,0,0,0,0,0,0,1,5
2024,REG,00-0035672,C.Barton,Cody Barton,17,MLB,LB,"https://static.www.nfl.com/image/upload/f_auto,q_auto/league/f6oxa6q8svj1apvlni14",DEN,52,46,6,52,2,7,1,1.5,2.5,2,2,71,5,1,0,0,0,1,52,0,1,13
2024,REG,00-0035674,J.Tillery,Jerry Tillery,15,DE,DL,"https://static.www.nfl.com/image/upload/f_auto,q_auto/league/adiuyaw2t6yelrqt6imd",MIN,13,11,2,15,1,1,1,0,0,3,0,0,2,0,0,0,0,0,0,0,0,0
2024,REG,00-0035676,A.Brown,A.J. Brown,1,WR,WR,"https://static.www.nfl.com/image/private/f_auto,q_auto/league/a014sgzctarbvhwb35lw",WAS,1,1,0,0,0,0,0,0,0,0,0,0,0,0,0,0,0,0,0,0,0,0
2024,REG,00-0035678,D.Jones,Dre'Mont Jones,16,DE,DL,"https://static.www.nfl.com/image/private/f_auto,q_auto/league/jtymiyxibjaktdm0h9by",SEA,14,11,3,14,7,8,1,4,35,13,0,0,1,0,0,0,0,0,0,1,3,33
2024,REG,00-0035680,Q.Williams,Quincy Williams,17,ILB,LB,"https://static.www.nfl.com/image/upload/f_auto,q_auto/league/ikiir6l66xfq1z1hq9p7",NYJ,74,67,7,42,14,34,4,2,22,2,0,0,4,0,0,0,0,3,19,0,2,15
2024,REG,00-0035683,D.Lawrence,Dexter Lawrence,12,NT,DL,"https://static.www.nfl.com/image/private/f_auto,q_auto/league/mq1gfsw7gfz3jithkivb",NYG,23,20,3,21,8,1,1,9,65,16,0,0,1,0,0,0,0,0,0,0,1,5
2024,REG,00-0035687,B.Okereke,Bobby Okereke,12,MLB,LB,"https://static.www.nfl.com/image/upload/f_auto,q_auto/league/ttw5d6oxatumwjdick1i",NYG,47,39,8,46,6,8,3,2,4,2,0,0,3,0,0,0,0,2,1,0,0,0
2024,REG,00-0035692,C.Ferrell,Clelin Ferrell,12,DE,DL,"https://static.www.nfl.com/image/upload/f_auto,q_auto/league/rskwfp5ry0pabky8h4qs",WAS,11,9,2,15,4,5,1,3.5,20.5,9,0,0,0,0,0,0,0,0,0,0,2,15
2024,REG,00-0035693,J.Abram,Johnathan Abram,3,SS,DB,"https://static.www.nfl.com/image/upload/f_auto,q_auto/league/d2zdaol75a3i4s2sdb4r",NO,10,10,0,6,0,0,0,0,0,0,1,30,2,0,0,0,0,0,0,0,1,5
2024,REG,00-0035696,D.Shelley,Duke Shelley,1,CB,DB,"https://static.www.nfl.com/image/upload/f_auto,q_auto/league/jmidsg7krhjba8rbvoha",NYG,1,1,0,0,0,0,0,0,0,0,0,0,0,0,0,0,0,0,0,0,0,0
2024,REG,00-0035697,G.Pratt,Germaine Pratt,17,OLB,LB,"https://static.www.nfl.com/image/upload/f_auto,q_auto/league/pq5icr0kspcsgxia4sg6",CIN,80,68,12,63,5,11,2,0,0,4,2,26,6,0,0,0,0,2,9,0,1,0
2024,REG,00-0035699,J.Dean,Jamel Dean,12,CB,DB,"https://static.www.nfl.com/image/private/f_auto,q_auto/league/s0k1zs9nyl2cqsjwf5cs",TB,45,43,2,14,0,0,1,0,0,0,1,0,7,0,0,0,0,0,0,0,1,9
2024,REG,00-0035700,J.Jacobs,Josh Jacobs,1,RB,RB,"https://static.www.nfl.com/image/upload/f_auto,q_auto/league/ksdusqxnwqtnph0htcfx",SEA,1,1,0,0,0,0,0,0,0,0,0,0,0,0,0,0,0,0,0,0,0,0
2024,REG,00-0035705,J.Thompson,Jalen Thompson,15,FS,DB,"https://static.www.nfl.com/image/upload/f_auto,q_auto/league/vzuzk4hnunpve1myp0dm",ARI,61,51,10,37,3,7,0,0,0,2,0,0,3,0,0,0,0,2,0,0,1,8
2024,REG,00-0035707,D.White,Devin White,6,ILB,LB,"https://static.www.nfl.com/image/upload/f_auto,q_auto/league/i1c4v09znk6ijwftzset",HOU,15,14,1,4,0,0,0,0,0,0,0,0,0,0,0,0,0,0,0,0,0,0
2024,REG,00-0035708,O.Ximines,Oshane Ximines,1,OLB,LB,"https://static.www.nfl.com/image/upload/f_auto,q_auto/league/lwucizbpvqrkpolyndj8",NE,0,0,0,1,0,0,0,0,0,0,0,0,0,0,0,0,0,0,0,0,0,0
2024,REG,00-0035710,D.Jones,Daniel Jones,1,QB,QB,"https://static.www.nfl.com/image/private/f_auto,q_auto/league/zrhniboizqpxtdyz6gez",CAR,1,1,0,0,0,0,0,0,0,0,0,0,0,0,0,0,0,0,0,0,0,0
2024,REG,00-0035713,B.Burns,Brian Burns,17,OLB,LB,"https://static.www.nfl.com/image/upload/f_auto,q_auto/league/xebyudtwsbfaqrkhstd8",NYG,42,35,7,29,17,15,2,8.5,77,18,0,0,8,0,0,0,0,0,0,0,2,10
2024,REG,00-0035717,N.Bosa,Nick Bosa,13,DE,DL,"https://static.www.nfl.com/image/upload/f_auto,q_auto/league/gm1nmlg5jsa0mh9vl5ms",SF,33,30,3,19,15,10,1,9,56,24,1,30,1,0,0,0,0,1,0,0,3,15
2024,REG,00-0035718,Q.Williams,Quinnen Williams,16,NT,DL,"https://static.www.nfl.com/image/private/f_auto,q_auto/league/ftjeq2xr9mvck8mfkute",NYJ,25,21,4,12,8,7,0,6,49.5,18,0,0,0,0,0,0,0,0,0,0,4,41
2024,REG,00-0035719,D.Samuel,Deebo Samuel,1,WR,WR,"https://static.www.nfl.com/image/upload/f_auto,q_auto/league/shqoqpjwwoiexzy6cmgb",DET,1,1,0,0,0,0,0,0,0,0,0,0,0,0,0,0,0,0,0,0,0,0
2024,REG,00-0035719,D.Samuel,Deebo Samuel,1,WR,WR,"https://static.www.nfl.com/image/upload/f_auto,q_auto/league/shqoqpjwwoiexzy6cmgb",KC,1,1,0,0,0,0,0,0,0,0,0,0,0,0,0,0,0,0,0,0,0,0
2024,REG,00-0035763,M.Roach,Malcolm Roach,15,DT,DL,"https://static.www.nfl.com/image/upload/f_auto,q_auto/league/slssc1tyijjqxa8vjwe4",DEN,18,13,5,25,5,3,1,2.5,14,8,0,0,2,0,0,0,0,1,0,0,1,15
2024,REG,00-0035795,J.Pierre,James Pierre,6,CB,DB,"https://static.www.nfl.com/image/upload/f_auto,q_auto/league/a0pp4bfqlxjxxtehhc0h",PIT,8,7,1,4,0,0,0,0,0,0,1,18,3,0,0,0,0,0,0,0,0,0
2024,REG,00-0035841,B.Jones,Benito Jones,12,DT,DL,"https://static.www.nfl.com/image/upload/f_auto,q_auto/league/mswnb7xtif8vljtvuhu5",MIA,9,8,1,15,4,10,0,0,0,3,0,0,0,0,0,0,0,0,0,0,1,5
2024,REG,00-0035857,C.Williams,Chris Williams,16,DT,DL,"https://static.www.nfl.com/image/upload/f_auto,q_auto/league/l1ynly6u8wqfa3e5ctml",CHI,17,15,2,6,3,0,0,3,26,7,0,0,0,0,0,0,0,0,0,0,1,5
2024,REG,00-0035890,T.Wharton,Tershawn Wharton,12,DT,DL,"https://static.www.nfl.com/image/private/f_auto,q_auto/league/pbuynfvzq7bojcivxbba",KC,18,16,2,11,7,1,1,6.5,48,11,0,0,2,0,0,0,0,0,0,0,1,15
2024,REG,00-0035895,J.Bachie,Joe Bachie,3,ILB,LB,"https://static.www.nfl.com/image/upload/f_auto,q_auto/league/ln4dn19qwfrpkzhfwwdf",CIN,3,2,1,0,0,0,0,0,0,0,0,0,0,0,0,0,0,0,0,0,0,0
2024,REG,00-0035903,J.Gaziano,Joe Gaziano,2,DE,DL,"https://static.www.nfl.com/image/upload/f_auto,q_auto/league/saim6trsnqhedad4hu0r",JAX,2,1,1,1,0,0,0,0,0,0,0,0,0,0,0,0,0,0,0,0,0,0
2024,REG,00-0035910,T.Smith,T.J. Smith,2,DT,DL,"https://static.www.nfl.com/image/private/f_auto,q_auto/league/lmjr6tmxxxkltnltk7ks",CAR,0,0,0,2,0,0,0,0,0,0,0,0,0,0,0,0,0,0,0,0,0,0
2024,REG,00-0035933,M.Hoecht,Michael Hoecht,16,OLB,LB,"https://static.www.nfl.com/image/upload/f_auto,q_auto/league/x7dptdtfop48cak3l5os",LA,23,17,6,32,4,6,0,3,13.5,6,0,0,2,0,0,0,0,0,0,0,1,1
2024,REG,00-0035942,C.Rozeboom,Christian Rozeboom,16,ILB,LB,"https://static.www.nfl.com/image/upload/f_auto,q_auto/league/x8fvmeu8teeqpoi4bkx6",LA,69,59,10,64,5,6,0,1,6,1,1,16,4,0,0,0,0,0,0,0,2,25
2024,REG,00-0035944,J.Williams,Jonah Williams,1,DE,DL,"https://static.www.nfl.com/image/upload/f_auto,q_auto/league/gnujz4p4sshj5xv6nmjp",DET,0,0,0,0,0,0,0,0,0,1,0,0,0,0,0,0,0,0,0,0,0,0
2024,REG,00-0035944,J.Williams,Jonah Williams,3,DE,DL,"https://static.www.nfl.com/image/upload/f_auto,q_auto/league/gnujz4p4sshj5xv6nmjp",LA,1,1,0,2,1,1,0,0,0,0,0,0,0,0,0,0,0,0,0,0,0,0
2024,REG,00-0035944,J.Williams,Jonah Williams,1,DE,DL,"https://static.www.nfl.com/image/upload/f_auto,q_auto/league/gnujz4p4sshj5xv6nmjp",MIN,0,0,0,0,0,0,0,0,0,1,0,0,0,0,0,0,0,0,0,0,0,0
2024,REG,00-0035946,M.Adams,Myles Adams,2,DE,DL,"https://static.www.nfl.com/image/upload/f_auto,q_auto/league/xbmi6a0pex4jdgyarhbt",DET,3,3,0,1,1,0,0,1,5,2,0,0,0,0,0,0,0,0,0,0,0,0
2024,REG,00-0035946,M.Adams,Myles Adams,1,DE,DL,"https://static.www.nfl.com/image/upload/f_auto,q_auto/league/xbmi6a0pex4jdgyarhbt",SEA,1,1,0,1,0,0,0,0,0,0,0,0,0,0,0,0,0,0,0,0,0,0
2024,REG,00-0035961,K.Barnes,Krys Barnes,12,ILB,LB,"https://static.www.nfl.com/image/upload/f_auto,q_auto/league/xgq5wwfuk5s2frsx0ha0",ARI,18,14,4,16,3,1,0,2,5,2,0,0,0,0,0,0,0,0,0,0,1,15
2024,REG,00-0035984,B.Lynch,Blake Lynch,1,OLB,LB,"https://static.www.nfl.com/image/upload/f_auto,q_auto/league/r2skp5v2pgvumlmqzhgl",KC,3,2,1,3,1,1,0,0,0,0,0,0,0,0,0,0,0,0,0,0,0,0
2024,REG,00-0036010,J.Elliott,Jalen Elliott,1,SS,DB,"https://static.www.nfl.com/image/upload/f_auto,q_auto/league/gwcvitcgnttnroiskzen",PIT,0,0,0,0,0,0,0,0,0,0,0,0,0,0,0,0,0,0,0,0,1,3
2024,REG,00-0036037,S.Franklin,Sam Franklin,3,SS,DB,"https://static.www.nfl.com/image/upload/f_auto,q_auto/league/umqc50da0q99u1qyhka5",CAR,0,0,0,0,0,0,0,0,0,0,0,0,0,0,0,0,0,0,0,0,3,39
2024,REG,00-0036045,C.Gill,Cam Gill,8,OLB,LB,"https://static.www.nfl.com/image/upload/f_auto,q_auto/league/wxadtc7jcfyso4qdbeni",CAR,6,6,0,15,0,0,0,0,0,4,0,0,0,0,0,0,0,0,0,0,0,0
2024,REG,00-0036081,B.Washington,Broderick Washington,10,DE,DL,"https://static.www.nfl.com/image/upload/f_auto,q_auto/league/emh0zmsonamylgrr7hmv",BAL,9,8,1,12,1,0,1,2,10,2,0,0,2,0,0,0,0,0,0,0,1,12
2024,REG,00-0036087,M.Bryant,Myles Bryant,3,CB,DB,"https://static.www.nfl.com/image/upload/f_auto,q_auto/league/bzbwwwemnsuw2pveglco",HOU,7,5,2,1,0,0,0,0,0,0,0,0,0,0,0,0,0,0,0,0,0,0
2024,REG,00-0036124,K.Dorsey,Khalil Dorsey,4,CB,DB,"https://static.www.nfl.com/image/upload/f_auto,q_auto/league/dd7a4vk8eedk1knufreg",DET,5,5,0,5,1,1,0,0,0,0,0,0,2,0,0,0,0,0,0,0,0,0
2024,REG,00-0036130,N.Madubuike,Nnamdi Madubuike,17,DT,DL,"https://static.www.nfl.com/image/upload/f_auto,q_auto/league/jqjavitaoxp8al5ddury",BAL,21,17,4,22,11,11,1,6.5,21.5,17,0,0,1,0,0,0,0,0,0,0,6,65
2024,REG,00-0036133,J.Proche,James Proche,1,WR,WR,"https://static.www.nfl.com/image/upload/f_auto,q_auto/league/me4h87meacls1jjh0cug",CLE,0,0,0,0,0,0,0,0,0,0,0,0,0,0,0,0,0,0,0,0,1,5
2024,REG,00-0036133,J.Proche,James Proche,1,WR,WR,"https://static.www.nfl.com/image/upload/f_auto,q_auto/league/me4h87meacls1jjh0cug",LV,1,1,0,0,0,0,0,0,0,0,0,0,0,0,0,0,0,0,0,0,0,0
2024,REG,00-0036139,R.Dowdle,Rico Dowdle,1,RB,RB,"https://static.www.nfl.com/image/upload/f_auto,q_auto/league/fe8ge4f6vvtyihou5czu",PHI,1,1,0,0,0,0,0,0,0,0,0,0,0,0,0,0,0,0,0,0,0,0
2024,REG,00-0036151,B.Huff,Bryce Huff,8,DE,DL,"https://static.www.nfl.com/image/upload/f_auto,q_auto/league/f7d7rc4mrzkppwgqezin",PHI,5,4,1,8,3,4,1,2.5,24.5,4,0,0,0,0,0,0,0,0,0,0,0,0
2024,REG,00-0036157,K.Welch,Kristian Welch,2,ILB,LB,"https://static.www.nfl.com/image/upload/f_auto,q_auto/league/s6mtzzk3etuv34oabdqp",BAL,2,2,0,0,0,0,0,0,0,0,0,0,0,0,0,0,0,0,0,0,0,0
2024,REG,00-0036157,K.Welch,Kristian Welch,3,ILB,LB,"https://static.www.nfl.com/image/upload/f_auto,q_auto/league/s6mtzzk3etuv34oabdqp",DEN,3,1,2,3,0,0,0,0,0,0,0,0,0,0,0,0,0,0,0,0,0,0
2024,REG,00-0036159,J.Uche,Joshua Uche,2,OLB,LB,"https://static.www.nfl.com/image/upload/f_auto,q_auto/league/p7v3ht2iftut8hebhsbu",KC,7,7,0,3,0,0,0,0,0,0,0,0,0,0,0,0,0,0,0,0,0,0
2024,REG,00-0036159,J.Uche,Joshua Uche,6,OLB,LB,"https://static.www.nfl.com/image/upload/f_auto,q_auto/league/p7v3ht2iftut8hebhsbu",NE,10,9,1,3,2,0,0,2,11,3,0,0,0,0,0,0,0,0,0,0,2,20
2024,REG,00-0036162,T.Bass,Tyler Bass,2,K,SPEC,"https://static.www.nfl.com/image/upload/f_auto,q_auto/league/yap9hm6h417pspqeadl1",BUF,0,0,0,0,0,0,0,0,0,0,0,0,0,0,0,0,0,0,0,0,2,0
2024,REG,00-0036166,D.Jackson,Dane Jackson,7,CB,DB,"https://static.www.nfl.com/image/upload/f_auto,q_auto/league/lys47la5i4ay7g1gr07g",CAR,15,14,1,8,1,4,0,0,0,0,0,0,2,0,0,0,0,0,0,0,1,5
2024,REG,00-0036181,T.Tart,Teair Tart,14,DT,DL,"https://static.www.nfl.com/image/upload/f_auto,q_auto/league/u9vwnpfhorxtehq9yfgc",LAC,15,15,0,14,5,9,1,1,11,5,1,4,2,0,1,0,0,1,0,0,3,25
2024,REG,00-0036182,N.Westbrook-Ikhine,Nick Westbrook-Ikhine,1,WR,WR,"https://static.www.nfl.com/image/upload/f_auto,q_auto/league/rt9ic9wzwl2pevlxt1nd",BUF,1,1,0,0,0,0,0,0,0,0,0,0,0,0,0,0,0,0,0,0,0,0
2024,REG,00-0036182,N.Westbrook-Ikhine,Nick Westbrook-Ikhine,1,WR,WR,"https://static.www.nfl.com/image/upload/f_auto,q_auto/league/rt9ic9wzwl2pevlxt1nd",CIN,1,1,0,0,0,0,0,0,0,0,0,0,0,0,0,0,0,0,0,0,0,0
2024,REG,00-0036182,N.Westbrook-Ikhine,Nick Westbrook-Ikhine,1,WR,WR,"https://static.www.nfl.com/image/upload/f_auto,q_auto/league/rt9ic9wzwl2pevlxt1nd",TEN,0,0,0,0,0,0,0,0,0,0,0,0,0,0,0,0,0,0,0,0,1,10
2024,REG,00-0036187,R.Gilliam,Reggie Gilliam,1,FB,RB,"https://static.www.nfl.com/image/upload/f_auto,q_auto/league/qj2xzath8p7188isoxkd",BUF,0,0,0,1,0,0,0,0,0,0,0,0,0,0,0,0,0,0,0,0,0,0
2024,REG,00-0036192,A.Epenesa,A.J. Epenesa,16,DE,DL,"https://static.www.nfl.com/image/upload/f_auto,q_auto/league/cuvz6epit4d0o8grclqm",BUF,23,20,3,16,8,5,2,6,46,11,0,0,2,0,0,0,0,0,0,1,3,35
2024,REG,00-0036193,A.Jennings,Anfernee Jennings,16,OLB,LB,"https://static.www.nfl.com/image/private/f_auto,q_auto/league/rhpdybqsxdk8fo1wczc3",NE,42,36,6,36,7,14,1,2.5,12.5,9,0,0,1,0,0,0,0,0,0,0,2,20
2024,REG,00-0036195,C.Heck,Charlie Heck,1,T,OL,"https://static.www.nfl.com/image/upload/f_auto,q_auto/league/pz1qneiimosapoj6ybbp",DET,1,1,0,0,0,0,0,0,0,0,0,0,0,0,0,0,0,0,0,0,0,0
2024,REG,00-0036196,G.Davis,Gabe Davis,1,WR,WR,"https://static.www.nfl.com/image/upload/f_auto,q_auto/league/rlmgjtfct5qjtbwcjqg6",MIN,2,2,0,0,0,0,0,0,0,0,0,0,0,0,0,0,0,0,0,0,0,0
2024,REG,00-0036199,G.Stone,Geno Stone,17,SS,DB,"https://static.www.nfl.com/image/upload/f_auto,q_auto/league/redtjiud7dtro4avfgn0",CIN,47,44,3,34,0,0,0,0,0,4,4,88,6,1,0,0,0,1,6,0,0,0
2024,REG,00-0036212,T.Tagovailoa,Tua Tagovailoa,1,QB,QB,"https://static.www.nfl.com/image/upload/f_auto,q_auto/league/xzdbwt2ezmxk3pjcsr1n",LA,1,1,0,0,0,0,0,0,0,0,0,0,0,0,0,0,0,0,0,0,0,0
2024,REG,00-0036213,R.Davis,Raekwon Davis,14,NT,DL,"https://static.www.nfl.com/image/upload/f_auto,q_auto/league/cebpdy9q3snsm1z8yx00",IND,7,6,1,8,1,6,0,0,0,0,0,0,1,0,0,0,0,0,0,0,3,11
2024,REG,00-0036220,D.Brown,Derrick Brown,1,DE,DL,"https://static.www.nfl.com/image/upload/f_auto,q_auto/league/fkykzylv1irnfjijbwrw",CAR,1,0,1,2,0,0,0,0,0,0,0,0,0,0,0,0,0,0,0,0,0,0
2024,REG,00-0036221,B.Jones,Brandon Jones,16,FS,DB,"https://static.www.nfl.com/image/upload/f_auto,q_auto/league/cxjsqih3bzvgebahj2vm",DEN,79,75,4,36,2,2,1,0,0,1,3,74,10,0,0,0,0,1,34,0,2,20
2024,REG,00-0036222,I.Rodgers,Isaiah Rodgers,10,CB,DB,"https://static.www.nfl.com/image/upload/f_auto,q_auto/league/l8pzeettxf7tlqyd9pdq",PHI,17,16,1,7,0,0,1,0,0,0,0,0,4,0,0,0,0,0,0,0,1,31
2024,REG,00-0036223,J.Taylor,Jonathan Taylor,1,RB,RB,"https://static.www.nfl.com/image/upload/f_auto,q_auto/league/ye4runp84oku1vnodsa7",BUF,1,1,0,0,0,0,0,0,0,0,0,0,0,0,0,0,0,0,0,0,0,0
2024,REG,00-0036224,J.Greenard,Jonathan Greenard,17,OLB,LB,"https://static.www.nfl.com/image/upload/f_auto,q_auto/league/a8ztocyqrsxgmczzdyum",MIN,41,37,4,18,18,15,4,12,110,22,0,0,3,0,0,0,0,0,0,0,2,10
2024,REG,00-0036231,K.Dugger,Kyle Dugger,13,FS,DB,"https://static.www.nfl.com/image/private/f_auto,q_auto/league/gckckiryskfmdmgkkgj5",NE,54,49,5,25,8,6,1,1,4,1,0,0,4,0,0,0,0,0,0,0,3,29
2024,REG,00-0036232,H.Bryant,Harrison Bryant,1,TE,TE,"https://static.www.nfl.com/image/upload/f_auto,q_auto/league/jjarmcwkadvr7tynkpuj",BAL,1,1,0,0,0,0,0,0,0,0,0,0,0,0,0,0,0,0,0,0,0,0
2024,REG,00-0036249,J.Okwara,Julian Okwara,9,OLB,LB,"https://static.www.nfl.com/image/upload/f_auto,q_auto/league/unrh4wz2bbaum89obafi",ARI,10,9,1,8,3,3,0,1,12,2,0,0,1,0,0,0,0,0,0,0,1,14
2024,REG,00-0036251,Z.Moss,Zack Moss,1,RB,RB,"https://static.www.nfl.com/image/upload/f_auto,q_auto/league/oxrltdgoquiabhihhgnk",NE,0,0,0,1,0,0,0,0,0,0,0,0,0,0,0,0,0,0,0,0,0,0
2024,REG,00-0036252,M.Pittman,Michael Pittman,1,WR,WR,"https://static.www.nfl.com/image/private/f_auto,q_auto/league/wnymcombo2plamteihiy",CHI,1,1,0,0,0,0,0,0,0,0,0,0,0,0,0,0,0,0,0,0,0,0
2024,REG,00-0036252,M.Pittman,Michael Pittman,1,WR,WR,"https://static.www.nfl.com/image/private/f_auto,q_auto/league/wnymcombo2plamteihiy",GB,1,1,0,0,0,0,0,0,0,0,0,0,0,0,0,0,0,0,0,0,0,0
2024,REG,00-0036253,J.Blackmon,Julian Blackmon,16,FS,DB,"https://static.www.nfl.com/image/upload/f_auto,q_auto/league/lvcl7raeo2tmzmmyf1pe",IND,62,52,10,24,1,6,0,0.5,0.5,1,3,27,4,0,0,0,0,1,0,0,0,0
2024,REG,00-0036259,J.Jennings,Jauan Jennings,1,WR,WR,"https://static.www.nfl.com/image/upload/f_auto,q_auto/league/fqyzagb57zrtegmw69eb",MIA,1,1,0,0,0,0,0,0,0,0,0,0,0,0,0,0,0,0,0,0,0,0
2024,REG,00-0036260,J.Kinlaw,Javon Kinlaw,15,DT,DL,"https://static.www.nfl.com/image/upload/f_auto,q_auto/league/a4qvry0uyfblvff2igi0",NYJ,27,23,4,13,5,1,2,4.5,41.5,5,0,0,0,0,0,0,0,1,4,0,8,64
2024,REG,00-0036262,D.Hamilton,Davon Hamilton,16,DT,DL,"https://static.www.nfl.com/image/upload/f_auto,q_auto/league/qp0lntmasn8ffj003j9h",JAX,34,30,4,28,5,11,0,0,0,2,0,0,0,0,0,0,0,0,0,0,2,6
2024,REG,00-0036266,J.Elliott,Jordan Elliott,13,DT,DL,"https://static.www.nfl.com/image/upload/f_auto,q_auto/league/haddl9vyyodpscuv8556",SF,12,12,0,7,2,4,0,0,0,2,0,0,0,0,0,0,0,0,0,0,4,28
2024,REG,00-0036274,J.Okudah,Jeff Okudah,4,CB,DB,"https://static.www.nfl.com/image/upload/f_auto,q_auto/league/y2xrximb2dlexwgyrjxh",HOU,7,6,1,0,0,0,0,0,0,0,0,0,1,0,0,0,0,0,0,0,0,0
2024,REG,00-0036280,M.Harrison,Malik Harrison,13,OLB,LB,"https://static.www.nfl.com/image/upload/f_auto,q_auto/league/ee7bygptv2xsx5zmbz5n",BAL,16,14,2,30,3,2,0,2,8,3,0,0,0,0,0,0,0,0,0,0,0,0
2024,REG,00-0036282,G.Delpit,Grant Delpit,16,SS,DB,"https://static.www.nfl.com/image/upload/f_auto,q_auto/league/vfp5ffmtbfgobosxlxjj",CLE,67,59,8,41,7,14,0,1,9,5,0,0,1,0,0,0,0,0,0,0,2,4
2024,REG,00-0036285,A.Terrell,A.J. Terrell,15,CB,DB,"https://static.www.nfl.com/image/private/f_auto,q_auto/league/mijlbfupcqxu8g7mmm4i",ATL,50,46,4,16,2,0,0,0,0,0,2,1,6,0,0,0,0,0,0,0,2,27
2024,REG,00-0036286,K.Chaisson,K'Lavon Chaisson,13,OLB,LB,"https://static.www.nfl.com/image/upload/f_auto,q_auto/league/kjfiffxzngmxoqwylvrb",LV,19,14,5,13,7,5,1,5,35.5,8,1,0,2,0,0,0,0,0,0,0,4,32
2024,REG,00-0036287,N.Igbinoghene,Noah Igbinoghene,17,CB,DB,"https://static.www.nfl.com/image/upload/f_auto,q_auto/league/hyu05mp0m5bstdoi0wdx",WAS,33,31,2,22,1,1,0,0,0,0,0,0,7,0,0,0,0,0,0,0,7,74
2024,REG,00-0036288,Y.Gross-Matos,Yetur Gross-Matos,9,OLB,LB,"https://static.www.nfl.com/image/upload/f_auto,q_auto/league/jfblyob1da4sgrig3yxp",SF,14,12,2,5,6,5,0,4,24,7,0,0,0,0,0,0,0,0,0,0,0,0
2024,REG,00-0036290,C.Kmet,Cole Kmet,1,TE,TE,"https://static.www.nfl.com/image/upload/f_auto,q_auto/league/fdxpctcmwjupassg9g9d",SEA,1,1,0,0,0,0,0,0,0,0,0,0,0,0,0,0,0,0,0,0,0,0
2024,REG,00-0036292,J.Johnson,Jaylon Johnson,17,CB,DB,"https://static.www.nfl.com/image/upload/f_auto,q_auto/league/ouyqfh584alvv72ss9om",CHI,42,37,5,11,7,16,1,0,0,0,2,11,8,0,0,0,0,0,0,0,3,60
2024,REG,00-0036293,J.Chinn,Jeremy Chinn,17,FS,DB,"https://static.www.nfl.com/image/upload/f_auto,q_auto/league/gpnjvydi7tbdpgnj8qsu",WAS,67,58,9,40,7,1,0,2,17,3,1,0,5,0,0,0,0,2,0,0,2,30
2024,REG,00-0036294,L.Wilson,Logan Wilson,11,ILB,LB,"https://static.www.nfl.com/image/upload/f_auto,q_auto/league/dihzee6aboahkl0keztd",CIN,55,48,7,49,2,2,2,0,0,4,0,0,1,0,0,0,0,2,10,0,0,0
2024,REG,00-0036298,A.Davis-Gaither,Akeem Davis-Gaither,16,OLB,LB,"https://static.www.nfl.com/image/upload/f_auto,q_auto/league/x96f2dqigzscwplj024t",CIN,38,34,4,39,4,5,1,0,0,1,1,12,4,0,0,0,0,0,0,0,2,38
2024,REG,00-0036299,T.Pride,Troy Pride,1,CB,DB,"https://static.www.nfl.com/image/upload/f_auto,q_auto/league/pszcqhypafvbgq8sezfu",DAL,2,2,0,1,0,0,0,0,0,0,0,0,1,0,0,0,0,0,0,0,0,0
2024,REG,00-0036300,M.Walker,Mykal Walker,5,ILB,LB,"https://static.www.nfl.com/image/upload/f_auto,q_auto/league/vqtkjvofluphrh6ft0c8",WAS,3,3,0,7,0,0,0,0,0,0,0,0,0,0,0,0,0,0,0,0,0,0
2024,REG,00-0036302,J.Hawkins,Jaylinn Hawkins,15,FS,DB,"https://static.www.nfl.com/image/upload/f_auto,q_auto/league/mpa1edlpp8tnv8xdrhkz",NE,25,19,6,18,3,1,0,0,0,0,0,0,1,0,0,0,0,0,0,0,0,0
2024,REG,00-0036305,T.Gipson,Trevis Gipson,1,OLB,LB,"https://static.www.nfl.com/image/upload/f_auto,q_auto/league/jh6pkhl4wymwqnp4lhnv",SEA,0,0,0,0,0,0,0,0,0,0,0,0,0,0,0,0,0,0,0,0,1,15
2024,REG,00-0036306,D.Thomas,Daniel Thomas,2,SS,DB,"https://static.www.nfl.com/image/private/f_auto,q_auto/league/knizsywgcccuiizocjkw",JAX,1,1,0,2,0,0,0,0,0,0,0,0,0,0,0,0,0,0,0,0,1,15
2024,REG,00-0036307,K.Vildor,Kindle Vildor,7,CB,DB,"https://static.www.nfl.com/image/upload/f_auto,q_auto/league/dpohdktdlsl1ywzmdzxq",DET,10,10,0,4,0,0,0,0,0,0,0,0,3,0,0,0,0,0,0,0,3,42
2024,REG,00-0036313,B.Mann,Braden Mann,2,P,SPEC,"https://static.www.nfl.com/image/upload/f_auto,q_auto/league/z2s9qddgientrtm86fmc",PHI,0,0,0,0,0,0,0,0,0,0,0,0,0,0,0,0,0,0,0,0,2,0
2024,REG,00-0036321,C.Young,Chase Young,15,DE,DL,"https://static.www.nfl.com/image/upload/f_auto,q_auto/league/lyc9qh7fequeo0lwvjhh",NO,21,18,3,10,8,9,1,5.5,29.5,21,0,0,3,0,0,0,0,0,0,0,3,15
2024,REG,00-0036322,J.Jefferson,Justin Jefferson,1,WR,WR,"https://static.www.nfl.com/image/upload/f_auto,q_auto/league/vrftbpzwk6qmv0zjcysg",CHI,1,1,0,0,0,0,0,0,0,0,0,0,0,0,0,0,0,0,0,0,0,0
2024,REG,00-0036323,P.Queen,Patrick Queen,17,ILB,LB,"https://static.www.nfl.com/image/upload/f_auto,q_auto/league/tj2gq3nboh0vj8v3oknk",PIT,65,59,6,64,6,6,2,1,4,5,0,0,7,0,0,0,0,1,0,0,1,5
2024,REG,00-0036325,R.Hunt,Robert Hunt,1,G,OL,"https://static.www.nfl.com/image/upload/f_auto,q_auto/league/dfg6beceman5yspi1xmz",DAL,1,1,0,0,0,0,0,0,0,0,0,0,0,0,0,0,0,0,0,0,0,0
2024,REG,00-0036325,R.Hunt,Robert Hunt,1,G,OL,"https://static.www.nfl.com/image/upload/f_auto,q_auto/league/dfg6beceman5yspi1xmz",NO,1,1,0,0,0,0,0,0,0,0,0,0,0,0,0,0,0,0,0,0,0,0
2024,REG,00-0036328,A.Gibson,Antonio Gibson,1,RB,RB,"https://static.www.nfl.com/image/upload/f_auto,q_auto/league/hsjhpzgfdilf9cyrpeup",MIA,1,1,0,0,0,0,0,0,0,0,0,0,0,0,0,0,0,0,0,0,0,0
2024,REG,00-0036329,A.Davis,Ashtyn Davis,8,SS,DB,"https://static.www.nfl.com/image/upload/f_auto,q_auto/league/xbanhtslhiidu6nutxzc",NYJ,24,22,2,8,5,3,0,0,0,0,2,18,2,0,0,0,0,0,0,0,1,5
2024,REG,00-0036331,D.Duvernay,Devin Duvernay,1,WR,WR,"https://static.www.nfl.com/image/upload/f_auto,q_auto/league/wynmyjmvg7cee4y6i21n",NYJ,1,1,0,0,0,0,0,0,0,0,0,0,0,0,0,0,0,0,0,0,0,0
2024,REG,00-0036333,A.Highsmith,Alex Highsmith,11,OLB,LB,"https://static.www.nfl.com/image/upload/f_auto,q_auto/league/pid301mbi8xc7jkg8c6q",PIT,28,23,5,17,9,6,1,6,40,13,0,0,2,0,0,0,0,0,0,0,7,55
2024,REG,00-0036335,D.Wonnum,D.J. Wonnum,8,OLB,LB,"https://static.www.nfl.com/image/upload/f_auto,q_auto/league/mxgt283h5hzotgjgoryn",CAR,18,17,1,19,4,2,1,4,30,6,0,0,1,0,0,0,0,0,0,0,0,0
2024,REG,00-0036337,J.Lynch,James Lynch,9,NT,DL,"https://static.www.nfl.com/image/upload/f_auto,q_auto/league/hnbjt7aqnjkyholqqu8f",TEN,7,4,3,13,2,4,0,1,1,2,0,0,2,0,0,0,0,0,0,0,0,0
2024,REG,00-0036338,T.Dye,Troy Dye,10,ILB,LB,"https://static.www.nfl.com/image/upload/f_auto,q_auto/league/ulex6ncnpb7cmg7fobfi",LAC,31,30,1,22,2,0,0,1.5,9.5,2,0,0,0,0,0,0,0,0,0,0,0,0
2024,REG,00-0036339,K.Dotson,Kevin Dotson,1,G,OL,"https://static.www.nfl.com/image/upload/f_auto,q_auto/league/lh2fbjpgy0ywkrjij8wr",GB,1,1,0,0,0,0,0,0,0,0,0,0,0,0,0,0,0,0,0,0,0,0
2024,REG,00-0036341,K.Kareem,Khalid Kareem,2,DE,DL,"https://static.www.nfl.com/image/upload/f_auto,q_auto/league/seh5ywz5jnxxuwqlsjko",ATL,2,2,0,2,0,0,0,0,0,0,0,0,0,0,0,0,0,0,0,0,0,0
2024,REG,00-0036343,K.Hudson,Khaleke Hudson,1,ILB,LB,"https://static.www.nfl.com/image/upload/f_auto,q_auto/league/xlpsx6vmahvollkqjzcf",CLE,1,1,0,0,0,0,0,0,0,1,0,0,0,0,0,0,0,0,0,0,0,0
2024,REG,00-0036348,J.Metellus,Josh Metellus,17,SS,DB,"https://static.www.nfl.com/image/upload/f_auto,q_auto/league/wsxqgmbzst27b2amst6l",MIN,63,52,11,40,2,1,1,0,0,6,2,16,5,0,0,0,0,0,0,0,1,20
2024,REG,00-0036349,K.Curl,Kamren Curl,16,SS,DB,"https://static.www.nfl.com/image/upload/f_auto,q_auto/league/oihhttjh3an2dn1ggdxh",LA,49,45,4,30,1,0,2,1,10,1,0,0,9,1,0,0,0,1,33,0,2,19
2024,REG,00-0036351,J.Smith-Williams,James Smith-Williams,9,DE,DL,"https://static.www.nfl.com/image/upload/f_auto,q_auto/league/y7za6udwmac12c8hmvwh",ATL,12,9,3,12,7,12,0,1,6,2,0,0,0,0,0,0,0,0,0,0,0,0
2024,REG,00-0036355,J.Herbert,Justin Herbert,1,QB,QB,"https://static.www.nfl.com/image/upload/f_auto,q_auto/league/vvwim9hpgq1zs3bufmr0",ATL,1,1,0,0,0,0,0,0,0,0,0,0,0,0,0,0,0,0,0,0,0,0
2024,REG,00-0036356,I.Simmons,Isaiah Simmons,9,MLB,LB,"https://static.www.nfl.com/image/upload/f_auto,q_auto/league/ea1ymycexcik2wfiimhw",NYG,10,9,1,7,0,0,1,0,0,1,0,0,2,0,0,0,0,0,0,0,0,0
2024,REG,00-0036358,C.Lamb,CeeDee Lamb,1,WR,WR,"https://static.www.nfl.com/image/upload/f_auto,q_auto/league/tfuj9njqdw2dovkwhryc",CIN,1,1,0,0,0,0,0,0,0,0,0,0,0,0,0,0,0,0,0,0,0,0
2024,REG,00-0036358,C.Lamb,CeeDee Lamb,1,WR,WR,"https://static.www.nfl.com/image/upload/f_auto,q_auto/league/tfuj9njqdw2dovkwhryc",NO,1,1,0,0,0,0,0,0,0,0,0,0,0,0,0,0,0,0,0,0,0,0
2024,REG,00-0036358,C.Lamb,CeeDee Lamb,1,WR,WR,"https://static.www.nfl.com/image/upload/f_auto,q_auto/league/tfuj9njqdw2dovkwhryc",SF,1,1,0,0,0,0,0,0,0,0,0,0,0,0,0,0,0,0,0,0,0,0
2024,REG,00-0036361,T.Diggs,Trevon Diggs,11,CB,DB,"https://static.www.nfl.com/image/upload/f_auto,q_auto/league/a473plmxgavkmt23up8w",DAL,35,32,3,7,0,0,0,0,0,0,2,1,11,0,0,0,0,0,0,0,2,20
2024,REG,00-0036362,W.Gay,Willie Gay,11,ILB,LB,"https://static.www.nfl.com/image/upload/f_auto,q_auto/league/ijgqwyeuc7umltdf9dao",NO,16,15,1,6,2,0,1,2,8,1,0,0,3,0,0,0,0,2,4,0,0,0
2024,REG,00-0036366,N.Gallimore,Neville Gallimore,9,NT,DL,"https://static.www.nfl.com/image/upload/f_auto,q_auto/league/jjrzqppvoy8vbhiutdsb",LA,7,4,3,12,0,0,0,0,0,1,0,0,0,0,0,0,0,0,0,0,0,0
2024,REG,00-0036369,J.Simpson,John Simpson,1,G,OL,"https://static.www.nfl.com/image/upload/f_auto,q_auto/league/zdcuqnjbvqtyte2wxlyy",MIA,0,0,0,1,0,0,0,0,0,0,0,0,0,0,0,0,0,0,0,0,0,0
2024,REG,00-0036371,L.Fotu,Leki Fotu,1,NT,DL,"https://static.www.nfl.com/image/upload/f_auto,q_auto/league/wlccptpeprzujtvqf0w3",NYJ,1,1,0,2,0,0,0,0,0,0,0,0,0,0,0,0,0,0,0,0,0,0
2024,REG,00-0036374,L.Sneed,L'Jarius Sneed,5,CB,DB,"https://static.www.nfl.com/image/upload/f_auto,q_auto/league/uq5qstdlfazpw0dmu6ee",TEN,19,18,1,4,2,3,0,0,0,0,0,0,0,0,0,0,0,0,0,0,3,53
2024,REG,00-0036375,A.Robertson,Amik Robertson,16,CB,DB,"https://static.www.nfl.com/image/upload/f_auto,q_auto/league/s1s05itajekmsto2zash",DET,40,40,0,10,4,2,3,0,0,0,0,0,8,0,0,0,0,0,0,0,2,15
2024,REG,00-0036376,T.Biadasz,Tyler Biadasz,1,C,OL,"https://static.www.nfl.com/image/upload/f_auto,q_auto/league/ls6xqzbvxs8pwkhwjwph",ATL,0,0,0,1,0,0,0,0,0,0,0,0,0,0,0,0,0,0,0,0,0,0
2024,REG,00-0036378,M.Danna,Michael Danna,12,DE,DL,"https://static.www.nfl.com/image/private/f_auto,q_auto/league/oiywq8es1rm2rjnpbouw",KC,20,18,2,21,5,3,2,3.5,31,8,0,0,1,0,0,0,0,0,0,0,0,0
2024,REG,00-0036380,A.Gilman,Alohi Gilman,11,SS,DB,"https://static.www.nfl.com/image/upload/f_auto,q_auto/league/art29msb8cif1rzoowih",LAC,34,27,7,16,1,4,0,1,0,0,1,18,4,0,0,0,0,0,0,0,3,11
2024,REG,00-0036388,X.McKinney,Xavier McKinney,17,FS,DB,"https://static.www.nfl.com/image/upload/f_auto,q_auto/league/vvjc67dqz3mjghgkdr8v",GB,59,54,5,26,2,4,0,1,8,1,8,128,11,0,1,0,0,1,7,0,1,15
2024,REG,00-0036389,J.Hurts,Jalen Hurts,1,QB,QB,"https://static.www.nfl.com/image/upload/f_auto,q_auto/league/k2p5yb4qmqwoo3qcapgt",NO,1,1,0,0,0,0,0,0,0,0,0,0,0,0,0,0,0,0,0,0,0,0
2024,REG,00-0036394,D.Holmes,Darnay Holmes,7,CB,DB,"https://static.www.nfl.com/image/upload/f_auto,q_auto/league/ge044dmlujcty4psoget",LV,14,13,1,16,2,2,0,1,8,1,0,0,3,0,0,0,0,0,0,0,2,17
2024,REG,00-0036395,K.Wallace,K'Von Wallace,6,FS,DB,"https://static.www.nfl.com/image/upload/f_auto,q_auto/league/ytpbcdbdwwlysnjj6uwb",SEA,7,6,1,3,0,0,1,0,0,0,0,0,0,0,0,0,0,0,0,0,0,0
2024,REG,00-0036403,C.Toohill,Casey Toohill,11,DE,DL,"https://static.www.nfl.com/image/upload/f_auto,q_auto/league/coyl0v90radu8roiklzo",BUF,8,5,3,10,2,1,0,1,8,1,0,0,1,0,0,0,0,1,0,0,0,0
2024,REG,00-0036406,T.Wirfs,Tristan Wirfs,1,T,OL,"https://static.www.nfl.com/image/upload/f_auto,q_auto/league/u3cdeldl9ofkt4zw4bbv",CAR,1,1,0,0,0,0,0,0,0,0,0,0,0,0,0,0,0,0,0,0,0,0
2024,REG,00-0036406,T.Wirfs,Tristan Wirfs,1,T,OL,"https://static.www.nfl.com/image/upload/f_auto,q_auto/league/u3cdeldl9ofkt4zw4bbv",DEN,0,0,0,1,0,0,0,0,0,0,0,0,0,0,0,0,0,0,0,0,0,0
2024,REG,00-0036407,J.Jeudy,Jerry Jeudy,1,WR,WR,"https://static.www.nfl.com/image/upload/f_auto,q_auto/league/szca1v9butuqkjs7ekpm",MIA,1,1,0,0,0,0,0,0,0,0,0,0,0,0,0,0,0,0,0,0,0,0
2024,REG,00-0036409,J.Brooks,Jordyn Brooks,17,ILB,LB,"https://static.www.nfl.com/image/upload/f_auto,q_auto/league/yabkueqp2iy9gsvqmjcq",MIA,86,75,11,56,11,17,0,3,19,6,0,0,6,0,0,0,0,2,23,0,1,9
2024,REG,00-0036410,T.Higgins,Tee Higgins,1,WR,WR,"https://static.www.nfl.com/image/upload/f_auto,q_auto/league/swqgkrdmjecz3vumrex5",PIT,1,1,0,0,0,0,0,0,0,0,0,0,0,0,0,0,0,0,0,0,0,0
2024,REG,00-0036411,A.Winfield,Antoine Winfield,8,FS,DB,"https://static.www.nfl.com/image/upload/f_auto,q_auto/league/ljw68n2jwngfvfzjozr5",TB,34,31,3,26,2,0,0,2,11,4,0,0,3,1,0,0,0,1,58,0,3,40
2024,REG,00-0036413,D.Taylor,Darrell Taylor,16,DE,DL,"https://static.www.nfl.com/image/upload/f_auto,q_auto/league/jwqkgt11sltsuc8ryccu",CHI,20,16,4,12,3,0,2,3,25,9,0,0,2,0,0,0,0,0,0,0,3,25
2024,REG,00-0036414,C.Akers,Cam Akers,1,RB,RB,"https://static.www.nfl.com/image/upload/f_auto,q_auto/league/dutj0wamu7giwghnmr4m",MIN,0,0,0,1,0,0,0,0,0,0,0,0,0,0,0,0,0,0,0,0,0,0
2024,REG,00-0036416,K.Fulton,Kristian Fulton,13,CB,DB,"https://static.www.nfl.com/image/upload/f_auto,q_auto/league/pcucmujvuzuhnyqucply",LAC,39,34,5,12,3,1,0,0,0,0,1,29,7,0,1,0,0,0,0,0,5,47
2024,REG,00-0036417,D.Lewis,Damien Lewis,1,G,OL,"https://static.www.nfl.com/image/upload/f_auto,q_auto/league/lmhfsekpu98or1nsne1g",WAS,1,1,0,0,0,0,0,0,0,0,0,0,0,0,0,0,0,0,0,0,0,0
2024,REG,00-0036418,Z.Baun,Zack Baun,16,OLB,LB,"https://static.www.nfl.com/image/upload/f_auto,q_auto/league/a5af4wko6icpw9gemzk5",PHI,92,80,12,58,11,15,5,3.5,23,5,1,0,4,0,0,0,0,1,0,0,2,31
2024,REG,00-0036427,T.Johnson,Tyler Johnson,1,WR,WR,"https://static.www.nfl.com/image/upload/f_auto,q_auto/league/vktiajeyqc8s9s6mjws7",SEA,1,1,0,0,0,0,0,0,0,0,0,0,0,0,0,0,0,0,0,0,0,0
2024,REG,00-0036428,J.Strnad,Justin Strnad,14,ILB,LB,"https://static.www.nfl.com/image/upload/f_auto,q_auto/league/stbosgbam9spl9ig7kiq",DEN,46,33,13,23,8,10,0,3,8,4,0,0,3,0,0,0,0,0,0,0,3,16
2024,REG,00-0036429,C.Woerner,Charlie Woerner,1,TE,TE,"https://static.www.nfl.com/image/upload/f_auto,q_auto/league/hllqdtlyjbs2gbdgn6lj",CAR,1,1,0,0,0,0,0,0,0,0,0,0,0,0,0,0,0,0,0,0,0,0
2024,REG,00-0036429,C.Woerner,Charlie Woerner,1,TE,TE,"https://static.www.nfl.com/image/upload/f_auto,q_auto/league/hllqdtlyjbs2gbdgn6lj",LV,1,1,0,0,0,0,0,0,0,0,0,0,0,0,0,0,0,0,0,0,0,0
2024,REG,00-0036430,K.Davis,Khalil Davis,6,DT,DL,"https://static.www.nfl.com/image/upload/f_auto,q_auto/league/foksxh5i35k2ugmo1cqg",HOU,6,4,2,3,4,5,0,1,5,2,0,0,0,0,0,0,0,0,0,0,0,0
2024,REG,00-0036430,K.Davis,Khalil Davis,2,DT,DL,"https://static.www.nfl.com/image/upload/f_auto,q_auto/league/foksxh5i35k2ugmo1cqg",SF,1,1,0,2,0,0,0,0,0,0,0,0,0,0,0,0,0,0,0,0,0,0
2024,REG,00-0036431,J.Fuller,Jordan Fuller,9,FS,DB,"https://static.www.nfl.com/image/upload/f_auto,q_auto/league/bkiajklnlq0drvpzde78",CAR,28,27,1,26,0,0,1,0,0,0,0,0,1,0,0,0,0,0,0,0,0,0
2024,REG,00-0036441,K.Murray,Kenneth Murray,14,ILB,LB,"https://static.www.nfl.com/image/upload/f_auto,q_auto/league/fqxxaft8jb0zttyzuekn",TEN,57,51,6,38,8,6,1,3.5,13,5,1,6,2,0,0,0,0,0,0,0,4,59
2024,REG,00-0036479,K.Paye,Kwity Paye,14,DE,DL,"https://static.www.nfl.com/image/upload/f_auto,q_auto/league/fcvpxtgqkimjwjsjcpwq",IND,29,22,7,12,10,4,1,8,46,12,0,0,1,0,0,0,0,0,0,0,0,0
2024,REG,00-0036480,D.Odeyingbo,Dayo Odeyingbo,17,DE,DL,"https://static.www.nfl.com/image/upload/f_auto,q_auto/league/adsbcrdwnspjtsncl5y2",IND,13,9,4,18,7,5,2,3,19.5,17,0,0,0,0,0,0,0,1,0,0,2,18
2024,REG,00-0036500,J.Sherwood,Jamien Sherwood,17,ILB,LB,"https://static.www.nfl.com/image/upload/f_auto,q_auto/league/zlyaovcx4efymsjlpjus",NYJ,95,80,15,59,10,10,0,2,11,2,0,0,3,0,0,0,0,0,0,0,1,15
2024,REG,00-0036501,M.Carter,Michael Carter,11,CB,DB,"https://static.www.nfl.com/image/private/f_auto,q_auto/league/admwfoo0pgl2z2zvqcp2",NYJ,20,16,4,3,1,0,0,0,0,0,0,0,1,0,0,0,0,1,7,0,1,14
2024,REG,00-0036502,J.Pinnock,Jason Pinnock,16,SS,DB,"https://static.www.nfl.com/image/upload/f_auto,q_auto/league/on29awacb9frijyggtgt",NYG,51,45,6,34,4,3,0,3,13,3,0,0,1,0,0,0,0,0,0,0,1,5
2024,REG,00-0036504,B.Echols,Brandin Echols,9,CB,DB,"https://static.www.nfl.com/image/upload/f_auto,q_auto/league/g5fplq0rrij8pw6hkffb",NYJ,28,25,3,8,1,1,0,0,0,0,2,0,3,0,0,0,0,0,0,0,0,0
2024,REG,00-0036510,K.Yeboah,Kenny Yeboah,1,TE,TE,"https://static.www.nfl.com/image/upload/f_auto,q_auto/league/zjdw9hyw3jc7pmjf5nbv",NYJ,0,0,0,0,0,0,0,0,0,0,0,0,0,0,0,0,0,0,0,0,1,15
2024,REG,00-0036527,D.Turner,D.J. Turner,1,WR,WR,"https://static.www.nfl.com/image/upload/f_auto,q_auto/league/os5eurhh1y45sixa8phl",CIN,0,0,0,1,0,0,0,0,0,0,0,0,0,0,0,0,0,0,0,0,0,0
2024,REG,00-0036527,D.Turner,D.J. Turner,1,WR,WR,"https://static.www.nfl.com/image/upload/f_auto,q_auto/league/os5eurhh1y45sixa8phl",LA,1,1,0,0,0,0,0,0,0,0,0,0,0,0,0,0,0,0,0,0,0,0
2024,REG,00-0036550,R.Bateman,Rashod Bateman,1,WR,WR,"https://static.www.nfl.com/image/upload/f_auto,q_auto/league/jkcapzvd65fxivefjv8l",LV,1,1,0,0,0,0,0,0,0,0,0,0,0,0,0,0,0,0,0,0,0,0
2024,REG,00-0036551,A.Banks,Aaron Banks,1,G,OL,"https://static.www.nfl.com/image/upload/f_auto,q_auto/league/oe8sqkw3aeh1nvfofzqk",MIN,0,0,0,1,0,0,0,0,0,0,0,0,0,0,0,0,0,0,0,0,0,0
2024,REG,00-0036552,A.Ojulari,Azeez Ojulari,10,DE,DL,"https://static.www.nfl.com/image/upload/f_auto,q_auto/league/ti7us5ij02gaysnn726t",NYG,12,12,0,16,7,4,0,6,31,10,0,0,0,0,0,0,0,1,0,0,1,0
2024,REG,00-0036553,C.Basham,Carlos Basham,4,OLB,LB,"https://static.www.nfl.com/image/upload/f_auto,q_auto/league/stlyey1t2lotlwldzprf",NYG,1,1,0,8,1,1,0,0,0,1,0,0,1,0,0,0,0,0,0,0,1,5
2024,REG,00-0036554,N.Collins,Nico Collins,1,WR,WR,"https://static.www.nfl.com/image/upload/f_auto,q_auto/league/q7c9aq8rpremfygslmya",KC,1,1,0,0,0,0,0,0,0,0,0,0,0,0,0,0,0,0,0,0,0,0
2024,REG,00-0036554,N.Collins,Nico Collins,1,WR,WR,"https://static.www.nfl.com/image/upload/f_auto,q_auto/league/q7c9aq8rpremfygslmya",MIN,0,0,0,1,0,0,0,0,0,0,0,0,0,0,0,0,0,0,0,0,0,0
2024,REG,00-0036561,K.Taylor,Keith Taylor,3,CB,DB,"https://static.www.nfl.com/image/upload/f_auto,q_auto/league/rz4iqts9nnuktkhczpah",KC,3,3,0,1,0,0,0,0,0,0,0,0,0,0,0,0,0,0,0,0,0,0
2024,REG,00-0036563,D.Lenoir,Deommodore Lenoir,15,CB,DB,"https://static.www.nfl.com/image/upload/f_auto,q_auto/league/p3i2vathgbtmnomt3eip",SF,53,46,7,32,2,2,1,0,0,0,2,33,9,0,0,0,0,0,0,0,2,28
2024,REG,00-0036564,T.Hufanga,Talanoa Hufanga,7,SS,DB,"https://static.www.nfl.com/image/upload/f_auto,q_auto/league/pjr0tv1cmklqerjjoapa",SF,20,17,3,18,2,3,0,0,0,0,0,0,0,0,0,0,0,0,0,0,1,15
2024,REG,00-0036568,R.Lopez,Roy Lopez,14,NT,DL,"https://static.www.nfl.com/image/upload/f_auto,q_auto/league/ecpsgos6q9s9dri3hogs",ARI,10,9,1,18,4,6,1,1,10,3,0,0,3,0,0,0,0,1,0,0,1,5
2024,REG,00-0036587,A.Washington,Ar'Darius Washington,17,FS,DB,"https://static.www.nfl.com/image/upload/f_auto,q_auto/league/ptjh8ufk5zfpdc0yrpeq",BAL,43,40,3,19,5,7,1,1,7,2,2,33,8,0,0,0,0,0,0,0,0,0
2024,REG,00-0036589,N.McCloud,Nick McCloud,5,CB,DB,"https://static.www.nfl.com/image/upload/f_auto,q_auto/league/pk0edmqqhgs2sowt4ink",NYG,9,8,1,4,1,1,0,0,0,0,0,0,1,0,0,0,0,0,0,0,0,0
2024,REG,00-0036589,N.McCloud,Nick McCloud,4,CB,DB,"https://static.www.nfl.com/image/upload/f_auto,q_auto/league/pk0edmqqhgs2sowt4ink",SF,4,3,1,6,0,0,0,0,0,0,0,0,0,0,0,0,0,0,0,0,1,10
2024,REG,00-0036590,Q.Morris,Quintin Morris,2,TE,TE,"https://static.www.nfl.com/image/upload/f_auto,q_auto/league/ftrqrbuqecl9yhcqrcmw",BUF,0,0,0,0,0,0,0,0,0,0,0,0,0,0,0,0,0,0,0,0,2,13
2024,REG,00-0036613,J.Waddle,Jaylen Waddle,1,WR,WR,"https://static.www.nfl.com/image/private/f_auto,q_auto/league/qjsz2h6shbdnksctzeka",NYJ,1,1,0,0,0,0,0,0,0,0,0,0,0,0,0,0,0,0,0,0,0,0
2024,REG,00-0036614,J.Davis,Jamin Davis,2,OLB,LB,"https://static.www.nfl.com/image/upload/f_auto,q_auto/league/z1vxzvg3u8qrt6tiwhga",MIN,3,3,0,0,1,0,0,1,6,1,0,0,0,0,0,0,0,0,0,0,1,5
2024,REG,00-0036614,J.Davis,Jamin Davis,5,OLB,LB,"https://static.www.nfl.com/image/upload/f_auto,q_auto/league/z1vxzvg3u8qrt6tiwhga",WAS,7,7,0,5,1,4,0,0,0,0,0,0,0,0,0,0,0,0,0,0,0,0
2024,REG,00-0036615,C.Farley,Caleb Farley,6,CB,DB,"https://static.www.nfl.com/image/upload/f_auto,q_auto/league/tf3zbqnwrdquu2gnswzg",CAR,9,8,1,3,0,0,0,0,0,0,0,0,0,0,0,0,0,0,0,0,1,15
2024,REG,00-0036616,C.Darrisaw,Christian Darrisaw,1,T,OL,"https://static.www.nfl.com/image/private/f_auto,q_auto/league/sd55s8v5eiaq9i3sr9gk",SF,0,0,0,1,0,0,0,0,0,0,0,0,0,0,0,0,0,0,0,0,0,0
2024,REG,00-0036617,A.Samuel,Asante Samuel,4,CB,DB,"https://static.www.nfl.com/image/private/f_auto,q_auto/league/hrnnoumk2vtrx9yhqs6n",LAC,11,11,0,2,0,0,0,0,0,0,0,0,2,0,0,0,0,0,0,0,1,4
2024,REG,00-0036619,D.Radunz,Dillon Radunz,1,T,OL,"https://static.www.nfl.com/image/upload/f_auto,q_auto/league/tfmsc9jipbzj66mfrbl6",DET,1,1,0,0,0,0,0,0,0,0,0,0,0,0,0,0,0,0,0,0,0,0
2024,REG,00-0036621,N.Bolton,Nick Bolton,16,ILB,LB,"https://static.www.nfl.com/image/upload/f_auto,q_auto/league/ystbhd2gmugyrwvrh7ms",KC,73,66,7,33,11,12,1,3,28,7,1,0,6,0,0,0,0,2,0,0,1,15
2024,REG,00-0036622,J.Myers,Josh Myers,1,C,OL,"https://static.www.nfl.com/image/upload/f_auto,q_auto/league/qy9bh2ybwsujmpz3orsb",MIN,0,0,0,1,0,0,0,0,0,0,0,0,0,0,0,0,0,0,0,0,0,0
2024,REG,00-0036624,A.McNeill,Alim McNeill,12,DT,DL,"https://static.www.nfl.com/image/upload/f_auto,q_auto/league/f3ytkvudrfwmaclberk9",DET,17,15,2,8,7,11,1,3.5,29,7,0,0,1,0,0,0,0,0,0,0,1,15
2024,REG,00-0036625,B.St-Juste,Benjamin St-Juste,17,CB,DB,"https://static.www.nfl.com/image/upload/f_auto,q_auto/league/vdgtpnhmwjqdlegth3l9",WAS,56,53,3,15,0,0,1,0,0,0,0,0,6,0,0,0,0,0,0,0,8,84
2024,REG,00-0036626,D.Brown,Dyami Brown,1,WR,WR,"https://static.www.nfl.com/image/upload/f_auto,q_auto/league/mibh7ud59ygmzm19ivac",PHI,1,1,0,0,0,0,0,0,0,0,0,0,0,0,0,0,0,0,0,0,0,0
2024,REG,00-0036626,D.Brown,Dyami Brown,1,WR,WR,"https://static.www.nfl.com/image/upload/f_auto,q_auto/league/mibh7ud59ygmzm19ivac",TEN,1,1,0,0,0,0,0,0,0,0,0,0,0,0,0,0,0,0,0,0,0,0
2024,REG,00-0036629,C.Bynum,Camryn Bynum,17,FS,DB,"https://static.www.nfl.com/image/upload/f_auto,q_auto/league/zhej6yhknmhqxvhzimww",MIN,54,46,8,42,2,4,0,0,0,0,3,3,10,0,0,0,0,2,0,0,0,0
2024,REG,00-0036634,T.Fields,Tony Fields,1,OLB,LB,"https://static.www.nfl.com/image/upload/f_auto,q_auto/league/dwjp5xpbs6yiekcfjxkx",CLE,1,1,0,1,0,0,0,0,0,0,0,0,0,0,0,0,0,0,0,0,1,10
2024,REG,00-0036638,D.Forrest,Darrick Forrest,3,FS,DB,"https://static.www.nfl.com/image/upload/f_auto,q_auto/league/ijb1sex103isef6mitki",WAS,5,5,0,5,0,0,0,0,0,0,0,0,0,0,0,0,0,0,0,0,0,0
2024,REG,00-0036642,T.Slaton,Tedarrell Slaton,14,DT,DL,"https://static.www.nfl.com/image/private/f_auto,q_auto/league/a2xoezbu6p8rg0dfl7fz",GB,15,10,5,15,2,4,0,1,1,3,0,0,0,0,0,0,0,0,0,0,3,13
2024,REG,00-0036643,K.Britt,K.J. Britt,13,ILB,LB,"https://static.www.nfl.com/image/upload/f_auto,q_auto/league/gr65w5dpj6ghciuqqbgu",TB,40,31,9,32,2,1,0,0.5,4.5,1,0,0,1,0,0,0,0,0,0,0,2,30
2024,REG,00-0036645,S.Jean-Charles,Shemar Jean-Charles,4,CB,DB,"https://static.www.nfl.com/image/upload/f_auto,q_auto/league/e3h2aavzqlsl2qf4n8gk",NO,5,5,0,5,0,0,0,0,0,0,1,0,2,0,0,0,0,0,0,0,0,0
2024,REG,00-0036648,N.Niemann,Nick Niemann,3,ILB,LB,"https://static.www.nfl.com/image/upload/f_auto,q_auto/league/sc7lt8n8cyjth703yrdv",LAC,5,5,0,5,0,0,0,0,0,0,0,0,1,0,0,0,0,0,0,0,0,0
2024,REG,00-0036658,I.McDuffie,Isaiah McDuffie,16,ILB,LB,"https://static.www.nfl.com/image/upload/f_auto,q_auto/league/h8fco76acxepfxcsrruf",GB,43,38,5,51,3,3,1,0.5,0,3,0,0,3,0,0,0,0,0,0,0,0,0
2024,REG,00-0036660,T.Smith,Trey Smith,1,G,OL,"https://static.www.nfl.com/image/private/f_auto,q_auto/league/gkonw504ovpjytykv80c",CIN,1,1,0,0,0,0,0,0,0,0,0,0,0,0,0,0,0,0,0,0,0,0
2024,REG,00-0036661,I.Mukuamu,Israel Mukuamu,10,FS,DB,"https://static.www.nfl.com/image/upload/f_auto,q_auto/league/sviaui62m6fypbjzyzro",DAL,10,10,0,5,0,0,0,0,0,1,2,20,2,0,0,0,0,0,0,0,2,20
2024,REG,00-0036672,G.Stuard,Grant Stuard,8,MLB,LB,"https://static.www.nfl.com/image/upload/f_auto,q_auto/league/yjlbdvr9fdzl60qccq0q",IND,23,16,7,14,2,0,0,0,0,0,0,0,0,0,0,0,0,0,0,0,0,0
2024,REG,00-0036677,Z.Anderson,Zayne Anderson,2,FS,DB,"https://static.www.nfl.com/image/upload/f_auto,q_auto/league/og8toa4bqadw8o1qyuxq",GB,4,4,0,3,0,0,0,0,0,0,1,18,2,0,0,0,0,0,0,0,0,0
2024,REG,00-0036682,M.Herring,Malik Herring,6,DE,DL,"https://static.www.nfl.com/image/upload/f_auto,q_auto/league/p0cfbqpttodraevx49gu",KC,7,5,2,5,1,3,0,0,0,3,0,0,0,0,0,0,0,0,0,0,0,0
2024,REG,00-0036683,D.Key,Devon Key,8,SS,DB,"https://static.www.nfl.com/image/upload/f_auto,q_auto/league/tsuzbweughidotzryg6s",DEN,12,12,0,13,1,1,0,1,0,1,0,0,0,0,0,0,0,0,0,0,1,15
2024,REG,00-0036695,N.Jones,Naquan Jones,11,DT,DL,"https://static.www.nfl.com/image/upload/f_auto,q_auto/league/lxqini9ufcxz1teq7ztu",ARI,11,10,1,16,4,1,0,3,21,4,0,0,2,0,0,0,0,0,0,0,0,0
2024,REG,00-0036705,S.Kamara,Sam Kamara,6,OLB,LB,"https://static.www.nfl.com/image/private/f_auto,q_auto/league/aakuha494hvtrja3dwjn",CLE,9,6,3,4,1,2,0,0,0,0,0,0,0,0,0,0,0,0,0,0,0,0
2024,REG,00-0036711,C.Snowden,Charles Snowden,15,DE,DL,"https://static.www.nfl.com/image/upload/f_auto,q_auto/league/yx7j4rolgmewgbf02bg2",LV,18,16,2,21,3,1,0,1.5,13.5,7,0,0,4,0,0,0,0,0,0,0,2,5
2024,REG,00-0036716,A.Ogbongbemiga,Amen Ogbongbemiga,3,ILB,LB,"https://static.www.nfl.com/image/upload/f_auto,q_auto/league/ku8hafkvbxcxwxddutoc",CHI,2,2,0,0,1,0,0,1,10,1,0,0,0,0,0,0,0,0,0,0,1,5
2024,REG,00-0036727,A.Prentice,Adam Prentice,1,FB,RB,"https://static.www.nfl.com/image/upload/f_auto,q_auto/league/yiwqv2dccizjdkw1dmye",GB,0,0,0,1,0,0,0,0,0,0,0,0,0,0,0,0,0,0,0,0,0,0
2024,REG,00-0036813,C.Elliss,Christian Elliss,12,ILB,LB,"https://static.www.nfl.com/image/upload/f_auto,q_auto/league/glfyookel29qpl2ksyuv",NE,37,34,3,35,1,0,0,1.5,13.5,5,1,6,5,0,0,0,0,0,0,0,3,23
2024,REG,00-0036825,F.Franks,Feleipe Franks,1,TE,TE,"https://static.www.nfl.com/image/upload/f_auto,q_auto/league/ylaifrye1yyefjfqknma",CAR,0,0,0,0,0,0,0,0,0,0,0,0,0,0,0,0,0,0,0,0,1,15
2024,REG,00-0036843,I.Loudermilk,Isaiahh Loudermilk,11,DE,DL,"https://static.www.nfl.com/image/upload/f_auto,q_auto/league/pba4pz874vn5eh9eacz1",PIT,10,8,2,7,0,0,0,0,0,0,0,0,1,0,0,0,0,0,0,0,0,0
2024,REG,00-0036849,T.Atwell,Tutu Atwell,1,WR,WR,"https://static.www.nfl.com/image/upload/f_auto,q_auto/league/hpvbp9pn7ifbh62nde0n",CHI,1,1,0,0,0,0,0,0,0,0,0,0,0,0,0,0,0,0,0,0,0,0
2024,REG,00-0036865,J.Carman,Jackson Carman,1,T,OL,"https://static.www.nfl.com/image/upload/f_auto,q_auto/league/jiqm430wyjuosgwzsoez",HOU,1,1,0,0,0,0,0,0,0,0,0,0,0,0,0,0,0,0,0,0,0,0
2024,REG,00-0036871,N.Hobbs,Nate Hobbs,11,CB,DB,"https://static.www.nfl.com/image/upload/f_auto,q_auto/league/rdt5ir3qaznnx7o4vkcu",LV,33,27,6,16,2,0,0,0,0,1,1,35,5,0,0,0,0,0,0,0,0,0
2024,REG,00-0036874,P.Surtain,Patrick Surtain,16,CB,DB,"https://static.www.nfl.com/image/upload/f_auto,q_auto/league/c2aej9togglsytzzagno",DEN,34,34,0,11,1,0,1,0,0,0,4,132,11,1,0,0,0,1,0,0,10,109
2024,REG,00-0036876,K.Granson,Kylen Granson,1,TE,TE,"https://static.www.nfl.com/image/upload/f_auto,q_auto/league/rydvwc7sqwucvx14s8b4",GB,1,1,0,0,0,0,0,0,0,0,0,0,0,0,0,0,0,0,0,0,0,0
2024,REG,00-0036876,K.Granson,Kylen Granson,1,TE,TE,"https://static.www.nfl.com/image/upload/f_auto,q_auto/league/rydvwc7sqwucvx14s8b4",HOU,1,1,0,0,0,0,0,0,0,0,0,0,0,0,0,0,0,0,0,0,0,0
2024,REG,00-0036878,J.Robinson,Janarius Robinson,8,DE,DL,"https://static.www.nfl.com/image/upload/f_auto,q_auto/league/kicgfneun3hylkdq0qbk",LV,2,1,1,3,0,0,0,0.5,4.5,2,0,0,1,0,0,0,0,0,0,0,3,24
2024,REG,00-0036881,J.Tufele,Jay Tufele,9,DT,DL,"https://static.www.nfl.com/image/upload/f_auto,q_auto/league/zs3mefncmvhlo0amwb3u",CIN,5,4,1,10,1,2,0,0.5,0.5,2,0,0,1,0,0,0,0,0,0,0,1,5
2024,REG,00-0036883,T.Togiai,Tommy Togiai,8,DT,DL,"https://static.www.nfl.com/image/upload/f_auto,q_auto/league/zkmw84sgznjizmkzwy6b",HOU,11,10,1,17,2,0,0,1.5,10.5,2,0,0,2,0,0,0,0,0,0,0,1,6
2024,REG,00-0036884,M.Wilson,Marco Wilson,3,CB,DB,"https://static.www.nfl.com/image/upload/f_auto,q_auto/league/wu3tnzlteklzvreqel4m",CIN,2,2,0,0,0,0,0,0,0,0,0,0,1,0,0,0,0,0,0,0,2,6
2024,REG,00-0036884,M.Wilson,Marco Wilson,9,CB,DB,"https://static.www.nfl.com/image/upload/f_auto,q_auto/league/wu3tnzlteklzvreqel4m",NE,8,8,0,7,0,0,0,0,0,0,0,0,1,0,0,0,0,0,0,0,2,32
2024,REG,00-0036885,T.Brown,Tre Brown,9,CB,DB,"https://static.www.nfl.com/image/upload/f_auto,q_auto/league/dpemqrrweakt8dci3qfb",SEA,19,17,2,4,0,0,0,0,0,0,0,0,1,0,0,0,0,0,0,0,5,38
2024,REG,00-0036887,L.Farrell,Luke Farrell,1,TE,TE,"https://static.www.nfl.com/image/upload/f_auto,q_auto/league/f2z7wpmx7ngtxcqqedla",BUF,1,1,0,0,0,0,0,0,0,0,0,0,0,0,0,0,0,0,0,0,0,0
2024,REG,00-0036887,L.Farrell,Luke Farrell,1,TE,TE,"https://static.www.nfl.com/image/upload/f_auto,q_auto/league/f2z7wpmx7ngtxcqqedla",DET,1,1,0,0,0,0,0,0,0,0,0,0,0,0,0,0,0,0,0,0,0,0
2024,REG,00-0036888,D.Hamlin,Damar Hamlin,14,SS,DB,"https://static.www.nfl.com/image/upload/f_auto,q_auto/league/cwvlj0eutfveomf4zica",BUF,61,51,10,27,2,2,0,0,0,0,2,19,5,0,0,0,0,1,0,0,2,9
2024,REG,00-0036895,E.Smith,Elerson Smith,2,OLB,LB,"https://static.www.nfl.com/image/upload/f_auto,q_auto/league/kgilw8ty3eiv8qknp8p3",CLE,1,1,0,1,0,0,0,0,0,0,0,0,0,0,0,0,0,0,0,0,0,0
2024,REG,00-0036896,V.Dimukeje,Victor Dimukeje,6,OLB,LB,"https://static.www.nfl.com/image/upload/f_auto,q_auto/league/otvxet3jxe3ldzsrnwi0",ARI,6,6,0,3,2,4,1,0,0,6,0,0,0,0,0,0,0,0,0,0,0,0
2024,REG,00-0036900,J.Chase,Ja'Marr Chase,1,WR,WR,"https://static.www.nfl.com/image/upload/f_auto,q_auto/league/qkcb3qt2fhasfgtfuprd",BAL,1,1,0,0,0,0,0,0,0,0,0,0,0,0,0,0,0,0,0,0,0,0
2024,REG,00-0036900,J.Chase,Ja'Marr Chase,1,WR,WR,"https://static.www.nfl.com/image/upload/f_auto,q_auto/league/qkcb3qt2fhasfgtfuprd",CAR,1,1,0,0,0,0,0,0,0,0,0,0,0,0,0,0,0,0,0,0,0,0
2024,REG,00-0036900,J.Chase,Ja'Marr Chase,1,WR,WR,"https://static.www.nfl.com/image/upload/f_auto,q_auto/league/qkcb3qt2fhasfgtfuprd",DAL,1,1,0,0,0,0,0,0,0,0,0,0,0,0,0,0,0,0,0,0,0,0
2024,REG,00-0036900,J.Chase,Ja'Marr Chase,1,WR,WR,"https://static.www.nfl.com/image/upload/f_auto,q_auto/league/qkcb3qt2fhasfgtfuprd",NE,1,0,1,0,0,0,0,0,0,0,0,0,0,0,0,0,0,0,0,0,0,0
2024,REG,00-0036900,J.Chase,Ja'Marr Chase,1,WR,WR,"https://static.www.nfl.com/image/upload/f_auto,q_auto/league/qkcb3qt2fhasfgtfuprd",PIT,1,1,0,0,0,0,0,0,0,0,0,0,0,0,0,0,0,0,0,0,0,0
2024,REG,00-0036900,J.Chase,Ja'Marr Chase,1,WR,WR,"https://static.www.nfl.com/image/upload/f_auto,q_auto/league/qkcb3qt2fhasfgtfuprd",TEN,1,1,0,0,0,0,0,0,0,0,0,0,0,0,0,0,0,0,0,0,0,0
2024,REG,00-0036901,E.Stokes,Eric Stokes,14,CB,DB,"https://static.www.nfl.com/image/upload/f_auto,q_auto/league/vdw6tmpv3eleigwreo3g",GB,29,26,3,12,0,0,0,0,0,0,0,0,0,0,0,0,0,0,0,0,1,12
2024,REG,00-0036902,J.Ossai,Joseph Ossai,17,DE,DL,"https://static.www.nfl.com/image/upload/f_auto,q_auto/league/wgi2zlnisv68z3ksdj5h",CIN,26,25,1,20,4,0,2,5,35,15,0,0,1,0,0,0,0,0,0,0,1,15
2024,REG,00-0036903,B.Brown,Bobby Brown,17,NT,DL,"https://static.www.nfl.com/image/private/f_auto,q_auto/league/k1kihk7iz8jelu8s36pk",LA,16,14,2,28,4,7,0,0,0,1,0,0,1,0,0,0,0,0,0,0,1,15
2024,REG,00-0036904,R.Rochell,Robert Rochell,2,CB,DB,"https://static.www.nfl.com/image/upload/f_auto,q_auto/league/oqn1nnmeqppzkymivtfe",GB,0,0,0,0,0,0,0,0,0,0,0,0,0,0,0,0,0,0,0,0,2,14
2024,REG,00-0036905,L.Borom,Larry Borom,1,T,OL,"https://static.www.nfl.com/image/upload/f_auto,q_auto/league/iun7ogjgipgkkupqhkv2",GB,1,1,0,0,0,0,0,0,0,0,0,0,0,0,0,0,0,0,0,0,0,0
2024,REG,00-0036909,K.Tonga,Khyiris Tonga,10,NT,DL,"https://static.www.nfl.com/image/upload/f_auto,q_auto/league/kwionvlsxfz0vja0wmqg",ARI,6,5,1,16,0,0,0,0,0,0,0,0,0,0,0,0,0,0,0,0,0,0
2024,REG,00-0036912,D.Smith,DeVonta Smith,1,WR,WR,"https://static.www.nfl.com/image/upload/f_auto,q_auto/league/bmdflwy52nsk7zpnfhwb",GB,1,1,0,0,0,0,0,0,0,0,0,0,0,0,0,0,0,0,0,0,0,0
2024,REG,00-0036913,K.Toney,Kadarius Toney,1,WR,WR,"https://static.www.nfl.com/image/upload/f_auto,q_auto/league/nuwjpint0g5wejogudt4",CLE,0,0,0,0,0,0,0,0,0,0,0,0,0,0,0,0,0,0,0,0,1,15
2024,REG,00-0036914,G.Rousseau,Gregory Rousseau,16,DE,DL,"https://static.www.nfl.com/image/upload/f_auto,q_auto/league/br77inyaslxmg9u3lnjq",BUF,36,31,5,17,16,25,3,8,45.5,24,0,0,3,0,0,0,0,1,0,0,1,5
2024,REG,00-0036915,J.Owusu-Koramoah,Jeremiah Owusu-Koramoah,8,OLB,LB,"https://static.www.nfl.com/image/private/f_auto,q_auto/league/evmul3yfbefvmy1tc1ns",CLE,38,32,6,22,10,13,1,3,14,4,1,0,3,0,0,0,0,0,0,0,0,0
2024,REG,00-0036916,M.Williams,Milton Williams,16,DT,DL,"https://static.www.nfl.com/image/upload/f_auto,q_auto/league/yvjs2olyyux0zse52c3g",PHI,11,8,3,13,7,7,1,5,36,10,0,0,1,0,0,0,0,1,0,0,3,16
2024,REG,00-0036920,M.Tuipulotu,Marlon Tuipulotu,1,DT,DL,"https://static.www.nfl.com/image/upload/f_auto,q_auto/league/ywiulwavrfvslnrvy576",KC,2,1,1,2,1,7,0,0,0,0,0,0,0,0,0,0,0,0,0,0,0,0
2024,REG,00-0036922,P.Johnson,Patrick Johnson,3,OLB,LB,"https://static.www.nfl.com/image/upload/f_auto,q_auto/league/ciunmgsmdq70x59njvcw",NYG,0,0,0,3,0,0,0,0,0,1,0,0,0,0,0,0,0,0,0,0,0,0
2024,REG,00-0036926,P.Turner,Payton Turner,12,DE,DL,"https://static.www.nfl.com/image/upload/f_auto,q_auto/league/npz8kz981g5hthx5x60y",NO,9,8,1,10,3,2,2,2,16,3,0,0,4,0,0,0,0,0,0,0,4,38
2024,REG,00-0036927,P.Werner,Pete Werner,13,ILB,LB,"https://static.www.nfl.com/image/upload/f_auto,q_auto/league/ch1d6yfkg9r6frvo0afu",NO,54,52,2,38,3,0,0,0,0,0,0,0,1,0,0,0,0,0,0,0,0,0
2024,REG,00-0036932,M.Parsons,Micah Parsons,13,DE,DL,"https://static.www.nfl.com/image/upload/f_auto,q_auto/league/hqoqx0waptpv7cxzk3hi",DAL,30,27,3,13,12,6,2,12,83,23,0,0,1,0,0,0,0,0,0,0,8,40
2024,REG,00-0036933,Z.Collins,Zaven Collins,16,OLB,LB,"https://static.www.nfl.com/image/upload/f_auto,q_auto/league/ucdftq4owwejdg5pueqb",ARI,33,29,4,24,7,4,2,5,49,7,0,0,1,0,0,0,0,0,0,0,3,25
2024,REG,00-0036934,J.Phillips,Jaelan Phillips,3,OLB,LB,"https://static.www.nfl.com/image/upload/f_auto,q_auto/league/sftrx2swh0gwzqmxiaag",MIA,2,2,0,4,1,0,0,1,6,2,0,0,2,0,0,0,0,0,0,0,1,15
2024,REG,00-0036935,K.Joseph,Kelvin Joseph,1,CB,DB,"https://static.www.nfl.com/image/upload/f_auto,q_auto/league/mdrpjtcjzd8gfzuwuy8r",IND,0,0,0,0,0,0,0,0,0,0,0,0,0,0,0,0,0,0,0,0,1,9
2024,REG,00-0036937,P.Adebo,Paulson Adebo,7,CB,DB,"https://static.www.nfl.com/image/private/f_auto,q_auto/league/goeor3guwv2wismzidtg",NO,43,41,2,9,1,0,0,0,0,1,3,68,10,0,0,0,0,0,0,0,7,106
2024,REG,00-0036940,O.Oweh,Odafe Oweh,16,OLB,LB,"https://static.www.nfl.com/image/upload/f_auto,q_auto/league/gbmze8wfzqj5z2tqrkmq",BAL,25,23,2,14,9,0,1,10,74,23,0,0,0,0,0,0,0,0,0,0,7,43
2024,REG,00-0036941,A.Cisco,Andre Cisco,16,SS,DB,"https://static.www.nfl.com/image/upload/f_auto,q_auto/league/kjm0rjlbsazqj8p4gmza",JAX,43,41,2,24,1,3,0,0,0,0,1,22,7,0,0,0,0,0,0,0,1,1
2024,REG,00-0036942,O.Odighizuwa,Osa Odighizuwa,17,DT,DL,"https://static.www.nfl.com/image/upload/f_auto,q_auto/league/mjesuvn9knbi0ipwdqhp",DAL,25,24,1,22,5,4,1,4.5,29,23,0,0,1,0,0,0,0,0,0,0,2,19
2024,REG,00-0036944,J.Horn,Jaycee Horn,15,CB,DB,"https://static.www.nfl.com/image/upload/f_auto,q_auto/league/he4jyriixknmswats7qe",CAR,49,43,6,19,5,8,0,2,27,2,1,0,13,0,0,0,0,0,0,0,8,65
2024,REG,00-0036948,T.Graham,Ta'Quon Graham,9,DE,DL,"https://static.www.nfl.com/image/upload/f_auto,q_auto/league/guxpxgrm0ulryqybspna",ATL,6,4,2,6,0,0,0,0,0,1,0,0,0,0,0,0,0,0,0,0,2,10
2024,REG,00-0036949,A.Ogundeji,Adetokunbo Ogundeji,1,OLB,LB,"https://static.www.nfl.com/image/private/f_auto,q_auto/league/jrauxzb1zr7msoctlyfc",PIT,0,0,0,0,0,0,0,0,0,0,0,0,1,0,0,0,0,0,0,0,0,0
2024,REG,00-0036952,J.Cooper,Jonathon Cooper,17,OLB,LB,"https://static.www.nfl.com/image/upload/f_auto,q_auto/league/cpwk5snqdjqcboak5qsm",DEN,33,30,3,25,11,7,1,10.5,50.5,20,0,0,1,0,0,0,0,0,0,0,3,25
2024,REG,00-0036953,T.Jenkins,Teven Jenkins,1,T,OL,"https://static.www.nfl.com/image/upload/f_auto,q_auto/league/pdy8shimsxzrjrww5pfx",WAS,1,1,0,0,0,0,0,0,0,0,0,0,0,0,0,0,0,0,0,0,0,0
2024,REG,00-0036954,L.Onwuzurike,Levi Onwuzurike,14,DE,DL,"https://static.www.nfl.com/image/upload/f_auto,q_auto/league/o1kkk3mjilnxfwdjx0kb",DET,16,14,2,12,1,1,1,1.5,7,13,0,0,0,0,0,0,0,0,0,0,1,15
2024,REG,00-0036957,D.Dalman,Drew Dalman,1,C,OL,"https://static.www.nfl.com/image/upload/f_auto,q_auto/league/q8wcgmyfatx1kpobqyxg",PIT,1,1,0,0,0,0,0,0,0,0,0,0,0,0,0,0,0,0,0,0,0,0
2024,REG,00-0036961,R.Grant,Richie Grant,5,SS,DB,"https://static.www.nfl.com/image/upload/f_auto,q_auto/league/szeswtvt6jmbu3so3phd",ATL,10,8,2,1,2,0,0,0,0,0,0,0,2,0,0,0,0,0,0,0,1,12
2024,REG,00-0036962,T.Moehrig,Trevon Moehrig,17,FS,DB,"https://static.www.nfl.com/image/upload/f_auto,q_auto/league/jv9en559shxazmdb8r8w",LV,64,57,7,40,5,13,0,1,4,3,2,28,10,0,0,0,0,2,0,0,1,6
2024,REG,00-0036963,A.St. Brown,Amon-Ra St. Brown,1,WR,WR,"https://static.www.nfl.com/image/upload/f_auto,q_auto/league/jmfuamqblg8jag0stpnq",ARI,1,1,0,0,0,0,0,0,0,0,0,0,0,0,0,0,0,0,0,0,0,0
2024,REG,00-0036963,A.St. Brown,Amon-Ra St. Brown,1,WR,WR,"https://static.www.nfl.com/image/upload/f_auto,q_auto/league/jmfuamqblg8jag0stpnq",HOU,1,1,0,0,0,0,0,0,0,0,0,0,0,0,0,0,0,0,0,0,0,0
2024,REG,00-0036963,A.St. Brown,Amon-Ra St. Brown,1,WR,WR,"https://static.www.nfl.com/image/upload/f_auto,q_auto/league/jmfuamqblg8jag0stpnq",LA,1,1,0,0,0,0,0,0,0,0,0,0,0,0,0,0,0,0,0,0,0,0
2024,REG,00-0036963,A.St. Brown,Amon-Ra St. Brown,1,WR,WR,"https://static.www.nfl.com/image/upload/f_auto,q_auto/league/jmfuamqblg8jag0stpnq",TB,1,1,0,0,0,0,0,0,0,0,0,0,0,0,0,0,0,0,0,0,0,0
2024,REG,00-0036964,D.Barnes,Derrick Barnes,3,ILB,LB,"https://static.www.nfl.com/image/upload/f_auto,q_auto/league/ec9f1idcfmuisflnj1pg",DET,8,4,4,2,0,0,0,0,0,0,0,0,1,0,0,0,0,0,0,0,0,0
2024,REG,00-0036967,J.Tryon,Joe Tryon,12,OLB,LB,"https://static.www.nfl.com/image/upload/f_auto,q_auto/league/yyiew4drnrsyay4ns2pd",TB,15,14,1,9,3,0,1,2,20,4,0,0,2,0,0,0,0,0,0,0,3,15
2024,REG,00-0036971,T.Lawrence,Trevor Lawrence,1,QB,QB,"https://static.www.nfl.com/image/upload/f_auto,q_auto/league/ftznnho2rk2xzrculbob",CHI,1,1,0,0,0,0,0,0,0,0,0,0,0,0,0,0,0,0,0,0,0,0
2024,REG,00-0036973,T.Etienne,Travis Etienne,1,RB,RB,"https://static.www.nfl.com/image/private/f_auto,q_auto/league/ne5lyv8n6elqw77yrz9w",IND,1,1,0,0,0,0,0,0,0,0,0,0,0,0,0,0,0,0,0,0,0,0
2024,REG,00-0036974,T.Campbell,Tyson Campbell,12,CB,DB,"https://static.www.nfl.com/image/private/f_auto,q_auto/league/kzon4x52tdqpss7ch3ug",JAX,42,41,1,17,2,6,0,0,0,0,0,0,6,0,0,0,0,0,0,0,3,29
2024,REG,00-0036979,A.Vera-Tucker,Alijah Vera-Tucker,1,G,OL,"https://static.www.nfl.com/image/private/f_auto,q_auto/league/ytzai7qk5arhzhmvkzrz",BUF,1,1,0,0,0,0,0,0,0,0,0,0,0,0,0,0,0,0,0,0,0,0
2024,REG,00-0036980,E.Moore,Elijah Moore,1,WR,WR,"https://static.www.nfl.com/image/private/f_auto,q_auto/league/bhwvzckfhhcqhb7zdqyj",DAL,1,1,0,0,0,0,0,0,0,0,0,0,0,0,0,0,0,0,0,0,0,0
2024,REG,00-0036980,E.Moore,Elijah Moore,1,WR,WR,"https://static.www.nfl.com/image/private/f_auto,q_auto/league/bhwvzckfhhcqhb7zdqyj",LAC,1,1,0,0,0,0,0,0,0,0,0,0,0,0,0,0,0,0,0,0,0,0
2024,REG,00-0036980,E.Moore,Elijah Moore,1,WR,WR,"https://static.www.nfl.com/image/private/f_auto,q_auto/league/bhwvzckfhhcqhb7zdqyj",PIT,1,1,0,0,0,0,0,0,0,0,0,0,0,0,0,0,0,0,0,0,0,0
2024,REG,00-0036981,C.Barmore,Christian Barmore,3,DT,DL,"https://static.www.nfl.com/image/private/f_auto,q_auto/league/h4rtemvkpsx1uyjvnm63",NE,6,3,3,0,1,0,0,1,2,1,0,0,0,0,0,0,0,0,0,0,0,0
2024,REG,00-0036982,C.Golston,Chauncey Golston,17,DE,DL,"https://static.www.nfl.com/image/upload/f_auto,q_auto/league/tma9abjy3eatxzlu49ps",DAL,30,28,2,26,5,4,0,5.5,33.5,8,1,18,5,0,0,0,0,1,0,0,0,0
2024,REG,00-0036984,T.Sermon,Trey Sermon,1,RB,RB,"https://static.www.nfl.com/image/upload/f_auto,q_auto/league/freievsvipthuvrwn7uw",TEN,1,1,0,0,0,0,0,0,0,0,0,0,0,0,0,0,0,0,0,0,0,0
2024,REG,00-0036987,B.Stephens,Brandon Stephens,17,FS,DB,"https://static.www.nfl.com/image/upload/f_auto,q_auto/league/eqf4dolbtr4q6janbxjf",BAL,59,58,1,11,3,1,0,1.5,4,2,0,0,10,0,0,0,0,0,0,0,7,83
2024,REG,00-0036990,D.Deablo,Divine Deablo,13,MLB,LB,"https://static.www.nfl.com/image/upload/f_auto,q_auto/league/mjmvbtpxfzsetnmluwgi",LV,35,29,6,28,4,0,0,1,13,4,0,0,2,0,0,0,0,0,0,0,0,0
2024,REG,00-0036992,E.Molden,Elijah Molden,15,CB,DB,"https://static.www.nfl.com/image/upload/f_auto,q_auto/league/ucrlai6l3qghkhywwksk",LAC,40,35,5,32,2,2,0,0,0,0,3,28,7,0,0,0,0,2,0,0,0,0
2024,REG,00-0036993,I.Melifonwu,Ifeatu Melifonwu,3,CB,DB,"https://static.www.nfl.com/image/upload/f_auto,q_auto/league/ipyk1pgt8npeldw7rtyy",DET,8,8,0,2,1,0,0,1,2,2,0,0,0,0,0,0,0,0,0,0,0,0
2024,REG,00-0036994,E.Jones,Ernest Jones,10,ILB,LB,"https://static.www.nfl.com/image/upload/f_auto,q_auto/league/tv1m7jvo4agl4seeonjc",SEA,48,39,9,45,1,2,1,0.5,3.5,2,1,12,2,0,0,0,0,0,0,0,0,0
2024,REG,00-0036994,E.Jones,Ernest Jones,6,ILB,LB,"https://static.www.nfl.com/image/upload/f_auto,q_auto/league/tv1m7jvo4agl4seeonjc",TEN,29,19,10,15,3,4,0,0,0,1,0,0,2,0,0,0,0,0,0,0,0,0
2024,REG,00-0036995,B.Browning,Baron Browning,7,OLB,LB,"https://static.www.nfl.com/image/upload/f_auto,q_auto/league/scnnn5dpl1gqnvldi3rk",ARI,11,7,4,3,4,4,0,2,7,3,0,0,0,0,0,0,0,0,0,0,1,5
2024,REG,00-0036995,B.Browning,Baron Browning,4,OLB,LB,"https://static.www.nfl.com/image/upload/f_auto,q_auto/league/scnnn5dpl1gqnvldi3rk",DEN,1,0,1,6,1,1,0,0,0,0,0,0,0,0,0,0,0,0,0,0,3,16
2024,REG,00-0036996,G.Newsome,Greg Newsome,12,CB,DB,"https://static.www.nfl.com/image/private/f_auto,q_auto/league/vnzji51ny0rycaa1aqii",CLE,24,18,6,3,0,0,0,0,0,0,1,-2,5,0,0,0,0,0,0,0,3,60
2024,REG,00-0036997,J.Williams,Javonte Williams,1,RB,RB,"https://static.www.nfl.com/image/upload/f_auto,q_auto/league/dm8qipfrz2nes9kgpcyp",CIN,1,1,0,0,0,0,0,0,0,0,0,0,0,0,0,0,0,0,0,0,0,0
2024,REG,00-0036998,J.Holland,Jevon Holland,15,SS,DB,"https://static.www.nfl.com/image/upload/f_auto,q_auto/league/h8aerw3bgfnbl3bssgpo",MIA,42,41,1,20,2,0,1,1,12,2,0,0,4,0,0,0,0,0,0,0,0,0
2024,REG,00-0037001,Q.Meinerz,Quinn Meinerz,1,G,OL,"https://static.www.nfl.com/image/upload/f_auto,q_auto/league/mq5miqpgdc7i5gwvdkzb",LAC,1,1,0,0,0,0,0,0,0,0,0,0,0,0,0,0,0,0,0,0,0,0
2024,REG,00-0037003,C.Surratt,Chazz Surratt,8,ILB,LB,"https://static.www.nfl.com/image/upload/f_auto,q_auto/league/hdiyz3il6hzbrcmrmt0t",NYJ,13,12,1,5,2,6,0,0,0,1,0,0,0,0,0,0,0,0,0,0,0,0
2024,REG,00-0037007,P.Jones,Patrick Jones,12,OLB,LB,"https://static.www.nfl.com/image/private/f_auto,q_auto/league/ir3m4wipss4exri1xenv",MIN,19,16,3,20,9,5,1,7,47,12,0,0,0,0,0,0,0,0,0,0,0,0
2024,REG,00-0037012,T.Lance,Trey Lance,1,QB,QB,"https://static.www.nfl.com/image/upload/f_auto,q_auto/league/fas0q1ssb3ihak6pduet",PHI,1,1,0,0,0,0,0,0,0,0,0,0,0,0,0,0,0,0,0,0,0,0
2024,REG,00-0037034,D.Alford,Dee Alford,16,CB,DB,"https://static.www.nfl.com/image/upload/f_auto,q_auto/league/bjrsavpaai588usbthmo",ATL,59,55,4,21,1,0,1,1,4,1,0,0,11,0,0,0,0,0,0,0,0,0
2024,REG,00-0037043,A.Barno,Amare Barno,3,OLB,LB,"https://static.www.nfl.com/image/upload/f_auto,q_auto/league/nsjj3aui2wuogyxgtvlm",CAR,2,2,0,3,1,0,0,1,3,1,0,0,0,0,0,0,0,0,0,0,0,0
2024,REG,00-0037051,E.Garcia,Elijah Garcia,5,DE,DL,"https://static.www.nfl.com/image/upload/f_auto,q_auto/league/xi7jwqwmdc8mpkpv6vtu",NYG,5,4,1,9,2,3,0,0,0,1,0,0,0,0,0,0,0,1,0,0,0,0
2024,REG,00-0037057,K.Thomas,Keir Thomas,1,OLB,LB,"https://static.www.nfl.com/image/upload/f_auto,q_auto/league/mozvklor2kfypeg179xu",LA,1,1,0,2,1,1,0,0,0,1,0,0,0,0,0,0,0,0,0,0,1,5
2024,REG,00-0037073,J.Davis,Jordan Davis,14,DT,DL,"https://static.www.nfl.com/image/upload/f_auto,q_auto/league/cp2lelzm9tnsioxflql7",PHI,15,14,1,12,3,1,0,1,12,1,0,0,2,0,0,0,0,1,0,0,0,0
2024,REG,00-0037074,Q.Walker,Quay Walker,13,ILB,LB,"https://static.www.nfl.com/image/upload/f_auto,q_auto/league/dkqnq4ccxwrr7u34aqrz",GB,72,56,16,30,9,12,0,2.5,19,3,0,0,2,0,0,0,0,0,0,0,1,15
2024,REG,00-0037075,D.Wyatt,Devonte Wyatt,12,DT,DL,"https://static.www.nfl.com/image/upload/f_auto,q_auto/league/cvuryytohkrxi6tdaytn",GB,17,15,2,6,9,7,0,5,37,9,0,0,0,0,0,0,0,2,0,0,2,10
2024,REG,00-0037076,S.Rhyan,Sean Rhyan,1,G,OL,"https://static.www.nfl.com/image/upload/f_auto,q_auto/league/sfqsap6pmdq9mutx2dxk",HOU,1,1,0,0,0,0,0,0,0,0,0,0,0,0,0,0,0,0,0,0,0,0
2024,REG,00-0037077,S.Howell,Sam Howell,1,QB,QB,"https://static.www.nfl.com/image/upload/f_auto,q_auto/league/xd9l7dbtwz8bpvygmcab",GB,1,1,0,0,0,0,0,0,0,0,0,0,0,0,0,0,0,0,0,0,0,0
2024,REG,00-0037079,T.Woolen,Tariq Woolen,15,CB,DB,"https://static.www.nfl.com/image/upload/f_auto,q_auto/league/z0er0buipqt5apxbgp8b",SEA,32,29,3,14,0,0,1,0,0,0,3,11,14,0,0,0,0,0,0,0,6,81
2024,REG,00-0037082,D.Robinson,Dominique Robinson,4,DE,DL,"https://static.www.nfl.com/image/upload/f_auto,q_auto/league/vdmvjmbsf2rzf0yp8vzh",CHI,4,3,1,3,0,0,0,0,0,1,0,0,0,0,0,0,0,0,0,0,0,0
2024,REG,00-0037083,K.Enagbare,Kingsley Enagbare,15,DE,DL,"https://static.www.nfl.com/image/upload/f_auto,q_auto/league/xv0eqdwifojuzp6qsykm",GB,17,15,2,21,6,13,2,4.5,36.5,8,0,0,0,0,0,0,0,0,0,0,6,48
2024,REG,00-0037094,J.Ford,Jonathan Ford,4,DT,DL,"https://static.www.nfl.com/image/upload/f_auto,q_auto/league/jlzujzcmm37ovk1rhqxd",CHI,3,1,2,6,1,1,0,0,0,0,0,0,0,0,0,0,0,0,0,0,2,10
2024,REG,00-0037096,E.Hicks,Elijah Hicks,8,FS,DB,"https://static.www.nfl.com/image/upload/f_auto,q_auto/league/wrlbblrkraiap2hgpgag",CHI,20,17,3,13,0,0,0,0,0,0,0,0,2,0,0,0,0,2,28,0,2,15
2024,REG,00-0037097,T.Gill,Trenton Gill,1,P,SPEC,"https://static.www.nfl.com/image/upload/f_auto,q_auto/league/qtiapxqfyetzyf3ndpts",TB,0,0,0,0,0,0,0,0,0,0,0,0,0,0,0,0,0,0,0,0,1,0
2024,REG,00-0037106,J.Jones,Jaylon Jones,2,CB,DB,"https://static.www.nfl.com/image/upload/f_auto,q_auto/league/ilk1ju6q3b6wythrjdkm",CHI,9,5,4,1,0,0,0,0,0,0,0,0,2,0,0,0,0,0,0,0,0,0
2024,REG,00-0037109,J.Sanborn,Jack Sanborn,15,ILB,LB,"https://static.www.nfl.com/image/upload/f_auto,q_auto/league/p1lf24njnr2iswzmcgio",CHI,14,10,4,17,2,1,0,1.5,8.5,2,0,0,3,0,0,0,0,0,0,0,0,0
2024,REG,00-0037120,T.Goodson,Tyler Goodson,1,RB,RB,"https://static.www.nfl.com/image/upload/f_auto,q_auto/league/z4ugeazvmccxxhqjoxzv",IND,0,0,0,0,0,0,0,0,0,0,0,0,0,0,0,0,0,0,0,0,1,15
2024,REG,00-0037120,T.Goodson,Tyler Goodson,1,RB,RB,"https://static.www.nfl.com/image/upload/f_auto,q_auto/league/z4ugeazvmccxxhqjoxzv",JAX,0,0,0,1,0,0,0,0,0,0,0,0,0,0,0,0,0,0,0,0,0,0
2024,REG,00-0037129,J.Blackwell,Josh Blackwell,4,CB,DB,"https://static.www.nfl.com/image/upload/f_auto,q_auto/league/qdy0ms8vuo4dwnl20v89",CHI,5,5,0,1,0,0,0,0,0,0,1,10,2,0,0,0,0,0,0,0,0,0
2024,REG,00-0037130,R.Blankenship,Reed Blankenship,15,SS,DB,"https://static.www.nfl.com/image/upload/f_auto,q_auto/league/j7ihu74tbuv1eacvgzlj",PHI,52,48,4,26,0,0,0,0,0,0,4,29,6,0,0,0,0,1,16,0,2,31
2024,REG,00-0037132,B.Covey,Britain Covey,1,WR,WR,"https://static.www.nfl.com/image/upload/f_auto,q_auto/league/zxyoxfakwak4h9eiv5mu",ATL,1,1,0,0,0,0,0,0,0,0,0,0,0,0,0,0,0,0,0,0,0,0
2024,REG,00-0037137,J.Jobe,Josh Jobe,10,CB,DB,"https://static.www.nfl.com/image/upload/f_auto,q_auto/league/vs9agi4ngfedskfiusf9",SEA,29,28,1,8,0,0,0,0,0,0,1,33,7,0,0,0,0,0,0,0,4,76
2024,REG,00-0037153,V.Jones,Vi Jones,3,ILB,LB,"https://static.www.nfl.com/image/upload/f_auto,q_auto/league/wjf6ebr851i5xge1vte3",TB,3,3,0,3,0,0,1,0,0,0,0,0,0,0,0,0,0,0,0,0,1,1
2024,REG,00-0037155,T.Adams,Tony Adams,14,FS,DB,"https://static.www.nfl.com/image/upload/f_auto,q_auto/league/d0avbpcayta6qq1wsd1a",NYJ,42,35,7,40,2,2,0,1,0,2,1,0,6,0,0,0,0,0,0,0,4,30
2024,REG,00-0037156,I.Charles,Irvin Charles,1,WR,WR,"https://static.www.nfl.com/image/private/f_auto,q_auto/league/mhql0qf6zcitmj2r1upx",NYJ,0,0,0,0,0,0,0,0,0,0,0,0,0,0,0,0,0,0,0,0,1,15
2024,REG,00-0037179,J.Moon,Jeremiah Moon,2,OLB,LB,"https://static.www.nfl.com/image/upload/f_auto,q_auto/league/x2he3hockgnqfmxlxctw",PIT,1,1,0,1,0,0,0,0,0,0,0,0,0,0,0,0,0,0,0,0,0,0
2024,REG,00-0037190,A.Gardner,Ahmad Gardner,15,CB,DB,"https://static.www.nfl.com/image/upload/f_auto,q_auto/league/nqas3icjxcvns2m6cnns",NYJ,36,29,7,13,1,0,0,1,4,1,1,0,9,0,0,0,0,0,0,0,9,83
2024,REG,00-0037191,T.McDuffie,Trent McDuffie,16,CB,DB,"https://static.www.nfl.com/image/upload/f_auto,q_auto/league/mv3pihzkmykdkxx2o0dm",KC,45,45,0,14,6,3,1,0.5,0,4,2,0,13,0,0,0,0,0,0,0,5,41
2024,REG,00-0037192,G.Karlaftis,George Karlaftis,16,DE,DL,"https://static.www.nfl.com/image/upload/f_auto,q_auto/league/zmfn3xnvv9w7gu3x9ubr",KC,21,18,3,14,9,1,0,8,46,28,0,0,5,0,0,0,0,0,0,0,0,0
2024,REG,00-0037193,B.Cook,Bryan Cook,17,FS,DB,"https://static.www.nfl.com/image/upload/f_auto,q_auto/league/tuykyqy5gxpt6e48ymut",KC,54,53,1,23,1,0,0,0,0,0,2,0,5,0,0,0,0,0,0,0,0,0
2024,REG,00-0037195,J.Watson,Jaylen Watson,6,CB,DB,"https://static.www.nfl.com/image/private/f_auto,q_auto/league/abj96tqo9vzowgkdeagc",KC,21,19,2,11,0,0,0,0,0,0,0,0,6,0,0,0,0,0,0,0,1,15
2024,REG,00-0037198,N.Johnson,Nazeeh Johnson,13,CB,DB,"https://static.www.nfl.com/image/upload/f_auto,q_auto/league/dwnnt6kj8ffldhx9oumi",KC,31,30,1,22,3,0,0,1,17,1,0,0,3,0,0,0,0,0,0,0,1,5
2024,REG,00-0037203,L.Ray,LaBryan Ray,14,DE,DL,"https://static.www.nfl.com/image/upload/f_auto,q_auto/league/ubtdigfqxxwktkyqkmvy",CAR,15,12,3,26,2,1,0,1,5,2,0,0,0,0,0,0,0,0,0,0,1,15
2024,REG,00-0037205,B.Schooler,Brenden Schooler,3,FS,DB,"https://static.www.nfl.com/image/private/f_auto,q_auto/league/gzetqqmeskvfjkm3qbaj",NE,2,2,0,2,2,0,0,2,16,3,0,0,0,0,0,0,0,0,0,0,0,0
2024,REG,00-0037208,J.Cochrane,Jack Cochrane,1,ILB,LB,"https://static.www.nfl.com/image/upload/f_auto,q_auto/league/efiat1gmwjnan5ahnqtn",KC,0,0,0,1,0,0,0,0,0,0,0,0,0,0,0,0,0,0,0,0,0,0
2024,REG,00-0037224,C.Dicker,Cameron Dicker,2,K,SPEC,"https://static.www.nfl.com/image/upload/f_auto,q_auto/league/cjgz8mykyv9tygjypehw",LAC,0,0,0,0,0,0,0,0,0,0,0,0,0,0,0,0,0,0,0,0,2,0
2024,REG,00-0037231,K.Austin,Kevin Austin,1,WR,WR,"https://static.www.nfl.com/image/upload/f_auto,q_auto/league/vdah0xfiadl04o4s6xd0",NYG,1,1,0,0,0,0,0,0,0,0,0,0,0,0,0,0,0,0,0,0,0,0
2024,REG,00-0037235,T.Walker,Travon Walker,17,DE,DL,"https://static.www.nfl.com/image/private/f_auto,q_auto/league/u578pgqmortimghxzgev",JAX,31,30,1,30,13,9,2,10.5,89,15,0,0,1,1,0,0,0,1,35,0,5,35
2024,REG,00-0037236,A.Hutchinson,Aidan Hutchinson,5,DE,DL,"https://static.www.nfl.com/image/upload/f_auto,q_auto/league/cq1xzlvlcvssuucj3jfv",DET,12,12,0,7,7,0,1,7.5,55,17,0,0,0,0,0,0,0,0,0,0,1,15
2024,REG,00-0037237,D.Stingley,Derek Stingley,16,CB,DB,"https://static.www.nfl.com/image/upload/f_auto,q_auto/league/l06vle5t1v3lpnfni8z9",HOU,37,35,2,17,4,3,0,0,0,0,5,48,18,0,0,0,0,0,0,0,2,10
2024,REG,00-0037238,D.London,Drake London,1,WR,WR,"https://static.www.nfl.com/image/upload/f_auto,q_auto/league/wikjazqtt3uunjufgqrf",DEN,1,1,0,0,0,0,0,0,0,0,0,0,0,0,0,0,0,0,0,0,0,0
2024,REG,00-0037238,D.London,Drake London,1,WR,WR,"https://static.www.nfl.com/image/upload/f_auto,q_auto/league/wikjazqtt3uunjufgqrf",MIN,1,1,0,0,0,0,0,0,0,0,0,0,0,0,0,0,0,0,0,0,0,0
2024,REG,00-0037238,D.London,Drake London,1,WR,WR,"https://static.www.nfl.com/image/upload/f_auto,q_auto/league/wikjazqtt3uunjufgqrf",NO,1,1,0,0,0,0,0,0,0,0,0,0,0,0,0,0,0,0,0,0,0,0
2024,REG,00-0037238,D.London,Drake London,1,WR,WR,"https://static.www.nfl.com/image/upload/f_auto,q_auto/league/wikjazqtt3uunjufgqrf",NYG,1,1,0,0,0,0,0,0,0,0,0,0,0,0,0,0,0,0,0,0,0,0
2024,REG,00-0037239,C.Olave,Chris Olave,1,WR,WR,"https://static.www.nfl.com/image/upload/f_auto,q_auto/league/riiwbow7zphqmomiazph",DAL,1,1,0,0,0,0,0,0,0,0,0,0,0,0,0,0,0,0,0,0,0,0
2024,REG,00-0037239,C.Olave,Chris Olave,1,WR,WR,"https://static.www.nfl.com/image/upload/f_auto,q_auto/league/riiwbow7zphqmomiazph",PHI,1,1,0,0,0,0,0,0,0,0,0,0,0,0,0,0,0,0,0,0,0,0
2024,REG,00-0037240,J.Williams,Jameson Williams,1,WR,WR,"https://static.www.nfl.com/image/upload/f_auto,q_auto/league/kt6xzcnjbe9affdfsayt",HOU,1,1,0,0,0,0,0,0,0,0,0,0,0,0,0,0,0,0,0,0,0,0
2024,REG,00-0037240,J.Williams,Jameson Williams,1,WR,WR,"https://static.www.nfl.com/image/upload/f_auto,q_auto/league/kt6xzcnjbe9affdfsayt",MIN,1,1,0,0,0,0,0,0,0,0,0,0,0,0,0,0,0,0,0,0,0,0
2024,REG,00-0037240,J.Williams,Jameson Williams,1,WR,WR,"https://static.www.nfl.com/image/upload/f_auto,q_auto/league/kt6xzcnjbe9affdfsayt",TB,1,1,0,0,0,0,0,0,0,0,0,0,0,0,0,0,0,0,0,0,0,0
2024,REG,00-0037242,K.Elam,Kaiir Elam,7,CB,DB,"https://static.www.nfl.com/image/private/f_auto,q_auto/league/pngjvhw3ffskszmppmi8",BUF,17,16,1,8,2,1,0,0,0,0,0,0,2,0,0,0,0,1,0,0,3,16
2024,REG,00-0037244,D.Lloyd,Devin Lloyd,16,ILB,LB,"https://static.www.nfl.com/image/upload/f_auto,q_auto/league/elucvpqs3eax5luim5pe",JAX,61,57,4,52,7,5,1,2,13,5,1,3,4,0,0,0,0,0,0,0,1,2
2024,REG,00-0037246,J.Pitre,Jalen Pitre,12,FS,DB,"https://static.www.nfl.com/image/upload/f_auto,q_auto/league/oztvvn2ocakedd95fzxs",HOU,44,39,5,21,6,7,1,0,0,2,1,10,8,0,0,0,0,0,0,0,4,64
2024,REG,00-0037247,G.Pickens,George Pickens,1,WR,WR,"https://static.www.nfl.com/image/upload/f_auto,q_auto/league/klxzcb6p7ekngcognpiy",WAS,1,1,0,0,0,0,0,0,0,0,0,0,0,0,0,0,0,0,0,0,0,0
2024,REG,00-0037249,N.Bonitto,Nik Bonitto,17,OLB,LB,"https://static.www.nfl.com/image/upload/f_auto,q_auto/league/n1rfilowinoto8c77tjo",DEN,33,30,3,15,16,13,2,13.5,88.5,24,1,71,4,2,0,0,0,1,50,0,5,45
2024,REG,00-0037250,M.Emerson,Martin Emerson,17,CB,DB,"https://static.www.nfl.com/image/upload/f_auto,q_auto/league/va7yfx0xoniri3fuxr0u",CLE,62,58,4,18,3,5,1,0,0,0,0,0,5,0,0,0,0,1,2,0,5,53
2024,REG,00-0037251,A.Wright,Alex Wright,4,DE,DL,"https://static.www.nfl.com/image/private/f_auto,q_auto/league/tgtm7eaxylkjq3smtbqq",CLE,5,4,1,3,1,0,0,1,2,1,0,0,0,0,0,0,0,0,0,1,2,20
2024,REG,00-0037253,M.Jones,Marcus Jones,14,CB,DB,"https://static.www.nfl.com/image/private/f_auto,q_auto/league/t5dp8kwkx5dbt9nnnmig",NE,48,44,4,10,1,4,0,0,0,0,1,35,10,0,0,0,0,1,17,0,2,11
2024,REG,00-0037254,T.Bernard,Terrel Bernard,13,MLB,LB,"https://static.www.nfl.com/image/upload/f_auto,q_auto/league/xyhkpsbbvmisvoltpsbq",BUF,55,45,10,49,5,11,0,1,6,3,2,1,3,0,0,0,0,1,0,0,1,8
2024,REG,00-0037255,D.Parham,Dylan Parham,1,G,OL,"https://static.www.nfl.com/image/upload/f_auto,q_auto/league/xqiimieepawnkpibc266",LAC,1,1,0,0,0,0,0,0,0,0,0,0,0,0,0,0,0,0,0,0,0,0
2024,REG,00-0037256,R.White,Rachaad White,1,RB,RB,"https://static.www.nfl.com/image/upload/f_auto,q_auto/league/przphhlw0zga7b45qlyb",DEN,0,0,0,1,0,0,0,0,0,0,0,0,0,0,0,0,0,0,0,0,0,0
2024,REG,00-0037258,D.Pierce,Dameon Pierce,1,RB,RB,"https://static.www.nfl.com/image/upload/f_auto,q_auto/league/kotnmiuvvfmfuupr0f82",NE,1,1,0,0,0,0,0,0,0,0,0,0,0,0,0,0,0,0,0,0,0,0
2024,REG,00-0037259,M.McFadden,Micah McFadden,14,MLB,LB,"https://static.www.nfl.com/image/upload/f_auto,q_auto/league/vdvguxtthbpkqjuaehhz",NYG,60,47,13,47,8,12,1,3,4,6,0,0,1,0,0,0,0,1,0,0,0,0
2024,REG,00-0037260,D.Davidson,D.J. Davidson,9,DT,DL,"https://static.www.nfl.com/image/upload/f_auto,q_auto/league/yfprh8r0annlcpuekkht",NYG,12,9,3,11,2,0,0,2,17,2,0,0,0,0,0,0,0,2,0,0,3,22
2024,REG,00-0037262,T.Booker,Thomas Booker,8,DT,DL,"https://static.www.nfl.com/image/upload/f_auto,q_auto/league/ancbwbr4pv9plvzfluqu",PHI,8,7,1,10,2,1,0,1,5.5,2,0,0,1,0,0,0,0,0,0,0,0,0
2024,REG,00-0037263,T.Allgeier,Tyler Allgeier,1,RB,RB,"https://static.www.nfl.com/image/upload/f_auto,q_auto/league/yosaj2anmqoujqrgzecd",LAC,1,1,0,0,0,0,0,0,0,0,0,0,0,0,0,0,0,0,0,0,0,0
2024,REG,00-0037263,T.Allgeier,Tyler Allgeier,1,RB,RB,"https://static.www.nfl.com/image/upload/f_auto,q_auto/league/yosaj2anmqoujqrgzecd",NO,1,1,0,0,0,0,0,0,0,0,0,0,0,0,0,0,0,0,0,0,0,0
2024,REG,00-0037263,T.Allgeier,Tyler Allgeier,1,RB,RB,"https://static.www.nfl.com/image/upload/f_auto,q_auto/league/yosaj2anmqoujqrgzecd",TB,1,1,0,0,0,0,0,0,0,0,0,0,0,0,0,0,0,0,0,0,0,0
2024,REG,00-0037268,Z.McCollum,Zyon McCollum,17,CB,DB,"https://static.www.nfl.com/image/upload/f_auto,q_auto/league/i0ztcak7qlehrpqcxhlh",TB,55,53,2,27,1,0,0,0,0,0,2,4,17,0,0,0,0,1,0,0,4,30
2024,REG,00-0037269,E.Johnson,Eric Johnson,8,DT,DL,"https://static.www.nfl.com/image/upload/f_auto,q_auto/league/g7mqppy40uhqvyeowohy",NE,2,1,1,15,0,0,0,0,0,0,0,0,0,0,0,0,0,0,0,0,0,0
2024,REG,00-0037270,O.Ogbonnia,Otito Ogbonnia,16,DT,DL,"https://static.www.nfl.com/image/upload/f_auto,q_auto/league/duvixhxntta10epz19pi",LAC,14,11,3,23,0,0,0,0,0,3,0,0,1,0,0,0,0,0,0,0,4,40
2024,REG,00-0037271,D.Jackson,D'Marco Jackson,2,MLB,LB,"https://static.www.nfl.com/image/upload/f_auto,q_auto/league/bmtg8vtpvvsqmvvsjqqg",NO,3,1,2,3,0,0,0,0,0,0,0,0,0,0,0,0,0,0,0,0,0,0
2024,REG,00-0037274,E.Otomewo,Esezi Otomewo,3,DE,DL,"https://static.www.nfl.com/image/upload/f_auto,q_auto/league/hz2dgnatto0bxffrcloh",JAX,0,0,0,4,0,0,0,0.5,2,2,0,0,0,0,0,0,0,0,0,0,0,0
2024,REG,00-0037275,D.Bland,Daron Bland,7,CB,DB,"https://static.www.nfl.com/image/upload/f_auto,q_auto/league/u1n9iwdsdvemtonsvisn",DAL,29,29,0,12,0,0,1,0,0,0,0,0,5,0,0,0,0,1,0,0,1,4
2024,REG,00-0037278,L.Wattenberg,Luke Wattenberg,1,C,OL,"https://static.www.nfl.com/image/upload/f_auto,q_auto/league/rwqlxxwcuure9x96shnw",NYJ,1,1,0,0,0,0,0,0,0,0,0,0,0,0,0,0,0,0,0,0,0,0
2024,REG,00-0037280,M.Butler,Matthew Butler,4,DT,DL,"https://static.www.nfl.com/image/upload/f_auto,q_auto/league/uun6avo533h1sxe249q3",LV,4,2,2,5,0,0,0,0,0,0,0,0,0,0,0,0,0,0,0,0,1,12
2024,REG,00-0037281,D.Clark,Damone Clark,5,ILB,LB,"https://static.www.nfl.com/image/upload/f_auto,q_auto/league/y0moxpog13dgt1mb087m",DAL,13,10,3,11,1,3,0,0.5,4,1,0,0,1,0,0,0,0,0,0,0,0,0
2024,REG,00-0037283,J.Ridgeway,John Ridgeway,11,DT,DL,"https://static.www.nfl.com/image/upload/f_auto,q_auto/league/irpvoorgwwezk7qxrp0m",NO,8,6,2,7,1,2,0,0,0,0,0,0,1,0,0,0,0,0,0,0,0,0
2024,REG,00-0037288,C.Benford,Christian Benford,15,CB,DB,"https://static.www.nfl.com/image/private/f_auto,q_auto/league/buseklerc1bhl1u9oovt",BUF,49,45,4,14,3,9,2,1,8,1,2,30,10,0,0,0,0,1,43,0,4,24
2024,REG,00-0037289,M.Rodriguez,Malcolm Rodriguez,9,ILB,LB,"https://static.www.nfl.com/image/upload/f_auto,q_auto/league/ofwspc5nzlzqdvxqvpxc",DET,25,21,4,14,2,0,0,2,7,2,0,0,1,0,0,0,0,1,0,0,0,0
2024,REG,00-0037291,J.Nailor,Jalen Nailor,1,WR,WR,"https://static.www.nfl.com/image/upload/f_auto,q_auto/league/fe9b3l4fz6n02gbr5zbt",GB,1,1,0,0,0,0,1,0,0,0,0,0,0,0,0,0,0,0,0,0,0,0
2024,REG,00-0037294,J.Jackson,Jordan Jackson,12,DE,DL,"https://static.www.nfl.com/image/upload/f_auto,q_auto/league/x8mnvsf25r23yhsqgvlg",DEN,4,4,0,13,1,0,1,1,5,2,0,0,0,0,0,0,0,0,0,0,0,0
2024,REG,00-0037298,S.Roberts,Sam Roberts,1,DE,DL,"https://static.www.nfl.com/image/upload/f_auto,q_auto/league/dfq4vrkeuudpmleccuag",CAR,0,0,0,1,0,0,0,0,0,0,0,0,0,0,0,0,0,0,0,0,0,0
2024,REG,00-0037300,M.Woods,Mike Woods,1,WR,WR,"https://static.www.nfl.com/image/private/f_auto,q_auto/league/qlps63mn8jfsvqgf7cub",PIT,0,0,0,1,0,0,0,0,0,0,0,0,0,0,0,0,0,0,0,0,0,0
2024,REG,00-0037301,T.Jackson,Theo Jackson,7,FS,DB,"https://static.www.nfl.com/image/upload/f_auto,q_auto/league/fqbmc78nlivf60av7ls4",MIN,8,8,0,3,0,0,0,0,0,0,1,3,3,0,0,0,0,0,0,0,0,0
2024,REG,00-0037307,J.Taylor,Ja'Sir Taylor,14,CB,DB,"https://static.www.nfl.com/image/upload/f_auto,q_auto/league/qvvfjjcxkscn40ghjmfc",LAC,12,10,2,9,1,6,0,0,0,1,0,0,5,0,0,0,0,1,0,0,3,26
2024,REG,00-0037310,J.Houston,James Houston,5,DE,DL,"https://static.www.nfl.com/image/upload/f_auto,q_auto/league/f9ohtckdyenrnzngujwi",DET,4,4,0,3,1,0,0,1,5,2,0,0,0,0,0,0,0,0,0,0,1,5
2024,REG,00-0037313,M.Brown,Montaric Brown,16,CB,DB,"https://static.www.nfl.com/image/upload/f_auto,q_auto/league/ccshpp704c07vuqzl2bx",JAX,55,52,3,20,6,3,0,0,0,0,1,0,8,0,0,0,0,0,0,0,7,91
2024,REG,00-0037314,I.Thomas,Isaiah Thomas,1,OLB,LB,"https://static.www.nfl.com/image/upload/f_auto,q_auto/league/c0do1cxlqginwgrhrkdz",DET,0,0,0,3,0,0,0,0,0,0,0,0,0,0,0,0,0,1,0,0,0,0
2024,REG,00-0037316,M.Robinson,Mark Robinson,2,ILB,LB,"https://static.www.nfl.com/image/upload/f_auto,q_auto/league/l7u61ekvlhzwchpxcdbo",PIT,1,1,0,0,0,0,0,0,0,0,0,0,0,0,0,0,0,0,0,0,1,10
2024,REG,00-0037318,B.Spector,Baylon Spector,7,ILB,LB,"https://static.www.nfl.com/image/upload/f_auto,q_auto/league/ijr3jcllxtc1eebuwf6s",BUF,20,15,5,17,2,4,0,1.5,1,1,0,0,0,0,0,0,0,1,0,0,1,14
2024,REG,00-0037319,F.Hicks,Faion Hicks,2,CB,DB,"https://static.www.nfl.com/image/upload/f_auto,q_auto/league/vw79p5es078im4visydt",SEA,1,1,0,1,0,0,0,0,0,0,0,0,0,0,0,0,0,0,0,0,0,0
2024,REG,00-0037320,D.Leonard,Deane Leonard,5,CB,DB,"https://static.www.nfl.com/image/upload/f_auto,q_auto/league/xuf9vjrpvw0orkcr9lev",LAC,3,3,0,1,1,0,0,0,0,0,0,0,3,0,0,0,0,0,0,0,0,0
2024,REG,00-0037323,R.Thomas,Rodney Thomas,1,FS,DB,"https://static.www.nfl.com/image/upload/f_auto,q_auto/league/pqyeghqzuvxyk4tlmqgu",IND,5,5,0,2,0,0,0,0,0,0,0,0,0,0,0,0,0,0,0,0,0,0
2024,REG,00-0037330,J.Luketa,Jesse Luketa,10,OLB,LB,"https://static.www.nfl.com/image/upload/f_auto,q_auto/league/ulrqjbgiw7ukufjd1yez",ARI,10,9,1,8,4,2,1,3,19,4,0,0,0,0,0,0,0,0,0,0,0,0
2024,REG,00-0037332,D.Bell,D'Anthony Bell,2,SS,DB,"https://static.www.nfl.com/image/private/f_auto,q_auto/league/xhpy1f07l1iolbeqqt2c",CLE,3,3,0,1,1,1,0,0,0,1,0,0,0,0,0,0,0,0,0,0,0,0
2024,REG,00-0037353,K.Kohou,Kader Kohou,15,CB,DB,"https://static.www.nfl.com/image/upload/f_auto,q_auto/league/i77u6ib9ha5a4l0qd3em",MIA,33,31,2,12,3,0,1,0,0,0,2,2,8,0,0,0,0,1,0,0,4,39
2024,REG,00-0037356,B.Stille,Ben Stille,3,DT,DL,"https://static.www.nfl.com/image/upload/f_auto,q_auto/league/deyaszug78obvfjr5vyy",ARI,1,1,0,2,1,0,0,1,4,1,0,0,1,0,0,0,0,0,0,0,0,0
2024,REG,00-0037356,B.Stille,Ben Stille,2,DT,DL,"https://static.www.nfl.com/image/upload/f_auto,q_auto/league/deyaszug78obvfjr5vyy",TB,0,0,0,1,0,0,0,0,0,0,0,0,0,0,0,0,0,1,0,0,0,0
2024,REG,00-0037364,A.Mosby,Arron Mosby,8,DE,DL,"https://static.www.nfl.com/image/upload/f_auto,q_auto/league/sub2rfbfzebhuxzlt2jd",GB,2,2,0,6,1,6,0,0.5,4,2,0,0,2,0,0,0,0,0,0,0,0,0
2024,REG,00-0037383,K.Mauga,Kana'i Mauga,1,ILB,LB,"https://static.www.nfl.com/image/upload/f_auto,q_auto/league/tc1qw2c1jhvezwnuriyu",LV,0,0,0,0,0,0,0,0,0,0,0,0,0,0,0,0,0,0,0,0,1,5
2024,REG,00-0037384,J.McMillian,Ja'Quan McMillian,17,CB,DB,"https://static.www.nfl.com/image/upload/f_auto,q_auto/league/msznfdh1lffe06otzopj",DEN,61,55,6,20,4,11,1,1,14,2,2,44,10,1,0,0,0,0,0,0,8,70
2024,REG,00-0037395,D.Flowers,Dallis Flowers,4,CB,DB,"https://static.www.nfl.com/image/upload/f_auto,q_auto/league/j9c8azu9yfqnye2igcw3",IND,9,8,1,0,1,0,0,0,0,0,0,0,0,0,0,0,0,0,0,0,0,0
2024,REG,00-0037404,R.Van Demark,Ryan Van Demark,1,T,OL,"https://static.www.nfl.com/image/upload/f_auto,q_auto/league/tgrigwn4kaelix92wq1n",KC,1,1,0,0,0,0,0,0,0,0,0,0,0,0,0,0,0,0,0,0,0,0
2024,REG,00-0037413,B.Brown,Ben Brown,1,G,OL,"https://static.www.nfl.com/image/upload/f_auto,q_auto/league/hbn5ev3uw1zh3esm7pgq",LA,1,1,0,0,0,0,0,0,0,0,0,0,0,0,0,0,0,0,0,0,0,0
2024,REG,00-0037431,K.Jonathan,Kingsley Jonathan,1,DE,DL,"https://static.www.nfl.com/image/upload/f_auto,q_auto/league/bqknndwhdjnpkzp9h59r",BUF,0,0,0,0,0,0,0,0,0,1,0,0,0,0,0,0,0,0,0,0,0,0
2024,REG,00-0037447,T.Fox,Tomon Fox,6,OLB,LB,"https://static.www.nfl.com/image/upload/f_auto,q_auto/league/emmzfraly1esjgnltpbj",NYG,6,5,1,6,2,4,0,1,8,3,0,0,0,0,0,0,0,0,0,0,2,22
2024,REG,00-0037457,J.Hansen,Jake Hansen,6,OLB,LB,"https://static.www.nfl.com/image/upload/f_auto,q_auto/league/ien47foct6cyqxmgteit",HOU,11,10,1,7,1,4,0,1,0,1,0,0,0,0,0,0,0,0,0,0,0,0
2024,REG,00-0037459,K.Hinish,Kurt Hinish,7,DT,DL,"https://static.www.nfl.com/image/upload/f_auto,q_auto/league/cwupwoir6q5dkctk9xxa",HOU,5,2,3,7,2,2,0,0,0,0,0,0,0,0,0,0,0,0,0,0,0,0
2024,REG,00-0037461,T.McCollum,Tristin McCollum,7,FS,DB,"https://static.www.nfl.com/image/upload/f_auto,q_auto/league/q8kdlu6gicjcgghbmnx3",PHI,16,14,2,15,0,0,0,0,0,0,0,0,2,0,0,0,0,0,0,0,0,0
2024,REG,00-0037468,R.Layne,Raheem Layne,2,SS,DB,"https://static.www.nfl.com/image/upload/f_auto,q_auto/league/wof6kufthckakmcv7rxu",NYG,3,3,0,0,0,0,0,0,0,0,0,0,0,0,0,0,0,0,0,0,1,9
2024,REG,00-0037491,J.Russell,J.J. Russell,9,ILB,LB,"https://static.www.nfl.com/image/upload/f_auto,q_auto/league/ogzsthxpcatfqo6hwnjo",TB,16,14,2,9,0,0,0,0,0,0,0,0,1,0,0,0,0,0,0,0,1,9
2024,REG,00-0037493,M.Brown,Mike Brown,9,FS,DB,"https://static.www.nfl.com/image/upload/f_auto,q_auto/league/gpfrvm1asukelu1i72yj",TEN,20,20,0,18,0,0,0,0,0,0,0,0,1,0,0,0,0,0,0,0,0,0
2024,REG,00-0037512,I.Pola-Mao,Isaiah Pola-Mao,16,FS,DB,"https://static.www.nfl.com/image/upload/f_auto,q_auto/league/qgwwexwt0ubk6yzqub0k",LV,55,53,2,30,2,1,2,1,8,1,0,0,5,0,0,0,0,0,0,0,1,9
2024,REG,00-0037517,L.Masterson,Luke Masterson,4,OLB,LB,"https://static.www.nfl.com/image/upload/f_auto,q_auto/league/fwfobtgnbj9tdku4vuwd",LV,8,7,1,6,0,0,0,0,0,0,0,0,0,0,0,0,0,0,0,0,0,0
2024,REG,00-0037527,S.Olubi,Segun Olubi,1,MLB,LB,"https://static.www.nfl.com/image/upload/f_auto,q_auto/league/ow16svwnbsylrg17myne",IND,1,0,1,2,0,0,1,0,0,0,0,0,0,0,0,0,0,1,18,0,0,0
2024,REG,00-0037544,N.Sewell,Nephi Sewell,2,MLB,LB,"https://static.www.nfl.com/image/upload/f_auto,q_auto/league/qmccgy5kvcviyzxmr0f8",NO,5,5,0,3,2,1,0,1,5,1,0,0,0,0,0,0,0,0,0,0,1,5
2024,REG,00-0037545,R.Shaheed,Rashid Shaheed,1,WR,WR,"https://static.www.nfl.com/image/upload/f_auto,q_auto/league/mnaref4vwyau8mbsp0ri",KC,1,1,0,0,0,0,0,0,0,0,0,0,0,0,0,0,0,0,0,0,0,0
2024,REG,00-0037545,R.Shaheed,Rashid Shaheed,1,WR,WR,"https://static.www.nfl.com/image/upload/f_auto,q_auto/league/mnaref4vwyau8mbsp0ri",TB,2,2,0,0,0,0,0,0,0,0,0,0,0,0,0,0,0,0,0,0,0,0
2024,REG,00-0037549,D.Baker,Darrell Baker,11,CB,DB,"https://static.www.nfl.com/image/upload/f_auto,q_auto/league/jvblrleyv3vahveih7fc",TEN,28,27,1,8,1,0,0,0,0,0,0,0,5,0,0,0,0,0,0,0,3,23
2024,REG,00-0037560,C.Wooten,Chandler Wooten,3,ILB,LB,"https://static.www.nfl.com/image/upload/f_auto,q_auto/league/xil7lf1lnywgdsc8wclv",CAR,14,14,0,15,0,0,0,0,0,0,0,0,0,0,0,0,0,0,0,0,0,0
2024,REG,00-0037561,M.Bell,Markquese Bell,3,FS,DB,"https://static.www.nfl.com/image/upload/f_auto,q_auto/league/vtqjsdpik2m6dnmfh6of",DAL,3,3,0,1,0,0,0,0,0,0,0,0,0,0,0,0,0,0,0,0,2,20
2024,REG,00-0037578,J.Thomas,Juanyeh Thomas,4,FS,DB,"https://static.www.nfl.com/image/upload/f_auto,q_auto/league/gluzbimvxdxqy27fljyf",DAL,5,5,0,3,0,0,0,0,0,0,0,0,1,0,0,0,0,0,0,0,0,0
2024,REG,00-0037587,N.Landman,Nate Landman,13,ILB,LB,"https://static.www.nfl.com/image/upload/f_auto,q_auto/league/hpcdyme49wr6mtk4ftrp",ATL,39,38,1,41,0,0,3,0,0,0,0,0,1,0,0,0,0,0,0,0,1,5
2024,REG,00-0037593,T.Avery,Tre Avery,2,CB,DB,"https://static.www.nfl.com/image/upload/f_auto,q_auto/league/a7kfv7xjftqlaqghk6sg",TEN,0,0,0,0,0,0,0,0,0,0,0,0,0,0,0,0,0,0,0,0,2,17
2024,REG,00-0037594,J.Chestnut,Julius Chestnut,1,RB,RB,"https://static.www.nfl.com/image/upload/f_auto,q_auto/league/dmy7xkb6lv63qou6qag7",JAX,1,1,0,0,0,0,0,0,0,0,0,0,0,0,0,0,0,0,0,0,0,0
2024,REG,00-0037596,J.Gibbens,Jack Gibbens,5,ILB,LB,"https://static.www.nfl.com/image/upload/f_auto,q_auto/league/bcejgmyvfqkmlkiux5ji",TEN,20,18,2,21,2,1,0,0.5,3,1,0,0,0,0,0,0,0,0,0,0,0,0
2024,REG,00-0037602,S.Okuayinonu,Sam Okuayinonu,16,DE,DL,"https://static.www.nfl.com/image/upload/f_auto,q_auto/league/cejeyco38nl3iyyoqm08",SF,25,23,2,10,6,9,1,3,15,7,0,0,1,0,0,0,0,0,0,0,3,12
2024,REG,00-0037603,J.Peevy,Jayden Peevy,4,DT,DL,"https://static.www.nfl.com/image/upload/f_auto,q_auto/league/nukplfyqjq7f1miw7h9o",CAR,2,2,0,4,1,0,1,1.5,3,3,0,0,1,0,0,0,0,0,0,0,0,0
2024,REG,00-0037611,K.Thibodeaux,Kayvon Thibodeaux,12,OLB,LB,"https://static.www.nfl.com/image/upload/f_auto,q_auto/league/e9m5tfuhkstxtlavaxee",NYG,14,8,6,14,8,7,1,5.5,46,17,0,0,2,0,0,0,0,0,0,0,5,55
2024,REG,00-0037614,J.Metchie,John Metchie,1,WR,WR,"https://static.www.nfl.com/image/upload/f_auto,q_auto/league/zf0d6hiyqnmtst0vwdpv",HOU,1,1,0,0,0,0,0,0,0,0,0,0,0,0,0,0,0,0,0,0,0,0
2024,REG,00-0037614,J.Metchie,John Metchie,1,WR,WR,"https://static.www.nfl.com/image/upload/f_auto,q_auto/league/zf0d6hiyqnmtst0vwdpv",TEN,1,1,0,0,0,0,0,0,0,0,0,0,0,0,0,0,0,0,0,0,0,0
2024,REG,00-0037615,N.Dean,Nakobe Dean,15,ILB,LB,"https://static.www.nfl.com/image/upload/f_auto,q_auto/league/yszg4za8axmftpn0os1v",PHI,80,72,8,48,9,6,1,3,26,6,1,0,4,0,0,0,0,2,0,0,1,5
2024,REG,00-0037616,N.Cross,Nick Cross,17,SS,DB,"https://static.www.nfl.com/image/upload/f_auto,q_auto/league/tqhkmm1ru8kr4ug5blaq",IND,86,73,13,59,6,11,1,1,2,1,3,25,5,0,0,0,0,0,0,0,2,26
2024,REG,00-0037627,M.Greene,Mike Greene,2,DT,DL,"https://static.www.nfl.com/image/upload/f_auto,q_auto/league/am4sroiqifiizzjfjvt3",TB,0,0,0,2,0,0,0,0,0,0,0,0,0,0,0,0,0,0,0,0,0,0
2024,REG,00-0037633,J.Hummel,Jake Hummel,3,ILB,LB,"https://static.www.nfl.com/image/upload/f_auto,q_auto/league/izuenctabrupcilnutno",LA,6,5,1,4,0,0,0,0,0,0,0,0,0,0,0,0,0,0,0,0,0,0
2024,REG,00-0037661,J.Ingram,Ja'Marcus Ingram,9,CB,DB,"https://static.www.nfl.com/image/upload/f_auto,q_auto/league/nr6uixoe6pxz1kbzx4af",BUF,12,11,1,6,2,3,0,1,8,1,2,56,4,1,0,0,0,0,0,0,3,22
2024,REG,00-0037662,C.Brewer,C.J. Brewer,7,DT,DL,"https://static.www.nfl.com/image/upload/f_auto,q_auto/league/olmlilzmltwaiyparvlw",TB,7,7,0,5,3,3,0,2,11,3,0,0,2,0,0,0,0,0,0,0,1,5
2024,REG,00-0037663,J.Johnson,Jermaine Johnson,2,OLB,LB,"https://static.www.nfl.com/image/private/f_auto,q_auto/league/tksswzrbrb6ndpbczqon",NYJ,4,3,1,0,1,1,0,0,0,0,0,0,0,0,0,0,0,0,0,0,2,20
2024,REG,00-0037664,A.Pierce,Alec Pierce,1,WR,WR,"https://static.www.nfl.com/image/upload/f_auto,q_auto/league/hvtcpccoigf9cghzkxcg",BUF,1,1,0,0,0,0,0,0,0,0,0,0,0,0,0,0,0,0,0,0,0,0
2024,REG,00-0037664,A.Pierce,Alec Pierce,1,WR,WR,"https://static.www.nfl.com/image/upload/f_auto,q_auto/league/hvtcpccoigf9cghzkxcg",DEN,1,1,0,0,0,0,0,0,0,0,0,0,0,0,0,0,0,0,0,0,0,0
2024,REG,00-0037664,A.Pierce,Alec Pierce,1,WR,WR,"https://static.www.nfl.com/image/upload/f_auto,q_auto/league/hvtcpccoigf9cghzkxcg",GB,1,1,0,0,0,0,0,0,0,0,0,0,0,0,0,0,0,0,0,0,0,0
2024,REG,00-0037664,A.Pierce,Alec Pierce,1,WR,WR,"https://static.www.nfl.com/image/upload/f_auto,q_auto/league/hvtcpccoigf9cghzkxcg",NE,2,2,0,0,0,0,0,0,0,0,0,0,0,0,0,0,0,0,0,0,0,0
2024,REG,00-0037666,J.Tolbert,Jalen Tolbert,1,WR,WR,"https://static.www.nfl.com/image/upload/f_auto,q_auto/league/cek1m1cbly5rfmmmjpcc",PHI,1,1,0,0,0,0,0,0,0,0,0,0,0,0,0,0,0,0,0,0,0,0
2024,REG,00-0037667,K.Joseph,Kerby Joseph,17,FS,DB,"https://static.www.nfl.com/image/upload/f_auto,q_auto/league/bckxtrmsau8pnc0ay1wt",DET,58,52,6,24,1,1,0,0,0,1,9,99,12,1,0,0,0,0,0,0,0,0
2024,REG,00-0037692,B.Aubrey,Brandon Aubrey,3,K,SPEC,"https://static.www.nfl.com/image/upload/f_auto,q_auto/league/ey93ifke290r8tn5jrqq",DAL,0,0,0,0,0,0,0,0,0,0,0,0,0,0,0,0,0,0,0,0,3,0
2024,REG,00-0037711,J.Pharms,Jeremiah Pharms,14,DE,DL,"https://static.www.nfl.com/image/upload/f_auto,q_auto/league/hrdyerettrkbgusjbpa7",NE,16,14,2,17,4,5,0,2,5,5,0,0,0,0,0,0,0,0,0,0,0,0
2024,REG,00-0037740,G.Wilson,Garrett Wilson,1,WR,WR,"https://static.www.nfl.com/image/private/f_auto,q_auto/league/llgosx4tokddwnyrgvbx",PIT,1,1,0,0,0,0,0,0,0,0,0,0,0,0,0,0,0,0,0,0,0,0
2024,REG,00-0037742,T.Burks,Treylon Burks,1,WR,WR,"https://static.www.nfl.com/image/upload/f_auto,q_auto/league/xinnrxloao8wvyps7e3m",NYJ,1,1,0,0,0,0,0,0,0,0,0,0,0,0,0,0,0,0,0,0,0,0
2024,REG,00-0037743,D.Hill,Dax Hill,5,CB,DB,"https://static.www.nfl.com/image/upload/f_auto,q_auto/league/wyjc84rbuuzxfdjl1nmu",CIN,20,16,4,5,1,0,0,1,1,1,0,0,2,0,0,0,0,0,0,0,1,5
2024,REG,00-0037746,B.Robinson,Brian Robinson,1,RB,RB,"https://static.www.nfl.com/image/private/f_auto,q_auto/league/gxcfbuvmooytbn45kvxf",DAL,0,0,0,1,0,0,0,0,0,0,0,0,0,0,0,0,0,0,0,0,0,0
2024,REG,00-0037752,T.Anderson,Tycen Anderson,1,SS,DB,"https://static.www.nfl.com/image/upload/f_auto,q_auto/league/ha4dkwuljxz4f64yvvtk",CIN,0,0,0,0,0,0,0,0,0,0,0,0,0,0,0,0,0,0,0,0,1,7
2024,REG,00-0037753,C.Taylor-Britt,Cam Taylor-Britt,17,CB,DB,"https://static.www.nfl.com/image/upload/f_auto,q_auto/league/ysaiijfhzalqruk36u9r",CIN,58,53,5,19,1,0,0,0.5,2.5,1,3,79,16,1,0,0,0,0,0,0,9,86
2024,REG,00-0037756,T.Jones,Travis Jones,15,DT,DL,"https://static.www.nfl.com/image/upload/f_auto,q_auto/league/ewpyusvcmkuxygz5y4bb",BAL,22,19,3,20,4,4,0,1,11,4,0,0,0,0,0,0,0,0,0,0,3,25
2024,REG,00-0037757,B.Raimann,Bernhard Raimann,1,T,OL,"https://static.www.nfl.com/image/upload/f_auto,q_auto/league/hjwmelj38eqnelm4qhuo",HOU,1,1,0,0,0,0,0,0,0,0,0,0,0,0,0,0,0,0,0,0,0,0
2024,REG,00-0037757,B.Raimann,Bernhard Raimann,1,T,OL,"https://static.www.nfl.com/image/upload/f_auto,q_auto/league/hjwmelj38eqnelm4qhuo",NYG,1,1,0,0,0,0,0,0,0,0,0,0,0,0,0,0,0,0,0,0,0,0
2024,REG,00-0037758,C.Flott,Cordale Flott,14,CB,DB,"https://static.www.nfl.com/image/private/f_auto,q_auto/league/i3u7xars1k1hfmmibsfz",NYG,36,34,2,17,2,3,0,0,0,0,1,26,7,0,0,0,0,0,0,0,1,22
2024,REG,00-0037759,D.Leal,DeMarvin Leal,3,DE,DL,"https://static.www.nfl.com/image/upload/f_auto,q_auto/league/fushytafw3abvkjewbqa",PIT,0,0,0,3,0,0,0,0,0,1,0,0,0,0,0,0,0,0,0,0,0,0
2024,REG,00-0037799,D.Tillman,Dondrea Tillman,11,OLB,LB,"https://static.www.nfl.com/image/upload/f_auto,q_auto/league/leaa3bx9micsea3emfb7",DEN,12,11,1,10,5,0,0,5,40,7,0,0,0,0,0,0,0,0,0,0,0,0
2024,REG,00-0037801,K.Turpin,Kavontae Turpin,1,WR,WR,"https://static.www.nfl.com/image/upload/f_auto,q_auto/league/lwkox2bvc6k3hqmidf4q",SF,1,1,0,0,0,0,0,0,0,0,0,0,0,0,0,0,0,0,0,0,0,0
2024,REG,00-0037804,Z.Carter,Zach Carter,4,DT,DL,"https://static.www.nfl.com/image/upload/f_auto,q_auto/league/f64doat4n78solyaa7xv",CIN,4,2,2,5,0,0,0,0.5,0.5,1,0,0,0,0,0,0,0,0,0,0,0,0
2024,REG,00-0037804,Z.Carter,Zach Carter,4,DT,DL,"https://static.www.nfl.com/image/upload/f_auto,q_auto/league/f64doat4n78solyaa7xv",LV,6,6,0,7,0,0,0,1,0,1,0,0,1,0,0,0,0,0,0,0,0,0
2024,REG,00-0037807,J.Ezeudu,Joshua Ezeudu,1,G,OL,"https://static.www.nfl.com/image/upload/f_auto,q_auto/league/p7b21zmpoxp6hxr3uxnf",PHI,1,1,0,0,0,0,0,0,0,0,0,0,0,0,0,0,0,0,0,0,0,0
2024,REG,00-0037808,D.Malone,DeAngelo Malone,5,OLB,LB,"https://static.www.nfl.com/image/upload/f_auto,q_auto/league/yja4sxs0ezraf7xonfgl",ATL,4,4,0,3,3,0,0,2,12,3,0,0,0,0,0,0,0,0,0,0,2,20
2024,REG,00-0037809,C.Okonkwo,Chigoziem Okonkwo,1,TE,TE,"https://static.www.nfl.com/image/upload/f_auto,q_auto/league/ut2gqeq2lowknrro0wlu",CHI,1,1,0,0,0,0,0,0,0,0,0,0,0,0,0,0,0,0,0,0,0,0
2024,REG,00-0037810,T.Andersen,Troy Andersen,6,ILB,LB,"https://static.www.nfl.com/image/upload/f_auto,q_auto/league/c6k4magsvhwcbrigevrz",ATL,25,21,4,19,1,2,0,0,0,1,1,47,1,1,0,0,0,0,0,0,0,0
2024,REG,00-0037811,C.Muma,Chad Muma,9,ILB,LB,"https://static.www.nfl.com/image/upload/f_auto,q_auto/league/mxdsqj2tbvtzinxxocfc",JAX,11,9,2,19,0,0,0,0,0,0,0,0,0,0,0,0,0,0,0,0,1,6
2024,REG,00-0037815,C.Thomas,Cameron Thomas,5,DE,DL,"https://static.www.nfl.com/image/upload/f_auto,q_auto/league/xqe85xjvxbji8qtmag52",CLE,6,5,1,5,4,8,0,1,5,1,0,0,0,0,0,0,0,0,0,0,0,0
2024,REG,00-0037816,R.Doubs,Romeo Doubs,1,WR,WR,"https://static.www.nfl.com/image/upload/f_auto,q_auto/league/dyulbddqbqshoqdxgo63",ARI,1,1,0,0,0,0,0,0,0,0,0,0,0,0,0,0,0,0,0,0,0,0
2024,REG,00-0037819,L.Chenal,Leo Chenal,16,OLB,LB,"https://static.www.nfl.com/image/upload/f_auto,q_auto/league/p9pdzh7vjaox47ua1l4w",KC,35,31,4,18,4,5,3,1,0,1,0,0,3,0,0,0,0,0,0,0,0,0
2024,REG,00-0037822,B.Asamoah,Brian Asamoah,3,ILB,LB,"https://static.www.nfl.com/image/upload/f_auto,q_auto/league/t4ierjdhdouiuitfk2mi",MIN,1,1,0,1,0,0,0,0,0,0,0,0,0,0,0,0,0,0,0,0,2,10
2024,REG,00-0037823,C.Harris,Christian Harris,3,ILB,LB,"https://static.www.nfl.com/image/upload/f_auto,q_auto/league/fk8f2wabhgouupktevy2",HOU,13,12,1,7,1,0,0,1,9,1,0,0,0,0,0,0,0,0,0,0,1,15
2024,REG,00-0037830,S.Womack,Samuel Womack,15,CB,DB,"https://static.www.nfl.com/image/upload/f_auto,q_auto/league/mhorsiwogbumpbvoi41x",IND,26,25,1,10,0,0,0,0,0,0,2,4,9,0,0,0,0,0,0,0,0,0
2024,REG,00-0037832,K.Davis,Kalia Davis,9,DT,DL,"https://static.www.nfl.com/image/upload/f_auto,q_auto/league/s1qmz1qxrhopqlaaa8yw",SF,6,5,1,6,0,0,0,0,0,0,1,2,1,0,0,0,0,0,0,0,1,5
2024,REG,00-0037834,B.Purdy,Brock Purdy,1,QB,QB,"https://static.www.nfl.com/image/upload/f_auto,q_auto/league/myvg8siij2bn9ecx7btm",MIN,1,1,0,0,0,0,0,0,0,0,0,0,0,0,0,0,0,0,0,0,0,0
2024,REG,00-0037835,L.Goedeke,Luke Goedeke,1,G,OL,"https://static.www.nfl.com/image/upload/f_auto,q_auto/league/pkqkhncqemqza7nrnxqy",LV,1,1,0,0,0,0,0,0,0,0,0,0,0,0,0,0,0,0,0,0,0,0
2024,REG,00-0037839,C.Durant,Cobie Durant,15,CB,DB,"https://static.www.nfl.com/image/upload/f_auto,q_auto/league/j1ohmtsxxb0e99lb2isj",LA,28,25,3,12,4,7,1,1,11,2,1,0,8,0,0,0,0,0,0,0,2,20
2024,REG,00-0037840,K.Williams,Kyren Williams,1,RB,RB,"https://static.www.nfl.com/image/upload/f_auto,q_auto/league/vcvstwywz6iufk7iul3x",LV,1,1,0,0,0,0,0,0,0,0,0,0,0,0,0,0,0,0,0,0,0,0
2024,REG,00-0037841,Q.Lake,Quentin Lake,16,FS,DB,"https://static.www.nfl.com/image/upload/f_auto,q_auto/league/vn4gjzg1y1nqxrtnwvm7",LA,73,62,11,38,1,0,0,2,7,2,0,0,5,0,0,0,0,0,0,0,5,62
2024,REG,00-0037843,D.Hardy,Daniel Hardy,3,DE,DL,"https://static.www.nfl.com/image/upload/f_auto,q_auto/league/csw6mwosvqfzqsubx6zn",CHI,0,0,0,1,0,0,0,0,0,0,0,0,0,0,0,0,0,0,0,0,2,15
2024,REG,00-0037844,R.Yeast,Russ Yeast,1,FS,DB,"https://static.www.nfl.com/image/upload/f_auto,q_auto/league/g1uiqk3r9wklilsiqblg",HOU,1,1,0,0,0,0,0,0,0,0,0,0,0,0,0,0,0,0,0,0,0,0
2024,REG,00-0038038,K.Hamilton,Kyle Hamilton,17,SS,DB,"https://static.www.nfl.com/image/upload/f_auto,q_auto/league/cesiygq2rdbzr5ilwixy",BAL,77,70,7,30,4,7,2,2,19,6,1,0,9,0,0,0,0,1,8,0,2,15
2024,REG,00-0038039,J.Jones,Jack Jones,17,CB,DB,"https://static.www.nfl.com/image/upload/f_auto,q_auto/league/ko90ykjaxjceawovujpp",LV,52,50,2,17,3,8,0,0,0,0,3,53,16,1,0,0,0,0,0,0,4,53
2024,REG,00-0038041,J.Ferguson,Jake Ferguson,1,TE,TE,"https://static.www.nfl.com/image/upload/f_auto,q_auto/league/lbvrn1ibwszd6tzgh6o1",HOU,1,1,0,0,0,0,0,0,0,0,0,0,0,0,0,0,0,0,0,0,0,0
2024,REG,00-0038041,J.Ferguson,Jake Ferguson,1,TE,TE,"https://static.www.nfl.com/image/upload/f_auto,q_auto/league/lbvrn1ibwszd6tzgh6o1",PIT,1,1,0,0,0,0,0,0,0,0,0,0,0,0,0,0,0,0,0,0,0,0
2024,REG,00-0038043,J.Williams,Joshua Williams,10,CB,DB,"https://static.www.nfl.com/image/private/f_auto,q_auto/league/wk6opycjhvjymx2iijgg",KC,17,15,2,13,2,1,0,1,12,1,0,0,6,0,0,0,0,0,0,0,5,55
2024,REG,00-0038093,N.Farrell,Neil Farrell,3,DT,DL,"https://static.www.nfl.com/image/upload/f_auto,q_auto/league/pikpateqjukuersidq1m",MIA,1,1,0,1,0,0,0,0,0,1,0,0,0,0,0,0,0,0,0,0,1,5
2024,REG,00-0038095,C.Volson,Cordell Volson,1,G,OL,"https://static.www.nfl.com/image/upload/f_auto,q_auto/league/ieayxjp8ybitkojsygff",TEN,0,0,0,1,0,0,0,0,0,0,0,0,0,0,0,0,0,0,0,0,0,0
2024,REG,00-0038096,J.Paschal,Josh Paschal,13,DE,DL,"https://static.www.nfl.com/image/upload/f_auto,q_auto/league/cu4msshr9uspguaggw2c",DET,15,14,1,6,5,10,0,2,21,8,0,0,0,0,0,0,0,1,0,0,1,15
2024,REG,00-0038097,C.York,Cade York,1,K,SPEC,"https://static.www.nfl.com/image/upload/f_auto,q_auto/league/irts9o3l9mzopvyg7c25",CIN,0,0,0,0,0,0,0,0,0,0,0,0,0,0,0,0,0,0,0,0,1,0
2024,REG,00-0038097,C.York,Cade York,1,K,SPEC,"https://static.www.nfl.com/image/upload/f_auto,q_auto/league/irts9o3l9mzopvyg7c25",WAS,0,0,0,0,0,0,0,0,0,0,0,0,0,0,0,0,0,0,0,0,1,0
2024,REG,00-0038098,P.Strong,Pierre Strong,1,RB,RB,"https://static.www.nfl.com/image/upload/f_auto,q_auto/league/xvsnviejqwulftgrccpb",CLE,0,0,0,0,0,0,0,0,0,0,0,0,0,0,0,0,0,0,0,0,1,10
2024,REG,00-0038099,P.Mathis,Phidarian Mathis,10,DT,DL,"https://static.www.nfl.com/image/upload/f_auto,q_auto/league/dv4nzv6ykhxvmqcmydkz",WAS,8,6,2,9,2,3,0,0,0,0,0,0,1,0,0,0,0,0,0,0,1,5
2024,REG,00-0038100,P.Butler,Percy Butler,15,FS,DB,"https://static.www.nfl.com/image/upload/f_auto,q_auto/league/a91iobuedgc4i8c8jq7j",WAS,22,21,1,15,2,5,0,0,0,1,0,0,1,0,0,0,0,0,0,0,0,0
2024,REG,00-0038101,A.Evans,Akayleb Evans,2,CB,DB,"https://static.www.nfl.com/image/upload/f_auto,q_auto/league/hzdshia4xdcavsff29ro",CAR,3,3,0,0,0,0,0,0,0,0,0,0,1,0,0,0,0,0,0,0,0,0
2024,REG,00-0038105,D.Mathis,Damarri Mathis,2,CB,DB,"https://static.www.nfl.com/image/upload/f_auto,q_auto/league/b9fsyzs155k1z6tu59ay",DEN,1,1,0,1,0,0,0,0,0,0,0,0,1,0,0,0,0,0,0,0,1,5
2024,REG,00-0038106,E.Uwazurike,Eyioma Uwazurike,4,DE,DL,"https://static.www.nfl.com/image/private/f_auto,q_auto/league/xbwtjqynbo17z7wzfxgm",DEN,3,3,0,8,0,0,0,0.5,1.5,1,0,0,0,0,0,0,0,0,0,0,0,0
2024,REG,00-0038107,M.Clemons,Micheal Clemons,16,DE,DL,"https://static.www.nfl.com/image/private/f_auto,q_auto/league/updhjnquszg3nlmfry8b",NYJ,18,17,1,16,4,0,1,4.5,40,8,0,0,0,0,0,0,0,0,0,0,2,25
2024,REG,00-0038111,K.Gordon,Kyler Gordon,15,CB,DB,"https://static.www.nfl.com/image/upload/f_auto,q_auto/league/wl8zd7rxgqey3pkcn3dk",CHI,48,41,7,27,4,12,1,0.5,3.5,2,0,0,5,0,0,0,0,3,0,0,1,15
2024,REG,00-0038115,D.Bellinger,Daniel Bellinger,1,TE,TE,"https://static.www.nfl.com/image/upload/f_auto,q_auto/league/f9xmqszyicfahxrcqevp",CIN,0,0,0,1,0,0,0,0,0,0,0,0,0,0,0,0,0,0,0,0,0,0
2024,REG,00-0038116,A.Ebiketie,Arnold Ebiketie,16,OLB,LB,"https://static.www.nfl.com/image/upload/f_auto,q_auto/league/tqgcmucimktsyc0eapao",ATL,26,23,3,12,6,3,0,6,15,12,0,0,2,0,0,0,0,1,0,0,2,10
2024,REG,00-0038119,J.Armour-Davis,Jalyn Armour-Davis,3,CB,DB,"https://static.www.nfl.com/image/upload/f_auto,q_auto/league/naj5duphe9ovcvuzh5q3",BAL,5,4,1,2,0,0,0,0,0,0,0,0,1,0,0,0,0,0,0,0,1,15
2024,REG,00-0038120,B.Hall,Breece Hall,1,RB,RB,"https://static.www.nfl.com/image/upload/f_auto,q_auto/league/ekmqygsmfkwwwdmuox4r",BUF,1,1,0,0,0,0,0,0,0,0,0,0,0,0,0,0,0,0,0,0,0,0
2024,REG,00-0038121,A.Taylor,Alontae Taylor,17,CB,DB,"https://static.www.nfl.com/image/upload/f_auto,q_auto/league/pnx5hwmmobgggp0xqewv",NO,61,60,1,28,7,8,2,4,32.5,6,0,0,16,0,0,0,0,0,0,0,6,67
2024,REG,00-0038123,D.Belton,Dane Belton,13,SS,DB,"https://static.www.nfl.com/image/upload/f_auto,q_auto/league/fdbwg5bzk2dqhwixewxe",NYG,25,25,0,25,1,0,1,1,5,1,1,0,6,0,0,0,0,0,0,0,0,0
2024,REG,00-0038124,C.Watson,Christian Watson,1,WR,WR,"https://static.www.nfl.com/image/upload/f_auto,q_auto/league/qenktpex0mep8er8dzxj",CHI,1,1,0,0,0,0,0,0,0,0,0,0,0,0,0,0,0,0,0,0,0,0
2024,REG,00-0038124,C.Watson,Christian Watson,1,WR,WR,"https://static.www.nfl.com/image/upload/f_auto,q_auto/league/qenktpex0mep8er8dzxj",HOU,1,1,0,0,0,0,0,0,0,0,0,0,0,0,0,0,0,0,0,0,0,0
2024,REG,00-0038124,C.Watson,Christian Watson,1,WR,WR,"https://static.www.nfl.com/image/upload/f_auto,q_auto/league/qenktpex0mep8er8dzxj",MIN,1,1,0,0,0,0,0,0,0,0,0,0,0,0,0,0,0,0,0,0,0,0
2024,REG,00-0038125,R.McCreary,Roger McCreary,14,CB,DB,"https://static.www.nfl.com/image/upload/f_auto,q_auto/league/rl8mkd5usm1hz2bxz7wz",TEN,43,38,5,7,12,16,0,1,13,2,0,0,1,0,0,0,0,0,0,0,2,38
2024,REG,00-0038127,L.Hall,Logan Hall,14,DE,DL,"https://static.www.nfl.com/image/upload/f_auto,q_auto/league/afszgwllud2yfkwy1v2o",TB,17,15,2,11,6,2,0,5.5,38.5,10,0,0,1,0,0,0,0,1,0,0,1,5
2024,REG,00-0038129,C.Otton,Cade Otton,1,TE,TE,"https://static.www.nfl.com/image/upload/f_auto,q_auto/league/mljam77kst1wlqd5y91v",CAR,1,1,0,0,0,0,0,0,0,0,0,0,0,0,0,0,0,0,0,0,0,0
2024,REG,00-0038129,C.Otton,Cade Otton,1,TE,TE,"https://static.www.nfl.com/image/upload/f_auto,q_auto/league/mljam77kst1wlqd5y91v",LAC,1,1,0,0,0,0,0,0,0,0,0,0,0,0,0,0,0,0,0,0,0,0
2024,REG,00-0038129,C.Otton,Cade Otton,1,TE,TE,"https://static.www.nfl.com/image/upload/f_auto,q_auto/league/mljam77kst1wlqd5y91v",NO,2,2,0,0,0,0,0,0,0,0,0,0,0,0,0,0,0,0,0,0,0,0
2024,REG,00-0038130,A.Booth,Andrew Booth,4,CB,DB,"https://static.www.nfl.com/image/upload/f_auto,q_auto/league/vg0kwozv8jzcn5vf4wzz",DAL,10,10,0,5,0,0,0,0,0,0,0,0,1,0,0,0,0,0,0,0,2,25
2024,REG,00-0038133,B.Mafe,Boye Mafe,14,OLB,LB,"https://static.www.nfl.com/image/upload/f_auto,q_auto/league/opdxbddpt2x3wsjjoqb3",SEA,25,22,3,15,8,4,1,6,59,12,0,0,3,0,0,0,0,0,0,0,1,5
2024,REG,00-0038134,K.Walker,Kenneth Walker,1,RB,RB,"https://static.www.nfl.com/image/upload/f_auto,q_auto/league/ielqdthtspzi0ufvs4tw",BUF,1,1,0,0,0,0,0,0,0,0,0,0,0,0,0,0,0,0,0,0,0,0
2024,REG,00-0038134,K.Walker,Kenneth Walker,1,RB,RB,"https://static.www.nfl.com/image/upload/f_auto,q_auto/league/ielqdthtspzi0ufvs4tw",DET,1,1,0,0,0,0,0,0,0,0,0,0,0,0,0,0,0,0,0,0,0,0
2024,REG,00-0038134,K.Walker,Kenneth Walker,1,RB,RB,"https://static.www.nfl.com/image/upload/f_auto,q_auto/league/ielqdthtspzi0ufvs4tw",NYG,1,1,0,0,0,0,0,0,0,0,0,0,0,0,0,0,0,0,0,0,0,0
2024,REG,00-0038135,J.Brisker,Jaquan Brisker,5,SS,DB,"https://static.www.nfl.com/image/upload/f_auto,q_auto/league/gevligumostjq3l10dpy",CHI,23,20,3,17,3,3,1,1,9,1,1,0,2,0,0,0,0,0,0,0,1,15
2024,REG,00-0038136,C.Bryant,Coby Bryant,12,CB,DB,"https://static.www.nfl.com/image/upload/f_auto,q_auto/league/kqygk55yo1zil3w7bxgb",SEA,45,42,3,23,1,1,1,0,0,2,3,87,6,1,0,0,0,0,0,0,0,0
2024,REG,00-0038142,D.Ojabo,David Ojabo,9,OLB,LB,"https://static.www.nfl.com/image/upload/f_auto,q_auto/league/vndppohx0wpzjluwany7",BAL,5,4,1,4,2,0,0,2,11,6,0,0,0,0,0,0,0,0,0,0,0,0
2024,REG,00-0038348,J.Butler,Josh Butler,4,CB,DB,"https://static.www.nfl.com/image/upload/f_auto,q_auto/league/xmlysu9f1wzqxv29qq0y",DAL,17,17,0,4,0,0,0,1,0,0,0,0,5,0,0,0,0,0,0,0,1,4
2024,REG,00-0038381,K.Kelly,Kyu Blu Kelly,1,CB,DB,"https://static.www.nfl.com/image/upload/f_auto,q_auto/league/jmwlrbcsuzckrohnwgdu",LV,1,1,0,1,0,0,0,0,0,0,0,0,0,0,0,0,0,0,0,0,1,13
2024,REG,00-0038386,J.Carter,Jalen Carter,16,DT,DL,"https://static.www.nfl.com/image/upload/f_auto,q_auto/league/pinfphooryjcgwtq5h1y",PHI,25,24,1,17,12,15,2,4.5,31,16,0,0,6,0,0,0,0,0,0,0,5,36
2024,REG,00-0038387,C.Wooden,Colby Wooden,9,DT,DL,"https://static.www.nfl.com/image/upload/f_auto,q_auto/league/ylfq9x2dbjxzrlhiwvh3",GB,9,8,1,11,2,3,0,0,0,2,0,0,2,0,0,0,0,0,0,0,1,15
2024,REG,00-0038390,N.Sewell,Noah Sewell,1,ILB,LB,"https://static.www.nfl.com/image/upload/f_auto,q_auto/league/dlkq9vlzvdg9coslpkqr",CHI,0,0,0,0,0,0,0,0,0,0,0,0,0,0,0,0,0,0,0,0,1,10
2024,REG,00-0038393,D.Wicks,Dontayvion Wicks,1,WR,WR,"https://static.www.nfl.com/image/upload/f_auto,q_auto/league/ghsev2bmz8kvhm8dsbey",CHI,1,1,0,0,0,0,0,0,0,0,0,0,0,0,0,0,0,0,0,0,0,0
2024,REG,00-0038393,D.Wicks,Dontayvion Wicks,1,WR,WR,"https://static.www.nfl.com/image/upload/f_auto,q_auto/league/ghsev2bmz8kvhm8dsbey",PHI,1,1,0,0,0,0,0,0,0,0,0,0,0,0,0,0,0,0,0,0,0,0
2024,REG,00-0038395,T.Smith,Terell Smith,8,CB,DB,"https://static.www.nfl.com/image/upload/f_auto,q_auto/league/em7vobbz7769pgrkgsam",CHI,14,14,0,1,1,2,0,0,0,0,1,23,4,0,0,0,0,0,0,0,1,10
2024,REG,00-0038398,K.Brooks,Karl Brooks,13,DT,DL,"https://static.www.nfl.com/image/upload/f_auto,q_auto/league/dkxt0an8h8n9agmumnv4",GB,14,13,1,10,4,0,1,3.5,22.5,6,0,0,2,0,0,1,0,2,0,0,1,5
2024,REG,00-0038401,J.Bernard-Converse,Jarrick Bernard-Converse,2,CB,DB,"https://static.www.nfl.com/image/upload/f_auto,q_auto/league/mv5qkxs1gdz5zaaodq2o",NYJ,0,0,0,1,0,0,0,0,0,0,0,0,0,0,0,0,0,0,0,0,1,10
2024,REG,00-0038402,A.Carlson,Anders Carlson,1,K,SPEC,"https://static.www.nfl.com/image/upload/f_auto,q_auto/league/hier2cwevwkhkpgoxvb2",SF,0,0,0,0,0,0,0,0,0,0,0,0,0,0,0,0,0,0,0,0,1,0
2024,REG,00-0038403,T.Hawkins,Tre Hawkins,2,CB,DB,"https://static.www.nfl.com/image/upload/f_auto,q_auto/league/zwgrwf6yfm9qapevu9vd",NYG,8,8,0,2,0,0,0,0,0,0,1,0,2,0,0,0,0,0,0,0,0,0
2024,REG,00-0038404,T.Leo,Titus Leo,1,DE,DL,"https://static.www.nfl.com/image/upload/f_auto,q_auto/league/zwhsqtlohphoc8nnx4pr",NE,1,1,0,0,1,2,0,0,0,0,0,0,1,0,0,0,0,0,0,0,0,0
2024,REG,00-0038407,J.Jones,Jaylon Jones,17,CB,DB,"https://static.www.nfl.com/image/upload/f_auto,q_auto/league/iqbagbgszduwi3emej5y",IND,66,55,11,33,3,3,1,0,0,0,2,5,12,0,0,0,0,0,0,0,8,53
2024,REG,00-0038408,C.Valentine,Carrington Valentine,11,CB,DB,"https://static.www.nfl.com/image/upload/f_auto,q_auto/league/wtkzctyceullg5napiwx",GB,16,16,0,14,0,0,2,0,0,0,2,51,5,0,1,0,0,0,0,0,2,15
2024,REG,00-0038411,A.Johnson,Anthony Johnson,2,FS,DB,"https://static.www.nfl.com/image/upload/f_auto,q_auto/league/hrmdmayuthqss0ogeo8g",NYG,0,0,0,2,0,0,0,0,0,0,0,0,1,0,0,0,0,0,0,0,0,0
2024,REG,00-0038412,M.Ojomo,Moro Ojomo,13,DT,DL,"https://static.www.nfl.com/image/upload/f_auto,q_auto/league/xiw3xvqgqtxvoeyp8g56",PHI,6,6,0,14,0,0,0,0,0,5,0,0,0,0,0,0,0,0,0,0,4,30
2024,REG,00-0038414,K.Williamson,Kendall Williamson,1,SS,DB,,LAC,1,1,0,0,0,0,0,0,0,0,0,0,0,0,0,0,0,0,0,0,0,0
2024,REG,00-0038463,B.Cox,Brenton Cox,7,DE,DL,"https://static.www.nfl.com/image/private/f_auto,q_auto/league/zimkhmtzazkhu8myiw8u",GB,8,8,0,4,5,3,1,4,29,7,0,0,0,0,0,0,0,0,0,0,1,16
2024,REG,00-0038479,D.Johnson,Dyontae Johnson,1,ILB,LB,"https://static.www.nfl.com/image/upload/f_auto,q_auto/league/aqf9boenxakrjqggx8d6",NYG,6,6,0,4,0,0,0,0,0,0,0,0,0,0,0,0,0,0,0,0,0,0
2024,REG,00-0038487,E.Ricks,Eli Ricks,1,CB,DB,"https://static.www.nfl.com/image/upload/f_auto,q_auto/league/bazjehllwcyevnucj17s",PHI,1,1,0,0,0,0,0,0,0,0,0,0,0,0,0,0,0,0,0,0,0,0
2024,REG,00-0038493,C.Cherelus,Claudin Cherelus,5,ILB,LB,"https://static.www.nfl.com/image/upload/f_auto,q_auto/league/rytmqgi3btwwv5qekt8k",CAR,10,9,1,11,0,0,0,0,0,1,0,0,0,0,0,0,0,0,0,0,0,0
2024,REG,00-0038504,T.Simpson,Trenton Simpson,14,ILB,LB,"https://static.www.nfl.com/image/upload/f_auto,q_auto/league/pexqqrbwwiupvcnx8aqc",BAL,38,33,5,31,5,4,0,1.5,13,6,0,0,4,0,0,0,0,1,0,0,2,10
2024,REG,00-0038505,T.Robinson,Tavius Robinson,14,OLB,LB,"https://static.www.nfl.com/image/upload/f_auto,q_auto/league/yckppb0zku0y95fafjqi",BAL,13,12,1,19,4,2,0,3.5,16.5,12,0,0,1,0,0,0,0,0,0,0,0,0
2024,REG,00-0038506,J.Riley,Jordon Riley,9,NT,DL,"https://static.www.nfl.com/image/upload/f_auto,q_auto/league/nhbbsxb2cndzjxy2deqd",NYG,7,4,3,5,3,4,0,0,0,1,0,0,0,0,0,0,0,0,0,0,0,0
2024,REG,00-0038513,C.Jones,Cam Jones,2,ILB,LB,"https://static.www.nfl.com/image/upload/f_auto,q_auto/league/wdmmrres2m4cqw1cqzxw",KC,7,7,0,5,0,0,0,0,0,1,0,0,0,0,0,0,0,0,0,0,0,0
2024,REG,00-0038514,T.Jones,Truman Jones,1,DE,DL,"https://static.www.nfl.com/image/upload/f_auto,q_auto/league/canoi1u7f9tciq9uahe6",NE,2,2,0,0,0,0,0,0,0,0,0,0,0,0,0,0,0,0,0,0,0,0
2024,REG,00-0038535,D.Johnson,D.J. Johnson,13,OLB,LB,"https://static.www.nfl.com/image/upload/f_auto,q_auto/league/jqdjfkd5zx0nd3o2y9yp",CAR,19,16,3,25,3,5,0,0.5,0,1,0,0,1,0,0,0,0,1,0,0,2,10
2024,REG,00-0038541,T.Wilson,Tyree Wilson,13,DE,DL,"https://static.www.nfl.com/image/upload/f_auto,q_auto/league/j9oaanjxzxyevcgw5x1o",LV,16,14,2,11,6,7,1,4.5,36,10,0,0,0,0,0,0,0,0,0,0,0,0
2024,REG,00-0038542,B.Robinson,Bijan Robinson,1,RB,RB,"https://static.www.nfl.com/image/upload/f_auto,q_auto/league/rydwvaod6ethdjap41l6",SEA,2,2,0,0,0,0,0,0,0,0,0,0,0,0,0,0,0,0,0,0,0,0
2024,REG,00-0038543,J.Smith-Njigba,Jaxon Smith-Njigba,1,WR,WR,"https://static.www.nfl.com/image/upload/f_auto,q_auto/league/lfroslgx4bo5p641flvg",DEN,1,1,0,0,0,0,0,0,0,0,0,0,0,0,0,0,0,0,0,0,0,0
2024,REG,00-0038543,J.Smith-Njigba,Jaxon Smith-Njigba,1,WR,WR,"https://static.www.nfl.com/image/upload/f_auto,q_auto/league/lfroslgx4bo5p641flvg",GB,1,1,0,0,0,0,0,0,0,0,0,0,0,0,0,0,0,0,0,0,0,0
2024,REG,00-0038543,J.Smith-Njigba,Jaxon Smith-Njigba,1,WR,WR,"https://static.www.nfl.com/image/upload/f_auto,q_auto/league/lfroslgx4bo5p641flvg",LA,1,1,0,0,0,0,0,0,0,0,0,0,0,0,0,0,0,0,0,0,0,0
2024,REG,00-0038543,J.Smith-Njigba,Jaxon Smith-Njigba,1,WR,WR,"https://static.www.nfl.com/image/upload/f_auto,q_auto/league/lfroslgx4bo5p641flvg",SF,1,1,0,0,0,0,0,0,0,0,0,0,0,0,0,0,0,0,0,0,0,0
2024,REG,00-0038544,Q.Johnston,Quentin Johnston,1,WR,WR,"https://static.www.nfl.com/image/upload/f_auto,q_auto/league/jbxlvsbokf9qdqtet1qr",TB,1,1,0,0,0,0,0,0,0,0,0,0,0,0,0,0,0,0,0,0,0,0
2024,REG,00-0038545,M.Smith,Mazi Smith,14,DT,DL,"https://static.www.nfl.com/image/upload/f_auto,q_auto/league/ybtjhpy0hmqrcfidovtp",DAL,22,22,0,19,4,6,0,1,4,3,0,0,0,0,0,0,0,0,0,0,2,10
2024,REG,00-0038546,M.Murphy,Myles Murphy,11,DE,DL,"https://static.www.nfl.com/image/upload/f_auto,q_auto/league/mkssyscywnlyrppp4si9",CIN,11,10,1,9,1,2,0,0,0,4,0,0,1,0,0,0,0,0,0,0,0,0
2024,REG,00-0038549,D.Turner,D.J. Turner,10,CB,DB,"https://static.www.nfl.com/image/private/f_auto,q_auto/league/hslzr07pijr34cxinomu",CIN,24,23,1,4,1,1,0,0,0,0,0,0,8,0,0,0,0,0,0,0,3,45
2024,REG,00-0038552,R.Moss,Riley Moss,14,CB,DB,"https://static.www.nfl.com/image/upload/f_auto,q_auto/league/s7u0h1cu3skpfd2bygal",DEN,65,61,4,21,1,3,1,0,0,0,1,0,8,0,0,0,0,1,0,0,5,88
2024,REG,00-0038553,D.Henley,Daiyan Henley,16,ILB,LB,"https://static.www.nfl.com/image/upload/f_auto,q_auto/league/hi2koemyxkbqkqapngiv",LAC,82,71,11,60,7,11,0,1,1,3,1,4,8,0,0,0,0,0,0,0,2,10
2024,REG,00-0038554,J.Brown,Ji'Ayir Brown,17,SS,DB,"https://static.www.nfl.com/image/upload/f_auto,q_auto/league/mjuyz4c8q5m60ar3l7ke",SF,48,42,6,29,3,2,0,0,0,0,1,0,6,0,0,0,0,0,0,0,0,0
2024,REG,00-0038555,T.Bigsby,Tank Bigsby,1,RB,RB,"https://static.www.nfl.com/image/upload/f_auto,q_auto/league/vwl0kijb59dp20m3hs3u",HOU,1,1,0,0,0,0,0,0,0,0,0,0,0,0,0,0,0,0,0,0,0,0
2024,REG,00-0038555,T.Bigsby,Tank Bigsby,1,RB,RB,"https://static.www.nfl.com/image/upload/f_auto,q_auto/league/vwl0kijb59dp20m3hs3u",JAX,0,0,0,0,0,0,0,0,0,0,0,0,0,0,0,0,0,0,0,0,1,9
2024,REG,00-0038555,T.Bigsby,Tank Bigsby,1,RB,RB,"https://static.www.nfl.com/image/upload/f_auto,q_auto/league/vwl0kijb59dp20m3hs3u",TEN,1,1,0,0,0,0,0,0,0,0,0,0,0,0,0,0,0,0,0,0,0,0
2024,REG,00-0038556,D.Overshown,DeMarvion Overshown,13,ILB,LB,"https://static.www.nfl.com/image/upload/f_auto,q_auto/league/mbrs3s0sna7k1sbmhosy",DAL,55,52,3,32,8,8,1,5,32,5,1,23,4,1,0,0,0,1,0,0,1,15
2024,REG,00-0038557,D.Williams,Dorian Williams,15,OLB,LB,"https://static.www.nfl.com/image/upload/f_auto,q_auto/league/ntnd5dlrhtbysxlmjovo",BUF,66,52,14,48,5,2,1,0,0,2,0,0,0,0,0,0,0,3,0,0,0,0
2024,REG,00-0038559,M.Wilson,Michael Wilson,1,WR,WR,"https://static.www.nfl.com/image/upload/f_auto,q_auto/league/spsbduvpqe21tgkwhvbc",ARI,0,0,0,0,0,0,0,0,0,0,0,0,0,0,0,1,0,0,0,0,0,0
2024,REG,00-0038559,M.Wilson,Michael Wilson,1,WR,WR,"https://static.www.nfl.com/image/upload/f_auto,q_auto/league/spsbduvpqe21tgkwhvbc",LA,1,1,0,0,0,0,0,0,0,0,0,0,0,0,0,0,0,0,0,0,0,0
2024,REG,00-0038559,M.Wilson,Michael Wilson,1,WR,WR,"https://static.www.nfl.com/image/upload/f_auto,q_auto/league/spsbduvpqe21tgkwhvbc",MIN,1,1,0,0,0,0,0,0,0,0,0,0,0,0,0,0,0,0,0,0,0,0
2024,REG,00-0038560,J.Battle,Jordan Battle,12,SS,DB,"https://static.www.nfl.com/image/upload/f_auto,q_auto/league/xv7nizldbgrkd2hb7nky",CIN,31,28,3,22,1,3,0,0,0,1,1,0,3,0,1,1,60,1,60,0,0,0
2024,REG,00-0038562,J.Moody,Jake Moody,2,K,SPEC,"https://static.www.nfl.com/image/upload/f_auto,q_auto/league/hu0y90mulhnhdg2fvlpv",SF,0,0,0,0,0,0,0,0,0,0,0,0,0,0,0,0,0,0,0,0,3,0
2024,REG,00-0038563,T.Tucker,Tre Tucker,2,WR,WR,"https://static.www.nfl.com/image/upload/f_auto,q_auto/league/soebzcfwhgnjffwqv1ox",DEN,2,2,0,0,0,0,0,0,0,0,0,0,0,0,0,0,0,0,0,0,0,0
2024,REG,00-0038563,T.Tucker,Tre Tucker,1,WR,WR,"https://static.www.nfl.com/image/upload/f_auto,q_auto/league/soebzcfwhgnjffwqv1ox",PIT,0,0,0,1,0,0,0,0,0,0,0,0,0,0,0,0,0,0,0,0,0,0
2024,REG,00-0038568,C.Phillips,Clark Phillips,14,CB,DB,"https://static.www.nfl.com/image/upload/f_auto,q_auto/league/lhbyynacjgvbmbp93jrg",ATL,27,27,0,8,3,0,2,0,0,0,1,45,5,0,0,0,0,1,5,0,0,0
2024,REG,00-0038570,V.Miller,Ventrell Miller,14,ILB,LB,"https://static.www.nfl.com/image/upload/f_auto,q_auto/league/pbagjwqsiqihxf7wn0lu",JAX,48,45,3,26,4,4,1,0,0,0,0,0,3,0,0,0,0,0,0,0,2,20
2024,REG,00-0038574,I.McGuire,Isaiah McGuire,13,DE,DL,"https://static.www.nfl.com/image/upload/f_auto,q_auto/league/et5evv7lklymlfqsrifr",CLE,17,13,4,17,8,15,3,2.5,29.5,9,0,0,0,0,0,0,0,0,0,0,0,0
2024,REG,00-0038577,N.Herbig,Nick Herbig,12,OLB,LB,"https://static.www.nfl.com/image/upload/f_auto,q_auto/league/anxc5qttmlrim3c4wegs",PIT,13,13,0,9,5,6,4,5.5,41.5,11,0,0,0,0,0,0,0,1,0,0,2,15
2024,REG,00-0038578,J.Ward,Jay Ward,4,SS,DB,"https://static.www.nfl.com/image/upload/f_auto,q_auto/league/wveasdcxnx4gxvfknhjj",MIN,0,0,0,0,0,0,0,0,0,1,0,0,1,0,0,0,0,0,0,0,2,15
2024,REG,00-0038579,A.O'Connell,Aidan O'Connell,1,QB,QB,"https://static.www.nfl.com/image/upload/f_auto,q_auto/league/aphs7sdbtn8v4zo9pz6w",PIT,0,0,0,1,0,0,0,0,0,0,0,0,0,0,0,0,0,0,0,0,0,0
2024,REG,00-0038580,Y.Abdullah,Yasir Abdullah,7,OLB,LB,"https://static.www.nfl.com/image/upload/f_auto,q_auto/league/xl9enhldwbsswgrhw6rl",JAX,11,9,2,4,0,0,0,0,0,1,0,0,0,0,0,0,0,0,0,0,0,0
2024,REG,00-0038581,K.Henry,K.J. Henry,1,DE,DL,"https://static.www.nfl.com/image/upload/f_auto,q_auto/league/tuxlq3yp5alivdyqugdw",DAL,1,1,0,2,1,0,0,1,9,1,0,0,0,0,0,0,0,0,0,0,0,0
2024,REG,00-0038584,J.Roy,Jaquelin Roy,6,NT,DL,"https://static.www.nfl.com/image/upload/f_auto,q_auto/league/qnbp4fkzgxvoq9ujzsvg",NE,12,8,4,5,3,2,0,2,12,2,0,0,0,0,0,0,0,0,0,0,1,5
2024,REG,00-0038585,C.Mitchell,Cameron Mitchell,11,CB,DB,"https://static.www.nfl.com/image/upload/f_auto,q_auto/league/eorkmm4qk81jeoagz4vk",CLE,16,15,1,7,1,0,0,0,0,0,0,0,2,0,0,0,0,0,0,0,1,5
2024,REG,00-0038587,J.Robinson,Jammie Robinson,1,SS,DB,"https://static.www.nfl.com/image/upload/f_auto,q_auto/league/i7kq2d24rxp3jrdhqhqb",CAR,1,1,0,0,0,0,0,0,0,0,0,0,0,0,0,0,0,0,0,0,0,0
2024,REG,00-0038588,J.Howden,Jordan Howden,14,SS,DB,"https://static.www.nfl.com/image/upload/f_auto,q_auto/league/owoiyekfqubivzmyxbf2",NO,26,22,4,21,1,3,0,0,0,0,2,-2,2,0,0,0,0,0,0,0,0,0
2024,REG,00-0038589,J.Whyle,Josh Whyle,1,TE,TE,"https://static.www.nfl.com/image/upload/f_auto,q_auto/league/ccstvnbjzprcpb2j9xnb",DET,1,1,0,0,0,0,0,0,0,0,0,0,0,0,0,0,0,0,0,0,0,0
2024,REG,00-0038591,M.Morris,Mike Morris,2,DE,DL,"https://static.www.nfl.com/image/upload/f_auto,q_auto/league/kf3fpjpfo0bi0u68odub",SEA,2,2,0,1,0,0,0,0,0,0,0,0,0,0,0,0,0,0,0,0,0,0
2024,REG,00-0038596,A.Johnson,Antonio Johnson,17,FS,DB,"https://static.www.nfl.com/image/upload/f_auto,q_auto/league/tjsf0gcjadctiutzrg6y",JAX,54,46,8,18,1,1,0,0,0,0,0,0,2,0,0,0,0,0,0,0,3,24
2024,REG,00-0038599,H.To'oTo'o,Henry To'oTo'o,15,ILB,LB,"https://static.www.nfl.com/image/upload/f_auto,q_auto/league/lzjf89v0yrny4kkpzpwh",HOU,53,48,5,51,7,16,1,1.5,0.5,1,1,0,3,0,0,0,0,0,0,0,1,5
2024,REG,00-0038600,O.Pappoe,Owen Pappoe,8,ILB,LB,"https://static.www.nfl.com/image/upload/f_auto,q_auto/league/hlcz0lsiovtkgpdmqcam",ARI,13,10,3,7,0,0,1,0,0,0,0,0,2,0,0,0,0,0,0,0,0,0
2024,REG,00-0038602,C.Smith,Christopher Smith,1,SS,DB,"https://static.www.nfl.com/image/upload/f_auto,q_auto/league/guzqpawkjsj7bzc4s1k3",LV,1,1,0,1,0,0,0,0,0,0,0,0,0,0,0,0,0,0,0,0,0,0
2024,REG,00-0038603,R.Beal,Robert Beal,7,DE,DL,"https://static.www.nfl.com/image/upload/f_auto,q_auto/league/bi7xnpkq9esrttnytx17",SF,6,5,1,5,0,0,0,0,0,0,0,0,0,0,0,0,0,0,0,0,0,0
2024,REG,00-0038605,J.Skinner,J.L. Skinner,1,SS,DB,"https://static.www.nfl.com/image/upload/f_auto,q_auto/league/y9rvsbuhqazop9vzaazg",DEN,0,0,0,1,0,0,0,0,0,0,0,0,0,0,0,0,0,0,0,0,0,0
2024,REG,00-0038606,P.Washington,Parker Washington,1,WR,WR,"https://static.www.nfl.com/image/private/f_auto,q_auto/league/pukz1x5ysxkhvsmcttdm",NYJ,1,1,0,0,0,0,0,0,0,0,0,0,0,0,0,0,0,0,0,0,0,0
2024,REG,00-0038606,P.Washington,Parker Washington,1,WR,WR,"https://static.www.nfl.com/image/private/f_auto,q_auto/league/pukz1x5ysxkhvsmcttdm",TEN,1,1,0,0,0,0,0,0,0,0,0,0,0,0,0,0,0,0,0,0,0,0
2024,REG,00-0038613,J.Reed,Jerrick Reed,1,SS,DB,"https://static.www.nfl.com/image/upload/f_auto,q_auto/league/dbndeodtcwat0j2qjely",SEA,0,0,0,0,0,0,0,0,0,0,0,0,0,0,0,0,0,0,0,0,1,10
2024,REG,00-0038614,S.Matlock,Scott Matlock,1,FB,RB,"https://static.www.nfl.com/image/upload/f_auto,q_auto/league/qin48hcmcufdvuvyefxz",CAR,1,1,0,0,0,0,0,0,0,0,0,0,0,0,0,0,0,0,0,0,0,0
2024,REG,00-0038614,S.Matlock,Scott Matlock,8,FB,RB,"https://static.www.nfl.com/image/upload/f_auto,q_auto/league/qin48hcmcufdvuvyefxz",LAC,2,2,0,5,1,0,0,1,6,1,0,0,1,0,0,0,0,0,0,0,0,0
2024,REG,00-0038616,C.Braswell,Christian Braswell,1,CB,DB,"https://static.www.nfl.com/image/upload/f_auto,q_auto/league/wvqdklmcw6o4wrozbnkh",JAX,1,1,0,4,0,0,0,0,0,0,0,0,0,0,0,0,0,0,0,0,0,0
2024,REG,00-0038617,A.Burney,Amari Burney,7,OLB,LB,"https://static.www.nfl.com/image/upload/f_auto,q_auto/league/ppsvzbopjgq7uc57e8hp",LV,8,7,1,5,3,2,1,1,11,1,0,0,0,0,0,0,0,0,0,0,0,0
2024,REG,00-0038618,X.Hutchinson,Xavier Hutchinson,1,WR,WR,"https://static.www.nfl.com/image/upload/f_auto,q_auto/league/vlxzxhej5ffelkxrqf4g",BAL,1,1,0,0,0,0,0,0,0,0,0,0,0,0,0,0,0,0,0,0,0,0
2024,REG,00-0038619,A.Iosivas,Andrei Iosivas,1,WR,WR,"https://static.www.nfl.com/image/upload/f_auto,q_auto/league/pgbqgzrxmbnmpcnkhsya",CIN,0,0,0,0,0,0,0,0,0,0,0,0,0,0,0,0,0,0,0,0,1,5
2024,REG,00-0038619,A.Iosivas,Andrei Iosivas,1,WR,WR,"https://static.www.nfl.com/image/upload/f_auto,q_auto/league/pgbqgzrxmbnmpcnkhsya",TEN,1,1,0,0,0,0,0,0,0,0,0,0,0,0,0,0,0,0,0,0,0,0
2024,REG,00-0038621,D.Douglas,Demario Douglas,1,WR,WR,"https://static.www.nfl.com/image/private/f_auto,q_auto/league/svnh61ottqtfmcqvnbj3",ARI,1,1,0,0,0,0,0,0,0,0,0,0,0,0,0,0,0,0,0,0,0,0
2024,REG,00-0038623,D.Stills,Dante Stills,14,DT,DL,"https://static.www.nfl.com/image/upload/f_auto,q_auto/league/hefrxr2ksaa52nmy27xs",ARI,21,17,4,21,4,0,1,4.5,31.5,6,0,0,1,0,0,0,0,0,0,0,1,5
2024,REG,00-0038625,D.Winters,Dee Winters,12,ILB,LB,"https://static.www.nfl.com/image/upload/f_auto,q_auto/league/vbavmevr3ma9hdjpxzix",SF,22,22,0,17,0,0,0,0,0,0,0,0,4,0,0,0,0,0,0,0,0,0
2024,REG,00-0038634,N.Silvera,Nesta Jade Silvera,3,DT,DL,"https://static.www.nfl.com/image/upload/f_auto,q_auto/league/bkxlwccg77a4trgxflfh",LV,2,1,1,6,0,0,0,0,0,0,0,0,0,0,0,0,0,0,0,0,1,15
2024,REG,00-0038635,A.Jones,Andre Jones,1,DE,DL,"https://static.www.nfl.com/image/upload/f_auto,q_auto/league/gom8feliopfzca4zgdqs",WAS,1,1,0,0,0,0,0,0,0,0,0,0,0,0,0,0,0,0,0,0,0,0
2024,REG,00-0038639,C.Trice,Cory Trice,4,CB,DB,"https://static.www.nfl.com/image/private/f_auto,q_auto/league/vvjlmzjui9ci1xdjm5je",PIT,15,14,1,6,1,1,0,0,0,0,1,0,2,0,0,0,0,0,0,0,2,10
2024,REG,00-0038640,J.Brooks,Jalen Brooks,1,WR,WR,"https://static.www.nfl.com/image/upload/f_auto,q_auto/league/jdwbrmypfsotpdw86w6u",DET,1,1,0,0,0,0,0,0,0,0,0,0,0,0,0,0,0,0,0,0,0,0
2024,REG,00-0038641,I.Bolden,Isaiah Bolden,4,CB,DB,"https://static.www.nfl.com/image/private/f_auto,q_auto/league/gztmwxkysv2eplyyjoz0",NE,7,5,2,2,1,3,0,0,0,0,0,0,0,0,0,0,0,0,0,0,0,0
2024,REG,00-0038642,D.Ivey,D.J. Ivey,5,CB,DB,"https://static.www.nfl.com/image/upload/f_auto,q_auto/league/jkrtkwi3hw4wf6ktpdf3",CIN,3,3,0,0,0,0,0,0,0,0,0,0,2,0,0,0,0,0,0,0,2,28
2024,REG,00-0038646,A.Austin,Alex Austin,5,CB,DB,"https://static.www.nfl.com/image/upload/f_auto,q_auto/league/t8umlygeg2jmupvkhsz5",NE,8,8,0,1,1,0,0,0,0,0,0,0,5,0,0,0,0,0,0,0,1,14
2024,REG,00-0038648,J.Graham,Jalen Graham,4,ILB,LB,"https://static.www.nfl.com/image/upload/f_auto,q_auto/league/oxlmlst1qeq1wi0hq0j6",SF,2,2,0,4,1,1,0,0,0,0,0,0,0,0,0,0,0,0,0,0,0,0
2024,REG,00-0038653,C.Durden,Cory Durden,3,DT,DL,"https://static.www.nfl.com/image/upload/f_auto,q_auto/league/iy0edxitef7sexs03oxy",NYG,4,3,1,6,1,2,0,0,0,0,0,0,0,0,0,0,0,0,0,0,0,0
2024,REG,00-0038657,B.Joseph,Brandon Joseph,4,SS,DB,"https://static.www.nfl.com/image/upload/f_auto,q_auto/league/patks9q9godmx2vdpt25",DET,11,11,0,2,0,0,0,0,0,0,0,0,1,0,0,0,0,0,0,0,0,0
2024,REG,00-0038660,T.Nowaske,Trevor Nowaske,9,ILB,LB,"https://static.www.nfl.com/image/upload/f_auto,q_auto/league/ywrrza6lvkxqap4nawdw",DET,13,12,1,6,2,0,0,2,8,4,1,8,1,0,0,0,0,0,0,0,0,0
2024,REG,00-0038661,C.Smith,Chris Smith,3,DT,DL,"https://static.www.nfl.com/image/upload/f_auto,q_auto/league/fam7w42qftx01vorzjzs",DET,0,0,0,2,0,0,0,0,0,1,0,0,0,0,0,0,0,0,0,0,0,0
2024,REG,00-0038663,S.Thomas,Starling Thomas,17,CB,DB,"https://static.www.nfl.com/image/upload/f_auto,q_auto/league/ktdigucmenhaofn93wwg",ARI,31,27,4,16,1,2,1,0,0,0,0,0,6,0,0,0,0,0,0,0,2,25
2024,REG,00-0038666,D.Coleman,DJ Coleman,1,DE,DL,"https://static.www.nfl.com/image/upload/f_auto,q_auto/league/lj7wxp3ofnlkvnansw0s",JAX,1,1,0,2,0,0,0,0,0,0,0,0,0,0,0,0,0,0,0,0,0,0
2024,REG,00-0038674,D.Wilson,Divaad Wilson,1,CB,DB,"https://static.www.nfl.com/image/upload/f_auto,q_auto/league/p98t3eilvrv5mgvlagcq",NYG,3,3,0,1,0,0,0,0,0,0,0,0,1,0,0,0,0,0,0,0,0,0
2024,REG,00-0038682,M.Agude,Mitchell Agude,3,OLB,LB,"https://static.www.nfl.com/image/upload/f_auto,q_auto/league/vlkmvthlngrndan90u9f",DET,2,2,0,1,0,0,1,0,0,0,0,0,0,0,0,0,0,0,0,0,0,0
2024,REG,00-0038684,E.Bonner,Ethan Bonner,1,CB,DB,"https://static.www.nfl.com/image/upload/f_auto,q_auto/league/lnhz4x3tersfh1rocwqt",MIA,1,1,0,0,0,0,0,0,0,0,0,0,0,0,0,0,0,0,0,0,0,0
2024,REG,00-0038694,B.Pili,Brandon Pili,2,NT,DL,"https://static.www.nfl.com/image/upload/f_auto,q_auto/league/cfffepz00k9vggr7vvbc",MIA,1,1,0,1,0,0,0,0,0,0,0,0,0,0,0,0,0,0,0,0,0,0
2024,REG,00-0038696,K.Smith,Keidron Smith,3,FS,DB,"https://static.www.nfl.com/image/upload/f_auto,q_auto/league/vjlpnwtlsf1bjbjiqmdm",DEN,0,0,0,2,0,0,0,0,0,0,0,0,0,0,0,0,0,0,0,0,2,18
2024,REG,00-0038711,M.Diabate,Mohamoud Diabate,13,MLB,LB,"https://static.www.nfl.com/image/upload/f_auto,q_auto/league/clvmbgcxk6mw8gqdzyxa",CLE,31,24,7,34,5,7,0,0,0,0,0,0,3,0,0,0,0,0,0,0,2,20
2024,REG,00-0038715,R.Hickman,Ronnie Hickman,12,SS,DB,"https://static.www.nfl.com/image/upload/f_auto,q_auto/league/ds24p7j86p9mwshsjvbu",CLE,26,26,0,19,1,2,0,0,0,1,0,0,1,0,0,0,0,1,0,0,0,0
2024,REG,00-0038724,A.Gaye,Ali Gaye,7,DE,DL,"https://static.www.nfl.com/image/upload/f_auto,q_auto/league/w6l8vpwpwoqqazxofqtc",TEN,7,4,3,1,3,2,0,1,10,1,0,0,0,0,0,0,0,0,0,0,0,0
2024,REG,00-0038737,I.Land,Isaiah Land,3,DE,DL,"https://static.www.nfl.com/image/upload/f_auto,q_auto/league/qouum3yddh78mdgzhvgv",IND,1,0,1,0,1,1,0,0,0,1,0,0,0,0,0,0,0,0,0,0,1,15
2024,REG,00-0038742,T.Wheat,Tyrus Wheat,6,DE,DL,"https://static.www.nfl.com/image/upload/f_auto,q_auto/league/vf5yhppim7n6dnft4tdu",DAL,6,5,1,7,1,1,0,0.5,0,1,0,0,0,0,0,0,0,0,0,0,1,15
2024,REG,00-0038765,T.Okada,Ty Okada,1,SS,DB,"https://static.www.nfl.com/image/upload/f_auto,q_auto/league/unjjj8yd4kgehheo5uzk",SEA,1,1,0,1,0,0,0,0,0,0,0,0,0,0,0,0,0,0,0,0,0,0
2024,REG,00-0038778,J.Redmond,Jalen Redmond,10,DE,DL,"https://static.www.nfl.com/image/upload/f_auto,q_auto/league/dsfusicyeioesqthsiya",MIN,10,8,2,8,6,14,0,1,7,1,0,0,2,0,0,0,0,0,0,0,1,5
2024,REG,00-0038782,E.Leota,Eku Leota,1,OLB,LB,"https://static.www.nfl.com/image/upload/f_auto,q_auto/league/omtbxuvxr6jedl4ukduv",CAR,4,3,1,0,3,2,0,1,1,1,0,0,0,0,0,0,0,0,0,0,0,0
2024,REG,00-0038782,E.Leota,Eku Leota,1,OLB,LB,"https://static.www.nfl.com/image/upload/f_auto,q_auto/league/omtbxuvxr6jedl4ukduv",PIT,1,0,1,0,0,0,0,0,0,0,0,0,0,0,0,0,0,0,0,0,0,0
2024,REG,00-0038788,A.Green,Art Green,2,CB,DB,"https://static.www.nfl.com/image/upload/f_auto,q_auto/league/i34yjdehrdokczx5kwya",NYG,4,4,0,1,0,0,0,0,0,0,0,0,0,0,0,0,0,0,0,0,0,0
2024,REG,00-0038791,T.Incoom,Thomas Incoom,4,OLB,LB,"https://static.www.nfl.com/image/upload/f_auto,q_auto/league/lwk6tntcbqe4zgcptmyg",CAR,4,3,1,0,1,3,0,0,0,1,0,0,0,0,0,0,0,0,0,0,0,0
2024,REG,00-0038792,D.Jacobs,Demontrey Jacobs,1,T,OL,"https://static.www.nfl.com/image/upload/f_auto,q_auto/league/hwpdpy3fleg0ogitc8md",IND,1,1,0,0,0,0,0,0,0,0,0,0,0,0,0,0,0,0,0,0,0,0
2024,REG,00-0038794,J.McLaughlin,Jaleel McLaughlin,1,RB,RB,"https://static.www.nfl.com/image/upload/f_auto,q_auto/league/ndqnhudqtipzrnzslyla",PIT,1,1,0,0,0,0,0,0,0,0,0,0,0,0,0,0,0,0,0,0,0,0
2024,REG,00-0038801,A.Carter,Andre Carter,1,OLB,LB,"https://static.www.nfl.com/image/upload/f_auto,q_auto/league/a53bx88gy8ffddwmhcve",LV,0,0,0,1,0,0,0,0.5,1.5,1,0,0,0,0,0,0,0,0,0,0,1,15
2024,REG,00-0038807,I.Pace,Ivan Pace,10,ILB,LB,"https://static.www.nfl.com/image/private/f_auto,q_auto/league/mqsbzouggfz1qlpi2fdu",MIN,34,31,3,35,7,8,0,3,14,7,1,6,1,1,0,0,0,1,36,0,3,37
2024,REG,00-0038820,C.Izien,Christian Izien,13,SS,DB,"https://static.www.nfl.com/image/upload/f_auto,q_auto/league/lrv4chn90jeuhjigxyyl",TB,48,44,4,27,4,3,1,0,0,0,1,17,3,0,0,0,0,0,0,0,3,18
2024,REG,00-0038823,K.Merriweather,Kaevon Merriweather,6,FS,DB,"https://static.www.nfl.com/image/upload/f_auto,q_auto/league/x3jiyn3ypbaap8uegipx",TB,11,10,1,4,0,0,0,1,0,1,0,0,1,0,0,0,0,1,1,0,0,0
2024,REG,00-0038824,R.Miller,Ryan Miller,1,WR,WR,"https://static.www.nfl.com/image/upload/f_auto,q_auto/league/maywscb6waflzzuaesew",ATL,1,1,0,0,0,0,0,0,0,0,0,0,0,0,0,0,0,0,0,0,0,0
2024,REG,00-0038851,C.Murphy,Caleb Murphy,1,OLB,LB,"https://static.www.nfl.com/image/upload/f_auto,q_auto/league/xesjfyurhdiwnxexoclr",LAC,1,1,0,0,0,0,0,0,0,0,0,0,0,0,0,0,0,0,0,0,0,0
2024,REG,00-0038851,C.Murphy,Caleb Murphy,1,OLB,LB,"https://static.www.nfl.com/image/upload/f_auto,q_auto/league/xesjfyurhdiwnxexoclr",TEN,1,1,0,0,0,0,0,0,0,0,0,0,0,0,0,0,0,0,0,0,0,0
2024,REG,00-0038853,O.Reese,Otis Reese,3,ILB,LB,"https://static.www.nfl.com/image/upload/f_auto,q_auto/league/fz00m1hztgnq076ngjvc",TEN,5,3,2,5,1,7,0,0,0,2,1,2,1,0,0,0,0,0,0,0,0,0
2024,REG,00-0038866,A.Finley,A.J. Finley,5,FS,DB,"https://static.www.nfl.com/image/upload/f_auto,q_auto/league/odck8ibortcwvurmehkh",LAC,4,4,0,2,0,0,0,0,0,0,0,0,0,0,0,0,0,0,0,0,2,15
2024,REG,00-0038890,S.Heyward,Shaka Heyward,2,ILB,LB,"https://static.www.nfl.com/image/upload/f_auto,q_auto/league/foj6gqrmb3jaae4j4mln",CIN,3,1,2,1,1,1,0,0,0,0,0,0,0,0,0,0,0,0,0,0,0,0
2024,REG,00-0038908,A.Orji,Anfernee Orji,4,ILB,LB,"https://static.www.nfl.com/image/private/f_auto,q_auto/league/q2upirpyzbbtq8ny00if",NO,10,9,1,8,2,4,0,0,0,0,0,0,0,0,0,0,0,0,0,0,0,0
2024,REG,00-0038922,D.Thomas,Drake Thomas,3,ILB,LB,"https://static.www.nfl.com/image/upload/f_auto,q_auto/league/v9nhmfessr9xbqpwyzyl",SEA,0,0,0,5,0,0,0,0,0,0,0,0,1,0,0,0,0,0,0,0,0,0
2024,REG,00-0038932,D.Wright,Darnell Wright,1,T,OL,"https://static.www.nfl.com/image/upload/f_auto,q_auto/league/udlz5dbyjxvi0zwnjlwe",GB,1,1,0,0,0,0,1,0,0,0,0,0,0,0,0,0,0,0,0,0,0,0
2024,REG,00-0038936,J.Scruggs,Juice Scruggs,1,C,OL,"https://static.www.nfl.com/image/upload/f_auto,q_auto/league/qqrbh5rwshwoaibnwpoc",DAL,1,1,0,0,0,0,0,0,0,0,0,0,0,0,0,0,0,0,0,0,0,0
2024,REG,00-0038937,Z.Pickens,Zacch Pickens,7,DT,DL,"https://static.www.nfl.com/image/upload/f_auto,q_auto/league/aa0vrgbz81p4bifxaw6t",CHI,8,8,0,11,1,0,0,1,7,2,0,0,0,0,0,0,0,0,0,0,0,0
2024,REG,00-0038938,J.Hyatt,Jalin Hyatt,1,WR,WR,"https://static.www.nfl.com/image/private/f_auto,q_auto/league/ibftqfglvcqaipfdnr4f",DAL,1,1,0,0,0,0,0,0,0,0,0,0,0,0,0,0,0,0,0,0,0,0
2024,REG,00-0038939,B.Martin,Brodric Martin,1,DT,DL,"https://static.www.nfl.com/image/upload/f_auto,q_auto/league/flg32lz8sd3oqmzuozjw",DET,0,0,0,1,0,0,0,0,0,0,0,0,0,0,0,0,0,0,0,0,0,0
2024,REG,00-0038940,T.Lacy,Tyler Lacy,9,DT,DL,"https://static.www.nfl.com/image/upload/f_auto,q_auto/league/caiuf4xyzpuuhbuyxxsm",JAX,9,8,1,15,2,3,0,0,0,1,0,0,0,0,0,0,0,0,0,0,0,0
2024,REG,00-0038966,N.Brooks,Natrone Brooks,3,CB,DB,"https://static.www.nfl.com/image/upload/f_auto,q_auto/league/mtm2rc1sebekf6rwo00j",ATL,0,0,0,1,0,0,0,0,0,1,0,0,1,0,0,0,0,0,0,0,2,15
2024,REG,00-0038976,M.Mims,Marvin Mims,1,WR,WR,"https://static.www.nfl.com/image/upload/f_auto,q_auto/league/trvilnckw7nprw1gkghl",CLE,1,1,0,0,0,0,0,0,0,0,0,0,0,0,0,0,0,0,0,0,0,0
2024,REG,00-0038976,M.Mims,Marvin Mims,1,WR,WR,"https://static.www.nfl.com/image/upload/f_auto,q_auto/league/trvilnckw7nprw1gkghl",DEN,1,1,0,0,0,0,0,0,0,0,0,0,0,0,0,0,0,0,0,0,0,0
2024,REG,00-0038977,T.Dell,Tank Dell,1,WR,WR,"https://static.www.nfl.com/image/upload/f_auto,q_auto/league/tqxgovzlhxj0jnwkcvtq",DET,1,1,0,0,0,0,0,0,0,0,0,0,0,0,0,0,0,0,0,0,0,0
2024,REG,00-0038977,T.Dell,Tank Dell,1,WR,WR,"https://static.www.nfl.com/image/upload/f_auto,q_auto/league/tqxgovzlhxj0jnwkcvtq",KC,1,1,0,0,0,0,0,0,0,0,0,0,0,0,0,0,0,0,0,0,0,0
2024,REG,00-0038977,T.Dell,Tank Dell,1,WR,WR,"https://static.www.nfl.com/image/upload/f_auto,q_auto/league/tqxgovzlhxj0jnwkcvtq",MIN,1,1,0,0,0,0,0,0,0,0,0,0,0,0,0,0,0,0,0,0,0,0
2024,REG,00-0038980,Z.Harrison,Zach Harrison,13,DE,DL,"https://static.www.nfl.com/image/upload/f_auto,q_auto/league/l2ba3aq4cxoav4x7bsuc",ATL,6,5,1,20,3,6,0,1,2,1,0,0,2,0,0,0,0,0,0,1,1,1
2024,REG,00-0038981,W.Morris,Wanya Morris,1,T,OL,"https://static.www.nfl.com/image/private/f_auto,q_auto/league/vc46l5oloqhlrcd3g1xz",SF,1,1,0,0,0,0,0,0,0,0,0,0,0,0,0,0,0,0,0,0,0,0
2024,REG,00-0038982,C.Conner,Chamarri Conner,15,FS,DB,"https://static.www.nfl.com/image/upload/f_auto,q_auto/league/fqvxfuzjreonexlkr2lf",KC,53,49,4,17,4,0,0,1,9,4,2,41,4,1,0,0,0,1,38,0,4,62
2024,REG,00-0038984,K.Clark,Kei'Trel Clark,7,CB,DB,"https://static.www.nfl.com/image/upload/f_auto,q_auto/league/v9krbuy5ubbsuilxtbad",ARI,6,4,2,5,1,1,0,1,0,1,1,0,1,0,0,0,0,0,0,0,1,10
2024,REG,00-0038985,K.Coburn,Keondre Coburn,9,NT,DL,"https://static.www.nfl.com/image/upload/f_auto,q_auto/league/z9daqscjnbr5kbfpayzt",TEN,7,6,1,7,0,0,0,0,0,0,0,0,0,0,0,0,0,0,0,0,1,15
2024,REG,00-0038994,J.Addison,Jordan Addison,1,WR,WR,"https://static.www.nfl.com/image/upload/f_auto,q_auto/league/tmyckmignrvy8truccwm",DET,1,1,0,0,0,0,0,0,0,0,0,0,0,0,0,0,0,0,0,0,0,0
2024,REG,00-0038994,J.Addison,Jordan Addison,1,WR,WR,"https://static.www.nfl.com/image/upload/f_auto,q_auto/league/tmyckmignrvy8truccwm",NYJ,1,1,0,0,0,0,0,0,0,0,0,0,0,0,0,0,0,0,0,0,0,0
2024,REG,00-0038995,B.Bresee,Bryan Bresee,15,DT,DL,"https://static.www.nfl.com/image/upload/f_auto,q_auto/league/i740p0coudymw7l56pwo",NO,17,17,0,8,7,0,1,7.5,41,14,0,0,3,0,0,0,0,0,0,0,0,0
2024,REG,00-0038997,J.Downs,Josh Downs,1,WR,WR,"https://static.www.nfl.com/image/upload/f_auto,q_auto/league/zue2xxvfrignllqlhagu",DEN,1,1,0,0,0,0,0,0,0,0,0,0,0,0,0,0,0,0,0,0,0,0
2024,REG,00-0038997,J.Downs,Josh Downs,1,WR,WR,"https://static.www.nfl.com/image/upload/f_auto,q_auto/league/zue2xxvfrignllqlhagu",MIN,1,1,0,0,0,0,0,0,0,0,0,0,0,0,0,0,0,0,0,0,0,0
2024,REG,00-0039000,D.Banks,Deonte Banks,14,CB,DB,"https://static.www.nfl.com/image/upload/f_auto,q_auto/league/rhprfoi73wl7j7nya1ug",NYG,39,34,5,13,1,3,1,0,0,0,0,0,12,0,0,0,0,0,0,0,5,111
2024,REG,00-0039002,S.Brown,Sydney Brown,4,SS,DB,"https://static.www.nfl.com/image/upload/f_auto,q_auto/league/e4scgo7201gwdkrrg6wb",PHI,1,1,0,1,0,0,0,0,0,0,1,21,2,0,0,0,0,0,0,0,1,5
2024,REG,00-0039003,D.Sanders,Drew Sanders,3,OLB,LB,"https://static.www.nfl.com/image/upload/f_auto,q_auto/league/gwi1krserxfz1ym5vjic",DEN,3,3,0,2,1,0,0,1,11,1,0,0,0,0,0,0,0,0,0,0,0,0
2024,REG,00-0039004,C.Warren,Carter Warren,1,T,OL,"https://static.www.nfl.com/image/upload/f_auto,q_auto/league/cklgdmgtuqmqd9ldr1by",MIA,0,0,0,1,0,0,0,0,0,0,0,0,0,0,0,0,0,0,0,0,0,0
2024,REG,00-0039006,F.Anudike-Uzomah,Felix Anudike-Uzomah,13,DE,DL,"https://static.www.nfl.com/image/upload/f_auto,q_auto/league/v4ujy0agxqi9yoozynj1",KC,16,14,2,10,6,10,1,2.5,9,7,0,0,0,0,0,0,0,1,0,0,1,5
2024,REG,00-0039007,G.Williams,Garrett Williams,16,CB,DB,"https://static.www.nfl.com/image/upload/f_auto,q_auto/league/uxfe2fu0xlgm9qdysh2u",ARI,40,36,4,18,0,0,1,0,0,0,2,0,9,0,0,0,0,0,0,0,1,16
2024,REG,00-0039009,D.Horton,Dylan Horton,9,DE,DL,"https://static.www.nfl.com/image/upload/f_auto,q_auto/league/li6mvattt359o3coqj2l",HOU,5,5,0,9,1,3,0,0,0,2,0,0,1,0,0,0,0,0,0,0,0,0
2024,REG,00-0039013,N.Smith,Nolan Smith,16,OLB,LB,"https://static.www.nfl.com/image/private/f_auto,q_auto/league/xvadcywhyi5ds1lqqqcs",PHI,20,18,2,20,8,3,1,6.5,42,11,0,0,2,0,0,0,0,2,0,0,2,10
2024,REG,00-0039018,J.Campbell,Jack Campbell,17,ILB,LB,"https://static.www.nfl.com/image/private/f_auto,q_auto/league/oi205f9cylxya0w0ufd7",DET,66,56,10,59,5,5,1,1.5,4.5,5,0,0,5,0,0,0,0,0,0,0,3,16
2024,REG,00-0039021,R.Johnson,Roschon Johnson,1,RB,RB,"https://static.www.nfl.com/image/upload/f_auto,q_auto/league/skajjk8i3zdrvzqmucww",JAX,1,1,0,0,0,0,0,0,0,0,0,0,0,0,0,0,0,0,0,0,0,0
2024,REG,00-0039031,A.Adebawore,Adetomiwa Adebawore,7,DT,DL,"https://static.www.nfl.com/image/upload/f_auto,q_auto/league/vxcgqd1sxzs6ub3jcubz",IND,4,3,1,2,3,9,0,1,8,2,0,0,0,0,0,0,0,0,0,0,1,5
2024,REG,00-0039032,T.Spears,Tyjae Spears,1,RB,RB,"https://static.www.nfl.com/image/upload/f_auto,q_auto/league/qb4us1f96uox7v3poxzj",IND,1,1,0,0,0,0,0,0,0,0,0,0,0,0,0,0,0,0,0,0,0,0
2024,REG,00-0039032,T.Spears,Tyjae Spears,1,RB,RB,"https://static.www.nfl.com/image/upload/f_auto,q_auto/league/qb4us1f96uox7v3poxzj",NYJ,1,1,0,0,0,0,0,0,0,0,0,0,0,0,0,0,0,0,0,0,0,0
2024,REG,00-0039034,P.Skoronski,Peter Skoronski,1,G,OL,"https://static.www.nfl.com/image/upload/f_auto,q_auto/league/rkfunqouas13nm7xbqix",CIN,1,1,0,0,0,0,0,0,0,0,0,0,0,0,0,0,0,0,0,0,0,0
2024,REG,00-0039040,D.Achane,Devon Achane,1,RB,RB,"https://static.www.nfl.com/image/upload/f_auto,q_auto/league/zqfkz3hbyurjcwhw7xoi",HOU,1,1,0,0,0,0,0,0,0,0,0,0,0,0,0,0,0,0,0,0,0,0
2024,REG,00-0039047,D.Hall,Derick Hall,17,OLB,LB,"https://static.www.nfl.com/image/upload/f_auto,q_auto/league/clftxhugfcp2gqri0v3y",SEA,20,19,1,16,6,0,2,8,41,20,0,0,0,1,0,0,0,1,36,0,3,23
2024,REG,00-0039049,S.Dennis,SirVocea Dennis,3,ILB,LB,"https://static.www.nfl.com/image/upload/f_auto,q_auto/league/hiaqqq19xnhrrxhbljii",TB,13,12,1,7,1,0,0,1,13,1,0,0,0,0,0,0,0,0,0,0,1,5
2024,REG,00-0039051,J.Hayes,Josh Hayes,6,CB,DB,"https://static.www.nfl.com/image/upload/f_auto,q_auto/league/czvnzyfcmatixqnltg0y",TB,19,18,1,11,0,0,0,0,0,0,0,0,3,0,0,0,0,1,0,0,4,20
2024,REG,00-0039053,J.Ramirez,Jose Ramirez,1,OLB,LB,"https://static.www.nfl.com/image/upload/f_auto,q_auto/league/xoxzpyp9m8irwfmkrxme",TB,0,0,0,0,0,0,0,0,0,1,0,0,0,0,0,0,0,0,0,0,0,0
2024,REG,00-0039054,M.Mapu,Marte Mapu,10,ILB,LB,"https://static.www.nfl.com/image/private/f_auto,q_auto/league/lkiylcqxmq15fkhror6n",NE,21,20,1,21,1,0,2,0.5,4.5,1,1,6,6,0,0,0,0,0,0,0,1,4
2024,REG,00-0039061,D.Johnson,Desjuan Johnson,6,DT,DL,"https://static.www.nfl.com/image/private/f_auto,q_auto/league/drpaq4pmgr1tw55imjmb",LA,4,3,1,8,1,0,0,1,8,1,0,0,0,0,0,0,0,0,0,0,0,0
2024,REG,00-0039062,J.Mingo,Jonathan Mingo,1,WR,WR,"https://static.www.nfl.com/image/upload/f_auto,q_auto/league/slc08tcccvtyqr61dtkd",CHI,1,1,0,0,0,0,0,0,0,0,0,0,0,0,0,0,0,0,0,0,0,0
2024,REG,00-0039063,C.Kancey,Calijah Kancey,12,DE,DL,"https://static.www.nfl.com/image/upload/f_auto,q_auto/league/skltqfos40auedo1vhau",TB,22,19,3,6,11,7,1,7.5,51,17,0,0,0,0,0,0,0,1,0,0,5,33
2024,REG,00-0039064,Z.Flowers,Zay Flowers,1,WR,WR,"https://static.www.nfl.com/image/upload/f_auto,q_auto/league/oidhqwg0fjvanyk57nc1",TB,1,1,0,0,0,0,0,0,0,0,0,0,0,0,0,0,0,0,0,0,0,0
2024,REG,00-0039065,S.LaPorta,Sam LaPorta,1,TE,TE,"https://static.www.nfl.com/image/upload/f_auto,q_auto/league/ucw8cfj5t5nwkx670wzu",HOU,2,2,0,0,0,0,0,0,0,0,0,0,0,0,0,0,0,0,0,0,0,0
2024,REG,00-0039067,R.Rice,Rashee Rice,1,WR,WR,"https://static.www.nfl.com/image/private/f_auto,q_auto/league/zjgi60dvmj5ogvanp201",BAL,1,1,0,0,0,0,0,0,0,0,0,0,0,0,0,0,0,0,0,0,0,0
2024,REG,00-0039067,R.Rice,Rashee Rice,1,WR,WR,"https://static.www.nfl.com/image/private/f_auto,q_auto/league/zjgi60dvmj5ogvanp201",LAC,1,1,0,0,0,0,1,0,0,0,0,0,0,0,0,0,0,0,0,0,0,0
2024,REG,00-0039068,Y.Diaby,YaYa Diaby,16,OLB,LB,"https://static.www.nfl.com/image/upload/f_auto,q_auto/league/ncm6ra13lmfswsw4nept",TB,39,32,7,15,13,20,1,4.5,34,20,0,0,0,0,0,0,0,1,0,0,3,30
2024,REG,00-0039070,G.Dexter,Gervon Dexter,15,DT,DL,"https://static.www.nfl.com/image/private/f_auto,q_auto/league/vj6m4qixxhqmufrr5ilo",CHI,23,18,5,28,4,0,0,5,37,19,0,0,1,0,0,0,0,2,0,0,1,7
2024,REG,00-0039071,T.Stevenson,Tyrique Stevenson,16,CB,DB,"https://static.www.nfl.com/image/upload/f_auto,q_auto/league/j4b068xzjx7cxa00cwbn",CHI,50,45,5,25,1,1,1,0,0,0,2,43,12,1,0,0,0,0,0,0,4,72
2024,REG,00-0039072,J.Bennett,Jakorian Bennett,9,CB,DB,"https://static.www.nfl.com/image/upload/f_auto,q_auto/league/zyvynwvojq28uzqr9pp7",LV,15,14,1,11,0,0,0,0,0,0,0,0,8,0,0,0,0,0,0,0,1,15
2024,REG,00-0039074,D.Allen,Davis Allen,1,TE,TE,"https://static.www.nfl.com/image/upload/f_auto,q_auto/league/ihbec16pwn2ki5woyr4m",GB,1,1,0,0,0,0,0,0,0,0,0,0,0,0,0,0,0,0,0,0,0,0
2024,REG,00-0039075,P.Nacua,Puka Nacua,1,WR,WR,"https://static.www.nfl.com/image/upload/f_auto,q_auto/league/i1pmrhua5gpvwgsqphxa",MIA,1,1,0,0,0,0,0,0,0,0,0,0,0,0,0,0,0,0,0,0,0,0
2024,REG,00-0039075,P.Nacua,Puka Nacua,1,WR,WR,"https://static.www.nfl.com/image/upload/f_auto,q_auto/league/i1pmrhua5gpvwgsqphxa",SEA,1,1,0,0,0,0,0,0,0,0,0,0,0,0,0,0,0,0,0,0,0,0
2024,REG,00-0039076,N.Hampton,Nick Hampton,1,OLB,LB,"https://static.www.nfl.com/image/upload/f_auto,q_auto/league/fxoz4oaacxkedbhjtsmh",LA,0,0,0,0,0,0,0,0,0,0,0,0,1,0,0,0,0,0,0,0,0,0
2024,REG,00-0039108,W.Anderson,Will Anderson,13,DE,DL,"https://static.www.nfl.com/image/upload/f_auto,q_auto/league/ljotxifz4kwcbvye1klk",HOU,27,23,4,10,16,15,1,11,83.5,19,0,0,2,0,0,0,0,1,0,0,1,5
2024,REG,00-0039109,B.Jones,Broderick Jones,1,T,OL,"https://static.www.nfl.com/image/upload/f_auto,q_auto/league/unrqqion7nfuug5wp5l4",IND,1,1,0,0,0,0,0,0,0,0,0,0,0,0,0,0,0,0,0,0,0,0
2024,REG,00-0039110,K.Benton,Keeanu Benton,17,DT,DL,"https://static.www.nfl.com/image/upload/f_auto,q_auto/league/ee5a09abhoyxoblhfjae",PIT,16,15,1,20,2,1,0,1,11,8,1,11,7,0,0,0,0,1,0,0,1,5
2024,REG,00-0039111,T.Tuipulotu,Tuli Tuipulotu,15,DE,DL,"https://static.www.nfl.com/image/upload/f_auto,q_auto/league/wo6ubn05sspmtz96wock",LAC,22,22,0,15,11,11,1,8.5,20.5,16,0,0,2,0,0,0,0,0,0,0,1,5
2024,REG,00-0039112,L.Van Ness,Lukas Van Ness,17,DE,DL,"https://static.www.nfl.com/image/upload/f_auto,q_auto/league/lwxkikrpqtiyvgewy6mp",GB,20,16,4,10,6,8,1,3,6,6,0,0,0,0,0,0,0,1,0,0,6,45
2024,REG,00-0039133,C.Smith,Cam Smith,5,CB,DB,"https://static.www.nfl.com/image/upload/f_auto,q_auto/league/tg393eoyith3ipd5dea3",MIA,13,12,1,3,0,0,0,0,0,0,0,0,0,0,0,0,0,0,0,0,3,26
2024,REG,00-0039135,O.Mathis,Ochaun Mathis,1,OLB,LB,"https://static.www.nfl.com/image/upload/f_auto,q_auto/league/xsiut37q9gwbjjdn7crj",NE,1,1,0,0,0,0,0,0,0,0,0,0,0,0,0,0,0,0,0,0,0,0
2024,REG,00-0039137,B.Young,Byron Young,17,OLB,LB,"https://static.www.nfl.com/image/upload/f_auto,q_auto/league/duwjwgd9ruuobjmbyaqp",LA,34,33,1,28,12,8,1,7.5,52.5,13,0,0,1,0,0,0,0,0,0,1,5,53
2024,REG,00-0039138,K.Turner,Kobie Turner,16,NT,DL,"https://static.www.nfl.com/image/upload/f_auto,q_auto/league/dxmap8rfy17q917myrqv",LA,35,26,9,27,10,4,1,8,69,13,0,0,4,0,0,0,0,1,0,0,2,10
2024,REG,00-0039139,J.Gibbs,Jahmyr Gibbs,1,RB,RB,"https://static.www.nfl.com/image/upload/f_auto,q_auto/league/f5y3osxxtov5rgfv4ra5",HOU,1,1,0,0,0,0,0,0,0,0,0,0,0,0,0,0,0,0,0,0,0,0
2024,REG,00-0039140,K.Ringo,Kelee Ringo,4,CB,DB,"https://static.www.nfl.com/image/private/f_auto,q_auto/league/oijoutfkwuxxhfafyj6k",PHI,4,4,0,3,0,0,0,0,0,0,0,0,1,0,0,0,0,0,0,0,1,5
2024,REG,00-0039141,B.Branch,Brian Branch,16,SS,DB,"https://static.www.nfl.com/image/upload/f_auto,q_auto/league/vnhnq3xt2zurcouh0u64",DET,79,73,6,30,8,9,1,1,7,6,4,48,16,0,0,0,0,0,0,0,8,100
2024,REG,00-0039142,W.McDonald,Will McDonald,16,OLB,LB,"https://static.www.nfl.com/image/private/f_auto,q_auto/league/nw8aiicw9bjhxaqwbeo9",NYJ,18,13,5,10,11,9,2,10.5,74,24,0,0,3,0,0,0,0,1,0,0,4,20
2024,REG,00-0039143,I.Foskey,Isaiah Foskey,5,DE,DL,"https://static.www.nfl.com/image/upload/f_auto,q_auto/league/d1mpqbunaek44eu49yvy",NO,2,1,1,5,0,0,0,0,0,0,0,0,0,0,0,0,0,0,0,0,0,0
2024,REG,00-0039147,C.Gonzalez,Christian Gonzalez,16,CB,DB,"https://static.www.nfl.com/image/private/f_auto,q_auto/league/lfwn1eailvfq2yx1qtqi",NE,50,45,5,9,1,1,0,0,0,1,2,2,11,1,0,0,0,1,63,0,1,17
2024,REG,00-0039148,K.White,Keion White,16,DE,DL,"https://static.www.nfl.com/image/private/f_auto,q_auto/league/rjc9qgamwszqabbidwla",NE,31,26,5,25,7,4,2,5,24.5,16,0,0,5,0,0,0,0,0,0,0,4,53
2024,REG,00-0039149,Q.Martin,Quan Martin,16,FS,DB,"https://static.www.nfl.com/image/upload/f_auto,q_auto/league/us2hgdvr0jehykznl0ae",WAS,49,42,7,32,2,4,2,0,0,1,1,29,3,0,0,0,0,0,0,0,0,0
2024,REG,00-0039150,B.Young,Bryce Young,1,QB,QB,"https://static.www.nfl.com/image/upload/f_auto,q_auto/league/gdmtmmviwadpobyjogal",DAL,1,1,0,0,0,0,0,0,0,0,0,0,0,0,0,0,0,0,0,0,0,0
2024,REG,00-0039151,E.Forbes,Emmanuel Forbes,1,CB,DB,"https://static.www.nfl.com/image/private/f_auto,q_auto/league/gnewe67hky5zhdhrb8cr",LA,4,3,1,1,0,0,0,0,0,0,0,0,1,0,0,0,0,0,0,0,0,0
2024,REG,00-0039151,E.Forbes,Emmanuel Forbes,3,CB,DB,"https://static.www.nfl.com/image/private/f_auto,q_auto/league/gnewe67hky5zhdhrb8cr",WAS,2,2,0,5,0,0,0,0,0,0,1,19,1,0,0,0,0,0,0,0,1,4
2024,REG,00-0039156,J.Brents,Julius Brents,1,CB,DB,"https://static.www.nfl.com/image/upload/f_auto,q_auto/league/wvbql4repjwqtm3cj96w",IND,3,2,1,4,0,0,0,0,0,0,0,0,0,0,0,0,0,0,0,0,0,0
2024,REG,00-0039164,A.Richardson,Anthony Richardson,1,QB,QB,"https://static.www.nfl.com/image/upload/f_auto,q_auto/league/areyvihumylqo7y2ehk2",NYJ,1,1,0,0,0,0,0,0,0,0,0,0,0,0,0,0,0,0,0,0,0,0
2024,REG,00-0039165,Z.Charbonnet,Zach Charbonnet,1,RB,RB,"https://static.www.nfl.com/image/upload/f_auto,q_auto/league/eaaj5vbfmk08wvwelyqt",MIA,1,1,0,1,0,0,0,0,0,0,0,0,0,0,0,0,0,0,0,0,0,0
2024,REG,00-0039167,J.Porter,Joey Porter,16,CB,DB,"https://static.www.nfl.com/image/private/f_auto,q_auto/league/rrikslx4sadmozltcuqw",PIT,53,50,3,17,2,4,0,0,0,0,1,16,7,0,0,0,0,0,0,0,10,126
2024,REG,00-0039169,D.Witherspoon,Devon Witherspoon,17,CB,DB,"https://static.www.nfl.com/image/private/f_auto,q_auto/league/vm13kgvkrqzjyf08s2n0",SEA,66,58,8,32,6,14,1,1,0,1,0,0,9,0,0,0,0,0,0,0,6,63
2024,REG,00-0039232,N.Wiggins,Nate Wiggins,15,CB,DB,"https://static.www.nfl.com/image/upload/f_auto,q_auto/league/hxshtymskws46e4rrmbz",BAL,24,23,1,8,0,0,1,0,0,0,1,26,13,1,0,0,0,0,0,0,9,105
2024,REG,00-0039233,R.Rosengarten,Roger Rosengarten,1,T,OL,"https://static.www.nfl.com/image/upload/f_auto,q_auto/league/afautaj9paphmazcref6",CIN,1,1,0,0,0,0,0,0,0,0,0,0,0,0,0,0,0,0,0,0,0,0
2024,REG,00-0039234,T.Tampa,T.J. Tampa,2,CB,DB,"https://static.www.nfl.com/image/upload/f_auto,q_auto/league/poanrufasprugy1q1ulq",BAL,1,1,0,1,0,0,0,0,0,0,0,0,0,0,0,0,0,0,0,0,0,0
2024,REG,00-0039235,S.Kane,Sanoussi Kane,3,SS,DB,"https://static.www.nfl.com/image/upload/f_auto,q_auto/league/jh8ehbhw0pvdzopczjbw",BAL,1,1,0,1,0,0,0,0,0,0,0,0,0,0,0,0,0,0,0,0,1,10
2024,REG,00-0039241,B.Brade,Beau Brade,1,FS,DB,"https://static.www.nfl.com/image/upload/f_auto,q_auto/league/f8fiqxkgt6rhaxrdnkhv",BAL,1,1,0,1,0,0,0,0,0,0,0,0,0,0,0,0,0,0,0,0,0,0
2024,REG,00-0039284,B.McGregor,Braiden McGregor,6,DE,DL,"https://static.www.nfl.com/image/upload/f_auto,q_auto/league/pl3ht5g1k6sufjoeqyab",NYJ,3,3,0,3,0,0,0,0,0,0,0,0,0,0,0,0,0,0,0,0,1,5
2024,REG,00-0039285,J.Monroe,Jarius Monroe,1,FS,DB,"https://static.www.nfl.com/image/upload/f_auto,q_auto/league/bqicye3yunlkqkblkvay",NYJ,0,0,0,2,0,0,0,0,0,0,0,0,0,0,0,0,0,0,0,0,0,0
2024,REG,00-0039289,L.Taylor,Leonard Taylor,12,DT,DL,"https://static.www.nfl.com/image/upload/f_auto,q_auto/league/qfnjnvom3evftnkgwcqg",NYJ,13,11,2,11,4,4,0,1.5,9,4,0,0,1,0,0,0,0,0,0,0,1,0
2024,REG,00-0039291,E.Watts,Eric Watts,10,DE,DL,"https://static.www.nfl.com/image/upload/f_auto,q_auto/league/ebgjkljqc8rvtev1iw3r",NYJ,6,6,0,6,0,0,0,0,0,0,0,0,0,0,0,0,0,0,0,0,2,18
2024,REG,00-0039292,S.Bartholomew,Shemar Bartholomew,1,CB,DB,"https://static.www.nfl.com/image/upload/f_auto,q_auto/league/fo8g30wmbseazbyti0aw",CAR,2,2,0,1,1,0,0,0,0,0,0,0,2,0,0,0,0,0,0,0,0,0
2024,REG,00-0039309,B.Murphy,Byron Murphy,12,DT,DL,"https://static.www.nfl.com/image/upload/f_auto,q_auto/league/u4oq830o8ulxccdawolf",SEA,12,8,4,23,2,3,0,0.5,4.5,1,0,0,0,0,0,0,0,0,0,0,1,15
2024,REG,00-0039312,M.Battle,Miles Battle,1,DB,DB,,NE,2,2,0,0,0,0,0,0,0,0,0,0,3,0,0,0,0,0,0,0,0,0
2024,REG,00-0039313,S.Bozeman,Swayze Bozeman,1,ILB,LB,"https://static.www.nfl.com/image/upload/f_auto,q_auto/league/pfu26vsa3yeu39f9iz4g",KC,2,2,0,1,0,0,0,0,0,0,0,0,0,0,0,0,0,0,0,0,0,0
2024,REG,00-0039318,C.Jacobs,Curtis Jacobs,1,ILB,LB,"https://static.www.nfl.com/image/upload/f_auto,q_auto/league/qtic0y5rtnfekjt5tppj",NE,0,0,0,1,0,0,0,0,0,0,0,0,0,0,0,0,0,0,0,0,0,0
2024,REG,00-0039324,C.Roland-Wallace,Christian Roland-Wallace,7,CB,DB,"https://static.www.nfl.com/image/upload/f_auto,q_auto/league/foy9ykwmm3vcqgfviowz",KC,20,20,0,9,2,2,0,0,0,2,1,0,1,0,0,0,0,0,0,0,1,10
2024,REG,00-0039333,B.Codrington,Brandon Codrington,4,CB,DB,"https://static.www.nfl.com/image/upload/f_auto,q_auto/league/awsahkwofamy8pe1nrog",BUF,8,6,2,1,0,0,0,0,0,0,0,0,1,0,0,0,0,0,0,0,1,10
2024,REG,00-0039338,B.Bowers,Brock Bowers,1,TE,TE,"https://static.www.nfl.com/image/upload/f_auto,q_auto/league/mjy86xh8munoiur4hejf",DEN,1,1,0,0,0,0,0,0,0,0,0,0,0,0,0,0,0,0,0,0,0,0
2024,REG,00-0039338,B.Bowers,Brock Bowers,1,TE,TE,"https://static.www.nfl.com/image/upload/f_auto,q_auto/league/mjy86xh8munoiur4hejf",LA,1,1,0,0,0,0,0,0,0,0,0,0,0,0,0,0,0,0,0,0,0,0
2024,REG,00-0039338,B.Bowers,Brock Bowers,1,TE,TE,"https://static.www.nfl.com/image/upload/f_auto,q_auto/league/mjy86xh8munoiur4hejf",TB,1,1,0,0,0,0,0,0,0,0,0,0,0,0,0,0,0,0,0,0,0,0
2024,REG,00-0039340,L.Latu,Laiatu Latu,14,DE,DL,"https://static.www.nfl.com/image/upload/f_auto,q_auto/league/quk6xjz6afesvjcra0dm",IND,16,15,1,16,5,0,3,4,23,12,0,0,1,0,0,0,0,1,0,0,1,5
2024,REG,00-0039341,T.Guyton,Tyler Guyton,1,T,OL,"https://static.www.nfl.com/image/upload/f_auto,q_auto/league/cbhyplu9szg8sy5g9yjq",DAL,0,0,0,0,0,0,0,0,0,0,0,0,0,0,0,0,0,1,0,0,0,0
2024,REG,00-0039342,X.Legette,Xavier Legette,1,WR,WR,"https://static.www.nfl.com/image/upload/f_auto,q_auto/league/a3etuvp3kqtwmtkioq8g",DEN,1,1,0,0,0,0,0,0,0,0,0,0,0,0,0,0,0,0,0,0,0,0
2024,REG,00-0039342,X.Legette,Xavier Legette,1,WR,WR,"https://static.www.nfl.com/image/upload/f_auto,q_auto/league/a3etuvp3kqtwmtkioq8g",NO,1,1,0,0,0,0,0,0,0,0,0,0,0,0,0,0,0,0,0,0,0,0
2024,REG,00-0039343,K.Lassiter,Kamari Lassiter,14,CB,DB,"https://static.www.nfl.com/image/upload/f_auto,q_auto/league/fcmie1yzlfcpsu51anzy",HOU,42,38,4,16,4,10,0,0,0,0,3,9,10,0,0,0,0,0,0,1,2,15
2024,REG,00-0039345,R.Green,Renardo Green,14,CB,DB,"https://static.www.nfl.com/image/upload/f_auto,q_auto/league/prtbroosyy2vzxtbdd1i",SF,40,37,3,20,0,0,1,0,0,0,1,20,13,0,0,0,0,0,0,0,2,20
2024,REG,00-0039346,J.Colson,Junior Colson,10,OLB,LB,"https://static.www.nfl.com/image/upload/f_auto,q_auto/league/f0ocwmg27uterfvnnmdr",LAC,15,14,1,13,0,0,0,0,0,1,0,0,1,0,0,0,0,0,0,0,1,15
2024,REG,00-0039347,T.Wallace,Trevin Wallace,11,ILB,LB,"https://static.www.nfl.com/image/upload/f_auto,q_auto/league/bjahqj7chavxz1qav4jr",CAR,35,29,6,28,2,1,2,1,8,1,0,0,0,0,0,0,0,1,0,0,0,0
2024,REG,00-0039351,D.Puni,Dominick Puni,1,G,OL,"https://static.www.nfl.com/image/upload/f_auto,q_auto/league/u2ytp06z5bmmgtlezq5h",MIN,0,0,0,1,0,0,0,0,0,0,0,0,0,0,0,0,0,0,0,0,0,0
2024,REG,00-0039352,M.Liufau,Marist Liufau,15,ILB,LB,"https://static.www.nfl.com/image/upload/f_auto,q_auto/league/q5t9u6kdjgzecbqiad5d",DAL,28,25,3,18,4,7,2,1.5,9,2,0,0,3,0,0,0,0,1,0,0,2,20
2024,REG,00-0039353,J.Jones,Jarrian Jones,15,CB,DB,"https://static.www.nfl.com/image/upload/f_auto,q_auto/league/g7olyph6lnqxkyutyxli",JAX,30,27,3,10,1,0,0,2,9,2,1,0,8,0,0,0,0,0,0,0,2,15
2024,REG,00-0039354,M.Jackson,McKinnley Jackson,7,DT,DL,"https://static.www.nfl.com/image/upload/f_auto,q_auto/league/ckcj8lw0ytpn8ix0ztz7",CIN,6,6,0,9,2,0,1,1,7,1,0,0,0,0,0,0,0,0,0,0,0,0
2024,REG,00-0039355,L.McCaffrey,Luke McCaffrey,1,WR,WR,"https://static.www.nfl.com/image/upload/f_auto,q_auto/league/iqzscuxu9lxjfhoyxsjg",DAL,1,1,0,0,0,0,0,0,0,0,0,0,0,0,0,0,0,0,0,0,0,0
2024,REG,00-0039357,D.Richardson,Decamerion Richardson,10,CB,DB,"https://static.www.nfl.com/image/upload/f_auto,q_auto/league/bgrvszvoje3ts86vrgil",LV,27,25,2,18,1,1,0,0,0,0,0,0,3,0,0,0,0,0,0,0,4,62
2024,REG,00-0039358,M.McCormick,Mason McCormick,1,G,OL,"https://static.www.nfl.com/image/upload/f_auto,q_auto/league/sru4pxfdcc3n99d9xbkm",LAC,1,1,0,0,0,0,0,0,0,0,0,0,0,0,0,0,0,0,0,0,0,0
2024,REG,00-0039359,C.Stover,Cade Stover,1,TE,TE,"https://static.www.nfl.com/image/upload/f_auto,q_auto/league/ehruudekjzjney5dircm",TEN,1,1,0,0,0,0,0,0,0,0,0,0,0,0,0,0,0,0,0,0,0,0
2024,REG,00-0039360,M.Mustapha,Malik Mustapha,14,FS,DB,"https://static.www.nfl.com/image/upload/f_auto,q_auto/league/onox8v6crwurzrkumgha",SF,31,28,3,40,2,4,0,0,0,0,1,1,5,0,0,0,0,0,0,0,0,0
2024,REG,00-0039361,B.Irving,Bucky Irving,1,RB,RB,"https://static.www.nfl.com/image/upload/f_auto,q_auto/league/wjaqkrtdhwf16wldi83h",NO,1,1,0,0,0,0,0,0,0,0,0,0,0,0,0,0,0,0,0,0,0,0
2024,REG,00-0039365,J.Cowing,Jacob Cowing,1,WR,WR,"https://static.www.nfl.com/image/upload/f_auto,q_auto/league/q8luttpmauwatynr9iti",CHI,1,1,0,0,0,0,0,0,0,0,0,0,0,0,0,0,0,0,0,0,0,0
2024,REG,00-0039366,T.Still,Tarheeb Still,14,CB,DB,"https://static.www.nfl.com/image/upload/f_auto,q_auto/league/q1sbiyr6dvepntfifybw",LAC,45,43,2,17,1,0,0,0.5,4.5,1,4,85,10,1,0,0,0,0,0,0,1,5
2024,REG,00-0039367,X.Thomas,Xavier Thomas,10,OLB,LB,"https://static.www.nfl.com/image/upload/f_auto,q_auto/league/pdtfewzb9qwyon9ynh2j",ARI,6,4,2,4,2,0,1,2.5,12.5,4,0,0,1,0,0,0,0,0,0,0,1,4
2024,REG,00-0039369,C.Hart,Cam Hart,11,CB,DB,"https://static.www.nfl.com/image/upload/f_auto,q_auto/league/c2ylxyrg25rxh8wrmbid",LAC,27,27,0,9,0,0,1,0.5,0.5,2,0,0,7,0,0,0,0,0,0,0,5,57
2024,REG,00-0039370,J.Bertrand,J.D. Bertrand,6,ILB,LB,"https://static.www.nfl.com/image/upload/f_auto,q_auto/league/krejfpapnqbk4e14voep",ATL,15,13,2,4,1,0,0,1,13,1,0,0,0,0,0,0,0,0,0,0,1,14
2024,REG,00-0039371,K.Abrams-Draine,Kris Abrams-Draine,4,CB,DB,"https://static.www.nfl.com/image/upload/f_auto,q_auto/league/rka4eyc7ibhmooxiabeq",DEN,5,5,0,3,0,0,0,0,0,0,1,17,2,0,0,0,0,0,0,0,1,36
2024,REG,00-0039372,J.Brownlee,Jarvis Brownlee,17,CB,DB,"https://static.www.nfl.com/image/upload/f_auto,q_auto/league/sy8owjzhny1vsbgusxo5",TEN,45,39,6,29,7,14,0,0,0,0,1,2,9,0,0,0,0,1,0,0,7,52
2024,REG,00-0039374,T.Eichenberg,Tommy Eichenberg,3,MLB,LB,"https://static.www.nfl.com/image/upload/f_auto,q_auto/league/o3eu4clgv0hnbg49ttsj",LV,3,3,0,1,0,0,0,0,0,0,0,0,0,0,0,0,0,0,0,0,0,0
2024,REG,00-0039375,J.Newton,Josh Newton,11,CB,DB,"https://static.www.nfl.com/image/upload/f_auto,q_auto/league/inlprlyr78vghlvcwagu",CIN,25,25,0,4,1,0,0,0,0,0,1,12,7,0,0,0,0,0,0,0,6,55
2024,REG,00-0039377,J.Carlies,Jaylon Carlies,9,MLB,LB,"https://static.www.nfl.com/image/upload/f_auto,q_auto/league/ym6i99jkmmr97wiwv80i",IND,25,19,6,12,2,0,0,1,8,1,0,0,1,0,0,0,0,0,0,0,0,0
2024,REG,00-0039378,D.Prince,Deantre Prince,4,CB,DB,"https://static.www.nfl.com/image/upload/f_auto,q_auto/league/djjpc9oeqbpjf9bdd2tk",JAX,6,4,2,2,0,0,0,0,0,0,0,0,1,0,0,0,0,0,0,0,1,37
2024,REG,00-0039380,C.Smith-Wade,Chau Smith-Wade,8,CB,DB,"https://static.www.nfl.com/image/upload/f_auto,q_auto/league/ym2yx4nyamvkmvs4sxdr",CAR,22,21,1,14,1,0,1,0,0,0,1,3,1,0,0,0,0,0,0,0,4,36
2024,REG,00-0039384,T.Tracy,Tyrone Tracy,1,RB,RB,"https://static.www.nfl.com/image/upload/f_auto,q_auto/league/hc2uk0xrbc6qizrerwxd",CAR,1,1,0,0,0,0,0,0,0,0,0,0,0,0,0,0,0,0,0,0,0,0
2024,REG,00-0039387,C.Carson,Caelen Carson,5,CB,DB,"https://static.www.nfl.com/image/upload/f_auto,q_auto/league/jmgga8dn6w3lbmfbuemd",DAL,24,23,1,3,0,0,0,0,0,0,0,0,4,0,0,0,0,0,0,0,3,15
2024,REG,00-0039390,M.Dial,Marcellas Dial,2,CB,DB,"https://static.www.nfl.com/image/upload/f_auto,q_auto/league/cxkvdf19td4z8guuk2j1",NE,4,4,0,1,0,0,0,0,0,0,0,0,0,0,0,0,0,0,0,0,1,10
2024,REG,00-0039396,M.Wingo,Mekhi Wingo,5,DT,DL,"https://static.www.nfl.com/image/upload/f_auto,q_auto/league/ceebzkwfmowt4fxskapx",DET,1,1,0,8,0,0,0,0,0,1,0,0,0,0,0,0,0,0,0,0,0,0
2024,REG,00-0039400,Z.Logue,Zion Logue,1,DE,DL,"https://static.www.nfl.com/image/upload/f_auto,q_auto/league/rgopj5gqciunzxr3gopo",BUF,2,2,0,0,0,0,0,0,0,0,0,0,0,0,0,0,0,0,0,0,0,0
2024,REG,00-0039401,K.Boyd,Khristian Boyd,3,DT,DL,"https://static.www.nfl.com/image/upload/f_auto,q_auto/league/wvd16fwngvws4jglqxxl",NO,2,2,0,1,0,0,0,0,0,0,0,0,0,0,0,0,0,0,0,0,0,0
2024,REG,00-0039402,J.Crumedy,Jaden Crumedy,4,DT,DL,"https://static.www.nfl.com/image/upload/f_auto,q_auto/league/bwdmpgcgplxqx1yo25pp",CAR,4,4,0,9,0,0,0,0.5,1,1,0,0,0,0,0,0,0,0,0,0,0,0
2024,REG,00-0039404,W.Reichard,Will Reichard,2,K,SPEC,"https://static.www.nfl.com/image/upload/f_auto,q_auto/league/gqze1hxxsmgeynkta5kt",MIN,0,0,0,0,0,0,0,0,0,0,0,0,0,0,0,0,0,0,0,0,2,0
2024,REG,00-0039406,N.Watson,Nathaniel Watson,3,ILB,LB,"https://static.www.nfl.com/image/upload/f_auto,q_auto/league/imp6cipge01zacx6g4tr",CLE,3,2,1,2,0,0,0,0,0,0,0,0,1,0,0,0,0,0,0,0,0,0
2024,REG,00-0039410,R.Flournoy,Ryan Flournoy,1,WR,WR,"https://static.www.nfl.com/image/upload/f_auto,q_auto/league/yq2tbkoz2anbit6zc8ms",DET,1,1,0,0,0,0,0,0,0,0,0,0,0,0,0,0,0,0,0,0,0,0
2024,REG,00-0039412,J.Jean-Baptiste,Javontae Jean-Baptiste,9,DE,DL,"https://static.www.nfl.com/image/upload/f_auto,q_auto/league/cgw1mirojztblwmhsz45",WAS,6,6,0,7,1,0,0,1,6,2,0,0,0,0,0,0,0,0,0,0,0,0
2024,REG,00-0039414,D.Anthony,Daijahn Anthony,2,FS,DB,"https://static.www.nfl.com/image/upload/f_auto,q_auto/league/nbbpahdubwhyk4vtvfuo",CIN,0,0,0,0,0,0,0,0,0,0,0,0,1,0,0,0,0,0,0,0,2,34
2024,REG,00-0039417,M.Harden,Myles Harden,3,CB,DB,"https://static.www.nfl.com/image/upload/f_auto,q_auto/league/zgpfk5qheno6ltjllsxp",CLE,2,2,0,2,0,0,0,0,0,0,0,0,0,0,0,0,0,0,0,0,0,0
2024,REG,00-0039421,L.Rodriguez,Levi Drake Rodriguez,1,DT,DL,"https://static.www.nfl.com/image/upload/f_auto,q_auto/league/fakgdj4ps3mekyhr5w45",MIN,1,1,0,0,0,0,0,0,0,0,0,0,1,0,0,0,0,0,0,0,0,0
2024,REG,00-0039423,J.Laulu,Jonah Laulu,12,DT,DL,"https://static.www.nfl.com/image/upload/f_auto,q_auto/league/f5gg5s4cyk6kc48nfh7b",LV,15,14,1,20,3,2,0,1,10,2,0,0,3,0,0,0,0,0,0,0,1,5
2024,REG,00-0039424,D.Vele,Devaughn Vele,1,WR,WR,"https://static.www.nfl.com/image/upload/f_auto,q_auto/league/f2lz4vsh2daurrwdamzv",CLE,1,1,0,0,0,0,0,0,0,0,0,0,0,0,0,0,0,0,0,0,0,0
2024,REG,00-0039425,M.Cole,Myles Cole,5,DE,DL,"https://static.www.nfl.com/image/upload/f_auto,q_auto/league/cagyltjxl1ooo8yhydnj",JAX,4,4,0,4,1,1,0,0,0,0,0,0,0,0,0,0,0,0,0,0,1,5
2024,REG,00-0039427,S.Byrd,Solomon Byrd,1,DE,DL,"https://static.www.nfl.com/image/upload/f_auto,q_auto/league/bmjb4xge2rdrnoirb9ch",HOU,2,2,0,0,0,0,0,0,0,1,0,0,1,0,0,0,0,0,0,0,0,0
2024,REG,00-0039430,J.Williams,James Williams,4,ILB,LB,"https://static.www.nfl.com/image/upload/f_auto,q_auto/league/rfm92ue40lbrdsvrexx0",TEN,13,10,3,6,0,0,0,0,0,0,0,0,0,0,0,0,0,0,0,0,1,10
2024,REG,00-0039431,J.Briggs,Jowon Briggs,6,DT,DL,"https://static.www.nfl.com/image/upload/f_auto,q_auto/league/qp8nu2jbafkez0oj9aqd",CLE,3,3,0,10,1,2,0,0,0,2,0,0,0,0,0,0,0,1,0,0,0,0
2024,REG,00-0039435,T.Bethune,Tatum Bethune,2,MLB,LB,"https://static.www.nfl.com/image/upload/f_auto,q_auto/league/vg3gbznurt9kgj1jnj11",SF,0,0,0,4,0,0,0,0,0,0,0,0,0,0,0,0,0,0,0,0,0,0
2024,REG,00-0039436,J.Harrell,Jaylen Harrell,8,OLB,LB,"https://static.www.nfl.com/image/upload/f_auto,q_auto/league/htuihfkdsgjksqxikwxp",TEN,5,5,0,4,2,5,0,0,0,0,0,0,0,0,0,0,0,0,0,0,1,5
2024,REG,00-0039450,I.Ukwu,Isaac Ukwu,2,DE,DL,"https://static.www.nfl.com/image/upload/f_auto,q_auto/league/bpdgvaexohrzmeqe74ig",DET,2,2,0,1,0,0,0,0,0,0,0,0,0,0,0,0,0,0,0,0,0,0
2024,REG,00-0039454,B.Bishop,Beanie Bishop,16,CB,DB,"https://static.www.nfl.com/image/upload/f_auto,q_auto/league/urnchqjzmqdznwhrrner",PIT,25,23,2,14,2,0,0,0.5,3,1,4,46,7,0,0,0,0,1,0,0,3,25
2024,REG,00-0039457,J.Windmon,Jacoby Windmon,2,LB,LB,"https://static.www.nfl.com/image/upload/f_auto,q_auto/league/hpwxupqieiogll8yxyzn",CAR,11,11,0,7,1,0,0,1.5,4,2,0,0,2,0,0,0,0,0,0,0,1,15
2024,REG,00-0039465,R.Steward,Reddy Steward,1,CB,DB,"https://static.www.nfl.com/image/upload/f_auto,q_auto/league/jfwgwrf3r709eqqud81n",CHI,1,1,0,0,0,0,1,0,0,0,0,0,0,0,0,0,0,0,0,0,0,0
2024,REG,00-0039472,M.Edwards,Mike Edwards,1,G,OL,"https://static.www.nfl.com/image/upload/f_auto,q_auto/league/ctepbz184pq3zchnxqhk",BUF,1,1,0,0,0,0,0,0,0,0,0,0,0,0,0,0,0,0,0,0,0,0
2024,REG,00-0039472,M.Edwards,Mike Edwards,5,G,OL,"https://static.www.nfl.com/image/upload/f_auto,q_auto/league/ctepbz184pq3zchnxqhk",TB,6,5,1,5,0,0,0,0,0,1,0,0,1,0,0,0,0,0,0,0,0,0
2024,REG,00-0039481,S.Duck,Storm Duck,9,CB,DB,"https://static.www.nfl.com/image/upload/f_auto,q_auto/league/lykosyg6kn0qnxpbozqt",MIA,21,20,1,11,1,0,0,0,0,0,0,0,4,0,0,0,0,0,0,0,2,17
2024,REG,00-0039491,J.Coker,Jalen Coker,1,WR,WR,"https://static.www.nfl.com/image/upload/f_auto,q_auto/league/wk9xewrixauh09f71pqh",CHI,1,1,0,0,0,0,0,0,0,0,0,0,0,0,0,0,0,0,0,0,0,0
2024,REG,00-0039494,K.Dyson,Kenny Dyson,1,OLB,LB,"https://static.www.nfl.com/image/upload/f_auto,q_auto/league/ikgxg2vrumhdez3bu0w9",CAR,0,0,0,1,0,0,0,0,0,1,0,0,0,0,0,0,0,0,0,0,0,0
2024,REG,00-0039515,W.Reid,Winston Reid,6,ILB,LB,"https://static.www.nfl.com/image/upload/f_auto,q_auto/league/pdh6lfhfcihybfqdrodo",CLE,10,9,1,5,1,1,0,0.5,3,1,0,0,2,0,0,0,0,1,0,0,0,0
2024,REG,00-0039532,J.Wood,Julius Wood,2,FS,DB,"https://static.www.nfl.com/image/upload/f_auto,q_auto/league/yp8tmriqpdjdkvrkfsin",TEN,0,0,0,1,0,0,0,0,0,0,0,0,0,0,0,0,0,0,0,0,1,5
2024,REG,00-0039565,L.Bailey,Levelle Bailey,1,ILB,LB,"https://static.www.nfl.com/image/upload/f_auto,q_auto/league/qfyjxqajfqiym8wkss3n",DEN,1,1,0,1,0,0,0,0,0,0,0,0,0,0,0,0,0,0,0,0,0,0
2024,REG,00-0039586,T.Funderburk,Tyrek Funderburk,4,CB,DB,"https://static.www.nfl.com/image/upload/f_auto,q_auto/league/v4vcg2zlfvdrx6nk8mb5",TB,9,9,0,4,0,0,1,0,0,0,0,0,1,0,0,0,0,0,0,0,0,0
2024,REG,00-0039587,A.Grier,Antonio Grier,1,ILB,LB,"https://static.www.nfl.com/image/upload/f_auto,q_auto/league/gb0t5vmnftjccrsq29gq",TB,0,0,0,0,0,0,0,0,0,0,0,0,0,0,0,0,0,0,0,0,1,10
2024,REG,00-0039601,D.Richardson,Demani Richardson,7,SS,DB,"https://static.www.nfl.com/image/upload/f_auto,q_auto/league/wplslzv6ao3yojqneq30",CAR,27,25,2,23,1,2,0,0,0,0,1,3,2,0,0,0,0,0,0,0,1,15
2024,REG,00-0039620,R.Payton,Rico Payton,3,CB,DB,"https://static.www.nfl.com/image/upload/f_auto,q_auto/league/ghyxygii0jlymsleogah",NO,0,0,0,0,0,0,0,0,0,0,0,0,1,0,0,0,0,0,0,0,2,18
2024,REG,00-0039622,I.Stalbird,Isaiah Stalbird,1,ILB,LB,"https://static.www.nfl.com/image/upload/f_auto,q_auto/league/uqm37ihcxixtrgombtno",NO,0,0,0,0,0,0,0,0,0,0,0,0,0,0,0,0,0,0,0,0,1,5
2024,REG,00-0039637,M.Njongmeta,Maema Njongmeta,5,ILB,LB,"https://static.www.nfl.com/image/upload/f_auto,q_auto/league/zrev2gl5mahhew3iwztp",CIN,4,4,0,2,0,0,0,0,0,0,0,0,0,0,0,0,0,1,0,0,1,3
2024,REG,00-0039640,K.Duke,Khalid Duke,1,DE,DL,"https://static.www.nfl.com/image/upload/f_auto,q_auto/league/pdop5lj5bwdimbxiyjxj",TEN,1,1,0,0,0,0,0,0,0,1,0,0,0,0,0,0,0,0,0,0,0,0
2024,REG,00-0039660,T.Harper,Thomas Harper,8,FS,DB,"https://static.www.nfl.com/image/upload/f_auto,q_auto/league/vp1fcehmaxjfwuy0aj4p",LV,8,8,0,10,0,0,0,0.5,1.5,1,1,14,2,0,0,0,0,1,0,0,0,0
2024,REG,00-0039692,D.Pettus,Dell Pettus,11,FS,DB,"https://static.www.nfl.com/image/upload/f_auto,q_auto/league/eonk8d33szxyjztamufc",NE,17,13,4,11,1,0,0,1,7,1,0,0,2,0,0,0,0,0,0,0,2,10
2024,REG,00-0039696,E.Anderson,Evan Anderson,10,DT,DL,"https://static.www.nfl.com/image/upload/f_auto,q_auto/league/zf068i8s75s8ddob51pz",SF,13,11,2,11,2,3,1,1,2,2,0,0,0,0,0,0,0,1,0,0,2,6
2024,REG,00-0039707,D.Gant,Dallas Gant,1,ILB,LB,"https://static.www.nfl.com/image/upload/f_auto,q_auto/league/vkt3hth64m1rvzohz7vi",PHI,1,1,0,0,0,0,0,0,0,0,0,0,0,0,0,0,0,0,0,0,0,0
2024,REG,00-0039714,D.McGlothern,Dwight McGlothern,1,CB,DB,"https://static.www.nfl.com/image/upload/f_auto,q_auto/league/adquqzpktzmy0wyr0gxb",MIN,0,0,0,0,0,0,0,0,0,0,0,0,1,0,0,0,0,0,0,0,0,0
2024,REG,00-0039715,G.Murphy,Gabriel Murphy,1,OLB,LB,"https://static.www.nfl.com/image/upload/f_auto,q_auto/league/tjzuzuxozskc7ts7hpep",MIN,1,1,0,0,0,0,0,0,0,1,0,0,0,0,0,0,0,0,0,0,0,0
2024,REG,00-0039718,B.Richter,Bo Richter,3,OLB,LB,"https://static.www.nfl.com/image/upload/f_auto,q_auto/league/jzuk7xz7jjjgxnmriia8",MIN,1,1,0,3,0,0,0,0,0,0,0,0,0,0,0,0,0,0,0,0,0,0
2024,REG,00-0039720,T.Taimani,Taki Taimani,2,NT,DL,"https://static.www.nfl.com/image/upload/f_auto,q_auto/league/wqq3jo1szzpunen8rd0o",MIN,1,1,0,2,0,0,0,0,0,0,0,0,0,0,0,0,0,0,0,0,0,0
2024,REG,00-0039733,R.Orhorhoro,Ruke Orhorhoro,8,DE,DL,"https://static.www.nfl.com/image/upload/f_auto,q_auto/league/knscguvmkwdqn9yi5x6u",ATL,4,2,2,7,1,3,0,0,0,1,0,0,0,0,0,0,0,0,0,0,0,0
2024,REG,00-0039734,B.Fiske,Braden Fiske,17,DT,DL,"https://static.www.nfl.com/image/upload/f_auto,q_auto/league/a99mc0m9pm3qifqdjlb4",LA,20,17,3,23,10,0,2,8.5,89.5,10,0,0,0,0,0,0,0,2,8,0,2,20
2024,REG,00-0039735,J.Powers-Johnson,Jackson Powers-Johnson,1,G,OL,"https://static.www.nfl.com/image/upload/f_auto,q_auto/league/nx60tzzagfyjjxb9lnws",PIT,0,0,0,1,0,0,0,0,0,0,0,0,0,0,0,0,0,0,0,0,0,0
2024,REG,00-0039740,J.Hunt,Jalyx Hunt,8,OLB,LB,"https://static.www.nfl.com/image/upload/f_auto,q_auto/league/azga5aijlcfec2kmxukm",PHI,11,11,0,6,1,4,1,1.5,13,3,0,0,1,0,0,0,0,0,0,0,1,10
2024,REG,00-0039741,P.Wilson,Payton Wilson,16,ILB,LB,"https://static.www.nfl.com/image/upload/f_auto,q_auto/league/lktfmis1cniyaqwycf4l",PIT,46,41,5,26,3,4,1,0,0,2,1,0,2,1,1,1,1,2,22,0,0,0
2024,REG,00-0039743,J.Jefferson,Jordan Jefferson,8,DT,DL,"https://static.www.nfl.com/image/upload/f_auto,q_auto/league/kbjzze8j4akoyeb8kcwk",JAX,5,4,1,7,1,0,0,1,9,1,0,0,1,0,0,0,0,0,0,0,1,5
2024,REG,00-0039749,T.Davis,Tyler Davis,13,DE,DL,"https://static.www.nfl.com/image/upload/f_auto,q_auto/league/q4du6znro1yaoi4unlft",LA,12,9,3,17,2,5,0,0.5,2,1,0,0,0,0,0,0,0,0,0,0,1,6
2024,REG,00-0039752,C.Johnson,Cedric Johnson,5,DE,DL,"https://static.www.nfl.com/image/upload/f_auto,q_auto/league/dy6yguydv1vow9bhot29",CIN,5,5,0,1,1,0,0,1,6,4,0,0,0,0,0,0,0,0,0,0,0,0
2024,REG,00-0039753,B.Limmer,Beaux Limmer,1,C,OL,"https://static.www.nfl.com/image/upload/f_auto,q_auto/league/y54rcpzoyoxiuffxz9gy",ARI,1,1,0,0,0,0,0,0,0,0,0,0,0,0,0,0,0,0,0,0,0,0
2024,REG,00-0039763,J.Andreessen,Joe Andreessen,4,OLB,LB,"https://static.www.nfl.com/image/upload/f_auto,q_auto/league/inzrhcz1pqlbypqhkug5",BUF,9,9,0,11,1,0,0,0,0,1,0,0,0,0,0,0,0,0,0,0,0,0
2024,REG,00-0039764,E.Chatman,Elijah Chatman,11,DT,DL,"https://static.www.nfl.com/image/upload/f_auto,q_auto/league/zcqzunhx1asxyvu5sdgj",NYG,11,11,0,10,2,1,0,1,10,3,0,0,0,0,0,0,0,1,0,0,1,5
2024,REG,00-0039770,C.Woods,Charles Woods,2,CB,DB,"https://static.www.nfl.com/image/upload/f_auto,q_auto/league/odefzf09qfoxuphfmebk",LA,1,1,0,0,0,0,0,0,0,0,0,0,0,0,0,0,0,0,0,0,1,15
2024,REG,00-0039772,J.Wallace,Josh Wallace,5,CB,DB,"https://static.www.nfl.com/image/upload/f_auto,q_auto/league/lwtavpkfwluzdouyhhwx",LA,5,5,0,2,0,0,0,0,0,0,0,0,2,0,0,0,0,0,0,0,2,15
2024,REG,00-0039774,O.Speights,Omar Speights,11,ILB,LB,"https://static.www.nfl.com/image/upload/f_auto,q_auto/league/qyqiuy6memshjabpv5qw",LA,37,30,7,29,2,3,0,0,0,0,0,0,2,0,0,0,0,0,0,0,0,0
2024,REG,00-0039776,J.McCollough,Jaylen McCollough,15,FS,DB,"https://static.www.nfl.com/image/upload/f_auto,q_auto/league/u1m6lrwx05buswtj4jsf",LA,24,23,1,16,0,0,0,0,0,1,4,6,4,1,0,0,0,0,0,0,1,15
2024,REG,00-0039789,Q.Stiggers,Qwan'tez Stiggers,3,CB,DB,"https://static.www.nfl.com/image/upload/f_auto,q_auto/league/vaoc5ysxdf5dsrzpi7qt",NYJ,5,5,0,0,0,0,0,0,0,0,0,0,0,0,0,0,0,0,0,0,2,26
2024,REG,00-0039791,A.Isaac,Adisa Isaac,2,OLB,LB,"https://static.www.nfl.com/image/upload/f_auto,q_auto/league/dx5rsuoquxk8sxh9mezp",BAL,1,1,0,2,1,4,0,0,0,0,0,0,1,0,0,0,0,0,0,0,0,0
2024,REG,00-0039793,A.Barner,A.J. Barner,1,TE,TE,"https://static.www.nfl.com/image/upload/f_auto,q_auto/league/msnzbeyjoemcas9dm8vt",LA,1,1,0,0,0,0,0,0,0,0,0,0,0,0,0,0,0,0,0,0,0,0
2024,REG,00-0039795,N.Pritchett,Nehemiah Pritchett,4,CB,DB,"https://static.www.nfl.com/image/upload/f_auto,q_auto/league/vhrxczmdisskazahqmpd",SEA,7,7,0,3,0,0,0,0,0,0,0,0,1,0,0,0,0,0,0,0,1,1
2024,REG,00-0039807,M.Melton,Max Melton,16,CB,DB,"https://static.www.nfl.com/image/upload/f_auto,q_auto/league/xietbroubuzz1ydj2uri",ARI,31,30,1,14,2,4,1,0,0,0,0,0,5,0,0,0,0,0,0,0,0,0
2024,REG,00-0039809,J.Elliss,Jonah Elliss,16,OLB,LB,"https://static.www.nfl.com/image/upload/f_auto,q_auto/league/lkyvmoxvqwfreqwkg1yo",DEN,21,16,5,10,7,6,0,5,27.5,6,0,0,2,0,0,0,0,0,0,0,0,0
2024,REG,00-0039812,T.Hopper,Ty'Ron Hopper,2,ILB,LB,"https://static.www.nfl.com/image/upload/f_auto,q_auto/league/dme7tpprr3veemketqm8",GB,1,1,0,1,0,0,0,0,0,0,0,0,0,0,0,0,0,0,0,0,0,0
2024,REG,00-0039813,E.Williams,Evan Williams,9,SS,DB,"https://static.www.nfl.com/image/upload/f_auto,q_auto/league/phwdofvsdjhqecxyx1kb",GB,30,28,2,17,1,2,1,0,0,0,1,1,3,0,0,0,0,0,0,0,0,0
2024,REG,00-0039815,T.Knight,Tyrice Knight,12,MLB,LB,"https://static.www.nfl.com/image/upload/f_auto,q_auto/league/z9kikadknyhaacbezgvb",SEA,41,34,7,47,3,5,0,1.5,9.5,4,0,0,2,0,0,0,0,1,-2,0,0,0
2024,REG,00-0039818,K.Oladapo,Kitan Oladapo,1,FS,DB,"https://static.www.nfl.com/image/upload/f_auto,q_auto/league/kqqmi2ljaltvkmtcqan7",GB,1,1,0,3,0,0,0,0,0,0,0,0,0,0,0,0,0,0,0,0,0,0
2024,REG,00-0039821,A.Phillips,Andru Phillips,14,CB,DB,"https://static.www.nfl.com/image/upload/f_auto,q_auto/league/q0bch1ertg7pi0zo8r3o",NYG,46,38,8,25,7,6,2,1,5,1,1,25,1,0,0,0,0,0,0,0,3,15
2024,REG,00-0039825,J.Hicks,Jaden Hicks,13,SS,DB,"https://static.www.nfl.com/image/upload/f_auto,q_auto/league/krhm1jt7hl3d5ucjjfgw",KC,19,18,1,5,3,1,0,0,0,0,3,50,5,0,0,0,0,0,0,0,2,22
2024,REG,00-0039826,J.Trotter,Jeremiah Trotter,6,ILB,LB,"https://static.www.nfl.com/image/upload/f_auto,q_auto/league/pys6mbvnxovsszorv65n",PHI,6,6,0,13,0,0,0,0.5,3.5,1,0,0,1,0,0,0,0,0,0,0,1,15
2024,REG,00-0039829,D.Muasau,Darius Muasau,10,ILB,LB,"https://static.www.nfl.com/image/upload/f_auto,q_auto/league/se4fgnyh0rg8rgiz9uak",NYG,26,23,3,28,3,5,0,0,0,1,1,1,1,0,0,0,0,0,0,0,1,5
2024,REG,00-0039831,K.Hadden,Kamal Hadden,1,CB,DB,"https://static.www.nfl.com/image/upload/f_auto,q_auto/league/khu2fbhai9ibcppangw7",GB,0,0,0,0,0,0,0,0,0,0,0,0,0,0,0,0,0,0,0,0,1,10
2024,REG,00-0039834,K.Kinchens,Kamren Kinchens,15,FS,DB,"https://static.www.nfl.com/image/upload/f_auto,q_auto/league/degbbihkuwtdoup62bfz",LA,36,33,3,21,1,0,1,0,0,0,4,123,6,1,1,1,0,0,0,0,1,15
2024,REG,00-0039835,J.Eboigbe,Justin Eboigbe,2,DE,DL,"https://static.www.nfl.com/image/upload/f_auto,q_auto/league/zfq37qzqw0ifthtcpmar",LAC,1,1,0,1,0,0,0,0,0,0,0,0,0,0,0,0,0,0,0,0,0,0
2024,REG,00-0039836,B.Jackson,Brennan Jackson,3,OLB,LB,"https://static.www.nfl.com/image/upload/f_auto,q_auto/league/ehm3wvd6unlprbuvuids",LA,1,1,0,1,0,0,0,0,0,0,0,0,1,0,0,0,0,0,0,0,0,0
2024,REG,00-0039838,C.Bullock,Calen Bullock,17,SS,DB,"https://static.www.nfl.com/image/upload/f_auto,q_auto/league/yfvvbf4ibj8twf7cb9sf",HOU,35,34,1,17,0,0,0,0,0,0,5,96,11,0,0,0,0,1,0,0,2,39
2024,REG,00-0039840,A.Booker,Austin Booker,13,DE,DL,"https://static.www.nfl.com/image/upload/f_auto,q_auto/league/v1unnbpdxmzbu5uxzlus",CHI,13,10,3,7,3,4,0,1.5,2.5,4,0,0,0,0,0,0,0,0,0,0,1,5
2024,REG,00-0039841,C.DeJean,Cooper DeJean,12,CB,DB,"https://static.www.nfl.com/image/upload/f_auto,q_auto/league/i22xa56qco3pdhr982eu",PHI,37,36,1,13,3,3,1,0.5,7.5,1,0,0,6,0,0,0,0,3,0,0,2,19
2024,REG,00-0039846,T.Smith,Tykee Smith,12,SS,DB,"https://static.www.nfl.com/image/upload/f_auto,q_auto/league/cnha8qqp1eruhjxytwcj",TB,37,33,4,16,4,12,3,0,0,2,2,0,7,0,0,0,0,0,0,0,2,23
2024,REG,00-0039849,M.Harrison,Marvin Harrison,1,WR,WR,"https://static.www.nfl.com/image/upload/f_auto,q_auto/league/o6hg5zeofmxvzjjpo2sf",MIN,1,1,0,0,0,0,0,0,0,0,0,0,0,0,0,0,0,0,0,0,0,0
2024,REG,00-0039850,E.Cooper,Edgerrin Cooper,14,ILB,LB,"https://static.www.nfl.com/image/upload/f_auto,q_auto/league/huidssokjxzmjjeyb80d",GB,48,42,6,29,13,26,1,3.5,32.5,7,1,22,4,0,0,1,0,1,4,0,2,20
2024,REG,00-0039851,D.Maye,Drake Maye,1,QB,QB,"https://static.www.nfl.com/image/upload/f_auto,q_auto/league/iy96wbyjth5ehizc0xq5",HOU,1,1,0,0,0,0,0,0,0,0,0,0,0,0,0,0,0,0,0,0,0,0
2024,REG,00-0039852,J.Verse,Jared Verse,17,OLB,LB,"https://static.www.nfl.com/image/upload/f_auto,q_auto/league/e3xx2ckk3vruyn34xb8m",LA,36,31,5,30,11,13,2,4.5,44.5,18,0,0,2,0,0,0,0,2,0,0,3,35
2024,REG,00-0039854,D.Robinson,Darius Robinson,5,DT,DL,"https://static.www.nfl.com/image/upload/f_auto,q_auto/league/l5l1hkawirteohcvdro3",ARI,4,3,1,6,1,2,0,1,0,1,0,0,0,0,0,0,0,0,0,0,0,0
2024,REG,00-0039855,J.McMillan,Jalen McMillan,1,WR,WR,"https://static.www.nfl.com/image/upload/f_auto,q_auto/league/zdxkyl8gy4dqiq6evfzp",LV,1,1,0,0,0,0,0,0,0,0,0,0,0,0,0,0,0,0,0,0,0,0
2024,REG,00-0039858,C.Gray,Cedric Gray,2,ILB,LB,"https://static.www.nfl.com/image/upload/f_auto,q_auto/league/uhr7hmzq5vkck9pfe1qm",TEN,6,3,3,8,0,0,0,0,0,0,0,0,0,0,0,0,0,0,0,0,0,0
2024,REG,00-0039859,B.Dorlus,Brandon Dorlus,2,DE,DL,"https://static.www.nfl.com/image/upload/f_auto,q_auto/league/e7vauyhvrzupnvraelzz",ATL,1,1,0,2,0,0,0,0,0,0,0,0,0,0,0,0,0,0,0,0,0,0
2024,REG,00-0039860,K.McKinstry,Kool-Aid McKinstry,12,CB,DB,"https://static.www.nfl.com/image/upload/f_auto,q_auto/league/ihnixb4i91g1nvvtexty",NO,31,30,1,10,2,1,0,0,0,0,0,0,6,0,0,0,0,0,0,0,0,0
2024,REG,00-0039861,T.Nubin,Tyler Nubin,13,SS,DB,"https://static.www.nfl.com/image/upload/f_auto,q_auto/league/sckihspwko85ue3laddb",NYG,57,50,7,40,4,6,1,0,0,0,0,0,1,0,0,0,0,1,2,0,2,37
2024,REG,00-0039862,E.Rakestraw,Ennis Rakestraw,5,CB,DB,"https://static.www.nfl.com/image/upload/f_auto,q_auto/league/ujqq4wa1h5vxlshc80zl",DET,4,4,0,2,0,0,0,0,0,0,0,0,0,0,0,0,0,0,0,0,1,5
2024,REG,00-0039864,D.Taylor-Demerson,Dadrion Taylor-Demerson,10,FS,DB,"https://static.www.nfl.com/image/upload/f_auto,q_auto/league/r59gcmrknai5uuthvojy",ARI,22,20,2,13,3,7,1,0,0,0,0,0,5,0,0,0,0,0,0,0,1,15
2024,REG,00-0039867,J.Bullard,Javon Bullard,14,SS,DB,"https://static.www.nfl.com/image/upload/f_auto,q_auto/league/vhggenc4ulgywkxvjgww",GB,57,53,4,28,2,2,0,0,0,0,0,0,1,0,0,0,0,1,3,0,0,0
2024,REG,00-0039872,C.Bishop,Cole Bishop,10,CB,DB,"https://static.www.nfl.com/image/upload/f_auto,q_auto/league/t7mhqnx0g5izqd1zmdh5",BUF,22,21,1,12,1,3,0,0,0,0,0,0,2,0,0,0,0,0,0,0,2,15
2024,REG,00-0039873,D.Carter,DeWayne Carter,5,DT,DL,"https://static.www.nfl.com/image/upload/f_auto,q_auto/league/jevh4sin4lc4eot1ljnb",BUF,11,8,3,3,5,8,0,0,0,3,0,0,1,0,0,0,0,0,0,0,0,0
2024,REG,00-0039877,M.Kamara,Mohamed Kamara,1,OLB,LB,"https://static.www.nfl.com/image/upload/f_auto,q_auto/league/gqurn0hzmydge1pzwuz8",MIA,0,0,0,1,0,0,0,0,0,1,0,0,0,0,0,0,0,0,0,0,0,0
2024,REG,00-0039878,E.Ulofoshio,Edefuan Ulofoshio,1,MLB,LB,"https://static.www.nfl.com/image/upload/f_auto,q_auto/league/jnfdcmdpwoxurhr1hhij",BUF,4,3,1,1,1,0,0,0,0,0,0,0,1,0,0,0,0,0,0,0,0,0
2024,REG,00-0039879,J.Solomon,Javon Solomon,6,DE,DL,"https://static.www.nfl.com/image/upload/f_auto,q_auto/league/ymzh36w3fdeqdiivlzuy",BUF,7,5,2,4,3,2,1,2,28,6,0,0,0,0,0,0,0,1,0,0,0,0
2024,REG,00-0039880,M.Washington,Malik Washington,1,WR,WR,"https://static.www.nfl.com/image/upload/f_auto,q_auto/league/mlnnipvmbl92w7mmr1pa",NE,1,1,0,0,0,0,0,0,0,0,0,0,0,0,0,0,0,0,0,0,0,0
2024,REG,00-0039881,P.McMorris,Patrick McMorris,2,SS,DB,"https://static.www.nfl.com/image/upload/f_auto,q_auto/league/v2fncjaio4kxoaj2aapz",MIA,1,1,0,0,0,0,0,0,0,0,0,0,0,0,0,0,0,0,0,0,1,10
2024,REG,00-0039886,T.Sweat,T'Vondre Sweat,15,NT,DL,"https://static.www.nfl.com/image/upload/f_auto,q_auto/league/hzmtakjnixl6ahn2ixch",TEN,22,16,6,29,4,7,1,1,9,3,0,0,1,0,0,0,0,1,30,0,2,10
2024,REG,00-0039888,Q.Mitchell,Quinyon Mitchell,16,CB,DB,"https://static.www.nfl.com/image/upload/f_auto,q_auto/league/qcwjdkw3lzlljnjaggjf",PHI,37,36,1,9,0,0,0,0,0,0,0,0,12,0,0,0,0,0,0,0,1,5
2024,REG,00-0039889,M.Smith,Maason Smith,10,DT,DL,"https://static.www.nfl.com/image/upload/f_auto,q_auto/league/kgnjmuwqzwzvrpsuqhab",JAX,10,9,1,7,3,2,0,3,9,4,0,0,3,0,0,0,0,0,0,0,0,0
2024,REG,00-0039893,B.Thomas,Brian Thomas,1,WR,WR,"https://static.www.nfl.com/image/upload/f_auto,q_auto/league/gsz15iz0ppibhslzzgch",IND,1,1,0,0,0,0,0,0,0,0,0,0,0,0,0,0,0,0,0,0,0,0
2024,REG,00-0039894,X.Worthy,Xavier Worthy,1,WR,WR,"https://static.www.nfl.com/image/upload/f_auto,q_auto/league/fvzbx5gpiqkogglyoo1w",CIN,1,1,0,0,0,0,0,0,0,0,0,0,0,0,0,0,0,0,0,0,0,0
2024,REG,00-0039895,M.Hall,Michael Hall,8,DT,DL,"https://static.www.nfl.com/image/upload/f_auto,q_auto/league/ykpxjvmielzqpguubka1",CLE,8,6,2,5,3,2,0,1,5,6,0,0,0,0,0,0,0,0,0,0,0,0
2024,REG,00-0039898,M.Sainristil,Mike Sainristil,17,CB,DB,"https://static.www.nfl.com/image/upload/f_auto,q_auto/league/udlw8qhbduz4z49jv3jm",WAS,61,53,8,29,1,0,1,0,0,0,2,38,14,0,0,0,0,1,0,0,3,25
2024,REG,00-0039900,M.Kneeland,Marshawn Kneeland,8,DE,DL,"https://static.www.nfl.com/image/upload/f_auto,q_auto/league/bzmyusvygzhtidlppem6",DAL,8,7,1,5,2,6,0,0,0,3,0,0,1,0,0,0,0,1,0,0,0,0
2024,REG,00-0039901,K.Coleman,Keon Coleman,1,WR,WR,"https://static.www.nfl.com/image/upload/f_auto,q_auto/league/ipwpdgb0cm3xy3d8zu1l",MIA,1,1,0,0,0,0,0,0,0,0,0,0,0,0,0,0,0,0,0,0,0,0
2024,REG,00-0039902,C.Braswell,Chris Braswell,11,OLB,LB,"https://static.www.nfl.com/image/upload/f_auto,q_auto/league/a92ycj88oyuyfzsr3ex8",TB,11,11,0,6,1,0,1,1.5,9.5,8,0,0,0,0,0,0,0,0,0,0,1,14
2024,REG,00-0039903,T.Arnold,Terrion Arnold,16,CB,DB,"https://static.www.nfl.com/image/upload/f_auto,q_auto/league/ubcjs5pu0hx3z2qx1rae",DET,47,43,4,13,0,0,0,0,0,0,0,0,10,0,0,0,0,1,-1,0,11,167
2024,REG,00-0039906,J.Newton,Jer'Zhan Newton,13,DT,DL,"https://static.www.nfl.com/image/upload/f_auto,q_auto/league/hgrxkwfkaiozsegi9sbp",WAS,19,18,1,25,6,10,1,2,8,7,0,0,1,0,0,0,0,1,2,0,3,16
2024,REG,00-0039908,K.Jenkins,Kris Jenkins,14,DT,DL,"https://static.www.nfl.com/image/upload/f_auto,q_auto/league/nuyy0laahr8mf5dojflu",CIN,10,9,1,21,3,0,0,3,15,5,0,0,0,0,0,0,0,0,0,0,0,0
2024,REG,00-0039910,J.Daniels,Jayden Daniels,1,QB,QB,"https://static.www.nfl.com/image/upload/f_auto,q_auto/league/mh9rkwpmq1rgfarg9rpm",DAL,0,0,0,1,0,0,0,0,0,0,0,0,0,0,0,0,0,0,0,0,0,0
2024,REG,00-0039911,C.Robinson,Chop Robinson,16,OLB,LB,"https://static.www.nfl.com/image/upload/f_auto,q_auto/league/z2ysixmozloxbce6oscm",MIA,16,12,4,10,8,4,0,6,43,14,0,0,4,0,0,0,0,0,0,0,3,15
2024,REG,00-0039915,L.McConkey,Ladd McConkey,1,WR,WR,"https://static.www.nfl.com/image/upload/f_auto,q_auto/league/wcx39ialovvxxnvs2bke",CIN,1,1,0,0,0,0,0,0,0,0,0,0,0,0,0,0,0,0,0,0,0,0
2024,REG,00-0039915,L.McConkey,Ladd McConkey,1,WR,WR,"https://static.www.nfl.com/image/upload/f_auto,q_auto/league/wcx39ialovvxxnvs2bke",DEN,1,1,0,0,0,0,0,0,0,0,0,0,0,0,0,0,0,0,0,0,0,0
2024,REG,00-0039916,R.Pearsall,Ricky Pearsall,1,WR,WR,"https://static.www.nfl.com/image/upload/f_auto,q_auto/league/akwepvt6qxwbgankljmv",ARI,1,1,0,0,0,0,0,0,0,0,0,0,0,0,0,0,0,0,0,0,0,0
2024,REG,00-0039917,M.Penix,Michael Penix,1,QB,QB,"https://static.www.nfl.com/image/upload/f_auto,q_auto/league/ono6a9myuvmgmfz1y43t",WAS,0,0,0,1,0,0,0,0,0,0,0,0,0,0,0,0,0,0,0,0,0,0
2024,REG,00-0039919,R.Odunze,Rome Odunze,1,WR,WR,"https://static.www.nfl.com/image/upload/f_auto,q_auto/league/labs8tstecnehvzfmrs5",HOU,1,1,0,0,0,0,0,0,0,0,0,0,0,0,0,0,0,0,0,0,0,0
2024,REG,00-0039920,M.Corley,Malachi Corley,1,WR,WR,"https://static.www.nfl.com/image/upload/f_auto,q_auto/league/wukmdigs85jyubxw0iur",SEA,1,1,0,0,0,0,0,0,0,0,0,0,0,0,0,0,0,0,0,0,0,0
2024,REG,00-0039921,T.Benson,Trey Benson,1,RB,RB,"https://static.www.nfl.com/image/upload/f_auto,q_auto/league/iu0gbspz3kjdqlazvtkn",CHI,1,1,0,0,0,0,0,0,0,0,0,0,0,0,0,0,0,0,0,0,0,0
2024,REG,00-0039921,T.Benson,Trey Benson,1,RB,RB,"https://static.www.nfl.com/image/upload/f_auto,q_auto/league/iu0gbspz3kjdqlazvtkn",SEA,1,1,0,0,0,0,0,0,0,0,0,0,0,0,0,0,0,0,0,0,0,0
2024,REG,00-0039924,D.Turner,Dallas Turner,10,OLB,LB,"https://static.www.nfl.com/image/upload/f_auto,q_auto/league/ltfrhesqku4lkeaewxmd",MIN,10,9,1,7,3,0,0,3,21,5,1,4,1,0,0,0,0,0,0,0,3,27
2024,REG,00-0039925,A.Mims,Amarius Mims,1,T,OL,"https://static.www.nfl.com/image/upload/f_auto,q_auto/league/wd6jgoem3ajvada2h7qx",TEN,0,0,0,1,0,0,0,0,0,0,0,0,0,0,0,0,0,0,0,0,0,0
2024,POST,00-0027865,B.Graham,Brandon Graham,1,DE,DL,"https://static.www.nfl.com/image/upload/f_auto,q_auto/league/e6iqegrredwqev7qx81m",PHI,1,1,0,0,0,0,0,0,0,0,0,0,0,0,0,0,0,0,0,0,0,0
2024,POST,00-0027940,V.Miller,Von Miller,3,DE,DL,"https://static.www.nfl.com/image/upload/f_auto,q_auto/league/qpprquecnqk19xsi0dtj",BUF,1,1,0,1,0,0,0,0,0,1,0,0,0,0,0,0,0,1,39,0,0,0
2024,POST,00-0027969,C.Heyward,Cameron Heyward,1,DT,DL,"https://static.www.nfl.com/image/upload/f_auto,q_auto/league/jroymb3jdu14pusq9wu8",PIT,3,1,2,7,2,3,0,0,0,0,0,0,0,0,0,0,0,0,0,0,0,0
2024,POST,00-0029255,B.Wagner,Bobby Wagner,3,ILB,LB,"https://static.www.nfl.com/image/upload/f_auto,q_auto/league/syrf5eqbgosyxx7zrsso",WAS,12,12,0,13,1,2,0,0.5,1,1,0,0,0,0,0,0,0,1,0,0,0,0
2024,POST,00-0029542,S.Gilmore,Stephon Gilmore,1,CB,DB,"https://static.www.nfl.com/image/upload/f_auto,q_auto/league/rzqv9harev8c0excxzfz",MIN,1,1,0,1,0,0,0,0,0,0,0,0,1,0,0,0,0,0,0,0,0,0
2024,POST,00-0029562,L.David,Lavonte David,1,ILB,LB,"https://static.www.nfl.com/image/upload/f_auto,q_auto/league/sg8cvbhglpfqor2mz44k",TB,3,3,0,5,0,0,0,1,0,0,0,0,0,0,0,0,0,0,0,0,0,0
2024,POST,00-0029606,H.Smith,Harrison Smith,1,SS,DB,"https://static.www.nfl.com/image/upload/f_auto,q_auto/league/mf2e5sc9smu4cj22f4di",MIN,3,3,0,6,0,0,0,0,0,1,0,0,1,0,0,0,0,0,0,0,0,0
2024,POST,00-0030062,D.Slay,Darius Slay,4,CB,DB,"https://static.www.nfl.com/image/upload/f_auto,q_auto/league/ywdvgcxwf6nnfo9r77oz",PHI,12,12,0,2,0,0,0,0,0,0,1,0,5,0,0,0,0,0,0,0,0,0
2024,POST,00-0030294,T.Jefferson,Tony Jefferson,1,SS,DB,"https://static.www.nfl.com/image/upload/f_auto,q_auto/league/bkfls5xzpftiptzybn0j",LAC,2,2,0,1,2,4,1,0,0,0,0,0,0,0,0,0,0,1,0,0,0,0
2024,POST,00-0030757,M.Pennel,Mike Pennel,3,NT,DL,"https://static.www.nfl.com/image/upload/f_auto,q_auto/league/tgxzm3pvwn3uyfuirodr",KC,5,5,0,5,0,0,0,0,0,0,0,0,0,0,0,0,0,0,0,0,0,0
2024,POST,00-0031040,K.Mack,Khalil Mack,1,DE,DL,"https://static.www.nfl.com/image/upload/f_auto,q_auto/league/xgd2ujsu1yhfa0aulchw",LAC,4,4,0,2,2,0,0,2,16,2,0,0,0,0,0,0,0,0,0,0,0,0
2024,POST,00-0031054,D.Jones,DaQuan Jones,3,DT,DL,"https://static.www.nfl.com/image/upload/f_auto,q_auto/league/a8ladzqod3ojmibqytad",BUF,3,3,0,3,0,0,0,0,0,0,0,0,0,0,0,0,0,0,0,0,0,0
2024,POST,00-0031101,S.Barrett,Shaquil Barrett,1,OLB,LB,"https://static.www.nfl.com/image/private/f_auto,q_auto/league/eiilfj6qiri4n9xrclwe",TB,1,1,0,0,0,0,0,0,0,0,0,0,0,0,0,0,0,0,0,0,0,0
2024,POST,00-0031254,D.Autry,Denico Autry,2,DE,DL,"https://static.www.nfl.com/image/upload/f_auto,q_auto/league/pafmcnd47wgvl8q1kulm",HOU,1,1,0,0,1,0,0,1,6,2,0,0,0,0,0,0,0,0,0,0,0,0
2024,POST,00-0031360,K.Van Noy,Kyle Van Noy,2,OLB,LB,"https://static.www.nfl.com/image/upload/f_auto,q_auto/league/izz9mxgcxcx0lydkleke",BAL,2,2,0,2,0,0,0,0.5,0.5,2,0,0,0,0,0,0,0,0,0,0,0,0
2024,POST,00-0031557,J.Phillips,Jordan Phillips,2,DT,DL,"https://static.www.nfl.com/image/upload/f_auto,q_auto/league/iu4ppwzelupya497dxtt",BUF,1,1,0,2,1,0,0,1,7,1,0,0,0,0,0,0,0,0,0,0,1,8
2024,POST,00-0031565,D.Hunter,Danielle Hunter,2,DE,DL,"https://static.www.nfl.com/image/upload/f_auto,q_auto/league/hsgq2reivph5rd48rq4p",HOU,4,4,0,3,0,0,0,0,0,3,0,0,0,0,0,0,0,0,0,0,1,5
2024,POST,00-0031576,Z.Smith,Za'Darius Smith,1,DE,DL,"https://static.www.nfl.com/image/upload/f_auto,q_auto/league/l5t51lcflhhfvxhr1sx3",DET,0,0,0,0,0,0,0,0,0,0,0,0,1,0,0,0,0,0,0,0,0,0
2024,POST,00-0031740,N.Hewitt,Neville Hewitt,1,ILB,LB,"https://static.www.nfl.com/image/upload/f_auto,q_auto/league/tohlmo4ymgsmbe3egoac",HOU,1,1,0,0,0,0,0,0,0,0,0,0,0,0,0,0,0,0,0,0,0,0
2024,POST,00-0031938,C.Davis,Carl Davis,1,NT,DL,"https://static.www.nfl.com/image/upload/f_auto,q_auto/league/ozc21yaswwzhzdbcz0fm",WAS,2,2,0,3,0,0,0,0,0,0,0,0,0,0,0,0,0,0,0,0,0,0
2024,POST,00-0032052,D.Fowler,Dante Fowler,3,OLB,LB,"https://static.www.nfl.com/image/upload/f_auto,q_auto/league/w9hqjfsqi3fzryay68mu",WAS,3,3,0,2,1,5,0,0,0,1,0,0,0,0,0,0,0,0,0,0,1,15
2024,POST,00-0032103,D.Perryman,Denzel Perryman,1,ILB,LB,"https://static.www.nfl.com/image/upload/f_auto,q_auto/league/vxzrfxabkffbe1lg5qcq",LAC,0,0,0,2,0,0,0,0,0,0,0,0,0,0,0,0,0,0,0,0,0,0
2024,POST,00-0032265,M.Edwards,Mario Edwards,2,DT,DL,"https://static.www.nfl.com/image/upload/f_auto,q_auto/league/cia50revbealvw5biusr",HOU,2,2,0,1,1,0,0,1.5,13.5,3,0,0,0,0,0,0,0,0,0,0,0,0
2024,POST,00-0032388,D.Jones,Deion Jones,1,ILB,LB,"https://static.www.nfl.com/image/upload/f_auto,q_auto/league/bewzmz3j2x3kgbydfmhd",TB,1,1,0,1,0,0,0,0,0,0,0,0,1,0,0,0,0,0,0,0,0,0
2024,POST,00-0032399,M.Killebrew,Miles Killebrew,1,SS,DB,"https://static.www.nfl.com/image/upload/f_auto,q_auto/league/hadxrgt3tjv3ceaougsj",PIT,1,1,0,1,0,0,0,0,0,0,0,0,0,0,0,0,0,0,0,0,0,0
2024,POST,00-0032424,D.Reader,D.J. Reader,1,NT,DL,"https://static.www.nfl.com/image/upload/f_auto,q_auto/league/yfvsrhkblzo9sgrrgjix",DET,0,0,0,1,0,0,0,0,0,0,0,0,0,0,0,0,0,0,0,0,0,0
2024,POST,00-0032442,E.Roberts,Elandon Roberts,1,ILB,LB,"https://static.www.nfl.com/image/upload/f_auto,q_auto/league/vbvspu3dh3ijm0gmqh4l",PIT,7,7,0,7,0,0,0,0,0,0,0,0,0,0,0,0,0,0,0,0,0,0
2024,POST,00-0032574,M.Pierce,Michael Pierce,2,NT,DL,"https://static.www.nfl.com/image/upload/f_auto,q_auto/league/k9oastt4cbi9gpksewri",BAL,1,1,0,5,1,0,0,1,4,1,0,0,0,0,0,0,0,0,0,0,0,0
2024,POST,00-0032671,M.Fox,Morgan Fox,1,DT,DL,"https://static.www.nfl.com/image/upload/f_auto,q_auto/league/mfqea9ql1fhomn2cognj",LAC,1,1,0,1,0,0,0,0,0,0,0,0,0,0,0,0,0,0,0,0,0,0
2024,POST,00-0032762,C.Jones,Chris Jones,3,DT,DL,"https://static.www.nfl.com/image/upload/f_auto,q_auto/league/bdoe3dkg1rej1tiqakb1",KC,1,1,0,4,1,0,0,1,12,5,0,0,0,0,0,0,0,0,0,0,0,0
2024,POST,00-0032763,A.Johnson,Austin Johnson,3,DT,DL,"https://static.www.nfl.com/image/upload/f_auto,q_auto/league/ggb026caft3iv7codtxe",BUF,3,2,1,4,1,1,0,0,0,0,0,0,0,0,0,0,0,0,0,0,0,0
2024,POST,00-0033010,S.Day,Sheldon Day,2,DT,DL,"https://static.www.nfl.com/image/upload/f_auto,q_auto/league/cxw7fnka7letqbn7e1h3",WAS,0,0,0,1,0,0,0,0,0,1,0,0,0,0,0,0,0,0,0,0,0,0
2024,POST,00-0033038,E.Murray,Eric Murray,2,FS,DB,"https://static.www.nfl.com/image/upload/f_auto,q_auto/league/odk8nhmepeqj3rdljafn",HOU,8,7,1,3,0,0,0,0,0,1,1,38,2,1,0,0,0,0,0,0,0,0
2024,POST,00-0033046,J.Ward,Jihad Ward,1,OLB,LB,"https://static.www.nfl.com/image/upload/f_auto,q_auto/league/qhdntz1hu7fboet6gsdg",MIN,0,0,0,2,0,0,0,0,0,0,0,0,0,0,0,0,0,0,0,0,0,0
2024,POST,00-0033093,J.Bullard,Jonathan Bullard,1,DE,DL,"https://static.www.nfl.com/image/upload/f_auto,q_auto/league/shtrimq73t4hqsojvxcf",MIN,1,0,1,0,0,0,0,0,0,0,0,0,0,0,0,0,0,0,0,0,1,5
2024,POST,00-0033120,K.Clark,Kenny Clark,1,DT,DL,"https://static.www.nfl.com/image/upload/f_auto,q_auto/league/tyzoow2xs7xp9kqh20dw",GB,2,2,0,3,0,0,0,0,0,0,0,0,0,0,0,0,0,0,0,0,0,0
2024,POST,00-0033156,J.Bosa,Joey Bosa,1,DE,DL,"https://static.www.nfl.com/image/upload/f_auto,q_auto/league/mlrnkg2xcymq7ilodar5",LAC,1,1,0,1,1,0,0,1,5,1,0,0,0,0,0,0,0,0,0,0,1,5
2024,POST,00-0033281,M.Humphrey,Marlon Humphrey,2,CB,DB,"https://static.www.nfl.com/image/upload/f_auto,q_auto/league/z76v2oy3pduhaugfzs3t",BAL,4,4,0,4,0,0,0,0,0,1,0,0,0,0,0,0,0,0,0,0,0,0
2024,POST,00-0033297,D.Jones,D.J. Jones,1,NT,DL,"https://static.www.nfl.com/image/upload/f_auto,q_auto/league/vyntblgpp0dtgpvckebc",DEN,5,4,1,2,1,0,0,1,3,1,0,0,0,0,0,0,0,0,0,0,0,0
2024,POST,00-0033445,N.Morrow,Nicholas Morrow,1,ILB,LB,"https://static.www.nfl.com/image/upload/f_auto,q_auto/league/cqugkutgtlbtxjiadzzq",PHI,1,1,0,0,0,0,0,0,0,0,0,0,0,0,0,0,0,0,0,0,0,0
2024,POST,00-0033512,D.Kazee,Damontae Kazee,1,SS,DB,"https://static.www.nfl.com/image/upload/f_auto,q_auto/league/qjzpwvhklyf4pjds8nwe",PIT,3,3,0,0,0,0,0,0,0,0,0,0,0,0,0,0,0,0,0,0,0,0
2024,POST,00-0033523,J.Allen,Jonathan Allen,2,DT,DL,"https://static.www.nfl.com/image/upload/f_auto,q_auto/league/lezh4kpghvllvbriih5a",WAS,4,4,0,2,1,3,0,0,0,2,0,0,0,0,0,0,0,0,0,0,2,0
2024,POST,00-0033551,R.Douglas,Rasul Douglas,3,CB,DB,"https://static.www.nfl.com/image/upload/f_auto,q_auto/league/ckyphq6brbau8lhgbt6j",BUF,12,12,0,4,0,0,0,0,0,0,0,0,0,0,0,0,0,0,0,0,0,0
2024,POST,00-0033571,M.Milano,Matt Milano,3,OLB,LB,"https://static.www.nfl.com/image/upload/f_auto,q_auto/league/wic0vfbw2xj3a5yjgwf4",BUF,12,12,0,5,1,0,0,2,5,5,0,0,0,0,0,0,0,0,0,0,1,15
2024,POST,00-0033783,A.Witherspoon,Ahkello Witherspoon,2,CB,DB,"https://static.www.nfl.com/image/upload/f_auto,q_auto/league/s0ugeantfk8glnsstdwe",LA,5,5,0,0,1,0,1,1,5,1,0,0,0,0,0,0,0,0,0,0,1,15
2024,POST,00-0033784,E.Jackson,Eddie Jackson,1,FS,DB,"https://static.www.nfl.com/image/upload/f_auto,q_auto/league/ixwxc8m6qpilrwnuxfff",LAC,1,1,0,0,0,0,0,0,0,0,0,0,0,0,0,0,0,0,0,0,0,0
2024,POST,00-0033862,Z.Gonzalez,Zane Gonzalez,1,K,SPEC,"https://static.www.nfl.com/image/private/f_auto,q_auto/league/nakwlogvi2qucsdu69wr",WAS,0,0,0,0,0,0,0,0,0,0,0,0,0,0,0,0,0,0,0,0,1,0
2024,POST,00-0033874,M.Lattimore,Marshon Lattimore,3,CB,DB,"https://static.www.nfl.com/image/upload/f_auto,q_auto/league/z4npwlwl5teozc1lp8ky",WAS,11,10,1,4,1,1,0,0,0,0,0,0,2,0,0,0,0,0,0,0,3,28
2024,POST,00-0033876,D.Barnett,Derek Barnett,1,DE,DL,"https://static.www.nfl.com/image/upload/f_auto,q_auto/league/zmd1moeoqrnfttpb2diu",HOU,1,1,0,0,0,0,0,0,0,0,0,0,0,0,0,0,0,0,0,0,0,0
2024,POST,00-0033884,T.White,Tre'Davious White,1,CB,DB,"https://static.www.nfl.com/image/upload/f_auto,q_auto/league/xlgqko9tehzohbgnou0v",BAL,1,1,0,0,0,0,0,0,0,0,0,0,0,0,0,0,0,0,0,0,1,18
2024,POST,00-0033905,L.Ogunjobi,Larry Ogunjobi,1,DT,DL,"https://static.www.nfl.com/image/upload/f_auto,q_auto/league/ku6hytxqrto1u4zn8al8",PIT,1,1,0,1,0,0,0,0,0,0,0,0,0,0,0,0,0,0,0,0,0,0
2024,POST,00-0033907,D.Smoot,Dawuane Smoot,2,DE,DL,"https://static.www.nfl.com/image/upload/f_auto,q_auto/league/jaueg1ulkscyum1blewn",BUF,0,0,0,1,0,0,0,0,0,3,0,0,0,0,0,0,0,0,0,0,0,0
2024,POST,00-0033914,A.Anzalone,Alex Anzalone,1,ILB,LB,"https://static.www.nfl.com/image/upload/f_auto,q_auto/league/xqnraw1s62bbbsdffztm",DET,12,11,1,1,2,5,0,0,0,0,0,0,0,0,0,0,0,0,0,0,0,0
2024,POST,00-0033926,S.Griffin,Shaquill Griffin,1,CB,DB,"https://static.www.nfl.com/image/upload/f_auto,q_auto/league/jybewrw2vsf17rxds4tv",MIN,1,1,0,0,0,0,0,0,0,0,0,0,0,0,0,0,0,0,0,0,0,0
2024,POST,00-0033927,J.Johnson,John Johnson,1,SS,DB,"https://static.www.nfl.com/image/private/f_auto,q_auto/league/herqvjadd4i3jbhwszqt",LA,0,0,0,0,0,0,0,0,0,0,0,0,1,0,0,0,0,0,0,0,0,0
2024,POST,00-0033929,M.Adams,Montravius Adams,1,NT,DL,"https://static.www.nfl.com/image/upload/f_auto,q_auto/league/weqjlnkvdzbk0usa3v7i",PIT,0,0,0,1,0,0,0,0,0,0,0,0,0,0,0,0,0,0,0,0,0,0
2024,POST,00-0033930,C.Sutton,Cameron Sutton,1,CB,DB,"https://static.www.nfl.com/image/upload/f_auto,q_auto/league/rykly25j9mir0ygcnrs6",PIT,2,2,0,0,0,0,0,0,0,0,0,0,0,0,0,0,0,0,0,0,0,0
2024,POST,00-0033964,A.Muhammad,Al-Quadin Muhammad,1,DE,DL,"https://static.www.nfl.com/image/private/f_auto,q_auto/league/qgzgezkkoycldlnaatq8",DET,1,1,0,0,1,1,0,0,0,0,0,0,0,0,0,0,0,0,0,0,0,0
2024,POST,00-0034203,D.Williams,Darious Williams,2,CB,DB,"https://static.www.nfl.com/image/upload/f_auto,q_auto/league/dewntuji0qaai8mlayq4",LA,3,3,0,3,1,0,0,0,0,0,0,0,2,0,0,0,0,0,0,0,0,0
2024,POST,00-0034234,P.Ford,Poona Ford,1,DE,DL,"https://static.www.nfl.com/image/upload/f_auto,q_auto/league/x2cokuzcjrtr9acici6e",LAC,3,3,0,0,1,1,0,0,0,1,0,0,0,0,0,0,0,0,0,0,0,0
2024,POST,00-0034264,J.Holmes,Jalyn Holmes,2,DE,DL,"https://static.www.nfl.com/image/upload/f_auto,q_auto/league/oz0tnktobolewzq0rjpq",WAS,3,3,0,0,1,1,0,0,0,0,0,0,0,0,0,0,0,0,0,0,0,0
2024,POST,00-0034275,F.Fatukasi,Folorunso Fatukasi,2,DT,DL,"https://static.www.nfl.com/image/upload/f_auto,q_auto/league/ttcdigwndhyvmhvgof25",HOU,2,1,1,1,1,2,0,0,0,0,0,0,0,0,0,0,0,0,0,0,0,0
2024,POST,00-0034277,D.Elliott,DeShon Elliott,1,FS,DB,"https://static.www.nfl.com/image/upload/f_auto,q_auto/league/vzt60vlmz7hzkbbr7f1x",PIT,5,5,0,0,0,0,0,0,0,0,0,0,1,0,0,0,0,0,0,0,0,0
2024,POST,00-0034302,F.Luvu,Frankie Luvu,3,ILB,LB,"https://static.www.nfl.com/image/upload/f_auto,q_auto/league/tirwphxxgjmqhf2ucs9h",WAS,10,10,0,7,2,3,0,1,9,1,0,0,0,0,0,0,0,1,0,0,3,3
2024,POST,00-0034333,D.Payne,Daron Payne,2,DT,DL,"https://static.www.nfl.com/image/upload/f_auto,q_auto/league/wyy5j7epmu2idqfwjhcr",WAS,1,1,0,0,0,0,0,0,0,1,0,0,0,0,0,0,0,0,0,0,0,0
2024,POST,00-0034356,D.Jackson,Donte Jackson,1,CB,DB,"https://static.www.nfl.com/image/upload/f_auto,q_auto/league/f5yk4vm8o1oct6webfp7",PIT,1,1,0,1,0,0,0,0,0,0,0,0,0,0,0,0,0,0,0,0,0,0
2024,POST,00-0034361,J.Reid,Justin Reid,3,SS,DB,"https://static.www.nfl.com/image/private/f_auto,q_auto/league/hcj2bp24j6zxngejcosp",KC,14,14,0,5,1,0,0,0,0,1,0,0,1,0,0,0,0,0,0,0,1,1
2024,POST,00-0034373,D.Armstrong,Dorance Armstrong,3,DE,DL,"https://static.www.nfl.com/image/upload/f_auto,q_auto/league/cdapnpgtde1mdf7r8l5e",WAS,4,4,0,5,3,0,1,3.5,24,4,0,0,0,0,0,0,0,0,0,0,1,15
2024,POST,00-0034376,T.Johnson,Taron Johnson,3,CB,DB,"https://static.www.nfl.com/image/upload/f_auto,q_auto/league/kowgpthenolgwlcwdvz4",BUF,7,7,0,4,0,0,0,0,0,0,0,0,1,0,0,0,0,0,0,0,0,0
2024,POST,00-0034377,A.Maddox,Avonte Maddox,2,CB,DB,"https://static.www.nfl.com/image/upload/f_auto,q_auto/league/fwzfhbgtcauaags08zlf",PHI,1,1,0,0,0,0,0,0,0,0,0,0,1,0,0,0,0,0,0,0,0,0
2024,POST,00-0034381,J.Sweat,Josh Sweat,4,OLB,LB,"https://static.www.nfl.com/image/upload/f_auto,q_auto/league/a9hwqejfdixaw2uhbsmz",PHI,5,5,0,5,3,2,0,2.5,11,3,0,0,0,0,0,0,0,0,0,0,0,0
2024,POST,00-0034397,T.Settle,Tim Settle,1,DT,DL,"https://static.www.nfl.com/image/upload/f_auto,q_auto/league/lbnvw1hpdqovuj7bkym9",HOU,1,1,0,1,1,1,0,0,0,0,0,0,0,0,0,0,0,0,0,0,0,0
2024,POST,00-0034754,O.Burks,Oren Burks,4,OLB,LB,"https://static.www.nfl.com/image/upload/f_auto,q_auto/league/xlisbfbwvpcjqkjlmtjy",PHI,15,15,0,9,3,2,1,1,6,2,0,0,1,0,0,0,0,0,0,0,0,0
2024,POST,00-0034773,V.Vea,Vita Vea,1,NT,DL,"https://static.www.nfl.com/image/upload/f_auto,q_auto/league/xsdlwaexrxhkbgqqe7nq",TB,0,0,0,1,0,0,0,0,0,1,0,0,0,0,0,0,0,0,0,0,0,0
2024,POST,00-0034782,H.Phillips,Harrison Phillips,1,NT,DL,"https://static.www.nfl.com/image/upload/f_auto,q_auto/league/kgdz7jtiokfv4qdeldbr",MIN,0,0,0,1,0,0,0,0,0,0,0,0,0,0,0,0,0,0,0,0,0,0
2024,POST,00-0034787,C.Board,Chris Board,2,ILB,LB,"https://static.www.nfl.com/image/upload/f_auto,q_auto/league/cohwnf1ebc79gp0ufeu8",BAL,0,0,0,2,0,0,0,0,0,0,0,0,0,0,0,0,0,0,0,0,0,0
2024,POST,00-0034789,M.Fitzpatrick,Minkah Fitzpatrick,1,FS,DB,"https://static.www.nfl.com/image/upload/f_auto,q_auto/league/rchs52os6xjfl4eczpw8",PIT,5,5,0,4,0,0,0,0,0,0,0,0,0,0,0,0,0,0,0,0,0,0
2024,POST,00-0034790,D.James,Derwin James,1,SS,DB,"https://static.www.nfl.com/image/upload/f_auto,q_auto/league/vhkbrloqr0llf08voms0",LAC,5,3,2,2,1,2,0,0,0,0,0,0,1,0,0,0,0,1,5,0,0,0
2024,POST,00-0034818,D.Nnadi,Derrick Nnadi,2,DT,DL,"https://static.www.nfl.com/image/private/f_auto,q_auto/league/fokp5h37zl5qkfsachb3",KC,3,3,0,1,0,0,0,0,0,0,0,0,0,0,0,0,0,0,0,0,0,0
2024,POST,00-0034855,B.Mayfield,Baker Mayfield,1,QB,QB,"https://static.www.nfl.com/image/upload/f_auto,q_auto/league/xrbgtbyy8a7l0ux13hjy",WAS,1,1,0,0,0,0,0,0,0,0,0,0,0,0,0,0,0,0,0,0,0,0
2024,POST,00-0034874,R.Smith,Roquan Smith,2,ILB,LB,"https://static.www.nfl.com/image/upload/f_auto,q_auto/league/xazeejac1mkh52qwmioj",BAL,6,5,1,7,0,0,0,0,0,0,0,0,0,0,0,0,0,0,0,0,0,0
2024,POST,00-0034967,R.Gary,Rashan Gary,1,DE,DL,"https://static.www.nfl.com/image/private/f_auto,q_auto/league/t4clz4xe8sfxszmvohfo",GB,1,1,0,2,1,0,0,1,7,1,0,0,0,0,0,0,0,0,0,0,0,0
2024,POST,00-0034975,J.Hill,Justice Hill,1,RB,RB,"https://static.www.nfl.com/image/upload/f_auto,q_auto/league/jeeq17ah67zxc6vdamhk",BUF,1,1,0,0,0,0,0,0,0,0,0,0,0,0,0,0,0,0,0,0,0,0
2024,POST,00-0035133,K.Nixon,Keisean Nixon,1,CB,DB,"https://static.www.nfl.com/image/upload/f_auto,q_auto/league/zsxo7tlynx1uzjvp0vpf",GB,1,1,0,1,0,0,0,0,0,0,0,0,0,0,0,0,0,0,0,0,1,15
2024,POST,00-0035150,K.Boyd,Kris Boyd,1,CB,DB,"https://static.www.nfl.com/image/upload/f_auto,q_auto/league/m4mypipricmwh7lfemgo",HOU,0,0,0,0,0,0,0,0,0,0,0,0,0,0,0,0,0,0,0,0,1,13
2024,POST,00-0035166,A.Al-Shaair,Azeez Al-Shaair,2,ILB,LB,"https://static.www.nfl.com/image/upload/f_auto,q_auto/league/ds54eikn20fpelbmft71",HOU,5,5,0,7,0,0,0,0,0,2,0,0,0,0,0,0,0,0,0,0,0,0
2024,POST,00-0035202,D.Phillips,Del'Shawn Phillips,1,OLB,LB,"https://static.www.nfl.com/image/upload/f_auto,q_auto/league/f4t6he54ihdvf5pjsqm6",HOU,1,1,0,0,1,18,0,0,0,0,0,0,0,0,0,0,0,0,0,1,0,0
2024,POST,00-0035227,P.Locke,P.J. Locke,1,FS,DB,"https://static.www.nfl.com/image/upload/f_auto,q_auto/league/lklzvxfizwibmugrw5oa",DEN,5,5,0,5,0,0,0,0,0,0,0,0,0,0,0,0,0,0,0,0,0,0
2024,POST,00-0035230,E.Oliver,Ed Oliver,2,DT,DL,"https://static.www.nfl.com/image/upload/f_auto,q_auto/league/fbog7lunnqjxm1d6j5jj",BUF,2,2,0,5,1,1,0,0,0,2,0,0,0,0,0,0,0,1,0,0,1,5
2024,POST,00-0035236,B.Murphy,Byron Murphy,1,CB,DB,"https://static.www.nfl.com/image/upload/f_auto,q_auto/league/secfzfwznyhcgiow4rvq",MIN,2,2,0,1,1,0,0,0,0,0,0,0,0,0,0,0,0,0,0,0,0,0
2024,POST,00-0035248,Z.Allen,Zach Allen,1,DE,DL,"https://static.www.nfl.com/image/upload/f_auto,q_auto/league/pucwjzb9v4jdcxaw7sap",DEN,4,4,0,1,2,1,0,1,8,2,0,0,0,0,0,0,0,0,0,0,0,0
2024,POST,00-0035253,C.Gardner-Johnson,Chauncey Gardner-Johnson,3,SS,DB,"https://static.www.nfl.com/image/upload/f_auto,q_auto/league/ew8vljcbtzvwnwdfth1v",PHI,9,9,0,5,1,1,0,0,0,0,0,0,0,0,0,0,0,0,0,0,0,0
2024,POST,00-0035254,A.Nelson,Anthony Nelson,1,OLB,LB,"https://static.www.nfl.com/image/upload/f_auto,q_auto/league/zdyfdf3ei22btsolqqat",TB,1,1,0,4,0,0,0,0,0,0,0,0,0,0,0,0,0,0,0,0,0,0
2024,POST,00-0035262,D.Tranquill,Drue Tranquill,3,ILB,LB,"https://static.www.nfl.com/image/private/f_auto,q_auto/league/kag56opaxhhajhfqt3nk",KC,12,12,0,13,2,1,1,1,5,2,0,0,0,0,0,0,0,0,0,0,0,0
2024,POST,00-0035272,A.Van Ginkel,Andrew Van Ginkel,1,OLB,LB,"https://static.www.nfl.com/image/upload/f_auto,q_auto/league/c4d7l9millp4ow5dj4uh",MIN,1,1,0,2,1,0,0,1,7,1,0,0,0,0,0,0,0,0,0,0,0,0
2024,POST,00-0035276,B.Cashman,Blake Cashman,1,ILB,LB,"https://static.www.nfl.com/image/upload/f_auto,q_auto/league/mvui8tjkoewkupyncbok",MIN,5,5,0,6,0,0,0,1,0,1,0,0,0,0,0,0,0,0,0,0,1,15
2024,POST,00-0035279,C.Omenihu,Charles Omenihu,3,DE,DL,"https://static.www.nfl.com/image/private/f_auto,q_auto/league/n7hyavaepvuienrmh9bi",KC,6,5,1,3,3,2,1,1,3,1,0,0,1,0,0,0,0,0,0,0,2,10
2024,POST,00-0035357,C.Lewis,Cameron Lewis,2,FS,DB,"https://static.www.nfl.com/image/private/f_auto,q_auto/league/cv2vtd0bajxfuet07bl7",BUF,3,3,0,1,0,0,1,0,0,0,0,0,0,0,0,0,0,0,0,0,0,0
2024,POST,00-0035663,T.Rapp,Taylor Rapp,2,SS,DB,"https://static.www.nfl.com/image/upload/f_auto,q_auto/league/hbddw85y7u2tupcyx56m",BUF,1,1,0,2,0,0,0,0,0,0,1,0,1,0,0,0,0,0,0,0,0,0
2024,POST,00-0035667,G.Gaines,Greg Gaines,1,NT,DL,"https://static.www.nfl.com/image/upload/f_auto,q_auto/league/xbdsyuwzz86sbc2euifo",TB,3,1,2,3,1,1,0,0,0,0,0,0,0,0,0,0,0,0,0,0,0,0
2024,POST,00-0035672,C.Barton,Cody Barton,1,MLB,LB,"https://static.www.nfl.com/image/upload/f_auto,q_auto/league/f6oxa6q8svj1apvlni14",DEN,2,2,0,6,0,0,0,0,0,0,0,0,0,0,0,0,0,0,0,0,0,0
2024,POST,00-0035692,C.Ferrell,Clelin Ferrell,3,DE,DL,"https://static.www.nfl.com/image/upload/f_auto,q_auto/league/rskwfp5ry0pabky8h4qs",WAS,2,2,0,2,0,0,0,0,0,1,0,0,1,0,0,0,0,0,0,0,0,0
2024,POST,00-0035699,J.Dean,Jamel Dean,1,CB,DB,"https://static.www.nfl.com/image/private/f_auto,q_auto/league/s0k1zs9nyl2cqsjwf5cs",TB,3,3,0,1,0,0,0,0,0,0,0,0,1,0,0,0,0,0,0,0,1,5
2024,POST,00-0035763,M.Roach,Malcolm Roach,1,DT,DL,"https://static.www.nfl.com/image/upload/f_auto,q_auto/league/slssc1tyijjqxa8vjwe4",DEN,1,1,0,0,0,0,0,0,0,0,0,0,0,0,0,0,0,0,0,0,0,0
2024,POST,00-0035890,T.Wharton,Tershawn Wharton,3,DT,DL,"https://static.www.nfl.com/image/private/f_auto,q_auto/league/pbuynfvzq7bojcivxbba",KC,5,5,0,3,1,0,0,2,8,3,0,0,0,0,0,0,0,0,0,0,0,0
2024,POST,00-0035933,M.Hoecht,Michael Hoecht,2,OLB,LB,"https://static.www.nfl.com/image/upload/f_auto,q_auto/league/x7dptdtfop48cak3l5os",LA,1,1,0,5,0,0,0,0.5,6.5,2,0,0,0,0,0,0,0,0,0,0,0,0
2024,POST,00-0035942,C.Rozeboom,Christian Rozeboom,2,ILB,LB,"https://static.www.nfl.com/image/upload/f_auto,q_auto/league/x8fvmeu8teeqpoi4bkx6",LA,11,11,0,4,0,0,0,0,0,0,0,0,0,0,0,0,0,0,0,0,0,0
2024,POST,00-0036081,B.Washington,Broderick Washington,2,DE,DL,"https://static.www.nfl.com/image/upload/f_auto,q_auto/league/emh0zmsonamylgrr7hmv",BAL,2,2,0,1,0,0,0,0,0,0,0,0,0,0,0,0,0,0,0,0,0,0
2024,POST,00-0036087,M.Bryant,Myles Bryant,2,CB,DB,"https://static.www.nfl.com/image/upload/f_auto,q_auto/league/bzbwwwemnsuw2pveglco",HOU,4,4,0,3,0,0,0,0,0,0,0,0,3,0,0,0,0,0,0,0,0,0
2024,POST,00-0036130,N.Madubuike,Nnamdi Madubuike,2,DT,DL,"https://static.www.nfl.com/image/upload/f_auto,q_auto/league/jqjavitaoxp8al5ddury",BAL,5,5,0,6,1,0,0,2.5,8.5,2,0,0,1,0,0,0,0,0,0,0,0,0
2024,POST,00-0036158,J.Dobbins,J.K. Dobbins,1,RB,RB,"https://static.www.nfl.com/image/upload/f_auto,q_auto/league/rbuyzj3kv10xrq1rfy2l",HOU,1,1,0,0,0,0,0,0,0,0,0,0,0,0,0,0,0,0,0,0,0,0
2024,POST,00-0036181,T.Tart,Teair Tart,1,DT,DL,"https://static.www.nfl.com/image/upload/f_auto,q_auto/league/u9vwnpfhorxtehq9yfgc",LAC,2,2,0,1,0,0,0,0,0,0,0,0,0,0,0,0,0,0,0,0,0,0
2024,POST,00-0036192,A.Epenesa,A.J. Epenesa,3,DE,DL,"https://static.www.nfl.com/image/upload/f_auto,q_auto/league/cuvz6epit4d0o8grclqm",BUF,4,3,1,4,2,6,0,0,0,1,0,0,0,0,0,0,0,0,0,0,0,0
2024,POST,00-0036221,B.Jones,Brandon Jones,1,FS,DB,"https://static.www.nfl.com/image/upload/f_auto,q_auto/league/cxjsqih3bzvgebahj2vm",DEN,5,5,0,2,0,0,0,0,0,0,0,0,0,0,0,0,0,0,0,0,1,15
2024,POST,00-0036222,I.Rodgers,Isaiah Rodgers,3,CB,DB,"https://static.www.nfl.com/image/upload/f_auto,q_auto/league/l8pzeettxf7tlqyd9pdq",PHI,5,5,0,1,0,0,0,0,0,0,0,0,3,0,0,0,0,1,40,0,0,0
2024,POST,00-0036224,J.Greenard,Jonathan Greenard,1,OLB,LB,"https://static.www.nfl.com/image/upload/f_auto,q_auto/league/a8ztocyqrsxgmczzdyum",MIN,2,2,0,1,0,0,0,0,0,1,0,0,0,0,0,0,0,0,0,0,0,0
2024,POST,00-0036280,M.Harrison,Malik Harrison,2,OLB,LB,"https://static.www.nfl.com/image/upload/f_auto,q_auto/league/ee7bygptv2xsx5zmbz5n",BAL,7,6,1,4,1,1,0,0,0,0,0,0,0,0,0,0,0,0,0,0,0,0
2024,POST,00-0036287,N.Igbinoghene,Noah Igbinoghene,3,CB,DB,"https://static.www.nfl.com/image/upload/f_auto,q_auto/league/hyu05mp0m5bstdoi0wdx",WAS,7,6,1,3,2,3,0,0,0,0,0,0,0,0,0,0,0,0,0,0,1,3
2024,POST,00-0036293,J.Chinn,Jeremy Chinn,3,FS,DB,"https://static.www.nfl.com/image/upload/f_auto,q_auto/league/gpnjvydi7tbdpgnj8qsu",WAS,15,15,0,11,0,0,0,0,0,0,1,7,1,0,0,0,0,0,0,0,1,17
2024,POST,00-0036300,M.Walker,Mykal Walker,2,ILB,LB,"https://static.www.nfl.com/image/upload/f_auto,q_auto/league/vqtkjvofluphrh6ft0c8",WAS,0,0,0,2,0,0,0,0,0,0,0,0,0,0,0,0,0,0,0,0,0,0
2024,POST,00-0036307,K.Vildor,Kindle Vildor,1,CB,DB,"https://static.www.nfl.com/image/upload/f_auto,q_auto/league/dpohdktdlsl1ywzmdzxq",DET,1,1,0,0,0,0,0,0,0,0,0,0,1,0,0,0,0,0,0,0,0,0
2024,POST,00-0036323,P.Queen,Patrick Queen,1,ILB,LB,"https://static.www.nfl.com/image/upload/f_auto,q_auto/league/tj2gq3nboh0vj8v3oknk",PIT,4,4,0,6,1,0,0,0,0,0,0,0,0,0,0,0,0,0,0,0,0,0
2024,POST,00-0036333,A.Highsmith,Alex Highsmith,1,OLB,LB,"https://static.www.nfl.com/image/upload/f_auto,q_auto/league/pid301mbi8xc7jkg8c6q",PIT,1,1,0,1,1,0,0,1,10,1,0,0,0,0,0,0,0,0,0,0,0,0
2024,POST,00-0036338,T.Dye,Troy Dye,1,ILB,LB,"https://static.www.nfl.com/image/upload/f_auto,q_auto/league/ulex6ncnpb7cmg7fobfi",LAC,6,6,0,2,0,0,0,0,0,0,0,0,1,0,0,0,0,0,0,0,0,0
2024,POST,00-0036339,K.Dotson,Kevin Dotson,1,G,OL,"https://static.www.nfl.com/image/upload/f_auto,q_auto/league/lh2fbjpgy0ywkrjij8wr",PHI,1,1,0,0,0,0,0,0,0,0,0,0,0,0,0,0,0,0,0,0,0,0
2024,POST,00-0036348,J.Metellus,Josh Metellus,1,SS,DB,"https://static.www.nfl.com/image/upload/f_auto,q_auto/league/wsxqgmbzst27b2amst6l",MIN,2,1,1,1,0,0,0,0,0,0,0,0,0,0,0,0,0,0,0,0,0,0
2024,POST,00-0036349,K.Curl,Kamren Curl,2,SS,DB,"https://static.www.nfl.com/image/upload/f_auto,q_auto/league/oihhttjh3an2dn1ggdxh",LA,5,4,1,3,1,2,0,0,0,0,0,0,0,0,0,0,0,0,0,0,0,0
2024,POST,00-0036366,N.Gallimore,Neville Gallimore,2,NT,DL,"https://static.www.nfl.com/image/upload/f_auto,q_auto/league/jjrzqppvoy8vbhiutdsb",LA,3,3,0,3,2,0,0,2.5,19.5,3,0,0,0,0,0,0,0,0,0,1,0,0
2024,POST,00-0036375,A.Robertson,Amik Robertson,1,CB,DB,"https://static.www.nfl.com/image/upload/f_auto,q_auto/league/s1s05itajekmsto2zash",DET,1,1,0,0,0,0,0,0,0,0,0,0,0,0,0,0,0,0,0,0,0,0
2024,POST,00-0036378,M.Danna,Michael Danna,3,DE,DL,"https://static.www.nfl.com/image/private/f_auto,q_auto/league/oiywq8es1rm2rjnpbouw",KC,2,2,0,5,1,0,1,1,10,2,0,0,0,0,0,0,0,0,0,0,1,5
2024,POST,00-0036380,A.Gilman,Alohi Gilman,1,SS,DB,"https://static.www.nfl.com/image/upload/f_auto,q_auto/league/art29msb8cif1rzoowih",LAC,4,4,0,5,0,0,1,0,0,0,0,0,1,0,0,0,0,0,0,0,0,0
2024,POST,00-0036388,X.McKinney,Xavier McKinney,1,FS,DB,"https://static.www.nfl.com/image/upload/f_auto,q_auto/league/vvjc67dqz3mjghgkdr8v",GB,2,2,0,3,0,0,0,0,0,0,0,0,0,0,0,0,0,0,0,0,0,0
2024,POST,00-0036411,A.Winfield,Antoine Winfield,1,FS,DB,"https://static.www.nfl.com/image/upload/f_auto,q_auto/league/ljw68n2jwngfvfzjozr5",TB,3,3,0,4,0,0,0,0,0,0,0,0,0,0,0,0,0,0,0,0,0,0
2024,POST,00-0036416,K.Fulton,Kristian Fulton,1,CB,DB,"https://static.www.nfl.com/image/upload/f_auto,q_auto/league/pcucmujvuzuhnyqucply",LAC,3,3,0,0,0,0,0,0,0,0,0,0,0,0,0,0,0,0,0,0,0,0
2024,POST,00-0036418,Z.Baun,Zack Baun,4,OLB,LB,"https://static.www.nfl.com/image/upload/f_auto,q_auto/league/a5af4wko6icpw9gemzk5",PHI,19,19,0,13,2,4,1,0,0,1,2,16,3,0,0,0,0,2,0,0,0,0
2024,POST,00-0036428,J.Strnad,Justin Strnad,1,ILB,LB,"https://static.www.nfl.com/image/upload/f_auto,q_auto/league/stbosgbam9spl9ig7kiq",DEN,4,4,0,1,0,0,0,0,0,0,0,0,0,0,0,0,0,0,0,0,0,0
2024,POST,00-0036550,R.Bateman,Rashod Bateman,1,WR,WR,"https://static.www.nfl.com/image/upload/f_auto,q_auto/league/jkcapzvd65fxivefjv8l",BUF,1,1,0,0,0,0,0,0,0,0,0,0,0,0,0,0,0,0,0,0,0,0
2024,POST,00-0036587,A.Washington,Ar'Darius Washington,2,FS,DB,"https://static.www.nfl.com/image/upload/f_auto,q_auto/league/ptjh8ufk5zfpdc0yrpeq",BAL,7,7,0,4,0,0,0,0,0,0,0,0,0,0,0,0,0,0,0,0,0,0
2024,POST,00-0036621,N.Bolton,Nick Bolton,3,ILB,LB,"https://static.www.nfl.com/image/upload/f_auto,q_auto/league/ystbhd2gmugyrwvrh7ms",KC,11,10,1,9,2,1,0,0,0,1,0,0,1,0,0,0,0,0,0,0,2,20
2024,POST,00-0036625,B.St-Juste,Benjamin St-Juste,1,CB,DB,"https://static.www.nfl.com/image/upload/f_auto,q_auto/league/vdgtpnhmwjqdlegth3l9",WAS,2,2,0,0,0,0,0,0,0,0,0,0,0,0,0,0,0,0,0,0,0,0
2024,POST,00-0036629,C.Bynum,Camryn Bynum,1,FS,DB,"https://static.www.nfl.com/image/upload/f_auto,q_auto/league/zhej6yhknmhqxvhzimww",MIN,1,1,0,2,0,0,0,0,0,0,0,0,0,0,0,0,0,0,0,0,0,0
2024,POST,00-0036642,T.Slaton,Tedarrell Slaton,1,DT,DL,"https://static.www.nfl.com/image/private/f_auto,q_auto/league/a2xoezbu6p8rg0dfl7fz",GB,2,2,0,1,1,2,0,0,0,0,0,0,0,0,0,0,0,0,0,0,1,15
2024,POST,00-0036643,K.Britt,K.J. Britt,1,ILB,LB,"https://static.www.nfl.com/image/upload/f_auto,q_auto/league/gr65w5dpj6ghciuqqbgu",TB,3,3,0,2,0,0,0,0,0,0,0,0,0,0,0,0,0,0,0,0,0,0
2024,POST,00-0036658,I.McDuffie,Isaiah McDuffie,1,ILB,LB,"https://static.www.nfl.com/image/upload/f_auto,q_auto/league/h8fco76acxepfxcsrruf",GB,2,1,1,4,0,0,0,0.5,1.5,1,0,0,0,0,0,0,0,0,0,0,0,0
2024,POST,00-0036843,I.Loudermilk,Isaiahh Loudermilk,1,DE,DL,"https://static.www.nfl.com/image/upload/f_auto,q_auto/league/pba4pz874vn5eh9eacz1",PIT,2,2,0,1,0,0,0,0,0,0,0,0,0,0,0,0,0,0,0,0,0,0
2024,POST,00-0036874,P.Surtain,Patrick Surtain,1,CB,DB,"https://static.www.nfl.com/image/upload/f_auto,q_auto/league/c2aej9togglsytzzagno",DEN,4,4,0,1,0,0,0,0,0,0,0,0,0,0,0,0,0,0,0,0,0,0
2024,POST,00-0036883,T.Togiai,Tommy Togiai,1,DT,DL,"https://static.www.nfl.com/image/upload/f_auto,q_auto/league/zkmw84sgznjizmkzwy6b",HOU,1,1,0,1,1,0,0,1,2,1,0,0,0,0,0,0,0,0,0,0,0,0
2024,POST,00-0036888,D.Hamlin,Damar Hamlin,3,SS,DB,"https://static.www.nfl.com/image/upload/f_auto,q_auto/league/cwvlj0eutfveomf4zica",BUF,7,7,0,8,2,1,1,1,9,1,0,0,0,0,0,0,0,0,0,0,0,0
2024,POST,00-0036903,B.Brown,Bobby Brown,2,NT,DL,"https://static.www.nfl.com/image/private/f_auto,q_auto/league/k1kihk7iz8jelu8s36pk",LA,2,2,0,3,0,0,0,0,0,0,0,0,0,0,0,0,0,0,0,0,0,0
2024,POST,00-0036914,G.Rousseau,Gregory Rousseau,3,DE,DL,"https://static.www.nfl.com/image/upload/f_auto,q_auto/league/br77inyaslxmg9u3lnjq",BUF,7,7,0,3,3,3,0,2,19,2,0,0,0,0,0,0,0,0,0,0,0,0
2024,POST,00-0036916,M.Williams,Milton Williams,3,DT,DL,"https://static.www.nfl.com/image/upload/f_auto,q_auto/league/yvjs2olyyux0zse52c3g",PHI,5,5,0,2,2,0,1,2,18,2,0,0,2,0,0,0,0,1,0,0,1,15
2024,POST,00-0036940,O.Oweh,Odafe Oweh,2,OLB,LB,"https://static.www.nfl.com/image/upload/f_auto,q_auto/league/gbmze8wfzqj5z2tqrkmq",BAL,3,3,0,0,1,0,0,1,7,3,0,0,0,0,0,0,0,0,0,0,1,5
2024,POST,00-0036952,J.Cooper,Jonathon Cooper,1,OLB,LB,"https://static.www.nfl.com/image/upload/f_auto,q_auto/league/cpwk5snqdjqcboak5qsm",DEN,1,1,0,2,0,0,0,0,0,0,0,0,0,0,0,0,0,0,0,0,0,0
2024,POST,00-0036954,L.Onwuzurike,Levi Onwuzurike,1,DE,DL,"https://static.www.nfl.com/image/upload/f_auto,q_auto/league/o1kkk3mjilnxfwdjx0kb",DET,3,2,1,0,0,0,0,0,0,1,0,0,0,0,0,0,0,0,0,0,0,0
2024,POST,00-0036963,A.St. Brown,Amon-Ra St. Brown,1,WR,WR,"https://static.www.nfl.com/image/upload/f_auto,q_auto/league/jmfuamqblg8jag0stpnq",WAS,0,0,0,1,0,0,0,0,0,0,0,0,0,0,0,0,0,0,0,0,0,0
2024,POST,00-0036967,J.Tryon,Joe Tryon,1,OLB,LB,"https://static.www.nfl.com/image/upload/f_auto,q_auto/league/yyiew4drnrsyay4ns2pd",TB,0,0,0,2,0,0,0,0,0,1,0,0,0,0,0,0,0,0,0,0,0,0
2024,POST,00-0036987,B.Stephens,Brandon Stephens,2,FS,DB,"https://static.www.nfl.com/image/upload/f_auto,q_auto/league/eqf4dolbtr4q6janbxjf",BAL,2,2,0,3,0,0,0,0,0,0,0,0,0,0,0,0,0,0,0,0,0,0
2024,POST,00-0036993,I.Melifonwu,Ifeatu Melifonwu,1,CB,DB,"https://static.www.nfl.com/image/upload/f_auto,q_auto/league/ipyk1pgt8npeldw7rtyy",DET,0,0,0,2,0,0,0,0,0,0,0,0,0,0,0,0,0,0,0,0,0,0
2024,POST,00-0037057,K.Thomas,Keir Thomas,2,OLB,LB,"https://static.www.nfl.com/image/upload/f_auto,q_auto/league/mozvklor2kfypeg179xu",LA,1,1,0,2,0,0,0,0,0,0,0,0,0,0,0,0,0,0,0,0,0,0
2024,POST,00-0037073,J.Davis,Jordan Davis,4,DT,DL,"https://static.www.nfl.com/image/upload/f_auto,q_auto/league/cp2lelzm9tnsioxflql7",PHI,4,4,0,2,2,0,0,2,13,2,0,0,1,0,0,0,0,0,0,0,0,0
2024,POST,00-0037074,Q.Walker,Quay Walker,1,ILB,LB,"https://static.www.nfl.com/image/upload/f_auto,q_auto/league/dkqnq4ccxwrr7u34aqrz",GB,4,4,0,4,0,0,0,0,0,0,0,0,0,0,0,0,0,0,0,0,0,0
2024,POST,00-0037083,K.Enagbare,Kingsley Enagbare,1,DE,DL,"https://static.www.nfl.com/image/upload/f_auto,q_auto/league/xv0eqdwifojuzp6qsykm",GB,2,2,0,2,0,0,0,0,0,0,0,0,0,0,0,0,0,0,0,0,0,0
2024,POST,00-0037130,R.Blankenship,Reed Blankenship,4,SS,DB,"https://static.www.nfl.com/image/upload/f_auto,q_auto/league/j7ihu74tbuv1eacvgzlj",PHI,18,18,0,9,0,0,1,0,0,0,0,0,0,0,0,0,0,1,0,0,1,5
2024,POST,00-0037191,T.McDuffie,Trent McDuffie,3,CB,DB,"https://static.www.nfl.com/image/upload/f_auto,q_auto/league/mv3pihzkmykdkxx2o0dm",KC,10,10,0,3,0,0,0,0,0,0,0,0,3,0,0,0,0,0,0,0,1,15
2024,POST,00-0037192,G.Karlaftis,George Karlaftis,3,DE,DL,"https://static.www.nfl.com/image/upload/f_auto,q_auto/league/zmfn3xnvv9w7gu3x9ubr",KC,9,9,0,4,4,0,0,4,32,8,0,0,0,0,0,0,0,0,0,0,0,0
2024,POST,00-0037193,B.Cook,Bryan Cook,3,FS,DB,"https://static.www.nfl.com/image/upload/f_auto,q_auto/league/tuykyqy5gxpt6e48ymut",KC,11,11,0,0,0,0,0,0,0,0,1,0,1,0,0,0,0,0,0,0,0,0
2024,POST,00-0037195,J.Watson,Jaylen Watson,3,CB,DB,"https://static.www.nfl.com/image/private/f_auto,q_auto/league/abj96tqo9vzowgkdeagc",KC,4,4,0,1,0,0,0,0,0,0,0,0,1,0,0,0,0,0,0,0,1,5
2024,POST,00-0037198,N.Johnson,Nazeeh Johnson,2,CB,DB,"https://static.www.nfl.com/image/upload/f_auto,q_auto/league/dwnnt6kj8ffldhx9oumi",KC,4,4,0,1,0,0,0,0,0,0,0,0,1,0,0,0,0,0,0,0,0,0
2024,POST,00-0037237,D.Stingley,Derek Stingley,2,CB,DB,"https://static.www.nfl.com/image/upload/f_auto,q_auto/league/l06vle5t1v3lpnfni8z9",HOU,7,7,0,0,0,0,1,0,0,0,2,70,5,0,0,0,0,0,0,0,1,15
2024,POST,00-0037242,K.Elam,Kaiir Elam,1,CB,DB,"https://static.www.nfl.com/image/private/f_auto,q_auto/league/pngjvhw3ffskszmppmi8",BUF,2,2,0,1,0,0,0,0,0,0,0,0,0,0,0,0,0,0,0,0,2,15
2024,POST,00-0037249,N.Bonitto,Nik Bonitto,1,OLB,LB,"https://static.www.nfl.com/image/upload/f_auto,q_auto/league/n1rfilowinoto8c77tjo",DEN,2,2,0,2,0,0,0,0,0,1,0,0,0,0,0,0,0,0,0,0,0,0
2024,POST,00-0037254,T.Bernard,Terrel Bernard,3,MLB,LB,"https://static.www.nfl.com/image/upload/f_auto,q_auto/league/xyhkpsbbvmisvoltpsbq",BUF,10,10,0,6,1,0,1,0,0,0,0,0,0,0,0,0,0,1,0,0,0,0
2024,POST,00-0037268,Z.McCollum,Zyon McCollum,1,CB,DB,"https://static.www.nfl.com/image/upload/f_auto,q_auto/league/i0ztcak7qlehrpqcxhlh",TB,2,1,1,1,1,2,0,0,0,0,0,0,1,0,0,0,0,0,0,0,2,27
2024,POST,00-0037270,O.Ogbonnia,Otito Ogbonnia,1,DT,DL,"https://static.www.nfl.com/image/upload/f_auto,q_auto/league/duvixhxntta10epz19pi",LAC,0,0,0,1,0,0,0,0,0,0,0,0,0,0,0,0,0,0,0,0,0,0
2024,POST,00-0037288,C.Benford,Christian Benford,3,CB,DB,"https://static.www.nfl.com/image/private/f_auto,q_auto/league/buseklerc1bhl1u9oovt",BUF,7,7,0,4,1,3,0,0,0,0,0,0,1,0,0,0,0,0,0,0,1,5
2024,POST,00-0037294,J.Jackson,Jordan Jackson,1,DE,DL,"https://static.www.nfl.com/image/upload/f_auto,q_auto/league/x8mnvsf25r23yhsqgvlg",DEN,2,2,0,1,0,0,0,0,0,0,0,0,0,0,0,0,0,0,0,0,0,0
2024,POST,00-0037320,D.Leonard,Deane Leonard,1,CB,DB,"https://static.www.nfl.com/image/upload/f_auto,q_auto/league/xuf9vjrpvw0orkcr9lev",LAC,1,1,0,0,0,0,0,0,0,0,1,0,1,0,0,0,0,0,0,0,0,0
2024,POST,00-0037384,J.McMillian,Ja'Quan McMillian,1,CB,DB,"https://static.www.nfl.com/image/upload/f_auto,q_auto/league/msznfdh1lffe06otzopj",DEN,2,2,0,2,0,0,0,0,0,0,0,0,0,0,0,0,0,0,0,0,0,0
2024,POST,00-0037491,J.Russell,J.J. Russell,1,ILB,LB,"https://static.www.nfl.com/image/upload/f_auto,q_auto/league/ogzsthxpcatfqo6hwnjo",TB,1,1,0,1,0,0,0,0,0,0,0,0,0,0,0,0,0,0,0,0,0,0
2024,POST,00-0037614,J.Metchie,John Metchie,1,WR,WR,"https://static.www.nfl.com/image/upload/f_auto,q_auto/league/zf0d6hiyqnmtst0vwdpv",LAC,0,0,0,1,0,0,0,0,0,0,0,0,0,0,0,0,0,0,0,0,0,0
2024,POST,00-0037615,N.Dean,Nakobe Dean,1,ILB,LB,"https://static.www.nfl.com/image/upload/f_auto,q_auto/league/yszg4za8axmftpn0os1v",PHI,3,3,0,3,2,6,0,0,0,0,0,0,0,0,0,0,0,0,0,0,0,0
2024,POST,00-0037617,H.Haskins,Hassan Haskins,1,RB,RB,"https://static.www.nfl.com/image/upload/f_auto,q_auto/league/kfqhhr4xcm2iaocbvdyp",HOU,1,1,0,0,0,0,0,0,0,0,0,0,0,0,0,0,0,0,0,0,0,0
2024,POST,00-0037633,J.Hummel,Jake Hummel,1,ILB,LB,"https://static.www.nfl.com/image/upload/f_auto,q_auto/league/izuenctabrupcilnutno",LA,0,0,0,0,0,0,0,0,0,0,0,0,0,0,0,0,0,0,0,0,1,15
2024,POST,00-0037661,J.Ingram,Ja'Marcus Ingram,1,CB,DB,"https://static.www.nfl.com/image/upload/f_auto,q_auto/league/nr6uixoe6pxz1kbzx4af",BUF,1,1,0,0,0,0,0,0,0,0,0,0,0,0,0,0,0,0,0,0,0,0
2024,POST,00-0037667,K.Joseph,Kerby Joseph,1,FS,DB,"https://static.www.nfl.com/image/upload/f_auto,q_auto/league/bckxtrmsau8pnc0ay1wt",DET,6,6,0,0,1,1,0,0,0,0,0,0,0,0,0,0,0,0,0,0,1,2
2024,POST,00-0037756,T.Jones,Travis Jones,2,DT,DL,"https://static.www.nfl.com/image/upload/f_auto,q_auto/league/ewpyusvcmkuxygz5y4bb",BAL,1,1,0,3,0,0,0,0,0,1,0,0,0,0,0,0,0,0,0,0,0,0
2024,POST,00-0037799,D.Tillman,Dondrea Tillman,1,OLB,LB,"https://static.www.nfl.com/image/upload/f_auto,q_auto/league/leaa3bx9micsea3emfb7",DEN,3,3,0,4,0,0,0,0,0,0,0,0,0,0,0,0,0,0,0,0,0,0
2024,POST,00-0037819,L.Chenal,Leo Chenal,3,OLB,LB,"https://static.www.nfl.com/image/upload/f_auto,q_auto/league/p9pdzh7vjaox47ua1l4w",KC,7,7,0,1,1,2,0,0,0,0,0,0,0,0,0,0,0,0,0,0,0,0
2024,POST,00-0037823,C.Harris,Christian Harris,1,ILB,LB,"https://static.www.nfl.com/image/upload/f_auto,q_auto/league/fk8f2wabhgouupktevy2",HOU,1,1,0,0,0,0,0,0,0,0,0,0,0,0,0,0,0,0,0,0,0,0
2024,POST,00-0037839,C.Durant,Cobie Durant,2,CB,DB,"https://static.www.nfl.com/image/upload/f_auto,q_auto/league/j1ohmtsxxb0e99lb2isj",LA,2,2,0,1,1,0,0,1,12,1,1,0,2,0,0,0,0,0,0,0,1,5
2024,POST,00-0037841,Q.Lake,Quentin Lake,2,FS,DB,"https://static.www.nfl.com/image/upload/f_auto,q_auto/league/vn4gjzg1y1nqxrtnwvm7",LA,9,9,0,5,1,2,0,0,0,0,0,0,1,0,0,0,0,0,0,0,1,5
2024,POST,00-0038038,K.Hamilton,Kyle Hamilton,2,SS,DB,"https://static.www.nfl.com/image/upload/f_auto,q_auto/league/cesiygq2rdbzr5ilwixy",BAL,6,6,0,6,0,0,0,0,0,0,0,0,0,0,0,0,0,0,0,0,0,0
2024,POST,00-0038096,J.Paschal,Josh Paschal,1,DE,DL,"https://static.www.nfl.com/image/upload/f_auto,q_auto/league/cu4msshr9uspguaggw2c",DET,3,3,0,0,0,0,0,0,0,1,0,0,0,0,0,0,0,0,0,0,1,15
2024,POST,00-0038100,P.Butler,Percy Butler,2,FS,DB,"https://static.www.nfl.com/image/upload/f_auto,q_auto/league/a91iobuedgc4i8c8jq7j",WAS,2,2,0,0,0,0,0,0,0,0,0,0,0,0,0,0,0,0,0,0,0,0
2024,POST,00-0038127,L.Hall,Logan Hall,1,DE,DL,"https://static.www.nfl.com/image/upload/f_auto,q_auto/league/afszgwllud2yfkwy1v2o",TB,5,4,1,2,0,0,0,0,0,0,0,0,0,0,0,0,0,0,0,0,0,0
2024,POST,00-0038142,D.Ojabo,David Ojabo,2,OLB,LB,"https://static.www.nfl.com/image/upload/f_auto,q_auto/league/vndppohx0wpzjluwany7",BAL,1,1,0,0,0,0,0,0,0,0,0,0,0,0,0,0,0,0,0,0,1,5
2024,POST,00-0038386,J.Carter,Jalen Carter,4,DT,DL,"https://static.www.nfl.com/image/upload/f_auto,q_auto/league/pinfphooryjcgwtq5h1y",PHI,3,3,0,6,2,0,1,2,16,7,0,0,3,0,0,0,0,0,0,0,2,9
2024,POST,00-0038387,C.Wooden,Colby Wooden,1,DT,DL,"https://static.www.nfl.com/image/upload/f_auto,q_auto/league/ylfq9x2dbjxzrlhiwvh3",GB,0,0,0,2,0,0,0,0.5,1.5,2,0,0,0,0,0,0,0,0,0,0,0,0
2024,POST,00-0038393,D.Wicks,Dontayvion Wicks,1,WR,WR,"https://static.www.nfl.com/image/upload/f_auto,q_auto/league/ghsev2bmz8kvhm8dsbey",PHI,1,1,0,0,0,0,0,0,0,0,0,0,0,0,0,0,0,0,0,0,0,0
2024,POST,00-0038398,K.Brooks,Karl Brooks,1,DT,DL,"https://static.www.nfl.com/image/upload/f_auto,q_auto/league/dkxt0an8h8n9agmumnv4",GB,1,1,0,0,0,0,0,0,0,0,0,0,0,0,0,0,0,0,0,0,0,0
2024,POST,00-0038408,C.Valentine,Carrington Valentine,1,CB,DB,"https://static.www.nfl.com/image/upload/f_auto,q_auto/league/wtkzctyceullg5napiwx",GB,3,3,0,2,0,0,0,0,0,0,0,0,0,0,0,0,0,0,0,0,0,0
2024,POST,00-0038412,M.Ojomo,Moro Ojomo,4,DT,DL,"https://static.www.nfl.com/image/upload/f_auto,q_auto/league/xiw3xvqgqtxvoeyp8g56",PHI,5,5,0,2,2,2,0,1,7,1,0,0,0,0,0,0,0,0,0,0,1,5
2024,POST,00-0038505,T.Robinson,Tavius Robinson,1,OLB,LB,"https://static.www.nfl.com/image/upload/f_auto,q_auto/league/yckppb0zku0y95fafjqi",BAL,3,3,0,1,2,2,0,0,0,0,0,0,0,0,0,0,0,0,0,0,0,0
2024,POST,00-0038544,Q.Johnston,Quentin Johnston,1,WR,WR,"https://static.www.nfl.com/image/upload/f_auto,q_auto/league/jbxlvsbokf9qdqtet1qr",HOU,1,1,0,0,0,0,0,0,0,0,0,0,0,0,0,0,0,0,0,0,0,0
2024,POST,00-0038552,R.Moss,Riley Moss,1,CB,DB,"https://static.www.nfl.com/image/upload/f_auto,q_auto/league/s7u0h1cu3skpfd2bygal",DEN,5,5,0,2,0,0,0,0,0,0,0,0,1,0,0,0,0,0,0,0,0,0
2024,POST,00-0038553,D.Henley,Daiyan Henley,1,ILB,LB,"https://static.www.nfl.com/image/upload/f_auto,q_auto/league/hi2koemyxkbqkqapngiv",LAC,6,5,1,4,0,0,0,0,0,1,0,0,0,0,0,0,0,0,0,0,0,0
2024,POST,00-0038557,D.Williams,Dorian Williams,1,OLB,LB,"https://static.www.nfl.com/image/upload/f_auto,q_auto/league/ntnd5dlrhtbysxlmjovo",BUF,2,1,1,0,1,1,0,0,0,0,0,0,0,0,0,0,0,0,0,0,0,0
2024,POST,00-0038599,H.To'oTo'o,Henry To'oTo'o,2,ILB,LB,"https://static.www.nfl.com/image/upload/f_auto,q_auto/league/lzjf89v0yrny4kkpzpwh",HOU,4,4,0,9,0,0,0,0,0,0,0,0,0,0,0,0,0,0,0,0,1,15
2024,POST,00-0038618,X.Hutchinson,Xavier Hutchinson,1,WR,WR,"https://static.www.nfl.com/image/upload/f_auto,q_auto/league/vlxzxhej5ffelkxrqf4g",LAC,0,0,0,1,0,0,0,0,0,0,0,0,0,0,0,0,0,0,0,0,0,0
2024,POST,00-0038660,T.Nowaske,Trevor Nowaske,1,ILB,LB,"https://static.www.nfl.com/image/upload/f_auto,q_auto/league/ywrrza6lvkxqap4nawdw",DET,0,0,0,1,0,0,0,0,0,0,0,0,0,0,0,0,0,0,0,0,0,0
2024,POST,00-0038778,J.Redmond,Jalen Redmond,1,DE,DL,"https://static.www.nfl.com/image/upload/f_auto,q_auto/league/dsfusicyeioesqthsiya",MIN,0,0,0,1,0,0,0,0,0,1,0,0,0,0,0,0,0,0,0,0,0,0
2024,POST,00-0038807,I.Pace,Ivan Pace,1,ILB,LB,"https://static.www.nfl.com/image/private/f_auto,q_auto/league/mqsbzouggfz1qlpi2fdu",MIN,7,7,0,3,2,5,0,0,0,0,0,0,0,0,0,0,0,0,0,0,0,0
2024,POST,00-0038936,J.Scruggs,Juice Scruggs,1,C,OL,"https://static.www.nfl.com/image/upload/f_auto,q_auto/league/qqrbh5rwshwoaibnwpoc",LAC,1,1,0,0,0,0,0,0,0,0,0,0,0,0,0,0,0,0,0,0,0,0
2024,POST,00-0038976,M.Mims,Marvin Mims,1,WR,WR,"https://static.www.nfl.com/image/upload/f_auto,q_auto/league/trvilnckw7nprw1gkghl",DEN,0,0,0,0,0,0,0,0,0,0,0,0,0,0,0,0,0,0,0,0,1,7
2024,POST,00-0038982,C.Conner,Chamarri Conner,3,FS,DB,"https://static.www.nfl.com/image/upload/f_auto,q_auto/league/fqvxfuzjreonexlkr2lf",KC,11,11,0,9,3,7,1,1,1,1,0,0,0,0,0,0,0,0,0,0,0,0
2024,POST,00-0038994,J.Addison,Jordan Addison,1,WR,WR,"https://static.www.nfl.com/image/upload/f_auto,q_auto/league/tmyckmignrvy8truccwm",LA,1,1,0,0,0,0,0,0,0,0,0,0,0,0,0,0,0,0,0,0,0,0
2024,POST,00-0038996,T.Kraft,Tucker Kraft,1,TE,TE,"https://static.www.nfl.com/image/upload/f_auto,q_auto/league/klrmgekdzx1ywjjmixp7",PHI,1,1,0,0,0,0,0,0,0,0,0,0,0,0,0,0,0,0,0,0,0,0
2024,POST,00-0039006,F.Anudike-Uzomah,Felix Anudike-Uzomah,3,DE,DL,"https://static.www.nfl.com/image/upload/f_auto,q_auto/league/v4ujy0agxqi9yoozynj1",KC,3,3,0,2,3,5,0,1,8,1,0,0,0,0,0,0,0,0,0,0,0,0
2024,POST,00-0039013,N.Smith,Nolan Smith,4,OLB,LB,"https://static.www.nfl.com/image/private/f_auto,q_auto/league/xvadcywhyi5ds1lqqqcs",PHI,6,6,0,8,4,0,1,4,33,5,0,0,0,0,0,0,0,0,0,0,0,0
2024,POST,00-0039018,J.Campbell,Jack Campbell,1,ILB,LB,"https://static.www.nfl.com/image/private/f_auto,q_auto/league/oi205f9cylxya0w0ufd7",DET,8,8,0,6,0,0,0,0,0,0,0,0,0,0,0,0,0,0,0,0,0,0
2024,POST,00-0039051,J.Hayes,Josh Hayes,1,CB,DB,"https://static.www.nfl.com/image/upload/f_auto,q_auto/league/czvnzyfcmatixqnltg0y",TB,1,1,0,3,0,0,0,0,0,0,0,0,0,0,0,0,0,0,0,0,0,0
2024,POST,00-0039061,D.Johnson,Desjuan Johnson,2,DT,DL,"https://static.www.nfl.com/image/private/f_auto,q_auto/league/drpaq4pmgr1tw55imjmb",LA,1,1,0,1,1,0,0,1,9,1,0,0,0,0,0,0,0,0,0,0,0,0
2024,POST,00-0039063,C.Kancey,Calijah Kancey,1,DE,DL,"https://static.www.nfl.com/image/upload/f_auto,q_auto/league/skltqfos40auedo1vhau",TB,1,1,0,0,1,2,0,0,0,0,0,0,0,0,0,0,0,0,0,0,0,0
2024,POST,00-0039065,S.LaPorta,Sam LaPorta,1,TE,TE,"https://static.www.nfl.com/image/upload/f_auto,q_auto/league/ucw8cfj5t5nwkx670wzu",WAS,1,1,0,0,0,0,0,0,0,0,0,0,0,0,0,0,0,0,0,0,0,0
2024,POST,00-0039068,Y.Diaby,YaYa Diaby,1,OLB,LB,"https://static.www.nfl.com/image/upload/f_auto,q_auto/league/ncm6ra13lmfswsw4nept",TB,2,1,1,2,1,1,0,0,0,1,0,0,0,0,0,0,0,0,0,0,1,8
2024,POST,00-0039108,W.Anderson,Will Anderson,2,DE,DL,"https://static.www.nfl.com/image/upload/f_auto,q_auto/league/ljotxifz4kwcbvye1klk",HOU,6,6,0,1,4,8,0,3.5,24.5,5,0,0,2,0,0,0,0,0,0,0,1,15
2024,POST,00-0039110,K.Benton,Keeanu Benton,1,DT,DL,"https://static.www.nfl.com/image/upload/f_auto,q_auto/league/ee5a09abhoyxoblhfjae",PIT,2,1,1,2,0,0,0,0,0,0,0,0,0,0,0,0,0,0,0,0,0,0
2024,POST,00-0039112,L.Van Ness,Lukas Van Ness,1,DE,DL,"https://static.www.nfl.com/image/upload/f_auto,q_auto/league/lwxkikrpqtiyvgewy6mp",GB,1,1,0,3,0,0,0,0,0,0,0,0,0,0,0,0,0,0,0,0,0,0
2024,POST,00-0039137,B.Young,Byron Young,2,OLB,LB,"https://static.www.nfl.com/image/upload/f_auto,q_auto/league/duwjwgd9ruuobjmbyaqp",LA,4,3,1,2,2,1,0,1.5,13.5,2,0,0,0,0,0,0,0,0,0,0,0,0
2024,POST,00-0039138,K.Turner,Kobie Turner,2,NT,DL,"https://static.www.nfl.com/image/upload/f_auto,q_auto/league/dxmap8rfy17q917myrqv",LA,7,7,0,3,4,1,0,3,30,3,0,0,0,0,0,0,0,0,0,0,0,0
2024,POST,00-0039139,J.Gibbs,Jahmyr Gibbs,1,RB,RB,"https://static.www.nfl.com/image/upload/f_auto,q_auto/league/f5y3osxxtov5rgfv4ra5",WAS,1,1,0,1,0,0,0,0,0,0,0,0,0,0,0,0,0,0,0,0,0,0
2024,POST,00-0039141,B.Branch,Brian Branch,1,SS,DB,"https://static.www.nfl.com/image/upload/f_auto,q_auto/league/vnhnq3xt2zurcouh0u64",DET,8,8,0,3,2,2,1,0,0,0,0,0,0,0,0,0,0,0,0,0,0,0
2024,POST,00-0039149,Q.Martin,Quan Martin,3,FS,DB,"https://static.www.nfl.com/image/upload/f_auto,q_auto/league/us2hgdvr0jehykznl0ae",WAS,6,6,0,5,0,0,0,0,0,0,1,40,1,1,0,0,0,0,0,0,0,0
2024,POST,00-0039167,J.Porter,Joey Porter,1,CB,DB,"https://static.www.nfl.com/image/private/f_auto,q_auto/league/rrikslx4sadmozltcuqw",PIT,6,6,0,0,0,0,0,0,0,0,0,0,1,0,0,0,0,0,0,0,2,11
2024,POST,00-0039232,N.Wiggins,Nate Wiggins,2,CB,DB,"https://static.www.nfl.com/image/upload/f_auto,q_auto/league/hxshtymskws46e4rrmbz",BAL,4,4,0,2,0,0,0,0,0,1,0,0,0,0,0,0,0,0,0,0,0,0
2024,POST,00-0039343,K.Lassiter,Kamari Lassiter,2,CB,DB,"https://static.www.nfl.com/image/upload/f_auto,q_auto/league/fcmie1yzlfcpsu51anzy",HOU,2,2,0,3,1,3,0,0,0,0,1,0,2,0,0,0,0,0,0,0,0,0
2024,POST,00-0039346,J.Colson,Junior Colson,1,OLB,LB,"https://static.www.nfl.com/image/upload/f_auto,q_auto/league/f0ocwmg27uterfvnnmdr",LAC,3,3,0,1,0,0,0,0,0,0,0,0,0,0,0,0,0,0,0,0,0,0
2024,POST,00-0039366,T.Still,Tarheeb Still,1,CB,DB,"https://static.www.nfl.com/image/upload/f_auto,q_auto/league/q1sbiyr6dvepntfifybw",LAC,3,3,0,0,0,0,0,0,0,0,0,0,0,0,0,0,0,0,0,0,0,0
2024,POST,00-0039369,C.Hart,Cam Hart,1,CB,DB,"https://static.www.nfl.com/image/upload/f_auto,q_auto/league/c2ylxyrg25rxh8wrmbid",LAC,0,0,0,0,0,0,0,0,0,0,0,0,1,0,0,0,0,0,0,0,0,0
2024,POST,00-0039412,J.Jean-Baptiste,Javontae Jean-Baptiste,3,DE,DL,"https://static.www.nfl.com/image/upload/f_auto,q_auto/league/cgw1mirojztblwmhsz45",WAS,1,1,0,3,0,0,0,0,0,0,0,0,0,0,0,0,0,0,0,0,0,0
2024,POST,00-0039453,M.Norris,Morice Norris,1,DB,DB,"https://static.www.nfl.com/image/upload/f_auto,q_auto/league/thwu2vrbpn3jp5k8y64r",DET,2,2,0,1,0,0,0,0,0,0,0,0,0,0,0,0,0,0,0,0,0,0
2024,POST,00-0039472,M.Edwards,Mike Edwards,1,G,OL,"https://static.www.nfl.com/image/upload/f_auto,q_auto/league/ctepbz184pq3zchnxqhk",TB,4,4,0,1,0,0,0,0,0,0,0,0,0,0,0,0,0,0,0,0,0,0
2024,POST,00-0039734,B.Fiske,Braden Fiske,2,DT,DL,"https://static.www.nfl.com/image/upload/f_auto,q_auto/league/a99mc0m9pm3qifqdjlb4",LA,1,1,0,1,1,0,0,1.5,15.5,2,0,0,0,0,0,0,0,0,0,0,0,0
2024,POST,00-0039740,J.Hunt,Jalyx Hunt,4,OLB,LB,"https://static.www.nfl.com/image/upload/f_auto,q_auto/league/azga5aijlcfec2kmxukm",PHI,6,6,0,3,1,0,0,1.5,4,3,0,0,0,0,0,0,0,0,0,0,0,0
2024,POST,00-0039741,P.Wilson,Payton Wilson,1,ILB,LB,"https://static.www.nfl.com/image/upload/f_auto,q_auto/league/lktfmis1cniyaqwycf4l",PIT,3,3,0,3,1,3,0,0,0,0,0,0,0,0,0,0,0,0,0,0,0,0
2024,POST,00-0039746,W.Shipley,Will Shipley,1,RB,RB,"https://static.www.nfl.com/image/upload/f_auto,q_auto/league/irh5l9dxqamsfnfjwuc7",PHI,0,0,0,1,0,0,0,0,0,0,0,0,0,0,0,0,0,0,0,0,0,0
2024,POST,00-0039749,T.Davis,Tyler Davis,2,DE,DL,"https://static.www.nfl.com/image/upload/f_auto,q_auto/league/q4du6znro1yaoi4unlft",LA,3,3,0,4,0,0,0,0,0,0,0,0,0,0,0,0,0,0,0,0,0,0
2024,POST,00-0039772,J.Wallace,Josh Wallace,1,CB,DB,"https://static.www.nfl.com/image/upload/f_auto,q_auto/league/lwtavpkfwluzdouyhhwx",LA,1,0,1,0,0,0,0,0,0,0,0,0,0,0,0,0,0,0,0,0,0,0
2024,POST,00-0039774,O.Speights,Omar Speights,2,ILB,LB,"https://static.www.nfl.com/image/upload/f_auto,q_auto/league/qyqiuy6memshjabpv5qw",LA,6,6,0,4,1,0,1,1,15,0,0,0,0,0,0,0,0,0,0,0,0,0
2024,POST,00-0039776,J.McCollough,Jaylen McCollough,2,FS,DB,"https://static.www.nfl.com/image/upload/f_auto,q_auto/league/u1m6lrwx05buswtj4jsf",LA,4,3,1,4,1,0,0,1,2,1,0,0,0,0,0,0,0,0,0,0,0,0
2024,POST,00-0039813,E.Williams,Evan Williams,1,SS,DB,"https://static.www.nfl.com/image/upload/f_auto,q_auto/league/phwdofvsdjhqecxyx1kb",GB,2,2,0,2,0,0,0,0,0,0,0,0,1,0,0,0,0,0,0,0,0,0
2024,POST,00-0039825,J.Hicks,Jaden Hicks,3,SS,DB,"https://static.www.nfl.com/image/upload/f_auto,q_auto/league/krhm1jt7hl3d5ucjjfgw",KC,9,9,0,3,0,0,0,0,0,0,0,0,0,0,0,0,0,0,0,0,0,0
2024,POST,00-0039826,J.Trotter,Jeremiah Trotter,1,ILB,LB,"https://static.www.nfl.com/image/upload/f_auto,q_auto/league/pys6mbvnxovsszorv65n",PHI,0,0,0,1,0,0,0,0,0,0,0,0,0,0,0,0,0,0,0,0,0,0
2024,POST,00-0039834,K.Kinchens,Kamren Kinchens,2,FS,DB,"https://static.www.nfl.com/image/upload/f_auto,q_auto/league/degbbihkuwtdoup62bfz",LA,7,7,0,3,0,0,0,0,0,0,0,0,0,0,0,0,0,0,0,0,1,15
2024,POST,00-0039838,C.Bullock,Calen Bullock,2,SS,DB,"https://static.www.nfl.com/image/upload/f_auto,q_auto/league/yfvvbf4ibj8twf7cb9sf",HOU,2,2,0,3,0,0,0,0,0,0,0,0,0,0,0,0,0,0,0,0,0,0
2024,POST,00-0039841,C.DeJean,Cooper DeJean,4,CB,DB,"https://static.www.nfl.com/image/upload/f_auto,q_auto/league/i22xa56qco3pdhr982eu",PHI,12,12,0,6,0,0,0,0,0,0,1,38,4,1,0,0,0,0,0,0,0,0
2024,POST,00-0039846,T.Smith,Tykee Smith,1,SS,DB,"https://static.www.nfl.com/image/upload/f_auto,q_auto/league/cnha8qqp1eruhjxytwcj",TB,5,5,0,2,0,0,0,0,0,0,0,0,0,0,0,0,0,0,0,0,0,0
2024,POST,00-0039850,E.Cooper,Edgerrin Cooper,1,ILB,LB,"https://static.www.nfl.com/image/upload/f_auto,q_auto/league/huidssokjxzmjjeyb80d",GB,2,2,0,5,0,0,0,0,0,1,0,0,0,0,0,0,0,0,0,0,0,0
2024,POST,00-0039852,J.Verse,Jared Verse,2,OLB,LB,"https://static.www.nfl.com/image/upload/f_auto,q_auto/league/e3xx2ckk3vruyn34xb8m",LA,5,5,0,1,3,1,0,2,17,2,0,0,0,1,0,0,0,1,57,0,0,0
2024,POST,00-0039867,J.Bullard,Javon Bullard,1,SS,DB,"https://static.www.nfl.com/image/upload/f_auto,q_auto/league/vhggenc4ulgywkxvjgww",GB,2,2,0,1,0,0,0,0,0,0,0,0,0,0,0,0,0,0,0,0,0,0
2024,POST,00-0039872,C.Bishop,Cole Bishop,2,CB,DB,"https://static.www.nfl.com/image/upload/f_auto,q_auto/league/t7mhqnx0g5izqd1zmdh5",BUF,10,10,0,3,0,0,0,0,0,0,0,0,0,0,0,0,0,0,0,0,0,0
2024,POST,00-0039888,Q.Mitchell,Quinyon Mitchell,4,CB,DB,"https://static.www.nfl.com/image/upload/f_auto,q_auto/league/qcwjdkw3lzlljnjaggjf",PHI,12,12,0,2,0,0,0,0,0,0,2,0,4,0,0,0,0,0,0,0,1,24
2024,POST,00-0039898,M.Sainristil,Mike Sainristil,3,CB,DB,"https://static.www.nfl.com/image/upload/f_auto,q_auto/league/udlw8qhbduz4z49jv3jm",WAS,7,7,0,3,0,0,0,0,0,0,2,22,4,0,0,0,0,0,0,0,1,10
2024,POST,00-0039902,C.Braswell,Chris Braswell,1,OLB,LB,"https://static.www.nfl.com/image/upload/f_auto,q_auto/league/a92ycj88oyuyfzsr3ex8",TB,0,0,0,0,0,0,0,0,0,1,0,0,0,0,0,0,0,0,0,0,0,0
2024,POST,00-0039903,T.Arnold,Terrion Arnold,1,CB,DB,"https://static.www.nfl.com/image/upload/f_auto,q_auto/league/ubcjs5pu0hx3z2qx1rae",DET,5,5,0,1,0,0,0,0,0,0,0,0,0,0,0,0,0,0,0,0,0,0
2024,POST,00-0039906,J.Newton,Jer'Zhan Newton,2,DT,DL,"https://static.www.nfl.com/image/upload/f_auto,q_auto/league/hgrxkwfkaiozsegi9sbp",WAS,4,4,0,0,1,3,0,0,0,0,0,0,0,0,0,0,0,0,0,0,0,0
2024,POST,00-0039924,D.Turner,Dallas Turner,1,OLB,LB,"https://static.www.nfl.com/image/upload/f_auto,q_auto/league/ltfrhesqku4lkeaewxmd",MIN,0,0,0,1,0,0,0,0,0,0,0,0,0,0,0,0,0,0,0,0,0,0
2024,REG+POST,00-0023853,M.Prater,Matt Prater,1,K,SPEC,"https://static.www.nfl.com/image/upload/f_auto,q_auto/league/mwlrdghrm5chsum2kzic",ARI,0,0,0,0,0,0,0,0,0,0,0,0,0,0,0,0,0,0,0,0,1,0
2024,REG+POST,00-0026158,J.Flacco,Joe Flacco,1,QB,QB,"https://static.www.nfl.com/image/upload/f_auto,q_auto/league/yxvyoeojkif7tnfviamc",JAX,0,0,0,1,0,0,0,0,0,0,0,0,0,0,0,0,0,0,0,0,0,0
2024,REG+POST,00-0026190,C.Campbell,Calais Campbell,17,DE,DL,"https://static.www.nfl.com/image/upload/f_auto,q_auto/league/dmgqjt7qihxkze7iuajf",MIA,35,28,7,17,12,12,1,5,40,12,0,0,5,0,0,0,0,0,0,0,1,5
2024,REG+POST,00-0027865,B.Graham,Brandon Graham,11,DE,DL,"https://static.www.nfl.com/image/upload/f_auto,q_auto/league/e6iqegrredwqev7qx81m",PHI,16,13,3,5,6,13,1,3.5,27,7,0,0,2,0,0,0,0,0,0,0,1,3
2024,REG+POST,00-0027872,K.Jackson,Kareem Jackson,1,SS,DB,"https://static.www.nfl.com/image/upload/f_auto,q_auto/league/vzmcqsvgotnfsmmzgtwa",BUF,1,1,0,2,0,0,0,0,0,0,0,0,0,0,0,0,0,0,0,0,0,0
2024,REG+POST,00-0027881,J.Hughes,Jerry Hughes,4,DE,DL,"https://static.www.nfl.com/image/upload/f_auto,q_auto/league/holacsltnj1mvxkeqgp0",HOU,3,2,1,2,0,0,0,0,0,0,0,0,0,0,0,0,0,0,0,0,0,0
2024,REG+POST,00-0027885,L.Joseph,Linval Joseph,10,NT,DL,"https://static.www.nfl.com/image/upload/f_auto,q_auto/league/xm9kvvx4uujqqjkqxngq",DAL,9,9,0,10,2,0,1,2,20,3,0,0,0,0,0,0,0,0,0,0,1,5
2024,REG+POST,00-0027940,V.Miller,Von Miller,14,DE,DL,"https://static.www.nfl.com/image/upload/f_auto,q_auto/league/qpprquecnqk19xsi0dtj",BUF,14,12,2,5,7,1,0,6,48,9,0,0,0,0,0,0,0,1,39,0,2,10
2024,REG+POST,00-0027962,C.Jordan,Cameron Jordan,15,DE,DL,"https://static.www.nfl.com/image/upload/f_auto,q_auto/league/wxcyaqstm1qguagtp1ye",NO,18,16,2,16,7,3,0,4,26,8,1,0,4,0,0,0,0,0,0,0,1,5
2024,REG+POST,00-0027969,C.Heyward,Cameron Heyward,18,DT,DL,"https://static.www.nfl.com/image/upload/f_auto,q_auto/league/jroymb3jdu14pusq9wu8",PIT,38,30,8,43,14,13,0,8,62,20,0,0,11,0,0,0,0,0,0,0,0,0
2024,REG+POST,00-0028171,L.Guy,Lawrence Guy,2,DT,DL,"https://static.www.nfl.com/image/private/f_auto,q_auto/league/jyc3hf6lyt5js3b7oon8",CIN,0,0,0,2,0,0,0,0,0,0,0,0,0,0,0,0,0,0,0,0,0,0
2024,REG+POST,00-0028292,N.Bellore,Nick Bellore,1,ILB,LB,"https://static.www.nfl.com/image/upload/f_auto,q_auto/league/wlj7zdf6h9p9dnhdtmih",WAS,1,1,0,0,1,0,0,0,0,0,0,0,0,0,0,0,0,0,0,0,0,0
2024,REG+POST,00-0028872,J.Hekker,Johnny Hekker,1,P,SPEC,"https://static.www.nfl.com/image/upload/f_auto,q_auto/league/bcl8kjfwubicyywpxfny",CAR,0,0,0,0,0,0,0,0,0,0,0,0,0,0,0,0,0,0,0,0,1,0
2024,REG+POST,00-0028899,R.McLeod,Rodney McLeod,13,FS,DB,"https://static.www.nfl.com/image/upload/f_auto,q_auto/league/ettne7rdpnkozuyhx8be",CLE,26,23,3,9,2,1,0,0,0,0,0,0,5,1,0,0,0,1,25,0,0,0
2024,REG+POST,00-0028924,T.Gipson,Tashaun Gipson,2,FS,DB,"https://static.www.nfl.com/image/private/f_auto,q_auto/league/mbniabicepxxcetygjhk",SF,5,5,0,1,0,0,0,0,0,0,0,0,1,0,0,0,0,0,0,0,1,2
2024,REG+POST,00-0029255,B.Wagner,Bobby Wagner,20,ILB,LB,"https://static.www.nfl.com/image/upload/f_auto,q_auto/league/syrf5eqbgosyxx7zrsso",WAS,87,78,9,70,11,23,1,2.5,13.5,9,0,0,4,0,0,0,0,3,0,0,2,17
2024,REG+POST,00-0029542,S.Gilmore,Stephon Gilmore,16,CB,DB,"https://static.www.nfl.com/image/upload/f_auto,q_auto/league/rzqv9harev8c0excxzfz",MIN,41,40,1,17,1,0,0,0,0,0,1,0,10,0,0,0,0,0,0,0,5,57
2024,REG+POST,00-0029562,L.David,Lavonte David,18,ILB,LB,"https://static.www.nfl.com/image/upload/f_auto,q_auto/league/sg8cvbhglpfqor2mz44k",TB,79,69,10,51,9,4,3,6.5,43.5,6,1,7,6,0,0,0,0,1,0,0,2,12
2024,REG+POST,00-0029606,H.Smith,Harrison Smith,17,SS,DB,"https://static.www.nfl.com/image/upload/f_auto,q_auto/league/mf2e5sc9smu4cj22f4di",MIN,59,50,9,36,3,2,0,1,8,2,3,0,11,0,0,0,0,1,0,0,2,12
2024,REG+POST,00-0029607,D.Davis,Demario Davis,16,MLB,LB,"https://static.www.nfl.com/image/upload/f_auto,q_auto/league/todpplb6yao1c5zvofsk",NO,69,66,3,67,5,10,0,2,0,2,1,0,7,0,0,0,0,0,0,0,2,37
2024,REG+POST,00-0029685,G.Van Roten,Greg Van Roten,1,G,OL,"https://static.www.nfl.com/image/upload/f_auto,q_auto/league/ofdjacvucdeuucgmsucb",BAL,0,0,0,1,0,0,0,0,0,0,0,0,0,0,0,0,0,0,0,0,0,0
2024,REG+POST,00-0030035,A.Thielen,Adam Thielen,1,WR,WR,"https://static.www.nfl.com/image/upload/f_auto,q_auto/league/pxehgo0l9xl03n7dronf",NO,1,1,0,0,0,0,0,0,0,0,0,0,0,0,0,0,0,0,0,0,0,0
2024,REG+POST,00-0030061,Z.Ertz,Zach Ertz,1,TE,TE,"https://static.www.nfl.com/image/upload/f_auto,q_auto/league/xktmmeumuoglbuam75iz",ARI,1,1,0,0,0,0,0,0,0,0,0,0,0,0,0,0,0,0,0,0,0,0
2024,REG+POST,00-0030061,Z.Ertz,Zach Ertz,1,TE,TE,"https://static.www.nfl.com/image/upload/f_auto,q_auto/league/xktmmeumuoglbuam75iz",CLE,1,1,0,0,0,0,0,0,0,0,0,0,0,0,0,0,0,0,0,0,0,0
2024,REG+POST,00-0030062,D.Slay,Darius Slay,17,CB,DB,"https://static.www.nfl.com/image/upload/f_auto,q_auto/league/ywdvgcxwf6nnfo9r77oz",PHI,50,47,3,13,3,1,1,0,0,0,1,0,18,0,0,0,0,1,0,0,3,20
2024,REG+POST,00-0030063,J.Hankins,Johnathan Hankins,15,DT,DL,"https://static.www.nfl.com/image/upload/f_auto,q_auto/league/qnhaj3f4csasomqgie9p",SEA,15,13,2,15,5,5,0,1,8,2,1,0,1,0,0,0,0,0,0,0,3,15
2024,REG+POST,00-0030070,J.Jenkins,John Jenkins,15,DT,DL,"https://static.www.nfl.com/image/upload/f_auto,q_auto/league/mwvjpcuk5a1vg4pd0bvl",LV,13,9,4,33,3,6,0,1,10.5,4,0,0,2,0,0,0,0,0,0,0,0,0
2024,REG+POST,00-0030098,D.Hopkins,Dustin Hopkins,1,K,SPEC,"https://static.www.nfl.com/image/upload/f_auto,q_auto/league/b8xhu9uud3finj0x9hpf",CLE,0,0,0,0,0,0,0,0,0,0,0,0,0,0,0,0,0,0,0,0,1,5
2024,REG+POST,00-0030114,J.Poyer,Jordan Poyer,15,SS,DB,"https://static.www.nfl.com/image/upload/f_auto,q_auto/league/jhigvtvtb3jielxsxiyl",MIA,51,49,2,47,0,0,0,0,0,1,0,0,3,0,0,0,0,0,0,0,3,44
2024,REG+POST,00-0030294,T.Jefferson,Tony Jefferson,6,SS,DB,"https://static.www.nfl.com/image/upload/f_auto,q_auto/league/bkfls5xzpftiptzybn0j",LAC,19,19,0,11,3,4,1,0,0,0,0,0,0,0,0,0,0,1,0,0,1,3
2024,REG+POST,00-0030386,W.Gholston,William Gholston,8,DE,DL,"https://static.www.nfl.com/image/upload/f_auto,q_auto/league/yn9hugzuf7g8ve2xjtwi",TB,6,6,0,6,1,0,0,1,4,4,0,0,0,0,0,0,0,0,0,0,1,15
2024,REG+POST,00-0030459,T.Mathieu,Tyrann Mathieu,17,FS,DB,"https://static.www.nfl.com/image/upload/f_auto,q_auto/league/k3fywj4kodnfuyscnujy",NO,47,46,1,15,1,2,2,0,0,0,3,29,7,0,0,0,0,1,0,0,1,15
2024,REG+POST,00-0030506,T.Kelce,Travis Kelce,1,TE,TE,"https://static.www.nfl.com/image/upload/f_auto,q_auto/league/ilk4qbxxs6mt3v9zfvtg",BUF,1,1,0,0,0,0,0,0,0,0,0,0,0,0,0,0,0,0,0,0,0,0
2024,REG+POST,00-0030564,D.Hopkins,DeAndre Hopkins,1,WR,WR,"https://static.www.nfl.com/image/upload/f_auto,q_auto/league/viymeohipdn0voptrkzh",MIA,1,1,0,0,0,0,0,0,0,0,0,0,0,0,0,0,0,0,0,0,0,0
2024,REG+POST,00-0030757,M.Pennel,Mike Pennel,15,NT,DL,"https://static.www.nfl.com/image/upload/f_auto,q_auto/league/tgxzm3pvwn3uyfuirodr",KC,15,14,1,20,3,2,1,3,6,2,0,0,0,0,0,0,0,0,0,0,1,15
2024,REG+POST,00-0031040,K.Mack,Khalil Mack,16,DE,DL,"https://static.www.nfl.com/image/upload/f_auto,q_auto/league/xgd2ujsu1yhfa0aulchw",LAC,24,22,2,21,8,1,2,8,56,17,0,0,9,0,0,0,0,1,22,0,1,15
2024,REG+POST,00-0031054,D.Jones,DaQuan Jones,16,DT,DL,"https://static.www.nfl.com/image/upload/f_auto,q_auto/league/a8ladzqod3ojmibqytad",BUF,14,13,1,15,5,5,0,2.5,12,7,0,0,1,0,0,0,0,0,0,0,2,10
2024,REG+POST,00-0031101,S.Barrett,Shaquil Barrett,2,OLB,LB,"https://static.www.nfl.com/image/private/f_auto,q_auto/league/eiilfj6qiri4n9xrclwe",TB,2,2,0,0,0,0,0,0,0,0,0,0,0,0,0,0,0,0,0,0,0,0
2024,REG+POST,00-0031136,C.Boswell,Chris Boswell,1,K,SPEC,"https://static.www.nfl.com/image/upload/f_auto,q_auto/league/ivb854ozl9jp39lau99u",PIT,0,0,0,0,0,0,0,0,0,0,0,0,0,0,0,0,0,0,0,0,1,0
2024,REG+POST,00-0031177,B.Urban,Brent Urban,13,DE,DL,"https://static.www.nfl.com/image/upload/f_auto,q_auto/league/acp4qzscazxskq9efwnf",BAL,9,8,1,11,0,0,0,0,0,0,0,0,2,0,0,0,0,0,0,0,0,0
2024,REG+POST,00-0031254,D.Autry,Denico Autry,11,DE,DL,"https://static.www.nfl.com/image/upload/f_auto,q_auto/league/pafmcnd47wgvl8q1kulm",HOU,9,7,2,5,4,0,0,4,30,8,0,0,3,0,0,0,0,0,0,0,0,0
2024,REG+POST,00-0031270,S.Harris,Shelby Harris,14,DT,DL,"https://static.www.nfl.com/image/upload/f_auto,q_auto/league/lppu8txhvbs0h7ftxswg",CLE,18,14,4,19,5,4,1,1.5,9,5,0,0,2,0,0,0,0,0,0,0,1,5
2024,REG+POST,00-0031296,C.Mosley,C.J. Mosley,4,ILB,LB,"https://static.www.nfl.com/image/private/f_auto,q_auto/league/cjje7blxkubjmrbtbp27",NYJ,13,13,0,4,0,0,0,0,0,0,0,0,0,0,0,0,0,0,0,0,0,0
2024,REG+POST,00-0031298,J.Ward,Jimmie Ward,10,FS,DB,"https://static.www.nfl.com/image/upload/f_auto,q_auto/league/owockyq21r4kqxt67zab",HOU,32,29,3,16,5,8,0,0,0,0,2,67,4,1,0,0,0,0,0,0,1,5
2024,REG+POST,00-0031357,C.Goodwin,C.J. Goodwin,2,CB,DB,"https://static.www.nfl.com/image/upload/f_auto,q_auto/league/tcfvwabfull325uyjta1",DAL,0,0,0,0,0,0,0,0,0,0,0,0,0,0,0,0,0,0,0,0,2,18
2024,REG+POST,00-0031360,K.Van Noy,Kyle Van Noy,18,OLB,LB,"https://static.www.nfl.com/image/upload/f_auto,q_auto/league/izz9mxgcxcx0lydkleke",BAL,27,25,2,18,14,3,2,13,84,23,0,0,2,0,0,0,0,1,0,0,3,15
2024,REG+POST,00-0031364,J.Clowney,Jadeveon Clowney,13,OLB,LB,"https://static.www.nfl.com/image/upload/f_auto,q_auto/league/lu2evianim8sdgfyxlgh",CAR,24,20,4,22,9,6,0,5.5,48.5,11,0,0,4,0,0,0,0,0,0,0,2,10
2024,REG+POST,00-0031381,D.Adams,Davante Adams,1,WR,WR,"https://static.www.nfl.com/image/upload/f_auto,q_auto/league/jweoujpjv9u2a8k7wnos",CAR,1,1,0,0,0,0,0,0,0,0,0,0,0,0,0,0,0,0,0,0,0,0
2024,REG+POST,00-0031381,D.Adams,Davante Adams,1,WR,WR,"https://static.www.nfl.com/image/upload/f_auto,q_auto/league/jweoujpjv9u2a8k7wnos",PIT,1,1,0,0,0,0,0,0,0,0,0,0,0,0,0,0,0,0,0,0,0,0
2024,REG+POST,00-0031408,M.Evans,Mike Evans,1,WR,WR,"https://static.www.nfl.com/image/upload/f_auto,q_auto/league/vfsaie1uiokfczwv9p4d",DEN,1,1,0,0,0,0,0,0,0,0,0,0,0,0,0,0,0,0,0,0,0,0
2024,REG+POST,00-0031408,M.Evans,Mike Evans,1,WR,WR,"https://static.www.nfl.com/image/upload/f_auto,q_auto/league/vfsaie1uiokfczwv9p4d",NO,1,1,0,0,0,0,0,0,0,0,0,0,0,0,0,0,0,0,0,0,0,0
2024,REG+POST,00-0031411,D.Lawrence,Demarcus Lawrence,4,DE,DL,"https://static.www.nfl.com/image/upload/f_auto,q_auto/league/qzgz3zr1nmhxy0fiaqes",DAL,7,5,2,7,4,2,1,3,20,5,0,0,0,0,0,0,0,0,0,0,0,0
2024,REG+POST,00-0031426,J.Bitonio,Joel Bitonio,1,G,OL,"https://static.www.nfl.com/image/upload/f_auto,q_auto/league/il9yy0bjrowrwhxk9ard",WAS,1,1,0,0,0,0,0,0,0,0,0,0,0,0,0,0,0,0,0,0,0,0
2024,REG+POST,00-0031500,E.Obada,Efe Obada,4,DE,DL,"https://static.www.nfl.com/image/upload/f_auto,q_auto/league/i5zeos5e8jhwupjnlsri",WAS,2,1,1,2,0,0,0,0,0,0,0,0,0,0,0,0,0,0,0,0,0,0
2024,REG+POST,00-0031503,J.Winston,Jameis Winston,1,QB,QB,"https://static.www.nfl.com/image/upload/f_auto,q_auto/league/chdeosreuupotgq0eqlm",PIT,1,1,0,0,0,0,0,0,0,0,0,0,0,0,0,0,0,0,0,0,0,0
2024,REG+POST,00-0031550,S.Thompson,Shaq Thompson,4,ILB,LB,"https://static.www.nfl.com/image/upload/f_auto,q_auto/league/suldxex0tcm1rv69agr2",CAR,19,18,1,16,2,6,0,0,0,1,0,0,0,0,0,0,0,0,0,0,1,15
2024,REG+POST,00-0031551,E.Goldman,Eddie Goldman,9,NT,DL,"https://static.www.nfl.com/image/private/f_auto,q_auto/league/n2sm7z9fzco3dy3kdzdt",ATL,7,6,1,9,1,0,0,1,9,3,0,0,0,0,0,0,0,0,0,0,2,10
2024,REG+POST,00-0031554,E.Kendricks,Eric Kendricks,15,ILB,LB,"https://static.www.nfl.com/image/upload/f_auto,q_auto/league/adc49lyuljufsfseggdc",DAL,71,61,10,67,4,10,3,3,8,3,2,15,3,0,0,0,0,1,0,0,0,0
2024,REG+POST,00-0031557,J.Phillips,Jordan Phillips,7,DT,DL,"https://static.www.nfl.com/image/upload/f_auto,q_auto/league/iu4ppwzelupya497dxtt",BUF,5,4,1,3,1,0,0,1,7,2,1,2,1,0,0,0,0,0,0,0,1,8
2024,REG+POST,00-0031557,J.Phillips,Jordan Phillips,1,DT,DL,"https://static.www.nfl.com/image/upload/f_auto,q_auto/league/iu4ppwzelupya497dxtt",DAL,0,0,0,1,0,0,0,0,0,1,0,0,0,0,0,0,0,0,0,0,0,0
2024,REG+POST,00-0031565,D.Hunter,Danielle Hunter,18,DE,DL,"https://static.www.nfl.com/image/upload/f_auto,q_auto/league/hsgq2reivph5rd48rq4p",HOU,35,30,5,18,17,16,1,12,93.5,26,0,0,3,0,0,0,0,0,0,0,4,30
2024,REG+POST,00-0031576,Z.Smith,Za'Darius Smith,8,DE,DL,"https://static.www.nfl.com/image/upload/f_auto,q_auto/league/l5t51lcflhhfvxhr1sx3",CLE,15,13,2,8,6,10,0,5,29,7,0,0,0,0,0,0,0,0,0,0,0,0
2024,REG+POST,00-0031576,Z.Smith,Za'Darius Smith,9,DE,DL,"https://static.www.nfl.com/image/upload/f_auto,q_auto/league/l5t51lcflhhfvxhr1sx3",DET,7,5,2,5,3,0,0,4,38,10,0,0,2,0,0,0,0,0,0,0,3,23
2024,REG+POST,00-0031580,S.Mason,Shaquille Mason,1,G,OL,"https://static.www.nfl.com/image/upload/f_auto,q_auto/league/h2j9pcx5k3kfbxgq1bb7",MIA,1,1,0,0,0,0,0,0,0,0,0,0,0,0,0,0,0,0,0,0,0,0
2024,REG+POST,00-0031581,M.Glowinski,Mark Glowinski,1,G,OL,"https://static.www.nfl.com/image/private/f_auto,q_auto/league/ldqr5jlk57a6nrha4u8w",TEN,1,1,0,0,0,0,0,0,0,0,0,0,0,0,0,0,0,0,0,0,0,0
2024,REG+POST,00-0031583,G.Jarrett,Grady Jarrett,17,DT,DL,"https://static.www.nfl.com/image/upload/f_auto,q_auto/league/evfy7od6zezkptbipam5",ATL,30,25,5,23,9,21,0,2.5,23,12,0,0,0,0,0,0,0,0,0,0,2,10
2024,REG+POST,00-0031587,B.McCain,Bobby McCain,1,SS,DB,"https://static.www.nfl.com/image/upload/f_auto,q_auto/league/qngkoi5ocjuet0kmni6a",MIN,2,2,0,2,0,0,0,0,0,0,0,0,0,0,0,0,0,0,0,0,0,0
2024,REG+POST,00-0031588,S.Diggs,Stefon Diggs,1,WR,WR,"https://static.www.nfl.com/image/upload/f_auto,q_auto/league/to2qwuffjnjlouctglsl",BUF,1,1,0,0,0,0,0,0,0,0,0,0,0,0,0,0,0,0,0,0,0,0
2024,REG+POST,00-0031608,Q.Diggs,Quandre Diggs,8,FS,DB,"https://static.www.nfl.com/image/upload/f_auto,q_auto/league/bpueborpbbhwe9pesnyt",TEN,35,29,6,7,0,0,0,0,0,0,0,0,0,0,0,0,0,0,0,0,0,0
2024,REG+POST,00-0031740,N.Hewitt,Neville Hewitt,10,ILB,LB,"https://static.www.nfl.com/image/upload/f_auto,q_auto/league/tohlmo4ymgsmbe3egoac",HOU,27,25,2,23,0,0,2,0,0,1,1,45,3,0,0,0,0,0,0,0,1,15
2024,REG+POST,00-0031785,T.Hill,Troy Hill,6,CB,DB,"https://static.www.nfl.com/image/upload/f_auto,q_auto/league/fa4ba7c9ku1narcpyh10",CAR,20,17,3,12,1,2,0,0,0,0,0,0,1,0,0,0,0,0,0,0,1,15
2024,REG+POST,00-0031795,D.Williams,DeShawn Williams,9,DE,DL,"https://static.www.nfl.com/image/upload/f_auto,q_auto/league/oomwiwcodj3uwrbd4bug",CAR,8,7,1,8,0,0,0,0.5,3.5,4,0,0,0,0,0,0,0,0,0,0,0,0
2024,REG+POST,00-0031898,A.Singleton,Alex Singleton,3,ILB,LB,"https://static.www.nfl.com/image/upload/f_auto,q_auto/league/pzmcsembcob3ochitr6x",DEN,17,11,6,14,1,4,0,0,0,1,1,21,1,0,0,0,0,0,0,0,0,0
2024,REG+POST,00-0031933,L.Williams,Leonard Williams,15,DT,DL,"https://static.www.nfl.com/image/upload/f_auto,q_auto/league/d2aptvibuotyxumk2ohy",SEA,37,33,4,27,16,12,0,11,71.5,28,1,92,3,1,0,0,0,0,0,0,3,35
2024,REG+POST,00-0031935,P.Smith,Preston Smith,9,DE,DL,"https://static.www.nfl.com/image/upload/f_auto,q_auto/league/euesbavo3qc6kzxcu5mb",GB,6,6,0,13,2,0,0,2.5,20.5,4,0,0,0,0,0,0,0,0,0,0,2,10
2024,REG+POST,00-0031935,P.Smith,Preston Smith,7,DE,DL,"https://static.www.nfl.com/image/upload/f_auto,q_auto/league/euesbavo3qc6kzxcu5mb",PIT,6,6,0,7,3,0,0,2,5,2,0,0,0,0,0,1,1,0,1,0,0,0
2024,REG+POST,00-0031938,C.Davis,Carl Davis,3,NT,DL,"https://static.www.nfl.com/image/upload/f_auto,q_auto/league/ozc21yaswwzhzdbcz0fm",WAS,3,3,0,6,0,0,0,0,0,0,0,0,0,0,0,0,0,0,0,0,0,0
2024,REG+POST,00-0031941,J.Crowder,Jamison Crowder,1,WR,WR,"https://static.www.nfl.com/image/upload/f_auto,q_auto/league/rfysbrjrvfdr72cx8who",ATL,0,0,0,1,0,0,0,0,0,0,0,0,0,0,0,0,0,0,0,0,0,0
2024,REG+POST,00-0031957,R.Nunez-Roches,Rakeem Nunez-Roches,15,NT,DL,"https://static.www.nfl.com/image/upload/f_auto,q_auto/league/lk9ht53hnkifzoboz79k",NYG,14,11,3,38,2,1,0,2,4,6,0,0,2,0,0,0,0,0,0,0,1,5
2024,REG+POST,00-0032052,D.Fowler,Dante Fowler,19,OLB,LB,"https://static.www.nfl.com/image/upload/f_auto,q_auto/league/w9hqjfsqi3fzryay68mu",WAS,28,27,1,16,15,21,2,10.5,70,13,1,67,1,1,0,0,0,0,0,0,5,60
2024,REG+POST,00-0032065,B.Pinion,Bradley Pinion,1,P,SPEC,"https://static.www.nfl.com/image/upload/f_auto,q_auto/league/rorbnsbacfcscruzxqra",ATL,0,0,0,0,0,0,0,0,0,0,0,0,0,0,0,0,0,0,0,0,1,0
2024,REG+POST,00-0032103,D.Perryman,Denzel Perryman,12,ILB,LB,"https://static.www.nfl.com/image/upload/f_auto,q_auto/league/vxzrfxabkffbe1lg5qcq",LAC,39,30,9,18,2,0,0,1,7,3,0,0,0,0,0,0,0,0,0,0,0,0
2024,REG+POST,00-0032107,A.Blackson,Angelo Blackson,1,DT,DL,"https://static.www.nfl.com/image/upload/f_auto,q_auto/league/fqkyimdahqjlnqu60zqf",ARI,1,1,0,0,0,0,0,0,0,0,0,0,0,0,0,0,0,0,0,0,0,0
2024,REG+POST,00-0032109,K.Alexander,Kwon Alexander,3,OLB,LB,"https://static.www.nfl.com/image/upload/f_auto,q_auto/league/rccrvhqts2qk8ycjqfmz",DEN,3,1,2,5,0,0,1,0,0,0,0,0,0,0,0,0,0,1,0,0,0,0
2024,REG+POST,00-0032109,K.Alexander,Kwon Alexander,2,OLB,LB,"https://static.www.nfl.com/image/upload/f_auto,q_auto/league/rccrvhqts2qk8ycjqfmz",DET,1,1,0,3,0,0,0,0,0,0,0,0,0,0,0,0,0,0,0,0,1,3
2024,REG+POST,00-0032128,C.Conley,Chris Conley,1,WR,WR,"https://static.www.nfl.com/image/upload/f_auto,q_auto/league/mr4h7vx02uwpr7xlfk6y",SF,1,1,0,0,0,0,0,0,0,0,0,0,0,0,0,0,0,0,0,0,0,0
2024,REG+POST,00-0032129,J.Hicks,Jordan Hicks,12,ILB,LB,"https://static.www.nfl.com/image/upload/f_auto,q_auto/league/nupnkxjio2iuqppmog1a",CLE,40,31,9,38,4,4,0,2,7,5,0,0,4,0,0,0,0,0,0,0,1,15
2024,REG+POST,00-0032146,B.Dupree,Bud Dupree,15,OLB,LB,"https://static.www.nfl.com/image/upload/f_auto,q_auto/league/tg3rnyclhffznnme5elq",LAC,18,17,1,10,6,0,1,6,30,10,1,0,2,0,0,0,0,0,0,0,2,9
2024,REG+POST,00-0032162,T.McGill,T.Y. McGill,1,DT,DL,"https://static.www.nfl.com/image/upload/f_auto,q_auto/league/v1rav6esnezg5ggbkwoz",CLE,1,1,0,1,0,0,0,0,0,1,0,0,0,0,0,0,0,0,0,0,0,0
2024,REG+POST,00-0032162,T.McGill,T.Y. McGill,1,DT,DL,"https://static.www.nfl.com/image/upload/f_auto,q_auto/league/v1rav6esnezg5ggbkwoz",SF,0,0,0,1,0,0,0,0,0,0,0,0,0,0,0,0,0,0,0,0,0,0
2024,REG+POST,00-0032164,A.Armstead,Arik Armstead,16,DE,DL,"https://static.www.nfl.com/image/upload/f_auto,q_auto/league/ra0eag1wqgvw1nzbpy4a",JAX,21,19,2,8,3,1,0,2,11,7,0,0,3,0,0,0,0,0,0,0,2,10
2024,REG+POST,00-0032195,R.Darby,Ronald Darby,12,CB,DB,"https://static.www.nfl.com/image/upload/f_auto,q_auto/league/dn0kn2aw6crrzvsjiuvl",JAX,36,35,1,10,3,2,0,0,0,0,0,0,9,0,0,0,0,0,0,0,2,10
2024,REG+POST,00-0032265,M.Edwards,Mario Edwards,15,DT,DL,"https://static.www.nfl.com/image/upload/f_auto,q_auto/league/cia50revbealvw5biusr",HOU,14,13,1,20,4,0,0,4.5,39.5,11,0,0,2,0,0,0,0,2,0,0,4,40
2024,REG+POST,00-0032378,D.Buckner,DeForest Buckner,12,DT,DL,"https://static.www.nfl.com/image/upload/f_auto,q_auto/league/yuh9isf5mds3l9hcp4vw",IND,24,20,4,37,8,1,0,6.5,62,14,0,0,1,0,0,0,0,0,0,0,1,5
2024,REG+POST,00-0032379,E.Apple,Eli Apple,2,CB,DB,"https://static.www.nfl.com/image/upload/f_auto,q_auto/league/szrv0msliekcbdfulpzb",LAC,2,2,0,0,0,0,0,0,0,0,0,0,1,0,0,0,0,0,0,0,0,0
2024,REG+POST,00-0032387,J.Reed,Jarran Reed,15,NT,DL,"https://static.www.nfl.com/image/upload/f_auto,q_auto/league/td7umxhgwkswls8rutk0",SEA,21,18,3,24,5,1,1,4.5,46,15,0,0,2,0,0,0,0,0,0,0,0,0
2024,REG+POST,00-0032388,D.Jones,Deion Jones,1,ILB,LB,"https://static.www.nfl.com/image/upload/f_auto,q_auto/league/bewzmz3j2x3kgbydfmhd",TB,1,1,0,1,0,0,0,0,0,0,0,0,1,0,0,0,0,0,0,0,0,0
2024,REG+POST,00-0032391,J.Thuney,Joe Thuney,1,G,OL,"https://static.www.nfl.com/image/private/f_auto,q_auto/league/hlarfa9lnf5g8gfrvwxe",LV,1,1,0,0,0,0,0,0,0,0,0,0,0,0,0,0,0,0,0,0,0,0
2024,REG+POST,00-0032391,J.Thuney,Joe Thuney,1,G,OL,"https://static.www.nfl.com/image/private/f_auto,q_auto/league/hlarfa9lnf5g8gfrvwxe",NO,1,1,0,0,0,0,0,0,0,0,0,0,0,0,0,0,0,0,0,0,0,0
2024,REG+POST,00-0032392,A.Hooper,Austin Hooper,1,TE,TE,"https://static.www.nfl.com/image/upload/f_auto,q_auto/league/hj0ybtjspne3t1cso961",HOU,1,1,0,0,0,0,0,0,0,0,0,0,0,0,0,0,0,0,0,0,0,0
2024,REG+POST,00-0032399,M.Killebrew,Miles Killebrew,1,SS,DB,"https://static.www.nfl.com/image/upload/f_auto,q_auto/league/hadxrgt3tjv3ceaougsj",PIT,1,1,0,1,0,0,0,0,0,0,0,0,0,0,0,0,0,0,0,0,0,0
2024,REG+POST,00-0032401,D.Campbell,De'Vondre Campbell,13,ILB,LB,"https://static.www.nfl.com/image/upload/f_auto,q_auto/league/wctve53etxcg6hx9o9cr",SF,44,36,8,35,3,4,0,0,0,1,0,0,2,0,0,0,0,0,0,0,1,25
2024,REG+POST,00-0032412,D.Lowry,Dean Lowry,5,DE,DL,"https://static.www.nfl.com/image/upload/f_auto,q_auto/league/akvs2wasmwm0rnh9lpfj",PIT,1,1,0,4,0,0,0,1,0,1,0,0,1,0,0,0,0,0,0,0,0,0
2024,REG+POST,00-0032415,M.Judon,Matt Judon,17,OLB,LB,"https://static.www.nfl.com/image/upload/f_auto,q_auto/league/whfmdlt319vlpqjyqdfl",ATL,25,23,2,16,7,3,0,5.5,43,9,1,27,5,1,0,0,0,0,0,0,5,35
2024,REG+POST,00-0032416,Q.Jefferson,Quinton Jefferson,6,DE,DL,"https://static.www.nfl.com/image/upload/f_auto,q_auto/league/gledu9ppvddrbnqlpdmk",BUF,4,2,2,4,2,2,0,1,10,2,0,0,0,0,0,0,0,0,0,0,1,5
2024,REG+POST,00-0032416,Q.Jefferson,Quinton Jefferson,4,DE,DL,"https://static.www.nfl.com/image/upload/f_auto,q_auto/league/gledu9ppvddrbnqlpdmk",CLE,1,1,0,5,1,0,0,1,8,2,0,0,0,0,0,0,0,0,0,0,0,0
2024,REG+POST,00-0032424,D.Reader,D.J. Reader,14,NT,DL,"https://static.www.nfl.com/image/upload/f_auto,q_auto/league/yfvsrhkblzo9sgrrgjix",DET,11,10,1,13,4,1,0,3,19,8,0,0,1,0,0,0,0,0,0,0,1,5
2024,REG+POST,00-0032434,B.Allen,Brandon Allen,1,QB,QB,"https://static.www.nfl.com/image/upload/f_auto,q_auto/league/xn9eheiy6kty4movmlak",GB,1,1,0,0,0,0,0,0,0,0,0,0,0,0,0,0,0,0,0,0,0,0
2024,REG+POST,00-0032437,K.Grugier-Hill,Kamu Grugier-Hill,9,ILB,LB,"https://static.www.nfl.com/image/upload/f_auto,q_auto/league/sxfai8ftbojvsdl3wvem",MIN,11,9,2,6,0,0,0,0,0,0,2,5,3,0,0,0,0,0,0,0,0,0
2024,REG+POST,00-0032442,E.Roberts,Elandon Roberts,16,ILB,LB,"https://static.www.nfl.com/image/upload/f_auto,q_auto/league/vbvspu3dh3ijm0gmqh4l",PIT,31,27,4,29,5,9,1,1,9,4,0,0,0,0,0,0,0,0,0,0,0,0
2024,REG+POST,00-0032463,K.Peko,Kyle Peko,2,DT,DL,"https://static.www.nfl.com/image/upload/f_auto,q_auto/league/fjkxpymzwv4qn2qui5me",DET,1,0,1,1,1,2,0,0,0,2,0,0,0,0,0,0,0,0,0,0,0,0
2024,REG+POST,00-0032521,M.Hilton,Mike Hilton,16,CB,DB,"https://static.www.nfl.com/image/upload/f_auto,q_auto/league/uippdcskzxubvfqoqxlo",CIN,50,38,12,23,12,33,0,0,0,1,1,0,5,0,0,0,0,0,0,0,2,15
2024,REG+POST,00-0032569,W.Lutz,Wil Lutz,2,K,SPEC,"https://static.www.nfl.com/image/upload/f_auto,q_auto/league/o99huensfz7qwnygonyg",DEN,0,0,0,0,0,0,0,0,0,0,0,0,0,0,0,0,0,0,0,0,2,0
2024,REG+POST,00-0032574,M.Pierce,Michael Pierce,12,NT,DL,"https://static.www.nfl.com/image/upload/f_auto,q_auto/league/k9oastt4cbi9gpksewri",BAL,7,6,1,18,2,0,0,3,20,5,1,6,2,0,0,0,0,0,0,0,0,0
2024,REG+POST,00-0032580,J.Jones,Jonathan Jones,16,CB,DB,"https://static.www.nfl.com/image/private/f_auto,q_auto/league/jn9mpyhj4gbzwyuio1kf",NE,41,40,1,17,0,0,2,0,0,0,0,0,6,0,0,0,0,0,0,0,3,30
2024,REG+POST,00-0032667,R.Robertson-Harris,Roy Robertson-Harris,5,DT,DL,"https://static.www.nfl.com/image/upload/f_auto,q_auto/league/wvjotczjatgua8ufcxu4",JAX,5,5,0,2,3,5,0,2,11,4,0,0,0,0,0,0,0,0,0,0,0,0
2024,REG+POST,00-0032667,R.Robertson-Harris,Roy Robertson-Harris,7,DT,DL,"https://static.www.nfl.com/image/upload/f_auto,q_auto/league/wvjotczjatgua8ufcxu4",SEA,5,4,1,8,1,1,0,0,0,1,0,0,1,0,0,0,0,0,0,0,1,5
2024,REG+POST,00-0032671,M.Fox,Morgan Fox,15,DT,DL,"https://static.www.nfl.com/image/upload/f_auto,q_auto/league/mfqea9ql1fhomn2cognj",LAC,20,17,3,9,4,1,0,3.5,27,6,0,0,1,0,0,0,0,0,0,0,0,0
2024,REG+POST,00-0032688,R.Chosen,Robbie Chosen,1,WR,WR,"https://static.www.nfl.com/image/private/f_auto,q_auto/league/hkcncqfwusv19fah3mbt",BUF,1,1,0,0,0,0,0,0,0,0,0,0,0,0,0,0,0,0,0,0,0,0
2024,REG+POST,00-0032726,K.Fairbairn,Ka'imi Fairbairn,2,K,SPEC,"https://static.www.nfl.com/image/upload/f_auto,q_auto/league/d14gkuipphr97tzmprpv",HOU,0,0,0,0,0,0,0,0,0,0,0,0,0,0,0,0,0,0,0,0,2,0
2024,REG+POST,00-0032759,S.Rankins,Sheldon Rankins,7,DT,DL,"https://static.www.nfl.com/image/upload/f_auto,q_auto/league/irtbfbgmszlpan4h954p",CIN,10,7,3,8,1,0,0,1,7,1,0,0,0,0,0,0,0,0,0,0,0,0
2024,REG+POST,00-0032762,C.Jones,Chris Jones,18,DT,DL,"https://static.www.nfl.com/image/upload/f_auto,q_auto/league/bdoe3dkg1rej1tiqakb1",KC,20,19,1,22,10,7,1,6,35,25,0,0,0,0,0,0,0,0,0,0,5,35
2024,REG+POST,00-0032763,A.Johnson,Austin Johnson,14,DT,DL,"https://static.www.nfl.com/image/upload/f_auto,q_auto/league/ggb026caft3iv7codtxe",BUF,10,8,2,16,1,1,0,0.5,0,1,2,9,2,0,0,0,0,0,0,0,0,0
2024,REG+POST,00-0032774,D.Bush,Deon Bush,1,SS,DB,"https://static.www.nfl.com/image/upload/f_auto,q_auto/league/bbfkoigp2kunslxoxizi",KC,2,2,0,1,0,0,0,0,0,0,0,0,0,0,0,0,0,0,0,0,0,0
2024,REG+POST,00-0032775,D.Robinson,Demarcus Robinson,1,WR,WR,"https://static.www.nfl.com/image/upload/f_auto,q_auto/league/lakf0xue1qqb7ed4p6ge",MIA,1,1,0,0,0,0,0,0,0,0,0,0,0,0,0,0,0,0,0,0,0,0
2024,REG+POST,00-0032775,D.Robinson,Demarcus Robinson,1,WR,WR,"https://static.www.nfl.com/image/upload/f_auto,q_auto/league/lakf0xue1qqb7ed4p6ge",NYJ,1,1,0,0,0,0,0,0,0,0,0,0,0,0,0,0,0,0,0,0,0,0
2024,REG+POST,00-0032803,J.Mills,Jalen Mills,8,CB,DB,"https://static.www.nfl.com/image/upload/f_auto,q_auto/league/yc4745ngoppgf1syjghl",NYJ,17,16,1,27,1,2,1,0,0,0,1,0,6,0,0,0,0,0,0,0,1,5
2024,REG+POST,00-0032889,A.Robinson,A'Shawn Robinson,16,DE,DL,"https://static.www.nfl.com/image/upload/f_auto,q_auto/league/erkfjohq7j2kqigny727",CAR,43,36,7,37,8,2,1,5.5,45.5,8,0,0,1,0,0,0,0,0,0,0,4,39
2024,REG+POST,00-0032891,D.Worley,Daryl Worley,8,FS,DB,"https://static.www.nfl.com/image/private/f_auto,q_auto/league/rxotapqf0dvdbnhkk5fl",TEN,28,25,3,24,0,0,1,0,0,0,1,0,2,0,0,0,0,0,0,0,1,10
2024,REG+POST,00-0032892,N.Vigil,Nick Vigil,5,ILB,LB,"https://static.www.nfl.com/image/upload/f_auto,q_auto/league/wa0mujrluz8esidfvi8v",DAL,7,6,1,7,0,0,0,0,0,0,0,0,0,0,0,0,0,0,0,0,1,10
2024,REG+POST,00-0032918,C.Ham,C.J. Ham,3,FB,RB,"https://static.www.nfl.com/image/upload/f_auto,q_auto/league/a23fezyvrzsse3q8yuxi",MIN,0,0,0,1,0,0,0,0,0,0,0,0,0,0,0,0,0,0,0,0,2,15
2024,REG+POST,00-0032933,A.Hamilton,Antonio Hamilton,1,CB,DB,"https://static.www.nfl.com/image/upload/f_auto,q_auto/league/vr67l0o3rl37elhaulrf",ATL,2,2,0,0,0,0,0,0,0,0,0,0,0,0,0,0,0,0,0,0,0,0
2024,REG+POST,00-0032939,V.Bell,Vonn Bell,14,SS,DB,"https://static.www.nfl.com/image/upload/f_auto,q_auto/league/sgfnqlbea65ktiiem6kp",CIN,21,17,4,30,1,0,1,0,0,1,1,32,2,0,0,0,0,1,0,0,0,0
2024,REG+POST,00-0032954,I.Seumalo,Isaac Seumalo,1,G,OL,"https://static.www.nfl.com/image/upload/f_auto,q_auto/league/c5dr4qxx5vsono44tj6j",NYG,1,1,0,0,0,0,0,0,0,0,0,0,0,0,0,0,0,0,0,0,0,0
2024,REG+POST,00-0032971,J.Simmons,Justin Simmons,16,FS,DB,"https://static.www.nfl.com/image/upload/f_auto,q_auto/league/hepfele9gi8zbjin8kbf",ATL,36,32,4,26,2,2,0,0,0,0,2,0,7,0,0,0,0,0,0,0,0,0
2024,REG+POST,00-0033009,T.Boyd,Tyler Boyd,1,WR,WR,"https://static.www.nfl.com/image/upload/f_auto,q_auto/league/ttifog0hjxprlhkagugu",CIN,1,1,0,0,0,0,0,0,0,0,0,0,0,0,0,0,0,0,0,0,0,0
2024,REG+POST,00-0033010,S.Day,Sheldon Day,11,DT,DL,"https://static.www.nfl.com/image/upload/f_auto,q_auto/league/cxw7fnka7letqbn7e1h3",WAS,12,10,2,13,2,3,0,0,0,2,0,0,1,0,0,0,0,0,0,0,0,0
2024,REG+POST,00-0033038,E.Murray,Eric Murray,18,FS,DB,"https://static.www.nfl.com/image/upload/f_auto,q_auto/league/odk8nhmepeqj3rdljafn",HOU,57,52,5,28,2,1,0,1,14,3,2,38,12,1,0,0,0,0,0,0,3,58
2024,REG+POST,00-0033040,T.Hill,Tyreek Hill,1,WR,WR,"https://static.www.nfl.com/image/upload/f_auto,q_auto/league/gdwjlpbkenmnsibawkht",HOU,2,2,0,0,0,0,0,0,0,0,0,0,0,0,0,0,0,0,0,0,0,0
2024,REG+POST,00-0033045,E.Elliott,Ezekiel Elliott,1,RB,RB,"https://static.www.nfl.com/image/upload/f_auto,q_auto/league/d4yr6htg4dbs0bgcfqnd",NO,0,0,0,1,0,0,0,0,0,0,0,0,0,0,0,0,0,0,0,0,0,0
2024,REG+POST,00-0033046,J.Ward,Jihad Ward,15,OLB,LB,"https://static.www.nfl.com/image/upload/f_auto,q_auto/league/qhdntz1hu7fboet6gsdg",MIN,5,5,0,7,1,0,0,1,4,14,0,0,1,0,0,0,0,1,2,0,3,25
2024,REG+POST,00-0033051,D.Onyemata,David Onyemata,17,DT,DL,"https://static.www.nfl.com/image/upload/f_auto,q_auto/league/lrcxemhxjms9iknz5nsv",ATL,23,21,2,22,8,5,0,3,15,5,0,0,1,0,0,0,0,0,0,0,0,0
2024,REG+POST,00-0033055,J.Ramsey,Jalen Ramsey,17,CB,DB,"https://static.www.nfl.com/image/private/f_auto,q_auto/league/qqpx4sxtl2oj8e8jaig7",MIA,39,36,3,21,6,5,0,1,12,4,2,7,11,0,0,0,0,0,0,0,5,74
2024,REG+POST,00-0033057,J.Conklin,Jack Conklin,1,T,OL,"https://static.www.nfl.com/image/upload/f_auto,q_auto/league/n8bh3p91qk6myrjqmast",KC,1,1,0,0,0,0,0,0,0,0,0,0,0,0,0,0,0,0,0,0,0,0
2024,REG+POST,00-0033064,A.Gotsis,Adam Gotsis,5,DT,DL,"https://static.www.nfl.com/image/upload/f_auto,q_auto/league/pfkcfbi2cqmxvpjjvzbh",IND,3,3,0,4,0,0,0,0,0,2,0,0,0,0,0,0,0,0,0,0,1,5
2024,REG+POST,00-0033066,A.Billings,Andrew Billings,7,DT,DL,"https://static.www.nfl.com/image/upload/f_auto,q_auto/league/stkcgorrqfed6fpfcflw",CHI,9,6,3,4,2,1,1,1,10,3,0,0,0,0,0,0,0,0,0,0,1,5
2024,REG+POST,00-0033072,L.Floyd,Leonard Floyd,14,DE,DL,"https://static.www.nfl.com/image/upload/f_auto,q_auto/league/nfkjp8qksxbnenougfzt",SF,25,22,3,17,8,1,1,8.5,40,16,0,0,1,0,0,0,0,0,0,0,1,5
2024,REG+POST,00-0033073,E.Ogbah,Emmanuel Ogbah,16,DE,DL,"https://static.www.nfl.com/image/private/f_auto,q_auto/league/ch8e3xqiavbj85qnmypm",MIA,27,24,3,22,9,21,1,5,22,11,1,0,2,0,0,0,0,0,0,0,1,15
2024,REG+POST,00-0033077,D.Prescott,Dak Prescott,1,QB,QB,"https://static.www.nfl.com/image/upload/f_auto,q_auto/league/xmtaggdnhuyl4pdwtv8j",NO,0,0,0,1,0,0,0,0,0,0,0,0,0,0,0,0,0,0,0,0,0,0
2024,REG+POST,00-0033084,K.Fuller,Kendall Fuller,11,CB,DB,"https://static.www.nfl.com/image/upload/f_auto,q_auto/league/pdznqfqyrrwcjdrjb3s5",MIA,37,35,2,13,1,2,0,0,0,0,0,0,7,0,0,0,0,1,1,0,0,0
2024,REG+POST,00-0033093,J.Bullard,Jonathan Bullard,18,DE,DL,"https://static.www.nfl.com/image/upload/f_auto,q_auto/league/shtrimq73t4hqsojvxcf",MIN,22,15,7,20,7,8,0,1,4,3,0,0,3,0,0,0,0,0,0,0,3,15
2024,REG+POST,00-0033103,A.Burns,Artie Burns,2,CB,DB,"https://static.www.nfl.com/image/upload/f_auto,q_auto/league/nxzudhrs9uippsvtzzvm",SEA,3,3,0,1,0,0,0,0,0,0,0,0,3,0,0,0,0,0,0,0,1,5
2024,REG+POST,00-0033106,J.Goff,Jared Goff,1,QB,QB,"https://static.www.nfl.com/image/upload/f_auto,q_auto/league/jxyaiwwkabzmmphouxil",GB,1,1,0,0,0,0,0,0,0,0,0,0,0,0,0,0,0,0,0,0,0,0
2024,REG+POST,00-0033106,J.Goff,Jared Goff,1,QB,QB,"https://static.www.nfl.com/image/upload/f_auto,q_auto/league/jxyaiwwkabzmmphouxil",MIN,0,0,0,1,0,0,0,0,0,0,0,0,0,0,0,0,0,0,0,0,0,0
2024,REG+POST,00-0033109,J.Hargrave,Javon Hargrave,3,DT,DL,"https://static.www.nfl.com/image/upload/f_auto,q_auto/league/xdcpyvepnbcc4enqqj76",SF,4,4,0,3,1,0,0,1,9,1,0,0,0,0,0,0,0,0,0,0,0,0
2024,REG+POST,00-0033120,K.Clark,Kenny Clark,16,DT,DL,"https://static.www.nfl.com/image/upload/f_auto,q_auto/league/tyzoow2xs7xp9kqh20dw",GB,22,16,6,20,4,4,0,1,7,5,0,0,2,0,0,0,0,2,0,0,4,20
2024,REG+POST,00-0033123,Y.Ngakoue,Yannick Ngakoue,5,DE,DL,"https://static.www.nfl.com/image/upload/f_auto,q_auto/league/ivskxqgndid0umkimrdw",BAL,1,1,0,4,1,0,0,1.5,3.5,4,0,0,0,0,0,0,0,0,0,0,0,0
2024,REG+POST,00-0033123,Y.Ngakoue,Yannick Ngakoue,5,DE,DL,"https://static.www.nfl.com/image/upload/f_auto,q_auto/league/ivskxqgndid0umkimrdw",NE,4,2,2,5,0,0,0,0,0,2,0,0,0,0,0,0,0,0,0,0,1,15
2024,REG+POST,00-0033131,M.Collins,Maliek Collins,17,DT,DL,"https://static.www.nfl.com/image/upload/f_auto,q_auto/league/podi6i7zb875h7jcmwmi",SF,20,20,0,13,5,5,0,5,36.5,12,0,0,0,0,0,0,0,2,0,0,3,34
2024,REG+POST,00-0033132,K.Byard,Kevin Byard,17,FS,DB,"https://static.www.nfl.com/image/upload/f_auto,q_auto/league/ymu0jcrm7clsyhhvmcki",CHI,80,70,10,50,5,1,1,2,17,2,1,0,7,0,0,0,0,2,0,0,1,8
2024,REG+POST,00-0033156,J.Bosa,Joey Bosa,13,DE,DL,"https://static.www.nfl.com/image/upload/f_auto,q_auto/league/mlrnkg2xcymq7ilodar5",LAC,18,17,1,6,6,2,2,6,29,14,0,0,0,0,0,0,0,0,0,0,7,35
2024,REG+POST,00-0033217,M.Alie-Cox,Mo Alie-Cox,1,TE,TE,"https://static.www.nfl.com/image/upload/f_auto,q_auto/league/f4orwwthvtcyd3vfqjvs",NYG,1,1,0,0,0,0,0,0,0,0,0,0,0,0,0,0,0,0,0,0,0,0
2024,REG+POST,00-0033281,M.Humphrey,Marlon Humphrey,18,CB,DB,"https://static.www.nfl.com/image/upload/f_auto,q_auto/league/z76v2oy3pduhaugfzs3t",BAL,53,50,3,21,5,3,2,0.5,3,5,6,37,15,1,0,0,0,0,0,0,9,114
2024,REG+POST,00-0033282,C.Samuel,Curtis Samuel,1,WR,WR,"https://static.www.nfl.com/image/upload/f_auto,q_auto/league/mq62ulflifrpjrcyknbj",BAL,1,1,0,0,0,0,0,0,0,0,0,0,0,0,0,0,0,0,0,0,0,0
2024,REG+POST,00-0033282,C.Samuel,Curtis Samuel,1,WR,WR,"https://static.www.nfl.com/image/upload/f_auto,q_auto/league/mq62ulflifrpjrcyknbj",IND,1,1,0,0,0,0,0,0,0,0,0,0,0,0,0,0,0,0,0,0,0,0
2024,REG+POST,00-0033283,T.Bowser,Tyus Bowser,7,OLB,LB,"https://static.www.nfl.com/image/upload/f_auto,q_auto/league/ya9ueczkdruaxw1vnijr",MIA,5,5,0,5,0,0,0,0,0,0,0,0,0,0,0,0,0,0,0,0,1,5
2024,REG+POST,00-0033283,T.Bowser,Tyus Bowser,1,OLB,LB,"https://static.www.nfl.com/image/upload/f_auto,q_auto/league/ya9ueczkdruaxw1vnijr",SEA,1,1,0,0,0,0,0,0,0,0,0,0,0,0,0,0,0,0,0,0,0,0
2024,REG+POST,00-0033288,G.Kittle,George Kittle,1,TE,TE,"https://static.www.nfl.com/image/upload/f_auto,q_auto/league/ivkrikewqqdllzvano8h",ARI,2,2,0,0,0,0,0,0,0,0,0,0,0,0,0,0,0,0,0,0,0,0
2024,REG+POST,00-0033288,G.Kittle,George Kittle,1,TE,TE,"https://static.www.nfl.com/image/upload/f_auto,q_auto/league/ivkrikewqqdllzvano8h",BUF,1,1,0,0,0,0,0,0,0,0,0,0,0,0,0,0,0,0,0,0,0,0
2024,REG+POST,00-0033290,J.Eluemunor,Jermaine Eluemunor,1,T,OL,"https://static.www.nfl.com/image/upload/f_auto,q_auto/league/hoxvogcggmnpziljkvkn",CIN,0,0,0,1,0,0,0,0,0,0,0,0,0,0,0,0,0,0,0,0,0,0
2024,REG+POST,00-0033293,A.Jones,Aaron Jones,1,RB,RB,"https://static.www.nfl.com/image/upload/f_auto,q_auto/league/bktkfvgfwujkdbzkcfim",CHI,1,1,0,0,0,0,0,0,0,0,0,0,0,0,0,0,0,0,0,0,0,0
2024,REG+POST,00-0033293,A.Jones,Aaron Jones,1,RB,RB,"https://static.www.nfl.com/image/upload/f_auto,q_auto/league/bktkfvgfwujkdbzkcfim",GB,1,1,0,0,0,0,0,0,0,0,0,0,0,0,0,0,0,0,0,0,0,0
2024,REG+POST,00-0033294,C.Clark,Chuck Clark,12,SS,DB,"https://static.www.nfl.com/image/upload/f_auto,q_auto/league/xuhbezcp9prw2eebxha4",NYJ,38,36,2,31,1,0,1,1,8,1,0,0,2,0,0,0,0,1,0,0,3,32
2024,REG+POST,00-0033297,D.Jones,D.J. Jones,18,NT,DL,"https://static.www.nfl.com/image/upload/f_auto,q_auto/league/vyntblgpp0dtgpvckebc",DEN,26,21,5,23,2,1,0,2,6.5,4,0,0,3,0,0,0,0,1,0,0,1,5
2024,REG+POST,00-0033303,H.Butker,Harrison Butker,1,K,SPEC,"https://static.www.nfl.com/image/upload/f_auto,q_auto/league/nx9u4wjcqwu8qojmtjkf",KC,0,0,0,0,0,0,0,0,0,0,0,0,0,0,0,0,0,0,0,0,1,0
2024,REG+POST,00-0033336,E.Wilson,Eric Wilson,17,ILB,LB,"https://static.www.nfl.com/image/upload/f_auto,q_auto/league/jkwb6og7ip3vojzqhmsq",GB,32,28,4,31,7,10,1,2,17,4,1,0,2,0,0,0,0,0,0,0,0,0
2024,REG+POST,00-0033347,J.Tupou,Josh Tupou,2,NT,DL,"https://static.www.nfl.com/image/upload/f_auto,q_auto/league/l2qbcwd7xkczaf4yibdf",BAL,3,3,0,0,1,0,0,1,1,1,0,0,0,0,0,0,0,0,0,0,0,0
2024,REG+POST,00-0033357,T.Hill,Taysom Hill,1,TE,TE,"https://static.www.nfl.com/image/upload/f_auto,q_auto/league/q8itjlocg5do60qat4l3",NO,1,1,0,0,1,0,1,0,0,0,0,0,0,0,0,0,0,0,0,0,0,0
2024,REG+POST,00-0033381,A.Butler,Adam Butler,16,DT,DL,"https://static.www.nfl.com/image/upload/f_auto,q_auto/league/kpbasd2x1ck6avhrdvya",LV,36,29,7,29,8,8,1,5,41.5,10,0,0,1,0,0,0,0,0,0,0,2,20
2024,REG+POST,00-0033393,K.Moore,Kenny Moore,15,CB,DB,"https://static.www.nfl.com/image/private/f_auto,q_auto/league/ji3hdoi86xonnhxlr6gl",IND,51,41,10,27,4,5,0,0.5,5,2,3,28,7,1,0,0,0,1,38,0,1,3
2024,REG+POST,00-0033439,P.Brown,Pharaoh Brown,1,TE,TE,"https://static.www.nfl.com/image/upload/f_auto,q_auto/league/ab0kbxsmasznlccuezcq",CHI,1,1,0,0,0,0,0,0,0,0,0,0,0,0,0,0,0,0,0,0,0,0
2024,REG+POST,00-0033445,N.Morrow,Nicholas Morrow,2,ILB,LB,"https://static.www.nfl.com/image/upload/f_auto,q_auto/league/cqugkutgtlbtxjiadzzq",BUF,0,0,0,2,0,0,0,0,0,0,0,0,0,0,0,0,0,0,0,0,0,0
2024,REG+POST,00-0033445,N.Morrow,Nicholas Morrow,1,ILB,LB,"https://static.www.nfl.com/image/upload/f_auto,q_auto/league/cqugkutgtlbtxjiadzzq",PHI,1,1,0,0,0,0,0,0,0,0,0,0,0,0,0,0,0,0,0,0,0,0
2024,REG+POST,00-0033461,R.McMillan,Raekwon McMillan,8,ILB,LB,"https://static.www.nfl.com/image/private/f_auto,q_auto/league/pbp2nyjgepdk6neak71i",NE,23,17,6,21,1,4,0,0,0,0,0,0,1,0,0,0,0,0,0,0,0,0
2024,REG+POST,00-0033463,C.Lawson,Carl Lawson,11,DE,DL,"https://static.www.nfl.com/image/upload/f_auto,q_auto/league/fv6hftu35bcjuenhupde",DAL,7,5,2,8,4,0,1,5,38.5,15,0,0,0,0,0,0,0,0,0,0,2,10
2024,REG+POST,00-0033503,A.Maulet,Arthur Maulet,3,CB,DB,"https://static.www.nfl.com/image/upload/f_auto,q_auto/league/yes3epodpjvubtvfoy7e",BAL,4,4,0,1,0,0,0,0,0,0,0,0,0,0,0,0,0,0,0,0,0,0
2024,REG+POST,00-0033512,D.Kazee,Damontae Kazee,12,SS,DB,"https://static.www.nfl.com/image/upload/f_auto,q_auto/league/qjzpwvhklyf4pjds8nwe",PIT,25,25,0,9,0,0,0,0,0,0,1,5,2,0,0,0,0,0,0,0,2,20
2024,REG+POST,00-0033523,J.Allen,Jonathan Allen,10,DT,DL,"https://static.www.nfl.com/image/upload/f_auto,q_auto/league/lezh4kpghvllvbriih5a",WAS,20,18,2,5,4,3,0,3,15,9,0,0,0,0,0,0,0,0,0,0,2,0
2024,REG+POST,00-0033524,K.King,Kevin King,7,CB,DB,"https://static.www.nfl.com/image/upload/f_auto,q_auto/league/gtqricr7gub4urjpyadn",ATL,5,5,0,2,0,0,0,0,0,0,0,0,2,0,0,0,0,1,0,0,2,20
2024,REG+POST,00-0033536,M.Williams,Mike Williams,1,WR,WR,"https://static.www.nfl.com/image/upload/f_auto,q_auto/league/vwu8nudrnk3l7samz8mf",BUF,1,1,0,0,0,0,0,0,0,0,0,0,0,0,0,0,0,0,0,0,0,0
2024,REG+POST,00-0033536,M.Williams,Mike Williams,1,WR,WR,"https://static.www.nfl.com/image/upload/f_auto,q_auto/league/vwu8nudrnk3l7samz8mf",MIN,1,1,0,0,0,0,0,0,0,0,0,0,0,0,0,0,0,0,0,0,0,0
2024,REG+POST,00-0033540,T.McKinley,Takk McKinley,6,DE,DL,"https://static.www.nfl.com/image/upload/f_auto,q_auto/league/bkkszbovn5ncxprku7rh",NYJ,4,2,2,5,1,1,0,0.5,2.5,2,0,0,0,0,0,0,0,0,0,0,1,5
2024,REG+POST,00-0033546,D.Tomlinson,Dalvin Tomlinson,16,DT,DL,"https://static.www.nfl.com/image/upload/f_auto,q_auto/league/amm1zzozebf82214h0eg",CLE,13,9,4,13,6,6,0,3,24,18,0,0,0,0,0,0,0,0,0,0,1,5
2024,REG+POST,00-0033547,Z.Cunningham,Zach Cunningham,1,ILB,LB,"https://static.www.nfl.com/image/upload/f_auto,q_auto/league/fpqgit8oxv2kkdufwrex",DEN,1,1,0,2,0,0,0,0,0,0,0,0,0,0,0,0,0,0,0,0,0,0
2024,REG+POST,00-0033548,C.Awuzie,Chidobe Awuzie,8,CB,DB,"https://static.www.nfl.com/image/upload/f_auto,q_auto/league/kjne7duta6jkknbbiyx7",TEN,17,14,3,9,0,0,1,0,0,0,1,8,4,0,0,0,0,0,0,0,1,15
2024,REG+POST,00-0033549,D.Riley,Duke Riley,2,ILB,LB,"https://static.www.nfl.com/image/upload/f_auto,q_auto/league/qupmregt7cnl5jgzvuug",MIA,2,2,0,3,0,0,0,0,0,0,0,0,0,0,0,0,0,0,0,0,0,0
2024,REG+POST,00-0033551,R.Douglas,Rasul Douglas,18,CB,DB,"https://static.www.nfl.com/image/upload/f_auto,q_auto/league/ckyphq6brbau8lhgbt6j",BUF,55,51,4,19,5,10,1,0,0,0,0,0,5,0,0,0,0,0,0,0,6,37
2024,REG+POST,00-0033553,J.Conner,James Conner,1,RB,RB,"https://static.www.nfl.com/image/upload/f_auto,q_auto/league/rtvys5j7sxjrlbpy5iim",LAC,1,1,0,0,0,0,1,0,0,0,0,0,0,0,0,0,0,0,0,0,0,0
2024,REG+POST,00-0033553,J.Conner,James Conner,1,RB,RB,"https://static.www.nfl.com/image/upload/f_auto,q_auto/league/rtvys5j7sxjrlbpy5iim",SEA,1,1,0,0,0,0,0,0,0,0,0,0,0,0,0,0,0,0,0,0,0,0
2024,REG+POST,00-0033553,J.Conner,James Conner,1,RB,RB,"https://static.www.nfl.com/image/upload/f_auto,q_auto/league/rtvys5j7sxjrlbpy5iim",SF,0,0,0,1,0,0,0,0,0,0,0,0,0,0,0,0,0,0,0,0,0,0
2024,REG+POST,00-0033555,M.Hollins,Mack Hollins,1,WR,WR,"https://static.www.nfl.com/image/upload/f_auto,q_auto/league/xchw7quzjszgrm6psbyg",IND,1,1,0,0,0,0,0,0,0,0,0,0,0,0,0,0,0,0,0,0,0,0
2024,REG+POST,00-0033557,J.Reeves-Maybin,Jalen Reeves-Maybin,8,OLB,LB,"https://static.www.nfl.com/image/upload/f_auto,q_auto/league/oczccxuvy4ltvjy4fhmu",DET,10,9,1,3,0,0,1,0,0,0,0,0,0,0,0,0,0,0,0,0,2,25
2024,REG+POST,00-0033563,C.Watkins,Carlos Watkins,7,DE,DL,"https://static.www.nfl.com/image/upload/f_auto,q_auto/league/f6lnoo70bkircgjnmc0k",DAL,4,4,0,8,0,0,0,0,0,0,0,0,0,0,0,0,0,0,0,0,0,0
2024,REG+POST,00-0033566,D.King,Desmond King,1,CB,DB,"https://static.www.nfl.com/image/upload/f_auto,q_auto/league/bqwzwewlpjcgm8zgvcs9",BAL,1,1,0,1,0,0,0,0,0,0,0,0,0,0,0,0,0,0,0,0,1,5
2024,REG+POST,00-0033570,A.Walker,Anthony Walker,12,MLB,LB,"https://static.www.nfl.com/image/upload/f_auto,q_auto/league/e0zs0cfqze82te05sqi3",MIA,33,28,5,33,0,0,0,1,0,0,1,5,2,0,0,0,0,0,0,0,1,5
2024,REG+POST,00-0033571,M.Milano,Matt Milano,7,OLB,LB,"https://static.www.nfl.com/image/upload/f_auto,q_auto/league/wic0vfbw2xj3a5yjgwf4",BUF,19,17,2,14,2,1,0,2,5,7,0,0,0,0,0,0,0,2,0,0,1,15
2024,REG+POST,00-0033579,X.Woods,Xavier Woods,17,FS,DB,"https://static.www.nfl.com/image/upload/f_auto,q_auto/league/eod3wrrurjyn3tnt3vre",CAR,72,67,5,47,2,0,0,0,0,0,3,70,6,0,0,0,0,0,0,0,4,50
2024,REG+POST,00-0033582,J.Ledbetter,Jeremiah Ledbetter,14,DT,DL,"https://static.www.nfl.com/image/upload/f_auto,q_auto/league/tmrdn5vftop0py2dwzn2",JAX,20,15,5,18,8,9,0,2,15,4,0,0,0,0,0,0,0,0,0,0,0,0
2024,REG+POST,00-0033589,D.Moore,David Moore,1,WR,WR,"https://static.www.nfl.com/image/upload/f_auto,q_auto/league/i2esmsczxxoq7pzvg6yf",DAL,1,1,0,0,0,0,0,0,0,0,0,0,0,0,0,0,0,0,0,0,0,0
2024,REG+POST,00-0033589,D.Moore,David Moore,1,WR,WR,"https://static.www.nfl.com/image/upload/f_auto,q_auto/league/i2esmsczxxoq7pzvg6yf",PHI,1,1,0,0,0,0,0,0,0,0,0,0,0,0,0,0,0,0,0,0,0,0
2024,REG+POST,00-0033595,P.O'Connor,Pat O'Connor,8,DE,DL,"https://static.www.nfl.com/image/upload/f_auto,q_auto/league/mynhvgemge8xxm7ekits",DET,3,3,0,10,2,6,0,1,12,1,0,0,0,0,0,0,0,0,0,0,3,15
2024,REG+POST,00-0033598,E.Ankou,Eli Ankou,2,DT,DL,"https://static.www.nfl.com/image/upload/f_auto,q_auto/league/vo3rcoaq6owinjqnlzis",BUF,1,0,1,4,0,0,0,0,0,0,0,0,0,0,0,0,0,0,0,0,0,0
2024,REG+POST,00-0033697,M.Davis,Michael Davis,5,CB,DB,"https://static.www.nfl.com/image/upload/f_auto,q_auto/league/xhomoqg5qsjbpacywfno",WAS,7,6,1,3,0,0,0,0,0,0,0,0,1,0,0,0,0,0,0,0,3,30
2024,REG+POST,00-0033746,A.Barrett,Alex Barrett,1,DE,DL,"https://static.www.nfl.com/image/upload/f_auto,q_auto/league/ckui91mrqawzzbz9jjxa",SF,1,1,0,0,0,0,0,0,0,0,0,0,0,0,0,0,0,0,0,0,0,0
2024,REG+POST,00-0033782,D.Walker,DeMarcus Walker,17,DE,DL,"https://static.www.nfl.com/image/upload/f_auto,q_auto/league/srytj7u2ver5a0lnanpg",CHI,25,16,9,22,7,6,0,3.5,19.5,16,0,0,0,0,0,0,0,0,0,0,0,0
2024,REG+POST,00-0033783,A.Witherspoon,Ahkello Witherspoon,13,CB,DB,"https://static.www.nfl.com/image/upload/f_auto,q_auto/league/s0ugeantfk8glnsstdwe",LA,30,28,2,5,1,0,1,1,5,1,1,0,9,0,0,0,0,0,0,0,2,38
2024,REG+POST,00-0033784,E.Jackson,Eddie Jackson,8,FS,DB,"https://static.www.nfl.com/image/upload/f_auto,q_auto/league/ixwxc8m6qpilrwnuxfff",BAL,18,17,1,12,1,1,0,0,0,1,0,0,1,0,0,0,0,0,0,0,1,15
2024,REG+POST,00-0033784,E.Jackson,Eddie Jackson,1,FS,DB,"https://static.www.nfl.com/image/upload/f_auto,q_auto/league/ixwxc8m6qpilrwnuxfff",LAC,1,1,0,0,0,0,0,0,0,0,0,0,0,0,0,0,0,0,0,0,0,0
2024,REG+POST,00-0033857,J.Smith-Schuster,JuJu Smith-Schuster,1,WR,WR,"https://static.www.nfl.com/image/upload/f_auto,q_auto/league/l0hsr6xsbsagzygcqhci",BUF,1,1,0,0,0,0,0,0,0,0,0,0,0,0,0,0,0,0,0,0,0,0
2024,REG+POST,00-0033858,J.Smith,Jonnu Smith,1,TE,TE,"https://static.www.nfl.com/image/upload/f_auto,q_auto/league/p8uldtljkzb6sile3wgx",BUF,0,0,0,1,0,0,0,0,0,0,0,0,0,0,0,0,0,0,0,0,0,0
2024,REG+POST,00-0033860,D.Godchaux,Davon Godchaux,17,NT,DL,"https://static.www.nfl.com/image/private/f_auto,q_auto/league/vdvrll3sffp00ijreboc",NE,24,16,8,43,1,1,0,0,0,1,0,0,1,0,0,0,0,0,0,0,0,0
2024,REG+POST,00-0033862,Z.Gonzalez,Zane Gonzalez,1,K,SPEC,"https://static.www.nfl.com/image/private/f_auto,q_auto/league/nakwlogvi2qucsdu69wr",WAS,0,0,0,0,0,0,0,0,0,0,0,0,0,0,0,0,0,0,0,0,1,0
2024,REG+POST,00-0033868,M.Garrett,Myles Garrett,15,DE,DL,"https://static.www.nfl.com/image/private/f_auto,q_auto/league/y33rmtjxhgil7cjcftlc",CLE,40,34,6,7,22,15,3,14,92,28,0,0,1,0,0,0,0,1,0,0,5,24
2024,REG+POST,00-0033870,S.Thomas,Solomon Thomas,15,DT,DL,"https://static.www.nfl.com/image/upload/f_auto,q_auto/league/kuzovvbbdsshvhhstf5f",NYJ,15,13,2,11,5,7,1,3.5,16.5,6,0,0,2,0,0,0,0,1,0,0,4,34
2024,REG+POST,00-0033872,J.Adams,Jamal Adams,2,SS,DB,"https://static.www.nfl.com/image/upload/f_auto,q_auto/league/whdw4wbaegvpdhxffnud",DET,2,1,1,1,0,0,0,0,0,0,0,0,0,0,0,0,0,0,0,0,0,0
2024,REG+POST,00-0033872,J.Adams,Jamal Adams,2,SS,DB,"https://static.www.nfl.com/image/upload/f_auto,q_auto/league/whdw4wbaegvpdhxffnud",TEN,2,2,0,2,0,0,0,0,0,0,0,0,0,0,0,0,0,0,0,0,0,0
2024,REG+POST,00-0033874,M.Lattimore,Marshon Lattimore,7,CB,DB,"https://static.www.nfl.com/image/upload/f_auto,q_auto/league/z4npwlwl5teozc1lp8ky",NO,22,20,2,8,0,0,0,0,0,0,0,0,2,0,0,0,0,0,0,0,1,17
2024,REG+POST,00-0033874,M.Lattimore,Marshon Lattimore,4,CB,DB,"https://static.www.nfl.com/image/upload/f_auto,q_auto/league/z4npwlwl5teozc1lp8ky",WAS,14,13,1,5,1,1,0,0,0,0,0,0,5,0,0,0,0,0,0,0,6,96
2024,REG+POST,00-0033875,H.Reddick,Haason Reddick,9,OLB,LB,"https://static.www.nfl.com/image/upload/f_auto,q_auto/league/a1zhze78doxzir02uvmr",NYJ,9,9,0,5,2,2,1,1,10,3,0,0,1,0,0,0,0,0,0,0,1,10
2024,REG+POST,00-0033876,D.Barnett,Derek Barnett,16,DE,DL,"https://static.www.nfl.com/image/upload/f_auto,q_auto/league/zmd1moeoqrnfttpb2diu",HOU,16,15,1,11,4,10,2,5,25,7,0,0,0,2,0,0,0,2,36,0,3,35
2024,REG+POST,00-0033877,M.Hooker,Malik Hooker,17,FS,DB,"https://static.www.nfl.com/image/upload/f_auto,q_auto/league/bo2hnyhkoybx09qn0jpf",DAL,51,42,9,30,3,1,0,0,0,1,2,20,5,0,0,0,0,0,0,0,0,0
2024,REG+POST,00-0033878,A.Jackson,Adoree' Jackson,11,CB,DB,"https://static.www.nfl.com/image/private/f_auto,q_auto/league/wz7ftjbrza2khve21rpl",NYG,18,17,1,10,1,3,1,0,0,0,0,0,5,0,0,0,0,1,0,0,3,66
2024,REG+POST,00-0033880,C.Harris,Charles Harris,7,DE,DL,"https://static.www.nfl.com/image/upload/f_auto,q_auto/league/xssxsqkbd4osqsrbtxr5",CAR,14,13,1,6,4,1,0,3,18,7,0,0,0,0,0,0,0,0,0,0,0,0
2024,REG+POST,00-0033880,C.Harris,Charles Harris,1,DE,DL,"https://static.www.nfl.com/image/upload/f_auto,q_auto/league/xssxsqkbd4osqsrbtxr5",PHI,1,1,0,2,0,0,0,0,0,0,0,0,0,0,0,0,0,0,0,0,0,0
2024,REG+POST,00-0033881,E.Engram,Evan Engram,1,TE,TE,"https://static.www.nfl.com/image/upload/f_auto,q_auto/league/sea0atk2feif4n75dvq8",PHI,1,1,0,0,0,0,0,0,0,0,0,0,0,0,0,0,0,0,0,0,0,0
2024,REG+POST,00-0033883,J.Peppers,Jabrill Peppers,6,SS,DB,"https://static.www.nfl.com/image/private/f_auto,q_auto/league/w2cmxw8r8hy8mnghitxp",NE,20,14,6,19,2,2,1,0,0,0,1,0,2,0,0,0,0,0,0,0,0,0
2024,REG+POST,00-0033884,T.White,Tre'Davious White,7,CB,DB,"https://static.www.nfl.com/image/upload/f_auto,q_auto/league/xlgqko9tehzohbgnou0v",BAL,8,8,0,3,0,0,0,0,0,0,0,0,3,0,0,0,0,0,0,0,1,18
2024,REG+POST,00-0033884,T.White,Tre'Davious White,4,CB,DB,"https://static.www.nfl.com/image/upload/f_auto,q_auto/league/xlgqko9tehzohbgnou0v",LA,9,9,0,3,0,0,0,0,0,0,0,0,2,0,0,0,0,0,0,0,4,29
2024,REG+POST,00-0033885,D.Njoku,David Njoku,2,TE,TE,"https://static.www.nfl.com/image/private/f_auto,q_auto/league/ilvxwdllivrvwbuj69cm",CIN,2,2,0,0,0,0,0,0,0,0,0,0,0,0,0,0,0,0,0,0,0,0
2024,REG+POST,00-0033885,D.Njoku,David Njoku,1,TE,TE,"https://static.www.nfl.com/image/private/f_auto,q_auto/league/ilvxwdllivrvwbuj69cm",DAL,1,1,0,0,0,0,0,0,0,0,0,0,0,0,0,0,0,0,0,0,0,0
2024,REG+POST,00-0033885,D.Njoku,David Njoku,1,TE,TE,"https://static.www.nfl.com/image/private/f_auto,q_auto/league/ilvxwdllivrvwbuj69cm",LAC,1,1,0,0,0,0,0,0,0,0,0,0,0,0,0,0,0,0,0,0,0,0
2024,REG+POST,00-0033886,T.Watt,T.J. Watt,16,OLB,LB,"https://static.www.nfl.com/image/upload/f_auto,q_auto/league/r1ktugphegyoqsbbhrau",PIT,40,35,5,21,19,21,6,11.5,79.5,27,0,0,4,0,0,0,0,2,0,0,1,5
2024,REG+POST,00-0033889,C.Robinson,Cam Robinson,1,T,OL,"https://static.www.nfl.com/image/upload/f_auto,q_auto/league/mjygiskkmwgwqhswdvac",JAX,1,1,0,0,0,0,0,0,0,0,0,0,0,0,0,0,0,0,0,0,0,0
2024,REG+POST,00-0033890,B.Baker,Budda Baker,17,SS,DB,"https://static.www.nfl.com/image/upload/f_auto,q_auto/league/fg0hgiihwwun2qerappu",ARI,95,85,10,68,10,8,1,2,13,3,0,0,5,0,0,0,0,0,0,0,1,20
2024,REG+POST,00-0033891,Z.Jones,Zay Jones,1,WR,WR,"https://static.www.nfl.com/image/upload/f_auto,q_auto/league/uxtqpnwdviolravhnrkw",LA,1,1,0,0,0,0,0,0,0,0,0,0,0,0,0,0,0,0,0,0,0,0
2024,REG+POST,00-0033892,M.Maye,Marcus Maye,4,FS,DB,"https://static.www.nfl.com/image/upload/f_auto,q_auto/league/jkqmwuujqfh8kir8wzdq",LAC,4,4,0,6,0,0,0,0,0,0,1,0,2,0,0,0,0,0,0,0,0,0
2024,REG+POST,00-0033892,M.Maye,Marcus Maye,7,FS,DB,"https://static.www.nfl.com/image/upload/f_auto,q_auto/league/jkqmwuujqfh8kir8wzdq",MIA,13,10,3,17,1,0,0,0,0,0,0,0,1,0,0,0,0,0,0,0,0,0
2024,REG+POST,00-0033894,M.Williams,Marcus Williams,9,FS,DB,"https://static.www.nfl.com/image/upload/f_auto,q_auto/league/niqp2dje7qvlegxtsttn",BAL,27,19,8,6,1,0,0,0,0,0,0,0,2,0,0,0,0,1,0,0,1,5
2024,REG+POST,00-0033897,J.Mixon,Joe Mixon,1,RB,RB,"https://static.www.nfl.com/image/upload/f_auto,q_auto/league/gwyhozfhjgedwdmmjjcf",IND,1,1,0,0,0,0,0,0,0,0,0,0,0,0,0,0,0,0,0,0,0,0
2024,REG+POST,00-0033901,E.Pocic,Ethan Pocic,1,C,OL,"https://static.www.nfl.com/image/upload/f_auto,q_auto/league/wmmfnxfib63sjmqn5z5j",PIT,0,0,0,1,0,0,0,0,0,0,0,0,0,0,0,0,0,0,0,0,0,0
2024,REG+POST,00-0033902,T.Kpassagnon,Tanoh Kpassagnon,2,DE,DL,"https://static.www.nfl.com/image/private/f_auto,q_auto/league/ilr1bs7qesfq7fryeetc",NO,1,1,0,0,0,0,0,0,0,1,0,0,0,0,0,0,0,0,0,0,1,5
2024,REG+POST,00-0033905,L.Ogunjobi,Larry Ogunjobi,16,DT,DL,"https://static.www.nfl.com/image/upload/f_auto,q_auto/league/ku6hytxqrto1u4zn8al8",PIT,17,15,2,26,5,8,0,1.5,11,7,0,0,0,0,0,0,0,0,0,0,1,15
2024,REG+POST,00-0033906,A.Kamara,Alvin Kamara,1,RB,RB,"https://static.www.nfl.com/image/private/f_auto,q_auto/league/tl9enad6kiwv6cukf4vt",WAS,1,1,0,0,0,0,0,0,0,0,0,0,0,0,0,0,0,0,0,0,0,0
2024,REG+POST,00-0033907,D.Smoot,Dawuane Smoot,11,DE,DL,"https://static.www.nfl.com/image/upload/f_auto,q_auto/league/jaueg1ulkscyum1blewn",BUF,12,11,1,5,5,5,2,1.5,1.5,7,0,0,1,0,0,0,0,0,0,0,3,24
2024,REG+POST,00-0033913,C.Wormley,Chris Wormley,1,DE,DL,"https://static.www.nfl.com/image/upload/f_auto,q_auto/league/qqmbvbpitcgchhjcptve",BAL,1,1,0,3,0,0,0,0,0,0,0,0,0,0,0,0,0,0,0,0,0,0
2024,REG+POST,00-0033914,A.Anzalone,Alex Anzalone,11,ILB,LB,"https://static.www.nfl.com/image/upload/f_auto,q_auto/league/xqnraw1s62bbbsdffztm",DET,55,47,8,21,9,6,0,1,8,5,0,0,5,0,0,0,0,0,0,0,2,10
2024,REG+POST,00-0033918,F.Moreau,Fabian Moreau,3,CB,DB,"https://static.www.nfl.com/image/upload/f_auto,q_auto/league/osj1pbe8mj5f7h47l2op",MIN,6,5,1,1,0,0,0,0,0,0,0,0,1,0,0,0,0,0,0,0,2,51
2024,REG+POST,00-0033921,C.Godwin,Chris Godwin,1,WR,WR,"https://static.www.nfl.com/image/upload/f_auto,q_auto/league/al7b3dzqhysgve7l5lke",BAL,1,1,0,0,0,0,0,0,0,0,0,0,0,0,0,0,0,0,0,0,0,0
2024,REG+POST,00-0033921,C.Godwin,Chris Godwin,1,WR,WR,"https://static.www.nfl.com/image/upload/f_auto,q_auto/league/al7b3dzqhysgve7l5lke",DET,1,1,0,0,0,0,0,0,0,0,0,0,0,0,0,0,0,0,0,0,0,0
2024,REG+POST,00-0033926,S.Griffin,Shaquill Griffin,16,CB,DB,"https://static.www.nfl.com/image/upload/f_auto,q_auto/league/jybewrw2vsf17rxds4tv",MIN,35,32,3,7,1,0,0,0,0,0,2,28,6,0,0,0,0,0,0,0,1,6
2024,REG+POST,00-0033927,J.Johnson,John Johnson,3,SS,DB,"https://static.www.nfl.com/image/private/f_auto,q_auto/league/herqvjadd4i3jbhwszqt",LA,4,3,1,4,0,0,0,0,0,0,1,0,2,0,0,0,0,0,0,0,0,0
2024,REG+POST,00-0033928,J.Lewis,Jourdan Lewis,16,CB,DB,"https://static.www.nfl.com/image/upload/f_auto,q_auto/league/acau2wb5ijbtvy5kntng",DAL,39,39,0,32,3,0,1,1,10,2,1,0,8,0,0,0,0,1,0,0,3,31
2024,REG+POST,00-0033929,M.Adams,Montravius Adams,9,NT,DL,"https://static.www.nfl.com/image/upload/f_auto,q_auto/league/weqjlnkvdzbk0usa3v7i",PIT,9,7,2,6,2,4,0,1,9,1,0,0,0,0,0,0,0,0,0,0,1,15
2024,REG+POST,00-0033930,C.Sutton,Cameron Sutton,6,CB,DB,"https://static.www.nfl.com/image/upload/f_auto,q_auto/league/rykly25j9mir0ygcnrs6",PIT,9,9,0,8,0,0,0,0,0,0,0,0,3,0,0,0,0,0,0,0,0,0
2024,REG+POST,00-0033935,T.Hendrickson,Trey Hendrickson,17,DE,DL,"https://static.www.nfl.com/image/upload/f_auto,q_auto/league/oggkxhesq0dxedudmr66",CIN,33,28,5,13,19,2,2,17.5,125.5,36,0,0,6,0,0,0,0,0,0,0,4,45
2024,REG+POST,00-0033941,R.Jenkins,Rayshawn Jenkins,13,SS,DB,"https://static.www.nfl.com/image/upload/f_auto,q_auto/league/zbgfbrqkle6yabkpkaob",SEA,33,31,2,19,2,0,0,2,24,2,0,0,0,1,0,0,0,1,102,0,0,0
2024,REG+POST,00-0033943,J.Reynolds,Josh Reynolds,1,WR,WR,"https://static.www.nfl.com/image/upload/f_auto,q_auto/league/ifukozhqlo1728h3gjnp",IND,1,1,0,0,0,0,0,0,0,0,0,0,0,0,0,0,0,0,0,0,0,0
2024,REG+POST,00-0033947,D.Wise,Deatrich Wise,13,DE,DL,"https://static.www.nfl.com/image/private/f_auto,q_auto/league/bxwmlzyorjsos6w7g2x6",NE,16,15,1,13,5,1,0,5,26,8,0,0,3,0,0,0,0,0,0,0,3,34
2024,REG+POST,00-0033952,G.Stewart,Grover Stewart,17,DT,DL,"https://static.www.nfl.com/image/upload/f_auto,q_auto/league/wa2bldls0gnjueyhkwki",IND,29,22,7,45,10,20,1,3.5,10.5,6,0,0,3,0,0,0,0,1,0,0,2,10
2024,REG+POST,00-0033955,J.McNichols,Jeremy McNichols,1,RB,RB,"https://static.www.nfl.com/image/upload/f_auto,q_auto/league/kegqjj5pv7xidm0xwtpy",PHI,1,1,0,0,0,0,0,0,0,0,0,0,0,0,0,0,0,0,0,0,0,0
2024,REG+POST,00-0033964,A.Muhammad,Al-Quadin Muhammad,8,DE,DL,"https://static.www.nfl.com/image/private/f_auto,q_auto/league/qgzgezkkoycldlnaatq8",DET,9,9,0,3,5,1,0,3,21,5,0,0,1,0,0,0,0,0,0,0,2,10
2024,REG+POST,00-0034091,G.Odum,George Odum,5,FS,DB,"https://static.www.nfl.com/image/upload/f_auto,q_auto/league/watelqvhccitomv8ntny",SF,9,9,0,2,0,0,0,0,0,0,0,0,4,0,0,0,0,0,0,0,2,20
2024,REG+POST,00-0034116,J.Gray,J.T. Gray,2,SS,DB,"https://static.www.nfl.com/image/private/f_auto,q_auto/league/ibo4b3ak2ufimxupcezw",NO,2,2,0,1,0,0,1,0,0,0,0,0,0,0,0,0,0,0,0,0,0,0
2024,REG+POST,00-0034125,K.Vickers,Kendal Vickers,1,DT,DL,"https://static.www.nfl.com/image/upload/f_auto,q_auto/league/j8xpfahzfgawazl4trkn",NO,1,1,0,1,0,0,0,0,0,0,0,0,0,0,0,0,0,0,0,0,0,0
2024,REG+POST,00-0034145,C.Lammons,Chris Lammons,4,CB,DB,"https://static.www.nfl.com/image/upload/f_auto,q_auto/league/odsa5adl0tyjcer1hnzz",IND,7,5,2,2,1,0,1,1,22,1,0,0,0,0,0,0,0,2,3,0,2,9
2024,REG+POST,00-0034161,D.Carlson,Daniel Carlson,1,K,SPEC,"https://static.www.nfl.com/image/upload/f_auto,q_auto/league/hmi2uz3snvfcxgfrsv5j",LV,0,0,0,0,0,0,0,0,0,0,0,0,0,0,0,0,0,0,0,0,1,0
2024,REG+POST,00-0034163,J.Martin,Jake Martin,8,DE,DL,"https://static.www.nfl.com/image/upload/f_auto,q_auto/league/gomvduedkl0i9icpg8rk",CHI,9,8,1,5,3,5,0,3,6,6,0,0,1,0,0,0,0,0,0,0,0,0
2024,REG+POST,00-0034173,E.Pineiro,Eddy Pineiro,3,K,SPEC,"https://static.www.nfl.com/image/upload/f_auto,q_auto/league/ybta3otz713o8xykkwjc",CAR,0,0,0,0,0,0,0,0,0,0,0,0,0,0,0,0,0,0,0,0,3,0
2024,REG+POST,00-0034203,D.Williams,Darious Williams,14,CB,DB,"https://static.www.nfl.com/image/upload/f_auto,q_auto/league/dewntuji0qaai8mlayq4",LA,34,29,5,17,2,4,0,0,0,0,1,0,9,0,0,0,0,0,0,0,1,6
2024,REG+POST,00-0034234,P.Ford,Poona Ford,17,DE,DL,"https://static.www.nfl.com/image/upload/f_auto,q_auto/league/x2cokuzcjrtr9acici6e",LAC,27,26,1,15,9,5,0,3,19,10,1,3,4,0,0,0,0,0,0,0,0,0
2024,REG+POST,00-0034248,E.Campbell,Elijah Campbell,8,SS,DB,"https://static.www.nfl.com/image/upload/f_auto,q_auto/league/bczzvn5pymws4c56l60n",MIA,4,3,1,4,1,0,0,0,0,0,0,0,0,0,0,0,0,0,0,0,3,15
2024,REG+POST,00-0034251,D.Ekuale,Daniel Ekuale,15,DT,DL,"https://static.www.nfl.com/image/private/f_auto,q_auto/league/lj9dekf0gg90pljbtbiq",NE,24,19,5,28,2,2,0,1,5.5,3,0,0,0,0,0,0,0,0,0,0,0,0
2024,REG+POST,00-0034264,J.Holmes,Jalyn Holmes,3,DE,DL,"https://static.www.nfl.com/image/upload/f_auto,q_auto/league/oz0tnktobolewzq0rjpq",NYJ,1,1,0,3,1,2,0,0,0,1,0,0,0,0,0,0,0,0,0,0,0,0
2024,REG+POST,00-0034264,J.Holmes,Jalyn Holmes,11,DE,DL,"https://static.www.nfl.com/image/upload/f_auto,q_auto/league/oz0tnktobolewzq0rjpq",WAS,13,11,2,4,6,4,0,2,11,2,0,0,0,0,0,0,0,0,0,0,0,0
2024,REG+POST,00-0034272,M.Valdes-Scantling,Marquez Valdes-Scantling,1,WR,WR,"https://static.www.nfl.com/image/upload/f_auto,q_auto/league/vn2bg6lhyl15xrymtd5g",CLE,1,1,0,0,0,0,0,0,0,0,0,0,0,0,0,0,0,0,0,0,0,0
2024,REG+POST,00-0034275,F.Fatukasi,Folorunso Fatukasi,13,DT,DL,"https://static.www.nfl.com/image/upload/f_auto,q_auto/league/ttcdigwndhyvmhvgof25",HOU,18,14,4,9,5,4,0,1,2,3,0,0,0,0,0,0,0,0,0,0,5,35
2024,REG+POST,00-0034277,D.Elliott,DeShon Elliott,16,FS,DB,"https://static.www.nfl.com/image/upload/f_auto,q_auto/league/vzt60vlmz7hzkbbr7f1x",PIT,78,66,12,35,5,8,2,0,0,2,1,0,7,0,0,0,0,3,10,0,1,5
2024,REG+POST,00-0034281,B.Bozeman,Bradley Bozeman,1,C,OL,"https://static.www.nfl.com/image/upload/f_auto,q_auto/league/a8nubzpggvr5eha7xpkx",TB,1,1,0,0,0,0,0,0,0,0,0,0,0,0,0,0,0,0,0,0,0,0
2024,REG+POST,00-0034285,Z.Sieler,Zach Sieler,15,DE,DL,"https://static.www.nfl.com/image/upload/f_auto,q_auto/league/pgedeuarqv0kiuiwmx60",MIA,28,27,1,27,13,7,1,10,79,19,1,0,2,0,0,0,0,1,0,0,1,5
2024,REG+POST,00-0034296,B.Niemann,Ben Niemann,9,ILB,LB,"https://static.www.nfl.com/image/upload/f_auto,q_auto/league/hhmqn3b3prllvcuyftvj",DET,9,9,0,13,0,0,0,0,0,0,0,0,1,0,0,0,0,1,0,0,1,10
2024,REG+POST,00-0034302,F.Luvu,Frankie Luvu,20,ILB,LB,"https://static.www.nfl.com/image/upload/f_auto,q_auto/league/tirwphxxgjmqhf2ucs9h",WAS,64,58,6,52,14,13,1,9,55,15,1,0,7,0,0,0,0,3,5,0,5,12
2024,REG+POST,00-0034320,K.Street,Kentavius Street,10,DT,DL,"https://static.www.nfl.com/image/upload/f_auto,q_auto/league/r1ie0jaeux86ri5hejel",ATL,9,8,1,6,4,3,0,1,7,1,0,0,0,0,0,0,0,0,0,0,2,10
2024,REG+POST,00-0034333,D.Payne,Daron Payne,17,DT,DL,"https://static.www.nfl.com/image/upload/f_auto,q_auto/league/wyy5j7epmu2idqfwjhcr",WAS,23,22,1,20,5,4,0,4,36.5,8,0,0,2,0,0,0,0,0,0,0,3,35
2024,REG+POST,00-0034337,G.Stroman,Greg Stroman,3,CB,DB,"https://static.www.nfl.com/image/upload/f_auto,q_auto/league/h9lcuxan1kd6uqsyuulq",NYG,9,7,2,1,0,0,0,0,0,0,0,0,0,0,0,0,0,0,0,0,1,10
2024,REG+POST,00-0034344,M.Davenport,Marcus Davenport,2,OLB,LB,"https://static.www.nfl.com/image/upload/f_auto,q_auto/league/ywssreorabcl4bp9ocxv",DET,1,1,0,1,0,0,0,0.5,4,4,0,0,0,0,0,0,0,0,0,0,2,10
2024,REG+POST,00-0034348,C.Sutton,Courtland Sutton,1,WR,WR,"https://static.www.nfl.com/image/upload/f_auto,q_auto/league/qts95gbd6hv65s9eiseq",IND,1,1,0,0,0,0,0,0,0,0,0,0,0,0,0,0,0,0,0,0,0,0
2024,REG+POST,00-0034348,C.Sutton,Courtland Sutton,1,WR,WR,"https://static.www.nfl.com/image/upload/f_auto,q_auto/league/qts95gbd6hv65s9eiseq",SEA,1,1,0,0,0,0,0,0,0,0,0,0,0,0,0,0,0,0,0,0,0,0
2024,REG+POST,00-0034350,U.Nwosu,Uchenna Nwosu,6,OLB,LB,"https://static.www.nfl.com/image/private/f_auto,q_auto/league/z6fbgjrfgltuiq1okiex",SEA,8,7,1,6,1,0,0,1,14,5,0,0,1,0,0,0,0,0,0,0,0,0
2024,REG+POST,00-0034351,D.Goedert,Dallas Goedert,1,TE,TE,"https://static.www.nfl.com/image/upload/f_auto,q_auto/league/wfj54vhw1zxwwb3vdi61",NO,1,1,0,0,0,0,0,0,0,0,0,0,0,0,0,0,0,0,0,0,0,0
2024,REG+POST,00-0034352,C.Williams,Connor Williams,1,C,OL,"https://static.www.nfl.com/image/upload/f_auto,q_auto/league/pmwlc2ff9pjeethlzoit",MIA,0,0,0,1,0,0,0,0,0,0,0,0,0,0,0,0,0,0,0,0,0,0
2024,REG+POST,00-0034355,M.Stewart,M.J. Stewart,4,SS,DB,"https://static.www.nfl.com/image/upload/f_auto,q_auto/league/yfoehyg8mpola5uy6bav",HOU,6,6,0,1,2,4,0,0,0,0,0,0,0,0,0,0,0,0,0,0,2,12
2024,REG+POST,00-0034356,D.Jackson,Donte Jackson,15,CB,DB,"https://static.www.nfl.com/image/upload/f_auto,q_auto/league/f5yk4vm8o1oct6webfp7",PIT,29,28,1,11,2,2,0,0,0,0,5,88,8,0,0,0,0,1,-1,0,2,10
2024,REG+POST,00-0034357,I.Oliver,Isaiah Oliver,15,CB,DB,"https://static.www.nfl.com/image/upload/f_auto,q_auto/league/aiqmpwmscdx5lyvyi5qp",NYJ,41,39,2,15,2,3,0,1,6,2,0,0,3,0,0,0,0,0,0,0,1,12
2024,REG+POST,00-0034359,T.Lewis,Tyquan Lewis,8,DE,DL,"https://static.www.nfl.com/image/upload/f_auto,q_auto/league/zkgrzoirn6xwnzbe37d7",IND,14,10,4,10,2,12,1,1.5,9.5,4,0,0,0,0,0,0,0,0,0,0,1,5
2024,REG+POST,00-0034360,L.Carter,Lorenzo Carter,12,OLB,LB,"https://static.www.nfl.com/image/upload/f_auto,q_auto/league/gdpt5q1cisicb1uv7xfq",ATL,21,19,2,8,2,3,1,0,0,2,0,0,0,0,0,0,0,0,0,0,2,23
2024,REG+POST,00-0034361,J.Reid,Justin Reid,19,SS,DB,"https://static.www.nfl.com/image/private/f_auto,q_auto/league/hcj2bp24j6zxngejcosp",KC,73,68,5,31,6,0,0,0,0,3,2,8,10,0,0,0,0,0,0,0,6,69
2024,REG+POST,00-0034364,J.Akins,Jordan Akins,1,TE,TE,"https://static.www.nfl.com/image/private/f_auto,q_auto/league/fgkl9zfpy2yxrkxfge84",CIN,1,1,0,0,0,0,0,0,0,0,0,0,0,0,0,0,0,0,0,0,0,0
2024,REG+POST,00-0034368,J.Jewell,Josey Jewell,12,ILB,LB,"https://static.www.nfl.com/image/upload/f_auto,q_auto/league/kzgkkm7e7uqslan5amxh",CAR,51,45,6,46,7,5,0,3.5,25.5,4,1,0,7,0,0,0,0,2,0,0,0,0
2024,REG+POST,00-0034371,D.Hand,Da'Shawn Hand,13,DE,DL,"https://static.www.nfl.com/image/upload/f_auto,q_auto/league/kfqjvikghst4yp3i6dme",MIA,20,15,5,11,5,5,1,1,5,4,0,0,1,0,0,0,0,1,0,0,1,5
2024,REG+POST,00-0034373,D.Armstrong,Dorance Armstrong,18,DE,DL,"https://static.www.nfl.com/image/upload/f_auto,q_auto/league/cdapnpgtde1mdf7r8l5e",WAS,24,24,0,24,10,7,3,8.5,52.5,18,0,0,1,0,0,0,0,0,0,0,3,35
2024,REG+POST,00-0034374,J.Whitehead,Jordan Whitehead,12,SS,DB,"https://static.www.nfl.com/image/upload/f_auto,q_auto/league/ex3cknffjss7ez1fwymu",TB,49,42,7,30,2,5,0,0,0,1,0,0,3,0,0,0,0,0,0,0,0,0
2024,REG+POST,00-0034375,K.White,Kyzir White,17,ILB,LB,"https://static.www.nfl.com/image/upload/f_auto,q_auto/league/n5sjtcxydtaszz7yeyqw",ARI,60,49,11,77,9,15,0,2.5,14.5,8,1,0,3,0,0,0,0,1,0,0,0,0
2024,REG+POST,00-0034376,T.Johnson,Taron Johnson,15,CB,DB,"https://static.www.nfl.com/image/upload/f_auto,q_auto/league/kowgpthenolgwlcwdvz4",BUF,49,45,4,27,1,0,1,1,1,1,2,23,6,2,0,0,0,1,0,0,3,33
2024,REG+POST,00-0034377,A.Maddox,Avonte Maddox,14,CB,DB,"https://static.www.nfl.com/image/upload/f_auto,q_auto/league/fwzfhbgtcauaags08zlf",PHI,9,8,1,11,0,0,0,0,0,0,0,0,6,0,0,0,0,0,0,0,4,41
2024,REG+POST,00-0034381,J.Sweat,Josh Sweat,19,OLB,LB,"https://static.www.nfl.com/image/upload/f_auto,q_auto/league/a9hwqejfdixaw2uhbsmz",PHI,32,29,3,19,12,3,0,10.5,65,18,0,0,2,0,0,0,0,0,0,0,1,5
2024,REG+POST,00-0034382,M.Haynes,Marquis Haynes,2,OLB,LB,"https://static.www.nfl.com/image/private/f_auto,q_auto/league/wnbz9bjtz8wooiq2podb",CAR,4,3,1,1,0,0,0,0,0,0,0,0,0,0,0,0,0,0,0,0,1,5
2024,REG+POST,00-0034384,D.Reed,D.J. Reed,14,CB,DB,"https://static.www.nfl.com/image/upload/f_auto,q_auto/league/rdl6g2afnvt4zbaqprs9",NYJ,52,46,6,12,4,1,0,1,8,1,0,0,10,0,0,0,0,0,0,0,9,147
2024,REG+POST,00-0034385,J.Bentley,Ja'Whaun Bentley,1,ILB,LB,"https://static.www.nfl.com/image/private/f_auto,q_auto/league/e8rbhbuuaspg5rg9djyp",NE,7,6,1,5,0,0,0,0.5,2.5,1,0,0,0,0,0,0,0,0,0,0,0,0
2024,REG+POST,00-0034387,B.Nichols,Bilal Nichols,5,DT,DL,"https://static.www.nfl.com/image/upload/f_auto,q_auto/league/d8va3bsudtb0lgwktt5t",ARI,6,4,2,4,1,2,0,0,0,1,0,0,0,0,0,0,0,0,0,0,0,0
2024,REG+POST,00-0034391,S.Neal,Siran Neal,4,CB,DB,"https://static.www.nfl.com/image/upload/f_auto,q_auto/league/muhthfs6owkkpsyop1e6",MIA,3,3,0,1,0,0,0,0,0,0,0,0,2,0,0,0,0,0,0,0,3,19
2024,REG+POST,00-0034397,T.Settle,Tim Settle,16,DT,DL,"https://static.www.nfl.com/image/upload/f_auto,q_auto/league/lbnvw1hpdqovuj7bkym9",HOU,25,24,1,8,11,9,0,5,41,10,0,0,0,0,0,0,0,1,2,0,2,10
2024,REG+POST,00-0034407,R.McCloud,Ray-Ray McCloud,1,WR,WR,"https://static.www.nfl.com/image/upload/f_auto,q_auto/league/nvwn3sdihyyd2itjt7vy",WAS,0,0,0,1,0,0,0,0,0,0,0,0,0,0,0,0,0,0,0,0,0,0
2024,REG+POST,00-0034413,F.Oluokun,Foyesade Oluokun,13,ILB,LB,"https://static.www.nfl.com/image/private/f_auto,q_auto/league/ldsewkhf1k2uxwcud0bj",JAX,60,53,7,48,6,5,0,1,9,1,1,0,7,0,0,0,0,0,0,0,3,32
2024,REG+POST,00-0034418,C.Wilson,Cedrick Wilson,1,WR,WR,"https://static.www.nfl.com/image/upload/f_auto,q_auto/league/vuolr6nwwbrwwc5ldt7f",LV,1,1,0,0,0,0,0,0,0,0,0,0,0,0,0,0,0,0,0,0,0,0
2024,REG+POST,00-0034419,B.Berrios,Braxton Berrios,1,WR,WR,"https://static.www.nfl.com/image/upload/f_auto,q_auto/league/yvzkjvb0ieeszxribqc9",BUF,1,0,1,0,0,0,0,0,0,0,0,0,0,0,0,0,0,0,0,0,0,0
2024,REG+POST,00-0034429,J.Mailata,Jordan Mailata,1,T,OL,"https://static.www.nfl.com/image/upload/f_auto,q_auto/league/pndl9j9f69gqvpciyegg",GB,1,1,0,0,0,0,0,0,0,0,0,0,0,0,0,0,0,0,0,0,0,0
2024,REG+POST,00-0034431,Z.Franklin,Zaire Franklin,17,OLB,LB,"https://static.www.nfl.com/image/upload/f_auto,q_auto/league/louohxv0xu18z0pjnguq",IND,94,76,18,79,11,12,5,3.5,20,4,2,4,6,0,0,0,0,0,0,0,1,2
2024,REG+POST,00-0034446,J.Davis,Jalen Davis,2,CB,DB,"https://static.www.nfl.com/image/upload/f_auto,q_auto/league/d8n8qiddzihovdb9dh1x",CIN,2,1,1,1,0,0,0,0,0,0,0,0,0,0,0,0,0,0,0,0,0,0
2024,REG+POST,00-0034450,G.Joseph,Greg Joseph,1,K,SPEC,"https://static.www.nfl.com/image/upload/f_auto,q_auto/league/ginorlxfefllpy5kbhsr",NYJ,0,0,0,0,0,0,0,0,0,0,0,0,0,0,0,0,0,0,0,0,1,0
2024,REG+POST,00-0034461,B.Hector,Bruce Hector,4,DT,DL,"https://static.www.nfl.com/image/upload/f_auto,q_auto/league/qdli9iqgoixoexclb8rz",NYJ,4,3,1,6,3,5,0,1,6,1,0,0,0,0,0,0,0,0,0,0,0,0
2024,REG+POST,00-0034473,D.Gardeck,Dennis Gardeck,6,OLB,LB,"https://static.www.nfl.com/image/upload/f_auto,q_auto/league/rbdrgdfo3ogppgtu6asn",ARI,15,12,3,5,6,5,1,3,19,4,1,10,2,0,0,0,0,0,0,0,1,15
2024,REG+POST,00-0034485,J.Owens,Jonathan Owens,8,SS,DB,"https://static.www.nfl.com/image/upload/f_auto,q_auto/league/fdujzkztvte2c4tair5c",CHI,28,23,5,18,1,1,1,0,0,0,1,0,2,0,0,0,0,2,13,0,0,0
2024,REG+POST,00-0034487,T.Sherfield,Trent Sherfield,1,WR,WR,"https://static.www.nfl.com/image/upload/f_auto,q_auto/league/esdvav44ezzmwbwe1rju",MIN,0,0,0,0,0,0,0,0,0,0,0,0,0,0,0,0,0,0,0,0,1,5
2024,REG+POST,00-0034488,T.Thomas,Tavierre Thomas,2,CB,DB,"https://static.www.nfl.com/image/upload/f_auto,q_auto/league/vgqvuxixybewnv9lymbr",TB,4,4,0,3,0,0,0,0,0,0,0,0,0,0,0,0,0,0,0,0,0,0
2024,REG+POST,00-0034490,E.Turner,Ezekiel Turner,4,ILB,LB,"https://static.www.nfl.com/image/upload/f_auto,q_auto/league/sw7dwli5jctfcp0b309t",DET,5,5,0,2,0,0,0,0.5,3.5,3,0,0,0,0,0,0,0,0,0,0,0,0
2024,REG+POST,00-0034495,E.Brown,Evan Brown,1,C,OL,"https://static.www.nfl.com/image/upload/f_auto,q_auto/league/q8dqjwzxk3bouggbrdtg",SF,0,0,0,1,0,0,0,0,0,0,0,0,0,0,0,0,0,0,0,0,0,0
2024,REG+POST,00-0034514,L.Wallace,Levi Wallace,9,CB,DB,"https://static.www.nfl.com/image/upload/f_auto,q_auto/league/y7rnq70zcpcgg0ifbghe",DEN,20,17,3,8,0,0,0,0,0,0,0,0,2,0,0,0,0,0,0,0,0,0
2024,REG+POST,00-0034521,A.Lazard,Allen Lazard,1,WR,WR,"https://static.www.nfl.com/image/private/f_auto,q_auto/league/blrzk3bfnpneuyhsqiqg",MIN,1,1,0,0,0,0,0,0,0,0,0,0,0,0,0,0,0,0,0,0,0,0
2024,REG+POST,00-0034527,R.Neal,Ryan Neal,1,SS,DB,"https://static.www.nfl.com/image/private/f_auto,q_auto/league/tqiae46slc2jdjvnfb5n",TB,2,2,0,1,0,0,0,0,0,0,0,0,0,0,0,0,0,0,0,0,0,0
2024,REG+POST,00-0034573,C.Ward,Charvarius Ward,12,CB,DB,"https://static.www.nfl.com/image/upload/f_auto,q_auto/league/jlccuozxaeffcupnvd7q",SF,38,31,7,16,1,1,0,0,0,0,0,0,7,0,0,0,0,0,0,0,3,33
2024,REG+POST,00-0034612,D.Harris,Demone Harris,8,DE,DL,"https://static.www.nfl.com/image/upload/f_auto,q_auto/league/qmtokbfamxko3jn5qpou",ATL,4,4,0,7,1,0,0,0,0,1,0,0,1,0,0,0,0,0,0,0,1,15
2024,REG+POST,00-0034613,T.Hudson,Tanner Hudson,1,TE,TE,"https://static.www.nfl.com/image/upload/f_auto,q_auto/league/fbtxfvqvgv0al8msbr1e",CIN,0,0,0,0,0,0,0,0,0,0,0,0,0,0,0,0,0,0,0,0,1,10
2024,REG+POST,00-0034639,M.Ford,Mike Ford,3,CB,DB,"https://static.www.nfl.com/image/upload/f_auto,q_auto/league/xylapza3yreylmohtmtz",CLE,5,5,0,1,0,0,0,0,0,0,0,0,0,0,0,0,0,0,0,0,0,0
2024,REG+POST,00-0034668,A.Stinnie,Aaron Stinnie,1,G,OL,"https://static.www.nfl.com/image/upload/f_auto,q_auto/league/eqmyyng2jmnsttaozuno",BAL,0,0,0,1,0,0,0,0,0,0,0,0,0,0,0,0,0,0,0,0,0,0
2024,REG+POST,00-0034673,T.Edmunds,Tremaine Edmunds,17,ILB,LB,"https://static.www.nfl.com/image/upload/f_auto,q_auto/league/vhgl7umsep6x6fjhglo9",CHI,60,47,13,50,3,2,1,1,7,3,1,0,8,0,0,0,0,0,0,0,0,0
2024,REG+POST,00-0034675,J.Bates,Jessie Bates,17,FS,DB,"https://static.www.nfl.com/image/private/f_auto,q_auto/league/jawt7q5bj4erd4qbwpf4",ATL,62,58,4,40,2,5,4,1,1,1,4,55,10,1,0,0,0,1,0,0,1,8
2024,REG+POST,00-0034677,J.Jones,Justin Jones,3,DT,DL,"https://static.www.nfl.com/image/upload/f_auto,q_auto/league/dkzkbowpcvoxyzwsdite",ARI,3,1,2,1,1,1,0,0,0,1,0,0,0,0,0,0,0,1,0,0,0,0
2024,REG+POST,00-0034720,R.Spillane,Robert Spillane,17,OLB,LB,"https://static.www.nfl.com/image/upload/f_auto,q_auto/league/gm97x0fcqphr9bxmjhxu",LV,91,76,15,67,10,11,0,2,16,3,2,0,7,0,0,0,0,0,0,0,1,15
2024,REG+POST,00-0034723,N.Thurman,Nick Thurman,6,DT,DL,"https://static.www.nfl.com/image/upload/f_auto,q_auto/league/wvnd9kwznw8xgnir6f0v",CAR,6,5,1,13,1,1,0,0,0,0,0,0,0,0,0,0,0,0,0,0,1,5
2024,REG+POST,00-0034728,J.Alexander,Jaire Alexander,6,CB,DB,"https://static.www.nfl.com/image/upload/f_auto,q_auto/league/izwlytzwiity0r8hox8p",GB,15,15,0,1,0,0,0,0,0,0,2,52,7,1,0,0,0,1,0,0,2,20
2024,REG+POST,00-0034746,M.Hurst,Maurice Hurst,7,DT,DL,"https://static.www.nfl.com/image/upload/f_auto,q_auto/league/j4y7trnt3kiptgfklo8o",CLE,9,5,4,7,4,7,0,0.5,2.5,1,0,0,0,0,0,0,0,0,0,0,1,5
2024,REG+POST,00-0034754,O.Burks,Oren Burks,13,OLB,LB,"https://static.www.nfl.com/image/upload/f_auto,q_auto/league/xlisbfbwvpcjqkjlmtjy",PHI,30,30,0,25,5,2,2,1,6,2,0,0,2,0,0,0,0,0,0,0,2,15
2024,REG+POST,00-0034756,T.Flowers,Tre Flowers,2,CB,DB,"https://static.www.nfl.com/image/upload/f_auto,q_auto/league/x7yagewolfolqgjvp633",JAX,3,2,1,0,0,0,0,0,0,0,0,0,0,0,0,0,0,0,0,0,0,0
2024,REG+POST,00-0034759,K.Miller,Kolton Miller,1,T,OL,"https://static.www.nfl.com/image/upload/f_auto,q_auto/league/zrblk9w9vksroddtgpiq",KC,1,1,0,0,0,0,0,0,0,0,0,0,0,0,0,0,0,0,0,0,0,0
2024,REG+POST,00-0034759,K.Miller,Kolton Miller,1,T,OL,"https://static.www.nfl.com/image/upload/f_auto,q_auto/league/zrblk9w9vksroddtgpiq",LAC,1,1,0,0,0,0,0,0,0,0,0,0,0,0,0,0,0,0,0,0,0,0
2024,REG+POST,00-0034760,N.Shepherd,Nathan Shepherd,16,DT,DL,"https://static.www.nfl.com/image/upload/f_auto,q_auto/league/y49eafzi4zegmlb0uu2x",NO,16,15,1,21,3,4,0,1.5,10.5,6,0,0,0,0,0,0,0,0,0,0,2,27
2024,REG+POST,00-0034773,V.Vea,Vita Vea,16,NT,DL,"https://static.www.nfl.com/image/upload/f_auto,q_auto/league/xsdlwaexrxhkbgqqe7nq",TB,27,22,5,16,10,6,0,7,47,14,0,0,1,0,0,0,0,0,0,0,2,20
2024,REG+POST,00-0034775,C.Kirk,Christian Kirk,1,WR,WR,"https://static.www.nfl.com/image/private/f_auto,q_auto/league/ersmmtjmjlpsy9lmjvde",CHI,1,1,0,0,0,0,0,0,0,0,0,0,0,0,0,0,0,0,0,0,0,0
2024,REG+POST,00-0034775,C.Kirk,Christian Kirk,1,WR,WR,"https://static.www.nfl.com/image/private/f_auto,q_auto/league/ersmmtjmjlpsy9lmjvde",GB,1,1,0,0,0,0,0,0,0,0,0,0,0,0,0,0,0,0,0,0,0,0
2024,REG+POST,00-0034778,C.Davis,Carlton Davis,13,CB,DB,"https://static.www.nfl.com/image/upload/f_auto,q_auto/league/ueh3ui3l3ndih3yrorbq",DET,42,40,2,14,2,9,1,0,0,0,2,0,11,0,0,0,0,2,49,0,7,57
2024,REG+POST,00-0034780,I.Yiadom,Isaac Yiadom,15,CB,DB,"https://static.www.nfl.com/image/upload/f_auto,q_auto/league/kxe4pgiizgonwesgtcy2",SF,36,34,2,8,0,0,1,0,0,0,1,11,6,0,0,0,0,1,0,0,3,64
2024,REG+POST,00-0034782,H.Phillips,Harrison Phillips,18,NT,DL,"https://static.www.nfl.com/image/upload/f_auto,q_auto/league/kgdz7jtiokfv4qdeldbr",MIN,16,14,2,41,2,0,1,2,14,5,0,0,4,0,0,0,0,1,0,0,0,0
2024,REG+POST,00-0034787,C.Board,Chris Board,9,ILB,LB,"https://static.www.nfl.com/image/upload/f_auto,q_auto/league/cohwnf1ebc79gp0ufeu8",BAL,10,9,1,12,2,1,0,1,9,1,0,0,1,0,0,0,0,0,0,0,1,15
2024,REG+POST,00-0034789,M.Fitzpatrick,Minkah Fitzpatrick,18,FS,DB,"https://static.www.nfl.com/image/upload/f_auto,q_auto/league/rchs52os6xjfl4eczpw8",PIT,67,59,8,38,1,3,1,0,0,0,1,25,4,0,0,0,0,0,0,0,4,36
2024,REG+POST,00-0034790,D.James,Derwin James,17,SS,DB,"https://static.www.nfl.com/image/upload/f_auto,q_auto/league/vhkbrloqr0llf08voms0",LAC,65,59,6,35,11,11,0,5.5,35,6,1,2,8,0,0,0,0,2,5,0,5,54
2024,REG+POST,00-0034791,N.Chubb,Nick Chubb,1,RB,RB,"https://static.www.nfl.com/image/private/f_auto,q_auto/league/a8ib0haur75wrhqrbtyo",DEN,1,1,0,0,0,0,0,0,0,0,0,0,0,0,0,0,0,0,0,0,0,0
2024,REG+POST,00-0034791,N.Chubb,Nick Chubb,1,RB,RB,"https://static.www.nfl.com/image/private/f_auto,q_auto/league/a8ib0haur75wrhqrbtyo",KC,1,1,0,0,0,0,0,0,0,0,0,0,0,0,0,0,0,0,0,0,0,0
2024,REG+POST,00-0034791,N.Chubb,Nick Chubb,1,RB,RB,"https://static.www.nfl.com/image/private/f_auto,q_auto/league/a8ib0haur75wrhqrbtyo",PIT,1,1,0,0,0,0,0,0,0,0,0,0,0,0,0,0,0,0,0,0,0,0
2024,REG+POST,00-0034794,J.Sanders,Jason Sanders,1,K,SPEC,"https://static.www.nfl.com/image/upload/f_auto,q_auto/league/zwbiuppgvkumtpntxo75",MIA,0,0,0,0,0,0,0,0,0,0,0,0,0,0,0,0,0,0,0,0,1,0
2024,REG+POST,00-0034796,L.Jackson,Lamar Jackson,1,QB,QB,"https://static.www.nfl.com/image/upload/f_auto,q_auto/league/cruqs6qpbykh7a2whd7p",NYG,1,1,0,0,0,0,0,0,0,0,0,0,0,0,0,0,0,0,0,0,0,0
2024,REG+POST,00-0034796,L.Jackson,Lamar Jackson,1,QB,QB,"https://static.www.nfl.com/image/upload/f_auto,q_auto/league/cruqs6qpbykh7a2whd7p",WAS,1,1,0,0,0,0,0,0,0,0,0,0,0,0,0,0,0,0,0,0,0,0
2024,REG+POST,00-0034797,J.Baker,Jerome Baker,5,ILB,LB,"https://static.www.nfl.com/image/upload/f_auto,q_auto/league/tkl1vjh6wf5a8zyl3aym",SEA,21,18,3,16,2,0,1,1,0,1,0,0,2,0,0,0,0,1,0,0,0,0
2024,REG+POST,00-0034797,J.Baker,Jerome Baker,5,ILB,LB,"https://static.www.nfl.com/image/upload/f_auto,q_auto/league/tkl1vjh6wf5a8zyl3aym",TEN,13,10,3,11,0,0,0,1,0,2,0,0,2,0,0,0,0,0,0,0,2,20
2024,REG+POST,00-0034800,B.Hill,B.J. Hill,15,DT,DL,"https://static.www.nfl.com/image/upload/f_auto,q_auto/league/urlcerw3yf7r2vdk9kxb",CIN,25,21,4,31,7,3,0,3,11,9,0,0,4,0,0,0,0,0,0,0,2,2
2024,REG+POST,00-0034805,J.Franklin-Myers,John Franklin-Myers,17,DE,DL,"https://static.www.nfl.com/image/upload/f_auto,q_auto/league/o4agbudunlqlmbcuc0ta",DEN,18,16,2,22,8,8,0,7,48.5,18,0,0,0,0,0,0,0,0,0,0,1,1
2024,REG+POST,00-0034807,O.Okoronkwo,Ogbonnia Okoronkwo,12,DE,DL,"https://static.www.nfl.com/image/upload/f_auto,q_auto/league/tcekeb87zekakqll93ib",CLE,14,9,5,7,5,5,1,3,26,6,0,0,0,0,0,0,0,0,0,0,3,25
2024,REG+POST,00-0034810,S.Joseph,Sebastian Joseph,17,DT,DL,"https://static.www.nfl.com/image/upload/f_auto,q_auto/league/ecu0r1asdvqcpzowbsjk",TEN,18,16,2,26,3,2,0,2.5,32,6,0,0,1,0,0,0,0,0,0,0,1,15
2024,REG+POST,00-0034815,F.Warner,Fred Warner,17,MLB,LB,"https://static.www.nfl.com/image/upload/f_auto,q_auto/league/negqfj64yvuprc88sthz",SF,76,63,13,55,5,6,4,1,0,2,2,70,7,1,0,0,0,0,0,0,1,15
2024,REG+POST,00-0034818,D.Nnadi,Derrick Nnadi,9,DT,DL,"https://static.www.nfl.com/image/private/f_auto,q_auto/league/fokp5h37zl5qkfsachb3",KC,6,5,1,9,0,0,0,0,0,0,0,0,0,0,0,0,0,0,0,0,1,5
2024,REG+POST,00-0034825,A.Key,Arden Key,16,OLB,LB,"https://static.www.nfl.com/image/upload/f_auto,q_auto/league/xxdj5ryrs3vlp7ubhbye",TEN,24,21,3,18,11,8,2,6.5,38,15,0,0,1,0,0,0,0,1,0,0,6,42
2024,REG+POST,00-0034827,D.Moore,D.J. Moore,1,WR,WR,"https://static.www.nfl.com/image/upload/f_auto,q_auto/league/hqb9xnzm9brx79zl6wve",HOU,1,1,0,0,0,0,0,0,0,0,0,0,0,0,0,0,0,0,0,0,0,0
2024,REG+POST,00-0034828,H.Landry,Harold Landry,17,OLB,LB,"https://static.www.nfl.com/image/private/f_auto,q_auto/league/akafrpdcokvwz2psbbmj",TEN,42,33,9,29,15,12,0,9,48,15,0,0,4,0,0,0,0,0,0,1,1,5
2024,REG+POST,00-0034833,I.Wynn,Isaiah Wynn,1,G,OL,"https://static.www.nfl.com/image/upload/f_auto,q_auto/league/vtldccf1xfjt0cmblvxu",NYJ,1,1,0,0,0,0,0,0,0,0,0,0,0,0,0,0,0,0,0,0,0,0
2024,REG+POST,00-0034834,S.Hubbard,Sam Hubbard,13,DE,DL,"https://static.www.nfl.com/image/upload/f_auto,q_auto/league/eoodwerhenaqvcaqm29t",CIN,25,23,2,16,3,2,1,2,6,9,1,0,2,0,0,0,0,0,0,1,0,0
2024,REG+POST,00-0034837,C.Ridley,Calvin Ridley,1,WR,WR,"https://static.www.nfl.com/image/upload/f_auto,q_auto/league/tmeij0cfgylmurfybs74",GB,1,1,0,0,0,0,0,0,0,0,0,0,0,0,0,0,0,0,0,0,0,0
2024,REG+POST,00-0034837,C.Ridley,Calvin Ridley,1,WR,WR,"https://static.www.nfl.com/image/upload/f_auto,q_auto/league/tmeij0cfgylmurfybs74",MIN,1,1,0,0,0,0,0,0,0,0,0,0,0,0,0,0,0,0,0,0,0,0
2024,REG+POST,00-0034842,T.Bryan,Taven Bryan,12,DT,DL,"https://static.www.nfl.com/image/upload/f_auto,q_auto/league/sbozolhejczr8npyyvas",IND,11,7,4,9,3,5,0,1,7,2,0,0,1,0,0,0,0,1,0,0,3,15
2024,REG+POST,00-0034843,M.Hughes,Mike Hughes,15,CB,DB,"https://static.www.nfl.com/image/upload/f_auto,q_auto/league/wsofyxh7irgdfy7wwhv5",ATL,51,47,4,15,4,3,0,0,0,0,0,0,6,0,0,0,0,0,0,0,1,47
2024,REG+POST,00-0034844,S.Barkley,Saquon Barkley,1,RB,RB,"https://static.www.nfl.com/image/upload/f_auto,q_auto/league/ugiuanl8bf6uoya5mgid",DAL,1,1,0,0,0,0,0,0,0,0,0,0,0,0,0,0,0,0,0,0,0,0
2024,REG+POST,00-0034854,K.Hodge,KhaDarel Hodge,1,WR,WR,"https://static.www.nfl.com/image/upload/f_auto,q_auto/league/h3r6hfokmtgtxz8mljho",ATL,1,1,0,0,1,2,0,0,0,0,0,0,0,0,0,0,0,0,0,0,0,0
2024,REG+POST,00-0034855,B.Mayfield,Baker Mayfield,1,QB,QB,"https://static.www.nfl.com/image/upload/f_auto,q_auto/league/xrbgtbyy8a7l0ux13hjy",WAS,1,1,0,0,0,0,0,0,0,0,0,0,0,0,0,0,0,0,0,0,0,0
2024,REG+POST,00-0034856,D.Ward,Denzel Ward,16,CB,DB,"https://static.www.nfl.com/image/upload/f_auto,q_auto/league/jnslpmszzjcegkbza1gs",CLE,41,38,3,8,1,3,1,0,0,1,2,0,19,0,0,0,0,1,0,0,3,27
2024,REG+POST,00-0034857,J.Allen,Josh Allen,1,QB,QB,"https://static.www.nfl.com/image/upload/f_auto,q_auto/league/lq4ezafbszwwt2qsvhqv",SEA,1,1,0,0,0,0,0,0,0,0,0,0,0,0,0,0,0,0,0,0,0,0
2024,REG+POST,00-0034858,T.Edmunds,Terrell Edmunds,3,FS,DB,"https://static.www.nfl.com/image/upload/f_auto,q_auto/league/fk1i6e8ursk3awmpts1j",PIT,4,4,0,1,0,0,0,0,0,0,0,0,0,0,0,0,0,0,0,0,0,0
2024,REG+POST,00-0034869,S.Darnold,Sam Darnold,1,QB,QB,"https://static.www.nfl.com/image/upload/f_auto,q_auto/league/agjgfwk9jk9ufoac2vpd",NYJ,1,1,0,0,0,0,0,0,0,0,0,0,0,0,0,0,0,0,0,0,0,0
2024,REG+POST,00-0034869,S.Darnold,Sam Darnold,1,QB,QB,"https://static.www.nfl.com/image/upload/f_auto,q_auto/league/agjgfwk9jk9ufoac2vpd",SF,0,0,0,1,0,0,0,0,0,0,0,0,0,0,0,0,0,0,0,0,0,0
2024,REG+POST,00-0034874,R.Smith,Roquan Smith,18,ILB,LB,"https://static.www.nfl.com/image/upload/f_auto,q_auto/league/xazeejac1mkh52qwmioj",BAL,88,77,11,80,4,5,1,1.5,3,3,1,0,4,0,0,0,0,1,0,0,1,15
2024,REG+POST,00-0034902,S.Eguavoen,Sam Eguavoen,4,ILB,LB,"https://static.www.nfl.com/image/upload/f_auto,q_auto/league/qvwzilzdorawnld7aous",NYJ,4,4,0,5,0,0,0,0,0,0,0,0,0,0,0,0,0,0,0,0,0,0
2024,REG+POST,00-0034928,S.Sims,Steven Sims,1,WR,WR,"https://static.www.nfl.com/image/upload/f_auto,q_auto/league/rsehft6639kzvqezebqf",HOU,0,0,0,0,0,0,0,0,0,0,0,0,0,0,0,0,0,0,0,0,1,13
2024,REG+POST,00-0034960,J.Meyers,Jakobi Meyers,1,WR,WR,"https://static.www.nfl.com/image/upload/f_auto,q_auto/league/p1abjttm5pu8gev0gwea",ATL,1,1,0,0,0,0,0,0,0,0,0,0,0,0,0,0,0,0,0,0,0,0
2024,REG+POST,00-0034960,J.Meyers,Jakobi Meyers,1,WR,WR,"https://static.www.nfl.com/image/upload/f_auto,q_auto/league/p1abjttm5pu8gev0gwea",CIN,0,0,0,1,0,0,0,0,0,0,0,0,0,0,0,0,0,0,0,0,0,0
2024,REG+POST,00-0034960,J.Meyers,Jakobi Meyers,1,WR,WR,"https://static.www.nfl.com/image/upload/f_auto,q_auto/league/p1abjttm5pu8gev0gwea",MIA,1,1,0,0,0,0,0,0,0,0,0,0,0,0,0,0,0,0,0,0,0,0
2024,REG+POST,00-0034966,D.Ross,D'Angelo Ross,3,CB,DB,"https://static.www.nfl.com/image/upload/f_auto,q_auto/league/mnmdjulszlkle9jmfmqb",HOU,8,8,0,2,0,0,0,0,0,0,0,0,2,0,0,0,0,0,0,0,0,0
2024,REG+POST,00-0034967,R.Gary,Rashan Gary,17,DE,DL,"https://static.www.nfl.com/image/private/f_auto,q_auto/league/t4clz4xe8sfxszmvohfo",GB,27,23,4,23,10,5,1,8.5,49,16,0,0,1,0,0,0,0,1,0,0,1,5
2024,REG+POST,00-0034968,D.Savage,Darnell Savage,13,SS,DB,"https://static.www.nfl.com/image/upload/f_auto,q_auto/league/zanp4izx5l4ucg78istw",JAX,40,37,3,11,2,15,0,0,0,0,1,16,6,0,0,0,0,0,0,0,1,4
2024,REG+POST,00-0034972,A.Mattison,Alexander Mattison,1,RB,RB,"https://static.www.nfl.com/image/upload/f_auto,q_auto/league/uftc0gl0wzo5povcu6ih",LAC,1,1,0,0,0,0,0,0,0,0,0,0,0,0,0,0,0,0,0,0,0,0
2024,REG+POST,00-0034972,A.Mattison,Alexander Mattison,1,RB,RB,"https://static.www.nfl.com/image/upload/f_auto,q_auto/league/uftc0gl0wzo5povcu6ih",PIT,0,0,0,1,0,0,0,0,0,0,0,0,0,0,0,0,0,0,0,0,0,0
2024,REG+POST,00-0034973,M.Crosby,Maxx Crosby,12,DE,DL,"https://static.www.nfl.com/image/upload/f_auto,q_auto/league/j5dphk7ntlwa3hciktfx",LV,28,26,2,17,17,21,0,7.5,63.5,20,0,0,5,0,0,0,0,0,0,0,4,49
2024,REG+POST,00-0034974,J.Love,Julian Love,17,SS,DB,"https://static.www.nfl.com/image/upload/f_auto,q_auto/league/aeodojl99cyqfh9ykmsa",SEA,76,67,9,30,3,2,2,0,0,0,3,33,12,0,0,0,0,1,6,0,0,0
2024,REG+POST,00-0034975,J.Hill,Justice Hill,1,RB,RB,"https://static.www.nfl.com/image/upload/f_auto,q_auto/league/jeeq17ah67zxc6vdamhk",BUF,1,1,0,0,0,0,0,0,0,0,0,0,0,0,0,0,0,0,0,0,0,0
2024,REG+POST,00-0034975,J.Hill,Justice Hill,1,RB,RB,"https://static.www.nfl.com/image/upload/f_auto,q_auto/league/jeeq17ah67zxc6vdamhk",PIT,1,1,0,0,0,0,0,0,0,0,0,0,0,0,0,0,0,0,0,0,0,0
2024,REG+POST,00-0034981,F.Moreau,Foster Moreau,1,TE,TE,"https://static.www.nfl.com/image/upload/f_auto,q_auto/league/hfcik9okcbwsbhgoaljy",GB,0,0,0,1,0,0,0,0,0,0,0,0,0,0,0,0,0,0,0,0,0,0
2024,REG+POST,00-0034982,D.Greenlaw,Dre Greenlaw,2,ILB,LB,"https://static.www.nfl.com/image/upload/f_auto,q_auto/league/naza1bdluix1puywkixy",SF,3,3,0,6,0,0,0,0,0,0,0,0,0,0,0,0,0,0,0,0,0,0
2024,REG+POST,00-0034987,E.Speed,E.J. Speed,15,OLB,LB,"https://static.www.nfl.com/image/upload/f_auto,q_auto/league/cyu6wsnishege9etash7",IND,93,82,11,49,7,11,0,0,0,1,1,12,5,0,0,0,0,0,0,0,2,20
2024,REG+POST,00-0034990,K.Hollman,Ka'dar Hollman,2,CB,DB,"https://static.www.nfl.com/image/upload/f_auto,q_auto/league/x8htlyswkirpsssjovsn",HOU,9,9,0,1,0,0,0,0,0,0,0,0,2,0,0,0,0,0,0,0,1,5
2024,REG+POST,00-0034992,A.Watts,Armon Watts,5,NT,DL,"https://static.www.nfl.com/image/upload/f_auto,q_auto/league/m3aiaywwfngkhwcqtcdm",NYG,3,3,0,4,2,3,0,0,0,0,0,0,0,0,0,0,0,0,0,0,0,0
2024,REG+POST,00-0034993,M.Epps,Marcus Epps,3,SS,DB,"https://static.www.nfl.com/image/upload/f_auto,q_auto/league/ac61bwk01sqd5ljzsjsq",LV,16,14,2,3,2,6,0,0,0,0,0,0,0,0,0,0,0,0,0,0,0,0
2024,REG+POST,00-0034999,T.Summers,Ty Summers,3,MLB,LB,"https://static.www.nfl.com/image/upload/f_auto,q_auto/league/qavyze4sxk55rpsudjmi",NYG,8,6,2,14,1,1,0,0,0,0,0,0,1,0,0,0,0,0,0,0,0,0
2024,REG+POST,00-0035000,Q.Bell,Quinton Bell,12,OLB,LB,"https://static.www.nfl.com/image/upload/f_auto,q_auto/league/az6g1wtsl8hd4ncdynin",MIA,14,14,0,9,3,2,1,1,9,0,0,0,1,0,0,0,0,0,0,0,2,8
2024,REG+POST,00-0035003,J.Barton,Jackson Barton,1,T,OL,"https://static.www.nfl.com/image/upload/f_auto,q_auto/league/bguilryx0xvj5w8o531k",LA,1,1,0,0,0,0,0,0,0,0,0,0,0,0,0,0,0,0,0,0,0,0
2024,REG+POST,00-0035020,D.Flannigan-Fowles,Demetrius Flannigan-Fowles,5,OLB,LB,"https://static.www.nfl.com/image/upload/f_auto,q_auto/league/aaxlqqmiilfqwjc4us5g",SF,8,5,3,3,1,2,0,0,0,0,1,0,2,0,0,0,0,0,0,0,0,0
2024,REG+POST,00-0035026,K.Givens,Kevin Givens,7,DT,DL,"https://static.www.nfl.com/image/upload/f_auto,q_auto/league/elk8nj4ddzenouhvdr3u",SF,6,5,1,5,2,0,0,3.5,7.5,6,0,0,0,0,0,0,0,0,0,0,1,4
2024,REG+POST,00-0035042,J.Gillan,Jamie Gillan,1,P,SPEC,"https://static.www.nfl.com/image/upload/f_auto,q_auto/league/zramky5mg2qiqrzmxod8",NYG,0,0,0,0,0,0,0,0,0,0,0,0,0,0,0,0,0,0,0,0,1,0
2024,REG+POST,00-0035073,J.Harris,Jonathan Harris,7,DE,DL,"https://static.www.nfl.com/image/upload/f_auto,q_auto/league/xgluw2syx3m7vbrjerpg",CAR,4,4,0,6,1,1,0,0,0,1,0,0,0,0,0,0,0,1,0,0,0,0
2024,REG+POST,00-0035112,P.Mekari,Patrick Mekari,2,G,OL,"https://static.www.nfl.com/image/upload/f_auto,q_auto/league/t7vsxnwwujz83asnddmj",PIT,2,2,0,0,0,0,0,0,0,0,0,0,0,0,0,0,0,0,0,0,0,0
2024,REG+POST,00-0035133,K.Nixon,Keisean Nixon,18,CB,DB,"https://static.www.nfl.com/image/upload/f_auto,q_auto/league/zsxo7tlynx1uzjvp0vpf",GB,62,56,6,28,8,6,3,3,19,6,1,16,7,0,0,0,0,0,0,0,9,59
2024,REG+POST,00-0035142,U.Amadi,Ugochukwu Amadi,11,FS,DB,"https://static.www.nfl.com/image/upload/f_auto,q_auto/league/zaha843hitd6nhpz4n8p",NO,50,47,3,13,6,10,0,2,22,2,0,0,7,0,0,0,0,0,0,0,0,0
2024,REG+POST,00-0035144,M.Wilson,Mack Wilson,15,ILB,LB,"https://static.www.nfl.com/image/upload/f_auto,q_auto/league/zjazfilpr7k2agiwqpxn",ARI,44,41,3,31,4,3,0,3,20,7,1,0,5,0,0,0,0,1,0,0,1,15
2024,REG+POST,00-0035150,K.Boyd,Kris Boyd,4,CB,DB,"https://static.www.nfl.com/image/upload/f_auto,q_auto/league/m4mypipricmwh7lfemgo",HOU,1,1,0,0,0,0,0,0,0,0,0,0,0,0,0,0,0,0,0,0,4,48
2024,REG+POST,00-0035166,A.Al-Shaair,Azeez Al-Shaair,13,ILB,LB,"https://static.www.nfl.com/image/upload/f_auto,q_auto/league/ds54eikn20fpelbmft71",HOU,50,41,9,32,7,13,2,2,2,9,0,0,3,0,0,0,0,0,0,0,3,25
2024,REG+POST,00-0035189,M.Wright,Matthew Wright,1,K,SPEC,"https://static.www.nfl.com/image/upload/f_auto,q_auto/league/pfedp9dvojv0e8mvavak",TEN,0,0,0,0,0,0,0,0,0,0,0,0,0,0,0,0,0,0,0,0,1,0
2024,REG+POST,00-0035192,J.Slye,Joey Slye,1,K,SPEC,"https://static.www.nfl.com/image/upload/f_auto,q_auto/league/yetl7tfeviyonhqsayhg",NE,0,0,0,0,0,0,0,0,0,0,0,0,0,0,0,0,0,0,0,0,1,0
2024,REG+POST,00-0035202,D.Phillips,Del'Shawn Phillips,4,OLB,LB,"https://static.www.nfl.com/image/upload/f_auto,q_auto/league/f4t6he54ihdvf5pjsqm6",HOU,4,3,1,3,2,19,0,0,0,0,0,0,0,0,0,0,0,0,0,1,0,0
2024,REG+POST,00-0035216,D.Johnson,Diontae Johnson,1,WR,WR,"https://static.www.nfl.com/image/upload/f_auto,q_auto/league/rjtil6ilydmwoy0btlt7",LAC,1,1,0,0,0,0,0,0,0,0,0,0,0,0,0,0,0,0,0,0,0,0
2024,REG+POST,00-0035227,P.Locke,P.J. Locke,15,FS,DB,"https://static.www.nfl.com/image/upload/f_auto,q_auto/league/lklzvxfizwibmugrw5oa",DEN,54,48,6,29,3,0,1,1,10,1,0,0,2,0,0,0,0,0,0,0,1,15
2024,REG+POST,00-0035230,E.Oliver,Ed Oliver,14,DT,DL,"https://static.www.nfl.com/image/upload/f_auto,q_auto/league/fbog7lunnqjxm1d6j5jj",BUF,16,15,1,20,6,3,3,3,23,15,0,0,0,0,0,0,0,1,0,0,1,5
2024,REG+POST,00-0035231,C.Wilkins,Christian Wilkins,5,DT,DL,"https://static.www.nfl.com/image/upload/f_auto,q_auto/league/ogy5fqw1xsut7lcxffyw",LV,11,8,3,6,2,1,0,2,15,6,0,0,0,0,0,0,0,0,0,0,0,0
2024,REG+POST,00-0035236,B.Murphy,Byron Murphy,17,CB,DB,"https://static.www.nfl.com/image/upload/f_auto,q_auto/league/secfzfwznyhcgiow4rvq",MIN,64,55,9,20,7,5,1,0,0,0,6,2,14,0,0,0,0,0,0,0,3,28
2024,REG+POST,00-0035237,J.Taylor,Jawaan Taylor,1,T,OL,"https://static.www.nfl.com/image/private/f_auto,q_auto/league/df4apinsktkle7rsepax",SF,1,1,0,0,0,0,0,0,0,0,0,0,0,0,0,0,0,0,0,0,0,0
2024,REG+POST,00-0035239,S.Murphy-Bunting,Sean Murphy-Bunting,15,CB,DB,"https://static.www.nfl.com/image/upload/f_auto,q_auto/league/ddyearvwzjb4jmunqlei",ARI,30,27,3,22,3,2,2,0,0,0,3,2,5,0,0,0,0,0,0,0,7,108
2024,REG+POST,00-0035240,J.Tavai,Jahlani Tavai,17,ILB,LB,"https://static.www.nfl.com/image/private/f_auto,q_auto/league/sevoogwwpwraiqlep2fs",NE,54,48,6,55,7,9,0,1,7,2,1,0,5,0,0,0,0,0,0,0,4,60
2024,REG+POST,00-0035243,M.Sanders,Miles Sanders,1,RB,RB,"https://static.www.nfl.com/image/upload/f_auto,q_auto/league/lvyjbie3d0ro8ohgphe0",CIN,1,1,0,0,0,0,0,0,0,0,0,0,0,0,0,0,0,0,0,0,0,0
2024,REG+POST,00-0035244,L.Johnson,Lonnie Johnson,2,FS,DB,"https://static.www.nfl.com/image/upload/f_auto,q_auto/league/iizufcrfxvvjnjcsnzqp",CAR,0,0,0,1,0,0,0,0,0,0,0,0,0,0,0,0,0,0,0,0,1,10
2024,REG+POST,00-0035248,Z.Allen,Zach Allen,17,DE,DL,"https://static.www.nfl.com/image/upload/f_auto,q_auto/league/pucwjzb9v4jdcxaw7sap",DEN,36,30,6,30,17,16,0,9.5,43.5,42,0,0,1,0,0,0,0,0,0,1,3,25
2024,REG+POST,00-0035249,J.Oliver,Josh Oliver,1,TE,TE,"https://static.www.nfl.com/image/private/f_auto,q_auto/league/pwd3muzyjclgjlwwtdah",IND,1,1,0,0,0,0,0,0,0,0,0,0,0,0,0,0,0,0,0,0,0,0
2024,REG+POST,00-0035249,J.Oliver,Josh Oliver,1,TE,TE,"https://static.www.nfl.com/image/private/f_auto,q_auto/league/pwd3muzyjclgjlwwtdah",JAX,1,1,0,0,0,0,0,0,0,0,0,0,0,0,0,0,0,0,0,0,0,0
2024,REG+POST,00-0035249,J.Oliver,Josh Oliver,1,TE,TE,"https://static.www.nfl.com/image/private/f_auto,q_auto/league/pwd3muzyjclgjlwwtdah",NYG,1,1,0,0,0,0,0,0,0,0,0,0,0,0,0,0,0,0,0,0,0,0
2024,REG+POST,00-0035250,D.Singletary,Devin Singletary,1,RB,RB,"https://static.www.nfl.com/image/upload/f_auto,q_auto/league/wz8mp8xb5bdspcxosreh",PIT,1,1,0,0,0,0,0,0,0,0,0,0,0,0,0,0,0,0,0,0,0,0
2024,REG+POST,00-0035253,C.Gardner-Johnson,Chauncey Gardner-Johnson,19,SS,DB,"https://static.www.nfl.com/image/upload/f_auto,q_auto/league/ew8vljcbtzvwnwdfth1v",PHI,44,40,4,29,3,4,1,0,0,0,6,116,12,1,0,0,0,0,0,0,2,30
2024,REG+POST,00-0035254,A.Nelson,Anthony Nelson,17,OLB,LB,"https://static.www.nfl.com/image/upload/f_auto,q_auto/league/zdyfdf3ei22btsolqqat",TB,24,21,3,17,6,2,1,4,25,13,0,0,1,0,0,0,0,0,0,0,0,0
2024,REG+POST,00-0035255,K.Sheffield,Kendall Sheffield,3,CB,DB,"https://static.www.nfl.com/image/upload/f_auto,q_auto/league/ktuk9b6dur9qswrh5wqk",NYJ,5,5,0,3,0,0,0,0,0,0,0,0,0,0,0,0,0,0,0,0,0,0
2024,REG+POST,00-0035261,T.Pollard,Tony Pollard,1,RB,RB,"https://static.www.nfl.com/image/upload/f_auto,q_auto/league/koxn5qhfnsgvnqfqfmpp",IND,1,1,0,0,0,0,0,0,0,0,0,0,0,0,0,0,0,0,0,0,0,0
2024,REG+POST,00-0035262,D.Tranquill,Drue Tranquill,19,ILB,LB,"https://static.www.nfl.com/image/private/f_auto,q_auto/league/kag56opaxhhajhfqt3nk",KC,66,59,7,53,6,7,1,3,16,11,0,0,2,0,0,0,0,2,3,0,1,5
2024,REG+POST,00-0035266,M.Jordan,Michael Jordan,1,G,OL,"https://static.www.nfl.com/image/upload/f_auto,q_auto/league/q7nbrxi6i5envdfaf1cw",MIA,1,1,0,0,0,0,0,0,0,0,0,0,0,0,0,0,0,0,0,0,0,0
2024,REG+POST,00-0035266,M.Jordan,Michael Jordan,1,G,OL,"https://static.www.nfl.com/image/upload/f_auto,q_auto/league/q7nbrxi6i5envdfaf1cw",TEN,1,1,0,0,0,0,0,0,0,0,0,0,0,0,0,0,0,0,0,0,0,0
2024,REG+POST,00-0035270,A.Oruwariye,Amani Oruwariye,6,CB,DB,"https://static.www.nfl.com/image/upload/f_auto,q_auto/league/yh8ysiqddubzbgxqdwbb",DAL,23,23,0,6,1,0,0,0,0,0,1,0,3,0,0,0,0,0,0,0,1,5
2024,REG+POST,00-0035272,A.Van Ginkel,Andrew Van Ginkel,18,OLB,LB,"https://static.www.nfl.com/image/upload/f_auto,q_auto/league/c4d7l9millp4ow5dj4uh",MIN,51,42,9,31,19,14,1,12.5,85,20,2,73,6,2,0,0,0,0,0,0,0,0
2024,REG+POST,00-0035276,B.Cashman,Blake Cashman,15,ILB,LB,"https://static.www.nfl.com/image/upload/f_auto,q_auto/league/mvui8tjkoewkupyncbok",MIN,73,64,9,49,8,6,0,5.5,29,12,0,0,8,0,0,0,0,1,16,0,2,30
2024,REG+POST,00-0035277,M.Jackson,Michael Jackson,17,CB,DB,"https://static.www.nfl.com/image/upload/f_auto,q_auto/league/ymkamzfqi625imj3ngeo",CAR,58,51,7,18,3,6,0,0,0,0,2,20,16,0,0,0,0,0,0,0,5,96
2024,REG+POST,00-0035278,B.Cowart,Byron Cowart,13,DT,DL,"https://static.www.nfl.com/image/upload/f_auto,q_auto/league/ai1vyv5bf08robtaxwet",CHI,14,11,3,12,5,7,0,2.5,4,4,0,0,0,0,0,0,0,0,0,0,2,20
2024,REG+POST,00-0035279,C.Omenihu,Charles Omenihu,9,DE,DL,"https://static.www.nfl.com/image/private/f_auto,q_auto/league/n7hyavaepvuienrmh9bi",KC,10,9,1,5,3,2,2,2,13,2,0,0,1,0,0,0,0,0,0,0,2,10
2024,REG+POST,00-0035280,J.Bailey,Jake Bailey,1,P,SPEC,"https://static.www.nfl.com/image/upload/f_auto,q_auto/league/zxvnyuwlbl33ho1jzfqs",MIA,0,0,0,0,0,0,0,0,0,0,0,0,0,0,0,0,0,0,0,0,1,10
2024,REG+POST,00-0035292,D.Long,David Long Jr.,3,ILB,LB,"https://static.www.nfl.com/image/upload/f_auto,q_auto/league/h6g8cn2jt1rvuvkyvmkp",DET,2,0,2,3,1,1,0,0,0,0,0,0,0,0,0,0,0,1,0,0,0,0
2024,REG+POST,00-0035292,D.Long,David Long Jr.,6,ILB,LB,"https://static.www.nfl.com/image/upload/f_auto,q_auto/league/h6g8cn2jt1rvuvkyvmkp",MIA,26,18,8,12,2,2,0,0,0,0,0,0,0,0,0,0,0,0,0,0,0,0
2024,REG+POST,00-0035301,D.Wilson,Donovan Wilson,17,SS,DB,"https://static.www.nfl.com/image/upload/f_auto,q_auto/league/ors9sdenvvgjylcfyrop",DAL,44,39,5,38,6,1,2,4.5,30,4,1,0,5,0,0,0,0,1,0,0,2,22
2024,REG+POST,00-0035316,K.Elliss,Kaden Elliss,17,ILB,LB,"https://static.www.nfl.com/image/upload/f_auto,q_auto/league/essjcyyzdr92jh0sqd1u",ATL,84,72,12,66,8,4,1,5,37,16,1,12,3,0,0,0,0,1,0,0,0,0
2024,REG+POST,00-0035352,T.Dodson,Tyrel Dodson,5,MLB,LB,"https://static.www.nfl.com/image/upload/f_auto,q_auto/league/srjvfaik42ujjdalmhx1",MIA,18,13,5,18,0,0,0,0,0,1,3,7,4,0,0,0,0,0,0,0,1,15
2024,REG+POST,00-0035352,T.Dodson,Tyrel Dodson,9,MLB,LB,"https://static.www.nfl.com/image/upload/f_auto,q_auto/league/srjvfaik42ujjdalmhx1",SEA,42,33,9,29,5,6,1,2,9,3,0,0,2,0,0,0,0,0,0,0,0,0
2024,REG+POST,00-0035357,C.Lewis,Cameron Lewis,16,FS,DB,"https://static.www.nfl.com/image/private/f_auto,q_auto/league/cv2vtd0bajxfuet07bl7",BUF,47,40,7,18,2,1,1,0,0,0,1,0,4,0,0,0,0,0,0,0,2,13
2024,REG+POST,00-0035363,J.Giles-Harris,Joe Giles-Harris,2,OLB,LB,"https://static.www.nfl.com/image/upload/f_auto,q_auto/league/koe6bg1xysd6tuwkxw5g",NE,1,1,0,1,0,0,0,0,0,1,0,0,0,0,0,0,0,0,0,0,0,0
2024,REG+POST,00-0035378,A.Wingard,Andrew Wingard,4,FS,DB,"https://static.www.nfl.com/image/upload/f_auto,q_auto/league/taq2othvpstxlsfz3fym",JAX,7,6,1,7,0,0,0,0,0,0,0,0,3,0,0,0,0,0,0,0,1,15
2024,REG+POST,00-0035386,T.Edwards,T.J. Edwards,17,ILB,LB,"https://static.www.nfl.com/image/upload/f_auto,q_auto/league/vmqcti3f5uufqtgiigk0",CHI,79,69,10,50,12,9,1,4,24,6,1,0,3,0,0,0,0,2,0,0,0,0
2024,REG+POST,00-0035402,C.Granderson,Carl Granderson,17,DE,DL,"https://static.www.nfl.com/image/upload/f_auto,q_auto/league/xe17ud7n1ofomz8kk3ke",NO,36,31,5,25,9,15,1,5.5,31.5,13,0,0,4,0,0,0,0,0,0,0,4,25
2024,REG+POST,00-0035406,L.Humphrey,Lil'Jordan Humphrey,1,WR,WR,"https://static.www.nfl.com/image/upload/f_auto,q_auto/league/yjmyfuozafxd7zwf3mlr",BAL,1,1,0,0,0,0,0,0,0,0,0,0,0,0,0,0,0,0,0,0,0,0
2024,REG+POST,00-0035406,L.Humphrey,Lil'Jordan Humphrey,1,WR,WR,"https://static.www.nfl.com/image/upload/f_auto,q_auto/league/yjmyfuozafxd7zwf3mlr",IND,1,1,0,0,0,0,0,0,0,0,0,0,0,0,0,0,0,0,0,0,0,0
2024,REG+POST,00-0035409,S.Tuttle,Shy Tuttle,15,DT,DL,"https://static.www.nfl.com/image/upload/f_auto,q_auto/league/kg1dcs0e1u8fj70yuejy",CAR,22,20,2,24,0,0,1,0,0,1,0,0,3,0,0,0,0,2,0,0,1,4
2024,REG+POST,00-0035413,L.Gifford,Luke Gifford,5,OLB,LB,"https://static.www.nfl.com/image/private/f_auto,q_auto/league/mhdbbzj8amttnpd1nbpn",TEN,21,19,2,14,1,1,0,0,0,0,1,0,2,0,0,0,0,0,0,0,0,0
2024,REG+POST,00-0035437,R.Teamer,Roderic Teamer,1,SS,DB,"https://static.www.nfl.com/image/private/f_auto,q_auto/league/sma7cwull7agg0gjk7dh",NO,0,0,0,0,0,0,0,0,0,0,0,0,0,0,0,0,0,0,0,0,2,15
2024,REG+POST,00-0035525,D.Bush,Devin Bush,14,ILB,LB,"https://static.www.nfl.com/image/upload/f_auto,q_auto/league/pgpf5oeyel2jgsz2luaq",CLE,44,28,16,30,8,9,0,1,2,1,0,0,3,0,0,0,0,0,0,0,0,0
2024,REG+POST,00-0035526,E.Jenkins,Elgton Jenkins,1,G,OL,"https://static.www.nfl.com/image/upload/f_auto,q_auto/league/wrahpqtdvxipwmrepiyl",MIN,1,0,1,0,0,0,0,0,0,0,0,0,0,0,0,0,0,0,0,0,0,0
2024,REG+POST,00-0035537,T.Johnson,Ty Johnson,1,RB,RB,"https://static.www.nfl.com/image/upload/f_auto,q_auto/league/zdedn4xqr2jy6mddh5pb",NE,1,1,0,0,0,0,0,0,0,0,0,0,0,0,0,0,0,0,0,0,0,0
2024,REG+POST,00-0035567,C.Reynolds,Craig Reynolds,1,RB,RB,"https://static.www.nfl.com/image/upload/f_auto,q_auto/league/kfohmdfiai96uqcl7c03",MIN,0,0,0,1,0,0,0,0,0,0,0,0,0,0,0,0,0,0,0,0,0,0
2024,REG+POST,00-0035594,T.Homer,Travis Homer,1,RB,RB,"https://static.www.nfl.com/image/upload/f_auto,q_auto/league/eg1e7va024emnbm55got",MIN,1,1,0,0,0,0,0,0,0,0,0,0,0,0,0,0,0,0,0,0,0,0
2024,REG+POST,00-0035617,T.Reeder,Troy Reeder,6,ILB,LB,"https://static.www.nfl.com/image/upload/f_auto,q_auto/league/twe7rexbwcsrgeqkyo0u",LA,26,16,10,21,1,1,0,0,0,0,0,0,1,0,0,0,0,0,0,0,0,0
2024,REG+POST,00-0035625,J.Thornhill,Juan Thornhill,11,FS,DB,"https://static.www.nfl.com/image/private/f_auto,q_auto/league/mxwqw2htpqtpc9b0klbv",CLE,31,29,2,18,1,0,0,0,0,1,0,0,3,0,0,0,0,0,0,0,0,0
2024,REG+POST,00-0035630,C.Lindstrom,Chris Lindstrom,1,G,OL,"https://static.www.nfl.com/image/upload/f_auto,q_auto/league/njjqpjnrq2g2nxxzu76u",KC,1,1,0,0,0,0,0,0,0,0,0,0,0,0,0,0,0,0,0,0,0,0
2024,REG+POST,00-0035631,D.Sample,Drew Sample,1,TE,TE,"https://static.www.nfl.com/image/upload/f_auto,q_auto/league/xufsbdqfujdqnrnozhg4",PIT,1,1,0,0,0,0,1,0,0,0,0,0,0,0,0,0,0,0,0,0,0,0
2024,REG+POST,00-0035632,A.Hooker,Amani Hooker,14,FS,DB,"https://static.www.nfl.com/image/upload/f_auto,q_auto/league/jigd7pauot8z4engfsmx",TEN,46,41,5,24,4,7,2,0,0,2,5,68,9,0,0,0,0,0,0,0,2,19
2024,REG+POST,00-0035633,C.Ballentine,Corey Ballentine,1,CB,DB,"https://static.www.nfl.com/image/upload/f_auto,q_auto/league/i82rhwwnlinkmjzypuae",GB,2,1,1,0,0,0,0,0,0,0,0,0,0,0,0,0,0,0,0,0,0,0
2024,REG+POST,00-0035636,L.Collier,L.J. Collier,15,DT,DL,"https://static.www.nfl.com/image/private/f_auto,q_auto/league/i39nt3smr30rgznvlal3",ARI,13,10,3,16,4,3,0,3.5,18.5,6,0,0,2,0,0,0,0,1,0,0,1,5
2024,REG+POST,00-0035637,R.Ya-Sin,Rock Ya-Sin,3,CB,DB,"https://static.www.nfl.com/image/upload/f_auto,q_auto/league/lqy47wstsu51vejik26c",SF,2,1,1,0,0,0,0,0,0,0,0,0,2,0,0,0,0,0,0,0,3,34
2024,REG+POST,00-0035642,J.Hines-Allen,Josh Hines-Allen,16,DE,DL,"https://static.www.nfl.com/image/private/f_auto,q_auto/league/q807jedjb7igab4graoe",JAX,27,19,8,19,10,9,1,8,53,19,0,0,2,0,0,0,0,1,13,0,5,35
2024,REG+POST,00-0035643,J.Simmons,Jeffery Simmons,16,DT,DL,"https://static.www.nfl.com/image/upload/f_auto,q_auto/league/t6x8nhokjuwxz1gjq2fs",TEN,41,36,5,35,11,14,2,5,35,9,0,0,4,0,0,0,0,2,0,0,6,50
2024,REG+POST,00-0035644,N.Fant,Noah Fant,1,TE,TE,"https://static.www.nfl.com/image/private/f_auto,q_auto/league/w1gqasldrg3jumzdqjvy",MIN,1,1,0,0,0,0,0,0,0,0,0,0,0,0,0,0,0,0,0,0,0,0
2024,REG+POST,00-0035644,N.Fant,Noah Fant,1,TE,TE,"https://static.www.nfl.com/image/private/f_auto,q_auto/league/w1gqasldrg3jumzdqjvy",SF,1,1,0,0,0,0,0,0,0,0,0,0,0,0,0,0,0,0,0,0,0,0
2024,REG+POST,00-0035646,S.Takitaki,Sione Takitaki,8,OLB,LB,"https://static.www.nfl.com/image/upload/f_auto,q_auto/league/mx5kjkwhlgzbuhagmsb7",NE,6,6,0,12,0,0,0,0,0,0,0,0,0,0,0,0,0,0,0,0,1,5
2024,REG+POST,00-0035647,M.Sweat,Montez Sweat,15,DE,DL,"https://static.www.nfl.com/image/upload/f_auto,q_auto/league/ftcyuaiwxjmivippsrpy",CHI,18,12,6,14,9,8,2,5.5,38,12,0,0,2,0,0,0,0,0,0,0,4,20
2024,REG+POST,00-0035655,W.Harris,Will Harris,13,FS,DB,"https://static.www.nfl.com/image/upload/f_auto,q_auto/league/pojy15q1vej2j4k2abxl",NO,54,48,6,19,3,3,0,0,0,0,1,7,5,0,0,0,0,0,0,0,1,15
2024,REG+POST,00-0035656,K.Saunders,Khalen Saunders,12,DT,DL,"https://static.www.nfl.com/image/upload/f_auto,q_auto/league/x4rukt5gqttd7ow1ldrg",NO,18,17,1,25,3,0,0,2,18,5,1,37,3,0,0,0,0,0,0,0,1,6
2024,REG+POST,00-0035659,T.McLaurin,Terry McLaurin,1,WR,WR,"https://static.www.nfl.com/image/upload/f_auto,q_auto/league/wokz1etv1wj1vhbmvxgs",CLE,1,1,0,0,0,0,0,0,0,0,0,0,0,0,0,0,0,0,0,0,0,0
2024,REG+POST,00-0035663,T.Rapp,Taylor Rapp,16,SS,DB,"https://static.www.nfl.com/image/upload/f_auto,q_auto/league/hbddw85y7u2tupcyx56m",BUF,49,42,7,36,2,3,1,0,0,0,3,5,7,0,0,0,0,0,0,0,1,15
2024,REG+POST,00-0035665,D.Long,David Long,1,CB,DB,"https://static.www.nfl.com/image/upload/f_auto,q_auto/league/uawngyyimhhcvwiijs1x",IND,0,0,0,0,0,0,0,0,0,0,0,0,0,0,0,0,0,0,0,0,1,15
2024,REG+POST,00-0035667,G.Gaines,Greg Gaines,12,NT,DL,"https://static.www.nfl.com/image/upload/f_auto,q_auto/league/xbdsyuwzz86sbc2euifo",TB,10,6,4,13,3,2,0,1,5,4,0,0,0,0,0,0,0,0,0,0,2,10
2024,REG+POST,00-0035669,N.Scott,Nick Scott,7,SS,DB,"https://static.www.nfl.com/image/upload/f_auto,q_auto/league/knvjhpqqyqrnkzwikfdx",CAR,14,13,1,12,0,0,0,0,0,0,0,0,2,0,0,0,0,0,0,0,1,5
2024,REG+POST,00-0035672,C.Barton,Cody Barton,18,MLB,LB,"https://static.www.nfl.com/image/upload/f_auto,q_auto/league/f6oxa6q8svj1apvlni14",DEN,54,48,6,58,2,7,1,1.5,2.5,2,2,71,5,1,0,0,0,1,52,0,1,13
2024,REG+POST,00-0035674,J.Tillery,Jerry Tillery,15,DE,DL,"https://static.www.nfl.com/image/upload/f_auto,q_auto/league/adiuyaw2t6yelrqt6imd",MIN,13,11,2,15,1,1,1,0,0,3,0,0,2,0,0,0,0,0,0,0,0,0
2024,REG+POST,00-0035676,A.Brown,A.J. Brown,1,WR,WR,"https://static.www.nfl.com/image/private/f_auto,q_auto/league/a014sgzctarbvhwb35lw",WAS,1,1,0,0,0,0,0,0,0,0,0,0,0,0,0,0,0,0,0,0,0,0
2024,REG+POST,00-0035678,D.Jones,Dre'Mont Jones,16,DE,DL,"https://static.www.nfl.com/image/private/f_auto,q_auto/league/jtymiyxibjaktdm0h9by",SEA,14,11,3,14,7,8,1,4,35,13,0,0,1,0,0,0,0,0,0,1,3,33
2024,REG+POST,00-0035680,Q.Williams,Quincy Williams,17,ILB,LB,"https://static.www.nfl.com/image/upload/f_auto,q_auto/league/ikiir6l66xfq1z1hq9p7",NYJ,74,67,7,42,14,34,4,2,22,2,0,0,4,0,0,0,0,3,19,0,2,15
2024,REG+POST,00-0035683,D.Lawrence,Dexter Lawrence,12,NT,DL,"https://static.www.nfl.com/image/private/f_auto,q_auto/league/mq1gfsw7gfz3jithkivb",NYG,23,20,3,21,8,1,1,9,65,16,0,0,1,0,0,0,0,0,0,0,1,5
2024,REG+POST,00-0035687,B.Okereke,Bobby Okereke,12,MLB,LB,"https://static.www.nfl.com/image/upload/f_auto,q_auto/league/ttw5d6oxatumwjdick1i",NYG,47,39,8,46,6,8,3,2,4,2,0,0,3,0,0,0,0,2,1,0,0,0
2024,REG+POST,00-0035692,C.Ferrell,Clelin Ferrell,15,DE,DL,"https://static.www.nfl.com/image/upload/f_auto,q_auto/league/rskwfp5ry0pabky8h4qs",WAS,13,11,2,17,4,5,1,3.5,20.5,10,0,0,1,0,0,0,0,0,0,0,2,15
2024,REG+POST,00-0035693,J.Abram,Johnathan Abram,3,SS,DB,"https://static.www.nfl.com/image/upload/f_auto,q_auto/league/d2zdaol75a3i4s2sdb4r",NO,10,10,0,6,0,0,0,0,0,0,1,30,2,0,0,0,0,0,0,0,1,5
2024,REG+POST,00-0035696,D.Shelley,Duke Shelley,1,CB,DB,"https://static.www.nfl.com/image/upload/f_auto,q_auto/league/jmidsg7krhjba8rbvoha",NYG,1,1,0,0,0,0,0,0,0,0,0,0,0,0,0,0,0,0,0,0,0,0
2024,REG+POST,00-0035697,G.Pratt,Germaine Pratt,17,OLB,LB,"https://static.www.nfl.com/image/upload/f_auto,q_auto/league/pq5icr0kspcsgxia4sg6",CIN,80,68,12,63,5,11,2,0,0,4,2,26,6,0,0,0,0,2,9,0,1,0
2024,REG+POST,00-0035699,J.Dean,Jamel Dean,13,CB,DB,"https://static.www.nfl.com/image/private/f_auto,q_auto/league/s0k1zs9nyl2cqsjwf5cs",TB,48,46,2,15,0,0,1,0,0,0,1,0,8,0,0,0,0,0,0,0,2,14
2024,REG+POST,00-0035700,J.Jacobs,Josh Jacobs,1,RB,RB,"https://static.www.nfl.com/image/upload/f_auto,q_auto/league/ksdusqxnwqtnph0htcfx",SEA,1,1,0,0,0,0,0,0,0,0,0,0,0,0,0,0,0,0,0,0,0,0
2024,REG+POST,00-0035705,J.Thompson,Jalen Thompson,15,FS,DB,"https://static.www.nfl.com/image/upload/f_auto,q_auto/league/vzuzk4hnunpve1myp0dm",ARI,61,51,10,37,3,7,0,0,0,2,0,0,3,0,0,0,0,2,0,0,1,8
2024,REG+POST,00-0035707,D.White,Devin White,6,ILB,LB,"https://static.www.nfl.com/image/upload/f_auto,q_auto/league/i1c4v09znk6ijwftzset",HOU,15,14,1,4,0,0,0,0,0,0,0,0,0,0,0,0,0,0,0,0,0,0
2024,REG+POST,00-0035708,O.Ximines,Oshane Ximines,1,OLB,LB,"https://static.www.nfl.com/image/upload/f_auto,q_auto/league/lwucizbpvqrkpolyndj8",NE,0,0,0,1,0,0,0,0,0,0,0,0,0,0,0,0,0,0,0,0,0,0
2024,REG+POST,00-0035710,D.Jones,Daniel Jones,1,QB,QB,"https://static.www.nfl.com/image/private/f_auto,q_auto/league/zrhniboizqpxtdyz6gez",CAR,1,1,0,0,0,0,0,0,0,0,0,0,0,0,0,0,0,0,0,0,0,0
2024,REG+POST,00-0035713,B.Burns,Brian Burns,17,OLB,LB,"https://static.www.nfl.com/image/upload/f_auto,q_auto/league/xebyudtwsbfaqrkhstd8",NYG,42,35,7,29,17,15,2,8.5,77,18,0,0,8,0,0,0,0,0,0,0,2,10
2024,REG+POST,00-0035717,N.Bosa,Nick Bosa,13,DE,DL,"https://static.www.nfl.com/image/upload/f_auto,q_auto/league/gm1nmlg5jsa0mh9vl5ms",SF,33,30,3,19,15,10,1,9,56,24,1,30,1,0,0,0,0,1,0,0,3,15
2024,REG+POST,00-0035718,Q.Williams,Quinnen Williams,16,NT,DL,"https://static.www.nfl.com/image/private/f_auto,q_auto/league/ftjeq2xr9mvck8mfkute",NYJ,25,21,4,12,8,7,0,6,49.5,18,0,0,0,0,0,0,0,0,0,0,4,41
2024,REG+POST,00-0035719,D.Samuel,Deebo Samuel,1,WR,WR,"https://static.www.nfl.com/image/upload/f_auto,q_auto/league/shqoqpjwwoiexzy6cmgb",DET,1,1,0,0,0,0,0,0,0,0,0,0,0,0,0,0,0,0,0,0,0,0
2024,REG+POST,00-0035719,D.Samuel,Deebo Samuel,1,WR,WR,"https://static.www.nfl.com/image/upload/f_auto,q_auto/league/shqoqpjwwoiexzy6cmgb",KC,1,1,0,0,0,0,0,0,0,0,0,0,0,0,0,0,0,0,0,0,0,0
2024,REG+POST,00-0035763,M.Roach,Malcolm Roach,16,DT,DL,"https://static.www.nfl.com/image/upload/f_auto,q_auto/league/slssc1tyijjqxa8vjwe4",DEN,19,14,5,25,5,3,1,2.5,14,8,0,0,2,0,0,0,0,1,0,0,1,15
2024,REG+POST,00-0035795,J.Pierre,James Pierre,6,CB,DB,"https://static.www.nfl.com/image/upload/f_auto,q_auto/league/a0pp4bfqlxjxxtehhc0h",PIT,8,7,1,4,0,0,0,0,0,0,1,18,3,0,0,0,0,0,0,0,0,0
2024,REG+POST,00-0035841,B.Jones,Benito Jones,12,DT,DL,"https://static.www.nfl.com/image/upload/f_auto,q_auto/league/mswnb7xtif8vljtvuhu5",MIA,9,8,1,15,4,10,0,0,0,3,0,0,0,0,0,0,0,0,0,0,1,5
2024,REG+POST,00-0035857,C.Williams,Chris Williams,16,DT,DL,"https://static.www.nfl.com/image/upload/f_auto,q_auto/league/l1ynly6u8wqfa3e5ctml",CHI,17,15,2,6,3,0,0,3,26,7,0,0,0,0,0,0,0,0,0,0,1,5
2024,REG+POST,00-0035890,T.Wharton,Tershawn Wharton,15,DT,DL,"https://static.www.nfl.com/image/private/f_auto,q_auto/league/pbuynfvzq7bojcivxbba",KC,23,21,2,14,8,1,1,8.5,56,14,0,0,2,0,0,0,0,0,0,0,1,15
2024,REG+POST,00-0035895,J.Bachie,Joe Bachie,3,ILB,LB,"https://static.www.nfl.com/image/upload/f_auto,q_auto/league/ln4dn19qwfrpkzhfwwdf",CIN,3,2,1,0,0,0,0,0,0,0,0,0,0,0,0,0,0,0,0,0,0,0
2024,REG+POST,00-0035903,J.Gaziano,Joe Gaziano,2,DE,DL,"https://static.www.nfl.com/image/upload/f_auto,q_auto/league/saim6trsnqhedad4hu0r",JAX,2,1,1,1,0,0,0,0,0,0,0,0,0,0,0,0,0,0,0,0,0,0
2024,REG+POST,00-0035910,T.Smith,T.J. Smith,2,DT,DL,"https://static.www.nfl.com/image/private/f_auto,q_auto/league/lmjr6tmxxxkltnltk7ks",CAR,0,0,0,2,0,0,0,0,0,0,0,0,0,0,0,0,0,0,0,0,0,0
2024,REG+POST,00-0035933,M.Hoecht,Michael Hoecht,18,OLB,LB,"https://static.www.nfl.com/image/upload/f_auto,q_auto/league/x7dptdtfop48cak3l5os",LA,24,18,6,37,4,6,0,3.5,20,8,0,0,2,0,0,0,0,0,0,0,1,1
2024,REG+POST,00-0035942,C.Rozeboom,Christian Rozeboom,18,ILB,LB,"https://static.www.nfl.com/image/upload/f_auto,q_auto/league/x8fvmeu8teeqpoi4bkx6",LA,80,70,10,68,5,6,0,1,6,1,1,16,4,0,0,0,0,0,0,0,2,25
2024,REG+POST,00-0035944,J.Williams,Jonah Williams,1,DE,DL,"https://static.www.nfl.com/image/upload/f_auto,q_auto/league/gnujz4p4sshj5xv6nmjp",DET,0,0,0,0,0,0,0,0,0,1,0,0,0,0,0,0,0,0,0,0,0,0
2024,REG+POST,00-0035944,J.Williams,Jonah Williams,3,DE,DL,"https://static.www.nfl.com/image/upload/f_auto,q_auto/league/gnujz4p4sshj5xv6nmjp",LA,1,1,0,2,1,1,0,0,0,0,0,0,0,0,0,0,0,0,0,0,0,0
2024,REG+POST,00-0035944,J.Williams,Jonah Williams,1,DE,DL,"https://static.www.nfl.com/image/upload/f_auto,q_auto/league/gnujz4p4sshj5xv6nmjp",MIN,0,0,0,0,0,0,0,0,0,1,0,0,0,0,0,0,0,0,0,0,0,0
2024,REG+POST,00-0035946,M.Adams,Myles Adams,2,DE,DL,"https://static.www.nfl.com/image/upload/f_auto,q_auto/league/xbmi6a0pex4jdgyarhbt",DET,3,3,0,1,1,0,0,1,5,2,0,0,0,0,0,0,0,0,0,0,0,0
2024,REG+POST,00-0035946,M.Adams,Myles Adams,1,DE,DL,"https://static.www.nfl.com/image/upload/f_auto,q_auto/league/xbmi6a0pex4jdgyarhbt",SEA,1,1,0,1,0,0,0,0,0,0,0,0,0,0,0,0,0,0,0,0,0,0
2024,REG+POST,00-0035961,K.Barnes,Krys Barnes,12,ILB,LB,"https://static.www.nfl.com/image/upload/f_auto,q_auto/league/xgq5wwfuk5s2frsx0ha0",ARI,18,14,4,16,3,1,0,2,5,2,0,0,0,0,0,0,0,0,0,0,1,15
2024,REG+POST,00-0035984,B.Lynch,Blake Lynch,1,OLB,LB,"https://static.www.nfl.com/image/upload/f_auto,q_auto/league/r2skp5v2pgvumlmqzhgl",KC,3,2,1,3,1,1,0,0,0,0,0,0,0,0,0,0,0,0,0,0,0,0
2024,REG+POST,00-0036010,J.Elliott,Jalen Elliott,1,SS,DB,"https://static.www.nfl.com/image/upload/f_auto,q_auto/league/gwcvitcgnttnroiskzen",PIT,0,0,0,0,0,0,0,0,0,0,0,0,0,0,0,0,0,0,0,0,1,3
2024,REG+POST,00-0036037,S.Franklin,Sam Franklin,3,SS,DB,"https://static.www.nfl.com/image/upload/f_auto,q_auto/league/umqc50da0q99u1qyhka5",CAR,0,0,0,0,0,0,0,0,0,0,0,0,0,0,0,0,0,0,0,0,3,39
2024,REG+POST,00-0036045,C.Gill,Cam Gill,8,OLB,LB,"https://static.www.nfl.com/image/upload/f_auto,q_auto/league/wxadtc7jcfyso4qdbeni",CAR,6,6,0,15,0,0,0,0,0,4,0,0,0,0,0,0,0,0,0,0,0,0
2024,REG+POST,00-0036081,B.Washington,Broderick Washington,12,DE,DL,"https://static.www.nfl.com/image/upload/f_auto,q_auto/league/emh0zmsonamylgrr7hmv",BAL,11,10,1,13,1,0,1,2,10,2,0,0,2,0,0,0,0,0,0,0,1,12
2024,REG+POST,00-0036087,M.Bryant,Myles Bryant,5,CB,DB,"https://static.www.nfl.com/image/upload/f_auto,q_auto/league/bzbwwwemnsuw2pveglco",HOU,11,9,2,4,0,0,0,0,0,0,0,0,3,0,0,0,0,0,0,0,0,0
2024,REG+POST,00-0036124,K.Dorsey,Khalil Dorsey,4,CB,DB,"https://static.www.nfl.com/image/upload/f_auto,q_auto/league/dd7a4vk8eedk1knufreg",DET,5,5,0,5,1,1,0,0,0,0,0,0,2,0,0,0,0,0,0,0,0,0
2024,REG+POST,00-0036130,N.Madubuike,Nnamdi Madubuike,19,DT,DL,"https://static.www.nfl.com/image/upload/f_auto,q_auto/league/jqjavitaoxp8al5ddury",BAL,26,22,4,28,12,11,1,9,30,19,0,0,2,0,0,0,0,0,0,0,6,65
2024,REG+POST,00-0036133,J.Proche,James Proche,1,WR,WR,"https://static.www.nfl.com/image/upload/f_auto,q_auto/league/me4h87meacls1jjh0cug",CLE,0,0,0,0,0,0,0,0,0,0,0,0,0,0,0,0,0,0,0,0,1,5
2024,REG+POST,00-0036133,J.Proche,James Proche,1,WR,WR,"https://static.www.nfl.com/image/upload/f_auto,q_auto/league/me4h87meacls1jjh0cug",LV,1,1,0,0,0,0,0,0,0,0,0,0,0,0,0,0,0,0,0,0,0,0
2024,REG+POST,00-0036139,R.Dowdle,Rico Dowdle,1,RB,RB,"https://static.www.nfl.com/image/upload/f_auto,q_auto/league/fe8ge4f6vvtyihou5czu",PHI,1,1,0,0,0,0,0,0,0,0,0,0,0,0,0,0,0,0,0,0,0,0
2024,REG+POST,00-0036151,B.Huff,Bryce Huff,8,DE,DL,"https://static.www.nfl.com/image/upload/f_auto,q_auto/league/f7d7rc4mrzkppwgqezin",PHI,5,4,1,8,3,4,1,2.5,24.5,4,0,0,0,0,0,0,0,0,0,0,0,0
2024,REG+POST,00-0036157,K.Welch,Kristian Welch,2,ILB,LB,"https://static.www.nfl.com/image/upload/f_auto,q_auto/league/s6mtzzk3etuv34oabdqp",BAL,2,2,0,0,0,0,0,0,0,0,0,0,0,0,0,0,0,0,0,0,0,0
2024,REG+POST,00-0036157,K.Welch,Kristian Welch,3,ILB,LB,"https://static.www.nfl.com/image/upload/f_auto,q_auto/league/s6mtzzk3etuv34oabdqp",DEN,3,1,2,3,0,0,0,0,0,0,0,0,0,0,0,0,0,0,0,0,0,0
2024,REG+POST,00-0036158,J.Dobbins,J.K. Dobbins,1,RB,RB,"https://static.www.nfl.com/image/upload/f_auto,q_auto/league/rbuyzj3kv10xrq1rfy2l",HOU,1,1,0,0,0,0,0,0,0,0,0,0,0,0,0,0,0,0,0,0,0,0
2024,REG+POST,00-0036159,J.Uche,Joshua Uche,2,OLB,LB,"https://static.www.nfl.com/image/upload/f_auto,q_auto/league/p7v3ht2iftut8hebhsbu",KC,7,7,0,3,0,0,0,0,0,0,0,0,0,0,0,0,0,0,0,0,0,0
2024,REG+POST,00-0036159,J.Uche,Joshua Uche,6,OLB,LB,"https://static.www.nfl.com/image/upload/f_auto,q_auto/league/p7v3ht2iftut8hebhsbu",NE,10,9,1,3,2,0,0,2,11,3,0,0,0,0,0,0,0,0,0,0,2,20
2024,REG+POST,00-0036162,T.Bass,Tyler Bass,2,K,SPEC,"https://static.www.nfl.com/image/upload/f_auto,q_auto/league/yap9hm6h417pspqeadl1",BUF,0,0,0,0,0,0,0,0,0,0,0,0,0,0,0,0,0,0,0,0,2,0
2024,REG+POST,00-0036166,D.Jackson,Dane Jackson,7,CB,DB,"https://static.www.nfl.com/image/upload/f_auto,q_auto/league/lys47la5i4ay7g1gr07g",CAR,15,14,1,8,1,4,0,0,0,0,0,0,2,0,0,0,0,0,0,0,1,5
2024,REG+POST,00-0036181,T.Tart,Teair Tart,15,DT,DL,"https://static.www.nfl.com/image/upload/f_auto,q_auto/league/u9vwnpfhorxtehq9yfgc",LAC,17,17,0,15,5,9,1,1,11,5,1,4,2,0,1,0,0,1,0,0,3,25
2024,REG+POST,00-0036182,N.Westbrook-Ikhine,Nick Westbrook-Ikhine,1,WR,WR,"https://static.www.nfl.com/image/upload/f_auto,q_auto/league/rt9ic9wzwl2pevlxt1nd",BUF,1,1,0,0,0,0,0,0,0,0,0,0,0,0,0,0,0,0,0,0,0,0
2024,REG+POST,00-0036182,N.Westbrook-Ikhine,Nick Westbrook-Ikhine,1,WR,WR,"https://static.www.nfl.com/image/upload/f_auto,q_auto/league/rt9ic9wzwl2pevlxt1nd",CIN,1,1,0,0,0,0,0,0,0,0,0,0,0,0,0,0,0,0,0,0,0,0
2024,REG+POST,00-0036182,N.Westbrook-Ikhine,Nick Westbrook-Ikhine,1,WR,WR,"https://static.www.nfl.com/image/upload/f_auto,q_auto/league/rt9ic9wzwl2pevlxt1nd",TEN,0,0,0,0,0,0,0,0,0,0,0,0,0,0,0,0,0,0,0,0,1,10
2024,REG+POST,00-0036187,R.Gilliam,Reggie Gilliam,1,FB,RB,"https://static.www.nfl.com/image/upload/f_auto,q_auto/league/qj2xzath8p7188isoxkd",BUF,0,0,0,1,0,0,0,0,0,0,0,0,0,0,0,0,0,0,0,0,0,0
2024,REG+POST,00-0036192,A.Epenesa,A.J. Epenesa,19,DE,DL,"https://static.www.nfl.com/image/upload/f_auto,q_auto/league/cuvz6epit4d0o8grclqm",BUF,27,23,4,20,10,11,2,6,46,12,0,0,2,0,0,0,0,0,0,1,3,35
2024,REG+POST,00-0036193,A.Jennings,Anfernee Jennings,16,OLB,LB,"https://static.www.nfl.com/image/private/f_auto,q_auto/league/rhpdybqsxdk8fo1wczc3",NE,42,36,6,36,7,14,1,2.5,12.5,9,0,0,1,0,0,0,0,0,0,0,2,20
2024,REG+POST,00-0036195,C.Heck,Charlie Heck,1,T,OL,"https://static.www.nfl.com/image/upload/f_auto,q_auto/league/pz1qneiimosapoj6ybbp",DET,1,1,0,0,0,0,0,0,0,0,0,0,0,0,0,0,0,0,0,0,0,0
2024,REG+POST,00-0036196,G.Davis,Gabe Davis,1,WR,WR,"https://static.www.nfl.com/image/upload/f_auto,q_auto/league/rlmgjtfct5qjtbwcjqg6",MIN,2,2,0,0,0,0,0,0,0,0,0,0,0,0,0,0,0,0,0,0,0,0
2024,REG+POST,00-0036199,G.Stone,Geno Stone,17,SS,DB,"https://static.www.nfl.com/image/upload/f_auto,q_auto/league/redtjiud7dtro4avfgn0",CIN,47,44,3,34,0,0,0,0,0,4,4,88,6,1,0,0,0,1,6,0,0,0
2024,REG+POST,00-0036212,T.Tagovailoa,Tua Tagovailoa,1,QB,QB,"https://static.www.nfl.com/image/upload/f_auto,q_auto/league/xzdbwt2ezmxk3pjcsr1n",LA,1,1,0,0,0,0,0,0,0,0,0,0,0,0,0,0,0,0,0,0,0,0
2024,REG+POST,00-0036213,R.Davis,Raekwon Davis,14,NT,DL,"https://static.www.nfl.com/image/upload/f_auto,q_auto/league/cebpdy9q3snsm1z8yx00",IND,7,6,1,8,1,6,0,0,0,0,0,0,1,0,0,0,0,0,0,0,3,11
2024,REG+POST,00-0036220,D.Brown,Derrick Brown,1,DE,DL,"https://static.www.nfl.com/image/upload/f_auto,q_auto/league/fkykzylv1irnfjijbwrw",CAR,1,0,1,2,0,0,0,0,0,0,0,0,0,0,0,0,0,0,0,0,0,0
2024,REG+POST,00-0036221,B.Jones,Brandon Jones,17,FS,DB,"https://static.www.nfl.com/image/upload/f_auto,q_auto/league/cxjsqih3bzvgebahj2vm",DEN,84,80,4,38,2,2,1,0,0,1,3,74,10,0,0,0,0,1,34,0,3,35
2024,REG+POST,00-0036222,I.Rodgers,Isaiah Rodgers,13,CB,DB,"https://static.www.nfl.com/image/upload/f_auto,q_auto/league/l8pzeettxf7tlqyd9pdq",PHI,22,21,1,8,0,0,1,0,0,0,0,0,7,0,0,0,0,1,40,0,1,31
2024,REG+POST,00-0036223,J.Taylor,Jonathan Taylor,1,RB,RB,"https://static.www.nfl.com/image/upload/f_auto,q_auto/league/ye4runp84oku1vnodsa7",BUF,1,1,0,0,0,0,0,0,0,0,0,0,0,0,0,0,0,0,0,0,0,0
2024,REG+POST,00-0036224,J.Greenard,Jonathan Greenard,18,OLB,LB,"https://static.www.nfl.com/image/upload/f_auto,q_auto/league/a8ztocyqrsxgmczzdyum",MIN,43,39,4,19,18,15,4,12,110,23,0,0,3,0,0,0,0,0,0,0,2,10
2024,REG+POST,00-0036231,K.Dugger,Kyle Dugger,13,FS,DB,"https://static.www.nfl.com/image/private/f_auto,q_auto/league/gckckiryskfmdmgkkgj5",NE,54,49,5,25,8,6,1,1,4,1,0,0,4,0,0,0,0,0,0,0,3,29
2024,REG+POST,00-0036232,H.Bryant,Harrison Bryant,1,TE,TE,"https://static.www.nfl.com/image/upload/f_auto,q_auto/league/jjarmcwkadvr7tynkpuj",BAL,1,1,0,0,0,0,0,0,0,0,0,0,0,0,0,0,0,0,0,0,0,0
2024,REG+POST,00-0036249,J.Okwara,Julian Okwara,9,OLB,LB,"https://static.www.nfl.com/image/upload/f_auto,q_auto/league/unrh4wz2bbaum89obafi",ARI,10,9,1,8,3,3,0,1,12,2,0,0,1,0,0,0,0,0,0,0,1,14
2024,REG+POST,00-0036251,Z.Moss,Zack Moss,1,RB,RB,"https://static.www.nfl.com/image/upload/f_auto,q_auto/league/oxrltdgoquiabhihhgnk",NE,0,0,0,1,0,0,0,0,0,0,0,0,0,0,0,0,0,0,0,0,0,0
2024,REG+POST,00-0036252,M.Pittman,Michael Pittman,1,WR,WR,"https://static.www.nfl.com/image/private/f_auto,q_auto/league/wnymcombo2plamteihiy",CHI,1,1,0,0,0,0,0,0,0,0,0,0,0,0,0,0,0,0,0,0,0,0
2024,REG+POST,00-0036252,M.Pittman,Michael Pittman,1,WR,WR,"https://static.www.nfl.com/image/private/f_auto,q_auto/league/wnymcombo2plamteihiy",GB,1,1,0,0,0,0,0,0,0,0,0,0,0,0,0,0,0,0,0,0,0,0
2024,REG+POST,00-0036253,J.Blackmon,Julian Blackmon,16,FS,DB,"https://static.www.nfl.com/image/upload/f_auto,q_auto/league/lvcl7raeo2tmzmmyf1pe",IND,62,52,10,24,1,6,0,0.5,0.5,1,3,27,4,0,0,0,0,1,0,0,0,0
2024,REG+POST,00-0036259,J.Jennings,Jauan Jennings,1,WR,WR,"https://static.www.nfl.com/image/upload/f_auto,q_auto/league/fqyzagb57zrtegmw69eb",MIA,1,1,0,0,0,0,0,0,0,0,0,0,0,0,0,0,0,0,0,0,0,0
2024,REG+POST,00-0036260,J.Kinlaw,Javon Kinlaw,15,DT,DL,"https://static.www.nfl.com/image/upload/f_auto,q_auto/league/a4qvry0uyfblvff2igi0",NYJ,27,23,4,13,5,1,2,4.5,41.5,5,0,0,0,0,0,0,0,1,4,0,8,64
2024,REG+POST,00-0036262,D.Hamilton,Davon Hamilton,16,DT,DL,"https://static.www.nfl.com/image/upload/f_auto,q_auto/league/qp0lntmasn8ffj003j9h",JAX,34,30,4,28,5,11,0,0,0,2,0,0,0,0,0,0,0,0,0,0,2,6
2024,REG+POST,00-0036266,J.Elliott,Jordan Elliott,13,DT,DL,"https://static.www.nfl.com/image/upload/f_auto,q_auto/league/haddl9vyyodpscuv8556",SF,12,12,0,7,2,4,0,0,0,2,0,0,0,0,0,0,0,0,0,0,4,28
2024,REG+POST,00-0036274,J.Okudah,Jeff Okudah,4,CB,DB,"https://static.www.nfl.com/image/upload/f_auto,q_auto/league/y2xrximb2dlexwgyrjxh",HOU,7,6,1,0,0,0,0,0,0,0,0,0,1,0,0,0,0,0,0,0,0,0
2024,REG+POST,00-0036280,M.Harrison,Malik Harrison,15,OLB,LB,"https://static.www.nfl.com/image/upload/f_auto,q_auto/league/ee7bygptv2xsx5zmbz5n",BAL,23,20,3,34,4,3,0,2,8,3,0,0,0,0,0,0,0,0,0,0,0,0
2024,REG+POST,00-0036282,G.Delpit,Grant Delpit,16,SS,DB,"https://static.www.nfl.com/image/upload/f_auto,q_auto/league/vfp5ffmtbfgobosxlxjj",CLE,67,59,8,41,7,14,0,1,9,5,0,0,1,0,0,0,0,0,0,0,2,4
2024,REG+POST,00-0036285,A.Terrell,A.J. Terrell,15,CB,DB,"https://static.www.nfl.com/image/private/f_auto,q_auto/league/mijlbfupcqxu8g7mmm4i",ATL,50,46,4,16,2,0,0,0,0,0,2,1,6,0,0,0,0,0,0,0,2,27
2024,REG+POST,00-0036286,K.Chaisson,K'Lavon Chaisson,13,OLB,LB,"https://static.www.nfl.com/image/upload/f_auto,q_auto/league/kjfiffxzngmxoqwylvrb",LV,19,14,5,13,7,5,1,5,35.5,8,1,0,2,0,0,0,0,0,0,0,4,32
2024,REG+POST,00-0036287,N.Igbinoghene,Noah Igbinoghene,20,CB,DB,"https://static.www.nfl.com/image/upload/f_auto,q_auto/league/hyu05mp0m5bstdoi0wdx",WAS,40,37,3,25,3,4,0,0,0,0,0,0,7,0,0,0,0,0,0,0,8,77
2024,REG+POST,00-0036288,Y.Gross-Matos,Yetur Gross-Matos,9,OLB,LB,"https://static.www.nfl.com/image/upload/f_auto,q_auto/league/jfblyob1da4sgrig3yxp",SF,14,12,2,5,6,5,0,4,24,7,0,0,0,0,0,0,0,0,0,0,0,0
2024,REG+POST,00-0036290,C.Kmet,Cole Kmet,1,TE,TE,"https://static.www.nfl.com/image/upload/f_auto,q_auto/league/fdxpctcmwjupassg9g9d",SEA,1,1,0,0,0,0,0,0,0,0,0,0,0,0,0,0,0,0,0,0,0,0
2024,REG+POST,00-0036292,J.Johnson,Jaylon Johnson,17,CB,DB,"https://static.www.nfl.com/image/upload/f_auto,q_auto/league/ouyqfh584alvv72ss9om",CHI,42,37,5,11,7,16,1,0,0,0,2,11,8,0,0,0,0,0,0,0,3,60
2024,REG+POST,00-0036293,J.Chinn,Jeremy Chinn,20,FS,DB,"https://static.www.nfl.com/image/upload/f_auto,q_auto/league/gpnjvydi7tbdpgnj8qsu",WAS,82,73,9,51,7,1,0,2,17,3,2,7,6,0,0,0,0,2,0,0,3,47
2024,REG+POST,00-0036294,L.Wilson,Logan Wilson,11,ILB,LB,"https://static.www.nfl.com/image/upload/f_auto,q_auto/league/dihzee6aboahkl0keztd",CIN,55,48,7,49,2,2,2,0,0,4,0,0,1,0,0,0,0,2,10,0,0,0
2024,REG+POST,00-0036298,A.Davis-Gaither,Akeem Davis-Gaither,16,OLB,LB,"https://static.www.nfl.com/image/upload/f_auto,q_auto/league/x96f2dqigzscwplj024t",CIN,38,34,4,39,4,5,1,0,0,1,1,12,4,0,0,0,0,0,0,0,2,38
2024,REG+POST,00-0036299,T.Pride,Troy Pride,1,CB,DB,"https://static.www.nfl.com/image/upload/f_auto,q_auto/league/pszcqhypafvbgq8sezfu",DAL,2,2,0,1,0,0,0,0,0,0,0,0,1,0,0,0,0,0,0,0,0,0
2024,REG+POST,00-0036300,M.Walker,Mykal Walker,7,ILB,LB,"https://static.www.nfl.com/image/upload/f_auto,q_auto/league/vqtkjvofluphrh6ft0c8",WAS,3,3,0,9,0,0,0,0,0,0,0,0,0,0,0,0,0,0,0,0,0,0
2024,REG+POST,00-0036302,J.Hawkins,Jaylinn Hawkins,15,FS,DB,"https://static.www.nfl.com/image/upload/f_auto,q_auto/league/mpa1edlpp8tnv8xdrhkz",NE,25,19,6,18,3,1,0,0,0,0,0,0,1,0,0,0,0,0,0,0,0,0
2024,REG+POST,00-0036305,T.Gipson,Trevis Gipson,1,OLB,LB,"https://static.www.nfl.com/image/upload/f_auto,q_auto/league/jh6pkhl4wymwqnp4lhnv",SEA,0,0,0,0,0,0,0,0,0,0,0,0,0,0,0,0,0,0,0,0,1,15
2024,REG+POST,00-0036306,D.Thomas,Daniel Thomas,2,SS,DB,"https://static.www.nfl.com/image/private/f_auto,q_auto/league/knizsywgcccuiizocjkw",JAX,1,1,0,2,0,0,0,0,0,0,0,0,0,0,0,0,0,0,0,0,1,15
2024,REG+POST,00-0036307,K.Vildor,Kindle Vildor,8,CB,DB,"https://static.www.nfl.com/image/upload/f_auto,q_auto/league/dpohdktdlsl1ywzmdzxq",DET,11,11,0,4,0,0,0,0,0,0,0,0,4,0,0,0,0,0,0,0,3,42
2024,REG+POST,00-0036313,B.Mann,Braden Mann,2,P,SPEC,"https://static.www.nfl.com/image/upload/f_auto,q_auto/league/z2s9qddgientrtm86fmc",PHI,0,0,0,0,0,0,0,0,0,0,0,0,0,0,0,0,0,0,0,0,2,0
2024,REG+POST,00-0036321,C.Young,Chase Young,15,DE,DL,"https://static.www.nfl.com/image/upload/f_auto,q_auto/league/lyc9qh7fequeo0lwvjhh",NO,21,18,3,10,8,9,1,5.5,29.5,21,0,0,3,0,0,0,0,0,0,0,3,15
2024,REG+POST,00-0036322,J.Jefferson,Justin Jefferson,1,WR,WR,"https://static.www.nfl.com/image/upload/f_auto,q_auto/league/vrftbpzwk6qmv0zjcysg",CHI,1,1,0,0,0,0,0,0,0,0,0,0,0,0,0,0,0,0,0,0,0,0
2024,REG+POST,00-0036323,P.Queen,Patrick Queen,18,ILB,LB,"https://static.www.nfl.com/image/upload/f_auto,q_auto/league/tj2gq3nboh0vj8v3oknk",PIT,69,63,6,70,7,6,2,1,4,5,0,0,7,0,0,0,0,1,0,0,1,5
2024,REG+POST,00-0036325,R.Hunt,Robert Hunt,1,G,OL,"https://static.www.nfl.com/image/upload/f_auto,q_auto/league/dfg6beceman5yspi1xmz",DAL,1,1,0,0,0,0,0,0,0,0,0,0,0,0,0,0,0,0,0,0,0,0
2024,REG+POST,00-0036325,R.Hunt,Robert Hunt,1,G,OL,"https://static.www.nfl.com/image/upload/f_auto,q_auto/league/dfg6beceman5yspi1xmz",NO,1,1,0,0,0,0,0,0,0,0,0,0,0,0,0,0,0,0,0,0,0,0
2024,REG+POST,00-0036328,A.Gibson,Antonio Gibson,1,RB,RB,"https://static.www.nfl.com/image/upload/f_auto,q_auto/league/hsjhpzgfdilf9cyrpeup",MIA,1,1,0,0,0,0,0,0,0,0,0,0,0,0,0,0,0,0,0,0,0,0
2024,REG+POST,00-0036329,A.Davis,Ashtyn Davis,8,SS,DB,"https://static.www.nfl.com/image/upload/f_auto,q_auto/league/xbanhtslhiidu6nutxzc",NYJ,24,22,2,8,5,3,0,0,0,0,2,18,2,0,0,0,0,0,0,0,1,5
2024,REG+POST,00-0036331,D.Duvernay,Devin Duvernay,1,WR,WR,"https://static.www.nfl.com/image/upload/f_auto,q_auto/league/wynmyjmvg7cee4y6i21n",NYJ,1,1,0,0,0,0,0,0,0,0,0,0,0,0,0,0,0,0,0,0,0,0
2024,REG+POST,00-0036333,A.Highsmith,Alex Highsmith,12,OLB,LB,"https://static.www.nfl.com/image/upload/f_auto,q_auto/league/pid301mbi8xc7jkg8c6q",PIT,29,24,5,18,10,6,1,7,50,14,0,0,2,0,0,0,0,0,0,0,7,55
2024,REG+POST,00-0036335,D.Wonnum,D.J. Wonnum,8,OLB,LB,"https://static.www.nfl.com/image/upload/f_auto,q_auto/league/mxgt283h5hzotgjgoryn",CAR,18,17,1,19,4,2,1,4,30,6,0,0,1,0,0,0,0,0,0,0,0,0
2024,REG+POST,00-0036337,J.Lynch,James Lynch,9,NT,DL,"https://static.www.nfl.com/image/upload/f_auto,q_auto/league/hnbjt7aqnjkyholqqu8f",TEN,7,4,3,13,2,4,0,1,1,2,0,0,2,0,0,0,0,0,0,0,0,0
2024,REG+POST,00-0036338,T.Dye,Troy Dye,11,ILB,LB,"https://static.www.nfl.com/image/upload/f_auto,q_auto/league/ulex6ncnpb7cmg7fobfi",LAC,37,36,1,24,2,0,0,1.5,9.5,2,0,0,1,0,0,0,0,0,0,0,0,0
2024,REG+POST,00-0036339,K.Dotson,Kevin Dotson,1,G,OL,"https://static.www.nfl.com/image/upload/f_auto,q_auto/league/lh2fbjpgy0ywkrjij8wr",GB,1,1,0,0,0,0,0,0,0,0,0,0,0,0,0,0,0,0,0,0,0,0
2024,REG+POST,00-0036339,K.Dotson,Kevin Dotson,1,G,OL,"https://static.www.nfl.com/image/upload/f_auto,q_auto/league/lh2fbjpgy0ywkrjij8wr",PHI,1,1,0,0,0,0,0,0,0,0,0,0,0,0,0,0,0,0,0,0,0,0
2024,REG+POST,00-0036341,K.Kareem,Khalid Kareem,2,DE,DL,"https://static.www.nfl.com/image/upload/f_auto,q_auto/league/seh5ywz5jnxxuwqlsjko",ATL,2,2,0,2,0,0,0,0,0,0,0,0,0,0,0,0,0,0,0,0,0,0
2024,REG+POST,00-0036343,K.Hudson,Khaleke Hudson,1,ILB,LB,"https://static.www.nfl.com/image/upload/f_auto,q_auto/league/xlpsx6vmahvollkqjzcf",CLE,1,1,0,0,0,0,0,0,0,1,0,0,0,0,0,0,0,0,0,0,0,0
2024,REG+POST,00-0036348,J.Metellus,Josh Metellus,18,SS,DB,"https://static.www.nfl.com/image/upload/f_auto,q_auto/league/wsxqgmbzst27b2amst6l",MIN,65,53,12,41,2,1,1,0,0,6,2,16,5,0,0,0,0,0,0,0,1,20
2024,REG+POST,00-0036349,K.Curl,Kamren Curl,18,SS,DB,"https://static.www.nfl.com/image/upload/f_auto,q_auto/league/oihhttjh3an2dn1ggdxh",LA,54,49,5,33,2,2,2,1,10,1,0,0,9,1,0,0,0,1,33,0,2,19
2024,REG+POST,00-0036351,J.Smith-Williams,James Smith-Williams,9,DE,DL,"https://static.www.nfl.com/image/upload/f_auto,q_auto/league/y7za6udwmac12c8hmvwh",ATL,12,9,3,12,7,12,0,1,6,2,0,0,0,0,0,0,0,0,0,0,0,0
2024,REG+POST,00-0036355,J.Herbert,Justin Herbert,1,QB,QB,"https://static.www.nfl.com/image/upload/f_auto,q_auto/league/vvwim9hpgq1zs3bufmr0",ATL,1,1,0,0,0,0,0,0,0,0,0,0,0,0,0,0,0,0,0,0,0,0
2024,REG+POST,00-0036356,I.Simmons,Isaiah Simmons,9,MLB,LB,"https://static.www.nfl.com/image/upload/f_auto,q_auto/league/ea1ymycexcik2wfiimhw",NYG,10,9,1,7,0,0,1,0,0,1,0,0,2,0,0,0,0,0,0,0,0,0
2024,REG+POST,00-0036358,C.Lamb,CeeDee Lamb,1,WR,WR,"https://static.www.nfl.com/image/upload/f_auto,q_auto/league/tfuj9njqdw2dovkwhryc",CIN,1,1,0,0,0,0,0,0,0,0,0,0,0,0,0,0,0,0,0,0,0,0
2024,REG+POST,00-0036358,C.Lamb,CeeDee Lamb,1,WR,WR,"https://static.www.nfl.com/image/upload/f_auto,q_auto/league/tfuj9njqdw2dovkwhryc",NO,1,1,0,0,0,0,0,0,0,0,0,0,0,0,0,0,0,0,0,0,0,0
2024,REG+POST,00-0036358,C.Lamb,CeeDee Lamb,1,WR,WR,"https://static.www.nfl.com/image/upload/f_auto,q_auto/league/tfuj9njqdw2dovkwhryc",SF,1,1,0,0,0,0,0,0,0,0,0,0,0,0,0,0,0,0,0,0,0,0
2024,REG+POST,00-0036361,T.Diggs,Trevon Diggs,11,CB,DB,"https://static.www.nfl.com/image/upload/f_auto,q_auto/league/a473plmxgavkmt23up8w",DAL,35,32,3,7,0,0,0,0,0,0,2,1,11,0,0,0,0,0,0,0,2,20
2024,REG+POST,00-0036362,W.Gay,Willie Gay,11,ILB,LB,"https://static.www.nfl.com/image/upload/f_auto,q_auto/league/ijgqwyeuc7umltdf9dao",NO,16,15,1,6,2,0,1,2,8,1,0,0,3,0,0,0,0,2,4,0,0,0
2024,REG+POST,00-0036366,N.Gallimore,Neville Gallimore,11,NT,DL,"https://static.www.nfl.com/image/upload/f_auto,q_auto/league/jjrzqppvoy8vbhiutdsb",LA,10,7,3,15,2,0,0,2.5,19.5,4,0,0,0,0,0,0,0,0,0,1,0,0
2024,REG+POST,00-0036369,J.Simpson,John Simpson,1,G,OL,"https://static.www.nfl.com/image/upload/f_auto,q_auto/league/zdcuqnjbvqtyte2wxlyy",MIA,0,0,0,1,0,0,0,0,0,0,0,0,0,0,0,0,0,0,0,0,0,0
2024,REG+POST,00-0036371,L.Fotu,Leki Fotu,1,NT,DL,"https://static.www.nfl.com/image/upload/f_auto,q_auto/league/wlccptpeprzujtvqf0w3",NYJ,1,1,0,2,0,0,0,0,0,0,0,0,0,0,0,0,0,0,0,0,0,0
2024,REG+POST,00-0036374,L.Sneed,L'Jarius Sneed,5,CB,DB,"https://static.www.nfl.com/image/upload/f_auto,q_auto/league/uq5qstdlfazpw0dmu6ee",TEN,19,18,1,4,2,3,0,0,0,0,0,0,0,0,0,0,0,0,0,0,3,53
2024,REG+POST,00-0036375,A.Robertson,Amik Robertson,17,CB,DB,"https://static.www.nfl.com/image/upload/f_auto,q_auto/league/s1s05itajekmsto2zash",DET,41,41,0,10,4,2,3,0,0,0,0,0,8,0,0,0,0,0,0,0,2,15
2024,REG+POST,00-0036376,T.Biadasz,Tyler Biadasz,1,C,OL,"https://static.www.nfl.com/image/upload/f_auto,q_auto/league/ls6xqzbvxs8pwkhwjwph",ATL,0,0,0,1,0,0,0,0,0,0,0,0,0,0,0,0,0,0,0,0,0,0
2024,REG+POST,00-0036378,M.Danna,Michael Danna,15,DE,DL,"https://static.www.nfl.com/image/private/f_auto,q_auto/league/oiywq8es1rm2rjnpbouw",KC,22,20,2,26,6,3,3,4.5,41,10,0,0,1,0,0,0,0,0,0,0,1,5
2024,REG+POST,00-0036380,A.Gilman,Alohi Gilman,12,SS,DB,"https://static.www.nfl.com/image/upload/f_auto,q_auto/league/art29msb8cif1rzoowih",LAC,38,31,7,21,1,4,1,1,0,0,1,18,5,0,0,0,0,0,0,0,3,11
2024,REG+POST,00-0036388,X.McKinney,Xavier McKinney,18,FS,DB,"https://static.www.nfl.com/image/upload/f_auto,q_auto/league/vvjc67dqz3mjghgkdr8v",GB,61,56,5,29,2,4,0,1,8,1,8,128,11,0,1,0,0,1,7,0,1,15
2024,REG+POST,00-0036389,J.Hurts,Jalen Hurts,1,QB,QB,"https://static.www.nfl.com/image/upload/f_auto,q_auto/league/k2p5yb4qmqwoo3qcapgt",NO,1,1,0,0,0,0,0,0,0,0,0,0,0,0,0,0,0,0,0,0,0,0
2024,REG+POST,00-0036394,D.Holmes,Darnay Holmes,7,CB,DB,"https://static.www.nfl.com/image/upload/f_auto,q_auto/league/ge044dmlujcty4psoget",LV,14,13,1,16,2,2,0,1,8,1,0,0,3,0,0,0,0,0,0,0,2,17
2024,REG+POST,00-0036395,K.Wallace,K'Von Wallace,6,FS,DB,"https://static.www.nfl.com/image/upload/f_auto,q_auto/league/ytpbcdbdwwlysnjj6uwb",SEA,7,6,1,3,0,0,1,0,0,0,0,0,0,0,0,0,0,0,0,0,0,0
2024,REG+POST,00-0036403,C.Toohill,Casey Toohill,11,DE,DL,"https://static.www.nfl.com/image/upload/f_auto,q_auto/league/coyl0v90radu8roiklzo",BUF,8,5,3,10,2,1,0,1,8,1,0,0,1,0,0,0,0,1,0,0,0,0
2024,REG+POST,00-0036406,T.Wirfs,Tristan Wirfs,1,T,OL,"https://static.www.nfl.com/image/upload/f_auto,q_auto/league/u3cdeldl9ofkt4zw4bbv",CAR,1,1,0,0,0,0,0,0,0,0,0,0,0,0,0,0,0,0,0,0,0,0
2024,REG+POST,00-0036406,T.Wirfs,Tristan Wirfs,1,T,OL,"https://static.www.nfl.com/image/upload/f_auto,q_auto/league/u3cdeldl9ofkt4zw4bbv",DEN,0,0,0,1,0,0,0,0,0,0,0,0,0,0,0,0,0,0,0,0,0,0
2024,REG+POST,00-0036407,J.Jeudy,Jerry Jeudy,1,WR,WR,"https://static.www.nfl.com/image/upload/f_auto,q_auto/league/szca1v9butuqkjs7ekpm",MIA,1,1,0,0,0,0,0,0,0,0,0,0,0,0,0,0,0,0,0,0,0,0
2024,REG+POST,00-0036409,J.Brooks,Jordyn Brooks,17,ILB,LB,"https://static.www.nfl.com/image/upload/f_auto,q_auto/league/yabkueqp2iy9gsvqmjcq",MIA,86,75,11,56,11,17,0,3,19,6,0,0,6,0,0,0,0,2,23,0,1,9
2024,REG+POST,00-0036410,T.Higgins,Tee Higgins,1,WR,WR,"https://static.www.nfl.com/image/upload/f_auto,q_auto/league/swqgkrdmjecz3vumrex5",PIT,1,1,0,0,0,0,0,0,0,0,0,0,0,0,0,0,0,0,0,0,0,0
2024,REG+POST,00-0036411,A.Winfield,Antoine Winfield,9,FS,DB,"https://static.www.nfl.com/image/upload/f_auto,q_auto/league/ljw68n2jwngfvfzjozr5",TB,37,34,3,30,2,0,0,2,11,4,0,0,3,1,0,0,0,1,58,0,3,40
2024,REG+POST,00-0036413,D.Taylor,Darrell Taylor,16,DE,DL,"https://static.www.nfl.com/image/upload/f_auto,q_auto/league/jwqkgt11sltsuc8ryccu",CHI,20,16,4,12,3,0,2,3,25,9,0,0,2,0,0,0,0,0,0,0,3,25
2024,REG+POST,00-0036414,C.Akers,Cam Akers,1,RB,RB,"https://static.www.nfl.com/image/upload/f_auto,q_auto/league/dutj0wamu7giwghnmr4m",MIN,0,0,0,1,0,0,0,0,0,0,0,0,0,0,0,0,0,0,0,0,0,0
2024,REG+POST,00-0036416,K.Fulton,Kristian Fulton,14,CB,DB,"https://static.www.nfl.com/image/upload/f_auto,q_auto/league/pcucmujvuzuhnyqucply",LAC,42,37,5,12,3,1,0,0,0,0,1,29,7,0,1,0,0,0,0,0,5,47
2024,REG+POST,00-0036417,D.Lewis,Damien Lewis,1,G,OL,"https://static.www.nfl.com/image/upload/f_auto,q_auto/league/lmhfsekpu98or1nsne1g",WAS,1,1,0,0,0,0,0,0,0,0,0,0,0,0,0,0,0,0,0,0,0,0
2024,REG+POST,00-0036418,Z.Baun,Zack Baun,20,OLB,LB,"https://static.www.nfl.com/image/upload/f_auto,q_auto/league/a5af4wko6icpw9gemzk5",PHI,111,99,12,71,13,19,6,3.5,23,6,3,16,7,0,0,0,0,3,0,0,2,31
2024,REG+POST,00-0036427,T.Johnson,Tyler Johnson,1,WR,WR,"https://static.www.nfl.com/image/upload/f_auto,q_auto/league/vktiajeyqc8s9s6mjws7",SEA,1,1,0,0,0,0,0,0,0,0,0,0,0,0,0,0,0,0,0,0,0,0
2024,REG+POST,00-0036428,J.Strnad,Justin Strnad,15,ILB,LB,"https://static.www.nfl.com/image/upload/f_auto,q_auto/league/stbosgbam9spl9ig7kiq",DEN,50,37,13,24,8,10,0,3,8,4,0,0,3,0,0,0,0,0,0,0,3,16
2024,REG+POST,00-0036429,C.Woerner,Charlie Woerner,1,TE,TE,"https://static.www.nfl.com/image/upload/f_auto,q_auto/league/hllqdtlyjbs2gbdgn6lj",CAR,1,1,0,0,0,0,0,0,0,0,0,0,0,0,0,0,0,0,0,0,0,0
2024,REG+POST,00-0036429,C.Woerner,Charlie Woerner,1,TE,TE,"https://static.www.nfl.com/image/upload/f_auto,q_auto/league/hllqdtlyjbs2gbdgn6lj",LV,1,1,0,0,0,0,0,0,0,0,0,0,0,0,0,0,0,0,0,0,0,0
2024,REG+POST,00-0036430,K.Davis,Khalil Davis,6,DT,DL,"https://static.www.nfl.com/image/upload/f_auto,q_auto/league/foksxh5i35k2ugmo1cqg",HOU,6,4,2,3,4,5,0,1,5,2,0,0,0,0,0,0,0,0,0,0,0,0
2024,REG+POST,00-0036430,K.Davis,Khalil Davis,2,DT,DL,"https://static.www.nfl.com/image/upload/f_auto,q_auto/league/foksxh5i35k2ugmo1cqg",SF,1,1,0,2,0,0,0,0,0,0,0,0,0,0,0,0,0,0,0,0,0,0
2024,REG+POST,00-0036431,J.Fuller,Jordan Fuller,9,FS,DB,"https://static.www.nfl.com/image/upload/f_auto,q_auto/league/bkiajklnlq0drvpzde78",CAR,28,27,1,26,0,0,1,0,0,0,0,0,1,0,0,0,0,0,0,0,0,0
2024,REG+POST,00-0036441,K.Murray,Kenneth Murray,14,ILB,LB,"https://static.www.nfl.com/image/upload/f_auto,q_auto/league/fqxxaft8jb0zttyzuekn",TEN,57,51,6,38,8,6,1,3.5,13,5,1,6,2,0,0,0,0,0,0,0,4,59
2024,REG+POST,00-0036479,K.Paye,Kwity Paye,14,DE,DL,"https://static.www.nfl.com/image/upload/f_auto,q_auto/league/fcvpxtgqkimjwjsjcpwq",IND,29,22,7,12,10,4,1,8,46,12,0,0,1,0,0,0,0,0,0,0,0,0
2024,REG+POST,00-0036480,D.Odeyingbo,Dayo Odeyingbo,17,DE,DL,"https://static.www.nfl.com/image/upload/f_auto,q_auto/league/adsbcrdwnspjtsncl5y2",IND,13,9,4,18,7,5,2,3,19.5,17,0,0,0,0,0,0,0,1,0,0,2,18
2024,REG+POST,00-0036500,J.Sherwood,Jamien Sherwood,17,ILB,LB,"https://static.www.nfl.com/image/upload/f_auto,q_auto/league/zlyaovcx4efymsjlpjus",NYJ,95,80,15,59,10,10,0,2,11,2,0,0,3,0,0,0,0,0,0,0,1,15
2024,REG+POST,00-0036501,M.Carter,Michael Carter,11,CB,DB,"https://static.www.nfl.com/image/private/f_auto,q_auto/league/admwfoo0pgl2z2zvqcp2",NYJ,20,16,4,3,1,0,0,0,0,0,0,0,1,0,0,0,0,1,7,0,1,14
2024,REG+POST,00-0036502,J.Pinnock,Jason Pinnock,16,SS,DB,"https://static.www.nfl.com/image/upload/f_auto,q_auto/league/on29awacb9frijyggtgt",NYG,51,45,6,34,4,3,0,3,13,3,0,0,1,0,0,0,0,0,0,0,1,5
2024,REG+POST,00-0036504,B.Echols,Brandin Echols,9,CB,DB,"https://static.www.nfl.com/image/upload/f_auto,q_auto/league/g5fplq0rrij8pw6hkffb",NYJ,28,25,3,8,1,1,0,0,0,0,2,0,3,0,0,0,0,0,0,0,0,0
2024,REG+POST,00-0036510,K.Yeboah,Kenny Yeboah,1,TE,TE,"https://static.www.nfl.com/image/upload/f_auto,q_auto/league/zjdw9hyw3jc7pmjf5nbv",NYJ,0,0,0,0,0,0,0,0,0,0,0,0,0,0,0,0,0,0,0,0,1,15
2024,REG+POST,00-0036527,D.Turner,D.J. Turner,1,WR,WR,"https://static.www.nfl.com/image/upload/f_auto,q_auto/league/os5eurhh1y45sixa8phl",CIN,0,0,0,1,0,0,0,0,0,0,0,0,0,0,0,0,0,0,0,0,0,0
2024,REG+POST,00-0036527,D.Turner,D.J. Turner,1,WR,WR,"https://static.www.nfl.com/image/upload/f_auto,q_auto/league/os5eurhh1y45sixa8phl",LA,1,1,0,0,0,0,0,0,0,0,0,0,0,0,0,0,0,0,0,0,0,0
2024,REG+POST,00-0036550,R.Bateman,Rashod Bateman,1,WR,WR,"https://static.www.nfl.com/image/upload/f_auto,q_auto/league/jkcapzvd65fxivefjv8l",BUF,1,1,0,0,0,0,0,0,0,0,0,0,0,0,0,0,0,0,0,0,0,0
2024,REG+POST,00-0036550,R.Bateman,Rashod Bateman,1,WR,WR,"https://static.www.nfl.com/image/upload/f_auto,q_auto/league/jkcapzvd65fxivefjv8l",LV,1,1,0,0,0,0,0,0,0,0,0,0,0,0,0,0,0,0,0,0,0,0
2024,REG+POST,00-0036551,A.Banks,Aaron Banks,1,G,OL,"https://static.www.nfl.com/image/upload/f_auto,q_auto/league/oe8sqkw3aeh1nvfofzqk",MIN,0,0,0,1,0,0,0,0,0,0,0,0,0,0,0,0,0,0,0,0,0,0
2024,REG+POST,00-0036552,A.Ojulari,Azeez Ojulari,10,DE,DL,"https://static.www.nfl.com/image/upload/f_auto,q_auto/league/ti7us5ij02gaysnn726t",NYG,12,12,0,16,7,4,0,6,31,10,0,0,0,0,0,0,0,1,0,0,1,0
2024,REG+POST,00-0036553,C.Basham,Carlos Basham,4,OLB,LB,"https://static.www.nfl.com/image/upload/f_auto,q_auto/league/stlyey1t2lotlwldzprf",NYG,1,1,0,8,1,1,0,0,0,1,0,0,1,0,0,0,0,0,0,0,1,5
2024,REG+POST,00-0036554,N.Collins,Nico Collins,1,WR,WR,"https://static.www.nfl.com/image/upload/f_auto,q_auto/league/q7c9aq8rpremfygslmya",KC,1,1,0,0,0,0,0,0,0,0,0,0,0,0,0,0,0,0,0,0,0,0
2024,REG+POST,00-0036554,N.Collins,Nico Collins,1,WR,WR,"https://static.www.nfl.com/image/upload/f_auto,q_auto/league/q7c9aq8rpremfygslmya",MIN,0,0,0,1,0,0,0,0,0,0,0,0,0,0,0,0,0,0,0,0,0,0
2024,REG+POST,00-0036561,K.Taylor,Keith Taylor,3,CB,DB,"https://static.www.nfl.com/image/upload/f_auto,q_auto/league/rz4iqts9nnuktkhczpah",KC,3,3,0,1,0,0,0,0,0,0,0,0,0,0,0,0,0,0,0,0,0,0
2024,REG+POST,00-0036563,D.Lenoir,Deommodore Lenoir,15,CB,DB,"https://static.www.nfl.com/image/upload/f_auto,q_auto/league/p3i2vathgbtmnomt3eip",SF,53,46,7,32,2,2,1,0,0,0,2,33,9,0,0,0,0,0,0,0,2,28
2024,REG+POST,00-0036564,T.Hufanga,Talanoa Hufanga,7,SS,DB,"https://static.www.nfl.com/image/upload/f_auto,q_auto/league/pjr0tv1cmklqerjjoapa",SF,20,17,3,18,2,3,0,0,0,0,0,0,0,0,0,0,0,0,0,0,1,15
2024,REG+POST,00-0036568,R.Lopez,Roy Lopez,14,NT,DL,"https://static.www.nfl.com/image/upload/f_auto,q_auto/league/ecpsgos6q9s9dri3hogs",ARI,10,9,1,18,4,6,1,1,10,3,0,0,3,0,0,0,0,1,0,0,1,5
2024,REG+POST,00-0036587,A.Washington,Ar'Darius Washington,19,FS,DB,"https://static.www.nfl.com/image/upload/f_auto,q_auto/league/ptjh8ufk5zfpdc0yrpeq",BAL,50,47,3,23,5,7,1,1,7,2,2,33,8,0,0,0,0,0,0,0,0,0
2024,REG+POST,00-0036589,N.McCloud,Nick McCloud,5,CB,DB,"https://static.www.nfl.com/image/upload/f_auto,q_auto/league/pk0edmqqhgs2sowt4ink",NYG,9,8,1,4,1,1,0,0,0,0,0,0,1,0,0,0,0,0,0,0,0,0
2024,REG+POST,00-0036589,N.McCloud,Nick McCloud,4,CB,DB,"https://static.www.nfl.com/image/upload/f_auto,q_auto/league/pk0edmqqhgs2sowt4ink",SF,4,3,1,6,0,0,0,0,0,0,0,0,0,0,0,0,0,0,0,0,1,10
2024,REG+POST,00-0036590,Q.Morris,Quintin Morris,2,TE,TE,"https://static.www.nfl.com/image/upload/f_auto,q_auto/league/ftrqrbuqecl9yhcqrcmw",BUF,0,0,0,0,0,0,0,0,0,0,0,0,0,0,0,0,0,0,0,0,2,13
2024,REG+POST,00-0036613,J.Waddle,Jaylen Waddle,1,WR,WR,"https://static.www.nfl.com/image/private/f_auto,q_auto/league/qjsz2h6shbdnksctzeka",NYJ,1,1,0,0,0,0,0,0,0,0,0,0,0,0,0,0,0,0,0,0,0,0
2024,REG+POST,00-0036614,J.Davis,Jamin Davis,2,OLB,LB,"https://static.www.nfl.com/image/upload/f_auto,q_auto/league/z1vxzvg3u8qrt6tiwhga",MIN,3,3,0,0,1,0,0,1,6,1,0,0,0,0,0,0,0,0,0,0,1,5
2024,REG+POST,00-0036614,J.Davis,Jamin Davis,5,OLB,LB,"https://static.www.nfl.com/image/upload/f_auto,q_auto/league/z1vxzvg3u8qrt6tiwhga",WAS,7,7,0,5,1,4,0,0,0,0,0,0,0,0,0,0,0,0,0,0,0,0
2024,REG+POST,00-0036615,C.Farley,Caleb Farley,6,CB,DB,"https://static.www.nfl.com/image/upload/f_auto,q_auto/league/tf3zbqnwrdquu2gnswzg",CAR,9,8,1,3,0,0,0,0,0,0,0,0,0,0,0,0,0,0,0,0,1,15
2024,REG+POST,00-0036616,C.Darrisaw,Christian Darrisaw,1,T,OL,"https://static.www.nfl.com/image/private/f_auto,q_auto/league/sd55s8v5eiaq9i3sr9gk",SF,0,0,0,1,0,0,0,0,0,0,0,0,0,0,0,0,0,0,0,0,0,0
2024,REG+POST,00-0036617,A.Samuel,Asante Samuel,4,CB,DB,"https://static.www.nfl.com/image/private/f_auto,q_auto/league/hrnnoumk2vtrx9yhqs6n",LAC,11,11,0,2,0,0,0,0,0,0,0,0,2,0,0,0,0,0,0,0,1,4
2024,REG+POST,00-0036619,D.Radunz,Dillon Radunz,1,T,OL,"https://static.www.nfl.com/image/upload/f_auto,q_auto/league/tfmsc9jipbzj66mfrbl6",DET,1,1,0,0,0,0,0,0,0,0,0,0,0,0,0,0,0,0,0,0,0,0
2024,REG+POST,00-0036621,N.Bolton,Nick Bolton,19,ILB,LB,"https://static.www.nfl.com/image/upload/f_auto,q_auto/league/ystbhd2gmugyrwvrh7ms",KC,84,76,8,42,13,13,1,3,28,8,1,0,7,0,0,0,0,2,0,0,3,35
2024,REG+POST,00-0036622,J.Myers,Josh Myers,1,C,OL,"https://static.www.nfl.com/image/upload/f_auto,q_auto/league/qy9bh2ybwsujmpz3orsb",MIN,0,0,0,1,0,0,0,0,0,0,0,0,0,0,0,0,0,0,0,0,0,0
2024,REG+POST,00-0036624,A.McNeill,Alim McNeill,12,DT,DL,"https://static.www.nfl.com/image/upload/f_auto,q_auto/league/f3ytkvudrfwmaclberk9",DET,17,15,2,8,7,11,1,3.5,29,7,0,0,1,0,0,0,0,0,0,0,1,15
2024,REG+POST,00-0036625,B.St-Juste,Benjamin St-Juste,18,CB,DB,"https://static.www.nfl.com/image/upload/f_auto,q_auto/league/vdgtpnhmwjqdlegth3l9",WAS,58,55,3,15,0,0,1,0,0,0,0,0,6,0,0,0,0,0,0,0,8,84
2024,REG+POST,00-0036626,D.Brown,Dyami Brown,1,WR,WR,"https://static.www.nfl.com/image/upload/f_auto,q_auto/league/mibh7ud59ygmzm19ivac",PHI,1,1,0,0,0,0,0,0,0,0,0,0,0,0,0,0,0,0,0,0,0,0
2024,REG+POST,00-0036626,D.Brown,Dyami Brown,1,WR,WR,"https://static.www.nfl.com/image/upload/f_auto,q_auto/league/mibh7ud59ygmzm19ivac",TEN,1,1,0,0,0,0,0,0,0,0,0,0,0,0,0,0,0,0,0,0,0,0
2024,REG+POST,00-0036629,C.Bynum,Camryn Bynum,18,FS,DB,"https://static.www.nfl.com/image/upload/f_auto,q_auto/league/zhej6yhknmhqxvhzimww",MIN,55,47,8,44,2,4,0,0,0,0,3,3,10,0,0,0,0,2,0,0,0,0
2024,REG+POST,00-0036634,T.Fields,Tony Fields,1,OLB,LB,"https://static.www.nfl.com/image/upload/f_auto,q_auto/league/dwjp5xpbs6yiekcfjxkx",CLE,1,1,0,1,0,0,0,0,0,0,0,0,0,0,0,0,0,0,0,0,1,10
2024,REG+POST,00-0036638,D.Forrest,Darrick Forrest,3,FS,DB,"https://static.www.nfl.com/image/upload/f_auto,q_auto/league/ijb1sex103isef6mitki",WAS,5,5,0,5,0,0,0,0,0,0,0,0,0,0,0,0,0,0,0,0,0,0
2024,REG+POST,00-0036642,T.Slaton,Tedarrell Slaton,15,DT,DL,"https://static.www.nfl.com/image/private/f_auto,q_auto/league/a2xoezbu6p8rg0dfl7fz",GB,17,12,5,16,3,6,0,1,1,3,0,0,0,0,0,0,0,0,0,0,4,28
2024,REG+POST,00-0036643,K.Britt,K.J. Britt,14,ILB,LB,"https://static.www.nfl.com/image/upload/f_auto,q_auto/league/gr65w5dpj6ghciuqqbgu",TB,43,34,9,34,2,1,0,0.5,4.5,1,0,0,1,0,0,0,0,0,0,0,2,30
2024,REG+POST,00-0036645,S.Jean-Charles,Shemar Jean-Charles,4,CB,DB,"https://static.www.nfl.com/image/upload/f_auto,q_auto/league/e3h2aavzqlsl2qf4n8gk",NO,5,5,0,5,0,0,0,0,0,0,1,0,2,0,0,0,0,0,0,0,0,0
2024,REG+POST,00-0036648,N.Niemann,Nick Niemann,3,ILB,LB,"https://static.www.nfl.com/image/upload/f_auto,q_auto/league/sc7lt8n8cyjth703yrdv",LAC,5,5,0,5,0,0,0,0,0,0,0,0,1,0,0,0,0,0,0,0,0,0
2024,REG+POST,00-0036658,I.McDuffie,Isaiah McDuffie,17,ILB,LB,"https://static.www.nfl.com/image/upload/f_auto,q_auto/league/h8fco76acxepfxcsrruf",GB,45,39,6,55,3,3,1,1,1.5,4,0,0,3,0,0,0,0,0,0,0,0,0
2024,REG+POST,00-0036660,T.Smith,Trey Smith,1,G,OL,"https://static.www.nfl.com/image/private/f_auto,q_auto/league/gkonw504ovpjytykv80c",CIN,1,1,0,0,0,0,0,0,0,0,0,0,0,0,0,0,0,0,0,0,0,0
2024,REG+POST,00-0036661,I.Mukuamu,Israel Mukuamu,10,FS,DB,"https://static.www.nfl.com/image/upload/f_auto,q_auto/league/sviaui62m6fypbjzyzro",DAL,10,10,0,5,0,0,0,0,0,1,2,20,2,0,0,0,0,0,0,0,2,20
2024,REG+POST,00-0036672,G.Stuard,Grant Stuard,8,MLB,LB,"https://static.www.nfl.com/image/upload/f_auto,q_auto/league/yjlbdvr9fdzl60qccq0q",IND,23,16,7,14,2,0,0,0,0,0,0,0,0,0,0,0,0,0,0,0,0,0
2024,REG+POST,00-0036677,Z.Anderson,Zayne Anderson,2,FS,DB,"https://static.www.nfl.com/image/upload/f_auto,q_auto/league/og8toa4bqadw8o1qyuxq",GB,4,4,0,3,0,0,0,0,0,0,1,18,2,0,0,0,0,0,0,0,0,0
2024,REG+POST,00-0036682,M.Herring,Malik Herring,6,DE,DL,"https://static.www.nfl.com/image/upload/f_auto,q_auto/league/p0cfbqpttodraevx49gu",KC,7,5,2,5,1,3,0,0,0,3,0,0,0,0,0,0,0,0,0,0,0,0
2024,REG+POST,00-0036683,D.Key,Devon Key,8,SS,DB,"https://static.www.nfl.com/image/upload/f_auto,q_auto/league/tsuzbweughidotzryg6s",DEN,12,12,0,13,1,1,0,1,0,1,0,0,0,0,0,0,0,0,0,0,1,15
2024,REG+POST,00-0036695,N.Jones,Naquan Jones,11,DT,DL,"https://static.www.nfl.com/image/upload/f_auto,q_auto/league/lxqini9ufcxz1teq7ztu",ARI,11,10,1,16,4,1,0,3,21,4,0,0,2,0,0,0,0,0,0,0,0,0
2024,REG+POST,00-0036705,S.Kamara,Sam Kamara,6,OLB,LB,"https://static.www.nfl.com/image/private/f_auto,q_auto/league/aakuha494hvtrja3dwjn",CLE,9,6,3,4,1,2,0,0,0,0,0,0,0,0,0,0,0,0,0,0,0,0
2024,REG+POST,00-0036711,C.Snowden,Charles Snowden,15,DE,DL,"https://static.www.nfl.com/image/upload/f_auto,q_auto/league/yx7j4rolgmewgbf02bg2",LV,18,16,2,21,3,1,0,1.5,13.5,7,0,0,4,0,0,0,0,0,0,0,2,5
2024,REG+POST,00-0036716,A.Ogbongbemiga,Amen Ogbongbemiga,3,ILB,LB,"https://static.www.nfl.com/image/upload/f_auto,q_auto/league/ku8hafkvbxcxwxddutoc",CHI,2,2,0,0,1,0,0,1,10,1,0,0,0,0,0,0,0,0,0,0,1,5
2024,REG+POST,00-0036727,A.Prentice,Adam Prentice,1,FB,RB,"https://static.www.nfl.com/image/upload/f_auto,q_auto/league/yiwqv2dccizjdkw1dmye",GB,0,0,0,1,0,0,0,0,0,0,0,0,0,0,0,0,0,0,0,0,0,0
2024,REG+POST,00-0036813,C.Elliss,Christian Elliss,12,ILB,LB,"https://static.www.nfl.com/image/upload/f_auto,q_auto/league/glfyookel29qpl2ksyuv",NE,37,34,3,35,1,0,0,1.5,13.5,5,1,6,5,0,0,0,0,0,0,0,3,23
2024,REG+POST,00-0036825,F.Franks,Feleipe Franks,1,TE,TE,"https://static.www.nfl.com/image/upload/f_auto,q_auto/league/ylaifrye1yyefjfqknma",CAR,0,0,0,0,0,0,0,0,0,0,0,0,0,0,0,0,0,0,0,0,1,15
2024,REG+POST,00-0036843,I.Loudermilk,Isaiahh Loudermilk,12,DE,DL,"https://static.www.nfl.com/image/upload/f_auto,q_auto/league/pba4pz874vn5eh9eacz1",PIT,12,10,2,8,0,0,0,0,0,0,0,0,1,0,0,0,0,0,0,0,0,0
2024,REG+POST,00-0036849,T.Atwell,Tutu Atwell,1,WR,WR,"https://static.www.nfl.com/image/upload/f_auto,q_auto/league/hpvbp9pn7ifbh62nde0n",CHI,1,1,0,0,0,0,0,0,0,0,0,0,0,0,0,0,0,0,0,0,0,0
2024,REG+POST,00-0036865,J.Carman,Jackson Carman,1,T,OL,"https://static.www.nfl.com/image/upload/f_auto,q_auto/league/jiqm430wyjuosgwzsoez",HOU,1,1,0,0,0,0,0,0,0,0,0,0,0,0,0,0,0,0,0,0,0,0
2024,REG+POST,00-0036871,N.Hobbs,Nate Hobbs,11,CB,DB,"https://static.www.nfl.com/image/upload/f_auto,q_auto/league/rdt5ir3qaznnx7o4vkcu",LV,33,27,6,16,2,0,0,0,0,1,1,35,5,0,0,0,0,0,0,0,0,0
2024,REG+POST,00-0036874,P.Surtain,Patrick Surtain,17,CB,DB,"https://static.www.nfl.com/image/upload/f_auto,q_auto/league/c2aej9togglsytzzagno",DEN,38,38,0,12,1,0,1,0,0,0,4,132,11,1,0,0,0,1,0,0,10,109
2024,REG+POST,00-0036876,K.Granson,Kylen Granson,1,TE,TE,"https://static.www.nfl.com/image/upload/f_auto,q_auto/league/rydvwc7sqwucvx14s8b4",GB,1,1,0,0,0,0,0,0,0,0,0,0,0,0,0,0,0,0,0,0,0,0
2024,REG+POST,00-0036876,K.Granson,Kylen Granson,1,TE,TE,"https://static.www.nfl.com/image/upload/f_auto,q_auto/league/rydvwc7sqwucvx14s8b4",HOU,1,1,0,0,0,0,0,0,0,0,0,0,0,0,0,0,0,0,0,0,0,0
2024,REG+POST,00-0036878,J.Robinson,Janarius Robinson,8,DE,DL,"https://static.www.nfl.com/image/upload/f_auto,q_auto/league/kicgfneun3hylkdq0qbk",LV,2,1,1,3,0,0,0,0.5,4.5,2,0,0,1,0,0,0,0,0,0,0,3,24
2024,REG+POST,00-0036881,J.Tufele,Jay Tufele,9,DT,DL,"https://static.www.nfl.com/image/upload/f_auto,q_auto/league/zs3mefncmvhlo0amwb3u",CIN,5,4,1,10,1,2,0,0.5,0.5,2,0,0,1,0,0,0,0,0,0,0,1,5
2024,REG+POST,00-0036883,T.Togiai,Tommy Togiai,9,DT,DL,"https://static.www.nfl.com/image/upload/f_auto,q_auto/league/zkmw84sgznjizmkzwy6b",HOU,12,11,1,18,3,0,0,2.5,12.5,3,0,0,2,0,0,0,0,0,0,0,1,6
2024,REG+POST,00-0036884,M.Wilson,Marco Wilson,3,CB,DB,"https://static.www.nfl.com/image/upload/f_auto,q_auto/league/wu3tnzlteklzvreqel4m",CIN,2,2,0,0,0,0,0,0,0,0,0,0,1,0,0,0,0,0,0,0,2,6
2024,REG+POST,00-0036884,M.Wilson,Marco Wilson,9,CB,DB,"https://static.www.nfl.com/image/upload/f_auto,q_auto/league/wu3tnzlteklzvreqel4m",NE,8,8,0,7,0,0,0,0,0,0,0,0,1,0,0,0,0,0,0,0,2,32
2024,REG+POST,00-0036885,T.Brown,Tre Brown,9,CB,DB,"https://static.www.nfl.com/image/upload/f_auto,q_auto/league/dpemqrrweakt8dci3qfb",SEA,19,17,2,4,0,0,0,0,0,0,0,0,1,0,0,0,0,0,0,0,5,38
2024,REG+POST,00-0036887,L.Farrell,Luke Farrell,1,TE,TE,"https://static.www.nfl.com/image/upload/f_auto,q_auto/league/f2z7wpmx7ngtxcqqedla",BUF,1,1,0,0,0,0,0,0,0,0,0,0,0,0,0,0,0,0,0,0,0,0
2024,REG+POST,00-0036887,L.Farrell,Luke Farrell,1,TE,TE,"https://static.www.nfl.com/image/upload/f_auto,q_auto/league/f2z7wpmx7ngtxcqqedla",DET,1,1,0,0,0,0,0,0,0,0,0,0,0,0,0,0,0,0,0,0,0,0
2024,REG+POST,00-0036888,D.Hamlin,Damar Hamlin,17,SS,DB,"https://static.www.nfl.com/image/upload/f_auto,q_auto/league/cwvlj0eutfveomf4zica",BUF,68,58,10,35,4,3,1,1,9,1,2,19,5,0,0,0,0,1,0,0,2,9
2024,REG+POST,00-0036895,E.Smith,Elerson Smith,2,OLB,LB,"https://static.www.nfl.com/image/upload/f_auto,q_auto/league/kgilw8ty3eiv8qknp8p3",CLE,1,1,0,1,0,0,0,0,0,0,0,0,0,0,0,0,0,0,0,0,0,0
2024,REG+POST,00-0036896,V.Dimukeje,Victor Dimukeje,6,OLB,LB,"https://static.www.nfl.com/image/upload/f_auto,q_auto/league/otvxet3jxe3ldzsrnwi0",ARI,6,6,0,3,2,4,1,0,0,6,0,0,0,0,0,0,0,0,0,0,0,0
2024,REG+POST,00-0036900,J.Chase,Ja'Marr Chase,1,WR,WR,"https://static.www.nfl.com/image/upload/f_auto,q_auto/league/qkcb3qt2fhasfgtfuprd",BAL,1,1,0,0,0,0,0,0,0,0,0,0,0,0,0,0,0,0,0,0,0,0
2024,REG+POST,00-0036900,J.Chase,Ja'Marr Chase,1,WR,WR,"https://static.www.nfl.com/image/upload/f_auto,q_auto/league/qkcb3qt2fhasfgtfuprd",CAR,1,1,0,0,0,0,0,0,0,0,0,0,0,0,0,0,0,0,0,0,0,0
2024,REG+POST,00-0036900,J.Chase,Ja'Marr Chase,1,WR,WR,"https://static.www.nfl.com/image/upload/f_auto,q_auto/league/qkcb3qt2fhasfgtfuprd",DAL,1,1,0,0,0,0,0,0,0,0,0,0,0,0,0,0,0,0,0,0,0,0
2024,REG+POST,00-0036900,J.Chase,Ja'Marr Chase,1,WR,WR,"https://static.www.nfl.com/image/upload/f_auto,q_auto/league/qkcb3qt2fhasfgtfuprd",NE,1,0,1,0,0,0,0,0,0,0,0,0,0,0,0,0,0,0,0,0,0,0
2024,REG+POST,00-0036900,J.Chase,Ja'Marr Chase,1,WR,WR,"https://static.www.nfl.com/image/upload/f_auto,q_auto/league/qkcb3qt2fhasfgtfuprd",PIT,1,1,0,0,0,0,0,0,0,0,0,0,0,0,0,0,0,0,0,0,0,0
2024,REG+POST,00-0036900,J.Chase,Ja'Marr Chase,1,WR,WR,"https://static.www.nfl.com/image/upload/f_auto,q_auto/league/qkcb3qt2fhasfgtfuprd",TEN,1,1,0,0,0,0,0,0,0,0,0,0,0,0,0,0,0,0,0,0,0,0
2024,REG+POST,00-0036901,E.Stokes,Eric Stokes,14,CB,DB,"https://static.www.nfl.com/image/upload/f_auto,q_auto/league/vdw6tmpv3eleigwreo3g",GB,29,26,3,12,0,0,0,0,0,0,0,0,0,0,0,0,0,0,0,0,1,12
2024,REG+POST,00-0036902,J.Ossai,Joseph Ossai,17,DE,DL,"https://static.www.nfl.com/image/upload/f_auto,q_auto/league/wgi2zlnisv68z3ksdj5h",CIN,26,25,1,20,4,0,2,5,35,15,0,0,1,0,0,0,0,0,0,0,1,15
2024,REG+POST,00-0036903,B.Brown,Bobby Brown,19,NT,DL,"https://static.www.nfl.com/image/private/f_auto,q_auto/league/k1kihk7iz8jelu8s36pk",LA,18,16,2,31,4,7,0,0,0,1,0,0,1,0,0,0,0,0,0,0,1,15
2024,REG+POST,00-0036904,R.Rochell,Robert Rochell,2,CB,DB,"https://static.www.nfl.com/image/upload/f_auto,q_auto/league/oqn1nnmeqppzkymivtfe",GB,0,0,0,0,0,0,0,0,0,0,0,0,0,0,0,0,0,0,0,0,2,14
2024,REG+POST,00-0036905,L.Borom,Larry Borom,1,T,OL,"https://static.www.nfl.com/image/upload/f_auto,q_auto/league/iun7ogjgipgkkupqhkv2",GB,1,1,0,0,0,0,0,0,0,0,0,0,0,0,0,0,0,0,0,0,0,0
2024,REG+POST,00-0036909,K.Tonga,Khyiris Tonga,10,NT,DL,"https://static.www.nfl.com/image/upload/f_auto,q_auto/league/kwionvlsxfz0vja0wmqg",ARI,6,5,1,16,0,0,0,0,0,0,0,0,0,0,0,0,0,0,0,0,0,0
2024,REG+POST,00-0036912,D.Smith,DeVonta Smith,1,WR,WR,"https://static.www.nfl.com/image/upload/f_auto,q_auto/league/bmdflwy52nsk7zpnfhwb",GB,1,1,0,0,0,0,0,0,0,0,0,0,0,0,0,0,0,0,0,0,0,0
2024,REG+POST,00-0036913,K.Toney,Kadarius Toney,1,WR,WR,"https://static.www.nfl.com/image/upload/f_auto,q_auto/league/nuwjpint0g5wejogudt4",CLE,0,0,0,0,0,0,0,0,0,0,0,0,0,0,0,0,0,0,0,0,1,15
2024,REG+POST,00-0036914,G.Rousseau,Gregory Rousseau,19,DE,DL,"https://static.www.nfl.com/image/upload/f_auto,q_auto/league/br77inyaslxmg9u3lnjq",BUF,43,38,5,20,19,28,3,10,64.5,26,0,0,3,0,0,0,0,1,0,0,1,5
2024,REG+POST,00-0036915,J.Owusu-Koramoah,Jeremiah Owusu-Koramoah,8,OLB,LB,"https://static.www.nfl.com/image/private/f_auto,q_auto/league/evmul3yfbefvmy1tc1ns",CLE,38,32,6,22,10,13,1,3,14,4,1,0,3,0,0,0,0,0,0,0,0,0
2024,REG+POST,00-0036916,M.Williams,Milton Williams,19,DT,DL,"https://static.www.nfl.com/image/upload/f_auto,q_auto/league/yvjs2olyyux0zse52c3g",PHI,16,13,3,15,9,7,2,7,54,12,0,0,3,0,0,0,0,2,0,0,4,31
2024,REG+POST,00-0036920,M.Tuipulotu,Marlon Tuipulotu,1,DT,DL,"https://static.www.nfl.com/image/upload/f_auto,q_auto/league/ywiulwavrfvslnrvy576",KC,2,1,1,2,1,7,0,0,0,0,0,0,0,0,0,0,0,0,0,0,0,0
2024,REG+POST,00-0036922,P.Johnson,Patrick Johnson,3,OLB,LB,"https://static.www.nfl.com/image/upload/f_auto,q_auto/league/ciunmgsmdq70x59njvcw",NYG,0,0,0,3,0,0,0,0,0,1,0,0,0,0,0,0,0,0,0,0,0,0
2024,REG+POST,00-0036926,P.Turner,Payton Turner,12,DE,DL,"https://static.www.nfl.com/image/upload/f_auto,q_auto/league/npz8kz981g5hthx5x60y",NO,9,8,1,10,3,2,2,2,16,3,0,0,4,0,0,0,0,0,0,0,4,38
2024,REG+POST,00-0036927,P.Werner,Pete Werner,13,ILB,LB,"https://static.www.nfl.com/image/upload/f_auto,q_auto/league/ch1d6yfkg9r6frvo0afu",NO,54,52,2,38,3,0,0,0,0,0,0,0,1,0,0,0,0,0,0,0,0,0
2024,REG+POST,00-0036932,M.Parsons,Micah Parsons,13,DE,DL,"https://static.www.nfl.com/image/upload/f_auto,q_auto/league/hqoqx0waptpv7cxzk3hi",DAL,30,27,3,13,12,6,2,12,83,23,0,0,1,0,0,0,0,0,0,0,8,40
2024,REG+POST,00-0036933,Z.Collins,Zaven Collins,16,OLB,LB,"https://static.www.nfl.com/image/upload/f_auto,q_auto/league/ucdftq4owwejdg5pueqb",ARI,33,29,4,24,7,4,2,5,49,7,0,0,1,0,0,0,0,0,0,0,3,25
2024,REG+POST,00-0036934,J.Phillips,Jaelan Phillips,3,OLB,LB,"https://static.www.nfl.com/image/upload/f_auto,q_auto/league/sftrx2swh0gwzqmxiaag",MIA,2,2,0,4,1,0,0,1,6,2,0,0,2,0,0,0,0,0,0,0,1,15
2024,REG+POST,00-0036935,K.Joseph,Kelvin Joseph,1,CB,DB,"https://static.www.nfl.com/image/upload/f_auto,q_auto/league/mdrpjtcjzd8gfzuwuy8r",IND,0,0,0,0,0,0,0,0,0,0,0,0,0,0,0,0,0,0,0,0,1,9
2024,REG+POST,00-0036937,P.Adebo,Paulson Adebo,7,CB,DB,"https://static.www.nfl.com/image/private/f_auto,q_auto/league/goeor3guwv2wismzidtg",NO,43,41,2,9,1,0,0,0,0,1,3,68,10,0,0,0,0,0,0,0,7,106
2024,REG+POST,00-0036940,O.Oweh,Odafe Oweh,18,OLB,LB,"https://static.www.nfl.com/image/upload/f_auto,q_auto/league/gbmze8wfzqj5z2tqrkmq",BAL,28,26,2,14,10,0,1,11,81,26,0,0,0,0,0,0,0,0,0,0,8,48
2024,REG+POST,00-0036941,A.Cisco,Andre Cisco,16,SS,DB,"https://static.www.nfl.com/image/upload/f_auto,q_auto/league/kjm0rjlbsazqj8p4gmza",JAX,43,41,2,24,1,3,0,0,0,0,1,22,7,0,0,0,0,0,0,0,1,1
2024,REG+POST,00-0036942,O.Odighizuwa,Osa Odighizuwa,17,DT,DL,"https://static.www.nfl.com/image/upload/f_auto,q_auto/league/mjesuvn9knbi0ipwdqhp",DAL,25,24,1,22,5,4,1,4.5,29,23,0,0,1,0,0,0,0,0,0,0,2,19
2024,REG+POST,00-0036944,J.Horn,Jaycee Horn,15,CB,DB,"https://static.www.nfl.com/image/upload/f_auto,q_auto/league/he4jyriixknmswats7qe",CAR,49,43,6,19,5,8,0,2,27,2,1,0,13,0,0,0,0,0,0,0,8,65
2024,REG+POST,00-0036948,T.Graham,Ta'Quon Graham,9,DE,DL,"https://static.www.nfl.com/image/upload/f_auto,q_auto/league/guxpxgrm0ulryqybspna",ATL,6,4,2,6,0,0,0,0,0,1,0,0,0,0,0,0,0,0,0,0,2,10
2024,REG+POST,00-0036949,A.Ogundeji,Adetokunbo Ogundeji,1,OLB,LB,"https://static.www.nfl.com/image/private/f_auto,q_auto/league/jrauxzb1zr7msoctlyfc",PIT,0,0,0,0,0,0,0,0,0,0,0,0,1,0,0,0,0,0,0,0,0,0
2024,REG+POST,00-0036952,J.Cooper,Jonathon Cooper,18,OLB,LB,"https://static.www.nfl.com/image/upload/f_auto,q_auto/league/cpwk5snqdjqcboak5qsm",DEN,34,31,3,27,11,7,1,10.5,50.5,20,0,0,1,0,0,0,0,0,0,0,3,25
2024,REG+POST,00-0036953,T.Jenkins,Teven Jenkins,1,T,OL,"https://static.www.nfl.com/image/upload/f_auto,q_auto/league/pdy8shimsxzrjrww5pfx",WAS,1,1,0,0,0,0,0,0,0,0,0,0,0,0,0,0,0,0,0,0,0,0
2024,REG+POST,00-0036954,L.Onwuzurike,Levi Onwuzurike,15,DE,DL,"https://static.www.nfl.com/image/upload/f_auto,q_auto/league/o1kkk3mjilnxfwdjx0kb",DET,19,16,3,12,1,1,1,1.5,7,14,0,0,0,0,0,0,0,0,0,0,1,15
2024,REG+POST,00-0036957,D.Dalman,Drew Dalman,1,C,OL,"https://static.www.nfl.com/image/upload/f_auto,q_auto/league/q8wcgmyfatx1kpobqyxg",PIT,1,1,0,0,0,0,0,0,0,0,0,0,0,0,0,0,0,0,0,0,0,0
2024,REG+POST,00-0036961,R.Grant,Richie Grant,5,SS,DB,"https://static.www.nfl.com/image/upload/f_auto,q_auto/league/szeswtvt6jmbu3so3phd",ATL,10,8,2,1,2,0,0,0,0,0,0,0,2,0,0,0,0,0,0,0,1,12
2024,REG+POST,00-0036962,T.Moehrig,Trevon Moehrig,17,FS,DB,"https://static.www.nfl.com/image/upload/f_auto,q_auto/league/jv9en559shxazmdb8r8w",LV,64,57,7,40,5,13,0,1,4,3,2,28,10,0,0,0,0,2,0,0,1,6
2024,REG+POST,00-0036963,A.St. Brown,Amon-Ra St. Brown,1,WR,WR,"https://static.www.nfl.com/image/upload/f_auto,q_auto/league/jmfuamqblg8jag0stpnq",ARI,1,1,0,0,0,0,0,0,0,0,0,0,0,0,0,0,0,0,0,0,0,0
2024,REG+POST,00-0036963,A.St. Brown,Amon-Ra St. Brown,1,WR,WR,"https://static.www.nfl.com/image/upload/f_auto,q_auto/league/jmfuamqblg8jag0stpnq",HOU,1,1,0,0,0,0,0,0,0,0,0,0,0,0,0,0,0,0,0,0,0,0
2024,REG+POST,00-0036963,A.St. Brown,Amon-Ra St. Brown,1,WR,WR,"https://static.www.nfl.com/image/upload/f_auto,q_auto/league/jmfuamqblg8jag0stpnq",LA,1,1,0,0,0,0,0,0,0,0,0,0,0,0,0,0,0,0,0,0,0,0
2024,REG+POST,00-0036963,A.St. Brown,Amon-Ra St. Brown,1,WR,WR,"https://static.www.nfl.com/image/upload/f_auto,q_auto/league/jmfuamqblg8jag0stpnq",TB,1,1,0,0,0,0,0,0,0,0,0,0,0,0,0,0,0,0,0,0,0,0
2024,REG+POST,00-0036963,A.St. Brown,Amon-Ra St. Brown,1,WR,WR,"https://static.www.nfl.com/image/upload/f_auto,q_auto/league/jmfuamqblg8jag0stpnq",WAS,0,0,0,1,0,0,0,0,0,0,0,0,0,0,0,0,0,0,0,0,0,0
2024,REG+POST,00-0036964,D.Barnes,Derrick Barnes,3,ILB,LB,"https://static.www.nfl.com/image/upload/f_auto,q_auto/league/ec9f1idcfmuisflnj1pg",DET,8,4,4,2,0,0,0,0,0,0,0,0,1,0,0,0,0,0,0,0,0,0
2024,REG+POST,00-0036967,J.Tryon,Joe Tryon,13,OLB,LB,"https://static.www.nfl.com/image/upload/f_auto,q_auto/league/yyiew4drnrsyay4ns2pd",TB,15,14,1,11,3,0,1,2,20,5,0,0,2,0,0,0,0,0,0,0,3,15
2024,REG+POST,00-0036971,T.Lawrence,Trevor Lawrence,1,QB,QB,"https://static.www.nfl.com/image/upload/f_auto,q_auto/league/ftznnho2rk2xzrculbob",CHI,1,1,0,0,0,0,0,0,0,0,0,0,0,0,0,0,0,0,0,0,0,0
2024,REG+POST,00-0036973,T.Etienne,Travis Etienne,1,RB,RB,"https://static.www.nfl.com/image/private/f_auto,q_auto/league/ne5lyv8n6elqw77yrz9w",IND,1,1,0,0,0,0,0,0,0,0,0,0,0,0,0,0,0,0,0,0,0,0
2024,REG+POST,00-0036974,T.Campbell,Tyson Campbell,12,CB,DB,"https://static.www.nfl.com/image/private/f_auto,q_auto/league/kzon4x52tdqpss7ch3ug",JAX,42,41,1,17,2,6,0,0,0,0,0,0,6,0,0,0,0,0,0,0,3,29
2024,REG+POST,00-0036979,A.Vera-Tucker,Alijah Vera-Tucker,1,G,OL,"https://static.www.nfl.com/image/private/f_auto,q_auto/league/ytzai7qk5arhzhmvkzrz",BUF,1,1,0,0,0,0,0,0,0,0,0,0,0,0,0,0,0,0,0,0,0,0
2024,REG+POST,00-0036980,E.Moore,Elijah Moore,1,WR,WR,"https://static.www.nfl.com/image/private/f_auto,q_auto/league/bhwvzckfhhcqhb7zdqyj",DAL,1,1,0,0,0,0,0,0,0,0,0,0,0,0,0,0,0,0,0,0,0,0
2024,REG+POST,00-0036980,E.Moore,Elijah Moore,1,WR,WR,"https://static.www.nfl.com/image/private/f_auto,q_auto/league/bhwvzckfhhcqhb7zdqyj",LAC,1,1,0,0,0,0,0,0,0,0,0,0,0,0,0,0,0,0,0,0,0,0
2024,REG+POST,00-0036980,E.Moore,Elijah Moore,1,WR,WR,"https://static.www.nfl.com/image/private/f_auto,q_auto/league/bhwvzckfhhcqhb7zdqyj",PIT,1,1,0,0,0,0,0,0,0,0,0,0,0,0,0,0,0,0,0,0,0,0
2024,REG+POST,00-0036981,C.Barmore,Christian Barmore,3,DT,DL,"https://static.www.nfl.com/image/private/f_auto,q_auto/league/h4rtemvkpsx1uyjvnm63",NE,6,3,3,0,1,0,0,1,2,1,0,0,0,0,0,0,0,0,0,0,0,0
2024,REG+POST,00-0036982,C.Golston,Chauncey Golston,17,DE,DL,"https://static.www.nfl.com/image/upload/f_auto,q_auto/league/tma9abjy3eatxzlu49ps",DAL,30,28,2,26,5,4,0,5.5,33.5,8,1,18,5,0,0,0,0,1,0,0,0,0
2024,REG+POST,00-0036984,T.Sermon,Trey Sermon,1,RB,RB,"https://static.www.nfl.com/image/upload/f_auto,q_auto/league/freievsvipthuvrwn7uw",TEN,1,1,0,0,0,0,0,0,0,0,0,0,0,0,0,0,0,0,0,0,0,0
2024,REG+POST,00-0036987,B.Stephens,Brandon Stephens,19,FS,DB,"https://static.www.nfl.com/image/upload/f_auto,q_auto/league/eqf4dolbtr4q6janbxjf",BAL,61,60,1,14,3,1,0,1.5,4,2,0,0,10,0,0,0,0,0,0,0,7,83
2024,REG+POST,00-0036990,D.Deablo,Divine Deablo,13,MLB,LB,"https://static.www.nfl.com/image/upload/f_auto,q_auto/league/mjmvbtpxfzsetnmluwgi",LV,35,29,6,28,4,0,0,1,13,4,0,0,2,0,0,0,0,0,0,0,0,0
2024,REG+POST,00-0036992,E.Molden,Elijah Molden,15,CB,DB,"https://static.www.nfl.com/image/upload/f_auto,q_auto/league/ucrlai6l3qghkhywwksk",LAC,40,35,5,32,2,2,0,0,0,0,3,28,7,0,0,0,0,2,0,0,0,0
2024,REG+POST,00-0036993,I.Melifonwu,Ifeatu Melifonwu,4,CB,DB,"https://static.www.nfl.com/image/upload/f_auto,q_auto/league/ipyk1pgt8npeldw7rtyy",DET,8,8,0,4,1,0,0,1,2,2,0,0,0,0,0,0,0,0,0,0,0,0
2024,REG+POST,00-0036994,E.Jones,Ernest Jones,10,ILB,LB,"https://static.www.nfl.com/image/upload/f_auto,q_auto/league/tv1m7jvo4agl4seeonjc",SEA,48,39,9,45,1,2,1,0.5,3.5,2,1,12,2,0,0,0,0,0,0,0,0,0
2024,REG+POST,00-0036994,E.Jones,Ernest Jones,6,ILB,LB,"https://static.www.nfl.com/image/upload/f_auto,q_auto/league/tv1m7jvo4agl4seeonjc",TEN,29,19,10,15,3,4,0,0,0,1,0,0,2,0,0,0,0,0,0,0,0,0
2024,REG+POST,00-0036995,B.Browning,Baron Browning,7,OLB,LB,"https://static.www.nfl.com/image/upload/f_auto,q_auto/league/scnnn5dpl1gqnvldi3rk",ARI,11,7,4,3,4,4,0,2,7,3,0,0,0,0,0,0,0,0,0,0,1,5
2024,REG+POST,00-0036995,B.Browning,Baron Browning,4,OLB,LB,"https://static.www.nfl.com/image/upload/f_auto,q_auto/league/scnnn5dpl1gqnvldi3rk",DEN,1,0,1,6,1,1,0,0,0,0,0,0,0,0,0,0,0,0,0,0,3,16
2024,REG+POST,00-0036996,G.Newsome,Greg Newsome,12,CB,DB,"https://static.www.nfl.com/image/private/f_auto,q_auto/league/vnzji51ny0rycaa1aqii",CLE,24,18,6,3,0,0,0,0,0,0,1,-2,5,0,0,0,0,0,0,0,3,60
2024,REG+POST,00-0036997,J.Williams,Javonte Williams,1,RB,RB,"https://static.www.nfl.com/image/upload/f_auto,q_auto/league/dm8qipfrz2nes9kgpcyp",CIN,1,1,0,0,0,0,0,0,0,0,0,0,0,0,0,0,0,0,0,0,0,0
2024,REG+POST,00-0036998,J.Holland,Jevon Holland,15,SS,DB,"https://static.www.nfl.com/image/upload/f_auto,q_auto/league/h8aerw3bgfnbl3bssgpo",MIA,42,41,1,20,2,0,1,1,12,2,0,0,4,0,0,0,0,0,0,0,0,0
2024,REG+POST,00-0037001,Q.Meinerz,Quinn Meinerz,1,G,OL,"https://static.www.nfl.com/image/upload/f_auto,q_auto/league/mq5miqpgdc7i5gwvdkzb",LAC,1,1,0,0,0,0,0,0,0,0,0,0,0,0,0,0,0,0,0,0,0,0
2024,REG+POST,00-0037003,C.Surratt,Chazz Surratt,8,ILB,LB,"https://static.www.nfl.com/image/upload/f_auto,q_auto/league/hdiyz3il6hzbrcmrmt0t",NYJ,13,12,1,5,2,6,0,0,0,1,0,0,0,0,0,0,0,0,0,0,0,0
2024,REG+POST,00-0037007,P.Jones,Patrick Jones,12,OLB,LB,"https://static.www.nfl.com/image/private/f_auto,q_auto/league/ir3m4wipss4exri1xenv",MIN,19,16,3,20,9,5,1,7,47,12,0,0,0,0,0,0,0,0,0,0,0,0
2024,REG+POST,00-0037012,T.Lance,Trey Lance,1,QB,QB,"https://static.www.nfl.com/image/upload/f_auto,q_auto/league/fas0q1ssb3ihak6pduet",PHI,1,1,0,0,0,0,0,0,0,0,0,0,0,0,0,0,0,0,0,0,0,0
2024,REG+POST,00-0037034,D.Alford,Dee Alford,16,CB,DB,"https://static.www.nfl.com/image/upload/f_auto,q_auto/league/bjrsavpaai588usbthmo",ATL,59,55,4,21,1,0,1,1,4,1,0,0,11,0,0,0,0,0,0,0,0,0
2024,REG+POST,00-0037043,A.Barno,Amare Barno,3,OLB,LB,"https://static.www.nfl.com/image/upload/f_auto,q_auto/league/nsjj3aui2wuogyxgtvlm",CAR,2,2,0,3,1,0,0,1,3,1,0,0,0,0,0,0,0,0,0,0,0,0
2024,REG+POST,00-0037051,E.Garcia,Elijah Garcia,5,DE,DL,"https://static.www.nfl.com/image/upload/f_auto,q_auto/league/xi7jwqwmdc8mpkpv6vtu",NYG,5,4,1,9,2,3,0,0,0,1,0,0,0,0,0,0,0,1,0,0,0,0
2024,REG+POST,00-0037057,K.Thomas,Keir Thomas,3,OLB,LB,"https://static.www.nfl.com/image/upload/f_auto,q_auto/league/mozvklor2kfypeg179xu",LA,2,2,0,4,1,1,0,0,0,1,0,0,0,0,0,0,0,0,0,0,1,5
2024,REG+POST,00-0037073,J.Davis,Jordan Davis,18,DT,DL,"https://static.www.nfl.com/image/upload/f_auto,q_auto/league/cp2lelzm9tnsioxflql7",PHI,19,18,1,14,5,1,0,3,25,3,0,0,3,0,0,0,0,1,0,0,0,0
2024,REG+POST,00-0037074,Q.Walker,Quay Walker,14,ILB,LB,"https://static.www.nfl.com/image/upload/f_auto,q_auto/league/dkqnq4ccxwrr7u34aqrz",GB,76,60,16,34,9,12,0,2.5,19,3,0,0,2,0,0,0,0,0,0,0,1,15
2024,REG+POST,00-0037075,D.Wyatt,Devonte Wyatt,12,DT,DL,"https://static.www.nfl.com/image/upload/f_auto,q_auto/league/cvuryytohkrxi6tdaytn",GB,17,15,2,6,9,7,0,5,37,9,0,0,0,0,0,0,0,2,0,0,2,10
2024,REG+POST,00-0037076,S.Rhyan,Sean Rhyan,1,G,OL,"https://static.www.nfl.com/image/upload/f_auto,q_auto/league/sfqsap6pmdq9mutx2dxk",HOU,1,1,0,0,0,0,0,0,0,0,0,0,0,0,0,0,0,0,0,0,0,0
2024,REG+POST,00-0037077,S.Howell,Sam Howell,1,QB,QB,"https://static.www.nfl.com/image/upload/f_auto,q_auto/league/xd9l7dbtwz8bpvygmcab",GB,1,1,0,0,0,0,0,0,0,0,0,0,0,0,0,0,0,0,0,0,0,0
2024,REG+POST,00-0037079,T.Woolen,Tariq Woolen,15,CB,DB,"https://static.www.nfl.com/image/upload/f_auto,q_auto/league/z0er0buipqt5apxbgp8b",SEA,32,29,3,14,0,0,1,0,0,0,3,11,14,0,0,0,0,0,0,0,6,81
2024,REG+POST,00-0037082,D.Robinson,Dominique Robinson,4,DE,DL,"https://static.www.nfl.com/image/upload/f_auto,q_auto/league/vdmvjmbsf2rzf0yp8vzh",CHI,4,3,1,3,0,0,0,0,0,1,0,0,0,0,0,0,0,0,0,0,0,0
2024,REG+POST,00-0037083,K.Enagbare,Kingsley Enagbare,16,DE,DL,"https://static.www.nfl.com/image/upload/f_auto,q_auto/league/xv0eqdwifojuzp6qsykm",GB,19,17,2,23,6,13,2,4.5,36.5,8,0,0,0,0,0,0,0,0,0,0,6,48
2024,REG+POST,00-0037094,J.Ford,Jonathan Ford,4,DT,DL,"https://static.www.nfl.com/image/upload/f_auto,q_auto/league/jlzujzcmm37ovk1rhqxd",CHI,3,1,2,6,1,1,0,0,0,0,0,0,0,0,0,0,0,0,0,0,2,10
2024,REG+POST,00-0037096,E.Hicks,Elijah Hicks,8,FS,DB,"https://static.www.nfl.com/image/upload/f_auto,q_auto/league/wrlbblrkraiap2hgpgag",CHI,20,17,3,13,0,0,0,0,0,0,0,0,2,0,0,0,0,2,28,0,2,15
2024,REG+POST,00-0037097,T.Gill,Trenton Gill,1,P,SPEC,"https://static.www.nfl.com/image/upload/f_auto,q_auto/league/qtiapxqfyetzyf3ndpts",TB,0,0,0,0,0,0,0,0,0,0,0,0,0,0,0,0,0,0,0,0,1,0
2024,REG+POST,00-0037106,J.Jones,Jaylon Jones,2,CB,DB,"https://static.www.nfl.com/image/upload/f_auto,q_auto/league/ilk1ju6q3b6wythrjdkm",CHI,9,5,4,1,0,0,0,0,0,0,0,0,2,0,0,0,0,0,0,0,0,0
2024,REG+POST,00-0037109,J.Sanborn,Jack Sanborn,15,ILB,LB,"https://static.www.nfl.com/image/upload/f_auto,q_auto/league/p1lf24njnr2iswzmcgio",CHI,14,10,4,17,2,1,0,1.5,8.5,2,0,0,3,0,0,0,0,0,0,0,0,0
2024,REG+POST,00-0037120,T.Goodson,Tyler Goodson,1,RB,RB,"https://static.www.nfl.com/image/upload/f_auto,q_auto/league/z4ugeazvmccxxhqjoxzv",IND,0,0,0,0,0,0,0,0,0,0,0,0,0,0,0,0,0,0,0,0,1,15
2024,REG+POST,00-0037120,T.Goodson,Tyler Goodson,1,RB,RB,"https://static.www.nfl.com/image/upload/f_auto,q_auto/league/z4ugeazvmccxxhqjoxzv",JAX,0,0,0,1,0,0,0,0,0,0,0,0,0,0,0,0,0,0,0,0,0,0
2024,REG+POST,00-0037129,J.Blackwell,Josh Blackwell,4,CB,DB,"https://static.www.nfl.com/image/upload/f_auto,q_auto/league/qdy0ms8vuo4dwnl20v89",CHI,5,5,0,1,0,0,0,0,0,0,1,10,2,0,0,0,0,0,0,0,0,0
2024,REG+POST,00-0037130,R.Blankenship,Reed Blankenship,19,SS,DB,"https://static.www.nfl.com/image/upload/f_auto,q_auto/league/j7ihu74tbuv1eacvgzlj",PHI,70,66,4,35,0,0,1,0,0,0,4,29,6,0,0,0,0,2,16,0,3,36
2024,REG+POST,00-0037132,B.Covey,Britain Covey,1,WR,WR,"https://static.www.nfl.com/image/upload/f_auto,q_auto/league/zxyoxfakwak4h9eiv5mu",ATL,1,1,0,0,0,0,0,0,0,0,0,0,0,0,0,0,0,0,0,0,0,0
2024,REG+POST,00-0037137,J.Jobe,Josh Jobe,10,CB,DB,"https://static.www.nfl.com/image/upload/f_auto,q_auto/league/vs9agi4ngfedskfiusf9",SEA,29,28,1,8,0,0,0,0,0,0,1,33,7,0,0,0,0,0,0,0,4,76
2024,REG+POST,00-0037153,V.Jones,Vi Jones,3,ILB,LB,"https://static.www.nfl.com/image/upload/f_auto,q_auto/league/wjf6ebr851i5xge1vte3",TB,3,3,0,3,0,0,1,0,0,0,0,0,0,0,0,0,0,0,0,0,1,1
2024,REG+POST,00-0037155,T.Adams,Tony Adams,14,FS,DB,"https://static.www.nfl.com/image/upload/f_auto,q_auto/league/d0avbpcayta6qq1wsd1a",NYJ,42,35,7,40,2,2,0,1,0,2,1,0,6,0,0,0,0,0,0,0,4,30
2024,REG+POST,00-0037156,I.Charles,Irvin Charles,1,WR,WR,"https://static.www.nfl.com/image/private/f_auto,q_auto/league/mhql0qf6zcitmj2r1upx",NYJ,0,0,0,0,0,0,0,0,0,0,0,0,0,0,0,0,0,0,0,0,1,15
2024,REG+POST,00-0037179,J.Moon,Jeremiah Moon,2,OLB,LB,"https://static.www.nfl.com/image/upload/f_auto,q_auto/league/x2he3hockgnqfmxlxctw",PIT,1,1,0,1,0,0,0,0,0,0,0,0,0,0,0,0,0,0,0,0,0,0
2024,REG+POST,00-0037190,A.Gardner,Ahmad Gardner,15,CB,DB,"https://static.www.nfl.com/image/upload/f_auto,q_auto/league/nqas3icjxcvns2m6cnns",NYJ,36,29,7,13,1,0,0,1,4,1,1,0,9,0,0,0,0,0,0,0,9,83
2024,REG+POST,00-0037191,T.McDuffie,Trent McDuffie,19,CB,DB,"https://static.www.nfl.com/image/upload/f_auto,q_auto/league/mv3pihzkmykdkxx2o0dm",KC,55,55,0,17,6,3,1,0.5,0,4,2,0,16,0,0,0,0,0,0,0,6,56
2024,REG+POST,00-0037192,G.Karlaftis,George Karlaftis,19,DE,DL,"https://static.www.nfl.com/image/upload/f_auto,q_auto/league/zmfn3xnvv9w7gu3x9ubr",KC,30,27,3,18,13,1,0,12,78,36,0,0,5,0,0,0,0,0,0,0,0,0
2024,REG+POST,00-0037193,B.Cook,Bryan Cook,20,FS,DB,"https://static.www.nfl.com/image/upload/f_auto,q_auto/league/tuykyqy5gxpt6e48ymut",KC,65,64,1,23,1,0,0,0,0,0,3,0,6,0,0,0,0,0,0,0,0,0
2024,REG+POST,00-0037195,J.Watson,Jaylen Watson,9,CB,DB,"https://static.www.nfl.com/image/private/f_auto,q_auto/league/abj96tqo9vzowgkdeagc",KC,25,23,2,12,0,0,0,0,0,0,0,0,7,0,0,0,0,0,0,0,2,20
2024,REG+POST,00-0037198,N.Johnson,Nazeeh Johnson,15,CB,DB,"https://static.www.nfl.com/image/upload/f_auto,q_auto/league/dwnnt6kj8ffldhx9oumi",KC,35,34,1,23,3,0,0,1,17,1,0,0,4,0,0,0,0,0,0,0,1,5
2024,REG+POST,00-0037203,L.Ray,LaBryan Ray,14,DE,DL,"https://static.www.nfl.com/image/upload/f_auto,q_auto/league/ubtdigfqxxwktkyqkmvy",CAR,15,12,3,26,2,1,0,1,5,2,0,0,0,0,0,0,0,0,0,0,1,15
2024,REG+POST,00-0037205,B.Schooler,Brenden Schooler,3,FS,DB,"https://static.www.nfl.com/image/private/f_auto,q_auto/league/gzetqqmeskvfjkm3qbaj",NE,2,2,0,2,2,0,0,2,16,3,0,0,0,0,0,0,0,0,0,0,0,0
2024,REG+POST,00-0037208,J.Cochrane,Jack Cochrane,1,ILB,LB,"https://static.www.nfl.com/image/upload/f_auto,q_auto/league/efiat1gmwjnan5ahnqtn",KC,0,0,0,1,0,0,0,0,0,0,0,0,0,0,0,0,0,0,0,0,0,0
2024,REG+POST,00-0037224,C.Dicker,Cameron Dicker,2,K,SPEC,"https://static.www.nfl.com/image/upload/f_auto,q_auto/league/cjgz8mykyv9tygjypehw",LAC,0,0,0,0,0,0,0,0,0,0,0,0,0,0,0,0,0,0,0,0,2,0
2024,REG+POST,00-0037231,K.Austin,Kevin Austin,1,WR,WR,"https://static.www.nfl.com/image/upload/f_auto,q_auto/league/vdah0xfiadl04o4s6xd0",NYG,1,1,0,0,0,0,0,0,0,0,0,0,0,0,0,0,0,0,0,0,0,0
2024,REG+POST,00-0037235,T.Walker,Travon Walker,17,DE,DL,"https://static.www.nfl.com/image/private/f_auto,q_auto/league/u578pgqmortimghxzgev",JAX,31,30,1,30,13,9,2,10.5,89,15,0,0,1,1,0,0,0,1,35,0,5,35
2024,REG+POST,00-0037236,A.Hutchinson,Aidan Hutchinson,5,DE,DL,"https://static.www.nfl.com/image/upload/f_auto,q_auto/league/cq1xzlvlcvssuucj3jfv",DET,12,12,0,7,7,0,1,7.5,55,17,0,0,0,0,0,0,0,0,0,0,1,15
2024,REG+POST,00-0037237,D.Stingley,Derek Stingley,18,CB,DB,"https://static.www.nfl.com/image/upload/f_auto,q_auto/league/l06vle5t1v3lpnfni8z9",HOU,44,42,2,17,4,3,1,0,0,0,7,118,23,0,0,0,0,0,0,0,3,25
2024,REG+POST,00-0037238,D.London,Drake London,1,WR,WR,"https://static.www.nfl.com/image/upload/f_auto,q_auto/league/wikjazqtt3uunjufgqrf",DEN,1,1,0,0,0,0,0,0,0,0,0,0,0,0,0,0,0,0,0,0,0,0
2024,REG+POST,00-0037238,D.London,Drake London,1,WR,WR,"https://static.www.nfl.com/image/upload/f_auto,q_auto/league/wikjazqtt3uunjufgqrf",MIN,1,1,0,0,0,0,0,0,0,0,0,0,0,0,0,0,0,0,0,0,0,0
2024,REG+POST,00-0037238,D.London,Drake London,1,WR,WR,"https://static.www.nfl.com/image/upload/f_auto,q_auto/league/wikjazqtt3uunjufgqrf",NO,1,1,0,0,0,0,0,0,0,0,0,0,0,0,0,0,0,0,0,0,0,0
2024,REG+POST,00-0037238,D.London,Drake London,1,WR,WR,"https://static.www.nfl.com/image/upload/f_auto,q_auto/league/wikjazqtt3uunjufgqrf",NYG,1,1,0,0,0,0,0,0,0,0,0,0,0,0,0,0,0,0,0,0,0,0
2024,REG+POST,00-0037239,C.Olave,Chris Olave,1,WR,WR,"https://static.www.nfl.com/image/upload/f_auto,q_auto/league/riiwbow7zphqmomiazph",DAL,1,1,0,0,0,0,0,0,0,0,0,0,0,0,0,0,0,0,0,0,0,0
2024,REG+POST,00-0037239,C.Olave,Chris Olave,1,WR,WR,"https://static.www.nfl.com/image/upload/f_auto,q_auto/league/riiwbow7zphqmomiazph",PHI,1,1,0,0,0,0,0,0,0,0,0,0,0,0,0,0,0,0,0,0,0,0
2024,REG+POST,00-0037240,J.Williams,Jameson Williams,1,WR,WR,"https://static.www.nfl.com/image/upload/f_auto,q_auto/league/kt6xzcnjbe9affdfsayt",HOU,1,1,0,0,0,0,0,0,0,0,0,0,0,0,0,0,0,0,0,0,0,0
2024,REG+POST,00-0037240,J.Williams,Jameson Williams,1,WR,WR,"https://static.www.nfl.com/image/upload/f_auto,q_auto/league/kt6xzcnjbe9affdfsayt",MIN,1,1,0,0,0,0,0,0,0,0,0,0,0,0,0,0,0,0,0,0,0,0
2024,REG+POST,00-0037240,J.Williams,Jameson Williams,1,WR,WR,"https://static.www.nfl.com/image/upload/f_auto,q_auto/league/kt6xzcnjbe9affdfsayt",TB,1,1,0,0,0,0,0,0,0,0,0,0,0,0,0,0,0,0,0,0,0,0
2024,REG+POST,00-0037242,K.Elam,Kaiir Elam,8,CB,DB,"https://static.www.nfl.com/image/private/f_auto,q_auto/league/pngjvhw3ffskszmppmi8",BUF,19,18,1,9,2,1,0,0,0,0,0,0,2,0,0,0,0,1,0,0,5,31
2024,REG+POST,00-0037244,D.Lloyd,Devin Lloyd,16,ILB,LB,"https://static.www.nfl.com/image/upload/f_auto,q_auto/league/elucvpqs3eax5luim5pe",JAX,61,57,4,52,7,5,1,2,13,5,1,3,4,0,0,0,0,0,0,0,1,2
2024,REG+POST,00-0037246,J.Pitre,Jalen Pitre,12,FS,DB,"https://static.www.nfl.com/image/upload/f_auto,q_auto/league/oztvvn2ocakedd95fzxs",HOU,44,39,5,21,6,7,1,0,0,2,1,10,8,0,0,0,0,0,0,0,4,64
2024,REG+POST,00-0037247,G.Pickens,George Pickens,1,WR,WR,"https://static.www.nfl.com/image/upload/f_auto,q_auto/league/klxzcb6p7ekngcognpiy",WAS,1,1,0,0,0,0,0,0,0,0,0,0,0,0,0,0,0,0,0,0,0,0
2024,REG+POST,00-0037249,N.Bonitto,Nik Bonitto,18,OLB,LB,"https://static.www.nfl.com/image/upload/f_auto,q_auto/league/n1rfilowinoto8c77tjo",DEN,35,32,3,17,16,13,2,13.5,88.5,25,1,71,4,2,0,0,0,1,50,0,5,45
2024,REG+POST,00-0037250,M.Emerson,Martin Emerson,17,CB,DB,"https://static.www.nfl.com/image/upload/f_auto,q_auto/league/va7yfx0xoniri3fuxr0u",CLE,62,58,4,18,3,5,1,0,0,0,0,0,5,0,0,0,0,1,2,0,5,53
2024,REG+POST,00-0037251,A.Wright,Alex Wright,4,DE,DL,"https://static.www.nfl.com/image/private/f_auto,q_auto/league/tgtm7eaxylkjq3smtbqq",CLE,5,4,1,3,1,0,0,1,2,1,0,0,0,0,0,0,0,0,0,1,2,20
2024,REG+POST,00-0037253,M.Jones,Marcus Jones,14,CB,DB,"https://static.www.nfl.com/image/private/f_auto,q_auto/league/t5dp8kwkx5dbt9nnnmig",NE,48,44,4,10,1,4,0,0,0,0,1,35,10,0,0,0,0,1,17,0,2,11
2024,REG+POST,00-0037254,T.Bernard,Terrel Bernard,16,MLB,LB,"https://static.www.nfl.com/image/upload/f_auto,q_auto/league/xyhkpsbbvmisvoltpsbq",BUF,65,55,10,55,6,11,1,1,6,3,2,1,3,0,0,0,0,2,0,0,1,8
2024,REG+POST,00-0037255,D.Parham,Dylan Parham,1,G,OL,"https://static.www.nfl.com/image/upload/f_auto,q_auto/league/xqiimieepawnkpibc266",LAC,1,1,0,0,0,0,0,0,0,0,0,0,0,0,0,0,0,0,0,0,0,0
2024,REG+POST,00-0037256,R.White,Rachaad White,1,RB,RB,"https://static.www.nfl.com/image/upload/f_auto,q_auto/league/przphhlw0zga7b45qlyb",DEN,0,0,0,1,0,0,0,0,0,0,0,0,0,0,0,0,0,0,0,0,0,0
2024,REG+POST,00-0037258,D.Pierce,Dameon Pierce,1,RB,RB,"https://static.www.nfl.com/image/upload/f_auto,q_auto/league/kotnmiuvvfmfuupr0f82",NE,1,1,0,0,0,0,0,0,0,0,0,0,0,0,0,0,0,0,0,0,0,0
2024,REG+POST,00-0037259,M.McFadden,Micah McFadden,14,MLB,LB,"https://static.www.nfl.com/image/upload/f_auto,q_auto/league/vdvguxtthbpkqjuaehhz",NYG,60,47,13,47,8,12,1,3,4,6,0,0,1,0,0,0,0,1,0,0,0,0
2024,REG+POST,00-0037260,D.Davidson,D.J. Davidson,9,DT,DL,"https://static.www.nfl.com/image/upload/f_auto,q_auto/league/yfprh8r0annlcpuekkht",NYG,12,9,3,11,2,0,0,2,17,2,0,0,0,0,0,0,0,2,0,0,3,22
2024,REG+POST,00-0037262,T.Booker,Thomas Booker,8,DT,DL,"https://static.www.nfl.com/image/upload/f_auto,q_auto/league/ancbwbr4pv9plvzfluqu",PHI,8,7,1,10,2,1,0,1,5.5,2,0,0,1,0,0,0,0,0,0,0,0,0
2024,REG+POST,00-0037263,T.Allgeier,Tyler Allgeier,1,RB,RB,"https://static.www.nfl.com/image/upload/f_auto,q_auto/league/yosaj2anmqoujqrgzecd",LAC,1,1,0,0,0,0,0,0,0,0,0,0,0,0,0,0,0,0,0,0,0,0
2024,REG+POST,00-0037263,T.Allgeier,Tyler Allgeier,1,RB,RB,"https://static.www.nfl.com/image/upload/f_auto,q_auto/league/yosaj2anmqoujqrgzecd",NO,1,1,0,0,0,0,0,0,0,0,0,0,0,0,0,0,0,0,0,0,0,0
2024,REG+POST,00-0037263,T.Allgeier,Tyler Allgeier,1,RB,RB,"https://static.www.nfl.com/image/upload/f_auto,q_auto/league/yosaj2anmqoujqrgzecd",TB,1,1,0,0,0,0,0,0,0,0,0,0,0,0,0,0,0,0,0,0,0,0
2024,REG+POST,00-0037268,Z.McCollum,Zyon McCollum,18,CB,DB,"https://static.www.nfl.com/image/upload/f_auto,q_auto/league/i0ztcak7qlehrpqcxhlh",TB,57,54,3,28,2,2,0,0,0,0,2,4,18,0,0,0,0,1,0,0,6,57
2024,REG+POST,00-0037269,E.Johnson,Eric Johnson,8,DT,DL,"https://static.www.nfl.com/image/upload/f_auto,q_auto/league/g7mqppy40uhqvyeowohy",NE,2,1,1,15,0,0,0,0,0,0,0,0,0,0,0,0,0,0,0,0,0,0
2024,REG+POST,00-0037270,O.Ogbonnia,Otito Ogbonnia,17,DT,DL,"https://static.www.nfl.com/image/upload/f_auto,q_auto/league/duvixhxntta10epz19pi",LAC,14,11,3,24,0,0,0,0,0,3,0,0,1,0,0,0,0,0,0,0,4,40
2024,REG+POST,00-0037271,D.Jackson,D'Marco Jackson,2,MLB,LB,"https://static.www.nfl.com/image/upload/f_auto,q_auto/league/bmtg8vtpvvsqmvvsjqqg",NO,3,1,2,3,0,0,0,0,0,0,0,0,0,0,0,0,0,0,0,0,0,0
2024,REG+POST,00-0037274,E.Otomewo,Esezi Otomewo,3,DE,DL,"https://static.www.nfl.com/image/upload/f_auto,q_auto/league/hz2dgnatto0bxffrcloh",JAX,0,0,0,4,0,0,0,0.5,2,2,0,0,0,0,0,0,0,0,0,0,0,0
2024,REG+POST,00-0037275,D.Bland,Daron Bland,7,CB,DB,"https://static.www.nfl.com/image/upload/f_auto,q_auto/league/u1n9iwdsdvemtonsvisn",DAL,29,29,0,12,0,0,1,0,0,0,0,0,5,0,0,0,0,1,0,0,1,4
2024,REG+POST,00-0037278,L.Wattenberg,Luke Wattenberg,1,C,OL,"https://static.www.nfl.com/image/upload/f_auto,q_auto/league/rwqlxxwcuure9x96shnw",NYJ,1,1,0,0,0,0,0,0,0,0,0,0,0,0,0,0,0,0,0,0,0,0
2024,REG+POST,00-0037280,M.Butler,Matthew Butler,4,DT,DL,"https://static.www.nfl.com/image/upload/f_auto,q_auto/league/uun6avo533h1sxe249q3",LV,4,2,2,5,0,0,0,0,0,0,0,0,0,0,0,0,0,0,0,0,1,12
2024,REG+POST,00-0037281,D.Clark,Damone Clark,5,ILB,LB,"https://static.www.nfl.com/image/upload/f_auto,q_auto/league/y0moxpog13dgt1mb087m",DAL,13,10,3,11,1,3,0,0.5,4,1,0,0,1,0,0,0,0,0,0,0,0,0
2024,REG+POST,00-0037283,J.Ridgeway,John Ridgeway,11,DT,DL,"https://static.www.nfl.com/image/upload/f_auto,q_auto/league/irpvoorgwwezk7qxrp0m",NO,8,6,2,7,1,2,0,0,0,0,0,0,1,0,0,0,0,0,0,0,0,0
2024,REG+POST,00-0037288,C.Benford,Christian Benford,18,CB,DB,"https://static.www.nfl.com/image/private/f_auto,q_auto/league/buseklerc1bhl1u9oovt",BUF,56,52,4,18,4,12,2,1,8,1,2,30,11,0,0,0,0,1,43,0,5,29
2024,REG+POST,00-0037289,M.Rodriguez,Malcolm Rodriguez,9,ILB,LB,"https://static.www.nfl.com/image/upload/f_auto,q_auto/league/ofwspc5nzlzqdvxqvpxc",DET,25,21,4,14,2,0,0,2,7,2,0,0,1,0,0,0,0,1,0,0,0,0
2024,REG+POST,00-0037291,J.Nailor,Jalen Nailor,1,WR,WR,"https://static.www.nfl.com/image/upload/f_auto,q_auto/league/fe9b3l4fz6n02gbr5zbt",GB,1,1,0,0,0,0,1,0,0,0,0,0,0,0,0,0,0,0,0,0,0,0
2024,REG+POST,00-0037294,J.Jackson,Jordan Jackson,13,DE,DL,"https://static.www.nfl.com/image/upload/f_auto,q_auto/league/x8mnvsf25r23yhsqgvlg",DEN,6,6,0,14,1,0,1,1,5,2,0,0,0,0,0,0,0,0,0,0,0,0
2024,REG+POST,00-0037298,S.Roberts,Sam Roberts,1,DE,DL,"https://static.www.nfl.com/image/upload/f_auto,q_auto/league/dfq4vrkeuudpmleccuag",CAR,0,0,0,1,0,0,0,0,0,0,0,0,0,0,0,0,0,0,0,0,0,0
2024,REG+POST,00-0037300,M.Woods,Mike Woods,1,WR,WR,"https://static.www.nfl.com/image/private/f_auto,q_auto/league/qlps63mn8jfsvqgf7cub",PIT,0,0,0,1,0,0,0,0,0,0,0,0,0,0,0,0,0,0,0,0,0,0
2024,REG+POST,00-0037301,T.Jackson,Theo Jackson,7,FS,DB,"https://static.www.nfl.com/image/upload/f_auto,q_auto/league/fqbmc78nlivf60av7ls4",MIN,8,8,0,3,0,0,0,0,0,0,1,3,3,0,0,0,0,0,0,0,0,0
2024,REG+POST,00-0037307,J.Taylor,Ja'Sir Taylor,14,CB,DB,"https://static.www.nfl.com/image/upload/f_auto,q_auto/league/qvvfjjcxkscn40ghjmfc",LAC,12,10,2,9,1,6,0,0,0,1,0,0,5,0,0,0,0,1,0,0,3,26
2024,REG+POST,00-0037310,J.Houston,James Houston,5,DE,DL,"https://static.www.nfl.com/image/upload/f_auto,q_auto/league/f9ohtckdyenrnzngujwi",DET,4,4,0,3,1,0,0,1,5,2,0,0,0,0,0,0,0,0,0,0,1,5
2024,REG+POST,00-0037313,M.Brown,Montaric Brown,16,CB,DB,"https://static.www.nfl.com/image/upload/f_auto,q_auto/league/ccshpp704c07vuqzl2bx",JAX,55,52,3,20,6,3,0,0,0,0,1,0,8,0,0,0,0,0,0,0,7,91
2024,REG+POST,00-0037314,I.Thomas,Isaiah Thomas,1,OLB,LB,"https://static.www.nfl.com/image/upload/f_auto,q_auto/league/c0do1cxlqginwgrhrkdz",DET,0,0,0,3,0,0,0,0,0,0,0,0,0,0,0,0,0,1,0,0,0,0
2024,REG+POST,00-0037316,M.Robinson,Mark Robinson,2,ILB,LB,"https://static.www.nfl.com/image/upload/f_auto,q_auto/league/l7u61ekvlhzwchpxcdbo",PIT,1,1,0,0,0,0,0,0,0,0,0,0,0,0,0,0,0,0,0,0,1,10
2024,REG+POST,00-0037318,B.Spector,Baylon Spector,7,ILB,LB,"https://static.www.nfl.com/image/upload/f_auto,q_auto/league/ijr3jcllxtc1eebuwf6s",BUF,20,15,5,17,2,4,0,1.5,1,1,0,0,0,0,0,0,0,1,0,0,1,14
2024,REG+POST,00-0037319,F.Hicks,Faion Hicks,2,CB,DB,"https://static.www.nfl.com/image/upload/f_auto,q_auto/league/vw79p5es078im4visydt",SEA,1,1,0,1,0,0,0,0,0,0,0,0,0,0,0,0,0,0,0,0,0,0
2024,REG+POST,00-0037320,D.Leonard,Deane Leonard,6,CB,DB,"https://static.www.nfl.com/image/upload/f_auto,q_auto/league/xuf9vjrpvw0orkcr9lev",LAC,4,4,0,1,1,0,0,0,0,0,1,0,4,0,0,0,0,0,0,0,0,0
2024,REG+POST,00-0037323,R.Thomas,Rodney Thomas,1,FS,DB,"https://static.www.nfl.com/image/upload/f_auto,q_auto/league/pqyeghqzuvxyk4tlmqgu",IND,5,5,0,2,0,0,0,0,0,0,0,0,0,0,0,0,0,0,0,0,0,0
2024,REG+POST,00-0037330,J.Luketa,Jesse Luketa,10,OLB,LB,"https://static.www.nfl.com/image/upload/f_auto,q_auto/league/ulrqjbgiw7ukufjd1yez",ARI,10,9,1,8,4,2,1,3,19,4,0,0,0,0,0,0,0,0,0,0,0,0
2024,REG+POST,00-0037332,D.Bell,D'Anthony Bell,2,SS,DB,"https://static.www.nfl.com/image/private/f_auto,q_auto/league/xhpy1f07l1iolbeqqt2c",CLE,3,3,0,1,1,1,0,0,0,1,0,0,0,0,0,0,0,0,0,0,0,0
2024,REG+POST,00-0037353,K.Kohou,Kader Kohou,15,CB,DB,"https://static.www.nfl.com/image/upload/f_auto,q_auto/league/i77u6ib9ha5a4l0qd3em",MIA,33,31,2,12,3,0,1,0,0,0,2,2,8,0,0,0,0,1,0,0,4,39
2024,REG+POST,00-0037356,B.Stille,Ben Stille,3,DT,DL,"https://static.www.nfl.com/image/upload/f_auto,q_auto/league/deyaszug78obvfjr5vyy",ARI,1,1,0,2,1,0,0,1,4,1,0,0,1,0,0,0,0,0,0,0,0,0
2024,REG+POST,00-0037356,B.Stille,Ben Stille,2,DT,DL,"https://static.www.nfl.com/image/upload/f_auto,q_auto/league/deyaszug78obvfjr5vyy",TB,0,0,0,1,0,0,0,0,0,0,0,0,0,0,0,0,0,1,0,0,0,0
2024,REG+POST,00-0037364,A.Mosby,Arron Mosby,8,DE,DL,"https://static.www.nfl.com/image/upload/f_auto,q_auto/league/sub2rfbfzebhuxzlt2jd",GB,2,2,0,6,1,6,0,0.5,4,2,0,0,2,0,0,0,0,0,0,0,0,0
2024,REG+POST,00-0037383,K.Mauga,Kana'i Mauga,1,ILB,LB,"https://static.www.nfl.com/image/upload/f_auto,q_auto/league/tc1qw2c1jhvezwnuriyu",LV,0,0,0,0,0,0,0,0,0,0,0,0,0,0,0,0,0,0,0,0,1,5
2024,REG+POST,00-0037384,J.McMillian,Ja'Quan McMillian,18,CB,DB,"https://static.www.nfl.com/image/upload/f_auto,q_auto/league/msznfdh1lffe06otzopj",DEN,63,57,6,22,4,11,1,1,14,2,2,44,10,1,0,0,0,0,0,0,8,70
2024,REG+POST,00-0037395,D.Flowers,Dallis Flowers,4,CB,DB,"https://static.www.nfl.com/image/upload/f_auto,q_auto/league/j9c8azu9yfqnye2igcw3",IND,9,8,1,0,1,0,0,0,0,0,0,0,0,0,0,0,0,0,0,0,0,0
2024,REG+POST,00-0037404,R.Van Demark,Ryan Van Demark,1,T,OL,"https://static.www.nfl.com/image/upload/f_auto,q_auto/league/tgrigwn4kaelix92wq1n",KC,1,1,0,0,0,0,0,0,0,0,0,0,0,0,0,0,0,0,0,0,0,0
2024,REG+POST,00-0037413,B.Brown,Ben Brown,1,G,OL,"https://static.www.nfl.com/image/upload/f_auto,q_auto/league/hbn5ev3uw1zh3esm7pgq",LA,1,1,0,0,0,0,0,0,0,0,0,0,0,0,0,0,0,0,0,0,0,0
2024,REG+POST,00-0037431,K.Jonathan,Kingsley Jonathan,1,DE,DL,"https://static.www.nfl.com/image/upload/f_auto,q_auto/league/bqknndwhdjnpkzp9h59r",BUF,0,0,0,0,0,0,0,0,0,1,0,0,0,0,0,0,0,0,0,0,0,0
2024,REG+POST,00-0037447,T.Fox,Tomon Fox,6,OLB,LB,"https://static.www.nfl.com/image/upload/f_auto,q_auto/league/emmzfraly1esjgnltpbj",NYG,6,5,1,6,2,4,0,1,8,3,0,0,0,0,0,0,0,0,0,0,2,22
2024,REG+POST,00-0037457,J.Hansen,Jake Hansen,6,OLB,LB,"https://static.www.nfl.com/image/upload/f_auto,q_auto/league/ien47foct6cyqxmgteit",HOU,11,10,1,7,1,4,0,1,0,1,0,0,0,0,0,0,0,0,0,0,0,0
2024,REG+POST,00-0037459,K.Hinish,Kurt Hinish,7,DT,DL,"https://static.www.nfl.com/image/upload/f_auto,q_auto/league/cwupwoir6q5dkctk9xxa",HOU,5,2,3,7,2,2,0,0,0,0,0,0,0,0,0,0,0,0,0,0,0,0
2024,REG+POST,00-0037461,T.McCollum,Tristin McCollum,7,FS,DB,"https://static.www.nfl.com/image/upload/f_auto,q_auto/league/q8kdlu6gicjcgghbmnx3",PHI,16,14,2,15,0,0,0,0,0,0,0,0,2,0,0,0,0,0,0,0,0,0
2024,REG+POST,00-0037468,R.Layne,Raheem Layne,2,SS,DB,"https://static.www.nfl.com/image/upload/f_auto,q_auto/league/wof6kufthckakmcv7rxu",NYG,3,3,0,0,0,0,0,0,0,0,0,0,0,0,0,0,0,0,0,0,1,9
2024,REG+POST,00-0037491,J.Russell,J.J. Russell,10,ILB,LB,"https://static.www.nfl.com/image/upload/f_auto,q_auto/league/ogzsthxpcatfqo6hwnjo",TB,17,15,2,10,0,0,0,0,0,0,0,0,1,0,0,0,0,0,0,0,1,9
2024,REG+POST,00-0037493,M.Brown,Mike Brown,9,FS,DB,"https://static.www.nfl.com/image/upload/f_auto,q_auto/league/gpfrvm1asukelu1i72yj",TEN,20,20,0,18,0,0,0,0,0,0,0,0,1,0,0,0,0,0,0,0,0,0
2024,REG+POST,00-0037512,I.Pola-Mao,Isaiah Pola-Mao,16,FS,DB,"https://static.www.nfl.com/image/upload/f_auto,q_auto/league/qgwwexwt0ubk6yzqub0k",LV,55,53,2,30,2,1,2,1,8,1,0,0,5,0,0,0,0,0,0,0,1,9
2024,REG+POST,00-0037517,L.Masterson,Luke Masterson,4,OLB,LB,"https://static.www.nfl.com/image/upload/f_auto,q_auto/league/fwfobtgnbj9tdku4vuwd",LV,8,7,1,6,0,0,0,0,0,0,0,0,0,0,0,0,0,0,0,0,0,0
2024,REG+POST,00-0037527,S.Olubi,Segun Olubi,1,MLB,LB,"https://static.www.nfl.com/image/upload/f_auto,q_auto/league/ow16svwnbsylrg17myne",IND,1,0,1,2,0,0,1,0,0,0,0,0,0,0,0,0,0,1,18,0,0,0
2024,REG+POST,00-0037544,N.Sewell,Nephi Sewell,2,MLB,LB,"https://static.www.nfl.com/image/upload/f_auto,q_auto/league/qmccgy5kvcviyzxmr0f8",NO,5,5,0,3,2,1,0,1,5,1,0,0,0,0,0,0,0,0,0,0,1,5
2024,REG+POST,00-0037545,R.Shaheed,Rashid Shaheed,1,WR,WR,"https://static.www.nfl.com/image/upload/f_auto,q_auto/league/mnaref4vwyau8mbsp0ri",KC,1,1,0,0,0,0,0,0,0,0,0,0,0,0,0,0,0,0,0,0,0,0
2024,REG+POST,00-0037545,R.Shaheed,Rashid Shaheed,1,WR,WR,"https://static.www.nfl.com/image/upload/f_auto,q_auto/league/mnaref4vwyau8mbsp0ri",TB,2,2,0,0,0,0,0,0,0,0,0,0,0,0,0,0,0,0,0,0,0,0
2024,REG+POST,00-0037549,D.Baker,Darrell Baker,11,CB,DB,"https://static.www.nfl.com/image/upload/f_auto,q_auto/league/jvblrleyv3vahveih7fc",TEN,28,27,1,8,1,0,0,0,0,0,0,0,5,0,0,0,0,0,0,0,3,23
2024,REG+POST,00-0037560,C.Wooten,Chandler Wooten,3,ILB,LB,"https://static.www.nfl.com/image/upload/f_auto,q_auto/league/xil7lf1lnywgdsc8wclv",CAR,14,14,0,15,0,0,0,0,0,0,0,0,0,0,0,0,0,0,0,0,0,0
2024,REG+POST,00-0037561,M.Bell,Markquese Bell,3,FS,DB,"https://static.www.nfl.com/image/upload/f_auto,q_auto/league/vtqjsdpik2m6dnmfh6of",DAL,3,3,0,1,0,0,0,0,0,0,0,0,0,0,0,0,0,0,0,0,2,20
2024,REG+POST,00-0037578,J.Thomas,Juanyeh Thomas,4,FS,DB,"https://static.www.nfl.com/image/upload/f_auto,q_auto/league/gluzbimvxdxqy27fljyf",DAL,5,5,0,3,0,0,0,0,0,0,0,0,1,0,0,0,0,0,0,0,0,0
2024,REG+POST,00-0037587,N.Landman,Nate Landman,13,ILB,LB,"https://static.www.nfl.com/image/upload/f_auto,q_auto/league/hpcdyme49wr6mtk4ftrp",ATL,39,38,1,41,0,0,3,0,0,0,0,0,1,0,0,0,0,0,0,0,1,5
2024,REG+POST,00-0037593,T.Avery,Tre Avery,2,CB,DB,"https://static.www.nfl.com/image/upload/f_auto,q_auto/league/a7kfv7xjftqlaqghk6sg",TEN,0,0,0,0,0,0,0,0,0,0,0,0,0,0,0,0,0,0,0,0,2,17
2024,REG+POST,00-0037594,J.Chestnut,Julius Chestnut,1,RB,RB,"https://static.www.nfl.com/image/upload/f_auto,q_auto/league/dmy7xkb6lv63qou6qag7",JAX,1,1,0,0,0,0,0,0,0,0,0,0,0,0,0,0,0,0,0,0,0,0
2024,REG+POST,00-0037596,J.Gibbens,Jack Gibbens,5,ILB,LB,"https://static.www.nfl.com/image/upload/f_auto,q_auto/league/bcejgmyvfqkmlkiux5ji",TEN,20,18,2,21,2,1,0,0.5,3,1,0,0,0,0,0,0,0,0,0,0,0,0
2024,REG+POST,00-0037602,S.Okuayinonu,Sam Okuayinonu,16,DE,DL,"https://static.www.nfl.com/image/upload/f_auto,q_auto/league/cejeyco38nl3iyyoqm08",SF,25,23,2,10,6,9,1,3,15,7,0,0,1,0,0,0,0,0,0,0,3,12
2024,REG+POST,00-0037603,J.Peevy,Jayden Peevy,4,DT,DL,"https://static.www.nfl.com/image/upload/f_auto,q_auto/league/nukplfyqjq7f1miw7h9o",CAR,2,2,0,4,1,0,1,1.5,3,3,0,0,1,0,0,0,0,0,0,0,0,0
2024,REG+POST,00-0037611,K.Thibodeaux,Kayvon Thibodeaux,12,OLB,LB,"https://static.www.nfl.com/image/upload/f_auto,q_auto/league/e9m5tfuhkstxtlavaxee",NYG,14,8,6,14,8,7,1,5.5,46,17,0,0,2,0,0,0,0,0,0,0,5,55
2024,REG+POST,00-0037614,J.Metchie,John Metchie,1,WR,WR,"https://static.www.nfl.com/image/upload/f_auto,q_auto/league/zf0d6hiyqnmtst0vwdpv",HOU,1,1,0,0,0,0,0,0,0,0,0,0,0,0,0,0,0,0,0,0,0,0
2024,REG+POST,00-0037614,J.Metchie,John Metchie,1,WR,WR,"https://static.www.nfl.com/image/upload/f_auto,q_auto/league/zf0d6hiyqnmtst0vwdpv",LAC,0,0,0,1,0,0,0,0,0,0,0,0,0,0,0,0,0,0,0,0,0,0
2024,REG+POST,00-0037614,J.Metchie,John Metchie,1,WR,WR,"https://static.www.nfl.com/image/upload/f_auto,q_auto/league/zf0d6hiyqnmtst0vwdpv",TEN,1,1,0,0,0,0,0,0,0,0,0,0,0,0,0,0,0,0,0,0,0,0
2024,REG+POST,00-0037615,N.Dean,Nakobe Dean,16,ILB,LB,"https://static.www.nfl.com/image/upload/f_auto,q_auto/league/yszg4za8axmftpn0os1v",PHI,83,75,8,51,11,12,1,3,26,6,1,0,4,0,0,0,0,2,0,0,1,5
2024,REG+POST,00-0037616,N.Cross,Nick Cross,17,SS,DB,"https://static.www.nfl.com/image/upload/f_auto,q_auto/league/tqhkmm1ru8kr4ug5blaq",IND,86,73,13,59,6,11,1,1,2,1,3,25,5,0,0,0,0,0,0,0,2,26
2024,REG+POST,00-0037617,H.Haskins,Hassan Haskins,1,RB,RB,"https://static.www.nfl.com/image/upload/f_auto,q_auto/league/kfqhhr4xcm2iaocbvdyp",HOU,1,1,0,0,0,0,0,0,0,0,0,0,0,0,0,0,0,0,0,0,0,0
2024,REG+POST,00-0037627,M.Greene,Mike Greene,2,DT,DL,"https://static.www.nfl.com/image/upload/f_auto,q_auto/league/am4sroiqifiizzjfjvt3",TB,0,0,0,2,0,0,0,0,0,0,0,0,0,0,0,0,0,0,0,0,0,0
2024,REG+POST,00-0037633,J.Hummel,Jake Hummel,4,ILB,LB,"https://static.www.nfl.com/image/upload/f_auto,q_auto/league/izuenctabrupcilnutno",LA,6,5,1,4,0,0,0,0,0,0,0,0,0,0,0,0,0,0,0,0,1,15
2024,REG+POST,00-0037661,J.Ingram,Ja'Marcus Ingram,10,CB,DB,"https://static.www.nfl.com/image/upload/f_auto,q_auto/league/nr6uixoe6pxz1kbzx4af",BUF,13,12,1,6,2,3,0,1,8,1,2,56,4,1,0,0,0,0,0,0,3,22
2024,REG+POST,00-0037662,C.Brewer,C.J. Brewer,7,DT,DL,"https://static.www.nfl.com/image/upload/f_auto,q_auto/league/olmlilzmltwaiyparvlw",TB,7,7,0,5,3,3,0,2,11,3,0,0,2,0,0,0,0,0,0,0,1,5
2024,REG+POST,00-0037663,J.Johnson,Jermaine Johnson,2,OLB,LB,"https://static.www.nfl.com/image/private/f_auto,q_auto/league/tksswzrbrb6ndpbczqon",NYJ,4,3,1,0,1,1,0,0,0,0,0,0,0,0,0,0,0,0,0,0,2,20
2024,REG+POST,00-0037664,A.Pierce,Alec Pierce,1,WR,WR,"https://static.www.nfl.com/image/upload/f_auto,q_auto/league/hvtcpccoigf9cghzkxcg",BUF,1,1,0,0,0,0,0,0,0,0,0,0,0,0,0,0,0,0,0,0,0,0
2024,REG+POST,00-0037664,A.Pierce,Alec Pierce,1,WR,WR,"https://static.www.nfl.com/image/upload/f_auto,q_auto/league/hvtcpccoigf9cghzkxcg",DEN,1,1,0,0,0,0,0,0,0,0,0,0,0,0,0,0,0,0,0,0,0,0
2024,REG+POST,00-0037664,A.Pierce,Alec Pierce,1,WR,WR,"https://static.www.nfl.com/image/upload/f_auto,q_auto/league/hvtcpccoigf9cghzkxcg",GB,1,1,0,0,0,0,0,0,0,0,0,0,0,0,0,0,0,0,0,0,0,0
2024,REG+POST,00-0037664,A.Pierce,Alec Pierce,1,WR,WR,"https://static.www.nfl.com/image/upload/f_auto,q_auto/league/hvtcpccoigf9cghzkxcg",NE,2,2,0,0,0,0,0,0,0,0,0,0,0,0,0,0,0,0,0,0,0,0
2024,REG+POST,00-0037666,J.Tolbert,Jalen Tolbert,1,WR,WR,"https://static.www.nfl.com/image/upload/f_auto,q_auto/league/cek1m1cbly5rfmmmjpcc",PHI,1,1,0,0,0,0,0,0,0,0,0,0,0,0,0,0,0,0,0,0,0,0
2024,REG+POST,00-0037667,K.Joseph,Kerby Joseph,18,FS,DB,"https://static.www.nfl.com/image/upload/f_auto,q_auto/league/bckxtrmsau8pnc0ay1wt",DET,64,58,6,24,2,2,0,0,0,1,9,99,12,1,0,0,0,0,0,0,1,2
2024,REG+POST,00-0037692,B.Aubrey,Brandon Aubrey,3,K,SPEC,"https://static.www.nfl.com/image/upload/f_auto,q_auto/league/ey93ifke290r8tn5jrqq",DAL,0,0,0,0,0,0,0,0,0,0,0,0,0,0,0,0,0,0,0,0,3,0
2024,REG+POST,00-0037711,J.Pharms,Jeremiah Pharms,14,DE,DL,"https://static.www.nfl.com/image/upload/f_auto,q_auto/league/hrdyerettrkbgusjbpa7",NE,16,14,2,17,4,5,0,2,5,5,0,0,0,0,0,0,0,0,0,0,0,0
2024,REG+POST,00-0037740,G.Wilson,Garrett Wilson,1,WR,WR,"https://static.www.nfl.com/image/private/f_auto,q_auto/league/llgosx4tokddwnyrgvbx",PIT,1,1,0,0,0,0,0,0,0,0,0,0,0,0,0,0,0,0,0,0,0,0
2024,REG+POST,00-0037742,T.Burks,Treylon Burks,1,WR,WR,"https://static.www.nfl.com/image/upload/f_auto,q_auto/league/xinnrxloao8wvyps7e3m",NYJ,1,1,0,0,0,0,0,0,0,0,0,0,0,0,0,0,0,0,0,0,0,0
2024,REG+POST,00-0037743,D.Hill,Dax Hill,5,CB,DB,"https://static.www.nfl.com/image/upload/f_auto,q_auto/league/wyjc84rbuuzxfdjl1nmu",CIN,20,16,4,5,1,0,0,1,1,1,0,0,2,0,0,0,0,0,0,0,1,5
2024,REG+POST,00-0037746,B.Robinson,Brian Robinson,1,RB,RB,"https://static.www.nfl.com/image/private/f_auto,q_auto/league/gxcfbuvmooytbn45kvxf",DAL,0,0,0,1,0,0,0,0,0,0,0,0,0,0,0,0,0,0,0,0,0,0
2024,REG+POST,00-0037752,T.Anderson,Tycen Anderson,1,SS,DB,"https://static.www.nfl.com/image/upload/f_auto,q_auto/league/ha4dkwuljxz4f64yvvtk",CIN,0,0,0,0,0,0,0,0,0,0,0,0,0,0,0,0,0,0,0,0,1,7
2024,REG+POST,00-0037753,C.Taylor-Britt,Cam Taylor-Britt,17,CB,DB,"https://static.www.nfl.com/image/upload/f_auto,q_auto/league/ysaiijfhzalqruk36u9r",CIN,58,53,5,19,1,0,0,0.5,2.5,1,3,79,16,1,0,0,0,0,0,0,9,86
2024,REG+POST,00-0037756,T.Jones,Travis Jones,17,DT,DL,"https://static.www.nfl.com/image/upload/f_auto,q_auto/league/ewpyusvcmkuxygz5y4bb",BAL,23,20,3,23,4,4,0,1,11,5,0,0,0,0,0,0,0,0,0,0,3,25
2024,REG+POST,00-0037757,B.Raimann,Bernhard Raimann,1,T,OL,"https://static.www.nfl.com/image/upload/f_auto,q_auto/league/hjwmelj38eqnelm4qhuo",HOU,1,1,0,0,0,0,0,0,0,0,0,0,0,0,0,0,0,0,0,0,0,0
2024,REG+POST,00-0037757,B.Raimann,Bernhard Raimann,1,T,OL,"https://static.www.nfl.com/image/upload/f_auto,q_auto/league/hjwmelj38eqnelm4qhuo",NYG,1,1,0,0,0,0,0,0,0,0,0,0,0,0,0,0,0,0,0,0,0,0
2024,REG+POST,00-0037758,C.Flott,Cordale Flott,14,CB,DB,"https://static.www.nfl.com/image/private/f_auto,q_auto/league/i3u7xars1k1hfmmibsfz",NYG,36,34,2,17,2,3,0,0,0,0,1,26,7,0,0,0,0,0,0,0,1,22
2024,REG+POST,00-0037759,D.Leal,DeMarvin Leal,3,DE,DL,"https://static.www.nfl.com/image/upload/f_auto,q_auto/league/fushytafw3abvkjewbqa",PIT,0,0,0,3,0,0,0,0,0,1,0,0,0,0,0,0,0,0,0,0,0,0
2024,REG+POST,00-0037799,D.Tillman,Dondrea Tillman,12,OLB,LB,"https://static.www.nfl.com/image/upload/f_auto,q_auto/league/leaa3bx9micsea3emfb7",DEN,15,14,1,14,5,0,0,5,40,7,0,0,0,0,0,0,0,0,0,0,0,0
2024,REG+POST,00-0037801,K.Turpin,Kavontae Turpin,1,WR,WR,"https://static.www.nfl.com/image/upload/f_auto,q_auto/league/lwkox2bvc6k3hqmidf4q",SF,1,1,0,0,0,0,0,0,0,0,0,0,0,0,0,0,0,0,0,0,0,0
2024,REG+POST,00-0037804,Z.Carter,Zach Carter,4,DT,DL,"https://static.www.nfl.com/image/upload/f_auto,q_auto/league/f64doat4n78solyaa7xv",CIN,4,2,2,5,0,0,0,0.5,0.5,1,0,0,0,0,0,0,0,0,0,0,0,0
2024,REG+POST,00-0037804,Z.Carter,Zach Carter,4,DT,DL,"https://static.www.nfl.com/image/upload/f_auto,q_auto/league/f64doat4n78solyaa7xv",LV,6,6,0,7,0,0,0,1,0,1,0,0,1,0,0,0,0,0,0,0,0,0
2024,REG+POST,00-0037807,J.Ezeudu,Joshua Ezeudu,1,G,OL,"https://static.www.nfl.com/image/upload/f_auto,q_auto/league/p7b21zmpoxp6hxr3uxnf",PHI,1,1,0,0,0,0,0,0,0,0,0,0,0,0,0,0,0,0,0,0,0,0
2024,REG+POST,00-0037808,D.Malone,DeAngelo Malone,5,OLB,LB,"https://static.www.nfl.com/image/upload/f_auto,q_auto/league/yja4sxs0ezraf7xonfgl",ATL,4,4,0,3,3,0,0,2,12,3,0,0,0,0,0,0,0,0,0,0,2,20
2024,REG+POST,00-0037809,C.Okonkwo,Chigoziem Okonkwo,1,TE,TE,"https://static.www.nfl.com/image/upload/f_auto,q_auto/league/ut2gqeq2lowknrro0wlu",CHI,1,1,0,0,0,0,0,0,0,0,0,0,0,0,0,0,0,0,0,0,0,0
2024,REG+POST,00-0037810,T.Andersen,Troy Andersen,6,ILB,LB,"https://static.www.nfl.com/image/upload/f_auto,q_auto/league/c6k4magsvhwcbrigevrz",ATL,25,21,4,19,1,2,0,0,0,1,1,47,1,1,0,0,0,0,0,0,0,0
2024,REG+POST,00-0037811,C.Muma,Chad Muma,9,ILB,LB,"https://static.www.nfl.com/image/upload/f_auto,q_auto/league/mxdsqj2tbvtzinxxocfc",JAX,11,9,2,19,0,0,0,0,0,0,0,0,0,0,0,0,0,0,0,0,1,6
2024,REG+POST,00-0037815,C.Thomas,Cameron Thomas,5,DE,DL,"https://static.www.nfl.com/image/upload/f_auto,q_auto/league/xqe85xjvxbji8qtmag52",CLE,6,5,1,5,4,8,0,1,5,1,0,0,0,0,0,0,0,0,0,0,0,0
2024,REG+POST,00-0037816,R.Doubs,Romeo Doubs,1,WR,WR,"https://static.www.nfl.com/image/upload/f_auto,q_auto/league/dyulbddqbqshoqdxgo63",ARI,1,1,0,0,0,0,0,0,0,0,0,0,0,0,0,0,0,0,0,0,0,0
2024,REG+POST,00-0037819,L.Chenal,Leo Chenal,19,OLB,LB,"https://static.www.nfl.com/image/upload/f_auto,q_auto/league/p9pdzh7vjaox47ua1l4w",KC,42,38,4,19,5,7,3,1,0,1,0,0,3,0,0,0,0,0,0,0,0,0
2024,REG+POST,00-0037822,B.Asamoah,Brian Asamoah,3,ILB,LB,"https://static.www.nfl.com/image/upload/f_auto,q_auto/league/t4ierjdhdouiuitfk2mi",MIN,1,1,0,1,0,0,0,0,0,0,0,0,0,0,0,0,0,0,0,0,2,10
2024,REG+POST,00-0037823,C.Harris,Christian Harris,4,ILB,LB,"https://static.www.nfl.com/image/upload/f_auto,q_auto/league/fk8f2wabhgouupktevy2",HOU,14,13,1,7,1,0,0,1,9,1,0,0,0,0,0,0,0,0,0,0,1,15
2024,REG+POST,00-0037830,S.Womack,Samuel Womack,15,CB,DB,"https://static.www.nfl.com/image/upload/f_auto,q_auto/league/mhorsiwogbumpbvoi41x",IND,26,25,1,10,0,0,0,0,0,0,2,4,9,0,0,0,0,0,0,0,0,0
2024,REG+POST,00-0037832,K.Davis,Kalia Davis,9,DT,DL,"https://static.www.nfl.com/image/upload/f_auto,q_auto/league/s1qmz1qxrhopqlaaa8yw",SF,6,5,1,6,0,0,0,0,0,0,1,2,1,0,0,0,0,0,0,0,1,5
2024,REG+POST,00-0037834,B.Purdy,Brock Purdy,1,QB,QB,"https://static.www.nfl.com/image/upload/f_auto,q_auto/league/myvg8siij2bn9ecx7btm",MIN,1,1,0,0,0,0,0,0,0,0,0,0,0,0,0,0,0,0,0,0,0,0
2024,REG+POST,00-0037835,L.Goedeke,Luke Goedeke,1,G,OL,"https://static.www.nfl.com/image/upload/f_auto,q_auto/league/pkqkhncqemqza7nrnxqy",LV,1,1,0,0,0,0,0,0,0,0,0,0,0,0,0,0,0,0,0,0,0,0
2024,REG+POST,00-0037839,C.Durant,Cobie Durant,17,CB,DB,"https://static.www.nfl.com/image/upload/f_auto,q_auto/league/j1ohmtsxxb0e99lb2isj",LA,30,27,3,13,5,7,1,2,23,3,2,0,10,0,0,0,0,0,0,0,3,25
2024,REG+POST,00-0037840,K.Williams,Kyren Williams,1,RB,RB,"https://static.www.nfl.com/image/upload/f_auto,q_auto/league/vcvstwywz6iufk7iul3x",LV,1,1,0,0,0,0,0,0,0,0,0,0,0,0,0,0,0,0,0,0,0,0
2024,REG+POST,00-0037841,Q.Lake,Quentin Lake,18,FS,DB,"https://static.www.nfl.com/image/upload/f_auto,q_auto/league/vn4gjzg1y1nqxrtnwvm7",LA,82,71,11,43,2,2,0,2,7,2,0,0,6,0,0,0,0,0,0,0,6,67
2024,REG+POST,00-0037843,D.Hardy,Daniel Hardy,3,DE,DL,"https://static.www.nfl.com/image/upload/f_auto,q_auto/league/csw6mwosvqfzqsubx6zn",CHI,0,0,0,1,0,0,0,0,0,0,0,0,0,0,0,0,0,0,0,0,2,15
2024,REG+POST,00-0037844,R.Yeast,Russ Yeast,1,FS,DB,"https://static.www.nfl.com/image/upload/f_auto,q_auto/league/g1uiqk3r9wklilsiqblg",HOU,1,1,0,0,0,0,0,0,0,0,0,0,0,0,0,0,0,0,0,0,0,0
2024,REG+POST,00-0038038,K.Hamilton,Kyle Hamilton,19,SS,DB,"https://static.www.nfl.com/image/upload/f_auto,q_auto/league/cesiygq2rdbzr5ilwixy",BAL,83,76,7,36,4,7,2,2,19,6,1,0,9,0,0,0,0,1,8,0,2,15
2024,REG+POST,00-0038039,J.Jones,Jack Jones,17,CB,DB,"https://static.www.nfl.com/image/upload/f_auto,q_auto/league/ko90ykjaxjceawovujpp",LV,52,50,2,17,3,8,0,0,0,0,3,53,16,1,0,0,0,0,0,0,4,53
2024,REG+POST,00-0038041,J.Ferguson,Jake Ferguson,1,TE,TE,"https://static.www.nfl.com/image/upload/f_auto,q_auto/league/lbvrn1ibwszd6tzgh6o1",HOU,1,1,0,0,0,0,0,0,0,0,0,0,0,0,0,0,0,0,0,0,0,0
2024,REG+POST,00-0038041,J.Ferguson,Jake Ferguson,1,TE,TE,"https://static.www.nfl.com/image/upload/f_auto,q_auto/league/lbvrn1ibwszd6tzgh6o1",PIT,1,1,0,0,0,0,0,0,0,0,0,0,0,0,0,0,0,0,0,0,0,0
2024,REG+POST,00-0038043,J.Williams,Joshua Williams,10,CB,DB,"https://static.www.nfl.com/image/private/f_auto,q_auto/league/wk6opycjhvjymx2iijgg",KC,17,15,2,13,2,1,0,1,12,1,0,0,6,0,0,0,0,0,0,0,5,55
2024,REG+POST,00-0038093,N.Farrell,Neil Farrell,3,DT,DL,"https://static.www.nfl.com/image/upload/f_auto,q_auto/league/pikpateqjukuersidq1m",MIA,1,1,0,1,0,0,0,0,0,1,0,0,0,0,0,0,0,0,0,0,1,5
2024,REG+POST,00-0038095,C.Volson,Cordell Volson,1,G,OL,"https://static.www.nfl.com/image/upload/f_auto,q_auto/league/ieayxjp8ybitkojsygff",TEN,0,0,0,1,0,0,0,0,0,0,0,0,0,0,0,0,0,0,0,0,0,0
2024,REG+POST,00-0038096,J.Paschal,Josh Paschal,14,DE,DL,"https://static.www.nfl.com/image/upload/f_auto,q_auto/league/cu4msshr9uspguaggw2c",DET,18,17,1,6,5,10,0,2,21,9,0,0,0,0,0,0,0,1,0,0,2,30
2024,REG+POST,00-0038097,C.York,Cade York,1,K,SPEC,"https://static.www.nfl.com/image/upload/f_auto,q_auto/league/irts9o3l9mzopvyg7c25",CIN,0,0,0,0,0,0,0,0,0,0,0,0,0,0,0,0,0,0,0,0,1,0
2024,REG+POST,00-0038097,C.York,Cade York,1,K,SPEC,"https://static.www.nfl.com/image/upload/f_auto,q_auto/league/irts9o3l9mzopvyg7c25",WAS,0,0,0,0,0,0,0,0,0,0,0,0,0,0,0,0,0,0,0,0,1,0
2024,REG+POST,00-0038098,P.Strong,Pierre Strong,1,RB,RB,"https://static.www.nfl.com/image/upload/f_auto,q_auto/league/xvsnviejqwulftgrccpb",CLE,0,0,0,0,0,0,0,0,0,0,0,0,0,0,0,0,0,0,0,0,1,10
2024,REG+POST,00-0038099,P.Mathis,Phidarian Mathis,10,DT,DL,"https://static.www.nfl.com/image/upload/f_auto,q_auto/league/dv4nzv6ykhxvmqcmydkz",WAS,8,6,2,9,2,3,0,0,0,0,0,0,1,0,0,0,0,0,0,0,1,5
2024,REG+POST,00-0038100,P.Butler,Percy Butler,17,FS,DB,"https://static.www.nfl.com/image/upload/f_auto,q_auto/league/a91iobuedgc4i8c8jq7j",WAS,24,23,1,15,2,5,0,0,0,1,0,0,1,0,0,0,0,0,0,0,0,0
2024,REG+POST,00-0038101,A.Evans,Akayleb Evans,2,CB,DB,"https://static.www.nfl.com/image/upload/f_auto,q_auto/league/hzdshia4xdcavsff29ro",CAR,3,3,0,0,0,0,0,0,0,0,0,0,1,0,0,0,0,0,0,0,0,0
2024,REG+POST,00-0038105,D.Mathis,Damarri Mathis,2,CB,DB,"https://static.www.nfl.com/image/upload/f_auto,q_auto/league/b9fsyzs155k1z6tu59ay",DEN,1,1,0,1,0,0,0,0,0,0,0,0,1,0,0,0,0,0,0,0,1,5
2024,REG+POST,00-0038106,E.Uwazurike,Eyioma Uwazurike,4,DE,DL,"https://static.www.nfl.com/image/private/f_auto,q_auto/league/xbwtjqynbo17z7wzfxgm",DEN,3,3,0,8,0,0,0,0.5,1.5,1,0,0,0,0,0,0,0,0,0,0,0,0
2024,REG+POST,00-0038107,M.Clemons,Micheal Clemons,16,DE,DL,"https://static.www.nfl.com/image/private/f_auto,q_auto/league/updhjnquszg3nlmfry8b",NYJ,18,17,1,16,4,0,1,4.5,40,8,0,0,0,0,0,0,0,0,0,0,2,25
2024,REG+POST,00-0038111,K.Gordon,Kyler Gordon,15,CB,DB,"https://static.www.nfl.com/image/upload/f_auto,q_auto/league/wl8zd7rxgqey3pkcn3dk",CHI,48,41,7,27,4,12,1,0.5,3.5,2,0,0,5,0,0,0,0,3,0,0,1,15
2024,REG+POST,00-0038115,D.Bellinger,Daniel Bellinger,1,TE,TE,"https://static.www.nfl.com/image/upload/f_auto,q_auto/league/f9xmqszyicfahxrcqevp",CIN,0,0,0,1,0,0,0,0,0,0,0,0,0,0,0,0,0,0,0,0,0,0
2024,REG+POST,00-0038116,A.Ebiketie,Arnold Ebiketie,16,OLB,LB,"https://static.www.nfl.com/image/upload/f_auto,q_auto/league/tqgcmucimktsyc0eapao",ATL,26,23,3,12,6,3,0,6,15,12,0,0,2,0,0,0,0,1,0,0,2,10
2024,REG+POST,00-0038119,J.Armour-Davis,Jalyn Armour-Davis,3,CB,DB,"https://static.www.nfl.com/image/upload/f_auto,q_auto/league/naj5duphe9ovcvuzh5q3",BAL,5,4,1,2,0,0,0,0,0,0,0,0,1,0,0,0,0,0,0,0,1,15
2024,REG+POST,00-0038120,B.Hall,Breece Hall,1,RB,RB,"https://static.www.nfl.com/image/upload/f_auto,q_auto/league/ekmqygsmfkwwwdmuox4r",BUF,1,1,0,0,0,0,0,0,0,0,0,0,0,0,0,0,0,0,0,0,0,0
2024,REG+POST,00-0038121,A.Taylor,Alontae Taylor,17,CB,DB,"https://static.www.nfl.com/image/upload/f_auto,q_auto/league/pnx5hwmmobgggp0xqewv",NO,61,60,1,28,7,8,2,4,32.5,6,0,0,16,0,0,0,0,0,0,0,6,67
2024,REG+POST,00-0038123,D.Belton,Dane Belton,13,SS,DB,"https://static.www.nfl.com/image/upload/f_auto,q_auto/league/fdbwg5bzk2dqhwixewxe",NYG,25,25,0,25,1,0,1,1,5,1,1,0,6,0,0,0,0,0,0,0,0,0
2024,REG+POST,00-0038124,C.Watson,Christian Watson,1,WR,WR,"https://static.www.nfl.com/image/upload/f_auto,q_auto/league/qenktpex0mep8er8dzxj",CHI,1,1,0,0,0,0,0,0,0,0,0,0,0,0,0,0,0,0,0,0,0,0
2024,REG+POST,00-0038124,C.Watson,Christian Watson,1,WR,WR,"https://static.www.nfl.com/image/upload/f_auto,q_auto/league/qenktpex0mep8er8dzxj",HOU,1,1,0,0,0,0,0,0,0,0,0,0,0,0,0,0,0,0,0,0,0,0
2024,REG+POST,00-0038124,C.Watson,Christian Watson,1,WR,WR,"https://static.www.nfl.com/image/upload/f_auto,q_auto/league/qenktpex0mep8er8dzxj",MIN,1,1,0,0,0,0,0,0,0,0,0,0,0,0,0,0,0,0,0,0,0,0
2024,REG+POST,00-0038125,R.McCreary,Roger McCreary,14,CB,DB,"https://static.www.nfl.com/image/upload/f_auto,q_auto/league/rl8mkd5usm1hz2bxz7wz",TEN,43,38,5,7,12,16,0,1,13,2,0,0,1,0,0,0,0,0,0,0,2,38
2024,REG+POST,00-0038127,L.Hall,Logan Hall,15,DE,DL,"https://static.www.nfl.com/image/upload/f_auto,q_auto/league/afszgwllud2yfkwy1v2o",TB,22,19,3,13,6,2,0,5.5,38.5,10,0,0,1,0,0,0,0,1,0,0,1,5
2024,REG+POST,00-0038129,C.Otton,Cade Otton,1,TE,TE,"https://static.www.nfl.com/image/upload/f_auto,q_auto/league/mljam77kst1wlqd5y91v",CAR,1,1,0,0,0,0,0,0,0,0,0,0,0,0,0,0,0,0,0,0,0,0
2024,REG+POST,00-0038129,C.Otton,Cade Otton,1,TE,TE,"https://static.www.nfl.com/image/upload/f_auto,q_auto/league/mljam77kst1wlqd5y91v",LAC,1,1,0,0,0,0,0,0,0,0,0,0,0,0,0,0,0,0,0,0,0,0
2024,REG+POST,00-0038129,C.Otton,Cade Otton,1,TE,TE,"https://static.www.nfl.com/image/upload/f_auto,q_auto/league/mljam77kst1wlqd5y91v",NO,2,2,0,0,0,0,0,0,0,0,0,0,0,0,0,0,0,0,0,0,0,0
2024,REG+POST,00-0038130,A.Booth,Andrew Booth,4,CB,DB,"https://static.www.nfl.com/image/upload/f_auto,q_auto/league/vg0kwozv8jzcn5vf4wzz",DAL,10,10,0,5,0,0,0,0,0,0,0,0,1,0,0,0,0,0,0,0,2,25
2024,REG+POST,00-0038133,B.Mafe,Boye Mafe,14,OLB,LB,"https://static.www.nfl.com/image/upload/f_auto,q_auto/league/opdxbddpt2x3wsjjoqb3",SEA,25,22,3,15,8,4,1,6,59,12,0,0,3,0,0,0,0,0,0,0,1,5
2024,REG+POST,00-0038134,K.Walker,Kenneth Walker,1,RB,RB,"https://static.www.nfl.com/image/upload/f_auto,q_auto/league/ielqdthtspzi0ufvs4tw",BUF,1,1,0,0,0,0,0,0,0,0,0,0,0,0,0,0,0,0,0,0,0,0
2024,REG+POST,00-0038134,K.Walker,Kenneth Walker,1,RB,RB,"https://static.www.nfl.com/image/upload/f_auto,q_auto/league/ielqdthtspzi0ufvs4tw",DET,1,1,0,0,0,0,0,0,0,0,0,0,0,0,0,0,0,0,0,0,0,0
2024,REG+POST,00-0038134,K.Walker,Kenneth Walker,1,RB,RB,"https://static.www.nfl.com/image/upload/f_auto,q_auto/league/ielqdthtspzi0ufvs4tw",NYG,1,1,0,0,0,0,0,0,0,0,0,0,0,0,0,0,0,0,0,0,0,0
2024,REG+POST,00-0038135,J.Brisker,Jaquan Brisker,5,SS,DB,"https://static.www.nfl.com/image/upload/f_auto,q_auto/league/gevligumostjq3l10dpy",CHI,23,20,3,17,3,3,1,1,9,1,1,0,2,0,0,0,0,0,0,0,1,15
2024,REG+POST,00-0038136,C.Bryant,Coby Bryant,12,CB,DB,"https://static.www.nfl.com/image/upload/f_auto,q_auto/league/kqygk55yo1zil3w7bxgb",SEA,45,42,3,23,1,1,1,0,0,2,3,87,6,1,0,0,0,0,0,0,0,0
2024,REG+POST,00-0038142,D.Ojabo,David Ojabo,11,OLB,LB,"https://static.www.nfl.com/image/upload/f_auto,q_auto/league/vndppohx0wpzjluwany7",BAL,6,5,1,4,2,0,0,2,11,6,0,0,0,0,0,0,0,0,0,0,1,5
2024,REG+POST,00-0038348,J.Butler,Josh Butler,4,CB,DB,"https://static.www.nfl.com/image/upload/f_auto,q_auto/league/xmlysu9f1wzqxv29qq0y",DAL,17,17,0,4,0,0,0,1,0,0,0,0,5,0,0,0,0,0,0,0,1,4
2024,REG+POST,00-0038381,K.Kelly,Kyu Blu Kelly,1,CB,DB,"https://static.www.nfl.com/image/upload/f_auto,q_auto/league/jmwlrbcsuzckrohnwgdu",LV,1,1,0,1,0,0,0,0,0,0,0,0,0,0,0,0,0,0,0,0,1,13
2024,REG+POST,00-0038386,J.Carter,Jalen Carter,20,DT,DL,"https://static.www.nfl.com/image/upload/f_auto,q_auto/league/pinfphooryjcgwtq5h1y",PHI,28,27,1,23,14,15,3,6.5,47,23,0,0,9,0,0,0,0,0,0,0,7,45
2024,REG+POST,00-0038387,C.Wooden,Colby Wooden,10,DT,DL,"https://static.www.nfl.com/image/upload/f_auto,q_auto/league/ylfq9x2dbjxzrlhiwvh3",GB,9,8,1,13,2,3,0,0.5,1.5,4,0,0,2,0,0,0,0,0,0,0,1,15
2024,REG+POST,00-0038390,N.Sewell,Noah Sewell,1,ILB,LB,"https://static.www.nfl.com/image/upload/f_auto,q_auto/league/dlkq9vlzvdg9coslpkqr",CHI,0,0,0,0,0,0,0,0,0,0,0,0,0,0,0,0,0,0,0,0,1,10
2024,REG+POST,00-0038393,D.Wicks,Dontayvion Wicks,1,WR,WR,"https://static.www.nfl.com/image/upload/f_auto,q_auto/league/ghsev2bmz8kvhm8dsbey",CHI,1,1,0,0,0,0,0,0,0,0,0,0,0,0,0,0,0,0,0,0,0,0
2024,REG+POST,00-0038393,D.Wicks,Dontayvion Wicks,2,WR,WR,"https://static.www.nfl.com/image/upload/f_auto,q_auto/league/ghsev2bmz8kvhm8dsbey",PHI,2,2,0,0,0,0,0,0,0,0,0,0,0,0,0,0,0,0,0,0,0,0
2024,REG+POST,00-0038395,T.Smith,Terell Smith,8,CB,DB,"https://static.www.nfl.com/image/upload/f_auto,q_auto/league/em7vobbz7769pgrkgsam",CHI,14,14,0,1,1,2,0,0,0,0,1,23,4,0,0,0,0,0,0,0,1,10
2024,REG+POST,00-0038398,K.Brooks,Karl Brooks,14,DT,DL,"https://static.www.nfl.com/image/upload/f_auto,q_auto/league/dkxt0an8h8n9agmumnv4",GB,15,14,1,10,4,0,1,3.5,22.5,6,0,0,2,0,0,1,0,2,0,0,1,5
2024,REG+POST,00-0038401,J.Bernard-Converse,Jarrick Bernard-Converse,2,CB,DB,"https://static.www.nfl.com/image/upload/f_auto,q_auto/league/mv5qkxs1gdz5zaaodq2o",NYJ,0,0,0,1,0,0,0,0,0,0,0,0,0,0,0,0,0,0,0,0,1,10
2024,REG+POST,00-0038402,A.Carlson,Anders Carlson,1,K,SPEC,"https://static.www.nfl.com/image/upload/f_auto,q_auto/league/hier2cwevwkhkpgoxvb2",SF,0,0,0,0,0,0,0,0,0,0,0,0,0,0,0,0,0,0,0,0,1,0
2024,REG+POST,00-0038403,T.Hawkins,Tre Hawkins,2,CB,DB,"https://static.www.nfl.com/image/upload/f_auto,q_auto/league/zwgrwf6yfm9qapevu9vd",NYG,8,8,0,2,0,0,0,0,0,0,1,0,2,0,0,0,0,0,0,0,0,0
2024,REG+POST,00-0038404,T.Leo,Titus Leo,1,DE,DL,"https://static.www.nfl.com/image/upload/f_auto,q_auto/league/zwhsqtlohphoc8nnx4pr",NE,1,1,0,0,1,2,0,0,0,0,0,0,1,0,0,0,0,0,0,0,0,0
2024,REG+POST,00-0038407,J.Jones,Jaylon Jones,17,CB,DB,"https://static.www.nfl.com/image/upload/f_auto,q_auto/league/iqbagbgszduwi3emej5y",IND,66,55,11,33,3,3,1,0,0,0,2,5,12,0,0,0,0,0,0,0,8,53
2024,REG+POST,00-0038408,C.Valentine,Carrington Valentine,12,CB,DB,"https://static.www.nfl.com/image/upload/f_auto,q_auto/league/wtkzctyceullg5napiwx",GB,19,19,0,16,0,0,2,0,0,0,2,51,5,0,1,0,0,0,0,0,2,15
2024,REG+POST,00-0038411,A.Johnson,Anthony Johnson,2,FS,DB,"https://static.www.nfl.com/image/upload/f_auto,q_auto/league/hrmdmayuthqss0ogeo8g",NYG,0,0,0,2,0,0,0,0,0,0,0,0,1,0,0,0,0,0,0,0,0,0
2024,REG+POST,00-0038412,M.Ojomo,Moro Ojomo,17,DT,DL,"https://static.www.nfl.com/image/upload/f_auto,q_auto/league/xiw3xvqgqtxvoeyp8g56",PHI,11,11,0,16,2,2,0,1,7,6,0,0,0,0,0,0,0,0,0,0,5,35
2024,REG+POST,00-0038414,K.Williamson,Kendall Williamson,1,SS,DB,,LAC,1,1,0,0,0,0,0,0,0,0,0,0,0,0,0,0,0,0,0,0,0,0
2024,REG+POST,00-0038463,B.Cox,Brenton Cox,7,DE,DL,"https://static.www.nfl.com/image/private/f_auto,q_auto/league/zimkhmtzazkhu8myiw8u",GB,8,8,0,4,5,3,1,4,29,7,0,0,0,0,0,0,0,0,0,0,1,16
2024,REG+POST,00-0038479,D.Johnson,Dyontae Johnson,1,ILB,LB,"https://static.www.nfl.com/image/upload/f_auto,q_auto/league/aqf9boenxakrjqggx8d6",NYG,6,6,0,4,0,0,0,0,0,0,0,0,0,0,0,0,0,0,0,0,0,0
2024,REG+POST,00-0038487,E.Ricks,Eli Ricks,1,CB,DB,"https://static.www.nfl.com/image/upload/f_auto,q_auto/league/bazjehllwcyevnucj17s",PHI,1,1,0,0,0,0,0,0,0,0,0,0,0,0,0,0,0,0,0,0,0,0
2024,REG+POST,00-0038493,C.Cherelus,Claudin Cherelus,5,ILB,LB,"https://static.www.nfl.com/image/upload/f_auto,q_auto/league/rytmqgi3btwwv5qekt8k",CAR,10,9,1,11,0,0,0,0,0,1,0,0,0,0,0,0,0,0,0,0,0,0
2024,REG+POST,00-0038504,T.Simpson,Trenton Simpson,14,ILB,LB,"https://static.www.nfl.com/image/upload/f_auto,q_auto/league/pexqqrbwwiupvcnx8aqc",BAL,38,33,5,31,5,4,0,1.5,13,6,0,0,4,0,0,0,0,1,0,0,2,10
2024,REG+POST,00-0038505,T.Robinson,Tavius Robinson,15,OLB,LB,"https://static.www.nfl.com/image/upload/f_auto,q_auto/league/yckppb0zku0y95fafjqi",BAL,16,15,1,20,6,4,0,3.5,16.5,12,0,0,1,0,0,0,0,0,0,0,0,0
2024,REG+POST,00-0038506,J.Riley,Jordon Riley,9,NT,DL,"https://static.www.nfl.com/image/upload/f_auto,q_auto/league/nhbbsxb2cndzjxy2deqd",NYG,7,4,3,5,3,4,0,0,0,1,0,0,0,0,0,0,0,0,0,0,0,0
2024,REG+POST,00-0038513,C.Jones,Cam Jones,2,ILB,LB,"https://static.www.nfl.com/image/upload/f_auto,q_auto/league/wdmmrres2m4cqw1cqzxw",KC,7,7,0,5,0,0,0,0,0,1,0,0,0,0,0,0,0,0,0,0,0,0
2024,REG+POST,00-0038514,T.Jones,Truman Jones,1,DE,DL,"https://static.www.nfl.com/image/upload/f_auto,q_auto/league/canoi1u7f9tciq9uahe6",NE,2,2,0,0,0,0,0,0,0,0,0,0,0,0,0,0,0,0,0,0,0,0
2024,REG+POST,00-0038535,D.Johnson,D.J. Johnson,13,OLB,LB,"https://static.www.nfl.com/image/upload/f_auto,q_auto/league/jqdjfkd5zx0nd3o2y9yp",CAR,19,16,3,25,3,5,0,0.5,0,1,0,0,1,0,0,0,0,1,0,0,2,10
2024,REG+POST,00-0038541,T.Wilson,Tyree Wilson,13,DE,DL,"https://static.www.nfl.com/image/upload/f_auto,q_auto/league/j9oaanjxzxyevcgw5x1o",LV,16,14,2,11,6,7,1,4.5,36,10,0,0,0,0,0,0,0,0,0,0,0,0
2024,REG+POST,00-0038542,B.Robinson,Bijan Robinson,1,RB,RB,"https://static.www.nfl.com/image/upload/f_auto,q_auto/league/rydwvaod6ethdjap41l6",SEA,2,2,0,0,0,0,0,0,0,0,0,0,0,0,0,0,0,0,0,0,0,0
2024,REG+POST,00-0038543,J.Smith-Njigba,Jaxon Smith-Njigba,1,WR,WR,"https://static.www.nfl.com/image/upload/f_auto,q_auto/league/lfroslgx4bo5p641flvg",DEN,1,1,0,0,0,0,0,0,0,0,0,0,0,0,0,0,0,0,0,0,0,0
2024,REG+POST,00-0038543,J.Smith-Njigba,Jaxon Smith-Njigba,1,WR,WR,"https://static.www.nfl.com/image/upload/f_auto,q_auto/league/lfroslgx4bo5p641flvg",GB,1,1,0,0,0,0,0,0,0,0,0,0,0,0,0,0,0,0,0,0,0,0
2024,REG+POST,00-0038543,J.Smith-Njigba,Jaxon Smith-Njigba,1,WR,WR,"https://static.www.nfl.com/image/upload/f_auto,q_auto/league/lfroslgx4bo5p641flvg",LA,1,1,0,0,0,0,0,0,0,0,0,0,0,0,0,0,0,0,0,0,0,0
2024,REG+POST,00-0038543,J.Smith-Njigba,Jaxon Smith-Njigba,1,WR,WR,"https://static.www.nfl.com/image/upload/f_auto,q_auto/league/lfroslgx4bo5p641flvg",SF,1,1,0,0,0,0,0,0,0,0,0,0,0,0,0,0,0,0,0,0,0,0
2024,REG+POST,00-0038544,Q.Johnston,Quentin Johnston,1,WR,WR,"https://static.www.nfl.com/image/upload/f_auto,q_auto/league/jbxlvsbokf9qdqtet1qr",HOU,1,1,0,0,0,0,0,0,0,0,0,0,0,0,0,0,0,0,0,0,0,0
2024,REG+POST,00-0038544,Q.Johnston,Quentin Johnston,1,WR,WR,"https://static.www.nfl.com/image/upload/f_auto,q_auto/league/jbxlvsbokf9qdqtet1qr",TB,1,1,0,0,0,0,0,0,0,0,0,0,0,0,0,0,0,0,0,0,0,0
2024,REG+POST,00-0038545,M.Smith,Mazi Smith,14,DT,DL,"https://static.www.nfl.com/image/upload/f_auto,q_auto/league/ybtjhpy0hmqrcfidovtp",DAL,22,22,0,19,4,6,0,1,4,3,0,0,0,0,0,0,0,0,0,0,2,10
2024,REG+POST,00-0038546,M.Murphy,Myles Murphy,11,DE,DL,"https://static.www.nfl.com/image/upload/f_auto,q_auto/league/mkssyscywnlyrppp4si9",CIN,11,10,1,9,1,2,0,0,0,4,0,0,1,0,0,0,0,0,0,0,0,0
2024,REG+POST,00-0038549,D.Turner,D.J. Turner,10,CB,DB,"https://static.www.nfl.com/image/private/f_auto,q_auto/league/hslzr07pijr34cxinomu",CIN,24,23,1,4,1,1,0,0,0,0,0,0,8,0,0,0,0,0,0,0,3,45
2024,REG+POST,00-0038552,R.Moss,Riley Moss,15,CB,DB,"https://static.www.nfl.com/image/upload/f_auto,q_auto/league/s7u0h1cu3skpfd2bygal",DEN,70,66,4,23,1,3,1,0,0,0,1,0,9,0,0,0,0,1,0,0,5,88
2024,REG+POST,00-0038553,D.Henley,Daiyan Henley,17,ILB,LB,"https://static.www.nfl.com/image/upload/f_auto,q_auto/league/hi2koemyxkbqkqapngiv",LAC,88,76,12,64,7,11,0,1,1,4,1,4,8,0,0,0,0,0,0,0,2,10
2024,REG+POST,00-0038554,J.Brown,Ji'Ayir Brown,17,SS,DB,"https://static.www.nfl.com/image/upload/f_auto,q_auto/league/mjuyz4c8q5m60ar3l7ke",SF,48,42,6,29,3,2,0,0,0,0,1,0,6,0,0,0,0,0,0,0,0,0
2024,REG+POST,00-0038555,T.Bigsby,Tank Bigsby,1,RB,RB,"https://static.www.nfl.com/image/upload/f_auto,q_auto/league/vwl0kijb59dp20m3hs3u",HOU,1,1,0,0,0,0,0,0,0,0,0,0,0,0,0,0,0,0,0,0,0,0
2024,REG+POST,00-0038555,T.Bigsby,Tank Bigsby,1,RB,RB,"https://static.www.nfl.com/image/upload/f_auto,q_auto/league/vwl0kijb59dp20m3hs3u",JAX,0,0,0,0,0,0,0,0,0,0,0,0,0,0,0,0,0,0,0,0,1,9
2024,REG+POST,00-0038555,T.Bigsby,Tank Bigsby,1,RB,RB,"https://static.www.nfl.com/image/upload/f_auto,q_auto/league/vwl0kijb59dp20m3hs3u",TEN,1,1,0,0,0,0,0,0,0,0,0,0,0,0,0,0,0,0,0,0,0,0
2024,REG+POST,00-0038556,D.Overshown,DeMarvion Overshown,13,ILB,LB,"https://static.www.nfl.com/image/upload/f_auto,q_auto/league/mbrs3s0sna7k1sbmhosy",DAL,55,52,3,32,8,8,1,5,32,5,1,23,4,1,0,0,0,1,0,0,1,15
2024,REG+POST,00-0038557,D.Williams,Dorian Williams,16,OLB,LB,"https://static.www.nfl.com/image/upload/f_auto,q_auto/league/ntnd5dlrhtbysxlmjovo",BUF,68,53,15,48,6,3,1,0,0,2,0,0,0,0,0,0,0,3,0,0,0,0
2024,REG+POST,00-0038559,M.Wilson,Michael Wilson,1,WR,WR,"https://static.www.nfl.com/image/upload/f_auto,q_auto/league/spsbduvpqe21tgkwhvbc",ARI,0,0,0,0,0,0,0,0,0,0,0,0,0,0,0,1,0,0,0,0,0,0
2024,REG+POST,00-0038559,M.Wilson,Michael Wilson,1,WR,WR,"https://static.www.nfl.com/image/upload/f_auto,q_auto/league/spsbduvpqe21tgkwhvbc",LA,1,1,0,0,0,0,0,0,0,0,0,0,0,0,0,0,0,0,0,0,0,0
2024,REG+POST,00-0038559,M.Wilson,Michael Wilson,1,WR,WR,"https://static.www.nfl.com/image/upload/f_auto,q_auto/league/spsbduvpqe21tgkwhvbc",MIN,1,1,0,0,0,0,0,0,0,0,0,0,0,0,0,0,0,0,0,0,0,0
2024,REG+POST,00-0038560,J.Battle,Jordan Battle,12,SS,DB,"https://static.www.nfl.com/image/upload/f_auto,q_auto/league/xv7nizldbgrkd2hb7nky",CIN,31,28,3,22,1,3,0,0,0,1,1,0,3,0,1,1,60,1,60,0,0,0
2024,REG+POST,00-0038562,J.Moody,Jake Moody,2,K,SPEC,"https://static.www.nfl.com/image/upload/f_auto,q_auto/league/hu0y90mulhnhdg2fvlpv",SF,0,0,0,0,0,0,0,0,0,0,0,0,0,0,0,0,0,0,0,0,3,0
2024,REG+POST,00-0038563,T.Tucker,Tre Tucker,2,WR,WR,"https://static.www.nfl.com/image/upload/f_auto,q_auto/league/soebzcfwhgnjffwqv1ox",DEN,2,2,0,0,0,0,0,0,0,0,0,0,0,0,0,0,0,0,0,0,0,0
2024,REG+POST,00-0038563,T.Tucker,Tre Tucker,1,WR,WR,"https://static.www.nfl.com/image/upload/f_auto,q_auto/league/soebzcfwhgnjffwqv1ox",PIT,0,0,0,1,0,0,0,0,0,0,0,0,0,0,0,0,0,0,0,0,0,0
2024,REG+POST,00-0038568,C.Phillips,Clark Phillips,14,CB,DB,"https://static.www.nfl.com/image/upload/f_auto,q_auto/league/lhbyynacjgvbmbp93jrg",ATL,27,27,0,8,3,0,2,0,0,0,1,45,5,0,0,0,0,1,5,0,0,0
2024,REG+POST,00-0038570,V.Miller,Ventrell Miller,14,ILB,LB,"https://static.www.nfl.com/image/upload/f_auto,q_auto/league/pbagjwqsiqihxf7wn0lu",JAX,48,45,3,26,4,4,1,0,0,0,0,0,3,0,0,0,0,0,0,0,2,20
2024,REG+POST,00-0038574,I.McGuire,Isaiah McGuire,13,DE,DL,"https://static.www.nfl.com/image/upload/f_auto,q_auto/league/et5evv7lklymlfqsrifr",CLE,17,13,4,17,8,15,3,2.5,29.5,9,0,0,0,0,0,0,0,0,0,0,0,0
2024,REG+POST,00-0038577,N.Herbig,Nick Herbig,12,OLB,LB,"https://static.www.nfl.com/image/upload/f_auto,q_auto/league/anxc5qttmlrim3c4wegs",PIT,13,13,0,9,5,6,4,5.5,41.5,11,0,0,0,0,0,0,0,1,0,0,2,15
2024,REG+POST,00-0038578,J.Ward,Jay Ward,4,SS,DB,"https://static.www.nfl.com/image/upload/f_auto,q_auto/league/wveasdcxnx4gxvfknhjj",MIN,0,0,0,0,0,0,0,0,0,1,0,0,1,0,0,0,0,0,0,0,2,15
2024,REG+POST,00-0038579,A.O'Connell,Aidan O'Connell,1,QB,QB,"https://static.www.nfl.com/image/upload/f_auto,q_auto/league/aphs7sdbtn8v4zo9pz6w",PIT,0,0,0,1,0,0,0,0,0,0,0,0,0,0,0,0,0,0,0,0,0,0
2024,REG+POST,00-0038580,Y.Abdullah,Yasir Abdullah,7,OLB,LB,"https://static.www.nfl.com/image/upload/f_auto,q_auto/league/xl9enhldwbsswgrhw6rl",JAX,11,9,2,4,0,0,0,0,0,1,0,0,0,0,0,0,0,0,0,0,0,0
2024,REG+POST,00-0038581,K.Henry,K.J. Henry,1,DE,DL,"https://static.www.nfl.com/image/upload/f_auto,q_auto/league/tuxlq3yp5alivdyqugdw",DAL,1,1,0,2,1,0,0,1,9,1,0,0,0,0,0,0,0,0,0,0,0,0
2024,REG+POST,00-0038584,J.Roy,Jaquelin Roy,6,NT,DL,"https://static.www.nfl.com/image/upload/f_auto,q_auto/league/qnbp4fkzgxvoq9ujzsvg",NE,12,8,4,5,3,2,0,2,12,2,0,0,0,0,0,0,0,0,0,0,1,5
2024,REG+POST,00-0038585,C.Mitchell,Cameron Mitchell,11,CB,DB,"https://static.www.nfl.com/image/upload/f_auto,q_auto/league/eorkmm4qk81jeoagz4vk",CLE,16,15,1,7,1,0,0,0,0,0,0,0,2,0,0,0,0,0,0,0,1,5
2024,REG+POST,00-0038587,J.Robinson,Jammie Robinson,1,SS,DB,"https://static.www.nfl.com/image/upload/f_auto,q_auto/league/i7kq2d24rxp3jrdhqhqb",CAR,1,1,0,0,0,0,0,0,0,0,0,0,0,0,0,0,0,0,0,0,0,0
2024,REG+POST,00-0038588,J.Howden,Jordan Howden,14,SS,DB,"https://static.www.nfl.com/image/upload/f_auto,q_auto/league/owoiyekfqubivzmyxbf2",NO,26,22,4,21,1,3,0,0,0,0,2,-2,2,0,0,0,0,0,0,0,0,0
2024,REG+POST,00-0038589,J.Whyle,Josh Whyle,1,TE,TE,"https://static.www.nfl.com/image/upload/f_auto,q_auto/league/ccstvnbjzprcpb2j9xnb",DET,1,1,0,0,0,0,0,0,0,0,0,0,0,0,0,0,0,0,0,0,0,0
2024,REG+POST,00-0038591,M.Morris,Mike Morris,2,DE,DL,"https://static.www.nfl.com/image/upload/f_auto,q_auto/league/kf3fpjpfo0bi0u68odub",SEA,2,2,0,1,0,0,0,0,0,0,0,0,0,0,0,0,0,0,0,0,0,0
2024,REG+POST,00-0038596,A.Johnson,Antonio Johnson,17,FS,DB,"https://static.www.nfl.com/image/upload/f_auto,q_auto/league/tjsf0gcjadctiutzrg6y",JAX,54,46,8,18,1,1,0,0,0,0,0,0,2,0,0,0,0,0,0,0,3,24
2024,REG+POST,00-0038599,H.To'oTo'o,Henry To'oTo'o,17,ILB,LB,"https://static.www.nfl.com/image/upload/f_auto,q_auto/league/lzjf89v0yrny4kkpzpwh",HOU,57,52,5,60,7,16,1,1.5,0.5,1,1,0,3,0,0,0,0,0,0,0,2,20
2024,REG+POST,00-0038600,O.Pappoe,Owen Pappoe,8,ILB,LB,"https://static.www.nfl.com/image/upload/f_auto,q_auto/league/hlcz0lsiovtkgpdmqcam",ARI,13,10,3,7,0,0,1,0,0,0,0,0,2,0,0,0,0,0,0,0,0,0
2024,REG+POST,00-0038602,C.Smith,Christopher Smith,1,SS,DB,"https://static.www.nfl.com/image/upload/f_auto,q_auto/league/guzqpawkjsj7bzc4s1k3",LV,1,1,0,1,0,0,0,0,0,0,0,0,0,0,0,0,0,0,0,0,0,0
2024,REG+POST,00-0038603,R.Beal,Robert Beal,7,DE,DL,"https://static.www.nfl.com/image/upload/f_auto,q_auto/league/bi7xnpkq9esrttnytx17",SF,6,5,1,5,0,0,0,0,0,0,0,0,0,0,0,0,0,0,0,0,0,0
2024,REG+POST,00-0038605,J.Skinner,J.L. Skinner,1,SS,DB,"https://static.www.nfl.com/image/upload/f_auto,q_auto/league/y9rvsbuhqazop9vzaazg",DEN,0,0,0,1,0,0,0,0,0,0,0,0,0,0,0,0,0,0,0,0,0,0
2024,REG+POST,00-0038606,P.Washington,Parker Washington,1,WR,WR,"https://static.www.nfl.com/image/private/f_auto,q_auto/league/pukz1x5ysxkhvsmcttdm",NYJ,1,1,0,0,0,0,0,0,0,0,0,0,0,0,0,0,0,0,0,0,0,0
2024,REG+POST,00-0038606,P.Washington,Parker Washington,1,WR,WR,"https://static.www.nfl.com/image/private/f_auto,q_auto/league/pukz1x5ysxkhvsmcttdm",TEN,1,1,0,0,0,0,0,0,0,0,0,0,0,0,0,0,0,0,0,0,0,0
2024,REG+POST,00-0038613,J.Reed,Jerrick Reed,1,SS,DB,"https://static.www.nfl.com/image/upload/f_auto,q_auto/league/dbndeodtcwat0j2qjely",SEA,0,0,0,0,0,0,0,0,0,0,0,0,0,0,0,0,0,0,0,0,1,10
2024,REG+POST,00-0038614,S.Matlock,Scott Matlock,1,FB,RB,"https://static.www.nfl.com/image/upload/f_auto,q_auto/league/qin48hcmcufdvuvyefxz",CAR,1,1,0,0,0,0,0,0,0,0,0,0,0,0,0,0,0,0,0,0,0,0
2024,REG+POST,00-0038614,S.Matlock,Scott Matlock,8,FB,RB,"https://static.www.nfl.com/image/upload/f_auto,q_auto/league/qin48hcmcufdvuvyefxz",LAC,2,2,0,5,1,0,0,1,6,1,0,0,1,0,0,0,0,0,0,0,0,0
2024,REG+POST,00-0038616,C.Braswell,Christian Braswell,1,CB,DB,"https://static.www.nfl.com/image/upload/f_auto,q_auto/league/wvqdklmcw6o4wrozbnkh",JAX,1,1,0,4,0,0,0,0,0,0,0,0,0,0,0,0,0,0,0,0,0,0
2024,REG+POST,00-0038617,A.Burney,Amari Burney,7,OLB,LB,"https://static.www.nfl.com/image/upload/f_auto,q_auto/league/ppsvzbopjgq7uc57e8hp",LV,8,7,1,5,3,2,1,1,11,1,0,0,0,0,0,0,0,0,0,0,0,0
2024,REG+POST,00-0038618,X.Hutchinson,Xavier Hutchinson,1,WR,WR,"https://static.www.nfl.com/image/upload/f_auto,q_auto/league/vlxzxhej5ffelkxrqf4g",BAL,1,1,0,0,0,0,0,0,0,0,0,0,0,0,0,0,0,0,0,0,0,0
2024,REG+POST,00-0038618,X.Hutchinson,Xavier Hutchinson,1,WR,WR,"https://static.www.nfl.com/image/upload/f_auto,q_auto/league/vlxzxhej5ffelkxrqf4g",LAC,0,0,0,1,0,0,0,0,0,0,0,0,0,0,0,0,0,0,0,0,0,0
2024,REG+POST,00-0038619,A.Iosivas,Andrei Iosivas,1,WR,WR,"https://static.www.nfl.com/image/upload/f_auto,q_auto/league/pgbqgzrxmbnmpcnkhsya",CIN,0,0,0,0,0,0,0,0,0,0,0,0,0,0,0,0,0,0,0,0,1,5
2024,REG+POST,00-0038619,A.Iosivas,Andrei Iosivas,1,WR,WR,"https://static.www.nfl.com/image/upload/f_auto,q_auto/league/pgbqgzrxmbnmpcnkhsya",TEN,1,1,0,0,0,0,0,0,0,0,0,0,0,0,0,0,0,0,0,0,0,0
2024,REG+POST,00-0038621,D.Douglas,Demario Douglas,1,WR,WR,"https://static.www.nfl.com/image/private/f_auto,q_auto/league/svnh61ottqtfmcqvnbj3",ARI,1,1,0,0,0,0,0,0,0,0,0,0,0,0,0,0,0,0,0,0,0,0
2024,REG+POST,00-0038623,D.Stills,Dante Stills,14,DT,DL,"https://static.www.nfl.com/image/upload/f_auto,q_auto/league/hefrxr2ksaa52nmy27xs",ARI,21,17,4,21,4,0,1,4.5,31.5,6,0,0,1,0,0,0,0,0,0,0,1,5
2024,REG+POST,00-0038625,D.Winters,Dee Winters,12,ILB,LB,"https://static.www.nfl.com/image/upload/f_auto,q_auto/league/vbavmevr3ma9hdjpxzix",SF,22,22,0,17,0,0,0,0,0,0,0,0,4,0,0,0,0,0,0,0,0,0
2024,REG+POST,00-0038634,N.Silvera,Nesta Jade Silvera,3,DT,DL,"https://static.www.nfl.com/image/upload/f_auto,q_auto/league/bkxlwccg77a4trgxflfh",LV,2,1,1,6,0,0,0,0,0,0,0,0,0,0,0,0,0,0,0,0,1,15
2024,REG+POST,00-0038635,A.Jones,Andre Jones,1,DE,DL,"https://static.www.nfl.com/image/upload/f_auto,q_auto/league/gom8feliopfzca4zgdqs",WAS,1,1,0,0,0,0,0,0,0,0,0,0,0,0,0,0,0,0,0,0,0,0
2024,REG+POST,00-0038639,C.Trice,Cory Trice,4,CB,DB,"https://static.www.nfl.com/image/private/f_auto,q_auto/league/vvjlmzjui9ci1xdjm5je",PIT,15,14,1,6,1,1,0,0,0,0,1,0,2,0,0,0,0,0,0,0,2,10
2024,REG+POST,00-0038640,J.Brooks,Jalen Brooks,1,WR,WR,"https://static.www.nfl.com/image/upload/f_auto,q_auto/league/jdwbrmypfsotpdw86w6u",DET,1,1,0,0,0,0,0,0,0,0,0,0,0,0,0,0,0,0,0,0,0,0
2024,REG+POST,00-0038641,I.Bolden,Isaiah Bolden,4,CB,DB,"https://static.www.nfl.com/image/private/f_auto,q_auto/league/gztmwxkysv2eplyyjoz0",NE,7,5,2,2,1,3,0,0,0,0,0,0,0,0,0,0,0,0,0,0,0,0
2024,REG+POST,00-0038642,D.Ivey,D.J. Ivey,5,CB,DB,"https://static.www.nfl.com/image/upload/f_auto,q_auto/league/jkrtkwi3hw4wf6ktpdf3",CIN,3,3,0,0,0,0,0,0,0,0,0,0,2,0,0,0,0,0,0,0,2,28
2024,REG+POST,00-0038646,A.Austin,Alex Austin,5,CB,DB,"https://static.www.nfl.com/image/upload/f_auto,q_auto/league/t8umlygeg2jmupvkhsz5",NE,8,8,0,1,1,0,0,0,0,0,0,0,5,0,0,0,0,0,0,0,1,14
2024,REG+POST,00-0038648,J.Graham,Jalen Graham,4,ILB,LB,"https://static.www.nfl.com/image/upload/f_auto,q_auto/league/oxlmlst1qeq1wi0hq0j6",SF,2,2,0,4,1,1,0,0,0,0,0,0,0,0,0,0,0,0,0,0,0,0
2024,REG+POST,00-0038653,C.Durden,Cory Durden,3,DT,DL,"https://static.www.nfl.com/image/upload/f_auto,q_auto/league/iy0edxitef7sexs03oxy",NYG,4,3,1,6,1,2,0,0,0,0,0,0,0,0,0,0,0,0,0,0,0,0
2024,REG+POST,00-0038657,B.Joseph,Brandon Joseph,4,SS,DB,"https://static.www.nfl.com/image/upload/f_auto,q_auto/league/patks9q9godmx2vdpt25",DET,11,11,0,2,0,0,0,0,0,0,0,0,1,0,0,0,0,0,0,0,0,0
2024,REG+POST,00-0038660,T.Nowaske,Trevor Nowaske,10,ILB,LB,"https://static.www.nfl.com/image/upload/f_auto,q_auto/league/ywrrza6lvkxqap4nawdw",DET,13,12,1,7,2,0,0,2,8,4,1,8,1,0,0,0,0,0,0,0,0,0
2024,REG+POST,00-0038661,C.Smith,Chris Smith,3,DT,DL,"https://static.www.nfl.com/image/upload/f_auto,q_auto/league/fam7w42qftx01vorzjzs",DET,0,0,0,2,0,0,0,0,0,1,0,0,0,0,0,0,0,0,0,0,0,0
2024,REG+POST,00-0038663,S.Thomas,Starling Thomas,17,CB,DB,"https://static.www.nfl.com/image/upload/f_auto,q_auto/league/ktdigucmenhaofn93wwg",ARI,31,27,4,16,1,2,1,0,0,0,0,0,6,0,0,0,0,0,0,0,2,25
2024,REG+POST,00-0038666,D.Coleman,DJ Coleman,1,DE,DL,"https://static.www.nfl.com/image/upload/f_auto,q_auto/league/lj7wxp3ofnlkvnansw0s",JAX,1,1,0,2,0,0,0,0,0,0,0,0,0,0,0,0,0,0,0,0,0,0
2024,REG+POST,00-0038674,D.Wilson,Divaad Wilson,1,CB,DB,"https://static.www.nfl.com/image/upload/f_auto,q_auto/league/p98t3eilvrv5mgvlagcq",NYG,3,3,0,1,0,0,0,0,0,0,0,0,1,0,0,0,0,0,0,0,0,0
2024,REG+POST,00-0038682,M.Agude,Mitchell Agude,3,OLB,LB,"https://static.www.nfl.com/image/upload/f_auto,q_auto/league/vlkmvthlngrndan90u9f",DET,2,2,0,1,0,0,1,0,0,0,0,0,0,0,0,0,0,0,0,0,0,0
2024,REG+POST,00-0038684,E.Bonner,Ethan Bonner,1,CB,DB,"https://static.www.nfl.com/image/upload/f_auto,q_auto/league/lnhz4x3tersfh1rocwqt",MIA,1,1,0,0,0,0,0,0,0,0,0,0,0,0,0,0,0,0,0,0,0,0
2024,REG+POST,00-0038694,B.Pili,Brandon Pili,2,NT,DL,"https://static.www.nfl.com/image/upload/f_auto,q_auto/league/cfffepz00k9vggr7vvbc",MIA,1,1,0,1,0,0,0,0,0,0,0,0,0,0,0,0,0,0,0,0,0,0
2024,REG+POST,00-0038696,K.Smith,Keidron Smith,3,FS,DB,"https://static.www.nfl.com/image/upload/f_auto,q_auto/league/vjlpnwtlsf1bjbjiqmdm",DEN,0,0,0,2,0,0,0,0,0,0,0,0,0,0,0,0,0,0,0,0,2,18
2024,REG+POST,00-0038711,M.Diabate,Mohamoud Diabate,13,MLB,LB,"https://static.www.nfl.com/image/upload/f_auto,q_auto/league/clvmbgcxk6mw8gqdzyxa",CLE,31,24,7,34,5,7,0,0,0,0,0,0,3,0,0,0,0,0,0,0,2,20
2024,REG+POST,00-0038715,R.Hickman,Ronnie Hickman,12,SS,DB,"https://static.www.nfl.com/image/upload/f_auto,q_auto/league/ds24p7j86p9mwshsjvbu",CLE,26,26,0,19,1,2,0,0,0,1,0,0,1,0,0,0,0,1,0,0,0,0
2024,REG+POST,00-0038724,A.Gaye,Ali Gaye,7,DE,DL,"https://static.www.nfl.com/image/upload/f_auto,q_auto/league/w6l8vpwpwoqqazxofqtc",TEN,7,4,3,1,3,2,0,1,10,1,0,0,0,0,0,0,0,0,0,0,0,0
2024,REG+POST,00-0038737,I.Land,Isaiah Land,3,DE,DL,"https://static.www.nfl.com/image/upload/f_auto,q_auto/league/qouum3yddh78mdgzhvgv",IND,1,0,1,0,1,1,0,0,0,1,0,0,0,0,0,0,0,0,0,0,1,15
2024,REG+POST,00-0038742,T.Wheat,Tyrus Wheat,6,DE,DL,"https://static.www.nfl.com/image/upload/f_auto,q_auto/league/vf5yhppim7n6dnft4tdu",DAL,6,5,1,7,1,1,0,0.5,0,1,0,0,0,0,0,0,0,0,0,0,1,15
2024,REG+POST,00-0038765,T.Okada,Ty Okada,1,SS,DB,"https://static.www.nfl.com/image/upload/f_auto,q_auto/league/unjjj8yd4kgehheo5uzk",SEA,1,1,0,1,0,0,0,0,0,0,0,0,0,0,0,0,0,0,0,0,0,0
2024,REG+POST,00-0038778,J.Redmond,Jalen Redmond,11,DE,DL,"https://static.www.nfl.com/image/upload/f_auto,q_auto/league/dsfusicyeioesqthsiya",MIN,10,8,2,9,6,14,0,1,7,2,0,0,2,0,0,0,0,0,0,0,1,5
2024,REG+POST,00-0038782,E.Leota,Eku Leota,1,OLB,LB,"https://static.www.nfl.com/image/upload/f_auto,q_auto/league/omtbxuvxr6jedl4ukduv",CAR,4,3,1,0,3,2,0,1,1,1,0,0,0,0,0,0,0,0,0,0,0,0
2024,REG+POST,00-0038782,E.Leota,Eku Leota,1,OLB,LB,"https://static.www.nfl.com/image/upload/f_auto,q_auto/league/omtbxuvxr6jedl4ukduv",PIT,1,0,1,0,0,0,0,0,0,0,0,0,0,0,0,0,0,0,0,0,0,0
2024,REG+POST,00-0038788,A.Green,Art Green,2,CB,DB,"https://static.www.nfl.com/image/upload/f_auto,q_auto/league/i34yjdehrdokczx5kwya",NYG,4,4,0,1,0,0,0,0,0,0,0,0,0,0,0,0,0,0,0,0,0,0
2024,REG+POST,00-0038791,T.Incoom,Thomas Incoom,4,OLB,LB,"https://static.www.nfl.com/image/upload/f_auto,q_auto/league/lwk6tntcbqe4zgcptmyg",CAR,4,3,1,0,1,3,0,0,0,1,0,0,0,0,0,0,0,0,0,0,0,0
2024,REG+POST,00-0038792,D.Jacobs,Demontrey Jacobs,1,T,OL,"https://static.www.nfl.com/image/upload/f_auto,q_auto/league/hwpdpy3fleg0ogitc8md",IND,1,1,0,0,0,0,0,0,0,0,0,0,0,0,0,0,0,0,0,0,0,0
2024,REG+POST,00-0038794,J.McLaughlin,Jaleel McLaughlin,1,RB,RB,"https://static.www.nfl.com/image/upload/f_auto,q_auto/league/ndqnhudqtipzrnzslyla",PIT,1,1,0,0,0,0,0,0,0,0,0,0,0,0,0,0,0,0,0,0,0,0
2024,REG+POST,00-0038801,A.Carter,Andre Carter,1,OLB,LB,"https://static.www.nfl.com/image/upload/f_auto,q_auto/league/a53bx88gy8ffddwmhcve",LV,0,0,0,1,0,0,0,0.5,1.5,1,0,0,0,0,0,0,0,0,0,0,1,15
2024,REG+POST,00-0038807,I.Pace,Ivan Pace,11,ILB,LB,"https://static.www.nfl.com/image/private/f_auto,q_auto/league/mqsbzouggfz1qlpi2fdu",MIN,41,38,3,38,9,13,0,3,14,7,1,6,1,1,0,0,0,1,36,0,3,37
2024,REG+POST,00-0038820,C.Izien,Christian Izien,13,SS,DB,"https://static.www.nfl.com/image/upload/f_auto,q_auto/league/lrv4chn90jeuhjigxyyl",TB,48,44,4,27,4,3,1,0,0,0,1,17,3,0,0,0,0,0,0,0,3,18
2024,REG+POST,00-0038823,K.Merriweather,Kaevon Merriweather,6,FS,DB,"https://static.www.nfl.com/image/upload/f_auto,q_auto/league/x3jiyn3ypbaap8uegipx",TB,11,10,1,4,0,0,0,1,0,1,0,0,1,0,0,0,0,1,1,0,0,0
2024,REG+POST,00-0038824,R.Miller,Ryan Miller,1,WR,WR,"https://static.www.nfl.com/image/upload/f_auto,q_auto/league/maywscb6waflzzuaesew",ATL,1,1,0,0,0,0,0,0,0,0,0,0,0,0,0,0,0,0,0,0,0,0
2024,REG+POST,00-0038851,C.Murphy,Caleb Murphy,1,OLB,LB,"https://static.www.nfl.com/image/upload/f_auto,q_auto/league/xesjfyurhdiwnxexoclr",LAC,1,1,0,0,0,0,0,0,0,0,0,0,0,0,0,0,0,0,0,0,0,0
2024,REG+POST,00-0038851,C.Murphy,Caleb Murphy,1,OLB,LB,"https://static.www.nfl.com/image/upload/f_auto,q_auto/league/xesjfyurhdiwnxexoclr",TEN,1,1,0,0,0,0,0,0,0,0,0,0,0,0,0,0,0,0,0,0,0,0
2024,REG+POST,00-0038853,O.Reese,Otis Reese,3,ILB,LB,"https://static.www.nfl.com/image/upload/f_auto,q_auto/league/fz00m1hztgnq076ngjvc",TEN,5,3,2,5,1,7,0,0,0,2,1,2,1,0,0,0,0,0,0,0,0,0
2024,REG+POST,00-0038866,A.Finley,A.J. Finley,5,FS,DB,"https://static.www.nfl.com/image/upload/f_auto,q_auto/league/odck8ibortcwvurmehkh",LAC,4,4,0,2,0,0,0,0,0,0,0,0,0,0,0,0,0,0,0,0,2,15
2024,REG+POST,00-0038890,S.Heyward,Shaka Heyward,2,ILB,LB,"https://static.www.nfl.com/image/upload/f_auto,q_auto/league/foj6gqrmb3jaae4j4mln",CIN,3,1,2,1,1,1,0,0,0,0,0,0,0,0,0,0,0,0,0,0,0,0
2024,REG+POST,00-0038908,A.Orji,Anfernee Orji,4,ILB,LB,"https://static.www.nfl.com/image/private/f_auto,q_auto/league/q2upirpyzbbtq8ny00if",NO,10,9,1,8,2,4,0,0,0,0,0,0,0,0,0,0,0,0,0,0,0,0
2024,REG+POST,00-0038922,D.Thomas,Drake Thomas,3,ILB,LB,"https://static.www.nfl.com/image/upload/f_auto,q_auto/league/v9nhmfessr9xbqpwyzyl",SEA,0,0,0,5,0,0,0,0,0,0,0,0,1,0,0,0,0,0,0,0,0,0
2024,REG+POST,00-0038932,D.Wright,Darnell Wright,1,T,OL,"https://static.www.nfl.com/image/upload/f_auto,q_auto/league/udlz5dbyjxvi0zwnjlwe",GB,1,1,0,0,0,0,1,0,0,0,0,0,0,0,0,0,0,0,0,0,0,0
2024,REG+POST,00-0038936,J.Scruggs,Juice Scruggs,1,C,OL,"https://static.www.nfl.com/image/upload/f_auto,q_auto/league/qqrbh5rwshwoaibnwpoc",DAL,1,1,0,0,0,0,0,0,0,0,0,0,0,0,0,0,0,0,0,0,0,0
2024,REG+POST,00-0038936,J.Scruggs,Juice Scruggs,1,C,OL,"https://static.www.nfl.com/image/upload/f_auto,q_auto/league/qqrbh5rwshwoaibnwpoc",LAC,1,1,0,0,0,0,0,0,0,0,0,0,0,0,0,0,0,0,0,0,0,0
2024,REG+POST,00-0038937,Z.Pickens,Zacch Pickens,7,DT,DL,"https://static.www.nfl.com/image/upload/f_auto,q_auto/league/aa0vrgbz81p4bifxaw6t",CHI,8,8,0,11,1,0,0,1,7,2,0,0,0,0,0,0,0,0,0,0,0,0
2024,REG+POST,00-0038938,J.Hyatt,Jalin Hyatt,1,WR,WR,"https://static.www.nfl.com/image/private/f_auto,q_auto/league/ibftqfglvcqaipfdnr4f",DAL,1,1,0,0,0,0,0,0,0,0,0,0,0,0,0,0,0,0,0,0,0,0
2024,REG+POST,00-0038939,B.Martin,Brodric Martin,1,DT,DL,"https://static.www.nfl.com/image/upload/f_auto,q_auto/league/flg32lz8sd3oqmzuozjw",DET,0,0,0,1,0,0,0,0,0,0,0,0,0,0,0,0,0,0,0,0,0,0
2024,REG+POST,00-0038940,T.Lacy,Tyler Lacy,9,DT,DL,"https://static.www.nfl.com/image/upload/f_auto,q_auto/league/caiuf4xyzpuuhbuyxxsm",JAX,9,8,1,15,2,3,0,0,0,1,0,0,0,0,0,0,0,0,0,0,0,0
2024,REG+POST,00-0038966,N.Brooks,Natrone Brooks,3,CB,DB,"https://static.www.nfl.com/image/upload/f_auto,q_auto/league/mtm2rc1sebekf6rwo00j",ATL,0,0,0,1,0,0,0,0,0,1,0,0,1,0,0,0,0,0,0,0,2,15
2024,REG+POST,00-0038976,M.Mims,Marvin Mims,1,WR,WR,"https://static.www.nfl.com/image/upload/f_auto,q_auto/league/trvilnckw7nprw1gkghl",CLE,1,1,0,0,0,0,0,0,0,0,0,0,0,0,0,0,0,0,0,0,0,0
2024,REG+POST,00-0038976,M.Mims,Marvin Mims,2,WR,WR,"https://static.www.nfl.com/image/upload/f_auto,q_auto/league/trvilnckw7nprw1gkghl",DEN,1,1,0,0,0,0,0,0,0,0,0,0,0,0,0,0,0,0,0,0,1,7
2024,REG+POST,00-0038977,T.Dell,Tank Dell,1,WR,WR,"https://static.www.nfl.com/image/upload/f_auto,q_auto/league/tqxgovzlhxj0jnwkcvtq",DET,1,1,0,0,0,0,0,0,0,0,0,0,0,0,0,0,0,0,0,0,0,0
2024,REG+POST,00-0038977,T.Dell,Tank Dell,1,WR,WR,"https://static.www.nfl.com/image/upload/f_auto,q_auto/league/tqxgovzlhxj0jnwkcvtq",KC,1,1,0,0,0,0,0,0,0,0,0,0,0,0,0,0,0,0,0,0,0,0
2024,REG+POST,00-0038977,T.Dell,Tank Dell,1,WR,WR,"https://static.www.nfl.com/image/upload/f_auto,q_auto/league/tqxgovzlhxj0jnwkcvtq",MIN,1,1,0,0,0,0,0,0,0,0,0,0,0,0,0,0,0,0,0,0,0,0
2024,REG+POST,00-0038980,Z.Harrison,Zach Harrison,13,DE,DL,"https://static.www.nfl.com/image/upload/f_auto,q_auto/league/l2ba3aq4cxoav4x7bsuc",ATL,6,5,1,20,3,6,0,1,2,1,0,0,2,0,0,0,0,0,0,1,1,1
2024,REG+POST,00-0038981,W.Morris,Wanya Morris,1,T,OL,"https://static.www.nfl.com/image/private/f_auto,q_auto/league/vc46l5oloqhlrcd3g1xz",SF,1,1,0,0,0,0,0,0,0,0,0,0,0,0,0,0,0,0,0,0,0,0
2024,REG+POST,00-0038982,C.Conner,Chamarri Conner,18,FS,DB,"https://static.www.nfl.com/image/upload/f_auto,q_auto/league/fqvxfuzjreonexlkr2lf",KC,64,60,4,26,7,7,1,2,10,5,2,41,4,1,0,0,0,1,38,0,4,62
2024,REG+POST,00-0038984,K.Clark,Kei'Trel Clark,7,CB,DB,"https://static.www.nfl.com/image/upload/f_auto,q_auto/league/v9krbuy5ubbsuilxtbad",ARI,6,4,2,5,1,1,0,1,0,1,1,0,1,0,0,0,0,0,0,0,1,10
2024,REG+POST,00-0038985,K.Coburn,Keondre Coburn,9,NT,DL,"https://static.www.nfl.com/image/upload/f_auto,q_auto/league/z9daqscjnbr5kbfpayzt",TEN,7,6,1,7,0,0,0,0,0,0,0,0,0,0,0,0,0,0,0,0,1,15
2024,REG+POST,00-0038994,J.Addison,Jordan Addison,1,WR,WR,"https://static.www.nfl.com/image/upload/f_auto,q_auto/league/tmyckmignrvy8truccwm",DET,1,1,0,0,0,0,0,0,0,0,0,0,0,0,0,0,0,0,0,0,0,0
2024,REG+POST,00-0038994,J.Addison,Jordan Addison,1,WR,WR,"https://static.www.nfl.com/image/upload/f_auto,q_auto/league/tmyckmignrvy8truccwm",LA,1,1,0,0,0,0,0,0,0,0,0,0,0,0,0,0,0,0,0,0,0,0
2024,REG+POST,00-0038994,J.Addison,Jordan Addison,1,WR,WR,"https://static.www.nfl.com/image/upload/f_auto,q_auto/league/tmyckmignrvy8truccwm",NYJ,1,1,0,0,0,0,0,0,0,0,0,0,0,0,0,0,0,0,0,0,0,0
2024,REG+POST,00-0038995,B.Bresee,Bryan Bresee,15,DT,DL,"https://static.www.nfl.com/image/upload/f_auto,q_auto/league/i740p0coudymw7l56pwo",NO,17,17,0,8,7,0,1,7.5,41,14,0,0,3,0,0,0,0,0,0,0,0,0
2024,REG+POST,00-0038996,T.Kraft,Tucker Kraft,1,TE,TE,"https://static.www.nfl.com/image/upload/f_auto,q_auto/league/klrmgekdzx1ywjjmixp7",PHI,1,1,0,0,0,0,0,0,0,0,0,0,0,0,0,0,0,0,0,0,0,0
2024,REG+POST,00-0038997,J.Downs,Josh Downs,1,WR,WR,"https://static.www.nfl.com/image/upload/f_auto,q_auto/league/zue2xxvfrignllqlhagu",DEN,1,1,0,0,0,0,0,0,0,0,0,0,0,0,0,0,0,0,0,0,0,0
2024,REG+POST,00-0038997,J.Downs,Josh Downs,1,WR,WR,"https://static.www.nfl.com/image/upload/f_auto,q_auto/league/zue2xxvfrignllqlhagu",MIN,1,1,0,0,0,0,0,0,0,0,0,0,0,0,0,0,0,0,0,0,0,0
2024,REG+POST,00-0039000,D.Banks,Deonte Banks,14,CB,DB,"https://static.www.nfl.com/image/upload/f_auto,q_auto/league/rhprfoi73wl7j7nya1ug",NYG,39,34,5,13,1,3,1,0,0,0,0,0,12,0,0,0,0,0,0,0,5,111
2024,REG+POST,00-0039002,S.Brown,Sydney Brown,4,SS,DB,"https://static.www.nfl.com/image/upload/f_auto,q_auto/league/e4scgo7201gwdkrrg6wb",PHI,1,1,0,1,0,0,0,0,0,0,1,21,2,0,0,0,0,0,0,0,1,5
2024,REG+POST,00-0039003,D.Sanders,Drew Sanders,3,OLB,LB,"https://static.www.nfl.com/image/upload/f_auto,q_auto/league/gwi1krserxfz1ym5vjic",DEN,3,3,0,2,1,0,0,1,11,1,0,0,0,0,0,0,0,0,0,0,0,0
2024,REG+POST,00-0039004,C.Warren,Carter Warren,1,T,OL,"https://static.www.nfl.com/image/upload/f_auto,q_auto/league/cklgdmgtuqmqd9ldr1by",MIA,0,0,0,1,0,0,0,0,0,0,0,0,0,0,0,0,0,0,0,0,0,0
2024,REG+POST,00-0039006,F.Anudike-Uzomah,Felix Anudike-Uzomah,16,DE,DL,"https://static.www.nfl.com/image/upload/f_auto,q_auto/league/v4ujy0agxqi9yoozynj1",KC,19,17,2,12,9,15,1,3.5,17,8,0,0,0,0,0,0,0,1,0,0,1,5
2024,REG+POST,00-0039007,G.Williams,Garrett Williams,16,CB,DB,"https://static.www.nfl.com/image/upload/f_auto,q_auto/league/uxfe2fu0xlgm9qdysh2u",ARI,40,36,4,18,0,0,1,0,0,0,2,0,9,0,0,0,0,0,0,0,1,16
2024,REG+POST,00-0039009,D.Horton,Dylan Horton,9,DE,DL,"https://static.www.nfl.com/image/upload/f_auto,q_auto/league/li6mvattt359o3coqj2l",HOU,5,5,0,9,1,3,0,0,0,2,0,0,1,0,0,0,0,0,0,0,0,0
2024,REG+POST,00-0039013,N.Smith,Nolan Smith,20,OLB,LB,"https://static.www.nfl.com/image/private/f_auto,q_auto/league/xvadcywhyi5ds1lqqqcs",PHI,26,24,2,28,12,3,2,10.5,75,16,0,0,2,0,0,0,0,2,0,0,2,10
2024,REG+POST,00-0039018,J.Campbell,Jack Campbell,18,ILB,LB,"https://static.www.nfl.com/image/private/f_auto,q_auto/league/oi205f9cylxya0w0ufd7",DET,74,64,10,65,5,5,1,1.5,4.5,5,0,0,5,0,0,0,0,0,0,0,3,16
2024,REG+POST,00-0039021,R.Johnson,Roschon Johnson,1,RB,RB,"https://static.www.nfl.com/image/upload/f_auto,q_auto/league/skajjk8i3zdrvzqmucww",JAX,1,1,0,0,0,0,0,0,0,0,0,0,0,0,0,0,0,0,0,0,0,0
2024,REG+POST,00-0039031,A.Adebawore,Adetomiwa Adebawore,7,DT,DL,"https://static.www.nfl.com/image/upload/f_auto,q_auto/league/vxcgqd1sxzs6ub3jcubz",IND,4,3,1,2,3,9,0,1,8,2,0,0,0,0,0,0,0,0,0,0,1,5
2024,REG+POST,00-0039032,T.Spears,Tyjae Spears,1,RB,RB,"https://static.www.nfl.com/image/upload/f_auto,q_auto/league/qb4us1f96uox7v3poxzj",IND,1,1,0,0,0,0,0,0,0,0,0,0,0,0,0,0,0,0,0,0,0,0
2024,REG+POST,00-0039032,T.Spears,Tyjae Spears,1,RB,RB,"https://static.www.nfl.com/image/upload/f_auto,q_auto/league/qb4us1f96uox7v3poxzj",NYJ,1,1,0,0,0,0,0,0,0,0,0,0,0,0,0,0,0,0,0,0,0,0
2024,REG+POST,00-0039034,P.Skoronski,Peter Skoronski,1,G,OL,"https://static.www.nfl.com/image/upload/f_auto,q_auto/league/rkfunqouas13nm7xbqix",CIN,1,1,0,0,0,0,0,0,0,0,0,0,0,0,0,0,0,0,0,0,0,0
2024,REG+POST,00-0039040,D.Achane,Devon Achane,1,RB,RB,"https://static.www.nfl.com/image/upload/f_auto,q_auto/league/zqfkz3hbyurjcwhw7xoi",HOU,1,1,0,0,0,0,0,0,0,0,0,0,0,0,0,0,0,0,0,0,0,0
2024,REG+POST,00-0039047,D.Hall,Derick Hall,17,OLB,LB,"https://static.www.nfl.com/image/upload/f_auto,q_auto/league/clftxhugfcp2gqri0v3y",SEA,20,19,1,16,6,0,2,8,41,20,0,0,0,1,0,0,0,1,36,0,3,23
2024,REG+POST,00-0039049,S.Dennis,SirVocea Dennis,3,ILB,LB,"https://static.www.nfl.com/image/upload/f_auto,q_auto/league/hiaqqq19xnhrrxhbljii",TB,13,12,1,7,1,0,0,1,13,1,0,0,0,0,0,0,0,0,0,0,1,5
2024,REG+POST,00-0039051,J.Hayes,Josh Hayes,7,CB,DB,"https://static.www.nfl.com/image/upload/f_auto,q_auto/league/czvnzyfcmatixqnltg0y",TB,20,19,1,14,0,0,0,0,0,0,0,0,3,0,0,0,0,1,0,0,4,20
2024,REG+POST,00-0039053,J.Ramirez,Jose Ramirez,1,OLB,LB,"https://static.www.nfl.com/image/upload/f_auto,q_auto/league/xoxzpyp9m8irwfmkrxme",TB,0,0,0,0,0,0,0,0,0,1,0,0,0,0,0,0,0,0,0,0,0,0
2024,REG+POST,00-0039054,M.Mapu,Marte Mapu,10,ILB,LB,"https://static.www.nfl.com/image/private/f_auto,q_auto/league/lkiylcqxmq15fkhror6n",NE,21,20,1,21,1,0,2,0.5,4.5,1,1,6,6,0,0,0,0,0,0,0,1,4
2024,REG+POST,00-0039061,D.Johnson,Desjuan Johnson,8,DT,DL,"https://static.www.nfl.com/image/private/f_auto,q_auto/league/drpaq4pmgr1tw55imjmb",LA,5,4,1,9,2,0,0,2,17,2,0,0,0,0,0,0,0,0,0,0,0,0
2024,REG+POST,00-0039062,J.Mingo,Jonathan Mingo,1,WR,WR,"https://static.www.nfl.com/image/upload/f_auto,q_auto/league/slc08tcccvtyqr61dtkd",CHI,1,1,0,0,0,0,0,0,0,0,0,0,0,0,0,0,0,0,0,0,0,0
2024,REG+POST,00-0039063,C.Kancey,Calijah Kancey,13,DE,DL,"https://static.www.nfl.com/image/upload/f_auto,q_auto/league/skltqfos40auedo1vhau",TB,23,20,3,6,12,9,1,7.5,51,17,0,0,0,0,0,0,0,1,0,0,5,33
2024,REG+POST,00-0039064,Z.Flowers,Zay Flowers,1,WR,WR,"https://static.www.nfl.com/image/upload/f_auto,q_auto/league/oidhqwg0fjvanyk57nc1",TB,1,1,0,0,0,0,0,0,0,0,0,0,0,0,0,0,0,0,0,0,0,0
2024,REG+POST,00-0039065,S.LaPorta,Sam LaPorta,1,TE,TE,"https://static.www.nfl.com/image/upload/f_auto,q_auto/league/ucw8cfj5t5nwkx670wzu",HOU,2,2,0,0,0,0,0,0,0,0,0,0,0,0,0,0,0,0,0,0,0,0
2024,REG+POST,00-0039065,S.LaPorta,Sam LaPorta,1,TE,TE,"https://static.www.nfl.com/image/upload/f_auto,q_auto/league/ucw8cfj5t5nwkx670wzu",WAS,1,1,0,0,0,0,0,0,0,0,0,0,0,0,0,0,0,0,0,0,0,0
2024,REG+POST,00-0039067,R.Rice,Rashee Rice,1,WR,WR,"https://static.www.nfl.com/image/private/f_auto,q_auto/league/zjgi60dvmj5ogvanp201",BAL,1,1,0,0,0,0,0,0,0,0,0,0,0,0,0,0,0,0,0,0,0,0
2024,REG+POST,00-0039067,R.Rice,Rashee Rice,1,WR,WR,"https://static.www.nfl.com/image/private/f_auto,q_auto/league/zjgi60dvmj5ogvanp201",LAC,1,1,0,0,0,0,1,0,0,0,0,0,0,0,0,0,0,0,0,0,0,0
2024,REG+POST,00-0039068,Y.Diaby,YaYa Diaby,17,OLB,LB,"https://static.www.nfl.com/image/upload/f_auto,q_auto/league/ncm6ra13lmfswsw4nept",TB,41,33,8,17,14,21,1,4.5,34,21,0,0,0,0,0,0,0,1,0,0,4,38
2024,REG+POST,00-0039070,G.Dexter,Gervon Dexter,15,DT,DL,"https://static.www.nfl.com/image/private/f_auto,q_auto/league/vj6m4qixxhqmufrr5ilo",CHI,23,18,5,28,4,0,0,5,37,19,0,0,1,0,0,0,0,2,0,0,1,7
2024,REG+POST,00-0039071,T.Stevenson,Tyrique Stevenson,16,CB,DB,"https://static.www.nfl.com/image/upload/f_auto,q_auto/league/j4b068xzjx7cxa00cwbn",CHI,50,45,5,25,1,1,1,0,0,0,2,43,12,1,0,0,0,0,0,0,4,72
2024,REG+POST,00-0039072,J.Bennett,Jakorian Bennett,9,CB,DB,"https://static.www.nfl.com/image/upload/f_auto,q_auto/league/zyvynwvojq28uzqr9pp7",LV,15,14,1,11,0,0,0,0,0,0,0,0,8,0,0,0,0,0,0,0,1,15
2024,REG+POST,00-0039074,D.Allen,Davis Allen,1,TE,TE,"https://static.www.nfl.com/image/upload/f_auto,q_auto/league/ihbec16pwn2ki5woyr4m",GB,1,1,0,0,0,0,0,0,0,0,0,0,0,0,0,0,0,0,0,0,0,0
2024,REG+POST,00-0039075,P.Nacua,Puka Nacua,1,WR,WR,"https://static.www.nfl.com/image/upload/f_auto,q_auto/league/i1pmrhua5gpvwgsqphxa",MIA,1,1,0,0,0,0,0,0,0,0,0,0,0,0,0,0,0,0,0,0,0,0
2024,REG+POST,00-0039075,P.Nacua,Puka Nacua,1,WR,WR,"https://static.www.nfl.com/image/upload/f_auto,q_auto/league/i1pmrhua5gpvwgsqphxa",SEA,1,1,0,0,0,0,0,0,0,0,0,0,0,0,0,0,0,0,0,0,0,0
2024,REG+POST,00-0039076,N.Hampton,Nick Hampton,1,OLB,LB,"https://static.www.nfl.com/image/upload/f_auto,q_auto/league/fxoz4oaacxkedbhjtsmh",LA,0,0,0,0,0,0,0,0,0,0,0,0,1,0,0,0,0,0,0,0,0,0
2024,REG+POST,00-0039108,W.Anderson,Will Anderson,15,DE,DL,"https://static.www.nfl.com/image/upload/f_auto,q_auto/league/ljotxifz4kwcbvye1klk",HOU,33,29,4,11,20,23,1,14.5,108,24,0,0,4,0,0,0,0,1,0,0,2,20
2024,REG+POST,00-0039109,B.Jones,Broderick Jones,1,T,OL,"https://static.www.nfl.com/image/upload/f_auto,q_auto/league/unrqqion7nfuug5wp5l4",IND,1,1,0,0,0,0,0,0,0,0,0,0,0,0,0,0,0,0,0,0,0,0
2024,REG+POST,00-0039110,K.Benton,Keeanu Benton,18,DT,DL,"https://static.www.nfl.com/image/upload/f_auto,q_auto/league/ee5a09abhoyxoblhfjae",PIT,18,16,2,22,2,1,0,1,11,8,1,11,7,0,0,0,0,1,0,0,1,5
2024,REG+POST,00-0039111,T.Tuipulotu,Tuli Tuipulotu,15,DE,DL,"https://static.www.nfl.com/image/upload/f_auto,q_auto/league/wo6ubn05sspmtz96wock",LAC,22,22,0,15,11,11,1,8.5,20.5,16,0,0,2,0,0,0,0,0,0,0,1,5
2024,REG+POST,00-0039112,L.Van Ness,Lukas Van Ness,18,DE,DL,"https://static.www.nfl.com/image/upload/f_auto,q_auto/league/lwxkikrpqtiyvgewy6mp",GB,21,17,4,13,6,8,1,3,6,6,0,0,0,0,0,0,0,1,0,0,6,45
2024,REG+POST,00-0039133,C.Smith,Cam Smith,5,CB,DB,"https://static.www.nfl.com/image/upload/f_auto,q_auto/league/tg393eoyith3ipd5dea3",MIA,13,12,1,3,0,0,0,0,0,0,0,0,0,0,0,0,0,0,0,0,3,26
2024,REG+POST,00-0039135,O.Mathis,Ochaun Mathis,1,OLB,LB,"https://static.www.nfl.com/image/upload/f_auto,q_auto/league/xsiut37q9gwbjjdn7crj",NE,1,1,0,0,0,0,0,0,0,0,0,0,0,0,0,0,0,0,0,0,0,0
2024,REG+POST,00-0039137,B.Young,Byron Young,19,OLB,LB,"https://static.www.nfl.com/image/upload/f_auto,q_auto/league/duwjwgd9ruuobjmbyaqp",LA,38,36,2,30,14,9,1,9,66,15,0,0,1,0,0,0,0,0,0,1,5,53
2024,REG+POST,00-0039138,K.Turner,Kobie Turner,18,NT,DL,"https://static.www.nfl.com/image/upload/f_auto,q_auto/league/dxmap8rfy17q917myrqv",LA,42,33,9,30,14,5,1,11,99,16,0,0,4,0,0,0,0,1,0,0,2,10
2024,REG+POST,00-0039139,J.Gibbs,Jahmyr Gibbs,1,RB,RB,"https://static.www.nfl.com/image/upload/f_auto,q_auto/league/f5y3osxxtov5rgfv4ra5",HOU,1,1,0,0,0,0,0,0,0,0,0,0,0,0,0,0,0,0,0,0,0,0
2024,REG+POST,00-0039139,J.Gibbs,Jahmyr Gibbs,1,RB,RB,"https://static.www.nfl.com/image/upload/f_auto,q_auto/league/f5y3osxxtov5rgfv4ra5",WAS,1,1,0,1,0,0,0,0,0,0,0,0,0,0,0,0,0,0,0,0,0,0
2024,REG+POST,00-0039140,K.Ringo,Kelee Ringo,4,CB,DB,"https://static.www.nfl.com/image/private/f_auto,q_auto/league/oijoutfkwuxxhfafyj6k",PHI,4,4,0,3,0,0,0,0,0,0,0,0,1,0,0,0,0,0,0,0,1,5
2024,REG+POST,00-0039141,B.Branch,Brian Branch,17,SS,DB,"https://static.www.nfl.com/image/upload/f_auto,q_auto/league/vnhnq3xt2zurcouh0u64",DET,87,81,6,33,10,11,2,1,7,6,4,48,16,0,0,0,0,0,0,0,8,100
2024,REG+POST,00-0039142,W.McDonald,Will McDonald,16,OLB,LB,"https://static.www.nfl.com/image/private/f_auto,q_auto/league/nw8aiicw9bjhxaqwbeo9",NYJ,18,13,5,10,11,9,2,10.5,74,24,0,0,3,0,0,0,0,1,0,0,4,20
2024,REG+POST,00-0039143,I.Foskey,Isaiah Foskey,5,DE,DL,"https://static.www.nfl.com/image/upload/f_auto,q_auto/league/d1mpqbunaek44eu49yvy",NO,2,1,1,5,0,0,0,0,0,0,0,0,0,0,0,0,0,0,0,0,0,0
2024,REG+POST,00-0039147,C.Gonzalez,Christian Gonzalez,16,CB,DB,"https://static.www.nfl.com/image/private/f_auto,q_auto/league/lfwn1eailvfq2yx1qtqi",NE,50,45,5,9,1,1,0,0,0,1,2,2,11,1,0,0,0,1,63,0,1,17
2024,REG+POST,00-0039148,K.White,Keion White,16,DE,DL,"https://static.www.nfl.com/image/private/f_auto,q_auto/league/rjc9qgamwszqabbidwla",NE,31,26,5,25,7,4,2,5,24.5,16,0,0,5,0,0,0,0,0,0,0,4,53
2024,REG+POST,00-0039149,Q.Martin,Quan Martin,19,FS,DB,"https://static.www.nfl.com/image/upload/f_auto,q_auto/league/us2hgdvr0jehykznl0ae",WAS,55,48,7,37,2,4,2,0,0,1,2,69,4,1,0,0,0,0,0,0,0,0
2024,REG+POST,00-0039150,B.Young,Bryce Young,1,QB,QB,"https://static.www.nfl.com/image/upload/f_auto,q_auto/league/gdmtmmviwadpobyjogal",DAL,1,1,0,0,0,0,0,0,0,0,0,0,0,0,0,0,0,0,0,0,0,0
2024,REG+POST,00-0039151,E.Forbes,Emmanuel Forbes,1,CB,DB,"https://static.www.nfl.com/image/private/f_auto,q_auto/league/gnewe67hky5zhdhrb8cr",LA,4,3,1,1,0,0,0,0,0,0,0,0,1,0,0,0,0,0,0,0,0,0
2024,REG+POST,00-0039151,E.Forbes,Emmanuel Forbes,3,CB,DB,"https://static.www.nfl.com/image/private/f_auto,q_auto/league/gnewe67hky5zhdhrb8cr",WAS,2,2,0,5,0,0,0,0,0,0,1,19,1,0,0,0,0,0,0,0,1,4
2024,REG+POST,00-0039156,J.Brents,Julius Brents,1,CB,DB,"https://static.www.nfl.com/image/upload/f_auto,q_auto/league/wvbql4repjwqtm3cj96w",IND,3,2,1,4,0,0,0,0,0,0,0,0,0,0,0,0,0,0,0,0,0,0
2024,REG+POST,00-0039164,A.Richardson,Anthony Richardson,1,QB,QB,"https://static.www.nfl.com/image/upload/f_auto,q_auto/league/areyvihumylqo7y2ehk2",NYJ,1,1,0,0,0,0,0,0,0,0,0,0,0,0,0,0,0,0,0,0,0,0
2024,REG+POST,00-0039165,Z.Charbonnet,Zach Charbonnet,1,RB,RB,"https://static.www.nfl.com/image/upload/f_auto,q_auto/league/eaaj5vbfmk08wvwelyqt",MIA,1,1,0,1,0,0,0,0,0,0,0,0,0,0,0,0,0,0,0,0,0,0
2024,REG+POST,00-0039167,J.Porter,Joey Porter,17,CB,DB,"https://static.www.nfl.com/image/private/f_auto,q_auto/league/rrikslx4sadmozltcuqw",PIT,59,56,3,17,2,4,0,0,0,0,1,16,8,0,0,0,0,0,0,0,12,137
2024,REG+POST,00-0039169,D.Witherspoon,Devon Witherspoon,17,CB,DB,"https://static.www.nfl.com/image/private/f_auto,q_auto/league/vm13kgvkrqzjyf08s2n0",SEA,66,58,8,32,6,14,1,1,0,1,0,0,9,0,0,0,0,0,0,0,6,63
2024,REG+POST,00-0039232,N.Wiggins,Nate Wiggins,17,CB,DB,"https://static.www.nfl.com/image/upload/f_auto,q_auto/league/hxshtymskws46e4rrmbz",BAL,28,27,1,10,0,0,1,0,0,1,1,26,13,1,0,0,0,0,0,0,9,105
2024,REG+POST,00-0039233,R.Rosengarten,Roger Rosengarten,1,T,OL,"https://static.www.nfl.com/image/upload/f_auto,q_auto/league/afautaj9paphmazcref6",CIN,1,1,0,0,0,0,0,0,0,0,0,0,0,0,0,0,0,0,0,0,0,0
2024,REG+POST,00-0039234,T.Tampa,T.J. Tampa,2,CB,DB,"https://static.www.nfl.com/image/upload/f_auto,q_auto/league/poanrufasprugy1q1ulq",BAL,1,1,0,1,0,0,0,0,0,0,0,0,0,0,0,0,0,0,0,0,0,0
2024,REG+POST,00-0039235,S.Kane,Sanoussi Kane,3,SS,DB,"https://static.www.nfl.com/image/upload/f_auto,q_auto/league/jh8ehbhw0pvdzopczjbw",BAL,1,1,0,1,0,0,0,0,0,0,0,0,0,0,0,0,0,0,0,0,1,10
2024,REG+POST,00-0039241,B.Brade,Beau Brade,1,FS,DB,"https://static.www.nfl.com/image/upload/f_auto,q_auto/league/f8fiqxkgt6rhaxrdnkhv",BAL,1,1,0,1,0,0,0,0,0,0,0,0,0,0,0,0,0,0,0,0,0,0
2024,REG+POST,00-0039284,B.McGregor,Braiden McGregor,6,DE,DL,"https://static.www.nfl.com/image/upload/f_auto,q_auto/league/pl3ht5g1k6sufjoeqyab",NYJ,3,3,0,3,0,0,0,0,0,0,0,0,0,0,0,0,0,0,0,0,1,5
2024,REG+POST,00-0039285,J.Monroe,Jarius Monroe,1,FS,DB,"https://static.www.nfl.com/image/upload/f_auto,q_auto/league/bqicye3yunlkqkblkvay",NYJ,0,0,0,2,0,0,0,0,0,0,0,0,0,0,0,0,0,0,0,0,0,0
2024,REG+POST,00-0039289,L.Taylor,Leonard Taylor,12,DT,DL,"https://static.www.nfl.com/image/upload/f_auto,q_auto/league/qfnjnvom3evftnkgwcqg",NYJ,13,11,2,11,4,4,0,1.5,9,4,0,0,1,0,0,0,0,0,0,0,1,0
2024,REG+POST,00-0039291,E.Watts,Eric Watts,10,DE,DL,"https://static.www.nfl.com/image/upload/f_auto,q_auto/league/ebgjkljqc8rvtev1iw3r",NYJ,6,6,0,6,0,0,0,0,0,0,0,0,0,0,0,0,0,0,0,0,2,18
2024,REG+POST,00-0039292,S.Bartholomew,Shemar Bartholomew,1,CB,DB,"https://static.www.nfl.com/image/upload/f_auto,q_auto/league/fo8g30wmbseazbyti0aw",CAR,2,2,0,1,1,0,0,0,0,0,0,0,2,0,0,0,0,0,0,0,0,0
2024,REG+POST,00-0039309,B.Murphy,Byron Murphy,12,DT,DL,"https://static.www.nfl.com/image/upload/f_auto,q_auto/league/u4oq830o8ulxccdawolf",SEA,12,8,4,23,2,3,0,0.5,4.5,1,0,0,0,0,0,0,0,0,0,0,1,15
2024,REG+POST,00-0039312,M.Battle,Miles Battle,1,DB,DB,,NE,2,2,0,0,0,0,0,0,0,0,0,0,3,0,0,0,0,0,0,0,0,0
2024,REG+POST,00-0039313,S.Bozeman,Swayze Bozeman,1,ILB,LB,"https://static.www.nfl.com/image/upload/f_auto,q_auto/league/pfu26vsa3yeu39f9iz4g",KC,2,2,0,1,0,0,0,0,0,0,0,0,0,0,0,0,0,0,0,0,0,0
2024,REG+POST,00-0039318,C.Jacobs,Curtis Jacobs,1,ILB,LB,"https://static.www.nfl.com/image/upload/f_auto,q_auto/league/qtic0y5rtnfekjt5tppj",NE,0,0,0,1,0,0,0,0,0,0,0,0,0,0,0,0,0,0,0,0,0,0
2024,REG+POST,00-0039324,C.Roland-Wallace,Christian Roland-Wallace,7,CB,DB,"https://static.www.nfl.com/image/upload/f_auto,q_auto/league/foy9ykwmm3vcqgfviowz",KC,20,20,0,9,2,2,0,0,0,2,1,0,1,0,0,0,0,0,0,0,1,10
2024,REG+POST,00-0039333,B.Codrington,Brandon Codrington,4,CB,DB,"https://static.www.nfl.com/image/upload/f_auto,q_auto/league/awsahkwofamy8pe1nrog",BUF,8,6,2,1,0,0,0,0,0,0,0,0,1,0,0,0,0,0,0,0,1,10
2024,REG+POST,00-0039338,B.Bowers,Brock Bowers,1,TE,TE,"https://static.www.nfl.com/image/upload/f_auto,q_auto/league/mjy86xh8munoiur4hejf",DEN,1,1,0,0,0,0,0,0,0,0,0,0,0,0,0,0,0,0,0,0,0,0
2024,REG+POST,00-0039338,B.Bowers,Brock Bowers,1,TE,TE,"https://static.www.nfl.com/image/upload/f_auto,q_auto/league/mjy86xh8munoiur4hejf",LA,1,1,0,0,0,0,0,0,0,0,0,0,0,0,0,0,0,0,0,0,0,0
2024,REG+POST,00-0039338,B.Bowers,Brock Bowers,1,TE,TE,"https://static.www.nfl.com/image/upload/f_auto,q_auto/league/mjy86xh8munoiur4hejf",TB,1,1,0,0,0,0,0,0,0,0,0,0,0,0,0,0,0,0,0,0,0,0
2024,REG+POST,00-0039340,L.Latu,Laiatu Latu,14,DE,DL,"https://static.www.nfl.com/image/upload/f_auto,q_auto/league/quk6xjz6afesvjcra0dm",IND,16,15,1,16,5,0,3,4,23,12,0,0,1,0,0,0,0,1,0,0,1,5
2024,REG+POST,00-0039341,T.Guyton,Tyler Guyton,1,T,OL,"https://static.www.nfl.com/image/upload/f_auto,q_auto/league/cbhyplu9szg8sy5g9yjq",DAL,0,0,0,0,0,0,0,0,0,0,0,0,0,0,0,0,0,1,0,0,0,0
2024,REG+POST,00-0039342,X.Legette,Xavier Legette,1,WR,WR,"https://static.www.nfl.com/image/upload/f_auto,q_auto/league/a3etuvp3kqtwmtkioq8g",DEN,1,1,0,0,0,0,0,0,0,0,0,0,0,0,0,0,0,0,0,0,0,0
2024,REG+POST,00-0039342,X.Legette,Xavier Legette,1,WR,WR,"https://static.www.nfl.com/image/upload/f_auto,q_auto/league/a3etuvp3kqtwmtkioq8g",NO,1,1,0,0,0,0,0,0,0,0,0,0,0,0,0,0,0,0,0,0,0,0
2024,REG+POST,00-0039343,K.Lassiter,Kamari Lassiter,16,CB,DB,"https://static.www.nfl.com/image/upload/f_auto,q_auto/league/fcmie1yzlfcpsu51anzy",HOU,44,40,4,19,5,13,0,0,0,0,4,9,12,0,0,0,0,0,0,1,2,15
2024,REG+POST,00-0039345,R.Green,Renardo Green,14,CB,DB,"https://static.www.nfl.com/image/upload/f_auto,q_auto/league/prtbroosyy2vzxtbdd1i",SF,40,37,3,20,0,0,1,0,0,0,1,20,13,0,0,0,0,0,0,0,2,20
2024,REG+POST,00-0039346,J.Colson,Junior Colson,11,OLB,LB,"https://static.www.nfl.com/image/upload/f_auto,q_auto/league/f0ocwmg27uterfvnnmdr",LAC,18,17,1,14,0,0,0,0,0,1,0,0,1,0,0,0,0,0,0,0,1,15
2024,REG+POST,00-0039347,T.Wallace,Trevin Wallace,11,ILB,LB,"https://static.www.nfl.com/image/upload/f_auto,q_auto/league/bjahqj7chavxz1qav4jr",CAR,35,29,6,28,2,1,2,1,8,1,0,0,0,0,0,0,0,1,0,0,0,0
2024,REG+POST,00-0039351,D.Puni,Dominick Puni,1,G,OL,"https://static.www.nfl.com/image/upload/f_auto,q_auto/league/u2ytp06z5bmmgtlezq5h",MIN,0,0,0,1,0,0,0,0,0,0,0,0,0,0,0,0,0,0,0,0,0,0
2024,REG+POST,00-0039352,M.Liufau,Marist Liufau,15,ILB,LB,"https://static.www.nfl.com/image/upload/f_auto,q_auto/league/q5t9u6kdjgzecbqiad5d",DAL,28,25,3,18,4,7,2,1.5,9,2,0,0,3,0,0,0,0,1,0,0,2,20
2024,REG+POST,00-0039353,J.Jones,Jarrian Jones,15,CB,DB,"https://static.www.nfl.com/image/upload/f_auto,q_auto/league/g7olyph6lnqxkyutyxli",JAX,30,27,3,10,1,0,0,2,9,2,1,0,8,0,0,0,0,0,0,0,2,15
2024,REG+POST,00-0039354,M.Jackson,McKinnley Jackson,7,DT,DL,"https://static.www.nfl.com/image/upload/f_auto,q_auto/league/ckcj8lw0ytpn8ix0ztz7",CIN,6,6,0,9,2,0,1,1,7,1,0,0,0,0,0,0,0,0,0,0,0,0
2024,REG+POST,00-0039355,L.McCaffrey,Luke McCaffrey,1,WR,WR,"https://static.www.nfl.com/image/upload/f_auto,q_auto/league/iqzscuxu9lxjfhoyxsjg",DAL,1,1,0,0,0,0,0,0,0,0,0,0,0,0,0,0,0,0,0,0,0,0
2024,REG+POST,00-0039357,D.Richardson,Decamerion Richardson,10,CB,DB,"https://static.www.nfl.com/image/upload/f_auto,q_auto/league/bgrvszvoje3ts86vrgil",LV,27,25,2,18,1,1,0,0,0,0,0,0,3,0,0,0,0,0,0,0,4,62
2024,REG+POST,00-0039358,M.McCormick,Mason McCormick,1,G,OL,"https://static.www.nfl.com/image/upload/f_auto,q_auto/league/sru4pxfdcc3n99d9xbkm",LAC,1,1,0,0,0,0,0,0,0,0,0,0,0,0,0,0,0,0,0,0,0,0
2024,REG+POST,00-0039359,C.Stover,Cade Stover,1,TE,TE,"https://static.www.nfl.com/image/upload/f_auto,q_auto/league/ehruudekjzjney5dircm",TEN,1,1,0,0,0,0,0,0,0,0,0,0,0,0,0,0,0,0,0,0,0,0
2024,REG+POST,00-0039360,M.Mustapha,Malik Mustapha,14,FS,DB,"https://static.www.nfl.com/image/upload/f_auto,q_auto/league/onox8v6crwurzrkumgha",SF,31,28,3,40,2,4,0,0,0,0,1,1,5,0,0,0,0,0,0,0,0,0
2024,REG+POST,00-0039361,B.Irving,Bucky Irving,1,RB,RB,"https://static.www.nfl.com/image/upload/f_auto,q_auto/league/wjaqkrtdhwf16wldi83h",NO,1,1,0,0,0,0,0,0,0,0,0,0,0,0,0,0,0,0,0,0,0,0
2024,REG+POST,00-0039365,J.Cowing,Jacob Cowing,1,WR,WR,"https://static.www.nfl.com/image/upload/f_auto,q_auto/league/q8luttpmauwatynr9iti",CHI,1,1,0,0,0,0,0,0,0,0,0,0,0,0,0,0,0,0,0,0,0,0
2024,REG+POST,00-0039366,T.Still,Tarheeb Still,15,CB,DB,"https://static.www.nfl.com/image/upload/f_auto,q_auto/league/q1sbiyr6dvepntfifybw",LAC,48,46,2,17,1,0,0,0.5,4.5,1,4,85,10,1,0,0,0,0,0,0,1,5
2024,REG+POST,00-0039367,X.Thomas,Xavier Thomas,10,OLB,LB,"https://static.www.nfl.com/image/upload/f_auto,q_auto/league/pdtfewzb9qwyon9ynh2j",ARI,6,4,2,4,2,0,1,2.5,12.5,4,0,0,1,0,0,0,0,0,0,0,1,4
2024,REG+POST,00-0039369,C.Hart,Cam Hart,12,CB,DB,"https://static.www.nfl.com/image/upload/f_auto,q_auto/league/c2ylxyrg25rxh8wrmbid",LAC,27,27,0,9,0,0,1,0.5,0.5,2,0,0,8,0,0,0,0,0,0,0,5,57
2024,REG+POST,00-0039370,J.Bertrand,J.D. Bertrand,6,ILB,LB,"https://static.www.nfl.com/image/upload/f_auto,q_auto/league/krejfpapnqbk4e14voep",ATL,15,13,2,4,1,0,0,1,13,1,0,0,0,0,0,0,0,0,0,0,1,14
2024,REG+POST,00-0039371,K.Abrams-Draine,Kris Abrams-Draine,4,CB,DB,"https://static.www.nfl.com/image/upload/f_auto,q_auto/league/rka4eyc7ibhmooxiabeq",DEN,5,5,0,3,0,0,0,0,0,0,1,17,2,0,0,0,0,0,0,0,1,36
2024,REG+POST,00-0039372,J.Brownlee,Jarvis Brownlee,17,CB,DB,"https://static.www.nfl.com/image/upload/f_auto,q_auto/league/sy8owjzhny1vsbgusxo5",TEN,45,39,6,29,7,14,0,0,0,0,1,2,9,0,0,0,0,1,0,0,7,52
2024,REG+POST,00-0039374,T.Eichenberg,Tommy Eichenberg,3,MLB,LB,"https://static.www.nfl.com/image/upload/f_auto,q_auto/league/o3eu4clgv0hnbg49ttsj",LV,3,3,0,1,0,0,0,0,0,0,0,0,0,0,0,0,0,0,0,0,0,0
2024,REG+POST,00-0039375,J.Newton,Josh Newton,11,CB,DB,"https://static.www.nfl.com/image/upload/f_auto,q_auto/league/inlprlyr78vghlvcwagu",CIN,25,25,0,4,1,0,0,0,0,0,1,12,7,0,0,0,0,0,0,0,6,55
2024,REG+POST,00-0039377,J.Carlies,Jaylon Carlies,9,MLB,LB,"https://static.www.nfl.com/image/upload/f_auto,q_auto/league/ym6i99jkmmr97wiwv80i",IND,25,19,6,12,2,0,0,1,8,1,0,0,1,0,0,0,0,0,0,0,0,0
2024,REG+POST,00-0039378,D.Prince,Deantre Prince,4,CB,DB,"https://static.www.nfl.com/image/upload/f_auto,q_auto/league/djjpc9oeqbpjf9bdd2tk",JAX,6,4,2,2,0,0,0,0,0,0,0,0,1,0,0,0,0,0,0,0,1,37
2024,REG+POST,00-0039380,C.Smith-Wade,Chau Smith-Wade,8,CB,DB,"https://static.www.nfl.com/image/upload/f_auto,q_auto/league/ym2yx4nyamvkmvs4sxdr",CAR,22,21,1,14,1,0,1,0,0,0,1,3,1,0,0,0,0,0,0,0,4,36
2024,REG+POST,00-0039384,T.Tracy,Tyrone Tracy,1,RB,RB,"https://static.www.nfl.com/image/upload/f_auto,q_auto/league/hc2uk0xrbc6qizrerwxd",CAR,1,1,0,0,0,0,0,0,0,0,0,0,0,0,0,0,0,0,0,0,0,0
2024,REG+POST,00-0039387,C.Carson,Caelen Carson,5,CB,DB,"https://static.www.nfl.com/image/upload/f_auto,q_auto/league/jmgga8dn6w3lbmfbuemd",DAL,24,23,1,3,0,0,0,0,0,0,0,0,4,0,0,0,0,0,0,0,3,15
2024,REG+POST,00-0039390,M.Dial,Marcellas Dial,2,CB,DB,"https://static.www.nfl.com/image/upload/f_auto,q_auto/league/cxkvdf19td4z8guuk2j1",NE,4,4,0,1,0,0,0,0,0,0,0,0,0,0,0,0,0,0,0,0,1,10
2024,REG+POST,00-0039396,M.Wingo,Mekhi Wingo,5,DT,DL,"https://static.www.nfl.com/image/upload/f_auto,q_auto/league/ceebzkwfmowt4fxskapx",DET,1,1,0,8,0,0,0,0,0,1,0,0,0,0,0,0,0,0,0,0,0,0
2024,REG+POST,00-0039400,Z.Logue,Zion Logue,1,DE,DL,"https://static.www.nfl.com/image/upload/f_auto,q_auto/league/rgopj5gqciunzxr3gopo",BUF,2,2,0,0,0,0,0,0,0,0,0,0,0,0,0,0,0,0,0,0,0,0
2024,REG+POST,00-0039401,K.Boyd,Khristian Boyd,3,DT,DL,"https://static.www.nfl.com/image/upload/f_auto,q_auto/league/wvd16fwngvws4jglqxxl",NO,2,2,0,1,0,0,0,0,0,0,0,0,0,0,0,0,0,0,0,0,0,0
2024,REG+POST,00-0039402,J.Crumedy,Jaden Crumedy,4,DT,DL,"https://static.www.nfl.com/image/upload/f_auto,q_auto/league/bwdmpgcgplxqx1yo25pp",CAR,4,4,0,9,0,0,0,0.5,1,1,0,0,0,0,0,0,0,0,0,0,0,0
2024,REG+POST,00-0039404,W.Reichard,Will Reichard,2,K,SPEC,"https://static.www.nfl.com/image/upload/f_auto,q_auto/league/gqze1hxxsmgeynkta5kt",MIN,0,0,0,0,0,0,0,0,0,0,0,0,0,0,0,0,0,0,0,0,2,0
2024,REG+POST,00-0039406,N.Watson,Nathaniel Watson,3,ILB,LB,"https://static.www.nfl.com/image/upload/f_auto,q_auto/league/imp6cipge01zacx6g4tr",CLE,3,2,1,2,0,0,0,0,0,0,0,0,1,0,0,0,0,0,0,0,0,0
2024,REG+POST,00-0039410,R.Flournoy,Ryan Flournoy,1,WR,WR,"https://static.www.nfl.com/image/upload/f_auto,q_auto/league/yq2tbkoz2anbit6zc8ms",DET,1,1,0,0,0,0,0,0,0,0,0,0,0,0,0,0,0,0,0,0,0,0
2024,REG+POST,00-0039412,J.Jean-Baptiste,Javontae Jean-Baptiste,12,DE,DL,"https://static.www.nfl.com/image/upload/f_auto,q_auto/league/cgw1mirojztblwmhsz45",WAS,7,7,0,10,1,0,0,1,6,2,0,0,0,0,0,0,0,0,0,0,0,0
2024,REG+POST,00-0039414,D.Anthony,Daijahn Anthony,2,FS,DB,"https://static.www.nfl.com/image/upload/f_auto,q_auto/league/nbbpahdubwhyk4vtvfuo",CIN,0,0,0,0,0,0,0,0,0,0,0,0,1,0,0,0,0,0,0,0,2,34
2024,REG+POST,00-0039417,M.Harden,Myles Harden,3,CB,DB,"https://static.www.nfl.com/image/upload/f_auto,q_auto/league/zgpfk5qheno6ltjllsxp",CLE,2,2,0,2,0,0,0,0,0,0,0,0,0,0,0,0,0,0,0,0,0,0
2024,REG+POST,00-0039421,L.Rodriguez,Levi Drake Rodriguez,1,DT,DL,"https://static.www.nfl.com/image/upload/f_auto,q_auto/league/fakgdj4ps3mekyhr5w45",MIN,1,1,0,0,0,0,0,0,0,0,0,0,1,0,0,0,0,0,0,0,0,0
2024,REG+POST,00-0039423,J.Laulu,Jonah Laulu,12,DT,DL,"https://static.www.nfl.com/image/upload/f_auto,q_auto/league/f5gg5s4cyk6kc48nfh7b",LV,15,14,1,20,3,2,0,1,10,2,0,0,3,0,0,0,0,0,0,0,1,5
2024,REG+POST,00-0039424,D.Vele,Devaughn Vele,1,WR,WR,"https://static.www.nfl.com/image/upload/f_auto,q_auto/league/f2lz4vsh2daurrwdamzv",CLE,1,1,0,0,0,0,0,0,0,0,0,0,0,0,0,0,0,0,0,0,0,0
2024,REG+POST,00-0039425,M.Cole,Myles Cole,5,DE,DL,"https://static.www.nfl.com/image/upload/f_auto,q_auto/league/cagyltjxl1ooo8yhydnj",JAX,4,4,0,4,1,1,0,0,0,0,0,0,0,0,0,0,0,0,0,0,1,5
2024,REG+POST,00-0039427,S.Byrd,Solomon Byrd,1,DE,DL,"https://static.www.nfl.com/image/upload/f_auto,q_auto/league/bmjb4xge2rdrnoirb9ch",HOU,2,2,0,0,0,0,0,0,0,1,0,0,1,0,0,0,0,0,0,0,0,0
2024,REG+POST,00-0039430,J.Williams,James Williams,4,ILB,LB,"https://static.www.nfl.com/image/upload/f_auto,q_auto/league/rfm92ue40lbrdsvrexx0",TEN,13,10,3,6,0,0,0,0,0,0,0,0,0,0,0,0,0,0,0,0,1,10
2024,REG+POST,00-0039431,J.Briggs,Jowon Briggs,6,DT,DL,"https://static.www.nfl.com/image/upload/f_auto,q_auto/league/qp8nu2jbafkez0oj9aqd",CLE,3,3,0,10,1,2,0,0,0,2,0,0,0,0,0,0,0,1,0,0,0,0
2024,REG+POST,00-0039435,T.Bethune,Tatum Bethune,2,MLB,LB,"https://static.www.nfl.com/image/upload/f_auto,q_auto/league/vg3gbznurt9kgj1jnj11",SF,0,0,0,4,0,0,0,0,0,0,0,0,0,0,0,0,0,0,0,0,0,0
2024,REG+POST,00-0039436,J.Harrell,Jaylen Harrell,8,OLB,LB,"https://static.www.nfl.com/image/upload/f_auto,q_auto/league/htuihfkdsgjksqxikwxp",TEN,5,5,0,4,2,5,0,0,0,0,0,0,0,0,0,0,0,0,0,0,1,5
2024,REG+POST,00-0039450,I.Ukwu,Isaac Ukwu,2,DE,DL,"https://static.www.nfl.com/image/upload/f_auto,q_auto/league/bpdgvaexohrzmeqe74ig",DET,2,2,0,1,0,0,0,0,0,0,0,0,0,0,0,0,0,0,0,0,0,0
2024,REG+POST,00-0039453,M.Norris,Morice Norris,1,DB,DB,"https://static.www.nfl.com/image/upload/f_auto,q_auto/league/thwu2vrbpn3jp5k8y64r",DET,2,2,0,1,0,0,0,0,0,0,0,0,0,0,0,0,0,0,0,0,0,0
2024,REG+POST,00-0039454,B.Bishop,Beanie Bishop,16,CB,DB,"https://static.www.nfl.com/image/upload/f_auto,q_auto/league/urnchqjzmqdznwhrrner",PIT,25,23,2,14,2,0,0,0.5,3,1,4,46,7,0,0,0,0,1,0,0,3,25
2024,REG+POST,00-0039457,J.Windmon,Jacoby Windmon,2,LB,LB,"https://static.www.nfl.com/image/upload/f_auto,q_auto/league/hpwxupqieiogll8yxyzn",CAR,11,11,0,7,1,0,0,1.5,4,2,0,0,2,0,0,0,0,0,0,0,1,15
2024,REG+POST,00-0039465,R.Steward,Reddy Steward,1,CB,DB,"https://static.www.nfl.com/image/upload/f_auto,q_auto/league/jfwgwrf3r709eqqud81n",CHI,1,1,0,0,0,0,1,0,0,0,0,0,0,0,0,0,0,0,0,0,0,0
2024,REG+POST,00-0039472,M.Edwards,Mike Edwards,1,G,OL,"https://static.www.nfl.com/image/upload/f_auto,q_auto/league/ctepbz184pq3zchnxqhk",BUF,1,1,0,0,0,0,0,0,0,0,0,0,0,0,0,0,0,0,0,0,0,0
2024,REG+POST,00-0039472,M.Edwards,Mike Edwards,6,G,OL,"https://static.www.nfl.com/image/upload/f_auto,q_auto/league/ctepbz184pq3zchnxqhk",TB,10,9,1,6,0,0,0,0,0,1,0,0,1,0,0,0,0,0,0,0,0,0
2024,REG+POST,00-0039481,S.Duck,Storm Duck,9,CB,DB,"https://static.www.nfl.com/image/upload/f_auto,q_auto/league/lykosyg6kn0qnxpbozqt",MIA,21,20,1,11,1,0,0,0,0,0,0,0,4,0,0,0,0,0,0,0,2,17
2024,REG+POST,00-0039491,J.Coker,Jalen Coker,1,WR,WR,"https://static.www.nfl.com/image/upload/f_auto,q_auto/league/wk9xewrixauh09f71pqh",CHI,1,1,0,0,0,0,0,0,0,0,0,0,0,0,0,0,0,0,0,0,0,0
2024,REG+POST,00-0039494,K.Dyson,Kenny Dyson,1,OLB,LB,"https://static.www.nfl.com/image/upload/f_auto,q_auto/league/ikgxg2vrumhdez3bu0w9",CAR,0,0,0,1,0,0,0,0,0,1,0,0,0,0,0,0,0,0,0,0,0,0
2024,REG+POST,00-0039515,W.Reid,Winston Reid,6,ILB,LB,"https://static.www.nfl.com/image/upload/f_auto,q_auto/league/pdh6lfhfcihybfqdrodo",CLE,10,9,1,5,1,1,0,0.5,3,1,0,0,2,0,0,0,0,1,0,0,0,0
2024,REG+POST,00-0039532,J.Wood,Julius Wood,2,FS,DB,"https://static.www.nfl.com/image/upload/f_auto,q_auto/league/yp8tmriqpdjdkvrkfsin",TEN,0,0,0,1,0,0,0,0,0,0,0,0,0,0,0,0,0,0,0,0,1,5
2024,REG+POST,00-0039565,L.Bailey,Levelle Bailey,1,ILB,LB,"https://static.www.nfl.com/image/upload/f_auto,q_auto/league/qfyjxqajfqiym8wkss3n",DEN,1,1,0,1,0,0,0,0,0,0,0,0,0,0,0,0,0,0,0,0,0,0
2024,REG+POST,00-0039586,T.Funderburk,Tyrek Funderburk,4,CB,DB,"https://static.www.nfl.com/image/upload/f_auto,q_auto/league/v4vcg2zlfvdrx6nk8mb5",TB,9,9,0,4,0,0,1,0,0,0,0,0,1,0,0,0,0,0,0,0,0,0
2024,REG+POST,00-0039587,A.Grier,Antonio Grier,1,ILB,LB,"https://static.www.nfl.com/image/upload/f_auto,q_auto/league/gb0t5vmnftjccrsq29gq",TB,0,0,0,0,0,0,0,0,0,0,0,0,0,0,0,0,0,0,0,0,1,10
2024,REG+POST,00-0039601,D.Richardson,Demani Richardson,7,SS,DB,"https://static.www.nfl.com/image/upload/f_auto,q_auto/league/wplslzv6ao3yojqneq30",CAR,27,25,2,23,1,2,0,0,0,0,1,3,2,0,0,0,0,0,0,0,1,15
2024,REG+POST,00-0039620,R.Payton,Rico Payton,3,CB,DB,"https://static.www.nfl.com/image/upload/f_auto,q_auto/league/ghyxygii0jlymsleogah",NO,0,0,0,0,0,0,0,0,0,0,0,0,1,0,0,0,0,0,0,0,2,18
2024,REG+POST,00-0039622,I.Stalbird,Isaiah Stalbird,1,ILB,LB,"https://static.www.nfl.com/image/upload/f_auto,q_auto/league/uqm37ihcxixtrgombtno",NO,0,0,0,0,0,0,0,0,0,0,0,0,0,0,0,0,0,0,0,0,1,5
2024,REG+POST,00-0039637,M.Njongmeta,Maema Njongmeta,5,ILB,LB,"https://static.www.nfl.com/image/upload/f_auto,q_auto/league/zrev2gl5mahhew3iwztp",CIN,4,4,0,2,0,0,0,0,0,0,0,0,0,0,0,0,0,1,0,0,1,3
2024,REG+POST,00-0039640,K.Duke,Khalid Duke,1,DE,DL,"https://static.www.nfl.com/image/upload/f_auto,q_auto/league/pdop5lj5bwdimbxiyjxj",TEN,1,1,0,0,0,0,0,0,0,1,0,0,0,0,0,0,0,0,0,0,0,0
2024,REG+POST,00-0039660,T.Harper,Thomas Harper,8,FS,DB,"https://static.www.nfl.com/image/upload/f_auto,q_auto/league/vp1fcehmaxjfwuy0aj4p",LV,8,8,0,10,0,0,0,0.5,1.5,1,1,14,2,0,0,0,0,1,0,0,0,0
2024,REG+POST,00-0039692,D.Pettus,Dell Pettus,11,FS,DB,"https://static.www.nfl.com/image/upload/f_auto,q_auto/league/eonk8d33szxyjztamufc",NE,17,13,4,11,1,0,0,1,7,1,0,0,2,0,0,0,0,0,0,0,2,10
2024,REG+POST,00-0039696,E.Anderson,Evan Anderson,10,DT,DL,"https://static.www.nfl.com/image/upload/f_auto,q_auto/league/zf068i8s75s8ddob51pz",SF,13,11,2,11,2,3,1,1,2,2,0,0,0,0,0,0,0,1,0,0,2,6
2024,REG+POST,00-0039707,D.Gant,Dallas Gant,1,ILB,LB,"https://static.www.nfl.com/image/upload/f_auto,q_auto/league/vkt3hth64m1rvzohz7vi",PHI,1,1,0,0,0,0,0,0,0,0,0,0,0,0,0,0,0,0,0,0,0,0
2024,REG+POST,00-0039714,D.McGlothern,Dwight McGlothern,1,CB,DB,"https://static.www.nfl.com/image/upload/f_auto,q_auto/league/adquqzpktzmy0wyr0gxb",MIN,0,0,0,0,0,0,0,0,0,0,0,0,1,0,0,0,0,0,0,0,0,0
2024,REG+POST,00-0039715,G.Murphy,Gabriel Murphy,1,OLB,LB,"https://static.www.nfl.com/image/upload/f_auto,q_auto/league/tjzuzuxozskc7ts7hpep",MIN,1,1,0,0,0,0,0,0,0,1,0,0,0,0,0,0,0,0,0,0,0,0
2024,REG+POST,00-0039718,B.Richter,Bo Richter,3,OLB,LB,"https://static.www.nfl.com/image/upload/f_auto,q_auto/league/jzuk7xz7jjjgxnmriia8",MIN,1,1,0,3,0,0,0,0,0,0,0,0,0,0,0,0,0,0,0,0,0,0
2024,REG+POST,00-0039720,T.Taimani,Taki Taimani,2,NT,DL,"https://static.www.nfl.com/image/upload/f_auto,q_auto/league/wqq3jo1szzpunen8rd0o",MIN,1,1,0,2,0,0,0,0,0,0,0,0,0,0,0,0,0,0,0,0,0,0
2024,REG+POST,00-0039733,R.Orhorhoro,Ruke Orhorhoro,8,DE,DL,"https://static.www.nfl.com/image/upload/f_auto,q_auto/league/knscguvmkwdqn9yi5x6u",ATL,4,2,2,7,1,3,0,0,0,1,0,0,0,0,0,0,0,0,0,0,0,0
2024,REG+POST,00-0039734,B.Fiske,Braden Fiske,19,DT,DL,"https://static.www.nfl.com/image/upload/f_auto,q_auto/league/a99mc0m9pm3qifqdjlb4",LA,21,18,3,24,11,0,2,10,105,12,0,0,0,0,0,0,0,2,8,0,2,20
2024,REG+POST,00-0039735,J.Powers-Johnson,Jackson Powers-Johnson,1,G,OL,"https://static.www.nfl.com/image/upload/f_auto,q_auto/league/nx60tzzagfyjjxb9lnws",PIT,0,0,0,1,0,0,0,0,0,0,0,0,0,0,0,0,0,0,0,0,0,0
2024,REG+POST,00-0039740,J.Hunt,Jalyx Hunt,12,OLB,LB,"https://static.www.nfl.com/image/upload/f_auto,q_auto/league/azga5aijlcfec2kmxukm",PHI,17,17,0,9,2,4,1,3,17,6,0,0,1,0,0,0,0,0,0,0,1,10
2024,REG+POST,00-0039741,P.Wilson,Payton Wilson,17,ILB,LB,"https://static.www.nfl.com/image/upload/f_auto,q_auto/league/lktfmis1cniyaqwycf4l",PIT,49,44,5,29,4,7,1,0,0,2,1,0,2,1,1,1,1,2,22,0,0,0
2024,REG+POST,00-0039743,J.Jefferson,Jordan Jefferson,8,DT,DL,"https://static.www.nfl.com/image/upload/f_auto,q_auto/league/kbjzze8j4akoyeb8kcwk",JAX,5,4,1,7,1,0,0,1,9,1,0,0,1,0,0,0,0,0,0,0,1,5
2024,REG+POST,00-0039746,W.Shipley,Will Shipley,1,RB,RB,"https://static.www.nfl.com/image/upload/f_auto,q_auto/league/irh5l9dxqamsfnfjwuc7",PHI,0,0,0,1,0,0,0,0,0,0,0,0,0,0,0,0,0,0,0,0,0,0
2024,REG+POST,00-0039749,T.Davis,Tyler Davis,15,DE,DL,"https://static.www.nfl.com/image/upload/f_auto,q_auto/league/q4du6znro1yaoi4unlft",LA,15,12,3,21,2,5,0,0.5,2,1,0,0,0,0,0,0,0,0,0,0,1,6
2024,REG+POST,00-0039752,C.Johnson,Cedric Johnson,5,DE,DL,"https://static.www.nfl.com/image/upload/f_auto,q_auto/league/dy6yguydv1vow9bhot29",CIN,5,5,0,1,1,0,0,1,6,4,0,0,0,0,0,0,0,0,0,0,0,0
2024,REG+POST,00-0039753,B.Limmer,Beaux Limmer,1,C,OL,"https://static.www.nfl.com/image/upload/f_auto,q_auto/league/y54rcpzoyoxiuffxz9gy",ARI,1,1,0,0,0,0,0,0,0,0,0,0,0,0,0,0,0,0,0,0,0,0
2024,REG+POST,00-0039763,J.Andreessen,Joe Andreessen,4,OLB,LB,"https://static.www.nfl.com/image/upload/f_auto,q_auto/league/inzrhcz1pqlbypqhkug5",BUF,9,9,0,11,1,0,0,0,0,1,0,0,0,0,0,0,0,0,0,0,0,0
2024,REG+POST,00-0039764,E.Chatman,Elijah Chatman,11,DT,DL,"https://static.www.nfl.com/image/upload/f_auto,q_auto/league/zcqzunhx1asxyvu5sdgj",NYG,11,11,0,10,2,1,0,1,10,3,0,0,0,0,0,0,0,1,0,0,1,5
2024,REG+POST,00-0039770,C.Woods,Charles Woods,2,CB,DB,"https://static.www.nfl.com/image/upload/f_auto,q_auto/league/odefzf09qfoxuphfmebk",LA,1,1,0,0,0,0,0,0,0,0,0,0,0,0,0,0,0,0,0,0,1,15
2024,REG+POST,00-0039772,J.Wallace,Josh Wallace,6,CB,DB,"https://static.www.nfl.com/image/upload/f_auto,q_auto/league/lwtavpkfwluzdouyhhwx",LA,6,5,1,2,0,0,0,0,0,0,0,0,2,0,0,0,0,0,0,0,2,15
2024,REG+POST,00-0039774,O.Speights,Omar Speights,13,ILB,LB,"https://static.www.nfl.com/image/upload/f_auto,q_auto/league/qyqiuy6memshjabpv5qw",LA,43,36,7,33,3,3,1,1,15,0,0,0,2,0,0,0,0,0,0,0,0,0
2024,REG+POST,00-0039776,J.McCollough,Jaylen McCollough,17,FS,DB,"https://static.www.nfl.com/image/upload/f_auto,q_auto/league/u1m6lrwx05buswtj4jsf",LA,28,26,2,20,1,0,0,1,2,2,4,6,4,1,0,0,0,0,0,0,1,15
2024,REG+POST,00-0039789,Q.Stiggers,Qwan'tez Stiggers,3,CB,DB,"https://static.www.nfl.com/image/upload/f_auto,q_auto/league/vaoc5ysxdf5dsrzpi7qt",NYJ,5,5,0,0,0,0,0,0,0,0,0,0,0,0,0,0,0,0,0,0,2,26
2024,REG+POST,00-0039791,A.Isaac,Adisa Isaac,2,OLB,LB,"https://static.www.nfl.com/image/upload/f_auto,q_auto/league/dx5rsuoquxk8sxh9mezp",BAL,1,1,0,2,1,4,0,0,0,0,0,0,1,0,0,0,0,0,0,0,0,0
2024,REG+POST,00-0039793,A.Barner,A.J. Barner,1,TE,TE,"https://static.www.nfl.com/image/upload/f_auto,q_auto/league/msnzbeyjoemcas9dm8vt",LA,1,1,0,0,0,0,0,0,0,0,0,0,0,0,0,0,0,0,0,0,0,0
2024,REG+POST,00-0039795,N.Pritchett,Nehemiah Pritchett,4,CB,DB,"https://static.www.nfl.com/image/upload/f_auto,q_auto/league/vhrxczmdisskazahqmpd",SEA,7,7,0,3,0,0,0,0,0,0,0,0,1,0,0,0,0,0,0,0,1,1
2024,REG+POST,00-0039807,M.Melton,Max Melton,16,CB,DB,"https://static.www.nfl.com/image/upload/f_auto,q_auto/league/xietbroubuzz1ydj2uri",ARI,31,30,1,14,2,4,1,0,0,0,0,0,5,0,0,0,0,0,0,0,0,0
2024,REG+POST,00-0039809,J.Elliss,Jonah Elliss,16,OLB,LB,"https://static.www.nfl.com/image/upload/f_auto,q_auto/league/lkyvmoxvqwfreqwkg1yo",DEN,21,16,5,10,7,6,0,5,27.5,6,0,0,2,0,0,0,0,0,0,0,0,0
2024,REG+POST,00-0039812,T.Hopper,Ty'Ron Hopper,2,ILB,LB,"https://static.www.nfl.com/image/upload/f_auto,q_auto/league/dme7tpprr3veemketqm8",GB,1,1,0,1,0,0,0,0,0,0,0,0,0,0,0,0,0,0,0,0,0,0
2024,REG+POST,00-0039813,E.Williams,Evan Williams,10,SS,DB,"https://static.www.nfl.com/image/upload/f_auto,q_auto/league/phwdofvsdjhqecxyx1kb",GB,32,30,2,19,1,2,1,0,0,0,1,1,4,0,0,0,0,0,0,0,0,0
2024,REG+POST,00-0039815,T.Knight,Tyrice Knight,12,MLB,LB,"https://static.www.nfl.com/image/upload/f_auto,q_auto/league/z9kikadknyhaacbezgvb",SEA,41,34,7,47,3,5,0,1.5,9.5,4,0,0,2,0,0,0,0,1,-2,0,0,0
2024,REG+POST,00-0039818,K.Oladapo,Kitan Oladapo,1,FS,DB,"https://static.www.nfl.com/image/upload/f_auto,q_auto/league/kqqmi2ljaltvkmtcqan7",GB,1,1,0,3,0,0,0,0,0,0,0,0,0,0,0,0,0,0,0,0,0,0
2024,REG+POST,00-0039821,A.Phillips,Andru Phillips,14,CB,DB,"https://static.www.nfl.com/image/upload/f_auto,q_auto/league/q0bch1ertg7pi0zo8r3o",NYG,46,38,8,25,7,6,2,1,5,1,1,25,1,0,0,0,0,0,0,0,3,15
2024,REG+POST,00-0039825,J.Hicks,Jaden Hicks,16,SS,DB,"https://static.www.nfl.com/image/upload/f_auto,q_auto/league/krhm1jt7hl3d5ucjjfgw",KC,28,27,1,8,3,1,0,0,0,0,3,50,5,0,0,0,0,0,0,0,2,22
2024,REG+POST,00-0039826,J.Trotter,Jeremiah Trotter,7,ILB,LB,"https://static.www.nfl.com/image/upload/f_auto,q_auto/league/pys6mbvnxovsszorv65n",PHI,6,6,0,14,0,0,0,0.5,3.5,1,0,0,1,0,0,0,0,0,0,0,1,15
2024,REG+POST,00-0039829,D.Muasau,Darius Muasau,10,ILB,LB,"https://static.www.nfl.com/image/upload/f_auto,q_auto/league/se4fgnyh0rg8rgiz9uak",NYG,26,23,3,28,3,5,0,0,0,1,1,1,1,0,0,0,0,0,0,0,1,5
2024,REG+POST,00-0039831,K.Hadden,Kamal Hadden,1,CB,DB,"https://static.www.nfl.com/image/upload/f_auto,q_auto/league/khu2fbhai9ibcppangw7",GB,0,0,0,0,0,0,0,0,0,0,0,0,0,0,0,0,0,0,0,0,1,10
2024,REG+POST,00-0039834,K.Kinchens,Kamren Kinchens,17,FS,DB,"https://static.www.nfl.com/image/upload/f_auto,q_auto/league/degbbihkuwtdoup62bfz",LA,43,40,3,24,1,0,1,0,0,0,4,123,6,1,1,1,0,0,0,0,2,30
2024,REG+POST,00-0039835,J.Eboigbe,Justin Eboigbe,2,DE,DL,"https://static.www.nfl.com/image/upload/f_auto,q_auto/league/zfq37qzqw0ifthtcpmar",LAC,1,1,0,1,0,0,0,0,0,0,0,0,0,0,0,0,0,0,0,0,0,0
2024,REG+POST,00-0039836,B.Jackson,Brennan Jackson,3,OLB,LB,"https://static.www.nfl.com/image/upload/f_auto,q_auto/league/ehm3wvd6unlprbuvuids",LA,1,1,0,1,0,0,0,0,0,0,0,0,1,0,0,0,0,0,0,0,0,0
2024,REG+POST,00-0039838,C.Bullock,Calen Bullock,19,SS,DB,"https://static.www.nfl.com/image/upload/f_auto,q_auto/league/yfvvbf4ibj8twf7cb9sf",HOU,37,36,1,20,0,0,0,0,0,0,5,96,11,0,0,0,0,1,0,0,2,39
2024,REG+POST,00-0039840,A.Booker,Austin Booker,13,DE,DL,"https://static.www.nfl.com/image/upload/f_auto,q_auto/league/v1unnbpdxmzbu5uxzlus",CHI,13,10,3,7,3,4,0,1.5,2.5,4,0,0,0,0,0,0,0,0,0,0,1,5
2024,REG+POST,00-0039841,C.DeJean,Cooper DeJean,16,CB,DB,"https://static.www.nfl.com/image/upload/f_auto,q_auto/league/i22xa56qco3pdhr982eu",PHI,49,48,1,19,3,3,1,0.5,7.5,1,1,38,10,1,0,0,0,3,0,0,2,19
2024,REG+POST,00-0039846,T.Smith,Tykee Smith,13,SS,DB,"https://static.www.nfl.com/image/upload/f_auto,q_auto/league/cnha8qqp1eruhjxytwcj",TB,42,38,4,18,4,12,3,0,0,2,2,0,7,0,0,0,0,0,0,0,2,23
2024,REG+POST,00-0039849,M.Harrison,Marvin Harrison,1,WR,WR,"https://static.www.nfl.com/image/upload/f_auto,q_auto/league/o6hg5zeofmxvzjjpo2sf",MIN,1,1,0,0,0,0,0,0,0,0,0,0,0,0,0,0,0,0,0,0,0,0
2024,REG+POST,00-0039850,E.Cooper,Edgerrin Cooper,15,ILB,LB,"https://static.www.nfl.com/image/upload/f_auto,q_auto/league/huidssokjxzmjjeyb80d",GB,50,44,6,34,13,26,1,3.5,32.5,8,1,22,4,0,0,1,0,1,4,0,2,20
2024,REG+POST,00-0039851,D.Maye,Drake Maye,1,QB,QB,"https://static.www.nfl.com/image/upload/f_auto,q_auto/league/iy96wbyjth5ehizc0xq5",HOU,1,1,0,0,0,0,0,0,0,0,0,0,0,0,0,0,0,0,0,0,0,0
2024,REG+POST,00-0039852,J.Verse,Jared Verse,19,OLB,LB,"https://static.www.nfl.com/image/upload/f_auto,q_auto/league/e3xx2ckk3vruyn34xb8m",LA,41,36,5,31,14,14,2,6.5,61.5,20,0,0,2,1,0,0,0,3,57,0,3,35
2024,REG+POST,00-0039854,D.Robinson,Darius Robinson,5,DT,DL,"https://static.www.nfl.com/image/upload/f_auto,q_auto/league/l5l1hkawirteohcvdro3",ARI,4,3,1,6,1,2,0,1,0,1,0,0,0,0,0,0,0,0,0,0,0,0
2024,REG+POST,00-0039855,J.McMillan,Jalen McMillan,1,WR,WR,"https://static.www.nfl.com/image/upload/f_auto,q_auto/league/zdxkyl8gy4dqiq6evfzp",LV,1,1,0,0,0,0,0,0,0,0,0,0,0,0,0,0,0,0,0,0,0,0
2024,REG+POST,00-0039858,C.Gray,Cedric Gray,2,ILB,LB,"https://static.www.nfl.com/image/upload/f_auto,q_auto/league/uhr7hmzq5vkck9pfe1qm",TEN,6,3,3,8,0,0,0,0,0,0,0,0,0,0,0,0,0,0,0,0,0,0
2024,REG+POST,00-0039859,B.Dorlus,Brandon Dorlus,2,DE,DL,"https://static.www.nfl.com/image/upload/f_auto,q_auto/league/e7vauyhvrzupnvraelzz",ATL,1,1,0,2,0,0,0,0,0,0,0,0,0,0,0,0,0,0,0,0,0,0
2024,REG+POST,00-0039860,K.McKinstry,Kool-Aid McKinstry,12,CB,DB,"https://static.www.nfl.com/image/upload/f_auto,q_auto/league/ihnixb4i91g1nvvtexty",NO,31,30,1,10,2,1,0,0,0,0,0,0,6,0,0,0,0,0,0,0,0,0
2024,REG+POST,00-0039861,T.Nubin,Tyler Nubin,13,SS,DB,"https://static.www.nfl.com/image/upload/f_auto,q_auto/league/sckihspwko85ue3laddb",NYG,57,50,7,40,4,6,1,0,0,0,0,0,1,0,0,0,0,1,2,0,2,37
2024,REG+POST,00-0039862,E.Rakestraw,Ennis Rakestraw,5,CB,DB,"https://static.www.nfl.com/image/upload/f_auto,q_auto/league/ujqq4wa1h5vxlshc80zl",DET,4,4,0,2,0,0,0,0,0,0,0,0,0,0,0,0,0,0,0,0,1,5
2024,REG+POST,00-0039864,D.Taylor-Demerson,Dadrion Taylor-Demerson,10,FS,DB,"https://static.www.nfl.com/image/upload/f_auto,q_auto/league/r59gcmrknai5uuthvojy",ARI,22,20,2,13,3,7,1,0,0,0,0,0,5,0,0,0,0,0,0,0,1,15
2024,REG+POST,00-0039867,J.Bullard,Javon Bullard,15,SS,DB,"https://static.www.nfl.com/image/upload/f_auto,q_auto/league/vhggenc4ulgywkxvjgww",GB,59,55,4,29,2,2,0,0,0,0,0,0,1,0,0,0,0,1,3,0,0,0
2024,REG+POST,00-0039872,C.Bishop,Cole Bishop,12,CB,DB,"https://static.www.nfl.com/image/upload/f_auto,q_auto/league/t7mhqnx0g5izqd1zmdh5",BUF,32,31,1,15,1,3,0,0,0,0,0,0,2,0,0,0,0,0,0,0,2,15
2024,REG+POST,00-0039873,D.Carter,DeWayne Carter,5,DT,DL,"https://static.www.nfl.com/image/upload/f_auto,q_auto/league/jevh4sin4lc4eot1ljnb",BUF,11,8,3,3,5,8,0,0,0,3,0,0,1,0,0,0,0,0,0,0,0,0
2024,REG+POST,00-0039877,M.Kamara,Mohamed Kamara,1,OLB,LB,"https://static.www.nfl.com/image/upload/f_auto,q_auto/league/gqurn0hzmydge1pzwuz8",MIA,0,0,0,1,0,0,0,0,0,1,0,0,0,0,0,0,0,0,0,0,0,0
2024,REG+POST,00-0039878,E.Ulofoshio,Edefuan Ulofoshio,1,MLB,LB,"https://static.www.nfl.com/image/upload/f_auto,q_auto/league/jnfdcmdpwoxurhr1hhij",BUF,4,3,1,1,1,0,0,0,0,0,0,0,1,0,0,0,0,0,0,0,0,0
2024,REG+POST,00-0039879,J.Solomon,Javon Solomon,6,DE,DL,"https://static.www.nfl.com/image/upload/f_auto,q_auto/league/ymzh36w3fdeqdiivlzuy",BUF,7,5,2,4,3,2,1,2,28,6,0,0,0,0,0,0,0,1,0,0,0,0
2024,REG+POST,00-0039880,M.Washington,Malik Washington,1,WR,WR,"https://static.www.nfl.com/image/upload/f_auto,q_auto/league/mlnnipvmbl92w7mmr1pa",NE,1,1,0,0,0,0,0,0,0,0,0,0,0,0,0,0,0,0,0,0,0,0
2024,REG+POST,00-0039881,P.McMorris,Patrick McMorris,2,SS,DB,"https://static.www.nfl.com/image/upload/f_auto,q_auto/league/v2fncjaio4kxoaj2aapz",MIA,1,1,0,0,0,0,0,0,0,0,0,0,0,0,0,0,0,0,0,0,1,10
2024,REG+POST,00-0039886,T.Sweat,T'Vondre Sweat,15,NT,DL,"https://static.www.nfl.com/image/upload/f_auto,q_auto/league/hzmtakjnixl6ahn2ixch",TEN,22,16,6,29,4,7,1,1,9,3,0,0,1,0,0,0,0,1,30,0,2,10
2024,REG+POST,00-0039888,Q.Mitchell,Quinyon Mitchell,20,CB,DB,"https://static.www.nfl.com/image/upload/f_auto,q_auto/league/qcwjdkw3lzlljnjaggjf",PHI,49,48,1,11,0,0,0,0,0,0,2,0,16,0,0,0,0,0,0,0,2,29
2024,REG+POST,00-0039889,M.Smith,Maason Smith,10,DT,DL,"https://static.www.nfl.com/image/upload/f_auto,q_auto/league/kgnjmuwqzwzvrpsuqhab",JAX,10,9,1,7,3,2,0,3,9,4,0,0,3,0,0,0,0,0,0,0,0,0
2024,REG+POST,00-0039893,B.Thomas,Brian Thomas,1,WR,WR,"https://static.www.nfl.com/image/upload/f_auto,q_auto/league/gsz15iz0ppibhslzzgch",IND,1,1,0,0,0,0,0,0,0,0,0,0,0,0,0,0,0,0,0,0,0,0
2024,REG+POST,00-0039894,X.Worthy,Xavier Worthy,1,WR,WR,"https://static.www.nfl.com/image/upload/f_auto,q_auto/league/fvzbx5gpiqkogglyoo1w",CIN,1,1,0,0,0,0,0,0,0,0,0,0,0,0,0,0,0,0,0,0,0,0
2024,REG+POST,00-0039895,M.Hall,Michael Hall,8,DT,DL,"https://static.www.nfl.com/image/upload/f_auto,q_auto/league/ykpxjvmielzqpguubka1",CLE,8,6,2,5,3,2,0,1,5,6,0,0,0,0,0,0,0,0,0,0,0,0
2024,REG+POST,00-0039898,M.Sainristil,Mike Sainristil,20,CB,DB,"https://static.www.nfl.com/image/upload/f_auto,q_auto/league/udlw8qhbduz4z49jv3jm",WAS,68,60,8,32,1,0,1,0,0,0,4,60,18,0,0,0,0,1,0,0,4,35
2024,REG+POST,00-0039900,M.Kneeland,Marshawn Kneeland,8,DE,DL,"https://static.www.nfl.com/image/upload/f_auto,q_auto/league/bzmyusvygzhtidlppem6",DAL,8,7,1,5,2,6,0,0,0,3,0,0,1,0,0,0,0,1,0,0,0,0
2024,REG+POST,00-0039901,K.Coleman,Keon Coleman,1,WR,WR,"https://static.www.nfl.com/image/upload/f_auto,q_auto/league/ipwpdgb0cm3xy3d8zu1l",MIA,1,1,0,0,0,0,0,0,0,0,0,0,0,0,0,0,0,0,0,0,0,0
2024,REG+POST,00-0039902,C.Braswell,Chris Braswell,12,OLB,LB,"https://static.www.nfl.com/image/upload/f_auto,q_auto/league/a92ycj88oyuyfzsr3ex8",TB,11,11,0,6,1,0,1,1.5,9.5,9,0,0,0,0,0,0,0,0,0,0,1,14
2024,REG+POST,00-0039903,T.Arnold,Terrion Arnold,17,CB,DB,"https://static.www.nfl.com/image/upload/f_auto,q_auto/league/ubcjs5pu0hx3z2qx1rae",DET,52,48,4,14,0,0,0,0,0,0,0,0,10,0,0,0,0,1,-1,0,11,167
2024,REG+POST,00-0039906,J.Newton,Jer'Zhan Newton,15,DT,DL,"https://static.www.nfl.com/image/upload/f_auto,q_auto/league/hgrxkwfkaiozsegi9sbp",WAS,23,22,1,25,7,13,1,2,8,7,0,0,1,0,0,0,0,1,2,0,3,16
2024,REG+POST,00-0039908,K.Jenkins,Kris Jenkins,14,DT,DL,"https://static.www.nfl.com/image/upload/f_auto,q_auto/league/nuyy0laahr8mf5dojflu",CIN,10,9,1,21,3,0,0,3,15,5,0,0,0,0,0,0,0,0,0,0,0,0
2024,REG+POST,00-0039910,J.Daniels,Jayden Daniels,1,QB,QB,"https://static.www.nfl.com/image/upload/f_auto,q_auto/league/mh9rkwpmq1rgfarg9rpm",DAL,0,0,0,1,0,0,0,0,0,0,0,0,0,0,0,0,0,0,0,0,0,0
2024,REG+POST,00-0039911,C.Robinson,Chop Robinson,16,OLB,LB,"https://static.www.nfl.com/image/upload/f_auto,q_auto/league/z2ysixmozloxbce6oscm",MIA,16,12,4,10,8,4,0,6,43,14,0,0,4,0,0,0,0,0,0,0,3,15
2024,REG+POST,00-0039915,L.McConkey,Ladd McConkey,1,WR,WR,"https://static.www.nfl.com/image/upload/f_auto,q_auto/league/wcx39ialovvxxnvs2bke",CIN,1,1,0,0,0,0,0,0,0,0,0,0,0,0,0,0,0,0,0,0,0,0
2024,REG+POST,00-0039915,L.McConkey,Ladd McConkey,1,WR,WR,"https://static.www.nfl.com/image/upload/f_auto,q_auto/league/wcx39ialovvxxnvs2bke",DEN,1,1,0,0,0,0,0,0,0,0,0,0,0,0,0,0,0,0,0,0,0,0
2024,REG+POST,00-0039916,R.Pearsall,Ricky Pearsall,1,WR,WR,"https://static.www.nfl.com/image/upload/f_auto,q_auto/league/akwepvt6qxwbgankljmv",ARI,1,1,0,0,0,0,0,0,0,0,0,0,0,0,0,0,0,0,0,0,0,0
2024,REG+POST,00-0039917,M.Penix,Michael Penix,1,QB,QB,"https://static.www.nfl.com/image/upload/f_auto,q_auto/league/ono6a9myuvmgmfz1y43t",WAS,0,0,0,1,0,0,0,0,0,0,0,0,0,0,0,0,0,0,0,0,0,0
2024,REG+POST,00-0039919,R.Odunze,Rome Odunze,1,WR,WR,"https://static.www.nfl.com/image/upload/f_auto,q_auto/league/labs8tstecnehvzfmrs5",HOU,1,1,0,0,0,0,0,0,0,0,0,0,0,0,0,0,0,0,0,0,0,0
2024,REG+POST,00-0039920,M.Corley,Malachi Corley,1,WR,WR,"https://static.www.nfl.com/image/upload/f_auto,q_auto/league/wukmdigs85jyubxw0iur",SEA,1,1,0,0,0,0,0,0,0,0,0,0,0,0,0,0,0,0,0,0,0,0
2024,REG+POST,00-0039921,T.Benson,Trey Benson,1,RB,RB,"https://static.www.nfl.com/image/upload/f_auto,q_auto/league/iu0gbspz3kjdqlazvtkn",CHI,1,1,0,0,0,0,0,0,0,0,0,0,0,0,0,0,0,0,0,0,0,0
2024,REG+POST,00-0039921,T.Benson,Trey Benson,1,RB,RB,"https://static.www.nfl.com/image/upload/f_auto,q_auto/league/iu0gbspz3kjdqlazvtkn",SEA,1,1,0,0,0,0,0,0,0,0,0,0,0,0,0,0,0,0,0,0,0,0
2024,REG+POST,00-0039924,D.Turner,Dallas Turner,11,OLB,LB,"https://static.www.nfl.com/image/upload/f_auto,q_auto/league/ltfrhesqku4lkeaewxmd",MIN,10,9,1,8,3,0,0,3,21,5,1,4,1,0,0,0,0,0,0,0,3,27
2024,REG+POST,00-0039925,A.Mims,Amarius Mims,1,T,OL,"https://static.www.nfl.com/image/upload/f_auto,q_auto/league/wd6jgoem3ajvada2h7qx",TEN,0,0,0,1,0,0,0,0,0,0,0,0,0,0,0,0,0,0,0,0,0,0
