capture_id,quote_id,captured_at,source,source_updated_at,state,sport,event_id,event_name,kickoff,book,market_id,market_type,market_name,player_id,player_name,selection_id,selection,line,american_price,decimal_price,implied_probability,quote_status,opening_line,opening_price,first_observed,closing_line,closing_price,result,net_units,model_version
3bb27604-09a7-4895-8dfc-4f89970836b1,d5050484-2df6-4686-8a3d-6758c8647e42,2026-09-07T00:14:47Z,FanDuel Sportsbook structured market feed,,VA,NFL,35596943,Dallas Cowboys @ New York Giants,2026-09-14T00:20:00.000Z,FanDuel,751.183007524,passing_touchdowns,Dak Prescott - Passing TDs,,Dak Prescott,11889993,over,1.5,-158,1.632911392405063,0.6124031007751938,open,,,2026-09-07T00:14:47Z,,,,,v3-forward-measurement
3bb27604-09a7-4895-8dfc-4f89970836b1,dcee2cbd-cb55-49d8-a7c1-56468cbc53ce,2026-09-07T00:14:47Z,FanDuel Sportsbook structured market feed,,VA,NFL,35596943,Dallas Cowboys @ New York Giants,2026-09-14T00:20:00.000Z,FanDuel,751.183007524,passing_touchdowns,Dak Prescott - Passing TDs,,Dak Prescott,11889992,under,1.5,118,2.18,0.45871559633027525,open,,,2026-09-07T00:14:47Z,,,,,v3-forward-measurement
3bb27604-09a7-4895-8dfc-4f89970836b1,6ea0c624-609b-41ed-af56-9069a1bacc1b,2026-09-07T00:14:47Z,FanDuel Sportsbook structured market feed,,VA,NFL,35596943,Dallas Cowboys @ New York Giants,2026-09-14T00:20:00.000Z,FanDuel,751.183007431,passing_touchdowns,Jaxson Dart - Passing TDs,,Jaxson Dart,41788833,over,1.5,128,2.28,0.43859649122807015,open,,,2026-09-07T00:14:47Z,,,,,v3-forward-measurement
3bb27604-09a7-4895-8dfc-4f89970836b1,e12368a2-3723-4a8b-80a2-04713492015b,2026-09-07T00:14:47Z,FanDuel Sportsbook structured market feed,,VA,NFL,35596943,Dallas Cowboys @ New York Giants,2026-09-14T00:20:00.000Z,FanDuel,751.183007431,passing_touchdowns,Jaxson Dart - Passing TDs,,Jaxson Dart,41788834,under,1.5,-172,1.581395348837209,0.6323529411764706,open,,,2026-09-07T00:14:47Z,,,,,v3-forward-measurement
3bb27604-09a7-4895-8dfc-4f89970836b1,cdac92c3-f0f8-4cdb-b720-dd2fb4162308,2026-09-07T00:14:47Z,FanDuel Sportsbook structured market feed,,VA,NFL,35596943,Dallas Cowboys @ New York Giants,2026-09-14T00:20:00.000Z,FanDuel,751.183007477,passing_yards,Dak Prescott - Passing Yds,,Dak Prescott,11889993,over,260.5,-114,1.87719298245614,0.5327102803738317,open,,,2026-09-07T00:14:47Z,,,,,v3-forward-measurement
3bb27604-09a7-4895-8dfc-4f89970836b1,0e62dfa6-ffa6-499e-b3f8-12cab553d801,2026-09-07T00:14:47Z,FanDuel Sportsbook structured market feed,,VA,NFL,35596943,Dallas Cowboys @ New York Giants,2026-09-14T00:20:00.000Z,FanDuel,751.183007477,passing_yards,Dak Prescott - Passing Yds,,Dak Prescott,11889992,under,260.5,-114,1.87719298245614,0.5327102803738317,open,,,2026-09-07T00:14:47Z,,,,,v3-forward-measurement
3bb27604-09a7-4895-8dfc-4f89970836b1,0ee620cf-d1cc-49aa-a18f-489b72d9e275,2026-09-07T00:14:47Z,FanDuel Sportsbook structured market feed,,VA,NFL,35596943,Dallas Cowboys @ New York Giants,2026-09-14T00:20:00.000Z,FanDuel,751.183007451,passing_yards,Jaxson Dart - Passing Yds,,Jaxson Dart,41788833,over,217.5,-114,1.87719298245614,0.5327102803738317,open,,,2026-09-07T00:14:47Z,,,,,v3-forward-measurement
3bb27604-09a7-4895-8dfc-4f89970836b1,fe6e8911-f5f6-4127-84d3-14b4159e491d,2026-09-07T00:14:47Z,FanDuel Sportsbook structured market feed,,VA,NFL,35596943,Dallas Cowboys @ New York Giants,2026-09-14T00:20:00.000Z,FanDuel,751.183007451,passing_yards,Jaxson Dart - Passing Yds,,Jaxson Dart,41788834,under,217.5,-114,1.87719298245614,0.5327102803738317,open,,,2026-09-07T00:14:47Z,,,,,v3-forward-measurement
36f7e97b-8ec0-47f1-9a62-004758d5cff2,841e327b-735d-4b65-bc8c-8fb4b0dbee7a,2026-09-07T00:14:47Z,FanDuel Sportsbook structured market feed,,VA,NFL,35596943,Dallas Cowboys @ New York Giants,2026-09-14T00:20:00.000Z,FanDuel,751.183016259,rushing_yards,Jaxson Dart - Rushing Yds,,Jaxson Dart,41788833,over,28.5,-114,1.87719298245614,0.5327102803738317,open,,,2026-09-07T00:14:47Z,,,,,v3-forward-measurement
36f7e97b-8ec0-47f1-9a62-004758d5cff2,791abcce-1774-4f53-a021-3344910ebc8a,2026-09-07T00:14:47Z,FanDuel Sportsbook structured market feed,,VA,NFL,35596943,Dallas Cowboys @ New York Giants,2026-09-14T00:20:00.000Z,FanDuel,751.183016259,rushing_yards,Jaxson Dart - Rushing Yds,,Jaxson Dart,41788834,under,28.5,-114,1.87719298245614,0.5327102803738317,open,,,2026-09-07T00:14:47Z,,,,,v3-forward-measurement
36f7e97b-8ec0-47f1-9a62-004758d5cff2,31318f22-89dd-4327-8322-7add14858f48,2026-09-07T00:14:47Z,FanDuel Sportsbook structured market feed,,VA,NFL,35596943,Dallas Cowboys @ New York Giants,2026-09-14T00:20:00.000Z,FanDuel,751.184988882,rushing_yards,Cam Skattebo - Rushing Yds,,Cam Skattebo,88246528,over,51.5,-114,1.87719298245614,0.5327102803738317,open,,,2026-09-07T00:14:47Z,,,,,v3-forward-measurement
36f7e97b-8ec0-47f1-9a62-004758d5cff2,2ea25fa4-91f4-4126-bc52-dd0dd6cbdab2,2026-09-07T00:14:47Z,FanDuel Sportsbook structured market feed,,VA,NFL,35596943,Dallas Cowboys @ New York Giants,2026-09-14T00:20:00.000Z,FanDuel,751.184988882,rushing_yards,Cam Skattebo - Rushing Yds,,Cam Skattebo,88246518,under,51.5,-114,1.87719298245614,0.5327102803738317,open,,,2026-09-07T00:14:47Z,,,,,v3-forward-measurement
36f7e97b-8ec0-47f1-9a62-004758d5cff2,addbfe89-c742-42b0-a4b3-b43f0391d402,2026-09-07T00:14:47Z,FanDuel Sportsbook structured market feed,,VA,NFL,35596943,Dallas Cowboys @ New York Giants,2026-09-14T00:20:00.000Z,FanDuel,751.183016262,rushing_yards,Javonte Williams - Rushing Yds,,Javonte Williams,40891106,over,73.5,-114,1.87719298245614,0.5327102803738317,open,,,2026-09-07T00:14:47Z,,,,,v3-forward-measurement
36f7e97b-8ec0-47f1-9a62-004758d5cff2,960f66d2-ced1-43c4-96ba-ce3d212020e1,2026-09-07T00:14:47Z,FanDuel Sportsbook structured market feed,,VA,NFL,35596943,Dallas Cowboys @ New York Giants,2026-09-14T00:20:00.000Z,FanDuel,751.183016262,rushing_yards,Javonte Williams - Rushing Yds,,Javonte Williams,40891107,under,73.5,-114,1.87719298245614,0.5327102803738317,open,,,2026-09-07T00:14:47Z,,,,,v3-forward-measurement
36f7e97b-8ec0-47f1-9a62-004758d5cff2,0bcdbe95-3c4b-4164-8de0-7a3ffddd69bc,2026-09-07T00:14:47Z,FanDuel Sportsbook structured market feed,,VA,NFL,35596943,Dallas Cowboys @ New York Giants,2026-09-14T00:20:00.000Z,FanDuel,751.184989087,rushing_yards,Dak Prescott - Rushing Yds,,Dak Prescott,11889993,over,7.5,-114,1.87719298245614,0.5327102803738317,open,,,2026-09-07T00:14:47Z,,,,,v3-forward-measurement
36f7e97b-8ec0-47f1-9a62-004758d5cff2,67153e46-14b2-49ef-ac4f-51c396a7da83,2026-09-07T00:14:47Z,FanDuel Sportsbook structured market feed,,VA,NFL,35596943,Dallas Cowboys @ New York Giants,2026-09-14T00:20:00.000Z,FanDuel,751.184989087,rushing_yards,Dak Prescott - Rushing Yds,,Dak Prescott,11889992,under,7.5,-114,1.87719298245614,0.5327102803738317,open,,,2026-09-07T00:14:47Z,,,,,v3-forward-measurement
8749a15c-ce65-4c88-b1d8-b2dfbda5db7f,b02fab3f-932d-4e86-a786-5c1ec967f199,2026-09-07T00:14:47Z,FanDuel Sportsbook structured market feed,,VA,NFL,35596943,Dallas Cowboys @ New York Giants,2026-09-14T00:20:00.000Z,FanDuel,751.184988868,receiving_yards,Cam Skattebo - Receiving Yds,,Cam Skattebo,88246528,over,15.5,-114,1.87719298245614,0.5327102803738317,open,,,2026-09-07T00:14:47Z,,,,,v3-forward-measurement
8749a15c-ce65-4c88-b1d8-b2dfbda5db7f,bf41e5a6-4f61-4849-a141-63acef371a91,2026-09-07T00:14:47Z,FanDuel Sportsbook structured market feed,,VA,NFL,35596943,Dallas Cowboys @ New York Giants,2026-09-14T00:20:00.000Z,FanDuel,751.184988868,receiving_yards,Cam Skattebo - Receiving Yds,,Cam Skattebo,88246518,under,15.5,-114,1.87719298245614,0.5327102803738317,open,,,2026-09-07T00:14:47Z,,,,,v3-forward-measurement
8749a15c-ce65-4c88-b1d8-b2dfbda5db7f,5967617e-e665-4b71-a323-df958719a5fb,2026-09-07T00:14:47Z,FanDuel Sportsbook structured market feed,,VA,NFL,35596943,Dallas Cowboys @ New York Giants,2026-09-14T00:20:00.000Z,FanDuel,751.184987956,receptions,Jake Ferguson - Total Receptions,,Jake Ferguson,41072316,over,3.5,-102,1.980392156862745,0.504950495049505,open,,,2026-09-07T00:14:47Z,,,,,v3-forward-measurement
8749a15c-ce65-4c88-b1d8-b2dfbda5db7f,11dc8bd7-7f8d-4343-a852-397495e92aae,2026-09-07T00:14:47Z,FanDuel Sportsbook structured market feed,,VA,NFL,35596943,Dallas Cowboys @ New York Giants,2026-09-14T00:20:00.000Z,FanDuel,751.184987956,receptions,Jake Ferguson - Total Receptions,,Jake Ferguson,41072318,under,3.5,-130,1.769230769230769,0.5652173913043478,open,,,2026-09-07T00:14:47Z,,,,,v3-forward-measurement
8749a15c-ce65-4c88-b1d8-b2dfbda5db7f,7a7be714-2efc-46e6-9ada-48abe34d7b3a,2026-09-07T00:14:47Z,FanDuel Sportsbook structured market feed,,VA,NFL,35596943,Dallas Cowboys @ New York Giants,2026-09-14T00:20:00.000Z,FanDuel,751.183009497,receptions,CeeDee Lamb - Total Receptions,,CeeDee Lamb,35952241,over,6.5,116,2.16,0.46296296296296297,open,,,2026-09-07T00:14:47Z,,,,,v3-forward-measurement
8749a15c-ce65-4c88-b1d8-b2dfbda5db7f,de5146fc-1860-4486-905d-5711155ce57b,2026-09-07T00:14:47Z,FanDuel Sportsbook structured market feed,,VA,NFL,35596943,Dallas Cowboys @ New York Giants,2026-09-14T00:20:00.000Z,FanDuel,751.183009497,receptions,CeeDee Lamb - Total Receptions,,CeeDee Lamb,35952242,under,6.5,-154,1.649350649350649,0.6062992125984252,open,,,2026-09-07T00:14:47Z,,,,,v3-forward-measurement
8749a15c-ce65-4c88-b1d8-b2dfbda5db7f,e62bfc83-9241-45e6-88ae-1cc2d74e6faa,2026-09-07T00:14:47Z,FanDuel Sportsbook structured market feed,,VA,NFL,35596943,Dallas Cowboys @ New York Giants,2026-09-14T00:20:00.000Z,FanDuel,751.183009498,receiving_yards,CeeDee Lamb - Receiving Yds,,CeeDee Lamb,35952241,over,76.5,-114,1.87719298245614,0.5327102803738317,open,,,2026-09-07T00:14:47Z,,,,,v3-forward-measurement
8749a15c-ce65-4c88-b1d8-b2dfbda5db7f,97d0defa-0651-4f9e-8adf-5458d45c6682,2026-09-07T00:14:47Z,FanDuel Sportsbook structured market feed,,VA,NFL,35596943,Dallas Cowboys @ New York Giants,2026-09-14T00:20:00.000Z,FanDuel,751.183009498,receiving_yards,CeeDee Lamb - Receiving Yds,,CeeDee Lamb,35952242,under,76.5,-114,1.87719298245614,0.5327102803738317,open,,,2026-09-07T00:14:47Z,,,,,v3-forward-measurement
8749a15c-ce65-4c88-b1d8-b2dfbda5db7f,34796feb-d51d-46e1-80f4-3f15e8dc8b55,2026-09-07T00:14:47Z,FanDuel Sportsbook structured market feed,,VA,NFL,35596943,Dallas Cowboys @ New York Giants,2026-09-14T00:20:00.000Z,FanDuel,751.184988881,receptions,Cam Skattebo - Total Receptions,,Cam Skattebo,88246528,over,2.5,116,2.16,0.46296296296296297,open,,,2026-09-07T00:14:47Z,,,,,v3-forward-measurement
8749a15c-ce65-4c88-b1d8-b2dfbda5db7f,c5f687c6-4466-44b4-8bfc-479672a6664a,2026-09-07T00:14:47Z,FanDuel Sportsbook structured market feed,,VA,NFL,35596943,Dallas Cowboys @ New York Giants,2026-09-14T00:20:00.000Z,FanDuel,751.184988881,receptions,Cam Skattebo - Total Receptions,,Cam Skattebo,88246518,under,2.5,-154,1.649350649350649,0.6062992125984252,open,,,2026-09-07T00:14:47Z,,,,,v3-forward-measurement
8749a15c-ce65-4c88-b1d8-b2dfbda5db7f,b340b546-8423-4b3d-8ce5-de4094d4ab8d,2026-09-07T00:14:47Z,FanDuel Sportsbook structured market feed,,VA,NFL,35596943,Dallas Cowboys @ New York Giants,2026-09-14T00:20:00.000Z,FanDuel,751.184988563,receptions,Isaiah Likely - Total Receptions,,Isaiah Likely,42088270,over,3.5,116,2.16,0.46296296296296297,open,,,2026-09-07T00:14:47Z,,,,,v3-forward-measurement
8749a15c-ce65-4c88-b1d8-b2dfbda5db7f,095da178-f533-4bec-b393-45e1e2a43995,2026-09-07T00:14:47Z,FanDuel Sportsbook structured market feed,,VA,NFL,35596943,Dallas Cowboys @ New York Giants,2026-09-14T00:20:00.000Z,FanDuel,751.184988563,receptions,Isaiah Likely - Total Receptions,,Isaiah Likely,42088269,under,3.5,-154,1.649350649350649,0.6062992125984252,open,,,2026-09-07T00:14:47Z,,,,,v3-forward-measurement
8749a15c-ce65-4c88-b1d8-b2dfbda5db7f,41fff2e6-7c6c-42f3-8433-59f76c5e956a,2026-09-07T00:14:47Z,FanDuel Sportsbook structured market feed,,VA,NFL,35596943,Dallas Cowboys @ New York Giants,2026-09-14T00:20:00.000Z,FanDuel,751.184987950,receiving_yards,Jake Ferguson - Receiving Yds,,Jake Ferguson,41072316,over,30.5,-114,1.87719298245614,0.5327102803738317,open,,,2026-09-07T00:14:47Z,,,,,v3-forward-measurement
8749a15c-ce65-4c88-b1d8-b2dfbda5db7f,bbeb1144-3f1a-4f8c-a73f-79868338377b,2026-09-07T00:14:47Z,FanDuel Sportsbook structured market feed,,VA,NFL,35596943,Dallas Cowboys @ New York Giants,2026-09-14T00:20:00.000Z,FanDuel,751.184987950,receiving_yards,Jake Ferguson - Receiving Yds,,Jake Ferguson,41072318,under,30.5,-114,1.87719298245614,0.5327102803738317,open,,,2026-09-07T00:14:47Z,,,,,v3-forward-measurement
8749a15c-ce65-4c88-b1d8-b2dfbda5db7f,00c6d0d8-1e72-4d75-9893-4bf548b32106,2026-09-07T00:14:47Z,FanDuel Sportsbook structured market feed,,VA,NFL,35596943,Dallas Cowboys @ New York Giants,2026-09-14T00:20:00.000Z,FanDuel,751.183012162,receptions,George Pickens - Total Receptions,,George Pickens,42217164,over,5.5,124,2.24,0.44642857142857145,open,,,2026-09-07T00:14:47Z,,,,,v3-forward-measurement
8749a15c-ce65-4c88-b1d8-b2dfbda5db7f,a4631b89-2ecb-487c-a099-72f2ae60e4ac,2026-09-07T00:14:47Z,FanDuel Sportsbook structured market feed,,VA,NFL,35596943,Dallas Cowboys @ New York Giants,2026-09-14T00:20:00.000Z,FanDuel,751.183012162,receptions,George Pickens - Total Receptions,,George Pickens,42217165,under,5.5,-166,1.602409638554217,0.6240601503759399,open,,,2026-09-07T00:14:47Z,,,,,v3-forward-measurement
8749a15c-ce65-4c88-b1d8-b2dfbda5db7f,3e261b6f-540b-40b0-8b8d-a256a1d9ea94,2026-09-07T00:14:47Z,FanDuel Sportsbook structured market feed,,VA,NFL,35596943,Dallas Cowboys @ New York Giants,2026-09-14T00:20:00.000Z,FanDuel,751.183012163,receiving_yards,George Pickens - Receiving Yds,,George Pickens,42217164,over,69.5,-114,1.87719298245614,0.5327102803738317,open,,,2026-09-07T00:14:47Z,,,,,v3-forward-measurement
8749a15c-ce65-4c88-b1d8-b2dfbda5db7f,7f2dfa2e-dd8e-4d42-b7cd-0e7a304b70cf,2026-09-07T00:14:47Z,FanDuel Sportsbook structured market feed,,VA,NFL,35596943,Dallas Cowboys @ New York Giants,2026-09-14T00:20:00.000Z,FanDuel,751.183012163,receiving_yards,George Pickens - Receiving Yds,,George Pickens,42217165,under,69.5,-114,1.87719298245614,0.5327102803738317,open,,,2026-09-07T00:14:47Z,,,,,v3-forward-measurement
8749a15c-ce65-4c88-b1d8-b2dfbda5db7f,cfb285a6-d6d8-4f29-ae14-3e1f028a35cb,2026-09-07T00:14:47Z,FanDuel Sportsbook structured market feed,,VA,NFL,35596943,Dallas Cowboys @ New York Giants,2026-09-14T00:20:00.000Z,FanDuel,751.183013304,receiving_yards,Malik Nabers - Receiving Yds,,Malik Nabers,42258641,over,60.5,-114,1.87719298245614,0.5327102803738317,open,,,2026-09-07T00:14:47Z,,,,,v3-forward-measurement
8749a15c-ce65-4c88-b1d8-b2dfbda5db7f,15377b16-e351-4225-a530-2da2c19d93cf,2026-09-07T00:14:47Z,FanDuel Sportsbook structured market feed,,VA,NFL,35596943,Dallas Cowboys @ New York Giants,2026-09-14T00:20:00.000Z,FanDuel,751.183013304,receiving_yards,Malik Nabers - Receiving Yds,,Malik Nabers,42258643,under,60.5,-114,1.87719298245614,0.5327102803738317,open,,,2026-09-07T00:14:47Z,,,,,v3-forward-measurement
8749a15c-ce65-4c88-b1d8-b2dfbda5db7f,25b445dd-2a29-418d-aa51-a44568d81276,2026-09-07T00:14:47Z,FanDuel Sportsbook structured market feed,,VA,NFL,35596943,Dallas Cowboys @ New York Giants,2026-09-14T00:20:00.000Z,FanDuel,751.183013303,receptions,Malik Nabers - Total Receptions,,Malik Nabers,42258641,over,5.5,116,2.16,0.46296296296296297,open,,,2026-09-07T00:14:47Z,,,,,v3-forward-measurement
8749a15c-ce65-4c88-b1d8-b2dfbda5db7f,cef4d213-66cc-47e5-8336-a76d40b3ff11,2026-09-07T00:14:47Z,FanDuel Sportsbook structured market feed,,VA,NFL,35596943,Dallas Cowboys @ New York Giants,2026-09-14T00:20:00.000Z,FanDuel,751.183013303,receptions,Malik Nabers - Total Receptions,,Malik Nabers,42258643,under,5.5,-154,1.649350649350649,0.6062992125984252,open,,,2026-09-07T00:14:47Z,,,,,v3-forward-measurement
8749a15c-ce65-4c88-b1d8-b2dfbda5db7f,e3e8557e-4c9e-4ab5-8dfb-368ef1efc443,2026-09-07T00:14:47Z,FanDuel Sportsbook structured market feed,,VA,NFL,35596943,Dallas Cowboys @ New York Giants,2026-09-14T00:20:00.000Z,FanDuel,751.184988559,receiving_yards,Isaiah Likely - Receiving Yds,,Isaiah Likely,42088270,over,34.5,-114,1.87719298245614,0.5327102803738317,open,,,2026-09-07T00:14:47Z,,,,,v3-forward-measurement
8749a15c-ce65-4c88-b1d8-b2dfbda5db7f,7ed4f84f-0da2-49ac-80ed-dfd43b49e911,2026-09-07T00:14:47Z,FanDuel Sportsbook structured market feed,,VA,NFL,35596943,Dallas Cowboys @ New York Giants,2026-09-14T00:20:00.000Z,FanDuel,751.184988559,receiving_yards,Isaiah Likely - Receiving Yds,,Isaiah Likely,42088269,under,34.5,-114,1.87719298245614,0.5327102803738317,open,,,2026-09-07T00:14:47Z,,,,,v3-forward-measurement
8749a15c-ce65-4c88-b1d8-b2dfbda5db7f,1920cc17-b291-4ce9-94c9-81f60ee42073,2026-09-07T00:14:47Z,FanDuel Sportsbook structured market feed,,VA,NFL,35596943,Dallas Cowboys @ New York Giants,2026-09-14T00:20:00.000Z,FanDuel,751.184988177,receiving_yards,Javonte Williams - Receiving Yds,,Javonte Williams,40891106,over,9.5,-114,1.87719298245614,0.5327102803738317,open,,,2026-09-07T00:14:47Z,,,,,v3-forward-measurement
8749a15c-ce65-4c88-b1d8-b2dfbda5db7f,0405220a-0bfc-420e-b2f9-23c15a621c9a,2026-09-07T00:14:47Z,FanDuel Sportsbook structured market feed,,VA,NFL,35596943,Dallas Cowboys @ New York Giants,2026-09-14T00:20:00.000Z,FanDuel,751.184988177,receiving_yards,Javonte Williams - Receiving Yds,,Javonte Williams,40891107,under,9.5,-114,1.87719298245614,0.5327102803738317,open,,,2026-09-07T00:14:47Z,,,,,v3-forward-measurement
8749a15c-ce65-4c88-b1d8-b2dfbda5db7f,6c341557-a806-4701-b7fd-44319b649d38,2026-09-07T00:14:47Z,FanDuel Sportsbook structured market feed,,VA,NFL,35596943,Dallas Cowboys @ New York Giants,2026-09-14T00:20:00.000Z,FanDuel,751.184988179,receptions,Javonte Williams - Total Receptions,,Javonte Williams,40891106,over,2.5,154,2.54,0.3937007874015748,open,,,2026-09-07T00:14:47Z,,,,,v3-forward-measurement
8749a15c-ce65-4c88-b1d8-b2dfbda5db7f,74a70578-0193-4831-aa15-54264a9e4f32,2026-09-07T00:14:47Z,FanDuel Sportsbook structured market feed,,VA,NFL,35596943,Dallas Cowboys @ New York Giants,2026-09-14T00:20:00.000Z,FanDuel,751.184988179,receptions,Javonte Williams - Total Receptions,,Javonte Williams,40891107,under,2.5,-210,1.476190476190476,0.6774193548387096,open,,,2026-09-07T00:14:47Z,,,,,v3-forward-measurement
8749a15c-ce65-4c88-b1d8-b2dfbda5db7f,4ad44854-9836-43a0-8ec8-b2c2e08cbf2c,2026-09-07T00:14:47Z,FanDuel Sportsbook structured market feed,,VA,NFL,35596943,Dallas Cowboys @ New York Giants,2026-09-14T00:20:00.000Z,FanDuel,751.184820301,receiving_yards,Odell Beckham Jr. - Receiving Yds,,Odell Beckham Jr.,25909418,over,7.5,-114,1.87719298245614,0.5327102803738317,open,,,2026-09-07T00:14:47Z,,,,,v3-forward-measurement
8749a15c-ce65-4c88-b1d8-b2dfbda5db7f,de16de52-97ba-4024-b80a-8f890ab35ea6,2026-09-07T00:14:47Z,FanDuel Sportsbook structured market feed,,VA,NFL,35596943,Dallas Cowboys @ New York Giants,2026-09-14T00:20:00.000Z,FanDuel,751.184820301,receiving_yards,Odell Beckham Jr. - Receiving Yds,,Odell Beckham Jr.,25909419,under,7.5,-114,1.87719298245614,0.5327102803738317,open,,,2026-09-07T00:14:47Z,,,,,v3-forward-measurement
e1b0df28-82a1-45ed-bce6-7672b16ce24d,7727779e-372e-49c8-bddf-c244624a0887,2026-09-07T00:14:47Z,FanDuel Sportsbook structured market feed,,VA,NFL,35596960,San Francisco 49ers @ Los Angeles Rams,2026-09-11T00:35:00.000Z,FanDuel,751.182142326,passing_touchdowns,Brock Purdy - Passing TDs,,Brock Purdy,41074310,over,1.5,-106,1.943396226415094,0.5145631067961165,open,,,2026-09-07T00:14:47Z,,,,,v3-forward-measurement
e1b0df28-82a1-45ed-bce6-7672b16ce24d,a2ab2e01-7aa3-411b-849a-29e0343a75a3,2026-09-07T00:14:47Z,FanDuel Sportsbook structured market feed,,VA,NFL,35596960,San Francisco 49ers @ Los Angeles Rams,2026-09-11T00:35:00.000Z,FanDuel,751.182142326,passing_touchdowns,Brock Purdy - Passing TDs,,Brock Purdy,41074309,under,1.5,-125,1.8,0.5555555555555556,open,,,2026-09-07T00:14:47Z,,,,,v3-forward-measurement
e1b0df28-82a1-45ed-bce6-7672b16ce24d,8be77c21-fc21-4062-b10c-4fb4af9aff38,2026-09-07T00:14:47Z,FanDuel Sportsbook structured market feed,,VA,NFL,35596960,San Francisco 49ers @ Los Angeles Rams,2026-09-11T00:35:00.000Z,FanDuel,751.182142327,passing_yards,Matthew Stafford - Passing Yds,,Matthew Stafford,11889883,over,265.5,-114,1.87719298245614,0.5327102803738317,open,,,2026-09-07T00:14:47Z,,,,,v3-forward-measurement
e1b0df28-82a1-45ed-bce6-7672b16ce24d,7ae9c2b9-48a8-44c4-bb47-322dce67ad44,2026-09-07T00:14:47Z,FanDuel Sportsbook structured market feed,,VA,NFL,35596960,San Francisco 49ers @ Los Angeles Rams,2026-09-11T00:35:00.000Z,FanDuel,751.182142327,passing_yards,Matthew Stafford - Passing Yds,,Matthew Stafford,11889882,under,265.5,-114,1.87719298245614,0.5327102803738317,open,,,2026-09-07T00:14:47Z,,,,,v3-forward-measurement
e1b0df28-82a1-45ed-bce6-7672b16ce24d,99dcdcab-0ef9-4e42-98dd-35c3fb701c8e,2026-09-07T00:14:47Z,FanDuel Sportsbook structured market feed,,VA,NFL,35596960,San Francisco 49ers @ Los Angeles Rams,2026-09-11T00:35:00.000Z,FanDuel,751.182142297,passing_yards,Brock Purdy - Passing Yds,,Brock Purdy,41074310,over,245.5,-114,1.87719298245614,0.5327102803738317,open,,,2026-09-07T00:14:47Z,,,,,v3-forward-measurement
e1b0df28-82a1-45ed-bce6-7672b16ce24d,1ff1a5c7-549a-4630-adf7-e9fcd1f43e2e,2026-09-07T00:14:47Z,FanDuel Sportsbook structured market feed,,VA,NFL,35596960,San Francisco 49ers @ Los Angeles Rams,2026-09-11T00:35:00.000Z,FanDuel,751.182142297,passing_yards,Brock Purdy - Passing Yds,,Brock Purdy,41074309,under,245.5,-114,1.87719298245614,0.5327102803738317,open,,,2026-09-07T00:14:47Z,,,,,v3-forward-measurement
e1b0df28-82a1-45ed-bce6-7672b16ce24d,97747679-0805-48dd-9d19-b764a3f1ed67,2026-09-07T00:14:47Z,FanDuel Sportsbook structured market feed,,VA,NFL,35596960,San Francisco 49ers @ Los Angeles Rams,2026-09-11T00:35:00.000Z,FanDuel,751.182142225,passing_touchdowns,Matthew Stafford - Passing TDs,,Matthew Stafford,11889883,over,1.5,-140,1.714285714285714,0.5833333333333334,open,,,2026-09-07T00:14:47Z,,,,,v3-forward-measurement
e1b0df28-82a1-45ed-bce6-7672b16ce24d,508779c5-a591-492c-b894-b40ef3dfe63d,2026-09-07T00:14:47Z,FanDuel Sportsbook structured market feed,,VA,NFL,35596960,San Francisco 49ers @ Los Angeles Rams,2026-09-11T00:35:00.000Z,FanDuel,751.182142225,passing_touchdowns,Matthew Stafford - Passing TDs,,Matthew Stafford,11889882,under,1.5,106,2.06,0.4854368932038835,open,,,2026-09-07T00:14:47Z,,,,,v3-forward-measurement
3763f1a7-c174-4fb4-bb56-b7b7eb9046d7,f89c024f-441b-468c-93da-acdbd2288c9d,2026-09-07T00:14:47Z,FanDuel Sportsbook structured market feed,,VA,NFL,35596960,San Francisco 49ers @ Los Angeles Rams,2026-09-11T00:35:00.000Z,FanDuel,751.182146210,rushing_yards,Brock Purdy - Rushing Yds,,Brock Purdy,41074310,over,17.5,-114,1.87719298245614,0.5327102803738317,open,,,2026-09-07T00:14:47Z,,,,,v3-forward-measurement
3763f1a7-c174-4fb4-bb56-b7b7eb9046d7,4ef4a182-e72c-4ee2-a4d5-be40461cb3e5,2026-09-07T00:14:47Z,FanDuel Sportsbook structured market feed,,VA,NFL,35596960,San Francisco 49ers @ Los Angeles Rams,2026-09-11T00:35:00.000Z,FanDuel,751.182146210,rushing_yards,Brock Purdy - Rushing Yds,,Brock Purdy,41074309,under,17.5,-114,1.87719298245614,0.5327102803738317,open,,,2026-09-07T00:14:47Z,,,,,v3-forward-measurement
3763f1a7-c174-4fb4-bb56-b7b7eb9046d7,c0526da5-af93-490b-80af-a7be46a1f311,2026-09-07T00:14:47Z,FanDuel Sportsbook structured market feed,,VA,NFL,35596960,San Francisco 49ers @ Los Angeles Rams,2026-09-11T00:35:00.000Z,FanDuel,751.184968313,rushing_yards,Matthew Stafford - Rushing Yds,,Matthew Stafford,11889883,over,0.5,126,2.26,0.4424778761061947,open,,,2026-09-07T00:14:47Z,,,,,v3-forward-measurement
3763f1a7-c174-4fb4-bb56-b7b7eb9046d7,64a78e69-9d26-4993-b58e-e04def8df864,2026-09-07T00:14:47Z,FanDuel Sportsbook structured market feed,,VA,NFL,35596960,San Francisco 49ers @ Los Angeles Rams,2026-09-11T00:35:00.000Z,FanDuel,751.184968313,rushing_yards,Matthew Stafford - Rushing Yds,,Matthew Stafford,11889882,under,0.5,-165,1.606060606060606,0.6226415094339622,open,,,2026-09-07T00:14:47Z,,,,,v3-forward-measurement
3763f1a7-c174-4fb4-bb56-b7b7eb9046d7,00f02daf-188e-469c-bfb8-b45a337ee7f9,2026-09-07T00:14:47Z,FanDuel Sportsbook structured market feed,,VA,NFL,35596960,San Francisco 49ers @ Los Angeles Rams,2026-09-11T00:35:00.000Z,FanDuel,751.182144553,rushing_yards,Blake Corum - Rushing Yds,,Blake Corum,41072425,over,37.5,-114,1.87719298245614,0.5327102803738317,open,,,2026-09-07T00:14:47Z,,,,,v3-forward-measurement
3763f1a7-c174-4fb4-bb56-b7b7eb9046d7,8ef2c201-afc9-4530-9033-7379f0859fba,2026-09-07T00:14:47Z,FanDuel Sportsbook structured market feed,,VA,NFL,35596960,San Francisco 49ers @ Los Angeles Rams,2026-09-11T00:35:00.000Z,FanDuel,751.182144553,rushing_yards,Blake Corum - Rushing Yds,,Blake Corum,41072423,under,37.5,-114,1.87719298245614,0.5327102803738317,open,,,2026-09-07T00:14:47Z,,,,,v3-forward-measurement
3763f1a7-c174-4fb4-bb56-b7b7eb9046d7,99ddca51-efb1-4d05-8f67-6ddb1ced3ad6,2026-09-07T00:14:47Z,FanDuel Sportsbook structured market feed,,VA,NFL,35596960,San Francisco 49ers @ Los Angeles Rams,2026-09-11T00:35:00.000Z,FanDuel,751.182144124,rushing_yards,Christian McCaffrey - Rushing Yds,,Christian McCaffrey,14807737,over,59.5,-114,1.87719298245614,0.5327102803738317,open,,,2026-09-07T00:14:47Z,,,,,v3-forward-measurement
3763f1a7-c174-4fb4-bb56-b7b7eb9046d7,ac12dc9b-c252-4e79-8e22-11fa08661c3b,2026-09-07T00:14:47Z,FanDuel Sportsbook structured market feed,,VA,NFL,35596960,San Francisco 49ers @ Los Angeles Rams,2026-09-11T00:35:00.000Z,FanDuel,751.182144124,rushing_yards,Christian McCaffrey - Rushing Yds,,Christian McCaffrey,14807736,under,59.5,-114,1.87719298245614,0.5327102803738317,open,,,2026-09-07T00:14:47Z,,,,,v3-forward-measurement
3763f1a7-c174-4fb4-bb56-b7b7eb9046d7,468c87da-952a-442c-9bba-d8a457f7003c,2026-09-07T00:14:47Z,FanDuel Sportsbook structured market feed,,VA,NFL,35596960,San Francisco 49ers @ Los Angeles Rams,2026-09-11T00:35:00.000Z,FanDuel,751.182144353,rushing_yards,Kyren Williams - Rushing Yds,,Kyren Williams,37541915,over,56.5,-114,1.87719298245614,0.5327102803738317,open,,,2026-09-07T00:14:47Z,,,,,v3-forward-measurement
3763f1a7-c174-4fb4-bb56-b7b7eb9046d7,9e29008d-388b-4fec-b305-c095d626ea6f,2026-09-07T00:14:47Z,FanDuel Sportsbook structured market feed,,VA,NFL,35596960,San Francisco 49ers @ Los Angeles Rams,2026-09-11T00:35:00.000Z,FanDuel,751.182144353,rushing_yards,Kyren Williams - Rushing Yds,,Kyren Williams,37541914,under,56.5,-114,1.87719298245614,0.5327102803738317,open,,,2026-09-07T00:14:47Z,,,,,v3-forward-measurement
1aacd8ef-2e1d-45e1-9fa9-704fcd2ff40f,80f7d211-fcd6-4fa6-aade-007a3661d5a8,2026-09-07T00:14:47Z,FanDuel Sportsbook structured market feed,,VA,NFL,35596960,San Francisco 49ers @ Los Angeles Rams,2026-09-11T00:35:00.000Z,FanDuel,751.182144092,receptions,Christian McCaffrey - Total Receptions,,Christian McCaffrey,14807737,over,4.5,-102,1.980392156862745,0.504950495049505,open,,,2026-09-07T00:14:47Z,,,,,v3-forward-measurement
1aacd8ef-2e1d-45e1-9fa9-704fcd2ff40f,bc6bf3d4-b4f5-4357-8924-8a46470135da,2026-09-07T00:14:47Z,FanDuel Sportsbook structured market feed,,VA,NFL,35596960,San Francisco 49ers @ Los Angeles Rams,2026-09-11T00:35:00.000Z,FanDuel,751.182144092,receptions,Christian McCaffrey - Total Receptions,,Christian McCaffrey,14807736,under,4.5,-130,1.769230769230769,0.5652173913043478,open,,,2026-09-07T00:14:47Z,,,,,v3-forward-measurement
1aacd8ef-2e1d-45e1-9fa9-704fcd2ff40f,6b0ba6d4-e482-4bb5-86b6-a2224a5a8e99,2026-09-07T00:14:47Z,FanDuel Sportsbook structured market feed,,VA,NFL,35596960,San Francisco 49ers @ Los Angeles Rams,2026-09-11T00:35:00.000Z,FanDuel,751.182144099,receiving_yards,Christian McCaffrey - Receiving Yds,,Christian McCaffrey,14807737,over,38.5,-114,1.87719298245614,0.5327102803738317,open,,,2026-09-07T00:14:47Z,,,,,v3-forward-measurement
1aacd8ef-2e1d-45e1-9fa9-704fcd2ff40f,075d773b-b3e0-4068-8ead-6b7be85301d4,2026-09-07T00:14:47Z,FanDuel Sportsbook structured market feed,,VA,NFL,35596960,San Francisco 49ers @ Los Angeles Rams,2026-09-11T00:35:00.000Z,FanDuel,751.182144099,receiving_yards,Christian McCaffrey - Receiving Yds,,Christian McCaffrey,14807736,under,38.5,-114,1.87719298245614,0.5327102803738317,open,,,2026-09-07T00:14:47Z,,,,,v3-forward-measurement
1aacd8ef-2e1d-45e1-9fa9-704fcd2ff40f,d6482df9-fc1a-49a4-bce9-f73d33050e13,2026-09-07T00:14:47Z,FanDuel Sportsbook structured market feed,,VA,NFL,35596960,San Francisco 49ers @ Los Angeles Rams,2026-09-11T00:35:00.000Z,FanDuel,751.182145106,receptions,Mike Evans - Total Receptions,,Mike Evans,11802513,over,3.5,-130,1.769230769230769,0.5652173913043478,open,,,2026-09-07T00:14:47Z,,,,,v3-forward-measurement
1aacd8ef-2e1d-45e1-9fa9-704fcd2ff40f,18610596-e861-454e-b15f-ac6a81c60a64,2026-09-07T00:14:47Z,FanDuel Sportsbook structured market feed,,VA,NFL,35596960,San Francisco 49ers @ Los Angeles Rams,2026-09-11T00:35:00.000Z,FanDuel,751.182145106,receptions,Mike Evans - Total Receptions,,Mike Evans,11802512,under,3.5,-102,1.980392156862745,0.504950495049505,open,,,2026-09-07T00:14:47Z,,,,,v3-forward-measurement
1aacd8ef-2e1d-45e1-9fa9-704fcd2ff40f,395284d3-de42-47f5-af14-8549596d6b7e,2026-09-07T00:14:47Z,FanDuel Sportsbook structured market feed,,VA,NFL,35596960,San Francisco 49ers @ Los Angeles Rams,2026-09-11T00:35:00.000Z,FanDuel,751.182145105,receiving_yards,Mike Evans - Receiving Yds,,Mike Evans,11802513,over,49.5,-114,1.87719298245614,0.5327102803738317,open,,,2026-09-07T00:14:47Z,,,,,v3-forward-measurement
1aacd8ef-2e1d-45e1-9fa9-704fcd2ff40f,376a1e8d-017a-46cd-ac7b-602a32b0f1a3,2026-09-07T00:14:47Z,FanDuel Sportsbook structured market feed,,VA,NFL,35596960,San Francisco 49ers @ Los Angeles Rams,2026-09-11T00:35:00.000Z,FanDuel,751.182145105,receiving_yards,Mike Evans - Receiving Yds,,Mike Evans,11802512,under,49.5,-114,1.87719298245614,0.5327102803738317,open,,,2026-09-07T00:14:47Z,,,,,v3-forward-measurement
1aacd8ef-2e1d-45e1-9fa9-704fcd2ff40f,04055321-f807-45dd-9fe5-c9ffca8f03ae,2026-09-07T00:14:47Z,FanDuel Sportsbook structured market feed,,VA,NFL,35596960,San Francisco 49ers @ Los Angeles Rams,2026-09-11T00:35:00.000Z,FanDuel,751.184124136,receiving_yards,Kyren Williams - Receiving Yds,,Kyren Williams,37541915,over,10.5,-114,1.87719298245614,0.5327102803738317,open,,,2026-09-07T00:14:47Z,,,,,v3-forward-measurement
1aacd8ef-2e1d-45e1-9fa9-704fcd2ff40f,c919d302-c781-4e8e-b704-dc0f2c24fd5b,2026-09-07T00:14:47Z,FanDuel Sportsbook structured market feed,,VA,NFL,35596960,San Francisco 49ers @ Los Angeles Rams,2026-09-11T00:35:00.000Z,FanDuel,751.184124136,receiving_yards,Kyren Williams - Receiving Yds,,Kyren Williams,37541914,under,10.5,-114,1.87719298245614,0.5327102803738317,open,,,2026-09-07T00:14:47Z,,,,,v3-forward-measurement
1aacd8ef-2e1d-45e1-9fa9-704fcd2ff40f,2e4ca998-4fe0-4011-800c-fbfb0dabb521,2026-09-07T00:14:47Z,FanDuel Sportsbook structured market feed,,VA,NFL,35596960,San Francisco 49ers @ Los Angeles Rams,2026-09-11T00:35:00.000Z,FanDuel,751.184805561,receptions,Tyler Higbee - Total Receptions,,Tyler Higbee,22382019,over,1.5,-114,1.87719298245614,0.5327102803738317,open,,,2026-09-07T00:14:47Z,,,,,v3-forward-measurement
1aacd8ef-2e1d-45e1-9fa9-704fcd2ff40f,0ba09fd2-bfcc-44f0-aaa2-0af60807e26e,2026-09-07T00:14:47Z,FanDuel Sportsbook structured market feed,,VA,NFL,35596960,San Francisco 49ers @ Los Angeles Rams,2026-09-11T00:35:00.000Z,FanDuel,751.184805561,receptions,Tyler Higbee - Total Receptions,,Tyler Higbee,22382020,under,1.5,-114,1.87719298245614,0.5327102803738317,open,,,2026-09-07T00:14:47Z,,,,,v3-forward-measurement
1aacd8ef-2e1d-45e1-9fa9-704fcd2ff40f,0b72f5a3-b53b-4237-b085-a09bb1a16419,2026-09-07T00:14:47Z,FanDuel Sportsbook structured market feed,,VA,NFL,35596960,San Francisco 49ers @ Los Angeles Rams,2026-09-11T00:35:00.000Z,FanDuel,751.184124131,receptions,Kyren Williams - Total Receptions,,Kyren Williams,37541915,over,1.5,-148,1.675675675675676,0.5967741935483871,open,,,2026-09-07T00:14:47Z,,,,,v3-forward-measurement
1aacd8ef-2e1d-45e1-9fa9-704fcd2ff40f,852220fc-3685-4af5-9207-42b55f54ae21,2026-09-07T00:14:47Z,FanDuel Sportsbook structured market feed,,VA,NFL,35596960,San Francisco 49ers @ Los Angeles Rams,2026-09-11T00:35:00.000Z,FanDuel,751.184124131,receptions,Kyren Williams - Total Receptions,,Kyren Williams,37541914,under,1.5,112,2.12,0.4716981132075472,open,,,2026-09-07T00:14:47Z,,,,,v3-forward-measurement
1aacd8ef-2e1d-45e1-9fa9-704fcd2ff40f,6fa81fee-53ef-4ad9-abe7-bf28b9cb48a8,2026-09-07T00:14:47Z,FanDuel Sportsbook structured market feed,,VA,NFL,35596960,San Francisco 49ers @ Los Angeles Rams,2026-09-11T00:35:00.000Z,FanDuel,751.184805565,receiving_yards,Tyler Higbee - Receiving Yds,,Tyler Higbee,22382019,over,13.5,-114,1.87719298245614,0.5327102803738317,open,,,2026-09-07T00:14:47Z,,,,,v3-forward-measurement
1aacd8ef-2e1d-45e1-9fa9-704fcd2ff40f,9422b3f5-9bf9-440b-b38e-de05ac34fe2f,2026-09-07T00:14:47Z,FanDuel Sportsbook structured market feed,,VA,NFL,35596960,San Francisco 49ers @ Los Angeles Rams,2026-09-11T00:35:00.000Z,FanDuel,751.184805565,receiving_yards,Tyler Higbee - Receiving Yds,,Tyler Higbee,22382020,under,13.5,-114,1.87719298245614,0.5327102803738317,open,,,2026-09-07T00:14:47Z,,,,,v3-forward-measurement
1aacd8ef-2e1d-45e1-9fa9-704fcd2ff40f,1e47ba47-88d2-418e-9767-17db9d9b0cf6,2026-09-07T00:14:47Z,FanDuel Sportsbook structured market feed,,VA,NFL,35596960,San Francisco 49ers @ Los Angeles Rams,2026-09-11T00:35:00.000Z,FanDuel,751.182144865,receptions,Puka Nacua - Total Receptions,,Puka Nacua,41887349,over,7.5,116,2.16,0.46296296296296297,open,,,2026-09-07T00:14:47Z,,,,,v3-forward-measurement
1aacd8ef-2e1d-45e1-9fa9-704fcd2ff40f,48a6d86c-72f5-4c67-813f-c9e06e181ed6,2026-09-07T00:14:47Z,FanDuel Sportsbook structured market feed,,VA,NFL,35596960,San Francisco 49ers @ Los Angeles Rams,2026-09-11T00:35:00.000Z,FanDuel,751.182144865,receptions,Puka Nacua - Total Receptions,,Puka Nacua,41887350,under,7.5,-154,1.649350649350649,0.6062992125984252,open,,,2026-09-07T00:14:47Z,,,,,v3-forward-measurement
1aacd8ef-2e1d-45e1-9fa9-704fcd2ff40f,5e45d035-2dbb-4e08-8ab2-4baa7e977c76,2026-09-07T00:14:47Z,FanDuel Sportsbook structured market feed,,VA,NFL,35596960,San Francisco 49ers @ Los Angeles Rams,2026-09-11T00:35:00.000Z,FanDuel,751.182144863,receiving_yards,Puka Nacua - Receiving Yds,,Puka Nacua,41887349,over,90.5,-114,1.87719298245614,0.5327102803738317,open,,,2026-09-07T00:14:47Z,,,,,v3-forward-measurement
1aacd8ef-2e1d-45e1-9fa9-704fcd2ff40f,27f4efd9-28c4-41bb-811a-2b7ade30f923,2026-09-07T00:14:47Z,FanDuel Sportsbook structured market feed,,VA,NFL,35596960,San Francisco 49ers @ Los Angeles Rams,2026-09-11T00:35:00.000Z,FanDuel,751.182144863,receiving_yards,Puka Nacua - Receiving Yds,,Puka Nacua,41887350,under,90.5,-114,1.87719298245614,0.5327102803738317,open,,,2026-09-07T00:14:47Z,,,,,v3-forward-measurement
1aacd8ef-2e1d-45e1-9fa9-704fcd2ff40f,55c0c476-a346-4b0c-a130-2ad004337f3d,2026-09-07T00:14:47Z,FanDuel Sportsbook structured market feed,,VA,NFL,35596960,San Francisco 49ers @ Los Angeles Rams,2026-09-11T00:35:00.000Z,FanDuel,751.182145479,receptions,De'Zhaun Stribling - Total Receptions,,De'Zhaun Stribling,48301806,over,3.5,134,2.34,0.42735042735042733,open,,,2026-09-07T00:14:47Z,,,,,v3-forward-measurement
1aacd8ef-2e1d-45e1-9fa9-704fcd2ff40f,daecef4d-cb52-422f-9064-641d18712907,2026-09-07T00:14:47Z,FanDuel Sportsbook structured market feed,,VA,NFL,35596960,San Francisco 49ers @ Los Angeles Rams,2026-09-11T00:35:00.000Z,FanDuel,751.182145479,receptions,De'Zhaun Stribling - Total Receptions,,De'Zhaun Stribling,48301805,under,3.5,-180,1.555555555555556,0.6428571428571429,open,,,2026-09-07T00:14:47Z,,,,,v3-forward-measurement
1aacd8ef-2e1d-45e1-9fa9-704fcd2ff40f,826d1c3c-d62d-4e85-b23e-b79a95665ece,2026-09-07T00:14:47Z,FanDuel Sportsbook structured market feed,,VA,NFL,35596960,San Francisco 49ers @ Los Angeles Rams,2026-09-11T00:35:00.000Z,FanDuel,751.184122867,receiving_yards,Davante Adams - Receiving Yds,,Davante Adams,11925821,over,51.5,-114,1.87719298245614,0.5327102803738317,open,,,2026-09-07T00:14:47Z,,,,,v3-forward-measurement
1aacd8ef-2e1d-45e1-9fa9-704fcd2ff40f,95af8833-3edc-44a7-b099-13886da80258,2026-09-07T00:14:47Z,FanDuel Sportsbook structured market feed,,VA,NFL,35596960,San Francisco 49ers @ Los Angeles Rams,2026-09-11T00:35:00.000Z,FanDuel,751.184122867,receiving_yards,Davante Adams - Receiving Yds,,Davante Adams,11925820,under,51.5,-114,1.87719298245614,0.5327102803738317,open,,,2026-09-07T00:14:47Z,,,,,v3-forward-measurement
1aacd8ef-2e1d-45e1-9fa9-704fcd2ff40f,b1d01507-e2e9-4c20-8d81-d780293f54f8,2026-09-07T00:14:47Z,FanDuel Sportsbook structured market feed,,VA,NFL,35596960,San Francisco 49ers @ Los Angeles Rams,2026-09-11T00:35:00.000Z,FanDuel,751.184122869,receptions,Davante Adams - Total Receptions,,Davante Adams,11925821,over,4.5,-102,1.980392156862745,0.504950495049505,open,,,2026-09-07T00:14:47Z,,,,,v3-forward-measurement
1aacd8ef-2e1d-45e1-9fa9-704fcd2ff40f,128aac96-0329-4ffe-8b76-adc5ccd2e740,2026-09-07T00:14:47Z,FanDuel Sportsbook structured market feed,,VA,NFL,35596960,San Francisco 49ers @ Los Angeles Rams,2026-09-11T00:35:00.000Z,FanDuel,751.184122869,receptions,Davante Adams - Total Receptions,,Davante Adams,11925820,under,4.5,-130,1.769230769230769,0.5652173913043478,open,,,2026-09-07T00:14:47Z,,,,,v3-forward-measurement
1aacd8ef-2e1d-45e1-9fa9-704fcd2ff40f,ef6c2e64-7a50-4fac-8c1d-a6abf2e25a8f,2026-09-07T00:14:47Z,FanDuel Sportsbook structured market feed,,VA,NFL,35596960,San Francisco 49ers @ Los Angeles Rams,2026-09-11T00:35:00.000Z,FanDuel,751.184668934,receptions,George Kittle - Total Receptions,,George Kittle,20656770,over,3.5,-148,1.675675675675676,0.5967741935483871,open,,,2026-09-07T00:14:47Z,,,,,v3-forward-measurement
1aacd8ef-2e1d-45e1-9fa9-704fcd2ff40f,5ccca209-8822-4c83-8aa5-0e98a568e32c,2026-09-07T00:14:47Z,FanDuel Sportsbook structured market feed,,VA,NFL,35596960,San Francisco 49ers @ Los Angeles Rams,2026-09-11T00:35:00.000Z,FanDuel,751.184668934,receptions,George Kittle - Total Receptions,,George Kittle,20656771,under,3.5,112,2.12,0.4716981132075472,open,,,2026-09-07T00:14:47Z,,,,,v3-forward-measurement
1aacd8ef-2e1d-45e1-9fa9-704fcd2ff40f,57982df6-5686-4daa-8547-8f6af35cdd96,2026-09-07T00:14:47Z,FanDuel Sportsbook structured market feed,,VA,NFL,35596960,San Francisco 49ers @ Los Angeles Rams,2026-09-11T00:35:00.000Z,FanDuel,751.184123397,receptions,Colby Parkinson - Total Receptions,,Colby Parkinson,41197145,over,2.5,116,2.16,0.46296296296296297,open,,,2026-09-07T00:14:47Z,,,,,v3-forward-measurement
1aacd8ef-2e1d-45e1-9fa9-704fcd2ff40f,3b7c8501-79ba-4576-9d1d-1ae9c0c98881,2026-09-07T00:14:47Z,FanDuel Sportsbook structured market feed,,VA,NFL,35596960,San Francisco 49ers @ Los Angeles Rams,2026-09-11T00:35:00.000Z,FanDuel,751.184123397,receptions,Colby Parkinson - Total Receptions,,Colby Parkinson,41197146,under,2.5,-154,1.649350649350649,0.6062992125984252,open,,,2026-09-07T00:14:47Z,,,,,v3-forward-measurement
1aacd8ef-2e1d-45e1-9fa9-704fcd2ff40f,e087d526-3f4b-4ddc-920a-72e6ac7c61bf,2026-09-07T00:14:47Z,FanDuel Sportsbook structured market feed,,VA,NFL,35596960,San Francisco 49ers @ Los Angeles Rams,2026-09-11T00:35:00.000Z,FanDuel,751.184668935,receiving_yards,George Kittle - Receiving Yds,,George Kittle,20656770,over,39.5,-114,1.87719298245614,0.5327102803738317,open,,,2026-09-07T00:14:47Z,,,,,v3-forward-measurement
1aacd8ef-2e1d-45e1-9fa9-704fcd2ff40f,1502ca17-b325-430c-896b-70025b428cf5,2026-09-07T00:14:47Z,FanDuel Sportsbook structured market feed,,VA,NFL,35596960,San Francisco 49ers @ Los Angeles Rams,2026-09-11T00:35:00.000Z,FanDuel,751.184668935,receiving_yards,George Kittle - Receiving Yds,,George Kittle,20656771,under,39.5,-114,1.87719298245614,0.5327102803738317,open,,,2026-09-07T00:14:47Z,,,,,v3-forward-measurement
1aacd8ef-2e1d-45e1-9fa9-704fcd2ff40f,5e3adb6d-edce-4df6-bff1-ce731c14c1f7,2026-09-07T00:14:47Z,FanDuel Sportsbook structured market feed,,VA,NFL,35596960,San Francisco 49ers @ Los Angeles Rams,2026-09-11T00:35:00.000Z,FanDuel,751.184123392,receiving_yards,Colby Parkinson - Receiving Yds,,Colby Parkinson,41197145,over,20.5,-114,1.87719298245614,0.5327102803738317,open,,,2026-09-07T00:14:47Z,,,,,v3-forward-measurement
1aacd8ef-2e1d-45e1-9fa9-704fcd2ff40f,dce57cd2-222f-44ae-a4bb-62dbfa1f8dac,2026-09-07T00:14:47Z,FanDuel Sportsbook structured market feed,,VA,NFL,35596960,San Francisco 49ers @ Los Angeles Rams,2026-09-11T00:35:00.000Z,FanDuel,751.184123392,receiving_yards,Colby Parkinson - Receiving Yds,,Colby Parkinson,41197146,under,20.5,-114,1.87719298245614,0.5327102803738317,open,,,2026-09-07T00:14:47Z,,,,,v3-forward-measurement
1aacd8ef-2e1d-45e1-9fa9-704fcd2ff40f,7d52d780-c9c3-4a57-8215-46c41fc9976a,2026-09-07T00:14:47Z,FanDuel Sportsbook structured market feed,,VA,NFL,35596960,San Francisco 49ers @ Los Angeles Rams,2026-09-11T00:35:00.000Z,FanDuel,751.182145487,receiving_yards,De'Zhaun Stribling - Receiving Yds,,De'Zhaun Stribling,48301806,over,35.5,-114,1.87719298245614,0.5327102803738317,open,,,2026-09-07T00:14:47Z,,,,,v3-forward-measurement
1aacd8ef-2e1d-45e1-9fa9-704fcd2ff40f,6dfed1fe-349e-4b95-9d82-0ea2048333bf,2026-09-07T00:14:47Z,FanDuel Sportsbook structured market feed,,VA,NFL,35596960,San Francisco 49ers @ Los Angeles Rams,2026-09-11T00:35:00.000Z,FanDuel,751.182145487,receiving_yards,De'Zhaun Stribling - Receiving Yds,,De'Zhaun Stribling,48301805,under,35.5,-114,1.87719298245614,0.5327102803738317,open,,,2026-09-07T00:14:47Z,,,,,v3-forward-measurement
1aacd8ef-2e1d-45e1-9fa9-704fcd2ff40f,8aa23610-2abb-4358-94fc-401bb66314b7,2026-09-07T00:14:47Z,FanDuel Sportsbook structured market feed,,VA,NFL,35596960,San Francisco 49ers @ Los Angeles Rams,2026-09-11T00:35:00.000Z,FanDuel,751.184125604,receptions,Terrance Ferguson - Total Receptions,,Terrance Ferguson,41172819,over,1.5,-158,1.632911392405063,0.6124031007751938,open,,,2026-09-07T00:14:47Z,,,,,v3-forward-measurement
1aacd8ef-2e1d-45e1-9fa9-704fcd2ff40f,8077d4c6-5dd7-41da-af66-149250a0821b,2026-09-07T00:14:47Z,FanDuel Sportsbook structured market feed,,VA,NFL,35596960,San Francisco 49ers @ Los Angeles Rams,2026-09-11T00:35:00.000Z,FanDuel,751.184125604,receptions,Terrance Ferguson - Total Receptions,,Terrance Ferguson,41172818,under,1.5,118,2.18,0.45871559633027525,open,,,2026-09-07T00:14:47Z,,,,,v3-forward-measurement
1aacd8ef-2e1d-45e1-9fa9-704fcd2ff40f,cb1ec8df-1e56-440f-98e6-6386da113c0a,2026-09-07T00:14:47Z,FanDuel Sportsbook structured market feed,,VA,NFL,35596960,San Francisco 49ers @ Los Angeles Rams,2026-09-11T00:35:00.000Z,FanDuel,751.184125600,receiving_yards,Terrance Ferguson - Receiving Yds,,Terrance Ferguson,41172819,over,25.5,-114,1.87719298245614,0.5327102803738317,open,,,2026-09-07T00:14:47Z,,,,,v3-forward-measurement
1aacd8ef-2e1d-45e1-9fa9-704fcd2ff40f,d398e527-edfb-41db-85e3-ebbb13a25420,2026-09-07T00:14:47Z,FanDuel Sportsbook structured market feed,,VA,NFL,35596960,San Francisco 49ers @ Los Angeles Rams,2026-09-11T00:35:00.000Z,FanDuel,751.184125600,receiving_yards,Terrance Ferguson - Receiving Yds,,Terrance Ferguson,41172818,under,25.5,-114,1.87719298245614,0.5327102803738317,open,,,2026-09-07T00:14:47Z,,,,,v3-forward-measurement
1aacd8ef-2e1d-45e1-9fa9-704fcd2ff40f,385f6dc9-925a-4b87-9035-cb08c83f3b97,2026-09-07T00:14:47Z,FanDuel Sportsbook structured market feed,,VA,NFL,35596960,San Francisco 49ers @ Los Angeles Rams,2026-09-11T00:35:00.000Z,FanDuel,751.182145335,receiving_yards,Deebo Samuel - Receiving Yds,,Deebo Samuel,26158892,over,29.5,-114,1.87719298245614,0.5327102803738317,open,,,2026-09-07T00:14:47Z,,,,,v3-forward-measurement
1aacd8ef-2e1d-45e1-9fa9-704fcd2ff40f,1fc5561a-75f5-4ae8-aa5d-1defcfca9e9f,2026-09-07T00:14:47Z,FanDuel Sportsbook structured market feed,,VA,NFL,35596960,San Francisco 49ers @ Los Angeles Rams,2026-09-11T00:35:00.000Z,FanDuel,751.182145335,receiving_yards,Deebo Samuel - Receiving Yds,,Deebo Samuel,26158893,under,29.5,-114,1.87719298245614,0.5327102803738317,open,,,2026-09-07T00:14:47Z,,,,,v3-forward-measurement
1aacd8ef-2e1d-45e1-9fa9-704fcd2ff40f,3789d219-9db9-4c3b-8cd3-d8a0bb0058a6,2026-09-07T00:14:47Z,FanDuel Sportsbook structured market feed,,VA,NFL,35596960,San Francisco 49ers @ Los Angeles Rams,2026-09-11T00:35:00.000Z,FanDuel,751.182145333,receptions,Deebo Samuel - Total Receptions,,Deebo Samuel,26158892,over,2.5,-140,1.714285714285714,0.5833333333333334,open,,,2026-09-07T00:14:47Z,,,,,v3-forward-measurement
1aacd8ef-2e1d-45e1-9fa9-704fcd2ff40f,c3f6b241-77ae-412e-9d45-160616992aa3,2026-09-07T00:14:47Z,FanDuel Sportsbook structured market feed,,VA,NFL,35596960,San Francisco 49ers @ Los Angeles Rams,2026-09-11T00:35:00.000Z,FanDuel,751.182145333,receptions,Deebo Samuel - Total Receptions,,Deebo Samuel,26158893,under,2.5,106,2.06,0.4854368932038835,open,,,2026-09-07T00:14:47Z,,,,,v3-forward-measurement
da9eca9b-cca9-4e77-822a-b83092e14515,212cb2bc-b330-486e-a800-a82ded40d631,2026-09-07T00:14:47Z,FanDuel Sportsbook structured market feed,,VA,NFL,35601246,Denver Broncos @ Kansas City Chiefs,2026-09-15T00:15:00.000Z,FanDuel,751.183526256,passing_touchdowns,Bo Nix - Passing TDs,,Bo Nix,41331175,over,1.5,142,2.42,0.4132231404958678,open,,,2026-09-07T00:14:47Z,,,,,v3-forward-measurement
da9eca9b-cca9-4e77-822a-b83092e14515,443d444d-bac9-4ece-a000-be35e73f6ce1,2026-09-07T00:14:47Z,FanDuel Sportsbook structured market feed,,VA,NFL,35601246,Denver Broncos @ Kansas City Chiefs,2026-09-15T00:15:00.000Z,FanDuel,751.183526256,passing_touchdowns,Bo Nix - Passing TDs,,Bo Nix,41331177,under,1.5,-192,1.520833333333333,0.6575342465753424,open,,,2026-09-07T00:14:47Z,,,,,v3-forward-measurement
da9eca9b-cca9-4e77-822a-b83092e14515,aa5e4387-76d7-41de-b2bb-ab0b87ee9d0e,2026-09-07T00:14:47Z,FanDuel Sportsbook structured market feed,,VA,NFL,35601246,Denver Broncos @ Kansas City Chiefs,2026-09-15T00:15:00.000Z,FanDuel,751.183526203,passing_touchdowns,Patrick Mahomes - Passing TDs,,Patrick Mahomes,16593717,over,1.5,116,2.16,0.46296296296296297,open,,,2026-09-07T00:14:47Z,,,,,v3-forward-measurement
da9eca9b-cca9-4e77-822a-b83092e14515,58ae242d-eb0c-4ede-8365-9897653400be,2026-09-07T00:14:47Z,FanDuel Sportsbook structured market feed,,VA,NFL,35601246,Denver Broncos @ Kansas City Chiefs,2026-09-15T00:15:00.000Z,FanDuel,751.183526203,passing_touchdowns,Patrick Mahomes - Passing TDs,,Patrick Mahomes,16593718,under,1.5,-154,1.649350649350649,0.6062992125984252,open,,,2026-09-07T00:14:47Z,,,,,v3-forward-measurement
da9eca9b-cca9-4e77-822a-b83092e14515,b711a8f8-d07e-4d2d-8aa4-00a7e45e77eb,2026-09-07T00:14:47Z,FanDuel Sportsbook structured market feed,,VA,NFL,35601246,Denver Broncos @ Kansas City Chiefs,2026-09-15T00:15:00.000Z,FanDuel,751.183526326,passing_yards,Bo Nix - Passing Yds,,Bo Nix,41331175,over,227.5,-114,1.87719298245614,0.5327102803738317,open,,,2026-09-07T00:14:47Z,,,,,v3-forward-measurement
da9eca9b-cca9-4e77-822a-b83092e14515,f78268ee-2e21-4fcf-b2a7-86140b2ae805,2026-09-07T00:14:47Z,FanDuel Sportsbook structured market feed,,VA,NFL,35601246,Denver Broncos @ Kansas City Chiefs,2026-09-15T00:15:00.000Z,FanDuel,751.183526326,passing_yards,Bo Nix - Passing Yds,,Bo Nix,41331177,under,227.5,-114,1.87719298245614,0.5327102803738317,open,,,2026-09-07T00:14:47Z,,,,,v3-forward-measurement
da9eca9b-cca9-4e77-822a-b83092e14515,f973df1f-d6e3-4bc8-ab88-7bd9eadd1fec,2026-09-07T00:14:47Z,FanDuel Sportsbook structured market feed,,VA,NFL,35601246,Denver Broncos @ Kansas City Chiefs,2026-09-15T00:15:00.000Z,FanDuel,751.183526339,passing_yards,Patrick Mahomes - Passing Yds,,Patrick Mahomes,16593717,over,225.5,-114,1.87719298245614,0.5327102803738317,open,,,2026-09-07T00:14:47Z,,,,,v3-forward-measurement
da9eca9b-cca9-4e77-822a-b83092e14515,ec45e567-5d15-41ec-8e81-d39035bf9266,2026-09-07T00:14:47Z,FanDuel Sportsbook structured market feed,,VA,NFL,35601246,Denver Broncos @ Kansas City Chiefs,2026-09-15T00:15:00.000Z,FanDuel,751.183526339,passing_yards,Patrick Mahomes - Passing Yds,,Patrick Mahomes,16593718,under,225.5,-114,1.87719298245614,0.5327102803738317,open,,,2026-09-07T00:14:47Z,,,,,v3-forward-measurement
31f21659-c983-4967-b004-7f5f277f4459,2ac0607b-6cf3-45d4-b7b1-7d13546ae102,2026-09-07T00:14:47Z,FanDuel Sportsbook structured market feed,,VA,NFL,35601246,Denver Broncos @ Kansas City Chiefs,2026-09-15T00:15:00.000Z,FanDuel,751.183528169,rushing_yards,Bo Nix - Rushing Yds,,Bo Nix,41331175,over,15.5,-114,1.87719298245614,0.5327102803738317,open,,,2026-09-07T00:14:47Z,,,,,v3-forward-measurement
31f21659-c983-4967-b004-7f5f277f4459,d0adab9b-3cb2-46e5-9c7e-9734ba2f80ba,2026-09-07T00:14:47Z,FanDuel Sportsbook structured market feed,,VA,NFL,35601246,Denver Broncos @ Kansas City Chiefs,2026-09-15T00:15:00.000Z,FanDuel,751.183528169,rushing_yards,Bo Nix - Rushing Yds,,Bo Nix,41331177,under,15.5,-114,1.87719298245614,0.5327102803738317,open,,,2026-09-07T00:14:47Z,,,,,v3-forward-measurement
31f21659-c983-4967-b004-7f5f277f4459,8c339cfa-1ce3-43ef-b597-bb0aa2c11f4e,2026-09-07T00:14:47Z,FanDuel Sportsbook structured market feed,,VA,NFL,35601246,Denver Broncos @ Kansas City Chiefs,2026-09-15T00:15:00.000Z,FanDuel,751.183528149,rushing_yards,Patrick Mahomes - Rushing Yds,,Patrick Mahomes,16593717,over,15.5,-114,1.87719298245614,0.5327102803738317,open,,,2026-09-07T00:14:47Z,,,,,v3-forward-measurement
31f21659-c983-4967-b004-7f5f277f4459,23164ed9-ef92-40de-ab03-948d92afe2a3,2026-09-07T00:14:47Z,FanDuel Sportsbook structured market feed,,VA,NFL,35601246,Denver Broncos @ Kansas City Chiefs,2026-09-15T00:15:00.000Z,FanDuel,751.183528149,rushing_yards,Patrick Mahomes - Rushing Yds,,Patrick Mahomes,16593718,under,15.5,-114,1.87719298245614,0.5327102803738317,open,,,2026-09-07T00:14:47Z,,,,,v3-forward-measurement
31f21659-c983-4967-b004-7f5f277f4459,e1441636-6c92-40e0-8b65-e69013b30775,2026-09-07T00:14:47Z,FanDuel Sportsbook structured market feed,,VA,NFL,35601246,Denver Broncos @ Kansas City Chiefs,2026-09-15T00:15:00.000Z,FanDuel,751.185117314,rushing_yards,RJ Harvey - Rushing Yds,,RJ Harvey,50744298,over,20.5,-114,1.87719298245614,0.5327102803738317,open,,,2026-09-07T00:14:47Z,,,,,v3-forward-measurement
31f21659-c983-4967-b004-7f5f277f4459,21335f55-5c64-464d-a869-2f91d8627b00,2026-09-07T00:14:47Z,FanDuel Sportsbook structured market feed,,VA,NFL,35601246,Denver Broncos @ Kansas City Chiefs,2026-09-15T00:15:00.000Z,FanDuel,751.185117314,rushing_yards,RJ Harvey - Rushing Yds,,RJ Harvey,50744300,under,20.5,-114,1.87719298245614,0.5327102803738317,open,,,2026-09-07T00:14:47Z,,,,,v3-forward-measurement
31f21659-c983-4967-b004-7f5f277f4459,984b8c9a-4541-4781-adb2-e84bafe1ded8,2026-09-07T00:14:47Z,FanDuel Sportsbook structured market feed,,VA,NFL,35601246,Denver Broncos @ Kansas City Chiefs,2026-09-15T00:15:00.000Z,FanDuel,751.183528041,rushing_yards,Kenneth Walker III - Rushing Yds,,Kenneth Walker III,40975102,over,59.5,-114,1.87719298245614,0.5327102803738317,open,,,2026-09-07T00:14:47Z,,,,,v3-forward-measurement
31f21659-c983-4967-b004-7f5f277f4459,2de68090-e734-4d81-8c3a-05ab9e631ee6,2026-09-07T00:14:47Z,FanDuel Sportsbook structured market feed,,VA,NFL,35601246,Denver Broncos @ Kansas City Chiefs,2026-09-15T00:15:00.000Z,FanDuel,751.183528041,rushing_yards,Kenneth Walker III - Rushing Yds,,Kenneth Walker III,40975103,under,59.5,-114,1.87719298245614,0.5327102803738317,open,,,2026-09-07T00:14:47Z,,,,,v3-forward-measurement
31f21659-c983-4967-b004-7f5f277f4459,6431a373-70c5-47cf-8b11-4b38ffdc6e69,2026-09-07T00:14:47Z,FanDuel Sportsbook structured market feed,,VA,NFL,35601246,Denver Broncos @ Kansas City Chiefs,2026-09-15T00:15:00.000Z,FanDuel,751.183528043,rushing_yards,J.K. Dobbins - Rushing Yds,,J.K. Dobbins,48302900,over,49.5,-114,1.87719298245614,0.5327102803738317,open,,,2026-09-07T00:14:47Z,,,,,v3-forward-measurement
31f21659-c983-4967-b004-7f5f277f4459,82901129-da4d-4277-ab3e-09f31aae3870,2026-09-07T00:14:47Z,FanDuel Sportsbook structured market feed,,VA,NFL,35601246,Denver Broncos @ Kansas City Chiefs,2026-09-15T00:15:00.000Z,FanDuel,751.183528043,rushing_yards,J.K. Dobbins - Rushing Yds,,J.K. Dobbins,48302899,under,49.5,-114,1.87719298245614,0.5327102803738317,open,,,2026-09-07T00:14:47Z,,,,,v3-forward-measurement
46516c56-902d-4104-aeba-6e3eb77f906f,dcd00362-b0b4-4ecf-bd2e-96bab604e30f,2026-09-07T00:14:47Z,FanDuel Sportsbook structured market feed,,VA,NFL,35601246,Denver Broncos @ Kansas City Chiefs,2026-09-15T00:15:00.000Z,FanDuel,751.185117801,receiving_yards,Tyquan Thornton - Receiving Yds,,Tyquan Thornton,41074864,over,17.5,-114,1.87719298245614,0.5327102803738317,open,,,2026-09-07T00:14:47Z,,,,,v3-forward-measurement
46516c56-902d-4104-aeba-6e3eb77f906f,1ff12194-a37d-48d1-8088-8bcb46ee1370,2026-09-07T00:14:47Z,FanDuel Sportsbook structured market feed,,VA,NFL,35601246,Denver Broncos @ Kansas City Chiefs,2026-09-15T00:15:00.000Z,FanDuel,751.185117801,receiving_yards,Tyquan Thornton - Receiving Yds,,Tyquan Thornton,41074863,under,17.5,-114,1.87719298245614,0.5327102803738317,open,,,2026-09-07T00:14:47Z,,,,,v3-forward-measurement
46516c56-902d-4104-aeba-6e3eb77f906f,958e6659-732b-40f7-96cb-4ebd75c45aab,2026-09-07T00:14:47Z,FanDuel Sportsbook structured market feed,,VA,NFL,35601246,Denver Broncos @ Kansas City Chiefs,2026-09-15T00:15:00.000Z,FanDuel,751.183528882,receiving_yards,Xavier Worthy - Receiving Yds,,Xavier Worthy,41066840,over,36.5,-114,1.87719298245614,0.5327102803738317,open,,,2026-09-07T00:14:47Z,,,,,v3-forward-measurement
46516c56-902d-4104-aeba-6e3eb77f906f,81729f2b-a824-43a4-a4eb-b477629545f0,2026-09-07T00:14:47Z,FanDuel Sportsbook structured market feed,,VA,NFL,35601246,Denver Broncos @ Kansas City Chiefs,2026-09-15T00:15:00.000Z,FanDuel,751.183528882,receiving_yards,Xavier Worthy - Receiving Yds,,Xavier Worthy,41066847,under,36.5,-114,1.87719298245614,0.5327102803738317,open,,,2026-09-07T00:14:47Z,,,,,v3-forward-measurement
46516c56-902d-4104-aeba-6e3eb77f906f,f46d4b13-8f6b-4149-ac63-bbe74bf27082,2026-09-07T00:14:47Z,FanDuel Sportsbook structured market feed,,VA,NFL,35601246,Denver Broncos @ Kansas City Chiefs,2026-09-15T00:15:00.000Z,FanDuel,751.183528883,receptions,Xavier Worthy - Total Receptions,,Xavier Worthy,41066840,over,3.5,116,2.16,0.46296296296296297,open,,,2026-09-07T00:14:47Z,,,,,v3-forward-measurement
46516c56-902d-4104-aeba-6e3eb77f906f,fa26071a-8483-4613-b6d2-20e136815d46,2026-09-07T00:14:47Z,FanDuel Sportsbook structured market feed,,VA,NFL,35601246,Denver Broncos @ Kansas City Chiefs,2026-09-15T00:15:00.000Z,FanDuel,751.183528883,receptions,Xavier Worthy - Total Receptions,,Xavier Worthy,41066847,under,3.5,-154,1.649350649350649,0.6062992125984252,open,,,2026-09-07T00:14:47Z,,,,,v3-forward-measurement
46516c56-902d-4104-aeba-6e3eb77f906f,236fba1a-ff85-408d-9178-c9f9f139a356,2026-09-07T00:14:47Z,FanDuel Sportsbook structured market feed,,VA,NFL,35601246,Denver Broncos @ Kansas City Chiefs,2026-09-15T00:15:00.000Z,FanDuel,751.183528524,receiving_yards,Jaylen Waddle - Receiving Yds,,Jaylen Waddle,40877797,over,53.5,-114,1.87719298245614,0.5327102803738317,open,,,2026-09-07T00:14:47Z,,,,,v3-forward-measurement
46516c56-902d-4104-aeba-6e3eb77f906f,5e506662-c42a-4196-b96f-5ee6b7e8e5e5,2026-09-07T00:14:47Z,FanDuel Sportsbook structured market feed,,VA,NFL,35601246,Denver Broncos @ Kansas City Chiefs,2026-09-15T00:15:00.000Z,FanDuel,751.183528524,receiving_yards,Jaylen Waddle - Receiving Yds,,Jaylen Waddle,40877798,under,53.5,-114,1.87719298245614,0.5327102803738317,open,,,2026-09-07T00:14:47Z,,,,,v3-forward-measurement
46516c56-902d-4104-aeba-6e3eb77f906f,3f521606-ce82-40d7-a16b-653549dea9e2,2026-09-07T00:14:47Z,FanDuel Sportsbook structured market feed,,VA,NFL,35601246,Denver Broncos @ Kansas City Chiefs,2026-09-15T00:15:00.000Z,FanDuel,751.185117804,receptions,Tyquan Thornton - Total Receptions,,Tyquan Thornton,41074864,over,1.5,112,2.12,0.4716981132075472,open,,,2026-09-07T00:14:47Z,,,,,v3-forward-measurement
46516c56-902d-4104-aeba-6e3eb77f906f,66a50d64-f3f0-4c8f-885a-5c963d7faa84,2026-09-07T00:14:47Z,FanDuel Sportsbook structured market feed,,VA,NFL,35601246,Denver Broncos @ Kansas City Chiefs,2026-09-15T00:15:00.000Z,FanDuel,751.185117804,receptions,Tyquan Thornton - Total Receptions,,Tyquan Thornton,41074863,under,1.5,-148,1.675675675675676,0.5967741935483871,open,,,2026-09-07T00:14:47Z,,,,,v3-forward-measurement
46516c56-902d-4104-aeba-6e3eb77f906f,b6cef95b-050b-408e-8233-cf08e3f1c71e,2026-09-07T00:14:47Z,FanDuel Sportsbook structured market feed,,VA,NFL,35601246,Denver Broncos @ Kansas City Chiefs,2026-09-15T00:15:00.000Z,FanDuel,751.183528805,receptions,Travis Kelce - Total Receptions,,Travis Kelce,11802406,over,3.5,-148,1.675675675675676,0.5967741935483871,open,,,2026-09-07T00:14:47Z,,,,,v3-forward-measurement
46516c56-902d-4104-aeba-6e3eb77f906f,1ca15eff-2a09-46cd-a86f-75bcf40a0b5e,2026-09-07T00:14:47Z,FanDuel Sportsbook structured market feed,,VA,NFL,35601246,Denver Broncos @ Kansas City Chiefs,2026-09-15T00:15:00.000Z,FanDuel,751.183528805,receptions,Travis Kelce - Total Receptions,,Travis Kelce,11802405,under,3.5,112,2.12,0.4716981132075472,open,,,2026-09-07T00:14:47Z,,,,,v3-forward-measurement
46516c56-902d-4104-aeba-6e3eb77f906f,7954fff6-5360-427b-9706-8cc1dda899c0,2026-09-07T00:14:47Z,FanDuel Sportsbook structured market feed,,VA,NFL,35601246,Denver Broncos @ Kansas City Chiefs,2026-09-15T00:15:00.000Z,FanDuel,751.183528806,receiving_yards,Travis Kelce - Receiving Yds,,Travis Kelce,11802406,over,41.5,-114,1.87719298245614,0.5327102803738317,open,,,2026-09-07T00:14:47Z,,,,,v3-forward-measurement
46516c56-902d-4104-aeba-6e3eb77f906f,9bdf15dd-7400-4716-b5e0-1af7cd0d815f,2026-09-07T00:14:47Z,FanDuel Sportsbook structured market feed,,VA,NFL,35601246,Denver Broncos @ Kansas City Chiefs,2026-09-15T00:15:00.000Z,FanDuel,751.183528806,receiving_yards,Travis Kelce - Receiving Yds,,Travis Kelce,11802405,under,41.5,-114,1.87719298245614,0.5327102803738317,open,,,2026-09-07T00:14:47Z,,,,,v3-forward-measurement
46516c56-902d-4104-aeba-6e3eb77f906f,cb805ae9-0755-41fa-8dea-2b2d282555f5,2026-09-07T00:14:47Z,FanDuel Sportsbook structured market feed,,VA,NFL,35601246,Denver Broncos @ Kansas City Chiefs,2026-09-15T00:15:00.000Z,FanDuel,751.185117635,receptions,Kenneth Walker III - Total Receptions,,Kenneth Walker III,40975102,over,2.5,-108,1.925925925925926,0.5192307692307693,open,,,2026-09-07T00:14:47Z,,,,,v3-forward-measurement
46516c56-902d-4104-aeba-6e3eb77f906f,84a35af7-f164-4cc4-bc14-8ed81b5f5a8d,2026-09-07T00:14:47Z,FanDuel Sportsbook structured market feed,,VA,NFL,35601246,Denver Broncos @ Kansas City Chiefs,2026-09-15T00:15:00.000Z,FanDuel,751.185117635,receptions,Kenneth Walker III - Total Receptions,,Kenneth Walker III,40975103,under,2.5,-122,1.819672131147541,0.5495495495495496,open,,,2026-09-07T00:14:47Z,,,,,v3-forward-measurement
46516c56-902d-4104-aeba-6e3eb77f906f,6adb5bdd-ac20-42ba-b504-08db3ea72459,2026-09-07T00:14:47Z,FanDuel Sportsbook structured market feed,,VA,NFL,35601246,Denver Broncos @ Kansas City Chiefs,2026-09-15T00:15:00.000Z,FanDuel,751.185117638,receiving_yards,Kenneth Walker III - Receiving Yds,,Kenneth Walker III,40975102,over,13.5,-114,1.87719298245614,0.5327102803738317,open,,,2026-09-07T00:14:47Z,,,,,v3-forward-measurement
46516c56-902d-4104-aeba-6e3eb77f906f,6f972d45-9ff6-4afc-be71-74863dae6fe1,2026-09-07T00:14:47Z,FanDuel Sportsbook structured market feed,,VA,NFL,35601246,Denver Broncos @ Kansas City Chiefs,2026-09-15T00:15:00.000Z,FanDuel,751.185117638,receiving_yards,Kenneth Walker III - Receiving Yds,,Kenneth Walker III,40975103,under,13.5,-114,1.87719298245614,0.5327102803738317,open,,,2026-09-07T00:14:47Z,,,,,v3-forward-measurement
46516c56-902d-4104-aeba-6e3eb77f906f,69aa8e86-3267-4aae-8324-7efd457372a1,2026-09-07T00:14:47Z,FanDuel Sportsbook structured market feed,,VA,NFL,35601246,Denver Broncos @ Kansas City Chiefs,2026-09-15T00:15:00.000Z,FanDuel,751.183528696,receptions,Courtland Sutton - Total Receptions,,Courtland Sutton,16490004,over,4.5,124,2.24,0.44642857142857145,open,,,2026-09-07T00:14:47Z,,,,,v3-forward-measurement
46516c56-902d-4104-aeba-6e3eb77f906f,b6676e9f-bce4-46d8-bc43-8c1aca03c6e6,2026-09-07T00:14:47Z,FanDuel Sportsbook structured market feed,,VA,NFL,35601246,Denver Broncos @ Kansas City Chiefs,2026-09-15T00:15:00.000Z,FanDuel,751.183528696,receptions,Courtland Sutton - Total Receptions,,Courtland Sutton,16490005,under,4.5,-166,1.602409638554217,0.6240601503759399,open,,,2026-09-07T00:14:47Z,,,,,v3-forward-measurement
46516c56-902d-4104-aeba-6e3eb77f906f,4abfb724-8aa5-4eb5-b6ea-87e3dc7550b6,2026-09-07T00:14:47Z,FanDuel Sportsbook structured market feed,,VA,NFL,35601246,Denver Broncos @ Kansas City Chiefs,2026-09-15T00:15:00.000Z,FanDuel,751.183528594,receptions,Rashee Rice - Total Receptions,,Rashee Rice,48551005,over,5.5,-122,1.819672131147541,0.5495495495495496,open,,,2026-09-07T00:14:47Z,,,,,v3-forward-measurement
46516c56-902d-4104-aeba-6e3eb77f906f,2d3c405d-d0e4-416b-88c6-948ca1ac6e8b,2026-09-07T00:14:47Z,FanDuel Sportsbook structured market feed,,VA,NFL,35601246,Denver Broncos @ Kansas City Chiefs,2026-09-15T00:15:00.000Z,FanDuel,751.183528594,receptions,Rashee Rice - Total Receptions,,Rashee Rice,48551004,under,5.5,-108,1.925925925925926,0.5192307692307693,open,,,2026-09-07T00:14:47Z,,,,,v3-forward-measurement
46516c56-902d-4104-aeba-6e3eb77f906f,6c1a7248-beea-41fc-8edf-8aada49461be,2026-09-07T00:14:47Z,FanDuel Sportsbook structured market feed,,VA,NFL,35601246,Denver Broncos @ Kansas City Chiefs,2026-09-15T00:15:00.000Z,FanDuel,751.183528593,receiving_yards,Rashee Rice - Receiving Yds,,Rashee Rice,48551005,over,59.5,-114,1.87719298245614,0.5327102803738317,open,,,2026-09-07T00:14:47Z,,,,,v3-forward-measurement
46516c56-902d-4104-aeba-6e3eb77f906f,95f80e8c-47ab-42ef-9af6-9d89f58d571c,2026-09-07T00:14:47Z,FanDuel Sportsbook structured market feed,,VA,NFL,35601246,Denver Broncos @ Kansas City Chiefs,2026-09-15T00:15:00.000Z,FanDuel,751.183528593,receiving_yards,Rashee Rice - Receiving Yds,,Rashee Rice,48551004,under,59.5,-114,1.87719298245614,0.5327102803738317,open,,,2026-09-07T00:14:47Z,,,,,v3-forward-measurement
46516c56-902d-4104-aeba-6e3eb77f906f,b4679587-7f5c-43c1-a078-449ddb6d5d5f,2026-09-07T00:14:47Z,FanDuel Sportsbook structured market feed,,VA,NFL,35601246,Denver Broncos @ Kansas City Chiefs,2026-09-15T00:15:00.000Z,FanDuel,751.183528692,receiving_yards,Courtland Sutton - Receiving Yds,,Courtland Sutton,16490004,over,42.5,-114,1.87719298245614,0.5327102803738317,open,,,2026-09-07T00:14:47Z,,,,,v3-forward-measurement
46516c56-902d-4104-aeba-6e3eb77f906f,309bd06c-6e53-4111-a70f-c86fb1d848b5,2026-09-07T00:14:47Z,FanDuel Sportsbook structured market feed,,VA,NFL,35601246,Denver Broncos @ Kansas City Chiefs,2026-09-15T00:15:00.000Z,FanDuel,751.183528692,receiving_yards,Courtland Sutton - Receiving Yds,,Courtland Sutton,16490005,under,42.5,-114,1.87719298245614,0.5327102803738317,open,,,2026-09-07T00:14:47Z,,,,,v3-forward-measurement
46516c56-902d-4104-aeba-6e3eb77f906f,66783c8c-56e8-4785-b23f-c9748562db59,2026-09-07T00:14:47Z,FanDuel Sportsbook structured market feed,,VA,NFL,35601246,Denver Broncos @ Kansas City Chiefs,2026-09-15T00:15:00.000Z,FanDuel,751.183528519,receptions,Jaylen Waddle - Total Receptions,,Jaylen Waddle,40877797,over,4.5,-114,1.87719298245614,0.5327102803738317,open,,,2026-09-07T00:14:47Z,,,,,v3-forward-measurement
46516c56-902d-4104-aeba-6e3eb77f906f,ec9b57fd-cd87-4fc1-b40c-a4a14cb1216c,2026-09-07T00:14:47Z,FanDuel Sportsbook structured market feed,,VA,NFL,35601246,Denver Broncos @ Kansas City Chiefs,2026-09-15T00:15:00.000Z,FanDuel,751.183528519,receptions,Jaylen Waddle - Total Receptions,,Jaylen Waddle,40877798,under,4.5,-114,1.87719298245614,0.5327102803738317,open,,,2026-09-07T00:14:47Z,,,,,v3-forward-measurement
0dc5dcca-4080-42ef-8c99-af186ee25911,e1b81e60-baad-429a-bfde-a44a457107c6,2026-09-07T00:14:47Z,FanDuel Sportsbook structured market feed,,VA,NFL,35607262,New England Patriots @ Seattle Seahawks,2026-09-10T00:15:00.000Z,FanDuel,751.181972898,passing_touchdowns,Drake Maye - Passing TDs,,Drake Maye,48103561,over,1.5,134,2.34,0.42735042735042733,open,,,2026-09-07T00:14:47Z,,,,,v3-forward-measurement
0dc5dcca-4080-42ef-8c99-af186ee25911,f26e562d-858d-49a4-bc7f-64109f8ca72c,2026-09-07T00:14:47Z,FanDuel Sportsbook structured market feed,,VA,NFL,35607262,New England Patriots @ Seattle Seahawks,2026-09-10T00:15:00.000Z,FanDuel,751.181972898,passing_touchdowns,Drake Maye - Passing TDs,,Drake Maye,48103562,under,1.5,-180,1.555555555555556,0.6428571428571429,open,,,2026-09-07T00:14:47Z,,,,,v3-forward-measurement
0dc5dcca-4080-42ef-8c99-af186ee25911,01e6f248-14cc-4b5a-98aa-1a2e3e88f2af,2026-09-07T00:14:47Z,FanDuel Sportsbook structured market feed,,VA,NFL,35607262,New England Patriots @ Seattle Seahawks,2026-09-10T00:15:00.000Z,FanDuel,751.181972949,passing_yards,Drake Maye - Passing Yds,,Drake Maye,48103561,over,232.5,-114,1.87719298245614,0.5327102803738317,open,,,2026-09-07T00:14:47Z,,,,,v3-forward-measurement
0dc5dcca-4080-42ef-8c99-af186ee25911,6aa0f8ee-77b7-4822-80f2-2ccaa955c30e,2026-09-07T00:14:47Z,FanDuel Sportsbook structured market feed,,VA,NFL,35607262,New England Patriots @ Seattle Seahawks,2026-09-10T00:15:00.000Z,FanDuel,751.181972949,passing_yards,Drake Maye - Passing Yds,,Drake Maye,48103562,under,232.5,-114,1.87719298245614,0.5327102803738317,open,,,2026-09-07T00:14:47Z,,,,,v3-forward-measurement
0dc5dcca-4080-42ef-8c99-af186ee25911,0dbd5ea5-4980-4ab4-8d9b-818ccf05d69e,2026-09-07T00:14:47Z,FanDuel Sportsbook structured market feed,,VA,NFL,35607262,New England Patriots @ Seattle Seahawks,2026-09-10T00:15:00.000Z,FanDuel,751.181972904,passing_yards,Sam Darnold - Passing Yds,,Sam Darnold,16579527,over,228.5,-114,1.87719298245614,0.5327102803738317,open,,,2026-09-07T00:14:47Z,,,,,v3-forward-measurement
0dc5dcca-4080-42ef-8c99-af186ee25911,ad7edf8d-37d1-4f82-b4aa-b3b99a3a75c2,2026-09-07T00:14:47Z,FanDuel Sportsbook structured market feed,,VA,NFL,35607262,New England Patriots @ Seattle Seahawks,2026-09-10T00:15:00.000Z,FanDuel,751.181972904,passing_yards,Sam Darnold - Passing Yds,,Sam Darnold,16579528,under,228.5,-114,1.87719298245614,0.5327102803738317,open,,,2026-09-07T00:14:47Z,,,,,v3-forward-measurement
0dc5dcca-4080-42ef-8c99-af186ee25911,4c047bc3-f639-465f-9cf5-ba43ce163f2c,2026-09-07T00:14:47Z,FanDuel Sportsbook structured market feed,,VA,NFL,35607262,New England Patriots @ Seattle Seahawks,2026-09-10T00:15:00.000Z,FanDuel,751.181972893,passing_touchdowns,Sam Darnold - Passing TDs,,Sam Darnold,16579527,over,1.5,106,2.06,0.4854368932038835,open,,,2026-09-07T00:14:47Z,,,,,v3-forward-measurement
0dc5dcca-4080-42ef-8c99-af186ee25911,593f556a-0bdf-4f81-8dbe-9932d85cb4d1,2026-09-07T00:14:47Z,FanDuel Sportsbook structured market feed,,VA,NFL,35607262,New England Patriots @ Seattle Seahawks,2026-09-10T00:15:00.000Z,FanDuel,751.181972893,passing_touchdowns,Sam Darnold - Passing TDs,,Sam Darnold,16579528,under,1.5,-140,1.714285714285714,0.5833333333333334,open,,,2026-09-07T00:14:47Z,,,,,v3-forward-measurement
d22daecb-1d6b-4136-a05f-ec62d4030be7,186b4de1-92d5-404a-8220-09e9d434b41e,2026-09-07T00:14:47Z,FanDuel Sportsbook structured market feed,,VA,NFL,35607262,New England Patriots @ Seattle Seahawks,2026-09-10T00:15:00.000Z,FanDuel,751.181981485,rushing_yards,Sam Darnold - Rushing Yds,,Sam Darnold,16579527,over,5.5,-114,1.87719298245614,0.5327102803738317,open,,,2026-09-07T00:14:47Z,,,,,v3-forward-measurement
d22daecb-1d6b-4136-a05f-ec62d4030be7,26406d0f-9983-4a15-998d-f88d9df66738,2026-09-07T00:14:47Z,FanDuel Sportsbook structured market feed,,VA,NFL,35607262,New England Patriots @ Seattle Seahawks,2026-09-10T00:15:00.000Z,FanDuel,751.181981485,rushing_yards,Sam Darnold - Rushing Yds,,Sam Darnold,16579528,under,5.5,-114,1.87719298245614,0.5327102803738317,open,,,2026-09-07T00:14:47Z,,,,,v3-forward-measurement
d22daecb-1d6b-4136-a05f-ec62d4030be7,808c51df-aef7-4a76-a19f-7b14d0985448,2026-09-07T00:14:47Z,FanDuel Sportsbook structured market feed,,VA,NFL,35607262,New England Patriots @ Seattle Seahawks,2026-09-10T00:15:00.000Z,FanDuel,751.181978652,rushing_yards,Drake Maye - Rushing Yds,,Drake Maye,48103561,over,24.5,-114,1.87719298245614,0.5327102803738317,open,,,2026-09-07T00:14:47Z,,,,,v3-forward-measurement
d22daecb-1d6b-4136-a05f-ec62d4030be7,6a1b73e3-93fb-4261-aa6c-c241c6506dae,2026-09-07T00:14:47Z,FanDuel Sportsbook structured market feed,,VA,NFL,35607262,New England Patriots @ Seattle Seahawks,2026-09-10T00:15:00.000Z,FanDuel,751.181978652,rushing_yards,Drake Maye - Rushing Yds,,Drake Maye,48103562,under,24.5,-114,1.87719298245614,0.5327102803738317,open,,,2026-09-07T00:14:47Z,,,,,v3-forward-measurement
d22daecb-1d6b-4136-a05f-ec62d4030be7,67777ce9-87de-4c46-96f0-753e35d35519,2026-09-07T00:14:47Z,FanDuel Sportsbook structured market feed,,VA,NFL,35607262,New England Patriots @ Seattle Seahawks,2026-09-10T00:15:00.000Z,FanDuel,751.181978424,rushing_yards,Jadarian Price - Rushing Yds,,Jadarian Price,101883640,over,51.5,-114,1.87719298245614,0.5327102803738317,open,,,2026-09-07T00:14:47Z,,,,,v3-forward-measurement
d22daecb-1d6b-4136-a05f-ec62d4030be7,b6d1c385-7d1e-4ec6-81f3-46bef75d8587,2026-09-07T00:14:47Z,FanDuel Sportsbook structured market feed,,VA,NFL,35607262,New England Patriots @ Seattle Seahawks,2026-09-10T00:15:00.000Z,FanDuel,751.181978424,rushing_yards,Jadarian Price - Rushing Yds,,Jadarian Price,101883641,under,51.5,-114,1.87719298245614,0.5327102803738317,open,,,2026-09-07T00:14:47Z,,,,,v3-forward-measurement
d22daecb-1d6b-4136-a05f-ec62d4030be7,207e44aa-a9f1-473d-aa8f-750543db4f7b,2026-09-07T00:14:47Z,FanDuel Sportsbook structured market feed,,VA,NFL,35607262,New England Patriots @ Seattle Seahawks,2026-09-10T00:15:00.000Z,FanDuel,751.181978425,rushing_yards,George Holani - Rushing Yds,,George Holani,48141225,over,20.5,-114,1.87719298245614,0.5327102803738317,open,,,2026-09-07T00:14:47Z,,,,,v3-forward-measurement
d22daecb-1d6b-4136-a05f-ec62d4030be7,6032b0d0-a1b4-4b60-b89b-9e2a7f967b73,2026-09-07T00:14:47Z,FanDuel Sportsbook structured market feed,,VA,NFL,35607262,New England Patriots @ Seattle Seahawks,2026-09-10T00:15:00.000Z,FanDuel,751.181978425,rushing_yards,George Holani - Rushing Yds,,George Holani,48141223,under,20.5,-114,1.87719298245614,0.5327102803738317,open,,,2026-09-07T00:14:47Z,,,,,v3-forward-measurement
d22daecb-1d6b-4136-a05f-ec62d4030be7,6d7eae64-fc5d-43e6-93e1-96e3a0bfb271,2026-09-07T00:14:47Z,FanDuel Sportsbook structured market feed,,VA,NFL,35607262,New England Patriots @ Seattle Seahawks,2026-09-10T00:15:00.000Z,FanDuel,751.181978427,rushing_yards,Rhamondre Stevenson - Rushing Yds,,Rhamondre Stevenson,40916587,over,54.5,-114,1.87719298245614,0.5327102803738317,open,,,2026-09-07T00:14:47Z,,,,,v3-forward-measurement
d22daecb-1d6b-4136-a05f-ec62d4030be7,f6db1279-3084-4569-94f7-7cfb1a776ec1,2026-09-07T00:14:47Z,FanDuel Sportsbook structured market feed,,VA,NFL,35607262,New England Patriots @ Seattle Seahawks,2026-09-10T00:15:00.000Z,FanDuel,751.181978427,rushing_yards,Rhamondre Stevenson - Rushing Yds,,Rhamondre Stevenson,40916584,under,54.5,-114,1.87719298245614,0.5327102803738317,open,,,2026-09-07T00:14:47Z,,,,,v3-forward-measurement
d22daecb-1d6b-4136-a05f-ec62d4030be7,6eaa1025-cf55-41d1-83c7-86ca3c3b8990,2026-09-07T00:14:47Z,FanDuel Sportsbook structured market feed,,VA,NFL,35607262,New England Patriots @ Seattle Seahawks,2026-09-10T00:15:00.000Z,FanDuel,751.184116935,rushing_yards,Rashid Shaheed - Rushing Yds,,Rashid Shaheed,49450855,over,2.5,-114,1.87719298245614,0.5327102803738317,open,,,2026-09-07T00:14:47Z,,,,,v3-forward-measurement
d22daecb-1d6b-4136-a05f-ec62d4030be7,f7f3981b-876f-48ba-bf35-63691544d913,2026-09-07T00:14:47Z,FanDuel Sportsbook structured market feed,,VA,NFL,35607262,New England Patriots @ Seattle Seahawks,2026-09-10T00:15:00.000Z,FanDuel,751.184116935,rushing_yards,Rashid Shaheed - Rushing Yds,,Rashid Shaheed,49450856,under,2.5,-114,1.87719298245614,0.5327102803738317,open,,,2026-09-07T00:14:47Z,,,,,v3-forward-measurement
31e14c87-f0b7-45a9-a342-687fa4c75c81,9ad3aeb2-52d0-4990-b77f-3273da8067f3,2026-09-07T00:14:47Z,FanDuel Sportsbook structured market feed,,VA,NFL,35607262,New England Patriots @ Seattle Seahawks,2026-09-10T00:15:00.000Z,FanDuel,751.183848470,receptions,Rhamondre Stevenson - Total Receptions,,Rhamondre Stevenson,40916587,over,2.5,-180,1.555555555555556,0.6428571428571429,open,,,2026-09-07T00:14:47Z,,,,,v3-forward-measurement
31e14c87-f0b7-45a9-a342-687fa4c75c81,b722682e-7cf6-4abe-9bce-4b00cdd0cdc5,2026-09-07T00:14:47Z,FanDuel Sportsbook structured market feed,,VA,NFL,35607262,New England Patriots @ Seattle Seahawks,2026-09-10T00:15:00.000Z,FanDuel,751.183848470,receptions,Rhamondre Stevenson - Total Receptions,,Rhamondre Stevenson,40916584,under,2.5,134,2.34,0.42735042735042733,open,,,2026-09-07T00:14:47Z,,,,,v3-forward-measurement
31e14c87-f0b7-45a9-a342-687fa4c75c81,f965851c-a778-4cab-92ab-3698c3fe2335,2026-09-07T00:14:47Z,FanDuel Sportsbook structured market feed,,VA,NFL,35607262,New England Patriots @ Seattle Seahawks,2026-09-10T00:15:00.000Z,FanDuel,751.181982010,receptions,A.J. Brown - Total Receptions,,A.J. Brown,40913464,over,4.5,-148,1.675675675675676,0.5967741935483871,open,,,2026-09-07T00:14:47Z,,,,,v3-forward-measurement
31e14c87-f0b7-45a9-a342-687fa4c75c81,173d42f5-76c7-4430-b829-376ddc213220,2026-09-07T00:14:47Z,FanDuel Sportsbook structured market feed,,VA,NFL,35607262,New England Patriots @ Seattle Seahawks,2026-09-10T00:15:00.000Z,FanDuel,751.181982010,receptions,A.J. Brown - Total Receptions,,A.J. Brown,40913463,under,4.5,112,2.12,0.4716981132075472,open,,,2026-09-07T00:14:47Z,,,,,v3-forward-measurement
31e14c87-f0b7-45a9-a342-687fa4c75c81,cfe8ba28-49a8-4c45-9629-c6bd86358fc2,2026-09-07T00:14:47Z,FanDuel Sportsbook structured market feed,,VA,NFL,35607262,New England Patriots @ Seattle Seahawks,2026-09-10T00:15:00.000Z,FanDuel,751.182711369,receptions,Demario Douglas - Total Receptions,,Demario Douglas,41072009,over,1.5,-162,1.617283950617284,0.6183206106870229,open,,,2026-09-07T00:14:47Z,,,,,v3-forward-measurement
31e14c87-f0b7-45a9-a342-687fa4c75c81,ecbcb937-3d8c-4d71-a7be-76acde41a288,2026-09-07T00:14:47Z,FanDuel Sportsbook structured market feed,,VA,NFL,35607262,New England Patriots @ Seattle Seahawks,2026-09-10T00:15:00.000Z,FanDuel,751.182711369,receptions,Demario Douglas - Total Receptions,,Demario Douglas,41072008,under,1.5,122,2.22,0.45045045045045046,open,,,2026-09-07T00:14:47Z,,,,,v3-forward-measurement
31e14c87-f0b7-45a9-a342-687fa4c75c81,863e0f12-4cbd-43ab-b0e2-97c92ee92393,2026-09-07T00:14:47Z,FanDuel Sportsbook structured market feed,,VA,NFL,35607262,New England Patriots @ Seattle Seahawks,2026-09-10T00:15:00.000Z,FanDuel,751.185116370,receptions,George Holani - Total Receptions,,George Holani,48141225,over,1.5,-172,1.581395348837209,0.6323529411764706,open,,,2026-09-07T00:14:47Z,,,,,v3-forward-measurement
31e14c87-f0b7-45a9-a342-687fa4c75c81,49685780-b442-4387-9def-8133ddc9a6f4,2026-09-07T00:14:47Z,FanDuel Sportsbook structured market feed,,VA,NFL,35607262,New England Patriots @ Seattle Seahawks,2026-09-10T00:15:00.000Z,FanDuel,751.185116370,receptions,George Holani - Total Receptions,,George Holani,48141223,under,1.5,128,2.28,0.43859649122807015,open,,,2026-09-07T00:14:47Z,,,,,v3-forward-measurement
31e14c87-f0b7-45a9-a342-687fa4c75c81,3b8c79f2-8d12-414d-9dd7-2be4393a7ce1,2026-09-07T00:14:47Z,FanDuel Sportsbook structured market feed,,VA,NFL,35607262,New England Patriots @ Seattle Seahawks,2026-09-10T00:15:00.000Z,FanDuel,751.181985299,receptions,AJ Barner - Total Receptions,,AJ Barner,48063414,over,2.5,-148,1.675675675675676,0.5967741935483871,open,,,2026-09-07T00:14:47Z,,,,,v3-forward-measurement
31e14c87-f0b7-45a9-a342-687fa4c75c81,204ae47e-0537-4278-84cb-0bd5fcafb89c,2026-09-07T00:14:47Z,FanDuel Sportsbook structured market feed,,VA,NFL,35607262,New England Patriots @ Seattle Seahawks,2026-09-10T00:15:00.000Z,FanDuel,751.181985299,receptions,AJ Barner - Total Receptions,,AJ Barner,48063412,under,2.5,112,2.12,0.4716981132075472,open,,,2026-09-07T00:14:47Z,,,,,v3-forward-measurement
31e14c87-f0b7-45a9-a342-687fa4c75c81,9eeac37c-9643-47e1-a855-aa41672536fa,2026-09-07T00:14:47Z,FanDuel Sportsbook structured market feed,,VA,NFL,35607262,New England Patriots @ Seattle Seahawks,2026-09-10T00:15:00.000Z,FanDuel,751.182711373,receiving_yards,Hunter Henry - Receiving Yds,,Hunter Henry,11851338,over,34.5,-114,1.87719298245614,0.5327102803738317,open,,,2026-09-07T00:14:47Z,,,,,v3-forward-measurement
31e14c87-f0b7-45a9-a342-687fa4c75c81,5d92893a-22ff-4cf7-967d-1c86ba076b4f,2026-09-07T00:14:47Z,FanDuel Sportsbook structured market feed,,VA,NFL,35607262,New England Patriots @ Seattle Seahawks,2026-09-10T00:15:00.000Z,FanDuel,751.182711373,receiving_yards,Hunter Henry - Receiving Yds,,Hunter Henry,11851337,under,34.5,-114,1.87719298245614,0.5327102803738317,open,,,2026-09-07T00:14:47Z,,,,,v3-forward-measurement
31e14c87-f0b7-45a9-a342-687fa4c75c81,c96be31d-de9c-44a9-8352-fa152c399af4,2026-09-07T00:14:47Z,FanDuel Sportsbook structured market feed,,VA,NFL,35607262,New England Patriots @ Seattle Seahawks,2026-09-10T00:15:00.000Z,FanDuel,751.181981813,receptions,Jaxon Smith-Njigba - Total Receptions,,Jaxon Smith-Njigba,41158865,over,6.5,-102,1.980392156862745,0.504950495049505,open,,,2026-09-07T00:14:47Z,,,,,v3-forward-measurement
31e14c87-f0b7-45a9-a342-687fa4c75c81,d32d404f-2af3-4dd6-bc8f-41d82f1cb496,2026-09-07T00:14:47Z,FanDuel Sportsbook structured market feed,,VA,NFL,35607262,New England Patriots @ Seattle Seahawks,2026-09-10T00:15:00.000Z,FanDuel,751.181981813,receptions,Jaxon Smith-Njigba - Total Receptions,,Jaxon Smith-Njigba,41158864,under,6.5,-130,1.769230769230769,0.5652173913043478,open,,,2026-09-07T00:14:47Z,,,,,v3-forward-measurement
31e14c87-f0b7-45a9-a342-687fa4c75c81,15954053-32d2-4ca6-9d54-beb18a25b837,2026-09-07T00:14:47Z,FanDuel Sportsbook structured market feed,,VA,NFL,35607262,New England Patriots @ Seattle Seahawks,2026-09-10T00:15:00.000Z,FanDuel,751.182711374,receiving_yards,Demario Douglas - Receiving Yds,,Demario Douglas,41072009,over,18.5,-114,1.87719298245614,0.5327102803738317,open,,,2026-09-07T00:14:47Z,,,,,v3-forward-measurement
31e14c87-f0b7-45a9-a342-687fa4c75c81,6155a190-c235-4667-8def-97b19f7d9c65,2026-09-07T00:14:47Z,FanDuel Sportsbook structured market feed,,VA,NFL,35607262,New England Patriots @ Seattle Seahawks,2026-09-10T00:15:00.000Z,FanDuel,751.182711374,receiving_yards,Demario Douglas - Receiving Yds,,Demario Douglas,41072008,under,18.5,-114,1.87719298245614,0.5327102803738317,open,,,2026-09-07T00:14:47Z,,,,,v3-forward-measurement
31e14c87-f0b7-45a9-a342-687fa4c75c81,c3a381ac-84e1-47ef-b752-aed9138cee92,2026-09-07T00:14:47Z,FanDuel Sportsbook structured market feed,,VA,NFL,35607262,New England Patriots @ Seattle Seahawks,2026-09-10T00:15:00.000Z,FanDuel,751.182711375,receptions,Hunter Henry - Total Receptions,,Hunter Henry,11851338,over,3.5,134,2.34,0.42735042735042733,open,,,2026-09-07T00:14:47Z,,,,,v3-forward-measurement
31e14c87-f0b7-45a9-a342-687fa4c75c81,88f77c9d-f1fb-4ee1-8177-84b7e040e0bd,2026-09-07T00:14:47Z,FanDuel Sportsbook structured market feed,,VA,NFL,35607262,New England Patriots @ Seattle Seahawks,2026-09-10T00:15:00.000Z,FanDuel,751.182711375,receptions,Hunter Henry - Total Receptions,,Hunter Henry,11851337,under,3.5,-180,1.555555555555556,0.6428571428571429,open,,,2026-09-07T00:14:47Z,,,,,v3-forward-measurement
31e14c87-f0b7-45a9-a342-687fa4c75c81,ae3c59a6-e7b1-4a2f-b122-94b3e564a981,2026-09-07T00:14:47Z,FanDuel Sportsbook structured market feed,,VA,NFL,35607262,New England Patriots @ Seattle Seahawks,2026-09-10T00:15:00.000Z,FanDuel,751.181981815,receiving_yards,Jaxon Smith-Njigba - Receiving Yds,,Jaxon Smith-Njigba,41158865,over,82.5,-114,1.87719298245614,0.5327102803738317,open,,,2026-09-07T00:14:47Z,,,,,v3-forward-measurement
31e14c87-f0b7-45a9-a342-687fa4c75c81,3dc750e7-5851-4807-b5df-47ce051c8ba8,2026-09-07T00:14:47Z,FanDuel Sportsbook structured market feed,,VA,NFL,35607262,New England Patriots @ Seattle Seahawks,2026-09-10T00:15:00.000Z,FanDuel,751.181981815,receiving_yards,Jaxon Smith-Njigba - Receiving Yds,,Jaxon Smith-Njigba,41158864,under,82.5,-114,1.87719298245614,0.5327102803738317,open,,,2026-09-07T00:14:47Z,,,,,v3-forward-measurement
31e14c87-f0b7-45a9-a342-687fa4c75c81,eab5bc21-59e8-45a6-89fb-adab534312c8,2026-09-07T00:14:47Z,FanDuel Sportsbook structured market feed,,VA,NFL,35607262,New England Patriots @ Seattle Seahawks,2026-09-10T00:15:00.000Z,FanDuel,751.181983000,receptions,Rashid Shaheed - Total Receptions,,Rashid Shaheed,49450855,over,2.5,-108,1.925925925925926,0.5192307692307693,open,,,2026-09-07T00:14:47Z,,,,,v3-forward-measurement
31e14c87-f0b7-45a9-a342-687fa4c75c81,8f01c305-7a10-4d9c-a8cf-be973fe7dc07,2026-09-07T00:14:47Z,FanDuel Sportsbook structured market feed,,VA,NFL,35607262,New England Patriots @ Seattle Seahawks,2026-09-10T00:15:00.000Z,FanDuel,751.181983000,receptions,Rashid Shaheed - Total Receptions,,Rashid Shaheed,49450856,under,2.5,-122,1.819672131147541,0.5495495495495496,open,,,2026-09-07T00:14:47Z,,,,,v3-forward-measurement
31e14c87-f0b7-45a9-a342-687fa4c75c81,de84e18b-77f3-4651-8dcf-0a44058c7082,2026-09-07T00:14:47Z,FanDuel Sportsbook structured market feed,,VA,NFL,35607262,New England Patriots @ Seattle Seahawks,2026-09-10T00:15:00.000Z,FanDuel,751.183848458,receiving_yards,Rhamondre Stevenson - Receiving Yds,,Rhamondre Stevenson,40916587,over,23.5,-114,1.87719298245614,0.5327102803738317,open,,,2026-09-07T00:14:47Z,,,,,v3-forward-measurement
31e14c87-f0b7-45a9-a342-687fa4c75c81,5d5cdd7b-27b1-4953-88e0-458b0b7987be,2026-09-07T00:14:47Z,FanDuel Sportsbook structured market feed,,VA,NFL,35607262,New England Patriots @ Seattle Seahawks,2026-09-10T00:15:00.000Z,FanDuel,751.183848458,receiving_yards,Rhamondre Stevenson - Receiving Yds,,Rhamondre Stevenson,40916584,under,23.5,-114,1.87719298245614,0.5327102803738317,open,,,2026-09-07T00:14:47Z,,,,,v3-forward-measurement
31e14c87-f0b7-45a9-a342-687fa4c75c81,b669fb77-ba8d-4f0f-aeaf-e9cee236f968,2026-09-07T00:14:47Z,FanDuel Sportsbook structured market feed,,VA,NFL,35607262,New England Patriots @ Seattle Seahawks,2026-09-10T00:15:00.000Z,FanDuel,751.181985303,receiving_yards,AJ Barner - Receiving Yds,,AJ Barner,48063414,over,24.5,-114,1.87719298245614,0.5327102803738317,open,,,2026-09-07T00:14:47Z,,,,,v3-forward-measurement
31e14c87-f0b7-45a9-a342-687fa4c75c81,d7f2deaf-4eb2-42f1-9d96-5c23baae52e9,2026-09-07T00:14:47Z,FanDuel Sportsbook structured market feed,,VA,NFL,35607262,New England Patriots @ Seattle Seahawks,2026-09-10T00:15:00.000Z,FanDuel,751.181985303,receiving_yards,AJ Barner - Receiving Yds,,AJ Barner,48063412,under,24.5,-114,1.87719298245614,0.5327102803738317,open,,,2026-09-07T00:14:47Z,,,,,v3-forward-measurement
31e14c87-f0b7-45a9-a342-687fa4c75c81,f4866a26-8341-4e61-a4ba-e567632c82df,2026-09-07T00:14:47Z,FanDuel Sportsbook structured market feed,,VA,NFL,35607262,New England Patriots @ Seattle Seahawks,2026-09-10T00:15:00.000Z,FanDuel,751.184817447,receptions,Jadarian Price - Total Receptions,,Jadarian Price,101883640,over,1.5,112,2.12,0.4716981132075472,open,,,2026-09-07T00:14:47Z,,,,,v3-forward-measurement
31e14c87-f0b7-45a9-a342-687fa4c75c81,bf954943-aa00-42bf-985b-5cf6f4217b89,2026-09-07T00:14:47Z,FanDuel Sportsbook structured market feed,,VA,NFL,35607262,New England Patriots @ Seattle Seahawks,2026-09-10T00:15:00.000Z,FanDuel,751.184817447,receptions,Jadarian Price - Total Receptions,,Jadarian Price,101883641,under,1.5,-148,1.675675675675676,0.5967741935483871,open,,,2026-09-07T00:14:47Z,,,,,v3-forward-measurement
31e14c87-f0b7-45a9-a342-687fa4c75c81,b11beab3-c358-48d6-b0d6-8c2de5183187,2026-09-07T00:14:47Z,FanDuel Sportsbook structured market feed,,VA,NFL,35607262,New England Patriots @ Seattle Seahawks,2026-09-10T00:15:00.000Z,FanDuel,751.181982234,receiving_yards,Romeo Doubs - Receiving Yds,,Romeo Doubs,42169650,over,36.5,-114,1.87719298245614,0.5327102803738317,open,,,2026-09-07T00:14:47Z,,,,,v3-forward-measurement
31e14c87-f0b7-45a9-a342-687fa4c75c81,1c2d1780-41d8-4a3c-b945-ed0050aba886,2026-09-07T00:14:47Z,FanDuel Sportsbook structured market feed,,VA,NFL,35607262,New England Patriots @ Seattle Seahawks,2026-09-10T00:15:00.000Z,FanDuel,751.181982234,receiving_yards,Romeo Doubs - Receiving Yds,,Romeo Doubs,42169657,under,36.5,-114,1.87719298245614,0.5327102803738317,open,,,2026-09-07T00:14:47Z,,,,,v3-forward-measurement
31e14c87-f0b7-45a9-a342-687fa4c75c81,8611660a-3fea-4ed9-9f78-2360bd37c1bf,2026-09-07T00:14:47Z,FanDuel Sportsbook structured market feed,,VA,NFL,35607262,New England Patriots @ Seattle Seahawks,2026-09-10T00:15:00.000Z,FanDuel,751.184817448,receiving_yards,Jadarian Price - Receiving Yds,,Jadarian Price,101883640,over,8.5,-114,1.87719298245614,0.5327102803738317,open,,,2026-09-07T00:14:47Z,,,,,v3-forward-measurement
31e14c87-f0b7-45a9-a342-687fa4c75c81,62a431cc-cab8-4802-9dd6-c57803646a44,2026-09-07T00:14:47Z,FanDuel Sportsbook structured market feed,,VA,NFL,35607262,New England Patriots @ Seattle Seahawks,2026-09-10T00:15:00.000Z,FanDuel,751.184817448,receiving_yards,Jadarian Price - Receiving Yds,,Jadarian Price,101883641,under,8.5,-114,1.87719298245614,0.5327102803738317,open,,,2026-09-07T00:14:47Z,,,,,v3-forward-measurement
31e14c87-f0b7-45a9-a342-687fa4c75c81,5e7257b7-1ebc-429f-86aa-b20f5636bdf5,2026-09-07T00:14:47Z,FanDuel Sportsbook structured market feed,,VA,NFL,35607262,New England Patriots @ Seattle Seahawks,2026-09-10T00:15:00.000Z,FanDuel,751.181983001,receiving_yards,Rashid Shaheed - Receiving Yds,,Rashid Shaheed,49450855,over,31.5,-114,1.87719298245614,0.5327102803738317,open,,,2026-09-07T00:14:47Z,,,,,v3-forward-measurement
31e14c87-f0b7-45a9-a342-687fa4c75c81,b67831ef-a5de-4d4a-94f0-bab6143c3ddd,2026-09-07T00:14:47Z,FanDuel Sportsbook structured market feed,,VA,NFL,35607262,New England Patriots @ Seattle Seahawks,2026-09-10T00:15:00.000Z,FanDuel,751.181983001,receiving_yards,Rashid Shaheed - Receiving Yds,,Rashid Shaheed,49450856,under,31.5,-114,1.87719298245614,0.5327102803738317,open,,,2026-09-07T00:14:47Z,,,,,v3-forward-measurement
31e14c87-f0b7-45a9-a342-687fa4c75c81,615a628c-7429-4d97-99d5-599efaae3eb9,2026-09-07T00:14:47Z,FanDuel Sportsbook structured market feed,,VA,NFL,35607262,New England Patriots @ Seattle Seahawks,2026-09-10T00:15:00.000Z,FanDuel,751.181982239,receptions,Romeo Doubs - Total Receptions,,Romeo Doubs,42169650,over,3.5,116,2.16,0.46296296296296297,open,,,2026-09-07T00:14:47Z,,,,,v3-forward-measurement
31e14c87-f0b7-45a9-a342-687fa4c75c81,81f9a5a1-8382-4b95-adbb-0ef757f5277a,2026-09-07T00:14:47Z,FanDuel Sportsbook structured market feed,,VA,NFL,35607262,New England Patriots @ Seattle Seahawks,2026-09-10T00:15:00.000Z,FanDuel,751.181982239,receptions,Romeo Doubs - Total Receptions,,Romeo Doubs,42169657,under,3.5,-154,1.649350649350649,0.6062992125984252,open,,,2026-09-07T00:14:47Z,,,,,v3-forward-measurement
31e14c87-f0b7-45a9-a342-687fa4c75c81,679c24d1-c056-4fc1-9fad-04ec806d696a,2026-09-07T00:14:47Z,FanDuel Sportsbook structured market feed,,VA,NFL,35607262,New England Patriots @ Seattle Seahawks,2026-09-10T00:15:00.000Z,FanDuel,751.185116369,receiving_yards,George Holani - Receiving Yds,,George Holani,48141225,over,11.5,-114,1.87719298245614,0.5327102803738317,open,,,2026-09-07T00:14:47Z,,,,,v3-forward-measurement
31e14c87-f0b7-45a9-a342-687fa4c75c81,7d2d5084-81a8-4b64-b33d-cb25355c722d,2026-09-07T00:14:47Z,FanDuel Sportsbook structured market feed,,VA,NFL,35607262,New England Patriots @ Seattle Seahawks,2026-09-10T00:15:00.000Z,FanDuel,751.185116369,receiving_yards,George Holani - Receiving Yds,,George Holani,48141223,under,11.5,-114,1.87719298245614,0.5327102803738317,open,,,2026-09-07T00:14:47Z,,,,,v3-forward-measurement
31e14c87-f0b7-45a9-a342-687fa4c75c81,5a175356-c569-4324-a770-a20434e821f4,2026-09-07T00:14:47Z,FanDuel Sportsbook structured market feed,,VA,NFL,35607262,New England Patriots @ Seattle Seahawks,2026-09-10T00:15:00.000Z,FanDuel,751.181982007,receiving_yards,A.J. Brown - Receiving Yds,,A.J. Brown,40913464,over,60.5,-114,1.87719298245614,0.5327102803738317,open,,,2026-09-07T00:14:47Z,,,,,v3-forward-measurement
31e14c87-f0b7-45a9-a342-687fa4c75c81,8485b9dd-d2ee-4491-827b-f270dcb3b01f,2026-09-07T00:14:47Z,FanDuel Sportsbook structured market feed,,VA,NFL,35607262,New England Patriots @ Seattle Seahawks,2026-09-10T00:15:00.000Z,FanDuel,751.181982007,receiving_yards,A.J. Brown - Receiving Yds,,A.J. Brown,40913463,under,60.5,-114,1.87719298245614,0.5327102803738317,open,,,2026-09-07T00:14:47Z,,,,,v3-forward-measurement
31e14c87-f0b7-45a9-a342-687fa4c75c81,6e9a027d-2306-410c-a672-412ec792c333,2026-09-07T00:14:47Z,FanDuel Sportsbook structured market feed,,VA,NFL,35607262,New England Patriots @ Seattle Seahawks,2026-09-10T00:15:00.000Z,FanDuel,751.181982844,receptions,Cooper Kupp - Total Receptions,,Cooper Kupp,14944768,over,2.5,-132,1.757575757575758,0.5689655172413793,open,,,2026-09-07T00:14:47Z,,,,,v3-forward-measurement
31e14c87-f0b7-45a9-a342-687fa4c75c81,1ce85376-7486-429e-a8b8-7bf97e8c1410,2026-09-07T00:14:47Z,FanDuel Sportsbook structured market feed,,VA,NFL,35607262,New England Patriots @ Seattle Seahawks,2026-09-10T00:15:00.000Z,FanDuel,751.181982844,receptions,Cooper Kupp - Total Receptions,,Cooper Kupp,14944769,under,2.5,100,2,0.5,open,,,2026-09-07T00:14:47Z,,,,,v3-forward-measurement
31e14c87-f0b7-45a9-a342-687fa4c75c81,9ca40d56-5470-4f19-b0c0-bd3bf74ac433,2026-09-07T00:14:47Z,FanDuel Sportsbook structured market feed,,VA,NFL,35607262,New England Patriots @ Seattle Seahawks,2026-09-10T00:15:00.000Z,FanDuel,751.181982849,receiving_yards,Cooper Kupp - Receiving Yds,,Cooper Kupp,14944768,over,30.5,-114,1.87719298245614,0.5327102803738317,open,,,2026-09-07T00:14:47Z,,,,,v3-forward-measurement
31e14c87-f0b7-45a9-a342-687fa4c75c81,891ababb-d9f3-4293-96e3-39d461faf73d,2026-09-07T00:14:47Z,FanDuel Sportsbook structured market feed,,VA,NFL,35607262,New England Patriots @ Seattle Seahawks,2026-09-10T00:15:00.000Z,FanDuel,751.181982849,receiving_yards,Cooper Kupp - Receiving Yds,,Cooper Kupp,14944769,under,30.5,-114,1.87719298245614,0.5327102803738317,open,,,2026-09-07T00:14:47Z,,,,,v3-forward-measurement
ed57e9be-de05-46e7-ba76-4afd3ffbb3ab,cb8c68f4-2d84-4972-9ce5-ea8d1e8b4346,2026-09-07T00:14:47Z,FanDuel Sportsbook structured market feed,,VA,NFL,35607426,Chicago Bears @ Carolina Panthers,2026-09-13T17:01:00.000Z,FanDuel,751.183908485,passing_touchdowns,Bryce Young - Passing TDs,,Bryce Young,41172024,over,1.5,114,2.14,0.4672897196261682,open,,,2026-09-07T00:14:47Z,,,,,v3-forward-measurement
ed57e9be-de05-46e7-ba76-4afd3ffbb3ab,1e22e72e-4a83-42f3-870c-6b9d92e3a200,2026-09-07T00:14:47Z,FanDuel Sportsbook structured market feed,,VA,NFL,35607426,Chicago Bears @ Carolina Panthers,2026-09-13T17:01:00.000Z,FanDuel,751.183908485,passing_touchdowns,Bryce Young - Passing TDs,,Bryce Young,41172023,under,1.5,-152,1.657894736842105,0.6031746031746031,open,,,2026-09-07T00:14:47Z,,,,,v3-forward-measurement
ed57e9be-de05-46e7-ba76-4afd3ffbb3ab,90785501-c94f-4551-8513-07c23291dd22,2026-09-07T00:14:47Z,FanDuel Sportsbook structured market feed,,VA,NFL,35607426,Chicago Bears @ Carolina Panthers,2026-09-13T17:01:00.000Z,FanDuel,751.183908396,passing_yards,Bryce Young - Passing Yds,,Bryce Young,41172024,over,208.5,-114,1.87719298245614,0.5327102803738317,open,,,2026-09-07T00:14:47Z,,,,,v3-forward-measurement
ed57e9be-de05-46e7-ba76-4afd3ffbb3ab,7037a871-5595-45df-a49e-c25445efbd90,2026-09-07T00:14:47Z,FanDuel Sportsbook structured market feed,,VA,NFL,35607426,Chicago Bears @ Carolina Panthers,2026-09-13T17:01:00.000Z,FanDuel,751.183908396,passing_yards,Bryce Young - Passing Yds,,Bryce Young,41172023,under,208.5,-114,1.87719298245614,0.5327102803738317,open,,,2026-09-07T00:14:47Z,,,,,v3-forward-measurement
ed57e9be-de05-46e7-ba76-4afd3ffbb3ab,280f2695-4e0e-406f-a60c-36fa61c34412,2026-09-07T00:14:47Z,FanDuel Sportsbook structured market feed,,VA,NFL,35607426,Chicago Bears @ Carolina Panthers,2026-09-13T17:01:00.000Z,FanDuel,751.183908512,passing_yards,Caleb Williams - Passing Yds,,Caleb Williams,41519457,over,226.5,-114,1.87719298245614,0.5327102803738317,open,,,2026-09-07T00:14:47Z,,,,,v3-forward-measurement
ed57e9be-de05-46e7-ba76-4afd3ffbb3ab,912c7760-4b26-46d8-a5dc-418072756691,2026-09-07T00:14:47Z,FanDuel Sportsbook structured market feed,,VA,NFL,35607426,Chicago Bears @ Carolina Panthers,2026-09-13T17:01:00.000Z,FanDuel,751.183908512,passing_yards,Caleb Williams - Passing Yds,,Caleb Williams,41519458,under,226.5,-114,1.87719298245614,0.5327102803738317,open,,,2026-09-07T00:14:47Z,,,,,v3-forward-measurement
ed57e9be-de05-46e7-ba76-4afd3ffbb3ab,8a780709-4bc5-4f85-82fa-7db562af1f42,2026-09-07T00:14:47Z,FanDuel Sportsbook structured market feed,,VA,NFL,35607426,Chicago Bears @ Carolina Panthers,2026-09-13T17:01:00.000Z,FanDuel,751.183908472,passing_touchdowns,Caleb Williams - Passing TDs,,Caleb Williams,41519457,over,1.5,-106,1.943396226415094,0.5145631067961165,open,,,2026-09-07T00:14:47Z,,,,,v3-forward-measurement
ed57e9be-de05-46e7-ba76-4afd3ffbb3ab,4e8ba9b2-89e4-4ff6-8230-1092fe8a918a,2026-09-07T00:14:47Z,FanDuel Sportsbook structured market feed,,VA,NFL,35607426,Chicago Bears @ Carolina Panthers,2026-09-13T17:01:00.000Z,FanDuel,751.183908472,passing_touchdowns,Caleb Williams - Passing TDs,,Caleb Williams,41519458,under,1.5,-125,1.8,0.5555555555555556,open,,,2026-09-07T00:14:47Z,,,,,v3-forward-measurement
09844c1e-a1b8-4e77-bf1b-452414aaf8a6,d8e09d1a-afc4-4d5d-acce-6080bb2e9773,2026-09-07T00:14:47Z,FanDuel Sportsbook structured market feed,,VA,NFL,35607426,Chicago Bears @ Carolina Panthers,2026-09-13T17:01:00.000Z,FanDuel,751.183913513,rushing_yards,Bryce Young - Rushing Yds,,Bryce Young,41172024,over,13.5,-114,1.87719298245614,0.5327102803738317,open,,,2026-09-07T00:14:47Z,,,,,v3-forward-measurement
09844c1e-a1b8-4e77-bf1b-452414aaf8a6,17093006-9618-4d06-a8dd-2bb01bed9fcf,2026-09-07T00:14:47Z,FanDuel Sportsbook structured market feed,,VA,NFL,35607426,Chicago Bears @ Carolina Panthers,2026-09-13T17:01:00.000Z,FanDuel,751.183913513,rushing_yards,Bryce Young - Rushing Yds,,Bryce Young,41172023,under,13.5,-114,1.87719298245614,0.5327102803738317,open,,,2026-09-07T00:14:47Z,,,,,v3-forward-measurement
09844c1e-a1b8-4e77-bf1b-452414aaf8a6,57a56965-d4b6-4a4b-9bc9-04ab1ac580dd,2026-09-07T00:14:47Z,FanDuel Sportsbook structured market feed,,VA,NFL,35607426,Chicago Bears @ Carolina Panthers,2026-09-13T17:01:00.000Z,FanDuel,751.183913516,rushing_yards,Caleb Williams - Rushing Yds,,Caleb Williams,41519457,over,19.5,-114,1.87719298245614,0.5327102803738317,open,,,2026-09-07T00:14:47Z,,,,,v3-forward-measurement
09844c1e-a1b8-4e77-bf1b-452414aaf8a6,a813b704-70da-4040-87e5-21f3b72ac17f,2026-09-07T00:14:47Z,FanDuel Sportsbook structured market feed,,VA,NFL,35607426,Chicago Bears @ Carolina Panthers,2026-09-13T17:01:00.000Z,FanDuel,751.183913516,rushing_yards,Caleb Williams - Rushing Yds,,Caleb Williams,41519458,under,19.5,-114,1.87719298245614,0.5327102803738317,open,,,2026-09-07T00:14:47Z,,,,,v3-forward-measurement
2c51d06a-c482-4599-a28c-3cb552e644db,30384c96-e2b6-4c01-ab37-df5641a330bd,2026-09-07T00:14:47Z,FanDuel Sportsbook structured market feed,,VA,NFL,35607426,Chicago Bears @ Carolina Panthers,2026-09-13T17:01:00.000Z,FanDuel,751.184982586,receptions,Xavier Legette - Total Receptions,,Xavier Legette,59996927,over,1.5,-225,1.444444444444444,0.6923076923076923,open,,,2026-09-07T00:14:47Z,,,,,v3-forward-measurement
2c51d06a-c482-4599-a28c-3cb552e644db,0a79b6ad-77c0-43d1-9dcd-75a6303e2e44,2026-09-07T00:14:47Z,FanDuel Sportsbook structured market feed,,VA,NFL,35607426,Chicago Bears @ Carolina Panthers,2026-09-13T17:01:00.000Z,FanDuel,751.184982586,receptions,Xavier Legette - Total Receptions,,Xavier Legette,59996922,under,1.5,164,2.64,0.3787878787878788,open,,,2026-09-07T00:14:47Z,,,,,v3-forward-measurement
2c51d06a-c482-4599-a28c-3cb552e644db,31bf116c-3014-4b63-815d-7ee0c171fb62,2026-09-07T00:14:47Z,FanDuel Sportsbook structured market feed,,VA,NFL,35607426,Chicago Bears @ Carolina Panthers,2026-09-13T17:01:00.000Z,FanDuel,751.183908446,receiving_yards,Tetairoa McMillan - Receiving Yds,,Tetairoa McMillan,50551859,over,58.5,-114,1.87719298245614,0.5327102803738317,open,,,2026-09-07T00:14:47Z,,,,,v3-forward-measurement
2c51d06a-c482-4599-a28c-3cb552e644db,d9e2fd2c-fca0-452d-8bfb-16cc121e5d7f,2026-09-07T00:14:47Z,FanDuel Sportsbook structured market feed,,VA,NFL,35607426,Chicago Bears @ Carolina Panthers,2026-09-13T17:01:00.000Z,FanDuel,751.183908446,receiving_yards,Tetairoa McMillan - Receiving Yds,,Tetairoa McMillan,50551858,under,58.5,-114,1.87719298245614,0.5327102803738317,open,,,2026-09-07T00:14:47Z,,,,,v3-forward-measurement
2c51d06a-c482-4599-a28c-3cb552e644db,8415f102-aa71-4ed1-ac47-42e09b742a37,2026-09-07T00:14:47Z,FanDuel Sportsbook structured market feed,,VA,NFL,35607426,Chicago Bears @ Carolina Panthers,2026-09-13T17:01:00.000Z,FanDuel,751.183908449,receptions,Luther Burden III - Total Receptions,,Luther Burden III,48308845,over,4.5,-138,1.72463768115942,0.5798319327731093,open,,,2026-09-07T00:14:47Z,,,,,v3-forward-measurement
2c51d06a-c482-4599-a28c-3cb552e644db,2516da93-bcd2-46e9-bcc1-947a8ea5f5c9,2026-09-07T00:14:47Z,FanDuel Sportsbook structured market feed,,VA,NFL,35607426,Chicago Bears @ Carolina Panthers,2026-09-13T17:01:00.000Z,FanDuel,751.183908449,receptions,Luther Burden III - Total Receptions,,Luther Burden III,48308850,under,4.5,104,2.04,0.49019607843137253,open,,,2026-09-07T00:14:47Z,,,,,v3-forward-measurement
2c51d06a-c482-4599-a28c-3cb552e644db,d0caed31-36c8-4d1f-a282-e983a906c3ee,2026-09-07T00:14:47Z,FanDuel Sportsbook structured market feed,,VA,NFL,35607426,Chicago Bears @ Carolina Panthers,2026-09-13T17:01:00.000Z,FanDuel,751.183908427,receptions,Tetairoa McMillan - Total Receptions,,Tetairoa McMillan,50551859,over,4.5,-114,1.87719298245614,0.5327102803738317,open,,,2026-09-07T00:14:47Z,,,,,v3-forward-measurement
2c51d06a-c482-4599-a28c-3cb552e644db,695a7d72-cb5a-4fc1-a210-331ad0725287,2026-09-07T00:14:47Z,FanDuel Sportsbook structured market feed,,VA,NFL,35607426,Chicago Bears @ Carolina Panthers,2026-09-13T17:01:00.000Z,FanDuel,751.183908427,receptions,Tetairoa McMillan - Total Receptions,,Tetairoa McMillan,50551858,under,4.5,-114,1.87719298245614,0.5327102803738317,open,,,2026-09-07T00:14:47Z,,,,,v3-forward-measurement
2c51d06a-c482-4599-a28c-3cb552e644db,eacfd6c8-6ebf-41e8-9667-eec75c327838,2026-09-07T00:14:47Z,FanDuel Sportsbook structured market feed,,VA,NFL,35607426,Chicago Bears @ Carolina Panthers,2026-09-13T17:01:00.000Z,FanDuel,751.183908429,receiving_yards,Rome Odunze - Receiving Yds,,Rome Odunze,41522673,over,45.5,-114,1.87719298245614,0.5327102803738317,open,,,2026-09-07T00:14:47Z,,,,,v3-forward-measurement
2c51d06a-c482-4599-a28c-3cb552e644db,a0549f3a-b275-41f6-8052-c3b22e3ff1f6,2026-09-07T00:14:47Z,FanDuel Sportsbook structured market feed,,VA,NFL,35607426,Chicago Bears @ Carolina Panthers,2026-09-13T17:01:00.000Z,FanDuel,751.183908429,receiving_yards,Rome Odunze - Receiving Yds,,Rome Odunze,41522672,under,45.5,-114,1.87719298245614,0.5327102803738317,open,,,2026-09-07T00:14:47Z,,,,,v3-forward-measurement
2c51d06a-c482-4599-a28c-3cb552e644db,ee55f98d-5c27-4f7f-92ed-c4b306492a5a,2026-09-07T00:14:47Z,FanDuel Sportsbook structured market feed,,VA,NFL,35607426,Chicago Bears @ Carolina Panthers,2026-09-13T17:01:00.000Z,FanDuel,751.183908505,receptions,Rome Odunze - Total Receptions,,Rome Odunze,41522673,over,3.5,102,2.02,0.49504950495049505,open,,,2026-09-07T00:14:47Z,,,,,v3-forward-measurement
2c51d06a-c482-4599-a28c-3cb552e644db,fe0ae8e6-a4aa-48e5-bbf6-01af1c9b8b00,2026-09-07T00:14:47Z,FanDuel Sportsbook structured market feed,,VA,NFL,35607426,Chicago Bears @ Carolina Panthers,2026-09-13T17:01:00.000Z,FanDuel,751.183908505,receptions,Rome Odunze - Total Receptions,,Rome Odunze,41522672,under,3.5,-136,1.735294117647059,0.576271186440678,open,,,2026-09-07T00:14:47Z,,,,,v3-forward-measurement
2c51d06a-c482-4599-a28c-3cb552e644db,7105df75-b412-4e2c-98bf-307cc45fcb58,2026-09-07T00:14:47Z,FanDuel Sportsbook structured market feed,,VA,NFL,35607426,Chicago Bears @ Carolina Panthers,2026-09-13T17:01:00.000Z,FanDuel,751.183908508,receiving_yards,Luther Burden III - Receiving Yds,,Luther Burden III,48308845,over,55.5,-114,1.87719298245614,0.5327102803738317,open,,,2026-09-07T00:14:47Z,,,,,v3-forward-measurement
2c51d06a-c482-4599-a28c-3cb552e644db,c523420b-609d-4ebe-bad9-559a7ba9e6f0,2026-09-07T00:14:47Z,FanDuel Sportsbook structured market feed,,VA,NFL,35607426,Chicago Bears @ Carolina Panthers,2026-09-13T17:01:00.000Z,FanDuel,751.183908508,receiving_yards,Luther Burden III - Receiving Yds,,Luther Burden III,48308850,under,55.5,-114,1.87719298245614,0.5327102803738317,open,,,2026-09-07T00:14:47Z,,,,,v3-forward-measurement
2c51d06a-c482-4599-a28c-3cb552e644db,17d9c988-0934-4cab-97e1-a8792a3f9584,2026-09-07T00:14:47Z,FanDuel Sportsbook structured market feed,,VA,NFL,35607426,Chicago Bears @ Carolina Panthers,2026-09-13T17:01:00.000Z,FanDuel,751.183908529,receiving_yards,Colston Loveland - Receiving Yds,,Colston Loveland,60018716,over,50.5,-114,1.87719298245614,0.5327102803738317,open,,,2026-09-07T00:14:47Z,,,,,v3-forward-measurement
2c51d06a-c482-4599-a28c-3cb552e644db,3aaf0d88-42e7-4637-b4ab-dd8b2dca9392,2026-09-07T00:14:47Z,FanDuel Sportsbook structured market feed,,VA,NFL,35607426,Chicago Bears @ Carolina Panthers,2026-09-13T17:01:00.000Z,FanDuel,751.183908529,receiving_yards,Colston Loveland - Receiving Yds,,Colston Loveland,60018717,under,50.5,-114,1.87719298245614,0.5327102803738317,open,,,2026-09-07T00:14:47Z,,,,,v3-forward-measurement
2c51d06a-c482-4599-a28c-3cb552e644db,4c8e564d-4c6f-4c49-9092-e1247acd5ff2,2026-09-07T00:14:47Z,FanDuel Sportsbook structured market feed,,VA,NFL,35607426,Chicago Bears @ Carolina Panthers,2026-09-13T17:01:00.000Z,FanDuel,751.184982580,receiving_yards,Xavier Legette - Receiving Yds,,Xavier Legette,59996927,over,18.5,-114,1.87719298245614,0.5327102803738317,open,,,2026-09-07T00:14:47Z,,,,,v3-forward-measurement
2c51d06a-c482-4599-a28c-3cb552e644db,ba470d0d-bf42-432b-815d-dbdff60fb4f4,2026-09-07T00:14:47Z,FanDuel Sportsbook structured market feed,,VA,NFL,35607426,Chicago Bears @ Carolina Panthers,2026-09-13T17:01:00.000Z,FanDuel,751.184982580,receiving_yards,Xavier Legette - Receiving Yds,,Xavier Legette,59996922,under,18.5,-114,1.87719298245614,0.5327102803738317,open,,,2026-09-07T00:14:47Z,,,,,v3-forward-measurement
2c51d06a-c482-4599-a28c-3cb552e644db,968ffeab-442f-4aa1-b04e-240b387caef9,2026-09-07T00:14:47Z,FanDuel Sportsbook structured market feed,,VA,NFL,35607426,Chicago Bears @ Carolina Panthers,2026-09-13T17:01:00.000Z,FanDuel,751.184547997,receiving_yards,Cole Kmet - Receiving Yds,,Cole Kmet,37493030,over,14.5,-114,1.87719298245614,0.5327102803738317,open,,,2026-09-07T00:14:47Z,,,,,v3-forward-measurement
2c51d06a-c482-4599-a28c-3cb552e644db,6d300432-b543-4cfd-be5c-54c459159d29,2026-09-07T00:14:47Z,FanDuel Sportsbook structured market feed,,VA,NFL,35607426,Chicago Bears @ Carolina Panthers,2026-09-13T17:01:00.000Z,FanDuel,751.184547997,receiving_yards,Cole Kmet - Receiving Yds,,Cole Kmet,37493029,under,14.5,-114,1.87719298245614,0.5327102803738317,open,,,2026-09-07T00:14:47Z,,,,,v3-forward-measurement
2c51d06a-c482-4599-a28c-3cb552e644db,05468aae-36b8-4ca2-839f-f4f1f6aa9254,2026-09-07T00:14:47Z,FanDuel Sportsbook structured market feed,,VA,NFL,35607426,Chicago Bears @ Carolina Panthers,2026-09-13T17:01:00.000Z,FanDuel,751.184547999,receptions,Cole Kmet - Total Receptions,,Cole Kmet,37493030,over,1.5,-138,1.72463768115942,0.5798319327731093,open,,,2026-09-07T00:14:47Z,,,,,v3-forward-measurement
2c51d06a-c482-4599-a28c-3cb552e644db,f039fe0e-8954-4535-aed4-2a8e8c1e6112,2026-09-07T00:14:47Z,FanDuel Sportsbook structured market feed,,VA,NFL,35607426,Chicago Bears @ Carolina Panthers,2026-09-13T17:01:00.000Z,FanDuel,751.184547999,receptions,Cole Kmet - Total Receptions,,Cole Kmet,37493029,under,1.5,104,2.04,0.49019607843137253,open,,,2026-09-07T00:14:47Z,,,,,v3-forward-measurement
2c51d06a-c482-4599-a28c-3cb552e644db,734c43d8-5f30-4056-84b5-db891bf3ba3c,2026-09-07T00:14:47Z,FanDuel Sportsbook structured market feed,,VA,NFL,35607426,Chicago Bears @ Carolina Panthers,2026-09-13T17:01:00.000Z,FanDuel,751.183908457,receptions,Colston Loveland - Total Receptions,,Colston Loveland,60018716,over,4.5,-108,1.925925925925926,0.5192307692307693,open,,,2026-09-07T00:14:47Z,,,,,v3-forward-measurement
2c51d06a-c482-4599-a28c-3cb552e644db,5f3abc62-b081-4625-8d60-2438c6aac903,2026-09-07T00:14:47Z,FanDuel Sportsbook structured market feed,,VA,NFL,35607426,Chicago Bears @ Carolina Panthers,2026-09-13T17:01:00.000Z,FanDuel,751.183908457,receptions,Colston Loveland - Total Receptions,,Colston Loveland,60018717,under,4.5,-122,1.819672131147541,0.5495495495495496,open,,,2026-09-07T00:14:47Z,,,,,v3-forward-measurement
2c51d06a-c482-4599-a28c-3cb552e644db,dd00375a-9e56-4928-a830-86ed853929c6,2026-09-07T00:14:47Z,FanDuel Sportsbook structured market feed,,VA,NFL,35607426,Chicago Bears @ Carolina Panthers,2026-09-13T17:01:00.000Z,FanDuel,751.184547205,receiving_yards,Jalen Coker - Receiving Yds,,Jalen Coker,74451302,over,39.5,-114,1.87719298245614,0.5327102803738317,open,,,2026-09-07T00:14:47Z,,,,,v3-forward-measurement
2c51d06a-c482-4599-a28c-3cb552e644db,78386044-c771-4237-8c69-1291e82371bd,2026-09-07T00:14:47Z,FanDuel Sportsbook structured market feed,,VA,NFL,35607426,Chicago Bears @ Carolina Panthers,2026-09-13T17:01:00.000Z,FanDuel,751.184547205,receiving_yards,Jalen Coker - Receiving Yds,,Jalen Coker,74451301,under,39.5,-114,1.87719298245614,0.5327102803738317,open,,,2026-09-07T00:14:47Z,,,,,v3-forward-measurement
2c51d06a-c482-4599-a28c-3cb552e644db,2bbac034-a8dc-4a9e-aec0-a269d8531dfe,2026-09-07T00:14:47Z,FanDuel Sportsbook structured market feed,,VA,NFL,35607426,Chicago Bears @ Carolina Panthers,2026-09-13T17:01:00.000Z,FanDuel,751.184547206,receptions,Jalen Coker - Total Receptions,,Jalen Coker,74451302,over,3.5,-128,1.78125,0.5614035087719298,open,,,2026-09-07T00:14:47Z,,,,,v3-forward-measurement
2c51d06a-c482-4599-a28c-3cb552e644db,798ea812-d2d4-4c81-ad69-febc171aca5b,2026-09-07T00:14:47Z,FanDuel Sportsbook structured market feed,,VA,NFL,35607426,Chicago Bears @ Carolina Panthers,2026-09-13T17:01:00.000Z,FanDuel,751.184547206,receptions,Jalen Coker - Total Receptions,,Jalen Coker,74451301,under,3.5,-104,1.961538461538462,0.5098039215686274,open,,,2026-09-07T00:14:47Z,,,,,v3-forward-measurement
0de89404-7d16-40b1-8b0b-b4811b3b0d4b,32d05813-ba47-4e25-9f60-386f67327905,2026-09-07T00:14:47Z,FanDuel Sportsbook structured market feed,,VA,NFL,35609018,Miami Dolphins @ Las Vegas Raiders,2026-09-13T20:26:00.000Z,FanDuel,751.184001832,passing_yards,Kirk Cousins - Passing Yds,,Kirk Cousins,11889829,over,215.5,-114,1.87719298245614,0.5327102803738317,open,,,2026-09-07T00:14:47Z,,,,,v3-forward-measurement
0de89404-7d16-40b1-8b0b-b4811b3b0d4b,67cf898a-a485-468e-84b2-821513e3ef64,2026-09-07T00:14:47Z,FanDuel Sportsbook structured market feed,,VA,NFL,35609018,Miami Dolphins @ Las Vegas Raiders,2026-09-13T20:26:00.000Z,FanDuel,751.184001832,passing_yards,Kirk Cousins - Passing Yds,,Kirk Cousins,11889830,under,215.5,-114,1.87719298245614,0.5327102803738317,open,,,2026-09-07T00:14:47Z,,,,,v3-forward-measurement
0de89404-7d16-40b1-8b0b-b4811b3b0d4b,8612b347-fbec-47f4-9b9d-9bd270cfb7dd,2026-09-07T00:14:47Z,FanDuel Sportsbook structured market feed,,VA,NFL,35609018,Miami Dolphins @ Las Vegas Raiders,2026-09-13T20:26:00.000Z,FanDuel,751.184001788,passing_touchdowns,Malik Willis - Passing TDs,,Malik Willis,41071999,over,0.5,-225,1.444444444444444,0.6923076923076923,open,,,2026-09-07T00:14:47Z,,,,,v3-forward-measurement
0de89404-7d16-40b1-8b0b-b4811b3b0d4b,51cae67f-42bc-4685-83fa-112c06ef84f4,2026-09-07T00:14:47Z,FanDuel Sportsbook structured market feed,,VA,NFL,35609018,Miami Dolphins @ Las Vegas Raiders,2026-09-13T20:26:00.000Z,FanDuel,751.184001788,passing_touchdowns,Malik Willis - Passing TDs,,Malik Willis,41072001,under,0.5,162,2.62,0.3816793893129771,open,,,2026-09-07T00:14:47Z,,,,,v3-forward-measurement
0de89404-7d16-40b1-8b0b-b4811b3b0d4b,ad20e522-6ccd-4f01-8545-082dde72d67d,2026-09-07T00:14:47Z,FanDuel Sportsbook structured market feed,,VA,NFL,35609018,Miami Dolphins @ Las Vegas Raiders,2026-09-13T20:26:00.000Z,FanDuel,751.184001812,passing_yards,Malik Willis - Passing Yds,,Malik Willis,41071999,over,184.5,-114,1.87719298245614,0.5327102803738317,open,,,2026-09-07T00:14:47Z,,,,,v3-forward-measurement
0de89404-7d16-40b1-8b0b-b4811b3b0d4b,89b56720-788d-4751-abab-a0bb7a823031,2026-09-07T00:14:47Z,FanDuel Sportsbook structured market feed,,VA,NFL,35609018,Miami Dolphins @ Las Vegas Raiders,2026-09-13T20:26:00.000Z,FanDuel,751.184001812,passing_yards,Malik Willis - Passing Yds,,Malik Willis,41072001,under,184.5,-114,1.87719298245614,0.5327102803738317,open,,,2026-09-07T00:14:47Z,,,,,v3-forward-measurement
0de89404-7d16-40b1-8b0b-b4811b3b0d4b,a961951e-9876-40d1-a34c-91da833c206d,2026-09-07T00:14:47Z,FanDuel Sportsbook structured market feed,,VA,NFL,35609018,Miami Dolphins @ Las Vegas Raiders,2026-09-13T20:26:00.000Z,FanDuel,751.184001798,passing_touchdowns,Kirk Cousins - Passing TDs,,Kirk Cousins,11889829,over,1.5,128,2.28,0.43859649122807015,open,,,2026-09-07T00:14:47Z,,,,,v3-forward-measurement
0de89404-7d16-40b1-8b0b-b4811b3b0d4b,fdfd887d-64e7-4f8b-abc8-9a8599b8e09c,2026-09-07T00:14:47Z,FanDuel Sportsbook structured market feed,,VA,NFL,35609018,Miami Dolphins @ Las Vegas Raiders,2026-09-13T20:26:00.000Z,FanDuel,751.184001798,passing_touchdowns,Kirk Cousins - Passing TDs,,Kirk Cousins,11889830,under,1.5,-172,1.581395348837209,0.6323529411764706,open,,,2026-09-07T00:14:47Z,,,,,v3-forward-measurement
c938dcef-6d5a-4b87-96c6-91699d75ad26,a497dce2-ff25-4370-962f-fb3baaa621da,2026-09-07T00:14:47Z,FanDuel Sportsbook structured market feed,,VA,NFL,35609018,Miami Dolphins @ Las Vegas Raiders,2026-09-13T20:26:00.000Z,FanDuel,751.184002435,rushing_yards,De'Von Achane - Rushing Yds,,De'Von Achane,61166678,over,69.5,-114,1.87719298245614,0.5327102803738317,open,,,2026-09-07T00:14:47Z,,,,,v3-forward-measurement
c938dcef-6d5a-4b87-96c6-91699d75ad26,3dc93fb3-5d6d-4cf5-9773-84d0e8395248,2026-09-07T00:14:47Z,FanDuel Sportsbook structured market feed,,VA,NFL,35609018,Miami Dolphins @ Las Vegas Raiders,2026-09-13T20:26:00.000Z,FanDuel,751.184002435,rushing_yards,De'Von Achane - Rushing Yds,,De'Von Achane,61166679,under,69.5,-114,1.87719298245614,0.5327102803738317,open,,,2026-09-07T00:14:47Z,,,,,v3-forward-measurement
a8ffb4be-3ae7-4b4b-9f5c-9f3d5e9ba369,04685747-388b-464f-8ec3-88f8d1480978,2026-09-07T00:14:47Z,FanDuel Sportsbook structured market feed,,VA,NFL,35609018,Miami Dolphins @ Las Vegas Raiders,2026-09-13T20:26:00.000Z,FanDuel,751.184008124,receptions,De'Von Achane - Total Receptions,,De'Von Achane,61166678,over,4.5,102,2.02,0.49504950495049505,open,,,2026-09-07T00:14:47Z,,,,,v3-forward-measurement
a8ffb4be-3ae7-4b4b-9f5c-9f3d5e9ba369,43c8bca0-f0ee-4c72-a69a-e9520720faf8,2026-09-07T00:14:47Z,FanDuel Sportsbook structured market feed,,VA,NFL,35609018,Miami Dolphins @ Las Vegas Raiders,2026-09-13T20:26:00.000Z,FanDuel,751.184008124,receptions,De'Von Achane - Total Receptions,,De'Von Achane,61166679,under,4.5,-136,1.735294117647059,0.576271186440678,open,,,2026-09-07T00:14:47Z,,,,,v3-forward-measurement
a8ffb4be-3ae7-4b4b-9f5c-9f3d5e9ba369,6d493afe-767f-484b-9a00-8c46c463a84f,2026-09-07T00:14:47Z,FanDuel Sportsbook structured market feed,,VA,NFL,35609018,Miami Dolphins @ Las Vegas Raiders,2026-09-13T20:26:00.000Z,FanDuel,751.184008125,receiving_yards,De'Von Achane - Receiving Yds,,De'Von Achane,61166678,over,29.5,-114,1.87719298245614,0.5327102803738317,open,,,2026-09-07T00:14:47Z,,,,,v3-forward-measurement
a8ffb4be-3ae7-4b4b-9f5c-9f3d5e9ba369,6d47eab2-4c9b-4336-a6ae-899dce2af88a,2026-09-07T00:14:47Z,FanDuel Sportsbook structured market feed,,VA,NFL,35609018,Miami Dolphins @ Las Vegas Raiders,2026-09-13T20:26:00.000Z,FanDuel,751.184008125,receiving_yards,De'Von Achane - Receiving Yds,,De'Von Achane,61166679,under,29.5,-114,1.87719298245614,0.5327102803738317,open,,,2026-09-07T00:14:47Z,,,,,v3-forward-measurement
a8ffb4be-3ae7-4b4b-9f5c-9f3d5e9ba369,736e493f-fd3f-48c9-ba0a-298c67026e47,2026-09-07T00:14:47Z,FanDuel Sportsbook structured market feed,,VA,NFL,35609018,Miami Dolphins @ Las Vegas Raiders,2026-09-13T20:26:00.000Z,FanDuel,751.185050455,receptions,Malik Washington - Total Receptions,,Malik Washington,41433612,over,2.5,-148,1.675675675675676,0.5967741935483871,open,,,2026-09-07T00:14:47Z,,,,,v3-forward-measurement
a8ffb4be-3ae7-4b4b-9f5c-9f3d5e9ba369,b77fb2c5-f79a-4048-90b9-e35b37a0fbdf,2026-09-07T00:14:47Z,FanDuel Sportsbook structured market feed,,VA,NFL,35609018,Miami Dolphins @ Las Vegas Raiders,2026-09-13T20:26:00.000Z,FanDuel,751.185050455,receptions,Malik Washington - Total Receptions,,Malik Washington,41433613,under,2.5,112,2.12,0.4716981132075472,open,,,2026-09-07T00:14:47Z,,,,,v3-forward-measurement
a8ffb4be-3ae7-4b4b-9f5c-9f3d5e9ba369,d8083013-0c8c-4770-8bc4-a12ec6365375,2026-09-07T00:14:47Z,FanDuel Sportsbook structured market feed,,VA,NFL,35609018,Miami Dolphins @ Las Vegas Raiders,2026-09-13T20:26:00.000Z,FanDuel,751.185050463,receiving_yards,Malik Washington - Receiving Yds,,Malik Washington,41433612,over,27.5,-114,1.87719298245614,0.5327102803738317,open,,,2026-09-07T00:14:47Z,,,,,v3-forward-measurement
a8ffb4be-3ae7-4b4b-9f5c-9f3d5e9ba369,98d2f99a-1c77-48b5-94b5-9a51ccc94e80,2026-09-07T00:14:47Z,FanDuel Sportsbook structured market feed,,VA,NFL,35609018,Miami Dolphins @ Las Vegas Raiders,2026-09-13T20:26:00.000Z,FanDuel,751.185050463,receiving_yards,Malik Washington - Receiving Yds,,Malik Washington,41433613,under,27.5,-114,1.87719298245614,0.5327102803738317,open,,,2026-09-07T00:14:47Z,,,,,v3-forward-measurement
a8ffb4be-3ae7-4b4b-9f5c-9f3d5e9ba369,357a4332-733b-4204-9c3d-fb4a9e339f14,2026-09-07T00:14:47Z,FanDuel Sportsbook structured market feed,,VA,NFL,35609018,Miami Dolphins @ Las Vegas Raiders,2026-09-13T20:26:00.000Z,FanDuel,751.184004925,receptions,Brock Bowers - Total Receptions,,Brock Bowers,41171177,over,5.5,-136,1.735294117647059,0.576271186440678,open,,,2026-09-07T00:14:47Z,,,,,v3-forward-measurement
a8ffb4be-3ae7-4b4b-9f5c-9f3d5e9ba369,c74a06e8-01a1-4af6-986a-63845793bfd5,2026-09-07T00:14:47Z,FanDuel Sportsbook structured market feed,,VA,NFL,35609018,Miami Dolphins @ Las Vegas Raiders,2026-09-13T20:26:00.000Z,FanDuel,751.184004925,receptions,Brock Bowers - Total Receptions,,Brock Bowers,41171176,under,5.5,102,2.02,0.49504950495049505,open,,,2026-09-07T00:14:47Z,,,,,v3-forward-measurement
a8ffb4be-3ae7-4b4b-9f5c-9f3d5e9ba369,eb226138-3189-493c-b1bb-e567ec6b8edb,2026-09-07T00:14:47Z,FanDuel Sportsbook structured market feed,,VA,NFL,35609018,Miami Dolphins @ Las Vegas Raiders,2026-09-13T20:26:00.000Z,FanDuel,751.184007905,receiving_yards,Tre Tucker - Receiving Yds,,Tre Tucker,49580080,over,40.5,-114,1.87719298245614,0.5327102803738317,open,,,2026-09-07T00:14:47Z,,,,,v3-forward-measurement
a8ffb4be-3ae7-4b4b-9f5c-9f3d5e9ba369,d7004ffd-c901-4923-9d5f-48dbca65e300,2026-09-07T00:14:47Z,FanDuel Sportsbook structured market feed,,VA,NFL,35609018,Miami Dolphins @ Las Vegas Raiders,2026-09-13T20:26:00.000Z,FanDuel,751.184007905,receiving_yards,Tre Tucker - Receiving Yds,,Tre Tucker,49580078,under,40.5,-114,1.87719298245614,0.5327102803738317,open,,,2026-09-07T00:14:47Z,,,,,v3-forward-measurement
a8ffb4be-3ae7-4b4b-9f5c-9f3d5e9ba369,e432fff1-92ef-415c-8e73-38732ffe7b7d,2026-09-07T00:14:47Z,FanDuel Sportsbook structured market feed,,VA,NFL,35609018,Miami Dolphins @ Las Vegas Raiders,2026-09-13T20:26:00.000Z,FanDuel,751.184004927,receiving_yards,Brock Bowers - Receiving Yds,,Brock Bowers,41171177,over,62.5,-114,1.87719298245614,0.5327102803738317,open,,,2026-09-07T00:14:47Z,,,,,v3-forward-measurement
a8ffb4be-3ae7-4b4b-9f5c-9f3d5e9ba369,eb2ef9d7-8c78-4087-a600-322d605950b1,2026-09-07T00:14:47Z,FanDuel Sportsbook structured market feed,,VA,NFL,35609018,Miami Dolphins @ Las Vegas Raiders,2026-09-13T20:26:00.000Z,FanDuel,751.184004927,receiving_yards,Brock Bowers - Receiving Yds,,Brock Bowers,41171176,under,62.5,-114,1.87719298245614,0.5327102803738317,open,,,2026-09-07T00:14:47Z,,,,,v3-forward-measurement
a8ffb4be-3ae7-4b4b-9f5c-9f3d5e9ba369,8fb53701-fd00-4a07-9c59-53999c04a404,2026-09-07T00:14:47Z,FanDuel Sportsbook structured market feed,,VA,NFL,35609018,Miami Dolphins @ Las Vegas Raiders,2026-09-13T20:26:00.000Z,FanDuel,751.185062643,receiving_yards,Caleb Douglas - Receiving Yds,,Caleb Douglas,59967950,over,25.5,-114,1.87719298245614,0.5327102803738317,open,,,2026-09-07T00:14:47Z,,,,,v3-forward-measurement
a8ffb4be-3ae7-4b4b-9f5c-9f3d5e9ba369,acfa1bc5-abaa-4d94-b782-6fbb13a18399,2026-09-07T00:14:47Z,FanDuel Sportsbook structured market feed,,VA,NFL,35609018,Miami Dolphins @ Las Vegas Raiders,2026-09-13T20:26:00.000Z,FanDuel,751.185062643,receiving_yards,Caleb Douglas - Receiving Yds,,Caleb Douglas,59967966,under,25.5,-114,1.87719298245614,0.5327102803738317,open,,,2026-09-07T00:14:47Z,,,,,v3-forward-measurement
a8ffb4be-3ae7-4b4b-9f5c-9f3d5e9ba369,6329534d-fb92-4fc7-8686-315fdcfe3d49,2026-09-07T00:14:47Z,FanDuel Sportsbook structured market feed,,VA,NFL,35609018,Miami Dolphins @ Las Vegas Raiders,2026-09-13T20:26:00.000Z,FanDuel,751.185062655,receptions,Caleb Douglas - Total Receptions,,Caleb Douglas,59967950,over,2.5,120,2.2,0.45454545454545453,open,,,2026-09-07T00:14:47Z,,,,,v3-forward-measurement
a8ffb4be-3ae7-4b4b-9f5c-9f3d5e9ba369,f7dcad19-2eb7-4dad-acc1-451b61876b0a,2026-09-07T00:14:47Z,FanDuel Sportsbook structured market feed,,VA,NFL,35609018,Miami Dolphins @ Las Vegas Raiders,2026-09-13T20:26:00.000Z,FanDuel,751.185062655,receptions,Caleb Douglas - Total Receptions,,Caleb Douglas,59967966,under,2.5,-160,1.625,0.6153846153846154,open,,,2026-09-07T00:14:47Z,,,,,v3-forward-measurement
a8ffb4be-3ae7-4b4b-9f5c-9f3d5e9ba369,57edfab5-76f2-43bb-8c21-f2681a74d7a0,2026-09-07T00:14:47Z,FanDuel Sportsbook structured market feed,,VA,NFL,35609018,Miami Dolphins @ Las Vegas Raiders,2026-09-13T20:26:00.000Z,FanDuel,751.184007903,receptions,Tre Tucker - Total Receptions,,Tre Tucker,49580080,over,3.5,-108,1.925925925925926,0.5192307692307693,open,,,2026-09-07T00:14:47Z,,,,,v3-forward-measurement
a8ffb4be-3ae7-4b4b-9f5c-9f3d5e9ba369,44125b87-660d-40c2-bf97-783abc9d7ef9,2026-09-07T00:14:47Z,FanDuel Sportsbook structured market feed,,VA,NFL,35609018,Miami Dolphins @ Las Vegas Raiders,2026-09-13T20:26:00.000Z,FanDuel,751.184007903,receptions,Tre Tucker - Total Receptions,,Tre Tucker,49580078,under,3.5,-122,1.819672131147541,0.5495495495495496,open,,,2026-09-07T00:14:47Z,,,,,v3-forward-measurement
f39b3a88-273d-4d23-94b4-2bbe343e7efa,08ebaf14-0fa2-47bf-a3e5-1b4c8aa01c1c,2026-09-07T00:14:47Z,FanDuel Sportsbook structured market feed,,VA,NFL,35609019,Cleveland Browns @ Jacksonville Jaguars,2026-09-13T17:01:00.000Z,FanDuel,751.183935310,passing_yards,Deshaun Watson - Passing Yds,,Deshaun Watson,12302595,over,178.5,-114,1.87719298245614,0.5327102803738317,open,,,2026-09-07T00:14:47Z,,,,,v3-forward-measurement
f39b3a88-273d-4d23-94b4-2bbe343e7efa,b74db2f3-f4b8-4f91-a624-852048131c86,2026-09-07T00:14:47Z,FanDuel Sportsbook structured market feed,,VA,NFL,35609019,Cleveland Browns @ Jacksonville Jaguars,2026-09-13T17:01:00.000Z,FanDuel,751.183935310,passing_yards,Deshaun Watson - Passing Yds,,Deshaun Watson,12302596,under,178.5,-114,1.87719298245614,0.5327102803738317,open,,,2026-09-07T00:14:47Z,,,,,v3-forward-measurement
f39b3a88-273d-4d23-94b4-2bbe343e7efa,4a517fb9-f8fe-43b3-b697-f215524ce059,2026-09-07T00:14:47Z,FanDuel Sportsbook structured market feed,,VA,NFL,35609019,Cleveland Browns @ Jacksonville Jaguars,2026-09-13T17:01:00.000Z,FanDuel,751.183935245,passing_touchdowns,Trevor Lawrence - Passing TDs,,Trevor Lawrence,22336735,over,1.5,-104,1.961538461538462,0.5098039215686274,open,,,2026-09-07T00:14:47Z,,,,,v3-forward-measurement
f39b3a88-273d-4d23-94b4-2bbe343e7efa,9d89adab-f5e1-49d3-aff7-cb05aa39560f,2026-09-07T00:14:47Z,FanDuel Sportsbook structured market feed,,VA,NFL,35609019,Cleveland Browns @ Jacksonville Jaguars,2026-09-13T17:01:00.000Z,FanDuel,751.183935245,passing_touchdowns,Trevor Lawrence - Passing TDs,,Trevor Lawrence,22336736,under,1.5,-128,1.78125,0.5614035087719298,open,,,2026-09-07T00:14:47Z,,,,,v3-forward-measurement
f39b3a88-273d-4d23-94b4-2bbe343e7efa,67249d16-b3fb-4267-ad65-b50d490b49a9,2026-09-07T00:14:47Z,FanDuel Sportsbook structured market feed,,VA,NFL,35609019,Cleveland Browns @ Jacksonville Jaguars,2026-09-13T17:01:00.000Z,FanDuel,751.183935242,passing_touchdowns,Deshaun Watson - Passing TDs,,Deshaun Watson,12302595,over,0.5,-192,1.520833333333333,0.6575342465753424,open,,,2026-09-07T00:14:47Z,,,,,v3-forward-measurement
f39b3a88-273d-4d23-94b4-2bbe343e7efa,fa3ee088-66a6-4d74-986e-5eb99fef04ac,2026-09-07T00:14:47Z,FanDuel Sportsbook structured market feed,,VA,NFL,35609019,Cleveland Browns @ Jacksonville Jaguars,2026-09-13T17:01:00.000Z,FanDuel,751.183935242,passing_touchdowns,Deshaun Watson - Passing TDs,,Deshaun Watson,12302596,under,0.5,142,2.42,0.4132231404958678,open,,,2026-09-07T00:14:47Z,,,,,v3-forward-measurement
f39b3a88-273d-4d23-94b4-2bbe343e7efa,ed07cc23-f3e6-480f-bd81-2fbff873302f,2026-09-07T00:14:47Z,FanDuel Sportsbook structured market feed,,VA,NFL,35609019,Cleveland Browns @ Jacksonville Jaguars,2026-09-13T17:01:00.000Z,FanDuel,751.183935240,passing_yards,Trevor Lawrence - Passing Yds,,Trevor Lawrence,22336735,over,238.5,-114,1.87719298245614,0.5327102803738317,open,,,2026-09-07T00:14:47Z,,,,,v3-forward-measurement
f39b3a88-273d-4d23-94b4-2bbe343e7efa,af4c6ca3-a784-4cc8-b350-829a3b8e3e06,2026-09-07T00:14:47Z,FanDuel Sportsbook structured market feed,,VA,NFL,35609019,Cleveland Browns @ Jacksonville Jaguars,2026-09-13T17:01:00.000Z,FanDuel,751.183935240,passing_yards,Trevor Lawrence - Passing Yds,,Trevor Lawrence,22336736,under,238.5,-114,1.87719298245614,0.5327102803738317,open,,,2026-09-07T00:14:47Z,,,,,v3-forward-measurement
17b45cf4-4c32-4d8e-9bf7-57609e99eaca,ef46a0b3-bea7-495e-b31e-ec3f7b4936ae,2026-09-07T00:14:47Z,FanDuel Sportsbook structured market feed,,VA,NFL,35609019,Cleveland Browns @ Jacksonville Jaguars,2026-09-13T17:01:00.000Z,FanDuel,751.183959324,rushing_yards,Bhayshul Tuten - Rushing Yds,,Bhayshul Tuten,60316188,over,50.5,-114,1.87719298245614,0.5327102803738317,open,,,2026-09-07T00:14:47Z,,,,,v3-forward-measurement
17b45cf4-4c32-4d8e-9bf7-57609e99eaca,93abca07-3b39-4a3e-af3b-14b55804121c,2026-09-07T00:14:47Z,FanDuel Sportsbook structured market feed,,VA,NFL,35609019,Cleveland Browns @ Jacksonville Jaguars,2026-09-13T17:01:00.000Z,FanDuel,751.183959324,rushing_yards,Bhayshul Tuten - Rushing Yds,,Bhayshul Tuten,60316191,under,50.5,-114,1.87719298245614,0.5327102803738317,open,,,2026-09-07T00:14:47Z,,,,,v3-forward-measurement
17b45cf4-4c32-4d8e-9bf7-57609e99eaca,b134eae3-7887-4f29-9d34-afd7b8e007e1,2026-09-07T00:14:47Z,FanDuel Sportsbook structured market feed,,VA,NFL,35609019,Cleveland Browns @ Jacksonville Jaguars,2026-09-13T17:01:00.000Z,FanDuel,751.183959327,rushing_yards,Chris Rodriguez Jr. - Rushing Yds,,Chris Rodriguez Jr.,41073257,over,33.5,-114,1.87719298245614,0.5327102803738317,open,,,2026-09-07T00:14:47Z,,,,,v3-forward-measurement
17b45cf4-4c32-4d8e-9bf7-57609e99eaca,e9fc0993-d83f-411a-83e9-045b66eb78e0,2026-09-07T00:14:47Z,FanDuel Sportsbook structured market feed,,VA,NFL,35609019,Cleveland Browns @ Jacksonville Jaguars,2026-09-13T17:01:00.000Z,FanDuel,751.183959327,rushing_yards,Chris Rodriguez Jr. - Rushing Yds,,Chris Rodriguez Jr.,41073256,under,33.5,-114,1.87719298245614,0.5327102803738317,open,,,2026-09-07T00:14:47Z,,,,,v3-forward-measurement
17b45cf4-4c32-4d8e-9bf7-57609e99eaca,4a82e2cb-2d7f-42df-9787-7d13b68b2ab0,2026-09-07T00:14:47Z,FanDuel Sportsbook structured market feed,,VA,NFL,35609019,Cleveland Browns @ Jacksonville Jaguars,2026-09-13T17:01:00.000Z,FanDuel,751.183961486,rushing_yards,Trevor Lawrence - Rushing Yds,,Trevor Lawrence,22336735,over,16.5,-114,1.87719298245614,0.5327102803738317,open,,,2026-09-07T00:14:47Z,,,,,v3-forward-measurement
17b45cf4-4c32-4d8e-9bf7-57609e99eaca,acc97290-708d-4d9d-bfb6-cd5748aaaf58,2026-09-07T00:14:47Z,FanDuel Sportsbook structured market feed,,VA,NFL,35609019,Cleveland Browns @ Jacksonville Jaguars,2026-09-13T17:01:00.000Z,FanDuel,751.183961486,rushing_yards,Trevor Lawrence - Rushing Yds,,Trevor Lawrence,22336736,under,16.5,-114,1.87719298245614,0.5327102803738317,open,,,2026-09-07T00:14:47Z,,,,,v3-forward-measurement
17b45cf4-4c32-4d8e-9bf7-57609e99eaca,71b2cd3b-cda6-4e1e-aa33-fc4e44be56d1,2026-09-07T00:14:47Z,FanDuel Sportsbook structured market feed,,VA,NFL,35609019,Cleveland Browns @ Jacksonville Jaguars,2026-09-13T17:01:00.000Z,FanDuel,751.183935361,rushing_yards,Quinshon Judkins - Rushing Yds,,Quinshon Judkins,48906497,over,58.5,-114,1.87719298245614,0.5327102803738317,open,,,2026-09-07T00:14:47Z,,,,,v3-forward-measurement
17b45cf4-4c32-4d8e-9bf7-57609e99eaca,2685a974-b7e8-4f49-b0c4-46e18c766d9f,2026-09-07T00:14:47Z,FanDuel Sportsbook structured market feed,,VA,NFL,35609019,Cleveland Browns @ Jacksonville Jaguars,2026-09-13T17:01:00.000Z,FanDuel,751.183935361,rushing_yards,Quinshon Judkins - Rushing Yds,,Quinshon Judkins,48906496,under,58.5,-114,1.87719298245614,0.5327102803738317,open,,,2026-09-07T00:14:47Z,,,,,v3-forward-measurement
0cfcfedb-4ccc-4695-a0fd-86ba3df64560,81181eea-7c18-45c0-bfeb-839543c8f434,2026-09-07T00:14:47Z,FanDuel Sportsbook structured market feed,,VA,NFL,35609019,Cleveland Browns @ Jacksonville Jaguars,2026-09-13T17:01:00.000Z,FanDuel,751.183962600,receiving_yards,KC Concepcion - Receiving Yds,,KC Concepcion,102320458,over,33.5,-114,1.87719298245614,0.5327102803738317,open,,,2026-09-07T00:14:47Z,,,,,v3-forward-measurement
0cfcfedb-4ccc-4695-a0fd-86ba3df64560,97840111-038c-4457-be72-9ac1ccc32c66,2026-09-07T00:14:47Z,FanDuel Sportsbook structured market feed,,VA,NFL,35609019,Cleveland Browns @ Jacksonville Jaguars,2026-09-13T17:01:00.000Z,FanDuel,751.183962600,receiving_yards,KC Concepcion - Receiving Yds,,KC Concepcion,102320470,under,33.5,-114,1.87719298245614,0.5327102803738317,open,,,2026-09-07T00:14:47Z,,,,,v3-forward-measurement
0cfcfedb-4ccc-4695-a0fd-86ba3df64560,8f1e2004-71b3-4290-aec2-5045877d5bca,2026-09-07T00:14:47Z,FanDuel Sportsbook structured market feed,,VA,NFL,35609019,Cleveland Browns @ Jacksonville Jaguars,2026-09-13T17:01:00.000Z,FanDuel,751.183935344,receptions,Brian Thomas Jr. - Total Receptions,,Brian Thomas Jr.,42267563,over,2.5,-172,1.581395348837209,0.6323529411764706,open,,,2026-09-07T00:14:47Z,,,,,v3-forward-measurement
0cfcfedb-4ccc-4695-a0fd-86ba3df64560,534fbb16-4a34-4496-9759-c143835525da,2026-09-07T00:14:47Z,FanDuel Sportsbook structured market feed,,VA,NFL,35609019,Cleveland Browns @ Jacksonville Jaguars,2026-09-13T17:01:00.000Z,FanDuel,751.183935344,receptions,Brian Thomas Jr. - Total Receptions,,Brian Thomas Jr.,42267562,under,2.5,128,2.28,0.43859649122807015,open,,,2026-09-07T00:14:47Z,,,,,v3-forward-measurement
0cfcfedb-4ccc-4695-a0fd-86ba3df64560,0a75af3a-1cf6-46cc-a437-5d108db59b60,2026-09-07T00:14:47Z,FanDuel Sportsbook structured market feed,,VA,NFL,35609019,Cleveland Browns @ Jacksonville Jaguars,2026-09-13T17:01:00.000Z,FanDuel,751.183962624,receptions,KC Concepcion - Total Receptions,,KC Concepcion,102320458,over,3.5,102,2.02,0.49504950495049505,open,,,2026-09-07T00:14:47Z,,,,,v3-forward-measurement
0cfcfedb-4ccc-4695-a0fd-86ba3df64560,ca5bd592-1ac7-44cf-88e0-09edc370f0e2,2026-09-07T00:14:47Z,FanDuel Sportsbook structured market feed,,VA,NFL,35609019,Cleveland Browns @ Jacksonville Jaguars,2026-09-13T17:01:00.000Z,FanDuel,751.183962624,receptions,KC Concepcion - Total Receptions,,KC Concepcion,102320470,under,3.5,-136,1.735294117647059,0.576271186440678,open,,,2026-09-07T00:14:47Z,,,,,v3-forward-measurement
0cfcfedb-4ccc-4695-a0fd-86ba3df64560,fc570c12-ea84-4990-ae93-4112c03829a6,2026-09-07T00:14:47Z,FanDuel Sportsbook structured market feed,,VA,NFL,35609019,Cleveland Browns @ Jacksonville Jaguars,2026-09-13T17:01:00.000Z,FanDuel,751.183935282,receiving_yards,Brian Thomas Jr. - Receiving Yds,,Brian Thomas Jr.,42267563,over,36.5,-114,1.87719298245614,0.5327102803738317,open,,,2026-09-07T00:14:47Z,,,,,v3-forward-measurement
0cfcfedb-4ccc-4695-a0fd-86ba3df64560,ff50e63f-fa59-4754-bbd1-377d02d6479e,2026-09-07T00:14:47Z,FanDuel Sportsbook structured market feed,,VA,NFL,35609019,Cleveland Browns @ Jacksonville Jaguars,2026-09-13T17:01:00.000Z,FanDuel,751.183935282,receiving_yards,Brian Thomas Jr. - Receiving Yds,,Brian Thomas Jr.,42267562,under,36.5,-114,1.87719298245614,0.5327102803738317,open,,,2026-09-07T00:14:47Z,,,,,v3-forward-measurement
0cfcfedb-4ccc-4695-a0fd-86ba3df64560,4de1cfd5-0978-429c-bd3a-b1777ffb1769,2026-09-07T00:14:47Z,FanDuel Sportsbook structured market feed,,VA,NFL,35609019,Cleveland Browns @ Jacksonville Jaguars,2026-09-13T17:01:00.000Z,FanDuel,751.183962629,receiving_yards,Jerry Jeudy - Receiving Yds,,Jerry Jeudy,22336750,over,31.5,-114,1.87719298245614,0.5327102803738317,open,,,2026-09-07T00:14:47Z,,,,,v3-forward-measurement
0cfcfedb-4ccc-4695-a0fd-86ba3df64560,5102c16e-115f-4d10-95f0-c2cab6f1d4b0,2026-09-07T00:14:47Z,FanDuel Sportsbook structured market feed,,VA,NFL,35609019,Cleveland Browns @ Jacksonville Jaguars,2026-09-13T17:01:00.000Z,FanDuel,751.183962629,receiving_yards,Jerry Jeudy - Receiving Yds,,Jerry Jeudy,22336751,under,31.5,-114,1.87719298245614,0.5327102803738317,open,,,2026-09-07T00:14:47Z,,,,,v3-forward-measurement
0cfcfedb-4ccc-4695-a0fd-86ba3df64560,bc7d3fbf-b316-4698-a46d-a2c2d4bb3346,2026-09-07T00:14:47Z,FanDuel Sportsbook structured market feed,,VA,NFL,35609019,Cleveland Browns @ Jacksonville Jaguars,2026-09-13T17:01:00.000Z,FanDuel,751.183973662,receptions,Harold Fannin Jr. - Total Receptions,,Harold Fannin Jr.,60595587,over,4.5,124,2.24,0.44642857142857145,open,,,2026-09-07T00:14:47Z,,,,,v3-forward-measurement
0cfcfedb-4ccc-4695-a0fd-86ba3df64560,33123a63-7f6e-4b3d-ba0c-8b862340b227,2026-09-07T00:14:47Z,FanDuel Sportsbook structured market feed,,VA,NFL,35609019,Cleveland Browns @ Jacksonville Jaguars,2026-09-13T17:01:00.000Z,FanDuel,751.183973662,receptions,Harold Fannin Jr. - Total Receptions,,Harold Fannin Jr.,60595585,under,4.5,-166,1.602409638554217,0.6240601503759399,open,,,2026-09-07T00:14:47Z,,,,,v3-forward-measurement
0cfcfedb-4ccc-4695-a0fd-86ba3df64560,15b6e5ea-3e18-4c9d-b769-4eae169c4780,2026-09-07T00:14:47Z,FanDuel Sportsbook structured market feed,,VA,NFL,35609019,Cleveland Browns @ Jacksonville Jaguars,2026-09-13T17:01:00.000Z,FanDuel,751.183973661,receiving_yards,Harold Fannin Jr. - Receiving Yds,,Harold Fannin Jr.,60595587,over,36.5,-114,1.87719298245614,0.5327102803738317,open,,,2026-09-07T00:14:47Z,,,,,v3-forward-measurement
0cfcfedb-4ccc-4695-a0fd-86ba3df64560,de549b7f-f089-4067-9b0e-747f6f67099a,2026-09-07T00:14:47Z,FanDuel Sportsbook structured market feed,,VA,NFL,35609019,Cleveland Browns @ Jacksonville Jaguars,2026-09-13T17:01:00.000Z,FanDuel,751.183973661,receiving_yards,Harold Fannin Jr. - Receiving Yds,,Harold Fannin Jr.,60595585,under,36.5,-114,1.87719298245614,0.5327102803738317,open,,,2026-09-07T00:14:47Z,,,,,v3-forward-measurement
0cfcfedb-4ccc-4695-a0fd-86ba3df64560,1b37aade-11ee-4fa9-ab33-b9af95b53ceb,2026-09-07T00:14:47Z,FanDuel Sportsbook structured market feed,,VA,NFL,35609019,Cleveland Browns @ Jacksonville Jaguars,2026-09-13T17:01:00.000Z,FanDuel,751.183963353,receiving_yards,Brenton Strange - Receiving Yds,,Brenton Strange,41155824,over,36.5,-114,1.87719298245614,0.5327102803738317,open,,,2026-09-07T00:14:47Z,,,,,v3-forward-measurement
0cfcfedb-4ccc-4695-a0fd-86ba3df64560,de775d94-02dc-477f-9b7e-c3fe87ad445c,2026-09-07T00:14:47Z,FanDuel Sportsbook structured market feed,,VA,NFL,35609019,Cleveland Browns @ Jacksonville Jaguars,2026-09-13T17:01:00.000Z,FanDuel,751.183963353,receiving_yards,Brenton Strange - Receiving Yds,,Brenton Strange,41155823,under,36.5,-114,1.87719298245614,0.5327102803738317,open,,,2026-09-07T00:14:47Z,,,,,v3-forward-measurement
0cfcfedb-4ccc-4695-a0fd-86ba3df64560,e6788836-d684-405d-8c81-0a17defc5537,2026-09-07T00:14:47Z,FanDuel Sportsbook structured market feed,,VA,NFL,35609019,Cleveland Browns @ Jacksonville Jaguars,2026-09-13T17:01:00.000Z,FanDuel,751.183963352,receptions,Brenton Strange - Total Receptions,,Brenton Strange,41155824,over,3.5,-102,1.980392156862745,0.504950495049505,open,,,2026-09-07T00:14:47Z,,,,,v3-forward-measurement
0cfcfedb-4ccc-4695-a0fd-86ba3df64560,e1ff8cc4-b75c-40f6-b663-700fc1ec4a9e,2026-09-07T00:14:47Z,FanDuel Sportsbook structured market feed,,VA,NFL,35609019,Cleveland Browns @ Jacksonville Jaguars,2026-09-13T17:01:00.000Z,FanDuel,751.183963352,receptions,Brenton Strange - Total Receptions,,Brenton Strange,41155823,under,3.5,-130,1.769230769230769,0.5652173913043478,open,,,2026-09-07T00:14:47Z,,,,,v3-forward-measurement
0cfcfedb-4ccc-4695-a0fd-86ba3df64560,09bb09d7-842f-4e73-a8b4-3f9ea0027c8c,2026-09-07T00:14:47Z,FanDuel Sportsbook structured market feed,,VA,NFL,35609019,Cleveland Browns @ Jacksonville Jaguars,2026-09-13T17:01:00.000Z,FanDuel,751.183962634,receptions,Jerry Jeudy - Total Receptions,,Jerry Jeudy,22336750,over,2.5,-174,1.574712643678161,0.635036496350365,open,,,2026-09-07T00:14:47Z,,,,,v3-forward-measurement
0cfcfedb-4ccc-4695-a0fd-86ba3df64560,27d8f63b-ca4e-4ae8-935c-2d6f2f84b802,2026-09-07T00:14:47Z,FanDuel Sportsbook structured market feed,,VA,NFL,35609019,Cleveland Browns @ Jacksonville Jaguars,2026-09-13T17:01:00.000Z,FanDuel,751.183962634,receptions,Jerry Jeudy - Total Receptions,,Jerry Jeudy,22336751,under,2.5,130,2.3,0.43478260869565216,open,,,2026-09-07T00:14:47Z,,,,,v3-forward-measurement
0cfcfedb-4ccc-4695-a0fd-86ba3df64560,e9f355c0-5503-484a-ab28-172fe7e7926f,2026-09-07T00:14:47Z,FanDuel Sportsbook structured market feed,,VA,NFL,35609019,Cleveland Browns @ Jacksonville Jaguars,2026-09-13T17:01:00.000Z,FanDuel,751.183935334,receptions,Jakobi Meyers - Total Receptions,,Jakobi Meyers,26595189,over,3.5,-114,1.87719298245614,0.5327102803738317,open,,,2026-09-07T00:14:47Z,,,,,v3-forward-measurement
0cfcfedb-4ccc-4695-a0fd-86ba3df64560,ddda52c9-98a3-4d3f-adc7-92e9358d40ea,2026-09-07T00:14:47Z,FanDuel Sportsbook structured market feed,,VA,NFL,35609019,Cleveland Browns @ Jacksonville Jaguars,2026-09-13T17:01:00.000Z,FanDuel,751.183935334,receptions,Jakobi Meyers - Total Receptions,,Jakobi Meyers,26595190,under,3.5,-114,1.87719298245614,0.5327102803738317,open,,,2026-09-07T00:14:47Z,,,,,v3-forward-measurement
0cfcfedb-4ccc-4695-a0fd-86ba3df64560,ff78b24d-0775-4141-8f29-fc9e1a3f5732,2026-09-07T00:14:47Z,FanDuel Sportsbook structured market feed,,VA,NFL,35609019,Cleveland Browns @ Jacksonville Jaguars,2026-09-13T17:01:00.000Z,FanDuel,751.184983845,receptions,Quinshon Judkins - Total Receptions,,Quinshon Judkins,48906497,over,1.5,-130,1.769230769230769,0.5652173913043478,open,,,2026-09-07T00:14:47Z,,,,,v3-forward-measurement
0cfcfedb-4ccc-4695-a0fd-86ba3df64560,a71662f4-c720-4f3c-aba8-baf5ab25bcd2,2026-09-07T00:14:47Z,FanDuel Sportsbook structured market feed,,VA,NFL,35609019,Cleveland Browns @ Jacksonville Jaguars,2026-09-13T17:01:00.000Z,FanDuel,751.184983845,receptions,Quinshon Judkins - Total Receptions,,Quinshon Judkins,48906496,under,1.5,-102,1.980392156862745,0.504950495049505,open,,,2026-09-07T00:14:47Z,,,,,v3-forward-measurement
0cfcfedb-4ccc-4695-a0fd-86ba3df64560,455a0a41-5c0d-40d0-a63e-ed5e2100d2e3,2026-09-07T00:14:47Z,FanDuel Sportsbook structured market feed,,VA,NFL,35609019,Cleveland Browns @ Jacksonville Jaguars,2026-09-13T17:01:00.000Z,FanDuel,751.183935357,receiving_yards,Jakobi Meyers - Receiving Yds,,Jakobi Meyers,26595189,over,37.5,-114,1.87719298245614,0.5327102803738317,open,,,2026-09-07T00:14:47Z,,,,,v3-forward-measurement
0cfcfedb-4ccc-4695-a0fd-86ba3df64560,7586fcc4-0461-461a-9d90-8562369e4455,2026-09-07T00:14:47Z,FanDuel Sportsbook structured market feed,,VA,NFL,35609019,Cleveland Browns @ Jacksonville Jaguars,2026-09-13T17:01:00.000Z,FanDuel,751.183935357,receiving_yards,Jakobi Meyers - Receiving Yds,,Jakobi Meyers,26595190,under,37.5,-114,1.87719298245614,0.5327102803738317,open,,,2026-09-07T00:14:47Z,,,,,v3-forward-measurement
0cfcfedb-4ccc-4695-a0fd-86ba3df64560,c13edc1e-80d6-4c92-9653-5f90f4742995,2026-09-07T00:14:47Z,FanDuel Sportsbook structured market feed,,VA,NFL,35609019,Cleveland Browns @ Jacksonville Jaguars,2026-09-13T17:01:00.000Z,FanDuel,751.184983842,receptions,Bhayshul Tuten - Total Receptions,,Bhayshul Tuten,60316188,over,1.5,-172,1.581395348837209,0.6323529411764706,open,,,2026-09-07T00:14:47Z,,,,,v3-forward-measurement
0cfcfedb-4ccc-4695-a0fd-86ba3df64560,3f022ee0-09d6-4529-a67d-b5cbc3017215,2026-09-07T00:14:47Z,FanDuel Sportsbook structured market feed,,VA,NFL,35609019,Cleveland Browns @ Jacksonville Jaguars,2026-09-13T17:01:00.000Z,FanDuel,751.184983842,receptions,Bhayshul Tuten - Total Receptions,,Bhayshul Tuten,60316191,under,1.5,128,2.28,0.43859649122807015,open,,,2026-09-07T00:14:47Z,,,,,v3-forward-measurement
0cfcfedb-4ccc-4695-a0fd-86ba3df64560,e443afe9-b308-4e26-aace-8060c910c34d,2026-09-07T00:14:47Z,FanDuel Sportsbook structured market feed,,VA,NFL,35609019,Cleveland Browns @ Jacksonville Jaguars,2026-09-13T17:01:00.000Z,FanDuel,751.184983841,receiving_yards,Quinshon Judkins - Receiving Yds,,Quinshon Judkins,48906497,over,9.5,-114,1.87719298245614,0.5327102803738317,open,,,2026-09-07T00:14:47Z,,,,,v3-forward-measurement
0cfcfedb-4ccc-4695-a0fd-86ba3df64560,c8376340-5e0b-4b5a-9851-176b6576b9d1,2026-09-07T00:14:47Z,FanDuel Sportsbook structured market feed,,VA,NFL,35609019,Cleveland Browns @ Jacksonville Jaguars,2026-09-13T17:01:00.000Z,FanDuel,751.184983841,receiving_yards,Quinshon Judkins - Receiving Yds,,Quinshon Judkins,48906496,under,9.5,-114,1.87719298245614,0.5327102803738317,open,,,2026-09-07T00:14:47Z,,,,,v3-forward-measurement
0cfcfedb-4ccc-4695-a0fd-86ba3df64560,371e7c9c-5a49-41b9-bfac-0a9d151ead02,2026-09-07T00:14:47Z,FanDuel Sportsbook structured market feed,,VA,NFL,35609019,Cleveland Browns @ Jacksonville Jaguars,2026-09-13T17:01:00.000Z,FanDuel,751.183962615,receiving_yards,Denzel Boston - Receiving Yds,,Denzel Boston,102320454,over,25.5,-114,1.87719298245614,0.5327102803738317,open,,,2026-09-07T00:14:47Z,,,,,v3-forward-measurement
0cfcfedb-4ccc-4695-a0fd-86ba3df64560,fb3fe610-62f4-40bb-9a08-338294111699,2026-09-07T00:14:47Z,FanDuel Sportsbook structured market feed,,VA,NFL,35609019,Cleveland Browns @ Jacksonville Jaguars,2026-09-13T17:01:00.000Z,FanDuel,751.183962615,receiving_yards,Denzel Boston - Receiving Yds,,Denzel Boston,102320455,under,25.5,-114,1.87719298245614,0.5327102803738317,open,,,2026-09-07T00:14:47Z,,,,,v3-forward-measurement
0cfcfedb-4ccc-4695-a0fd-86ba3df64560,2c6cb8fe-49c0-4897-8d67-19ec13ba172a,2026-09-07T00:14:47Z,FanDuel Sportsbook structured market feed,,VA,NFL,35609019,Cleveland Browns @ Jacksonville Jaguars,2026-09-13T17:01:00.000Z,FanDuel,751.183962613,receptions,Denzel Boston - Total Receptions,,Denzel Boston,102320454,over,2.5,112,2.12,0.4716981132075472,open,,,2026-09-07T00:14:47Z,,,,,v3-forward-measurement
0cfcfedb-4ccc-4695-a0fd-86ba3df64560,9e45b326-8385-42cd-8657-9b851a4cbff8,2026-09-07T00:14:47Z,FanDuel Sportsbook structured market feed,,VA,NFL,35609019,Cleveland Browns @ Jacksonville Jaguars,2026-09-13T17:01:00.000Z,FanDuel,751.183962613,receptions,Denzel Boston - Total Receptions,,Denzel Boston,102320455,under,2.5,-148,1.675675675675676,0.5967741935483871,open,,,2026-09-07T00:14:47Z,,,,,v3-forward-measurement
0cfcfedb-4ccc-4695-a0fd-86ba3df64560,2b2ae8b9-9906-4a38-81a8-2d6ba68be34a,2026-09-07T00:14:47Z,FanDuel Sportsbook structured market feed,,VA,NFL,35609019,Cleveland Browns @ Jacksonville Jaguars,2026-09-13T17:01:00.000Z,FanDuel,751.183935250,receiving_yards,Parker Washington - Receiving Yds,,Parker Washington,41155821,over,51.5,-114,1.87719298245614,0.5327102803738317,open,,,2026-09-07T00:14:47Z,,,,,v3-forward-measurement
0cfcfedb-4ccc-4695-a0fd-86ba3df64560,73137163-806b-48af-98ac-1034d892c8c5,2026-09-07T00:14:47Z,FanDuel Sportsbook structured market feed,,VA,NFL,35609019,Cleveland Browns @ Jacksonville Jaguars,2026-09-13T17:01:00.000Z,FanDuel,751.183935250,receiving_yards,Parker Washington - Receiving Yds,,Parker Washington,41155820,under,51.5,-114,1.87719298245614,0.5327102803738317,open,,,2026-09-07T00:14:47Z,,,,,v3-forward-measurement
0cfcfedb-4ccc-4695-a0fd-86ba3df64560,c098e6c3-6738-4a81-92ba-fa91c421f8a3,2026-09-07T00:14:47Z,FanDuel Sportsbook structured market feed,,VA,NFL,35609019,Cleveland Browns @ Jacksonville Jaguars,2026-09-13T17:01:00.000Z,FanDuel,751.183935275,receptions,Parker Washington - Total Receptions,,Parker Washington,41155821,over,3.5,-182,1.549450549450549,0.6453900709219859,open,,,2026-09-07T00:14:47Z,,,,,v3-forward-measurement
0cfcfedb-4ccc-4695-a0fd-86ba3df64560,0984c968-25e5-448a-8183-9cfd7bf2d398,2026-09-07T00:14:47Z,FanDuel Sportsbook structured market feed,,VA,NFL,35609019,Cleveland Browns @ Jacksonville Jaguars,2026-09-13T17:01:00.000Z,FanDuel,751.183935275,receptions,Parker Washington - Total Receptions,,Parker Washington,41155820,under,3.5,136,2.36,0.423728813559322,open,,,2026-09-07T00:14:47Z,,,,,v3-forward-measurement
0cfcfedb-4ccc-4695-a0fd-86ba3df64560,f0751f45-5bf2-41bb-81bd-12a40dfc3fa0,2026-09-07T00:14:47Z,FanDuel Sportsbook structured market feed,,VA,NFL,35609019,Cleveland Browns @ Jacksonville Jaguars,2026-09-13T17:01:00.000Z,FanDuel,751.184983848,receiving_yards,Bhayshul Tuten - Receiving Yds,,Bhayshul Tuten,60316188,over,11.5,-114,1.87719298245614,0.5327102803738317,open,,,2026-09-07T00:14:47Z,,,,,v3-forward-measurement
0cfcfedb-4ccc-4695-a0fd-86ba3df64560,b460dda2-63fa-4b4f-a474-0e5306feb082,2026-09-07T00:14:47Z,FanDuel Sportsbook structured market feed,,VA,NFL,35609019,Cleveland Browns @ Jacksonville Jaguars,2026-09-13T17:01:00.000Z,FanDuel,751.184983848,receiving_yards,Bhayshul Tuten - Receiving Yds,,Bhayshul Tuten,60316191,under,11.5,-114,1.87719298245614,0.5327102803738317,open,,,2026-09-07T00:14:47Z,,,,,v3-forward-measurement
2328f592-3aac-4b48-affa-c6a576b2a7ba,72e0a953-cd9a-4e5f-b0c6-14d08b2a41c2,2026-09-07T00:14:47Z,FanDuel Sportsbook structured market feed,,VA,NFL,35609020,Atlanta Falcons @ Pittsburgh Steelers,2026-09-13T17:01:00.000Z,FanDuel,751.184014012,passing_touchdowns,Aaron Rodgers - Passing TDs,,Aaron Rodgers,11925813,over,1.5,118,2.18,0.45871559633027525,open,,,2026-09-07T00:14:47Z,,,,,v3-forward-measurement
2328f592-3aac-4b48-affa-c6a576b2a7ba,2c01285d-6dd8-425c-8b5e-f583b8735b48,2026-09-07T00:14:47Z,FanDuel Sportsbook structured market feed,,VA,NFL,35609020,Atlanta Falcons @ Pittsburgh Steelers,2026-09-13T17:01:00.000Z,FanDuel,751.184014012,passing_touchdowns,Aaron Rodgers - Passing TDs,,Aaron Rodgers,11925812,under,1.5,-158,1.632911392405063,0.6124031007751938,open,,,2026-09-07T00:14:47Z,,,,,v3-forward-measurement
2328f592-3aac-4b48-affa-c6a576b2a7ba,9b4270a7-cf89-4521-a101-92a7008c89bc,2026-09-07T00:14:47Z,FanDuel Sportsbook structured market feed,,VA,NFL,35609020,Atlanta Falcons @ Pittsburgh Steelers,2026-09-13T17:01:00.000Z,FanDuel,751.184014026,passing_yards,Aaron Rodgers - Passing Yds,,Aaron Rodgers,11925813,over,210.5,-114,1.87719298245614,0.5327102803738317,open,,,2026-09-07T00:14:47Z,,,,,v3-forward-measurement
2328f592-3aac-4b48-affa-c6a576b2a7ba,ee81120e-da63-41dc-ad3b-f9a16c8ddc3f,2026-09-07T00:14:47Z,FanDuel Sportsbook structured market feed,,VA,NFL,35609020,Atlanta Falcons @ Pittsburgh Steelers,2026-09-13T17:01:00.000Z,FanDuel,751.184014026,passing_yards,Aaron Rodgers - Passing Yds,,Aaron Rodgers,11925812,under,210.5,-114,1.87719298245614,0.5327102803738317,open,,,2026-09-07T00:14:47Z,,,,,v3-forward-measurement
21d8cb9d-1e49-448a-890f-dbe2dfbb9cec,81e998c1-1bec-4dd5-b27b-ce02a7b032c1,2026-09-07T00:14:47Z,FanDuel Sportsbook structured market feed,,VA,NFL,35609020,Atlanta Falcons @ Pittsburgh Steelers,2026-09-13T17:01:00.000Z,FanDuel,751.184664452,rushing_yards,Jaylen Warren - Rushing Yds,,Jaylen Warren,41173071,over,39.5,-114,1.87719298245614,0.5327102803738317,open,,,2026-09-07T00:14:47Z,,,,,v3-forward-measurement
21d8cb9d-1e49-448a-890f-dbe2dfbb9cec,c563040c-6a7a-43c1-8b9c-f4fcbd93c00e,2026-09-07T00:14:47Z,FanDuel Sportsbook structured market feed,,VA,NFL,35609020,Atlanta Falcons @ Pittsburgh Steelers,2026-09-13T17:01:00.000Z,FanDuel,751.184664452,rushing_yards,Jaylen Warren - Rushing Yds,,Jaylen Warren,41173070,under,39.5,-114,1.87719298245614,0.5327102803738317,open,,,2026-09-07T00:14:47Z,,,,,v3-forward-measurement
21d8cb9d-1e49-448a-890f-dbe2dfbb9cec,cc0de777-d471-4aea-bcd6-1ec378857fdc,2026-09-07T00:14:47Z,FanDuel Sportsbook structured market feed,,VA,NFL,35609020,Atlanta Falcons @ Pittsburgh Steelers,2026-09-13T17:01:00.000Z,FanDuel,751.184013959,rushing_yards,Bijan Robinson - Rushing Yds,,Bijan Robinson,41066843,over,76.5,-114,1.87719298245614,0.5327102803738317,open,,,2026-09-07T00:14:47Z,,,,,v3-forward-measurement
21d8cb9d-1e49-448a-890f-dbe2dfbb9cec,5af24de2-7b5a-49bb-8a7b-4d18705ede8b,2026-09-07T00:14:47Z,FanDuel Sportsbook structured market feed,,VA,NFL,35609020,Atlanta Falcons @ Pittsburgh Steelers,2026-09-13T17:01:00.000Z,FanDuel,751.184013959,rushing_yards,Bijan Robinson - Rushing Yds,,Bijan Robinson,41066848,under,76.5,-114,1.87719298245614,0.5327102803738317,open,,,2026-09-07T00:14:47Z,,,,,v3-forward-measurement
21d8cb9d-1e49-448a-890f-dbe2dfbb9cec,19d824ba-c7e5-496b-a13e-23e3ce8d2c95,2026-09-07T00:14:47Z,FanDuel Sportsbook structured market feed,,VA,NFL,35609020,Atlanta Falcons @ Pittsburgh Steelers,2026-09-13T17:01:00.000Z,FanDuel,751.184664453,rushing_yards,Rico Dowdle - Rushing Yds,,Rico Dowdle,60414660,over,50.5,-114,1.87719298245614,0.5327102803738317,open,,,2026-09-07T00:14:47Z,,,,,v3-forward-measurement
21d8cb9d-1e49-448a-890f-dbe2dfbb9cec,507ed890-39f1-49f2-a481-f415ebfee30d,2026-09-07T00:14:47Z,FanDuel Sportsbook structured market feed,,VA,NFL,35609020,Atlanta Falcons @ Pittsburgh Steelers,2026-09-13T17:01:00.000Z,FanDuel,751.184664453,rushing_yards,Rico Dowdle - Rushing Yds,,Rico Dowdle,60414648,under,50.5,-114,1.87719298245614,0.5327102803738317,open,,,2026-09-07T00:14:47Z,,,,,v3-forward-measurement
0c4bc649-f199-43e1-bed9-72f9fcf9885a,9fe2ec7b-a809-46da-a21d-265a41ebbee8,2026-09-07T00:14:47Z,FanDuel Sportsbook structured market feed,,VA,NFL,35609020,Atlanta Falcons @ Pittsburgh Steelers,2026-09-13T17:01:00.000Z,FanDuel,751.184665029,receiving_yards,Jaylen Warren - Receiving Yds,,Jaylen Warren,41173071,over,15.5,-114,1.87719298245614,0.5327102803738317,open,,,2026-09-07T00:14:47Z,,,,,v3-forward-measurement
0c4bc649-f199-43e1-bed9-72f9fcf9885a,caafe454-6e81-4595-b8a5-926154edefcc,2026-09-07T00:14:47Z,FanDuel Sportsbook structured market feed,,VA,NFL,35609020,Atlanta Falcons @ Pittsburgh Steelers,2026-09-13T17:01:00.000Z,FanDuel,751.184665029,receiving_yards,Jaylen Warren - Receiving Yds,,Jaylen Warren,41173070,under,15.5,-114,1.87719298245614,0.5327102803738317,open,,,2026-09-07T00:14:47Z,,,,,v3-forward-measurement
0c4bc649-f199-43e1-bed9-72f9fcf9885a,a9f836f4-07b6-4f07-b19b-6c8538ab0264,2026-09-07T00:14:47Z,FanDuel Sportsbook structured market feed,,VA,NFL,35609020,Atlanta Falcons @ Pittsburgh Steelers,2026-09-13T17:01:00.000Z,FanDuel,751.184665009,receiving_yards,Pat Freiermuth - Receiving Yds,,Pat Freiermuth,40898371,over,25.5,-114,1.87719298245614,0.5327102803738317,open,,,2026-09-07T00:14:47Z,,,,,v3-forward-measurement
0c4bc649-f199-43e1-bed9-72f9fcf9885a,3560216f-a2e3-42fe-b18f-09cab2abe91b,2026-09-07T00:14:47Z,FanDuel Sportsbook structured market feed,,VA,NFL,35609020,Atlanta Falcons @ Pittsburgh Steelers,2026-09-13T17:01:00.000Z,FanDuel,751.184665009,receiving_yards,Pat Freiermuth - Receiving Yds,,Pat Freiermuth,40898373,under,25.5,-114,1.87719298245614,0.5327102803738317,open,,,2026-09-07T00:14:47Z,,,,,v3-forward-measurement
0c4bc649-f199-43e1-bed9-72f9fcf9885a,2c78ee83-1224-4d63-93a4-481cc7931cbe,2026-09-07T00:14:47Z,FanDuel Sportsbook structured market feed,,VA,NFL,35609020,Atlanta Falcons @ Pittsburgh Steelers,2026-09-13T17:01:00.000Z,FanDuel,751.184018137,receptions,DK Metcalf - Total Receptions,,DK Metcalf,26036402,over,3.5,-130,1.769230769230769,0.5652173913043478,open,,,2026-09-07T00:14:47Z,,,,,v3-forward-measurement
0c4bc649-f199-43e1-bed9-72f9fcf9885a,fb6b43a6-fcb5-49ef-9b05-208ac6c429ef,2026-09-07T00:14:47Z,FanDuel Sportsbook structured market feed,,VA,NFL,35609020,Atlanta Falcons @ Pittsburgh Steelers,2026-09-13T17:01:00.000Z,FanDuel,751.184018137,receptions,DK Metcalf - Total Receptions,,DK Metcalf,26036403,under,3.5,-102,1.980392156862745,0.504950495049505,open,,,2026-09-07T00:14:47Z,,,,,v3-forward-measurement
0c4bc649-f199-43e1-bed9-72f9fcf9885a,b2bbe076-767d-40d7-ab07-cca83f1b38e3,2026-09-07T00:14:47Z,FanDuel Sportsbook structured market feed,,VA,NFL,35609020,Atlanta Falcons @ Pittsburgh Steelers,2026-09-13T17:01:00.000Z,FanDuel,751.184665025,receptions,Pat Freiermuth - Total Receptions,,Pat Freiermuth,40898371,over,2.5,-138,1.72463768115942,0.5798319327731093,open,,,2026-09-07T00:14:47Z,,,,,v3-forward-measurement
0c4bc649-f199-43e1-bed9-72f9fcf9885a,48dd5a3e-9836-4fa4-99d8-9089f3d6b7ab,2026-09-07T00:14:47Z,FanDuel Sportsbook structured market feed,,VA,NFL,35609020,Atlanta Falcons @ Pittsburgh Steelers,2026-09-13T17:01:00.000Z,FanDuel,751.184665025,receptions,Pat Freiermuth - Total Receptions,,Pat Freiermuth,40898373,under,2.5,104,2.04,0.49019607843137253,open,,,2026-09-07T00:14:47Z,,,,,v3-forward-measurement
0c4bc649-f199-43e1-bed9-72f9fcf9885a,82cc0299-d965-4ddf-b8a8-859d03bd5cd9,2026-09-07T00:14:47Z,FanDuel Sportsbook structured market feed,,VA,NFL,35609020,Atlanta Falcons @ Pittsburgh Steelers,2026-09-13T17:01:00.000Z,FanDuel,751.184665004,receptions,Rico Dowdle - Total Receptions,,Rico Dowdle,60414660,over,1.5,-148,1.675675675675676,0.5967741935483871,open,,,2026-09-07T00:14:47Z,,,,,v3-forward-measurement
0c4bc649-f199-43e1-bed9-72f9fcf9885a,926ebfff-ebc2-4354-be36-233c7abb48f6,2026-09-07T00:14:47Z,FanDuel Sportsbook structured market feed,,VA,NFL,35609020,Atlanta Falcons @ Pittsburgh Steelers,2026-09-13T17:01:00.000Z,FanDuel,751.184665004,receptions,Rico Dowdle - Total Receptions,,Rico Dowdle,60414648,under,1.5,112,2.12,0.4716981132075472,open,,,2026-09-07T00:14:47Z,,,,,v3-forward-measurement
0c4bc649-f199-43e1-bed9-72f9fcf9885a,9ae2f02b-e099-47f7-879a-4502d1af9103,2026-09-07T00:14:47Z,FanDuel Sportsbook structured market feed,,VA,NFL,35609020,Atlanta Falcons @ Pittsburgh Steelers,2026-09-13T17:01:00.000Z,FanDuel,751.184968974,receiving_yards,Jahan Dotson - Receiving Yds,,Jahan Dotson,41155779,over,18.5,-114,1.87719298245614,0.5327102803738317,open,,,2026-09-07T00:14:47Z,,,,,v3-forward-measurement
0c4bc649-f199-43e1-bed9-72f9fcf9885a,9e7c8c14-f5cc-4124-a555-6e2e974f4e56,2026-09-07T00:14:47Z,FanDuel Sportsbook structured market feed,,VA,NFL,35609020,Atlanta Falcons @ Pittsburgh Steelers,2026-09-13T17:01:00.000Z,FanDuel,751.184968974,receiving_yards,Jahan Dotson - Receiving Yds,,Jahan Dotson,41155780,under,18.5,-114,1.87719298245614,0.5327102803738317,open,,,2026-09-07T00:14:47Z,,,,,v3-forward-measurement
0c4bc649-f199-43e1-bed9-72f9fcf9885a,8c32a42d-3c56-4a42-bd16-5d5cdb4c2ca7,2026-09-07T00:14:47Z,FanDuel Sportsbook structured market feed,,VA,NFL,35609020,Atlanta Falcons @ Pittsburgh Steelers,2026-09-13T17:01:00.000Z,FanDuel,751.184024147,receptions,Kyle Pitts - Total Receptions,,Kyle Pitts,40878305,over,4.5,100,2,0.5,open,,,2026-09-07T00:14:47Z,,,,,v3-forward-measurement
0c4bc649-f199-43e1-bed9-72f9fcf9885a,b461c31c-d26a-43b8-891c-81de2d7e7c5b,2026-09-07T00:14:47Z,FanDuel Sportsbook structured market feed,,VA,NFL,35609020,Atlanta Falcons @ Pittsburgh Steelers,2026-09-13T17:01:00.000Z,FanDuel,751.184024147,receptions,Kyle Pitts - Total Receptions,,Kyle Pitts,40878308,under,4.5,-132,1.757575757575758,0.5689655172413793,open,,,2026-09-07T00:14:47Z,,,,,v3-forward-measurement
0c4bc649-f199-43e1-bed9-72f9fcf9885a,e4140bf2-2434-4e28-b812-02c771b2c905,2026-09-07T00:14:47Z,FanDuel Sportsbook structured market feed,,VA,NFL,35609020,Atlanta Falcons @ Pittsburgh Steelers,2026-09-13T17:01:00.000Z,FanDuel,751.184968975,receptions,Jahan Dotson - Total Receptions,,Jahan Dotson,41155779,over,1.5,-172,1.581395348837209,0.6323529411764706,open,,,2026-09-07T00:14:47Z,,,,,v3-forward-measurement
0c4bc649-f199-43e1-bed9-72f9fcf9885a,ad00eeab-5412-4fe1-bbcc-4d1c469eba48,2026-09-07T00:14:47Z,FanDuel Sportsbook structured market feed,,VA,NFL,35609020,Atlanta Falcons @ Pittsburgh Steelers,2026-09-13T17:01:00.000Z,FanDuel,751.184968975,receptions,Jahan Dotson - Total Receptions,,Jahan Dotson,41155780,under,1.5,128,2.28,0.43859649122807015,open,,,2026-09-07T00:14:47Z,,,,,v3-forward-measurement
0c4bc649-f199-43e1-bed9-72f9fcf9885a,6d8a4961-f655-43e8-bdd6-c999249704fd,2026-09-07T00:14:47Z,FanDuel Sportsbook structured market feed,,VA,NFL,35609020,Atlanta Falcons @ Pittsburgh Steelers,2026-09-13T17:01:00.000Z,FanDuel,751.184024145,receiving_yards,Kyle Pitts - Receiving Yds,,Kyle Pitts,40878305,over,43.5,-114,1.87719298245614,0.5327102803738317,open,,,2026-09-07T00:14:47Z,,,,,v3-forward-measurement
0c4bc649-f199-43e1-bed9-72f9fcf9885a,096d0181-5859-43ee-9d9f-a403437891d7,2026-09-07T00:14:47Z,FanDuel Sportsbook structured market feed,,VA,NFL,35609020,Atlanta Falcons @ Pittsburgh Steelers,2026-09-13T17:01:00.000Z,FanDuel,751.184024145,receiving_yards,Kyle Pitts - Receiving Yds,,Kyle Pitts,40878308,under,43.5,-114,1.87719298245614,0.5327102803738317,open,,,2026-09-07T00:14:47Z,,,,,v3-forward-measurement
0c4bc649-f199-43e1-bed9-72f9fcf9885a,e89a8b1a-7466-46a0-9a15-89cac55c7053,2026-09-07T00:14:47Z,FanDuel Sportsbook structured market feed,,VA,NFL,35609020,Atlanta Falcons @ Pittsburgh Steelers,2026-09-13T17:01:00.000Z,FanDuel,751.184024363,receptions,Bijan Robinson - Total Receptions,,Bijan Robinson,41066843,over,4.5,106,2.06,0.4854368932038835,open,,,2026-09-07T00:14:47Z,,,,,v3-forward-measurement
0c4bc649-f199-43e1-bed9-72f9fcf9885a,3bb988fc-78cd-43f9-8903-38d2521cfa6e,2026-09-07T00:14:47Z,FanDuel Sportsbook structured market feed,,VA,NFL,35609020,Atlanta Falcons @ Pittsburgh Steelers,2026-09-13T17:01:00.000Z,FanDuel,751.184024363,receptions,Bijan Robinson - Total Receptions,,Bijan Robinson,41066848,under,4.5,-140,1.714285714285714,0.5833333333333334,open,,,2026-09-07T00:14:47Z,,,,,v3-forward-measurement
0c4bc649-f199-43e1-bed9-72f9fcf9885a,b057e547-661a-46a9-9ec0-b28fcf2f773b,2026-09-07T00:14:47Z,FanDuel Sportsbook structured market feed,,VA,NFL,35609020,Atlanta Falcons @ Pittsburgh Steelers,2026-09-13T17:01:00.000Z,FanDuel,751.184018133,receptions,Drake London - Total Receptions,,Drake London,41172406,over,5.5,-125,1.8,0.5555555555555556,open,,,2026-09-07T00:14:47Z,,,,,v3-forward-measurement
0c4bc649-f199-43e1-bed9-72f9fcf9885a,f4ca67ea-e7bb-4396-96ce-1c825852b5a8,2026-09-07T00:14:47Z,FanDuel Sportsbook structured market feed,,VA,NFL,35609020,Atlanta Falcons @ Pittsburgh Steelers,2026-09-13T17:01:00.000Z,FanDuel,751.184018133,receptions,Drake London - Total Receptions,,Drake London,41172405,under,5.5,-106,1.943396226415094,0.5145631067961165,open,,,2026-09-07T00:14:47Z,,,,,v3-forward-measurement
0c4bc649-f199-43e1-bed9-72f9fcf9885a,c1428b88-5417-4980-af17-4f08435e75a8,2026-09-07T00:14:47Z,FanDuel Sportsbook structured market feed,,VA,NFL,35609020,Atlanta Falcons @ Pittsburgh Steelers,2026-09-13T17:01:00.000Z,FanDuel,751.184018129,receiving_yards,Drake London - Receiving Yds,,Drake London,41172406,over,64.5,-114,1.87719298245614,0.5327102803738317,open,,,2026-09-07T00:14:47Z,,,,,v3-forward-measurement
0c4bc649-f199-43e1-bed9-72f9fcf9885a,09b735e3-7571-4e33-b05d-9246768502ff,2026-09-07T00:14:47Z,FanDuel Sportsbook structured market feed,,VA,NFL,35609020,Atlanta Falcons @ Pittsburgh Steelers,2026-09-13T17:01:00.000Z,FanDuel,751.184018129,receiving_yards,Drake London - Receiving Yds,,Drake London,41172405,under,64.5,-114,1.87719298245614,0.5327102803738317,open,,,2026-09-07T00:14:47Z,,,,,v3-forward-measurement
0c4bc649-f199-43e1-bed9-72f9fcf9885a,c147039c-bb45-4d00-a7f9-307cf4898b9c,2026-09-07T00:14:47Z,FanDuel Sportsbook structured market feed,,VA,NFL,35609020,Atlanta Falcons @ Pittsburgh Steelers,2026-09-13T17:01:00.000Z,FanDuel,751.184665033,receptions,Jaylen Warren - Total Receptions,,Jaylen Warren,41173071,over,2.5,-114,1.87719298245614,0.5327102803738317,open,,,2026-09-07T00:14:47Z,,,,,v3-forward-measurement
0c4bc649-f199-43e1-bed9-72f9fcf9885a,9083c59e-7059-4873-a3c6-5f3592fe2987,2026-09-07T00:14:47Z,FanDuel Sportsbook structured market feed,,VA,NFL,35609020,Atlanta Falcons @ Pittsburgh Steelers,2026-09-13T17:01:00.000Z,FanDuel,751.184665033,receptions,Jaylen Warren - Total Receptions,,Jaylen Warren,41173070,under,2.5,-114,1.87719298245614,0.5327102803738317,open,,,2026-09-07T00:14:47Z,,,,,v3-forward-measurement
0c4bc649-f199-43e1-bed9-72f9fcf9885a,ae0372bd-6bc1-4a5d-b734-fe75da74da6f,2026-09-07T00:14:47Z,FanDuel Sportsbook structured market feed,,VA,NFL,35609020,Atlanta Falcons @ Pittsburgh Steelers,2026-09-13T17:01:00.000Z,FanDuel,751.184018122,receiving_yards,DK Metcalf - Receiving Yds,,DK Metcalf,26036402,over,46.5,-114,1.87719298245614,0.5327102803738317,open,,,2026-09-07T00:14:47Z,,,,,v3-forward-measurement
0c4bc649-f199-43e1-bed9-72f9fcf9885a,b6692530-0af0-420a-b8e6-49c7f08fccb0,2026-09-07T00:14:47Z,FanDuel Sportsbook structured market feed,,VA,NFL,35609020,Atlanta Falcons @ Pittsburgh Steelers,2026-09-13T17:01:00.000Z,FanDuel,751.184018122,receiving_yards,DK Metcalf - Receiving Yds,,DK Metcalf,26036403,under,46.5,-114,1.87719298245614,0.5327102803738317,open,,,2026-09-07T00:14:47Z,,,,,v3-forward-measurement
0c4bc649-f199-43e1-bed9-72f9fcf9885a,53ce5eec-5506-4a4b-af4b-00024f545fbd,2026-09-07T00:14:47Z,FanDuel Sportsbook structured market feed,,VA,NFL,35609020,Atlanta Falcons @ Pittsburgh Steelers,2026-09-13T17:01:00.000Z,FanDuel,751.184665031,receiving_yards,Rico Dowdle - Receiving Yds,,Rico Dowdle,60414660,over,10.5,-114,1.87719298245614,0.5327102803738317,open,,,2026-09-07T00:14:47Z,,,,,v3-forward-measurement
0c4bc649-f199-43e1-bed9-72f9fcf9885a,5d6e2026-8a04-4c67-862c-732895bf0306,2026-09-07T00:14:47Z,FanDuel Sportsbook structured market feed,,VA,NFL,35609020,Atlanta Falcons @ Pittsburgh Steelers,2026-09-13T17:01:00.000Z,FanDuel,751.184665031,receiving_yards,Rico Dowdle - Receiving Yds,,Rico Dowdle,60414648,under,10.5,-114,1.87719298245614,0.5327102803738317,open,,,2026-09-07T00:14:47Z,,,,,v3-forward-measurement
0c4bc649-f199-43e1-bed9-72f9fcf9885a,30269129-8111-4a80-8277-d092f8be8489,2026-09-07T00:14:47Z,FanDuel Sportsbook structured market feed,,VA,NFL,35609020,Atlanta Falcons @ Pittsburgh Steelers,2026-09-13T17:01:00.000Z,FanDuel,751.184022875,receiving_yards,Bijan Robinson - Receiving Yds,,Bijan Robinson,41066843,over,37.5,-114,1.87719298245614,0.5327102803738317,open,,,2026-09-07T00:14:47Z,,,,,v3-forward-measurement
0c4bc649-f199-43e1-bed9-72f9fcf9885a,16607b28-71de-49e3-9b9b-a51333fd8f9c,2026-09-07T00:14:47Z,FanDuel Sportsbook structured market feed,,VA,NFL,35609020,Atlanta Falcons @ Pittsburgh Steelers,2026-09-13T17:01:00.000Z,FanDuel,751.184022875,receiving_yards,Bijan Robinson - Receiving Yds,,Bijan Robinson,41066848,under,37.5,-114,1.87719298245614,0.5327102803738317,open,,,2026-09-07T00:14:47Z,,,,,v3-forward-measurement
0c4bc649-f199-43e1-bed9-72f9fcf9885a,786ffc3a-d4c5-48c8-8b04-1fa14c73ed22,2026-09-07T00:14:47Z,FanDuel Sportsbook structured market feed,,VA,NFL,35609020,Atlanta Falcons @ Pittsburgh Steelers,2026-09-13T17:01:00.000Z,FanDuel,751.184023667,receptions,Michael Pittman Jr. - Total Receptions,,Michael Pittman Jr.,36175140,over,3.5,-188,1.531914893617021,0.6527777777777778,open,,,2026-09-07T00:14:47Z,,,,,v3-forward-measurement
0c4bc649-f199-43e1-bed9-72f9fcf9885a,bccade62-eb72-4246-bde1-c19161eba6ed,2026-09-07T00:14:47Z,FanDuel Sportsbook structured market feed,,VA,NFL,35609020,Atlanta Falcons @ Pittsburgh Steelers,2026-09-13T17:01:00.000Z,FanDuel,751.184023667,receptions,Michael Pittman Jr. - Total Receptions,,Michael Pittman Jr.,36175141,under,3.5,140,2.4,0.4166666666666667,open,,,2026-09-07T00:14:47Z,,,,,v3-forward-measurement
0c4bc649-f199-43e1-bed9-72f9fcf9885a,e63dee07-9219-4ecd-8fa6-59d662cfd076,2026-09-07T00:14:47Z,FanDuel Sportsbook structured market feed,,VA,NFL,35609020,Atlanta Falcons @ Pittsburgh Steelers,2026-09-13T17:01:00.000Z,FanDuel,751.184023668,receiving_yards,Michael Pittman Jr. - Receiving Yds,,Michael Pittman Jr.,36175140,over,38.5,-114,1.87719298245614,0.5327102803738317,open,,,2026-09-07T00:14:47Z,,,,,v3-forward-measurement
0c4bc649-f199-43e1-bed9-72f9fcf9885a,bd94e9f0-59ae-443d-98e8-3b5990845ddd,2026-09-07T00:14:47Z,FanDuel Sportsbook structured market feed,,VA,NFL,35609020,Atlanta Falcons @ Pittsburgh Steelers,2026-09-13T17:01:00.000Z,FanDuel,751.184023668,receiving_yards,Michael Pittman Jr. - Receiving Yds,,Michael Pittman Jr.,36175141,under,38.5,-114,1.87719298245614,0.5327102803738317,open,,,2026-09-07T00:14:47Z,,,,,v3-forward-measurement
6fc9c325-bf0b-4d72-abee-1f104d0aef99,c0291f0b-45d0-42af-9881-0624a129b5ba,2026-09-07T00:14:47Z,FanDuel Sportsbook structured market feed,,VA,NFL,35609021,New York Jets @ Tennessee Titans,2026-09-13T17:01:00.000Z,FanDuel,751.183999097,passing_yards,Cam Ward - Passing Yds,,Cam Ward,87765275,over,201.5,-114,1.87719298245614,0.5327102803738317,open,,,2026-09-07T00:14:47Z,,,,,v3-forward-measurement
6fc9c325-bf0b-4d72-abee-1f104d0aef99,f063ee10-9383-4958-b0ea-8fe04645d787,2026-09-07T00:14:47Z,FanDuel Sportsbook structured market feed,,VA,NFL,35609021,New York Jets @ Tennessee Titans,2026-09-13T17:01:00.000Z,FanDuel,751.183999097,passing_yards,Cam Ward - Passing Yds,,Cam Ward,87765263,under,201.5,-114,1.87719298245614,0.5327102803738317,open,,,2026-09-07T00:14:47Z,,,,,v3-forward-measurement
6fc9c325-bf0b-4d72-abee-1f104d0aef99,ba771b38-0f69-41bd-809c-0c0da3db9bab,2026-09-07T00:14:47Z,FanDuel Sportsbook structured market feed,,VA,NFL,35609021,New York Jets @ Tennessee Titans,2026-09-13T17:01:00.000Z,FanDuel,751.183999122,passing_touchdowns,Cam Ward - Passing TDs,,Cam Ward,87765275,over,1.5,174,2.74,0.36496350364963503,open,,,2026-09-07T00:14:47Z,,,,,v3-forward-measurement
6fc9c325-bf0b-4d72-abee-1f104d0aef99,ead167a8-9a52-4a97-8a8c-6bcb64e06876,2026-09-07T00:14:47Z,FanDuel Sportsbook structured market feed,,VA,NFL,35609021,New York Jets @ Tennessee Titans,2026-09-13T17:01:00.000Z,FanDuel,751.183999122,passing_touchdowns,Cam Ward - Passing TDs,,Cam Ward,87765263,under,1.5,-240,1.416666666666667,0.7058823529411765,open,,,2026-09-07T00:14:47Z,,,,,v3-forward-measurement
6fc9c325-bf0b-4d72-abee-1f104d0aef99,7c5f8b61-c455-4833-8795-4a3e64f6737b,2026-09-07T00:14:47Z,FanDuel Sportsbook structured market feed,,VA,NFL,35609021,New York Jets @ Tennessee Titans,2026-09-13T17:01:00.000Z,FanDuel,751.183999047,passing_yards,Geno Smith - Passing Yds,,Geno Smith,12004381,over,212.5,-114,1.87719298245614,0.5327102803738317,open,,,2026-09-07T00:14:47Z,,,,,v3-forward-measurement
6fc9c325-bf0b-4d72-abee-1f104d0aef99,371b89b6-9bff-4d56-8ecc-8a8313f3957d,2026-09-07T00:14:47Z,FanDuel Sportsbook structured market feed,,VA,NFL,35609021,New York Jets @ Tennessee Titans,2026-09-13T17:01:00.000Z,FanDuel,751.183999047,passing_yards,Geno Smith - Passing Yds,,Geno Smith,12004382,under,212.5,-114,1.87719298245614,0.5327102803738317,open,,,2026-09-07T00:14:47Z,,,,,v3-forward-measurement
6fc9c325-bf0b-4d72-abee-1f104d0aef99,7223c870-5acd-4972-aa91-e36f0b0399e2,2026-09-07T00:14:47Z,FanDuel Sportsbook structured market feed,,VA,NFL,35609021,New York Jets @ Tennessee Titans,2026-09-13T17:01:00.000Z,FanDuel,751.183998992,passing_touchdowns,Geno Smith - Passing TDs,,Geno Smith,12004381,over,0.5,-270,1.37037037037037,0.7297297297297297,open,,,2026-09-07T00:14:47Z,,,,,v3-forward-measurement
6fc9c325-bf0b-4d72-abee-1f104d0aef99,28178cd7-2ee7-499d-8f7e-a19e0ea37d5d,2026-09-07T00:14:47Z,FanDuel Sportsbook structured market feed,,VA,NFL,35609021,New York Jets @ Tennessee Titans,2026-09-13T17:01:00.000Z,FanDuel,751.183998992,passing_touchdowns,Geno Smith - Passing TDs,,Geno Smith,12004382,under,0.5,194,2.94,0.3401360544217687,open,,,2026-09-07T00:14:47Z,,,,,v3-forward-measurement
0ac0c996-b4ac-4674-bb0d-9d5ce1caff67,b3572511-a55c-4fbb-8ba1-6fd051b01631,2026-09-07T00:14:47Z,FanDuel Sportsbook structured market feed,,VA,NFL,35609021,New York Jets @ Tennessee Titans,2026-09-13T17:01:00.000Z,FanDuel,751.184002847,rushing_yards,Breece Hall - Rushing Yds,,Breece Hall,41075120,over,64.5,-114,1.87719298245614,0.5327102803738317,open,,,2026-09-07T00:14:47Z,,,,,v3-forward-measurement
0ac0c996-b4ac-4674-bb0d-9d5ce1caff67,25bed926-988b-4d9b-8aff-c3901cf4db6f,2026-09-07T00:14:47Z,FanDuel Sportsbook structured market feed,,VA,NFL,35609021,New York Jets @ Tennessee Titans,2026-09-13T17:01:00.000Z,FanDuel,751.184002847,rushing_yards,Breece Hall - Rushing Yds,,Breece Hall,41075121,under,64.5,-114,1.87719298245614,0.5327102803738317,open,,,2026-09-07T00:14:47Z,,,,,v3-forward-measurement
0ac0c996-b4ac-4674-bb0d-9d5ce1caff67,19de4ca4-3fdd-4fa6-968a-cc7f43954382,2026-09-07T00:14:47Z,FanDuel Sportsbook structured market feed,,VA,NFL,35609021,New York Jets @ Tennessee Titans,2026-09-13T17:01:00.000Z,FanDuel,751.184003487,rushing_yards,Geno Smith - Rushing Yds,,Geno Smith,12004381,over,5.5,-114,1.87719298245614,0.5327102803738317,open,,,2026-09-07T00:14:47Z,,,,,v3-forward-measurement
0ac0c996-b4ac-4674-bb0d-9d5ce1caff67,c98ee6c1-144a-4cee-8179-40f187efd29c,2026-09-07T00:14:47Z,FanDuel Sportsbook structured market feed,,VA,NFL,35609021,New York Jets @ Tennessee Titans,2026-09-13T17:01:00.000Z,FanDuel,751.184003487,rushing_yards,Geno Smith - Rushing Yds,,Geno Smith,12004382,under,5.5,-114,1.87719298245614,0.5327102803738317,open,,,2026-09-07T00:14:47Z,,,,,v3-forward-measurement
0ac0c996-b4ac-4674-bb0d-9d5ce1caff67,5b4418c2-6920-4cfb-a278-2e9ffdae923e,2026-09-07T00:14:47Z,FanDuel Sportsbook structured market feed,,VA,NFL,35609021,New York Jets @ Tennessee Titans,2026-09-13T17:01:00.000Z,FanDuel,751.184003488,rushing_yards,Cam Ward - Rushing Yds,,Cam Ward,87765275,over,8.5,-114,1.87719298245614,0.5327102803738317,open,,,2026-09-07T00:14:47Z,,,,,v3-forward-measurement
0ac0c996-b4ac-4674-bb0d-9d5ce1caff67,ff7656c8-2c88-4fa1-b2d9-a9965153c80a,2026-09-07T00:14:47Z,FanDuel Sportsbook structured market feed,,VA,NFL,35609021,New York Jets @ Tennessee Titans,2026-09-13T17:01:00.000Z,FanDuel,751.184003488,rushing_yards,Cam Ward - Rushing Yds,,Cam Ward,87765263,under,8.5,-114,1.87719298245614,0.5327102803738317,open,,,2026-09-07T00:14:47Z,,,,,v3-forward-measurement
0ac0c996-b4ac-4674-bb0d-9d5ce1caff67,20e80731-fd81-4a27-9339-dfa183ed2362,2026-09-07T00:14:47Z,FanDuel Sportsbook structured market feed,,VA,NFL,35609021,New York Jets @ Tennessee Titans,2026-09-13T17:01:00.000Z,FanDuel,751.184985098,rushing_yards,Braelon Allen - Rushing Yds,,Braelon Allen,41500946,over,17.5,-114,1.87719298245614,0.5327102803738317,open,,,2026-09-07T00:14:47Z,,,,,v3-forward-measurement
0ac0c996-b4ac-4674-bb0d-9d5ce1caff67,b7f8d9e4-70db-4bb1-b35d-18949d8883c5,2026-09-07T00:14:47Z,FanDuel Sportsbook structured market feed,,VA,NFL,35609021,New York Jets @ Tennessee Titans,2026-09-13T17:01:00.000Z,FanDuel,751.184985098,rushing_yards,Braelon Allen - Rushing Yds,,Braelon Allen,41500945,under,17.5,-114,1.87719298245614,0.5327102803738317,open,,,2026-09-07T00:14:47Z,,,,,v3-forward-measurement
0ac0c996-b4ac-4674-bb0d-9d5ce1caff67,377792a4-a65d-416b-b575-e129cef8ebe6,2026-09-07T00:14:47Z,FanDuel Sportsbook structured market feed,,VA,NFL,35609021,New York Jets @ Tennessee Titans,2026-09-13T17:01:00.000Z,FanDuel,751.184002843,rushing_yards,Tony Pollard - Rushing Yds,,Tony Pollard,26271306,over,54.5,-114,1.87719298245614,0.5327102803738317,open,,,2026-09-07T00:14:47Z,,,,,v3-forward-measurement
0ac0c996-b4ac-4674-bb0d-9d5ce1caff67,0d53dc62-f303-468b-a0cf-701e817952a7,2026-09-07T00:14:47Z,FanDuel Sportsbook structured market feed,,VA,NFL,35609021,New York Jets @ Tennessee Titans,2026-09-13T17:01:00.000Z,FanDuel,751.184002843,rushing_yards,Tony Pollard - Rushing Yds,,Tony Pollard,26271307,under,54.5,-114,1.87719298245614,0.5327102803738317,open,,,2026-09-07T00:14:47Z,,,,,v3-forward-measurement
0ac0c996-b4ac-4674-bb0d-9d5ce1caff67,b7f250b2-7a68-4f0f-aa83-6a8a86d356c4,2026-09-07T00:14:47Z,FanDuel Sportsbook structured market feed,,VA,NFL,35609021,New York Jets @ Tennessee Titans,2026-09-13T17:01:00.000Z,FanDuel,751.184985095,rushing_yards,Tyjae Spears - Rushing Yds,,Tyjae Spears,48895401,over,20.5,-114,1.87719298245614,0.5327102803738317,open,,,2026-09-07T00:14:47Z,,,,,v3-forward-measurement
0ac0c996-b4ac-4674-bb0d-9d5ce1caff67,ea66b094-832b-4a55-a238-b281a8475262,2026-09-07T00:14:47Z,FanDuel Sportsbook structured market feed,,VA,NFL,35609021,New York Jets @ Tennessee Titans,2026-09-13T17:01:00.000Z,FanDuel,751.184985095,rushing_yards,Tyjae Spears - Rushing Yds,,Tyjae Spears,48895398,under,20.5,-114,1.87719298245614,0.5327102803738317,open,,,2026-09-07T00:14:47Z,,,,,v3-forward-measurement
48eae4dc-cbd4-444f-a03e-581d9ebb2494,b5573e50-0518-4937-b3c1-9d38177b066f,2026-09-07T00:14:47Z,FanDuel Sportsbook structured market feed,,VA,NFL,35609021,New York Jets @ Tennessee Titans,2026-09-13T17:01:00.000Z,FanDuel,751.184984424,receiving_yards,Gunnar Helm - Receiving Yds,,Gunnar Helm,89546913,over,24.5,-114,1.87719298245614,0.5327102803738317,open,,,2026-09-07T00:14:47Z,,,,,v3-forward-measurement
48eae4dc-cbd4-444f-a03e-581d9ebb2494,eaaab51c-9367-4692-8dc6-641275e2900a,2026-09-07T00:14:47Z,FanDuel Sportsbook structured market feed,,VA,NFL,35609021,New York Jets @ Tennessee Titans,2026-09-13T17:01:00.000Z,FanDuel,751.184984424,receiving_yards,Gunnar Helm - Receiving Yds,,Gunnar Helm,89546948,under,24.5,-114,1.87719298245614,0.5327102803738317,open,,,2026-09-07T00:14:47Z,,,,,v3-forward-measurement
48eae4dc-cbd4-444f-a03e-581d9ebb2494,409e2987-6400-410c-b5a8-3cbe1dffcca0,2026-09-07T00:14:47Z,FanDuel Sportsbook structured market feed,,VA,NFL,35609021,New York Jets @ Tennessee Titans,2026-09-13T17:01:00.000Z,FanDuel,751.184004692,receptions,Breece Hall - Total Receptions,,Breece Hall,41075120,over,2.5,-102,1.980392156862745,0.504950495049505,open,,,2026-09-07T00:14:47Z,,,,,v3-forward-measurement
48eae4dc-cbd4-444f-a03e-581d9ebb2494,b35be07c-d1f2-4ae5-afe9-0baffa385938,2026-09-07T00:14:47Z,FanDuel Sportsbook structured market feed,,VA,NFL,35609021,New York Jets @ Tennessee Titans,2026-09-13T17:01:00.000Z,FanDuel,751.184004692,receptions,Breece Hall - Total Receptions,,Breece Hall,41075121,under,2.5,-130,1.769230769230769,0.5652173913043478,open,,,2026-09-07T00:14:47Z,,,,,v3-forward-measurement
48eae4dc-cbd4-444f-a03e-581d9ebb2494,a1032661-e675-44f5-b3df-568d8aee8a39,2026-09-07T00:14:47Z,FanDuel Sportsbook structured market feed,,VA,NFL,35609021,New York Jets @ Tennessee Titans,2026-09-13T17:01:00.000Z,FanDuel,751.184004318,receptions,Carnell Tate - Total Receptions,,Carnell Tate,102332617,over,3.5,-108,1.925925925925926,0.5192307692307693,open,,,2026-09-07T00:14:47Z,,,,,v3-forward-measurement
48eae4dc-cbd4-444f-a03e-581d9ebb2494,467a2ebd-024e-4b08-a08e-4f80c033fc04,2026-09-07T00:14:47Z,FanDuel Sportsbook structured market feed,,VA,NFL,35609021,New York Jets @ Tennessee Titans,2026-09-13T17:01:00.000Z,FanDuel,751.184004318,receptions,Carnell Tate - Total Receptions,,Carnell Tate,102332624,under,3.5,-122,1.819672131147541,0.5495495495495496,open,,,2026-09-07T00:14:47Z,,,,,v3-forward-measurement
48eae4dc-cbd4-444f-a03e-581d9ebb2494,478344d2-3ae4-42ce-b9d6-dc7aab5dfb98,2026-09-07T00:14:47Z,FanDuel Sportsbook structured market feed,,VA,NFL,35609021,New York Jets @ Tennessee Titans,2026-09-13T17:01:00.000Z,FanDuel,751.184921679,receptions,Adonai Mitchell - Total Receptions,,Adonai Mitchell,48048058,over,2.5,-138,1.72463768115942,0.5798319327731093,open,,,2026-09-07T00:14:47Z,,,,,v3-forward-measurement
48eae4dc-cbd4-444f-a03e-581d9ebb2494,edeb676a-db2d-4b30-ab46-5cf690f42d15,2026-09-07T00:14:47Z,FanDuel Sportsbook structured market feed,,VA,NFL,35609021,New York Jets @ Tennessee Titans,2026-09-13T17:01:00.000Z,FanDuel,751.184921679,receptions,Adonai Mitchell - Total Receptions,,Adonai Mitchell,48048062,under,2.5,104,2.04,0.49019607843137253,open,,,2026-09-07T00:14:47Z,,,,,v3-forward-measurement
48eae4dc-cbd4-444f-a03e-581d9ebb2494,ac549709-d8e4-4f26-a5c1-71cd8b1fab97,2026-09-07T00:14:47Z,FanDuel Sportsbook structured market feed,,VA,NFL,35609021,New York Jets @ Tennessee Titans,2026-09-13T17:01:00.000Z,FanDuel,751.184004319,receiving_yards,Carnell Tate - Receiving Yds,,Carnell Tate,102332617,over,40.5,-114,1.87719298245614,0.5327102803738317,open,,,2026-09-07T00:14:47Z,,,,,v3-forward-measurement
48eae4dc-cbd4-444f-a03e-581d9ebb2494,fa6a84a3-0b94-4e9c-a064-f1045792a398,2026-09-07T00:14:47Z,FanDuel Sportsbook structured market feed,,VA,NFL,35609021,New York Jets @ Tennessee Titans,2026-09-13T17:01:00.000Z,FanDuel,751.184004319,receiving_yards,Carnell Tate - Receiving Yds,,Carnell Tate,102332624,under,40.5,-114,1.87719298245614,0.5327102803738317,open,,,2026-09-07T00:14:47Z,,,,,v3-forward-measurement
48eae4dc-cbd4-444f-a03e-581d9ebb2494,82b07f62-3d1f-4828-af51-bbb1790d43c3,2026-09-07T00:14:47Z,FanDuel Sportsbook structured market feed,,VA,NFL,35609021,New York Jets @ Tennessee Titans,2026-09-13T17:01:00.000Z,FanDuel,751.184003904,receptions,Wan'Dale Robinson - Total Receptions,,Wan'Dale Robinson,41073264,over,4.5,106,2.06,0.4854368932038835,open,,,2026-09-07T00:14:47Z,,,,,v3-forward-measurement
48eae4dc-cbd4-444f-a03e-581d9ebb2494,6d5bb0ec-6cc0-4672-9ac6-4d73c06252c0,2026-09-07T00:14:47Z,FanDuel Sportsbook structured market feed,,VA,NFL,35609021,New York Jets @ Tennessee Titans,2026-09-13T17:01:00.000Z,FanDuel,751.184003904,receptions,Wan'Dale Robinson - Total Receptions,,Wan'Dale Robinson,41073263,under,4.5,-140,1.714285714285714,0.5833333333333334,open,,,2026-09-07T00:14:47Z,,,,,v3-forward-measurement
48eae4dc-cbd4-444f-a03e-581d9ebb2494,767678f3-d3e7-42ac-8bdc-318e67f366e6,2026-09-07T00:14:47Z,FanDuel Sportsbook structured market feed,,VA,NFL,35609021,New York Jets @ Tennessee Titans,2026-09-13T17:01:00.000Z,FanDuel,751.184984420,receptions,Gunnar Helm - Total Receptions,,Gunnar Helm,89546913,over,2.5,-158,1.632911392405063,0.6124031007751938,open,,,2026-09-07T00:14:47Z,,,,,v3-forward-measurement
48eae4dc-cbd4-444f-a03e-581d9ebb2494,d3a2664e-3845-4ce4-8bd9-b2e10ecf0e51,2026-09-07T00:14:47Z,FanDuel Sportsbook structured market feed,,VA,NFL,35609021,New York Jets @ Tennessee Titans,2026-09-13T17:01:00.000Z,FanDuel,751.184984420,receptions,Gunnar Helm - Total Receptions,,Gunnar Helm,89546948,under,2.5,118,2.18,0.45871559633027525,open,,,2026-09-07T00:14:47Z,,,,,v3-forward-measurement
48eae4dc-cbd4-444f-a03e-581d9ebb2494,7c667ab9-d377-429f-abca-80727465cf14,2026-09-07T00:14:47Z,FanDuel Sportsbook structured market feed,,VA,NFL,35609021,New York Jets @ Tennessee Titans,2026-09-13T17:01:00.000Z,FanDuel,751.184984313,receiving_yards,Calvin Ridley - Receiving Yds,,Calvin Ridley,12302575,over,27.5,-114,1.87719298245614,0.5327102803738317,open,,,2026-09-07T00:14:47Z,,,,,v3-forward-measurement
48eae4dc-cbd4-444f-a03e-581d9ebb2494,dda8b37d-2af8-4453-859d-fb80081fec05,2026-09-07T00:14:47Z,FanDuel Sportsbook structured market feed,,VA,NFL,35609021,New York Jets @ Tennessee Titans,2026-09-13T17:01:00.000Z,FanDuel,751.184984313,receiving_yards,Calvin Ridley - Receiving Yds,,Calvin Ridley,12302576,under,27.5,-114,1.87719298245614,0.5327102803738317,open,,,2026-09-07T00:14:47Z,,,,,v3-forward-measurement
48eae4dc-cbd4-444f-a03e-581d9ebb2494,b7ff041a-747f-4afd-a2d2-afca17bf8a54,2026-09-07T00:14:47Z,FanDuel Sportsbook structured market feed,,VA,NFL,35609021,New York Jets @ Tennessee Titans,2026-09-13T17:01:00.000Z,FanDuel,751.184984312,receptions,Calvin Ridley - Total Receptions,,Calvin Ridley,12302575,over,2.5,140,2.4,0.4166666666666667,open,,,2026-09-07T00:14:47Z,,,,,v3-forward-measurement
48eae4dc-cbd4-444f-a03e-581d9ebb2494,6bc58386-c664-4cb0-a581-3839dc002a33,2026-09-07T00:14:47Z,FanDuel Sportsbook structured market feed,,VA,NFL,35609021,New York Jets @ Tennessee Titans,2026-09-13T17:01:00.000Z,FanDuel,751.184984312,receptions,Calvin Ridley - Total Receptions,,Calvin Ridley,12302576,under,2.5,-188,1.531914893617021,0.6527777777777778,open,,,2026-09-07T00:14:47Z,,,,,v3-forward-measurement
48eae4dc-cbd4-444f-a03e-581d9ebb2494,8f6d2caa-ee70-4fb8-99f3-a9d1446e0883,2026-09-07T00:14:47Z,FanDuel Sportsbook structured market feed,,VA,NFL,35609021,New York Jets @ Tennessee Titans,2026-09-13T17:01:00.000Z,FanDuel,751.184921689,receiving_yards,Adonai Mitchell - Receiving Yds,,Adonai Mitchell,48048058,over,32.5,-114,1.87719298245614,0.5327102803738317,open,,,2026-09-07T00:14:47Z,,,,,v3-forward-measurement
48eae4dc-cbd4-444f-a03e-581d9ebb2494,d92c676b-dd39-4d0d-81de-8a5d6ac71ed7,2026-09-07T00:14:47Z,FanDuel Sportsbook structured market feed,,VA,NFL,35609021,New York Jets @ Tennessee Titans,2026-09-13T17:01:00.000Z,FanDuel,751.184921689,receiving_yards,Adonai Mitchell - Receiving Yds,,Adonai Mitchell,48048062,under,32.5,-114,1.87719298245614,0.5327102803738317,open,,,2026-09-07T00:14:47Z,,,,,v3-forward-measurement
48eae4dc-cbd4-444f-a03e-581d9ebb2494,38033f36-b46b-4fc2-8bc5-c496e0791a94,2026-09-07T00:14:47Z,FanDuel Sportsbook structured market feed,,VA,NFL,35609021,New York Jets @ Tennessee Titans,2026-09-13T17:01:00.000Z,FanDuel,751.184003917,receptions,Garrett Wilson - Total Receptions,,Garrett Wilson,41158862,over,5.5,-114,1.87719298245614,0.5327102803738317,open,,,2026-09-07T00:14:47Z,,,,,v3-forward-measurement
48eae4dc-cbd4-444f-a03e-581d9ebb2494,8402f1ee-757e-42d5-ad27-5f4d85ad4fe2,2026-09-07T00:14:47Z,FanDuel Sportsbook structured market feed,,VA,NFL,35609021,New York Jets @ Tennessee Titans,2026-09-13T17:01:00.000Z,FanDuel,751.184003917,receptions,Garrett Wilson - Total Receptions,,Garrett Wilson,41158861,under,5.5,-114,1.87719298245614,0.5327102803738317,open,,,2026-09-07T00:14:47Z,,,,,v3-forward-measurement
48eae4dc-cbd4-444f-a03e-581d9ebb2494,2a9132bf-bc39-4f68-b39b-1c10355f5cd8,2026-09-07T00:14:47Z,FanDuel Sportsbook structured market feed,,VA,NFL,35609021,New York Jets @ Tennessee Titans,2026-09-13T17:01:00.000Z,FanDuel,751.184003918,receiving_yards,Wan'Dale Robinson - Receiving Yds,,Wan'Dale Robinson,41073264,over,41.5,-114,1.87719298245614,0.5327102803738317,open,,,2026-09-07T00:14:47Z,,,,,v3-forward-measurement
48eae4dc-cbd4-444f-a03e-581d9ebb2494,2f43994e-07c6-49fd-9ac9-c4eaaf6d2c36,2026-09-07T00:14:47Z,FanDuel Sportsbook structured market feed,,VA,NFL,35609021,New York Jets @ Tennessee Titans,2026-09-13T17:01:00.000Z,FanDuel,751.184003918,receiving_yards,Wan'Dale Robinson - Receiving Yds,,Wan'Dale Robinson,41073263,under,41.5,-114,1.87719298245614,0.5327102803738317,open,,,2026-09-07T00:14:47Z,,,,,v3-forward-measurement
48eae4dc-cbd4-444f-a03e-581d9ebb2494,07c12923-215f-4491-abcb-d7435ed9eb25,2026-09-07T00:14:47Z,FanDuel Sportsbook structured market feed,,VA,NFL,35609021,New York Jets @ Tennessee Titans,2026-09-13T17:01:00.000Z,FanDuel,751.184003915,receiving_yards,Garrett Wilson - Receiving Yds,,Garrett Wilson,41158862,over,61.5,-114,1.87719298245614,0.5327102803738317,open,,,2026-09-07T00:14:47Z,,,,,v3-forward-measurement
48eae4dc-cbd4-444f-a03e-581d9ebb2494,71d5b6c9-79c5-42bf-8f16-2b1a480b46ef,2026-09-07T00:14:47Z,FanDuel Sportsbook structured market feed,,VA,NFL,35609021,New York Jets @ Tennessee Titans,2026-09-13T17:01:00.000Z,FanDuel,751.184003915,receiving_yards,Garrett Wilson - Receiving Yds,,Garrett Wilson,41158861,under,61.5,-114,1.87719298245614,0.5327102803738317,open,,,2026-09-07T00:14:47Z,,,,,v3-forward-measurement
48eae4dc-cbd4-444f-a03e-581d9ebb2494,23a61a25-1d7e-4799-9997-57bf40990f64,2026-09-07T00:14:47Z,FanDuel Sportsbook structured market feed,,VA,NFL,35609021,New York Jets @ Tennessee Titans,2026-09-13T17:01:00.000Z,FanDuel,751.184004688,receiving_yards,Breece Hall - Receiving Yds,,Breece Hall,41075120,over,18.5,-114,1.87719298245614,0.5327102803738317,open,,,2026-09-07T00:14:47Z,,,,,v3-forward-measurement
48eae4dc-cbd4-444f-a03e-581d9ebb2494,6071b73f-0170-46c0-92b8-35114b1f286a,2026-09-07T00:14:47Z,FanDuel Sportsbook structured market feed,,VA,NFL,35609021,New York Jets @ Tennessee Titans,2026-09-13T17:01:00.000Z,FanDuel,751.184004688,receiving_yards,Breece Hall - Receiving Yds,,Breece Hall,41075121,under,18.5,-114,1.87719298245614,0.5327102803738317,open,,,2026-09-07T00:14:47Z,,,,,v3-forward-measurement
1df26f3e-de32-487a-b8dd-f48e12796a99,c28d223b-2740-4d77-9f34-b612d969be21,2026-09-07T00:14:47Z,FanDuel Sportsbook structured market feed,,VA,NFL,35609293,Washington Commanders @ Philadelphia Eagles,2026-09-13T20:25:00.000Z,FanDuel,751.183664687,passing_touchdowns,Jayden Daniels - Passing TDs,,Jayden Daniels,41161339,over,0.5,-250,1.4,0.7142857142857143,open,,,2026-09-07T00:14:47Z,,,,,v3-forward-measurement
1df26f3e-de32-487a-b8dd-f48e12796a99,35a9ad26-9d8a-4106-bad4-2a437415a04f,2026-09-07T00:14:47Z,FanDuel Sportsbook structured market feed,,VA,NFL,35609293,Washington Commanders @ Philadelphia Eagles,2026-09-13T20:25:00.000Z,FanDuel,751.183664687,passing_touchdowns,Jayden Daniels - Passing TDs,,Jayden Daniels,41161340,under,0.5,182,2.82,0.3546099290780142,open,,,2026-09-07T00:14:47Z,,,,,v3-forward-measurement
1df26f3e-de32-487a-b8dd-f48e12796a99,369fcb07-7822-4850-87c7-6f73e892eeaf,2026-09-07T00:14:47Z,FanDuel Sportsbook structured market feed,,VA,NFL,35609293,Washington Commanders @ Philadelphia Eagles,2026-09-13T20:25:00.000Z,FanDuel,751.183664641,passing_yards,Jalen Hurts - Passing Yds,,Jalen Hurts,12302543,over,214.5,-114,1.87719298245614,0.5327102803738317,open,,,2026-09-07T00:14:47Z,,,,,v3-forward-measurement
1df26f3e-de32-487a-b8dd-f48e12796a99,f3f24301-505e-42cb-811b-8fbc0056acee,2026-09-07T00:14:47Z,FanDuel Sportsbook structured market feed,,VA,NFL,35609293,Washington Commanders @ Philadelphia Eagles,2026-09-13T20:25:00.000Z,FanDuel,751.183664641,passing_yards,Jalen Hurts - Passing Yds,,Jalen Hurts,12302542,under,214.5,-114,1.87719298245614,0.5327102803738317,open,,,2026-09-07T00:14:47Z,,,,,v3-forward-measurement
1df26f3e-de32-487a-b8dd-f48e12796a99,1928a58f-2c5a-4004-a579-eb7349faa5e6,2026-09-07T00:14:47Z,FanDuel Sportsbook structured market feed,,VA,NFL,35609293,Washington Commanders @ Philadelphia Eagles,2026-09-13T20:25:00.000Z,FanDuel,751.183664552,passing_yards,Jayden Daniels - Passing Yds,,Jayden Daniels,41161339,over,205.5,-114,1.87719298245614,0.5327102803738317,open,,,2026-09-07T00:14:47Z,,,,,v3-forward-measurement
1df26f3e-de32-487a-b8dd-f48e12796a99,78c09f00-9a32-46e9-aaf3-41dc572a087a,2026-09-07T00:14:47Z,FanDuel Sportsbook structured market feed,,VA,NFL,35609293,Washington Commanders @ Philadelphia Eagles,2026-09-13T20:25:00.000Z,FanDuel,751.183664552,passing_yards,Jayden Daniels - Passing Yds,,Jayden Daniels,41161340,under,205.5,-114,1.87719298245614,0.5327102803738317,open,,,2026-09-07T00:14:47Z,,,,,v3-forward-measurement
1df26f3e-de32-487a-b8dd-f48e12796a99,617e4ec6-99f4-4bcc-97a4-2ae3131fbd9e,2026-09-07T00:14:47Z,FanDuel Sportsbook structured market feed,,VA,NFL,35609293,Washington Commanders @ Philadelphia Eagles,2026-09-13T20:25:00.000Z,FanDuel,751.183664629,passing_touchdowns,Jalen Hurts - Passing TDs,,Jalen Hurts,12302543,over,1.5,108,2.08,0.4807692307692308,open,,,2026-09-07T00:14:47Z,,,,,v3-forward-measurement
1df26f3e-de32-487a-b8dd-f48e12796a99,ec65ed7c-bff5-435d-9c15-54ee646907f6,2026-09-07T00:14:47Z,FanDuel Sportsbook structured market feed,,VA,NFL,35609293,Washington Commanders @ Philadelphia Eagles,2026-09-13T20:25:00.000Z,FanDuel,751.183664629,passing_touchdowns,Jalen Hurts - Passing TDs,,Jalen Hurts,12302542,under,1.5,-144,1.694444444444444,0.5901639344262295,open,,,2026-09-07T00:14:47Z,,,,,v3-forward-measurement
6cf450c9-0717-4e34-8b73-476e43e65665,45aae75c-7a72-4ed3-8844-2291c0cd4111,2026-09-07T00:14:47Z,FanDuel Sportsbook structured market feed,,VA,NFL,35609293,Washington Commanders @ Philadelphia Eagles,2026-09-13T20:25:00.000Z,FanDuel,751.183665338,rushing_yards,Jalen Hurts - Rushing Yds,,Jalen Hurts,12302543,over,27.5,-114,1.87719298245614,0.5327102803738317,open,,,2026-09-07T00:14:47Z,,,,,v3-forward-measurement
6cf450c9-0717-4e34-8b73-476e43e65665,d49df42d-d3a9-45aa-88aa-38e7e3baa87f,2026-09-07T00:14:47Z,FanDuel Sportsbook structured market feed,,VA,NFL,35609293,Washington Commanders @ Philadelphia Eagles,2026-09-13T20:25:00.000Z,FanDuel,751.183665338,rushing_yards,Jalen Hurts - Rushing Yds,,Jalen Hurts,12302542,under,27.5,-114,1.87719298245614,0.5327102803738317,open,,,2026-09-07T00:14:47Z,,,,,v3-forward-measurement
6cf450c9-0717-4e34-8b73-476e43e65665,cc5a0dcf-d949-4134-9dbf-81acbe39f8ed,2026-09-07T00:14:47Z,FanDuel Sportsbook structured market feed,,VA,NFL,35609293,Washington Commanders @ Philadelphia Eagles,2026-09-13T20:25:00.000Z,FanDuel,751.183665339,rushing_yards,Jayden Daniels - Rushing Yds,,Jayden Daniels,41161339,over,37.5,-114,1.87719298245614,0.5327102803738317,open,,,2026-09-07T00:14:47Z,,,,,v3-forward-measurement
6cf450c9-0717-4e34-8b73-476e43e65665,86191a76-5f97-445b-9023-b98792cd017f,2026-09-07T00:14:47Z,FanDuel Sportsbook structured market feed,,VA,NFL,35609293,Washington Commanders @ Philadelphia Eagles,2026-09-13T20:25:00.000Z,FanDuel,751.183665339,rushing_yards,Jayden Daniels - Rushing Yds,,Jayden Daniels,41161340,under,37.5,-114,1.87719298245614,0.5327102803738317,open,,,2026-09-07T00:14:47Z,,,,,v3-forward-measurement
6cf450c9-0717-4e34-8b73-476e43e65665,80283cd8-49ea-4a8f-bf3f-b21a89650852,2026-09-07T00:14:47Z,FanDuel Sportsbook structured market feed,,VA,NFL,35609293,Washington Commanders @ Philadelphia Eagles,2026-09-13T20:25:00.000Z,FanDuel,751.183665213,rushing_yards,Saquon Barkley - Rushing Yds,,Saquon Barkley,16580232,over,75.5,-114,1.87719298245614,0.5327102803738317,open,,,2026-09-07T00:14:47Z,,,,,v3-forward-measurement
6cf450c9-0717-4e34-8b73-476e43e65665,b3bada0c-a680-4cc5-a812-e8d71dc9011c,2026-09-07T00:14:47Z,FanDuel Sportsbook structured market feed,,VA,NFL,35609293,Washington Commanders @ Philadelphia Eagles,2026-09-13T20:25:00.000Z,FanDuel,751.183665213,rushing_yards,Saquon Barkley - Rushing Yds,,Saquon Barkley,16580233,under,75.5,-114,1.87719298245614,0.5327102803738317,open,,,2026-09-07T00:14:47Z,,,,,v3-forward-measurement
6cf450c9-0717-4e34-8b73-476e43e65665,a9646aed-4f56-43fe-8c70-446a38f4e444,2026-09-07T00:14:47Z,FanDuel Sportsbook structured market feed,,VA,NFL,35609293,Washington Commanders @ Philadelphia Eagles,2026-09-13T20:25:00.000Z,FanDuel,751.183665357,rushing_yards,Jacory Croskey-Merritt - Rushing Yds,,Jacory Croskey-Merritt,87579699,over,40.5,-114,1.87719298245614,0.5327102803738317,open,,,2026-09-07T00:14:47Z,,,,,v3-forward-measurement
6cf450c9-0717-4e34-8b73-476e43e65665,18517a59-6576-4771-b49c-54fb65f4d5f8,2026-09-07T00:14:47Z,FanDuel Sportsbook structured market feed,,VA,NFL,35609293,Washington Commanders @ Philadelphia Eagles,2026-09-13T20:25:00.000Z,FanDuel,751.183665357,rushing_yards,Jacory Croskey-Merritt - Rushing Yds,,Jacory Croskey-Merritt,87579697,under,40.5,-114,1.87719298245614,0.5327102803738317,open,,,2026-09-07T00:14:47Z,,,,,v3-forward-measurement
11b67fa5-6633-406e-822a-1a1228a01c0f,295857a5-fe00-48cb-a5b9-b43dc8fc33db,2026-09-07T00:14:47Z,FanDuel Sportsbook structured market feed,,VA,NFL,35609293,Washington Commanders @ Philadelphia Eagles,2026-09-13T20:25:00.000Z,FanDuel,751.183665912,receptions,Dallas Goedert - Total Receptions,,Dallas Goedert,20501810,over,3.5,102,2.02,0.49504950495049505,open,,,2026-09-07T00:14:47Z,,,,,v3-forward-measurement
11b67fa5-6633-406e-822a-1a1228a01c0f,eea50231-f1c6-46c6-9537-aec41040e1eb,2026-09-07T00:14:47Z,FanDuel Sportsbook structured market feed,,VA,NFL,35609293,Washington Commanders @ Philadelphia Eagles,2026-09-13T20:25:00.000Z,FanDuel,751.183665912,receptions,Dallas Goedert - Total Receptions,,Dallas Goedert,20501811,under,3.5,-136,1.735294117647059,0.576271186440678,open,,,2026-09-07T00:14:47Z,,,,,v3-forward-measurement
11b67fa5-6633-406e-822a-1a1228a01c0f,24db0c09-dc19-49e5-934a-ecb8f859477b,2026-09-07T00:14:47Z,FanDuel Sportsbook structured market feed,,VA,NFL,35609293,Washington Commanders @ Philadelphia Eagles,2026-09-13T20:25:00.000Z,FanDuel,751.183665735,receiving_yards,DeVonta Smith - Receiving Yds,,DeVonta Smith,40878034,over,66.5,-114,1.87719298245614,0.5327102803738317,open,,,2026-09-07T00:14:47Z,,,,,v3-forward-measurement
11b67fa5-6633-406e-822a-1a1228a01c0f,28b3a871-5078-402a-b1f1-e55228902abf,2026-09-07T00:14:47Z,FanDuel Sportsbook structured market feed,,VA,NFL,35609293,Washington Commanders @ Philadelphia Eagles,2026-09-13T20:25:00.000Z,FanDuel,751.183665735,receiving_yards,DeVonta Smith - Receiving Yds,,DeVonta Smith,40878036,under,66.5,-114,1.87719298245614,0.5327102803738317,open,,,2026-09-07T00:14:47Z,,,,,v3-forward-measurement
11b67fa5-6633-406e-822a-1a1228a01c0f,437f6e5c-48d9-487e-9ab6-3fecec16f104,2026-09-07T00:14:47Z,FanDuel Sportsbook structured market feed,,VA,NFL,35609293,Washington Commanders @ Philadelphia Eagles,2026-09-13T20:25:00.000Z,FanDuel,751.183665732,receiving_yards,Terry McLaurin - Receiving Yds,,Terry McLaurin,25927138,over,52.5,-114,1.87719298245614,0.5327102803738317,open,,,2026-09-07T00:14:47Z,,,,,v3-forward-measurement
11b67fa5-6633-406e-822a-1a1228a01c0f,297428de-d231-4887-bd24-be7a836976bb,2026-09-07T00:14:47Z,FanDuel Sportsbook structured market feed,,VA,NFL,35609293,Washington Commanders @ Philadelphia Eagles,2026-09-13T20:25:00.000Z,FanDuel,751.183665732,receiving_yards,Terry McLaurin - Receiving Yds,,Terry McLaurin,25927139,under,52.5,-114,1.87719298245614,0.5327102803738317,open,,,2026-09-07T00:14:47Z,,,,,v3-forward-measurement
11b67fa5-6633-406e-822a-1a1228a01c0f,517ed669-7a0c-4284-8743-e497ca5c40c3,2026-09-07T00:14:47Z,FanDuel Sportsbook structured market feed,,VA,NFL,35609293,Washington Commanders @ Philadelphia Eagles,2026-09-13T20:25:00.000Z,FanDuel,751.183665916,receiving_yards,Dallas Goedert - Receiving Yds,,Dallas Goedert,20501810,over,34.5,-114,1.87719298245614,0.5327102803738317,open,,,2026-09-07T00:14:47Z,,,,,v3-forward-measurement
11b67fa5-6633-406e-822a-1a1228a01c0f,8b2dd374-e07e-46a0-a9be-0f59f5562b70,2026-09-07T00:14:47Z,FanDuel Sportsbook structured market feed,,VA,NFL,35609293,Washington Commanders @ Philadelphia Eagles,2026-09-13T20:25:00.000Z,FanDuel,751.183665916,receiving_yards,Dallas Goedert - Receiving Yds,,Dallas Goedert,20501811,under,34.5,-114,1.87719298245614,0.5327102803738317,open,,,2026-09-07T00:14:47Z,,,,,v3-forward-measurement
11b67fa5-6633-406e-822a-1a1228a01c0f,e7f59218-6e16-4fa6-aef2-4f9ce4751904,2026-09-07T00:14:47Z,FanDuel Sportsbook structured market feed,,VA,NFL,35609293,Washington Commanders @ Philadelphia Eagles,2026-09-13T20:25:00.000Z,FanDuel,751.183665738,receptions,DeVonta Smith - Total Receptions,,DeVonta Smith,40878034,over,5.5,106,2.06,0.4854368932038835,open,,,2026-09-07T00:14:47Z,,,,,v3-forward-measurement
11b67fa5-6633-406e-822a-1a1228a01c0f,2f406d84-d230-41e0-9cec-5dea6d256a41,2026-09-07T00:14:47Z,FanDuel Sportsbook structured market feed,,VA,NFL,35609293,Washington Commanders @ Philadelphia Eagles,2026-09-13T20:25:00.000Z,FanDuel,751.183665738,receptions,DeVonta Smith - Total Receptions,,DeVonta Smith,40878036,under,5.5,-140,1.714285714285714,0.5833333333333334,open,,,2026-09-07T00:14:47Z,,,,,v3-forward-measurement
11b67fa5-6633-406e-822a-1a1228a01c0f,5f4c4702-ffbc-4f72-8772-58be32815cdd,2026-09-07T00:14:47Z,FanDuel Sportsbook structured market feed,,VA,NFL,35609293,Washington Commanders @ Philadelphia Eagles,2026-09-13T20:25:00.000Z,FanDuel,751.183666282,receiving_yards,Saquon Barkley - Receiving Yds,,Saquon Barkley,16580232,over,15.5,-114,1.87719298245614,0.5327102803738317,open,,,2026-09-07T00:14:47Z,,,,,v3-forward-measurement
11b67fa5-6633-406e-822a-1a1228a01c0f,1a4673f2-c789-4843-b099-f05d6d42c7a3,2026-09-07T00:14:47Z,FanDuel Sportsbook structured market feed,,VA,NFL,35609293,Washington Commanders @ Philadelphia Eagles,2026-09-13T20:25:00.000Z,FanDuel,751.183666282,receiving_yards,Saquon Barkley - Receiving Yds,,Saquon Barkley,16580233,under,15.5,-114,1.87719298245614,0.5327102803738317,open,,,2026-09-07T00:14:47Z,,,,,v3-forward-measurement
11b67fa5-6633-406e-822a-1a1228a01c0f,f69a5198-0b5a-4fca-8a6e-ebad14567809,2026-09-07T00:14:47Z,FanDuel Sportsbook structured market feed,,VA,NFL,35609293,Washington Commanders @ Philadelphia Eagles,2026-09-13T20:25:00.000Z,FanDuel,751.183665726,receptions,Terry McLaurin - Total Receptions,,Terry McLaurin,25927138,over,3.5,-172,1.581395348837209,0.6323529411764706,open,,,2026-09-07T00:14:47Z,,,,,v3-forward-measurement
11b67fa5-6633-406e-822a-1a1228a01c0f,2b05f5c4-28c3-4802-b066-0f07aa8a3124,2026-09-07T00:14:47Z,FanDuel Sportsbook structured market feed,,VA,NFL,35609293,Washington Commanders @ Philadelphia Eagles,2026-09-13T20:25:00.000Z,FanDuel,751.183665726,receptions,Terry McLaurin - Total Receptions,,Terry McLaurin,25927139,under,3.5,128,2.28,0.43859649122807015,open,,,2026-09-07T00:14:47Z,,,,,v3-forward-measurement
11b67fa5-6633-406e-822a-1a1228a01c0f,610aff0b-b0e2-4d2a-b718-4bf93077bf48,2026-09-07T00:14:47Z,FanDuel Sportsbook structured market feed,,VA,NFL,35609293,Washington Commanders @ Philadelphia Eagles,2026-09-13T20:25:00.000Z,FanDuel,751.183665729,receiving_yards,Stefon Diggs - Receiving Yds,,Stefon Diggs,11890083,over,42.5,-114,1.87719298245614,0.5327102803738317,open,,,2026-09-07T00:14:47Z,,,,,v3-forward-measurement
11b67fa5-6633-406e-822a-1a1228a01c0f,ae27a6e6-8863-4a66-8bf0-95474c8fa2db,2026-09-07T00:14:47Z,FanDuel Sportsbook structured market feed,,VA,NFL,35609293,Washington Commanders @ Philadelphia Eagles,2026-09-13T20:25:00.000Z,FanDuel,751.183665729,receiving_yards,Stefon Diggs - Receiving Yds,,Stefon Diggs,11890082,under,42.5,-114,1.87719298245614,0.5327102803738317,open,,,2026-09-07T00:14:47Z,,,,,v3-forward-measurement
11b67fa5-6633-406e-822a-1a1228a01c0f,0c88a6fb-a1b6-4606-9837-a718efa2cdc8,2026-09-07T00:14:47Z,FanDuel Sportsbook structured market feed,,VA,NFL,35609293,Washington Commanders @ Philadelphia Eagles,2026-09-13T20:25:00.000Z,FanDuel,751.183665727,receptions,Stefon Diggs - Total Receptions,,Stefon Diggs,11890083,over,3.5,-148,1.675675675675676,0.5967741935483871,open,,,2026-09-07T00:14:47Z,,,,,v3-forward-measurement
11b67fa5-6633-406e-822a-1a1228a01c0f,b6b8a6e0-116d-49dc-89f1-7882fc302359,2026-09-07T00:14:47Z,FanDuel Sportsbook structured market feed,,VA,NFL,35609293,Washington Commanders @ Philadelphia Eagles,2026-09-13T20:25:00.000Z,FanDuel,751.183665727,receptions,Stefon Diggs - Total Receptions,,Stefon Diggs,11890082,under,3.5,112,2.12,0.4716981132075472,open,,,2026-09-07T00:14:47Z,,,,,v3-forward-measurement
11b67fa5-6633-406e-822a-1a1228a01c0f,abd89be8-3e90-4178-9bd6-381cf426da32,2026-09-07T00:14:47Z,FanDuel Sportsbook structured market feed,,VA,NFL,35609293,Washington Commanders @ Philadelphia Eagles,2026-09-13T20:25:00.000Z,FanDuel,751.183666278,receptions,Saquon Barkley - Total Receptions,,Saquon Barkley,16580232,over,2.5,-102,1.980392156862745,0.504950495049505,open,,,2026-09-07T00:14:47Z,,,,,v3-forward-measurement
11b67fa5-6633-406e-822a-1a1228a01c0f,06ec6e3c-6114-473f-b35a-5ce4700e667b,2026-09-07T00:14:47Z,FanDuel Sportsbook structured market feed,,VA,NFL,35609293,Washington Commanders @ Philadelphia Eagles,2026-09-13T20:25:00.000Z,FanDuel,751.183666278,receptions,Saquon Barkley - Total Receptions,,Saquon Barkley,16580233,under,2.5,-130,1.769230769230769,0.5652173913043478,open,,,2026-09-07T00:14:47Z,,,,,v3-forward-measurement
452c0de5-a7f6-4f8c-911b-a0a08f902e3a,a0e97ea5-f96b-46a6-9c7b-8261b9a6a2c4,2026-09-07T00:14:47Z,FanDuel Sportsbook structured market feed,,VA,NFL,35610167,Buffalo Bills @ Houston Texans,2026-09-13T17:00:00.000Z,FanDuel,751.183531290,passing_touchdowns,Josh Allen - Passing TDs,,Josh Allen,16503660,over,1.5,158,2.58,0.3875968992248062,open,,,2026-09-07T00:14:47Z,,,,,v3-forward-measurement
452c0de5-a7f6-4f8c-911b-a0a08f902e3a,41b8657e-d600-4566-b5dd-0fa1e2198663,2026-09-07T00:14:47Z,FanDuel Sportsbook structured market feed,,VA,NFL,35610167,Buffalo Bills @ Houston Texans,2026-09-13T17:00:00.000Z,FanDuel,751.183531290,passing_touchdowns,Josh Allen - Passing TDs,,Josh Allen,16503661,under,1.5,-215,1.465116279069767,0.6825396825396826,open,,,2026-09-07T00:14:47Z,,,,,v3-forward-measurement
452c0de5-a7f6-4f8c-911b-a0a08f902e3a,e5c42384-4569-4b12-8474-43ab0a48e05d,2026-09-07T00:14:47Z,FanDuel Sportsbook structured market feed,,VA,NFL,35610167,Buffalo Bills @ Houston Texans,2026-09-13T17:00:00.000Z,FanDuel,751.183531305,passing_yards,C.J. Stroud - Passing Yds,,C.J. Stroud,41158959,over,218.5,-114,1.87719298245614,0.5327102803738317,open,,,2026-09-07T00:14:47Z,,,,,v3-forward-measurement
452c0de5-a7f6-4f8c-911b-a0a08f902e3a,119fecce-d864-4603-ba72-506d2369a7d1,2026-09-07T00:14:47Z,FanDuel Sportsbook structured market feed,,VA,NFL,35610167,Buffalo Bills @ Houston Texans,2026-09-13T17:00:00.000Z,FanDuel,751.183531305,passing_yards,C.J. Stroud - Passing Yds,,C.J. Stroud,41158958,under,218.5,-114,1.87719298245614,0.5327102803738317,open,,,2026-09-07T00:14:47Z,,,,,v3-forward-measurement
452c0de5-a7f6-4f8c-911b-a0a08f902e3a,f924f50b-4aa1-41f1-b947-4b013adbeaa6,2026-09-07T00:14:47Z,FanDuel Sportsbook structured market feed,,VA,NFL,35610167,Buffalo Bills @ Houston Texans,2026-09-13T17:00:00.000Z,FanDuel,751.183531354,passing_touchdowns,C.J. Stroud - Passing TDs,,C.J. Stroud,41158959,over,1.5,118,2.18,0.45871559633027525,open,,,2026-09-07T00:14:47Z,,,,,v3-forward-measurement
452c0de5-a7f6-4f8c-911b-a0a08f902e3a,8b96aa25-5d55-4ea9-ab99-773f3899e729,2026-09-07T00:14:47Z,FanDuel Sportsbook structured market feed,,VA,NFL,35610167,Buffalo Bills @ Houston Texans,2026-09-13T17:00:00.000Z,FanDuel,751.183531354,passing_touchdowns,C.J. Stroud - Passing TDs,,C.J. Stroud,41158958,under,1.5,-158,1.632911392405063,0.6124031007751938,open,,,2026-09-07T00:14:47Z,,,,,v3-forward-measurement
452c0de5-a7f6-4f8c-911b-a0a08f902e3a,866127ea-e7b5-488c-b112-7d59354f1788,2026-09-07T00:14:47Z,FanDuel Sportsbook structured market feed,,VA,NFL,35610167,Buffalo Bills @ Houston Texans,2026-09-13T17:00:00.000Z,FanDuel,751.183531265,passing_yards,Josh Allen - Passing Yds,,Josh Allen,16503660,over,220.5,-114,1.87719298245614,0.5327102803738317,open,,,2026-09-07T00:14:47Z,,,,,v3-forward-measurement
452c0de5-a7f6-4f8c-911b-a0a08f902e3a,4bf64bc1-1ca1-457f-8f23-73535d7ac2be,2026-09-07T00:14:47Z,FanDuel Sportsbook structured market feed,,VA,NFL,35610167,Buffalo Bills @ Houston Texans,2026-09-13T17:00:00.000Z,FanDuel,751.183531265,passing_yards,Josh Allen - Passing Yds,,Josh Allen,16503661,under,220.5,-114,1.87719298245614,0.5327102803738317,open,,,2026-09-07T00:14:47Z,,,,,v3-forward-measurement
3cc4ead8-703d-4f3e-a73c-dde92cf97d4e,bebcc631-e6bd-48d1-bcd7-b3f586e6d254,2026-09-07T00:14:47Z,FanDuel Sportsbook structured market feed,,VA,NFL,35610167,Buffalo Bills @ Houston Texans,2026-09-13T17:00:00.000Z,FanDuel,751.183531308,rushing_yards,Josh Allen - Rushing Yds,,Josh Allen,16503660,over,29.5,-114,1.87719298245614,0.5327102803738317,open,,,2026-09-07T00:14:47Z,,,,,v3-forward-measurement
3cc4ead8-703d-4f3e-a73c-dde92cf97d4e,f8f1d1a0-3428-49b9-b09c-bdc701842c7c,2026-09-07T00:14:47Z,FanDuel Sportsbook structured market feed,,VA,NFL,35610167,Buffalo Bills @ Houston Texans,2026-09-13T17:00:00.000Z,FanDuel,751.183531308,rushing_yards,Josh Allen - Rushing Yds,,Josh Allen,16503661,under,29.5,-114,1.87719298245614,0.5327102803738317,open,,,2026-09-07T00:14:47Z,,,,,v3-forward-measurement
3cc4ead8-703d-4f3e-a73c-dde92cf97d4e,090c9023-d7e0-4a8a-96cf-0e0488096bb7,2026-09-07T00:14:47Z,FanDuel Sportsbook structured market feed,,VA,NFL,35610167,Buffalo Bills @ Houston Texans,2026-09-13T17:00:00.000Z,FanDuel,751.183532134,rushing_yards,James Cook - Rushing Yds,,James Cook,41957632,over,74.5,-114,1.87719298245614,0.5327102803738317,open,,,2026-09-07T00:14:47Z,,,,,v3-forward-measurement
3cc4ead8-703d-4f3e-a73c-dde92cf97d4e,bb233e55-4027-4106-9cba-7bdc3e02c030,2026-09-07T00:14:47Z,FanDuel Sportsbook structured market feed,,VA,NFL,35610167,Buffalo Bills @ Houston Texans,2026-09-13T17:00:00.000Z,FanDuel,751.183532134,rushing_yards,James Cook - Rushing Yds,,James Cook,41957631,under,74.5,-114,1.87719298245614,0.5327102803738317,open,,,2026-09-07T00:14:47Z,,,,,v3-forward-measurement
3cc4ead8-703d-4f3e-a73c-dde92cf97d4e,402ff19c-bedc-48f8-bcbb-2d7c552b8001,2026-09-07T00:14:47Z,FanDuel Sportsbook structured market feed,,VA,NFL,35610167,Buffalo Bills @ Houston Texans,2026-09-13T17:00:00.000Z,FanDuel,751.184540244,rushing_yards,C.J. Stroud - Rushing Yds,,C.J. Stroud,41158959,over,10.5,-114,1.87719298245614,0.5327102803738317,open,,,2026-09-07T00:14:47Z,,,,,v3-forward-measurement
3cc4ead8-703d-4f3e-a73c-dde92cf97d4e,9cf4da28-7e8e-4b42-acb0-17f61d0b4b5f,2026-09-07T00:14:47Z,FanDuel Sportsbook structured market feed,,VA,NFL,35610167,Buffalo Bills @ Houston Texans,2026-09-13T17:00:00.000Z,FanDuel,751.184540244,rushing_yards,C.J. Stroud - Rushing Yds,,C.J. Stroud,41158958,under,10.5,-114,1.87719298245614,0.5327102803738317,open,,,2026-09-07T00:14:47Z,,,,,v3-forward-measurement
3cc4ead8-703d-4f3e-a73c-dde92cf97d4e,d9599674-27f1-4eb9-9b16-1f6bd58d3c3c,2026-09-07T00:14:47Z,FanDuel Sportsbook structured market feed,,VA,NFL,35610167,Buffalo Bills @ Houston Texans,2026-09-13T17:00:00.000Z,FanDuel,751.183532131,rushing_yards,David Montgomery - Rushing Yds,,David Montgomery,16579822,over,53.5,-114,1.87719298245614,0.5327102803738317,open,,,2026-09-07T00:14:47Z,,,,,v3-forward-measurement
3cc4ead8-703d-4f3e-a73c-dde92cf97d4e,a0d07488-37cb-453f-a20e-8e995b6d628f,2026-09-07T00:14:47Z,FanDuel Sportsbook structured market feed,,VA,NFL,35610167,Buffalo Bills @ Houston Texans,2026-09-13T17:00:00.000Z,FanDuel,751.183532131,rushing_yards,David Montgomery - Rushing Yds,,David Montgomery,16579823,under,53.5,-114,1.87719298245614,0.5327102803738317,open,,,2026-09-07T00:14:47Z,,,,,v3-forward-measurement
3cc4ead8-703d-4f3e-a73c-dde92cf97d4e,00f4a14d-44f3-4712-8a47-1e16d166cdaa,2026-09-07T00:14:47Z,FanDuel Sportsbook structured market feed,,VA,NFL,35610167,Buffalo Bills @ Houston Texans,2026-09-13T17:00:00.000Z,FanDuel,751.183532132,rushing_yards,Woody Marks - Rushing Yds,,Woody Marks,88881141,over,30.5,-114,1.87719298245614,0.5327102803738317,open,,,2026-09-07T00:14:47Z,,,,,v3-forward-measurement
3cc4ead8-703d-4f3e-a73c-dde92cf97d4e,f02fde69-e116-4d09-b0bd-52a8470c4b59,2026-09-07T00:14:47Z,FanDuel Sportsbook structured market feed,,VA,NFL,35610167,Buffalo Bills @ Houston Texans,2026-09-13T17:00:00.000Z,FanDuel,751.183532132,rushing_yards,Woody Marks - Rushing Yds,,Woody Marks,88881135,under,30.5,-114,1.87719298245614,0.5327102803738317,open,,,2026-09-07T00:14:47Z,,,,,v3-forward-measurement
bf60d44b-acd2-401a-9598-c1bc759be10c,4630d5b5-1253-47a6-a92b-8545fe814417,2026-09-07T00:14:47Z,FanDuel Sportsbook structured market feed,,VA,NFL,35610167,Buffalo Bills @ Houston Texans,2026-09-13T17:00:00.000Z,FanDuel,751.184542281,receiving_yards,Woody Marks - Receiving Yds,,Woody Marks,88881141,over,9.5,-114,1.87719298245614,0.5327102803738317,open,,,2026-09-07T00:14:47Z,,,,,v3-forward-measurement
bf60d44b-acd2-401a-9598-c1bc759be10c,8fba509a-fc24-4076-91ce-12473a5c1ced,2026-09-07T00:14:47Z,FanDuel Sportsbook structured market feed,,VA,NFL,35610167,Buffalo Bills @ Houston Texans,2026-09-13T17:00:00.000Z,FanDuel,751.184542281,receiving_yards,Woody Marks - Receiving Yds,,Woody Marks,88881135,under,9.5,-114,1.87719298245614,0.5327102803738317,open,,,2026-09-07T00:14:47Z,,,,,v3-forward-measurement
bf60d44b-acd2-401a-9598-c1bc759be10c,19a74204-282e-47d9-a7e6-786147b67b39,2026-09-07T00:14:47Z,FanDuel Sportsbook structured market feed,,VA,NFL,35610167,Buffalo Bills @ Houston Texans,2026-09-13T17:00:00.000Z,FanDuel,751.183533039,receiving_yards,Nico Collins - Receiving Yds,,Nico Collins,40916109,over,69.5,-114,1.87719298245614,0.5327102803738317,open,,,2026-09-07T00:14:47Z,,,,,v3-forward-measurement
bf60d44b-acd2-401a-9598-c1bc759be10c,9d477b1c-b89e-44be-b23e-11aa07fe5ec3,2026-09-07T00:14:47Z,FanDuel Sportsbook structured market feed,,VA,NFL,35610167,Buffalo Bills @ Houston Texans,2026-09-13T17:00:00.000Z,FanDuel,751.183533039,receiving_yards,Nico Collins - Receiving Yds,,Nico Collins,40916112,under,69.5,-114,1.87719298245614,0.5327102803738317,open,,,2026-09-07T00:14:47Z,,,,,v3-forward-measurement
bf60d44b-acd2-401a-9598-c1bc759be10c,96d7d079-3b21-44d2-a3b2-eda2ef5e88bb,2026-09-07T00:14:47Z,FanDuel Sportsbook structured market feed,,VA,NFL,35610167,Buffalo Bills @ Houston Texans,2026-09-13T17:00:00.000Z,FanDuel,751.183533038,receptions,D.J. Moore - Total Receptions,,D.J. Moore,73370450,over,3.5,-112,1.892857142857143,0.5283018867924528,open,,,2026-09-07T00:14:47Z,,,,,v3-forward-measurement
bf60d44b-acd2-401a-9598-c1bc759be10c,e230e55a-9b7f-4105-8528-2e36b24d6355,2026-09-07T00:14:47Z,FanDuel Sportsbook structured market feed,,VA,NFL,35610167,Buffalo Bills @ Houston Texans,2026-09-13T17:00:00.000Z,FanDuel,751.183533038,receptions,D.J. Moore - Total Receptions,,D.J. Moore,73370451,under,3.5,-118,1.847457627118644,0.5412844036697247,open,,,2026-09-07T00:14:47Z,,,,,v3-forward-measurement
bf60d44b-acd2-401a-9598-c1bc759be10c,cf279912-15d1-43b5-9e64-ed417f40119c,2026-09-07T00:14:47Z,FanDuel Sportsbook structured market feed,,VA,NFL,35610167,Buffalo Bills @ Houston Texans,2026-09-13T17:00:00.000Z,FanDuel,751.183533050,receptions,Nico Collins - Total Receptions,,Nico Collins,40916109,over,5.5,102,2.02,0.49504950495049505,open,,,2026-09-07T00:14:47Z,,,,,v3-forward-measurement
bf60d44b-acd2-401a-9598-c1bc759be10c,6ba8c30c-478c-4fe5-afd5-5e22efd6f141,2026-09-07T00:14:47Z,FanDuel Sportsbook structured market feed,,VA,NFL,35610167,Buffalo Bills @ Houston Texans,2026-09-13T17:00:00.000Z,FanDuel,751.183533050,receptions,Nico Collins - Total Receptions,,Nico Collins,40916112,under,5.5,-136,1.735294117647059,0.576271186440678,open,,,2026-09-07T00:14:47Z,,,,,v3-forward-measurement
bf60d44b-acd2-401a-9598-c1bc759be10c,49433a88-91e3-47d7-b37c-3c9facd6cfae,2026-09-07T00:14:47Z,FanDuel Sportsbook structured market feed,,VA,NFL,35610167,Buffalo Bills @ Houston Texans,2026-09-13T17:00:00.000Z,FanDuel,751.184543895,receptions,Dalton Schultz - Total Receptions,,Dalton Schultz,36190363,over,3.5,-130,1.769230769230769,0.5652173913043478,open,,,2026-09-07T00:14:47Z,,,,,v3-forward-measurement
bf60d44b-acd2-401a-9598-c1bc759be10c,f9cc3036-6e5b-4fbf-89f8-d3099682385c,2026-09-07T00:14:47Z,FanDuel Sportsbook structured market feed,,VA,NFL,35610167,Buffalo Bills @ Houston Texans,2026-09-13T17:00:00.000Z,FanDuel,751.184543895,receptions,Dalton Schultz - Total Receptions,,Dalton Schultz,36190364,under,3.5,-102,1.980392156862745,0.504950495049505,open,,,2026-09-07T00:14:47Z,,,,,v3-forward-measurement
bf60d44b-acd2-401a-9598-c1bc759be10c,d6db4afc-1ea9-4036-9c86-4cf9164f1aaa,2026-09-07T00:14:47Z,FanDuel Sportsbook structured market feed,,VA,NFL,35610167,Buffalo Bills @ Houston Texans,2026-09-13T17:00:00.000Z,FanDuel,751.183533053,receiving_yards,D.J. Moore - Receiving Yds,,D.J. Moore,73370450,over,47.5,-114,1.87719298245614,0.5327102803738317,open,,,2026-09-07T00:14:47Z,,,,,v3-forward-measurement
bf60d44b-acd2-401a-9598-c1bc759be10c,399847ec-d32e-4ace-822d-07f22e19772d,2026-09-07T00:14:47Z,FanDuel Sportsbook structured market feed,,VA,NFL,35610167,Buffalo Bills @ Houston Texans,2026-09-13T17:00:00.000Z,FanDuel,751.183533053,receiving_yards,D.J. Moore - Receiving Yds,,D.J. Moore,73370451,under,47.5,-114,1.87719298245614,0.5327102803738317,open,,,2026-09-07T00:14:47Z,,,,,v3-forward-measurement
bf60d44b-acd2-401a-9598-c1bc759be10c,fe5493d3-2c4d-419a-87df-99830a8aefc3,2026-09-07T00:14:47Z,FanDuel Sportsbook structured market feed,,VA,NFL,35610167,Buffalo Bills @ Houston Texans,2026-09-13T17:00:00.000Z,FanDuel,751.183533051,receiving_yards,Dalton Kincaid - Receiving Yds,,Dalton Kincaid,41602583,over,38.5,-114,1.87719298245614,0.5327102803738317,open,,,2026-09-07T00:14:47Z,,,,,v3-forward-measurement
bf60d44b-acd2-401a-9598-c1bc759be10c,ad5d2a73-f27c-48b7-bebd-e7a6477c6f22,2026-09-07T00:14:47Z,FanDuel Sportsbook structured market feed,,VA,NFL,35610167,Buffalo Bills @ Houston Texans,2026-09-13T17:00:00.000Z,FanDuel,751.183533051,receiving_yards,Dalton Kincaid - Receiving Yds,,Dalton Kincaid,41602585,under,38.5,-114,1.87719298245614,0.5327102803738317,open,,,2026-09-07T00:14:47Z,,,,,v3-forward-measurement
bf60d44b-acd2-401a-9598-c1bc759be10c,1bfa6269-4ac5-43d1-b144-82c41ba81bd2,2026-09-07T00:14:47Z,FanDuel Sportsbook structured market feed,,VA,NFL,35610167,Buffalo Bills @ Houston Texans,2026-09-13T17:00:00.000Z,FanDuel,751.184543897,receiving_yards,Dalton Schultz - Receiving Yds,,Dalton Schultz,36190363,over,32.5,-114,1.87719298245614,0.5327102803738317,open,,,2026-09-07T00:14:47Z,,,,,v3-forward-measurement
bf60d44b-acd2-401a-9598-c1bc759be10c,9d866f15-33d9-49f2-9f7a-5b0a9f9861fa,2026-09-07T00:14:47Z,FanDuel Sportsbook structured market feed,,VA,NFL,35610167,Buffalo Bills @ Houston Texans,2026-09-13T17:00:00.000Z,FanDuel,751.184543897,receiving_yards,Dalton Schultz - Receiving Yds,,Dalton Schultz,36190364,under,32.5,-114,1.87719298245614,0.5327102803738317,open,,,2026-09-07T00:14:47Z,,,,,v3-forward-measurement
bf60d44b-acd2-401a-9598-c1bc759be10c,9ca0cc81-e4f6-4812-99e3-a3efb4274320,2026-09-07T00:14:47Z,FanDuel Sportsbook structured market feed,,VA,NFL,35610167,Buffalo Bills @ Houston Texans,2026-09-13T17:00:00.000Z,FanDuel,751.183533052,receptions,Khalil Shakir - Total Receptions,,Khalil Shakir,41266352,over,3.5,-130,1.769230769230769,0.5652173913043478,open,,,2026-09-07T00:14:47Z,,,,,v3-forward-measurement
bf60d44b-acd2-401a-9598-c1bc759be10c,4e9d038a-6adf-4218-a903-87dd340bbbf0,2026-09-07T00:14:47Z,FanDuel Sportsbook structured market feed,,VA,NFL,35610167,Buffalo Bills @ Houston Texans,2026-09-13T17:00:00.000Z,FanDuel,751.183533052,receptions,Khalil Shakir - Total Receptions,,Khalil Shakir,41266353,under,3.5,-102,1.980392156862745,0.504950495049505,open,,,2026-09-07T00:14:47Z,,,,,v3-forward-measurement
bf60d44b-acd2-401a-9598-c1bc759be10c,293ddefd-09b0-4f66-a594-5b18e85b9648,2026-09-07T00:14:47Z,FanDuel Sportsbook structured market feed,,VA,NFL,35610167,Buffalo Bills @ Houston Texans,2026-09-13T17:00:00.000Z,FanDuel,751.184980710,receptions,James Cook - Total Receptions,,James Cook,41957632,over,2.5,134,2.34,0.42735042735042733,open,,,2026-09-07T00:14:47Z,,,,,v3-forward-measurement
bf60d44b-acd2-401a-9598-c1bc759be10c,614b5ace-ec85-4037-b6fb-b260b85f1993,2026-09-07T00:14:47Z,FanDuel Sportsbook structured market feed,,VA,NFL,35610167,Buffalo Bills @ Houston Texans,2026-09-13T17:00:00.000Z,FanDuel,751.184980710,receptions,James Cook - Total Receptions,,James Cook,41957631,under,2.5,-180,1.555555555555556,0.6428571428571429,open,,,2026-09-07T00:14:47Z,,,,,v3-forward-measurement
bf60d44b-acd2-401a-9598-c1bc759be10c,53fc61aa-a214-4187-850e-183057d36489,2026-09-07T00:14:47Z,FanDuel Sportsbook structured market feed,,VA,NFL,35610167,Buffalo Bills @ Houston Texans,2026-09-13T17:00:00.000Z,FanDuel,751.183533049,receptions,Dalton Kincaid - Total Receptions,,Dalton Kincaid,41602583,over,3.5,-102,1.980392156862745,0.504950495049505,open,,,2026-09-07T00:14:47Z,,,,,v3-forward-measurement
bf60d44b-acd2-401a-9598-c1bc759be10c,4662c284-28fa-434a-b757-85a65ab43d95,2026-09-07T00:14:47Z,FanDuel Sportsbook structured market feed,,VA,NFL,35610167,Buffalo Bills @ Houston Texans,2026-09-13T17:00:00.000Z,FanDuel,751.183533049,receptions,Dalton Kincaid - Total Receptions,,Dalton Kincaid,41602585,under,3.5,-130,1.769230769230769,0.5652173913043478,open,,,2026-09-07T00:14:47Z,,,,,v3-forward-measurement
bf60d44b-acd2-401a-9598-c1bc759be10c,5684e3a1-54ec-4bed-b4e1-6f52b06ee047,2026-09-07T00:14:47Z,FanDuel Sportsbook structured market feed,,VA,NFL,35610167,Buffalo Bills @ Houston Texans,2026-09-13T17:00:00.000Z,FanDuel,751.185056176,receiving_yards,Dawson Knox - Receiving Yds,,Dawson Knox,26270330,over,14.5,-114,1.87719298245614,0.5327102803738317,open,,,2026-09-07T00:14:47Z,,,,,v3-forward-measurement
bf60d44b-acd2-401a-9598-c1bc759be10c,ac8d0076-122e-481b-bb06-06b371f702df,2026-09-07T00:14:47Z,FanDuel Sportsbook structured market feed,,VA,NFL,35610167,Buffalo Bills @ Houston Texans,2026-09-13T17:00:00.000Z,FanDuel,751.185056176,receiving_yards,Dawson Knox - Receiving Yds,,Dawson Knox,26270331,under,14.5,-114,1.87719298245614,0.5327102803738317,open,,,2026-09-07T00:14:47Z,,,,,v3-forward-measurement
bf60d44b-acd2-401a-9598-c1bc759be10c,cd252c94-8646-4870-8ade-950377053999,2026-09-07T00:14:47Z,FanDuel Sportsbook structured market feed,,VA,NFL,35610167,Buffalo Bills @ Houston Texans,2026-09-13T17:00:00.000Z,FanDuel,751.185056177,receptions,Dawson Knox - Total Receptions,,Dawson Knox,26270330,over,1.5,-114,1.87719298245614,0.5327102803738317,open,,,2026-09-07T00:14:47Z,,,,,v3-forward-measurement
bf60d44b-acd2-401a-9598-c1bc759be10c,955d0edc-6094-4b0f-b5e0-3fae567c1844,2026-09-07T00:14:47Z,FanDuel Sportsbook structured market feed,,VA,NFL,35610167,Buffalo Bills @ Houston Texans,2026-09-13T17:00:00.000Z,FanDuel,751.185056177,receptions,Dawson Knox - Total Receptions,,Dawson Knox,26270331,under,1.5,-114,1.87719298245614,0.5327102803738317,open,,,2026-09-07T00:14:47Z,,,,,v3-forward-measurement
bf60d44b-acd2-401a-9598-c1bc759be10c,fd144a19-9cd8-43e8-a2e6-e3655ba9145f,2026-09-07T00:14:47Z,FanDuel Sportsbook structured market feed,,VA,NFL,35610167,Buffalo Bills @ Houston Texans,2026-09-13T17:00:00.000Z,FanDuel,751.184980711,receiving_yards,James Cook - Receiving Yds,,James Cook,41957632,over,13.5,-114,1.87719298245614,0.5327102803738317,open,,,2026-09-07T00:14:47Z,,,,,v3-forward-measurement
bf60d44b-acd2-401a-9598-c1bc759be10c,c18aae1e-d378-4ebc-a408-d26de510c403,2026-09-07T00:14:47Z,FanDuel Sportsbook structured market feed,,VA,NFL,35610167,Buffalo Bills @ Houston Texans,2026-09-13T17:00:00.000Z,FanDuel,751.184980711,receiving_yards,James Cook - Receiving Yds,,James Cook,41957631,under,13.5,-114,1.87719298245614,0.5327102803738317,open,,,2026-09-07T00:14:47Z,,,,,v3-forward-measurement
bf60d44b-acd2-401a-9598-c1bc759be10c,a3a0854a-1f39-4b70-98f5-3dac9d72e99b,2026-09-07T00:14:47Z,FanDuel Sportsbook structured market feed,,VA,NFL,35610167,Buffalo Bills @ Houston Texans,2026-09-13T17:00:00.000Z,FanDuel,751.184542278,receiving_yards,David Montgomery - Receiving Yds,,David Montgomery,16579822,over,7.5,-114,1.87719298245614,0.5327102803738317,open,,,2026-09-07T00:14:47Z,,,,,v3-forward-measurement
bf60d44b-acd2-401a-9598-c1bc759be10c,c37ae8db-fc3d-4ee8-a5ac-d0464e6240eb,2026-09-07T00:14:47Z,FanDuel Sportsbook structured market feed,,VA,NFL,35610167,Buffalo Bills @ Houston Texans,2026-09-13T17:00:00.000Z,FanDuel,751.184542278,receiving_yards,David Montgomery - Receiving Yds,,David Montgomery,16579823,under,7.5,-114,1.87719298245614,0.5327102803738317,open,,,2026-09-07T00:14:47Z,,,,,v3-forward-measurement
bf60d44b-acd2-401a-9598-c1bc759be10c,dfd78b2a-fa6a-4d7c-a599-6c7a56f3a17a,2026-09-07T00:14:47Z,FanDuel Sportsbook structured market feed,,VA,NFL,35610167,Buffalo Bills @ Houston Texans,2026-09-13T17:00:00.000Z,FanDuel,751.184542279,receptions,David Montgomery - Total Receptions,,David Montgomery,16579822,over,1.5,-108,1.925925925925926,0.5192307692307693,open,,,2026-09-07T00:14:47Z,,,,,v3-forward-measurement
bf60d44b-acd2-401a-9598-c1bc759be10c,f9407d2e-b3b0-421d-82d0-ebb464e50ac8,2026-09-07T00:14:47Z,FanDuel Sportsbook structured market feed,,VA,NFL,35610167,Buffalo Bills @ Houston Texans,2026-09-13T17:00:00.000Z,FanDuel,751.184542279,receptions,David Montgomery - Total Receptions,,David Montgomery,16579823,under,1.5,-122,1.819672131147541,0.5495495495495496,open,,,2026-09-07T00:14:47Z,,,,,v3-forward-measurement
bf60d44b-acd2-401a-9598-c1bc759be10c,14796b5f-a17f-4fcd-aa12-c6526fece612,2026-09-07T00:14:47Z,FanDuel Sportsbook structured market feed,,VA,NFL,35610167,Buffalo Bills @ Houston Texans,2026-09-13T17:00:00.000Z,FanDuel,751.184541564,receptions,Kayshon Boutte - Total Receptions,,Kayshon Boutte,41072109,over,1.5,-158,1.632911392405063,0.6124031007751938,open,,,2026-09-07T00:14:47Z,,,,,v3-forward-measurement
bf60d44b-acd2-401a-9598-c1bc759be10c,4830b565-7c10-4e79-b5cb-7c47f4c6865f,2026-09-07T00:14:47Z,FanDuel Sportsbook structured market feed,,VA,NFL,35610167,Buffalo Bills @ Houston Texans,2026-09-13T17:00:00.000Z,FanDuel,751.184541564,receptions,Kayshon Boutte - Total Receptions,,Kayshon Boutte,41072108,under,1.5,118,2.18,0.45871559633027525,open,,,2026-09-07T00:14:47Z,,,,,v3-forward-measurement
bf60d44b-acd2-401a-9598-c1bc759be10c,b06d0536-c25b-424e-b471-25eb5751dd8a,2026-09-07T00:14:47Z,FanDuel Sportsbook structured market feed,,VA,NFL,35610167,Buffalo Bills @ Houston Texans,2026-09-13T17:00:00.000Z,FanDuel,751.183533042,receiving_yards,Khalil Shakir - Receiving Yds,,Khalil Shakir,41266352,over,36.5,-114,1.87719298245614,0.5327102803738317,open,,,2026-09-07T00:14:47Z,,,,,v3-forward-measurement
bf60d44b-acd2-401a-9598-c1bc759be10c,72a9b59c-85e5-4213-a08f-ef85202353cb,2026-09-07T00:14:47Z,FanDuel Sportsbook structured market feed,,VA,NFL,35610167,Buffalo Bills @ Houston Texans,2026-09-13T17:00:00.000Z,FanDuel,751.183533042,receiving_yards,Khalil Shakir - Receiving Yds,,Khalil Shakir,41266353,under,36.5,-114,1.87719298245614,0.5327102803738317,open,,,2026-09-07T00:14:47Z,,,,,v3-forward-measurement
bf60d44b-acd2-401a-9598-c1bc759be10c,c00df901-4bf0-43a8-9a24-591006ed5bfc,2026-09-07T00:14:47Z,FanDuel Sportsbook structured market feed,,VA,NFL,35610167,Buffalo Bills @ Houston Texans,2026-09-13T17:00:00.000Z,FanDuel,751.184541567,receiving_yards,Kayshon Boutte - Receiving Yds,,Kayshon Boutte,41072109,over,22.5,-114,1.87719298245614,0.5327102803738317,open,,,2026-09-07T00:14:47Z,,,,,v3-forward-measurement
bf60d44b-acd2-401a-9598-c1bc759be10c,e2e98f8a-8249-4f5a-8a2d-513aae9a7bb8,2026-09-07T00:14:47Z,FanDuel Sportsbook structured market feed,,VA,NFL,35610167,Buffalo Bills @ Houston Texans,2026-09-13T17:00:00.000Z,FanDuel,751.184541567,receiving_yards,Kayshon Boutte - Receiving Yds,,Kayshon Boutte,41072108,under,22.5,-114,1.87719298245614,0.5327102803738317,open,,,2026-09-07T00:14:47Z,,,,,v3-forward-measurement
4bfa6a0d-ceac-404b-b361-ecb25b4bfc69,2f05fd18-feae-446f-9bc3-e510b385f5de,2026-09-07T00:14:47Z,FanDuel Sportsbook structured market feed,,VA,NFL,35610168,New Orleans Saints @ Detroit Lions,2026-09-13T17:01:00.000Z,FanDuel,751.183818920,passing_touchdowns,Tyler Shough - Passing TDs,,Tyler Shough,41066836,over,1.5,140,2.4,0.4166666666666667,open,,,2026-09-07T00:14:47Z,,,,,v3-forward-measurement
4bfa6a0d-ceac-404b-b361-ecb25b4bfc69,32aa5aa9-fd5a-461d-819a-136741f93ea0,2026-09-07T00:14:47Z,FanDuel Sportsbook structured market feed,,VA,NFL,35610168,New Orleans Saints @ Detroit Lions,2026-09-13T17:01:00.000Z,FanDuel,751.183818920,passing_touchdowns,Tyler Shough - Passing TDs,,Tyler Shough,41066844,under,1.5,-188,1.531914893617021,0.6527777777777778,open,,,2026-09-07T00:14:47Z,,,,,v3-forward-measurement
4bfa6a0d-ceac-404b-b361-ecb25b4bfc69,9dd37249-fd1d-4a00-b210-097484384bf5,2026-09-07T00:14:47Z,FanDuel Sportsbook structured market feed,,VA,NFL,35610168,New Orleans Saints @ Detroit Lions,2026-09-13T17:01:00.000Z,FanDuel,751.183819063,passing_yards,Tyler Shough - Passing Yds,,Tyler Shough,41066836,over,246.5,-114,1.87719298245614,0.5327102803738317,open,,,2026-09-07T00:14:47Z,,,,,v3-forward-measurement
4bfa6a0d-ceac-404b-b361-ecb25b4bfc69,67566822-4966-4e7a-97ed-65451b522585,2026-09-07T00:14:47Z,FanDuel Sportsbook structured market feed,,VA,NFL,35610168,New Orleans Saints @ Detroit Lions,2026-09-13T17:01:00.000Z,FanDuel,751.183819063,passing_yards,Tyler Shough - Passing Yds,,Tyler Shough,41066844,under,246.5,-114,1.87719298245614,0.5327102803738317,open,,,2026-09-07T00:14:47Z,,,,,v3-forward-measurement
4bfa6a0d-ceac-404b-b361-ecb25b4bfc69,f152f4d0-ef83-465e-b76b-91c964df7112,2026-09-07T00:14:47Z,FanDuel Sportsbook structured market feed,,VA,NFL,35610168,New Orleans Saints @ Detroit Lions,2026-09-13T17:01:00.000Z,FanDuel,751.183819030,passing_touchdowns,Jared Goff - Passing TDs,,Jared Goff,12135315,over,1.5,-200,1.5,0.6666666666666666,open,,,2026-09-07T00:14:47Z,,,,,v3-forward-measurement
4bfa6a0d-ceac-404b-b361-ecb25b4bfc69,ca6b5886-61b5-45ab-9031-b039a2e5f578,2026-09-07T00:14:47Z,FanDuel Sportsbook structured market feed,,VA,NFL,35610168,New Orleans Saints @ Detroit Lions,2026-09-13T17:01:00.000Z,FanDuel,751.183819030,passing_touchdowns,Jared Goff - Passing TDs,,Jared Goff,12135314,under,1.5,148,2.48,0.4032258064516129,open,,,2026-09-07T00:14:47Z,,,,,v3-forward-measurement
4bfa6a0d-ceac-404b-b361-ecb25b4bfc69,a2f65154-9dcd-4a55-8a1b-233c4239eb88,2026-09-07T00:14:47Z,FanDuel Sportsbook structured market feed,,VA,NFL,35610168,New Orleans Saints @ Detroit Lions,2026-09-13T17:01:00.000Z,FanDuel,751.183819023,passing_yards,Jared Goff - Passing Yds,,Jared Goff,12135315,over,261.5,-114,1.87719298245614,0.5327102803738317,open,,,2026-09-07T00:14:47Z,,,,,v3-forward-measurement
4bfa6a0d-ceac-404b-b361-ecb25b4bfc69,09acca5e-b0a7-419e-a617-2c9715531ab6,2026-09-07T00:14:47Z,FanDuel Sportsbook structured market feed,,VA,NFL,35610168,New Orleans Saints @ Detroit Lions,2026-09-13T17:01:00.000Z,FanDuel,751.183819023,passing_yards,Jared Goff - Passing Yds,,Jared Goff,12135314,under,261.5,-114,1.87719298245614,0.5327102803738317,open,,,2026-09-07T00:14:47Z,,,,,v3-forward-measurement
3c8f2235-c7f4-4d50-ad1e-190315d8772e,ed946172-1a3a-4737-8e59-a196320f04bf,2026-09-07T00:14:47Z,FanDuel Sportsbook structured market feed,,VA,NFL,35610168,New Orleans Saints @ Detroit Lions,2026-09-13T17:01:00.000Z,FanDuel,751.183820190,rushing_yards,Travis Etienne - Rushing Yds,,Travis Etienne,16602553,over,56.5,-114,1.87719298245614,0.5327102803738317,open,,,2026-09-07T00:14:47Z,,,,,v3-forward-measurement
3c8f2235-c7f4-4d50-ad1e-190315d8772e,48d922a5-4a96-4e9e-85e3-5e5186913230,2026-09-07T00:14:47Z,FanDuel Sportsbook structured market feed,,VA,NFL,35610168,New Orleans Saints @ Detroit Lions,2026-09-13T17:01:00.000Z,FanDuel,751.183820190,rushing_yards,Travis Etienne - Rushing Yds,,Travis Etienne,16602554,under,56.5,-114,1.87719298245614,0.5327102803738317,open,,,2026-09-07T00:14:47Z,,,,,v3-forward-measurement
3c8f2235-c7f4-4d50-ad1e-190315d8772e,282aa565-454b-4144-b875-fecb2da110db,2026-09-07T00:14:47Z,FanDuel Sportsbook structured market feed,,VA,NFL,35610168,New Orleans Saints @ Detroit Lions,2026-09-13T17:01:00.000Z,FanDuel,751.183820216,rushing_yards,Tyler Shough - Rushing Yds,,Tyler Shough,41066836,over,16.5,-114,1.87719298245614,0.5327102803738317,open,,,2026-09-07T00:14:47Z,,,,,v3-forward-measurement
3c8f2235-c7f4-4d50-ad1e-190315d8772e,561ca50d-2d81-438a-8464-ff1eb4c1532d,2026-09-07T00:14:47Z,FanDuel Sportsbook structured market feed,,VA,NFL,35610168,New Orleans Saints @ Detroit Lions,2026-09-13T17:01:00.000Z,FanDuel,751.183820216,rushing_yards,Tyler Shough - Rushing Yds,,Tyler Shough,41066844,under,16.5,-114,1.87719298245614,0.5327102803738317,open,,,2026-09-07T00:14:47Z,,,,,v3-forward-measurement
3c8f2235-c7f4-4d50-ad1e-190315d8772e,673e306e-8f9d-428c-8e63-a5350a9cd91f,2026-09-07T00:14:47Z,FanDuel Sportsbook structured market feed,,VA,NFL,35610168,New Orleans Saints @ Detroit Lions,2026-09-13T17:01:00.000Z,FanDuel,751.183820188,rushing_yards,Jahmyr Gibbs - Rushing Yds,,Jahmyr Gibbs,41179952,over,82.5,-114,1.87719298245614,0.5327102803738317,open,,,2026-09-07T00:14:47Z,,,,,v3-forward-measurement
3c8f2235-c7f4-4d50-ad1e-190315d8772e,87a7bbe5-1490-4ff5-bc89-e00d29fa8a75,2026-09-07T00:14:47Z,FanDuel Sportsbook structured market feed,,VA,NFL,35610168,New Orleans Saints @ Detroit Lions,2026-09-13T17:01:00.000Z,FanDuel,751.183820188,rushing_yards,Jahmyr Gibbs - Rushing Yds,,Jahmyr Gibbs,41179953,under,82.5,-114,1.87719298245614,0.5327102803738317,open,,,2026-09-07T00:14:47Z,,,,,v3-forward-measurement
170a93ee-1ef7-4440-a660-1bc5eba792a0,cd8c07ca-645a-4b54-a59b-6cfcd4e25ef6,2026-09-07T00:14:47Z,FanDuel Sportsbook structured market feed,,VA,NFL,35610168,New Orleans Saints @ Detroit Lions,2026-09-13T17:01:00.000Z,FanDuel,751.183821852,receiving_yards,Sam LaPorta - Receiving Yds,,Sam LaPorta,41154223,over,41.5,-114,1.87719298245614,0.5327102803738317,open,,,2026-09-07T00:14:47Z,,,,,v3-forward-measurement
170a93ee-1ef7-4440-a660-1bc5eba792a0,56aa1b5d-de86-481a-abc7-883054aaf94e,2026-09-07T00:14:47Z,FanDuel Sportsbook structured market feed,,VA,NFL,35610168,New Orleans Saints @ Detroit Lions,2026-09-13T17:01:00.000Z,FanDuel,751.183821852,receiving_yards,Sam LaPorta - Receiving Yds,,Sam LaPorta,41154224,under,41.5,-114,1.87719298245614,0.5327102803738317,open,,,2026-09-07T00:14:47Z,,,,,v3-forward-measurement
170a93ee-1ef7-4440-a660-1bc5eba792a0,3d5067b0-63b8-462e-a14e-de660c95d193,2026-09-07T00:14:47Z,FanDuel Sportsbook structured market feed,,VA,NFL,35610168,New Orleans Saints @ Detroit Lions,2026-09-13T17:01:00.000Z,FanDuel,751.183820463,receiving_yards,Chris Olave - Receiving Yds,,Chris Olave,41158858,over,76.5,-114,1.87719298245614,0.5327102803738317,open,,,2026-09-07T00:14:47Z,,,,,v3-forward-measurement
170a93ee-1ef7-4440-a660-1bc5eba792a0,0f44eb3e-2927-4e0f-930c-26a74c1ff93b,2026-09-07T00:14:47Z,FanDuel Sportsbook structured market feed,,VA,NFL,35610168,New Orleans Saints @ Detroit Lions,2026-09-13T17:01:00.000Z,FanDuel,751.183820463,receiving_yards,Chris Olave - Receiving Yds,,Chris Olave,41158859,under,76.5,-114,1.87719298245614,0.5327102803738317,open,,,2026-09-07T00:14:47Z,,,,,v3-forward-measurement
170a93ee-1ef7-4440-a660-1bc5eba792a0,23ea11bb-bdd2-463a-96db-dffb30db47c1,2026-09-07T00:14:47Z,FanDuel Sportsbook structured market feed,,VA,NFL,35610168,New Orleans Saints @ Detroit Lions,2026-09-13T17:01:00.000Z,FanDuel,751.183820461,receiving_yards,Amon-Ra St. Brown - Receiving Yds,,Amon-Ra St. Brown,40891132,over,77.5,-114,1.87719298245614,0.5327102803738317,open,,,2026-09-07T00:14:47Z,,,,,v3-forward-measurement
170a93ee-1ef7-4440-a660-1bc5eba792a0,491cacd7-5865-44c6-802d-7a3f60e71fcd,2026-09-07T00:14:47Z,FanDuel Sportsbook structured market feed,,VA,NFL,35610168,New Orleans Saints @ Detroit Lions,2026-09-13T17:01:00.000Z,FanDuel,751.183820461,receiving_yards,Amon-Ra St. Brown - Receiving Yds,,Amon-Ra St. Brown,40891131,under,77.5,-114,1.87719298245614,0.5327102803738317,open,,,2026-09-07T00:14:47Z,,,,,v3-forward-measurement
170a93ee-1ef7-4440-a660-1bc5eba792a0,06ad1eaa-79e5-479d-8b2b-1f7ea1540a6e,2026-09-07T00:14:47Z,FanDuel Sportsbook structured market feed,,VA,NFL,35610168,New Orleans Saints @ Detroit Lions,2026-09-13T17:01:00.000Z,FanDuel,751.184833686,receptions,Travis Etienne - Total Receptions,,Travis Etienne,16602553,over,2.5,-205,1.48780487804878,0.6721311475409836,open,,,2026-09-07T00:14:47Z,,,,,v3-forward-measurement
170a93ee-1ef7-4440-a660-1bc5eba792a0,89c3a9d3-1335-48ee-af63-f713d6dc0df8,2026-09-07T00:14:47Z,FanDuel Sportsbook structured market feed,,VA,NFL,35610168,New Orleans Saints @ Detroit Lions,2026-09-13T17:01:00.000Z,FanDuel,751.184833686,receptions,Travis Etienne - Total Receptions,,Travis Etienne,16602554,under,2.5,152,2.52,0.3968253968253968,open,,,2026-09-07T00:14:47Z,,,,,v3-forward-measurement
170a93ee-1ef7-4440-a660-1bc5eba792a0,3444c84d-1235-4aaa-a81c-50eebfb3e04b,2026-09-07T00:14:47Z,FanDuel Sportsbook structured market feed,,VA,NFL,35610168,New Orleans Saints @ Detroit Lions,2026-09-13T17:01:00.000Z,FanDuel,751.184833685,receiving_yards,Travis Etienne - Receiving Yds,,Travis Etienne,16602553,over,17.5,-114,1.87719298245614,0.5327102803738317,open,,,2026-09-07T00:14:47Z,,,,,v3-forward-measurement
170a93ee-1ef7-4440-a660-1bc5eba792a0,0e664a48-7dab-4302-87f2-dd88eaeb7a01,2026-09-07T00:14:47Z,FanDuel Sportsbook structured market feed,,VA,NFL,35610168,New Orleans Saints @ Detroit Lions,2026-09-13T17:01:00.000Z,FanDuel,751.184833685,receiving_yards,Travis Etienne - Receiving Yds,,Travis Etienne,16602554,under,17.5,-114,1.87719298245614,0.5327102803738317,open,,,2026-09-07T00:14:47Z,,,,,v3-forward-measurement
170a93ee-1ef7-4440-a660-1bc5eba792a0,4c520008-0826-400b-a2fd-dc485802cc32,2026-09-07T00:14:47Z,FanDuel Sportsbook structured market feed,,VA,NFL,35610168,New Orleans Saints @ Detroit Lions,2026-09-13T17:01:00.000Z,FanDuel,751.183821854,receptions,Sam LaPorta - Total Receptions,,Sam LaPorta,41154223,over,3.5,-172,1.581395348837209,0.6323529411764706,open,,,2026-09-07T00:14:47Z,,,,,v3-forward-measurement
170a93ee-1ef7-4440-a660-1bc5eba792a0,a4bd4ba1-d619-43b8-bec4-2946791f8f6b,2026-09-07T00:14:47Z,FanDuel Sportsbook structured market feed,,VA,NFL,35610168,New Orleans Saints @ Detroit Lions,2026-09-13T17:01:00.000Z,FanDuel,751.183821854,receptions,Sam LaPorta - Total Receptions,,Sam LaPorta,41154224,under,3.5,128,2.28,0.43859649122807015,open,,,2026-09-07T00:14:47Z,,,,,v3-forward-measurement
170a93ee-1ef7-4440-a660-1bc5eba792a0,c5677ba3-e26e-4dd1-8ddc-72bd4622b134,2026-09-07T00:14:47Z,FanDuel Sportsbook structured market feed,,VA,NFL,35610168,New Orleans Saints @ Detroit Lions,2026-09-13T17:01:00.000Z,FanDuel,751.183820469,receptions,Chris Olave - Total Receptions,,Chris Olave,41158858,over,6.5,-102,1.980392156862745,0.504950495049505,open,,,2026-09-07T00:14:47Z,,,,,v3-forward-measurement
170a93ee-1ef7-4440-a660-1bc5eba792a0,4bcfd8b2-cf4c-4a0d-bc93-4729927d51ad,2026-09-07T00:14:47Z,FanDuel Sportsbook structured market feed,,VA,NFL,35610168,New Orleans Saints @ Detroit Lions,2026-09-13T17:01:00.000Z,FanDuel,751.183820469,receptions,Chris Olave - Total Receptions,,Chris Olave,41158859,under,6.5,-130,1.769230769230769,0.5652173913043478,open,,,2026-09-07T00:14:47Z,,,,,v3-forward-measurement
170a93ee-1ef7-4440-a660-1bc5eba792a0,ce456205-c115-4df8-8022-2843d984f0b6,2026-09-07T00:14:47Z,FanDuel Sportsbook structured market feed,,VA,NFL,35610168,New Orleans Saints @ Detroit Lions,2026-09-13T17:01:00.000Z,FanDuel,751.184833180,receiving_yards,Isaac TeSlaa - Receiving Yds,,Isaac TeSlaa,60529877,over,16.5,-114,1.87719298245614,0.5327102803738317,open,,,2026-09-07T00:14:47Z,,,,,v3-forward-measurement
170a93ee-1ef7-4440-a660-1bc5eba792a0,9a9c9692-9ca0-4979-ab95-1d72cb38ca71,2026-09-07T00:14:47Z,FanDuel Sportsbook structured market feed,,VA,NFL,35610168,New Orleans Saints @ Detroit Lions,2026-09-13T17:01:00.000Z,FanDuel,751.184833180,receiving_yards,Isaac TeSlaa - Receiving Yds,,Isaac TeSlaa,60529876,under,16.5,-114,1.87719298245614,0.5327102803738317,open,,,2026-09-07T00:14:47Z,,,,,v3-forward-measurement
170a93ee-1ef7-4440-a660-1bc5eba792a0,fad1c892-0a0f-4232-af55-5fa062d66b3e,2026-09-07T00:14:47Z,FanDuel Sportsbook structured market feed,,VA,NFL,35610168,New Orleans Saints @ Detroit Lions,2026-09-13T17:01:00.000Z,FanDuel,751.184833184,receptions,Isaac TeSlaa - Total Receptions,,Isaac TeSlaa,60529877,over,1.5,106,2.06,0.4854368932038835,open,,,2026-09-07T00:14:47Z,,,,,v3-forward-measurement
170a93ee-1ef7-4440-a660-1bc5eba792a0,997c1bd9-14d9-4dc1-9794-aedb67556de2,2026-09-07T00:14:47Z,FanDuel Sportsbook structured market feed,,VA,NFL,35610168,New Orleans Saints @ Detroit Lions,2026-09-13T17:01:00.000Z,FanDuel,751.184833184,receptions,Isaac TeSlaa - Total Receptions,,Isaac TeSlaa,60529876,under,1.5,-140,1.714285714285714,0.5833333333333334,open,,,2026-09-07T00:14:47Z,,,,,v3-forward-measurement
170a93ee-1ef7-4440-a660-1bc5eba792a0,913d0058-6c56-40c3-9a2a-735401a33d03,2026-09-07T00:14:47Z,FanDuel Sportsbook structured market feed,,VA,NFL,35610168,New Orleans Saints @ Detroit Lions,2026-09-13T17:01:00.000Z,FanDuel,751.184833515,receiving_yards,Devaughn Vele - Receiving Yds,,Devaughn Vele,41522434,over,39.5,-114,1.87719298245614,0.5327102803738317,open,,,2026-09-07T00:14:47Z,,,,,v3-forward-measurement
170a93ee-1ef7-4440-a660-1bc5eba792a0,7e7dbf6c-bc64-4eec-90c8-ec028a83678e,2026-09-07T00:14:47Z,FanDuel Sportsbook structured market feed,,VA,NFL,35610168,New Orleans Saints @ Detroit Lions,2026-09-13T17:01:00.000Z,FanDuel,751.184833515,receiving_yards,Devaughn Vele - Receiving Yds,,Devaughn Vele,41522432,under,39.5,-114,1.87719298245614,0.5327102803738317,open,,,2026-09-07T00:14:47Z,,,,,v3-forward-measurement
170a93ee-1ef7-4440-a660-1bc5eba792a0,015a93e1-5d90-431b-beb5-6a6eb0bc038b,2026-09-07T00:14:47Z,FanDuel Sportsbook structured market feed,,VA,NFL,35610168,New Orleans Saints @ Detroit Lions,2026-09-13T17:01:00.000Z,FanDuel,751.183820475,receptions,Amon-Ra St. Brown - Total Receptions,,Amon-Ra St. Brown,40891132,over,6.5,-114,1.87719298245614,0.5327102803738317,open,,,2026-09-07T00:14:47Z,,,,,v3-forward-measurement
170a93ee-1ef7-4440-a660-1bc5eba792a0,16f3317b-8093-4ecb-be7e-fb9e58a78a94,2026-09-07T00:14:47Z,FanDuel Sportsbook structured market feed,,VA,NFL,35610168,New Orleans Saints @ Detroit Lions,2026-09-13T17:01:00.000Z,FanDuel,751.183820475,receptions,Amon-Ra St. Brown - Total Receptions,,Amon-Ra St. Brown,40891131,under,6.5,-114,1.87719298245614,0.5327102803738317,open,,,2026-09-07T00:14:47Z,,,,,v3-forward-measurement
170a93ee-1ef7-4440-a660-1bc5eba792a0,34a28f22-5c65-4d98-ad98-3c0a9788f4e6,2026-09-07T00:14:47Z,FanDuel Sportsbook structured market feed,,VA,NFL,35610168,New Orleans Saints @ Detroit Lions,2026-09-13T17:01:00.000Z,FanDuel,751.184833513,receptions,Devaughn Vele - Total Receptions,,Devaughn Vele,41522434,over,3.5,-102,1.980392156862745,0.504950495049505,open,,,2026-09-07T00:14:47Z,,,,,v3-forward-measurement
170a93ee-1ef7-4440-a660-1bc5eba792a0,c0475dd9-41b5-4ef0-8b9b-2e131a7acd7b,2026-09-07T00:14:47Z,FanDuel Sportsbook structured market feed,,VA,NFL,35610168,New Orleans Saints @ Detroit Lions,2026-09-13T17:01:00.000Z,FanDuel,751.184833513,receptions,Devaughn Vele - Total Receptions,,Devaughn Vele,41522432,under,3.5,-130,1.769230769230769,0.5652173913043478,open,,,2026-09-07T00:14:47Z,,,,,v3-forward-measurement
170a93ee-1ef7-4440-a660-1bc5eba792a0,8df734e0-3426-47eb-a4ac-b55cef67309e,2026-09-07T00:14:47Z,FanDuel Sportsbook structured market feed,,VA,NFL,35610168,New Orleans Saints @ Detroit Lions,2026-09-13T17:01:00.000Z,FanDuel,751.183820457,receiving_yards,Jameson Williams - Receiving Yds,,Jameson Williams,41172033,over,58.5,-114,1.87719298245614,0.5327102803738317,open,,,2026-09-07T00:14:47Z,,,,,v3-forward-measurement
170a93ee-1ef7-4440-a660-1bc5eba792a0,1824d9ca-2888-4d8c-8cc0-cfc7f96c2a2b,2026-09-07T00:14:47Z,FanDuel Sportsbook structured market feed,,VA,NFL,35610168,New Orleans Saints @ Detroit Lions,2026-09-13T17:01:00.000Z,FanDuel,751.183820457,receiving_yards,Jameson Williams - Receiving Yds,,Jameson Williams,41172032,under,58.5,-114,1.87719298245614,0.5327102803738317,open,,,2026-09-07T00:14:47Z,,,,,v3-forward-measurement
170a93ee-1ef7-4440-a660-1bc5eba792a0,d2d42ddc-0660-44b0-87e3-24e1ba423369,2026-09-07T00:14:47Z,FanDuel Sportsbook structured market feed,,VA,NFL,35610168,New Orleans Saints @ Detroit Lions,2026-09-13T17:01:00.000Z,FanDuel,751.183820831,receiving_yards,Juwan Johnson - Receiving Yds,,Juwan Johnson,40916525,over,42.5,-114,1.87719298245614,0.5327102803738317,open,,,2026-09-07T00:14:47Z,,,,,v3-forward-measurement
170a93ee-1ef7-4440-a660-1bc5eba792a0,7af5093f-81ad-4eb1-b1bb-55d3b8723e0d,2026-09-07T00:14:47Z,FanDuel Sportsbook structured market feed,,VA,NFL,35610168,New Orleans Saints @ Detroit Lions,2026-09-13T17:01:00.000Z,FanDuel,751.183820831,receiving_yards,Juwan Johnson - Receiving Yds,,Juwan Johnson,40916523,under,42.5,-114,1.87719298245614,0.5327102803738317,open,,,2026-09-07T00:14:47Z,,,,,v3-forward-measurement
170a93ee-1ef7-4440-a660-1bc5eba792a0,d4b182c3-87ab-4781-bfb0-8620e11897c7,2026-09-07T00:14:47Z,FanDuel Sportsbook structured market feed,,VA,NFL,35610168,New Orleans Saints @ Detroit Lions,2026-09-13T17:01:00.000Z,FanDuel,751.183820830,receptions,Juwan Johnson - Total Receptions,,Juwan Johnson,40916525,over,4.5,116,2.16,0.46296296296296297,open,,,2026-09-07T00:14:47Z,,,,,v3-forward-measurement
170a93ee-1ef7-4440-a660-1bc5eba792a0,68eda7b8-888b-4fb5-8ecb-9c69ad7d271b,2026-09-07T00:14:47Z,FanDuel Sportsbook structured market feed,,VA,NFL,35610168,New Orleans Saints @ Detroit Lions,2026-09-13T17:01:00.000Z,FanDuel,751.183820830,receptions,Juwan Johnson - Total Receptions,,Juwan Johnson,40916523,under,4.5,-154,1.649350649350649,0.6062992125984252,open,,,2026-09-07T00:14:47Z,,,,,v3-forward-measurement
170a93ee-1ef7-4440-a660-1bc5eba792a0,dd5b91c9-6295-48e2-9a6a-32195093206e,2026-09-07T00:14:47Z,FanDuel Sportsbook structured market feed,,VA,NFL,35610168,New Orleans Saints @ Detroit Lions,2026-09-13T17:01:00.000Z,FanDuel,751.183820459,receptions,Jameson Williams - Total Receptions,,Jameson Williams,41172033,over,3.5,-148,1.675675675675676,0.5967741935483871,open,,,2026-09-07T00:14:47Z,,,,,v3-forward-measurement
170a93ee-1ef7-4440-a660-1bc5eba792a0,eb99d2ab-4a32-4629-9763-394a024371c3,2026-09-07T00:14:47Z,FanDuel Sportsbook structured market feed,,VA,NFL,35610168,New Orleans Saints @ Detroit Lions,2026-09-13T17:01:00.000Z,FanDuel,751.183820459,receptions,Jameson Williams - Total Receptions,,Jameson Williams,41172032,under,3.5,112,2.12,0.4716981132075472,open,,,2026-09-07T00:14:47Z,,,,,v3-forward-measurement
170a93ee-1ef7-4440-a660-1bc5eba792a0,dead0da4-8e9c-423d-8f7b-8ce68a9b7d3d,2026-09-07T00:14:47Z,FanDuel Sportsbook structured market feed,,VA,NFL,35610168,New Orleans Saints @ Detroit Lions,2026-09-13T17:01:00.000Z,FanDuel,751.183836998,receiving_yards,Jahmyr Gibbs - Receiving Yds,,Jahmyr Gibbs,41179952,over,30.5,-114,1.87719298245614,0.5327102803738317,open,,,2026-09-07T00:14:47Z,,,,,v3-forward-measurement
170a93ee-1ef7-4440-a660-1bc5eba792a0,2cc75be4-28ef-42a5-985c-f429c50ac633,2026-09-07T00:14:47Z,FanDuel Sportsbook structured market feed,,VA,NFL,35610168,New Orleans Saints @ Detroit Lions,2026-09-13T17:01:00.000Z,FanDuel,751.183836998,receiving_yards,Jahmyr Gibbs - Receiving Yds,,Jahmyr Gibbs,41179953,under,30.5,-114,1.87719298245614,0.5327102803738317,open,,,2026-09-07T00:14:47Z,,,,,v3-forward-measurement
170a93ee-1ef7-4440-a660-1bc5eba792a0,26f26c39-dbd4-4429-a2f2-0366578e06fe,2026-09-07T00:14:47Z,FanDuel Sportsbook structured market feed,,VA,NFL,35610168,New Orleans Saints @ Detroit Lions,2026-09-13T17:01:00.000Z,FanDuel,751.183836997,receptions,Jahmyr Gibbs - Total Receptions,,Jahmyr Gibbs,41179952,over,4.5,120,2.2,0.45454545454545453,open,,,2026-09-07T00:14:47Z,,,,,v3-forward-measurement
170a93ee-1ef7-4440-a660-1bc5eba792a0,4bccd261-e775-4a7d-9cb8-fcf9f8b96d0e,2026-09-07T00:14:47Z,FanDuel Sportsbook structured market feed,,VA,NFL,35610168,New Orleans Saints @ Detroit Lions,2026-09-13T17:01:00.000Z,FanDuel,751.183836997,receptions,Jahmyr Gibbs - Total Receptions,,Jahmyr Gibbs,41179953,under,4.5,-160,1.625,0.6153846153846154,open,,,2026-09-07T00:14:47Z,,,,,v3-forward-measurement
152ef31b-91fb-4597-b93e-92376788e4f6,69bfa865-669d-48bc-b341-c41e681e2218,2026-09-07T00:14:47Z,FanDuel Sportsbook structured market feed,,VA,NFL,35610169,Tampa Bay Buccaneers @ Cincinnati Bengals,2026-09-13T17:01:00.000Z,FanDuel,751.183806600,passing_touchdowns,Baker Mayfield - Passing TDs,,Baker Mayfield,16602448,over,1.5,-112,1.892857142857143,0.5283018867924528,open,,,2026-09-07T00:14:47Z,,,,,v3-forward-measurement
152ef31b-91fb-4597-b93e-92376788e4f6,372f2631-c928-4c4c-92bb-168a043e9e36,2026-09-07T00:14:47Z,FanDuel Sportsbook structured market feed,,VA,NFL,35610169,Tampa Bay Buccaneers @ Cincinnati Bengals,2026-09-13T17:01:00.000Z,FanDuel,751.183806600,passing_touchdowns,Baker Mayfield - Passing TDs,,Baker Mayfield,16602449,under,1.5,-118,1.847457627118644,0.5412844036697247,open,,,2026-09-07T00:14:47Z,,,,,v3-forward-measurement
152ef31b-91fb-4597-b93e-92376788e4f6,b62f277b-ffc3-4858-998c-93e4ed2f1c6d,2026-09-07T00:14:47Z,FanDuel Sportsbook structured market feed,,VA,NFL,35610169,Tampa Bay Buccaneers @ Cincinnati Bengals,2026-09-13T17:01:00.000Z,FanDuel,751.183806678,passing_yards,Baker Mayfield - Passing Yds,,Baker Mayfield,16602448,over,232.5,-114,1.87719298245614,0.5327102803738317,open,,,2026-09-07T00:14:47Z,,,,,v3-forward-measurement
152ef31b-91fb-4597-b93e-92376788e4f6,76ecc8aa-74a2-464e-bc82-4780e1ae9973,2026-09-07T00:14:47Z,FanDuel Sportsbook structured market feed,,VA,NFL,35610169,Tampa Bay Buccaneers @ Cincinnati Bengals,2026-09-13T17:01:00.000Z,FanDuel,751.183806678,passing_yards,Baker Mayfield - Passing Yds,,Baker Mayfield,16602449,under,232.5,-114,1.87719298245614,0.5327102803738317,open,,,2026-09-07T00:14:47Z,,,,,v3-forward-measurement
152ef31b-91fb-4597-b93e-92376788e4f6,9fdf3500-1ad6-4077-ac32-1a8ab220e86c,2026-09-07T00:14:47Z,FanDuel Sportsbook structured market feed,,VA,NFL,35610169,Tampa Bay Buccaneers @ Cincinnati Bengals,2026-09-13T17:01:00.000Z,FanDuel,751.183806579,passing_touchdowns,Joe Burrow - Passing TDs,,Joe Burrow,20452292,over,2.5,152,2.52,0.3968253968253968,open,,,2026-09-07T00:14:47Z,,,,,v3-forward-measurement
152ef31b-91fb-4597-b93e-92376788e4f6,63adc83d-8bfe-419e-a069-18e9463d86e4,2026-09-07T00:14:47Z,FanDuel Sportsbook structured market feed,,VA,NFL,35610169,Tampa Bay Buccaneers @ Cincinnati Bengals,2026-09-13T17:01:00.000Z,FanDuel,751.183806579,passing_touchdowns,Joe Burrow - Passing TDs,,Joe Burrow,20452293,under,2.5,-205,1.48780487804878,0.6721311475409836,open,,,2026-09-07T00:14:47Z,,,,,v3-forward-measurement
152ef31b-91fb-4597-b93e-92376788e4f6,5a838bcc-c0ba-4939-a899-f6811a8589df,2026-09-07T00:14:47Z,FanDuel Sportsbook structured market feed,,VA,NFL,35610169,Tampa Bay Buccaneers @ Cincinnati Bengals,2026-09-13T17:01:00.000Z,FanDuel,751.183806685,passing_yards,Joe Burrow - Passing Yds,,Joe Burrow,20452292,over,267.5,-114,1.87719298245614,0.5327102803738317,open,,,2026-09-07T00:14:47Z,,,,,v3-forward-measurement
152ef31b-91fb-4597-b93e-92376788e4f6,54446f0e-4e40-4cc8-aa32-e0911c86ea4e,2026-09-07T00:14:47Z,FanDuel Sportsbook structured market feed,,VA,NFL,35610169,Tampa Bay Buccaneers @ Cincinnati Bengals,2026-09-13T17:01:00.000Z,FanDuel,751.183806685,passing_yards,Joe Burrow - Passing Yds,,Joe Burrow,20452293,under,267.5,-114,1.87719298245614,0.5327102803738317,open,,,2026-09-07T00:14:47Z,,,,,v3-forward-measurement
7474cf2a-6c31-4112-bac0-34e16f2d6977,88f3c1f3-3277-4e19-94ac-6a48ae0f64e1,2026-09-07T00:14:47Z,FanDuel Sportsbook structured market feed,,VA,NFL,35610169,Tampa Bay Buccaneers @ Cincinnati Bengals,2026-09-13T17:01:00.000Z,FanDuel,751.183808738,rushing_yards,Bucky Irving - Rushing Yds,,Bucky Irving,49541847,over,58.5,-114,1.87719298245614,0.5327102803738317,open,,,2026-09-07T00:14:47Z,,,,,v3-forward-measurement
7474cf2a-6c31-4112-bac0-34e16f2d6977,4e4451fc-4a48-4546-89d7-a2b71410793e,2026-09-07T00:14:47Z,FanDuel Sportsbook structured market feed,,VA,NFL,35610169,Tampa Bay Buccaneers @ Cincinnati Bengals,2026-09-13T17:01:00.000Z,FanDuel,751.183808738,rushing_yards,Bucky Irving - Rushing Yds,,Bucky Irving,49541845,under,58.5,-114,1.87719298245614,0.5327102803738317,open,,,2026-09-07T00:14:47Z,,,,,v3-forward-measurement
7474cf2a-6c31-4112-bac0-34e16f2d6977,01119353-6454-4a90-ac14-aacca118d30a,2026-09-07T00:14:47Z,FanDuel Sportsbook structured market feed,,VA,NFL,35610169,Tampa Bay Buccaneers @ Cincinnati Bengals,2026-09-13T17:01:00.000Z,FanDuel,751.184985866,rushing_yards,Samaje Perine - Rushing Yds,,Samaje Perine,15499370,over,19.5,-114,1.87719298245614,0.5327102803738317,open,,,2026-09-07T00:14:47Z,,,,,v3-forward-measurement
7474cf2a-6c31-4112-bac0-34e16f2d6977,75f80c47-2f71-4918-8af7-6fef2112b3b2,2026-09-07T00:14:47Z,FanDuel Sportsbook structured market feed,,VA,NFL,35610169,Tampa Bay Buccaneers @ Cincinnati Bengals,2026-09-13T17:01:00.000Z,FanDuel,751.184985866,rushing_yards,Samaje Perine - Rushing Yds,,Samaje Perine,15499371,under,19.5,-114,1.87719298245614,0.5327102803738317,open,,,2026-09-07T00:14:47Z,,,,,v3-forward-measurement
7474cf2a-6c31-4112-bac0-34e16f2d6977,b6ba6236-49fc-4b3f-9a3c-3acd617fbbd9,2026-09-07T00:14:47Z,FanDuel Sportsbook structured market feed,,VA,NFL,35610169,Tampa Bay Buccaneers @ Cincinnati Bengals,2026-09-13T17:01:00.000Z,FanDuel,751.183808948,rushing_yards,Joe Burrow - Rushing Yds,,Joe Burrow,20452292,over,6.5,-114,1.87719298245614,0.5327102803738317,open,,,2026-09-07T00:14:47Z,,,,,v3-forward-measurement
7474cf2a-6c31-4112-bac0-34e16f2d6977,1c47814d-0fac-445a-b052-3e0b0204b29f,2026-09-07T00:14:47Z,FanDuel Sportsbook structured market feed,,VA,NFL,35610169,Tampa Bay Buccaneers @ Cincinnati Bengals,2026-09-13T17:01:00.000Z,FanDuel,751.183808948,rushing_yards,Joe Burrow - Rushing Yds,,Joe Burrow,20452293,under,6.5,-114,1.87719298245614,0.5327102803738317,open,,,2026-09-07T00:14:47Z,,,,,v3-forward-measurement
7474cf2a-6c31-4112-bac0-34e16f2d6977,a9a0775a-1e63-47e7-b91c-834fec14ff8d,2026-09-07T00:14:47Z,FanDuel Sportsbook structured market feed,,VA,NFL,35610169,Tampa Bay Buccaneers @ Cincinnati Bengals,2026-09-13T17:01:00.000Z,FanDuel,751.183808103,rushing_yards,Chase Brown - Rushing Yds,,Chase Brown,41072627,over,57.5,-114,1.87719298245614,0.5327102803738317,open,,,2026-09-07T00:14:47Z,,,,,v3-forward-measurement
7474cf2a-6c31-4112-bac0-34e16f2d6977,eb4d4f6d-1118-4fc7-87ea-812d24bc7130,2026-09-07T00:14:47Z,FanDuel Sportsbook structured market feed,,VA,NFL,35610169,Tampa Bay Buccaneers @ Cincinnati Bengals,2026-09-13T17:01:00.000Z,FanDuel,751.183808103,rushing_yards,Chase Brown - Rushing Yds,,Chase Brown,41072629,under,57.5,-114,1.87719298245614,0.5327102803738317,open,,,2026-09-07T00:14:47Z,,,,,v3-forward-measurement
7474cf2a-6c31-4112-bac0-34e16f2d6977,0a43bc7e-60e4-4985-8278-31126c509457,2026-09-07T00:14:47Z,FanDuel Sportsbook structured market feed,,VA,NFL,35610169,Tampa Bay Buccaneers @ Cincinnati Bengals,2026-09-13T17:01:00.000Z,FanDuel,751.183809132,rushing_yards,Baker Mayfield - Rushing Yds,,Baker Mayfield,16602448,over,15.5,-114,1.87719298245614,0.5327102803738317,open,,,2026-09-07T00:14:47Z,,,,,v3-forward-measurement
7474cf2a-6c31-4112-bac0-34e16f2d6977,88cfd3b3-91ff-4b80-823e-56ad7caa5d34,2026-09-07T00:14:47Z,FanDuel Sportsbook structured market feed,,VA,NFL,35610169,Tampa Bay Buccaneers @ Cincinnati Bengals,2026-09-13T17:01:00.000Z,FanDuel,751.183809132,rushing_yards,Baker Mayfield - Rushing Yds,,Baker Mayfield,16602449,under,15.5,-114,1.87719298245614,0.5327102803738317,open,,,2026-09-07T00:14:47Z,,,,,v3-forward-measurement
7474cf2a-6c31-4112-bac0-34e16f2d6977,651fcb55-394b-4733-a03c-cdc6450b5864,2026-09-07T00:14:47Z,FanDuel Sportsbook structured market feed,,VA,NFL,35610169,Tampa Bay Buccaneers @ Cincinnati Bengals,2026-09-13T17:01:00.000Z,FanDuel,751.184985727,rushing_yards,Kenneth Gainwell - Rushing Yds,,Kenneth Gainwell,40915793,over,21.5,-114,1.87719298245614,0.5327102803738317,open,,,2026-09-07T00:14:47Z,,,,,v3-forward-measurement
7474cf2a-6c31-4112-bac0-34e16f2d6977,158c619b-1b80-41fe-a09a-b6657e660b6d,2026-09-07T00:14:47Z,FanDuel Sportsbook structured market feed,,VA,NFL,35610169,Tampa Bay Buccaneers @ Cincinnati Bengals,2026-09-13T17:01:00.000Z,FanDuel,751.184985727,rushing_yards,Kenneth Gainwell - Rushing Yds,,Kenneth Gainwell,40915796,under,21.5,-114,1.87719298245614,0.5327102803738317,open,,,2026-09-07T00:14:47Z,,,,,v3-forward-measurement
309fb500-3f57-4a82-aa6e-c5b833e933b9,089fa76c-4d9a-4e2b-aece-da453cce7aa4,2026-09-07T00:14:47Z,FanDuel Sportsbook structured market feed,,VA,NFL,35610169,Tampa Bay Buccaneers @ Cincinnati Bengals,2026-09-13T17:01:00.000Z,FanDuel,751.184985733,receiving_yards,Kenneth Gainwell - Receiving Yds,,Kenneth Gainwell,40915793,over,20.5,-114,1.87719298245614,0.5327102803738317,open,,,2026-09-07T00:14:47Z,,,,,v3-forward-measurement
309fb500-3f57-4a82-aa6e-c5b833e933b9,324dafbb-b66a-4f64-b358-dcd01d79c8ac,2026-09-07T00:14:47Z,FanDuel Sportsbook structured market feed,,VA,NFL,35610169,Tampa Bay Buccaneers @ Cincinnati Bengals,2026-09-13T17:01:00.000Z,FanDuel,751.184985733,receiving_yards,Kenneth Gainwell - Receiving Yds,,Kenneth Gainwell,40915796,under,20.5,-114,1.87719298245614,0.5327102803738317,open,,,2026-09-07T00:14:47Z,,,,,v3-forward-measurement
309fb500-3f57-4a82-aa6e-c5b833e933b9,e441244e-94cb-4900-8913-e0f289ca01f9,2026-09-07T00:14:47Z,FanDuel Sportsbook structured market feed,,VA,NFL,35610169,Tampa Bay Buccaneers @ Cincinnati Bengals,2026-09-13T17:01:00.000Z,FanDuel,751.183809800,receptions,Tee Higgins - Total Receptions,,Tee Higgins,22336746,over,4.5,-140,1.714285714285714,0.5833333333333334,open,,,2026-09-07T00:14:47Z,,,,,v3-forward-measurement
309fb500-3f57-4a82-aa6e-c5b833e933b9,a1409617-e07b-4326-9494-035283fbfba6,2026-09-07T00:14:47Z,FanDuel Sportsbook structured market feed,,VA,NFL,35610169,Tampa Bay Buccaneers @ Cincinnati Bengals,2026-09-13T17:01:00.000Z,FanDuel,751.183809800,receptions,Tee Higgins - Total Receptions,,Tee Higgins,22336747,under,4.5,106,2.06,0.4854368932038835,open,,,2026-09-07T00:14:47Z,,,,,v3-forward-measurement
309fb500-3f57-4a82-aa6e-c5b833e933b9,b9618e94-a84b-4453-92f4-34dd0fff1bc3,2026-09-07T00:14:47Z,FanDuel Sportsbook structured market feed,,VA,NFL,35610169,Tampa Bay Buccaneers @ Cincinnati Bengals,2026-09-13T17:01:00.000Z,FanDuel,751.183809802,receiving_yards,Emeka Egbuka - Receiving Yds,,Emeka Egbuka,48671758,over,54.5,-114,1.87719298245614,0.5327102803738317,open,,,2026-09-07T00:14:47Z,,,,,v3-forward-measurement
309fb500-3f57-4a82-aa6e-c5b833e933b9,b5f0877c-bc15-4098-a0fd-13748640d2ab,2026-09-07T00:14:47Z,FanDuel Sportsbook structured market feed,,VA,NFL,35610169,Tampa Bay Buccaneers @ Cincinnati Bengals,2026-09-13T17:01:00.000Z,FanDuel,751.183809802,receiving_yards,Emeka Egbuka - Receiving Yds,,Emeka Egbuka,48671757,under,54.5,-114,1.87719298245614,0.5327102803738317,open,,,2026-09-07T00:14:47Z,,,,,v3-forward-measurement
309fb500-3f57-4a82-aa6e-c5b833e933b9,621e8277-1416-46ee-8269-335407d38623,2026-09-07T00:14:47Z,FanDuel Sportsbook structured market feed,,VA,NFL,35610169,Tampa Bay Buccaneers @ Cincinnati Bengals,2026-09-13T17:01:00.000Z,FanDuel,751.184923061,receptions,Cade Otton - Total Receptions,,Cade Otton,41346941,over,3.5,124,2.24,0.44642857142857145,open,,,2026-09-07T00:14:47Z,,,,,v3-forward-measurement
309fb500-3f57-4a82-aa6e-c5b833e933b9,d44c71f5-9bd5-480e-a39e-825749ccbe92,2026-09-07T00:14:47Z,FanDuel Sportsbook structured market feed,,VA,NFL,35610169,Tampa Bay Buccaneers @ Cincinnati Bengals,2026-09-13T17:01:00.000Z,FanDuel,751.184923061,receptions,Cade Otton - Total Receptions,,Cade Otton,41346942,under,3.5,-166,1.602409638554217,0.6240601503759399,open,,,2026-09-07T00:14:47Z,,,,,v3-forward-measurement
309fb500-3f57-4a82-aa6e-c5b833e933b9,22841790-54ef-4c16-8a08-ec30eace4ab4,2026-09-07T00:14:47Z,FanDuel Sportsbook structured market feed,,VA,NFL,35610169,Tampa Bay Buccaneers @ Cincinnati Bengals,2026-09-13T17:01:00.000Z,FanDuel,751.184923064,receiving_yards,Cade Otton - Receiving Yds,,Cade Otton,41346941,over,28.5,-114,1.87719298245614,0.5327102803738317,open,,,2026-09-07T00:14:47Z,,,,,v3-forward-measurement
309fb500-3f57-4a82-aa6e-c5b833e933b9,5b1afd87-fa7d-4dd5-bb83-153d18bc8b32,2026-09-07T00:14:47Z,FanDuel Sportsbook structured market feed,,VA,NFL,35610169,Tampa Bay Buccaneers @ Cincinnati Bengals,2026-09-13T17:01:00.000Z,FanDuel,751.184923064,receiving_yards,Cade Otton - Receiving Yds,,Cade Otton,41346942,under,28.5,-114,1.87719298245614,0.5327102803738317,open,,,2026-09-07T00:14:47Z,,,,,v3-forward-measurement
309fb500-3f57-4a82-aa6e-c5b833e933b9,e1bad655-3db1-450d-acab-9c5fb72a4541,2026-09-07T00:14:47Z,FanDuel Sportsbook structured market feed,,VA,NFL,35610169,Tampa Bay Buccaneers @ Cincinnati Bengals,2026-09-13T17:01:00.000Z,FanDuel,751.183809797,receptions,Emeka Egbuka - Total Receptions,,Emeka Egbuka,48671758,over,4.5,124,2.24,0.44642857142857145,open,,,2026-09-07T00:14:47Z,,,,,v3-forward-measurement
309fb500-3f57-4a82-aa6e-c5b833e933b9,5d14951c-c94f-4906-b2f3-b8e39af953b4,2026-09-07T00:14:47Z,FanDuel Sportsbook structured market feed,,VA,NFL,35610169,Tampa Bay Buccaneers @ Cincinnati Bengals,2026-09-13T17:01:00.000Z,FanDuel,751.183809797,receptions,Emeka Egbuka - Total Receptions,,Emeka Egbuka,48671757,under,4.5,-166,1.602409638554217,0.6240601503759399,open,,,2026-09-07T00:14:47Z,,,,,v3-forward-measurement
309fb500-3f57-4a82-aa6e-c5b833e933b9,ebbf1144-cec0-4ecc-96e5-a96208835a25,2026-09-07T00:14:47Z,FanDuel Sportsbook structured market feed,,VA,NFL,35610169,Tampa Bay Buccaneers @ Cincinnati Bengals,2026-09-13T17:01:00.000Z,FanDuel,751.183809799,receptions,Ja'Marr Chase - Total Receptions,,Ja'Marr Chase,40890769,over,7.5,116,2.16,0.46296296296296297,open,,,2026-09-07T00:14:47Z,,,,,v3-forward-measurement
309fb500-3f57-4a82-aa6e-c5b833e933b9,4397faa3-2528-4238-980a-ddf4629aa16f,2026-09-07T00:14:47Z,FanDuel Sportsbook structured market feed,,VA,NFL,35610169,Tampa Bay Buccaneers @ Cincinnati Bengals,2026-09-13T17:01:00.000Z,FanDuel,751.183809799,receptions,Ja'Marr Chase - Total Receptions,,Ja'Marr Chase,40890768,under,7.5,-154,1.649350649350649,0.6062992125984252,open,,,2026-09-07T00:14:47Z,,,,,v3-forward-measurement
309fb500-3f57-4a82-aa6e-c5b833e933b9,f06e71ca-9844-4f8c-af02-71cbc350e4b7,2026-09-07T00:14:47Z,FanDuel Sportsbook structured market feed,,VA,NFL,35610169,Tampa Bay Buccaneers @ Cincinnati Bengals,2026-09-13T17:01:00.000Z,FanDuel,751.183809810,receiving_yards,Ja'Marr Chase - Receiving Yds,,Ja'Marr Chase,40890769,over,85.5,-114,1.87719298245614,0.5327102803738317,open,,,2026-09-07T00:14:47Z,,,,,v3-forward-measurement
309fb500-3f57-4a82-aa6e-c5b833e933b9,d3c46c16-2c22-4bf5-b026-0456669d6bc8,2026-09-07T00:14:47Z,FanDuel Sportsbook structured market feed,,VA,NFL,35610169,Tampa Bay Buccaneers @ Cincinnati Bengals,2026-09-13T17:01:00.000Z,FanDuel,751.183809810,receiving_yards,Ja'Marr Chase - Receiving Yds,,Ja'Marr Chase,40890768,under,85.5,-114,1.87719298245614,0.5327102803738317,open,,,2026-09-07T00:14:47Z,,,,,v3-forward-measurement
309fb500-3f57-4a82-aa6e-c5b833e933b9,e68b082c-06b3-460e-9ad0-2407f74123fd,2026-09-07T00:14:47Z,FanDuel Sportsbook structured market feed,,VA,NFL,35610169,Tampa Bay Buccaneers @ Cincinnati Bengals,2026-09-13T17:01:00.000Z,FanDuel,751.184985728,receptions,Kenneth Gainwell - Total Receptions,,Kenneth Gainwell,40915793,over,3.5,116,2.16,0.46296296296296297,open,,,2026-09-07T00:14:47Z,,,,,v3-forward-measurement
309fb500-3f57-4a82-aa6e-c5b833e933b9,b27123d7-9641-41fc-9a52-d0196b109c9d,2026-09-07T00:14:47Z,FanDuel Sportsbook structured market feed,,VA,NFL,35610169,Tampa Bay Buccaneers @ Cincinnati Bengals,2026-09-13T17:01:00.000Z,FanDuel,751.184985728,receptions,Kenneth Gainwell - Total Receptions,,Kenneth Gainwell,40915796,under,3.5,-154,1.649350649350649,0.6062992125984252,open,,,2026-09-07T00:14:47Z,,,,,v3-forward-measurement
309fb500-3f57-4a82-aa6e-c5b833e933b9,e833640b-edb1-4513-8455-c1c18502c5ce,2026-09-07T00:14:47Z,FanDuel Sportsbook structured market feed,,VA,NFL,35610169,Tampa Bay Buccaneers @ Cincinnati Bengals,2026-09-13T17:01:00.000Z,FanDuel,751.183809794,receiving_yards,Tee Higgins - Receiving Yds,,Tee Higgins,22336746,over,60.5,-114,1.87719298245614,0.5327102803738317,open,,,2026-09-07T00:14:47Z,,,,,v3-forward-measurement
309fb500-3f57-4a82-aa6e-c5b833e933b9,b682f0ff-dc92-4cd3-9051-9eb35b92e87f,2026-09-07T00:14:47Z,FanDuel Sportsbook structured market feed,,VA,NFL,35610169,Tampa Bay Buccaneers @ Cincinnati Bengals,2026-09-13T17:01:00.000Z,FanDuel,751.183809794,receiving_yards,Tee Higgins - Receiving Yds,,Tee Higgins,22336747,under,60.5,-114,1.87719298245614,0.5327102803738317,open,,,2026-09-07T00:14:47Z,,,,,v3-forward-measurement
309fb500-3f57-4a82-aa6e-c5b833e933b9,9570e43b-a658-420d-9de4-8d0f6994d144,2026-09-07T00:14:47Z,FanDuel Sportsbook structured market feed,,VA,NFL,35610169,Tampa Bay Buccaneers @ Cincinnati Bengals,2026-09-13T17:01:00.000Z,FanDuel,751.184986271,receptions,Chase Brown - Total Receptions,,Chase Brown,41072627,over,3.5,-108,1.925925925925926,0.5192307692307693,open,,,2026-09-07T00:14:47Z,,,,,v3-forward-measurement
309fb500-3f57-4a82-aa6e-c5b833e933b9,fff7dceb-b8bb-44ca-9b40-e3585423b97b,2026-09-07T00:14:47Z,FanDuel Sportsbook structured market feed,,VA,NFL,35610169,Tampa Bay Buccaneers @ Cincinnati Bengals,2026-09-13T17:01:00.000Z,FanDuel,751.184986271,receptions,Chase Brown - Total Receptions,,Chase Brown,41072629,under,3.5,-122,1.819672131147541,0.5495495495495496,open,,,2026-09-07T00:14:47Z,,,,,v3-forward-measurement
309fb500-3f57-4a82-aa6e-c5b833e933b9,2d3fccc6-df8e-4375-a1d7-4041d707d112,2026-09-07T00:14:47Z,FanDuel Sportsbook structured market feed,,VA,NFL,35610169,Tampa Bay Buccaneers @ Cincinnati Bengals,2026-09-13T17:01:00.000Z,FanDuel,751.184986575,receptions,Bucky Irving - Total Receptions,,Bucky Irving,49541847,over,2.5,144,2.44,0.4098360655737705,open,,,2026-09-07T00:14:47Z,,,,,v3-forward-measurement
309fb500-3f57-4a82-aa6e-c5b833e933b9,62a679e9-2dc0-49e3-9056-61133150999f,2026-09-07T00:14:47Z,FanDuel Sportsbook structured market feed,,VA,NFL,35610169,Tampa Bay Buccaneers @ Cincinnati Bengals,2026-09-13T17:01:00.000Z,FanDuel,751.184986575,receptions,Bucky Irving - Total Receptions,,Bucky Irving,49541845,under,2.5,-194,1.515463917525773,0.6598639455782312,open,,,2026-09-07T00:14:47Z,,,,,v3-forward-measurement
309fb500-3f57-4a82-aa6e-c5b833e933b9,e2cfbe2a-9177-4969-81de-1671771c08ab,2026-09-07T00:14:47Z,FanDuel Sportsbook structured market feed,,VA,NFL,35610169,Tampa Bay Buccaneers @ Cincinnati Bengals,2026-09-13T17:01:00.000Z,FanDuel,751.184986570,receiving_yards,Bucky Irving - Receiving Yds,,Bucky Irving,49541847,over,13.5,-114,1.87719298245614,0.5327102803738317,open,,,2026-09-07T00:14:47Z,,,,,v3-forward-measurement
309fb500-3f57-4a82-aa6e-c5b833e933b9,affef804-e0ea-4b42-aefb-3f5d4332b76c,2026-09-07T00:14:47Z,FanDuel Sportsbook structured market feed,,VA,NFL,35610169,Tampa Bay Buccaneers @ Cincinnati Bengals,2026-09-13T17:01:00.000Z,FanDuel,751.184986570,receiving_yards,Bucky Irving - Receiving Yds,,Bucky Irving,49541845,under,13.5,-114,1.87719298245614,0.5327102803738317,open,,,2026-09-07T00:14:47Z,,,,,v3-forward-measurement
309fb500-3f57-4a82-aa6e-c5b833e933b9,99b8a866-4aa5-445b-8518-825402e68621,2026-09-07T00:14:47Z,FanDuel Sportsbook structured market feed,,VA,NFL,35610169,Tampa Bay Buccaneers @ Cincinnati Bengals,2026-09-13T17:01:00.000Z,FanDuel,751.184986272,receiving_yards,Chase Brown - Receiving Yds,,Chase Brown,41072627,over,23.5,-114,1.87719298245614,0.5327102803738317,open,,,2026-09-07T00:14:47Z,,,,,v3-forward-measurement
309fb500-3f57-4a82-aa6e-c5b833e933b9,9b1bb33d-47c3-43cf-8873-34f482aad928,2026-09-07T00:14:47Z,FanDuel Sportsbook structured market feed,,VA,NFL,35610169,Tampa Bay Buccaneers @ Cincinnati Bengals,2026-09-13T17:01:00.000Z,FanDuel,751.184986272,receiving_yards,Chase Brown - Receiving Yds,,Chase Brown,41072629,under,23.5,-114,1.87719298245614,0.5327102803738317,open,,,2026-09-07T00:14:47Z,,,,,v3-forward-measurement
025d35a4-ea4d-45e6-93cb-348834a9cc06,523f29a6-466b-4812-b1b5-dbbda4c33433,2026-09-07T00:14:47Z,FanDuel Sportsbook structured market feed,,VA,NFL,35610170,Arizona Cardinals @ Los Angeles Chargers,2026-09-13T20:26:00.000Z,FanDuel,751.183978018,passing_yards,Jacoby Brissett - Passing Yds,,Jacoby Brissett,14942497,over,221.5,-114,1.87719298245614,0.5327102803738317,open,,,2026-09-07T00:14:47Z,,,,,v3-forward-measurement
025d35a4-ea4d-45e6-93cb-348834a9cc06,b8ae6375-59ca-401f-b4c1-7cc5b068e03f,2026-09-07T00:14:47Z,FanDuel Sportsbook structured market feed,,VA,NFL,35610170,Arizona Cardinals @ Los Angeles Chargers,2026-09-13T20:26:00.000Z,FanDuel,751.183978018,passing_yards,Jacoby Brissett - Passing Yds,,Jacoby Brissett,14942498,under,221.5,-114,1.87719298245614,0.5327102803738317,open,,,2026-09-07T00:14:47Z,,,,,v3-forward-measurement
025d35a4-ea4d-45e6-93cb-348834a9cc06,4df74f31-19e8-49d7-9d8b-003b2aebef9a,2026-09-07T00:14:47Z,FanDuel Sportsbook structured market feed,,VA,NFL,35610170,Arizona Cardinals @ Los Angeles Chargers,2026-09-13T20:26:00.000Z,FanDuel,751.183978078,passing_touchdowns,Justin Herbert - Passing TDs,,Justin Herbert,36175559,over,1.5,-220,1.454545454545455,0.6875,open,,,2026-09-07T00:14:47Z,,,,,v3-forward-measurement
025d35a4-ea4d-45e6-93cb-348834a9cc06,b7ea7e3e-62bc-46a1-8882-0304e75ecacf,2026-09-07T00:14:47Z,FanDuel Sportsbook structured market feed,,VA,NFL,35610170,Arizona Cardinals @ Los Angeles Chargers,2026-09-13T20:26:00.000Z,FanDuel,751.183978078,passing_touchdowns,Justin Herbert - Passing TDs,,Justin Herbert,36175560,under,1.5,162,2.62,0.3816793893129771,open,,,2026-09-07T00:14:47Z,,,,,v3-forward-measurement
025d35a4-ea4d-45e6-93cb-348834a9cc06,8b7f569c-81a2-43b2-9517-19aaa46afe1e,2026-09-07T00:14:47Z,FanDuel Sportsbook structured market feed,,VA,NFL,35610170,Arizona Cardinals @ Los Angeles Chargers,2026-09-13T20:26:00.000Z,FanDuel,751.183977990,passing_yards,Justin Herbert - Passing Yds,,Justin Herbert,36175559,over,233.5,-114,1.87719298245614,0.5327102803738317,open,,,2026-09-07T00:14:47Z,,,,,v3-forward-measurement
025d35a4-ea4d-45e6-93cb-348834a9cc06,d0f10513-f9a0-4e9d-8902-50cb1401614b,2026-09-07T00:14:47Z,FanDuel Sportsbook structured market feed,,VA,NFL,35610170,Arizona Cardinals @ Los Angeles Chargers,2026-09-13T20:26:00.000Z,FanDuel,751.183977990,passing_yards,Justin Herbert - Passing Yds,,Justin Herbert,36175560,under,233.5,-114,1.87719298245614,0.5327102803738317,open,,,2026-09-07T00:14:47Z,,,,,v3-forward-measurement
025d35a4-ea4d-45e6-93cb-348834a9cc06,a3e526e2-19b0-4760-b015-b962f99b20a7,2026-09-07T00:14:47Z,FanDuel Sportsbook structured market feed,,VA,NFL,35610170,Arizona Cardinals @ Los Angeles Chargers,2026-09-13T20:26:00.000Z,FanDuel,751.183978037,passing_touchdowns,Jacoby Brissett - Passing TDs,,Jacoby Brissett,14942497,over,1.5,152,2.52,0.3968253968253968,open,,,2026-09-07T00:14:47Z,,,,,v3-forward-measurement
025d35a4-ea4d-45e6-93cb-348834a9cc06,c69d2717-20e4-4f01-a5b6-a781b8f835fb,2026-09-07T00:14:47Z,FanDuel Sportsbook structured market feed,,VA,NFL,35610170,Arizona Cardinals @ Los Angeles Chargers,2026-09-13T20:26:00.000Z,FanDuel,751.183978037,passing_touchdowns,Jacoby Brissett - Passing TDs,,Jacoby Brissett,14942498,under,1.5,-205,1.48780487804878,0.6721311475409836,open,,,2026-09-07T00:14:47Z,,,,,v3-forward-measurement
10e9f2a0-8d70-4906-8eee-f8f1ae760e5a,6f7e3ed2-3792-4c7b-86d2-e871f074a669,2026-09-07T00:14:47Z,FanDuel Sportsbook structured market feed,,VA,NFL,35610170,Arizona Cardinals @ Los Angeles Chargers,2026-09-13T20:26:00.000Z,FanDuel,751.183978255,rushing_yards,Omarion Hampton - Rushing Yds,,Omarion Hampton,48691362,over,65.5,-114,1.87719298245614,0.5327102803738317,open,,,2026-09-07T00:14:47Z,,,,,v3-forward-measurement
10e9f2a0-8d70-4906-8eee-f8f1ae760e5a,869d62ac-e05c-46ec-b760-cb6cc350ec59,2026-09-07T00:14:47Z,FanDuel Sportsbook structured market feed,,VA,NFL,35610170,Arizona Cardinals @ Los Angeles Chargers,2026-09-13T20:26:00.000Z,FanDuel,751.183978255,rushing_yards,Omarion Hampton - Rushing Yds,,Omarion Hampton,48691363,under,65.5,-114,1.87719298245614,0.5327102803738317,open,,,2026-09-07T00:14:47Z,,,,,v3-forward-measurement
fe47e1ec-d3cb-43c9-bca8-f499bb1f7d2f,0ab17be4-eff9-4738-b8e5-f9a46dafa372,2026-09-07T00:14:47Z,FanDuel Sportsbook structured market feed,,VA,NFL,35610170,Arizona Cardinals @ Los Angeles Chargers,2026-09-13T20:26:00.000Z,FanDuel,751.183981549,receptions,Michael Wilson - Total Receptions,,Michael Wilson,48289067,over,3.5,-122,1.819672131147541,0.5495495495495496,open,,,2026-09-07T00:14:47Z,,,,,v3-forward-measurement
fe47e1ec-d3cb-43c9-bca8-f499bb1f7d2f,3add5915-3536-46e6-8033-b684415c854c,2026-09-07T00:14:47Z,FanDuel Sportsbook structured market feed,,VA,NFL,35610170,Arizona Cardinals @ Los Angeles Chargers,2026-09-13T20:26:00.000Z,FanDuel,751.183981549,receptions,Michael Wilson - Total Receptions,,Michael Wilson,48289068,under,3.5,-108,1.925925925925926,0.5192307692307693,open,,,2026-09-07T00:14:47Z,,,,,v3-forward-measurement
fe47e1ec-d3cb-43c9-bca8-f499bb1f7d2f,a3741668-73b4-4aa7-8205-0846dd7a4d94,2026-09-07T00:14:47Z,FanDuel Sportsbook structured market feed,,VA,NFL,35610170,Arizona Cardinals @ Los Angeles Chargers,2026-09-13T20:26:00.000Z,FanDuel,751.183981327,receiving_yards,Trey McBride - Receiving Yds,,Trey McBride,48613596,over,56.5,-114,1.87719298245614,0.5327102803738317,open,,,2026-09-07T00:14:47Z,,,,,v3-forward-measurement
fe47e1ec-d3cb-43c9-bca8-f499bb1f7d2f,57f59b10-a145-4861-aebc-edde90842066,2026-09-07T00:14:47Z,FanDuel Sportsbook structured market feed,,VA,NFL,35610170,Arizona Cardinals @ Los Angeles Chargers,2026-09-13T20:26:00.000Z,FanDuel,751.183981327,receiving_yards,Trey McBride - Receiving Yds,,Trey McBride,48613594,under,56.5,-114,1.87719298245614,0.5327102803738317,open,,,2026-09-07T00:14:47Z,,,,,v3-forward-measurement
fe47e1ec-d3cb-43c9-bca8-f499bb1f7d2f,1feb3ee5-3274-4699-b396-23205a1cbd47,2026-09-07T00:14:47Z,FanDuel Sportsbook structured market feed,,VA,NFL,35610170,Arizona Cardinals @ Los Angeles Chargers,2026-09-13T20:26:00.000Z,FanDuel,751.183981546,receiving_yards,Michael Wilson - Receiving Yds,,Michael Wilson,48289067,over,41.5,-114,1.87719298245614,0.5327102803738317,open,,,2026-09-07T00:14:47Z,,,,,v3-forward-measurement
fe47e1ec-d3cb-43c9-bca8-f499bb1f7d2f,6bbce257-d9c2-47dd-bd7c-7b0d7427e376,2026-09-07T00:14:47Z,FanDuel Sportsbook structured market feed,,VA,NFL,35610170,Arizona Cardinals @ Los Angeles Chargers,2026-09-13T20:26:00.000Z,FanDuel,751.183981546,receiving_yards,Michael Wilson - Receiving Yds,,Michael Wilson,48289068,under,41.5,-114,1.87719298245614,0.5327102803738317,open,,,2026-09-07T00:14:47Z,,,,,v3-forward-measurement
fe47e1ec-d3cb-43c9-bca8-f499bb1f7d2f,a3a7d225-c646-4dae-a784-3d632b42eeaa,2026-09-07T00:14:47Z,FanDuel Sportsbook structured market feed,,VA,NFL,35610170,Arizona Cardinals @ Los Angeles Chargers,2026-09-13T20:26:00.000Z,FanDuel,751.183980596,receptions,Tre Harris - Total Receptions,,Tre Harris,48012110,over,2.5,-102,1.980392156862745,0.504950495049505,open,,,2026-09-07T00:14:47Z,,,,,v3-forward-measurement
fe47e1ec-d3cb-43c9-bca8-f499bb1f7d2f,46910e2a-55e9-42c0-a645-7640c524eb89,2026-09-07T00:14:47Z,FanDuel Sportsbook structured market feed,,VA,NFL,35610170,Arizona Cardinals @ Los Angeles Chargers,2026-09-13T20:26:00.000Z,FanDuel,751.183980596,receptions,Tre Harris - Total Receptions,,Tre Harris,48012111,under,2.5,-130,1.769230769230769,0.5652173913043478,open,,,2026-09-07T00:14:47Z,,,,,v3-forward-measurement
fe47e1ec-d3cb-43c9-bca8-f499bb1f7d2f,9a6368c5-1016-477e-afa1-daf8d63a3afd,2026-09-07T00:14:47Z,FanDuel Sportsbook structured market feed,,VA,NFL,35610170,Arizona Cardinals @ Los Angeles Chargers,2026-09-13T20:26:00.000Z,FanDuel,751.183980199,receiving_yards,Quentin Johnston - Receiving Yds,,Quentin Johnston,41161053,over,42.5,-114,1.87719298245614,0.5327102803738317,open,,,2026-09-07T00:14:47Z,,,,,v3-forward-measurement
fe47e1ec-d3cb-43c9-bca8-f499bb1f7d2f,23275c65-b569-4ed1-9d19-8de5857e041e,2026-09-07T00:14:47Z,FanDuel Sportsbook structured market feed,,VA,NFL,35610170,Arizona Cardinals @ Los Angeles Chargers,2026-09-13T20:26:00.000Z,FanDuel,751.183980199,receiving_yards,Quentin Johnston - Receiving Yds,,Quentin Johnston,41161054,under,42.5,-114,1.87719298245614,0.5327102803738317,open,,,2026-09-07T00:14:47Z,,,,,v3-forward-measurement
fe47e1ec-d3cb-43c9-bca8-f499bb1f7d2f,0d28ac56-ea7c-4bcb-ac3d-5db08c4e2f60,2026-09-07T00:14:47Z,FanDuel Sportsbook structured market feed,,VA,NFL,35610170,Arizona Cardinals @ Los Angeles Chargers,2026-09-13T20:26:00.000Z,FanDuel,751.183981330,receptions,Trey McBride - Total Receptions,,Trey McBride,48613596,over,6.5,116,2.16,0.46296296296296297,open,,,2026-09-07T00:14:47Z,,,,,v3-forward-measurement
fe47e1ec-d3cb-43c9-bca8-f499bb1f7d2f,f19567ac-d196-4cd4-b94f-0ae754c0dad3,2026-09-07T00:14:47Z,FanDuel Sportsbook structured market feed,,VA,NFL,35610170,Arizona Cardinals @ Los Angeles Chargers,2026-09-13T20:26:00.000Z,FanDuel,751.183981330,receptions,Trey McBride - Total Receptions,,Trey McBride,48613594,under,6.5,-154,1.649350649350649,0.6062992125984252,open,,,2026-09-07T00:14:47Z,,,,,v3-forward-measurement
fe47e1ec-d3cb-43c9-bca8-f499bb1f7d2f,4f083c54-034a-4209-8a0b-52a0cd2f400a,2026-09-07T00:14:47Z,FanDuel Sportsbook structured market feed,,VA,NFL,35610170,Arizona Cardinals @ Los Angeles Chargers,2026-09-13T20:26:00.000Z,FanDuel,751.183980009,receptions,Ladd McConkey - Total Receptions,,Ladd McConkey,42217173,over,4.5,-102,1.980392156862745,0.504950495049505,open,,,2026-09-07T00:14:47Z,,,,,v3-forward-measurement
fe47e1ec-d3cb-43c9-bca8-f499bb1f7d2f,10e26a9b-425e-4cda-b17c-4da44ef720aa,2026-09-07T00:14:47Z,FanDuel Sportsbook structured market feed,,VA,NFL,35610170,Arizona Cardinals @ Los Angeles Chargers,2026-09-13T20:26:00.000Z,FanDuel,751.183980009,receptions,Ladd McConkey - Total Receptions,,Ladd McConkey,42217172,under,4.5,-130,1.769230769230769,0.5652173913043478,open,,,2026-09-07T00:14:47Z,,,,,v3-forward-measurement
fe47e1ec-d3cb-43c9-bca8-f499bb1f7d2f,743b134c-f628-44d7-b92a-4a83a8859a83,2026-09-07T00:14:47Z,FanDuel Sportsbook structured market feed,,VA,NFL,35610170,Arizona Cardinals @ Los Angeles Chargers,2026-09-13T20:26:00.000Z,FanDuel,751.183981338,receiving_yards,Marvin Harrison Jr. - Receiving Yds,,Marvin Harrison Jr.,48048067,over,48.5,-114,1.87719298245614,0.5327102803738317,open,,,2026-09-07T00:14:47Z,,,,,v3-forward-measurement
fe47e1ec-d3cb-43c9-bca8-f499bb1f7d2f,02f5c266-aaee-421f-8f7a-465a62cfab64,2026-09-07T00:14:47Z,FanDuel Sportsbook structured market feed,,VA,NFL,35610170,Arizona Cardinals @ Los Angeles Chargers,2026-09-13T20:26:00.000Z,FanDuel,751.183981338,receiving_yards,Marvin Harrison Jr. - Receiving Yds,,Marvin Harrison Jr.,48048065,under,48.5,-114,1.87719298245614,0.5327102803738317,open,,,2026-09-07T00:14:47Z,,,,,v3-forward-measurement
fe47e1ec-d3cb-43c9-bca8-f499bb1f7d2f,3f879c39-f404-4f4d-845e-4d1f15d5b70a,2026-09-07T00:14:47Z,FanDuel Sportsbook structured market feed,,VA,NFL,35610170,Arizona Cardinals @ Los Angeles Chargers,2026-09-13T20:26:00.000Z,FanDuel,751.183980600,receiving_yards,Tre Harris - Receiving Yds,,Tre Harris,48012110,over,26.5,-114,1.87719298245614,0.5327102803738317,open,,,2026-09-07T00:14:47Z,,,,,v3-forward-measurement
fe47e1ec-d3cb-43c9-bca8-f499bb1f7d2f,5fb556a9-d196-49ad-bffa-0f7d61523144,2026-09-07T00:14:47Z,FanDuel Sportsbook structured market feed,,VA,NFL,35610170,Arizona Cardinals @ Los Angeles Chargers,2026-09-13T20:26:00.000Z,FanDuel,751.183980600,receiving_yards,Tre Harris - Receiving Yds,,Tre Harris,48012111,under,26.5,-114,1.87719298245614,0.5327102803738317,open,,,2026-09-07T00:14:47Z,,,,,v3-forward-measurement
fe47e1ec-d3cb-43c9-bca8-f499bb1f7d2f,f406ca5f-f72a-4f74-8fcf-af1253f8e879,2026-09-07T00:14:47Z,FanDuel Sportsbook structured market feed,,VA,NFL,35610170,Arizona Cardinals @ Los Angeles Chargers,2026-09-13T20:26:00.000Z,FanDuel,751.183981337,receptions,Marvin Harrison Jr. - Total Receptions,,Marvin Harrison Jr.,48048067,over,3.5,-172,1.581395348837209,0.6323529411764706,open,,,2026-09-07T00:14:47Z,,,,,v3-forward-measurement
fe47e1ec-d3cb-43c9-bca8-f499bb1f7d2f,e50f8cae-a41d-4a4b-afa6-82fe2ba61889,2026-09-07T00:14:47Z,FanDuel Sportsbook structured market feed,,VA,NFL,35610170,Arizona Cardinals @ Los Angeles Chargers,2026-09-13T20:26:00.000Z,FanDuel,751.183981337,receptions,Marvin Harrison Jr. - Total Receptions,,Marvin Harrison Jr.,48048065,under,3.5,128,2.28,0.43859649122807015,open,,,2026-09-07T00:14:47Z,,,,,v3-forward-measurement
fe47e1ec-d3cb-43c9-bca8-f499bb1f7d2f,8622880f-6e55-49ac-8710-190fe45fd250,2026-09-07T00:14:47Z,FanDuel Sportsbook structured market feed,,VA,NFL,35610170,Arizona Cardinals @ Los Angeles Chargers,2026-09-13T20:26:00.000Z,FanDuel,751.183980004,receiving_yards,Ladd McConkey - Receiving Yds,,Ladd McConkey,42217173,over,50.5,-114,1.87719298245614,0.5327102803738317,open,,,2026-09-07T00:14:47Z,,,,,v3-forward-measurement
fe47e1ec-d3cb-43c9-bca8-f499bb1f7d2f,5a09f81a-03cf-456e-a1f8-7c19be8f2238,2026-09-07T00:14:47Z,FanDuel Sportsbook structured market feed,,VA,NFL,35610170,Arizona Cardinals @ Los Angeles Chargers,2026-09-13T20:26:00.000Z,FanDuel,751.183980004,receiving_yards,Ladd McConkey - Receiving Yds,,Ladd McConkey,42217172,under,50.5,-114,1.87719298245614,0.5327102803738317,open,,,2026-09-07T00:14:47Z,,,,,v3-forward-measurement
fe47e1ec-d3cb-43c9-bca8-f499bb1f7d2f,bb09fb89-c4b1-48d3-a5de-9b899c520fa3,2026-09-07T00:14:47Z,FanDuel Sportsbook structured market feed,,VA,NFL,35610170,Arizona Cardinals @ Los Angeles Chargers,2026-09-13T20:26:00.000Z,FanDuel,751.183980203,receptions,Quentin Johnston - Total Receptions,,Quentin Johnston,41161053,over,3.5,116,2.16,0.46296296296296297,open,,,2026-09-07T00:14:47Z,,,,,v3-forward-measurement
fe47e1ec-d3cb-43c9-bca8-f499bb1f7d2f,c71b70b5-f1e3-4ab0-8652-4a946d3aaf5d,2026-09-07T00:14:47Z,FanDuel Sportsbook structured market feed,,VA,NFL,35610170,Arizona Cardinals @ Los Angeles Chargers,2026-09-13T20:26:00.000Z,FanDuel,751.183980203,receptions,Quentin Johnston - Total Receptions,,Quentin Johnston,41161054,under,3.5,-154,1.649350649350649,0.6062992125984252,open,,,2026-09-07T00:14:47Z,,,,,v3-forward-measurement
d454d1af-4443-4101-b5fa-c92d66da9d25,b9ac8f74-efb4-49f1-a7a8-2d8109eb4b99,2026-09-07T00:14:47Z,FanDuel Sportsbook structured market feed,,VA,NFL,35610171,Green Bay Packers @ Minnesota Vikings,2026-09-13T20:25:00.000Z,FanDuel,751.183656583,passing_yards,Kyler Murray - Passing Yds,,Kyler Murray,25938060,over,221.5,-114,1.87719298245614,0.5327102803738317,open,,,2026-09-07T00:14:47Z,,,,,v3-forward-measurement
d454d1af-4443-4101-b5fa-c92d66da9d25,6aef313e-a858-4fa3-a0b1-5bbeb3d18a14,2026-09-07T00:14:47Z,FanDuel Sportsbook structured market feed,,VA,NFL,35610171,Green Bay Packers @ Minnesota Vikings,2026-09-13T20:25:00.000Z,FanDuel,751.183656583,passing_yards,Kyler Murray - Passing Yds,,Kyler Murray,25938061,under,221.5,-114,1.87719298245614,0.5327102803738317,open,,,2026-09-07T00:14:47Z,,,,,v3-forward-measurement
d454d1af-4443-4101-b5fa-c92d66da9d25,97c8b9b1-93b2-4a7b-a074-caa5a3714386,2026-09-07T00:14:47Z,FanDuel Sportsbook structured market feed,,VA,NFL,35610171,Green Bay Packers @ Minnesota Vikings,2026-09-13T20:25:00.000Z,FanDuel,751.183656650,passing_touchdowns,Jordan Love - Passing TDs,,Jordan Love,40916512,over,1.5,106,2.06,0.4854368932038835,open,,,2026-09-07T00:14:47Z,,,,,v3-forward-measurement
d454d1af-4443-4101-b5fa-c92d66da9d25,59b7d6ab-17e2-4899-b76c-ed2da3401523,2026-09-07T00:14:47Z,FanDuel Sportsbook structured market feed,,VA,NFL,35610171,Green Bay Packers @ Minnesota Vikings,2026-09-13T20:25:00.000Z,FanDuel,751.183656650,passing_touchdowns,Jordan Love - Passing TDs,,Jordan Love,40916527,under,1.5,-140,1.714285714285714,0.5833333333333334,open,,,2026-09-07T00:14:47Z,,,,,v3-forward-measurement
d454d1af-4443-4101-b5fa-c92d66da9d25,c95930b4-510b-4280-8df9-fc1c4b04f66d,2026-09-07T00:14:47Z,FanDuel Sportsbook structured market feed,,VA,NFL,35610171,Green Bay Packers @ Minnesota Vikings,2026-09-13T20:25:00.000Z,FanDuel,751.183656664,passing_touchdowns,Kyler Murray - Passing TDs,,Kyler Murray,25938060,over,1.5,116,2.16,0.46296296296296297,open,,,2026-09-07T00:14:47Z,,,,,v3-forward-measurement
d454d1af-4443-4101-b5fa-c92d66da9d25,2fd2bc73-73cc-433b-9baf-76464c941721,2026-09-07T00:14:47Z,FanDuel Sportsbook structured market feed,,VA,NFL,35610171,Green Bay Packers @ Minnesota Vikings,2026-09-13T20:25:00.000Z,FanDuel,751.183656664,passing_touchdowns,Kyler Murray - Passing TDs,,Kyler Murray,25938061,under,1.5,-154,1.649350649350649,0.6062992125984252,open,,,2026-09-07T00:14:47Z,,,,,v3-forward-measurement
d454d1af-4443-4101-b5fa-c92d66da9d25,518906bd-a74c-46bb-8e37-f775a07b2a8f,2026-09-07T00:14:47Z,FanDuel Sportsbook structured market feed,,VA,NFL,35610171,Green Bay Packers @ Minnesota Vikings,2026-09-13T20:25:00.000Z,FanDuel,751.183656679,passing_yards,Jordan Love - Passing Yds,,Jordan Love,40916512,over,238.5,-114,1.87719298245614,0.5327102803738317,open,,,2026-09-07T00:14:47Z,,,,,v3-forward-measurement
d454d1af-4443-4101-b5fa-c92d66da9d25,15fbc01c-bdb5-44bd-abd0-a55d53c9c1ce,2026-09-07T00:14:47Z,FanDuel Sportsbook structured market feed,,VA,NFL,35610171,Green Bay Packers @ Minnesota Vikings,2026-09-13T20:25:00.000Z,FanDuel,751.183656679,passing_yards,Jordan Love - Passing Yds,,Jordan Love,40916527,under,238.5,-114,1.87719298245614,0.5327102803738317,open,,,2026-09-07T00:14:47Z,,,,,v3-forward-measurement
b8ab2697-7a23-4d13-a9dd-78c080db49d3,fea9d393-5e88-47b5-9f99-6784648ad3bd,2026-09-07T00:14:47Z,FanDuel Sportsbook structured market feed,,VA,NFL,35610171,Green Bay Packers @ Minnesota Vikings,2026-09-13T20:25:00.000Z,FanDuel,751.183658211,rushing_yards,Jordan Mason - Rushing Yds,,Jordan Mason,48820678,over,43.5,-114,1.87719298245614,0.5327102803738317,open,,,2026-09-07T00:14:47Z,,,,,v3-forward-measurement
b8ab2697-7a23-4d13-a9dd-78c080db49d3,fb033b03-61d8-446e-b977-82c1047e9f26,2026-09-07T00:14:47Z,FanDuel Sportsbook structured market feed,,VA,NFL,35610171,Green Bay Packers @ Minnesota Vikings,2026-09-13T20:25:00.000Z,FanDuel,751.183658211,rushing_yards,Jordan Mason - Rushing Yds,,Jordan Mason,48820677,under,43.5,-114,1.87719298245614,0.5327102803738317,open,,,2026-09-07T00:14:47Z,,,,,v3-forward-measurement
b8ab2697-7a23-4d13-a9dd-78c080db49d3,9f547a48-a989-4de0-aa30-341014c21509,2026-09-07T00:14:47Z,FanDuel Sportsbook structured market feed,,VA,NFL,35610171,Green Bay Packers @ Minnesota Vikings,2026-09-13T20:25:00.000Z,FanDuel,751.183658226,rushing_yards,Kyler Murray - Rushing Yds,,Kyler Murray,25938060,over,22.5,-114,1.87719298245614,0.5327102803738317,open,,,2026-09-07T00:14:47Z,,,,,v3-forward-measurement
b8ab2697-7a23-4d13-a9dd-78c080db49d3,33712269-ca84-4a28-8b2a-162987bdac7b,2026-09-07T00:14:47Z,FanDuel Sportsbook structured market feed,,VA,NFL,35610171,Green Bay Packers @ Minnesota Vikings,2026-09-13T20:25:00.000Z,FanDuel,751.183658226,rushing_yards,Kyler Murray - Rushing Yds,,Kyler Murray,25938061,under,22.5,-114,1.87719298245614,0.5327102803738317,open,,,2026-09-07T00:14:47Z,,,,,v3-forward-measurement
b8ab2697-7a23-4d13-a9dd-78c080db49d3,5778a40d-7723-41dd-b0fa-869abf607fb9,2026-09-07T00:14:47Z,FanDuel Sportsbook structured market feed,,VA,NFL,35610171,Green Bay Packers @ Minnesota Vikings,2026-09-13T20:25:00.000Z,FanDuel,751.183658229,rushing_yards,Jordan Love - Rushing Yds,,Jordan Love,40916512,over,10.5,-114,1.87719298245614,0.5327102803738317,open,,,2026-09-07T00:14:47Z,,,,,v3-forward-measurement
b8ab2697-7a23-4d13-a9dd-78c080db49d3,7c7d2a5f-ca09-4df9-9c56-e88e5a05a49d,2026-09-07T00:14:47Z,FanDuel Sportsbook structured market feed,,VA,NFL,35610171,Green Bay Packers @ Minnesota Vikings,2026-09-13T20:25:00.000Z,FanDuel,751.183658229,rushing_yards,Jordan Love - Rushing Yds,,Jordan Love,40916527,under,10.5,-114,1.87719298245614,0.5327102803738317,open,,,2026-09-07T00:14:47Z,,,,,v3-forward-measurement
b8ab2697-7a23-4d13-a9dd-78c080db49d3,1edc7bc2-4c37-4060-95b2-792400863573,2026-09-07T00:14:47Z,FanDuel Sportsbook structured market feed,,VA,NFL,35610171,Green Bay Packers @ Minnesota Vikings,2026-09-13T20:25:00.000Z,FanDuel,751.183902562,rushing_yards,MarShawn Lloyd - Rushing Yds,,MarShawn Lloyd,48300723,over,52.5,-114,1.87719298245614,0.5327102803738317,open,,,2026-09-07T00:14:47Z,,,,,v3-forward-measurement
b8ab2697-7a23-4d13-a9dd-78c080db49d3,9cc7c41e-faab-4dfe-b50e-91a20877f498,2026-09-07T00:14:47Z,FanDuel Sportsbook structured market feed,,VA,NFL,35610171,Green Bay Packers @ Minnesota Vikings,2026-09-13T20:25:00.000Z,FanDuel,751.183902562,rushing_yards,MarShawn Lloyd - Rushing Yds,,MarShawn Lloyd,48300722,under,52.5,-114,1.87719298245614,0.5327102803738317,open,,,2026-09-07T00:14:47Z,,,,,v3-forward-measurement
b8ab2697-7a23-4d13-a9dd-78c080db49d3,83369a9f-825e-4088-99c1-4400e0015c3f,2026-09-07T00:14:47Z,FanDuel Sportsbook structured market feed,,VA,NFL,35610171,Green Bay Packers @ Minnesota Vikings,2026-09-13T20:25:00.000Z,FanDuel,751.183658228,rushing_yards,Aaron Jones - Rushing Yds,,Aaron Jones,15353380,over,29.5,-114,1.87719298245614,0.5327102803738317,open,,,2026-09-07T00:14:47Z,,,,,v3-forward-measurement
b8ab2697-7a23-4d13-a9dd-78c080db49d3,c6b5b924-d861-4ce7-88fc-7135e1731db9,2026-09-07T00:14:47Z,FanDuel Sportsbook structured market feed,,VA,NFL,35610171,Green Bay Packers @ Minnesota Vikings,2026-09-13T20:25:00.000Z,FanDuel,751.183658228,rushing_yards,Aaron Jones - Rushing Yds,,Aaron Jones,15353381,under,29.5,-114,1.87719298245614,0.5327102803738317,open,,,2026-09-07T00:14:47Z,,,,,v3-forward-measurement
4a0d2f08-ceac-4431-8975-ab2b359ed103,a79bd287-e925-45a7-92ae-ae44ae5a9f94,2026-09-07T00:14:47Z,FanDuel Sportsbook structured market feed,,VA,NFL,35610171,Green Bay Packers @ Minnesota Vikings,2026-09-13T20:25:00.000Z,FanDuel,751.183658221,receptions,Tucker Kraft - Total Receptions,,Tucker Kraft,60409170,over,3.5,-172,1.581395348837209,0.6323529411764706,open,,,2026-09-07T00:14:47Z,,,,,v3-forward-measurement
4a0d2f08-ceac-4431-8975-ab2b359ed103,533b8224-66ef-45f9-a21f-37a6cf34158e,2026-09-07T00:14:47Z,FanDuel Sportsbook structured market feed,,VA,NFL,35610171,Green Bay Packers @ Minnesota Vikings,2026-09-13T20:25:00.000Z,FanDuel,751.183658221,receptions,Tucker Kraft - Total Receptions,,Tucker Kraft,60409164,under,3.5,128,2.28,0.43859649122807015,open,,,2026-09-07T00:14:47Z,,,,,v3-forward-measurement
4a0d2f08-ceac-4431-8975-ab2b359ed103,9de3f1e0-5adb-4e72-96ab-3c5021d25e1e,2026-09-07T00:14:47Z,FanDuel Sportsbook structured market feed,,VA,NFL,35610171,Green Bay Packers @ Minnesota Vikings,2026-09-13T20:25:00.000Z,FanDuel,751.183658220,receiving_yards,Christian Watson - Receiving Yds,,Christian Watson,48400051,over,54.5,-114,1.87719298245614,0.5327102803738317,open,,,2026-09-07T00:14:47Z,,,,,v3-forward-measurement
4a0d2f08-ceac-4431-8975-ab2b359ed103,92ac61c6-bb89-458d-aaa2-15d7f7614fa4,2026-09-07T00:14:47Z,FanDuel Sportsbook structured market feed,,VA,NFL,35610171,Green Bay Packers @ Minnesota Vikings,2026-09-13T20:25:00.000Z,FanDuel,751.183658220,receiving_yards,Christian Watson - Receiving Yds,,Christian Watson,48400052,under,54.5,-114,1.87719298245614,0.5327102803738317,open,,,2026-09-07T00:14:47Z,,,,,v3-forward-measurement
4a0d2f08-ceac-4431-8975-ab2b359ed103,9ba8770a-8b94-4738-a264-dec57c0f6cbf,2026-09-07T00:14:47Z,FanDuel Sportsbook structured market feed,,VA,NFL,35610171,Green Bay Packers @ Minnesota Vikings,2026-09-13T20:25:00.000Z,FanDuel,751.183658222,receptions,Christian Watson - Total Receptions,,Christian Watson,48400051,over,3.5,-172,1.581395348837209,0.6323529411764706,open,,,2026-09-07T00:14:47Z,,,,,v3-forward-measurement
4a0d2f08-ceac-4431-8975-ab2b359ed103,2a786766-5bc0-4449-b0f0-19c94e1e590e,2026-09-07T00:14:47Z,FanDuel Sportsbook structured market feed,,VA,NFL,35610171,Green Bay Packers @ Minnesota Vikings,2026-09-13T20:25:00.000Z,FanDuel,751.183658222,receptions,Christian Watson - Total Receptions,,Christian Watson,48400052,under,3.5,128,2.28,0.43859649122807015,open,,,2026-09-07T00:14:47Z,,,,,v3-forward-measurement
4a0d2f08-ceac-4431-8975-ab2b359ed103,44de3ba7-b64f-4af4-914d-965fcbd5e835,2026-09-07T00:14:47Z,FanDuel Sportsbook structured market feed,,VA,NFL,35610171,Green Bay Packers @ Minnesota Vikings,2026-09-13T20:25:00.000Z,FanDuel,751.183658225,receptions,Matthew Golden - Total Receptions,,Matthew Golden,48504748,over,3.5,-102,1.980392156862745,0.504950495049505,open,,,2026-09-07T00:14:47Z,,,,,v3-forward-measurement
4a0d2f08-ceac-4431-8975-ab2b359ed103,be7dfc3f-12f6-4367-b33a-020ff09a1798,2026-09-07T00:14:47Z,FanDuel Sportsbook structured market feed,,VA,NFL,35610171,Green Bay Packers @ Minnesota Vikings,2026-09-13T20:25:00.000Z,FanDuel,751.183658225,receptions,Matthew Golden - Total Receptions,,Matthew Golden,48504749,under,3.5,-130,1.769230769230769,0.5652173913043478,open,,,2026-09-07T00:14:47Z,,,,,v3-forward-measurement
4a0d2f08-ceac-4431-8975-ab2b359ed103,26a14d27-9ea4-4d8d-9c84-cd11dff4e7a4,2026-09-07T00:14:47Z,FanDuel Sportsbook structured market feed,,VA,NFL,35610171,Green Bay Packers @ Minnesota Vikings,2026-09-13T20:25:00.000Z,FanDuel,751.183658227,receiving_yards,Justin Jefferson - Receiving Yds,,Justin Jefferson,36057836,over,73.5,-114,1.87719298245614,0.5327102803738317,open,,,2026-09-07T00:14:47Z,,,,,v3-forward-measurement
4a0d2f08-ceac-4431-8975-ab2b359ed103,70e8408d-94fc-44bf-b79b-c77cb748e7fe,2026-09-07T00:14:47Z,FanDuel Sportsbook structured market feed,,VA,NFL,35610171,Green Bay Packers @ Minnesota Vikings,2026-09-13T20:25:00.000Z,FanDuel,751.183658227,receiving_yards,Justin Jefferson - Receiving Yds,,Justin Jefferson,36057837,under,73.5,-114,1.87719298245614,0.5327102803738317,open,,,2026-09-07T00:14:47Z,,,,,v3-forward-measurement
4a0d2f08-ceac-4431-8975-ab2b359ed103,7c4e003b-e06d-4049-8d2f-1c75d5a710a5,2026-09-07T00:14:47Z,FanDuel Sportsbook structured market feed,,VA,NFL,35610171,Green Bay Packers @ Minnesota Vikings,2026-09-13T20:25:00.000Z,FanDuel,751.185076858,receiving_yards,MarShawn Lloyd - Receiving Yds,,MarShawn Lloyd,48300723,over,11.5,-114,1.87719298245614,0.5327102803738317,open,,,2026-09-07T00:14:47Z,,,,,v3-forward-measurement
4a0d2f08-ceac-4431-8975-ab2b359ed103,438eff00-e5cd-47d1-b60b-6f7bb1761651,2026-09-07T00:14:47Z,FanDuel Sportsbook structured market feed,,VA,NFL,35610171,Green Bay Packers @ Minnesota Vikings,2026-09-13T20:25:00.000Z,FanDuel,751.185076858,receiving_yards,MarShawn Lloyd - Receiving Yds,,MarShawn Lloyd,48300722,under,11.5,-114,1.87719298245614,0.5327102803738317,open,,,2026-09-07T00:14:47Z,,,,,v3-forward-measurement
4a0d2f08-ceac-4431-8975-ab2b359ed103,58f75223-81e6-4bf1-b5d7-0ccefeeba5d5,2026-09-07T00:14:47Z,FanDuel Sportsbook structured market feed,,VA,NFL,35610171,Green Bay Packers @ Minnesota Vikings,2026-09-13T20:25:00.000Z,FanDuel,751.185076854,receptions,MarShawn Lloyd - Total Receptions,,MarShawn Lloyd,48300723,over,1.5,-172,1.581395348837209,0.6323529411764706,open,,,2026-09-07T00:14:47Z,,,,,v3-forward-measurement
4a0d2f08-ceac-4431-8975-ab2b359ed103,a1fd8a75-cb80-42f7-926a-3ca7af22bde4,2026-09-07T00:14:47Z,FanDuel Sportsbook structured market feed,,VA,NFL,35610171,Green Bay Packers @ Minnesota Vikings,2026-09-13T20:25:00.000Z,FanDuel,751.185076854,receptions,MarShawn Lloyd - Total Receptions,,MarShawn Lloyd,48300722,under,1.5,128,2.28,0.43859649122807015,open,,,2026-09-07T00:14:47Z,,,,,v3-forward-measurement
4a0d2f08-ceac-4431-8975-ab2b359ed103,ac9bebfa-a91d-440e-b2bf-3554bb37e2cd,2026-09-07T00:14:47Z,FanDuel Sportsbook structured market feed,,VA,NFL,35610171,Green Bay Packers @ Minnesota Vikings,2026-09-13T20:25:00.000Z,FanDuel,751.183658209,receiving_yards,Jauan Jennings - Receiving Yds,,Jauan Jennings,40913497,over,23.5,-114,1.87719298245614,0.5327102803738317,open,,,2026-09-07T00:14:47Z,,,,,v3-forward-measurement
4a0d2f08-ceac-4431-8975-ab2b359ed103,a4e8bd19-914d-4536-81cd-4525ea38673c,2026-09-07T00:14:47Z,FanDuel Sportsbook structured market feed,,VA,NFL,35610171,Green Bay Packers @ Minnesota Vikings,2026-09-13T20:25:00.000Z,FanDuel,751.183658209,receiving_yards,Jauan Jennings - Receiving Yds,,Jauan Jennings,40913496,under,23.5,-114,1.87719298245614,0.5327102803738317,open,,,2026-09-07T00:14:47Z,,,,,v3-forward-measurement
4a0d2f08-ceac-4431-8975-ab2b359ed103,890f7ef0-05f2-4001-a987-65938ba52487,2026-09-07T00:14:47Z,FanDuel Sportsbook structured market feed,,VA,NFL,35610171,Green Bay Packers @ Minnesota Vikings,2026-09-13T20:25:00.000Z,FanDuel,751.183658232,receiving_yards,Tucker Kraft - Receiving Yds,,Tucker Kraft,60409170,over,45.5,-114,1.87719298245614,0.5327102803738317,open,,,2026-09-07T00:14:47Z,,,,,v3-forward-measurement
4a0d2f08-ceac-4431-8975-ab2b359ed103,62595a75-e2e3-4d04-a3de-6878e3ed57b0,2026-09-07T00:14:47Z,FanDuel Sportsbook structured market feed,,VA,NFL,35610171,Green Bay Packers @ Minnesota Vikings,2026-09-13T20:25:00.000Z,FanDuel,751.183658232,receiving_yards,Tucker Kraft - Receiving Yds,,Tucker Kraft,60409164,under,45.5,-114,1.87719298245614,0.5327102803738317,open,,,2026-09-07T00:14:47Z,,,,,v3-forward-measurement
4a0d2f08-ceac-4431-8975-ab2b359ed103,a7d6d54f-6ebf-4fca-b121-0ab404095187,2026-09-07T00:14:47Z,FanDuel Sportsbook structured market feed,,VA,NFL,35610171,Green Bay Packers @ Minnesota Vikings,2026-09-13T20:25:00.000Z,FanDuel,751.183658231,receiving_yards,Matthew Golden - Receiving Yds,,Matthew Golden,48504748,over,39.5,-114,1.87719298245614,0.5327102803738317,open,,,2026-09-07T00:14:47Z,,,,,v3-forward-measurement
4a0d2f08-ceac-4431-8975-ab2b359ed103,8b4f2f38-68fd-4a21-8804-8fcfd769f207,2026-09-07T00:14:47Z,FanDuel Sportsbook structured market feed,,VA,NFL,35610171,Green Bay Packers @ Minnesota Vikings,2026-09-13T20:25:00.000Z,FanDuel,751.183658231,receiving_yards,Matthew Golden - Receiving Yds,,Matthew Golden,48504749,under,39.5,-114,1.87719298245614,0.5327102803738317,open,,,2026-09-07T00:14:47Z,,,,,v3-forward-measurement
4a0d2f08-ceac-4431-8975-ab2b359ed103,a2d15b48-16bb-4196-bdd3-bdbe5202d9c7,2026-09-07T00:14:47Z,FanDuel Sportsbook structured market feed,,VA,NFL,35610171,Green Bay Packers @ Minnesota Vikings,2026-09-13T20:25:00.000Z,FanDuel,751.183658233,receptions,Jauan Jennings - Total Receptions,,Jauan Jennings,40913497,over,2.5,132,2.32,0.43103448275862066,open,,,2026-09-07T00:14:47Z,,,,,v3-forward-measurement
4a0d2f08-ceac-4431-8975-ab2b359ed103,3a166898-663d-4f98-a26b-b6b5b4f6d240,2026-09-07T00:14:47Z,FanDuel Sportsbook structured market feed,,VA,NFL,35610171,Green Bay Packers @ Minnesota Vikings,2026-09-13T20:25:00.000Z,FanDuel,751.183658233,receptions,Jauan Jennings - Total Receptions,,Jauan Jennings,40913496,under,2.5,-178,1.561797752808989,0.6402877697841727,open,,,2026-09-07T00:14:47Z,,,,,v3-forward-measurement
4a0d2f08-ceac-4431-8975-ab2b359ed103,ddcf651d-bac5-45e9-b847-c5b379f357d6,2026-09-07T00:14:47Z,FanDuel Sportsbook structured market feed,,VA,NFL,35610171,Green Bay Packers @ Minnesota Vikings,2026-09-13T20:25:00.000Z,FanDuel,751.183658214,receptions,Jayden Reed - Total Receptions,,Jayden Reed,40975117,over,3.5,-102,1.980392156862745,0.504950495049505,open,,,2026-09-07T00:14:47Z,,,,,v3-forward-measurement
4a0d2f08-ceac-4431-8975-ab2b359ed103,5f1d2eed-eb05-465c-8c4f-4b8f5e3b757a,2026-09-07T00:14:47Z,FanDuel Sportsbook structured market feed,,VA,NFL,35610171,Green Bay Packers @ Minnesota Vikings,2026-09-13T20:25:00.000Z,FanDuel,751.183658214,receptions,Jayden Reed - Total Receptions,,Jayden Reed,40975114,under,3.5,-130,1.769230769230769,0.5652173913043478,open,,,2026-09-07T00:14:47Z,,,,,v3-forward-measurement
4a0d2f08-ceac-4431-8975-ab2b359ed103,56225901-e8c0-4ed8-8695-b6ec2b101de7,2026-09-07T00:14:47Z,FanDuel Sportsbook structured market feed,,VA,NFL,35610171,Green Bay Packers @ Minnesota Vikings,2026-09-13T20:25:00.000Z,FanDuel,751.183658235,receiving_yards,Jordan Addison - Receiving Yds,,Jordan Addison,41179872,over,42.5,-114,1.87719298245614,0.5327102803738317,open,,,2026-09-07T00:14:47Z,,,,,v3-forward-measurement
4a0d2f08-ceac-4431-8975-ab2b359ed103,d2e13a64-085c-48ee-8bf4-ea39fa81db9c,2026-09-07T00:14:47Z,FanDuel Sportsbook structured market feed,,VA,NFL,35610171,Green Bay Packers @ Minnesota Vikings,2026-09-13T20:25:00.000Z,FanDuel,751.183658235,receiving_yards,Jordan Addison - Receiving Yds,,Jordan Addison,41179871,under,42.5,-114,1.87719298245614,0.5327102803738317,open,,,2026-09-07T00:14:47Z,,,,,v3-forward-measurement
4a0d2f08-ceac-4431-8975-ab2b359ed103,09c6125c-aec5-4836-9c1e-18f1c9f063cd,2026-09-07T00:14:47Z,FanDuel Sportsbook structured market feed,,VA,NFL,35610171,Green Bay Packers @ Minnesota Vikings,2026-09-13T20:25:00.000Z,FanDuel,751.183658215,receptions,Justin Jefferson - Total Receptions,,Justin Jefferson,36057836,over,5.5,-148,1.675675675675676,0.5967741935483871,open,,,2026-09-07T00:14:47Z,,,,,v3-forward-measurement
4a0d2f08-ceac-4431-8975-ab2b359ed103,65d8bc94-4317-44fc-80b3-c5e48494f618,2026-09-07T00:14:47Z,FanDuel Sportsbook structured market feed,,VA,NFL,35610171,Green Bay Packers @ Minnesota Vikings,2026-09-13T20:25:00.000Z,FanDuel,751.183658215,receptions,Justin Jefferson - Total Receptions,,Justin Jefferson,36057837,under,5.5,112,2.12,0.4716981132075472,open,,,2026-09-07T00:14:47Z,,,,,v3-forward-measurement
4a0d2f08-ceac-4431-8975-ab2b359ed103,f6d3c305-fe57-480b-aa59-8a7d4d0b5512,2026-09-07T00:14:47Z,FanDuel Sportsbook structured market feed,,VA,NFL,35610171,Green Bay Packers @ Minnesota Vikings,2026-09-13T20:25:00.000Z,FanDuel,751.183877949,receiving_yards,T.J. Hockenson - Receiving Yds,,T.J. Hockenson,26049039,over,27.5,-114,1.87719298245614,0.5327102803738317,open,,,2026-09-07T00:14:47Z,,,,,v3-forward-measurement
4a0d2f08-ceac-4431-8975-ab2b359ed103,caa607d0-4c7d-4742-8fee-569aa9e327f0,2026-09-07T00:14:47Z,FanDuel Sportsbook structured market feed,,VA,NFL,35610171,Green Bay Packers @ Minnesota Vikings,2026-09-13T20:25:00.000Z,FanDuel,751.183877949,receiving_yards,T.J. Hockenson - Receiving Yds,,T.J. Hockenson,26049040,under,27.5,-114,1.87719298245614,0.5327102803738317,open,,,2026-09-07T00:14:47Z,,,,,v3-forward-measurement
4a0d2f08-ceac-4431-8975-ab2b359ed103,9ff23051-d81c-4fce-abfa-62390d7fa141,2026-09-07T00:14:47Z,FanDuel Sportsbook structured market feed,,VA,NFL,35610171,Green Bay Packers @ Minnesota Vikings,2026-09-13T20:25:00.000Z,FanDuel,751.183658218,receiving_yards,Jayden Reed - Receiving Yds,,Jayden Reed,40975117,over,39.5,-114,1.87719298245614,0.5327102803738317,open,,,2026-09-07T00:14:47Z,,,,,v3-forward-measurement
4a0d2f08-ceac-4431-8975-ab2b359ed103,cd79a5d5-0825-4838-993a-296c591f0eaa,2026-09-07T00:14:47Z,FanDuel Sportsbook structured market feed,,VA,NFL,35610171,Green Bay Packers @ Minnesota Vikings,2026-09-13T20:25:00.000Z,FanDuel,751.183658218,receiving_yards,Jayden Reed - Receiving Yds,,Jayden Reed,40975114,under,39.5,-114,1.87719298245614,0.5327102803738317,open,,,2026-09-07T00:14:47Z,,,,,v3-forward-measurement
4a0d2f08-ceac-4431-8975-ab2b359ed103,a19b5ad3-cca4-4fa0-a6ea-102206190590,2026-09-07T00:14:47Z,FanDuel Sportsbook structured market feed,,VA,NFL,35610171,Green Bay Packers @ Minnesota Vikings,2026-09-13T20:25:00.000Z,FanDuel,751.183658217,receptions,Jordan Addison - Total Receptions,,Jordan Addison,41179872,over,3.5,102,2.02,0.49504950495049505,open,,,2026-09-07T00:14:47Z,,,,,v3-forward-measurement
4a0d2f08-ceac-4431-8975-ab2b359ed103,ea8ce705-a7d8-4141-9679-a05fa6e385bf,2026-09-07T00:14:47Z,FanDuel Sportsbook structured market feed,,VA,NFL,35610171,Green Bay Packers @ Minnesota Vikings,2026-09-13T20:25:00.000Z,FanDuel,751.183658217,receptions,Jordan Addison - Total Receptions,,Jordan Addison,41179871,under,3.5,-136,1.735294117647059,0.576271186440678,open,,,2026-09-07T00:14:47Z,,,,,v3-forward-measurement
4a0d2f08-ceac-4431-8975-ab2b359ed103,74d23d96-3466-4cd1-b7f7-6e10be389a07,2026-09-07T00:14:47Z,FanDuel Sportsbook structured market feed,,VA,NFL,35610171,Green Bay Packers @ Minnesota Vikings,2026-09-13T20:25:00.000Z,FanDuel,751.183877947,receptions,T.J. Hockenson - Total Receptions,,T.J. Hockenson,26049039,over,3.5,-114,1.87719298245614,0.5327102803738317,open,,,2026-09-07T00:14:47Z,,,,,v3-forward-measurement
4a0d2f08-ceac-4431-8975-ab2b359ed103,a0f2159f-6a33-48f5-b964-df1049c5ee34,2026-09-07T00:14:47Z,FanDuel Sportsbook structured market feed,,VA,NFL,35610171,Green Bay Packers @ Minnesota Vikings,2026-09-13T20:25:00.000Z,FanDuel,751.183877947,receptions,T.J. Hockenson - Total Receptions,,T.J. Hockenson,26049040,under,3.5,-114,1.87719298245614,0.5327102803738317,open,,,2026-09-07T00:14:47Z,,,,,v3-forward-measurement
3395b0c9-5142-4614-bc04-c5e1a967afb4,1c5ea638-921a-47be-a012-da0a328b5b27,2026-09-07T00:14:47Z,FanDuel Sportsbook structured market feed,,VA,NFL,35610190,Baltimore Ravens @ Indianapolis Colts,2026-09-13T17:01:00.000Z,FanDuel,751.183833360,passing_yards,Lamar Jackson - Passing Yds,,Lamar Jackson,16579679,over,220.5,-114,1.87719298245614,0.5327102803738317,open,,,2026-09-07T00:14:47Z,,,,,v3-forward-measurement
3395b0c9-5142-4614-bc04-c5e1a967afb4,82050409-c608-42f9-840d-dc9bf3b08e5c,2026-09-07T00:14:47Z,FanDuel Sportsbook structured market feed,,VA,NFL,35610190,Baltimore Ravens @ Indianapolis Colts,2026-09-13T17:01:00.000Z,FanDuel,751.183833360,passing_yards,Lamar Jackson - Passing Yds,,Lamar Jackson,16579680,under,220.5,-114,1.87719298245614,0.5327102803738317,open,,,2026-09-07T00:14:47Z,,,,,v3-forward-measurement
3395b0c9-5142-4614-bc04-c5e1a967afb4,b61e217b-f0bb-4dda-bcfe-6996553e8a9c,2026-09-07T00:14:47Z,FanDuel Sportsbook structured market feed,,VA,NFL,35610190,Baltimore Ravens @ Indianapolis Colts,2026-09-13T17:01:00.000Z,FanDuel,751.183833515,passing_touchdowns,Lamar Jackson - Passing TDs,,Lamar Jackson,16579679,over,1.5,-102,1.980392156862745,0.504950495049505,open,,,2026-09-07T00:14:47Z,,,,,v3-forward-measurement
3395b0c9-5142-4614-bc04-c5e1a967afb4,0f41efaa-cf0c-47b0-bf43-eed9d8c3039b,2026-09-07T00:14:47Z,FanDuel Sportsbook structured market feed,,VA,NFL,35610190,Baltimore Ravens @ Indianapolis Colts,2026-09-13T17:01:00.000Z,FanDuel,751.183833515,passing_touchdowns,Lamar Jackson - Passing TDs,,Lamar Jackson,16579680,under,1.5,-130,1.769230769230769,0.5652173913043478,open,,,2026-09-07T00:14:47Z,,,,,v3-forward-measurement
3395b0c9-5142-4614-bc04-c5e1a967afb4,79f75b68-2cbe-47d0-a809-f58bbd299922,2026-09-07T00:14:47Z,FanDuel Sportsbook structured market feed,,VA,NFL,35610190,Baltimore Ravens @ Indianapolis Colts,2026-09-13T17:01:00.000Z,FanDuel,751.183833466,passing_touchdowns,Daniel Jones - Passing TDs,,Daniel Jones,16544555,over,1.5,140,2.4,0.4166666666666667,open,,,2026-09-07T00:14:47Z,,,,,v3-forward-measurement
3395b0c9-5142-4614-bc04-c5e1a967afb4,7fda5fdf-9e3b-4036-98b1-8aec168531e9,2026-09-07T00:14:47Z,FanDuel Sportsbook structured market feed,,VA,NFL,35610190,Baltimore Ravens @ Indianapolis Colts,2026-09-13T17:01:00.000Z,FanDuel,751.183833466,passing_touchdowns,Daniel Jones - Passing TDs,,Daniel Jones,16544556,under,1.5,-188,1.531914893617021,0.6527777777777778,open,,,2026-09-07T00:14:47Z,,,,,v3-forward-measurement
3395b0c9-5142-4614-bc04-c5e1a967afb4,1c54a83e-98cb-41f5-ba0c-41b98af864e6,2026-09-07T00:14:47Z,FanDuel Sportsbook structured market feed,,VA,NFL,35610190,Baltimore Ravens @ Indianapolis Colts,2026-09-13T17:01:00.000Z,FanDuel,751.183833467,passing_yards,Daniel Jones - Passing Yds,,Daniel Jones,16544555,over,233.5,-114,1.87719298245614,0.5327102803738317,open,,,2026-09-07T00:14:47Z,,,,,v3-forward-measurement
3395b0c9-5142-4614-bc04-c5e1a967afb4,1807a3d4-e1ad-49f7-9b4b-4192a1968e9b,2026-09-07T00:14:47Z,FanDuel Sportsbook structured market feed,,VA,NFL,35610190,Baltimore Ravens @ Indianapolis Colts,2026-09-13T17:01:00.000Z,FanDuel,751.183833467,passing_yards,Daniel Jones - Passing Yds,,Daniel Jones,16544556,under,233.5,-114,1.87719298245614,0.5327102803738317,open,,,2026-09-07T00:14:47Z,,,,,v3-forward-measurement
ad20aff2-2b2b-4b99-b748-816725a8d98d,8121dff7-99f3-47e7-9d06-66ca1e43afc5,2026-09-07T00:14:47Z,FanDuel Sportsbook structured market feed,,VA,NFL,35610190,Baltimore Ravens @ Indianapolis Colts,2026-09-13T17:01:00.000Z,FanDuel,751.183835471,rushing_yards,Derrick Henry - Rushing Yds,,Derrick Henry,12073825,over,80.5,-114,1.87719298245614,0.5327102803738317,open,,,2026-09-07T00:14:47Z,,,,,v3-forward-measurement
ad20aff2-2b2b-4b99-b748-816725a8d98d,bab3c8dc-e497-4937-9c96-35f0bde4f753,2026-09-07T00:14:47Z,FanDuel Sportsbook structured market feed,,VA,NFL,35610190,Baltimore Ravens @ Indianapolis Colts,2026-09-13T17:01:00.000Z,FanDuel,751.183835471,rushing_yards,Derrick Henry - Rushing Yds,,Derrick Henry,12073826,under,80.5,-114,1.87719298245614,0.5327102803738317,open,,,2026-09-07T00:14:47Z,,,,,v3-forward-measurement
ad20aff2-2b2b-4b99-b748-816725a8d98d,2a0d9834-697d-4f43-9456-0c370ead3b38,2026-09-07T00:14:47Z,FanDuel Sportsbook structured market feed,,VA,NFL,35610190,Baltimore Ravens @ Indianapolis Colts,2026-09-13T17:01:00.000Z,FanDuel,751.183835624,rushing_yards,Lamar Jackson - Rushing Yds,,Lamar Jackson,16579679,over,37.5,-114,1.87719298245614,0.5327102803738317,open,,,2026-09-07T00:14:47Z,,,,,v3-forward-measurement
ad20aff2-2b2b-4b99-b748-816725a8d98d,fb780545-294e-4570-a2b9-85023e0ad2be,2026-09-07T00:14:47Z,FanDuel Sportsbook structured market feed,,VA,NFL,35610190,Baltimore Ravens @ Indianapolis Colts,2026-09-13T17:01:00.000Z,FanDuel,751.183835624,rushing_yards,Lamar Jackson - Rushing Yds,,Lamar Jackson,16579680,under,37.5,-114,1.87719298245614,0.5327102803738317,open,,,2026-09-07T00:14:47Z,,,,,v3-forward-measurement
ad20aff2-2b2b-4b99-b748-816725a8d98d,cccbd703-c4de-46ec-8cef-2acc6e787e50,2026-09-07T00:14:47Z,FanDuel Sportsbook structured market feed,,VA,NFL,35610190,Baltimore Ravens @ Indianapolis Colts,2026-09-13T17:01:00.000Z,FanDuel,751.183835364,rushing_yards,Jonathan Taylor - Rushing Yds,,Jonathan Taylor,16593213,over,76.5,-114,1.87719298245614,0.5327102803738317,open,,,2026-09-07T00:14:47Z,,,,,v3-forward-measurement
ad20aff2-2b2b-4b99-b748-816725a8d98d,c9c06b86-c63b-4209-add4-b3383af4f60d,2026-09-07T00:14:47Z,FanDuel Sportsbook structured market feed,,VA,NFL,35610190,Baltimore Ravens @ Indianapolis Colts,2026-09-13T17:01:00.000Z,FanDuel,751.183835364,rushing_yards,Jonathan Taylor - Rushing Yds,,Jonathan Taylor,16593214,under,76.5,-114,1.87719298245614,0.5327102803738317,open,,,2026-09-07T00:14:47Z,,,,,v3-forward-measurement
283bd129-39a7-403d-b37f-a31423a39d86,a88cb4c7-7a6c-47fd-a5db-4f9b044815db,2026-09-07T00:14:47Z,FanDuel Sportsbook structured market feed,,VA,NFL,35610190,Baltimore Ravens @ Indianapolis Colts,2026-09-13T17:01:00.000Z,FanDuel,751.184973077,receiving_yards,Josh Downs - Receiving Yds,,Josh Downs,41178410,over,43.5,-114,1.87719298245614,0.5327102803738317,open,,,2026-09-07T00:14:47Z,,,,,v3-forward-measurement
283bd129-39a7-403d-b37f-a31423a39d86,96652929-bbd4-43f6-a3ba-c28824e610c4,2026-09-07T00:14:47Z,FanDuel Sportsbook structured market feed,,VA,NFL,35610190,Baltimore Ravens @ Indianapolis Colts,2026-09-13T17:01:00.000Z,FanDuel,751.184973077,receiving_yards,Josh Downs - Receiving Yds,,Josh Downs,41178411,under,43.5,-114,1.87719298245614,0.5327102803738317,open,,,2026-09-07T00:14:47Z,,,,,v3-forward-measurement
283bd129-39a7-403d-b37f-a31423a39d86,2481dc9a-f5ff-46a6-b872-e733bfd36bf0,2026-09-07T00:14:47Z,FanDuel Sportsbook structured market feed,,VA,NFL,35610190,Baltimore Ravens @ Indianapolis Colts,2026-09-13T17:01:00.000Z,FanDuel,751.184973071,receptions,Josh Downs - Total Receptions,,Josh Downs,41178410,over,4.5,116,2.16,0.46296296296296297,open,,,2026-09-07T00:14:47Z,,,,,v3-forward-measurement
283bd129-39a7-403d-b37f-a31423a39d86,add69a59-7d29-4776-a73b-cff796c26add,2026-09-07T00:14:47Z,FanDuel Sportsbook structured market feed,,VA,NFL,35610190,Baltimore Ravens @ Indianapolis Colts,2026-09-13T17:01:00.000Z,FanDuel,751.184973071,receptions,Josh Downs - Total Receptions,,Josh Downs,41178411,under,4.5,-154,1.649350649350649,0.6062992125984252,open,,,2026-09-07T00:14:47Z,,,,,v3-forward-measurement
283bd129-39a7-403d-b37f-a31423a39d86,308935ce-190f-426e-bce4-e36173b2ef4e,2026-09-07T00:14:47Z,FanDuel Sportsbook structured market feed,,VA,NFL,35610190,Baltimore Ravens @ Indianapolis Colts,2026-09-13T17:01:00.000Z,FanDuel,751.184969864,receptions,Rashod Bateman - Total Receptions,,Rashod Bateman,41197689,over,1.5,-205,1.48780487804878,0.6721311475409836,open,,,2026-09-07T00:14:47Z,,,,,v3-forward-measurement
283bd129-39a7-403d-b37f-a31423a39d86,e8f3e42f-c08f-459d-812c-89f986f14ace,2026-09-07T00:14:47Z,FanDuel Sportsbook structured market feed,,VA,NFL,35610190,Baltimore Ravens @ Indianapolis Colts,2026-09-13T17:01:00.000Z,FanDuel,751.184969864,receptions,Rashod Bateman - Total Receptions,,Rashod Bateman,41197688,under,1.5,152,2.52,0.3968253968253968,open,,,2026-09-07T00:14:47Z,,,,,v3-forward-measurement
283bd129-39a7-403d-b37f-a31423a39d86,23b099c9-6e75-4417-8081-0d4bee337e85,2026-09-07T00:14:47Z,FanDuel Sportsbook structured market feed,,VA,NFL,35610190,Baltimore Ravens @ Indianapolis Colts,2026-09-13T17:01:00.000Z,FanDuel,751.184972924,receiving_yards,Alec Pierce - Receiving Yds,,Alec Pierce,42217015,over,46.5,-114,1.87719298245614,0.5327102803738317,open,,,2026-09-07T00:14:47Z,,,,,v3-forward-measurement
283bd129-39a7-403d-b37f-a31423a39d86,27acc6d6-9e37-42c8-b0f9-be237c10148b,2026-09-07T00:14:47Z,FanDuel Sportsbook structured market feed,,VA,NFL,35610190,Baltimore Ravens @ Indianapolis Colts,2026-09-13T17:01:00.000Z,FanDuel,751.184972924,receiving_yards,Alec Pierce - Receiving Yds,,Alec Pierce,42217014,under,46.5,-114,1.87719298245614,0.5327102803738317,open,,,2026-09-07T00:14:47Z,,,,,v3-forward-measurement
283bd129-39a7-403d-b37f-a31423a39d86,cd29f2b7-980f-4741-8be6-9de993872757,2026-09-07T00:14:47Z,FanDuel Sportsbook structured market feed,,VA,NFL,35610190,Baltimore Ravens @ Indianapolis Colts,2026-09-13T17:01:00.000Z,FanDuel,751.184969622,receiving_yards,Rashod Bateman - Receiving Yds,,Rashod Bateman,41197689,over,25.5,-114,1.87719298245614,0.5327102803738317,open,,,2026-09-07T00:14:47Z,,,,,v3-forward-measurement
283bd129-39a7-403d-b37f-a31423a39d86,54a32287-a352-49f5-badb-5aab41809baa,2026-09-07T00:14:47Z,FanDuel Sportsbook structured market feed,,VA,NFL,35610190,Baltimore Ravens @ Indianapolis Colts,2026-09-13T17:01:00.000Z,FanDuel,751.184969622,receiving_yards,Rashod Bateman - Receiving Yds,,Rashod Bateman,41197688,under,25.5,-114,1.87719298245614,0.5327102803738317,open,,,2026-09-07T00:14:47Z,,,,,v3-forward-measurement
283bd129-39a7-403d-b37f-a31423a39d86,22bea1cb-81a2-428b-835b-5543250cbf1f,2026-09-07T00:14:47Z,FanDuel Sportsbook structured market feed,,VA,NFL,35610190,Baltimore Ravens @ Indianapolis Colts,2026-09-13T17:01:00.000Z,FanDuel,751.184973730,receptions,Tyler Warren - Total Receptions,,Tyler Warren,60780430,over,4.5,-130,1.769230769230769,0.5652173913043478,open,,,2026-09-07T00:14:47Z,,,,,v3-forward-measurement
283bd129-39a7-403d-b37f-a31423a39d86,4b9f03a8-50c8-479d-b45f-6f43fed241f2,2026-09-07T00:14:47Z,FanDuel Sportsbook structured market feed,,VA,NFL,35610190,Baltimore Ravens @ Indianapolis Colts,2026-09-13T17:01:00.000Z,FanDuel,751.184973730,receptions,Tyler Warren - Total Receptions,,Tyler Warren,60780432,under,4.5,-102,1.980392156862745,0.504950495049505,open,,,2026-09-07T00:14:47Z,,,,,v3-forward-measurement
283bd129-39a7-403d-b37f-a31423a39d86,186cb51c-363a-4f08-b6df-5bf2fe050e0f,2026-09-07T00:14:47Z,FanDuel Sportsbook structured market feed,,VA,NFL,35610190,Baltimore Ravens @ Indianapolis Colts,2026-09-13T17:01:00.000Z,FanDuel,751.183836389,receptions,Mark Andrews - Total Receptions,,Mark Andrews,16602460,over,3.5,116,2.16,0.46296296296296297,open,,,2026-09-07T00:14:47Z,,,,,v3-forward-measurement
283bd129-39a7-403d-b37f-a31423a39d86,35c65ff5-153d-4b0b-9391-8c92ddb12421,2026-09-07T00:14:47Z,FanDuel Sportsbook structured market feed,,VA,NFL,35610190,Baltimore Ravens @ Indianapolis Colts,2026-09-13T17:01:00.000Z,FanDuel,751.183836389,receptions,Mark Andrews - Total Receptions,,Mark Andrews,16602461,under,3.5,-154,1.649350649350649,0.6062992125984252,open,,,2026-09-07T00:14:47Z,,,,,v3-forward-measurement
283bd129-39a7-403d-b37f-a31423a39d86,7f5e846a-96da-4a33-a1e4-ec836b54f9c9,2026-09-07T00:14:47Z,FanDuel Sportsbook structured market feed,,VA,NFL,35610190,Baltimore Ravens @ Indianapolis Colts,2026-09-13T17:01:00.000Z,FanDuel,751.183836167,receiving_yards,Zay Flowers - Receiving Yds,,Zay Flowers,41182052,over,63.5,-114,1.87719298245614,0.5327102803738317,open,,,2026-09-07T00:14:47Z,,,,,v3-forward-measurement
283bd129-39a7-403d-b37f-a31423a39d86,96393ca7-bc19-4900-9092-2746403a2acd,2026-09-07T00:14:47Z,FanDuel Sportsbook structured market feed,,VA,NFL,35610190,Baltimore Ravens @ Indianapolis Colts,2026-09-13T17:01:00.000Z,FanDuel,751.183836167,receiving_yards,Zay Flowers - Receiving Yds,,Zay Flowers,41182053,under,63.5,-114,1.87719298245614,0.5327102803738317,open,,,2026-09-07T00:14:47Z,,,,,v3-forward-measurement
283bd129-39a7-403d-b37f-a31423a39d86,0a2c975f-ff99-4b96-8535-34563184b5a3,2026-09-07T00:14:47Z,FanDuel Sportsbook structured market feed,,VA,NFL,35610190,Baltimore Ravens @ Indianapolis Colts,2026-09-13T17:01:00.000Z,FanDuel,751.184971736,receiving_yards,Derrick Henry - Receiving Yds,,Derrick Henry,12073825,over,6.5,-102,1.980392156862745,0.504950495049505,open,,,2026-09-07T00:14:47Z,,,,,v3-forward-measurement
283bd129-39a7-403d-b37f-a31423a39d86,66ee5690-c371-4096-9062-90518c0f51d0,2026-09-07T00:14:47Z,FanDuel Sportsbook structured market feed,,VA,NFL,35610190,Baltimore Ravens @ Indianapolis Colts,2026-09-13T17:01:00.000Z,FanDuel,751.184971736,receiving_yards,Derrick Henry - Receiving Yds,,Derrick Henry,12073826,under,6.5,-128,1.78125,0.5614035087719298,open,,,2026-09-07T00:14:47Z,,,,,v3-forward-measurement
283bd129-39a7-403d-b37f-a31423a39d86,8b8b0eac-e973-42b4-8a83-9aa74e5f60f5,2026-09-07T00:14:47Z,FanDuel Sportsbook structured market feed,,VA,NFL,35610190,Baltimore Ravens @ Indianapolis Colts,2026-09-13T17:01:00.000Z,FanDuel,751.183836388,receiving_yards,Mark Andrews - Receiving Yds,,Mark Andrews,16602460,over,34.5,-114,1.87719298245614,0.5327102803738317,open,,,2026-09-07T00:14:47Z,,,,,v3-forward-measurement
283bd129-39a7-403d-b37f-a31423a39d86,4096a5e3-8900-421d-a7ba-d1b48c2d5af2,2026-09-07T00:14:47Z,FanDuel Sportsbook structured market feed,,VA,NFL,35610190,Baltimore Ravens @ Indianapolis Colts,2026-09-13T17:01:00.000Z,FanDuel,751.183836388,receiving_yards,Mark Andrews - Receiving Yds,,Mark Andrews,16602461,under,34.5,-114,1.87719298245614,0.5327102803738317,open,,,2026-09-07T00:14:47Z,,,,,v3-forward-measurement
283bd129-39a7-403d-b37f-a31423a39d86,a8db27fb-5c3c-4778-a601-2b75172a5edb,2026-09-07T00:14:47Z,FanDuel Sportsbook structured market feed,,VA,NFL,35610190,Baltimore Ravens @ Indianapolis Colts,2026-09-13T17:01:00.000Z,FanDuel,751.184970775,receptions,Ja'Kobi Lane - Total Receptions,,Ja'Kobi Lane,102523756,over,1.5,-130,1.769230769230769,0.5652173913043478,open,,,2026-09-07T00:14:47Z,,,,,v3-forward-measurement
283bd129-39a7-403d-b37f-a31423a39d86,30dce9a3-7423-45f2-a6ad-a4f0a0ac474a,2026-09-07T00:14:47Z,FanDuel Sportsbook structured market feed,,VA,NFL,35610190,Baltimore Ravens @ Indianapolis Colts,2026-09-13T17:01:00.000Z,FanDuel,751.184970775,receptions,Ja'Kobi Lane - Total Receptions,,Ja'Kobi Lane,102523752,under,1.5,-102,1.980392156862745,0.504950495049505,open,,,2026-09-07T00:14:47Z,,,,,v3-forward-measurement
283bd129-39a7-403d-b37f-a31423a39d86,b5fa261e-6427-4faf-a049-151159fa39ad,2026-09-07T00:14:47Z,FanDuel Sportsbook structured market feed,,VA,NFL,35610190,Baltimore Ravens @ Indianapolis Colts,2026-09-13T17:01:00.000Z,FanDuel,751.184973728,receiving_yards,Tyler Warren - Receiving Yds,,Tyler Warren,60780430,over,45.5,-114,1.87719298245614,0.5327102803738317,open,,,2026-09-07T00:14:47Z,,,,,v3-forward-measurement
283bd129-39a7-403d-b37f-a31423a39d86,7d054973-5eaf-4cbb-9150-192d0c20b83f,2026-09-07T00:14:47Z,FanDuel Sportsbook structured market feed,,VA,NFL,35610190,Baltimore Ravens @ Indianapolis Colts,2026-09-13T17:01:00.000Z,FanDuel,751.184973728,receiving_yards,Tyler Warren - Receiving Yds,,Tyler Warren,60780432,under,45.5,-114,1.87719298245614,0.5327102803738317,open,,,2026-09-07T00:14:47Z,,,,,v3-forward-measurement
283bd129-39a7-403d-b37f-a31423a39d86,e54287c6-9216-46e0-bc09-69a218db85d1,2026-09-07T00:14:47Z,FanDuel Sportsbook structured market feed,,VA,NFL,35610190,Baltimore Ravens @ Indianapolis Colts,2026-09-13T17:01:00.000Z,FanDuel,751.185104206,receptions,Derrick Henry - Total Receptions,,Derrick Henry,12073825,over,1.5,172,2.72,0.36764705882352944,open,,,2026-09-07T00:14:47Z,,,,,v3-forward-measurement
283bd129-39a7-403d-b37f-a31423a39d86,88ee5ecb-a495-4606-b091-c745a806f1e5,2026-09-07T00:14:47Z,FanDuel Sportsbook structured market feed,,VA,NFL,35610190,Baltimore Ravens @ Indianapolis Colts,2026-09-13T17:01:00.000Z,FanDuel,751.185104206,receptions,Derrick Henry - Total Receptions,,Derrick Henry,12073826,under,1.5,-235,1.425531914893617,0.7014925373134329,open,,,2026-09-07T00:14:47Z,,,,,v3-forward-measurement
283bd129-39a7-403d-b37f-a31423a39d86,04361be7-fe18-427c-9071-b580992f17f5,2026-09-07T00:14:47Z,FanDuel Sportsbook structured market feed,,VA,NFL,35610190,Baltimore Ravens @ Indianapolis Colts,2026-09-13T17:01:00.000Z,FanDuel,751.183836173,receptions,Zay Flowers - Total Receptions,,Zay Flowers,41182052,over,4.5,-172,1.581395348837209,0.6323529411764706,open,,,2026-09-07T00:14:47Z,,,,,v3-forward-measurement
283bd129-39a7-403d-b37f-a31423a39d86,694de06c-87b3-437d-9daa-852b33ae1080,2026-09-07T00:14:47Z,FanDuel Sportsbook structured market feed,,VA,NFL,35610190,Baltimore Ravens @ Indianapolis Colts,2026-09-13T17:01:00.000Z,FanDuel,751.183836173,receptions,Zay Flowers - Total Receptions,,Zay Flowers,41182053,under,4.5,128,2.28,0.43859649122807015,open,,,2026-09-07T00:14:47Z,,,,,v3-forward-measurement
283bd129-39a7-403d-b37f-a31423a39d86,bf4b2187-448b-45d0-88ac-625bf576d240,2026-09-07T00:14:47Z,FanDuel Sportsbook structured market feed,,VA,NFL,35610190,Baltimore Ravens @ Indianapolis Colts,2026-09-13T17:01:00.000Z,FanDuel,751.184970770,receiving_yards,Ja'Kobi Lane - Receiving Yds,,Ja'Kobi Lane,102523756,over,19.5,-114,1.87719298245614,0.5327102803738317,open,,,2026-09-07T00:14:47Z,,,,,v3-forward-measurement
283bd129-39a7-403d-b37f-a31423a39d86,095883d9-bf1a-4ae0-86e9-537a8731e180,2026-09-07T00:14:47Z,FanDuel Sportsbook structured market feed,,VA,NFL,35610190,Baltimore Ravens @ Indianapolis Colts,2026-09-13T17:01:00.000Z,FanDuel,751.184970770,receiving_yards,Ja'Kobi Lane - Receiving Yds,,Ja'Kobi Lane,102523752,under,19.5,-114,1.87719298245614,0.5327102803738317,open,,,2026-09-07T00:14:47Z,,,,,v3-forward-measurement
283bd129-39a7-403d-b37f-a31423a39d86,964ba062-e6cf-4b0d-b8db-4bb4debbf0d1,2026-09-07T00:14:47Z,FanDuel Sportsbook structured market feed,,VA,NFL,35610190,Baltimore Ravens @ Indianapolis Colts,2026-09-13T17:01:00.000Z,FanDuel,751.184972933,receptions,Alec Pierce - Total Receptions,,Alec Pierce,42217015,over,3.5,-108,1.925925925925926,0.5192307692307693,open,,,2026-09-07T00:14:47Z,,,,,v3-forward-measurement
283bd129-39a7-403d-b37f-a31423a39d86,bb3ae35a-e89b-41ca-8d46-dc4b1f73796a,2026-09-07T00:14:47Z,FanDuel Sportsbook structured market feed,,VA,NFL,35610190,Baltimore Ravens @ Indianapolis Colts,2026-09-13T17:01:00.000Z,FanDuel,751.184972933,receptions,Alec Pierce - Total Receptions,,Alec Pierce,42217014,under,3.5,-122,1.819672131147541,0.5495495495495496,open,,,2026-09-07T00:14:47Z,,,,,v3-forward-measurement
