capture_id,quote_id,captured_at,source,source_updated_at,state,sport,event_id,event_name,kickoff,book,market_id,market_type,market_name,player_id,player_name,selection_id,selection,line,american_price,decimal_price,implied_probability,quote_status,opening_line,opening_price,first_observed,closing_line,closing_price,result,net_units,model_version
09fc007c-870d-4591-bb23-bd86251f009c,d8136307-37b2-4b55-89be-a715acc0d730,2026-09-07T12:15:05Z,FanDuel Sportsbook structured market feed,,VA,NFL,35596943,Dallas Cowboys @ New York Giants,2026-09-14T00:20:00.000Z,FanDuel,751.183007524,passing_touchdowns,Dak Prescott - Passing TDs,,Dak Prescott,11889993,over,1.5,-158,1.632911392405063,0.6124031007751938,open,,,2026-09-07T12:15:05Z,,,,,v3-forward-measurement
09fc007c-870d-4591-bb23-bd86251f009c,9d3f66fc-02c8-43e0-9c03-2489ee831e2f,2026-09-07T12:15:05Z,FanDuel Sportsbook structured market feed,,VA,NFL,35596943,Dallas Cowboys @ New York Giants,2026-09-14T00:20:00.000Z,FanDuel,751.183007524,passing_touchdowns,Dak Prescott - Passing TDs,,Dak Prescott,11889992,under,1.5,118,2.18,0.45871559633027525,open,,,2026-09-07T12:15:05Z,,,,,v3-forward-measurement
09fc007c-870d-4591-bb23-bd86251f009c,c88be9b2-d4d4-43b5-adee-d2114e44b573,2026-09-07T12:15:05Z,FanDuel Sportsbook structured market feed,,VA,NFL,35596943,Dallas Cowboys @ New York Giants,2026-09-14T00:20:00.000Z,FanDuel,751.183007431,passing_touchdowns,Jaxson Dart - Passing TDs,,Jaxson Dart,41788833,over,1.5,128,2.28,0.43859649122807015,open,,,2026-09-07T12:15:05Z,,,,,v3-forward-measurement
09fc007c-870d-4591-bb23-bd86251f009c,31fc8b5e-e6fa-41ea-8741-e0f74a1afb98,2026-09-07T12:15:05Z,FanDuel Sportsbook structured market feed,,VA,NFL,35596943,Dallas Cowboys @ New York Giants,2026-09-14T00:20:00.000Z,FanDuel,751.183007431,passing_touchdowns,Jaxson Dart - Passing TDs,,Jaxson Dart,41788834,under,1.5,-172,1.581395348837209,0.6323529411764706,open,,,2026-09-07T12:15:05Z,,,,,v3-forward-measurement
09fc007c-870d-4591-bb23-bd86251f009c,73b8f60f-a28e-4212-bd69-fda270a32def,2026-09-07T12:15:05Z,FanDuel Sportsbook structured market feed,,VA,NFL,35596943,Dallas Cowboys @ New York Giants,2026-09-14T00:20:00.000Z,FanDuel,751.183007477,passing_yards,Dak Prescott - Passing Yds,,Dak Prescott,11889993,over,260.5,-114,1.87719298245614,0.5327102803738317,open,,,2026-09-07T12:15:05Z,,,,,v3-forward-measurement
09fc007c-870d-4591-bb23-bd86251f009c,dfe933c4-d1e0-47d7-8ba5-834e814df3b0,2026-09-07T12:15:05Z,FanDuel Sportsbook structured market feed,,VA,NFL,35596943,Dallas Cowboys @ New York Giants,2026-09-14T00:20:00.000Z,FanDuel,751.183007477,passing_yards,Dak Prescott - Passing Yds,,Dak Prescott,11889992,under,260.5,-114,1.87719298245614,0.5327102803738317,open,,,2026-09-07T12:15:05Z,,,,,v3-forward-measurement
09fc007c-870d-4591-bb23-bd86251f009c,9a571026-a58c-4d93-8293-93df4c47dee2,2026-09-07T12:15:05Z,FanDuel Sportsbook structured market feed,,VA,NFL,35596943,Dallas Cowboys @ New York Giants,2026-09-14T00:20:00.000Z,FanDuel,751.183007451,passing_yards,Jaxson Dart - Passing Yds,,Jaxson Dart,41788833,over,217.5,-114,1.87719298245614,0.5327102803738317,open,,,2026-09-07T12:15:05Z,,,,,v3-forward-measurement
09fc007c-870d-4591-bb23-bd86251f009c,f431c4e8-872e-4efd-b03c-d75e081a8ebe,2026-09-07T12:15:05Z,FanDuel Sportsbook structured market feed,,VA,NFL,35596943,Dallas Cowboys @ New York Giants,2026-09-14T00:20:00.000Z,FanDuel,751.183007451,passing_yards,Jaxson Dart - Passing Yds,,Jaxson Dart,41788834,under,217.5,-114,1.87719298245614,0.5327102803738317,open,,,2026-09-07T12:15:05Z,,,,,v3-forward-measurement
7966a2c7-b9e7-47b1-9ba6-bb659ff167aa,7eb1dc17-a094-4f5c-821c-1665fd877720,2026-09-07T12:15:05Z,FanDuel Sportsbook structured market feed,,VA,NFL,35596943,Dallas Cowboys @ New York Giants,2026-09-14T00:20:00.000Z,FanDuel,751.183016259,rushing_yards,Jaxson Dart - Rushing Yds,,Jaxson Dart,41788833,over,28.5,-114,1.87719298245614,0.5327102803738317,open,,,2026-09-07T12:15:05Z,,,,,v3-forward-measurement
7966a2c7-b9e7-47b1-9ba6-bb659ff167aa,10ae0a5c-9c1e-4b54-8ebe-a30ff66ac7f4,2026-09-07T12:15:05Z,FanDuel Sportsbook structured market feed,,VA,NFL,35596943,Dallas Cowboys @ New York Giants,2026-09-14T00:20:00.000Z,FanDuel,751.183016259,rushing_yards,Jaxson Dart - Rushing Yds,,Jaxson Dart,41788834,under,28.5,-114,1.87719298245614,0.5327102803738317,open,,,2026-09-07T12:15:05Z,,,,,v3-forward-measurement
7966a2c7-b9e7-47b1-9ba6-bb659ff167aa,c3a664ea-17b8-451f-a2af-dd8691235c9a,2026-09-07T12:15:05Z,FanDuel Sportsbook structured market feed,,VA,NFL,35596943,Dallas Cowboys @ New York Giants,2026-09-14T00:20:00.000Z,FanDuel,751.184988882,rushing_yards,Cam Skattebo - Rushing Yds,,Cam Skattebo,88246528,over,51.5,-114,1.87719298245614,0.5327102803738317,open,,,2026-09-07T12:15:05Z,,,,,v3-forward-measurement
7966a2c7-b9e7-47b1-9ba6-bb659ff167aa,24a99c7e-6f39-4c66-98e2-1b38c1f42566,2026-09-07T12:15:05Z,FanDuel Sportsbook structured market feed,,VA,NFL,35596943,Dallas Cowboys @ New York Giants,2026-09-14T00:20:00.000Z,FanDuel,751.184988882,rushing_yards,Cam Skattebo - Rushing Yds,,Cam Skattebo,88246518,under,51.5,-114,1.87719298245614,0.5327102803738317,open,,,2026-09-07T12:15:05Z,,,,,v3-forward-measurement
7966a2c7-b9e7-47b1-9ba6-bb659ff167aa,13b82d5d-afd0-4adb-b9c5-ea0819306264,2026-09-07T12:15:05Z,FanDuel Sportsbook structured market feed,,VA,NFL,35596943,Dallas Cowboys @ New York Giants,2026-09-14T00:20:00.000Z,FanDuel,751.183016262,rushing_yards,Javonte Williams - Rushing Yds,,Javonte Williams,40891106,over,73.5,-114,1.87719298245614,0.5327102803738317,open,,,2026-09-07T12:15:05Z,,,,,v3-forward-measurement
7966a2c7-b9e7-47b1-9ba6-bb659ff167aa,8359cf21-b3f8-4eb6-a0f4-408f4efd8d82,2026-09-07T12:15:05Z,FanDuel Sportsbook structured market feed,,VA,NFL,35596943,Dallas Cowboys @ New York Giants,2026-09-14T00:20:00.000Z,FanDuel,751.183016262,rushing_yards,Javonte Williams - Rushing Yds,,Javonte Williams,40891107,under,73.5,-114,1.87719298245614,0.5327102803738317,open,,,2026-09-07T12:15:05Z,,,,,v3-forward-measurement
7966a2c7-b9e7-47b1-9ba6-bb659ff167aa,4f521cc7-e867-4647-b02d-488a05844865,2026-09-07T12:15:05Z,FanDuel Sportsbook structured market feed,,VA,NFL,35596943,Dallas Cowboys @ New York Giants,2026-09-14T00:20:00.000Z,FanDuel,751.184989087,rushing_yards,Dak Prescott - Rushing Yds,,Dak Prescott,11889993,over,7.5,-114,1.87719298245614,0.5327102803738317,open,,,2026-09-07T12:15:05Z,,,,,v3-forward-measurement
7966a2c7-b9e7-47b1-9ba6-bb659ff167aa,81ccbecd-523a-4f8b-a26d-879e93f2572f,2026-09-07T12:15:05Z,FanDuel Sportsbook structured market feed,,VA,NFL,35596943,Dallas Cowboys @ New York Giants,2026-09-14T00:20:00.000Z,FanDuel,751.184989087,rushing_yards,Dak Prescott - Rushing Yds,,Dak Prescott,11889992,under,7.5,-114,1.87719298245614,0.5327102803738317,open,,,2026-09-07T12:15:05Z,,,,,v3-forward-measurement
d76bb23c-ffb5-4e49-9f1f-b90d6b0522f2,9b3b1927-2351-4758-bb7f-5ced743bb31a,2026-09-07T12:15:05Z,FanDuel Sportsbook structured market feed,,VA,NFL,35596943,Dallas Cowboys @ New York Giants,2026-09-14T00:20:00.000Z,FanDuel,751.184988868,receiving_yards,Cam Skattebo - Receiving Yds,,Cam Skattebo,88246528,over,15.5,-114,1.87719298245614,0.5327102803738317,open,,,2026-09-07T12:15:05Z,,,,,v3-forward-measurement
d76bb23c-ffb5-4e49-9f1f-b90d6b0522f2,cf9a96f9-a61a-4c0a-8fb1-63c74c0b990e,2026-09-07T12:15:05Z,FanDuel Sportsbook structured market feed,,VA,NFL,35596943,Dallas Cowboys @ New York Giants,2026-09-14T00:20:00.000Z,FanDuel,751.184988868,receiving_yards,Cam Skattebo - Receiving Yds,,Cam Skattebo,88246518,under,15.5,-114,1.87719298245614,0.5327102803738317,open,,,2026-09-07T12:15:05Z,,,,,v3-forward-measurement
d76bb23c-ffb5-4e49-9f1f-b90d6b0522f2,580e2855-f4b7-418f-a7b9-c83a985d9444,2026-09-07T12:15:05Z,FanDuel Sportsbook structured market feed,,VA,NFL,35596943,Dallas Cowboys @ New York Giants,2026-09-14T00:20:00.000Z,FanDuel,751.184987956,receptions,Jake Ferguson - Total Receptions,,Jake Ferguson,41072316,over,3.5,-102,1.980392156862745,0.504950495049505,open,,,2026-09-07T12:15:05Z,,,,,v3-forward-measurement
d76bb23c-ffb5-4e49-9f1f-b90d6b0522f2,66b99fd7-0f01-42c5-ac7f-137fd6b449ad,2026-09-07T12:15:05Z,FanDuel Sportsbook structured market feed,,VA,NFL,35596943,Dallas Cowboys @ New York Giants,2026-09-14T00:20:00.000Z,FanDuel,751.184987956,receptions,Jake Ferguson - Total Receptions,,Jake Ferguson,41072318,under,3.5,-130,1.769230769230769,0.5652173913043478,open,,,2026-09-07T12:15:05Z,,,,,v3-forward-measurement
d76bb23c-ffb5-4e49-9f1f-b90d6b0522f2,5d055b81-ef04-4657-940a-02ba05503567,2026-09-07T12:15:05Z,FanDuel Sportsbook structured market feed,,VA,NFL,35596943,Dallas Cowboys @ New York Giants,2026-09-14T00:20:00.000Z,FanDuel,751.183009497,receptions,CeeDee Lamb - Total Receptions,,CeeDee Lamb,35952241,over,6.5,116,2.16,0.46296296296296297,open,,,2026-09-07T12:15:05Z,,,,,v3-forward-measurement
d76bb23c-ffb5-4e49-9f1f-b90d6b0522f2,6484577f-3740-4908-8d89-463fd4882afb,2026-09-07T12:15:05Z,FanDuel Sportsbook structured market feed,,VA,NFL,35596943,Dallas Cowboys @ New York Giants,2026-09-14T00:20:00.000Z,FanDuel,751.183009497,receptions,CeeDee Lamb - Total Receptions,,CeeDee Lamb,35952242,under,6.5,-154,1.649350649350649,0.6062992125984252,open,,,2026-09-07T12:15:05Z,,,,,v3-forward-measurement
d76bb23c-ffb5-4e49-9f1f-b90d6b0522f2,cfc06853-76da-4682-aac2-86962838e0e7,2026-09-07T12:15:05Z,FanDuel Sportsbook structured market feed,,VA,NFL,35596943,Dallas Cowboys @ New York Giants,2026-09-14T00:20:00.000Z,FanDuel,751.183009498,receiving_yards,CeeDee Lamb - Receiving Yds,,CeeDee Lamb,35952241,over,76.5,-114,1.87719298245614,0.5327102803738317,open,,,2026-09-07T12:15:05Z,,,,,v3-forward-measurement
d76bb23c-ffb5-4e49-9f1f-b90d6b0522f2,4684d560-9fe1-42e6-8236-d556ea593da7,2026-09-07T12:15:05Z,FanDuel Sportsbook structured market feed,,VA,NFL,35596943,Dallas Cowboys @ New York Giants,2026-09-14T00:20:00.000Z,FanDuel,751.183009498,receiving_yards,CeeDee Lamb - Receiving Yds,,CeeDee Lamb,35952242,under,76.5,-114,1.87719298245614,0.5327102803738317,open,,,2026-09-07T12:15:05Z,,,,,v3-forward-measurement
d76bb23c-ffb5-4e49-9f1f-b90d6b0522f2,006983e0-b94b-4aa2-90d2-b04d51288844,2026-09-07T12:15:05Z,FanDuel Sportsbook structured market feed,,VA,NFL,35596943,Dallas Cowboys @ New York Giants,2026-09-14T00:20:00.000Z,FanDuel,751.184988881,receptions,Cam Skattebo - Total Receptions,,Cam Skattebo,88246528,over,2.5,116,2.16,0.46296296296296297,open,,,2026-09-07T12:15:05Z,,,,,v3-forward-measurement
d76bb23c-ffb5-4e49-9f1f-b90d6b0522f2,d7d123be-8d26-430a-be7b-3f46d5b26ccd,2026-09-07T12:15:05Z,FanDuel Sportsbook structured market feed,,VA,NFL,35596943,Dallas Cowboys @ New York Giants,2026-09-14T00:20:00.000Z,FanDuel,751.184988881,receptions,Cam Skattebo - Total Receptions,,Cam Skattebo,88246518,under,2.5,-154,1.649350649350649,0.6062992125984252,open,,,2026-09-07T12:15:05Z,,,,,v3-forward-measurement
d76bb23c-ffb5-4e49-9f1f-b90d6b0522f2,5fc54262-c59a-4fac-9c4e-50d59a135c87,2026-09-07T12:15:05Z,FanDuel Sportsbook structured market feed,,VA,NFL,35596943,Dallas Cowboys @ New York Giants,2026-09-14T00:20:00.000Z,FanDuel,751.184988563,receptions,Isaiah Likely - Total Receptions,,Isaiah Likely,42088270,over,3.5,116,2.16,0.46296296296296297,open,,,2026-09-07T12:15:05Z,,,,,v3-forward-measurement
d76bb23c-ffb5-4e49-9f1f-b90d6b0522f2,b8dcda2b-dc57-48d5-a8b9-0d390fa29f2d,2026-09-07T12:15:05Z,FanDuel Sportsbook structured market feed,,VA,NFL,35596943,Dallas Cowboys @ New York Giants,2026-09-14T00:20:00.000Z,FanDuel,751.184988563,receptions,Isaiah Likely - Total Receptions,,Isaiah Likely,42088269,under,3.5,-154,1.649350649350649,0.6062992125984252,open,,,2026-09-07T12:15:05Z,,,,,v3-forward-measurement
d76bb23c-ffb5-4e49-9f1f-b90d6b0522f2,20cfd704-3fef-4af2-9247-fdea686913b9,2026-09-07T12:15:05Z,FanDuel Sportsbook structured market feed,,VA,NFL,35596943,Dallas Cowboys @ New York Giants,2026-09-14T00:20:00.000Z,FanDuel,751.184987950,receiving_yards,Jake Ferguson - Receiving Yds,,Jake Ferguson,41072316,over,30.5,-114,1.87719298245614,0.5327102803738317,open,,,2026-09-07T12:15:05Z,,,,,v3-forward-measurement
d76bb23c-ffb5-4e49-9f1f-b90d6b0522f2,237cc0b2-c287-4318-8294-d42c13686723,2026-09-07T12:15:05Z,FanDuel Sportsbook structured market feed,,VA,NFL,35596943,Dallas Cowboys @ New York Giants,2026-09-14T00:20:00.000Z,FanDuel,751.184987950,receiving_yards,Jake Ferguson - Receiving Yds,,Jake Ferguson,41072318,under,30.5,-114,1.87719298245614,0.5327102803738317,open,,,2026-09-07T12:15:05Z,,,,,v3-forward-measurement
d76bb23c-ffb5-4e49-9f1f-b90d6b0522f2,12e17b29-b552-4542-8cbd-483d583f88a8,2026-09-07T12:15:05Z,FanDuel Sportsbook structured market feed,,VA,NFL,35596943,Dallas Cowboys @ New York Giants,2026-09-14T00:20:00.000Z,FanDuel,751.183012162,receptions,George Pickens - Total Receptions,,George Pickens,42217164,over,5.5,124,2.24,0.44642857142857145,open,,,2026-09-07T12:15:05Z,,,,,v3-forward-measurement
d76bb23c-ffb5-4e49-9f1f-b90d6b0522f2,7fa1ef2d-dcb8-4d25-8ee7-2ab66f7df83e,2026-09-07T12:15:05Z,FanDuel Sportsbook structured market feed,,VA,NFL,35596943,Dallas Cowboys @ New York Giants,2026-09-14T00:20:00.000Z,FanDuel,751.183012162,receptions,George Pickens - Total Receptions,,George Pickens,42217165,under,5.5,-166,1.602409638554217,0.6240601503759399,open,,,2026-09-07T12:15:05Z,,,,,v3-forward-measurement
d76bb23c-ffb5-4e49-9f1f-b90d6b0522f2,2a92ca0d-3741-45ab-867e-b548e917b035,2026-09-07T12:15:05Z,FanDuel Sportsbook structured market feed,,VA,NFL,35596943,Dallas Cowboys @ New York Giants,2026-09-14T00:20:00.000Z,FanDuel,751.183012163,receiving_yards,George Pickens - Receiving Yds,,George Pickens,42217164,over,69.5,-114,1.87719298245614,0.5327102803738317,open,,,2026-09-07T12:15:05Z,,,,,v3-forward-measurement
d76bb23c-ffb5-4e49-9f1f-b90d6b0522f2,9a8497c7-fec3-4116-8b0d-beb97d1f8035,2026-09-07T12:15:05Z,FanDuel Sportsbook structured market feed,,VA,NFL,35596943,Dallas Cowboys @ New York Giants,2026-09-14T00:20:00.000Z,FanDuel,751.183012163,receiving_yards,George Pickens - Receiving Yds,,George Pickens,42217165,under,69.5,-114,1.87719298245614,0.5327102803738317,open,,,2026-09-07T12:15:05Z,,,,,v3-forward-measurement
d76bb23c-ffb5-4e49-9f1f-b90d6b0522f2,59f1ea46-ed67-4ead-b385-d7a85cc54f01,2026-09-07T12:15:05Z,FanDuel Sportsbook structured market feed,,VA,NFL,35596943,Dallas Cowboys @ New York Giants,2026-09-14T00:20:00.000Z,FanDuel,751.183013304,receiving_yards,Malik Nabers - Receiving Yds,,Malik Nabers,42258641,over,60.5,-114,1.87719298245614,0.5327102803738317,open,,,2026-09-07T12:15:05Z,,,,,v3-forward-measurement
d76bb23c-ffb5-4e49-9f1f-b90d6b0522f2,76478af3-68ba-4325-a962-00b23b7ce1b3,2026-09-07T12:15:05Z,FanDuel Sportsbook structured market feed,,VA,NFL,35596943,Dallas Cowboys @ New York Giants,2026-09-14T00:20:00.000Z,FanDuel,751.183013304,receiving_yards,Malik Nabers - Receiving Yds,,Malik Nabers,42258643,under,60.5,-114,1.87719298245614,0.5327102803738317,open,,,2026-09-07T12:15:05Z,,,,,v3-forward-measurement
d76bb23c-ffb5-4e49-9f1f-b90d6b0522f2,ed6d4c23-c9b4-4481-935b-d2c8e6e49fec,2026-09-07T12:15:05Z,FanDuel Sportsbook structured market feed,,VA,NFL,35596943,Dallas Cowboys @ New York Giants,2026-09-14T00:20:00.000Z,FanDuel,751.183013303,receptions,Malik Nabers - Total Receptions,,Malik Nabers,42258641,over,5.5,116,2.16,0.46296296296296297,open,,,2026-09-07T12:15:05Z,,,,,v3-forward-measurement
d76bb23c-ffb5-4e49-9f1f-b90d6b0522f2,6806a256-feb6-44cd-af9b-fa016769cd11,2026-09-07T12:15:05Z,FanDuel Sportsbook structured market feed,,VA,NFL,35596943,Dallas Cowboys @ New York Giants,2026-09-14T00:20:00.000Z,FanDuel,751.183013303,receptions,Malik Nabers - Total Receptions,,Malik Nabers,42258643,under,5.5,-154,1.649350649350649,0.6062992125984252,open,,,2026-09-07T12:15:05Z,,,,,v3-forward-measurement
d76bb23c-ffb5-4e49-9f1f-b90d6b0522f2,f147ca62-cd73-4df4-ab93-296d51df29f2,2026-09-07T12:15:05Z,FanDuel Sportsbook structured market feed,,VA,NFL,35596943,Dallas Cowboys @ New York Giants,2026-09-14T00:20:00.000Z,FanDuel,751.184988559,receiving_yards,Isaiah Likely - Receiving Yds,,Isaiah Likely,42088270,over,34.5,-114,1.87719298245614,0.5327102803738317,open,,,2026-09-07T12:15:05Z,,,,,v3-forward-measurement
d76bb23c-ffb5-4e49-9f1f-b90d6b0522f2,9bf762d6-0759-4f46-9d65-479255e93d14,2026-09-07T12:15:05Z,FanDuel Sportsbook structured market feed,,VA,NFL,35596943,Dallas Cowboys @ New York Giants,2026-09-14T00:20:00.000Z,FanDuel,751.184988559,receiving_yards,Isaiah Likely - Receiving Yds,,Isaiah Likely,42088269,under,34.5,-114,1.87719298245614,0.5327102803738317,open,,,2026-09-07T12:15:05Z,,,,,v3-forward-measurement
d76bb23c-ffb5-4e49-9f1f-b90d6b0522f2,35b6f726-4672-462a-891b-fdac39672b63,2026-09-07T12:15:05Z,FanDuel Sportsbook structured market feed,,VA,NFL,35596943,Dallas Cowboys @ New York Giants,2026-09-14T00:20:00.000Z,FanDuel,751.184988177,receiving_yards,Javonte Williams - Receiving Yds,,Javonte Williams,40891106,over,9.5,-114,1.87719298245614,0.5327102803738317,open,,,2026-09-07T12:15:05Z,,,,,v3-forward-measurement
d76bb23c-ffb5-4e49-9f1f-b90d6b0522f2,0944b4b8-cf1b-44f4-8741-0b8422892cf2,2026-09-07T12:15:05Z,FanDuel Sportsbook structured market feed,,VA,NFL,35596943,Dallas Cowboys @ New York Giants,2026-09-14T00:20:00.000Z,FanDuel,751.184988177,receiving_yards,Javonte Williams - Receiving Yds,,Javonte Williams,40891107,under,9.5,-114,1.87719298245614,0.5327102803738317,open,,,2026-09-07T12:15:05Z,,,,,v3-forward-measurement
d76bb23c-ffb5-4e49-9f1f-b90d6b0522f2,12a92979-73f9-4a8a-8725-a6cc56d5c3fc,2026-09-07T12:15:05Z,FanDuel Sportsbook structured market feed,,VA,NFL,35596943,Dallas Cowboys @ New York Giants,2026-09-14T00:20:00.000Z,FanDuel,751.184988179,receptions,Javonte Williams - Total Receptions,,Javonte Williams,40891106,over,2.5,154,2.54,0.3937007874015748,open,,,2026-09-07T12:15:05Z,,,,,v3-forward-measurement
d76bb23c-ffb5-4e49-9f1f-b90d6b0522f2,a0594ea2-1746-4179-ad99-b107b9769aa6,2026-09-07T12:15:05Z,FanDuel Sportsbook structured market feed,,VA,NFL,35596943,Dallas Cowboys @ New York Giants,2026-09-14T00:20:00.000Z,FanDuel,751.184988179,receptions,Javonte Williams - Total Receptions,,Javonte Williams,40891107,under,2.5,-210,1.476190476190476,0.6774193548387096,open,,,2026-09-07T12:15:05Z,,,,,v3-forward-measurement
d76bb23c-ffb5-4e49-9f1f-b90d6b0522f2,ffad257f-d818-4b83-b64e-548472419127,2026-09-07T12:15:05Z,FanDuel Sportsbook structured market feed,,VA,NFL,35596943,Dallas Cowboys @ New York Giants,2026-09-14T00:20:00.000Z,FanDuel,751.184820301,receiving_yards,Odell Beckham Jr. - Receiving Yds,,Odell Beckham Jr.,25909418,over,7.5,-114,1.87719298245614,0.5327102803738317,open,,,2026-09-07T12:15:05Z,,,,,v3-forward-measurement
d76bb23c-ffb5-4e49-9f1f-b90d6b0522f2,9ba8c077-c7a1-47b9-98c6-0cbd335450f2,2026-09-07T12:15:05Z,FanDuel Sportsbook structured market feed,,VA,NFL,35596943,Dallas Cowboys @ New York Giants,2026-09-14T00:20:00.000Z,FanDuel,751.184820301,receiving_yards,Odell Beckham Jr. - Receiving Yds,,Odell Beckham Jr.,25909419,under,7.5,-114,1.87719298245614,0.5327102803738317,open,,,2026-09-07T12:15:05Z,,,,,v3-forward-measurement
6278d3da-abbf-4395-a8d5-3c204bd77ed3,48d6a4dc-26b1-4f81-bcf0-e5b45a883616,2026-09-07T12:15:05Z,FanDuel Sportsbook structured market feed,,VA,NFL,35596960,San Francisco 49ers @ Los Angeles Rams,2026-09-11T00:35:00.000Z,FanDuel,751.182142326,passing_touchdowns,Brock Purdy - Passing TDs,,Brock Purdy,41074310,over,1.5,-106,1.943396226415094,0.5145631067961165,open,,,2026-09-07T12:15:05Z,,,,,v3-forward-measurement
6278d3da-abbf-4395-a8d5-3c204bd77ed3,013286b4-3ea3-405c-950c-0d339dcbb145,2026-09-07T12:15:05Z,FanDuel Sportsbook structured market feed,,VA,NFL,35596960,San Francisco 49ers @ Los Angeles Rams,2026-09-11T00:35:00.000Z,FanDuel,751.182142326,passing_touchdowns,Brock Purdy - Passing TDs,,Brock Purdy,41074309,under,1.5,-125,1.8,0.5555555555555556,open,,,2026-09-07T12:15:05Z,,,,,v3-forward-measurement
6278d3da-abbf-4395-a8d5-3c204bd77ed3,98e6ca01-76db-41e7-8d46-2ce21ad962f0,2026-09-07T12:15:05Z,FanDuel Sportsbook structured market feed,,VA,NFL,35596960,San Francisco 49ers @ Los Angeles Rams,2026-09-11T00:35:00.000Z,FanDuel,751.182142327,passing_yards,Matthew Stafford - Passing Yds,,Matthew Stafford,11889883,over,265.5,-114,1.87719298245614,0.5327102803738317,open,,,2026-09-07T12:15:05Z,,,,,v3-forward-measurement
6278d3da-abbf-4395-a8d5-3c204bd77ed3,5af1a640-68c1-43d1-ba11-251a4554aebc,2026-09-07T12:15:05Z,FanDuel Sportsbook structured market feed,,VA,NFL,35596960,San Francisco 49ers @ Los Angeles Rams,2026-09-11T00:35:00.000Z,FanDuel,751.182142327,passing_yards,Matthew Stafford - Passing Yds,,Matthew Stafford,11889882,under,265.5,-114,1.87719298245614,0.5327102803738317,open,,,2026-09-07T12:15:05Z,,,,,v3-forward-measurement
6278d3da-abbf-4395-a8d5-3c204bd77ed3,73fc8187-4c04-4ad5-92ed-d3501d8dbc60,2026-09-07T12:15:05Z,FanDuel Sportsbook structured market feed,,VA,NFL,35596960,San Francisco 49ers @ Los Angeles Rams,2026-09-11T00:35:00.000Z,FanDuel,751.182142297,passing_yards,Brock Purdy - Passing Yds,,Brock Purdy,41074310,over,245.5,-114,1.87719298245614,0.5327102803738317,open,,,2026-09-07T12:15:05Z,,,,,v3-forward-measurement
6278d3da-abbf-4395-a8d5-3c204bd77ed3,abf61a74-86f2-487d-8a2c-4783886ec647,2026-09-07T12:15:05Z,FanDuel Sportsbook structured market feed,,VA,NFL,35596960,San Francisco 49ers @ Los Angeles Rams,2026-09-11T00:35:00.000Z,FanDuel,751.182142297,passing_yards,Brock Purdy - Passing Yds,,Brock Purdy,41074309,under,245.5,-114,1.87719298245614,0.5327102803738317,open,,,2026-09-07T12:15:05Z,,,,,v3-forward-measurement
6278d3da-abbf-4395-a8d5-3c204bd77ed3,2df9f921-4f35-46c4-bed2-adbfe2f4c647,2026-09-07T12:15:05Z,FanDuel Sportsbook structured market feed,,VA,NFL,35596960,San Francisco 49ers @ Los Angeles Rams,2026-09-11T00:35:00.000Z,FanDuel,751.182142225,passing_touchdowns,Matthew Stafford - Passing TDs,,Matthew Stafford,11889883,over,1.5,-140,1.714285714285714,0.5833333333333334,open,,,2026-09-07T12:15:05Z,,,,,v3-forward-measurement
6278d3da-abbf-4395-a8d5-3c204bd77ed3,936e8f2f-0ddf-4822-a0e7-9b9bc6c1fd4a,2026-09-07T12:15:05Z,FanDuel Sportsbook structured market feed,,VA,NFL,35596960,San Francisco 49ers @ Los Angeles Rams,2026-09-11T00:35:00.000Z,FanDuel,751.182142225,passing_touchdowns,Matthew Stafford - Passing TDs,,Matthew Stafford,11889882,under,1.5,106,2.06,0.4854368932038835,open,,,2026-09-07T12:15:05Z,,,,,v3-forward-measurement
eabaabd7-2cf1-428e-afd7-91b6a88975db,9473dea3-1fb4-4681-b78a-632d9bb83584,2026-09-07T12:15:05Z,FanDuel Sportsbook structured market feed,,VA,NFL,35596960,San Francisco 49ers @ Los Angeles Rams,2026-09-11T00:35:00.000Z,FanDuel,751.182146210,rushing_yards,Brock Purdy - Rushing Yds,,Brock Purdy,41074310,over,17.5,-114,1.87719298245614,0.5327102803738317,open,,,2026-09-07T12:15:05Z,,,,,v3-forward-measurement
eabaabd7-2cf1-428e-afd7-91b6a88975db,d11ec528-8d5f-4adb-a1db-6954c30a271a,2026-09-07T12:15:05Z,FanDuel Sportsbook structured market feed,,VA,NFL,35596960,San Francisco 49ers @ Los Angeles Rams,2026-09-11T00:35:00.000Z,FanDuel,751.182146210,rushing_yards,Brock Purdy - Rushing Yds,,Brock Purdy,41074309,under,17.5,-114,1.87719298245614,0.5327102803738317,open,,,2026-09-07T12:15:05Z,,,,,v3-forward-measurement
eabaabd7-2cf1-428e-afd7-91b6a88975db,8db98f68-45c7-4341-91c0-ba7b68b6524b,2026-09-07T12:15:05Z,FanDuel Sportsbook structured market feed,,VA,NFL,35596960,San Francisco 49ers @ Los Angeles Rams,2026-09-11T00:35:00.000Z,FanDuel,751.184968313,rushing_yards,Matthew Stafford - Rushing Yds,,Matthew Stafford,11889883,over,0.5,126,2.26,0.4424778761061947,open,,,2026-09-07T12:15:05Z,,,,,v3-forward-measurement
eabaabd7-2cf1-428e-afd7-91b6a88975db,41fee7ca-3412-468a-bfd8-53fc128d6ca4,2026-09-07T12:15:05Z,FanDuel Sportsbook structured market feed,,VA,NFL,35596960,San Francisco 49ers @ Los Angeles Rams,2026-09-11T00:35:00.000Z,FanDuel,751.184968313,rushing_yards,Matthew Stafford - Rushing Yds,,Matthew Stafford,11889882,under,0.5,-165,1.606060606060606,0.6226415094339622,open,,,2026-09-07T12:15:05Z,,,,,v3-forward-measurement
eabaabd7-2cf1-428e-afd7-91b6a88975db,876b7c68-aa8a-4522-a755-26f64aa16fa2,2026-09-07T12:15:05Z,FanDuel Sportsbook structured market feed,,VA,NFL,35596960,San Francisco 49ers @ Los Angeles Rams,2026-09-11T00:35:00.000Z,FanDuel,751.182144553,rushing_yards,Blake Corum - Rushing Yds,,Blake Corum,41072425,over,37.5,-114,1.87719298245614,0.5327102803738317,open,,,2026-09-07T12:15:05Z,,,,,v3-forward-measurement
eabaabd7-2cf1-428e-afd7-91b6a88975db,ebd19255-5e07-4f66-a1c5-03369b5579ad,2026-09-07T12:15:05Z,FanDuel Sportsbook structured market feed,,VA,NFL,35596960,San Francisco 49ers @ Los Angeles Rams,2026-09-11T00:35:00.000Z,FanDuel,751.182144553,rushing_yards,Blake Corum - Rushing Yds,,Blake Corum,41072423,under,37.5,-114,1.87719298245614,0.5327102803738317,open,,,2026-09-07T12:15:05Z,,,,,v3-forward-measurement
eabaabd7-2cf1-428e-afd7-91b6a88975db,0ffe10b5-2f58-461d-b2e0-7d88bb3e0178,2026-09-07T12:15:05Z,FanDuel Sportsbook structured market feed,,VA,NFL,35596960,San Francisco 49ers @ Los Angeles Rams,2026-09-11T00:35:00.000Z,FanDuel,751.182144124,rushing_yards,Christian McCaffrey - Rushing Yds,,Christian McCaffrey,14807737,over,59.5,-114,1.87719298245614,0.5327102803738317,open,,,2026-09-07T12:15:05Z,,,,,v3-forward-measurement
eabaabd7-2cf1-428e-afd7-91b6a88975db,17a22de5-742b-463e-8b56-4cbf7f092287,2026-09-07T12:15:05Z,FanDuel Sportsbook structured market feed,,VA,NFL,35596960,San Francisco 49ers @ Los Angeles Rams,2026-09-11T00:35:00.000Z,FanDuel,751.182144124,rushing_yards,Christian McCaffrey - Rushing Yds,,Christian McCaffrey,14807736,under,59.5,-114,1.87719298245614,0.5327102803738317,open,,,2026-09-07T12:15:05Z,,,,,v3-forward-measurement
eabaabd7-2cf1-428e-afd7-91b6a88975db,f5bf9d6d-e464-479b-8a28-37a0024c17bf,2026-09-07T12:15:05Z,FanDuel Sportsbook structured market feed,,VA,NFL,35596960,San Francisco 49ers @ Los Angeles Rams,2026-09-11T00:35:00.000Z,FanDuel,751.182144353,rushing_yards,Kyren Williams - Rushing Yds,,Kyren Williams,37541915,over,56.5,-114,1.87719298245614,0.5327102803738317,open,,,2026-09-07T12:15:05Z,,,,,v3-forward-measurement
eabaabd7-2cf1-428e-afd7-91b6a88975db,d1500a25-4a05-4cb1-8dc5-5d919dfe93e4,2026-09-07T12:15:05Z,FanDuel Sportsbook structured market feed,,VA,NFL,35596960,San Francisco 49ers @ Los Angeles Rams,2026-09-11T00:35:00.000Z,FanDuel,751.182144353,rushing_yards,Kyren Williams - Rushing Yds,,Kyren Williams,37541914,under,56.5,-114,1.87719298245614,0.5327102803738317,open,,,2026-09-07T12:15:05Z,,,,,v3-forward-measurement
f0fe9a3b-572c-4272-8327-53b9c0cbc77e,f433f50f-8c95-4528-aee4-3ac0ecec3adf,2026-09-07T12:15:05Z,FanDuel Sportsbook structured market feed,,VA,NFL,35596960,San Francisco 49ers @ Los Angeles Rams,2026-09-11T00:35:00.000Z,FanDuel,751.182144092,receptions,Christian McCaffrey - Total Receptions,,Christian McCaffrey,14807737,over,4.5,-102,1.980392156862745,0.504950495049505,open,,,2026-09-07T12:15:05Z,,,,,v3-forward-measurement
f0fe9a3b-572c-4272-8327-53b9c0cbc77e,8191ba75-9785-48e2-8d44-98893754007d,2026-09-07T12:15:05Z,FanDuel Sportsbook structured market feed,,VA,NFL,35596960,San Francisco 49ers @ Los Angeles Rams,2026-09-11T00:35:00.000Z,FanDuel,751.182144092,receptions,Christian McCaffrey - Total Receptions,,Christian McCaffrey,14807736,under,4.5,-130,1.769230769230769,0.5652173913043478,open,,,2026-09-07T12:15:05Z,,,,,v3-forward-measurement
f0fe9a3b-572c-4272-8327-53b9c0cbc77e,1db019f8-4e97-40eb-a2bc-bd996dcc6634,2026-09-07T12:15:05Z,FanDuel Sportsbook structured market feed,,VA,NFL,35596960,San Francisco 49ers @ Los Angeles Rams,2026-09-11T00:35:00.000Z,FanDuel,751.182144099,receiving_yards,Christian McCaffrey - Receiving Yds,,Christian McCaffrey,14807737,over,38.5,-114,1.87719298245614,0.5327102803738317,open,,,2026-09-07T12:15:05Z,,,,,v3-forward-measurement
f0fe9a3b-572c-4272-8327-53b9c0cbc77e,b4de5fa1-8bb1-44ae-b467-6e4c97647384,2026-09-07T12:15:05Z,FanDuel Sportsbook structured market feed,,VA,NFL,35596960,San Francisco 49ers @ Los Angeles Rams,2026-09-11T00:35:00.000Z,FanDuel,751.182144099,receiving_yards,Christian McCaffrey - Receiving Yds,,Christian McCaffrey,14807736,under,38.5,-114,1.87719298245614,0.5327102803738317,open,,,2026-09-07T12:15:05Z,,,,,v3-forward-measurement
f0fe9a3b-572c-4272-8327-53b9c0cbc77e,056abddd-d0db-42bc-8804-d43b18b18520,2026-09-07T12:15:05Z,FanDuel Sportsbook structured market feed,,VA,NFL,35596960,San Francisco 49ers @ Los Angeles Rams,2026-09-11T00:35:00.000Z,FanDuel,751.182145106,receptions,Mike Evans - Total Receptions,,Mike Evans,11802513,over,3.5,-130,1.769230769230769,0.5652173913043478,open,,,2026-09-07T12:15:05Z,,,,,v3-forward-measurement
f0fe9a3b-572c-4272-8327-53b9c0cbc77e,1180b17d-1894-4f5b-8915-5d048ce0a461,2026-09-07T12:15:05Z,FanDuel Sportsbook structured market feed,,VA,NFL,35596960,San Francisco 49ers @ Los Angeles Rams,2026-09-11T00:35:00.000Z,FanDuel,751.182145106,receptions,Mike Evans - Total Receptions,,Mike Evans,11802512,under,3.5,-102,1.980392156862745,0.504950495049505,open,,,2026-09-07T12:15:05Z,,,,,v3-forward-measurement
f0fe9a3b-572c-4272-8327-53b9c0cbc77e,40a63261-b42a-4236-8519-961833293572,2026-09-07T12:15:05Z,FanDuel Sportsbook structured market feed,,VA,NFL,35596960,San Francisco 49ers @ Los Angeles Rams,2026-09-11T00:35:00.000Z,FanDuel,751.182145105,receiving_yards,Mike Evans - Receiving Yds,,Mike Evans,11802513,over,49.5,-114,1.87719298245614,0.5327102803738317,open,,,2026-09-07T12:15:05Z,,,,,v3-forward-measurement
f0fe9a3b-572c-4272-8327-53b9c0cbc77e,566ebee8-f006-4690-8a26-adce21b1a4c4,2026-09-07T12:15:05Z,FanDuel Sportsbook structured market feed,,VA,NFL,35596960,San Francisco 49ers @ Los Angeles Rams,2026-09-11T00:35:00.000Z,FanDuel,751.182145105,receiving_yards,Mike Evans - Receiving Yds,,Mike Evans,11802512,under,49.5,-114,1.87719298245614,0.5327102803738317,open,,,2026-09-07T12:15:05Z,,,,,v3-forward-measurement
f0fe9a3b-572c-4272-8327-53b9c0cbc77e,fdccbc7a-1480-42c5-a136-f054e1a6ff5a,2026-09-07T12:15:05Z,FanDuel Sportsbook structured market feed,,VA,NFL,35596960,San Francisco 49ers @ Los Angeles Rams,2026-09-11T00:35:00.000Z,FanDuel,751.184124136,receiving_yards,Kyren Williams - Receiving Yds,,Kyren Williams,37541915,over,10.5,-114,1.87719298245614,0.5327102803738317,open,,,2026-09-07T12:15:05Z,,,,,v3-forward-measurement
f0fe9a3b-572c-4272-8327-53b9c0cbc77e,1b2443e7-b8ad-4df4-9856-72c32673a4c4,2026-09-07T12:15:05Z,FanDuel Sportsbook structured market feed,,VA,NFL,35596960,San Francisco 49ers @ Los Angeles Rams,2026-09-11T00:35:00.000Z,FanDuel,751.184124136,receiving_yards,Kyren Williams - Receiving Yds,,Kyren Williams,37541914,under,10.5,-114,1.87719298245614,0.5327102803738317,open,,,2026-09-07T12:15:05Z,,,,,v3-forward-measurement
f0fe9a3b-572c-4272-8327-53b9c0cbc77e,7b2f6773-337a-4179-8f36-7b42e6546bc7,2026-09-07T12:15:05Z,FanDuel Sportsbook structured market feed,,VA,NFL,35596960,San Francisco 49ers @ Los Angeles Rams,2026-09-11T00:35:00.000Z,FanDuel,751.184805561,receptions,Tyler Higbee - Total Receptions,,Tyler Higbee,22382019,over,1.5,-114,1.87719298245614,0.5327102803738317,open,,,2026-09-07T12:15:05Z,,,,,v3-forward-measurement
f0fe9a3b-572c-4272-8327-53b9c0cbc77e,3cf6a7f2-cd6d-4bd7-913b-5e54fd28220d,2026-09-07T12:15:05Z,FanDuel Sportsbook structured market feed,,VA,NFL,35596960,San Francisco 49ers @ Los Angeles Rams,2026-09-11T00:35:00.000Z,FanDuel,751.184805561,receptions,Tyler Higbee - Total Receptions,,Tyler Higbee,22382020,under,1.5,-114,1.87719298245614,0.5327102803738317,open,,,2026-09-07T12:15:05Z,,,,,v3-forward-measurement
f0fe9a3b-572c-4272-8327-53b9c0cbc77e,9573302f-49ab-4658-86cb-b67b1d876a7e,2026-09-07T12:15:05Z,FanDuel Sportsbook structured market feed,,VA,NFL,35596960,San Francisco 49ers @ Los Angeles Rams,2026-09-11T00:35:00.000Z,FanDuel,751.184124131,receptions,Kyren Williams - Total Receptions,,Kyren Williams,37541915,over,1.5,-148,1.675675675675676,0.5967741935483871,open,,,2026-09-07T12:15:05Z,,,,,v3-forward-measurement
f0fe9a3b-572c-4272-8327-53b9c0cbc77e,077ef43a-5a11-4860-a9cd-9880f57556c2,2026-09-07T12:15:05Z,FanDuel Sportsbook structured market feed,,VA,NFL,35596960,San Francisco 49ers @ Los Angeles Rams,2026-09-11T00:35:00.000Z,FanDuel,751.184124131,receptions,Kyren Williams - Total Receptions,,Kyren Williams,37541914,under,1.5,112,2.12,0.4716981132075472,open,,,2026-09-07T12:15:05Z,,,,,v3-forward-measurement
f0fe9a3b-572c-4272-8327-53b9c0cbc77e,241c3692-ce70-413e-a096-c451df1bb67d,2026-09-07T12:15:05Z,FanDuel Sportsbook structured market feed,,VA,NFL,35596960,San Francisco 49ers @ Los Angeles Rams,2026-09-11T00:35:00.000Z,FanDuel,751.184805565,receiving_yards,Tyler Higbee - Receiving Yds,,Tyler Higbee,22382019,over,13.5,-114,1.87719298245614,0.5327102803738317,open,,,2026-09-07T12:15:05Z,,,,,v3-forward-measurement
f0fe9a3b-572c-4272-8327-53b9c0cbc77e,6e0dffa2-9991-4229-82e6-ab06a06ab105,2026-09-07T12:15:05Z,FanDuel Sportsbook structured market feed,,VA,NFL,35596960,San Francisco 49ers @ Los Angeles Rams,2026-09-11T00:35:00.000Z,FanDuel,751.184805565,receiving_yards,Tyler Higbee - Receiving Yds,,Tyler Higbee,22382020,under,13.5,-114,1.87719298245614,0.5327102803738317,open,,,2026-09-07T12:15:05Z,,,,,v3-forward-measurement
f0fe9a3b-572c-4272-8327-53b9c0cbc77e,79706203-c31a-439e-864a-e7c3a759d3c0,2026-09-07T12:15:05Z,FanDuel Sportsbook structured market feed,,VA,NFL,35596960,San Francisco 49ers @ Los Angeles Rams,2026-09-11T00:35:00.000Z,FanDuel,751.182144865,receptions,Puka Nacua - Total Receptions,,Puka Nacua,41887349,over,7.5,116,2.16,0.46296296296296297,open,,,2026-09-07T12:15:05Z,,,,,v3-forward-measurement
f0fe9a3b-572c-4272-8327-53b9c0cbc77e,77384bca-387b-4c86-a4b1-73b1acfcc481,2026-09-07T12:15:05Z,FanDuel Sportsbook structured market feed,,VA,NFL,35596960,San Francisco 49ers @ Los Angeles Rams,2026-09-11T00:35:00.000Z,FanDuel,751.182144865,receptions,Puka Nacua - Total Receptions,,Puka Nacua,41887350,under,7.5,-154,1.649350649350649,0.6062992125984252,open,,,2026-09-07T12:15:05Z,,,,,v3-forward-measurement
f0fe9a3b-572c-4272-8327-53b9c0cbc77e,f2375089-204c-4058-bbc6-b58834b8e770,2026-09-07T12:15:05Z,FanDuel Sportsbook structured market feed,,VA,NFL,35596960,San Francisco 49ers @ Los Angeles Rams,2026-09-11T00:35:00.000Z,FanDuel,751.182144863,receiving_yards,Puka Nacua - Receiving Yds,,Puka Nacua,41887349,over,90.5,-114,1.87719298245614,0.5327102803738317,open,,,2026-09-07T12:15:05Z,,,,,v3-forward-measurement
f0fe9a3b-572c-4272-8327-53b9c0cbc77e,10ff252e-ecac-4133-9e8c-bd5837eeb10a,2026-09-07T12:15:05Z,FanDuel Sportsbook structured market feed,,VA,NFL,35596960,San Francisco 49ers @ Los Angeles Rams,2026-09-11T00:35:00.000Z,FanDuel,751.182144863,receiving_yards,Puka Nacua - Receiving Yds,,Puka Nacua,41887350,under,90.5,-114,1.87719298245614,0.5327102803738317,open,,,2026-09-07T12:15:05Z,,,,,v3-forward-measurement
f0fe9a3b-572c-4272-8327-53b9c0cbc77e,e999a3a0-3644-4df5-8e76-b93146ea4638,2026-09-07T12:15:05Z,FanDuel Sportsbook structured market feed,,VA,NFL,35596960,San Francisco 49ers @ Los Angeles Rams,2026-09-11T00:35:00.000Z,FanDuel,751.182145479,receptions,De'Zhaun Stribling - Total Receptions,,De'Zhaun Stribling,48301806,over,3.5,134,2.34,0.42735042735042733,open,,,2026-09-07T12:15:05Z,,,,,v3-forward-measurement
f0fe9a3b-572c-4272-8327-53b9c0cbc77e,8c68a8c9-509a-4f51-ac0e-6835aff9b3e7,2026-09-07T12:15:05Z,FanDuel Sportsbook structured market feed,,VA,NFL,35596960,San Francisco 49ers @ Los Angeles Rams,2026-09-11T00:35:00.000Z,FanDuel,751.182145479,receptions,De'Zhaun Stribling - Total Receptions,,De'Zhaun Stribling,48301805,under,3.5,-180,1.555555555555556,0.6428571428571429,open,,,2026-09-07T12:15:05Z,,,,,v3-forward-measurement
f0fe9a3b-572c-4272-8327-53b9c0cbc77e,bf575786-683c-4b12-a655-03434a5b873c,2026-09-07T12:15:05Z,FanDuel Sportsbook structured market feed,,VA,NFL,35596960,San Francisco 49ers @ Los Angeles Rams,2026-09-11T00:35:00.000Z,FanDuel,751.184122867,receiving_yards,Davante Adams - Receiving Yds,,Davante Adams,11925821,over,51.5,-114,1.87719298245614,0.5327102803738317,open,,,2026-09-07T12:15:05Z,,,,,v3-forward-measurement
f0fe9a3b-572c-4272-8327-53b9c0cbc77e,3e7e9dbb-c2ae-4045-b865-f9720fc28e7a,2026-09-07T12:15:05Z,FanDuel Sportsbook structured market feed,,VA,NFL,35596960,San Francisco 49ers @ Los Angeles Rams,2026-09-11T00:35:00.000Z,FanDuel,751.184122867,receiving_yards,Davante Adams - Receiving Yds,,Davante Adams,11925820,under,51.5,-114,1.87719298245614,0.5327102803738317,open,,,2026-09-07T12:15:05Z,,,,,v3-forward-measurement
f0fe9a3b-572c-4272-8327-53b9c0cbc77e,8474b517-ec16-4022-9a85-9ea8f2fad785,2026-09-07T12:15:05Z,FanDuel Sportsbook structured market feed,,VA,NFL,35596960,San Francisco 49ers @ Los Angeles Rams,2026-09-11T00:35:00.000Z,FanDuel,751.184122869,receptions,Davante Adams - Total Receptions,,Davante Adams,11925821,over,4.5,-102,1.980392156862745,0.504950495049505,open,,,2026-09-07T12:15:05Z,,,,,v3-forward-measurement
f0fe9a3b-572c-4272-8327-53b9c0cbc77e,331b7e54-05e7-4bca-bbe5-b343c3db87b4,2026-09-07T12:15:05Z,FanDuel Sportsbook structured market feed,,VA,NFL,35596960,San Francisco 49ers @ Los Angeles Rams,2026-09-11T00:35:00.000Z,FanDuel,751.184122869,receptions,Davante Adams - Total Receptions,,Davante Adams,11925820,under,4.5,-130,1.769230769230769,0.5652173913043478,open,,,2026-09-07T12:15:05Z,,,,,v3-forward-measurement
f0fe9a3b-572c-4272-8327-53b9c0cbc77e,c2a3bc97-0027-4053-87bf-bb2fbde71204,2026-09-07T12:15:05Z,FanDuel Sportsbook structured market feed,,VA,NFL,35596960,San Francisco 49ers @ Los Angeles Rams,2026-09-11T00:35:00.000Z,FanDuel,751.184668934,receptions,George Kittle - Total Receptions,,George Kittle,20656770,over,3.5,-148,1.675675675675676,0.5967741935483871,open,,,2026-09-07T12:15:05Z,,,,,v3-forward-measurement
f0fe9a3b-572c-4272-8327-53b9c0cbc77e,4901d3c2-6d61-40da-9ff2-d0c0db7e6286,2026-09-07T12:15:05Z,FanDuel Sportsbook structured market feed,,VA,NFL,35596960,San Francisco 49ers @ Los Angeles Rams,2026-09-11T00:35:00.000Z,FanDuel,751.184668934,receptions,George Kittle - Total Receptions,,George Kittle,20656771,under,3.5,112,2.12,0.4716981132075472,open,,,2026-09-07T12:15:05Z,,,,,v3-forward-measurement
f0fe9a3b-572c-4272-8327-53b9c0cbc77e,8e483112-f3d9-49f4-8514-1cce8098b222,2026-09-07T12:15:05Z,FanDuel Sportsbook structured market feed,,VA,NFL,35596960,San Francisco 49ers @ Los Angeles Rams,2026-09-11T00:35:00.000Z,FanDuel,751.184123397,receptions,Colby Parkinson - Total Receptions,,Colby Parkinson,41197145,over,2.5,116,2.16,0.46296296296296297,open,,,2026-09-07T12:15:05Z,,,,,v3-forward-measurement
f0fe9a3b-572c-4272-8327-53b9c0cbc77e,caa53bdf-0605-45aa-94e9-3abc8a4c4fa9,2026-09-07T12:15:05Z,FanDuel Sportsbook structured market feed,,VA,NFL,35596960,San Francisco 49ers @ Los Angeles Rams,2026-09-11T00:35:00.000Z,FanDuel,751.184123397,receptions,Colby Parkinson - Total Receptions,,Colby Parkinson,41197146,under,2.5,-154,1.649350649350649,0.6062992125984252,open,,,2026-09-07T12:15:05Z,,,,,v3-forward-measurement
f0fe9a3b-572c-4272-8327-53b9c0cbc77e,e9d4b63f-8c1e-468e-876e-1723c4ab0312,2026-09-07T12:15:05Z,FanDuel Sportsbook structured market feed,,VA,NFL,35596960,San Francisco 49ers @ Los Angeles Rams,2026-09-11T00:35:00.000Z,FanDuel,751.184668935,receiving_yards,George Kittle - Receiving Yds,,George Kittle,20656770,over,39.5,-114,1.87719298245614,0.5327102803738317,open,,,2026-09-07T12:15:05Z,,,,,v3-forward-measurement
f0fe9a3b-572c-4272-8327-53b9c0cbc77e,a08be10b-e1e5-4345-8c30-613e682ed9ee,2026-09-07T12:15:05Z,FanDuel Sportsbook structured market feed,,VA,NFL,35596960,San Francisco 49ers @ Los Angeles Rams,2026-09-11T00:35:00.000Z,FanDuel,751.184668935,receiving_yards,George Kittle - Receiving Yds,,George Kittle,20656771,under,39.5,-114,1.87719298245614,0.5327102803738317,open,,,2026-09-07T12:15:05Z,,,,,v3-forward-measurement
f0fe9a3b-572c-4272-8327-53b9c0cbc77e,e1b0e6cf-dd77-4b65-a52a-e92c7c2eeb88,2026-09-07T12:15:05Z,FanDuel Sportsbook structured market feed,,VA,NFL,35596960,San Francisco 49ers @ Los Angeles Rams,2026-09-11T00:35:00.000Z,FanDuel,751.184123392,receiving_yards,Colby Parkinson - Receiving Yds,,Colby Parkinson,41197145,over,20.5,-114,1.87719298245614,0.5327102803738317,open,,,2026-09-07T12:15:05Z,,,,,v3-forward-measurement
f0fe9a3b-572c-4272-8327-53b9c0cbc77e,98941c26-3741-4160-b2bb-dbf05d39f4ac,2026-09-07T12:15:05Z,FanDuel Sportsbook structured market feed,,VA,NFL,35596960,San Francisco 49ers @ Los Angeles Rams,2026-09-11T00:35:00.000Z,FanDuel,751.184123392,receiving_yards,Colby Parkinson - Receiving Yds,,Colby Parkinson,41197146,under,20.5,-114,1.87719298245614,0.5327102803738317,open,,,2026-09-07T12:15:05Z,,,,,v3-forward-measurement
f0fe9a3b-572c-4272-8327-53b9c0cbc77e,be396c60-f045-46c3-9e3b-cf0cf26e31ec,2026-09-07T12:15:05Z,FanDuel Sportsbook structured market feed,,VA,NFL,35596960,San Francisco 49ers @ Los Angeles Rams,2026-09-11T00:35:00.000Z,FanDuel,751.182145487,receiving_yards,De'Zhaun Stribling - Receiving Yds,,De'Zhaun Stribling,48301806,over,35.5,-114,1.87719298245614,0.5327102803738317,open,,,2026-09-07T12:15:05Z,,,,,v3-forward-measurement
f0fe9a3b-572c-4272-8327-53b9c0cbc77e,e23384d5-d040-4c00-a38a-572769480e71,2026-09-07T12:15:05Z,FanDuel Sportsbook structured market feed,,VA,NFL,35596960,San Francisco 49ers @ Los Angeles Rams,2026-09-11T00:35:00.000Z,FanDuel,751.182145487,receiving_yards,De'Zhaun Stribling - Receiving Yds,,De'Zhaun Stribling,48301805,under,35.5,-114,1.87719298245614,0.5327102803738317,open,,,2026-09-07T12:15:05Z,,,,,v3-forward-measurement
f0fe9a3b-572c-4272-8327-53b9c0cbc77e,a68b87ea-8858-4628-8172-3015688d00b4,2026-09-07T12:15:05Z,FanDuel Sportsbook structured market feed,,VA,NFL,35596960,San Francisco 49ers @ Los Angeles Rams,2026-09-11T00:35:00.000Z,FanDuel,751.184125604,receptions,Terrance Ferguson - Total Receptions,,Terrance Ferguson,41172819,over,1.5,-148,1.675675675675676,0.5967741935483871,open,,,2026-09-07T12:15:05Z,,,,,v3-forward-measurement
f0fe9a3b-572c-4272-8327-53b9c0cbc77e,0412353c-c1da-40b7-8243-5439e3e42cd2,2026-09-07T12:15:05Z,FanDuel Sportsbook structured market feed,,VA,NFL,35596960,San Francisco 49ers @ Los Angeles Rams,2026-09-11T00:35:00.000Z,FanDuel,751.184125604,receptions,Terrance Ferguson - Total Receptions,,Terrance Ferguson,41172818,under,1.5,112,2.12,0.4716981132075472,open,,,2026-09-07T12:15:05Z,,,,,v3-forward-measurement
f0fe9a3b-572c-4272-8327-53b9c0cbc77e,b3ed80d1-c875-4fb3-9796-47a6fcc34cd9,2026-09-07T12:15:05Z,FanDuel Sportsbook structured market feed,,VA,NFL,35596960,San Francisco 49ers @ Los Angeles Rams,2026-09-11T00:35:00.000Z,FanDuel,751.184125600,receiving_yards,Terrance Ferguson - Receiving Yds,,Terrance Ferguson,41172819,over,24.5,-114,1.87719298245614,0.5327102803738317,open,,,2026-09-07T12:15:05Z,,,,,v3-forward-measurement
f0fe9a3b-572c-4272-8327-53b9c0cbc77e,9913d4dd-3de1-4b0c-b575-b7c287559a8c,2026-09-07T12:15:05Z,FanDuel Sportsbook structured market feed,,VA,NFL,35596960,San Francisco 49ers @ Los Angeles Rams,2026-09-11T00:35:00.000Z,FanDuel,751.184125600,receiving_yards,Terrance Ferguson - Receiving Yds,,Terrance Ferguson,41172818,under,24.5,-114,1.87719298245614,0.5327102803738317,open,,,2026-09-07T12:15:05Z,,,,,v3-forward-measurement
f0fe9a3b-572c-4272-8327-53b9c0cbc77e,b74771bb-4ca5-4dba-8358-9b6c78980f2c,2026-09-07T12:15:05Z,FanDuel Sportsbook structured market feed,,VA,NFL,35596960,San Francisco 49ers @ Los Angeles Rams,2026-09-11T00:35:00.000Z,FanDuel,751.182145335,receiving_yards,Deebo Samuel - Receiving Yds,,Deebo Samuel,26158892,over,29.5,-114,1.87719298245614,0.5327102803738317,open,,,2026-09-07T12:15:05Z,,,,,v3-forward-measurement
f0fe9a3b-572c-4272-8327-53b9c0cbc77e,d6122881-a179-447b-ab5e-4ba3c833cbdc,2026-09-07T12:15:05Z,FanDuel Sportsbook structured market feed,,VA,NFL,35596960,San Francisco 49ers @ Los Angeles Rams,2026-09-11T00:35:00.000Z,FanDuel,751.182145335,receiving_yards,Deebo Samuel - Receiving Yds,,Deebo Samuel,26158893,under,29.5,-114,1.87719298245614,0.5327102803738317,open,,,2026-09-07T12:15:05Z,,,,,v3-forward-measurement
f0fe9a3b-572c-4272-8327-53b9c0cbc77e,45c6a033-02b6-4092-85cb-acd50d89e67d,2026-09-07T12:15:05Z,FanDuel Sportsbook structured market feed,,VA,NFL,35596960,San Francisco 49ers @ Los Angeles Rams,2026-09-11T00:35:00.000Z,FanDuel,751.182145333,receptions,Deebo Samuel - Total Receptions,,Deebo Samuel,26158892,over,2.5,-140,1.714285714285714,0.5833333333333334,open,,,2026-09-07T12:15:05Z,,,,,v3-forward-measurement
f0fe9a3b-572c-4272-8327-53b9c0cbc77e,11e47c8c-d8fb-4f0f-9964-da93476fe948,2026-09-07T12:15:05Z,FanDuel Sportsbook structured market feed,,VA,NFL,35596960,San Francisco 49ers @ Los Angeles Rams,2026-09-11T00:35:00.000Z,FanDuel,751.182145333,receptions,Deebo Samuel - Total Receptions,,Deebo Samuel,26158893,under,2.5,106,2.06,0.4854368932038835,open,,,2026-09-07T12:15:05Z,,,,,v3-forward-measurement
7dc1594d-b610-44e3-89f7-33eab25084c4,a91f9449-aab7-4e1f-9304-29119358ca42,2026-09-07T12:15:05Z,FanDuel Sportsbook structured market feed,,VA,NFL,35601246,Denver Broncos @ Kansas City Chiefs,2026-09-15T00:15:00.000Z,FanDuel,751.183526256,passing_touchdowns,Bo Nix - Passing TDs,,Bo Nix,41331175,over,1.5,142,2.42,0.4132231404958678,open,,,2026-09-07T12:15:05Z,,,,,v3-forward-measurement
7dc1594d-b610-44e3-89f7-33eab25084c4,45a0a9c8-f09a-4bb4-9f9e-a02bb07c8c7f,2026-09-07T12:15:05Z,FanDuel Sportsbook structured market feed,,VA,NFL,35601246,Denver Broncos @ Kansas City Chiefs,2026-09-15T00:15:00.000Z,FanDuel,751.183526256,passing_touchdowns,Bo Nix - Passing TDs,,Bo Nix,41331177,under,1.5,-192,1.520833333333333,0.6575342465753424,open,,,2026-09-07T12:15:05Z,,,,,v3-forward-measurement
7dc1594d-b610-44e3-89f7-33eab25084c4,784d20ea-b252-4a0e-a73a-988fa157de14,2026-09-07T12:15:05Z,FanDuel Sportsbook structured market feed,,VA,NFL,35601246,Denver Broncos @ Kansas City Chiefs,2026-09-15T00:15:00.000Z,FanDuel,751.183526203,passing_touchdowns,Patrick Mahomes - Passing TDs,,Patrick Mahomes,16593717,over,1.5,116,2.16,0.46296296296296297,open,,,2026-09-07T12:15:05Z,,,,,v3-forward-measurement
7dc1594d-b610-44e3-89f7-33eab25084c4,89b287d2-28b9-40f1-8c1b-0f7f91d6b54e,2026-09-07T12:15:05Z,FanDuel Sportsbook structured market feed,,VA,NFL,35601246,Denver Broncos @ Kansas City Chiefs,2026-09-15T00:15:00.000Z,FanDuel,751.183526203,passing_touchdowns,Patrick Mahomes - Passing TDs,,Patrick Mahomes,16593718,under,1.5,-154,1.649350649350649,0.6062992125984252,open,,,2026-09-07T12:15:05Z,,,,,v3-forward-measurement
7dc1594d-b610-44e3-89f7-33eab25084c4,69c90fe9-cde8-4269-ba7e-fd19bc78750b,2026-09-07T12:15:05Z,FanDuel Sportsbook structured market feed,,VA,NFL,35601246,Denver Broncos @ Kansas City Chiefs,2026-09-15T00:15:00.000Z,FanDuel,751.183526326,passing_yards,Bo Nix - Passing Yds,,Bo Nix,41331175,over,227.5,-114,1.87719298245614,0.5327102803738317,open,,,2026-09-07T12:15:05Z,,,,,v3-forward-measurement
7dc1594d-b610-44e3-89f7-33eab25084c4,be723230-b20b-44c3-8366-c484aff143b1,2026-09-07T12:15:05Z,FanDuel Sportsbook structured market feed,,VA,NFL,35601246,Denver Broncos @ Kansas City Chiefs,2026-09-15T00:15:00.000Z,FanDuel,751.183526326,passing_yards,Bo Nix - Passing Yds,,Bo Nix,41331177,under,227.5,-114,1.87719298245614,0.5327102803738317,open,,,2026-09-07T12:15:05Z,,,,,v3-forward-measurement
7dc1594d-b610-44e3-89f7-33eab25084c4,3df505b0-6ac6-41e9-928c-10fa203ded15,2026-09-07T12:15:05Z,FanDuel Sportsbook structured market feed,,VA,NFL,35601246,Denver Broncos @ Kansas City Chiefs,2026-09-15T00:15:00.000Z,FanDuel,751.183526339,passing_yards,Patrick Mahomes - Passing Yds,,Patrick Mahomes,16593717,over,225.5,-114,1.87719298245614,0.5327102803738317,open,,,2026-09-07T12:15:05Z,,,,,v3-forward-measurement
7dc1594d-b610-44e3-89f7-33eab25084c4,075068d5-454b-415d-8d11-6b2b5319adc2,2026-09-07T12:15:05Z,FanDuel Sportsbook structured market feed,,VA,NFL,35601246,Denver Broncos @ Kansas City Chiefs,2026-09-15T00:15:00.000Z,FanDuel,751.183526339,passing_yards,Patrick Mahomes - Passing Yds,,Patrick Mahomes,16593718,under,225.5,-114,1.87719298245614,0.5327102803738317,open,,,2026-09-07T12:15:05Z,,,,,v3-forward-measurement
65791397-128c-4d78-9d8a-948743f484ad,5ed66351-ccb9-4867-8b69-44b3e8766a44,2026-09-07T12:15:05Z,FanDuel Sportsbook structured market feed,,VA,NFL,35601246,Denver Broncos @ Kansas City Chiefs,2026-09-15T00:15:00.000Z,FanDuel,751.183528169,rushing_yards,Bo Nix - Rushing Yds,,Bo Nix,41331175,over,15.5,-114,1.87719298245614,0.5327102803738317,open,,,2026-09-07T12:15:05Z,,,,,v3-forward-measurement
65791397-128c-4d78-9d8a-948743f484ad,7f6f7a88-c994-4f49-a89e-1eda2512fe39,2026-09-07T12:15:05Z,FanDuel Sportsbook structured market feed,,VA,NFL,35601246,Denver Broncos @ Kansas City Chiefs,2026-09-15T00:15:00.000Z,FanDuel,751.183528169,rushing_yards,Bo Nix - Rushing Yds,,Bo Nix,41331177,under,15.5,-114,1.87719298245614,0.5327102803738317,open,,,2026-09-07T12:15:05Z,,,,,v3-forward-measurement
65791397-128c-4d78-9d8a-948743f484ad,5df4fdc0-08e1-49a1-bdd3-c570fa167c74,2026-09-07T12:15:05Z,FanDuel Sportsbook structured market feed,,VA,NFL,35601246,Denver Broncos @ Kansas City Chiefs,2026-09-15T00:15:00.000Z,FanDuel,751.183528149,rushing_yards,Patrick Mahomes - Rushing Yds,,Patrick Mahomes,16593717,over,15.5,-114,1.87719298245614,0.5327102803738317,open,,,2026-09-07T12:15:05Z,,,,,v3-forward-measurement
65791397-128c-4d78-9d8a-948743f484ad,83593461-77c6-41cb-b91c-96156e19c315,2026-09-07T12:15:05Z,FanDuel Sportsbook structured market feed,,VA,NFL,35601246,Denver Broncos @ Kansas City Chiefs,2026-09-15T00:15:00.000Z,FanDuel,751.183528149,rushing_yards,Patrick Mahomes - Rushing Yds,,Patrick Mahomes,16593718,under,15.5,-114,1.87719298245614,0.5327102803738317,open,,,2026-09-07T12:15:05Z,,,,,v3-forward-measurement
65791397-128c-4d78-9d8a-948743f484ad,d6fafa0c-3d36-448f-9a4b-6e3e5f3c842b,2026-09-07T12:15:05Z,FanDuel Sportsbook structured market feed,,VA,NFL,35601246,Denver Broncos @ Kansas City Chiefs,2026-09-15T00:15:00.000Z,FanDuel,751.185117314,rushing_yards,RJ Harvey - Rushing Yds,,RJ Harvey,50744298,over,20.5,-114,1.87719298245614,0.5327102803738317,open,,,2026-09-07T12:15:05Z,,,,,v3-forward-measurement
65791397-128c-4d78-9d8a-948743f484ad,10c2c85f-4b74-430a-a6c4-4950372556ba,2026-09-07T12:15:05Z,FanDuel Sportsbook structured market feed,,VA,NFL,35601246,Denver Broncos @ Kansas City Chiefs,2026-09-15T00:15:00.000Z,FanDuel,751.185117314,rushing_yards,RJ Harvey - Rushing Yds,,RJ Harvey,50744300,under,20.5,-114,1.87719298245614,0.5327102803738317,open,,,2026-09-07T12:15:05Z,,,,,v3-forward-measurement
65791397-128c-4d78-9d8a-948743f484ad,2e4f88a5-91ae-4ae2-b368-c97a5b5c217f,2026-09-07T12:15:05Z,FanDuel Sportsbook structured market feed,,VA,NFL,35601246,Denver Broncos @ Kansas City Chiefs,2026-09-15T00:15:00.000Z,FanDuel,751.183528041,rushing_yards,Kenneth Walker III - Rushing Yds,,Kenneth Walker III,40975102,over,59.5,-114,1.87719298245614,0.5327102803738317,open,,,2026-09-07T12:15:05Z,,,,,v3-forward-measurement
65791397-128c-4d78-9d8a-948743f484ad,a03d8e06-233d-4e8f-b8f9-9a8310add73c,2026-09-07T12:15:05Z,FanDuel Sportsbook structured market feed,,VA,NFL,35601246,Denver Broncos @ Kansas City Chiefs,2026-09-15T00:15:00.000Z,FanDuel,751.183528041,rushing_yards,Kenneth Walker III - Rushing Yds,,Kenneth Walker III,40975103,under,59.5,-114,1.87719298245614,0.5327102803738317,open,,,2026-09-07T12:15:05Z,,,,,v3-forward-measurement
65791397-128c-4d78-9d8a-948743f484ad,be985f33-30b4-4d3f-bc6d-68e0b09cbee9,2026-09-07T12:15:05Z,FanDuel Sportsbook structured market feed,,VA,NFL,35601246,Denver Broncos @ Kansas City Chiefs,2026-09-15T00:15:00.000Z,FanDuel,751.183528043,rushing_yards,J.K. Dobbins - Rushing Yds,,J.K. Dobbins,48302900,over,49.5,-114,1.87719298245614,0.5327102803738317,open,,,2026-09-07T12:15:05Z,,,,,v3-forward-measurement
65791397-128c-4d78-9d8a-948743f484ad,c0b08491-efa9-43a6-85a3-4151b0c27ec4,2026-09-07T12:15:05Z,FanDuel Sportsbook structured market feed,,VA,NFL,35601246,Denver Broncos @ Kansas City Chiefs,2026-09-15T00:15:00.000Z,FanDuel,751.183528043,rushing_yards,J.K. Dobbins - Rushing Yds,,J.K. Dobbins,48302899,under,49.5,-114,1.87719298245614,0.5327102803738317,open,,,2026-09-07T12:15:05Z,,,,,v3-forward-measurement
3a3300cf-3190-4902-b926-8195b4cec6b4,cd8486f7-6d7d-4e7c-a537-bbd453cc52b0,2026-09-07T12:15:05Z,FanDuel Sportsbook structured market feed,,VA,NFL,35601246,Denver Broncos @ Kansas City Chiefs,2026-09-15T00:15:00.000Z,FanDuel,751.183528882,receiving_yards,Xavier Worthy - Receiving Yds,,Xavier Worthy,41066840,over,36.5,-114,1.87719298245614,0.5327102803738317,open,,,2026-09-07T12:15:05Z,,,,,v3-forward-measurement
3a3300cf-3190-4902-b926-8195b4cec6b4,7a978db1-faf9-4e56-8836-7e1aa93630a0,2026-09-07T12:15:05Z,FanDuel Sportsbook structured market feed,,VA,NFL,35601246,Denver Broncos @ Kansas City Chiefs,2026-09-15T00:15:00.000Z,FanDuel,751.183528882,receiving_yards,Xavier Worthy - Receiving Yds,,Xavier Worthy,41066847,under,36.5,-114,1.87719298245614,0.5327102803738317,open,,,2026-09-07T12:15:05Z,,,,,v3-forward-measurement
3a3300cf-3190-4902-b926-8195b4cec6b4,7be41242-50fa-4988-b64e-5a372bce792e,2026-09-07T12:15:05Z,FanDuel Sportsbook structured market feed,,VA,NFL,35601246,Denver Broncos @ Kansas City Chiefs,2026-09-15T00:15:00.000Z,FanDuel,751.183528883,receptions,Xavier Worthy - Total Receptions,,Xavier Worthy,41066840,over,3.5,116,2.16,0.46296296296296297,open,,,2026-09-07T12:15:05Z,,,,,v3-forward-measurement
3a3300cf-3190-4902-b926-8195b4cec6b4,26c690da-db23-4e76-b2fd-f3c08103ecf5,2026-09-07T12:15:05Z,FanDuel Sportsbook structured market feed,,VA,NFL,35601246,Denver Broncos @ Kansas City Chiefs,2026-09-15T00:15:00.000Z,FanDuel,751.183528883,receptions,Xavier Worthy - Total Receptions,,Xavier Worthy,41066847,under,3.5,-154,1.649350649350649,0.6062992125984252,open,,,2026-09-07T12:15:05Z,,,,,v3-forward-measurement
3a3300cf-3190-4902-b926-8195b4cec6b4,6346484b-dfe4-4b3c-8205-0538fb06a688,2026-09-07T12:15:05Z,FanDuel Sportsbook structured market feed,,VA,NFL,35601246,Denver Broncos @ Kansas City Chiefs,2026-09-15T00:15:00.000Z,FanDuel,751.185163843,receptions,Pat Bryant - Total Receptions,,Pat Bryant,48907099,over,2.5,120,2.2,0.45454545454545453,open,,,2026-09-07T12:15:05Z,,,,,v3-forward-measurement
3a3300cf-3190-4902-b926-8195b4cec6b4,c98badd9-d2b3-4fad-b674-86c12ee30f37,2026-09-07T12:15:05Z,FanDuel Sportsbook structured market feed,,VA,NFL,35601246,Denver Broncos @ Kansas City Chiefs,2026-09-15T00:15:00.000Z,FanDuel,751.185163843,receptions,Pat Bryant - Total Receptions,,Pat Bryant,48907098,under,2.5,-160,1.625,0.6153846153846154,open,,,2026-09-07T12:15:05Z,,,,,v3-forward-measurement
3a3300cf-3190-4902-b926-8195b4cec6b4,65ca7b44-b3b4-47ca-b02a-a057d1273758,2026-09-07T12:15:05Z,FanDuel Sportsbook structured market feed,,VA,NFL,35601246,Denver Broncos @ Kansas City Chiefs,2026-09-15T00:15:00.000Z,FanDuel,751.183528524,receiving_yards,Jaylen Waddle - Receiving Yds,,Jaylen Waddle,40877797,over,53.5,-114,1.87719298245614,0.5327102803738317,open,,,2026-09-07T12:15:05Z,,,,,v3-forward-measurement
3a3300cf-3190-4902-b926-8195b4cec6b4,f2e1d17b-947f-4ecc-a4f6-5f181edb4a92,2026-09-07T12:15:05Z,FanDuel Sportsbook structured market feed,,VA,NFL,35601246,Denver Broncos @ Kansas City Chiefs,2026-09-15T00:15:00.000Z,FanDuel,751.183528524,receiving_yards,Jaylen Waddle - Receiving Yds,,Jaylen Waddle,40877798,under,53.5,-114,1.87719298245614,0.5327102803738317,open,,,2026-09-07T12:15:05Z,,,,,v3-forward-measurement
3a3300cf-3190-4902-b926-8195b4cec6b4,0272e382-a3cc-4e62-ba14-d61a1b5bdb5f,2026-09-07T12:15:05Z,FanDuel Sportsbook structured market feed,,VA,NFL,35601246,Denver Broncos @ Kansas City Chiefs,2026-09-15T00:15:00.000Z,FanDuel,751.185165140,receiving_yards,J.K. Dobbins - Receiving Yds,,J.K. Dobbins,48302900,over,3.5,-114,1.87719298245614,0.5327102803738317,open,,,2026-09-07T12:15:05Z,,,,,v3-forward-measurement
3a3300cf-3190-4902-b926-8195b4cec6b4,11557e64-5962-4dc8-b98f-5ddc8fad07ce,2026-09-07T12:15:05Z,FanDuel Sportsbook structured market feed,,VA,NFL,35601246,Denver Broncos @ Kansas City Chiefs,2026-09-15T00:15:00.000Z,FanDuel,751.185165140,receiving_yards,J.K. Dobbins - Receiving Yds,,J.K. Dobbins,48302899,under,3.5,-114,1.87719298245614,0.5327102803738317,open,,,2026-09-07T12:15:05Z,,,,,v3-forward-measurement
3a3300cf-3190-4902-b926-8195b4cec6b4,9b6518bc-6382-4798-8a4e-a5e1dd721842,2026-09-07T12:15:05Z,FanDuel Sportsbook structured market feed,,VA,NFL,35601246,Denver Broncos @ Kansas City Chiefs,2026-09-15T00:15:00.000Z,FanDuel,751.185165141,receptions,RJ Harvey - Total Receptions,,RJ Harvey,50744298,over,2.5,-114,1.87719298245614,0.5327102803738317,open,,,2026-09-07T12:15:05Z,,,,,v3-forward-measurement
3a3300cf-3190-4902-b926-8195b4cec6b4,059ef67d-8f01-4e1c-abe4-f6f47a827737,2026-09-07T12:15:05Z,FanDuel Sportsbook structured market feed,,VA,NFL,35601246,Denver Broncos @ Kansas City Chiefs,2026-09-15T00:15:00.000Z,FanDuel,751.185165141,receptions,RJ Harvey - Total Receptions,,RJ Harvey,50744300,under,2.5,-114,1.87719298245614,0.5327102803738317,open,,,2026-09-07T12:15:05Z,,,,,v3-forward-measurement
3a3300cf-3190-4902-b926-8195b4cec6b4,6d683b85-4297-4c4d-8f5a-698d5316d43f,2026-09-07T12:15:05Z,FanDuel Sportsbook structured market feed,,VA,NFL,35601246,Denver Broncos @ Kansas City Chiefs,2026-09-15T00:15:00.000Z,FanDuel,751.183528805,receptions,Travis Kelce - Total Receptions,,Travis Kelce,11802406,over,3.5,-148,1.675675675675676,0.5967741935483871,open,,,2026-09-07T12:15:05Z,,,,,v3-forward-measurement
3a3300cf-3190-4902-b926-8195b4cec6b4,3e16d27a-d17b-466c-b50c-ed1178167711,2026-09-07T12:15:05Z,FanDuel Sportsbook structured market feed,,VA,NFL,35601246,Denver Broncos @ Kansas City Chiefs,2026-09-15T00:15:00.000Z,FanDuel,751.183528805,receptions,Travis Kelce - Total Receptions,,Travis Kelce,11802405,under,3.5,112,2.12,0.4716981132075472,open,,,2026-09-07T12:15:05Z,,,,,v3-forward-measurement
3a3300cf-3190-4902-b926-8195b4cec6b4,f29c1429-1240-4326-8c94-08cd84fdec0d,2026-09-07T12:15:05Z,FanDuel Sportsbook structured market feed,,VA,NFL,35601246,Denver Broncos @ Kansas City Chiefs,2026-09-15T00:15:00.000Z,FanDuel,751.185163836,receiving_yards,Noah Gray - Receiving Yds,,Noah Gray,40915505,over,9.5,-114,1.87719298245614,0.5327102803738317,open,,,2026-09-07T12:15:05Z,,,,,v3-forward-measurement
3a3300cf-3190-4902-b926-8195b4cec6b4,937bff30-a5e1-4e4c-9f0b-a1e6330529f4,2026-09-07T12:15:05Z,FanDuel Sportsbook structured market feed,,VA,NFL,35601246,Denver Broncos @ Kansas City Chiefs,2026-09-15T00:15:00.000Z,FanDuel,751.185163836,receiving_yards,Noah Gray - Receiving Yds,,Noah Gray,40915506,under,9.5,-114,1.87719298245614,0.5327102803738317,open,,,2026-09-07T12:15:05Z,,,,,v3-forward-measurement
3a3300cf-3190-4902-b926-8195b4cec6b4,5821a72d-d4c0-4b4b-bd5e-281804e5a605,2026-09-07T12:15:05Z,FanDuel Sportsbook structured market feed,,VA,NFL,35601246,Denver Broncos @ Kansas City Chiefs,2026-09-15T00:15:00.000Z,FanDuel,751.183528806,receiving_yards,Travis Kelce - Receiving Yds,,Travis Kelce,11802406,over,41.5,-114,1.87719298245614,0.5327102803738317,open,,,2026-09-07T12:15:05Z,,,,,v3-forward-measurement
3a3300cf-3190-4902-b926-8195b4cec6b4,8cf05918-ab16-42ef-aab7-7e27616c587e,2026-09-07T12:15:05Z,FanDuel Sportsbook structured market feed,,VA,NFL,35601246,Denver Broncos @ Kansas City Chiefs,2026-09-15T00:15:00.000Z,FanDuel,751.183528806,receiving_yards,Travis Kelce - Receiving Yds,,Travis Kelce,11802405,under,41.5,-114,1.87719298245614,0.5327102803738317,open,,,2026-09-07T12:15:05Z,,,,,v3-forward-measurement
3a3300cf-3190-4902-b926-8195b4cec6b4,58bcb85b-52f0-4435-aa91-5b4251ef65ad,2026-09-07T12:15:05Z,FanDuel Sportsbook structured market feed,,VA,NFL,35601246,Denver Broncos @ Kansas City Chiefs,2026-09-15T00:15:00.000Z,FanDuel,751.185117635,receptions,Kenneth Walker III - Total Receptions,,Kenneth Walker III,40975102,over,2.5,-114,1.87719298245614,0.5327102803738317,open,,,2026-09-07T12:15:05Z,,,,,v3-forward-measurement
3a3300cf-3190-4902-b926-8195b4cec6b4,a5311515-23b6-41e3-b85f-f2958fb73716,2026-09-07T12:15:05Z,FanDuel Sportsbook structured market feed,,VA,NFL,35601246,Denver Broncos @ Kansas City Chiefs,2026-09-15T00:15:00.000Z,FanDuel,751.185117635,receptions,Kenneth Walker III - Total Receptions,,Kenneth Walker III,40975103,under,2.5,-114,1.87719298245614,0.5327102803738317,open,,,2026-09-07T12:15:05Z,,,,,v3-forward-measurement
3a3300cf-3190-4902-b926-8195b4cec6b4,ac03609e-0161-49df-9246-c33f5164c258,2026-09-07T12:15:05Z,FanDuel Sportsbook structured market feed,,VA,NFL,35601246,Denver Broncos @ Kansas City Chiefs,2026-09-15T00:15:00.000Z,FanDuel,751.185117638,receiving_yards,Kenneth Walker III - Receiving Yds,,Kenneth Walker III,40975102,over,14.5,-114,1.87719298245614,0.5327102803738317,open,,,2026-09-07T12:15:05Z,,,,,v3-forward-measurement
3a3300cf-3190-4902-b926-8195b4cec6b4,0e9d459a-b4de-4e1e-bcfd-5e0cc98423a3,2026-09-07T12:15:05Z,FanDuel Sportsbook structured market feed,,VA,NFL,35601246,Denver Broncos @ Kansas City Chiefs,2026-09-15T00:15:00.000Z,FanDuel,751.185117638,receiving_yards,Kenneth Walker III - Receiving Yds,,Kenneth Walker III,40975103,under,14.5,-114,1.87719298245614,0.5327102803738317,open,,,2026-09-07T12:15:05Z,,,,,v3-forward-measurement
3a3300cf-3190-4902-b926-8195b4cec6b4,21735963-f731-4891-8ee0-4095b37f1cb6,2026-09-07T12:15:05Z,FanDuel Sportsbook structured market feed,,VA,NFL,35601246,Denver Broncos @ Kansas City Chiefs,2026-09-15T00:15:00.000Z,FanDuel,751.185163852,receptions,Noah Gray - Total Receptions,,Noah Gray,40915505,over,1.5,130,2.3,0.43478260869565216,open,,,2026-09-07T12:15:05Z,,,,,v3-forward-measurement
3a3300cf-3190-4902-b926-8195b4cec6b4,941f3654-2677-44a6-aa5a-e3ef41191812,2026-09-07T12:15:05Z,FanDuel Sportsbook structured market feed,,VA,NFL,35601246,Denver Broncos @ Kansas City Chiefs,2026-09-15T00:15:00.000Z,FanDuel,751.185163852,receptions,Noah Gray - Total Receptions,,Noah Gray,40915506,under,1.5,-174,1.574712643678161,0.635036496350365,open,,,2026-09-07T12:15:05Z,,,,,v3-forward-measurement
3a3300cf-3190-4902-b926-8195b4cec6b4,3542f3ef-2dd6-40f0-aad8-f80f89585bfc,2026-09-07T12:15:05Z,FanDuel Sportsbook structured market feed,,VA,NFL,35601246,Denver Broncos @ Kansas City Chiefs,2026-09-15T00:15:00.000Z,FanDuel,751.183528594,receptions,Rashee Rice - Total Receptions,,Rashee Rice,48551005,over,5.5,-122,1.819672131147541,0.5495495495495496,open,,,2026-09-07T12:15:05Z,,,,,v3-forward-measurement
3a3300cf-3190-4902-b926-8195b4cec6b4,7e256d70-46e1-4ff9-88f0-90d586fb2a68,2026-09-07T12:15:05Z,FanDuel Sportsbook structured market feed,,VA,NFL,35601246,Denver Broncos @ Kansas City Chiefs,2026-09-15T00:15:00.000Z,FanDuel,751.183528594,receptions,Rashee Rice - Total Receptions,,Rashee Rice,48551004,under,5.5,-108,1.925925925925926,0.5192307692307693,open,,,2026-09-07T12:15:05Z,,,,,v3-forward-measurement
3a3300cf-3190-4902-b926-8195b4cec6b4,fa8422b9-d761-486b-9de8-8afa06096bf1,2026-09-07T12:15:05Z,FanDuel Sportsbook structured market feed,,VA,NFL,35601246,Denver Broncos @ Kansas City Chiefs,2026-09-15T00:15:00.000Z,FanDuel,751.183528593,receiving_yards,Rashee Rice - Receiving Yds,,Rashee Rice,48551005,over,59.5,-114,1.87719298245614,0.5327102803738317,open,,,2026-09-07T12:15:05Z,,,,,v3-forward-measurement
3a3300cf-3190-4902-b926-8195b4cec6b4,ff972246-115a-4a6c-97d6-a3820ad42f84,2026-09-07T12:15:05Z,FanDuel Sportsbook structured market feed,,VA,NFL,35601246,Denver Broncos @ Kansas City Chiefs,2026-09-15T00:15:00.000Z,FanDuel,751.183528593,receiving_yards,Rashee Rice - Receiving Yds,,Rashee Rice,48551004,under,59.5,-114,1.87719298245614,0.5327102803738317,open,,,2026-09-07T12:15:05Z,,,,,v3-forward-measurement
3a3300cf-3190-4902-b926-8195b4cec6b4,6baad209-f695-455d-8977-15998569db72,2026-09-07T12:15:05Z,FanDuel Sportsbook structured market feed,,VA,NFL,35601246,Denver Broncos @ Kansas City Chiefs,2026-09-15T00:15:00.000Z,FanDuel,751.185163847,receiving_yards,Pat Bryant - Receiving Yds,,Pat Bryant,48907099,over,23.5,-114,1.87719298245614,0.5327102803738317,open,,,2026-09-07T12:15:05Z,,,,,v3-forward-measurement
3a3300cf-3190-4902-b926-8195b4cec6b4,cb6216f7-fad2-48d5-89a9-4191805fe82c,2026-09-07T12:15:05Z,FanDuel Sportsbook structured market feed,,VA,NFL,35601246,Denver Broncos @ Kansas City Chiefs,2026-09-15T00:15:00.000Z,FanDuel,751.185163847,receiving_yards,Pat Bryant - Receiving Yds,,Pat Bryant,48907098,under,23.5,-114,1.87719298245614,0.5327102803738317,open,,,2026-09-07T12:15:05Z,,,,,v3-forward-measurement
3a3300cf-3190-4902-b926-8195b4cec6b4,617ca96d-9f3c-4763-a2fa-1b1566f98fc4,2026-09-07T12:15:05Z,FanDuel Sportsbook structured market feed,,VA,NFL,35601246,Denver Broncos @ Kansas City Chiefs,2026-09-15T00:15:00.000Z,FanDuel,751.183528519,receptions,Jaylen Waddle - Total Receptions,,Jaylen Waddle,40877797,over,4.5,-114,1.87719298245614,0.5327102803738317,open,,,2026-09-07T12:15:05Z,,,,,v3-forward-measurement
3a3300cf-3190-4902-b926-8195b4cec6b4,35ebfde9-22ca-40af-8f6f-a5cf0e535977,2026-09-07T12:15:05Z,FanDuel Sportsbook structured market feed,,VA,NFL,35601246,Denver Broncos @ Kansas City Chiefs,2026-09-15T00:15:00.000Z,FanDuel,751.183528519,receptions,Jaylen Waddle - Total Receptions,,Jaylen Waddle,40877798,under,4.5,-114,1.87719298245614,0.5327102803738317,open,,,2026-09-07T12:15:05Z,,,,,v3-forward-measurement
3a3300cf-3190-4902-b926-8195b4cec6b4,27bc355c-c61c-4ba6-920b-60f27137f456,2026-09-07T12:15:05Z,FanDuel Sportsbook structured market feed,,VA,NFL,35601246,Denver Broncos @ Kansas City Chiefs,2026-09-15T00:15:00.000Z,FanDuel,751.185117801,receiving_yards,Tyquan Thornton - Receiving Yds,,Tyquan Thornton,41074864,over,17.5,-114,1.87719298245614,0.5327102803738317,open,,,2026-09-07T12:15:05Z,,,,,v3-forward-measurement
3a3300cf-3190-4902-b926-8195b4cec6b4,4e7b21f1-5dea-4a09-aa38-82ea2df84fef,2026-09-07T12:15:05Z,FanDuel Sportsbook structured market feed,,VA,NFL,35601246,Denver Broncos @ Kansas City Chiefs,2026-09-15T00:15:00.000Z,FanDuel,751.185117801,receiving_yards,Tyquan Thornton - Receiving Yds,,Tyquan Thornton,41074863,under,17.5,-114,1.87719298245614,0.5327102803738317,open,,,2026-09-07T12:15:05Z,,,,,v3-forward-measurement
3a3300cf-3190-4902-b926-8195b4cec6b4,9874dd38-a5b6-4683-980f-e4233a053378,2026-09-07T12:15:05Z,FanDuel Sportsbook structured market feed,,VA,NFL,35601246,Denver Broncos @ Kansas City Chiefs,2026-09-15T00:15:00.000Z,FanDuel,751.185163862,receiving_yards,Evan Engram - Receiving Yds,,Evan Engram,14807732,over,22.5,-114,1.87719298245614,0.5327102803738317,open,,,2026-09-07T12:15:05Z,,,,,v3-forward-measurement
3a3300cf-3190-4902-b926-8195b4cec6b4,c7c98355-f84f-4cd6-a60a-88cf05655879,2026-09-07T12:15:05Z,FanDuel Sportsbook structured market feed,,VA,NFL,35601246,Denver Broncos @ Kansas City Chiefs,2026-09-15T00:15:00.000Z,FanDuel,751.185163862,receiving_yards,Evan Engram - Receiving Yds,,Evan Engram,14807733,under,22.5,-114,1.87719298245614,0.5327102803738317,open,,,2026-09-07T12:15:05Z,,,,,v3-forward-measurement
3a3300cf-3190-4902-b926-8195b4cec6b4,8cb2b7df-39f1-43be-af6d-6d5f3d435e17,2026-09-07T12:15:05Z,FanDuel Sportsbook structured market feed,,VA,NFL,35601246,Denver Broncos @ Kansas City Chiefs,2026-09-15T00:15:00.000Z,FanDuel,751.185117804,receptions,Tyquan Thornton - Total Receptions,,Tyquan Thornton,41074864,over,1.5,112,2.12,0.4716981132075472,open,,,2026-09-07T12:15:05Z,,,,,v3-forward-measurement
3a3300cf-3190-4902-b926-8195b4cec6b4,c4dd9151-3089-4e7d-8b4d-d4f07fcfe076,2026-09-07T12:15:05Z,FanDuel Sportsbook structured market feed,,VA,NFL,35601246,Denver Broncos @ Kansas City Chiefs,2026-09-15T00:15:00.000Z,FanDuel,751.185117804,receptions,Tyquan Thornton - Total Receptions,,Tyquan Thornton,41074863,under,1.5,-148,1.675675675675676,0.5967741935483871,open,,,2026-09-07T12:15:05Z,,,,,v3-forward-measurement
3a3300cf-3190-4902-b926-8195b4cec6b4,1b7389b2-c7f0-4d32-9dac-72bbacedb0dd,2026-09-07T12:15:05Z,FanDuel Sportsbook structured market feed,,VA,NFL,35601246,Denver Broncos @ Kansas City Chiefs,2026-09-15T00:15:00.000Z,FanDuel,751.185165139,receiving_yards,RJ Harvey - Receiving Yds,,RJ Harvey,50744298,over,16.5,-114,1.87719298245614,0.5327102803738317,open,,,2026-09-07T12:15:05Z,,,,,v3-forward-measurement
3a3300cf-3190-4902-b926-8195b4cec6b4,32f2adbd-218b-4d6f-ad99-d82c92483676,2026-09-07T12:15:05Z,FanDuel Sportsbook structured market feed,,VA,NFL,35601246,Denver Broncos @ Kansas City Chiefs,2026-09-15T00:15:00.000Z,FanDuel,751.185165139,receiving_yards,RJ Harvey - Receiving Yds,,RJ Harvey,50744300,under,16.5,-114,1.87719298245614,0.5327102803738317,open,,,2026-09-07T12:15:05Z,,,,,v3-forward-measurement
3a3300cf-3190-4902-b926-8195b4cec6b4,b0b9ca98-8907-4c85-83e9-0ab28f9bcfbc,2026-09-07T12:15:05Z,FanDuel Sportsbook structured market feed,,VA,NFL,35601246,Denver Broncos @ Kansas City Chiefs,2026-09-15T00:15:00.000Z,FanDuel,751.183528696,receptions,Courtland Sutton - Total Receptions,,Courtland Sutton,16490004,over,4.5,124,2.24,0.44642857142857145,open,,,2026-09-07T12:15:05Z,,,,,v3-forward-measurement
3a3300cf-3190-4902-b926-8195b4cec6b4,391e715d-d43e-492d-a9b1-4e0f2c58c70b,2026-09-07T12:15:05Z,FanDuel Sportsbook structured market feed,,VA,NFL,35601246,Denver Broncos @ Kansas City Chiefs,2026-09-15T00:15:00.000Z,FanDuel,751.183528696,receptions,Courtland Sutton - Total Receptions,,Courtland Sutton,16490005,under,4.5,-166,1.602409638554217,0.6240601503759399,open,,,2026-09-07T12:15:05Z,,,,,v3-forward-measurement
3a3300cf-3190-4902-b926-8195b4cec6b4,986df269-ca91-4fb1-96d8-292de3448ca4,2026-09-07T12:15:05Z,FanDuel Sportsbook structured market feed,,VA,NFL,35601246,Denver Broncos @ Kansas City Chiefs,2026-09-15T00:15:00.000Z,FanDuel,751.185163834,receptions,Evan Engram - Total Receptions,,Evan Engram,14807732,over,2.5,-130,1.769230769230769,0.5652173913043478,open,,,2026-09-07T12:15:05Z,,,,,v3-forward-measurement
3a3300cf-3190-4902-b926-8195b4cec6b4,869de352-b1de-4606-9bc5-3fc2c4cb8a40,2026-09-07T12:15:05Z,FanDuel Sportsbook structured market feed,,VA,NFL,35601246,Denver Broncos @ Kansas City Chiefs,2026-09-15T00:15:00.000Z,FanDuel,751.185163834,receptions,Evan Engram - Total Receptions,,Evan Engram,14807733,under,2.5,-102,1.980392156862745,0.504950495049505,open,,,2026-09-07T12:15:05Z,,,,,v3-forward-measurement
3a3300cf-3190-4902-b926-8195b4cec6b4,4f1f4438-154b-4a38-984c-94d91f432ede,2026-09-07T12:15:05Z,FanDuel Sportsbook structured market feed,,VA,NFL,35601246,Denver Broncos @ Kansas City Chiefs,2026-09-15T00:15:00.000Z,FanDuel,751.183528692,receiving_yards,Courtland Sutton - Receiving Yds,,Courtland Sutton,16490004,over,42.5,-114,1.87719298245614,0.5327102803738317,open,,,2026-09-07T12:15:05Z,,,,,v3-forward-measurement
3a3300cf-3190-4902-b926-8195b4cec6b4,9aebc65a-9730-4253-b62c-0e77f93330fd,2026-09-07T12:15:05Z,FanDuel Sportsbook structured market feed,,VA,NFL,35601246,Denver Broncos @ Kansas City Chiefs,2026-09-15T00:15:00.000Z,FanDuel,751.183528692,receiving_yards,Courtland Sutton - Receiving Yds,,Courtland Sutton,16490005,under,42.5,-114,1.87719298245614,0.5327102803738317,open,,,2026-09-07T12:15:05Z,,,,,v3-forward-measurement
885eb5d7-54c0-4a00-bd8f-a865282072c5,03049235-3cb2-41e0-8c6b-465eb898d3f7,2026-09-07T12:15:05Z,FanDuel Sportsbook structured market feed,,VA,NFL,35607262,New England Patriots @ Seattle Seahawks,2026-09-10T00:15:00.000Z,FanDuel,751.181972898,passing_touchdowns,Drake Maye - Passing TDs,,Drake Maye,48103561,over,1.5,138,2.38,0.42016806722689076,open,,,2026-09-07T12:15:05Z,,,,,v3-forward-measurement
885eb5d7-54c0-4a00-bd8f-a865282072c5,f60b2e05-28a3-46ff-992f-42d281120c8c,2026-09-07T12:15:05Z,FanDuel Sportsbook structured market feed,,VA,NFL,35607262,New England Patriots @ Seattle Seahawks,2026-09-10T00:15:00.000Z,FanDuel,751.181972898,passing_touchdowns,Drake Maye - Passing TDs,,Drake Maye,48103562,under,1.5,-186,1.537634408602151,0.6503496503496503,open,,,2026-09-07T12:15:05Z,,,,,v3-forward-measurement
885eb5d7-54c0-4a00-bd8f-a865282072c5,fb8c72a3-8e4f-46cf-a6f3-81a224c0e690,2026-09-07T12:15:05Z,FanDuel Sportsbook structured market feed,,VA,NFL,35607262,New England Patriots @ Seattle Seahawks,2026-09-10T00:15:00.000Z,FanDuel,751.181972949,passing_yards,Drake Maye - Passing Yds,,Drake Maye,48103561,over,232.5,-114,1.87719298245614,0.5327102803738317,open,,,2026-09-07T12:15:05Z,,,,,v3-forward-measurement
885eb5d7-54c0-4a00-bd8f-a865282072c5,4e606185-4ad3-41aa-9f04-10365071d5a1,2026-09-07T12:15:05Z,FanDuel Sportsbook structured market feed,,VA,NFL,35607262,New England Patriots @ Seattle Seahawks,2026-09-10T00:15:00.000Z,FanDuel,751.181972949,passing_yards,Drake Maye - Passing Yds,,Drake Maye,48103562,under,232.5,-114,1.87719298245614,0.5327102803738317,open,,,2026-09-07T12:15:05Z,,,,,v3-forward-measurement
885eb5d7-54c0-4a00-bd8f-a865282072c5,5c3bff2c-75c7-4860-ad26-71d97ac2d3af,2026-09-07T12:15:05Z,FanDuel Sportsbook structured market feed,,VA,NFL,35607262,New England Patriots @ Seattle Seahawks,2026-09-10T00:15:00.000Z,FanDuel,751.181972904,passing_yards,Sam Darnold - Passing Yds,,Sam Darnold,16579527,over,228.5,-114,1.87719298245614,0.5327102803738317,open,,,2026-09-07T12:15:05Z,,,,,v3-forward-measurement
885eb5d7-54c0-4a00-bd8f-a865282072c5,d2a3ae0f-c9a5-4640-ab1f-b034f8273bc2,2026-09-07T12:15:05Z,FanDuel Sportsbook structured market feed,,VA,NFL,35607262,New England Patriots @ Seattle Seahawks,2026-09-10T00:15:00.000Z,FanDuel,751.181972904,passing_yards,Sam Darnold - Passing Yds,,Sam Darnold,16579528,under,228.5,-114,1.87719298245614,0.5327102803738317,open,,,2026-09-07T12:15:05Z,,,,,v3-forward-measurement
885eb5d7-54c0-4a00-bd8f-a865282072c5,5fcda8d0-4db3-4808-acd2-e32167c469f5,2026-09-07T12:15:05Z,FanDuel Sportsbook structured market feed,,VA,NFL,35607262,New England Patriots @ Seattle Seahawks,2026-09-10T00:15:00.000Z,FanDuel,751.181972893,passing_touchdowns,Sam Darnold - Passing TDs,,Sam Darnold,16579527,over,1.5,108,2.08,0.4807692307692308,open,,,2026-09-07T12:15:05Z,,,,,v3-forward-measurement
885eb5d7-54c0-4a00-bd8f-a865282072c5,3ae7af74-bb9f-4c47-acc0-3e2cb4dcea9f,2026-09-07T12:15:05Z,FanDuel Sportsbook structured market feed,,VA,NFL,35607262,New England Patriots @ Seattle Seahawks,2026-09-10T00:15:00.000Z,FanDuel,751.181972893,passing_touchdowns,Sam Darnold - Passing TDs,,Sam Darnold,16579528,under,1.5,-144,1.694444444444444,0.5901639344262295,open,,,2026-09-07T12:15:05Z,,,,,v3-forward-measurement
928a4b2a-bdba-4542-8d9c-c99708184c6f,ffcfaaea-d1dd-4890-814f-949643b18ec3,2026-09-07T12:15:05Z,FanDuel Sportsbook structured market feed,,VA,NFL,35607262,New England Patriots @ Seattle Seahawks,2026-09-10T00:15:00.000Z,FanDuel,751.181981485,rushing_yards,Sam Darnold - Rushing Yds,,Sam Darnold,16579527,over,5.5,-114,1.87719298245614,0.5327102803738317,open,,,2026-09-07T12:15:05Z,,,,,v3-forward-measurement
928a4b2a-bdba-4542-8d9c-c99708184c6f,faedd9a2-f95a-4184-93dc-77b3eab9a475,2026-09-07T12:15:05Z,FanDuel Sportsbook structured market feed,,VA,NFL,35607262,New England Patriots @ Seattle Seahawks,2026-09-10T00:15:00.000Z,FanDuel,751.181981485,rushing_yards,Sam Darnold - Rushing Yds,,Sam Darnold,16579528,under,5.5,-114,1.87719298245614,0.5327102803738317,open,,,2026-09-07T12:15:05Z,,,,,v3-forward-measurement
928a4b2a-bdba-4542-8d9c-c99708184c6f,b05d2cd2-d375-41a2-af19-390174753e5b,2026-09-07T12:15:05Z,FanDuel Sportsbook structured market feed,,VA,NFL,35607262,New England Patriots @ Seattle Seahawks,2026-09-10T00:15:00.000Z,FanDuel,751.181978652,rushing_yards,Drake Maye - Rushing Yds,,Drake Maye,48103561,over,24.5,-114,1.87719298245614,0.5327102803738317,open,,,2026-09-07T12:15:05Z,,,,,v3-forward-measurement
928a4b2a-bdba-4542-8d9c-c99708184c6f,b3564a05-579f-4b4a-b0d6-0ee7a670afdb,2026-09-07T12:15:05Z,FanDuel Sportsbook structured market feed,,VA,NFL,35607262,New England Patriots @ Seattle Seahawks,2026-09-10T00:15:00.000Z,FanDuel,751.181978652,rushing_yards,Drake Maye - Rushing Yds,,Drake Maye,48103562,under,24.5,-114,1.87719298245614,0.5327102803738317,open,,,2026-09-07T12:15:05Z,,,,,v3-forward-measurement
928a4b2a-bdba-4542-8d9c-c99708184c6f,5a0b1500-5686-4827-8bac-85f6f8267a84,2026-09-07T12:15:05Z,FanDuel Sportsbook structured market feed,,VA,NFL,35607262,New England Patriots @ Seattle Seahawks,2026-09-10T00:15:00.000Z,FanDuel,751.181978424,rushing_yards,Jadarian Price - Rushing Yds,,Jadarian Price,101883640,over,51.5,-114,1.87719298245614,0.5327102803738317,open,,,2026-09-07T12:15:05Z,,,,,v3-forward-measurement
928a4b2a-bdba-4542-8d9c-c99708184c6f,2702660c-8733-4451-97f8-f69178c20f21,2026-09-07T12:15:05Z,FanDuel Sportsbook structured market feed,,VA,NFL,35607262,New England Patriots @ Seattle Seahawks,2026-09-10T00:15:00.000Z,FanDuel,751.181978424,rushing_yards,Jadarian Price - Rushing Yds,,Jadarian Price,101883641,under,51.5,-114,1.87719298245614,0.5327102803738317,open,,,2026-09-07T12:15:05Z,,,,,v3-forward-measurement
928a4b2a-bdba-4542-8d9c-c99708184c6f,55af0e6e-2b4f-4cc5-8711-9f34b475f561,2026-09-07T12:15:05Z,FanDuel Sportsbook structured market feed,,VA,NFL,35607262,New England Patriots @ Seattle Seahawks,2026-09-10T00:15:00.000Z,FanDuel,751.181978425,rushing_yards,George Holani - Rushing Yds,,George Holani,48141225,over,20.5,-114,1.87719298245614,0.5327102803738317,open,,,2026-09-07T12:15:05Z,,,,,v3-forward-measurement
928a4b2a-bdba-4542-8d9c-c99708184c6f,031d6240-5862-4b21-9ee5-016d2fe576fa,2026-09-07T12:15:05Z,FanDuel Sportsbook structured market feed,,VA,NFL,35607262,New England Patriots @ Seattle Seahawks,2026-09-10T00:15:00.000Z,FanDuel,751.181978425,rushing_yards,George Holani - Rushing Yds,,George Holani,48141223,under,20.5,-114,1.87719298245614,0.5327102803738317,open,,,2026-09-07T12:15:05Z,,,,,v3-forward-measurement
928a4b2a-bdba-4542-8d9c-c99708184c6f,d7ce01d6-9b2c-4d4e-b96a-8039f362fe75,2026-09-07T12:15:05Z,FanDuel Sportsbook structured market feed,,VA,NFL,35607262,New England Patriots @ Seattle Seahawks,2026-09-10T00:15:00.000Z,FanDuel,751.181978427,rushing_yards,Rhamondre Stevenson - Rushing Yds,,Rhamondre Stevenson,40916587,over,54.5,-114,1.87719298245614,0.5327102803738317,open,,,2026-09-07T12:15:05Z,,,,,v3-forward-measurement
928a4b2a-bdba-4542-8d9c-c99708184c6f,2ce6ea93-de79-43a6-bad2-b67d96071910,2026-09-07T12:15:05Z,FanDuel Sportsbook structured market feed,,VA,NFL,35607262,New England Patriots @ Seattle Seahawks,2026-09-10T00:15:00.000Z,FanDuel,751.181978427,rushing_yards,Rhamondre Stevenson - Rushing Yds,,Rhamondre Stevenson,40916584,under,54.5,-114,1.87719298245614,0.5327102803738317,open,,,2026-09-07T12:15:05Z,,,,,v3-forward-measurement
928a4b2a-bdba-4542-8d9c-c99708184c6f,0346cdcc-dd6e-4b71-8c24-7a1facbf37ba,2026-09-07T12:15:05Z,FanDuel Sportsbook structured market feed,,VA,NFL,35607262,New England Patriots @ Seattle Seahawks,2026-09-10T00:15:00.000Z,FanDuel,751.184116935,rushing_yards,Rashid Shaheed - Rushing Yds,,Rashid Shaheed,49450855,over,2.5,-114,1.87719298245614,0.5327102803738317,open,,,2026-09-07T12:15:05Z,,,,,v3-forward-measurement
928a4b2a-bdba-4542-8d9c-c99708184c6f,5a963861-8b65-4835-8a4b-c07d9b24009e,2026-09-07T12:15:05Z,FanDuel Sportsbook structured market feed,,VA,NFL,35607262,New England Patriots @ Seattle Seahawks,2026-09-10T00:15:00.000Z,FanDuel,751.184116935,rushing_yards,Rashid Shaheed - Rushing Yds,,Rashid Shaheed,49450856,under,2.5,-114,1.87719298245614,0.5327102803738317,open,,,2026-09-07T12:15:05Z,,,,,v3-forward-measurement
5541d3f0-7a6d-48a7-a65f-41b3b13f0871,1136b5f5-341d-4e0b-b72d-ec380097ef09,2026-09-07T12:15:05Z,FanDuel Sportsbook structured market feed,,VA,NFL,35607262,New England Patriots @ Seattle Seahawks,2026-09-10T00:15:00.000Z,FanDuel,751.183848470,receptions,Rhamondre Stevenson - Total Receptions,,Rhamondre Stevenson,40916587,over,2.5,-180,1.555555555555556,0.6428571428571429,open,,,2026-09-07T12:15:05Z,,,,,v3-forward-measurement
5541d3f0-7a6d-48a7-a65f-41b3b13f0871,7595209d-b7cb-4a31-8b40-add66cb672fa,2026-09-07T12:15:05Z,FanDuel Sportsbook structured market feed,,VA,NFL,35607262,New England Patriots @ Seattle Seahawks,2026-09-10T00:15:00.000Z,FanDuel,751.183848470,receptions,Rhamondre Stevenson - Total Receptions,,Rhamondre Stevenson,40916584,under,2.5,134,2.34,0.42735042735042733,open,,,2026-09-07T12:15:05Z,,,,,v3-forward-measurement
5541d3f0-7a6d-48a7-a65f-41b3b13f0871,99ae1db7-0e06-4c25-82d9-7bf32448dd6a,2026-09-07T12:15:05Z,FanDuel Sportsbook structured market feed,,VA,NFL,35607262,New England Patriots @ Seattle Seahawks,2026-09-10T00:15:00.000Z,FanDuel,751.181982010,receptions,A.J. Brown - Total Receptions,,A.J. Brown,40913464,over,4.5,-148,1.675675675675676,0.5967741935483871,open,,,2026-09-07T12:15:05Z,,,,,v3-forward-measurement
5541d3f0-7a6d-48a7-a65f-41b3b13f0871,a2acd41e-5568-4f81-8f52-01bf5208952c,2026-09-07T12:15:05Z,FanDuel Sportsbook structured market feed,,VA,NFL,35607262,New England Patriots @ Seattle Seahawks,2026-09-10T00:15:00.000Z,FanDuel,751.181982010,receptions,A.J. Brown - Total Receptions,,A.J. Brown,40913463,under,4.5,112,2.12,0.4716981132075472,open,,,2026-09-07T12:15:05Z,,,,,v3-forward-measurement
5541d3f0-7a6d-48a7-a65f-41b3b13f0871,52701799-1b68-47c5-9fc6-1da7af262f76,2026-09-07T12:15:05Z,FanDuel Sportsbook structured market feed,,VA,NFL,35607262,New England Patriots @ Seattle Seahawks,2026-09-10T00:15:00.000Z,FanDuel,751.182711369,receptions,Demario Douglas - Total Receptions,,Demario Douglas,41072009,over,1.5,-162,1.617283950617284,0.6183206106870229,open,,,2026-09-07T12:15:05Z,,,,,v3-forward-measurement
5541d3f0-7a6d-48a7-a65f-41b3b13f0871,e39c9dc5-8dfb-4ed0-acc3-9eb5ec8725df,2026-09-07T12:15:05Z,FanDuel Sportsbook structured market feed,,VA,NFL,35607262,New England Patriots @ Seattle Seahawks,2026-09-10T00:15:00.000Z,FanDuel,751.182711369,receptions,Demario Douglas - Total Receptions,,Demario Douglas,41072008,under,1.5,122,2.22,0.45045045045045046,open,,,2026-09-07T12:15:05Z,,,,,v3-forward-measurement
5541d3f0-7a6d-48a7-a65f-41b3b13f0871,09bd90c9-6780-4950-aa05-63d051198980,2026-09-07T12:15:05Z,FanDuel Sportsbook structured market feed,,VA,NFL,35607262,New England Patriots @ Seattle Seahawks,2026-09-10T00:15:00.000Z,FanDuel,751.185116370,receptions,George Holani - Total Receptions,,George Holani,48141225,over,1.5,-172,1.581395348837209,0.6323529411764706,open,,,2026-09-07T12:15:05Z,,,,,v3-forward-measurement
5541d3f0-7a6d-48a7-a65f-41b3b13f0871,4e7609fb-1cc2-4bf0-8d3f-07a1ade5b5c6,2026-09-07T12:15:05Z,FanDuel Sportsbook structured market feed,,VA,NFL,35607262,New England Patriots @ Seattle Seahawks,2026-09-10T00:15:00.000Z,FanDuel,751.185116370,receptions,George Holani - Total Receptions,,George Holani,48141223,under,1.5,128,2.28,0.43859649122807015,open,,,2026-09-07T12:15:05Z,,,,,v3-forward-measurement
5541d3f0-7a6d-48a7-a65f-41b3b13f0871,474e6499-75d4-49c0-a96e-d3d1d5639602,2026-09-07T12:15:05Z,FanDuel Sportsbook structured market feed,,VA,NFL,35607262,New England Patriots @ Seattle Seahawks,2026-09-10T00:15:00.000Z,FanDuel,751.181985299,receptions,AJ Barner - Total Receptions,,AJ Barner,48063414,over,2.5,-158,1.632911392405063,0.6124031007751938,open,,,2026-09-07T12:15:05Z,,,,,v3-forward-measurement
5541d3f0-7a6d-48a7-a65f-41b3b13f0871,ddd0c35f-47b2-4ded-a030-2810c16ca324,2026-09-07T12:15:05Z,FanDuel Sportsbook structured market feed,,VA,NFL,35607262,New England Patriots @ Seattle Seahawks,2026-09-10T00:15:00.000Z,FanDuel,751.181985299,receptions,AJ Barner - Total Receptions,,AJ Barner,48063412,under,2.5,118,2.18,0.45871559633027525,open,,,2026-09-07T12:15:05Z,,,,,v3-forward-measurement
5541d3f0-7a6d-48a7-a65f-41b3b13f0871,4599154e-541c-4429-ab51-71917ff8fb0f,2026-09-07T12:15:05Z,FanDuel Sportsbook structured market feed,,VA,NFL,35607262,New England Patriots @ Seattle Seahawks,2026-09-10T00:15:00.000Z,FanDuel,751.182711373,receiving_yards,Hunter Henry - Receiving Yds,,Hunter Henry,11851338,over,34.5,-114,1.87719298245614,0.5327102803738317,open,,,2026-09-07T12:15:05Z,,,,,v3-forward-measurement
5541d3f0-7a6d-48a7-a65f-41b3b13f0871,da3d47bb-f70d-4387-8868-32e9e3ea70cf,2026-09-07T12:15:05Z,FanDuel Sportsbook structured market feed,,VA,NFL,35607262,New England Patriots @ Seattle Seahawks,2026-09-10T00:15:00.000Z,FanDuel,751.182711373,receiving_yards,Hunter Henry - Receiving Yds,,Hunter Henry,11851337,under,34.5,-114,1.87719298245614,0.5327102803738317,open,,,2026-09-07T12:15:05Z,,,,,v3-forward-measurement
5541d3f0-7a6d-48a7-a65f-41b3b13f0871,2c58b0c4-e3ef-47d7-b08e-2cfd11c68c3b,2026-09-07T12:15:05Z,FanDuel Sportsbook structured market feed,,VA,NFL,35607262,New England Patriots @ Seattle Seahawks,2026-09-10T00:15:00.000Z,FanDuel,751.181981813,receptions,Jaxon Smith-Njigba - Total Receptions,,Jaxon Smith-Njigba,41158865,over,6.5,-102,1.980392156862745,0.504950495049505,open,,,2026-09-07T12:15:05Z,,,,,v3-forward-measurement
5541d3f0-7a6d-48a7-a65f-41b3b13f0871,4f91de98-22cf-4fb0-b920-015c38cf4911,2026-09-07T12:15:05Z,FanDuel Sportsbook structured market feed,,VA,NFL,35607262,New England Patriots @ Seattle Seahawks,2026-09-10T00:15:00.000Z,FanDuel,751.181981813,receptions,Jaxon Smith-Njigba - Total Receptions,,Jaxon Smith-Njigba,41158864,under,6.5,-130,1.769230769230769,0.5652173913043478,open,,,2026-09-07T12:15:05Z,,,,,v3-forward-measurement
5541d3f0-7a6d-48a7-a65f-41b3b13f0871,fa51dc15-61f5-4ec6-a676-3792bf5567fb,2026-09-07T12:15:05Z,FanDuel Sportsbook structured market feed,,VA,NFL,35607262,New England Patriots @ Seattle Seahawks,2026-09-10T00:15:00.000Z,FanDuel,751.182711374,receiving_yards,Demario Douglas - Receiving Yds,,Demario Douglas,41072009,over,18.5,-114,1.87719298245614,0.5327102803738317,open,,,2026-09-07T12:15:05Z,,,,,v3-forward-measurement
5541d3f0-7a6d-48a7-a65f-41b3b13f0871,f4426bd9-92a0-48e4-a4ed-a20761c49fd0,2026-09-07T12:15:05Z,FanDuel Sportsbook structured market feed,,VA,NFL,35607262,New England Patriots @ Seattle Seahawks,2026-09-10T00:15:00.000Z,FanDuel,751.182711374,receiving_yards,Demario Douglas - Receiving Yds,,Demario Douglas,41072008,under,18.5,-114,1.87719298245614,0.5327102803738317,open,,,2026-09-07T12:15:05Z,,,,,v3-forward-measurement
5541d3f0-7a6d-48a7-a65f-41b3b13f0871,a41cf24d-d7e4-4b43-868f-c46342684486,2026-09-07T12:15:05Z,FanDuel Sportsbook structured market feed,,VA,NFL,35607262,New England Patriots @ Seattle Seahawks,2026-09-10T00:15:00.000Z,FanDuel,751.182711375,receptions,Hunter Henry - Total Receptions,,Hunter Henry,11851338,over,3.5,134,2.34,0.42735042735042733,open,,,2026-09-07T12:15:05Z,,,,,v3-forward-measurement
5541d3f0-7a6d-48a7-a65f-41b3b13f0871,9b272224-32c2-4a9a-95f5-51ac5b0a88cf,2026-09-07T12:15:05Z,FanDuel Sportsbook structured market feed,,VA,NFL,35607262,New England Patriots @ Seattle Seahawks,2026-09-10T00:15:00.000Z,FanDuel,751.182711375,receptions,Hunter Henry - Total Receptions,,Hunter Henry,11851337,under,3.5,-180,1.555555555555556,0.6428571428571429,open,,,2026-09-07T12:15:05Z,,,,,v3-forward-measurement
5541d3f0-7a6d-48a7-a65f-41b3b13f0871,9120a5fc-6c05-4c33-b0f3-04b830a43b1e,2026-09-07T12:15:05Z,FanDuel Sportsbook structured market feed,,VA,NFL,35607262,New England Patriots @ Seattle Seahawks,2026-09-10T00:15:00.000Z,FanDuel,751.181981815,receiving_yards,Jaxon Smith-Njigba - Receiving Yds,,Jaxon Smith-Njigba,41158865,over,82.5,-114,1.87719298245614,0.5327102803738317,open,,,2026-09-07T12:15:05Z,,,,,v3-forward-measurement
5541d3f0-7a6d-48a7-a65f-41b3b13f0871,e44968d8-ea5f-464c-9850-f2b7258cc288,2026-09-07T12:15:05Z,FanDuel Sportsbook structured market feed,,VA,NFL,35607262,New England Patriots @ Seattle Seahawks,2026-09-10T00:15:00.000Z,FanDuel,751.181981815,receiving_yards,Jaxon Smith-Njigba - Receiving Yds,,Jaxon Smith-Njigba,41158864,under,82.5,-114,1.87719298245614,0.5327102803738317,open,,,2026-09-07T12:15:05Z,,,,,v3-forward-measurement
5541d3f0-7a6d-48a7-a65f-41b3b13f0871,62302e75-6a26-40f0-b0b3-5930433a4578,2026-09-07T12:15:05Z,FanDuel Sportsbook structured market feed,,VA,NFL,35607262,New England Patriots @ Seattle Seahawks,2026-09-10T00:15:00.000Z,FanDuel,751.181983000,receptions,Rashid Shaheed - Total Receptions,,Rashid Shaheed,49450855,over,2.5,-108,1.925925925925926,0.5192307692307693,open,,,2026-09-07T12:15:05Z,,,,,v3-forward-measurement
5541d3f0-7a6d-48a7-a65f-41b3b13f0871,40a55c51-53a6-4618-bada-599b5744a106,2026-09-07T12:15:05Z,FanDuel Sportsbook structured market feed,,VA,NFL,35607262,New England Patriots @ Seattle Seahawks,2026-09-10T00:15:00.000Z,FanDuel,751.181983000,receptions,Rashid Shaheed - Total Receptions,,Rashid Shaheed,49450856,under,2.5,-122,1.819672131147541,0.5495495495495496,open,,,2026-09-07T12:15:05Z,,,,,v3-forward-measurement
5541d3f0-7a6d-48a7-a65f-41b3b13f0871,776b2176-61a7-453e-9719-1bef3281e2dd,2026-09-07T12:15:05Z,FanDuel Sportsbook structured market feed,,VA,NFL,35607262,New England Patriots @ Seattle Seahawks,2026-09-10T00:15:00.000Z,FanDuel,751.183848458,receiving_yards,Rhamondre Stevenson - Receiving Yds,,Rhamondre Stevenson,40916587,over,23.5,-114,1.87719298245614,0.5327102803738317,open,,,2026-09-07T12:15:05Z,,,,,v3-forward-measurement
5541d3f0-7a6d-48a7-a65f-41b3b13f0871,9eceea90-e332-4aa8-bed8-5d2414b2dbdc,2026-09-07T12:15:05Z,FanDuel Sportsbook structured market feed,,VA,NFL,35607262,New England Patriots @ Seattle Seahawks,2026-09-10T00:15:00.000Z,FanDuel,751.183848458,receiving_yards,Rhamondre Stevenson - Receiving Yds,,Rhamondre Stevenson,40916584,under,23.5,-114,1.87719298245614,0.5327102803738317,open,,,2026-09-07T12:15:05Z,,,,,v3-forward-measurement
5541d3f0-7a6d-48a7-a65f-41b3b13f0871,cf055614-9ff0-471a-a579-03421b850bf7,2026-09-07T12:15:05Z,FanDuel Sportsbook structured market feed,,VA,NFL,35607262,New England Patriots @ Seattle Seahawks,2026-09-10T00:15:00.000Z,FanDuel,751.181985303,receiving_yards,AJ Barner - Receiving Yds,,AJ Barner,48063414,over,24.5,-114,1.87719298245614,0.5327102803738317,open,,,2026-09-07T12:15:05Z,,,,,v3-forward-measurement
5541d3f0-7a6d-48a7-a65f-41b3b13f0871,05f8f096-284b-49c4-9494-5a75603253ac,2026-09-07T12:15:05Z,FanDuel Sportsbook structured market feed,,VA,NFL,35607262,New England Patriots @ Seattle Seahawks,2026-09-10T00:15:00.000Z,FanDuel,751.181985303,receiving_yards,AJ Barner - Receiving Yds,,AJ Barner,48063412,under,24.5,-114,1.87719298245614,0.5327102803738317,open,,,2026-09-07T12:15:05Z,,,,,v3-forward-measurement
5541d3f0-7a6d-48a7-a65f-41b3b13f0871,66e715d1-9f70-4dfa-a0e4-8f6c847475e3,2026-09-07T12:15:05Z,FanDuel Sportsbook structured market feed,,VA,NFL,35607262,New England Patriots @ Seattle Seahawks,2026-09-10T00:15:00.000Z,FanDuel,751.184817447,receptions,Jadarian Price - Total Receptions,,Jadarian Price,101883640,over,1.5,112,2.12,0.4716981132075472,open,,,2026-09-07T12:15:05Z,,,,,v3-forward-measurement
5541d3f0-7a6d-48a7-a65f-41b3b13f0871,5ad60dcb-c0ca-46ae-9b93-8da13d5d0f67,2026-09-07T12:15:05Z,FanDuel Sportsbook structured market feed,,VA,NFL,35607262,New England Patriots @ Seattle Seahawks,2026-09-10T00:15:00.000Z,FanDuel,751.184817447,receptions,Jadarian Price - Total Receptions,,Jadarian Price,101883641,under,1.5,-148,1.675675675675676,0.5967741935483871,open,,,2026-09-07T12:15:05Z,,,,,v3-forward-measurement
5541d3f0-7a6d-48a7-a65f-41b3b13f0871,4ecba382-26e3-47ad-ba3e-395ae8cd41d2,2026-09-07T12:15:05Z,FanDuel Sportsbook structured market feed,,VA,NFL,35607262,New England Patriots @ Seattle Seahawks,2026-09-10T00:15:00.000Z,FanDuel,751.181982234,receiving_yards,Romeo Doubs - Receiving Yds,,Romeo Doubs,42169650,over,36.5,-114,1.87719298245614,0.5327102803738317,open,,,2026-09-07T12:15:05Z,,,,,v3-forward-measurement
5541d3f0-7a6d-48a7-a65f-41b3b13f0871,30a2bcb5-e8e4-4875-ba18-be0256ae8f81,2026-09-07T12:15:05Z,FanDuel Sportsbook structured market feed,,VA,NFL,35607262,New England Patriots @ Seattle Seahawks,2026-09-10T00:15:00.000Z,FanDuel,751.181982234,receiving_yards,Romeo Doubs - Receiving Yds,,Romeo Doubs,42169657,under,36.5,-114,1.87719298245614,0.5327102803738317,open,,,2026-09-07T12:15:05Z,,,,,v3-forward-measurement
5541d3f0-7a6d-48a7-a65f-41b3b13f0871,cda5f5c7-79aa-45ce-90d0-2f8f25a5ff27,2026-09-07T12:15:05Z,FanDuel Sportsbook structured market feed,,VA,NFL,35607262,New England Patriots @ Seattle Seahawks,2026-09-10T00:15:00.000Z,FanDuel,751.184817448,receiving_yards,Jadarian Price - Receiving Yds,,Jadarian Price,101883640,over,8.5,-114,1.87719298245614,0.5327102803738317,open,,,2026-09-07T12:15:05Z,,,,,v3-forward-measurement
5541d3f0-7a6d-48a7-a65f-41b3b13f0871,934fa091-c9b0-4110-98bd-eba3e84b5fd5,2026-09-07T12:15:05Z,FanDuel Sportsbook structured market feed,,VA,NFL,35607262,New England Patriots @ Seattle Seahawks,2026-09-10T00:15:00.000Z,FanDuel,751.184817448,receiving_yards,Jadarian Price - Receiving Yds,,Jadarian Price,101883641,under,8.5,-114,1.87719298245614,0.5327102803738317,open,,,2026-09-07T12:15:05Z,,,,,v3-forward-measurement
5541d3f0-7a6d-48a7-a65f-41b3b13f0871,73ac7f24-74c3-4a57-a704-f259d7745849,2026-09-07T12:15:05Z,FanDuel Sportsbook structured market feed,,VA,NFL,35607262,New England Patriots @ Seattle Seahawks,2026-09-10T00:15:00.000Z,FanDuel,751.181983001,receiving_yards,Rashid Shaheed - Receiving Yds,,Rashid Shaheed,49450855,over,31.5,-114,1.87719298245614,0.5327102803738317,open,,,2026-09-07T12:15:05Z,,,,,v3-forward-measurement
5541d3f0-7a6d-48a7-a65f-41b3b13f0871,7bb74e66-0b43-41f8-ae39-641f19b0ce88,2026-09-07T12:15:05Z,FanDuel Sportsbook structured market feed,,VA,NFL,35607262,New England Patriots @ Seattle Seahawks,2026-09-10T00:15:00.000Z,FanDuel,751.181983001,receiving_yards,Rashid Shaheed - Receiving Yds,,Rashid Shaheed,49450856,under,31.5,-114,1.87719298245614,0.5327102803738317,open,,,2026-09-07T12:15:05Z,,,,,v3-forward-measurement
5541d3f0-7a6d-48a7-a65f-41b3b13f0871,76e8e337-bd86-49b0-b599-6ff53416de00,2026-09-07T12:15:05Z,FanDuel Sportsbook structured market feed,,VA,NFL,35607262,New England Patriots @ Seattle Seahawks,2026-09-10T00:15:00.000Z,FanDuel,751.181982239,receptions,Romeo Doubs - Total Receptions,,Romeo Doubs,42169650,over,3.5,116,2.16,0.46296296296296297,open,,,2026-09-07T12:15:05Z,,,,,v3-forward-measurement
5541d3f0-7a6d-48a7-a65f-41b3b13f0871,2d40d534-78b1-4e24-a868-d63f400ff0d1,2026-09-07T12:15:05Z,FanDuel Sportsbook structured market feed,,VA,NFL,35607262,New England Patriots @ Seattle Seahawks,2026-09-10T00:15:00.000Z,FanDuel,751.181982239,receptions,Romeo Doubs - Total Receptions,,Romeo Doubs,42169657,under,3.5,-154,1.649350649350649,0.6062992125984252,open,,,2026-09-07T12:15:05Z,,,,,v3-forward-measurement
5541d3f0-7a6d-48a7-a65f-41b3b13f0871,b04e9f05-550f-4ca7-88c8-e51a0d5ccf8f,2026-09-07T12:15:05Z,FanDuel Sportsbook structured market feed,,VA,NFL,35607262,New England Patriots @ Seattle Seahawks,2026-09-10T00:15:00.000Z,FanDuel,751.185116369,receiving_yards,George Holani - Receiving Yds,,George Holani,48141225,over,11.5,-114,1.87719298245614,0.5327102803738317,open,,,2026-09-07T12:15:05Z,,,,,v3-forward-measurement
5541d3f0-7a6d-48a7-a65f-41b3b13f0871,89829f86-068d-49a5-bb4d-5ff95d714a5b,2026-09-07T12:15:05Z,FanDuel Sportsbook structured market feed,,VA,NFL,35607262,New England Patriots @ Seattle Seahawks,2026-09-10T00:15:00.000Z,FanDuel,751.185116369,receiving_yards,George Holani - Receiving Yds,,George Holani,48141223,under,11.5,-114,1.87719298245614,0.5327102803738317,open,,,2026-09-07T12:15:05Z,,,,,v3-forward-measurement
5541d3f0-7a6d-48a7-a65f-41b3b13f0871,ced9aa30-86ea-4380-856b-f0d6f923a306,2026-09-07T12:15:05Z,FanDuel Sportsbook structured market feed,,VA,NFL,35607262,New England Patriots @ Seattle Seahawks,2026-09-10T00:15:00.000Z,FanDuel,751.181982007,receiving_yards,A.J. Brown - Receiving Yds,,A.J. Brown,40913464,over,60.5,-114,1.87719298245614,0.5327102803738317,open,,,2026-09-07T12:15:05Z,,,,,v3-forward-measurement
5541d3f0-7a6d-48a7-a65f-41b3b13f0871,5cfe1a0d-2cfc-4077-9515-6e2b2d8b7289,2026-09-07T12:15:05Z,FanDuel Sportsbook structured market feed,,VA,NFL,35607262,New England Patriots @ Seattle Seahawks,2026-09-10T00:15:00.000Z,FanDuel,751.181982007,receiving_yards,A.J. Brown - Receiving Yds,,A.J. Brown,40913463,under,60.5,-114,1.87719298245614,0.5327102803738317,open,,,2026-09-07T12:15:05Z,,,,,v3-forward-measurement
5541d3f0-7a6d-48a7-a65f-41b3b13f0871,c731af5e-b9d2-48a8-832e-c448e7ae9dcc,2026-09-07T12:15:05Z,FanDuel Sportsbook structured market feed,,VA,NFL,35607262,New England Patriots @ Seattle Seahawks,2026-09-10T00:15:00.000Z,FanDuel,751.181982844,receptions,Cooper Kupp - Total Receptions,,Cooper Kupp,14944768,over,2.5,-132,1.757575757575758,0.5689655172413793,open,,,2026-09-07T12:15:05Z,,,,,v3-forward-measurement
5541d3f0-7a6d-48a7-a65f-41b3b13f0871,0d8ff9d9-d928-48e8-9a65-042bdc470b62,2026-09-07T12:15:05Z,FanDuel Sportsbook structured market feed,,VA,NFL,35607262,New England Patriots @ Seattle Seahawks,2026-09-10T00:15:00.000Z,FanDuel,751.181982844,receptions,Cooper Kupp - Total Receptions,,Cooper Kupp,14944769,under,2.5,100,2,0.5,open,,,2026-09-07T12:15:05Z,,,,,v3-forward-measurement
5541d3f0-7a6d-48a7-a65f-41b3b13f0871,75f7c630-5632-4233-ab21-6d282fcd6ab3,2026-09-07T12:15:05Z,FanDuel Sportsbook structured market feed,,VA,NFL,35607262,New England Patriots @ Seattle Seahawks,2026-09-10T00:15:00.000Z,FanDuel,751.181982849,receiving_yards,Cooper Kupp - Receiving Yds,,Cooper Kupp,14944768,over,29.5,-114,1.87719298245614,0.5327102803738317,open,,,2026-09-07T12:15:05Z,,,,,v3-forward-measurement
5541d3f0-7a6d-48a7-a65f-41b3b13f0871,3a0d4b55-cadf-4c2d-ad20-c0730b36c8db,2026-09-07T12:15:05Z,FanDuel Sportsbook structured market feed,,VA,NFL,35607262,New England Patriots @ Seattle Seahawks,2026-09-10T00:15:00.000Z,FanDuel,751.181982849,receiving_yards,Cooper Kupp - Receiving Yds,,Cooper Kupp,14944769,under,29.5,-114,1.87719298245614,0.5327102803738317,open,,,2026-09-07T12:15:05Z,,,,,v3-forward-measurement
d1f99f77-eeca-4d8a-b31d-d604ebc54528,c98f3531-f254-4d77-961b-db23c06add61,2026-09-07T12:15:05Z,FanDuel Sportsbook structured market feed,,VA,NFL,35607426,Chicago Bears @ Carolina Panthers,2026-09-13T17:01:00.000Z,FanDuel,751.183908485,passing_touchdowns,Bryce Young - Passing TDs,,Bryce Young,41172024,over,1.5,116,2.16,0.46296296296296297,open,,,2026-09-07T12:15:05Z,,,,,v3-forward-measurement
d1f99f77-eeca-4d8a-b31d-d604ebc54528,8cea56af-c208-4a31-9d3c-2a989540bfe7,2026-09-07T12:15:05Z,FanDuel Sportsbook structured market feed,,VA,NFL,35607426,Chicago Bears @ Carolina Panthers,2026-09-13T17:01:00.000Z,FanDuel,751.183908485,passing_touchdowns,Bryce Young - Passing TDs,,Bryce Young,41172023,under,1.5,-154,1.649350649350649,0.6062992125984252,open,,,2026-09-07T12:15:05Z,,,,,v3-forward-measurement
d1f99f77-eeca-4d8a-b31d-d604ebc54528,f425314a-04dd-410e-91b8-d266a7e2e758,2026-09-07T12:15:05Z,FanDuel Sportsbook structured market feed,,VA,NFL,35607426,Chicago Bears @ Carolina Panthers,2026-09-13T17:01:00.000Z,FanDuel,751.183908396,passing_yards,Bryce Young - Passing Yds,,Bryce Young,41172024,over,208.5,-114,1.87719298245614,0.5327102803738317,open,,,2026-09-07T12:15:05Z,,,,,v3-forward-measurement
d1f99f77-eeca-4d8a-b31d-d604ebc54528,7074c76e-9b2d-40e2-afc8-4977b3c3becb,2026-09-07T12:15:05Z,FanDuel Sportsbook structured market feed,,VA,NFL,35607426,Chicago Bears @ Carolina Panthers,2026-09-13T17:01:00.000Z,FanDuel,751.183908396,passing_yards,Bryce Young - Passing Yds,,Bryce Young,41172023,under,208.5,-114,1.87719298245614,0.5327102803738317,open,,,2026-09-07T12:15:05Z,,,,,v3-forward-measurement
d1f99f77-eeca-4d8a-b31d-d604ebc54528,df4bf44b-8346-4967-a8e0-c5de4408fcef,2026-09-07T12:15:05Z,FanDuel Sportsbook structured market feed,,VA,NFL,35607426,Chicago Bears @ Carolina Panthers,2026-09-13T17:01:00.000Z,FanDuel,751.183908512,passing_yards,Caleb Williams - Passing Yds,,Caleb Williams,41519457,over,226.5,-114,1.87719298245614,0.5327102803738317,open,,,2026-09-07T12:15:05Z,,,,,v3-forward-measurement
d1f99f77-eeca-4d8a-b31d-d604ebc54528,6827692b-a124-43dd-88a6-6b6c0f4e2c92,2026-09-07T12:15:05Z,FanDuel Sportsbook structured market feed,,VA,NFL,35607426,Chicago Bears @ Carolina Panthers,2026-09-13T17:01:00.000Z,FanDuel,751.183908512,passing_yards,Caleb Williams - Passing Yds,,Caleb Williams,41519458,under,226.5,-114,1.87719298245614,0.5327102803738317,open,,,2026-09-07T12:15:05Z,,,,,v3-forward-measurement
d1f99f77-eeca-4d8a-b31d-d604ebc54528,25d52eb7-1388-4fff-8f56-c2eb056d24a7,2026-09-07T12:15:05Z,FanDuel Sportsbook structured market feed,,VA,NFL,35607426,Chicago Bears @ Carolina Panthers,2026-09-13T17:01:00.000Z,FanDuel,751.183908472,passing_touchdowns,Caleb Williams - Passing TDs,,Caleb Williams,41519457,over,1.5,-106,1.943396226415094,0.5145631067961165,open,,,2026-09-07T12:15:05Z,,,,,v3-forward-measurement
d1f99f77-eeca-4d8a-b31d-d604ebc54528,548fcac7-c44d-4399-973f-6f40e970370c,2026-09-07T12:15:05Z,FanDuel Sportsbook structured market feed,,VA,NFL,35607426,Chicago Bears @ Carolina Panthers,2026-09-13T17:01:00.000Z,FanDuel,751.183908472,passing_touchdowns,Caleb Williams - Passing TDs,,Caleb Williams,41519458,under,1.5,-125,1.8,0.5555555555555556,open,,,2026-09-07T12:15:05Z,,,,,v3-forward-measurement
988ad72f-90d1-4d5e-913a-2f4e9ff655e9,48e9eedb-b63a-48d3-a66f-3b5f8638b672,2026-09-07T12:15:05Z,FanDuel Sportsbook structured market feed,,VA,NFL,35607426,Chicago Bears @ Carolina Panthers,2026-09-13T17:01:00.000Z,FanDuel,751.183913513,rushing_yards,Bryce Young - Rushing Yds,,Bryce Young,41172024,over,13.5,-114,1.87719298245614,0.5327102803738317,open,,,2026-09-07T12:15:05Z,,,,,v3-forward-measurement
988ad72f-90d1-4d5e-913a-2f4e9ff655e9,f23f6e51-63b7-43f1-81c4-ef46ec654d52,2026-09-07T12:15:05Z,FanDuel Sportsbook structured market feed,,VA,NFL,35607426,Chicago Bears @ Carolina Panthers,2026-09-13T17:01:00.000Z,FanDuel,751.183913513,rushing_yards,Bryce Young - Rushing Yds,,Bryce Young,41172023,under,13.5,-114,1.87719298245614,0.5327102803738317,open,,,2026-09-07T12:15:05Z,,,,,v3-forward-measurement
988ad72f-90d1-4d5e-913a-2f4e9ff655e9,cf9ba748-441b-40c1-919d-84e9323a0474,2026-09-07T12:15:05Z,FanDuel Sportsbook structured market feed,,VA,NFL,35607426,Chicago Bears @ Carolina Panthers,2026-09-13T17:01:00.000Z,FanDuel,751.185130842,rushing_yards,D'Andre Swift - Rushing Yds,,D'Andre Swift,36072091,over,69.5,-114,1.87719298245614,0.5327102803738317,open,,,2026-09-07T12:15:05Z,,,,,v3-forward-measurement
988ad72f-90d1-4d5e-913a-2f4e9ff655e9,df171964-ee76-4e52-8e8a-975a5b1805e4,2026-09-07T12:15:05Z,FanDuel Sportsbook structured market feed,,VA,NFL,35607426,Chicago Bears @ Carolina Panthers,2026-09-13T17:01:00.000Z,FanDuel,751.185130842,rushing_yards,D'Andre Swift - Rushing Yds,,D'Andre Swift,36072092,under,69.5,-114,1.87719298245614,0.5327102803738317,open,,,2026-09-07T12:15:05Z,,,,,v3-forward-measurement
988ad72f-90d1-4d5e-913a-2f4e9ff655e9,59f2bfa2-6c6f-4e07-8823-aa13e45934f7,2026-09-07T12:15:05Z,FanDuel Sportsbook structured market feed,,VA,NFL,35607426,Chicago Bears @ Carolina Panthers,2026-09-13T17:01:00.000Z,FanDuel,751.183913516,rushing_yards,Caleb Williams - Rushing Yds,,Caleb Williams,41519457,over,19.5,-114,1.87719298245614,0.5327102803738317,open,,,2026-09-07T12:15:05Z,,,,,v3-forward-measurement
988ad72f-90d1-4d5e-913a-2f4e9ff655e9,063941a8-467d-4428-9743-4ffacbf52951,2026-09-07T12:15:05Z,FanDuel Sportsbook structured market feed,,VA,NFL,35607426,Chicago Bears @ Carolina Panthers,2026-09-13T17:01:00.000Z,FanDuel,751.183913516,rushing_yards,Caleb Williams - Rushing Yds,,Caleb Williams,41519458,under,19.5,-114,1.87719298245614,0.5327102803738317,open,,,2026-09-07T12:15:05Z,,,,,v3-forward-measurement
3a583cda-0773-49f6-b177-1e483fb62a34,19f7048e-0c91-4c41-9388-b6f9cecf4a70,2026-09-07T12:15:05Z,FanDuel Sportsbook structured market feed,,VA,NFL,35607426,Chicago Bears @ Carolina Panthers,2026-09-13T17:01:00.000Z,FanDuel,751.184982586,receptions,Xavier Legette - Total Receptions,,Xavier Legette,59996927,over,1.5,-225,1.444444444444444,0.6923076923076923,open,,,2026-09-07T12:15:05Z,,,,,v3-forward-measurement
3a583cda-0773-49f6-b177-1e483fb62a34,cc1b1a24-785d-4d8a-86b0-f25334fc9593,2026-09-07T12:15:05Z,FanDuel Sportsbook structured market feed,,VA,NFL,35607426,Chicago Bears @ Carolina Panthers,2026-09-13T17:01:00.000Z,FanDuel,751.184982586,receptions,Xavier Legette - Total Receptions,,Xavier Legette,59996922,under,1.5,164,2.64,0.3787878787878788,open,,,2026-09-07T12:15:05Z,,,,,v3-forward-measurement
3a583cda-0773-49f6-b177-1e483fb62a34,43dae107-aaaf-491e-a194-74fef3c4bfda,2026-09-07T12:15:05Z,FanDuel Sportsbook structured market feed,,VA,NFL,35607426,Chicago Bears @ Carolina Panthers,2026-09-13T17:01:00.000Z,FanDuel,751.183908446,receiving_yards,Tetairoa McMillan - Receiving Yds,,Tetairoa McMillan,50551859,over,58.5,-114,1.87719298245614,0.5327102803738317,open,,,2026-09-07T12:15:05Z,,,,,v3-forward-measurement
3a583cda-0773-49f6-b177-1e483fb62a34,fe6a4c51-d83d-486c-bf57-56abe80acf73,2026-09-07T12:15:05Z,FanDuel Sportsbook structured market feed,,VA,NFL,35607426,Chicago Bears @ Carolina Panthers,2026-09-13T17:01:00.000Z,FanDuel,751.183908446,receiving_yards,Tetairoa McMillan - Receiving Yds,,Tetairoa McMillan,50551858,under,58.5,-114,1.87719298245614,0.5327102803738317,open,,,2026-09-07T12:15:05Z,,,,,v3-forward-measurement
3a583cda-0773-49f6-b177-1e483fb62a34,d96b9f64-b257-4f1d-a453-f69990e48f56,2026-09-07T12:15:05Z,FanDuel Sportsbook structured market feed,,VA,NFL,35607426,Chicago Bears @ Carolina Panthers,2026-09-13T17:01:00.000Z,FanDuel,751.183908449,receptions,Luther Burden III - Total Receptions,,Luther Burden III,48308845,over,4.5,-138,1.72463768115942,0.5798319327731093,open,,,2026-09-07T12:15:05Z,,,,,v3-forward-measurement
3a583cda-0773-49f6-b177-1e483fb62a34,c9164b52-ef74-4f5d-8474-aa67a20a641f,2026-09-07T12:15:05Z,FanDuel Sportsbook structured market feed,,VA,NFL,35607426,Chicago Bears @ Carolina Panthers,2026-09-13T17:01:00.000Z,FanDuel,751.183908449,receptions,Luther Burden III - Total Receptions,,Luther Burden III,48308850,under,4.5,104,2.04,0.49019607843137253,open,,,2026-09-07T12:15:05Z,,,,,v3-forward-measurement
3a583cda-0773-49f6-b177-1e483fb62a34,d9f7c067-d4c2-48d3-aa90-d3f56c5dd0fe,2026-09-07T12:15:05Z,FanDuel Sportsbook structured market feed,,VA,NFL,35607426,Chicago Bears @ Carolina Panthers,2026-09-13T17:01:00.000Z,FanDuel,751.183908427,receptions,Tetairoa McMillan - Total Receptions,,Tetairoa McMillan,50551859,over,4.5,-114,1.87719298245614,0.5327102803738317,open,,,2026-09-07T12:15:05Z,,,,,v3-forward-measurement
3a583cda-0773-49f6-b177-1e483fb62a34,4f3dbc08-63e0-4e3d-af9c-75a6ef6c7511,2026-09-07T12:15:05Z,FanDuel Sportsbook structured market feed,,VA,NFL,35607426,Chicago Bears @ Carolina Panthers,2026-09-13T17:01:00.000Z,FanDuel,751.183908427,receptions,Tetairoa McMillan - Total Receptions,,Tetairoa McMillan,50551858,under,4.5,-114,1.87719298245614,0.5327102803738317,open,,,2026-09-07T12:15:05Z,,,,,v3-forward-measurement
3a583cda-0773-49f6-b177-1e483fb62a34,d3366886-762c-442e-9676-45e4551099b1,2026-09-07T12:15:05Z,FanDuel Sportsbook structured market feed,,VA,NFL,35607426,Chicago Bears @ Carolina Panthers,2026-09-13T17:01:00.000Z,FanDuel,751.183908429,receiving_yards,Rome Odunze - Receiving Yds,,Rome Odunze,41522673,over,45.5,-114,1.87719298245614,0.5327102803738317,open,,,2026-09-07T12:15:05Z,,,,,v3-forward-measurement
3a583cda-0773-49f6-b177-1e483fb62a34,98909011-c7dc-4384-a06e-d8b939fbd26e,2026-09-07T12:15:05Z,FanDuel Sportsbook structured market feed,,VA,NFL,35607426,Chicago Bears @ Carolina Panthers,2026-09-13T17:01:00.000Z,FanDuel,751.183908429,receiving_yards,Rome Odunze - Receiving Yds,,Rome Odunze,41522672,under,45.5,-114,1.87719298245614,0.5327102803738317,open,,,2026-09-07T12:15:05Z,,,,,v3-forward-measurement
3a583cda-0773-49f6-b177-1e483fb62a34,93b7c556-bc61-43a4-a7a0-9c3c8aecadf0,2026-09-07T12:15:05Z,FanDuel Sportsbook structured market feed,,VA,NFL,35607426,Chicago Bears @ Carolina Panthers,2026-09-13T17:01:00.000Z,FanDuel,751.183908505,receptions,Rome Odunze - Total Receptions,,Rome Odunze,41522673,over,3.5,102,2.02,0.49504950495049505,open,,,2026-09-07T12:15:05Z,,,,,v3-forward-measurement
3a583cda-0773-49f6-b177-1e483fb62a34,a9c59153-650f-4da7-82e2-7d822831b7ca,2026-09-07T12:15:05Z,FanDuel Sportsbook structured market feed,,VA,NFL,35607426,Chicago Bears @ Carolina Panthers,2026-09-13T17:01:00.000Z,FanDuel,751.183908505,receptions,Rome Odunze - Total Receptions,,Rome Odunze,41522672,under,3.5,-136,1.735294117647059,0.576271186440678,open,,,2026-09-07T12:15:05Z,,,,,v3-forward-measurement
3a583cda-0773-49f6-b177-1e483fb62a34,94842a73-6954-4a92-bb24-ad8d1ecf9c2c,2026-09-07T12:15:05Z,FanDuel Sportsbook structured market feed,,VA,NFL,35607426,Chicago Bears @ Carolina Panthers,2026-09-13T17:01:00.000Z,FanDuel,751.183908508,receiving_yards,Luther Burden III - Receiving Yds,,Luther Burden III,48308845,over,55.5,-114,1.87719298245614,0.5327102803738317,open,,,2026-09-07T12:15:05Z,,,,,v3-forward-measurement
3a583cda-0773-49f6-b177-1e483fb62a34,15311737-3807-40f2-be7c-34e4dad17ff2,2026-09-07T12:15:05Z,FanDuel Sportsbook structured market feed,,VA,NFL,35607426,Chicago Bears @ Carolina Panthers,2026-09-13T17:01:00.000Z,FanDuel,751.183908508,receiving_yards,Luther Burden III - Receiving Yds,,Luther Burden III,48308850,under,55.5,-114,1.87719298245614,0.5327102803738317,open,,,2026-09-07T12:15:05Z,,,,,v3-forward-measurement
3a583cda-0773-49f6-b177-1e483fb62a34,cb36900f-cf08-4881-8fb8-f86dd810d45a,2026-09-07T12:15:05Z,FanDuel Sportsbook structured market feed,,VA,NFL,35607426,Chicago Bears @ Carolina Panthers,2026-09-13T17:01:00.000Z,FanDuel,751.183908529,receiving_yards,Colston Loveland - Receiving Yds,,Colston Loveland,60018716,over,50.5,-114,1.87719298245614,0.5327102803738317,open,,,2026-09-07T12:15:05Z,,,,,v3-forward-measurement
3a583cda-0773-49f6-b177-1e483fb62a34,acced01c-4064-42ae-ab01-db244dbba042,2026-09-07T12:15:05Z,FanDuel Sportsbook structured market feed,,VA,NFL,35607426,Chicago Bears @ Carolina Panthers,2026-09-13T17:01:00.000Z,FanDuel,751.183908529,receiving_yards,Colston Loveland - Receiving Yds,,Colston Loveland,60018717,under,50.5,-114,1.87719298245614,0.5327102803738317,open,,,2026-09-07T12:15:05Z,,,,,v3-forward-measurement
3a583cda-0773-49f6-b177-1e483fb62a34,c736b8c1-372d-4555-bc56-7e36525d92e4,2026-09-07T12:15:05Z,FanDuel Sportsbook structured market feed,,VA,NFL,35607426,Chicago Bears @ Carolina Panthers,2026-09-13T17:01:00.000Z,FanDuel,751.184982580,receiving_yards,Xavier Legette - Receiving Yds,,Xavier Legette,59996927,over,18.5,-114,1.87719298245614,0.5327102803738317,open,,,2026-09-07T12:15:05Z,,,,,v3-forward-measurement
3a583cda-0773-49f6-b177-1e483fb62a34,91a1aa02-faba-47ef-888c-2977bcb95877,2026-09-07T12:15:05Z,FanDuel Sportsbook structured market feed,,VA,NFL,35607426,Chicago Bears @ Carolina Panthers,2026-09-13T17:01:00.000Z,FanDuel,751.184982580,receiving_yards,Xavier Legette - Receiving Yds,,Xavier Legette,59996922,under,18.5,-114,1.87719298245614,0.5327102803738317,open,,,2026-09-07T12:15:05Z,,,,,v3-forward-measurement
3a583cda-0773-49f6-b177-1e483fb62a34,edafd475-8328-4944-b93d-05558305d411,2026-09-07T12:15:05Z,FanDuel Sportsbook structured market feed,,VA,NFL,35607426,Chicago Bears @ Carolina Panthers,2026-09-13T17:01:00.000Z,FanDuel,751.184547997,receiving_yards,Cole Kmet - Receiving Yds,,Cole Kmet,37493030,over,14.5,-114,1.87719298245614,0.5327102803738317,open,,,2026-09-07T12:15:05Z,,,,,v3-forward-measurement
3a583cda-0773-49f6-b177-1e483fb62a34,bdd69685-b655-4c52-8e6a-8901065ecd1a,2026-09-07T12:15:05Z,FanDuel Sportsbook structured market feed,,VA,NFL,35607426,Chicago Bears @ Carolina Panthers,2026-09-13T17:01:00.000Z,FanDuel,751.184547997,receiving_yards,Cole Kmet - Receiving Yds,,Cole Kmet,37493029,under,14.5,-114,1.87719298245614,0.5327102803738317,open,,,2026-09-07T12:15:05Z,,,,,v3-forward-measurement
3a583cda-0773-49f6-b177-1e483fb62a34,cb308591-5c36-446e-a176-3451b77fae3b,2026-09-07T12:15:05Z,FanDuel Sportsbook structured market feed,,VA,NFL,35607426,Chicago Bears @ Carolina Panthers,2026-09-13T17:01:00.000Z,FanDuel,751.184547999,receptions,Cole Kmet - Total Receptions,,Cole Kmet,37493030,over,1.5,-138,1.72463768115942,0.5798319327731093,open,,,2026-09-07T12:15:05Z,,,,,v3-forward-measurement
3a583cda-0773-49f6-b177-1e483fb62a34,aee510e4-36e4-41c1-a57e-4fcf72caf269,2026-09-07T12:15:05Z,FanDuel Sportsbook structured market feed,,VA,NFL,35607426,Chicago Bears @ Carolina Panthers,2026-09-13T17:01:00.000Z,FanDuel,751.184547999,receptions,Cole Kmet - Total Receptions,,Cole Kmet,37493029,under,1.5,104,2.04,0.49019607843137253,open,,,2026-09-07T12:15:05Z,,,,,v3-forward-measurement
3a583cda-0773-49f6-b177-1e483fb62a34,3c5b95df-dae8-49ba-b6f0-122354effa80,2026-09-07T12:15:05Z,FanDuel Sportsbook structured market feed,,VA,NFL,35607426,Chicago Bears @ Carolina Panthers,2026-09-13T17:01:00.000Z,FanDuel,751.183908457,receptions,Colston Loveland - Total Receptions,,Colston Loveland,60018716,over,4.5,-108,1.925925925925926,0.5192307692307693,open,,,2026-09-07T12:15:05Z,,,,,v3-forward-measurement
3a583cda-0773-49f6-b177-1e483fb62a34,43ddd4f6-b83a-419d-ab99-3d555a441933,2026-09-07T12:15:05Z,FanDuel Sportsbook structured market feed,,VA,NFL,35607426,Chicago Bears @ Carolina Panthers,2026-09-13T17:01:00.000Z,FanDuel,751.183908457,receptions,Colston Loveland - Total Receptions,,Colston Loveland,60018717,under,4.5,-122,1.819672131147541,0.5495495495495496,open,,,2026-09-07T12:15:05Z,,,,,v3-forward-measurement
3a583cda-0773-49f6-b177-1e483fb62a34,1c494bd3-2ea3-42c0-b974-41f789aa9852,2026-09-07T12:15:05Z,FanDuel Sportsbook structured market feed,,VA,NFL,35607426,Chicago Bears @ Carolina Panthers,2026-09-13T17:01:00.000Z,FanDuel,751.185131761,receptions,D'Andre Swift - Total Receptions,,D'Andre Swift,36072091,over,2.5,138,2.38,0.42016806722689076,open,,,2026-09-07T12:15:05Z,,,,,v3-forward-measurement
3a583cda-0773-49f6-b177-1e483fb62a34,6a9b2e66-bc2d-456f-b5f2-b33ae5c37a79,2026-09-07T12:15:05Z,FanDuel Sportsbook structured market feed,,VA,NFL,35607426,Chicago Bears @ Carolina Panthers,2026-09-13T17:01:00.000Z,FanDuel,751.185131761,receptions,D'Andre Swift - Total Receptions,,D'Andre Swift,36072092,under,2.5,-186,1.537634408602151,0.6503496503496503,open,,,2026-09-07T12:15:05Z,,,,,v3-forward-measurement
3a583cda-0773-49f6-b177-1e483fb62a34,eb0331d0-0207-4daa-9021-b70e84c0d130,2026-09-07T12:15:05Z,FanDuel Sportsbook structured market feed,,VA,NFL,35607426,Chicago Bears @ Carolina Panthers,2026-09-13T17:01:00.000Z,FanDuel,751.185131762,receiving_yards,D'Andre Swift - Receiving Yds,,D'Andre Swift,36072091,over,13.5,-114,1.87719298245614,0.5327102803738317,open,,,2026-09-07T12:15:05Z,,,,,v3-forward-measurement
3a583cda-0773-49f6-b177-1e483fb62a34,46422e83-6dde-440b-be2b-5419ab69b60e,2026-09-07T12:15:05Z,FanDuel Sportsbook structured market feed,,VA,NFL,35607426,Chicago Bears @ Carolina Panthers,2026-09-13T17:01:00.000Z,FanDuel,751.185131762,receiving_yards,D'Andre Swift - Receiving Yds,,D'Andre Swift,36072092,under,13.5,-114,1.87719298245614,0.5327102803738317,open,,,2026-09-07T12:15:05Z,,,,,v3-forward-measurement
3a583cda-0773-49f6-b177-1e483fb62a34,a126e5c5-e418-49f2-9b7c-a89df2ad4c0a,2026-09-07T12:15:05Z,FanDuel Sportsbook structured market feed,,VA,NFL,35607426,Chicago Bears @ Carolina Panthers,2026-09-13T17:01:00.000Z,FanDuel,751.184547205,receiving_yards,Jalen Coker - Receiving Yds,,Jalen Coker,74451302,over,39.5,-114,1.87719298245614,0.5327102803738317,open,,,2026-09-07T12:15:05Z,,,,,v3-forward-measurement
3a583cda-0773-49f6-b177-1e483fb62a34,43504326-d82e-4788-a395-a4ab141f0094,2026-09-07T12:15:05Z,FanDuel Sportsbook structured market feed,,VA,NFL,35607426,Chicago Bears @ Carolina Panthers,2026-09-13T17:01:00.000Z,FanDuel,751.184547205,receiving_yards,Jalen Coker - Receiving Yds,,Jalen Coker,74451301,under,39.5,-114,1.87719298245614,0.5327102803738317,open,,,2026-09-07T12:15:05Z,,,,,v3-forward-measurement
3a583cda-0773-49f6-b177-1e483fb62a34,700fbf42-4e9e-4ce2-b7b3-f97de9af9346,2026-09-07T12:15:05Z,FanDuel Sportsbook structured market feed,,VA,NFL,35607426,Chicago Bears @ Carolina Panthers,2026-09-13T17:01:00.000Z,FanDuel,751.184547206,receptions,Jalen Coker - Total Receptions,,Jalen Coker,74451302,over,3.5,-128,1.78125,0.5614035087719298,open,,,2026-09-07T12:15:05Z,,,,,v3-forward-measurement
3a583cda-0773-49f6-b177-1e483fb62a34,4d60f91e-86b4-4834-b30c-e16af9bd8e9f,2026-09-07T12:15:05Z,FanDuel Sportsbook structured market feed,,VA,NFL,35607426,Chicago Bears @ Carolina Panthers,2026-09-13T17:01:00.000Z,FanDuel,751.184547206,receptions,Jalen Coker - Total Receptions,,Jalen Coker,74451301,under,3.5,-104,1.961538461538462,0.5098039215686274,open,,,2026-09-07T12:15:05Z,,,,,v3-forward-measurement
21d5e251-9f03-4f20-a575-597f9dcfa9de,c4919000-ce1b-4988-8234-5f7b4bbea493,2026-09-07T12:15:05Z,FanDuel Sportsbook structured market feed,,VA,NFL,35609018,Miami Dolphins @ Las Vegas Raiders,2026-09-13T20:26:00.000Z,FanDuel,751.184001832,passing_yards,Kirk Cousins - Passing Yds,,Kirk Cousins,11889829,over,215.5,-114,1.87719298245614,0.5327102803738317,open,,,2026-09-07T12:15:05Z,,,,,v3-forward-measurement
21d5e251-9f03-4f20-a575-597f9dcfa9de,9a506492-7e1d-49aa-af57-4c5984060080,2026-09-07T12:15:05Z,FanDuel Sportsbook structured market feed,,VA,NFL,35609018,Miami Dolphins @ Las Vegas Raiders,2026-09-13T20:26:00.000Z,FanDuel,751.184001832,passing_yards,Kirk Cousins - Passing Yds,,Kirk Cousins,11889830,under,215.5,-114,1.87719298245614,0.5327102803738317,open,,,2026-09-07T12:15:05Z,,,,,v3-forward-measurement
21d5e251-9f03-4f20-a575-597f9dcfa9de,da0d758f-55f8-404a-8f84-96199c0c619f,2026-09-07T12:15:05Z,FanDuel Sportsbook structured market feed,,VA,NFL,35609018,Miami Dolphins @ Las Vegas Raiders,2026-09-13T20:26:00.000Z,FanDuel,751.184001788,passing_touchdowns,Malik Willis - Passing TDs,,Malik Willis,41071999,over,0.5,-225,1.444444444444444,0.6923076923076923,open,,,2026-09-07T12:15:05Z,,,,,v3-forward-measurement
21d5e251-9f03-4f20-a575-597f9dcfa9de,fc1ba3e5-81aa-4fe7-9db4-34e6bc70f027,2026-09-07T12:15:05Z,FanDuel Sportsbook structured market feed,,VA,NFL,35609018,Miami Dolphins @ Las Vegas Raiders,2026-09-13T20:26:00.000Z,FanDuel,751.184001788,passing_touchdowns,Malik Willis - Passing TDs,,Malik Willis,41072001,under,0.5,164,2.64,0.3787878787878788,open,,,2026-09-07T12:15:05Z,,,,,v3-forward-measurement
21d5e251-9f03-4f20-a575-597f9dcfa9de,1ddb2ab0-fbbf-41d7-8f9a-d10792f19f81,2026-09-07T12:15:05Z,FanDuel Sportsbook structured market feed,,VA,NFL,35609018,Miami Dolphins @ Las Vegas Raiders,2026-09-13T20:26:00.000Z,FanDuel,751.184001812,passing_yards,Malik Willis - Passing Yds,,Malik Willis,41071999,over,184.5,-114,1.87719298245614,0.5327102803738317,open,,,2026-09-07T12:15:05Z,,,,,v3-forward-measurement
21d5e251-9f03-4f20-a575-597f9dcfa9de,a8bc3257-ba88-459a-b5af-9fec49510c44,2026-09-07T12:15:05Z,FanDuel Sportsbook structured market feed,,VA,NFL,35609018,Miami Dolphins @ Las Vegas Raiders,2026-09-13T20:26:00.000Z,FanDuel,751.184001812,passing_yards,Malik Willis - Passing Yds,,Malik Willis,41072001,under,184.5,-114,1.87719298245614,0.5327102803738317,open,,,2026-09-07T12:15:05Z,,,,,v3-forward-measurement
21d5e251-9f03-4f20-a575-597f9dcfa9de,b429a331-78e3-43aa-b42b-80d043863d31,2026-09-07T12:15:05Z,FanDuel Sportsbook structured market feed,,VA,NFL,35609018,Miami Dolphins @ Las Vegas Raiders,2026-09-13T20:26:00.000Z,FanDuel,751.184001798,passing_touchdowns,Kirk Cousins - Passing TDs,,Kirk Cousins,11889829,over,1.5,128,2.28,0.43859649122807015,open,,,2026-09-07T12:15:05Z,,,,,v3-forward-measurement
21d5e251-9f03-4f20-a575-597f9dcfa9de,3fe9a9b9-37c1-482a-a683-eadab5d2bade,2026-09-07T12:15:05Z,FanDuel Sportsbook structured market feed,,VA,NFL,35609018,Miami Dolphins @ Las Vegas Raiders,2026-09-13T20:26:00.000Z,FanDuel,751.184001798,passing_touchdowns,Kirk Cousins - Passing TDs,,Kirk Cousins,11889830,under,1.5,-172,1.581395348837209,0.6323529411764706,open,,,2026-09-07T12:15:05Z,,,,,v3-forward-measurement
841ede4d-3577-4145-a956-1d314facdd39,44942911-faaa-4403-ac76-cbc11b951dde,2026-09-07T12:15:05Z,FanDuel Sportsbook structured market feed,,VA,NFL,35609018,Miami Dolphins @ Las Vegas Raiders,2026-09-13T20:26:00.000Z,FanDuel,751.185136427,rushing_yards,Malik Willis - Rushing Yds,,Malik Willis,41071999,over,35.5,-114,1.87719298245614,0.5327102803738317,open,,,2026-09-07T12:15:05Z,,,,,v3-forward-measurement
841ede4d-3577-4145-a956-1d314facdd39,de45c6a5-a47e-4821-9800-2b0453a45a7d,2026-09-07T12:15:05Z,FanDuel Sportsbook structured market feed,,VA,NFL,35609018,Miami Dolphins @ Las Vegas Raiders,2026-09-13T20:26:00.000Z,FanDuel,751.185136427,rushing_yards,Malik Willis - Rushing Yds,,Malik Willis,41072001,under,35.5,-114,1.87719298245614,0.5327102803738317,open,,,2026-09-07T12:15:05Z,,,,,v3-forward-measurement
841ede4d-3577-4145-a956-1d314facdd39,a17e0ef3-5a2c-4a67-99cd-9962b85e155f,2026-09-07T12:15:05Z,FanDuel Sportsbook structured market feed,,VA,NFL,35609018,Miami Dolphins @ Las Vegas Raiders,2026-09-13T20:26:00.000Z,FanDuel,751.184002435,rushing_yards,De'Von Achane - Rushing Yds,,De'Von Achane,61166678,over,69.5,-114,1.87719298245614,0.5327102803738317,open,,,2026-09-07T12:15:05Z,,,,,v3-forward-measurement
841ede4d-3577-4145-a956-1d314facdd39,63d2f012-a80f-4f0d-905b-a842e26241cc,2026-09-07T12:15:05Z,FanDuel Sportsbook structured market feed,,VA,NFL,35609018,Miami Dolphins @ Las Vegas Raiders,2026-09-13T20:26:00.000Z,FanDuel,751.184002435,rushing_yards,De'Von Achane - Rushing Yds,,De'Von Achane,61166679,under,69.5,-114,1.87719298245614,0.5327102803738317,open,,,2026-09-07T12:15:05Z,,,,,v3-forward-measurement
ec075b71-3089-4203-be58-76d03eb9daa7,aea52860-2003-4bb4-a36e-aa5500491f9a,2026-09-07T12:15:05Z,FanDuel Sportsbook structured market feed,,VA,NFL,35609018,Miami Dolphins @ Las Vegas Raiders,2026-09-13T20:26:00.000Z,FanDuel,751.185050463,receiving_yards,Malik Washington - Receiving Yds,,Malik Washington,41433612,over,27.5,-114,1.87719298245614,0.5327102803738317,open,,,2026-09-07T12:15:05Z,,,,,v3-forward-measurement
ec075b71-3089-4203-be58-76d03eb9daa7,c59c2714-e2b2-4dc0-b159-35d72a2c4f74,2026-09-07T12:15:05Z,FanDuel Sportsbook structured market feed,,VA,NFL,35609018,Miami Dolphins @ Las Vegas Raiders,2026-09-13T20:26:00.000Z,FanDuel,751.185050463,receiving_yards,Malik Washington - Receiving Yds,,Malik Washington,41433613,under,27.5,-114,1.87719298245614,0.5327102803738317,open,,,2026-09-07T12:15:05Z,,,,,v3-forward-measurement
ec075b71-3089-4203-be58-76d03eb9daa7,c3bb00f5-f2e6-4e70-aa0b-598a3980961f,2026-09-07T12:15:05Z,FanDuel Sportsbook structured market feed,,VA,NFL,35609018,Miami Dolphins @ Las Vegas Raiders,2026-09-13T20:26:00.000Z,FanDuel,751.184007905,receiving_yards,Tre Tucker - Receiving Yds,,Tre Tucker,49580080,over,40.5,-114,1.87719298245614,0.5327102803738317,open,,,2026-09-07T12:15:05Z,,,,,v3-forward-measurement
ec075b71-3089-4203-be58-76d03eb9daa7,0ce7793d-0ab5-4fe2-b644-a28bd30a97b9,2026-09-07T12:15:05Z,FanDuel Sportsbook structured market feed,,VA,NFL,35609018,Miami Dolphins @ Las Vegas Raiders,2026-09-13T20:26:00.000Z,FanDuel,751.184007905,receiving_yards,Tre Tucker - Receiving Yds,,Tre Tucker,49580078,under,40.5,-114,1.87719298245614,0.5327102803738317,open,,,2026-09-07T12:15:05Z,,,,,v3-forward-measurement
ec075b71-3089-4203-be58-76d03eb9daa7,5239f191-379c-4f2a-b44d-c7f0ff5ed4e0,2026-09-07T12:15:05Z,FanDuel Sportsbook structured market feed,,VA,NFL,35609018,Miami Dolphins @ Las Vegas Raiders,2026-09-13T20:26:00.000Z,FanDuel,751.185062655,receptions,Caleb Douglas - Total Receptions,,Caleb Douglas,59967950,over,2.5,120,2.2,0.45454545454545453,open,,,2026-09-07T12:15:05Z,,,,,v3-forward-measurement
ec075b71-3089-4203-be58-76d03eb9daa7,b6bd0a66-aa08-4ccb-9f26-7804e83333bc,2026-09-07T12:15:05Z,FanDuel Sportsbook structured market feed,,VA,NFL,35609018,Miami Dolphins @ Las Vegas Raiders,2026-09-13T20:26:00.000Z,FanDuel,751.185062655,receptions,Caleb Douglas - Total Receptions,,Caleb Douglas,59967966,under,2.5,-160,1.625,0.6153846153846154,open,,,2026-09-07T12:15:05Z,,,,,v3-forward-measurement
ec075b71-3089-4203-be58-76d03eb9daa7,e35e9923-e847-4c47-9bf8-e1cbeb93d15b,2026-09-07T12:15:05Z,FanDuel Sportsbook structured market feed,,VA,NFL,35609018,Miami Dolphins @ Las Vegas Raiders,2026-09-13T20:26:00.000Z,FanDuel,751.184007903,receptions,Tre Tucker - Total Receptions,,Tre Tucker,49580080,over,3.5,-108,1.925925925925926,0.5192307692307693,open,,,2026-09-07T12:15:05Z,,,,,v3-forward-measurement
ec075b71-3089-4203-be58-76d03eb9daa7,5791120e-3c6c-44c6-a64d-91357604be10,2026-09-07T12:15:05Z,FanDuel Sportsbook structured market feed,,VA,NFL,35609018,Miami Dolphins @ Las Vegas Raiders,2026-09-13T20:26:00.000Z,FanDuel,751.184007903,receptions,Tre Tucker - Total Receptions,,Tre Tucker,49580078,under,3.5,-122,1.819672131147541,0.5495495495495496,open,,,2026-09-07T12:15:05Z,,,,,v3-forward-measurement
ec075b71-3089-4203-be58-76d03eb9daa7,d7b0dfb5-b4b9-4ccf-9082-d7424190c2c4,2026-09-07T12:15:05Z,FanDuel Sportsbook structured market feed,,VA,NFL,35609018,Miami Dolphins @ Las Vegas Raiders,2026-09-13T20:26:00.000Z,FanDuel,751.184008124,receptions,De'Von Achane - Total Receptions,,De'Von Achane,61166678,over,4.5,102,2.02,0.49504950495049505,open,,,2026-09-07T12:15:05Z,,,,,v3-forward-measurement
ec075b71-3089-4203-be58-76d03eb9daa7,8299386c-ae46-4059-a505-4e26f7117f98,2026-09-07T12:15:05Z,FanDuel Sportsbook structured market feed,,VA,NFL,35609018,Miami Dolphins @ Las Vegas Raiders,2026-09-13T20:26:00.000Z,FanDuel,751.184008124,receptions,De'Von Achane - Total Receptions,,De'Von Achane,61166679,under,4.5,-136,1.735294117647059,0.576271186440678,open,,,2026-09-07T12:15:05Z,,,,,v3-forward-measurement
ec075b71-3089-4203-be58-76d03eb9daa7,062a1688-5965-49fd-9109-a0536fb31252,2026-09-07T12:15:05Z,FanDuel Sportsbook structured market feed,,VA,NFL,35609018,Miami Dolphins @ Las Vegas Raiders,2026-09-13T20:26:00.000Z,FanDuel,751.185140997,receiving_yards,Michael Mayer - Receiving Yds,,Michael Mayer,41072736,over,15.5,-114,1.87719298245614,0.5327102803738317,open,,,2026-09-07T12:15:05Z,,,,,v3-forward-measurement
ec075b71-3089-4203-be58-76d03eb9daa7,0860f2e3-1e4e-4c52-9044-356387dc581a,2026-09-07T12:15:05Z,FanDuel Sportsbook structured market feed,,VA,NFL,35609018,Miami Dolphins @ Las Vegas Raiders,2026-09-13T20:26:00.000Z,FanDuel,751.185140997,receiving_yards,Michael Mayer - Receiving Yds,,Michael Mayer,41072735,under,15.5,-114,1.87719298245614,0.5327102803738317,open,,,2026-09-07T12:15:05Z,,,,,v3-forward-measurement
ec075b71-3089-4203-be58-76d03eb9daa7,a829a9a8-89c5-4d2a-bb60-0bae9c435911,2026-09-07T12:15:05Z,FanDuel Sportsbook structured market feed,,VA,NFL,35609018,Miami Dolphins @ Las Vegas Raiders,2026-09-13T20:26:00.000Z,FanDuel,751.184008125,receiving_yards,De'Von Achane - Receiving Yds,,De'Von Achane,61166678,over,29.5,-114,1.87719298245614,0.5327102803738317,open,,,2026-09-07T12:15:05Z,,,,,v3-forward-measurement
ec075b71-3089-4203-be58-76d03eb9daa7,e3740a3b-1079-41db-b5fd-e723e0691320,2026-09-07T12:15:05Z,FanDuel Sportsbook structured market feed,,VA,NFL,35609018,Miami Dolphins @ Las Vegas Raiders,2026-09-13T20:26:00.000Z,FanDuel,751.184008125,receiving_yards,De'Von Achane - Receiving Yds,,De'Von Achane,61166679,under,29.5,-114,1.87719298245614,0.5327102803738317,open,,,2026-09-07T12:15:05Z,,,,,v3-forward-measurement
ec075b71-3089-4203-be58-76d03eb9daa7,5f6b7e7c-fd38-4bd0-b899-e092326e10fc,2026-09-07T12:15:05Z,FanDuel Sportsbook structured market feed,,VA,NFL,35609018,Miami Dolphins @ Las Vegas Raiders,2026-09-13T20:26:00.000Z,FanDuel,751.185140911,receptions,Jalen Nailor - Total Receptions,,Jalen Nailor,40975110,over,2.5,154,2.54,0.3937007874015748,open,,,2026-09-07T12:15:05Z,,,,,v3-forward-measurement
ec075b71-3089-4203-be58-76d03eb9daa7,bb2198a8-725e-4fbe-bdf5-a2e4c2b8c419,2026-09-07T12:15:05Z,FanDuel Sportsbook structured market feed,,VA,NFL,35609018,Miami Dolphins @ Las Vegas Raiders,2026-09-13T20:26:00.000Z,FanDuel,751.185140911,receptions,Jalen Nailor - Total Receptions,,Jalen Nailor,40975111,under,2.5,-210,1.476190476190476,0.6774193548387096,open,,,2026-09-07T12:15:05Z,,,,,v3-forward-measurement
ec075b71-3089-4203-be58-76d03eb9daa7,a0d95068-0aca-43c1-a9a1-1cccf4c1ae73,2026-09-07T12:15:05Z,FanDuel Sportsbook structured market feed,,VA,NFL,35609018,Miami Dolphins @ Las Vegas Raiders,2026-09-13T20:26:00.000Z,FanDuel,751.185140999,receptions,Michael Mayer - Total Receptions,,Michael Mayer,41072736,over,1.5,-172,1.581395348837209,0.6323529411764706,open,,,2026-09-07T12:15:05Z,,,,,v3-forward-measurement
ec075b71-3089-4203-be58-76d03eb9daa7,49f337a2-6d2e-4e9b-9225-6be5bf8703db,2026-09-07T12:15:05Z,FanDuel Sportsbook structured market feed,,VA,NFL,35609018,Miami Dolphins @ Las Vegas Raiders,2026-09-13T20:26:00.000Z,FanDuel,751.185140999,receptions,Michael Mayer - Total Receptions,,Michael Mayer,41072735,under,1.5,128,2.28,0.43859649122807015,open,,,2026-09-07T12:15:05Z,,,,,v3-forward-measurement
ec075b71-3089-4203-be58-76d03eb9daa7,f92f37ee-f940-44bb-9b8d-efeb67938783,2026-09-07T12:15:05Z,FanDuel Sportsbook structured market feed,,VA,NFL,35609018,Miami Dolphins @ Las Vegas Raiders,2026-09-13T20:26:00.000Z,FanDuel,751.185050455,receptions,Malik Washington - Total Receptions,,Malik Washington,41433612,over,2.5,-148,1.675675675675676,0.5967741935483871,open,,,2026-09-07T12:15:05Z,,,,,v3-forward-measurement
ec075b71-3089-4203-be58-76d03eb9daa7,00df952a-a966-491c-a3d4-e960a48641bc,2026-09-07T12:15:05Z,FanDuel Sportsbook structured market feed,,VA,NFL,35609018,Miami Dolphins @ Las Vegas Raiders,2026-09-13T20:26:00.000Z,FanDuel,751.185050455,receptions,Malik Washington - Total Receptions,,Malik Washington,41433613,under,2.5,112,2.12,0.4716981132075472,open,,,2026-09-07T12:15:05Z,,,,,v3-forward-measurement
ec075b71-3089-4203-be58-76d03eb9daa7,39f02600-4abc-483b-a8ff-e2090c3f5c2e,2026-09-07T12:15:05Z,FanDuel Sportsbook structured market feed,,VA,NFL,35609018,Miami Dolphins @ Las Vegas Raiders,2026-09-13T20:26:00.000Z,FanDuel,751.184004925,receptions,Brock Bowers - Total Receptions,,Brock Bowers,41171177,over,5.5,-136,1.735294117647059,0.576271186440678,open,,,2026-09-07T12:15:05Z,,,,,v3-forward-measurement
ec075b71-3089-4203-be58-76d03eb9daa7,8e9c72a3-1959-4abc-bed1-46265cac6bab,2026-09-07T12:15:05Z,FanDuel Sportsbook structured market feed,,VA,NFL,35609018,Miami Dolphins @ Las Vegas Raiders,2026-09-13T20:26:00.000Z,FanDuel,751.184004925,receptions,Brock Bowers - Total Receptions,,Brock Bowers,41171176,under,5.5,102,2.02,0.49504950495049505,open,,,2026-09-07T12:15:05Z,,,,,v3-forward-measurement
ec075b71-3089-4203-be58-76d03eb9daa7,f14c6f24-d9a0-4070-bda6-52e35c097100,2026-09-07T12:15:05Z,FanDuel Sportsbook structured market feed,,VA,NFL,35609018,Miami Dolphins @ Las Vegas Raiders,2026-09-13T20:26:00.000Z,FanDuel,751.185140909,receiving_yards,Jalen Nailor - Receiving Yds,,Jalen Nailor,40975110,over,20.5,-114,1.87719298245614,0.5327102803738317,open,,,2026-09-07T12:15:05Z,,,,,v3-forward-measurement
ec075b71-3089-4203-be58-76d03eb9daa7,80a2463f-f2fb-4944-a26e-ada7d26f78c1,2026-09-07T12:15:05Z,FanDuel Sportsbook structured market feed,,VA,NFL,35609018,Miami Dolphins @ Las Vegas Raiders,2026-09-13T20:26:00.000Z,FanDuel,751.185140909,receiving_yards,Jalen Nailor - Receiving Yds,,Jalen Nailor,40975111,under,20.5,-114,1.87719298245614,0.5327102803738317,open,,,2026-09-07T12:15:05Z,,,,,v3-forward-measurement
ec075b71-3089-4203-be58-76d03eb9daa7,b21f731f-6368-4e32-b7b6-2e6bd38ae8f1,2026-09-07T12:15:05Z,FanDuel Sportsbook structured market feed,,VA,NFL,35609018,Miami Dolphins @ Las Vegas Raiders,2026-09-13T20:26:00.000Z,FanDuel,751.184004927,receiving_yards,Brock Bowers - Receiving Yds,,Brock Bowers,41171177,over,62.5,-114,1.87719298245614,0.5327102803738317,open,,,2026-09-07T12:15:05Z,,,,,v3-forward-measurement
ec075b71-3089-4203-be58-76d03eb9daa7,608b93cc-dc08-45b0-bf79-1f5501631a1a,2026-09-07T12:15:05Z,FanDuel Sportsbook structured market feed,,VA,NFL,35609018,Miami Dolphins @ Las Vegas Raiders,2026-09-13T20:26:00.000Z,FanDuel,751.184004927,receiving_yards,Brock Bowers - Receiving Yds,,Brock Bowers,41171176,under,62.5,-114,1.87719298245614,0.5327102803738317,open,,,2026-09-07T12:15:05Z,,,,,v3-forward-measurement
ec075b71-3089-4203-be58-76d03eb9daa7,e56f807e-ed16-4eaf-a03a-458d1764256a,2026-09-07T12:15:05Z,FanDuel Sportsbook structured market feed,,VA,NFL,35609018,Miami Dolphins @ Las Vegas Raiders,2026-09-13T20:26:00.000Z,FanDuel,751.185062643,receiving_yards,Caleb Douglas - Receiving Yds,,Caleb Douglas,59967950,over,25.5,-114,1.87719298245614,0.5327102803738317,open,,,2026-09-07T12:15:05Z,,,,,v3-forward-measurement
ec075b71-3089-4203-be58-76d03eb9daa7,befce844-49b2-4dcf-8a1b-680ec507a794,2026-09-07T12:15:05Z,FanDuel Sportsbook structured market feed,,VA,NFL,35609018,Miami Dolphins @ Las Vegas Raiders,2026-09-13T20:26:00.000Z,FanDuel,751.185062643,receiving_yards,Caleb Douglas - Receiving Yds,,Caleb Douglas,59967966,under,25.5,-114,1.87719298245614,0.5327102803738317,open,,,2026-09-07T12:15:05Z,,,,,v3-forward-measurement
ec075b71-3089-4203-be58-76d03eb9daa7,73d7127b-0e28-4db7-9731-94861972d834,2026-09-07T12:15:05Z,FanDuel Sportsbook structured market feed,,VA,NFL,35609018,Miami Dolphins @ Las Vegas Raiders,2026-09-13T20:26:00.000Z,FanDuel,751.185140626,receiving_yards,Greg Dulcich - Receiving Yds,,Greg Dulcich,41074189,over,26.5,-114,1.87719298245614,0.5327102803738317,open,,,2026-09-07T12:15:05Z,,,,,v3-forward-measurement
ec075b71-3089-4203-be58-76d03eb9daa7,eadfb3fc-13f0-4177-8da0-4a552ad0f0bc,2026-09-07T12:15:05Z,FanDuel Sportsbook structured market feed,,VA,NFL,35609018,Miami Dolphins @ Las Vegas Raiders,2026-09-13T20:26:00.000Z,FanDuel,751.185140626,receiving_yards,Greg Dulcich - Receiving Yds,,Greg Dulcich,41074187,under,26.5,-114,1.87719298245614,0.5327102803738317,open,,,2026-09-07T12:15:05Z,,,,,v3-forward-measurement
ec075b71-3089-4203-be58-76d03eb9daa7,69f9398c-fa25-4646-b049-ba104d66f15b,2026-09-07T12:15:05Z,FanDuel Sportsbook structured market feed,,VA,NFL,35609018,Miami Dolphins @ Las Vegas Raiders,2026-09-13T20:26:00.000Z,FanDuel,751.185140628,receptions,Greg Dulcich - Total Receptions,,Greg Dulcich,41074189,over,2.5,-114,1.87719298245614,0.5327102803738317,open,,,2026-09-07T12:15:05Z,,,,,v3-forward-measurement
ec075b71-3089-4203-be58-76d03eb9daa7,b3283088-b1e5-45cf-b4bf-f529b08796b9,2026-09-07T12:15:05Z,FanDuel Sportsbook structured market feed,,VA,NFL,35609018,Miami Dolphins @ Las Vegas Raiders,2026-09-13T20:26:00.000Z,FanDuel,751.185140628,receptions,Greg Dulcich - Total Receptions,,Greg Dulcich,41074187,under,2.5,-114,1.87719298245614,0.5327102803738317,open,,,2026-09-07T12:15:05Z,,,,,v3-forward-measurement
aa83b925-d889-4ca7-82fe-df903a8f8e03,c44db759-ad36-42db-8a48-744a5d20646c,2026-09-07T12:15:05Z,FanDuel Sportsbook structured market feed,,VA,NFL,35609019,Cleveland Browns @ Jacksonville Jaguars,2026-09-13T17:01:00.000Z,FanDuel,751.183935310,passing_yards,Deshaun Watson - Passing Yds,,Deshaun Watson,12302595,over,178.5,-114,1.87719298245614,0.5327102803738317,open,,,2026-09-07T12:15:05Z,,,,,v3-forward-measurement
aa83b925-d889-4ca7-82fe-df903a8f8e03,b6dc20c1-465c-4f5e-9742-5bd15805dd3c,2026-09-07T12:15:05Z,FanDuel Sportsbook structured market feed,,VA,NFL,35609019,Cleveland Browns @ Jacksonville Jaguars,2026-09-13T17:01:00.000Z,FanDuel,751.183935310,passing_yards,Deshaun Watson - Passing Yds,,Deshaun Watson,12302596,under,178.5,-114,1.87719298245614,0.5327102803738317,open,,,2026-09-07T12:15:05Z,,,,,v3-forward-measurement
aa83b925-d889-4ca7-82fe-df903a8f8e03,3b481d95-ce54-41c4-a6da-9647439df07d,2026-09-07T12:15:05Z,FanDuel Sportsbook structured market feed,,VA,NFL,35609019,Cleveland Browns @ Jacksonville Jaguars,2026-09-13T17:01:00.000Z,FanDuel,751.183935245,passing_touchdowns,Trevor Lawrence - Passing TDs,,Trevor Lawrence,22336735,over,1.5,-106,1.943396226415094,0.5145631067961165,open,,,2026-09-07T12:15:05Z,,,,,v3-forward-measurement
aa83b925-d889-4ca7-82fe-df903a8f8e03,8b25d35a-8453-4971-a5dd-df893dfa6c22,2026-09-07T12:15:05Z,FanDuel Sportsbook structured market feed,,VA,NFL,35609019,Cleveland Browns @ Jacksonville Jaguars,2026-09-13T17:01:00.000Z,FanDuel,751.183935245,passing_touchdowns,Trevor Lawrence - Passing TDs,,Trevor Lawrence,22336736,under,1.5,-125,1.8,0.5555555555555556,open,,,2026-09-07T12:15:05Z,,,,,v3-forward-measurement
aa83b925-d889-4ca7-82fe-df903a8f8e03,7fbf91eb-e6f5-40b2-b4b1-70cd3b8a6971,2026-09-07T12:15:05Z,FanDuel Sportsbook structured market feed,,VA,NFL,35609019,Cleveland Browns @ Jacksonville Jaguars,2026-09-13T17:01:00.000Z,FanDuel,751.183935242,passing_touchdowns,Deshaun Watson - Passing TDs,,Deshaun Watson,12302595,over,0.5,-182,1.549450549450549,0.6453900709219859,open,,,2026-09-07T12:15:05Z,,,,,v3-forward-measurement
aa83b925-d889-4ca7-82fe-df903a8f8e03,99db77a3-fa93-4c6a-a8e4-1d8245621479,2026-09-07T12:15:05Z,FanDuel Sportsbook structured market feed,,VA,NFL,35609019,Cleveland Browns @ Jacksonville Jaguars,2026-09-13T17:01:00.000Z,FanDuel,751.183935242,passing_touchdowns,Deshaun Watson - Passing TDs,,Deshaun Watson,12302596,under,0.5,136,2.36,0.423728813559322,open,,,2026-09-07T12:15:05Z,,,,,v3-forward-measurement
aa83b925-d889-4ca7-82fe-df903a8f8e03,3ab3c1bf-51c7-46e5-832c-147ad9f84df2,2026-09-07T12:15:05Z,FanDuel Sportsbook structured market feed,,VA,NFL,35609019,Cleveland Browns @ Jacksonville Jaguars,2026-09-13T17:01:00.000Z,FanDuel,751.183935240,passing_yards,Trevor Lawrence - Passing Yds,,Trevor Lawrence,22336735,over,238.5,-114,1.87719298245614,0.5327102803738317,open,,,2026-09-07T12:15:05Z,,,,,v3-forward-measurement
aa83b925-d889-4ca7-82fe-df903a8f8e03,6b5ae3be-2f92-423e-a341-d15e418858b2,2026-09-07T12:15:05Z,FanDuel Sportsbook structured market feed,,VA,NFL,35609019,Cleveland Browns @ Jacksonville Jaguars,2026-09-13T17:01:00.000Z,FanDuel,751.183935240,passing_yards,Trevor Lawrence - Passing Yds,,Trevor Lawrence,22336736,under,238.5,-114,1.87719298245614,0.5327102803738317,open,,,2026-09-07T12:15:05Z,,,,,v3-forward-measurement
e35b6dd0-1787-4151-94fe-e60301790ca2,ca2f88df-18c8-43ce-8e73-cb7d03775c28,2026-09-07T12:15:05Z,FanDuel Sportsbook structured market feed,,VA,NFL,35609019,Cleveland Browns @ Jacksonville Jaguars,2026-09-13T17:01:00.000Z,FanDuel,751.183959324,rushing_yards,Bhayshul Tuten - Rushing Yds,,Bhayshul Tuten,60316188,over,50.5,-114,1.87719298245614,0.5327102803738317,open,,,2026-09-07T12:15:05Z,,,,,v3-forward-measurement
e35b6dd0-1787-4151-94fe-e60301790ca2,8e60c1c9-6020-4871-823d-cb2c6f76287c,2026-09-07T12:15:05Z,FanDuel Sportsbook structured market feed,,VA,NFL,35609019,Cleveland Browns @ Jacksonville Jaguars,2026-09-13T17:01:00.000Z,FanDuel,751.183959324,rushing_yards,Bhayshul Tuten - Rushing Yds,,Bhayshul Tuten,60316191,under,50.5,-114,1.87719298245614,0.5327102803738317,open,,,2026-09-07T12:15:05Z,,,,,v3-forward-measurement
e35b6dd0-1787-4151-94fe-e60301790ca2,ca7b507d-82ae-491a-830f-443c89e7c259,2026-09-07T12:15:05Z,FanDuel Sportsbook structured market feed,,VA,NFL,35609019,Cleveland Browns @ Jacksonville Jaguars,2026-09-13T17:01:00.000Z,FanDuel,751.185134684,rushing_yards,Deshaun Watson - Rushing Yds,,Deshaun Watson,12302595,over,15.5,-114,1.87719298245614,0.5327102803738317,open,,,2026-09-07T12:15:05Z,,,,,v3-forward-measurement
e35b6dd0-1787-4151-94fe-e60301790ca2,45abe542-fb49-458e-8457-5aa005c89715,2026-09-07T12:15:05Z,FanDuel Sportsbook structured market feed,,VA,NFL,35609019,Cleveland Browns @ Jacksonville Jaguars,2026-09-13T17:01:00.000Z,FanDuel,751.185134684,rushing_yards,Deshaun Watson - Rushing Yds,,Deshaun Watson,12302596,under,15.5,-114,1.87719298245614,0.5327102803738317,open,,,2026-09-07T12:15:05Z,,,,,v3-forward-measurement
e35b6dd0-1787-4151-94fe-e60301790ca2,4ce0b998-1cc2-4427-a5df-31904e4eed86,2026-09-07T12:15:05Z,FanDuel Sportsbook structured market feed,,VA,NFL,35609019,Cleveland Browns @ Jacksonville Jaguars,2026-09-13T17:01:00.000Z,FanDuel,751.183959327,rushing_yards,Chris Rodriguez Jr. - Rushing Yds,,Chris Rodriguez Jr.,41073257,over,33.5,-114,1.87719298245614,0.5327102803738317,open,,,2026-09-07T12:15:05Z,,,,,v3-forward-measurement
e35b6dd0-1787-4151-94fe-e60301790ca2,7b672ab7-04da-4141-a3d9-f619da847ae1,2026-09-07T12:15:05Z,FanDuel Sportsbook structured market feed,,VA,NFL,35609019,Cleveland Browns @ Jacksonville Jaguars,2026-09-13T17:01:00.000Z,FanDuel,751.183959327,rushing_yards,Chris Rodriguez Jr. - Rushing Yds,,Chris Rodriguez Jr.,41073256,under,33.5,-114,1.87719298245614,0.5327102803738317,open,,,2026-09-07T12:15:05Z,,,,,v3-forward-measurement
e35b6dd0-1787-4151-94fe-e60301790ca2,c526b45b-5720-4d24-8109-c5d352548deb,2026-09-07T12:15:05Z,FanDuel Sportsbook structured market feed,,VA,NFL,35609019,Cleveland Browns @ Jacksonville Jaguars,2026-09-13T17:01:00.000Z,FanDuel,751.183935361,rushing_yards,Quinshon Judkins - Rushing Yds,,Quinshon Judkins,48906497,over,58.5,-114,1.87719298245614,0.5327102803738317,open,,,2026-09-07T12:15:05Z,,,,,v3-forward-measurement
e35b6dd0-1787-4151-94fe-e60301790ca2,fce69c17-0d61-4d9a-b3cb-646ecc8abd31,2026-09-07T12:15:05Z,FanDuel Sportsbook structured market feed,,VA,NFL,35609019,Cleveland Browns @ Jacksonville Jaguars,2026-09-13T17:01:00.000Z,FanDuel,751.183935361,rushing_yards,Quinshon Judkins - Rushing Yds,,Quinshon Judkins,48906496,under,58.5,-114,1.87719298245614,0.5327102803738317,open,,,2026-09-07T12:15:05Z,,,,,v3-forward-measurement
e35b6dd0-1787-4151-94fe-e60301790ca2,eb393e83-6653-4240-9a7f-d77d0d60897d,2026-09-07T12:15:05Z,FanDuel Sportsbook structured market feed,,VA,NFL,35609019,Cleveland Browns @ Jacksonville Jaguars,2026-09-13T17:01:00.000Z,FanDuel,751.183961486,rushing_yards,Trevor Lawrence - Rushing Yds,,Trevor Lawrence,22336735,over,16.5,-114,1.87719298245614,0.5327102803738317,open,,,2026-09-07T12:15:05Z,,,,,v3-forward-measurement
e35b6dd0-1787-4151-94fe-e60301790ca2,384d1499-0fe4-4fb6-b3ad-ec42d6978d21,2026-09-07T12:15:05Z,FanDuel Sportsbook structured market feed,,VA,NFL,35609019,Cleveland Browns @ Jacksonville Jaguars,2026-09-13T17:01:00.000Z,FanDuel,751.183961486,rushing_yards,Trevor Lawrence - Rushing Yds,,Trevor Lawrence,22336736,under,16.5,-114,1.87719298245614,0.5327102803738317,open,,,2026-09-07T12:15:05Z,,,,,v3-forward-measurement
16c95138-1b34-4e89-ad57-12b39201ab4b,1200d23e-29f9-419b-a902-3e574e1fa4ec,2026-09-07T12:15:05Z,FanDuel Sportsbook structured market feed,,VA,NFL,35609019,Cleveland Browns @ Jacksonville Jaguars,2026-09-13T17:01:00.000Z,FanDuel,751.183962624,receptions,KC Concepcion - Total Receptions,,KC Concepcion,102320458,over,3.5,102,2.02,0.49504950495049505,open,,,2026-09-07T12:15:05Z,,,,,v3-forward-measurement
16c95138-1b34-4e89-ad57-12b39201ab4b,1a7c4169-472a-4907-a91b-9aaa7a6d79a3,2026-09-07T12:15:05Z,FanDuel Sportsbook structured market feed,,VA,NFL,35609019,Cleveland Browns @ Jacksonville Jaguars,2026-09-13T17:01:00.000Z,FanDuel,751.183962624,receptions,KC Concepcion - Total Receptions,,KC Concepcion,102320470,under,3.5,-136,1.735294117647059,0.576271186440678,open,,,2026-09-07T12:15:05Z,,,,,v3-forward-measurement
16c95138-1b34-4e89-ad57-12b39201ab4b,cdc7a522-9f72-4e07-8921-6e7425e7e525,2026-09-07T12:15:05Z,FanDuel Sportsbook structured market feed,,VA,NFL,35609019,Cleveland Browns @ Jacksonville Jaguars,2026-09-13T17:01:00.000Z,FanDuel,751.183935282,receiving_yards,Brian Thomas Jr. - Receiving Yds,,Brian Thomas Jr.,42267563,over,36.5,-114,1.87719298245614,0.5327102803738317,open,,,2026-09-07T12:15:05Z,,,,,v3-forward-measurement
16c95138-1b34-4e89-ad57-12b39201ab4b,704dad28-2bb0-4ccd-be26-d46e52a3cdaa,2026-09-07T12:15:05Z,FanDuel Sportsbook structured market feed,,VA,NFL,35609019,Cleveland Browns @ Jacksonville Jaguars,2026-09-13T17:01:00.000Z,FanDuel,751.183935282,receiving_yards,Brian Thomas Jr. - Receiving Yds,,Brian Thomas Jr.,42267562,under,36.5,-114,1.87719298245614,0.5327102803738317,open,,,2026-09-07T12:15:05Z,,,,,v3-forward-measurement
16c95138-1b34-4e89-ad57-12b39201ab4b,8cf5ebfa-dfff-4fbc-ab72-24fbbbb07df1,2026-09-07T12:15:05Z,FanDuel Sportsbook structured market feed,,VA,NFL,35609019,Cleveland Browns @ Jacksonville Jaguars,2026-09-13T17:01:00.000Z,FanDuel,751.183962629,receiving_yards,Jerry Jeudy - Receiving Yds,,Jerry Jeudy,22336750,over,31.5,-114,1.87719298245614,0.5327102803738317,open,,,2026-09-07T12:15:05Z,,,,,v3-forward-measurement
16c95138-1b34-4e89-ad57-12b39201ab4b,a8bb9db2-a725-4747-bb51-563655a32db1,2026-09-07T12:15:05Z,FanDuel Sportsbook structured market feed,,VA,NFL,35609019,Cleveland Browns @ Jacksonville Jaguars,2026-09-13T17:01:00.000Z,FanDuel,751.183962629,receiving_yards,Jerry Jeudy - Receiving Yds,,Jerry Jeudy,22336751,under,31.5,-114,1.87719298245614,0.5327102803738317,open,,,2026-09-07T12:15:05Z,,,,,v3-forward-measurement
16c95138-1b34-4e89-ad57-12b39201ab4b,3d34a384-25ef-4ad7-8b89-f52a48ffea29,2026-09-07T12:15:05Z,FanDuel Sportsbook structured market feed,,VA,NFL,35609019,Cleveland Browns @ Jacksonville Jaguars,2026-09-13T17:01:00.000Z,FanDuel,751.183963353,receiving_yards,Brenton Strange - Receiving Yds,,Brenton Strange,41155824,over,36.5,-114,1.87719298245614,0.5327102803738317,open,,,2026-09-07T12:15:05Z,,,,,v3-forward-measurement
16c95138-1b34-4e89-ad57-12b39201ab4b,c7eca3f1-5cfb-4c38-9059-52bfc6dba858,2026-09-07T12:15:05Z,FanDuel Sportsbook structured market feed,,VA,NFL,35609019,Cleveland Browns @ Jacksonville Jaguars,2026-09-13T17:01:00.000Z,FanDuel,751.183963353,receiving_yards,Brenton Strange - Receiving Yds,,Brenton Strange,41155823,under,36.5,-114,1.87719298245614,0.5327102803738317,open,,,2026-09-07T12:15:05Z,,,,,v3-forward-measurement
16c95138-1b34-4e89-ad57-12b39201ab4b,4ff55a30-1d70-4987-b4a0-7d956aa9cf66,2026-09-07T12:15:05Z,FanDuel Sportsbook structured market feed,,VA,NFL,35609019,Cleveland Browns @ Jacksonville Jaguars,2026-09-13T17:01:00.000Z,FanDuel,751.183963352,receptions,Brenton Strange - Total Receptions,,Brenton Strange,41155824,over,3.5,-102,1.980392156862745,0.504950495049505,open,,,2026-09-07T12:15:05Z,,,,,v3-forward-measurement
16c95138-1b34-4e89-ad57-12b39201ab4b,99081aa7-90d4-4efc-89b3-9fbd3c00788e,2026-09-07T12:15:05Z,FanDuel Sportsbook structured market feed,,VA,NFL,35609019,Cleveland Browns @ Jacksonville Jaguars,2026-09-13T17:01:00.000Z,FanDuel,751.183963352,receptions,Brenton Strange - Total Receptions,,Brenton Strange,41155823,under,3.5,-130,1.769230769230769,0.5652173913043478,open,,,2026-09-07T12:15:05Z,,,,,v3-forward-measurement
16c95138-1b34-4e89-ad57-12b39201ab4b,01b05cf9-3a02-4a12-87e6-4000eea34a4f,2026-09-07T12:15:05Z,FanDuel Sportsbook structured market feed,,VA,NFL,35609019,Cleveland Browns @ Jacksonville Jaguars,2026-09-13T17:01:00.000Z,FanDuel,751.183935334,receptions,Jakobi Meyers - Total Receptions,,Jakobi Meyers,26595189,over,3.5,-114,1.87719298245614,0.5327102803738317,open,,,2026-09-07T12:15:05Z,,,,,v3-forward-measurement
16c95138-1b34-4e89-ad57-12b39201ab4b,762c63a3-941c-4507-881e-db4be921f473,2026-09-07T12:15:05Z,FanDuel Sportsbook structured market feed,,VA,NFL,35609019,Cleveland Browns @ Jacksonville Jaguars,2026-09-13T17:01:00.000Z,FanDuel,751.183935334,receptions,Jakobi Meyers - Total Receptions,,Jakobi Meyers,26595190,under,3.5,-114,1.87719298245614,0.5327102803738317,open,,,2026-09-07T12:15:05Z,,,,,v3-forward-measurement
16c95138-1b34-4e89-ad57-12b39201ab4b,04b5f682-8db9-4626-87a5-69d8a4e050e8,2026-09-07T12:15:05Z,FanDuel Sportsbook structured market feed,,VA,NFL,35609019,Cleveland Browns @ Jacksonville Jaguars,2026-09-13T17:01:00.000Z,FanDuel,751.184983845,receptions,Quinshon Judkins - Total Receptions,,Quinshon Judkins,48906497,over,1.5,-130,1.769230769230769,0.5652173913043478,open,,,2026-09-07T12:15:05Z,,,,,v3-forward-measurement
16c95138-1b34-4e89-ad57-12b39201ab4b,76199c3f-bd33-4c2f-93f9-bdb8bed91133,2026-09-07T12:15:05Z,FanDuel Sportsbook structured market feed,,VA,NFL,35609019,Cleveland Browns @ Jacksonville Jaguars,2026-09-13T17:01:00.000Z,FanDuel,751.184983845,receptions,Quinshon Judkins - Total Receptions,,Quinshon Judkins,48906496,under,1.5,-102,1.980392156862745,0.504950495049505,open,,,2026-09-07T12:15:05Z,,,,,v3-forward-measurement
16c95138-1b34-4e89-ad57-12b39201ab4b,98b74110-699c-4749-8868-2530fbfb540f,2026-09-07T12:15:05Z,FanDuel Sportsbook structured market feed,,VA,NFL,35609019,Cleveland Browns @ Jacksonville Jaguars,2026-09-13T17:01:00.000Z,FanDuel,751.184983842,receptions,Bhayshul Tuten - Total Receptions,,Bhayshul Tuten,60316188,over,1.5,-172,1.581395348837209,0.6323529411764706,open,,,2026-09-07T12:15:05Z,,,,,v3-forward-measurement
16c95138-1b34-4e89-ad57-12b39201ab4b,d0b5a6b9-b765-4c9e-9071-9b1ea5fbcfad,2026-09-07T12:15:05Z,FanDuel Sportsbook structured market feed,,VA,NFL,35609019,Cleveland Browns @ Jacksonville Jaguars,2026-09-13T17:01:00.000Z,FanDuel,751.184983842,receptions,Bhayshul Tuten - Total Receptions,,Bhayshul Tuten,60316191,under,1.5,128,2.28,0.43859649122807015,open,,,2026-09-07T12:15:05Z,,,,,v3-forward-measurement
16c95138-1b34-4e89-ad57-12b39201ab4b,7ca6e709-0680-48c2-9952-25580daec7bf,2026-09-07T12:15:05Z,FanDuel Sportsbook structured market feed,,VA,NFL,35609019,Cleveland Browns @ Jacksonville Jaguars,2026-09-13T17:01:00.000Z,FanDuel,751.184983841,receiving_yards,Quinshon Judkins - Receiving Yds,,Quinshon Judkins,48906497,over,9.5,-114,1.87719298245614,0.5327102803738317,open,,,2026-09-07T12:15:05Z,,,,,v3-forward-measurement
16c95138-1b34-4e89-ad57-12b39201ab4b,9adc7333-cb5c-453c-a034-33f3871d0216,2026-09-07T12:15:05Z,FanDuel Sportsbook structured market feed,,VA,NFL,35609019,Cleveland Browns @ Jacksonville Jaguars,2026-09-13T17:01:00.000Z,FanDuel,751.184983841,receiving_yards,Quinshon Judkins - Receiving Yds,,Quinshon Judkins,48906496,under,9.5,-114,1.87719298245614,0.5327102803738317,open,,,2026-09-07T12:15:05Z,,,,,v3-forward-measurement
16c95138-1b34-4e89-ad57-12b39201ab4b,4128f415-0b8b-49a7-84e7-7b469aac7b1f,2026-09-07T12:15:05Z,FanDuel Sportsbook structured market feed,,VA,NFL,35609019,Cleveland Browns @ Jacksonville Jaguars,2026-09-13T17:01:00.000Z,FanDuel,751.183962615,receiving_yards,Denzel Boston - Receiving Yds,,Denzel Boston,102320454,over,25.5,-114,1.87719298245614,0.5327102803738317,open,,,2026-09-07T12:15:05Z,,,,,v3-forward-measurement
16c95138-1b34-4e89-ad57-12b39201ab4b,d7b93cf6-ed1c-4d01-a247-d36e706f3bc4,2026-09-07T12:15:05Z,FanDuel Sportsbook structured market feed,,VA,NFL,35609019,Cleveland Browns @ Jacksonville Jaguars,2026-09-13T17:01:00.000Z,FanDuel,751.183962615,receiving_yards,Denzel Boston - Receiving Yds,,Denzel Boston,102320455,under,25.5,-114,1.87719298245614,0.5327102803738317,open,,,2026-09-07T12:15:05Z,,,,,v3-forward-measurement
16c95138-1b34-4e89-ad57-12b39201ab4b,43230a3f-c0b0-4b0c-be45-55bd7f909b10,2026-09-07T12:15:05Z,FanDuel Sportsbook structured market feed,,VA,NFL,35609019,Cleveland Browns @ Jacksonville Jaguars,2026-09-13T17:01:00.000Z,FanDuel,751.183962613,receptions,Denzel Boston - Total Receptions,,Denzel Boston,102320454,over,2.5,112,2.12,0.4716981132075472,open,,,2026-09-07T12:15:05Z,,,,,v3-forward-measurement
16c95138-1b34-4e89-ad57-12b39201ab4b,f5660f68-abd8-4e88-bd8b-671da8063c94,2026-09-07T12:15:05Z,FanDuel Sportsbook structured market feed,,VA,NFL,35609019,Cleveland Browns @ Jacksonville Jaguars,2026-09-13T17:01:00.000Z,FanDuel,751.183962613,receptions,Denzel Boston - Total Receptions,,Denzel Boston,102320455,under,2.5,-148,1.675675675675676,0.5967741935483871,open,,,2026-09-07T12:15:05Z,,,,,v3-forward-measurement
16c95138-1b34-4e89-ad57-12b39201ab4b,44187c54-7471-41fb-9220-3eff394e5e05,2026-09-07T12:15:05Z,FanDuel Sportsbook structured market feed,,VA,NFL,35609019,Cleveland Browns @ Jacksonville Jaguars,2026-09-13T17:01:00.000Z,FanDuel,751.183935250,receiving_yards,Parker Washington - Receiving Yds,,Parker Washington,41155821,over,51.5,-114,1.87719298245614,0.5327102803738317,open,,,2026-09-07T12:15:05Z,,,,,v3-forward-measurement
16c95138-1b34-4e89-ad57-12b39201ab4b,1119bb56-bc3d-4371-a7b5-4c7adcb277a0,2026-09-07T12:15:05Z,FanDuel Sportsbook structured market feed,,VA,NFL,35609019,Cleveland Browns @ Jacksonville Jaguars,2026-09-13T17:01:00.000Z,FanDuel,751.183935250,receiving_yards,Parker Washington - Receiving Yds,,Parker Washington,41155820,under,51.5,-114,1.87719298245614,0.5327102803738317,open,,,2026-09-07T12:15:05Z,,,,,v3-forward-measurement
16c95138-1b34-4e89-ad57-12b39201ab4b,b6ff195b-989b-4597-95fd-6040d559d4c1,2026-09-07T12:15:05Z,FanDuel Sportsbook structured market feed,,VA,NFL,35609019,Cleveland Browns @ Jacksonville Jaguars,2026-09-13T17:01:00.000Z,FanDuel,751.184983848,receiving_yards,Bhayshul Tuten - Receiving Yds,,Bhayshul Tuten,60316188,over,11.5,-114,1.87719298245614,0.5327102803738317,open,,,2026-09-07T12:15:05Z,,,,,v3-forward-measurement
16c95138-1b34-4e89-ad57-12b39201ab4b,37f069ec-42a8-459a-84ef-adee9f35fb2e,2026-09-07T12:15:05Z,FanDuel Sportsbook structured market feed,,VA,NFL,35609019,Cleveland Browns @ Jacksonville Jaguars,2026-09-13T17:01:00.000Z,FanDuel,751.184983848,receiving_yards,Bhayshul Tuten - Receiving Yds,,Bhayshul Tuten,60316191,under,11.5,-114,1.87719298245614,0.5327102803738317,open,,,2026-09-07T12:15:05Z,,,,,v3-forward-measurement
16c95138-1b34-4e89-ad57-12b39201ab4b,da6dc691-af30-43a0-afa8-02626d4de4f2,2026-09-07T12:15:05Z,FanDuel Sportsbook structured market feed,,VA,NFL,35609019,Cleveland Browns @ Jacksonville Jaguars,2026-09-13T17:01:00.000Z,FanDuel,751.183962600,receiving_yards,KC Concepcion - Receiving Yds,,KC Concepcion,102320458,over,33.5,-114,1.87719298245614,0.5327102803738317,open,,,2026-09-07T12:15:05Z,,,,,v3-forward-measurement
16c95138-1b34-4e89-ad57-12b39201ab4b,10d6e45d-8b49-4c34-b2c9-9f2cfa00f403,2026-09-07T12:15:05Z,FanDuel Sportsbook structured market feed,,VA,NFL,35609019,Cleveland Browns @ Jacksonville Jaguars,2026-09-13T17:01:00.000Z,FanDuel,751.183962600,receiving_yards,KC Concepcion - Receiving Yds,,KC Concepcion,102320470,under,33.5,-114,1.87719298245614,0.5327102803738317,open,,,2026-09-07T12:15:05Z,,,,,v3-forward-measurement
16c95138-1b34-4e89-ad57-12b39201ab4b,b7c5dd44-1ce1-407d-a5cd-e4b37b2a0cc4,2026-09-07T12:15:05Z,FanDuel Sportsbook structured market feed,,VA,NFL,35609019,Cleveland Browns @ Jacksonville Jaguars,2026-09-13T17:01:00.000Z,FanDuel,751.183935344,receptions,Brian Thomas Jr. - Total Receptions,,Brian Thomas Jr.,42267563,over,2.5,-172,1.581395348837209,0.6323529411764706,open,,,2026-09-07T12:15:05Z,,,,,v3-forward-measurement
16c95138-1b34-4e89-ad57-12b39201ab4b,ecd29b57-932c-47b5-b943-7472b35f38e7,2026-09-07T12:15:05Z,FanDuel Sportsbook structured market feed,,VA,NFL,35609019,Cleveland Browns @ Jacksonville Jaguars,2026-09-13T17:01:00.000Z,FanDuel,751.183935344,receptions,Brian Thomas Jr. - Total Receptions,,Brian Thomas Jr.,42267562,under,2.5,128,2.28,0.43859649122807015,open,,,2026-09-07T12:15:05Z,,,,,v3-forward-measurement
16c95138-1b34-4e89-ad57-12b39201ab4b,5479d60e-4427-422e-a69b-2076d17e028e,2026-09-07T12:15:05Z,FanDuel Sportsbook structured market feed,,VA,NFL,35609019,Cleveland Browns @ Jacksonville Jaguars,2026-09-13T17:01:00.000Z,FanDuel,751.183973662,receptions,Harold Fannin Jr. - Total Receptions,,Harold Fannin Jr.,60595587,over,4.5,124,2.24,0.44642857142857145,open,,,2026-09-07T12:15:05Z,,,,,v3-forward-measurement
16c95138-1b34-4e89-ad57-12b39201ab4b,26f7ad3a-4913-4e80-aadc-1d797c8a9dbb,2026-09-07T12:15:05Z,FanDuel Sportsbook structured market feed,,VA,NFL,35609019,Cleveland Browns @ Jacksonville Jaguars,2026-09-13T17:01:00.000Z,FanDuel,751.183973662,receptions,Harold Fannin Jr. - Total Receptions,,Harold Fannin Jr.,60595585,under,4.5,-166,1.602409638554217,0.6240601503759399,open,,,2026-09-07T12:15:05Z,,,,,v3-forward-measurement
16c95138-1b34-4e89-ad57-12b39201ab4b,5ccf49b7-40a9-4435-bea1-7bedf30936f3,2026-09-07T12:15:05Z,FanDuel Sportsbook structured market feed,,VA,NFL,35609019,Cleveland Browns @ Jacksonville Jaguars,2026-09-13T17:01:00.000Z,FanDuel,751.183973661,receiving_yards,Harold Fannin Jr. - Receiving Yds,,Harold Fannin Jr.,60595587,over,36.5,-114,1.87719298245614,0.5327102803738317,open,,,2026-09-07T12:15:05Z,,,,,v3-forward-measurement
16c95138-1b34-4e89-ad57-12b39201ab4b,d164be11-48a2-40fb-9b18-6ac41e801454,2026-09-07T12:15:05Z,FanDuel Sportsbook structured market feed,,VA,NFL,35609019,Cleveland Browns @ Jacksonville Jaguars,2026-09-13T17:01:00.000Z,FanDuel,751.183973661,receiving_yards,Harold Fannin Jr. - Receiving Yds,,Harold Fannin Jr.,60595585,under,36.5,-114,1.87719298245614,0.5327102803738317,open,,,2026-09-07T12:15:05Z,,,,,v3-forward-measurement
16c95138-1b34-4e89-ad57-12b39201ab4b,f7f9435f-4f7a-4d81-9995-48b509e8f62f,2026-09-07T12:15:05Z,FanDuel Sportsbook structured market feed,,VA,NFL,35609019,Cleveland Browns @ Jacksonville Jaguars,2026-09-13T17:01:00.000Z,FanDuel,751.183962634,receptions,Jerry Jeudy - Total Receptions,,Jerry Jeudy,22336750,over,2.5,-174,1.574712643678161,0.635036496350365,open,,,2026-09-07T12:15:05Z,,,,,v3-forward-measurement
16c95138-1b34-4e89-ad57-12b39201ab4b,6b5da611-2de2-4cb2-9961-f7135d7048a0,2026-09-07T12:15:05Z,FanDuel Sportsbook structured market feed,,VA,NFL,35609019,Cleveland Browns @ Jacksonville Jaguars,2026-09-13T17:01:00.000Z,FanDuel,751.183962634,receptions,Jerry Jeudy - Total Receptions,,Jerry Jeudy,22336751,under,2.5,130,2.3,0.43478260869565216,open,,,2026-09-07T12:15:05Z,,,,,v3-forward-measurement
16c95138-1b34-4e89-ad57-12b39201ab4b,8e7dd0c7-54fa-4da6-ab6f-091107f09acc,2026-09-07T12:15:05Z,FanDuel Sportsbook structured market feed,,VA,NFL,35609019,Cleveland Browns @ Jacksonville Jaguars,2026-09-13T17:01:00.000Z,FanDuel,751.183935357,receiving_yards,Jakobi Meyers - Receiving Yds,,Jakobi Meyers,26595189,over,37.5,-114,1.87719298245614,0.5327102803738317,open,,,2026-09-07T12:15:05Z,,,,,v3-forward-measurement
16c95138-1b34-4e89-ad57-12b39201ab4b,4ec87c36-7f7e-4865-a273-21fed3129bd9,2026-09-07T12:15:05Z,FanDuel Sportsbook structured market feed,,VA,NFL,35609019,Cleveland Browns @ Jacksonville Jaguars,2026-09-13T17:01:00.000Z,FanDuel,751.183935357,receiving_yards,Jakobi Meyers - Receiving Yds,,Jakobi Meyers,26595190,under,37.5,-114,1.87719298245614,0.5327102803738317,open,,,2026-09-07T12:15:05Z,,,,,v3-forward-measurement
16c95138-1b34-4e89-ad57-12b39201ab4b,028903f5-1304-4c8d-9ebc-af57ae8367af,2026-09-07T12:15:05Z,FanDuel Sportsbook structured market feed,,VA,NFL,35609019,Cleveland Browns @ Jacksonville Jaguars,2026-09-13T17:01:00.000Z,FanDuel,751.183935275,receptions,Parker Washington - Total Receptions,,Parker Washington,41155821,over,3.5,-182,1.549450549450549,0.6453900709219859,open,,,2026-09-07T12:15:05Z,,,,,v3-forward-measurement
16c95138-1b34-4e89-ad57-12b39201ab4b,df561554-26d7-42a2-a6df-f975d24d6864,2026-09-07T12:15:05Z,FanDuel Sportsbook structured market feed,,VA,NFL,35609019,Cleveland Browns @ Jacksonville Jaguars,2026-09-13T17:01:00.000Z,FanDuel,751.183935275,receptions,Parker Washington - Total Receptions,,Parker Washington,41155820,under,3.5,136,2.36,0.423728813559322,open,,,2026-09-07T12:15:05Z,,,,,v3-forward-measurement
50d33f7f-1815-4bbd-9d8b-f0dbc7791f87,716d8126-2950-4f17-9004-ba45bff4c146,2026-09-07T12:15:05Z,FanDuel Sportsbook structured market feed,,VA,NFL,35609020,Atlanta Falcons @ Pittsburgh Steelers,2026-09-13T17:01:00.000Z,FanDuel,751.184014012,passing_touchdowns,Aaron Rodgers - Passing TDs,,Aaron Rodgers,11925813,over,1.5,116,2.16,0.46296296296296297,open,,,2026-09-07T12:15:05Z,,,,,v3-forward-measurement
50d33f7f-1815-4bbd-9d8b-f0dbc7791f87,1504c8a0-408d-48b0-99e6-32fd5f560439,2026-09-07T12:15:05Z,FanDuel Sportsbook structured market feed,,VA,NFL,35609020,Atlanta Falcons @ Pittsburgh Steelers,2026-09-13T17:01:00.000Z,FanDuel,751.184014012,passing_touchdowns,Aaron Rodgers - Passing TDs,,Aaron Rodgers,11925812,under,1.5,-154,1.649350649350649,0.6062992125984252,open,,,2026-09-07T12:15:05Z,,,,,v3-forward-measurement
50d33f7f-1815-4bbd-9d8b-f0dbc7791f87,cef79a2d-9cf4-4024-95c3-770d48252d37,2026-09-07T12:15:05Z,FanDuel Sportsbook structured market feed,,VA,NFL,35609020,Atlanta Falcons @ Pittsburgh Steelers,2026-09-13T17:01:00.000Z,FanDuel,751.184014026,passing_yards,Aaron Rodgers - Passing Yds,,Aaron Rodgers,11925813,over,210.5,-114,1.87719298245614,0.5327102803738317,open,,,2026-09-07T12:15:05Z,,,,,v3-forward-measurement
50d33f7f-1815-4bbd-9d8b-f0dbc7791f87,676d3348-f040-4739-8a28-5294223b8478,2026-09-07T12:15:05Z,FanDuel Sportsbook structured market feed,,VA,NFL,35609020,Atlanta Falcons @ Pittsburgh Steelers,2026-09-13T17:01:00.000Z,FanDuel,751.184014026,passing_yards,Aaron Rodgers - Passing Yds,,Aaron Rodgers,11925812,under,210.5,-114,1.87719298245614,0.5327102803738317,open,,,2026-09-07T12:15:05Z,,,,,v3-forward-measurement
e9cdab99-9501-4367-b4d8-e7e485b0d964,6c494b73-3009-440d-b3fb-f3fd895ff070,2026-09-07T12:15:05Z,FanDuel Sportsbook structured market feed,,VA,NFL,35609020,Atlanta Falcons @ Pittsburgh Steelers,2026-09-13T17:01:00.000Z,FanDuel,751.184664452,rushing_yards,Jaylen Warren - Rushing Yds,,Jaylen Warren,41173071,over,40.5,-114,1.87719298245614,0.5327102803738317,open,,,2026-09-07T12:15:05Z,,,,,v3-forward-measurement
e9cdab99-9501-4367-b4d8-e7e485b0d964,d97261bd-c3a2-4ab8-a2c7-51e544a1277a,2026-09-07T12:15:05Z,FanDuel Sportsbook structured market feed,,VA,NFL,35609020,Atlanta Falcons @ Pittsburgh Steelers,2026-09-13T17:01:00.000Z,FanDuel,751.184664452,rushing_yards,Jaylen Warren - Rushing Yds,,Jaylen Warren,41173070,under,40.5,-114,1.87719298245614,0.5327102803738317,open,,,2026-09-07T12:15:05Z,,,,,v3-forward-measurement
e9cdab99-9501-4367-b4d8-e7e485b0d964,df5fee8b-f07b-4d8e-9ba9-dd8d3dff3e6f,2026-09-07T12:15:05Z,FanDuel Sportsbook structured market feed,,VA,NFL,35609020,Atlanta Falcons @ Pittsburgh Steelers,2026-09-13T17:01:00.000Z,FanDuel,751.184013959,rushing_yards,Bijan Robinson - Rushing Yds,,Bijan Robinson,41066843,over,76.5,-114,1.87719298245614,0.5327102803738317,open,,,2026-09-07T12:15:05Z,,,,,v3-forward-measurement
e9cdab99-9501-4367-b4d8-e7e485b0d964,6ea79402-e7c4-46cc-8396-c3974e198fb2,2026-09-07T12:15:05Z,FanDuel Sportsbook structured market feed,,VA,NFL,35609020,Atlanta Falcons @ Pittsburgh Steelers,2026-09-13T17:01:00.000Z,FanDuel,751.184013959,rushing_yards,Bijan Robinson - Rushing Yds,,Bijan Robinson,41066848,under,76.5,-114,1.87719298245614,0.5327102803738317,open,,,2026-09-07T12:15:05Z,,,,,v3-forward-measurement
e9cdab99-9501-4367-b4d8-e7e485b0d964,64871484-e067-4072-9f20-f131e53580ed,2026-09-07T12:15:05Z,FanDuel Sportsbook structured market feed,,VA,NFL,35609020,Atlanta Falcons @ Pittsburgh Steelers,2026-09-13T17:01:00.000Z,FanDuel,751.184664453,rushing_yards,Rico Dowdle - Rushing Yds,,Rico Dowdle,60414660,over,49.5,-114,1.87719298245614,0.5327102803738317,open,,,2026-09-07T12:15:05Z,,,,,v3-forward-measurement
e9cdab99-9501-4367-b4d8-e7e485b0d964,10874192-2efe-48f0-8de8-869532ac0d2b,2026-09-07T12:15:05Z,FanDuel Sportsbook structured market feed,,VA,NFL,35609020,Atlanta Falcons @ Pittsburgh Steelers,2026-09-13T17:01:00.000Z,FanDuel,751.184664453,rushing_yards,Rico Dowdle - Rushing Yds,,Rico Dowdle,60414648,under,49.5,-114,1.87719298245614,0.5327102803738317,open,,,2026-09-07T12:15:05Z,,,,,v3-forward-measurement
e9cdab99-9501-4367-b4d8-e7e485b0d964,684c0231-103e-4af7-b59b-35721952052a,2026-09-07T12:15:05Z,FanDuel Sportsbook structured market feed,,VA,NFL,35609020,Atlanta Falcons @ Pittsburgh Steelers,2026-09-13T17:01:00.000Z,FanDuel,751.185171894,rushing_yards,Aaron Rodgers - Rushing Yds,,Aaron Rodgers,11925813,over,0.5,-114,1.87719298245614,0.5327102803738317,open,,,2026-09-07T12:15:05Z,,,,,v3-forward-measurement
e9cdab99-9501-4367-b4d8-e7e485b0d964,19f44e56-35b7-4583-9f93-f19149a0798e,2026-09-07T12:15:05Z,FanDuel Sportsbook structured market feed,,VA,NFL,35609020,Atlanta Falcons @ Pittsburgh Steelers,2026-09-13T17:01:00.000Z,FanDuel,751.185171894,rushing_yards,Aaron Rodgers - Rushing Yds,,Aaron Rodgers,11925812,under,0.5,-114,1.87719298245614,0.5327102803738317,open,,,2026-09-07T12:15:05Z,,,,,v3-forward-measurement
20adb59d-6ed0-41f7-b573-916f82525d0d,5341f1c5-88df-4e88-b90c-0608f776693d,2026-09-07T12:15:05Z,FanDuel Sportsbook structured market feed,,VA,NFL,35609020,Atlanta Falcons @ Pittsburgh Steelers,2026-09-13T17:01:00.000Z,FanDuel,751.184665009,receiving_yards,Pat Freiermuth - Receiving Yds,,Pat Freiermuth,40898371,over,25.5,-114,1.87719298245614,0.5327102803738317,open,,,2026-09-07T12:15:05Z,,,,,v3-forward-measurement
20adb59d-6ed0-41f7-b573-916f82525d0d,0263b818-8cb3-4740-b78a-5bc08d874418,2026-09-07T12:15:05Z,FanDuel Sportsbook structured market feed,,VA,NFL,35609020,Atlanta Falcons @ Pittsburgh Steelers,2026-09-13T17:01:00.000Z,FanDuel,751.184665009,receiving_yards,Pat Freiermuth - Receiving Yds,,Pat Freiermuth,40898373,under,25.5,-114,1.87719298245614,0.5327102803738317,open,,,2026-09-07T12:15:05Z,,,,,v3-forward-measurement
20adb59d-6ed0-41f7-b573-916f82525d0d,fea5871a-1700-457e-b6ff-204bb74c6f81,2026-09-07T12:15:05Z,FanDuel Sportsbook structured market feed,,VA,NFL,35609020,Atlanta Falcons @ Pittsburgh Steelers,2026-09-13T17:01:00.000Z,FanDuel,751.184018137,receptions,DK Metcalf - Total Receptions,,DK Metcalf,26036402,over,3.5,-130,1.769230769230769,0.5652173913043478,open,,,2026-09-07T12:15:05Z,,,,,v3-forward-measurement
20adb59d-6ed0-41f7-b573-916f82525d0d,1bcd86d9-8351-4219-b74c-6fea84a7ec18,2026-09-07T12:15:05Z,FanDuel Sportsbook structured market feed,,VA,NFL,35609020,Atlanta Falcons @ Pittsburgh Steelers,2026-09-13T17:01:00.000Z,FanDuel,751.184018137,receptions,DK Metcalf - Total Receptions,,DK Metcalf,26036403,under,3.5,-102,1.980392156862745,0.504950495049505,open,,,2026-09-07T12:15:05Z,,,,,v3-forward-measurement
20adb59d-6ed0-41f7-b573-916f82525d0d,7160cad7-bf15-48a7-9f3f-96f1e41f6055,2026-09-07T12:15:05Z,FanDuel Sportsbook structured market feed,,VA,NFL,35609020,Atlanta Falcons @ Pittsburgh Steelers,2026-09-13T17:01:00.000Z,FanDuel,751.184665004,receptions,Rico Dowdle - Total Receptions,,Rico Dowdle,60414660,over,1.5,-148,1.675675675675676,0.5967741935483871,open,,,2026-09-07T12:15:05Z,,,,,v3-forward-measurement
20adb59d-6ed0-41f7-b573-916f82525d0d,6260818f-1856-4e01-837e-db2a77be943b,2026-09-07T12:15:05Z,FanDuel Sportsbook structured market feed,,VA,NFL,35609020,Atlanta Falcons @ Pittsburgh Steelers,2026-09-13T17:01:00.000Z,FanDuel,751.184665004,receptions,Rico Dowdle - Total Receptions,,Rico Dowdle,60414648,under,1.5,112,2.12,0.4716981132075472,open,,,2026-09-07T12:15:05Z,,,,,v3-forward-measurement
20adb59d-6ed0-41f7-b573-916f82525d0d,febedd12-4da5-40df-bb1d-49d99cf12b8d,2026-09-07T12:15:05Z,FanDuel Sportsbook structured market feed,,VA,NFL,35609020,Atlanta Falcons @ Pittsburgh Steelers,2026-09-13T17:01:00.000Z,FanDuel,751.184968974,receiving_yards,Jahan Dotson - Receiving Yds,,Jahan Dotson,41155779,over,18.5,-114,1.87719298245614,0.5327102803738317,open,,,2026-09-07T12:15:05Z,,,,,v3-forward-measurement
20adb59d-6ed0-41f7-b573-916f82525d0d,349ccdec-2d14-47c9-8add-f2c4bb308991,2026-09-07T12:15:05Z,FanDuel Sportsbook structured market feed,,VA,NFL,35609020,Atlanta Falcons @ Pittsburgh Steelers,2026-09-13T17:01:00.000Z,FanDuel,751.184968974,receiving_yards,Jahan Dotson - Receiving Yds,,Jahan Dotson,41155780,under,18.5,-114,1.87719298245614,0.5327102803738317,open,,,2026-09-07T12:15:05Z,,,,,v3-forward-measurement
20adb59d-6ed0-41f7-b573-916f82525d0d,191c08c0-e4e7-4b1c-beee-ff2b0569fb46,2026-09-07T12:15:05Z,FanDuel Sportsbook structured market feed,,VA,NFL,35609020,Atlanta Falcons @ Pittsburgh Steelers,2026-09-13T17:01:00.000Z,FanDuel,751.184024147,receptions,Kyle Pitts - Total Receptions,,Kyle Pitts,40878305,over,4.5,100,2,0.5,open,,,2026-09-07T12:15:05Z,,,,,v3-forward-measurement
20adb59d-6ed0-41f7-b573-916f82525d0d,7eb7d9ba-2c03-4db5-988e-da3db25373aa,2026-09-07T12:15:05Z,FanDuel Sportsbook structured market feed,,VA,NFL,35609020,Atlanta Falcons @ Pittsburgh Steelers,2026-09-13T17:01:00.000Z,FanDuel,751.184024147,receptions,Kyle Pitts - Total Receptions,,Kyle Pitts,40878308,under,4.5,-132,1.757575757575758,0.5689655172413793,open,,,2026-09-07T12:15:05Z,,,,,v3-forward-measurement
20adb59d-6ed0-41f7-b573-916f82525d0d,10137ba6-c118-4743-a136-420f5e6f42c7,2026-09-07T12:15:05Z,FanDuel Sportsbook structured market feed,,VA,NFL,35609020,Atlanta Falcons @ Pittsburgh Steelers,2026-09-13T17:01:00.000Z,FanDuel,751.184968975,receptions,Jahan Dotson - Total Receptions,,Jahan Dotson,41155779,over,1.5,-172,1.581395348837209,0.6323529411764706,open,,,2026-09-07T12:15:05Z,,,,,v3-forward-measurement
20adb59d-6ed0-41f7-b573-916f82525d0d,f171e8c1-dd58-4143-846d-535fe84fdda1,2026-09-07T12:15:05Z,FanDuel Sportsbook structured market feed,,VA,NFL,35609020,Atlanta Falcons @ Pittsburgh Steelers,2026-09-13T17:01:00.000Z,FanDuel,751.184968975,receptions,Jahan Dotson - Total Receptions,,Jahan Dotson,41155780,under,1.5,128,2.28,0.43859649122807015,open,,,2026-09-07T12:15:05Z,,,,,v3-forward-measurement
20adb59d-6ed0-41f7-b573-916f82525d0d,0963d94c-827b-4c0a-b49f-803a6f1ce89b,2026-09-07T12:15:05Z,FanDuel Sportsbook structured market feed,,VA,NFL,35609020,Atlanta Falcons @ Pittsburgh Steelers,2026-09-13T17:01:00.000Z,FanDuel,751.184024145,receiving_yards,Kyle Pitts - Receiving Yds,,Kyle Pitts,40878305,over,43.5,-114,1.87719298245614,0.5327102803738317,open,,,2026-09-07T12:15:05Z,,,,,v3-forward-measurement
20adb59d-6ed0-41f7-b573-916f82525d0d,530e4246-31cf-4094-a005-410d21888b35,2026-09-07T12:15:05Z,FanDuel Sportsbook structured market feed,,VA,NFL,35609020,Atlanta Falcons @ Pittsburgh Steelers,2026-09-13T17:01:00.000Z,FanDuel,751.184024145,receiving_yards,Kyle Pitts - Receiving Yds,,Kyle Pitts,40878308,under,43.5,-114,1.87719298245614,0.5327102803738317,open,,,2026-09-07T12:15:05Z,,,,,v3-forward-measurement
20adb59d-6ed0-41f7-b573-916f82525d0d,3d239e84-25e1-4d6e-8aea-2c8a3390135c,2026-09-07T12:15:05Z,FanDuel Sportsbook structured market feed,,VA,NFL,35609020,Atlanta Falcons @ Pittsburgh Steelers,2026-09-13T17:01:00.000Z,FanDuel,751.185126746,receptions,Darnell Washington - Total Receptions,,Darnell Washington,60408354,over,1.5,-172,1.581395348837209,0.6323529411764706,open,,,2026-09-07T12:15:05Z,,,,,v3-forward-measurement
20adb59d-6ed0-41f7-b573-916f82525d0d,5995a8ad-2fb8-404c-9510-90f2f02b425c,2026-09-07T12:15:05Z,FanDuel Sportsbook structured market feed,,VA,NFL,35609020,Atlanta Falcons @ Pittsburgh Steelers,2026-09-13T17:01:00.000Z,FanDuel,751.185126746,receptions,Darnell Washington - Total Receptions,,Darnell Washington,60408353,under,1.5,128,2.28,0.43859649122807015,open,,,2026-09-07T12:15:05Z,,,,,v3-forward-measurement
20adb59d-6ed0-41f7-b573-916f82525d0d,3643e2c5-bf58-4a1b-a71d-ae118e206728,2026-09-07T12:15:05Z,FanDuel Sportsbook structured market feed,,VA,NFL,35609020,Atlanta Falcons @ Pittsburgh Steelers,2026-09-13T17:01:00.000Z,FanDuel,751.185126743,receiving_yards,Darnell Washington - Receiving Yds,,Darnell Washington,60408354,over,16.5,-114,1.87719298245614,0.5327102803738317,open,,,2026-09-07T12:15:05Z,,,,,v3-forward-measurement
20adb59d-6ed0-41f7-b573-916f82525d0d,0171b1ba-2902-47fb-a2ca-5fecd2119c76,2026-09-07T12:15:05Z,FanDuel Sportsbook structured market feed,,VA,NFL,35609020,Atlanta Falcons @ Pittsburgh Steelers,2026-09-13T17:01:00.000Z,FanDuel,751.185126743,receiving_yards,Darnell Washington - Receiving Yds,,Darnell Washington,60408353,under,16.5,-114,1.87719298245614,0.5327102803738317,open,,,2026-09-07T12:15:05Z,,,,,v3-forward-measurement
20adb59d-6ed0-41f7-b573-916f82525d0d,c3990c2e-451f-40b9-b57b-52f1d2ebc9c1,2026-09-07T12:15:05Z,FanDuel Sportsbook structured market feed,,VA,NFL,35609020,Atlanta Falcons @ Pittsburgh Steelers,2026-09-13T17:01:00.000Z,FanDuel,751.184018133,receptions,Drake London - Total Receptions,,Drake London,41172406,over,5.5,-125,1.8,0.5555555555555556,open,,,2026-09-07T12:15:05Z,,,,,v3-forward-measurement
20adb59d-6ed0-41f7-b573-916f82525d0d,cf03cc82-6dac-45a1-92fe-4b88b40a0afb,2026-09-07T12:15:05Z,FanDuel Sportsbook structured market feed,,VA,NFL,35609020,Atlanta Falcons @ Pittsburgh Steelers,2026-09-13T17:01:00.000Z,FanDuel,751.184018133,receptions,Drake London - Total Receptions,,Drake London,41172405,under,5.5,-106,1.943396226415094,0.5145631067961165,open,,,2026-09-07T12:15:05Z,,,,,v3-forward-measurement
20adb59d-6ed0-41f7-b573-916f82525d0d,cab20cd2-6275-43f8-abd9-05fb7f50b397,2026-09-07T12:15:05Z,FanDuel Sportsbook structured market feed,,VA,NFL,35609020,Atlanta Falcons @ Pittsburgh Steelers,2026-09-13T17:01:00.000Z,FanDuel,751.184018129,receiving_yards,Drake London - Receiving Yds,,Drake London,41172406,over,64.5,-114,1.87719298245614,0.5327102803738317,open,,,2026-09-07T12:15:05Z,,,,,v3-forward-measurement
20adb59d-6ed0-41f7-b573-916f82525d0d,f91f3d10-a8a9-49c0-b74a-262d7f1b073c,2026-09-07T12:15:05Z,FanDuel Sportsbook structured market feed,,VA,NFL,35609020,Atlanta Falcons @ Pittsburgh Steelers,2026-09-13T17:01:00.000Z,FanDuel,751.184018129,receiving_yards,Drake London - Receiving Yds,,Drake London,41172405,under,64.5,-114,1.87719298245614,0.5327102803738317,open,,,2026-09-07T12:15:05Z,,,,,v3-forward-measurement
20adb59d-6ed0-41f7-b573-916f82525d0d,c01194ca-4a9e-4cd8-baf7-c5a6147d997d,2026-09-07T12:15:05Z,FanDuel Sportsbook structured market feed,,VA,NFL,35609020,Atlanta Falcons @ Pittsburgh Steelers,2026-09-13T17:01:00.000Z,FanDuel,751.184665033,receptions,Jaylen Warren - Total Receptions,,Jaylen Warren,41173071,over,2.5,-114,1.87719298245614,0.5327102803738317,open,,,2026-09-07T12:15:05Z,,,,,v3-forward-measurement
20adb59d-6ed0-41f7-b573-916f82525d0d,592b48f5-21ee-4129-b612-01ed7f9f2712,2026-09-07T12:15:05Z,FanDuel Sportsbook structured market feed,,VA,NFL,35609020,Atlanta Falcons @ Pittsburgh Steelers,2026-09-13T17:01:00.000Z,FanDuel,751.184665033,receptions,Jaylen Warren - Total Receptions,,Jaylen Warren,41173070,under,2.5,-114,1.87719298245614,0.5327102803738317,open,,,2026-09-07T12:15:05Z,,,,,v3-forward-measurement
20adb59d-6ed0-41f7-b573-916f82525d0d,7096511f-5c2a-4f6a-b209-715b557c63a7,2026-09-07T12:15:05Z,FanDuel Sportsbook structured market feed,,VA,NFL,35609020,Atlanta Falcons @ Pittsburgh Steelers,2026-09-13T17:01:00.000Z,FanDuel,751.184018122,receiving_yards,DK Metcalf - Receiving Yds,,DK Metcalf,26036402,over,46.5,-114,1.87719298245614,0.5327102803738317,open,,,2026-09-07T12:15:05Z,,,,,v3-forward-measurement
20adb59d-6ed0-41f7-b573-916f82525d0d,c6be905f-8f43-46e8-911e-44f81a19c283,2026-09-07T12:15:05Z,FanDuel Sportsbook structured market feed,,VA,NFL,35609020,Atlanta Falcons @ Pittsburgh Steelers,2026-09-13T17:01:00.000Z,FanDuel,751.184018122,receiving_yards,DK Metcalf - Receiving Yds,,DK Metcalf,26036403,under,46.5,-114,1.87719298245614,0.5327102803738317,open,,,2026-09-07T12:15:05Z,,,,,v3-forward-measurement
20adb59d-6ed0-41f7-b573-916f82525d0d,85602e70-1af4-4f7f-912e-66422f73acc6,2026-09-07T12:15:05Z,FanDuel Sportsbook structured market feed,,VA,NFL,35609020,Atlanta Falcons @ Pittsburgh Steelers,2026-09-13T17:01:00.000Z,FanDuel,751.184665031,receiving_yards,Rico Dowdle - Receiving Yds,,Rico Dowdle,60414660,over,10.5,-114,1.87719298245614,0.5327102803738317,open,,,2026-09-07T12:15:05Z,,,,,v3-forward-measurement
20adb59d-6ed0-41f7-b573-916f82525d0d,cf7236b1-ab94-4ace-922c-a9e9b2beff3c,2026-09-07T12:15:05Z,FanDuel Sportsbook structured market feed,,VA,NFL,35609020,Atlanta Falcons @ Pittsburgh Steelers,2026-09-13T17:01:00.000Z,FanDuel,751.184665031,receiving_yards,Rico Dowdle - Receiving Yds,,Rico Dowdle,60414648,under,10.5,-114,1.87719298245614,0.5327102803738317,open,,,2026-09-07T12:15:05Z,,,,,v3-forward-measurement
20adb59d-6ed0-41f7-b573-916f82525d0d,7d1b6c5c-c7ba-4444-8eba-4b12e7f7475b,2026-09-07T12:15:05Z,FanDuel Sportsbook structured market feed,,VA,NFL,35609020,Atlanta Falcons @ Pittsburgh Steelers,2026-09-13T17:01:00.000Z,FanDuel,751.184023667,receptions,Michael Pittman Jr. - Total Receptions,,Michael Pittman Jr.,36175140,over,3.5,-188,1.531914893617021,0.6527777777777778,open,,,2026-09-07T12:15:05Z,,,,,v3-forward-measurement
20adb59d-6ed0-41f7-b573-916f82525d0d,0a61a046-749f-4f58-8513-ffa44d30fdc8,2026-09-07T12:15:05Z,FanDuel Sportsbook structured market feed,,VA,NFL,35609020,Atlanta Falcons @ Pittsburgh Steelers,2026-09-13T17:01:00.000Z,FanDuel,751.184023667,receptions,Michael Pittman Jr. - Total Receptions,,Michael Pittman Jr.,36175141,under,3.5,140,2.4,0.4166666666666667,open,,,2026-09-07T12:15:05Z,,,,,v3-forward-measurement
20adb59d-6ed0-41f7-b573-916f82525d0d,dfd27b5a-bf2c-4a1c-8127-35dfd0a96206,2026-09-07T12:15:05Z,FanDuel Sportsbook structured market feed,,VA,NFL,35609020,Atlanta Falcons @ Pittsburgh Steelers,2026-09-13T17:01:00.000Z,FanDuel,751.184023668,receiving_yards,Michael Pittman Jr. - Receiving Yds,,Michael Pittman Jr.,36175140,over,38.5,-114,1.87719298245614,0.5327102803738317,open,,,2026-09-07T12:15:05Z,,,,,v3-forward-measurement
20adb59d-6ed0-41f7-b573-916f82525d0d,179490cd-b1dc-4c71-bc2b-b08989e1d3a8,2026-09-07T12:15:05Z,FanDuel Sportsbook structured market feed,,VA,NFL,35609020,Atlanta Falcons @ Pittsburgh Steelers,2026-09-13T17:01:00.000Z,FanDuel,751.184023668,receiving_yards,Michael Pittman Jr. - Receiving Yds,,Michael Pittman Jr.,36175141,under,38.5,-114,1.87719298245614,0.5327102803738317,open,,,2026-09-07T12:15:05Z,,,,,v3-forward-measurement
20adb59d-6ed0-41f7-b573-916f82525d0d,b7121124-48ab-4893-96ca-d847df05197e,2026-09-07T12:15:05Z,FanDuel Sportsbook structured market feed,,VA,NFL,35609020,Atlanta Falcons @ Pittsburgh Steelers,2026-09-13T17:01:00.000Z,FanDuel,751.184665029,receiving_yards,Jaylen Warren - Receiving Yds,,Jaylen Warren,41173071,over,15.5,-114,1.87719298245614,0.5327102803738317,open,,,2026-09-07T12:15:05Z,,,,,v3-forward-measurement
20adb59d-6ed0-41f7-b573-916f82525d0d,20978747-fb99-441a-b3d8-076e7bdbe564,2026-09-07T12:15:05Z,FanDuel Sportsbook structured market feed,,VA,NFL,35609020,Atlanta Falcons @ Pittsburgh Steelers,2026-09-13T17:01:00.000Z,FanDuel,751.184665029,receiving_yards,Jaylen Warren - Receiving Yds,,Jaylen Warren,41173070,under,15.5,-114,1.87719298245614,0.5327102803738317,open,,,2026-09-07T12:15:05Z,,,,,v3-forward-measurement
20adb59d-6ed0-41f7-b573-916f82525d0d,fc5c489c-ddce-47b3-bc24-7053cfea8cd1,2026-09-07T12:15:05Z,FanDuel Sportsbook structured market feed,,VA,NFL,35609020,Atlanta Falcons @ Pittsburgh Steelers,2026-09-13T17:01:00.000Z,FanDuel,751.184665025,receptions,Pat Freiermuth - Total Receptions,,Pat Freiermuth,40898371,over,2.5,-138,1.72463768115942,0.5798319327731093,open,,,2026-09-07T12:15:05Z,,,,,v3-forward-measurement
20adb59d-6ed0-41f7-b573-916f82525d0d,305262a9-ada0-46c9-b3d7-e3f5eb4f7c26,2026-09-07T12:15:05Z,FanDuel Sportsbook structured market feed,,VA,NFL,35609020,Atlanta Falcons @ Pittsburgh Steelers,2026-09-13T17:01:00.000Z,FanDuel,751.184665025,receptions,Pat Freiermuth - Total Receptions,,Pat Freiermuth,40898373,under,2.5,104,2.04,0.49019607843137253,open,,,2026-09-07T12:15:05Z,,,,,v3-forward-measurement
20adb59d-6ed0-41f7-b573-916f82525d0d,9d7b493d-4466-47c0-9635-7d7917864090,2026-09-07T12:15:05Z,FanDuel Sportsbook structured market feed,,VA,NFL,35609020,Atlanta Falcons @ Pittsburgh Steelers,2026-09-13T17:01:00.000Z,FanDuel,751.184024363,receptions,Bijan Robinson - Total Receptions,,Bijan Robinson,41066843,over,4.5,106,2.06,0.4854368932038835,open,,,2026-09-07T12:15:05Z,,,,,v3-forward-measurement
20adb59d-6ed0-41f7-b573-916f82525d0d,d6420c10-e0ba-48e4-84de-0f7ae0d625fd,2026-09-07T12:15:05Z,FanDuel Sportsbook structured market feed,,VA,NFL,35609020,Atlanta Falcons @ Pittsburgh Steelers,2026-09-13T17:01:00.000Z,FanDuel,751.184024363,receptions,Bijan Robinson - Total Receptions,,Bijan Robinson,41066848,under,4.5,-140,1.714285714285714,0.5833333333333334,open,,,2026-09-07T12:15:05Z,,,,,v3-forward-measurement
20adb59d-6ed0-41f7-b573-916f82525d0d,0cf3ff72-4f78-407a-a879-4991f07fe8c3,2026-09-07T12:15:05Z,FanDuel Sportsbook structured market feed,,VA,NFL,35609020,Atlanta Falcons @ Pittsburgh Steelers,2026-09-13T17:01:00.000Z,FanDuel,751.184022875,receiving_yards,Bijan Robinson - Receiving Yds,,Bijan Robinson,41066843,over,37.5,-114,1.87719298245614,0.5327102803738317,open,,,2026-09-07T12:15:05Z,,,,,v3-forward-measurement
20adb59d-6ed0-41f7-b573-916f82525d0d,1135d65f-ad6c-4050-94b7-b4b70fbaa783,2026-09-07T12:15:05Z,FanDuel Sportsbook structured market feed,,VA,NFL,35609020,Atlanta Falcons @ Pittsburgh Steelers,2026-09-13T17:01:00.000Z,FanDuel,751.184022875,receiving_yards,Bijan Robinson - Receiving Yds,,Bijan Robinson,41066848,under,37.5,-114,1.87719298245614,0.5327102803738317,open,,,2026-09-07T12:15:05Z,,,,,v3-forward-measurement
79c52ab0-d96a-40e4-a8c5-45f36866cea6,f46e72f7-5f6d-490e-b4fa-50d1d354cba6,2026-09-07T12:15:05Z,FanDuel Sportsbook structured market feed,,VA,NFL,35609021,New York Jets @ Tennessee Titans,2026-09-13T17:01:00.000Z,FanDuel,751.183999097,passing_yards,Cam Ward - Passing Yds,,Cam Ward,87765275,over,201.5,-114,1.87719298245614,0.5327102803738317,open,,,2026-09-07T12:15:05Z,,,,,v3-forward-measurement
79c52ab0-d96a-40e4-a8c5-45f36866cea6,9bd13960-d465-487d-af37-712592b641e8,2026-09-07T12:15:05Z,FanDuel Sportsbook structured market feed,,VA,NFL,35609021,New York Jets @ Tennessee Titans,2026-09-13T17:01:00.000Z,FanDuel,751.183999097,passing_yards,Cam Ward - Passing Yds,,Cam Ward,87765263,under,201.5,-114,1.87719298245614,0.5327102803738317,open,,,2026-09-07T12:15:05Z,,,,,v3-forward-measurement
79c52ab0-d96a-40e4-a8c5-45f36866cea6,bd920076-3502-4c80-bdf0-c087823ef4bf,2026-09-07T12:15:05Z,FanDuel Sportsbook structured market feed,,VA,NFL,35609021,New York Jets @ Tennessee Titans,2026-09-13T17:01:00.000Z,FanDuel,751.183999122,passing_touchdowns,Cam Ward - Passing TDs,,Cam Ward,87765275,over,1.5,174,2.74,0.36496350364963503,open,,,2026-09-07T12:15:05Z,,,,,v3-forward-measurement
79c52ab0-d96a-40e4-a8c5-45f36866cea6,df6bf6de-abc2-446a-8eb6-1ebc2c1eae49,2026-09-07T12:15:05Z,FanDuel Sportsbook structured market feed,,VA,NFL,35609021,New York Jets @ Tennessee Titans,2026-09-13T17:01:00.000Z,FanDuel,751.183999122,passing_touchdowns,Cam Ward - Passing TDs,,Cam Ward,87765263,under,1.5,-240,1.416666666666667,0.7058823529411765,open,,,2026-09-07T12:15:05Z,,,,,v3-forward-measurement
79c52ab0-d96a-40e4-a8c5-45f36866cea6,28f4d728-bdaa-44d2-8af2-4ef5d0a9214b,2026-09-07T12:15:05Z,FanDuel Sportsbook structured market feed,,VA,NFL,35609021,New York Jets @ Tennessee Titans,2026-09-13T17:01:00.000Z,FanDuel,751.183999047,passing_yards,Geno Smith - Passing Yds,,Geno Smith,12004381,over,212.5,-114,1.87719298245614,0.5327102803738317,open,,,2026-09-07T12:15:05Z,,,,,v3-forward-measurement
79c52ab0-d96a-40e4-a8c5-45f36866cea6,5c20cd71-8768-49dc-9289-41b9ea09c93c,2026-09-07T12:15:05Z,FanDuel Sportsbook structured market feed,,VA,NFL,35609021,New York Jets @ Tennessee Titans,2026-09-13T17:01:00.000Z,FanDuel,751.183999047,passing_yards,Geno Smith - Passing Yds,,Geno Smith,12004382,under,212.5,-114,1.87719298245614,0.5327102803738317,open,,,2026-09-07T12:15:05Z,,,,,v3-forward-measurement
79c52ab0-d96a-40e4-a8c5-45f36866cea6,3562a977-4bc1-4b42-ae28-2ecab81e514e,2026-09-07T12:15:05Z,FanDuel Sportsbook structured market feed,,VA,NFL,35609021,New York Jets @ Tennessee Titans,2026-09-13T17:01:00.000Z,FanDuel,751.183998992,passing_touchdowns,Geno Smith - Passing TDs,,Geno Smith,12004381,over,0.5,-260,1.384615384615385,0.7222222222222222,open,,,2026-09-07T12:15:05Z,,,,,v3-forward-measurement
79c52ab0-d96a-40e4-a8c5-45f36866cea6,1b5130fb-7af5-44d3-8466-e8a4fdaf8d71,2026-09-07T12:15:05Z,FanDuel Sportsbook structured market feed,,VA,NFL,35609021,New York Jets @ Tennessee Titans,2026-09-13T17:01:00.000Z,FanDuel,751.183998992,passing_touchdowns,Geno Smith - Passing TDs,,Geno Smith,12004382,under,0.5,188,2.88,0.3472222222222222,open,,,2026-09-07T12:15:05Z,,,,,v3-forward-measurement
8c1f97b1-e3d6-443a-9ba0-1d805284a65d,85a25a8d-3f72-4203-8c16-5e435036393b,2026-09-07T12:15:05Z,FanDuel Sportsbook structured market feed,,VA,NFL,35609021,New York Jets @ Tennessee Titans,2026-09-13T17:01:00.000Z,FanDuel,751.184002847,rushing_yards,Breece Hall - Rushing Yds,,Breece Hall,41075120,over,64.5,-114,1.87719298245614,0.5327102803738317,open,,,2026-09-07T12:15:05Z,,,,,v3-forward-measurement
8c1f97b1-e3d6-443a-9ba0-1d805284a65d,39cea92b-2657-4436-825f-3902d1358029,2026-09-07T12:15:05Z,FanDuel Sportsbook structured market feed,,VA,NFL,35609021,New York Jets @ Tennessee Titans,2026-09-13T17:01:00.000Z,FanDuel,751.184002847,rushing_yards,Breece Hall - Rushing Yds,,Breece Hall,41075121,under,64.5,-114,1.87719298245614,0.5327102803738317,open,,,2026-09-07T12:15:05Z,,,,,v3-forward-measurement
8c1f97b1-e3d6-443a-9ba0-1d805284a65d,76984694-e905-4135-9e02-25ea36c1c9a8,2026-09-07T12:15:05Z,FanDuel Sportsbook structured market feed,,VA,NFL,35609021,New York Jets @ Tennessee Titans,2026-09-13T17:01:00.000Z,FanDuel,751.184003487,rushing_yards,Geno Smith - Rushing Yds,,Geno Smith,12004381,over,5.5,-114,1.87719298245614,0.5327102803738317,open,,,2026-09-07T12:15:05Z,,,,,v3-forward-measurement
8c1f97b1-e3d6-443a-9ba0-1d805284a65d,b859cf6f-e83b-4bd4-821b-7b15d8deed6d,2026-09-07T12:15:05Z,FanDuel Sportsbook structured market feed,,VA,NFL,35609021,New York Jets @ Tennessee Titans,2026-09-13T17:01:00.000Z,FanDuel,751.184003487,rushing_yards,Geno Smith - Rushing Yds,,Geno Smith,12004382,under,5.5,-114,1.87719298245614,0.5327102803738317,open,,,2026-09-07T12:15:05Z,,,,,v3-forward-measurement
8c1f97b1-e3d6-443a-9ba0-1d805284a65d,acc41389-d873-474d-8062-7729a62541df,2026-09-07T12:15:05Z,FanDuel Sportsbook structured market feed,,VA,NFL,35609021,New York Jets @ Tennessee Titans,2026-09-13T17:01:00.000Z,FanDuel,751.184003488,rushing_yards,Cam Ward - Rushing Yds,,Cam Ward,87765275,over,8.5,-114,1.87719298245614,0.5327102803738317,open,,,2026-09-07T12:15:05Z,,,,,v3-forward-measurement
8c1f97b1-e3d6-443a-9ba0-1d805284a65d,7d836585-d263-4d2c-a58c-e00e4364f185,2026-09-07T12:15:05Z,FanDuel Sportsbook structured market feed,,VA,NFL,35609021,New York Jets @ Tennessee Titans,2026-09-13T17:01:00.000Z,FanDuel,751.184003488,rushing_yards,Cam Ward - Rushing Yds,,Cam Ward,87765263,under,8.5,-114,1.87719298245614,0.5327102803738317,open,,,2026-09-07T12:15:05Z,,,,,v3-forward-measurement
8c1f97b1-e3d6-443a-9ba0-1d805284a65d,c636e3fd-30d3-46cd-aee6-1fdcf77fde90,2026-09-07T12:15:05Z,FanDuel Sportsbook structured market feed,,VA,NFL,35609021,New York Jets @ Tennessee Titans,2026-09-13T17:01:00.000Z,FanDuel,751.184985098,rushing_yards,Braelon Allen - Rushing Yds,,Braelon Allen,41500946,over,17.5,-114,1.87719298245614,0.5327102803738317,open,,,2026-09-07T12:15:05Z,,,,,v3-forward-measurement
8c1f97b1-e3d6-443a-9ba0-1d805284a65d,48f5f1b6-4b82-420b-a14e-eb2622d0f70d,2026-09-07T12:15:05Z,FanDuel Sportsbook structured market feed,,VA,NFL,35609021,New York Jets @ Tennessee Titans,2026-09-13T17:01:00.000Z,FanDuel,751.184985098,rushing_yards,Braelon Allen - Rushing Yds,,Braelon Allen,41500945,under,17.5,-114,1.87719298245614,0.5327102803738317,open,,,2026-09-07T12:15:05Z,,,,,v3-forward-measurement
8c1f97b1-e3d6-443a-9ba0-1d805284a65d,b43a60ad-6332-4651-856f-fdc022e1e6ec,2026-09-07T12:15:05Z,FanDuel Sportsbook structured market feed,,VA,NFL,35609021,New York Jets @ Tennessee Titans,2026-09-13T17:01:00.000Z,FanDuel,751.184002843,rushing_yards,Tony Pollard - Rushing Yds,,Tony Pollard,26271306,over,54.5,-114,1.87719298245614,0.5327102803738317,open,,,2026-09-07T12:15:05Z,,,,,v3-forward-measurement
8c1f97b1-e3d6-443a-9ba0-1d805284a65d,da586c8e-ed66-4da9-bbc6-b5804d43b0ac,2026-09-07T12:15:05Z,FanDuel Sportsbook structured market feed,,VA,NFL,35609021,New York Jets @ Tennessee Titans,2026-09-13T17:01:00.000Z,FanDuel,751.184002843,rushing_yards,Tony Pollard - Rushing Yds,,Tony Pollard,26271307,under,54.5,-114,1.87719298245614,0.5327102803738317,open,,,2026-09-07T12:15:05Z,,,,,v3-forward-measurement
8c1f97b1-e3d6-443a-9ba0-1d805284a65d,297ff103-45ce-4d19-b623-d9f4308f109a,2026-09-07T12:15:05Z,FanDuel Sportsbook structured market feed,,VA,NFL,35609021,New York Jets @ Tennessee Titans,2026-09-13T17:01:00.000Z,FanDuel,751.184985095,rushing_yards,Tyjae Spears - Rushing Yds,,Tyjae Spears,48895401,over,22.5,-114,1.87719298245614,0.5327102803738317,open,,,2026-09-07T12:15:05Z,,,,,v3-forward-measurement
8c1f97b1-e3d6-443a-9ba0-1d805284a65d,3f5d0ebc-fcee-42ff-80b0-613e757ab590,2026-09-07T12:15:05Z,FanDuel Sportsbook structured market feed,,VA,NFL,35609021,New York Jets @ Tennessee Titans,2026-09-13T17:01:00.000Z,FanDuel,751.184985095,rushing_yards,Tyjae Spears - Rushing Yds,,Tyjae Spears,48895398,under,22.5,-114,1.87719298245614,0.5327102803738317,open,,,2026-09-07T12:15:05Z,,,,,v3-forward-measurement
6c95d452-37d6-4a98-bcd2-a380c2adf142,eb7310af-3183-4eef-9ffc-02af8231c9b4,2026-09-07T12:15:05Z,FanDuel Sportsbook structured market feed,,VA,NFL,35609021,New York Jets @ Tennessee Titans,2026-09-13T17:01:00.000Z,FanDuel,751.184984424,receiving_yards,Gunnar Helm - Receiving Yds,,Gunnar Helm,89546913,over,24.5,-114,1.87719298245614,0.5327102803738317,open,,,2026-09-07T12:15:05Z,,,,,v3-forward-measurement
6c95d452-37d6-4a98-bcd2-a380c2adf142,062e6e87-07a9-4148-ab14-7f9716715294,2026-09-07T12:15:05Z,FanDuel Sportsbook structured market feed,,VA,NFL,35609021,New York Jets @ Tennessee Titans,2026-09-13T17:01:00.000Z,FanDuel,751.184984424,receiving_yards,Gunnar Helm - Receiving Yds,,Gunnar Helm,89546948,under,24.5,-114,1.87719298245614,0.5327102803738317,open,,,2026-09-07T12:15:05Z,,,,,v3-forward-measurement
6c95d452-37d6-4a98-bcd2-a380c2adf142,b78c6bec-4919-4107-9173-5e242f5355f0,2026-09-07T12:15:05Z,FanDuel Sportsbook structured market feed,,VA,NFL,35609021,New York Jets @ Tennessee Titans,2026-09-13T17:01:00.000Z,FanDuel,751.184004692,receptions,Breece Hall - Total Receptions,,Breece Hall,41075120,over,2.5,-102,1.980392156862745,0.504950495049505,open,,,2026-09-07T12:15:05Z,,,,,v3-forward-measurement
6c95d452-37d6-4a98-bcd2-a380c2adf142,2420844b-9e6f-4093-be5c-42851f303b75,2026-09-07T12:15:05Z,FanDuel Sportsbook structured market feed,,VA,NFL,35609021,New York Jets @ Tennessee Titans,2026-09-13T17:01:00.000Z,FanDuel,751.184004692,receptions,Breece Hall - Total Receptions,,Breece Hall,41075121,under,2.5,-130,1.769230769230769,0.5652173913043478,open,,,2026-09-07T12:15:05Z,,,,,v3-forward-measurement
6c95d452-37d6-4a98-bcd2-a380c2adf142,133907c7-1388-4ab7-add1-6d8c53037ba1,2026-09-07T12:15:05Z,FanDuel Sportsbook structured market feed,,VA,NFL,35609021,New York Jets @ Tennessee Titans,2026-09-13T17:01:00.000Z,FanDuel,751.184984420,receptions,Gunnar Helm - Total Receptions,,Gunnar Helm,89546913,over,2.5,-158,1.632911392405063,0.6124031007751938,open,,,2026-09-07T12:15:05Z,,,,,v3-forward-measurement
6c95d452-37d6-4a98-bcd2-a380c2adf142,bede1937-644b-4d5a-a1ee-ea5b5d9cc552,2026-09-07T12:15:05Z,FanDuel Sportsbook structured market feed,,VA,NFL,35609021,New York Jets @ Tennessee Titans,2026-09-13T17:01:00.000Z,FanDuel,751.184984420,receptions,Gunnar Helm - Total Receptions,,Gunnar Helm,89546948,under,2.5,118,2.18,0.45871559633027525,open,,,2026-09-07T12:15:05Z,,,,,v3-forward-measurement
6c95d452-37d6-4a98-bcd2-a380c2adf142,26c4dc09-0af8-42fb-a689-aaabba9ed109,2026-09-07T12:15:05Z,FanDuel Sportsbook structured market feed,,VA,NFL,35609021,New York Jets @ Tennessee Titans,2026-09-13T17:01:00.000Z,FanDuel,751.185138120,receiving_yards,Tony Pollard - Receiving Yds,,Tony Pollard,26271306,over,8.5,-114,1.87719298245614,0.5327102803738317,open,,,2026-09-07T12:15:05Z,,,,,v3-forward-measurement
6c95d452-37d6-4a98-bcd2-a380c2adf142,8eb9ad66-bb0d-4d7f-9317-93d0b58ff7f9,2026-09-07T12:15:05Z,FanDuel Sportsbook structured market feed,,VA,NFL,35609021,New York Jets @ Tennessee Titans,2026-09-13T17:01:00.000Z,FanDuel,751.185138120,receiving_yards,Tony Pollard - Receiving Yds,,Tony Pollard,26271307,under,8.5,-114,1.87719298245614,0.5327102803738317,open,,,2026-09-07T12:15:05Z,,,,,v3-forward-measurement
6c95d452-37d6-4a98-bcd2-a380c2adf142,98254021-b5ec-41ea-aedf-94a1d0d40a5b,2026-09-07T12:15:05Z,FanDuel Sportsbook structured market feed,,VA,NFL,35609021,New York Jets @ Tennessee Titans,2026-09-13T17:01:00.000Z,FanDuel,751.184921689,receiving_yards,Adonai Mitchell - Receiving Yds,,Adonai Mitchell,48048058,over,32.5,-114,1.87719298245614,0.5327102803738317,open,,,2026-09-07T12:15:05Z,,,,,v3-forward-measurement
6c95d452-37d6-4a98-bcd2-a380c2adf142,d672bcd7-89c1-4a9f-8d28-83c25f1c370e,2026-09-07T12:15:05Z,FanDuel Sportsbook structured market feed,,VA,NFL,35609021,New York Jets @ Tennessee Titans,2026-09-13T17:01:00.000Z,FanDuel,751.184921689,receiving_yards,Adonai Mitchell - Receiving Yds,,Adonai Mitchell,48048062,under,32.5,-114,1.87719298245614,0.5327102803738317,open,,,2026-09-07T12:15:05Z,,,,,v3-forward-measurement
6c95d452-37d6-4a98-bcd2-a380c2adf142,8746b305-15f6-4685-96aa-b56e285906cb,2026-09-07T12:15:05Z,FanDuel Sportsbook structured market feed,,VA,NFL,35609021,New York Jets @ Tennessee Titans,2026-09-13T17:01:00.000Z,FanDuel,751.184003917,receptions,Garrett Wilson - Total Receptions,,Garrett Wilson,41158862,over,5.5,-114,1.87719298245614,0.5327102803738317,open,,,2026-09-07T12:15:05Z,,,,,v3-forward-measurement
6c95d452-37d6-4a98-bcd2-a380c2adf142,295c0a3e-68d4-40ad-9a4a-8a1b1037cdc8,2026-09-07T12:15:05Z,FanDuel Sportsbook structured market feed,,VA,NFL,35609021,New York Jets @ Tennessee Titans,2026-09-13T17:01:00.000Z,FanDuel,751.184003917,receptions,Garrett Wilson - Total Receptions,,Garrett Wilson,41158861,under,5.5,-114,1.87719298245614,0.5327102803738317,open,,,2026-09-07T12:15:05Z,,,,,v3-forward-measurement
6c95d452-37d6-4a98-bcd2-a380c2adf142,065c92ba-54d0-40c9-a2cc-27bb29b3031e,2026-09-07T12:15:05Z,FanDuel Sportsbook structured market feed,,VA,NFL,35609021,New York Jets @ Tennessee Titans,2026-09-13T17:01:00.000Z,FanDuel,751.184003918,receiving_yards,Wan'Dale Robinson - Receiving Yds,,Wan'Dale Robinson,41073264,over,41.5,-114,1.87719298245614,0.5327102803738317,open,,,2026-09-07T12:15:05Z,,,,,v3-forward-measurement
6c95d452-37d6-4a98-bcd2-a380c2adf142,1d12e35b-182a-4556-b8de-46165fb24877,2026-09-07T12:15:05Z,FanDuel Sportsbook structured market feed,,VA,NFL,35609021,New York Jets @ Tennessee Titans,2026-09-13T17:01:00.000Z,FanDuel,751.184003918,receiving_yards,Wan'Dale Robinson - Receiving Yds,,Wan'Dale Robinson,41073263,under,41.5,-114,1.87719298245614,0.5327102803738317,open,,,2026-09-07T12:15:05Z,,,,,v3-forward-measurement
6c95d452-37d6-4a98-bcd2-a380c2adf142,8e2c4f8f-062d-42c6-a9a3-7194ed8ced2b,2026-09-07T12:15:05Z,FanDuel Sportsbook structured market feed,,VA,NFL,35609021,New York Jets @ Tennessee Titans,2026-09-13T17:01:00.000Z,FanDuel,751.184003915,receiving_yards,Garrett Wilson - Receiving Yds,,Garrett Wilson,41158862,over,61.5,-114,1.87719298245614,0.5327102803738317,open,,,2026-09-07T12:15:05Z,,,,,v3-forward-measurement
6c95d452-37d6-4a98-bcd2-a380c2adf142,5a259e2c-f3f3-41af-8a04-795c749b949f,2026-09-07T12:15:05Z,FanDuel Sportsbook structured market feed,,VA,NFL,35609021,New York Jets @ Tennessee Titans,2026-09-13T17:01:00.000Z,FanDuel,751.184003915,receiving_yards,Garrett Wilson - Receiving Yds,,Garrett Wilson,41158861,under,61.5,-114,1.87719298245614,0.5327102803738317,open,,,2026-09-07T12:15:05Z,,,,,v3-forward-measurement
6c95d452-37d6-4a98-bcd2-a380c2adf142,a2a22d63-3fa4-4949-97a4-fc8b3e2098da,2026-09-07T12:15:05Z,FanDuel Sportsbook structured market feed,,VA,NFL,35609021,New York Jets @ Tennessee Titans,2026-09-13T17:01:00.000Z,FanDuel,751.184004688,receiving_yards,Breece Hall - Receiving Yds,,Breece Hall,41075120,over,18.5,-114,1.87719298245614,0.5327102803738317,open,,,2026-09-07T12:15:05Z,,,,,v3-forward-measurement
6c95d452-37d6-4a98-bcd2-a380c2adf142,8b219e9c-4702-4b91-bbef-b12eb2a16280,2026-09-07T12:15:05Z,FanDuel Sportsbook structured market feed,,VA,NFL,35609021,New York Jets @ Tennessee Titans,2026-09-13T17:01:00.000Z,FanDuel,751.184004688,receiving_yards,Breece Hall - Receiving Yds,,Breece Hall,41075121,under,18.5,-114,1.87719298245614,0.5327102803738317,open,,,2026-09-07T12:15:05Z,,,,,v3-forward-measurement
6c95d452-37d6-4a98-bcd2-a380c2adf142,3e48bfec-34e6-4da8-a299-5265de381893,2026-09-07T12:15:05Z,FanDuel Sportsbook structured market feed,,VA,NFL,35609021,New York Jets @ Tennessee Titans,2026-09-13T17:01:00.000Z,FanDuel,751.185135240,receiving_yards,Tyjae Spears - Receiving Yds,,Tyjae Spears,48895401,over,18.5,-114,1.87719298245614,0.5327102803738317,open,,,2026-09-07T12:15:05Z,,,,,v3-forward-measurement
6c95d452-37d6-4a98-bcd2-a380c2adf142,55a93d93-d0e0-4058-9cba-94335ad1db20,2026-09-07T12:15:05Z,FanDuel Sportsbook structured market feed,,VA,NFL,35609021,New York Jets @ Tennessee Titans,2026-09-13T17:01:00.000Z,FanDuel,751.185135240,receiving_yards,Tyjae Spears - Receiving Yds,,Tyjae Spears,48895398,under,18.5,-114,1.87719298245614,0.5327102803738317,open,,,2026-09-07T12:15:05Z,,,,,v3-forward-measurement
6c95d452-37d6-4a98-bcd2-a380c2adf142,90bbc7ff-b87e-4c07-9f1f-8e4190c97ea3,2026-09-07T12:15:05Z,FanDuel Sportsbook structured market feed,,VA,NFL,35609021,New York Jets @ Tennessee Titans,2026-09-13T17:01:00.000Z,FanDuel,751.185138111,receptions,Tony Pollard - Total Receptions,,Tony Pollard,26271306,over,1.5,-114,1.87719298245614,0.5327102803738317,open,,,2026-09-07T12:15:05Z,,,,,v3-forward-measurement
6c95d452-37d6-4a98-bcd2-a380c2adf142,3e726d9b-feb7-4e36-94e5-8a093310557e,2026-09-07T12:15:05Z,FanDuel Sportsbook structured market feed,,VA,NFL,35609021,New York Jets @ Tennessee Titans,2026-09-13T17:01:00.000Z,FanDuel,751.185138111,receptions,Tony Pollard - Total Receptions,,Tony Pollard,26271307,under,1.5,-114,1.87719298245614,0.5327102803738317,open,,,2026-09-07T12:15:05Z,,,,,v3-forward-measurement
6c95d452-37d6-4a98-bcd2-a380c2adf142,4f2d1089-9bd2-429e-9749-38fbf90b5214,2026-09-07T12:15:05Z,FanDuel Sportsbook structured market feed,,VA,NFL,35609021,New York Jets @ Tennessee Titans,2026-09-13T17:01:00.000Z,FanDuel,751.185135238,receptions,Tyjae Spears - Total Receptions,,Tyjae Spears,48895401,over,2.5,-154,1.649350649350649,0.6062992125984252,open,,,2026-09-07T12:15:05Z,,,,,v3-forward-measurement
6c95d452-37d6-4a98-bcd2-a380c2adf142,65ca13ad-9688-414c-971e-bd56db9180d8,2026-09-07T12:15:05Z,FanDuel Sportsbook structured market feed,,VA,NFL,35609021,New York Jets @ Tennessee Titans,2026-09-13T17:01:00.000Z,FanDuel,751.185135238,receptions,Tyjae Spears - Total Receptions,,Tyjae Spears,48895398,under,2.5,116,2.16,0.46296296296296297,open,,,2026-09-07T12:15:05Z,,,,,v3-forward-measurement
6c95d452-37d6-4a98-bcd2-a380c2adf142,4f219e69-7c6e-4d58-96e7-9e82d7412d8e,2026-09-07T12:15:05Z,FanDuel Sportsbook structured market feed,,VA,NFL,35609021,New York Jets @ Tennessee Titans,2026-09-13T17:01:00.000Z,FanDuel,751.184004318,receptions,Carnell Tate - Total Receptions,,Carnell Tate,102332617,over,3.5,-108,1.925925925925926,0.5192307692307693,open,,,2026-09-07T12:15:05Z,,,,,v3-forward-measurement
6c95d452-37d6-4a98-bcd2-a380c2adf142,18299692-6906-4aba-94fd-a722fea2a354,2026-09-07T12:15:05Z,FanDuel Sportsbook structured market feed,,VA,NFL,35609021,New York Jets @ Tennessee Titans,2026-09-13T17:01:00.000Z,FanDuel,751.184004318,receptions,Carnell Tate - Total Receptions,,Carnell Tate,102332624,under,3.5,-122,1.819672131147541,0.5495495495495496,open,,,2026-09-07T12:15:05Z,,,,,v3-forward-measurement
6c95d452-37d6-4a98-bcd2-a380c2adf142,6de9fdc7-f917-4a7d-9570-3df64dd18d82,2026-09-07T12:15:05Z,FanDuel Sportsbook structured market feed,,VA,NFL,35609021,New York Jets @ Tennessee Titans,2026-09-13T17:01:00.000Z,FanDuel,751.184921679,receptions,Adonai Mitchell - Total Receptions,,Adonai Mitchell,48048058,over,2.5,-138,1.72463768115942,0.5798319327731093,open,,,2026-09-07T12:15:05Z,,,,,v3-forward-measurement
6c95d452-37d6-4a98-bcd2-a380c2adf142,81beaff8-f176-40b0-bcde-2a8079048205,2026-09-07T12:15:05Z,FanDuel Sportsbook structured market feed,,VA,NFL,35609021,New York Jets @ Tennessee Titans,2026-09-13T17:01:00.000Z,FanDuel,751.184921679,receptions,Adonai Mitchell - Total Receptions,,Adonai Mitchell,48048062,under,2.5,104,2.04,0.49019607843137253,open,,,2026-09-07T12:15:05Z,,,,,v3-forward-measurement
6c95d452-37d6-4a98-bcd2-a380c2adf142,dd10a1b1-f775-4aeb-bff3-f7c98f70580c,2026-09-07T12:15:05Z,FanDuel Sportsbook structured market feed,,VA,NFL,35609021,New York Jets @ Tennessee Titans,2026-09-13T17:01:00.000Z,FanDuel,751.184004319,receiving_yards,Carnell Tate - Receiving Yds,,Carnell Tate,102332617,over,40.5,-114,1.87719298245614,0.5327102803738317,open,,,2026-09-07T12:15:05Z,,,,,v3-forward-measurement
6c95d452-37d6-4a98-bcd2-a380c2adf142,659cb049-1600-43f1-9df7-ddbea16b2315,2026-09-07T12:15:05Z,FanDuel Sportsbook structured market feed,,VA,NFL,35609021,New York Jets @ Tennessee Titans,2026-09-13T17:01:00.000Z,FanDuel,751.184004319,receiving_yards,Carnell Tate - Receiving Yds,,Carnell Tate,102332624,under,40.5,-114,1.87719298245614,0.5327102803738317,open,,,2026-09-07T12:15:05Z,,,,,v3-forward-measurement
6c95d452-37d6-4a98-bcd2-a380c2adf142,6e7b084f-d838-4c43-ad37-a859f2238495,2026-09-07T12:15:05Z,FanDuel Sportsbook structured market feed,,VA,NFL,35609021,New York Jets @ Tennessee Titans,2026-09-13T17:01:00.000Z,FanDuel,751.184003904,receptions,Wan'Dale Robinson - Total Receptions,,Wan'Dale Robinson,41073264,over,4.5,106,2.06,0.4854368932038835,open,,,2026-09-07T12:15:05Z,,,,,v3-forward-measurement
6c95d452-37d6-4a98-bcd2-a380c2adf142,2348eaf1-e8a2-4651-b0f6-32a5373aa3d4,2026-09-07T12:15:05Z,FanDuel Sportsbook structured market feed,,VA,NFL,35609021,New York Jets @ Tennessee Titans,2026-09-13T17:01:00.000Z,FanDuel,751.184003904,receptions,Wan'Dale Robinson - Total Receptions,,Wan'Dale Robinson,41073263,under,4.5,-140,1.714285714285714,0.5833333333333334,open,,,2026-09-07T12:15:05Z,,,,,v3-forward-measurement
6c95d452-37d6-4a98-bcd2-a380c2adf142,76304f94-05b9-406f-9fef-320048ee4760,2026-09-07T12:15:05Z,FanDuel Sportsbook structured market feed,,VA,NFL,35609021,New York Jets @ Tennessee Titans,2026-09-13T17:01:00.000Z,FanDuel,751.185136276,receptions,Mason Taylor - Total Receptions,,Mason Taylor,50186665,over,2.5,-102,1.980392156862745,0.504950495049505,open,,,2026-09-07T12:15:05Z,,,,,v3-forward-measurement
6c95d452-37d6-4a98-bcd2-a380c2adf142,33bd4f05-cf96-4b8d-8b64-5a1354d9fb68,2026-09-07T12:15:05Z,FanDuel Sportsbook structured market feed,,VA,NFL,35609021,New York Jets @ Tennessee Titans,2026-09-13T17:01:00.000Z,FanDuel,751.185136276,receptions,Mason Taylor - Total Receptions,,Mason Taylor,50186663,under,2.5,-130,1.769230769230769,0.5652173913043478,open,,,2026-09-07T12:15:05Z,,,,,v3-forward-measurement
6c95d452-37d6-4a98-bcd2-a380c2adf142,8598984a-ff50-4c46-8791-b5c894bd5f31,2026-09-07T12:15:05Z,FanDuel Sportsbook structured market feed,,VA,NFL,35609021,New York Jets @ Tennessee Titans,2026-09-13T17:01:00.000Z,FanDuel,751.184984313,receiving_yards,Calvin Ridley - Receiving Yds,,Calvin Ridley,12302575,over,27.5,-114,1.87719298245614,0.5327102803738317,open,,,2026-09-07T12:15:05Z,,,,,v3-forward-measurement
6c95d452-37d6-4a98-bcd2-a380c2adf142,ee524e12-f0ef-452c-933e-70f0596a2014,2026-09-07T12:15:05Z,FanDuel Sportsbook structured market feed,,VA,NFL,35609021,New York Jets @ Tennessee Titans,2026-09-13T17:01:00.000Z,FanDuel,751.184984313,receiving_yards,Calvin Ridley - Receiving Yds,,Calvin Ridley,12302576,under,27.5,-114,1.87719298245614,0.5327102803738317,open,,,2026-09-07T12:15:05Z,,,,,v3-forward-measurement
6c95d452-37d6-4a98-bcd2-a380c2adf142,c8152989-95f6-4a51-9943-2d65b2217b80,2026-09-07T12:15:05Z,FanDuel Sportsbook structured market feed,,VA,NFL,35609021,New York Jets @ Tennessee Titans,2026-09-13T17:01:00.000Z,FanDuel,751.184984312,receptions,Calvin Ridley - Total Receptions,,Calvin Ridley,12302575,over,2.5,140,2.4,0.4166666666666667,open,,,2026-09-07T12:15:05Z,,,,,v3-forward-measurement
6c95d452-37d6-4a98-bcd2-a380c2adf142,f985b6a5-be3d-4c1f-9fdf-6e855d1a60bd,2026-09-07T12:15:05Z,FanDuel Sportsbook structured market feed,,VA,NFL,35609021,New York Jets @ Tennessee Titans,2026-09-13T17:01:00.000Z,FanDuel,751.184984312,receptions,Calvin Ridley - Total Receptions,,Calvin Ridley,12302576,under,2.5,-188,1.531914893617021,0.6527777777777778,open,,,2026-09-07T12:15:05Z,,,,,v3-forward-measurement
6c95d452-37d6-4a98-bcd2-a380c2adf142,731aa753-5b2a-41dd-bb6c-b9be802d0168,2026-09-07T12:15:05Z,FanDuel Sportsbook structured market feed,,VA,NFL,35609021,New York Jets @ Tennessee Titans,2026-09-13T17:01:00.000Z,FanDuel,751.185136272,receiving_yards,Mason Taylor - Receiving Yds,,Mason Taylor,50186665,over,19.5,-114,1.87719298245614,0.5327102803738317,open,,,2026-09-07T12:15:05Z,,,,,v3-forward-measurement
6c95d452-37d6-4a98-bcd2-a380c2adf142,a35035ed-cc11-4b72-acbc-83e3b6a60808,2026-09-07T12:15:05Z,FanDuel Sportsbook structured market feed,,VA,NFL,35609021,New York Jets @ Tennessee Titans,2026-09-13T17:01:00.000Z,FanDuel,751.185136272,receiving_yards,Mason Taylor - Receiving Yds,,Mason Taylor,50186663,under,19.5,-114,1.87719298245614,0.5327102803738317,open,,,2026-09-07T12:15:05Z,,,,,v3-forward-measurement
27bd9bd3-4cba-46e0-956f-071a069f6540,40fa74fd-17b9-4cd8-ad42-dfa5ce91b788,2026-09-07T12:15:05Z,FanDuel Sportsbook structured market feed,,VA,NFL,35609293,Washington Commanders @ Philadelphia Eagles,2026-09-13T20:25:00.000Z,FanDuel,751.183664687,passing_touchdowns,Jayden Daniels - Passing TDs,,Jayden Daniels,41161339,over,0.5,-245,1.408163265306122,0.7101449275362319,open,,,2026-09-07T12:15:05Z,,,,,v3-forward-measurement
27bd9bd3-4cba-46e0-956f-071a069f6540,07e3be66-bae3-452b-ae00-bf2f9bfd219a,2026-09-07T12:15:05Z,FanDuel Sportsbook structured market feed,,VA,NFL,35609293,Washington Commanders @ Philadelphia Eagles,2026-09-13T20:25:00.000Z,FanDuel,751.183664687,passing_touchdowns,Jayden Daniels - Passing TDs,,Jayden Daniels,41161340,under,0.5,178,2.78,0.3597122302158273,open,,,2026-09-07T12:15:05Z,,,,,v3-forward-measurement
27bd9bd3-4cba-46e0-956f-071a069f6540,618d992a-59eb-4965-8909-3866aad3e379,2026-09-07T12:15:05Z,FanDuel Sportsbook structured market feed,,VA,NFL,35609293,Washington Commanders @ Philadelphia Eagles,2026-09-13T20:25:00.000Z,FanDuel,751.183664641,passing_yards,Jalen Hurts - Passing Yds,,Jalen Hurts,12302543,over,214.5,-114,1.87719298245614,0.5327102803738317,open,,,2026-09-07T12:15:05Z,,,,,v3-forward-measurement
27bd9bd3-4cba-46e0-956f-071a069f6540,88a07b5e-cf13-41bc-85df-017e2668d8a9,2026-09-07T12:15:05Z,FanDuel Sportsbook structured market feed,,VA,NFL,35609293,Washington Commanders @ Philadelphia Eagles,2026-09-13T20:25:00.000Z,FanDuel,751.183664641,passing_yards,Jalen Hurts - Passing Yds,,Jalen Hurts,12302542,under,214.5,-114,1.87719298245614,0.5327102803738317,open,,,2026-09-07T12:15:05Z,,,,,v3-forward-measurement
27bd9bd3-4cba-46e0-956f-071a069f6540,b2518de9-fa24-4f8d-93bc-c43c238c22d7,2026-09-07T12:15:05Z,FanDuel Sportsbook structured market feed,,VA,NFL,35609293,Washington Commanders @ Philadelphia Eagles,2026-09-13T20:25:00.000Z,FanDuel,751.183664552,passing_yards,Jayden Daniels - Passing Yds,,Jayden Daniels,41161339,over,205.5,-114,1.87719298245614,0.5327102803738317,open,,,2026-09-07T12:15:05Z,,,,,v3-forward-measurement
27bd9bd3-4cba-46e0-956f-071a069f6540,c30130e1-517b-45d2-845f-f5bfa6abce01,2026-09-07T12:15:05Z,FanDuel Sportsbook structured market feed,,VA,NFL,35609293,Washington Commanders @ Philadelphia Eagles,2026-09-13T20:25:00.000Z,FanDuel,751.183664552,passing_yards,Jayden Daniels - Passing Yds,,Jayden Daniels,41161340,under,205.5,-114,1.87719298245614,0.5327102803738317,open,,,2026-09-07T12:15:05Z,,,,,v3-forward-measurement
27bd9bd3-4cba-46e0-956f-071a069f6540,8c20907a-3c13-4495-a01e-eacc65a9a93f,2026-09-07T12:15:05Z,FanDuel Sportsbook structured market feed,,VA,NFL,35609293,Washington Commanders @ Philadelphia Eagles,2026-09-13T20:25:00.000Z,FanDuel,751.183664629,passing_touchdowns,Jalen Hurts - Passing TDs,,Jalen Hurts,12302543,over,1.5,110,2.1,0.47619047619047616,open,,,2026-09-07T12:15:05Z,,,,,v3-forward-measurement
27bd9bd3-4cba-46e0-956f-071a069f6540,be57874f-2fd5-4656-87ff-bf9d9b57840c,2026-09-07T12:15:05Z,FanDuel Sportsbook structured market feed,,VA,NFL,35609293,Washington Commanders @ Philadelphia Eagles,2026-09-13T20:25:00.000Z,FanDuel,751.183664629,passing_touchdowns,Jalen Hurts - Passing TDs,,Jalen Hurts,12302542,under,1.5,-146,1.684931506849315,0.5934959349593496,open,,,2026-09-07T12:15:05Z,,,,,v3-forward-measurement
7df52c68-4f2d-4f52-b37e-e7bf798a084f,17070575-7523-430f-ac76-6bba0f001092,2026-09-07T12:15:05Z,FanDuel Sportsbook structured market feed,,VA,NFL,35609293,Washington Commanders @ Philadelphia Eagles,2026-09-13T20:25:00.000Z,FanDuel,751.183665338,rushing_yards,Jalen Hurts - Rushing Yds,,Jalen Hurts,12302543,over,27.5,-114,1.87719298245614,0.5327102803738317,open,,,2026-09-07T12:15:05Z,,,,,v3-forward-measurement
7df52c68-4f2d-4f52-b37e-e7bf798a084f,986b6262-c5dc-4b3d-8e02-0e1c83081a53,2026-09-07T12:15:05Z,FanDuel Sportsbook structured market feed,,VA,NFL,35609293,Washington Commanders @ Philadelphia Eagles,2026-09-13T20:25:00.000Z,FanDuel,751.183665338,rushing_yards,Jalen Hurts - Rushing Yds,,Jalen Hurts,12302542,under,27.5,-114,1.87719298245614,0.5327102803738317,open,,,2026-09-07T12:15:05Z,,,,,v3-forward-measurement
7df52c68-4f2d-4f52-b37e-e7bf798a084f,cbe8a1c8-3814-44da-ab41-beafd2db810f,2026-09-07T12:15:05Z,FanDuel Sportsbook structured market feed,,VA,NFL,35609293,Washington Commanders @ Philadelphia Eagles,2026-09-13T20:25:00.000Z,FanDuel,751.183665339,rushing_yards,Jayden Daniels - Rushing Yds,,Jayden Daniels,41161339,over,37.5,-114,1.87719298245614,0.5327102803738317,open,,,2026-09-07T12:15:05Z,,,,,v3-forward-measurement
7df52c68-4f2d-4f52-b37e-e7bf798a084f,724caaec-7584-457c-abd0-b5d711a4f281,2026-09-07T12:15:05Z,FanDuel Sportsbook structured market feed,,VA,NFL,35609293,Washington Commanders @ Philadelphia Eagles,2026-09-13T20:25:00.000Z,FanDuel,751.183665339,rushing_yards,Jayden Daniels - Rushing Yds,,Jayden Daniels,41161340,under,37.5,-114,1.87719298245614,0.5327102803738317,open,,,2026-09-07T12:15:05Z,,,,,v3-forward-measurement
7df52c68-4f2d-4f52-b37e-e7bf798a084f,4d765620-74fd-498f-9d4b-53246ba4746c,2026-09-07T12:15:05Z,FanDuel Sportsbook structured market feed,,VA,NFL,35609293,Washington Commanders @ Philadelphia Eagles,2026-09-13T20:25:00.000Z,FanDuel,751.183665213,rushing_yards,Saquon Barkley - Rushing Yds,,Saquon Barkley,16580232,over,75.5,-114,1.87719298245614,0.5327102803738317,open,,,2026-09-07T12:15:05Z,,,,,v3-forward-measurement
7df52c68-4f2d-4f52-b37e-e7bf798a084f,c554f0c0-3ebf-458c-802a-692e6f5e94bb,2026-09-07T12:15:05Z,FanDuel Sportsbook structured market feed,,VA,NFL,35609293,Washington Commanders @ Philadelphia Eagles,2026-09-13T20:25:00.000Z,FanDuel,751.183665213,rushing_yards,Saquon Barkley - Rushing Yds,,Saquon Barkley,16580233,under,75.5,-114,1.87719298245614,0.5327102803738317,open,,,2026-09-07T12:15:05Z,,,,,v3-forward-measurement
7df52c68-4f2d-4f52-b37e-e7bf798a084f,fe5a7797-8fcc-445e-9f8d-cd438e768038,2026-09-07T12:15:05Z,FanDuel Sportsbook structured market feed,,VA,NFL,35609293,Washington Commanders @ Philadelphia Eagles,2026-09-13T20:25:00.000Z,FanDuel,751.183665357,rushing_yards,Jacory Croskey-Merritt - Rushing Yds,,Jacory Croskey-Merritt,87579699,over,40.5,-114,1.87719298245614,0.5327102803738317,open,,,2026-09-07T12:15:05Z,,,,,v3-forward-measurement
7df52c68-4f2d-4f52-b37e-e7bf798a084f,7c574779-a5b6-493f-8bdd-8929187c4a41,2026-09-07T12:15:05Z,FanDuel Sportsbook structured market feed,,VA,NFL,35609293,Washington Commanders @ Philadelphia Eagles,2026-09-13T20:25:00.000Z,FanDuel,751.183665357,rushing_yards,Jacory Croskey-Merritt - Rushing Yds,,Jacory Croskey-Merritt,87579697,under,40.5,-114,1.87719298245614,0.5327102803738317,open,,,2026-09-07T12:15:05Z,,,,,v3-forward-measurement
7df52c68-4f2d-4f52-b37e-e7bf798a084f,46be5763-2372-48e0-afc4-ae5968ec5d87,2026-09-07T12:15:05Z,FanDuel Sportsbook structured market feed,,VA,NFL,35609293,Washington Commanders @ Philadelphia Eagles,2026-09-13T20:25:00.000Z,FanDuel,751.185135780,rushing_yards,Rachaad White - Rushing Yds,,Rachaad White,41161337,over,24.5,-114,1.87719298245614,0.5327102803738317,open,,,2026-09-07T12:15:05Z,,,,,v3-forward-measurement
7df52c68-4f2d-4f52-b37e-e7bf798a084f,636e07b0-1237-42ae-991f-f5b2d21c8e10,2026-09-07T12:15:05Z,FanDuel Sportsbook structured market feed,,VA,NFL,35609293,Washington Commanders @ Philadelphia Eagles,2026-09-13T20:25:00.000Z,FanDuel,751.185135780,rushing_yards,Rachaad White - Rushing Yds,,Rachaad White,41161335,under,24.5,-114,1.87719298245614,0.5327102803738317,open,,,2026-09-07T12:15:05Z,,,,,v3-forward-measurement
093cb11f-652e-4034-b0a5-41d64cbc1637,caf6ca9d-c712-43cc-aea1-d434424273c2,2026-09-07T12:15:05Z,FanDuel Sportsbook structured market feed,,VA,NFL,35609293,Washington Commanders @ Philadelphia Eagles,2026-09-13T20:25:00.000Z,FanDuel,751.183665912,receptions,Dallas Goedert - Total Receptions,,Dallas Goedert,20501810,over,3.5,102,2.02,0.49504950495049505,open,,,2026-09-07T12:15:05Z,,,,,v3-forward-measurement
093cb11f-652e-4034-b0a5-41d64cbc1637,6798d7ed-a152-4e10-b756-b8d3aa0b963d,2026-09-07T12:15:05Z,FanDuel Sportsbook structured market feed,,VA,NFL,35609293,Washington Commanders @ Philadelphia Eagles,2026-09-13T20:25:00.000Z,FanDuel,751.183665912,receptions,Dallas Goedert - Total Receptions,,Dallas Goedert,20501811,under,3.5,-136,1.735294117647059,0.576271186440678,open,,,2026-09-07T12:15:05Z,,,,,v3-forward-measurement
093cb11f-652e-4034-b0a5-41d64cbc1637,bb43bb99-35d3-4bbd-a0ac-e4ae41b2d7cf,2026-09-07T12:15:05Z,FanDuel Sportsbook structured market feed,,VA,NFL,35609293,Washington Commanders @ Philadelphia Eagles,2026-09-13T20:25:00.000Z,FanDuel,751.183665735,receiving_yards,DeVonta Smith - Receiving Yds,,DeVonta Smith,40878034,over,66.5,-114,1.87719298245614,0.5327102803738317,open,,,2026-09-07T12:15:05Z,,,,,v3-forward-measurement
093cb11f-652e-4034-b0a5-41d64cbc1637,81bc2e0f-ee8a-4035-9b7b-4641406259f4,2026-09-07T12:15:05Z,FanDuel Sportsbook structured market feed,,VA,NFL,35609293,Washington Commanders @ Philadelphia Eagles,2026-09-13T20:25:00.000Z,FanDuel,751.183665735,receiving_yards,DeVonta Smith - Receiving Yds,,DeVonta Smith,40878036,under,66.5,-114,1.87719298245614,0.5327102803738317,open,,,2026-09-07T12:15:05Z,,,,,v3-forward-measurement
093cb11f-652e-4034-b0a5-41d64cbc1637,3fe6d609-8783-44fa-8c20-799cfa803037,2026-09-07T12:15:05Z,FanDuel Sportsbook structured market feed,,VA,NFL,35609293,Washington Commanders @ Philadelphia Eagles,2026-09-13T20:25:00.000Z,FanDuel,751.183665732,receiving_yards,Terry McLaurin - Receiving Yds,,Terry McLaurin,25927138,over,52.5,-114,1.87719298245614,0.5327102803738317,open,,,2026-09-07T12:15:05Z,,,,,v3-forward-measurement
093cb11f-652e-4034-b0a5-41d64cbc1637,bfad5ad1-c1b8-4ee0-a455-f4f8168ab153,2026-09-07T12:15:05Z,FanDuel Sportsbook structured market feed,,VA,NFL,35609293,Washington Commanders @ Philadelphia Eagles,2026-09-13T20:25:00.000Z,FanDuel,751.183665732,receiving_yards,Terry McLaurin - Receiving Yds,,Terry McLaurin,25927139,under,52.5,-114,1.87719298245614,0.5327102803738317,open,,,2026-09-07T12:15:05Z,,,,,v3-forward-measurement
093cb11f-652e-4034-b0a5-41d64cbc1637,f8f03a6b-ec8d-475a-98b3-ffcafcf3e829,2026-09-07T12:15:05Z,FanDuel Sportsbook structured market feed,,VA,NFL,35609293,Washington Commanders @ Philadelphia Eagles,2026-09-13T20:25:00.000Z,FanDuel,751.185140200,receiving_yards,Chigoziem Okonkwo - Receiving Yds,,Chigoziem Okonkwo,41154197,over,25.5,-114,1.87719298245614,0.5327102803738317,open,,,2026-09-07T12:15:05Z,,,,,v3-forward-measurement
093cb11f-652e-4034-b0a5-41d64cbc1637,10f296f7-339e-4b9c-848e-336c21c1a118,2026-09-07T12:15:05Z,FanDuel Sportsbook structured market feed,,VA,NFL,35609293,Washington Commanders @ Philadelphia Eagles,2026-09-13T20:25:00.000Z,FanDuel,751.185140200,receiving_yards,Chigoziem Okonkwo - Receiving Yds,,Chigoziem Okonkwo,41154199,under,25.5,-114,1.87719298245614,0.5327102803738317,open,,,2026-09-07T12:15:05Z,,,,,v3-forward-measurement
093cb11f-652e-4034-b0a5-41d64cbc1637,e3a126db-e8e1-47ab-9fef-bbd40093563f,2026-09-07T12:15:05Z,FanDuel Sportsbook structured market feed,,VA,NFL,35609293,Washington Commanders @ Philadelphia Eagles,2026-09-13T20:25:00.000Z,FanDuel,751.185140202,receptions,Chigoziem Okonkwo - Total Receptions,,Chigoziem Okonkwo,41154197,over,2.5,-158,1.632911392405063,0.6124031007751938,open,,,2026-09-07T12:15:05Z,,,,,v3-forward-measurement
093cb11f-652e-4034-b0a5-41d64cbc1637,8ab4b0e1-3499-4b79-9b25-ee5c03492a26,2026-09-07T12:15:05Z,FanDuel Sportsbook structured market feed,,VA,NFL,35609293,Washington Commanders @ Philadelphia Eagles,2026-09-13T20:25:00.000Z,FanDuel,751.185140202,receptions,Chigoziem Okonkwo - Total Receptions,,Chigoziem Okonkwo,41154199,under,2.5,118,2.18,0.45871559633027525,open,,,2026-09-07T12:15:05Z,,,,,v3-forward-measurement
093cb11f-652e-4034-b0a5-41d64cbc1637,f93fe5fb-5827-4c2d-818d-aef736113bb7,2026-09-07T12:15:05Z,FanDuel Sportsbook structured market feed,,VA,NFL,35609293,Washington Commanders @ Philadelphia Eagles,2026-09-13T20:25:00.000Z,FanDuel,751.183665916,receiving_yards,Dallas Goedert - Receiving Yds,,Dallas Goedert,20501810,over,34.5,-114,1.87719298245614,0.5327102803738317,open,,,2026-09-07T12:15:05Z,,,,,v3-forward-measurement
093cb11f-652e-4034-b0a5-41d64cbc1637,98200219-9f2b-4ba2-903a-926671e9debd,2026-09-07T12:15:05Z,FanDuel Sportsbook structured market feed,,VA,NFL,35609293,Washington Commanders @ Philadelphia Eagles,2026-09-13T20:25:00.000Z,FanDuel,751.183665916,receiving_yards,Dallas Goedert - Receiving Yds,,Dallas Goedert,20501811,under,34.5,-114,1.87719298245614,0.5327102803738317,open,,,2026-09-07T12:15:05Z,,,,,v3-forward-measurement
093cb11f-652e-4034-b0a5-41d64cbc1637,1923ea06-63b5-4587-918d-1fd38458c588,2026-09-07T12:15:05Z,FanDuel Sportsbook structured market feed,,VA,NFL,35609293,Washington Commanders @ Philadelphia Eagles,2026-09-13T20:25:00.000Z,FanDuel,751.183665738,receptions,DeVonta Smith - Total Receptions,,DeVonta Smith,40878034,over,5.5,106,2.06,0.4854368932038835,open,,,2026-09-07T12:15:05Z,,,,,v3-forward-measurement
093cb11f-652e-4034-b0a5-41d64cbc1637,9108391d-c24f-47f6-8ba3-9a8ab5c1e58d,2026-09-07T12:15:05Z,FanDuel Sportsbook structured market feed,,VA,NFL,35609293,Washington Commanders @ Philadelphia Eagles,2026-09-13T20:25:00.000Z,FanDuel,751.183665738,receptions,DeVonta Smith - Total Receptions,,DeVonta Smith,40878036,under,5.5,-140,1.714285714285714,0.5833333333333334,open,,,2026-09-07T12:15:05Z,,,,,v3-forward-measurement
093cb11f-652e-4034-b0a5-41d64cbc1637,45fab524-7088-44a4-ad8b-3f16dbc12146,2026-09-07T12:15:05Z,FanDuel Sportsbook structured market feed,,VA,NFL,35609293,Washington Commanders @ Philadelphia Eagles,2026-09-13T20:25:00.000Z,FanDuel,751.183666282,receiving_yards,Saquon Barkley - Receiving Yds,,Saquon Barkley,16580232,over,15.5,-114,1.87719298245614,0.5327102803738317,open,,,2026-09-07T12:15:05Z,,,,,v3-forward-measurement
093cb11f-652e-4034-b0a5-41d64cbc1637,c648d937-a616-42a4-9ba7-4d827e8ae26a,2026-09-07T12:15:05Z,FanDuel Sportsbook structured market feed,,VA,NFL,35609293,Washington Commanders @ Philadelphia Eagles,2026-09-13T20:25:00.000Z,FanDuel,751.183666282,receiving_yards,Saquon Barkley - Receiving Yds,,Saquon Barkley,16580233,under,15.5,-114,1.87719298245614,0.5327102803738317,open,,,2026-09-07T12:15:05Z,,,,,v3-forward-measurement
093cb11f-652e-4034-b0a5-41d64cbc1637,44381b44-3dc7-4655-a2bd-9e7263c9f7e1,2026-09-07T12:15:05Z,FanDuel Sportsbook structured market feed,,VA,NFL,35609293,Washington Commanders @ Philadelphia Eagles,2026-09-13T20:25:00.000Z,FanDuel,751.183665726,receptions,Terry McLaurin - Total Receptions,,Terry McLaurin,25927138,over,3.5,-172,1.581395348837209,0.6323529411764706,open,,,2026-09-07T12:15:05Z,,,,,v3-forward-measurement
093cb11f-652e-4034-b0a5-41d64cbc1637,2b71a9b0-1457-4ff2-bf25-93866a47e68a,2026-09-07T12:15:05Z,FanDuel Sportsbook structured market feed,,VA,NFL,35609293,Washington Commanders @ Philadelphia Eagles,2026-09-13T20:25:00.000Z,FanDuel,751.183665726,receptions,Terry McLaurin - Total Receptions,,Terry McLaurin,25927139,under,3.5,128,2.28,0.43859649122807015,open,,,2026-09-07T12:15:05Z,,,,,v3-forward-measurement
093cb11f-652e-4034-b0a5-41d64cbc1637,54226ff9-91f0-4226-a747-13f19e8c9fd8,2026-09-07T12:15:05Z,FanDuel Sportsbook structured market feed,,VA,NFL,35609293,Washington Commanders @ Philadelphia Eagles,2026-09-13T20:25:00.000Z,FanDuel,751.185145804,receiving_yards,Dontayvion Wicks - Receiving Yds,,Dontayvion Wicks,41071991,over,27.5,-114,1.87719298245614,0.5327102803738317,open,,,2026-09-07T12:15:05Z,,,,,v3-forward-measurement
093cb11f-652e-4034-b0a5-41d64cbc1637,2f51c1ff-99c1-406e-8e6b-9ab4e41ccdcc,2026-09-07T12:15:05Z,FanDuel Sportsbook structured market feed,,VA,NFL,35609293,Washington Commanders @ Philadelphia Eagles,2026-09-13T20:25:00.000Z,FanDuel,751.185145804,receiving_yards,Dontayvion Wicks - Receiving Yds,,Dontayvion Wicks,41071992,under,27.5,-114,1.87719298245614,0.5327102803738317,open,,,2026-09-07T12:15:05Z,,,,,v3-forward-measurement
093cb11f-652e-4034-b0a5-41d64cbc1637,0dba7cca-91fc-4deb-859d-b39208d79fa8,2026-09-07T12:15:05Z,FanDuel Sportsbook structured market feed,,VA,NFL,35609293,Washington Commanders @ Philadelphia Eagles,2026-09-13T20:25:00.000Z,FanDuel,751.185140410,receiving_yards,Rachaad White - Receiving Yds,,Rachaad White,41161337,over,14.5,-114,1.87719298245614,0.5327102803738317,open,,,2026-09-07T12:15:05Z,,,,,v3-forward-measurement
093cb11f-652e-4034-b0a5-41d64cbc1637,7145892d-c725-4ef6-8ac1-5f7566c1f948,2026-09-07T12:15:05Z,FanDuel Sportsbook structured market feed,,VA,NFL,35609293,Washington Commanders @ Philadelphia Eagles,2026-09-13T20:25:00.000Z,FanDuel,751.185140410,receiving_yards,Rachaad White - Receiving Yds,,Rachaad White,41161335,under,14.5,-114,1.87719298245614,0.5327102803738317,open,,,2026-09-07T12:15:05Z,,,,,v3-forward-measurement
093cb11f-652e-4034-b0a5-41d64cbc1637,dd76e257-c468-4cd0-a2b7-7b484e18ee6b,2026-09-07T12:15:05Z,FanDuel Sportsbook structured market feed,,VA,NFL,35609293,Washington Commanders @ Philadelphia Eagles,2026-09-13T20:25:00.000Z,FanDuel,751.185140411,receptions,Rachaad White - Total Receptions,,Rachaad White,41161337,over,2.5,134,2.34,0.42735042735042733,open,,,2026-09-07T12:15:05Z,,,,,v3-forward-measurement
093cb11f-652e-4034-b0a5-41d64cbc1637,f734fe9b-0fdc-47a5-a1bb-d75957826e69,2026-09-07T12:15:05Z,FanDuel Sportsbook structured market feed,,VA,NFL,35609293,Washington Commanders @ Philadelphia Eagles,2026-09-13T20:25:00.000Z,FanDuel,751.185140411,receptions,Rachaad White - Total Receptions,,Rachaad White,41161335,under,2.5,-180,1.555555555555556,0.6428571428571429,open,,,2026-09-07T12:15:05Z,,,,,v3-forward-measurement
093cb11f-652e-4034-b0a5-41d64cbc1637,085cc796-666c-4a4a-8aee-494b991bf187,2026-09-07T12:15:05Z,FanDuel Sportsbook structured market feed,,VA,NFL,35609293,Washington Commanders @ Philadelphia Eagles,2026-09-13T20:25:00.000Z,FanDuel,751.185145800,receptions,Dontayvion Wicks - Total Receptions,,Dontayvion Wicks,41071991,over,2.5,-114,1.87719298245614,0.5327102803738317,open,,,2026-09-07T12:15:05Z,,,,,v3-forward-measurement
093cb11f-652e-4034-b0a5-41d64cbc1637,4462c6fe-9359-4e9e-82ed-0dfde3e5baee,2026-09-07T12:15:05Z,FanDuel Sportsbook structured market feed,,VA,NFL,35609293,Washington Commanders @ Philadelphia Eagles,2026-09-13T20:25:00.000Z,FanDuel,751.185145800,receptions,Dontayvion Wicks - Total Receptions,,Dontayvion Wicks,41071992,under,2.5,-114,1.87719298245614,0.5327102803738317,open,,,2026-09-07T12:15:05Z,,,,,v3-forward-measurement
093cb11f-652e-4034-b0a5-41d64cbc1637,c90fe745-a31c-4784-b83a-bc713e2fcbbc,2026-09-07T12:15:05Z,FanDuel Sportsbook structured market feed,,VA,NFL,35609293,Washington Commanders @ Philadelphia Eagles,2026-09-13T20:25:00.000Z,FanDuel,751.183665729,receiving_yards,Stefon Diggs - Receiving Yds,,Stefon Diggs,11890083,over,42.5,-114,1.87719298245614,0.5327102803738317,open,,,2026-09-07T12:15:05Z,,,,,v3-forward-measurement
093cb11f-652e-4034-b0a5-41d64cbc1637,fc68d762-358c-439f-af95-5a61495223dc,2026-09-07T12:15:05Z,FanDuel Sportsbook structured market feed,,VA,NFL,35609293,Washington Commanders @ Philadelphia Eagles,2026-09-13T20:25:00.000Z,FanDuel,751.183665729,receiving_yards,Stefon Diggs - Receiving Yds,,Stefon Diggs,11890082,under,42.5,-114,1.87719298245614,0.5327102803738317,open,,,2026-09-07T12:15:05Z,,,,,v3-forward-measurement
093cb11f-652e-4034-b0a5-41d64cbc1637,a0de24aa-4a24-40d5-978a-6459b8bd61f6,2026-09-07T12:15:05Z,FanDuel Sportsbook structured market feed,,VA,NFL,35609293,Washington Commanders @ Philadelphia Eagles,2026-09-13T20:25:00.000Z,FanDuel,751.183665727,receptions,Stefon Diggs - Total Receptions,,Stefon Diggs,11890083,over,3.5,-148,1.675675675675676,0.5967741935483871,open,,,2026-09-07T12:15:05Z,,,,,v3-forward-measurement
093cb11f-652e-4034-b0a5-41d64cbc1637,57d93eb8-6adf-4cb0-9de8-9170b77a4ec0,2026-09-07T12:15:05Z,FanDuel Sportsbook structured market feed,,VA,NFL,35609293,Washington Commanders @ Philadelphia Eagles,2026-09-13T20:25:00.000Z,FanDuel,751.183665727,receptions,Stefon Diggs - Total Receptions,,Stefon Diggs,11890082,under,3.5,112,2.12,0.4716981132075472,open,,,2026-09-07T12:15:05Z,,,,,v3-forward-measurement
093cb11f-652e-4034-b0a5-41d64cbc1637,be26acf7-17ef-400e-882c-90665d3648ba,2026-09-07T12:15:05Z,FanDuel Sportsbook structured market feed,,VA,NFL,35609293,Washington Commanders @ Philadelphia Eagles,2026-09-13T20:25:00.000Z,FanDuel,751.183666278,receptions,Saquon Barkley - Total Receptions,,Saquon Barkley,16580232,over,2.5,-102,1.980392156862745,0.504950495049505,open,,,2026-09-07T12:15:05Z,,,,,v3-forward-measurement
093cb11f-652e-4034-b0a5-41d64cbc1637,d86b9e19-d376-437d-92ac-3bcbd9331284,2026-09-07T12:15:05Z,FanDuel Sportsbook structured market feed,,VA,NFL,35609293,Washington Commanders @ Philadelphia Eagles,2026-09-13T20:25:00.000Z,FanDuel,751.183666278,receptions,Saquon Barkley - Total Receptions,,Saquon Barkley,16580233,under,2.5,-130,1.769230769230769,0.5652173913043478,open,,,2026-09-07T12:15:05Z,,,,,v3-forward-measurement
767130b5-1c2e-4dc0-9207-0b816dc07218,f3fedc57-99ae-441d-92c7-649aff729a9c,2026-09-07T12:15:05Z,FanDuel Sportsbook structured market feed,,VA,NFL,35610167,Buffalo Bills @ Houston Texans,2026-09-13T17:00:00.000Z,FanDuel,751.183531290,passing_touchdowns,Josh Allen - Passing TDs,,Josh Allen,16503660,over,1.5,158,2.58,0.3875968992248062,open,,,2026-09-07T12:15:05Z,,,,,v3-forward-measurement
767130b5-1c2e-4dc0-9207-0b816dc07218,aedec274-1dd5-48e9-8d26-ff01d5829522,2026-09-07T12:15:05Z,FanDuel Sportsbook structured market feed,,VA,NFL,35610167,Buffalo Bills @ Houston Texans,2026-09-13T17:00:00.000Z,FanDuel,751.183531290,passing_touchdowns,Josh Allen - Passing TDs,,Josh Allen,16503661,under,1.5,-215,1.465116279069767,0.6825396825396826,open,,,2026-09-07T12:15:05Z,,,,,v3-forward-measurement
767130b5-1c2e-4dc0-9207-0b816dc07218,42d4f26a-611d-4571-b7f2-830670b78b57,2026-09-07T12:15:05Z,FanDuel Sportsbook structured market feed,,VA,NFL,35610167,Buffalo Bills @ Houston Texans,2026-09-13T17:00:00.000Z,FanDuel,751.183531305,passing_yards,C.J. Stroud - Passing Yds,,C.J. Stroud,41158959,over,218.5,-114,1.87719298245614,0.5327102803738317,open,,,2026-09-07T12:15:05Z,,,,,v3-forward-measurement
767130b5-1c2e-4dc0-9207-0b816dc07218,660bcbff-2800-4aac-afb7-c7991533be85,2026-09-07T12:15:05Z,FanDuel Sportsbook structured market feed,,VA,NFL,35610167,Buffalo Bills @ Houston Texans,2026-09-13T17:00:00.000Z,FanDuel,751.183531305,passing_yards,C.J. Stroud - Passing Yds,,C.J. Stroud,41158958,under,218.5,-114,1.87719298245614,0.5327102803738317,open,,,2026-09-07T12:15:05Z,,,,,v3-forward-measurement
767130b5-1c2e-4dc0-9207-0b816dc07218,35539b50-6038-4d90-b669-b809b2120a53,2026-09-07T12:15:05Z,FanDuel Sportsbook structured market feed,,VA,NFL,35610167,Buffalo Bills @ Houston Texans,2026-09-13T17:00:00.000Z,FanDuel,751.183531354,passing_touchdowns,C.J. Stroud - Passing TDs,,C.J. Stroud,41158959,over,1.5,120,2.2,0.45454545454545453,open,,,2026-09-07T12:15:05Z,,,,,v3-forward-measurement
767130b5-1c2e-4dc0-9207-0b816dc07218,8ac880d4-8f15-48c3-bd60-7d2dd2915f8e,2026-09-07T12:15:05Z,FanDuel Sportsbook structured market feed,,VA,NFL,35610167,Buffalo Bills @ Houston Texans,2026-09-13T17:00:00.000Z,FanDuel,751.183531354,passing_touchdowns,C.J. Stroud - Passing TDs,,C.J. Stroud,41158958,under,1.5,-160,1.625,0.6153846153846154,open,,,2026-09-07T12:15:05Z,,,,,v3-forward-measurement
767130b5-1c2e-4dc0-9207-0b816dc07218,f7c3048a-ac95-4e12-8e04-a9fcae9e2a2b,2026-09-07T12:15:05Z,FanDuel Sportsbook structured market feed,,VA,NFL,35610167,Buffalo Bills @ Houston Texans,2026-09-13T17:00:00.000Z,FanDuel,751.183531265,passing_yards,Josh Allen - Passing Yds,,Josh Allen,16503660,over,220.5,-114,1.87719298245614,0.5327102803738317,open,,,2026-09-07T12:15:05Z,,,,,v3-forward-measurement
767130b5-1c2e-4dc0-9207-0b816dc07218,3f1e83e6-8fd0-4146-807b-95ccc3979ff3,2026-09-07T12:15:05Z,FanDuel Sportsbook structured market feed,,VA,NFL,35610167,Buffalo Bills @ Houston Texans,2026-09-13T17:00:00.000Z,FanDuel,751.183531265,passing_yards,Josh Allen - Passing Yds,,Josh Allen,16503661,under,220.5,-114,1.87719298245614,0.5327102803738317,open,,,2026-09-07T12:15:05Z,,,,,v3-forward-measurement
eb3daa60-1d88-434f-a52f-158375c98f28,2a783174-26af-48b8-a9fc-bf0858a7245f,2026-09-07T12:15:05Z,FanDuel Sportsbook structured market feed,,VA,NFL,35610167,Buffalo Bills @ Houston Texans,2026-09-13T17:00:00.000Z,FanDuel,751.183531308,rushing_yards,Josh Allen - Rushing Yds,,Josh Allen,16503660,over,29.5,-114,1.87719298245614,0.5327102803738317,open,,,2026-09-07T12:15:05Z,,,,,v3-forward-measurement
eb3daa60-1d88-434f-a52f-158375c98f28,e10f23fb-28f4-47b4-a0d0-9535d6194e9b,2026-09-07T12:15:05Z,FanDuel Sportsbook structured market feed,,VA,NFL,35610167,Buffalo Bills @ Houston Texans,2026-09-13T17:00:00.000Z,FanDuel,751.183531308,rushing_yards,Josh Allen - Rushing Yds,,Josh Allen,16503661,under,29.5,-114,1.87719298245614,0.5327102803738317,open,,,2026-09-07T12:15:05Z,,,,,v3-forward-measurement
eb3daa60-1d88-434f-a52f-158375c98f28,1d825968-be8f-4e9e-9a08-69277a5b4b08,2026-09-07T12:15:05Z,FanDuel Sportsbook structured market feed,,VA,NFL,35610167,Buffalo Bills @ Houston Texans,2026-09-13T17:00:00.000Z,FanDuel,751.183532134,rushing_yards,James Cook - Rushing Yds,,James Cook,41957632,over,74.5,-114,1.87719298245614,0.5327102803738317,open,,,2026-09-07T12:15:05Z,,,,,v3-forward-measurement
eb3daa60-1d88-434f-a52f-158375c98f28,b97ec630-87d0-46b9-a415-22a0fb55e6e6,2026-09-07T12:15:05Z,FanDuel Sportsbook structured market feed,,VA,NFL,35610167,Buffalo Bills @ Houston Texans,2026-09-13T17:00:00.000Z,FanDuel,751.183532134,rushing_yards,James Cook - Rushing Yds,,James Cook,41957631,under,74.5,-114,1.87719298245614,0.5327102803738317,open,,,2026-09-07T12:15:05Z,,,,,v3-forward-measurement
eb3daa60-1d88-434f-a52f-158375c98f28,5f30f42d-4c71-4434-9427-318432d6a1b7,2026-09-07T12:15:05Z,FanDuel Sportsbook structured market feed,,VA,NFL,35610167,Buffalo Bills @ Houston Texans,2026-09-13T17:00:00.000Z,FanDuel,751.184540244,rushing_yards,C.J. Stroud - Rushing Yds,,C.J. Stroud,41158959,over,10.5,-114,1.87719298245614,0.5327102803738317,open,,,2026-09-07T12:15:05Z,,,,,v3-forward-measurement
eb3daa60-1d88-434f-a52f-158375c98f28,9c538d0b-5b05-48ab-9e25-ad2d73c0df91,2026-09-07T12:15:05Z,FanDuel Sportsbook structured market feed,,VA,NFL,35610167,Buffalo Bills @ Houston Texans,2026-09-13T17:00:00.000Z,FanDuel,751.184540244,rushing_yards,C.J. Stroud - Rushing Yds,,C.J. Stroud,41158958,under,10.5,-114,1.87719298245614,0.5327102803738317,open,,,2026-09-07T12:15:05Z,,,,,v3-forward-measurement
eb3daa60-1d88-434f-a52f-158375c98f28,72f1ded7-e4e6-4a1f-a45a-0c1be8e0f3d7,2026-09-07T12:15:05Z,FanDuel Sportsbook structured market feed,,VA,NFL,35610167,Buffalo Bills @ Houston Texans,2026-09-13T17:00:00.000Z,FanDuel,751.183532131,rushing_yards,David Montgomery - Rushing Yds,,David Montgomery,16579822,over,53.5,-114,1.87719298245614,0.5327102803738317,open,,,2026-09-07T12:15:05Z,,,,,v3-forward-measurement
eb3daa60-1d88-434f-a52f-158375c98f28,d87cab4b-625e-4089-851b-0cf5eb82f603,2026-09-07T12:15:05Z,FanDuel Sportsbook structured market feed,,VA,NFL,35610167,Buffalo Bills @ Houston Texans,2026-09-13T17:00:00.000Z,FanDuel,751.183532131,rushing_yards,David Montgomery - Rushing Yds,,David Montgomery,16579823,under,53.5,-114,1.87719298245614,0.5327102803738317,open,,,2026-09-07T12:15:05Z,,,,,v3-forward-measurement
eb3daa60-1d88-434f-a52f-158375c98f28,d92337f0-4cc2-424f-b6aa-ae2d8fde66f8,2026-09-07T12:15:05Z,FanDuel Sportsbook structured market feed,,VA,NFL,35610167,Buffalo Bills @ Houston Texans,2026-09-13T17:00:00.000Z,FanDuel,751.183532132,rushing_yards,Woody Marks - Rushing Yds,,Woody Marks,88881141,over,30.5,-114,1.87719298245614,0.5327102803738317,open,,,2026-09-07T12:15:05Z,,,,,v3-forward-measurement
eb3daa60-1d88-434f-a52f-158375c98f28,062b03e2-61b2-435f-a302-7b915038cc68,2026-09-07T12:15:05Z,FanDuel Sportsbook structured market feed,,VA,NFL,35610167,Buffalo Bills @ Houston Texans,2026-09-13T17:00:00.000Z,FanDuel,751.183532132,rushing_yards,Woody Marks - Rushing Yds,,Woody Marks,88881135,under,30.5,-114,1.87719298245614,0.5327102803738317,open,,,2026-09-07T12:15:05Z,,,,,v3-forward-measurement
d7cbaba6-24c0-4ac3-912d-d70dd7c09136,5f4f87d9-914f-4f7e-9d32-fb807d4a4c7f,2026-09-07T12:15:05Z,FanDuel Sportsbook structured market feed,,VA,NFL,35610167,Buffalo Bills @ Houston Texans,2026-09-13T17:00:00.000Z,FanDuel,751.184542281,receiving_yards,Woody Marks - Receiving Yds,,Woody Marks,88881141,over,9.5,-114,1.87719298245614,0.5327102803738317,open,,,2026-09-07T12:15:05Z,,,,,v3-forward-measurement
d7cbaba6-24c0-4ac3-912d-d70dd7c09136,2df4ef9f-73ea-44e7-91e2-9cf8e98127ac,2026-09-07T12:15:05Z,FanDuel Sportsbook structured market feed,,VA,NFL,35610167,Buffalo Bills @ Houston Texans,2026-09-13T17:00:00.000Z,FanDuel,751.184542281,receiving_yards,Woody Marks - Receiving Yds,,Woody Marks,88881135,under,9.5,-114,1.87719298245614,0.5327102803738317,open,,,2026-09-07T12:15:05Z,,,,,v3-forward-measurement
d7cbaba6-24c0-4ac3-912d-d70dd7c09136,3a9d328a-0890-4f19-a1c8-aa92da2ab9f9,2026-09-07T12:15:05Z,FanDuel Sportsbook structured market feed,,VA,NFL,35610167,Buffalo Bills @ Houston Texans,2026-09-13T17:00:00.000Z,FanDuel,751.183533039,receiving_yards,Nico Collins - Receiving Yds,,Nico Collins,40916109,over,69.5,-114,1.87719298245614,0.5327102803738317,open,,,2026-09-07T12:15:05Z,,,,,v3-forward-measurement
d7cbaba6-24c0-4ac3-912d-d70dd7c09136,46a9d551-821a-418c-a1e7-517ed2fcd15d,2026-09-07T12:15:05Z,FanDuel Sportsbook structured market feed,,VA,NFL,35610167,Buffalo Bills @ Houston Texans,2026-09-13T17:00:00.000Z,FanDuel,751.183533039,receiving_yards,Nico Collins - Receiving Yds,,Nico Collins,40916112,under,69.5,-114,1.87719298245614,0.5327102803738317,open,,,2026-09-07T12:15:05Z,,,,,v3-forward-measurement
d7cbaba6-24c0-4ac3-912d-d70dd7c09136,e92022db-ca5c-4c7a-ae3b-81485ea86f18,2026-09-07T12:15:05Z,FanDuel Sportsbook structured market feed,,VA,NFL,35610167,Buffalo Bills @ Houston Texans,2026-09-13T17:00:00.000Z,FanDuel,751.183533038,receptions,D.J. Moore - Total Receptions,,D.J. Moore,73370450,over,3.5,-112,1.892857142857143,0.5283018867924528,open,,,2026-09-07T12:15:05Z,,,,,v3-forward-measurement
d7cbaba6-24c0-4ac3-912d-d70dd7c09136,596de64e-79c1-4394-8dfc-f66ce91fefb2,2026-09-07T12:15:05Z,FanDuel Sportsbook structured market feed,,VA,NFL,35610167,Buffalo Bills @ Houston Texans,2026-09-13T17:00:00.000Z,FanDuel,751.183533038,receptions,D.J. Moore - Total Receptions,,D.J. Moore,73370451,under,3.5,-118,1.847457627118644,0.5412844036697247,open,,,2026-09-07T12:15:05Z,,,,,v3-forward-measurement
d7cbaba6-24c0-4ac3-912d-d70dd7c09136,8e20345c-9145-40c3-8fc6-bbdf0fe1c7c1,2026-09-07T12:15:05Z,FanDuel Sportsbook structured market feed,,VA,NFL,35610167,Buffalo Bills @ Houston Texans,2026-09-13T17:00:00.000Z,FanDuel,751.184543895,receptions,Dalton Schultz - Total Receptions,,Dalton Schultz,36190363,over,3.5,-130,1.769230769230769,0.5652173913043478,open,,,2026-09-07T12:15:05Z,,,,,v3-forward-measurement
d7cbaba6-24c0-4ac3-912d-d70dd7c09136,b9cf66e3-e40c-45fc-a00f-68b5c8b3933c,2026-09-07T12:15:05Z,FanDuel Sportsbook structured market feed,,VA,NFL,35610167,Buffalo Bills @ Houston Texans,2026-09-13T17:00:00.000Z,FanDuel,751.184543895,receptions,Dalton Schultz - Total Receptions,,Dalton Schultz,36190364,under,3.5,-102,1.980392156862745,0.504950495049505,open,,,2026-09-07T12:15:05Z,,,,,v3-forward-measurement
d7cbaba6-24c0-4ac3-912d-d70dd7c09136,af39bf78-7329-4aab-be3d-7651fb98d848,2026-09-07T12:15:05Z,FanDuel Sportsbook structured market feed,,VA,NFL,35610167,Buffalo Bills @ Houston Texans,2026-09-13T17:00:00.000Z,FanDuel,751.184543897,receiving_yards,Dalton Schultz - Receiving Yds,,Dalton Schultz,36190363,over,32.5,-114,1.87719298245614,0.5327102803738317,open,,,2026-09-07T12:15:05Z,,,,,v3-forward-measurement
d7cbaba6-24c0-4ac3-912d-d70dd7c09136,bf7b756d-b458-4ea4-9fea-80d8fc86edd6,2026-09-07T12:15:05Z,FanDuel Sportsbook structured market feed,,VA,NFL,35610167,Buffalo Bills @ Houston Texans,2026-09-13T17:00:00.000Z,FanDuel,751.184543897,receiving_yards,Dalton Schultz - Receiving Yds,,Dalton Schultz,36190364,under,32.5,-114,1.87719298245614,0.5327102803738317,open,,,2026-09-07T12:15:05Z,,,,,v3-forward-measurement
d7cbaba6-24c0-4ac3-912d-d70dd7c09136,61939a44-7e46-43a5-944d-8ca545902b8f,2026-09-07T12:15:05Z,FanDuel Sportsbook structured market feed,,VA,NFL,35610167,Buffalo Bills @ Houston Texans,2026-09-13T17:00:00.000Z,FanDuel,751.184542278,receiving_yards,David Montgomery - Receiving Yds,,David Montgomery,16579822,over,7.5,-114,1.87719298245614,0.5327102803738317,open,,,2026-09-07T12:15:05Z,,,,,v3-forward-measurement
d7cbaba6-24c0-4ac3-912d-d70dd7c09136,b35a394d-9fcc-4c31-85a0-293a145fb095,2026-09-07T12:15:05Z,FanDuel Sportsbook structured market feed,,VA,NFL,35610167,Buffalo Bills @ Houston Texans,2026-09-13T17:00:00.000Z,FanDuel,751.184542278,receiving_yards,David Montgomery - Receiving Yds,,David Montgomery,16579823,under,7.5,-114,1.87719298245614,0.5327102803738317,open,,,2026-09-07T12:15:05Z,,,,,v3-forward-measurement
d7cbaba6-24c0-4ac3-912d-d70dd7c09136,9858196e-a003-4109-902b-850288b98843,2026-09-07T12:15:05Z,FanDuel Sportsbook structured market feed,,VA,NFL,35610167,Buffalo Bills @ Houston Texans,2026-09-13T17:00:00.000Z,FanDuel,751.184542279,receptions,David Montgomery - Total Receptions,,David Montgomery,16579822,over,1.5,-108,1.925925925925926,0.5192307692307693,open,,,2026-09-07T12:15:05Z,,,,,v3-forward-measurement
d7cbaba6-24c0-4ac3-912d-d70dd7c09136,2e67a645-c080-42e5-acaf-c0b3ae9499ee,2026-09-07T12:15:05Z,FanDuel Sportsbook structured market feed,,VA,NFL,35610167,Buffalo Bills @ Houston Texans,2026-09-13T17:00:00.000Z,FanDuel,751.184542279,receptions,David Montgomery - Total Receptions,,David Montgomery,16579823,under,1.5,-122,1.819672131147541,0.5495495495495496,open,,,2026-09-07T12:15:05Z,,,,,v3-forward-measurement
d7cbaba6-24c0-4ac3-912d-d70dd7c09136,1176d327-e806-42cb-8356-173a2dbad871,2026-09-07T12:15:05Z,FanDuel Sportsbook structured market feed,,VA,NFL,35610167,Buffalo Bills @ Houston Texans,2026-09-13T17:00:00.000Z,FanDuel,751.183533050,receptions,Nico Collins - Total Receptions,,Nico Collins,40916109,over,5.5,102,2.02,0.49504950495049505,open,,,2026-09-07T12:15:05Z,,,,,v3-forward-measurement
d7cbaba6-24c0-4ac3-912d-d70dd7c09136,08206903-2cfa-44d9-9531-721141fa9af3,2026-09-07T12:15:05Z,FanDuel Sportsbook structured market feed,,VA,NFL,35610167,Buffalo Bills @ Houston Texans,2026-09-13T17:00:00.000Z,FanDuel,751.183533050,receptions,Nico Collins - Total Receptions,,Nico Collins,40916112,under,5.5,-136,1.735294117647059,0.576271186440678,open,,,2026-09-07T12:15:05Z,,,,,v3-forward-measurement
d7cbaba6-24c0-4ac3-912d-d70dd7c09136,cb517967-825f-454e-ad5f-42376fbe2d15,2026-09-07T12:15:05Z,FanDuel Sportsbook structured market feed,,VA,NFL,35610167,Buffalo Bills @ Houston Texans,2026-09-13T17:00:00.000Z,FanDuel,751.185125759,receiving_yards,Xavier Hutchinson - Receiving Yds,,Xavier Hutchinson,41075117,over,19.5,-114,1.87719298245614,0.5327102803738317,open,,,2026-09-07T12:15:05Z,,,,,v3-forward-measurement
d7cbaba6-24c0-4ac3-912d-d70dd7c09136,264a9832-5f04-4f23-b65a-a7e2759f1d40,2026-09-07T12:15:05Z,FanDuel Sportsbook structured market feed,,VA,NFL,35610167,Buffalo Bills @ Houston Texans,2026-09-13T17:00:00.000Z,FanDuel,751.185125759,receiving_yards,Xavier Hutchinson - Receiving Yds,,Xavier Hutchinson,41075118,under,19.5,-114,1.87719298245614,0.5327102803738317,open,,,2026-09-07T12:15:05Z,,,,,v3-forward-measurement
d7cbaba6-24c0-4ac3-912d-d70dd7c09136,d6fd3f98-ce59-4c52-8028-932b11695c5e,2026-09-07T12:15:05Z,FanDuel Sportsbook structured market feed,,VA,NFL,35610167,Buffalo Bills @ Houston Texans,2026-09-13T17:00:00.000Z,FanDuel,751.185125757,receptions,Xavier Hutchinson - Total Receptions,,Xavier Hutchinson,41075117,over,2.5,134,2.34,0.42735042735042733,open,,,2026-09-07T12:15:05Z,,,,,v3-forward-measurement
d7cbaba6-24c0-4ac3-912d-d70dd7c09136,472f6e8c-22e7-46e8-b558-1eae484cbbf2,2026-09-07T12:15:05Z,FanDuel Sportsbook structured market feed,,VA,NFL,35610167,Buffalo Bills @ Houston Texans,2026-09-13T17:00:00.000Z,FanDuel,751.185125757,receptions,Xavier Hutchinson - Total Receptions,,Xavier Hutchinson,41075118,under,2.5,-180,1.555555555555556,0.6428571428571429,open,,,2026-09-07T12:15:05Z,,,,,v3-forward-measurement
d7cbaba6-24c0-4ac3-912d-d70dd7c09136,2248b9d7-392c-4b57-a278-d2e1bfd176c7,2026-09-07T12:15:05Z,FanDuel Sportsbook structured market feed,,VA,NFL,35610167,Buffalo Bills @ Houston Texans,2026-09-13T17:00:00.000Z,FanDuel,751.183533053,receiving_yards,D.J. Moore - Receiving Yds,,D.J. Moore,73370450,over,47.5,-114,1.87719298245614,0.5327102803738317,open,,,2026-09-07T12:15:05Z,,,,,v3-forward-measurement
d7cbaba6-24c0-4ac3-912d-d70dd7c09136,e53d6ea3-ba7e-4e7f-a2d0-6cd1e0426f3b,2026-09-07T12:15:05Z,FanDuel Sportsbook structured market feed,,VA,NFL,35610167,Buffalo Bills @ Houston Texans,2026-09-13T17:00:00.000Z,FanDuel,751.183533053,receiving_yards,D.J. Moore - Receiving Yds,,D.J. Moore,73370451,under,47.5,-114,1.87719298245614,0.5327102803738317,open,,,2026-09-07T12:15:05Z,,,,,v3-forward-measurement
d7cbaba6-24c0-4ac3-912d-d70dd7c09136,e93a8fc3-32ef-43b7-918e-894286a128ed,2026-09-07T12:15:05Z,FanDuel Sportsbook structured market feed,,VA,NFL,35610167,Buffalo Bills @ Houston Texans,2026-09-13T17:00:00.000Z,FanDuel,751.183533051,receiving_yards,Dalton Kincaid - Receiving Yds,,Dalton Kincaid,41602583,over,38.5,-114,1.87719298245614,0.5327102803738317,open,,,2026-09-07T12:15:05Z,,,,,v3-forward-measurement
d7cbaba6-24c0-4ac3-912d-d70dd7c09136,ab57ce78-89ab-42ac-a804-a3668d6f2719,2026-09-07T12:15:05Z,FanDuel Sportsbook structured market feed,,VA,NFL,35610167,Buffalo Bills @ Houston Texans,2026-09-13T17:00:00.000Z,FanDuel,751.183533051,receiving_yards,Dalton Kincaid - Receiving Yds,,Dalton Kincaid,41602585,under,38.5,-114,1.87719298245614,0.5327102803738317,open,,,2026-09-07T12:15:05Z,,,,,v3-forward-measurement
d7cbaba6-24c0-4ac3-912d-d70dd7c09136,245fffe6-6bfa-4892-8720-679639b4e776,2026-09-07T12:15:05Z,FanDuel Sportsbook structured market feed,,VA,NFL,35610167,Buffalo Bills @ Houston Texans,2026-09-13T17:00:00.000Z,FanDuel,751.183533052,receptions,Khalil Shakir - Total Receptions,,Khalil Shakir,41266352,over,3.5,-130,1.769230769230769,0.5652173913043478,open,,,2026-09-07T12:15:05Z,,,,,v3-forward-measurement
d7cbaba6-24c0-4ac3-912d-d70dd7c09136,84098d96-3883-4bc4-b977-50f2b9238978,2026-09-07T12:15:05Z,FanDuel Sportsbook structured market feed,,VA,NFL,35610167,Buffalo Bills @ Houston Texans,2026-09-13T17:00:00.000Z,FanDuel,751.183533052,receptions,Khalil Shakir - Total Receptions,,Khalil Shakir,41266353,under,3.5,-102,1.980392156862745,0.504950495049505,open,,,2026-09-07T12:15:05Z,,,,,v3-forward-measurement
d7cbaba6-24c0-4ac3-912d-d70dd7c09136,10821a79-d650-43b1-b8da-68da58197ee0,2026-09-07T12:15:05Z,FanDuel Sportsbook structured market feed,,VA,NFL,35610167,Buffalo Bills @ Houston Texans,2026-09-13T17:00:00.000Z,FanDuel,751.184980710,receptions,James Cook - Total Receptions,,James Cook,41957632,over,2.5,124,2.24,0.44642857142857145,open,,,2026-09-07T12:15:05Z,,,,,v3-forward-measurement
d7cbaba6-24c0-4ac3-912d-d70dd7c09136,e791c085-70b1-468a-a8b1-a97c4a062b40,2026-09-07T12:15:05Z,FanDuel Sportsbook structured market feed,,VA,NFL,35610167,Buffalo Bills @ Houston Texans,2026-09-13T17:00:00.000Z,FanDuel,751.184980710,receptions,James Cook - Total Receptions,,James Cook,41957631,under,2.5,-166,1.602409638554217,0.6240601503759399,open,,,2026-09-07T12:15:05Z,,,,,v3-forward-measurement
d7cbaba6-24c0-4ac3-912d-d70dd7c09136,1c9dab82-90c9-4b07-9b68-c2ff1c4638ce,2026-09-07T12:15:05Z,FanDuel Sportsbook structured market feed,,VA,NFL,35610167,Buffalo Bills @ Houston Texans,2026-09-13T17:00:00.000Z,FanDuel,751.183533049,receptions,Dalton Kincaid - Total Receptions,,Dalton Kincaid,41602583,over,3.5,-102,1.980392156862745,0.504950495049505,open,,,2026-09-07T12:15:05Z,,,,,v3-forward-measurement
d7cbaba6-24c0-4ac3-912d-d70dd7c09136,89ba1160-bdc2-40ff-be1d-6748b293a0c3,2026-09-07T12:15:05Z,FanDuel Sportsbook structured market feed,,VA,NFL,35610167,Buffalo Bills @ Houston Texans,2026-09-13T17:00:00.000Z,FanDuel,751.183533049,receptions,Dalton Kincaid - Total Receptions,,Dalton Kincaid,41602585,under,3.5,-130,1.769230769230769,0.5652173913043478,open,,,2026-09-07T12:15:05Z,,,,,v3-forward-measurement
d7cbaba6-24c0-4ac3-912d-d70dd7c09136,f1f73b4d-8715-4bf9-a85a-5d2d74a28a46,2026-09-07T12:15:05Z,FanDuel Sportsbook structured market feed,,VA,NFL,35610167,Buffalo Bills @ Houston Texans,2026-09-13T17:00:00.000Z,FanDuel,751.185056176,receiving_yards,Dawson Knox - Receiving Yds,,Dawson Knox,26270330,over,14.5,-114,1.87719298245614,0.5327102803738317,open,,,2026-09-07T12:15:05Z,,,,,v3-forward-measurement
d7cbaba6-24c0-4ac3-912d-d70dd7c09136,df21b517-4813-4322-ac5c-830513bdb2ec,2026-09-07T12:15:05Z,FanDuel Sportsbook structured market feed,,VA,NFL,35610167,Buffalo Bills @ Houston Texans,2026-09-13T17:00:00.000Z,FanDuel,751.185056176,receiving_yards,Dawson Knox - Receiving Yds,,Dawson Knox,26270331,under,14.5,-114,1.87719298245614,0.5327102803738317,open,,,2026-09-07T12:15:05Z,,,,,v3-forward-measurement
d7cbaba6-24c0-4ac3-912d-d70dd7c09136,6fb9ab02-ae58-42a0-bff0-8c801f4c3609,2026-09-07T12:15:05Z,FanDuel Sportsbook structured market feed,,VA,NFL,35610167,Buffalo Bills @ Houston Texans,2026-09-13T17:00:00.000Z,FanDuel,751.185056177,receptions,Dawson Knox - Total Receptions,,Dawson Knox,26270330,over,1.5,-114,1.87719298245614,0.5327102803738317,open,,,2026-09-07T12:15:05Z,,,,,v3-forward-measurement
d7cbaba6-24c0-4ac3-912d-d70dd7c09136,db236c48-7595-47d3-bb21-17c7ab9b696b,2026-09-07T12:15:05Z,FanDuel Sportsbook structured market feed,,VA,NFL,35610167,Buffalo Bills @ Houston Texans,2026-09-13T17:00:00.000Z,FanDuel,751.185056177,receptions,Dawson Knox - Total Receptions,,Dawson Knox,26270331,under,1.5,-114,1.87719298245614,0.5327102803738317,open,,,2026-09-07T12:15:05Z,,,,,v3-forward-measurement
d7cbaba6-24c0-4ac3-912d-d70dd7c09136,dd20c625-f933-4e64-9104-ee3fcf1fbb57,2026-09-07T12:15:05Z,FanDuel Sportsbook structured market feed,,VA,NFL,35610167,Buffalo Bills @ Houston Texans,2026-09-13T17:00:00.000Z,FanDuel,751.184980711,receiving_yards,James Cook - Receiving Yds,,James Cook,41957632,over,14.5,-114,1.87719298245614,0.5327102803738317,open,,,2026-09-07T12:15:05Z,,,,,v3-forward-measurement
d7cbaba6-24c0-4ac3-912d-d70dd7c09136,70ece8d5-0326-4d9e-9fbd-dc36823712fb,2026-09-07T12:15:05Z,FanDuel Sportsbook structured market feed,,VA,NFL,35610167,Buffalo Bills @ Houston Texans,2026-09-13T17:00:00.000Z,FanDuel,751.184980711,receiving_yards,James Cook - Receiving Yds,,James Cook,41957631,under,14.5,-114,1.87719298245614,0.5327102803738317,open,,,2026-09-07T12:15:05Z,,,,,v3-forward-measurement
d7cbaba6-24c0-4ac3-912d-d70dd7c09136,9462c96d-1b3a-41c3-a915-be434ea011a1,2026-09-07T12:15:05Z,FanDuel Sportsbook structured market feed,,VA,NFL,35610167,Buffalo Bills @ Houston Texans,2026-09-13T17:00:00.000Z,FanDuel,751.184541564,receptions,Kayshon Boutte - Total Receptions,,Kayshon Boutte,41072109,over,1.5,-158,1.632911392405063,0.6124031007751938,open,,,2026-09-07T12:15:05Z,,,,,v3-forward-measurement
d7cbaba6-24c0-4ac3-912d-d70dd7c09136,01a295f1-4c36-440f-be21-d442cb629c6f,2026-09-07T12:15:05Z,FanDuel Sportsbook structured market feed,,VA,NFL,35610167,Buffalo Bills @ Houston Texans,2026-09-13T17:00:00.000Z,FanDuel,751.184541564,receptions,Kayshon Boutte - Total Receptions,,Kayshon Boutte,41072108,under,1.5,118,2.18,0.45871559633027525,open,,,2026-09-07T12:15:05Z,,,,,v3-forward-measurement
d7cbaba6-24c0-4ac3-912d-d70dd7c09136,af05eff0-82ea-4e8c-98a7-6673c3be161e,2026-09-07T12:15:05Z,FanDuel Sportsbook structured market feed,,VA,NFL,35610167,Buffalo Bills @ Houston Texans,2026-09-13T17:00:00.000Z,FanDuel,751.183533042,receiving_yards,Khalil Shakir - Receiving Yds,,Khalil Shakir,41266352,over,36.5,-114,1.87719298245614,0.5327102803738317,open,,,2026-09-07T12:15:05Z,,,,,v3-forward-measurement
d7cbaba6-24c0-4ac3-912d-d70dd7c09136,0d180408-3196-4486-85e9-4ec0d26dc7af,2026-09-07T12:15:05Z,FanDuel Sportsbook structured market feed,,VA,NFL,35610167,Buffalo Bills @ Houston Texans,2026-09-13T17:00:00.000Z,FanDuel,751.183533042,receiving_yards,Khalil Shakir - Receiving Yds,,Khalil Shakir,41266353,under,36.5,-114,1.87719298245614,0.5327102803738317,open,,,2026-09-07T12:15:05Z,,,,,v3-forward-measurement
d7cbaba6-24c0-4ac3-912d-d70dd7c09136,f3cdd896-0064-4bfe-999c-32015e2d0470,2026-09-07T12:15:05Z,FanDuel Sportsbook structured market feed,,VA,NFL,35610167,Buffalo Bills @ Houston Texans,2026-09-13T17:00:00.000Z,FanDuel,751.184541567,receiving_yards,Kayshon Boutte - Receiving Yds,,Kayshon Boutte,41072109,over,22.5,-114,1.87719298245614,0.5327102803738317,open,,,2026-09-07T12:15:05Z,,,,,v3-forward-measurement
d7cbaba6-24c0-4ac3-912d-d70dd7c09136,ef0fc1f0-2641-49c2-acc2-3ed6b2b5e9c3,2026-09-07T12:15:05Z,FanDuel Sportsbook structured market feed,,VA,NFL,35610167,Buffalo Bills @ Houston Texans,2026-09-13T17:00:00.000Z,FanDuel,751.184541567,receiving_yards,Kayshon Boutte - Receiving Yds,,Kayshon Boutte,41072108,under,22.5,-114,1.87719298245614,0.5327102803738317,open,,,2026-09-07T12:15:05Z,,,,,v3-forward-measurement
5c70aead-b041-4cef-baa4-7aec73628bae,38ba9cbe-0e2e-48ec-bedc-c82c49c3396e,2026-09-07T12:15:05Z,FanDuel Sportsbook structured market feed,,VA,NFL,35610168,New Orleans Saints @ Detroit Lions,2026-09-13T17:01:00.000Z,FanDuel,751.183818920,passing_touchdowns,Tyler Shough - Passing TDs,,Tyler Shough,41066836,over,1.5,140,2.4,0.4166666666666667,open,,,2026-09-07T12:15:05Z,,,,,v3-forward-measurement
5c70aead-b041-4cef-baa4-7aec73628bae,f9e1178f-a976-4643-8337-709577695fc5,2026-09-07T12:15:05Z,FanDuel Sportsbook structured market feed,,VA,NFL,35610168,New Orleans Saints @ Detroit Lions,2026-09-13T17:01:00.000Z,FanDuel,751.183818920,passing_touchdowns,Tyler Shough - Passing TDs,,Tyler Shough,41066844,under,1.5,-188,1.531914893617021,0.6527777777777778,open,,,2026-09-07T12:15:05Z,,,,,v3-forward-measurement
5c70aead-b041-4cef-baa4-7aec73628bae,b0b7808f-d88c-43dd-8c27-5cddb8f82bf0,2026-09-07T12:15:05Z,FanDuel Sportsbook structured market feed,,VA,NFL,35610168,New Orleans Saints @ Detroit Lions,2026-09-13T17:01:00.000Z,FanDuel,751.183819063,passing_yards,Tyler Shough - Passing Yds,,Tyler Shough,41066836,over,246.5,-114,1.87719298245614,0.5327102803738317,open,,,2026-09-07T12:15:05Z,,,,,v3-forward-measurement
5c70aead-b041-4cef-baa4-7aec73628bae,069e392a-22c7-4530-a034-e3d837f728a6,2026-09-07T12:15:05Z,FanDuel Sportsbook structured market feed,,VA,NFL,35610168,New Orleans Saints @ Detroit Lions,2026-09-13T17:01:00.000Z,FanDuel,751.183819063,passing_yards,Tyler Shough - Passing Yds,,Tyler Shough,41066844,under,246.5,-114,1.87719298245614,0.5327102803738317,open,,,2026-09-07T12:15:05Z,,,,,v3-forward-measurement
5c70aead-b041-4cef-baa4-7aec73628bae,045a855b-34a6-4639-8887-6ab4bbdcfa26,2026-09-07T12:15:05Z,FanDuel Sportsbook structured market feed,,VA,NFL,35610168,New Orleans Saints @ Detroit Lions,2026-09-13T17:01:00.000Z,FanDuel,751.183819030,passing_touchdowns,Jared Goff - Passing TDs,,Jared Goff,12135315,over,1.5,-205,1.48780487804878,0.6721311475409836,open,,,2026-09-07T12:15:05Z,,,,,v3-forward-measurement
5c70aead-b041-4cef-baa4-7aec73628bae,e144a0b3-83a6-4f9a-b60f-a1eb4539068e,2026-09-07T12:15:05Z,FanDuel Sportsbook structured market feed,,VA,NFL,35610168,New Orleans Saints @ Detroit Lions,2026-09-13T17:01:00.000Z,FanDuel,751.183819030,passing_touchdowns,Jared Goff - Passing TDs,,Jared Goff,12135314,under,1.5,152,2.52,0.3968253968253968,open,,,2026-09-07T12:15:05Z,,,,,v3-forward-measurement
5c70aead-b041-4cef-baa4-7aec73628bae,7d496c79-1145-4d57-ab8d-9bf0606deaec,2026-09-07T12:15:05Z,FanDuel Sportsbook structured market feed,,VA,NFL,35610168,New Orleans Saints @ Detroit Lions,2026-09-13T17:01:00.000Z,FanDuel,751.183819023,passing_yards,Jared Goff - Passing Yds,,Jared Goff,12135315,over,261.5,-114,1.87719298245614,0.5327102803738317,open,,,2026-09-07T12:15:05Z,,,,,v3-forward-measurement
5c70aead-b041-4cef-baa4-7aec73628bae,d5b439da-1940-496b-82e1-2ed87633cae7,2026-09-07T12:15:05Z,FanDuel Sportsbook structured market feed,,VA,NFL,35610168,New Orleans Saints @ Detroit Lions,2026-09-13T17:01:00.000Z,FanDuel,751.183819023,passing_yards,Jared Goff - Passing Yds,,Jared Goff,12135314,under,261.5,-114,1.87719298245614,0.5327102803738317,open,,,2026-09-07T12:15:05Z,,,,,v3-forward-measurement
bfe71aa7-5bad-495a-b7f2-320d000160bc,14006386-d4ee-49c9-9aba-534309f4838e,2026-09-07T12:15:05Z,FanDuel Sportsbook structured market feed,,VA,NFL,35610168,New Orleans Saints @ Detroit Lions,2026-09-13T17:01:00.000Z,FanDuel,751.183820190,rushing_yards,Travis Etienne - Rushing Yds,,Travis Etienne,16602553,over,56.5,-114,1.87719298245614,0.5327102803738317,open,,,2026-09-07T12:15:05Z,,,,,v3-forward-measurement
bfe71aa7-5bad-495a-b7f2-320d000160bc,018419bb-2868-405e-837c-79b1ebda1e6f,2026-09-07T12:15:05Z,FanDuel Sportsbook structured market feed,,VA,NFL,35610168,New Orleans Saints @ Detroit Lions,2026-09-13T17:01:00.000Z,FanDuel,751.183820190,rushing_yards,Travis Etienne - Rushing Yds,,Travis Etienne,16602554,under,56.5,-114,1.87719298245614,0.5327102803738317,open,,,2026-09-07T12:15:05Z,,,,,v3-forward-measurement
bfe71aa7-5bad-495a-b7f2-320d000160bc,16a561f0-47f6-4cae-b384-c337c08608ab,2026-09-07T12:15:05Z,FanDuel Sportsbook structured market feed,,VA,NFL,35610168,New Orleans Saints @ Detroit Lions,2026-09-13T17:01:00.000Z,FanDuel,751.183820216,rushing_yards,Tyler Shough - Rushing Yds,,Tyler Shough,41066836,over,16.5,-114,1.87719298245614,0.5327102803738317,open,,,2026-09-07T12:15:05Z,,,,,v3-forward-measurement
bfe71aa7-5bad-495a-b7f2-320d000160bc,4d550db0-d235-460a-8af0-67299dfa0ae2,2026-09-07T12:15:05Z,FanDuel Sportsbook structured market feed,,VA,NFL,35610168,New Orleans Saints @ Detroit Lions,2026-09-13T17:01:00.000Z,FanDuel,751.183820216,rushing_yards,Tyler Shough - Rushing Yds,,Tyler Shough,41066844,under,16.5,-114,1.87719298245614,0.5327102803738317,open,,,2026-09-07T12:15:05Z,,,,,v3-forward-measurement
bfe71aa7-5bad-495a-b7f2-320d000160bc,08681136-a31e-4b9a-a314-5e75cdb5d087,2026-09-07T12:15:05Z,FanDuel Sportsbook structured market feed,,VA,NFL,35610168,New Orleans Saints @ Detroit Lions,2026-09-13T17:01:00.000Z,FanDuel,751.183820188,rushing_yards,Jahmyr Gibbs - Rushing Yds,,Jahmyr Gibbs,41179952,over,82.5,-114,1.87719298245614,0.5327102803738317,open,,,2026-09-07T12:15:05Z,,,,,v3-forward-measurement
bfe71aa7-5bad-495a-b7f2-320d000160bc,8d924f95-3a08-44ae-8409-8c1d1aa8c516,2026-09-07T12:15:05Z,FanDuel Sportsbook structured market feed,,VA,NFL,35610168,New Orleans Saints @ Detroit Lions,2026-09-13T17:01:00.000Z,FanDuel,751.183820188,rushing_yards,Jahmyr Gibbs - Rushing Yds,,Jahmyr Gibbs,41179953,under,82.5,-114,1.87719298245614,0.5327102803738317,open,,,2026-09-07T12:15:05Z,,,,,v3-forward-measurement
65aca35b-7178-4a05-afed-8db2a216b47c,aa7dffce-3a62-43dc-a454-48899ba141db,2026-09-07T12:15:05Z,FanDuel Sportsbook structured market feed,,VA,NFL,35610168,New Orleans Saints @ Detroit Lions,2026-09-13T17:01:00.000Z,FanDuel,751.183821852,receiving_yards,Sam LaPorta - Receiving Yds,,Sam LaPorta,41154223,over,41.5,-114,1.87719298245614,0.5327102803738317,open,,,2026-09-07T12:15:05Z,,,,,v3-forward-measurement
65aca35b-7178-4a05-afed-8db2a216b47c,df4161dd-d959-4ea7-b4d9-73c23027cfa5,2026-09-07T12:15:05Z,FanDuel Sportsbook structured market feed,,VA,NFL,35610168,New Orleans Saints @ Detroit Lions,2026-09-13T17:01:00.000Z,FanDuel,751.183821852,receiving_yards,Sam LaPorta - Receiving Yds,,Sam LaPorta,41154224,under,41.5,-114,1.87719298245614,0.5327102803738317,open,,,2026-09-07T12:15:05Z,,,,,v3-forward-measurement
65aca35b-7178-4a05-afed-8db2a216b47c,13f036fe-ddde-4ede-b9d3-a40efbee0467,2026-09-07T12:15:05Z,FanDuel Sportsbook structured market feed,,VA,NFL,35610168,New Orleans Saints @ Detroit Lions,2026-09-13T17:01:00.000Z,FanDuel,751.183820463,receiving_yards,Chris Olave - Receiving Yds,,Chris Olave,41158858,over,76.5,-114,1.87719298245614,0.5327102803738317,open,,,2026-09-07T12:15:05Z,,,,,v3-forward-measurement
65aca35b-7178-4a05-afed-8db2a216b47c,e43f542a-2a98-4e05-bc04-f2ed4ce1a50f,2026-09-07T12:15:05Z,FanDuel Sportsbook structured market feed,,VA,NFL,35610168,New Orleans Saints @ Detroit Lions,2026-09-13T17:01:00.000Z,FanDuel,751.183820463,receiving_yards,Chris Olave - Receiving Yds,,Chris Olave,41158859,under,76.5,-114,1.87719298245614,0.5327102803738317,open,,,2026-09-07T12:15:05Z,,,,,v3-forward-measurement
65aca35b-7178-4a05-afed-8db2a216b47c,001cc80d-2d12-4b58-bcb7-b9aa234ccf3c,2026-09-07T12:15:05Z,FanDuel Sportsbook structured market feed,,VA,NFL,35610168,New Orleans Saints @ Detroit Lions,2026-09-13T17:01:00.000Z,FanDuel,751.183820461,receiving_yards,Amon-Ra St. Brown - Receiving Yds,,Amon-Ra St. Brown,40891132,over,77.5,-114,1.87719298245614,0.5327102803738317,open,,,2026-09-07T12:15:05Z,,,,,v3-forward-measurement
65aca35b-7178-4a05-afed-8db2a216b47c,f7367180-78b9-4ba9-a374-72cc5d09eb0c,2026-09-07T12:15:05Z,FanDuel Sportsbook structured market feed,,VA,NFL,35610168,New Orleans Saints @ Detroit Lions,2026-09-13T17:01:00.000Z,FanDuel,751.183820461,receiving_yards,Amon-Ra St. Brown - Receiving Yds,,Amon-Ra St. Brown,40891131,under,77.5,-114,1.87719298245614,0.5327102803738317,open,,,2026-09-07T12:15:05Z,,,,,v3-forward-measurement
65aca35b-7178-4a05-afed-8db2a216b47c,9dac9cb0-f508-4081-83e4-68c2af58eea1,2026-09-07T12:15:05Z,FanDuel Sportsbook structured market feed,,VA,NFL,35610168,New Orleans Saints @ Detroit Lions,2026-09-13T17:01:00.000Z,FanDuel,751.184833686,receptions,Travis Etienne - Total Receptions,,Travis Etienne,16602553,over,2.5,-205,1.48780487804878,0.6721311475409836,open,,,2026-09-07T12:15:05Z,,,,,v3-forward-measurement
65aca35b-7178-4a05-afed-8db2a216b47c,03703de7-01da-4bf0-82a0-56a85c18230b,2026-09-07T12:15:05Z,FanDuel Sportsbook structured market feed,,VA,NFL,35610168,New Orleans Saints @ Detroit Lions,2026-09-13T17:01:00.000Z,FanDuel,751.184833686,receptions,Travis Etienne - Total Receptions,,Travis Etienne,16602554,under,2.5,152,2.52,0.3968253968253968,open,,,2026-09-07T12:15:05Z,,,,,v3-forward-measurement
65aca35b-7178-4a05-afed-8db2a216b47c,c6a6ce21-6e85-4ca0-a0c9-b572c86a2b3e,2026-09-07T12:15:05Z,FanDuel Sportsbook structured market feed,,VA,NFL,35610168,New Orleans Saints @ Detroit Lions,2026-09-13T17:01:00.000Z,FanDuel,751.184833685,receiving_yards,Travis Etienne - Receiving Yds,,Travis Etienne,16602553,over,17.5,-114,1.87719298245614,0.5327102803738317,open,,,2026-09-07T12:15:05Z,,,,,v3-forward-measurement
65aca35b-7178-4a05-afed-8db2a216b47c,122743a2-7bd5-4f25-8c33-1cb305cdbdf2,2026-09-07T12:15:05Z,FanDuel Sportsbook structured market feed,,VA,NFL,35610168,New Orleans Saints @ Detroit Lions,2026-09-13T17:01:00.000Z,FanDuel,751.184833685,receiving_yards,Travis Etienne - Receiving Yds,,Travis Etienne,16602554,under,17.5,-114,1.87719298245614,0.5327102803738317,open,,,2026-09-07T12:15:05Z,,,,,v3-forward-measurement
65aca35b-7178-4a05-afed-8db2a216b47c,c4fa2203-59ef-41af-8104-3f0844e0c7e2,2026-09-07T12:15:05Z,FanDuel Sportsbook structured market feed,,VA,NFL,35610168,New Orleans Saints @ Detroit Lions,2026-09-13T17:01:00.000Z,FanDuel,751.183821854,receptions,Sam LaPorta - Total Receptions,,Sam LaPorta,41154223,over,3.5,-172,1.581395348837209,0.6323529411764706,open,,,2026-09-07T12:15:05Z,,,,,v3-forward-measurement
65aca35b-7178-4a05-afed-8db2a216b47c,25091942-9693-4e39-a7c7-59020967dcc6,2026-09-07T12:15:05Z,FanDuel Sportsbook structured market feed,,VA,NFL,35610168,New Orleans Saints @ Detroit Lions,2026-09-13T17:01:00.000Z,FanDuel,751.183821854,receptions,Sam LaPorta - Total Receptions,,Sam LaPorta,41154224,under,3.5,128,2.28,0.43859649122807015,open,,,2026-09-07T12:15:05Z,,,,,v3-forward-measurement
65aca35b-7178-4a05-afed-8db2a216b47c,cca8f680-87a5-4051-b4b1-d988454fcfb7,2026-09-07T12:15:05Z,FanDuel Sportsbook structured market feed,,VA,NFL,35610168,New Orleans Saints @ Detroit Lions,2026-09-13T17:01:00.000Z,FanDuel,751.183820469,receptions,Chris Olave - Total Receptions,,Chris Olave,41158858,over,6.5,-102,1.980392156862745,0.504950495049505,open,,,2026-09-07T12:15:05Z,,,,,v3-forward-measurement
65aca35b-7178-4a05-afed-8db2a216b47c,af6d8cd9-06fd-49d5-8d0b-81e0867d0e0d,2026-09-07T12:15:05Z,FanDuel Sportsbook structured market feed,,VA,NFL,35610168,New Orleans Saints @ Detroit Lions,2026-09-13T17:01:00.000Z,FanDuel,751.183820469,receptions,Chris Olave - Total Receptions,,Chris Olave,41158859,under,6.5,-130,1.769230769230769,0.5652173913043478,open,,,2026-09-07T12:15:05Z,,,,,v3-forward-measurement
65aca35b-7178-4a05-afed-8db2a216b47c,068cf333-b40d-4e1e-b1ee-16fc1d3c13f1,2026-09-07T12:15:05Z,FanDuel Sportsbook structured market feed,,VA,NFL,35610168,New Orleans Saints @ Detroit Lions,2026-09-13T17:01:00.000Z,FanDuel,751.184833180,receiving_yards,Isaac TeSlaa - Receiving Yds,,Isaac TeSlaa,60529877,over,16.5,-114,1.87719298245614,0.5327102803738317,open,,,2026-09-07T12:15:05Z,,,,,v3-forward-measurement
65aca35b-7178-4a05-afed-8db2a216b47c,94cc3930-3b31-4c9c-b505-1349ae10c5d7,2026-09-07T12:15:05Z,FanDuel Sportsbook structured market feed,,VA,NFL,35610168,New Orleans Saints @ Detroit Lions,2026-09-13T17:01:00.000Z,FanDuel,751.184833180,receiving_yards,Isaac TeSlaa - Receiving Yds,,Isaac TeSlaa,60529876,under,16.5,-114,1.87719298245614,0.5327102803738317,open,,,2026-09-07T12:15:05Z,,,,,v3-forward-measurement
65aca35b-7178-4a05-afed-8db2a216b47c,38aa7d4f-fa83-4f2c-9036-777780ea18a0,2026-09-07T12:15:05Z,FanDuel Sportsbook structured market feed,,VA,NFL,35610168,New Orleans Saints @ Detroit Lions,2026-09-13T17:01:00.000Z,FanDuel,751.184833184,receptions,Isaac TeSlaa - Total Receptions,,Isaac TeSlaa,60529877,over,1.5,106,2.06,0.4854368932038835,open,,,2026-09-07T12:15:05Z,,,,,v3-forward-measurement
65aca35b-7178-4a05-afed-8db2a216b47c,eba3322f-4cd8-4a44-ab30-9b0599b86332,2026-09-07T12:15:05Z,FanDuel Sportsbook structured market feed,,VA,NFL,35610168,New Orleans Saints @ Detroit Lions,2026-09-13T17:01:00.000Z,FanDuel,751.184833184,receptions,Isaac TeSlaa - Total Receptions,,Isaac TeSlaa,60529876,under,1.5,-140,1.714285714285714,0.5833333333333334,open,,,2026-09-07T12:15:05Z,,,,,v3-forward-measurement
65aca35b-7178-4a05-afed-8db2a216b47c,6d6be1ac-01d9-469f-b71e-7eee6e133413,2026-09-07T12:15:05Z,FanDuel Sportsbook structured market feed,,VA,NFL,35610168,New Orleans Saints @ Detroit Lions,2026-09-13T17:01:00.000Z,FanDuel,751.184833515,receiving_yards,Devaughn Vele - Receiving Yds,,Devaughn Vele,41522434,over,39.5,-114,1.87719298245614,0.5327102803738317,open,,,2026-09-07T12:15:05Z,,,,,v3-forward-measurement
65aca35b-7178-4a05-afed-8db2a216b47c,d1972379-b5a3-4860-a031-fa59971db182,2026-09-07T12:15:05Z,FanDuel Sportsbook structured market feed,,VA,NFL,35610168,New Orleans Saints @ Detroit Lions,2026-09-13T17:01:00.000Z,FanDuel,751.184833515,receiving_yards,Devaughn Vele - Receiving Yds,,Devaughn Vele,41522432,under,39.5,-114,1.87719298245614,0.5327102803738317,open,,,2026-09-07T12:15:05Z,,,,,v3-forward-measurement
65aca35b-7178-4a05-afed-8db2a216b47c,aa8f9928-5d10-4493-bc4f-7b1e184ac129,2026-09-07T12:15:05Z,FanDuel Sportsbook structured market feed,,VA,NFL,35610168,New Orleans Saints @ Detroit Lions,2026-09-13T17:01:00.000Z,FanDuel,751.183820475,receptions,Amon-Ra St. Brown - Total Receptions,,Amon-Ra St. Brown,40891132,over,6.5,-114,1.87719298245614,0.5327102803738317,open,,,2026-09-07T12:15:05Z,,,,,v3-forward-measurement
65aca35b-7178-4a05-afed-8db2a216b47c,fea67b47-b92e-4bf0-b054-0c0c7c7d2b07,2026-09-07T12:15:05Z,FanDuel Sportsbook structured market feed,,VA,NFL,35610168,New Orleans Saints @ Detroit Lions,2026-09-13T17:01:00.000Z,FanDuel,751.183820475,receptions,Amon-Ra St. Brown - Total Receptions,,Amon-Ra St. Brown,40891131,under,6.5,-114,1.87719298245614,0.5327102803738317,open,,,2026-09-07T12:15:05Z,,,,,v3-forward-measurement
65aca35b-7178-4a05-afed-8db2a216b47c,0ba41b8b-d4bb-43b3-837e-8f245b863bc1,2026-09-07T12:15:05Z,FanDuel Sportsbook structured market feed,,VA,NFL,35610168,New Orleans Saints @ Detroit Lions,2026-09-13T17:01:00.000Z,FanDuel,751.184833513,receptions,Devaughn Vele - Total Receptions,,Devaughn Vele,41522434,over,3.5,-102,1.980392156862745,0.504950495049505,open,,,2026-09-07T12:15:05Z,,,,,v3-forward-measurement
65aca35b-7178-4a05-afed-8db2a216b47c,ba18f29a-1e24-4e52-8fe9-f05cb8f713b2,2026-09-07T12:15:05Z,FanDuel Sportsbook structured market feed,,VA,NFL,35610168,New Orleans Saints @ Detroit Lions,2026-09-13T17:01:00.000Z,FanDuel,751.184833513,receptions,Devaughn Vele - Total Receptions,,Devaughn Vele,41522432,under,3.5,-130,1.769230769230769,0.5652173913043478,open,,,2026-09-07T12:15:05Z,,,,,v3-forward-measurement
65aca35b-7178-4a05-afed-8db2a216b47c,40a44f20-23f3-4a66-8d83-5f00777898b3,2026-09-07T12:15:05Z,FanDuel Sportsbook structured market feed,,VA,NFL,35610168,New Orleans Saints @ Detroit Lions,2026-09-13T17:01:00.000Z,FanDuel,751.183820457,receiving_yards,Jameson Williams - Receiving Yds,,Jameson Williams,41172033,over,58.5,-114,1.87719298245614,0.5327102803738317,open,,,2026-09-07T12:15:05Z,,,,,v3-forward-measurement
65aca35b-7178-4a05-afed-8db2a216b47c,73dfc933-9f12-4c27-a6c6-d9fd5cbf9e17,2026-09-07T12:15:05Z,FanDuel Sportsbook structured market feed,,VA,NFL,35610168,New Orleans Saints @ Detroit Lions,2026-09-13T17:01:00.000Z,FanDuel,751.183820457,receiving_yards,Jameson Williams - Receiving Yds,,Jameson Williams,41172032,under,58.5,-114,1.87719298245614,0.5327102803738317,open,,,2026-09-07T12:15:05Z,,,,,v3-forward-measurement
65aca35b-7178-4a05-afed-8db2a216b47c,77760d81-73ef-43a1-bb9b-ab203f4e23f9,2026-09-07T12:15:05Z,FanDuel Sportsbook structured market feed,,VA,NFL,35610168,New Orleans Saints @ Detroit Lions,2026-09-13T17:01:00.000Z,FanDuel,751.183820831,receiving_yards,Juwan Johnson - Receiving Yds,,Juwan Johnson,40916525,over,42.5,-114,1.87719298245614,0.5327102803738317,open,,,2026-09-07T12:15:05Z,,,,,v3-forward-measurement
65aca35b-7178-4a05-afed-8db2a216b47c,131b5cab-5c8d-4017-acc9-9e8bb13b1f30,2026-09-07T12:15:05Z,FanDuel Sportsbook structured market feed,,VA,NFL,35610168,New Orleans Saints @ Detroit Lions,2026-09-13T17:01:00.000Z,FanDuel,751.183820831,receiving_yards,Juwan Johnson - Receiving Yds,,Juwan Johnson,40916523,under,42.5,-114,1.87719298245614,0.5327102803738317,open,,,2026-09-07T12:15:05Z,,,,,v3-forward-measurement
65aca35b-7178-4a05-afed-8db2a216b47c,fb269e3f-23a9-45f6-83a9-a865c05e7e6c,2026-09-07T12:15:05Z,FanDuel Sportsbook structured market feed,,VA,NFL,35610168,New Orleans Saints @ Detroit Lions,2026-09-13T17:01:00.000Z,FanDuel,751.183820830,receptions,Juwan Johnson - Total Receptions,,Juwan Johnson,40916525,over,4.5,116,2.16,0.46296296296296297,open,,,2026-09-07T12:15:05Z,,,,,v3-forward-measurement
65aca35b-7178-4a05-afed-8db2a216b47c,f9578d70-ffcb-4b94-86a9-353aa29df169,2026-09-07T12:15:05Z,FanDuel Sportsbook structured market feed,,VA,NFL,35610168,New Orleans Saints @ Detroit Lions,2026-09-13T17:01:00.000Z,FanDuel,751.183820830,receptions,Juwan Johnson - Total Receptions,,Juwan Johnson,40916523,under,4.5,-154,1.649350649350649,0.6062992125984252,open,,,2026-09-07T12:15:05Z,,,,,v3-forward-measurement
65aca35b-7178-4a05-afed-8db2a216b47c,1d534cf6-6492-4a69-b563-7f7d6c68003e,2026-09-07T12:15:05Z,FanDuel Sportsbook structured market feed,,VA,NFL,35610168,New Orleans Saints @ Detroit Lions,2026-09-13T17:01:00.000Z,FanDuel,751.183820459,receptions,Jameson Williams - Total Receptions,,Jameson Williams,41172033,over,3.5,-148,1.675675675675676,0.5967741935483871,open,,,2026-09-07T12:15:05Z,,,,,v3-forward-measurement
65aca35b-7178-4a05-afed-8db2a216b47c,c202e58f-2cf1-434f-a191-2d326a5e7768,2026-09-07T12:15:05Z,FanDuel Sportsbook structured market feed,,VA,NFL,35610168,New Orleans Saints @ Detroit Lions,2026-09-13T17:01:00.000Z,FanDuel,751.183820459,receptions,Jameson Williams - Total Receptions,,Jameson Williams,41172032,under,3.5,112,2.12,0.4716981132075472,open,,,2026-09-07T12:15:05Z,,,,,v3-forward-measurement
65aca35b-7178-4a05-afed-8db2a216b47c,7513ba84-a995-459b-bb4b-6772f8dc664b,2026-09-07T12:15:05Z,FanDuel Sportsbook structured market feed,,VA,NFL,35610168,New Orleans Saints @ Detroit Lions,2026-09-13T17:01:00.000Z,FanDuel,751.183836998,receiving_yards,Jahmyr Gibbs - Receiving Yds,,Jahmyr Gibbs,41179952,over,30.5,-114,1.87719298245614,0.5327102803738317,open,,,2026-09-07T12:15:05Z,,,,,v3-forward-measurement
65aca35b-7178-4a05-afed-8db2a216b47c,6b6a7cd1-6ee0-455e-a4fb-8d8a957f5835,2026-09-07T12:15:05Z,FanDuel Sportsbook structured market feed,,VA,NFL,35610168,New Orleans Saints @ Detroit Lions,2026-09-13T17:01:00.000Z,FanDuel,751.183836998,receiving_yards,Jahmyr Gibbs - Receiving Yds,,Jahmyr Gibbs,41179953,under,30.5,-114,1.87719298245614,0.5327102803738317,open,,,2026-09-07T12:15:05Z,,,,,v3-forward-measurement
65aca35b-7178-4a05-afed-8db2a216b47c,95d67172-5277-4ba2-a345-e409bec4e06f,2026-09-07T12:15:05Z,FanDuel Sportsbook structured market feed,,VA,NFL,35610168,New Orleans Saints @ Detroit Lions,2026-09-13T17:01:00.000Z,FanDuel,751.183836997,receptions,Jahmyr Gibbs - Total Receptions,,Jahmyr Gibbs,41179952,over,4.5,120,2.2,0.45454545454545453,open,,,2026-09-07T12:15:05Z,,,,,v3-forward-measurement
65aca35b-7178-4a05-afed-8db2a216b47c,20265748-24f4-480b-97ab-9e7c232852e8,2026-09-07T12:15:05Z,FanDuel Sportsbook structured market feed,,VA,NFL,35610168,New Orleans Saints @ Detroit Lions,2026-09-13T17:01:00.000Z,FanDuel,751.183836997,receptions,Jahmyr Gibbs - Total Receptions,,Jahmyr Gibbs,41179953,under,4.5,-160,1.625,0.6153846153846154,open,,,2026-09-07T12:15:05Z,,,,,v3-forward-measurement
caaac00b-4f30-4b98-9ed9-8c51e2e7b091,81fa341c-c468-4685-88d2-db32fb65f7f2,2026-09-07T12:15:05Z,FanDuel Sportsbook structured market feed,,VA,NFL,35610169,Tampa Bay Buccaneers @ Cincinnati Bengals,2026-09-13T17:01:00.000Z,FanDuel,751.183806600,passing_touchdowns,Baker Mayfield - Passing TDs,,Baker Mayfield,16602448,over,1.5,-112,1.892857142857143,0.5283018867924528,open,,,2026-09-07T12:15:05Z,,,,,v3-forward-measurement
caaac00b-4f30-4b98-9ed9-8c51e2e7b091,c6387735-61ee-4035-82b1-20777fdf27ad,2026-09-07T12:15:05Z,FanDuel Sportsbook structured market feed,,VA,NFL,35610169,Tampa Bay Buccaneers @ Cincinnati Bengals,2026-09-13T17:01:00.000Z,FanDuel,751.183806600,passing_touchdowns,Baker Mayfield - Passing TDs,,Baker Mayfield,16602449,under,1.5,-118,1.847457627118644,0.5412844036697247,open,,,2026-09-07T12:15:05Z,,,,,v3-forward-measurement
caaac00b-4f30-4b98-9ed9-8c51e2e7b091,a45b3eab-e01b-4bca-981a-203bc6365c2f,2026-09-07T12:15:05Z,FanDuel Sportsbook structured market feed,,VA,NFL,35610169,Tampa Bay Buccaneers @ Cincinnati Bengals,2026-09-13T17:01:00.000Z,FanDuel,751.183806678,passing_yards,Baker Mayfield - Passing Yds,,Baker Mayfield,16602448,over,232.5,-114,1.87719298245614,0.5327102803738317,open,,,2026-09-07T12:15:05Z,,,,,v3-forward-measurement
caaac00b-4f30-4b98-9ed9-8c51e2e7b091,e797b6c5-3523-465a-8048-ee1e66e022cc,2026-09-07T12:15:05Z,FanDuel Sportsbook structured market feed,,VA,NFL,35610169,Tampa Bay Buccaneers @ Cincinnati Bengals,2026-09-13T17:01:00.000Z,FanDuel,751.183806678,passing_yards,Baker Mayfield - Passing Yds,,Baker Mayfield,16602449,under,232.5,-114,1.87719298245614,0.5327102803738317,open,,,2026-09-07T12:15:05Z,,,,,v3-forward-measurement
caaac00b-4f30-4b98-9ed9-8c51e2e7b091,fec96657-6321-4476-9234-b5f4a27c670f,2026-09-07T12:15:05Z,FanDuel Sportsbook structured market feed,,VA,NFL,35610169,Tampa Bay Buccaneers @ Cincinnati Bengals,2026-09-13T17:01:00.000Z,FanDuel,751.183806579,passing_touchdowns,Joe Burrow - Passing TDs,,Joe Burrow,20452292,over,2.5,154,2.54,0.3937007874015748,open,,,2026-09-07T12:15:05Z,,,,,v3-forward-measurement
caaac00b-4f30-4b98-9ed9-8c51e2e7b091,cf07fff8-fd48-4c1f-abbc-b2f939d8f9a7,2026-09-07T12:15:05Z,FanDuel Sportsbook structured market feed,,VA,NFL,35610169,Tampa Bay Buccaneers @ Cincinnati Bengals,2026-09-13T17:01:00.000Z,FanDuel,751.183806579,passing_touchdowns,Joe Burrow - Passing TDs,,Joe Burrow,20452293,under,2.5,-210,1.476190476190476,0.6774193548387096,open,,,2026-09-07T12:15:05Z,,,,,v3-forward-measurement
caaac00b-4f30-4b98-9ed9-8c51e2e7b091,62740762-d8b3-49f2-b4c7-6b2b58452e52,2026-09-07T12:15:05Z,FanDuel Sportsbook structured market feed,,VA,NFL,35610169,Tampa Bay Buccaneers @ Cincinnati Bengals,2026-09-13T17:01:00.000Z,FanDuel,751.183806685,passing_yards,Joe Burrow - Passing Yds,,Joe Burrow,20452292,over,267.5,-114,1.87719298245614,0.5327102803738317,open,,,2026-09-07T12:15:05Z,,,,,v3-forward-measurement
caaac00b-4f30-4b98-9ed9-8c51e2e7b091,1c45dbda-e68d-4f89-94ad-cc84766b259f,2026-09-07T12:15:05Z,FanDuel Sportsbook structured market feed,,VA,NFL,35610169,Tampa Bay Buccaneers @ Cincinnati Bengals,2026-09-13T17:01:00.000Z,FanDuel,751.183806685,passing_yards,Joe Burrow - Passing Yds,,Joe Burrow,20452293,under,267.5,-114,1.87719298245614,0.5327102803738317,open,,,2026-09-07T12:15:05Z,,,,,v3-forward-measurement
7ccb152b-6dca-4e04-b3cc-361e6059f80d,2b540086-1d52-4e76-882e-628c8c86bdb8,2026-09-07T12:15:05Z,FanDuel Sportsbook structured market feed,,VA,NFL,35610169,Tampa Bay Buccaneers @ Cincinnati Bengals,2026-09-13T17:01:00.000Z,FanDuel,751.183808738,rushing_yards,Bucky Irving - Rushing Yds,,Bucky Irving,49541847,over,58.5,-114,1.87719298245614,0.5327102803738317,open,,,2026-09-07T12:15:05Z,,,,,v3-forward-measurement
7ccb152b-6dca-4e04-b3cc-361e6059f80d,6c987dd6-c7e5-4406-b699-47ea26fc03c4,2026-09-07T12:15:05Z,FanDuel Sportsbook structured market feed,,VA,NFL,35610169,Tampa Bay Buccaneers @ Cincinnati Bengals,2026-09-13T17:01:00.000Z,FanDuel,751.183808738,rushing_yards,Bucky Irving - Rushing Yds,,Bucky Irving,49541845,under,58.5,-114,1.87719298245614,0.5327102803738317,open,,,2026-09-07T12:15:05Z,,,,,v3-forward-measurement
7ccb152b-6dca-4e04-b3cc-361e6059f80d,6ce48fd2-da42-4d11-8c51-c5ea6b78d176,2026-09-07T12:15:05Z,FanDuel Sportsbook structured market feed,,VA,NFL,35610169,Tampa Bay Buccaneers @ Cincinnati Bengals,2026-09-13T17:01:00.000Z,FanDuel,751.184985866,rushing_yards,Samaje Perine - Rushing Yds,,Samaje Perine,15499370,over,19.5,-114,1.87719298245614,0.5327102803738317,open,,,2026-09-07T12:15:05Z,,,,,v3-forward-measurement
7ccb152b-6dca-4e04-b3cc-361e6059f80d,ab25af16-05c3-459b-98cb-6797a91b8234,2026-09-07T12:15:05Z,FanDuel Sportsbook structured market feed,,VA,NFL,35610169,Tampa Bay Buccaneers @ Cincinnati Bengals,2026-09-13T17:01:00.000Z,FanDuel,751.184985866,rushing_yards,Samaje Perine - Rushing Yds,,Samaje Perine,15499371,under,19.5,-114,1.87719298245614,0.5327102803738317,open,,,2026-09-07T12:15:05Z,,,,,v3-forward-measurement
7ccb152b-6dca-4e04-b3cc-361e6059f80d,f4b3b2dd-6af6-427e-9a42-5d4556b490d5,2026-09-07T12:15:05Z,FanDuel Sportsbook structured market feed,,VA,NFL,35610169,Tampa Bay Buccaneers @ Cincinnati Bengals,2026-09-13T17:01:00.000Z,FanDuel,751.183808948,rushing_yards,Joe Burrow - Rushing Yds,,Joe Burrow,20452292,over,6.5,-114,1.87719298245614,0.5327102803738317,open,,,2026-09-07T12:15:05Z,,,,,v3-forward-measurement
7ccb152b-6dca-4e04-b3cc-361e6059f80d,32d8de1a-f940-496f-9210-e13ecbeb3029,2026-09-07T12:15:05Z,FanDuel Sportsbook structured market feed,,VA,NFL,35610169,Tampa Bay Buccaneers @ Cincinnati Bengals,2026-09-13T17:01:00.000Z,FanDuel,751.183808948,rushing_yards,Joe Burrow - Rushing Yds,,Joe Burrow,20452293,under,6.5,-114,1.87719298245614,0.5327102803738317,open,,,2026-09-07T12:15:05Z,,,,,v3-forward-measurement
7ccb152b-6dca-4e04-b3cc-361e6059f80d,ac5a9a38-24c5-480c-8c4e-0eb2c85f146d,2026-09-07T12:15:05Z,FanDuel Sportsbook structured market feed,,VA,NFL,35610169,Tampa Bay Buccaneers @ Cincinnati Bengals,2026-09-13T17:01:00.000Z,FanDuel,751.183808103,rushing_yards,Chase Brown - Rushing Yds,,Chase Brown,41072627,over,57.5,-114,1.87719298245614,0.5327102803738317,open,,,2026-09-07T12:15:05Z,,,,,v3-forward-measurement
7ccb152b-6dca-4e04-b3cc-361e6059f80d,d0773c10-4656-44af-b6cd-c74dce19b3c3,2026-09-07T12:15:05Z,FanDuel Sportsbook structured market feed,,VA,NFL,35610169,Tampa Bay Buccaneers @ Cincinnati Bengals,2026-09-13T17:01:00.000Z,FanDuel,751.183808103,rushing_yards,Chase Brown - Rushing Yds,,Chase Brown,41072629,under,57.5,-114,1.87719298245614,0.5327102803738317,open,,,2026-09-07T12:15:05Z,,,,,v3-forward-measurement
7ccb152b-6dca-4e04-b3cc-361e6059f80d,39ffd6b4-af73-463c-8e25-11fabaf904e0,2026-09-07T12:15:05Z,FanDuel Sportsbook structured market feed,,VA,NFL,35610169,Tampa Bay Buccaneers @ Cincinnati Bengals,2026-09-13T17:01:00.000Z,FanDuel,751.183809132,rushing_yards,Baker Mayfield - Rushing Yds,,Baker Mayfield,16602448,over,15.5,-114,1.87719298245614,0.5327102803738317,open,,,2026-09-07T12:15:05Z,,,,,v3-forward-measurement
7ccb152b-6dca-4e04-b3cc-361e6059f80d,4914b394-2ff7-4dc9-8164-8132812eb8db,2026-09-07T12:15:05Z,FanDuel Sportsbook structured market feed,,VA,NFL,35610169,Tampa Bay Buccaneers @ Cincinnati Bengals,2026-09-13T17:01:00.000Z,FanDuel,751.183809132,rushing_yards,Baker Mayfield - Rushing Yds,,Baker Mayfield,16602449,under,15.5,-114,1.87719298245614,0.5327102803738317,open,,,2026-09-07T12:15:05Z,,,,,v3-forward-measurement
7ccb152b-6dca-4e04-b3cc-361e6059f80d,3e4d4ed8-7542-4790-bbd5-53df0fd0b3fe,2026-09-07T12:15:05Z,FanDuel Sportsbook structured market feed,,VA,NFL,35610169,Tampa Bay Buccaneers @ Cincinnati Bengals,2026-09-13T17:01:00.000Z,FanDuel,751.184985727,rushing_yards,Kenneth Gainwell - Rushing Yds,,Kenneth Gainwell,40915793,over,21.5,-114,1.87719298245614,0.5327102803738317,open,,,2026-09-07T12:15:05Z,,,,,v3-forward-measurement
7ccb152b-6dca-4e04-b3cc-361e6059f80d,d62002df-6d37-4dd2-b072-081a7ef8077b,2026-09-07T12:15:05Z,FanDuel Sportsbook structured market feed,,VA,NFL,35610169,Tampa Bay Buccaneers @ Cincinnati Bengals,2026-09-13T17:01:00.000Z,FanDuel,751.184985727,rushing_yards,Kenneth Gainwell - Rushing Yds,,Kenneth Gainwell,40915796,under,21.5,-114,1.87719298245614,0.5327102803738317,open,,,2026-09-07T12:15:05Z,,,,,v3-forward-measurement
7d6780c7-ff8d-4075-82b7-29ec349438f1,763f7024-84a4-4209-bdd2-1d159d4d16ca,2026-09-07T12:15:05Z,FanDuel Sportsbook structured market feed,,VA,NFL,35610169,Tampa Bay Buccaneers @ Cincinnati Bengals,2026-09-13T17:01:00.000Z,FanDuel,751.185138169,receptions,Jalen McMillan - Total Receptions,,Jalen McMillan,41173066,over,2.5,-178,1.561797752808989,0.6402877697841727,open,,,2026-09-07T12:15:05Z,,,,,v3-forward-measurement
7d6780c7-ff8d-4075-82b7-29ec349438f1,0513c8a6-993d-4c83-a593-5630de6b6a45,2026-09-07T12:15:05Z,FanDuel Sportsbook structured market feed,,VA,NFL,35610169,Tampa Bay Buccaneers @ Cincinnati Bengals,2026-09-13T17:01:00.000Z,FanDuel,751.185138169,receptions,Jalen McMillan - Total Receptions,,Jalen McMillan,41173067,under,2.5,132,2.32,0.43103448275862066,open,,,2026-09-07T12:15:05Z,,,,,v3-forward-measurement
7d6780c7-ff8d-4075-82b7-29ec349438f1,07f7c373-935e-4337-bf33-f1360c87a743,2026-09-07T12:15:05Z,FanDuel Sportsbook structured market feed,,VA,NFL,35610169,Tampa Bay Buccaneers @ Cincinnati Bengals,2026-09-13T17:01:00.000Z,FanDuel,751.184985733,receiving_yards,Kenneth Gainwell - Receiving Yds,,Kenneth Gainwell,40915793,over,20.5,-114,1.87719298245614,0.5327102803738317,open,,,2026-09-07T12:15:05Z,,,,,v3-forward-measurement
7d6780c7-ff8d-4075-82b7-29ec349438f1,08b28117-7525-42f2-9f1f-43c61befd664,2026-09-07T12:15:05Z,FanDuel Sportsbook structured market feed,,VA,NFL,35610169,Tampa Bay Buccaneers @ Cincinnati Bengals,2026-09-13T17:01:00.000Z,FanDuel,751.184985733,receiving_yards,Kenneth Gainwell - Receiving Yds,,Kenneth Gainwell,40915796,under,20.5,-114,1.87719298245614,0.5327102803738317,open,,,2026-09-07T12:15:05Z,,,,,v3-forward-measurement
7d6780c7-ff8d-4075-82b7-29ec349438f1,0043c93a-bc80-4f9a-b68c-c7700f07f27f,2026-09-07T12:15:05Z,FanDuel Sportsbook structured market feed,,VA,NFL,35610169,Tampa Bay Buccaneers @ Cincinnati Bengals,2026-09-13T17:01:00.000Z,FanDuel,751.183809800,receptions,Tee Higgins - Total Receptions,,Tee Higgins,22336746,over,4.5,-140,1.714285714285714,0.5833333333333334,open,,,2026-09-07T12:15:05Z,,,,,v3-forward-measurement
7d6780c7-ff8d-4075-82b7-29ec349438f1,3de1137c-493c-4a6d-b258-25d4468e8ac7,2026-09-07T12:15:05Z,FanDuel Sportsbook structured market feed,,VA,NFL,35610169,Tampa Bay Buccaneers @ Cincinnati Bengals,2026-09-13T17:01:00.000Z,FanDuel,751.183809800,receptions,Tee Higgins - Total Receptions,,Tee Higgins,22336747,under,4.5,106,2.06,0.4854368932038835,open,,,2026-09-07T12:15:05Z,,,,,v3-forward-measurement
7d6780c7-ff8d-4075-82b7-29ec349438f1,459b1e07-390d-449b-b513-5e4685ae031a,2026-09-07T12:15:05Z,FanDuel Sportsbook structured market feed,,VA,NFL,35610169,Tampa Bay Buccaneers @ Cincinnati Bengals,2026-09-13T17:01:00.000Z,FanDuel,751.183809802,receiving_yards,Emeka Egbuka - Receiving Yds,,Emeka Egbuka,48671758,over,54.5,-114,1.87719298245614,0.5327102803738317,open,,,2026-09-07T12:15:05Z,,,,,v3-forward-measurement
7d6780c7-ff8d-4075-82b7-29ec349438f1,6089ff2b-77d0-4498-bbb8-d918e095d39b,2026-09-07T12:15:05Z,FanDuel Sportsbook structured market feed,,VA,NFL,35610169,Tampa Bay Buccaneers @ Cincinnati Bengals,2026-09-13T17:01:00.000Z,FanDuel,751.183809802,receiving_yards,Emeka Egbuka - Receiving Yds,,Emeka Egbuka,48671757,under,54.5,-114,1.87719298245614,0.5327102803738317,open,,,2026-09-07T12:15:05Z,,,,,v3-forward-measurement
7d6780c7-ff8d-4075-82b7-29ec349438f1,fa40923a-5963-4d43-b7e8-806f685f8116,2026-09-07T12:15:05Z,FanDuel Sportsbook structured market feed,,VA,NFL,35610169,Tampa Bay Buccaneers @ Cincinnati Bengals,2026-09-13T17:01:00.000Z,FanDuel,751.184923061,receptions,Cade Otton - Total Receptions,,Cade Otton,41346941,over,3.5,124,2.24,0.44642857142857145,open,,,2026-09-07T12:15:05Z,,,,,v3-forward-measurement
7d6780c7-ff8d-4075-82b7-29ec349438f1,9e3e3c73-53e9-4d42-8550-595740523eff,2026-09-07T12:15:05Z,FanDuel Sportsbook structured market feed,,VA,NFL,35610169,Tampa Bay Buccaneers @ Cincinnati Bengals,2026-09-13T17:01:00.000Z,FanDuel,751.184923061,receptions,Cade Otton - Total Receptions,,Cade Otton,41346942,under,3.5,-166,1.602409638554217,0.6240601503759399,open,,,2026-09-07T12:15:05Z,,,,,v3-forward-measurement
7d6780c7-ff8d-4075-82b7-29ec349438f1,fe99606e-a784-4768-81dd-88be1af89a23,2026-09-07T12:15:05Z,FanDuel Sportsbook structured market feed,,VA,NFL,35610169,Tampa Bay Buccaneers @ Cincinnati Bengals,2026-09-13T17:01:00.000Z,FanDuel,751.184923064,receiving_yards,Cade Otton - Receiving Yds,,Cade Otton,41346941,over,28.5,-114,1.87719298245614,0.5327102803738317,open,,,2026-09-07T12:15:05Z,,,,,v3-forward-measurement
7d6780c7-ff8d-4075-82b7-29ec349438f1,e362fe93-68fd-4bf6-8a51-2e2cd560a9d6,2026-09-07T12:15:05Z,FanDuel Sportsbook structured market feed,,VA,NFL,35610169,Tampa Bay Buccaneers @ Cincinnati Bengals,2026-09-13T17:01:00.000Z,FanDuel,751.184923064,receiving_yards,Cade Otton - Receiving Yds,,Cade Otton,41346942,under,28.5,-114,1.87719298245614,0.5327102803738317,open,,,2026-09-07T12:15:05Z,,,,,v3-forward-measurement
7d6780c7-ff8d-4075-82b7-29ec349438f1,bc50430d-59d4-452d-959d-e8dd310b7a01,2026-09-07T12:15:05Z,FanDuel Sportsbook structured market feed,,VA,NFL,35610169,Tampa Bay Buccaneers @ Cincinnati Bengals,2026-09-13T17:01:00.000Z,FanDuel,751.185137864,receiving_yards,Chris Godwin - Receiving Yds,,Chris Godwin,20781116,over,40.5,-114,1.87719298245614,0.5327102803738317,open,,,2026-09-07T12:15:05Z,,,,,v3-forward-measurement
7d6780c7-ff8d-4075-82b7-29ec349438f1,8df1f1db-9cd6-4986-b223-5667ccb1fb70,2026-09-07T12:15:05Z,FanDuel Sportsbook structured market feed,,VA,NFL,35610169,Tampa Bay Buccaneers @ Cincinnati Bengals,2026-09-13T17:01:00.000Z,FanDuel,751.185137864,receiving_yards,Chris Godwin - Receiving Yds,,Chris Godwin,20781117,under,40.5,-114,1.87719298245614,0.5327102803738317,open,,,2026-09-07T12:15:05Z,,,,,v3-forward-measurement
7d6780c7-ff8d-4075-82b7-29ec349438f1,a434471a-d0b2-4b85-902a-6339993c2996,2026-09-07T12:15:05Z,FanDuel Sportsbook structured market feed,,VA,NFL,35610169,Tampa Bay Buccaneers @ Cincinnati Bengals,2026-09-13T17:01:00.000Z,FanDuel,751.183809797,receptions,Emeka Egbuka - Total Receptions,,Emeka Egbuka,48671758,over,4.5,124,2.24,0.44642857142857145,open,,,2026-09-07T12:15:05Z,,,,,v3-forward-measurement
7d6780c7-ff8d-4075-82b7-29ec349438f1,1b3e13af-d3ac-42bf-a0b7-1c48d496a941,2026-09-07T12:15:05Z,FanDuel Sportsbook structured market feed,,VA,NFL,35610169,Tampa Bay Buccaneers @ Cincinnati Bengals,2026-09-13T17:01:00.000Z,FanDuel,751.183809797,receptions,Emeka Egbuka - Total Receptions,,Emeka Egbuka,48671757,under,4.5,-166,1.602409638554217,0.6240601503759399,open,,,2026-09-07T12:15:05Z,,,,,v3-forward-measurement
7d6780c7-ff8d-4075-82b7-29ec349438f1,3b6e6294-62f6-4a84-a1d4-a4ca7ec0e4d7,2026-09-07T12:15:05Z,FanDuel Sportsbook structured market feed,,VA,NFL,35610169,Tampa Bay Buccaneers @ Cincinnati Bengals,2026-09-13T17:01:00.000Z,FanDuel,751.185137868,receptions,Chris Godwin - Total Receptions,,Chris Godwin,20781116,over,3.5,-138,1.72463768115942,0.5798319327731093,open,,,2026-09-07T12:15:05Z,,,,,v3-forward-measurement
7d6780c7-ff8d-4075-82b7-29ec349438f1,a5996806-8c7c-4053-8d09-57743861ac4d,2026-09-07T12:15:05Z,FanDuel Sportsbook structured market feed,,VA,NFL,35610169,Tampa Bay Buccaneers @ Cincinnati Bengals,2026-09-13T17:01:00.000Z,FanDuel,751.185137868,receptions,Chris Godwin - Total Receptions,,Chris Godwin,20781117,under,3.5,104,2.04,0.49019607843137253,open,,,2026-09-07T12:15:05Z,,,,,v3-forward-measurement
7d6780c7-ff8d-4075-82b7-29ec349438f1,36b862ca-9331-4160-8794-fdb584801a8b,2026-09-07T12:15:05Z,FanDuel Sportsbook structured market feed,,VA,NFL,35610169,Tampa Bay Buccaneers @ Cincinnati Bengals,2026-09-13T17:01:00.000Z,FanDuel,751.183809799,receptions,Ja'Marr Chase - Total Receptions,,Ja'Marr Chase,40890769,over,7.5,116,2.16,0.46296296296296297,open,,,2026-09-07T12:15:05Z,,,,,v3-forward-measurement
7d6780c7-ff8d-4075-82b7-29ec349438f1,4ce9fd8e-1f40-4eed-83e1-bcb0aca0adca,2026-09-07T12:15:05Z,FanDuel Sportsbook structured market feed,,VA,NFL,35610169,Tampa Bay Buccaneers @ Cincinnati Bengals,2026-09-13T17:01:00.000Z,FanDuel,751.183809799,receptions,Ja'Marr Chase - Total Receptions,,Ja'Marr Chase,40890768,under,7.5,-154,1.649350649350649,0.6062992125984252,open,,,2026-09-07T12:15:05Z,,,,,v3-forward-measurement
7d6780c7-ff8d-4075-82b7-29ec349438f1,c1a0eb2b-3ed0-44d6-9487-5f68b94f243a,2026-09-07T12:15:05Z,FanDuel Sportsbook structured market feed,,VA,NFL,35610169,Tampa Bay Buccaneers @ Cincinnati Bengals,2026-09-13T17:01:00.000Z,FanDuel,751.183809810,receiving_yards,Ja'Marr Chase - Receiving Yds,,Ja'Marr Chase,40890769,over,85.5,-114,1.87719298245614,0.5327102803738317,open,,,2026-09-07T12:15:05Z,,,,,v3-forward-measurement
7d6780c7-ff8d-4075-82b7-29ec349438f1,b00ff793-0f6a-42f7-aa5f-0f7987d2c352,2026-09-07T12:15:05Z,FanDuel Sportsbook structured market feed,,VA,NFL,35610169,Tampa Bay Buccaneers @ Cincinnati Bengals,2026-09-13T17:01:00.000Z,FanDuel,751.183809810,receiving_yards,Ja'Marr Chase - Receiving Yds,,Ja'Marr Chase,40890768,under,85.5,-114,1.87719298245614,0.5327102803738317,open,,,2026-09-07T12:15:05Z,,,,,v3-forward-measurement
7d6780c7-ff8d-4075-82b7-29ec349438f1,85cef768-a42a-4222-865d-22c570cb6248,2026-09-07T12:15:05Z,FanDuel Sportsbook structured market feed,,VA,NFL,35610169,Tampa Bay Buccaneers @ Cincinnati Bengals,2026-09-13T17:01:00.000Z,FanDuel,751.184985728,receptions,Kenneth Gainwell - Total Receptions,,Kenneth Gainwell,40915793,over,3.5,116,2.16,0.46296296296296297,open,,,2026-09-07T12:15:05Z,,,,,v3-forward-measurement
7d6780c7-ff8d-4075-82b7-29ec349438f1,cc8d416e-f079-49c1-9d76-d251ddf7301a,2026-09-07T12:15:05Z,FanDuel Sportsbook structured market feed,,VA,NFL,35610169,Tampa Bay Buccaneers @ Cincinnati Bengals,2026-09-13T17:01:00.000Z,FanDuel,751.184985728,receptions,Kenneth Gainwell - Total Receptions,,Kenneth Gainwell,40915796,under,3.5,-154,1.649350649350649,0.6062992125984252,open,,,2026-09-07T12:15:05Z,,,,,v3-forward-measurement
7d6780c7-ff8d-4075-82b7-29ec349438f1,6e5c53c5-3efb-4a27-a605-672824a7f513,2026-09-07T12:15:05Z,FanDuel Sportsbook structured market feed,,VA,NFL,35610169,Tampa Bay Buccaneers @ Cincinnati Bengals,2026-09-13T17:01:00.000Z,FanDuel,751.183809794,receiving_yards,Tee Higgins - Receiving Yds,,Tee Higgins,22336746,over,60.5,-114,1.87719298245614,0.5327102803738317,open,,,2026-09-07T12:15:05Z,,,,,v3-forward-measurement
7d6780c7-ff8d-4075-82b7-29ec349438f1,81c380c4-c766-4ca8-aa0e-0ae4dd31a019,2026-09-07T12:15:05Z,FanDuel Sportsbook structured market feed,,VA,NFL,35610169,Tampa Bay Buccaneers @ Cincinnati Bengals,2026-09-13T17:01:00.000Z,FanDuel,751.183809794,receiving_yards,Tee Higgins - Receiving Yds,,Tee Higgins,22336747,under,60.5,-114,1.87719298245614,0.5327102803738317,open,,,2026-09-07T12:15:05Z,,,,,v3-forward-measurement
7d6780c7-ff8d-4075-82b7-29ec349438f1,9bd2d456-5c9c-4006-ab35-c6e685d069a7,2026-09-07T12:15:05Z,FanDuel Sportsbook structured market feed,,VA,NFL,35610169,Tampa Bay Buccaneers @ Cincinnati Bengals,2026-09-13T17:01:00.000Z,FanDuel,751.184986271,receptions,Chase Brown - Total Receptions,,Chase Brown,41072627,over,3.5,-108,1.925925925925926,0.5192307692307693,open,,,2026-09-07T12:15:05Z,,,,,v3-forward-measurement
7d6780c7-ff8d-4075-82b7-29ec349438f1,9861f0b9-c8f9-445e-b390-a56c45327a5a,2026-09-07T12:15:05Z,FanDuel Sportsbook structured market feed,,VA,NFL,35610169,Tampa Bay Buccaneers @ Cincinnati Bengals,2026-09-13T17:01:00.000Z,FanDuel,751.184986271,receptions,Chase Brown - Total Receptions,,Chase Brown,41072629,under,3.5,-122,1.819672131147541,0.5495495495495496,open,,,2026-09-07T12:15:05Z,,,,,v3-forward-measurement
7d6780c7-ff8d-4075-82b7-29ec349438f1,f28affd1-4995-4164-bd93-b6ad7fcf3beb,2026-09-07T12:15:05Z,FanDuel Sportsbook structured market feed,,VA,NFL,35610169,Tampa Bay Buccaneers @ Cincinnati Bengals,2026-09-13T17:01:00.000Z,FanDuel,751.185138171,receiving_yards,Jalen McMillan - Receiving Yds,,Jalen McMillan,41173066,over,34.5,-114,1.87719298245614,0.5327102803738317,open,,,2026-09-07T12:15:05Z,,,,,v3-forward-measurement
7d6780c7-ff8d-4075-82b7-29ec349438f1,05ca1b20-199e-4f32-8629-c935e739df60,2026-09-07T12:15:05Z,FanDuel Sportsbook structured market feed,,VA,NFL,35610169,Tampa Bay Buccaneers @ Cincinnati Bengals,2026-09-13T17:01:00.000Z,FanDuel,751.185138171,receiving_yards,Jalen McMillan - Receiving Yds,,Jalen McMillan,41173067,under,34.5,-114,1.87719298245614,0.5327102803738317,open,,,2026-09-07T12:15:05Z,,,,,v3-forward-measurement
7d6780c7-ff8d-4075-82b7-29ec349438f1,e9fb5d8a-5093-4e50-a0be-9ae0a82aad75,2026-09-07T12:15:05Z,FanDuel Sportsbook structured market feed,,VA,NFL,35610169,Tampa Bay Buccaneers @ Cincinnati Bengals,2026-09-13T17:01:00.000Z,FanDuel,751.184986575,receptions,Bucky Irving - Total Receptions,,Bucky Irving,49541847,over,2.5,144,2.44,0.4098360655737705,open,,,2026-09-07T12:15:05Z,,,,,v3-forward-measurement
7d6780c7-ff8d-4075-82b7-29ec349438f1,485bb625-9db4-4872-9b95-05b1493950a5,2026-09-07T12:15:05Z,FanDuel Sportsbook structured market feed,,VA,NFL,35610169,Tampa Bay Buccaneers @ Cincinnati Bengals,2026-09-13T17:01:00.000Z,FanDuel,751.184986575,receptions,Bucky Irving - Total Receptions,,Bucky Irving,49541845,under,2.5,-194,1.515463917525773,0.6598639455782312,open,,,2026-09-07T12:15:05Z,,,,,v3-forward-measurement
7d6780c7-ff8d-4075-82b7-29ec349438f1,7549cc18-9e9c-459f-8119-d48fd87666c2,2026-09-07T12:15:05Z,FanDuel Sportsbook structured market feed,,VA,NFL,35610169,Tampa Bay Buccaneers @ Cincinnati Bengals,2026-09-13T17:01:00.000Z,FanDuel,751.184986570,receiving_yards,Bucky Irving - Receiving Yds,,Bucky Irving,49541847,over,13.5,-114,1.87719298245614,0.5327102803738317,open,,,2026-09-07T12:15:05Z,,,,,v3-forward-measurement
7d6780c7-ff8d-4075-82b7-29ec349438f1,b7afd4de-45b4-4369-8af1-ddfc10756db4,2026-09-07T12:15:05Z,FanDuel Sportsbook structured market feed,,VA,NFL,35610169,Tampa Bay Buccaneers @ Cincinnati Bengals,2026-09-13T17:01:00.000Z,FanDuel,751.184986570,receiving_yards,Bucky Irving - Receiving Yds,,Bucky Irving,49541845,under,13.5,-114,1.87719298245614,0.5327102803738317,open,,,2026-09-07T12:15:05Z,,,,,v3-forward-measurement
7d6780c7-ff8d-4075-82b7-29ec349438f1,a931cb61-4cad-4417-bcba-593b02f1bd62,2026-09-07T12:15:05Z,FanDuel Sportsbook structured market feed,,VA,NFL,35610169,Tampa Bay Buccaneers @ Cincinnati Bengals,2026-09-13T17:01:00.000Z,FanDuel,751.184986272,receiving_yards,Chase Brown - Receiving Yds,,Chase Brown,41072627,over,23.5,-114,1.87719298245614,0.5327102803738317,open,,,2026-09-07T12:15:05Z,,,,,v3-forward-measurement
7d6780c7-ff8d-4075-82b7-29ec349438f1,9c5e9eef-b107-422a-bc97-4b30047bec65,2026-09-07T12:15:05Z,FanDuel Sportsbook structured market feed,,VA,NFL,35610169,Tampa Bay Buccaneers @ Cincinnati Bengals,2026-09-13T17:01:00.000Z,FanDuel,751.184986272,receiving_yards,Chase Brown - Receiving Yds,,Chase Brown,41072629,under,23.5,-114,1.87719298245614,0.5327102803738317,open,,,2026-09-07T12:15:05Z,,,,,v3-forward-measurement
5958344f-d84f-48e5-aa18-6d12f47e8a50,ed4ce51d-c4f0-4e84-9a5f-9cedb2135116,2026-09-07T12:15:05Z,FanDuel Sportsbook structured market feed,,VA,NFL,35610170,Arizona Cardinals @ Los Angeles Chargers,2026-09-13T20:26:00.000Z,FanDuel,751.183978018,passing_yards,Jacoby Brissett - Passing Yds,,Jacoby Brissett,14942497,over,221.5,-114,1.87719298245614,0.5327102803738317,open,,,2026-09-07T12:15:05Z,,,,,v3-forward-measurement
5958344f-d84f-48e5-aa18-6d12f47e8a50,2abb2ffb-cbbe-4145-98c0-fe2b36eb7d58,2026-09-07T12:15:05Z,FanDuel Sportsbook structured market feed,,VA,NFL,35610170,Arizona Cardinals @ Los Angeles Chargers,2026-09-13T20:26:00.000Z,FanDuel,751.183978018,passing_yards,Jacoby Brissett - Passing Yds,,Jacoby Brissett,14942498,under,221.5,-114,1.87719298245614,0.5327102803738317,open,,,2026-09-07T12:15:05Z,,,,,v3-forward-measurement
5958344f-d84f-48e5-aa18-6d12f47e8a50,81f9d7f1-a62e-456c-85bd-31cbea69ce85,2026-09-07T12:15:05Z,FanDuel Sportsbook structured market feed,,VA,NFL,35610170,Arizona Cardinals @ Los Angeles Chargers,2026-09-13T20:26:00.000Z,FanDuel,751.183978078,passing_touchdowns,Justin Herbert - Passing TDs,,Justin Herbert,36175559,over,1.5,-220,1.454545454545455,0.6875,open,,,2026-09-07T12:15:05Z,,,,,v3-forward-measurement
5958344f-d84f-48e5-aa18-6d12f47e8a50,fab41d41-3df2-4b7c-84c5-6eb942ed2d4c,2026-09-07T12:15:05Z,FanDuel Sportsbook structured market feed,,VA,NFL,35610170,Arizona Cardinals @ Los Angeles Chargers,2026-09-13T20:26:00.000Z,FanDuel,751.183978078,passing_touchdowns,Justin Herbert - Passing TDs,,Justin Herbert,36175560,under,1.5,162,2.62,0.3816793893129771,open,,,2026-09-07T12:15:05Z,,,,,v3-forward-measurement
5958344f-d84f-48e5-aa18-6d12f47e8a50,f53601da-573c-44aa-a4c2-e68d95f7083f,2026-09-07T12:15:05Z,FanDuel Sportsbook structured market feed,,VA,NFL,35610170,Arizona Cardinals @ Los Angeles Chargers,2026-09-13T20:26:00.000Z,FanDuel,751.183977990,passing_yards,Justin Herbert - Passing Yds,,Justin Herbert,36175559,over,233.5,-114,1.87719298245614,0.5327102803738317,open,,,2026-09-07T12:15:05Z,,,,,v3-forward-measurement
5958344f-d84f-48e5-aa18-6d12f47e8a50,3e2d654c-048c-49eb-b5ec-13b25f13f604,2026-09-07T12:15:05Z,FanDuel Sportsbook structured market feed,,VA,NFL,35610170,Arizona Cardinals @ Los Angeles Chargers,2026-09-13T20:26:00.000Z,FanDuel,751.183977990,passing_yards,Justin Herbert - Passing Yds,,Justin Herbert,36175560,under,233.5,-114,1.87719298245614,0.5327102803738317,open,,,2026-09-07T12:15:05Z,,,,,v3-forward-measurement
5958344f-d84f-48e5-aa18-6d12f47e8a50,d4ba3aac-de32-498e-a5ca-a8943a79bfe0,2026-09-07T12:15:05Z,FanDuel Sportsbook structured market feed,,VA,NFL,35610170,Arizona Cardinals @ Los Angeles Chargers,2026-09-13T20:26:00.000Z,FanDuel,751.183978037,passing_touchdowns,Jacoby Brissett - Passing TDs,,Jacoby Brissett,14942497,over,1.5,154,2.54,0.3937007874015748,open,,,2026-09-07T12:15:05Z,,,,,v3-forward-measurement
5958344f-d84f-48e5-aa18-6d12f47e8a50,8e466ec1-4d27-4bec-9ee6-ab4e638dd4dc,2026-09-07T12:15:05Z,FanDuel Sportsbook structured market feed,,VA,NFL,35610170,Arizona Cardinals @ Los Angeles Chargers,2026-09-13T20:26:00.000Z,FanDuel,751.183978037,passing_touchdowns,Jacoby Brissett - Passing TDs,,Jacoby Brissett,14942498,under,1.5,-210,1.476190476190476,0.6774193548387096,open,,,2026-09-07T12:15:05Z,,,,,v3-forward-measurement
a026bfe7-c123-4431-a256-df4b7f0ba49b,dff45795-82ab-4bfd-836b-be5c4078a6ae,2026-09-07T12:15:05Z,FanDuel Sportsbook structured market feed,,VA,NFL,35610170,Arizona Cardinals @ Los Angeles Chargers,2026-09-13T20:26:00.000Z,FanDuel,751.185191462,rushing_yards,Jacoby Brissett - Rushing Yds,,Jacoby Brissett,14942497,over,10.5,-114,1.87719298245614,0.5327102803738317,open,,,2026-09-07T12:15:05Z,,,,,v3-forward-measurement
a026bfe7-c123-4431-a256-df4b7f0ba49b,1ac18ab6-77df-42ba-a577-e23fd2277592,2026-09-07T12:15:05Z,FanDuel Sportsbook structured market feed,,VA,NFL,35610170,Arizona Cardinals @ Los Angeles Chargers,2026-09-13T20:26:00.000Z,FanDuel,751.185191462,rushing_yards,Jacoby Brissett - Rushing Yds,,Jacoby Brissett,14942498,under,10.5,-114,1.87719298245614,0.5327102803738317,open,,,2026-09-07T12:15:05Z,,,,,v3-forward-measurement
a026bfe7-c123-4431-a256-df4b7f0ba49b,15296680-f3f3-4d0a-a4cc-e16e88340028,2026-09-07T12:15:05Z,FanDuel Sportsbook structured market feed,,VA,NFL,35610170,Arizona Cardinals @ Los Angeles Chargers,2026-09-13T20:26:00.000Z,FanDuel,751.185136845,rushing_yards,Justin Herbert - Rushing Yds,,Justin Herbert,36175559,over,19.5,-114,1.87719298245614,0.5327102803738317,open,,,2026-09-07T12:15:05Z,,,,,v3-forward-measurement
a026bfe7-c123-4431-a256-df4b7f0ba49b,0267b940-a621-4a39-981f-374612dccd92,2026-09-07T12:15:05Z,FanDuel Sportsbook structured market feed,,VA,NFL,35610170,Arizona Cardinals @ Los Angeles Chargers,2026-09-13T20:26:00.000Z,FanDuel,751.185136845,rushing_yards,Justin Herbert - Rushing Yds,,Justin Herbert,36175560,under,19.5,-114,1.87719298245614,0.5327102803738317,open,,,2026-09-07T12:15:05Z,,,,,v3-forward-measurement
a026bfe7-c123-4431-a256-df4b7f0ba49b,58ee771c-e8af-43b7-9c10-36e47c5004a3,2026-09-07T12:15:05Z,FanDuel Sportsbook structured market feed,,VA,NFL,35610170,Arizona Cardinals @ Los Angeles Chargers,2026-09-13T20:26:00.000Z,FanDuel,751.183978255,rushing_yards,Omarion Hampton - Rushing Yds,,Omarion Hampton,48691362,over,65.5,-114,1.87719298245614,0.5327102803738317,open,,,2026-09-07T12:15:05Z,,,,,v3-forward-measurement
a026bfe7-c123-4431-a256-df4b7f0ba49b,f8a92dd5-fe92-4e4a-b48c-5889011a0aa5,2026-09-07T12:15:05Z,FanDuel Sportsbook structured market feed,,VA,NFL,35610170,Arizona Cardinals @ Los Angeles Chargers,2026-09-13T20:26:00.000Z,FanDuel,751.183978255,rushing_yards,Omarion Hampton - Rushing Yds,,Omarion Hampton,48691363,under,65.5,-114,1.87719298245614,0.5327102803738317,open,,,2026-09-07T12:15:05Z,,,,,v3-forward-measurement
35371a3c-4cfb-4f7b-a5c1-b4c7886e2e25,88043f32-d284-4d23-9f19-c680712e7f75,2026-09-07T12:15:05Z,FanDuel Sportsbook structured market feed,,VA,NFL,35610170,Arizona Cardinals @ Los Angeles Chargers,2026-09-13T20:26:00.000Z,FanDuel,751.183981549,receptions,Michael Wilson - Total Receptions,,Michael Wilson,48289067,over,3.5,-122,1.819672131147541,0.5495495495495496,open,,,2026-09-07T12:15:05Z,,,,,v3-forward-measurement
35371a3c-4cfb-4f7b-a5c1-b4c7886e2e25,a0a0477a-bfae-4c9e-93ab-2050eb36959a,2026-09-07T12:15:05Z,FanDuel Sportsbook structured market feed,,VA,NFL,35610170,Arizona Cardinals @ Los Angeles Chargers,2026-09-13T20:26:00.000Z,FanDuel,751.183981549,receptions,Michael Wilson - Total Receptions,,Michael Wilson,48289068,under,3.5,-108,1.925925925925926,0.5192307692307693,open,,,2026-09-07T12:15:05Z,,,,,v3-forward-measurement
35371a3c-4cfb-4f7b-a5c1-b4c7886e2e25,9b39a9f3-4eb9-46d2-aded-4c0ff937bd5b,2026-09-07T12:15:05Z,FanDuel Sportsbook structured market feed,,VA,NFL,35610170,Arizona Cardinals @ Los Angeles Chargers,2026-09-13T20:26:00.000Z,FanDuel,751.183981327,receiving_yards,Trey McBride - Receiving Yds,,Trey McBride,48613596,over,56.5,-114,1.87719298245614,0.5327102803738317,open,,,2026-09-07T12:15:05Z,,,,,v3-forward-measurement
35371a3c-4cfb-4f7b-a5c1-b4c7886e2e25,16007376-88c2-4edc-baa6-e62b47cbd327,2026-09-07T12:15:05Z,FanDuel Sportsbook structured market feed,,VA,NFL,35610170,Arizona Cardinals @ Los Angeles Chargers,2026-09-13T20:26:00.000Z,FanDuel,751.183981327,receiving_yards,Trey McBride - Receiving Yds,,Trey McBride,48613594,under,56.5,-114,1.87719298245614,0.5327102803738317,open,,,2026-09-07T12:15:05Z,,,,,v3-forward-measurement
35371a3c-4cfb-4f7b-a5c1-b4c7886e2e25,c1465612-46a9-4d71-89d8-fe30ffb5a4f3,2026-09-07T12:15:05Z,FanDuel Sportsbook structured market feed,,VA,NFL,35610170,Arizona Cardinals @ Los Angeles Chargers,2026-09-13T20:26:00.000Z,FanDuel,751.183981546,receiving_yards,Michael Wilson - Receiving Yds,,Michael Wilson,48289067,over,41.5,-114,1.87719298245614,0.5327102803738317,open,,,2026-09-07T12:15:05Z,,,,,v3-forward-measurement
35371a3c-4cfb-4f7b-a5c1-b4c7886e2e25,f2cf9b86-30de-45b2-b927-a78cff8cc403,2026-09-07T12:15:05Z,FanDuel Sportsbook structured market feed,,VA,NFL,35610170,Arizona Cardinals @ Los Angeles Chargers,2026-09-13T20:26:00.000Z,FanDuel,751.183981546,receiving_yards,Michael Wilson - Receiving Yds,,Michael Wilson,48289068,under,41.5,-114,1.87719298245614,0.5327102803738317,open,,,2026-09-07T12:15:05Z,,,,,v3-forward-measurement
35371a3c-4cfb-4f7b-a5c1-b4c7886e2e25,1e1b1cd1-b198-4878-a8a6-941dbbe0ce14,2026-09-07T12:15:05Z,FanDuel Sportsbook structured market feed,,VA,NFL,35610170,Arizona Cardinals @ Los Angeles Chargers,2026-09-13T20:26:00.000Z,FanDuel,751.183980596,receptions,Tre Harris - Total Receptions,,Tre Harris,48012110,over,2.5,-102,1.980392156862745,0.504950495049505,open,,,2026-09-07T12:15:05Z,,,,,v3-forward-measurement
35371a3c-4cfb-4f7b-a5c1-b4c7886e2e25,c0813fcc-46ad-47df-bd01-012cc8912c87,2026-09-07T12:15:05Z,FanDuel Sportsbook structured market feed,,VA,NFL,35610170,Arizona Cardinals @ Los Angeles Chargers,2026-09-13T20:26:00.000Z,FanDuel,751.183980596,receptions,Tre Harris - Total Receptions,,Tre Harris,48012111,under,2.5,-130,1.769230769230769,0.5652173913043478,open,,,2026-09-07T12:15:05Z,,,,,v3-forward-measurement
35371a3c-4cfb-4f7b-a5c1-b4c7886e2e25,df20117e-11c3-4331-8116-211fc5eca85d,2026-09-07T12:15:05Z,FanDuel Sportsbook structured market feed,,VA,NFL,35610170,Arizona Cardinals @ Los Angeles Chargers,2026-09-13T20:26:00.000Z,FanDuel,751.183980199,receiving_yards,Quentin Johnston - Receiving Yds,,Quentin Johnston,41161053,over,42.5,-114,1.87719298245614,0.5327102803738317,open,,,2026-09-07T12:15:05Z,,,,,v3-forward-measurement
35371a3c-4cfb-4f7b-a5c1-b4c7886e2e25,b350f8da-4ff1-499c-9e11-3faf9c66c3ad,2026-09-07T12:15:05Z,FanDuel Sportsbook structured market feed,,VA,NFL,35610170,Arizona Cardinals @ Los Angeles Chargers,2026-09-13T20:26:00.000Z,FanDuel,751.183980199,receiving_yards,Quentin Johnston - Receiving Yds,,Quentin Johnston,41161054,under,42.5,-114,1.87719298245614,0.5327102803738317,open,,,2026-09-07T12:15:05Z,,,,,v3-forward-measurement
35371a3c-4cfb-4f7b-a5c1-b4c7886e2e25,8a221570-cbaf-4a6f-9d4d-7052ed592b3c,2026-09-07T12:15:05Z,FanDuel Sportsbook structured market feed,,VA,NFL,35610170,Arizona Cardinals @ Los Angeles Chargers,2026-09-13T20:26:00.000Z,FanDuel,751.183981330,receptions,Trey McBride - Total Receptions,,Trey McBride,48613596,over,6.5,116,2.16,0.46296296296296297,open,,,2026-09-07T12:15:05Z,,,,,v3-forward-measurement
35371a3c-4cfb-4f7b-a5c1-b4c7886e2e25,0d11b43f-422b-425b-9d13-4da9fece394e,2026-09-07T12:15:05Z,FanDuel Sportsbook structured market feed,,VA,NFL,35610170,Arizona Cardinals @ Los Angeles Chargers,2026-09-13T20:26:00.000Z,FanDuel,751.183981330,receptions,Trey McBride - Total Receptions,,Trey McBride,48613594,under,6.5,-154,1.649350649350649,0.6062992125984252,open,,,2026-09-07T12:15:05Z,,,,,v3-forward-measurement
35371a3c-4cfb-4f7b-a5c1-b4c7886e2e25,4cdd2711-6ecc-4ac3-9763-3132d42f5bd2,2026-09-07T12:15:05Z,FanDuel Sportsbook structured market feed,,VA,NFL,35610170,Arizona Cardinals @ Los Angeles Chargers,2026-09-13T20:26:00.000Z,FanDuel,751.185141305,receptions,Omarion Hampton - Total Receptions,,Omarion Hampton,48691362,over,2.5,124,2.24,0.44642857142857145,open,,,2026-09-07T12:15:05Z,,,,,v3-forward-measurement
35371a3c-4cfb-4f7b-a5c1-b4c7886e2e25,d5969d2a-82d5-44fb-8575-1c586f37213e,2026-09-07T12:15:05Z,FanDuel Sportsbook structured market feed,,VA,NFL,35610170,Arizona Cardinals @ Los Angeles Chargers,2026-09-13T20:26:00.000Z,FanDuel,751.185141305,receptions,Omarion Hampton - Total Receptions,,Omarion Hampton,48691363,under,2.5,-166,1.602409638554217,0.6240601503759399,open,,,2026-09-07T12:15:05Z,,,,,v3-forward-measurement
35371a3c-4cfb-4f7b-a5c1-b4c7886e2e25,f2f8eebf-e35d-4370-963f-86f406b1b596,2026-09-07T12:15:05Z,FanDuel Sportsbook structured market feed,,VA,NFL,35610170,Arizona Cardinals @ Los Angeles Chargers,2026-09-13T20:26:00.000Z,FanDuel,751.185141300,receiving_yards,Omarion Hampton - Receiving Yds,,Omarion Hampton,48691362,over,12.5,-114,1.87719298245614,0.5327102803738317,open,,,2026-09-07T12:15:05Z,,,,,v3-forward-measurement
35371a3c-4cfb-4f7b-a5c1-b4c7886e2e25,46e2347a-8a71-45e3-be6a-e3869f202c38,2026-09-07T12:15:05Z,FanDuel Sportsbook structured market feed,,VA,NFL,35610170,Arizona Cardinals @ Los Angeles Chargers,2026-09-13T20:26:00.000Z,FanDuel,751.185141300,receiving_yards,Omarion Hampton - Receiving Yds,,Omarion Hampton,48691363,under,12.5,-114,1.87719298245614,0.5327102803738317,open,,,2026-09-07T12:15:05Z,,,,,v3-forward-measurement
35371a3c-4cfb-4f7b-a5c1-b4c7886e2e25,163ea7d2-320a-428b-a638-78e1e6f448d1,2026-09-07T12:15:05Z,FanDuel Sportsbook structured market feed,,VA,NFL,35610170,Arizona Cardinals @ Los Angeles Chargers,2026-09-13T20:26:00.000Z,FanDuel,751.185145960,receiving_yards,Charlie Kolar - Receiving Yds,,Charlie Kolar,41075122,over,16.5,-114,1.87719298245614,0.5327102803738317,open,,,2026-09-07T12:15:05Z,,,,,v3-forward-measurement
35371a3c-4cfb-4f7b-a5c1-b4c7886e2e25,c1875cd5-57ba-49d1-af69-a17fc6d3a55b,2026-09-07T12:15:05Z,FanDuel Sportsbook structured market feed,,VA,NFL,35610170,Arizona Cardinals @ Los Angeles Chargers,2026-09-13T20:26:00.000Z,FanDuel,751.185145960,receiving_yards,Charlie Kolar - Receiving Yds,,Charlie Kolar,41075124,under,16.5,-114,1.87719298245614,0.5327102803738317,open,,,2026-09-07T12:15:05Z,,,,,v3-forward-measurement
35371a3c-4cfb-4f7b-a5c1-b4c7886e2e25,23e58474-ce24-404e-8f3e-6c00b1ef8e7d,2026-09-07T12:15:05Z,FanDuel Sportsbook structured market feed,,VA,NFL,35610170,Arizona Cardinals @ Los Angeles Chargers,2026-09-13T20:26:00.000Z,FanDuel,751.185145961,receptions,Charlie Kolar - Total Receptions,,Charlie Kolar,41075122,over,1.5,-162,1.617283950617284,0.6183206106870229,open,,,2026-09-07T12:15:05Z,,,,,v3-forward-measurement
35371a3c-4cfb-4f7b-a5c1-b4c7886e2e25,4433d038-cade-41d7-b433-0a3d3e493051,2026-09-07T12:15:05Z,FanDuel Sportsbook structured market feed,,VA,NFL,35610170,Arizona Cardinals @ Los Angeles Chargers,2026-09-13T20:26:00.000Z,FanDuel,751.185145961,receptions,Charlie Kolar - Total Receptions,,Charlie Kolar,41075124,under,1.5,122,2.22,0.45045045045045046,open,,,2026-09-07T12:15:05Z,,,,,v3-forward-measurement
35371a3c-4cfb-4f7b-a5c1-b4c7886e2e25,d0f968bd-4177-437e-9ce4-11b1e35378bb,2026-09-07T12:15:05Z,FanDuel Sportsbook structured market feed,,VA,NFL,35610170,Arizona Cardinals @ Los Angeles Chargers,2026-09-13T20:26:00.000Z,FanDuel,751.183980009,receptions,Ladd McConkey - Total Receptions,,Ladd McConkey,42217173,over,4.5,-102,1.980392156862745,0.504950495049505,open,,,2026-09-07T12:15:05Z,,,,,v3-forward-measurement
35371a3c-4cfb-4f7b-a5c1-b4c7886e2e25,105971cc-29bd-42a0-bde7-f3a598baf08f,2026-09-07T12:15:05Z,FanDuel Sportsbook structured market feed,,VA,NFL,35610170,Arizona Cardinals @ Los Angeles Chargers,2026-09-13T20:26:00.000Z,FanDuel,751.183980009,receptions,Ladd McConkey - Total Receptions,,Ladd McConkey,42217172,under,4.5,-130,1.769230769230769,0.5652173913043478,open,,,2026-09-07T12:15:05Z,,,,,v3-forward-measurement
35371a3c-4cfb-4f7b-a5c1-b4c7886e2e25,7d254776-5f3f-4ded-b547-68ef69eabdb2,2026-09-07T12:15:05Z,FanDuel Sportsbook structured market feed,,VA,NFL,35610170,Arizona Cardinals @ Los Angeles Chargers,2026-09-13T20:26:00.000Z,FanDuel,751.183981338,receiving_yards,Marvin Harrison Jr. - Receiving Yds,,Marvin Harrison Jr.,48048067,over,48.5,-114,1.87719298245614,0.5327102803738317,open,,,2026-09-07T12:15:05Z,,,,,v3-forward-measurement
35371a3c-4cfb-4f7b-a5c1-b4c7886e2e25,573f728c-f0cb-4792-beba-3ea167706f35,2026-09-07T12:15:05Z,FanDuel Sportsbook structured market feed,,VA,NFL,35610170,Arizona Cardinals @ Los Angeles Chargers,2026-09-13T20:26:00.000Z,FanDuel,751.183981338,receiving_yards,Marvin Harrison Jr. - Receiving Yds,,Marvin Harrison Jr.,48048065,under,48.5,-114,1.87719298245614,0.5327102803738317,open,,,2026-09-07T12:15:05Z,,,,,v3-forward-measurement
35371a3c-4cfb-4f7b-a5c1-b4c7886e2e25,b9161af7-d609-4b48-b7fc-9f7e7f05fcd0,2026-09-07T12:15:05Z,FanDuel Sportsbook structured market feed,,VA,NFL,35610170,Arizona Cardinals @ Los Angeles Chargers,2026-09-13T20:26:00.000Z,FanDuel,751.183980600,receiving_yards,Tre Harris - Receiving Yds,,Tre Harris,48012110,over,26.5,-114,1.87719298245614,0.5327102803738317,open,,,2026-09-07T12:15:05Z,,,,,v3-forward-measurement
35371a3c-4cfb-4f7b-a5c1-b4c7886e2e25,b7a9797b-597c-43c3-8273-dd381a97cf7b,2026-09-07T12:15:05Z,FanDuel Sportsbook structured market feed,,VA,NFL,35610170,Arizona Cardinals @ Los Angeles Chargers,2026-09-13T20:26:00.000Z,FanDuel,751.183980600,receiving_yards,Tre Harris - Receiving Yds,,Tre Harris,48012111,under,26.5,-114,1.87719298245614,0.5327102803738317,open,,,2026-09-07T12:15:05Z,,,,,v3-forward-measurement
35371a3c-4cfb-4f7b-a5c1-b4c7886e2e25,10172777-cc51-4a82-befc-b50013a89e27,2026-09-07T12:15:05Z,FanDuel Sportsbook structured market feed,,VA,NFL,35610170,Arizona Cardinals @ Los Angeles Chargers,2026-09-13T20:26:00.000Z,FanDuel,751.183981337,receptions,Marvin Harrison Jr. - Total Receptions,,Marvin Harrison Jr.,48048067,over,3.5,-172,1.581395348837209,0.6323529411764706,open,,,2026-09-07T12:15:05Z,,,,,v3-forward-measurement
35371a3c-4cfb-4f7b-a5c1-b4c7886e2e25,57e56ba2-a907-4255-b3a1-630f5c01c665,2026-09-07T12:15:05Z,FanDuel Sportsbook structured market feed,,VA,NFL,35610170,Arizona Cardinals @ Los Angeles Chargers,2026-09-13T20:26:00.000Z,FanDuel,751.183981337,receptions,Marvin Harrison Jr. - Total Receptions,,Marvin Harrison Jr.,48048065,under,3.5,128,2.28,0.43859649122807015,open,,,2026-09-07T12:15:05Z,,,,,v3-forward-measurement
35371a3c-4cfb-4f7b-a5c1-b4c7886e2e25,ae97131a-9b2f-4c16-a65d-8d6110997034,2026-09-07T12:15:05Z,FanDuel Sportsbook structured market feed,,VA,NFL,35610170,Arizona Cardinals @ Los Angeles Chargers,2026-09-13T20:26:00.000Z,FanDuel,751.183980004,receiving_yards,Ladd McConkey - Receiving Yds,,Ladd McConkey,42217173,over,50.5,-114,1.87719298245614,0.5327102803738317,open,,,2026-09-07T12:15:05Z,,,,,v3-forward-measurement
35371a3c-4cfb-4f7b-a5c1-b4c7886e2e25,9e28717f-0c81-4b59-bc7b-914c07c69f96,2026-09-07T12:15:05Z,FanDuel Sportsbook structured market feed,,VA,NFL,35610170,Arizona Cardinals @ Los Angeles Chargers,2026-09-13T20:26:00.000Z,FanDuel,751.183980004,receiving_yards,Ladd McConkey - Receiving Yds,,Ladd McConkey,42217172,under,50.5,-114,1.87719298245614,0.5327102803738317,open,,,2026-09-07T12:15:05Z,,,,,v3-forward-measurement
35371a3c-4cfb-4f7b-a5c1-b4c7886e2e25,461f7dfc-dd10-476a-9852-4e4ace62438c,2026-09-07T12:15:05Z,FanDuel Sportsbook structured market feed,,VA,NFL,35610170,Arizona Cardinals @ Los Angeles Chargers,2026-09-13T20:26:00.000Z,FanDuel,751.183980203,receptions,Quentin Johnston - Total Receptions,,Quentin Johnston,41161053,over,3.5,116,2.16,0.46296296296296297,open,,,2026-09-07T12:15:05Z,,,,,v3-forward-measurement
35371a3c-4cfb-4f7b-a5c1-b4c7886e2e25,1af8ea71-09c6-47fd-b737-47c172fe9e44,2026-09-07T12:15:05Z,FanDuel Sportsbook structured market feed,,VA,NFL,35610170,Arizona Cardinals @ Los Angeles Chargers,2026-09-13T20:26:00.000Z,FanDuel,751.183980203,receptions,Quentin Johnston - Total Receptions,,Quentin Johnston,41161054,under,3.5,-154,1.649350649350649,0.6062992125984252,open,,,2026-09-07T12:15:05Z,,,,,v3-forward-measurement
fd228608-c1df-43d3-8662-31deac0faaf8,f1334448-5f1b-4fe6-9936-3134b63e3387,2026-09-07T12:15:05Z,FanDuel Sportsbook structured market feed,,VA,NFL,35610171,Green Bay Packers @ Minnesota Vikings,2026-09-13T20:25:00.000Z,FanDuel,751.183656583,passing_yards,Kyler Murray - Passing Yds,,Kyler Murray,25938060,over,221.5,-114,1.87719298245614,0.5327102803738317,open,,,2026-09-07T12:15:05Z,,,,,v3-forward-measurement
fd228608-c1df-43d3-8662-31deac0faaf8,e5332132-d901-4419-b877-1290e2b9287e,2026-09-07T12:15:05Z,FanDuel Sportsbook structured market feed,,VA,NFL,35610171,Green Bay Packers @ Minnesota Vikings,2026-09-13T20:25:00.000Z,FanDuel,751.183656583,passing_yards,Kyler Murray - Passing Yds,,Kyler Murray,25938061,under,221.5,-114,1.87719298245614,0.5327102803738317,open,,,2026-09-07T12:15:05Z,,,,,v3-forward-measurement
fd228608-c1df-43d3-8662-31deac0faaf8,52dd3058-717b-4a21-bd43-0973e9d47797,2026-09-07T12:15:05Z,FanDuel Sportsbook structured market feed,,VA,NFL,35610171,Green Bay Packers @ Minnesota Vikings,2026-09-13T20:25:00.000Z,FanDuel,751.183656650,passing_touchdowns,Jordan Love - Passing TDs,,Jordan Love,40916512,over,1.5,104,2.04,0.49019607843137253,open,,,2026-09-07T12:15:05Z,,,,,v3-forward-measurement
fd228608-c1df-43d3-8662-31deac0faaf8,bcef276c-755b-4ede-a8d6-4509a5342472,2026-09-07T12:15:05Z,FanDuel Sportsbook structured market feed,,VA,NFL,35610171,Green Bay Packers @ Minnesota Vikings,2026-09-13T20:25:00.000Z,FanDuel,751.183656650,passing_touchdowns,Jordan Love - Passing TDs,,Jordan Love,40916527,under,1.5,-138,1.72463768115942,0.5798319327731093,open,,,2026-09-07T12:15:05Z,,,,,v3-forward-measurement
fd228608-c1df-43d3-8662-31deac0faaf8,0ffa3620-c50b-47a0-bbb5-b3137ac4f39e,2026-09-07T12:15:05Z,FanDuel Sportsbook structured market feed,,VA,NFL,35610171,Green Bay Packers @ Minnesota Vikings,2026-09-13T20:25:00.000Z,FanDuel,751.183656664,passing_touchdowns,Kyler Murray - Passing TDs,,Kyler Murray,25938060,over,1.5,114,2.14,0.4672897196261682,open,,,2026-09-07T12:15:05Z,,,,,v3-forward-measurement
fd228608-c1df-43d3-8662-31deac0faaf8,91167997-5d3c-4ed5-9cfa-9c7bb0996312,2026-09-07T12:15:05Z,FanDuel Sportsbook structured market feed,,VA,NFL,35610171,Green Bay Packers @ Minnesota Vikings,2026-09-13T20:25:00.000Z,FanDuel,751.183656664,passing_touchdowns,Kyler Murray - Passing TDs,,Kyler Murray,25938061,under,1.5,-152,1.657894736842105,0.6031746031746031,open,,,2026-09-07T12:15:05Z,,,,,v3-forward-measurement
fd228608-c1df-43d3-8662-31deac0faaf8,dfcdda18-9a89-4523-99a0-c03de3e1266f,2026-09-07T12:15:05Z,FanDuel Sportsbook structured market feed,,VA,NFL,35610171,Green Bay Packers @ Minnesota Vikings,2026-09-13T20:25:00.000Z,FanDuel,751.183656679,passing_yards,Jordan Love - Passing Yds,,Jordan Love,40916512,over,238.5,-114,1.87719298245614,0.5327102803738317,open,,,2026-09-07T12:15:05Z,,,,,v3-forward-measurement
fd228608-c1df-43d3-8662-31deac0faaf8,4264b0e2-e8ed-42ff-a19e-a6fb94dd711c,2026-09-07T12:15:05Z,FanDuel Sportsbook structured market feed,,VA,NFL,35610171,Green Bay Packers @ Minnesota Vikings,2026-09-13T20:25:00.000Z,FanDuel,751.183656679,passing_yards,Jordan Love - Passing Yds,,Jordan Love,40916527,under,238.5,-114,1.87719298245614,0.5327102803738317,open,,,2026-09-07T12:15:05Z,,,,,v3-forward-measurement
81e5a9a1-d8f6-4adf-aba9-6e929ec3e7ed,56a5e068-6764-44b7-a7de-c0f664aef60f,2026-09-07T12:15:05Z,FanDuel Sportsbook structured market feed,,VA,NFL,35610171,Green Bay Packers @ Minnesota Vikings,2026-09-13T20:25:00.000Z,FanDuel,751.183658211,rushing_yards,Jordan Mason - Rushing Yds,,Jordan Mason,48820678,over,43.5,-114,1.87719298245614,0.5327102803738317,open,,,2026-09-07T12:15:05Z,,,,,v3-forward-measurement
81e5a9a1-d8f6-4adf-aba9-6e929ec3e7ed,5887476f-18fb-42e2-8197-f7a6ac8c2267,2026-09-07T12:15:05Z,FanDuel Sportsbook structured market feed,,VA,NFL,35610171,Green Bay Packers @ Minnesota Vikings,2026-09-13T20:25:00.000Z,FanDuel,751.183658211,rushing_yards,Jordan Mason - Rushing Yds,,Jordan Mason,48820677,under,43.5,-114,1.87719298245614,0.5327102803738317,open,,,2026-09-07T12:15:05Z,,,,,v3-forward-measurement
81e5a9a1-d8f6-4adf-aba9-6e929ec3e7ed,a2ecf8b9-c666-48f5-be96-09951cb64b84,2026-09-07T12:15:05Z,FanDuel Sportsbook structured market feed,,VA,NFL,35610171,Green Bay Packers @ Minnesota Vikings,2026-09-13T20:25:00.000Z,FanDuel,751.183658226,rushing_yards,Kyler Murray - Rushing Yds,,Kyler Murray,25938060,over,22.5,-114,1.87719298245614,0.5327102803738317,open,,,2026-09-07T12:15:05Z,,,,,v3-forward-measurement
81e5a9a1-d8f6-4adf-aba9-6e929ec3e7ed,87e391c5-cb32-4dc8-87ce-8e6e1953207b,2026-09-07T12:15:05Z,FanDuel Sportsbook structured market feed,,VA,NFL,35610171,Green Bay Packers @ Minnesota Vikings,2026-09-13T20:25:00.000Z,FanDuel,751.183658226,rushing_yards,Kyler Murray - Rushing Yds,,Kyler Murray,25938061,under,22.5,-114,1.87719298245614,0.5327102803738317,open,,,2026-09-07T12:15:05Z,,,,,v3-forward-measurement
81e5a9a1-d8f6-4adf-aba9-6e929ec3e7ed,bda4d940-e970-401d-8fb7-06aea2393155,2026-09-07T12:15:05Z,FanDuel Sportsbook structured market feed,,VA,NFL,35610171,Green Bay Packers @ Minnesota Vikings,2026-09-13T20:25:00.000Z,FanDuel,751.183658229,rushing_yards,Jordan Love - Rushing Yds,,Jordan Love,40916512,over,10.5,-114,1.87719298245614,0.5327102803738317,open,,,2026-09-07T12:15:05Z,,,,,v3-forward-measurement
81e5a9a1-d8f6-4adf-aba9-6e929ec3e7ed,1e0704ea-15c4-40cc-89c0-a7a7a776a83f,2026-09-07T12:15:05Z,FanDuel Sportsbook structured market feed,,VA,NFL,35610171,Green Bay Packers @ Minnesota Vikings,2026-09-13T20:25:00.000Z,FanDuel,751.183658229,rushing_yards,Jordan Love - Rushing Yds,,Jordan Love,40916527,under,10.5,-114,1.87719298245614,0.5327102803738317,open,,,2026-09-07T12:15:05Z,,,,,v3-forward-measurement
81e5a9a1-d8f6-4adf-aba9-6e929ec3e7ed,621d7d00-3ff4-4b42-a582-6f3f686074be,2026-09-07T12:15:05Z,FanDuel Sportsbook structured market feed,,VA,NFL,35610171,Green Bay Packers @ Minnesota Vikings,2026-09-13T20:25:00.000Z,FanDuel,751.183902562,rushing_yards,MarShawn Lloyd - Rushing Yds,,MarShawn Lloyd,48300723,over,50.5,-114,1.87719298245614,0.5327102803738317,open,,,2026-09-07T12:15:05Z,,,,,v3-forward-measurement
81e5a9a1-d8f6-4adf-aba9-6e929ec3e7ed,3b05e0cf-afc3-44c8-84b9-df924823431b,2026-09-07T12:15:05Z,FanDuel Sportsbook structured market feed,,VA,NFL,35610171,Green Bay Packers @ Minnesota Vikings,2026-09-13T20:25:00.000Z,FanDuel,751.183902562,rushing_yards,MarShawn Lloyd - Rushing Yds,,MarShawn Lloyd,48300722,under,50.5,-114,1.87719298245614,0.5327102803738317,open,,,2026-09-07T12:15:05Z,,,,,v3-forward-measurement
81e5a9a1-d8f6-4adf-aba9-6e929ec3e7ed,6af9b881-baa9-41c4-bbc1-1df8920e7a39,2026-09-07T12:15:05Z,FanDuel Sportsbook structured market feed,,VA,NFL,35610171,Green Bay Packers @ Minnesota Vikings,2026-09-13T20:25:00.000Z,FanDuel,751.183658228,rushing_yards,Aaron Jones - Rushing Yds,,Aaron Jones,15353380,over,29.5,-114,1.87719298245614,0.5327102803738317,open,,,2026-09-07T12:15:05Z,,,,,v3-forward-measurement
81e5a9a1-d8f6-4adf-aba9-6e929ec3e7ed,08e39294-0f26-487e-950c-746ff466f556,2026-09-07T12:15:05Z,FanDuel Sportsbook structured market feed,,VA,NFL,35610171,Green Bay Packers @ Minnesota Vikings,2026-09-13T20:25:00.000Z,FanDuel,751.183658228,rushing_yards,Aaron Jones - Rushing Yds,,Aaron Jones,15353381,under,29.5,-114,1.87719298245614,0.5327102803738317,open,,,2026-09-07T12:15:05Z,,,,,v3-forward-measurement
74742ef1-aac3-41ab-be7b-86306ab6537c,2a9be1ec-ea2c-49cd-9727-7d6e5abe29d2,2026-09-07T12:15:05Z,FanDuel Sportsbook structured market feed,,VA,NFL,35610171,Green Bay Packers @ Minnesota Vikings,2026-09-13T20:25:00.000Z,FanDuel,751.183658221,receptions,Tucker Kraft - Total Receptions,,Tucker Kraft,60409170,over,3.5,-172,1.581395348837209,0.6323529411764706,open,,,2026-09-07T12:15:05Z,,,,,v3-forward-measurement
74742ef1-aac3-41ab-be7b-86306ab6537c,027ab11a-0924-42b5-a9d4-1a83882db195,2026-09-07T12:15:05Z,FanDuel Sportsbook structured market feed,,VA,NFL,35610171,Green Bay Packers @ Minnesota Vikings,2026-09-13T20:25:00.000Z,FanDuel,751.183658221,receptions,Tucker Kraft - Total Receptions,,Tucker Kraft,60409164,under,3.5,128,2.28,0.43859649122807015,open,,,2026-09-07T12:15:05Z,,,,,v3-forward-measurement
74742ef1-aac3-41ab-be7b-86306ab6537c,c9eac6b2-23de-464d-ae0e-0dc47787a38c,2026-09-07T12:15:05Z,FanDuel Sportsbook structured market feed,,VA,NFL,35610171,Green Bay Packers @ Minnesota Vikings,2026-09-13T20:25:00.000Z,FanDuel,751.183658220,receiving_yards,Christian Watson - Receiving Yds,,Christian Watson,48400051,over,54.5,-114,1.87719298245614,0.5327102803738317,open,,,2026-09-07T12:15:05Z,,,,,v3-forward-measurement
74742ef1-aac3-41ab-be7b-86306ab6537c,154b136b-7464-4a3d-b3dc-24a2e19d6d0d,2026-09-07T12:15:05Z,FanDuel Sportsbook structured market feed,,VA,NFL,35610171,Green Bay Packers @ Minnesota Vikings,2026-09-13T20:25:00.000Z,FanDuel,751.183658220,receiving_yards,Christian Watson - Receiving Yds,,Christian Watson,48400052,under,54.5,-114,1.87719298245614,0.5327102803738317,open,,,2026-09-07T12:15:05Z,,,,,v3-forward-measurement
74742ef1-aac3-41ab-be7b-86306ab6537c,98d1471e-5f1b-400d-a4da-64d013043f10,2026-09-07T12:15:05Z,FanDuel Sportsbook structured market feed,,VA,NFL,35610171,Green Bay Packers @ Minnesota Vikings,2026-09-13T20:25:00.000Z,FanDuel,751.183658222,receptions,Christian Watson - Total Receptions,,Christian Watson,48400051,over,3.5,-172,1.581395348837209,0.6323529411764706,open,,,2026-09-07T12:15:05Z,,,,,v3-forward-measurement
74742ef1-aac3-41ab-be7b-86306ab6537c,c4ef7559-e43f-4a9e-b36c-c32e14eafc47,2026-09-07T12:15:05Z,FanDuel Sportsbook structured market feed,,VA,NFL,35610171,Green Bay Packers @ Minnesota Vikings,2026-09-13T20:25:00.000Z,FanDuel,751.183658222,receptions,Christian Watson - Total Receptions,,Christian Watson,48400052,under,3.5,128,2.28,0.43859649122807015,open,,,2026-09-07T12:15:05Z,,,,,v3-forward-measurement
74742ef1-aac3-41ab-be7b-86306ab6537c,e82f58d5-d24b-48ad-898d-a552b9a26685,2026-09-07T12:15:05Z,FanDuel Sportsbook structured market feed,,VA,NFL,35610171,Green Bay Packers @ Minnesota Vikings,2026-09-13T20:25:00.000Z,FanDuel,751.183658225,receptions,Matthew Golden - Total Receptions,,Matthew Golden,48504748,over,3.5,-102,1.980392156862745,0.504950495049505,open,,,2026-09-07T12:15:05Z,,,,,v3-forward-measurement
74742ef1-aac3-41ab-be7b-86306ab6537c,a1fb5365-ea78-49b0-8442-2afa7b6ec6ca,2026-09-07T12:15:05Z,FanDuel Sportsbook structured market feed,,VA,NFL,35610171,Green Bay Packers @ Minnesota Vikings,2026-09-13T20:25:00.000Z,FanDuel,751.183658225,receptions,Matthew Golden - Total Receptions,,Matthew Golden,48504749,under,3.5,-130,1.769230769230769,0.5652173913043478,open,,,2026-09-07T12:15:05Z,,,,,v3-forward-measurement
74742ef1-aac3-41ab-be7b-86306ab6537c,efe022da-6412-42be-8dc8-556addcf4b09,2026-09-07T12:15:05Z,FanDuel Sportsbook structured market feed,,VA,NFL,35610171,Green Bay Packers @ Minnesota Vikings,2026-09-13T20:25:00.000Z,FanDuel,751.183658227,receiving_yards,Justin Jefferson - Receiving Yds,,Justin Jefferson,36057836,over,73.5,-114,1.87719298245614,0.5327102803738317,open,,,2026-09-07T12:15:05Z,,,,,v3-forward-measurement
74742ef1-aac3-41ab-be7b-86306ab6537c,c12e636e-f16e-4c24-8d1b-c83dc1802eaa,2026-09-07T12:15:05Z,FanDuel Sportsbook structured market feed,,VA,NFL,35610171,Green Bay Packers @ Minnesota Vikings,2026-09-13T20:25:00.000Z,FanDuel,751.183658227,receiving_yards,Justin Jefferson - Receiving Yds,,Justin Jefferson,36057837,under,73.5,-114,1.87719298245614,0.5327102803738317,open,,,2026-09-07T12:15:05Z,,,,,v3-forward-measurement
74742ef1-aac3-41ab-be7b-86306ab6537c,d4dcbce6-915e-4d91-a645-5a803566d69a,2026-09-07T12:15:05Z,FanDuel Sportsbook structured market feed,,VA,NFL,35610171,Green Bay Packers @ Minnesota Vikings,2026-09-13T20:25:00.000Z,FanDuel,751.185076858,receiving_yards,MarShawn Lloyd - Receiving Yds,,MarShawn Lloyd,48300723,over,11.5,-114,1.87719298245614,0.5327102803738317,open,,,2026-09-07T12:15:05Z,,,,,v3-forward-measurement
74742ef1-aac3-41ab-be7b-86306ab6537c,98febb14-9091-45af-ba04-06798aa173df,2026-09-07T12:15:05Z,FanDuel Sportsbook structured market feed,,VA,NFL,35610171,Green Bay Packers @ Minnesota Vikings,2026-09-13T20:25:00.000Z,FanDuel,751.185076858,receiving_yards,MarShawn Lloyd - Receiving Yds,,MarShawn Lloyd,48300722,under,11.5,-114,1.87719298245614,0.5327102803738317,open,,,2026-09-07T12:15:05Z,,,,,v3-forward-measurement
74742ef1-aac3-41ab-be7b-86306ab6537c,b9976bfc-8675-4fb7-821a-c906b6f734c8,2026-09-07T12:15:05Z,FanDuel Sportsbook structured market feed,,VA,NFL,35610171,Green Bay Packers @ Minnesota Vikings,2026-09-13T20:25:00.000Z,FanDuel,751.185143472,receptions,Aaron Jones - Total Receptions,,Aaron Jones,15353380,over,2.5,-120,1.833333333333333,0.5454545454545454,open,,,2026-09-07T12:15:05Z,,,,,v3-forward-measurement
74742ef1-aac3-41ab-be7b-86306ab6537c,8526866b-7e33-4aec-8019-66edb8ed6dbd,2026-09-07T12:15:05Z,FanDuel Sportsbook structured market feed,,VA,NFL,35610171,Green Bay Packers @ Minnesota Vikings,2026-09-13T20:25:00.000Z,FanDuel,751.185143472,receptions,Aaron Jones - Total Receptions,,Aaron Jones,15353381,under,2.5,-110,1.909090909090909,0.5238095238095238,open,,,2026-09-07T12:15:05Z,,,,,v3-forward-measurement
74742ef1-aac3-41ab-be7b-86306ab6537c,ef308a69-41ff-447f-86b9-a522a76b7be4,2026-09-07T12:15:05Z,FanDuel Sportsbook structured market feed,,VA,NFL,35610171,Green Bay Packers @ Minnesota Vikings,2026-09-13T20:25:00.000Z,FanDuel,751.185076854,receptions,MarShawn Lloyd - Total Receptions,,MarShawn Lloyd,48300723,over,1.5,-172,1.581395348837209,0.6323529411764706,open,,,2026-09-07T12:15:05Z,,,,,v3-forward-measurement
74742ef1-aac3-41ab-be7b-86306ab6537c,c7d7f26e-7197-4d58-ba97-6414c726fd10,2026-09-07T12:15:05Z,FanDuel Sportsbook structured market feed,,VA,NFL,35610171,Green Bay Packers @ Minnesota Vikings,2026-09-13T20:25:00.000Z,FanDuel,751.185076854,receptions,MarShawn Lloyd - Total Receptions,,MarShawn Lloyd,48300722,under,1.5,128,2.28,0.43859649122807015,open,,,2026-09-07T12:15:05Z,,,,,v3-forward-measurement
74742ef1-aac3-41ab-be7b-86306ab6537c,58bfb960-8449-4372-958d-53e00bfc4a64,2026-09-07T12:15:05Z,FanDuel Sportsbook structured market feed,,VA,NFL,35610171,Green Bay Packers @ Minnesota Vikings,2026-09-13T20:25:00.000Z,FanDuel,751.183658209,receiving_yards,Jauan Jennings - Receiving Yds,,Jauan Jennings,40913497,over,23.5,-114,1.87719298245614,0.5327102803738317,open,,,2026-09-07T12:15:05Z,,,,,v3-forward-measurement
74742ef1-aac3-41ab-be7b-86306ab6537c,be3fc870-d0ed-4407-86a4-2900a3a8ea1c,2026-09-07T12:15:05Z,FanDuel Sportsbook structured market feed,,VA,NFL,35610171,Green Bay Packers @ Minnesota Vikings,2026-09-13T20:25:00.000Z,FanDuel,751.183658209,receiving_yards,Jauan Jennings - Receiving Yds,,Jauan Jennings,40913496,under,23.5,-114,1.87719298245614,0.5327102803738317,open,,,2026-09-07T12:15:05Z,,,,,v3-forward-measurement
74742ef1-aac3-41ab-be7b-86306ab6537c,645c8097-3d8d-44e2-998d-67ea4e62ba8e,2026-09-07T12:15:05Z,FanDuel Sportsbook structured market feed,,VA,NFL,35610171,Green Bay Packers @ Minnesota Vikings,2026-09-13T20:25:00.000Z,FanDuel,751.183658232,receiving_yards,Tucker Kraft - Receiving Yds,,Tucker Kraft,60409170,over,45.5,-114,1.87719298245614,0.5327102803738317,open,,,2026-09-07T12:15:05Z,,,,,v3-forward-measurement
74742ef1-aac3-41ab-be7b-86306ab6537c,1f1a95ad-6fd7-4eea-9292-ddcb2a7afedc,2026-09-07T12:15:05Z,FanDuel Sportsbook structured market feed,,VA,NFL,35610171,Green Bay Packers @ Minnesota Vikings,2026-09-13T20:25:00.000Z,FanDuel,751.183658232,receiving_yards,Tucker Kraft - Receiving Yds,,Tucker Kraft,60409164,under,45.5,-114,1.87719298245614,0.5327102803738317,open,,,2026-09-07T12:15:05Z,,,,,v3-forward-measurement
74742ef1-aac3-41ab-be7b-86306ab6537c,a7521175-71d7-4408-88e0-8c64cd829d68,2026-09-07T12:15:05Z,FanDuel Sportsbook structured market feed,,VA,NFL,35610171,Green Bay Packers @ Minnesota Vikings,2026-09-13T20:25:00.000Z,FanDuel,751.183658231,receiving_yards,Matthew Golden - Receiving Yds,,Matthew Golden,48504748,over,39.5,-114,1.87719298245614,0.5327102803738317,open,,,2026-09-07T12:15:05Z,,,,,v3-forward-measurement
74742ef1-aac3-41ab-be7b-86306ab6537c,599bc1e9-b3b5-431a-8f46-62b7d5832af1,2026-09-07T12:15:05Z,FanDuel Sportsbook structured market feed,,VA,NFL,35610171,Green Bay Packers @ Minnesota Vikings,2026-09-13T20:25:00.000Z,FanDuel,751.183658231,receiving_yards,Matthew Golden - Receiving Yds,,Matthew Golden,48504749,under,39.5,-114,1.87719298245614,0.5327102803738317,open,,,2026-09-07T12:15:05Z,,,,,v3-forward-measurement
74742ef1-aac3-41ab-be7b-86306ab6537c,02687584-6e83-48f2-9273-83def49b1f60,2026-09-07T12:15:05Z,FanDuel Sportsbook structured market feed,,VA,NFL,35610171,Green Bay Packers @ Minnesota Vikings,2026-09-13T20:25:00.000Z,FanDuel,751.183658233,receptions,Jauan Jennings - Total Receptions,,Jauan Jennings,40913497,over,2.5,132,2.32,0.43103448275862066,open,,,2026-09-07T12:15:05Z,,,,,v3-forward-measurement
74742ef1-aac3-41ab-be7b-86306ab6537c,b463f19e-e1b5-4d19-9d0f-2d76a919d618,2026-09-07T12:15:05Z,FanDuel Sportsbook structured market feed,,VA,NFL,35610171,Green Bay Packers @ Minnesota Vikings,2026-09-13T20:25:00.000Z,FanDuel,751.183658233,receptions,Jauan Jennings - Total Receptions,,Jauan Jennings,40913496,under,2.5,-178,1.561797752808989,0.6402877697841727,open,,,2026-09-07T12:15:05Z,,,,,v3-forward-measurement
74742ef1-aac3-41ab-be7b-86306ab6537c,f24ce641-d2e6-4960-a310-0185aa88206a,2026-09-07T12:15:05Z,FanDuel Sportsbook structured market feed,,VA,NFL,35610171,Green Bay Packers @ Minnesota Vikings,2026-09-13T20:25:00.000Z,FanDuel,751.183658214,receptions,Jayden Reed - Total Receptions,,Jayden Reed,40975117,over,3.5,-102,1.980392156862745,0.504950495049505,open,,,2026-09-07T12:15:05Z,,,,,v3-forward-measurement
74742ef1-aac3-41ab-be7b-86306ab6537c,803724b9-ee30-4dc2-b3b5-88d7296dc7b6,2026-09-07T12:15:05Z,FanDuel Sportsbook structured market feed,,VA,NFL,35610171,Green Bay Packers @ Minnesota Vikings,2026-09-13T20:25:00.000Z,FanDuel,751.183658214,receptions,Jayden Reed - Total Receptions,,Jayden Reed,40975114,under,3.5,-130,1.769230769230769,0.5652173913043478,open,,,2026-09-07T12:15:05Z,,,,,v3-forward-measurement
74742ef1-aac3-41ab-be7b-86306ab6537c,f03c9369-6585-40eb-9efc-25e4acad4a2a,2026-09-07T12:15:05Z,FanDuel Sportsbook structured market feed,,VA,NFL,35610171,Green Bay Packers @ Minnesota Vikings,2026-09-13T20:25:00.000Z,FanDuel,751.183658235,receiving_yards,Jordan Addison - Receiving Yds,,Jordan Addison,41179872,over,42.5,-114,1.87719298245614,0.5327102803738317,open,,,2026-09-07T12:15:05Z,,,,,v3-forward-measurement
74742ef1-aac3-41ab-be7b-86306ab6537c,a5906f66-65d2-4cf8-9c22-1093549fc2b1,2026-09-07T12:15:05Z,FanDuel Sportsbook structured market feed,,VA,NFL,35610171,Green Bay Packers @ Minnesota Vikings,2026-09-13T20:25:00.000Z,FanDuel,751.183658235,receiving_yards,Jordan Addison - Receiving Yds,,Jordan Addison,41179871,under,42.5,-114,1.87719298245614,0.5327102803738317,open,,,2026-09-07T12:15:05Z,,,,,v3-forward-measurement
74742ef1-aac3-41ab-be7b-86306ab6537c,8ac9b8e5-9721-41b1-90da-956f72557e14,2026-09-07T12:15:05Z,FanDuel Sportsbook structured market feed,,VA,NFL,35610171,Green Bay Packers @ Minnesota Vikings,2026-09-13T20:25:00.000Z,FanDuel,751.183658215,receptions,Justin Jefferson - Total Receptions,,Justin Jefferson,36057836,over,5.5,-148,1.675675675675676,0.5967741935483871,open,,,2026-09-07T12:15:05Z,,,,,v3-forward-measurement
74742ef1-aac3-41ab-be7b-86306ab6537c,993477be-da7c-441d-b2c5-e6bd45358a85,2026-09-07T12:15:05Z,FanDuel Sportsbook structured market feed,,VA,NFL,35610171,Green Bay Packers @ Minnesota Vikings,2026-09-13T20:25:00.000Z,FanDuel,751.183658215,receptions,Justin Jefferson - Total Receptions,,Justin Jefferson,36057837,under,5.5,112,2.12,0.4716981132075472,open,,,2026-09-07T12:15:05Z,,,,,v3-forward-measurement
74742ef1-aac3-41ab-be7b-86306ab6537c,70560068-f4d4-49d5-ae17-78d5abe02634,2026-09-07T12:15:05Z,FanDuel Sportsbook structured market feed,,VA,NFL,35610171,Green Bay Packers @ Minnesota Vikings,2026-09-13T20:25:00.000Z,FanDuel,751.185143469,receiving_yards,Aaron Jones - Receiving Yds,,Aaron Jones,15353380,over,14.5,-114,1.87719298245614,0.5327102803738317,open,,,2026-09-07T12:15:05Z,,,,,v3-forward-measurement
74742ef1-aac3-41ab-be7b-86306ab6537c,4c0fe57a-9aaf-42a8-83af-506f5e96f0a7,2026-09-07T12:15:05Z,FanDuel Sportsbook structured market feed,,VA,NFL,35610171,Green Bay Packers @ Minnesota Vikings,2026-09-13T20:25:00.000Z,FanDuel,751.185143469,receiving_yards,Aaron Jones - Receiving Yds,,Aaron Jones,15353381,under,14.5,-114,1.87719298245614,0.5327102803738317,open,,,2026-09-07T12:15:05Z,,,,,v3-forward-measurement
74742ef1-aac3-41ab-be7b-86306ab6537c,90c43ee9-fb6c-4ad5-9bbe-517ed282a1bc,2026-09-07T12:15:05Z,FanDuel Sportsbook structured market feed,,VA,NFL,35610171,Green Bay Packers @ Minnesota Vikings,2026-09-13T20:25:00.000Z,FanDuel,751.183877949,receiving_yards,T.J. Hockenson - Receiving Yds,,T.J. Hockenson,26049039,over,27.5,-114,1.87719298245614,0.5327102803738317,open,,,2026-09-07T12:15:05Z,,,,,v3-forward-measurement
74742ef1-aac3-41ab-be7b-86306ab6537c,709d18bf-2127-454d-ab4f-2311310f3db8,2026-09-07T12:15:05Z,FanDuel Sportsbook structured market feed,,VA,NFL,35610171,Green Bay Packers @ Minnesota Vikings,2026-09-13T20:25:00.000Z,FanDuel,751.183877949,receiving_yards,T.J. Hockenson - Receiving Yds,,T.J. Hockenson,26049040,under,27.5,-114,1.87719298245614,0.5327102803738317,open,,,2026-09-07T12:15:05Z,,,,,v3-forward-measurement
74742ef1-aac3-41ab-be7b-86306ab6537c,86eed56b-8745-4141-b1a5-8e9a5a0c15ab,2026-09-07T12:15:05Z,FanDuel Sportsbook structured market feed,,VA,NFL,35610171,Green Bay Packers @ Minnesota Vikings,2026-09-13T20:25:00.000Z,FanDuel,751.183658218,receiving_yards,Jayden Reed - Receiving Yds,,Jayden Reed,40975117,over,39.5,-114,1.87719298245614,0.5327102803738317,open,,,2026-09-07T12:15:05Z,,,,,v3-forward-measurement
74742ef1-aac3-41ab-be7b-86306ab6537c,fd73080c-5244-4a48-9d5a-f000272b6ce3,2026-09-07T12:15:05Z,FanDuel Sportsbook structured market feed,,VA,NFL,35610171,Green Bay Packers @ Minnesota Vikings,2026-09-13T20:25:00.000Z,FanDuel,751.183658218,receiving_yards,Jayden Reed - Receiving Yds,,Jayden Reed,40975114,under,39.5,-114,1.87719298245614,0.5327102803738317,open,,,2026-09-07T12:15:05Z,,,,,v3-forward-measurement
74742ef1-aac3-41ab-be7b-86306ab6537c,aead1323-531f-4ad8-81b7-22b4fad2418f,2026-09-07T12:15:05Z,FanDuel Sportsbook structured market feed,,VA,NFL,35610171,Green Bay Packers @ Minnesota Vikings,2026-09-13T20:25:00.000Z,FanDuel,751.183658217,receptions,Jordan Addison - Total Receptions,,Jordan Addison,41179872,over,3.5,102,2.02,0.49504950495049505,open,,,2026-09-07T12:15:05Z,,,,,v3-forward-measurement
74742ef1-aac3-41ab-be7b-86306ab6537c,898e82fe-73da-44b2-950f-3bb86b73c099,2026-09-07T12:15:05Z,FanDuel Sportsbook structured market feed,,VA,NFL,35610171,Green Bay Packers @ Minnesota Vikings,2026-09-13T20:25:00.000Z,FanDuel,751.183658217,receptions,Jordan Addison - Total Receptions,,Jordan Addison,41179871,under,3.5,-136,1.735294117647059,0.576271186440678,open,,,2026-09-07T12:15:05Z,,,,,v3-forward-measurement
74742ef1-aac3-41ab-be7b-86306ab6537c,0ab0950f-7c4a-4dde-82e7-cc3228be385c,2026-09-07T12:15:05Z,FanDuel Sportsbook structured market feed,,VA,NFL,35610171,Green Bay Packers @ Minnesota Vikings,2026-09-13T20:25:00.000Z,FanDuel,751.183877947,receptions,T.J. Hockenson - Total Receptions,,T.J. Hockenson,26049039,over,3.5,-114,1.87719298245614,0.5327102803738317,open,,,2026-09-07T12:15:05Z,,,,,v3-forward-measurement
74742ef1-aac3-41ab-be7b-86306ab6537c,72a57703-3552-41d2-a7f2-77a24c1e2eb2,2026-09-07T12:15:05Z,FanDuel Sportsbook structured market feed,,VA,NFL,35610171,Green Bay Packers @ Minnesota Vikings,2026-09-13T20:25:00.000Z,FanDuel,751.183877947,receptions,T.J. Hockenson - Total Receptions,,T.J. Hockenson,26049040,under,3.5,-114,1.87719298245614,0.5327102803738317,open,,,2026-09-07T12:15:05Z,,,,,v3-forward-measurement
e8a99c3c-210e-4652-acec-7b1a6ac16943,54fe52e9-996c-42b8-9afb-6ebb5ef9648a,2026-09-07T12:15:05Z,FanDuel Sportsbook structured market feed,,VA,NFL,35610190,Baltimore Ravens @ Indianapolis Colts,2026-09-13T17:01:00.000Z,FanDuel,751.183833360,passing_yards,Lamar Jackson - Passing Yds,,Lamar Jackson,16579679,over,220.5,-114,1.87719298245614,0.5327102803738317,open,,,2026-09-07T12:15:05Z,,,,,v3-forward-measurement
e8a99c3c-210e-4652-acec-7b1a6ac16943,205e6a9f-54d1-43a5-8231-9c0610773644,2026-09-07T12:15:05Z,FanDuel Sportsbook structured market feed,,VA,NFL,35610190,Baltimore Ravens @ Indianapolis Colts,2026-09-13T17:01:00.000Z,FanDuel,751.183833360,passing_yards,Lamar Jackson - Passing Yds,,Lamar Jackson,16579680,under,220.5,-114,1.87719298245614,0.5327102803738317,open,,,2026-09-07T12:15:05Z,,,,,v3-forward-measurement
e8a99c3c-210e-4652-acec-7b1a6ac16943,778975cc-991a-48cf-8450-66ea778fe47a,2026-09-07T12:15:05Z,FanDuel Sportsbook structured market feed,,VA,NFL,35610190,Baltimore Ravens @ Indianapolis Colts,2026-09-13T17:01:00.000Z,FanDuel,751.183833515,passing_touchdowns,Lamar Jackson - Passing TDs,,Lamar Jackson,16579679,over,1.5,-104,1.961538461538462,0.5098039215686274,open,,,2026-09-07T12:15:05Z,,,,,v3-forward-measurement
e8a99c3c-210e-4652-acec-7b1a6ac16943,88358ff5-f8fb-42ec-b271-de81d31fb960,2026-09-07T12:15:05Z,FanDuel Sportsbook structured market feed,,VA,NFL,35610190,Baltimore Ravens @ Indianapolis Colts,2026-09-13T17:01:00.000Z,FanDuel,751.183833515,passing_touchdowns,Lamar Jackson - Passing TDs,,Lamar Jackson,16579680,under,1.5,-128,1.78125,0.5614035087719298,open,,,2026-09-07T12:15:05Z,,,,,v3-forward-measurement
e8a99c3c-210e-4652-acec-7b1a6ac16943,0c8c315d-f36c-47f6-ae44-94be51d1e89e,2026-09-07T12:15:05Z,FanDuel Sportsbook structured market feed,,VA,NFL,35610190,Baltimore Ravens @ Indianapolis Colts,2026-09-13T17:01:00.000Z,FanDuel,751.183833466,passing_touchdowns,Daniel Jones - Passing TDs,,Daniel Jones,16544555,over,1.5,140,2.4,0.4166666666666667,open,,,2026-09-07T12:15:05Z,,,,,v3-forward-measurement
e8a99c3c-210e-4652-acec-7b1a6ac16943,ae92ed77-030d-4278-8b9a-4779acfb3868,2026-09-07T12:15:05Z,FanDuel Sportsbook structured market feed,,VA,NFL,35610190,Baltimore Ravens @ Indianapolis Colts,2026-09-13T17:01:00.000Z,FanDuel,751.183833466,passing_touchdowns,Daniel Jones - Passing TDs,,Daniel Jones,16544556,under,1.5,-188,1.531914893617021,0.6527777777777778,open,,,2026-09-07T12:15:05Z,,,,,v3-forward-measurement
e8a99c3c-210e-4652-acec-7b1a6ac16943,0ffae7a1-bf9e-42d2-a0c9-e80c282b5078,2026-09-07T12:15:05Z,FanDuel Sportsbook structured market feed,,VA,NFL,35610190,Baltimore Ravens @ Indianapolis Colts,2026-09-13T17:01:00.000Z,FanDuel,751.183833467,passing_yards,Daniel Jones - Passing Yds,,Daniel Jones,16544555,over,233.5,-114,1.87719298245614,0.5327102803738317,open,,,2026-09-07T12:15:05Z,,,,,v3-forward-measurement
e8a99c3c-210e-4652-acec-7b1a6ac16943,6be779cc-d15a-43ec-831d-66a2cc1a7424,2026-09-07T12:15:05Z,FanDuel Sportsbook structured market feed,,VA,NFL,35610190,Baltimore Ravens @ Indianapolis Colts,2026-09-13T17:01:00.000Z,FanDuel,751.183833467,passing_yards,Daniel Jones - Passing Yds,,Daniel Jones,16544556,under,233.5,-114,1.87719298245614,0.5327102803738317,open,,,2026-09-07T12:15:05Z,,,,,v3-forward-measurement
140931c2-aef4-466f-9bd7-e3daf56a30d1,733dd932-e3d8-4249-b757-51ef5c91fcc8,2026-09-07T12:15:05Z,FanDuel Sportsbook structured market feed,,VA,NFL,35610190,Baltimore Ravens @ Indianapolis Colts,2026-09-13T17:01:00.000Z,FanDuel,751.185140881,rushing_yards,Daniel Jones - Rushing Yds,,Daniel Jones,16544555,over,11.5,-114,1.87719298245614,0.5327102803738317,open,,,2026-09-07T12:15:05Z,,,,,v3-forward-measurement
140931c2-aef4-466f-9bd7-e3daf56a30d1,0c7a632f-f5c1-4648-ab55-eedd78dc527b,2026-09-07T12:15:05Z,FanDuel Sportsbook structured market feed,,VA,NFL,35610190,Baltimore Ravens @ Indianapolis Colts,2026-09-13T17:01:00.000Z,FanDuel,751.185140881,rushing_yards,Daniel Jones - Rushing Yds,,Daniel Jones,16544556,under,11.5,-114,1.87719298245614,0.5327102803738317,open,,,2026-09-07T12:15:05Z,,,,,v3-forward-measurement
140931c2-aef4-466f-9bd7-e3daf56a30d1,f3bd1c7f-e8b6-4bbf-b954-2d9ca332ce4b,2026-09-07T12:15:05Z,FanDuel Sportsbook structured market feed,,VA,NFL,35610190,Baltimore Ravens @ Indianapolis Colts,2026-09-13T17:01:00.000Z,FanDuel,751.183835471,rushing_yards,Derrick Henry - Rushing Yds,,Derrick Henry,12073825,over,80.5,-114,1.87719298245614,0.5327102803738317,open,,,2026-09-07T12:15:05Z,,,,,v3-forward-measurement
140931c2-aef4-466f-9bd7-e3daf56a30d1,fa745db5-4ece-49bf-8569-ddd043820af4,2026-09-07T12:15:05Z,FanDuel Sportsbook structured market feed,,VA,NFL,35610190,Baltimore Ravens @ Indianapolis Colts,2026-09-13T17:01:00.000Z,FanDuel,751.183835471,rushing_yards,Derrick Henry - Rushing Yds,,Derrick Henry,12073826,under,80.5,-114,1.87719298245614,0.5327102803738317,open,,,2026-09-07T12:15:05Z,,,,,v3-forward-measurement
140931c2-aef4-466f-9bd7-e3daf56a30d1,e4dbc01e-5b67-42a3-8f70-554819dc9354,2026-09-07T12:15:05Z,FanDuel Sportsbook structured market feed,,VA,NFL,35610190,Baltimore Ravens @ Indianapolis Colts,2026-09-13T17:01:00.000Z,FanDuel,751.185182537,rushing_yards,Justice Hill - Rushing Yds,,Justice Hill,16552642,over,9.5,-114,1.87719298245614,0.5327102803738317,open,,,2026-09-07T12:15:05Z,,,,,v3-forward-measurement
140931c2-aef4-466f-9bd7-e3daf56a30d1,4f72a4c5-1be9-4578-96c0-234827929412,2026-09-07T12:15:05Z,FanDuel Sportsbook structured market feed,,VA,NFL,35610190,Baltimore Ravens @ Indianapolis Colts,2026-09-13T17:01:00.000Z,FanDuel,751.185182537,rushing_yards,Justice Hill - Rushing Yds,,Justice Hill,16552643,under,9.5,-114,1.87719298245614,0.5327102803738317,open,,,2026-09-07T12:15:05Z,,,,,v3-forward-measurement
140931c2-aef4-466f-9bd7-e3daf56a30d1,fc6aea10-1143-40cf-bba9-5e641c82551b,2026-09-07T12:15:05Z,FanDuel Sportsbook structured market feed,,VA,NFL,35610190,Baltimore Ravens @ Indianapolis Colts,2026-09-13T17:01:00.000Z,FanDuel,751.183835624,rushing_yards,Lamar Jackson - Rushing Yds,,Lamar Jackson,16579679,over,37.5,-114,1.87719298245614,0.5327102803738317,open,,,2026-09-07T12:15:05Z,,,,,v3-forward-measurement
140931c2-aef4-466f-9bd7-e3daf56a30d1,c4619775-0602-438d-b7fe-d7b096e455fb,2026-09-07T12:15:05Z,FanDuel Sportsbook structured market feed,,VA,NFL,35610190,Baltimore Ravens @ Indianapolis Colts,2026-09-13T17:01:00.000Z,FanDuel,751.183835624,rushing_yards,Lamar Jackson - Rushing Yds,,Lamar Jackson,16579680,under,37.5,-114,1.87719298245614,0.5327102803738317,open,,,2026-09-07T12:15:05Z,,,,,v3-forward-measurement
140931c2-aef4-466f-9bd7-e3daf56a30d1,78124b4f-0fc7-41b2-87d6-c9cd55ed167d,2026-09-07T12:15:05Z,FanDuel Sportsbook structured market feed,,VA,NFL,35610190,Baltimore Ravens @ Indianapolis Colts,2026-09-13T17:01:00.000Z,FanDuel,751.183835364,rushing_yards,Jonathan Taylor - Rushing Yds,,Jonathan Taylor,16593213,over,76.5,-114,1.87719298245614,0.5327102803738317,open,,,2026-09-07T12:15:05Z,,,,,v3-forward-measurement
140931c2-aef4-466f-9bd7-e3daf56a30d1,d97e1d74-9a27-4da2-a730-14e620138e3d,2026-09-07T12:15:05Z,FanDuel Sportsbook structured market feed,,VA,NFL,35610190,Baltimore Ravens @ Indianapolis Colts,2026-09-13T17:01:00.000Z,FanDuel,751.183835364,rushing_yards,Jonathan Taylor - Rushing Yds,,Jonathan Taylor,16593214,under,76.5,-114,1.87719298245614,0.5327102803738317,open,,,2026-09-07T12:15:05Z,,,,,v3-forward-measurement
7c5c09e9-11ff-4dd4-8668-6e703c226c6c,424acb41-7678-4718-ba5b-cff871724c65,2026-09-07T12:15:05Z,FanDuel Sportsbook structured market feed,,VA,NFL,35610190,Baltimore Ravens @ Indianapolis Colts,2026-09-13T17:01:00.000Z,FanDuel,751.184973077,receiving_yards,Josh Downs - Receiving Yds,,Josh Downs,41178410,over,43.5,-114,1.87719298245614,0.5327102803738317,open,,,2026-09-07T12:15:05Z,,,,,v3-forward-measurement
7c5c09e9-11ff-4dd4-8668-6e703c226c6c,bc132e88-cf80-4916-b4c7-56cb3a4be13c,2026-09-07T12:15:05Z,FanDuel Sportsbook structured market feed,,VA,NFL,35610190,Baltimore Ravens @ Indianapolis Colts,2026-09-13T17:01:00.000Z,FanDuel,751.184973077,receiving_yards,Josh Downs - Receiving Yds,,Josh Downs,41178411,under,43.5,-114,1.87719298245614,0.5327102803738317,open,,,2026-09-07T12:15:05Z,,,,,v3-forward-measurement
7c5c09e9-11ff-4dd4-8668-6e703c226c6c,89fd483e-dd7c-4f01-a0f3-e8c5441f1685,2026-09-07T12:15:05Z,FanDuel Sportsbook structured market feed,,VA,NFL,35610190,Baltimore Ravens @ Indianapolis Colts,2026-09-13T17:01:00.000Z,FanDuel,751.184973071,receptions,Josh Downs - Total Receptions,,Josh Downs,41178410,over,4.5,116,2.16,0.46296296296296297,open,,,2026-09-07T12:15:05Z,,,,,v3-forward-measurement
7c5c09e9-11ff-4dd4-8668-6e703c226c6c,269369e8-a6d4-42c8-8d6b-664145321cf2,2026-09-07T12:15:05Z,FanDuel Sportsbook structured market feed,,VA,NFL,35610190,Baltimore Ravens @ Indianapolis Colts,2026-09-13T17:01:00.000Z,FanDuel,751.184973071,receptions,Josh Downs - Total Receptions,,Josh Downs,41178411,under,4.5,-154,1.649350649350649,0.6062992125984252,open,,,2026-09-07T12:15:05Z,,,,,v3-forward-measurement
7c5c09e9-11ff-4dd4-8668-6e703c226c6c,30b8fc95-9447-44ce-a0a9-9d0c804f9d59,2026-09-07T12:15:05Z,FanDuel Sportsbook structured market feed,,VA,NFL,35610190,Baltimore Ravens @ Indianapolis Colts,2026-09-13T17:01:00.000Z,FanDuel,751.184969864,receptions,Rashod Bateman - Total Receptions,,Rashod Bateman,41197689,over,1.5,-205,1.48780487804878,0.6721311475409836,open,,,2026-09-07T12:15:05Z,,,,,v3-forward-measurement
7c5c09e9-11ff-4dd4-8668-6e703c226c6c,3441183c-9b92-4519-a504-6cd214d4a084,2026-09-07T12:15:05Z,FanDuel Sportsbook structured market feed,,VA,NFL,35610190,Baltimore Ravens @ Indianapolis Colts,2026-09-13T17:01:00.000Z,FanDuel,751.184969864,receptions,Rashod Bateman - Total Receptions,,Rashod Bateman,41197688,under,1.5,152,2.52,0.3968253968253968,open,,,2026-09-07T12:15:05Z,,,,,v3-forward-measurement
7c5c09e9-11ff-4dd4-8668-6e703c226c6c,360cd5b6-0325-4e08-a4a6-dc28579454d9,2026-09-07T12:15:05Z,FanDuel Sportsbook structured market feed,,VA,NFL,35610190,Baltimore Ravens @ Indianapolis Colts,2026-09-13T17:01:00.000Z,FanDuel,751.184972924,receiving_yards,Alec Pierce - Receiving Yds,,Alec Pierce,42217015,over,46.5,-114,1.87719298245614,0.5327102803738317,open,,,2026-09-07T12:15:05Z,,,,,v3-forward-measurement
7c5c09e9-11ff-4dd4-8668-6e703c226c6c,f75c6752-682a-4304-bb00-8927bd70cee5,2026-09-07T12:15:05Z,FanDuel Sportsbook structured market feed,,VA,NFL,35610190,Baltimore Ravens @ Indianapolis Colts,2026-09-13T17:01:00.000Z,FanDuel,751.184972924,receiving_yards,Alec Pierce - Receiving Yds,,Alec Pierce,42217014,under,46.5,-114,1.87719298245614,0.5327102803738317,open,,,2026-09-07T12:15:05Z,,,,,v3-forward-measurement
7c5c09e9-11ff-4dd4-8668-6e703c226c6c,faf22915-8314-4b9f-af97-ba616c7728b8,2026-09-07T12:15:05Z,FanDuel Sportsbook structured market feed,,VA,NFL,35610190,Baltimore Ravens @ Indianapolis Colts,2026-09-13T17:01:00.000Z,FanDuel,751.184969622,receiving_yards,Rashod Bateman - Receiving Yds,,Rashod Bateman,41197689,over,25.5,-114,1.87719298245614,0.5327102803738317,open,,,2026-09-07T12:15:05Z,,,,,v3-forward-measurement
7c5c09e9-11ff-4dd4-8668-6e703c226c6c,27f3371b-97fd-4e74-ad19-8f72880148ea,2026-09-07T12:15:05Z,FanDuel Sportsbook structured market feed,,VA,NFL,35610190,Baltimore Ravens @ Indianapolis Colts,2026-09-13T17:01:00.000Z,FanDuel,751.184969622,receiving_yards,Rashod Bateman - Receiving Yds,,Rashod Bateman,41197688,under,25.5,-114,1.87719298245614,0.5327102803738317,open,,,2026-09-07T12:15:05Z,,,,,v3-forward-measurement
7c5c09e9-11ff-4dd4-8668-6e703c226c6c,e3b670e3-0115-4149-9ac9-3ba84c7b5ff7,2026-09-07T12:15:05Z,FanDuel Sportsbook structured market feed,,VA,NFL,35610190,Baltimore Ravens @ Indianapolis Colts,2026-09-13T17:01:00.000Z,FanDuel,751.184973730,receptions,Tyler Warren - Total Receptions,,Tyler Warren,60780430,over,4.5,-130,1.769230769230769,0.5652173913043478,open,,,2026-09-07T12:15:05Z,,,,,v3-forward-measurement
7c5c09e9-11ff-4dd4-8668-6e703c226c6c,2e126251-b5e7-4094-ae5f-96287d066bcb,2026-09-07T12:15:05Z,FanDuel Sportsbook structured market feed,,VA,NFL,35610190,Baltimore Ravens @ Indianapolis Colts,2026-09-13T17:01:00.000Z,FanDuel,751.184973730,receptions,Tyler Warren - Total Receptions,,Tyler Warren,60780432,under,4.5,-102,1.980392156862745,0.504950495049505,open,,,2026-09-07T12:15:05Z,,,,,v3-forward-measurement
7c5c09e9-11ff-4dd4-8668-6e703c226c6c,70ead823-b252-4849-9219-ba9aa208dd6b,2026-09-07T12:15:05Z,FanDuel Sportsbook structured market feed,,VA,NFL,35610190,Baltimore Ravens @ Indianapolis Colts,2026-09-13T17:01:00.000Z,FanDuel,751.183836389,receptions,Mark Andrews - Total Receptions,,Mark Andrews,16602460,over,3.5,116,2.16,0.46296296296296297,open,,,2026-09-07T12:15:05Z,,,,,v3-forward-measurement
7c5c09e9-11ff-4dd4-8668-6e703c226c6c,acd773c2-0a35-40a6-a1b5-5b1635e3f076,2026-09-07T12:15:05Z,FanDuel Sportsbook structured market feed,,VA,NFL,35610190,Baltimore Ravens @ Indianapolis Colts,2026-09-13T17:01:00.000Z,FanDuel,751.183836389,receptions,Mark Andrews - Total Receptions,,Mark Andrews,16602461,under,3.5,-154,1.649350649350649,0.6062992125984252,open,,,2026-09-07T12:15:05Z,,,,,v3-forward-measurement
7c5c09e9-11ff-4dd4-8668-6e703c226c6c,fa97179b-f5d5-41f2-bada-fb14b82d1d44,2026-09-07T12:15:05Z,FanDuel Sportsbook structured market feed,,VA,NFL,35610190,Baltimore Ravens @ Indianapolis Colts,2026-09-13T17:01:00.000Z,FanDuel,751.183836167,receiving_yards,Zay Flowers - Receiving Yds,,Zay Flowers,41182052,over,63.5,-114,1.87719298245614,0.5327102803738317,open,,,2026-09-07T12:15:05Z,,,,,v3-forward-measurement
7c5c09e9-11ff-4dd4-8668-6e703c226c6c,33d046a1-be2a-4d2e-8a11-aca3e36f2cd3,2026-09-07T12:15:05Z,FanDuel Sportsbook structured market feed,,VA,NFL,35610190,Baltimore Ravens @ Indianapolis Colts,2026-09-13T17:01:00.000Z,FanDuel,751.183836167,receiving_yards,Zay Flowers - Receiving Yds,,Zay Flowers,41182053,under,63.5,-114,1.87719298245614,0.5327102803738317,open,,,2026-09-07T12:15:05Z,,,,,v3-forward-measurement
7c5c09e9-11ff-4dd4-8668-6e703c226c6c,a28059e6-d69a-4652-81fd-9ea36a04b464,2026-09-07T12:15:05Z,FanDuel Sportsbook structured market feed,,VA,NFL,35610190,Baltimore Ravens @ Indianapolis Colts,2026-09-13T17:01:00.000Z,FanDuel,751.184971736,receiving_yards,Derrick Henry - Receiving Yds,,Derrick Henry,12073825,over,6.5,-114,1.87719298245614,0.5327102803738317,open,,,2026-09-07T12:15:05Z,,,,,v3-forward-measurement
7c5c09e9-11ff-4dd4-8668-6e703c226c6c,0f207da9-832d-4f17-ba09-596032b465c7,2026-09-07T12:15:05Z,FanDuel Sportsbook structured market feed,,VA,NFL,35610190,Baltimore Ravens @ Indianapolis Colts,2026-09-13T17:01:00.000Z,FanDuel,751.184971736,receiving_yards,Derrick Henry - Receiving Yds,,Derrick Henry,12073826,under,6.5,-114,1.87719298245614,0.5327102803738317,open,,,2026-09-07T12:15:05Z,,,,,v3-forward-measurement
7c5c09e9-11ff-4dd4-8668-6e703c226c6c,fe358010-16fe-422f-8392-bff04197fa75,2026-09-07T12:15:05Z,FanDuel Sportsbook structured market feed,,VA,NFL,35610190,Baltimore Ravens @ Indianapolis Colts,2026-09-13T17:01:00.000Z,FanDuel,751.183836388,receiving_yards,Mark Andrews - Receiving Yds,,Mark Andrews,16602460,over,34.5,-114,1.87719298245614,0.5327102803738317,open,,,2026-09-07T12:15:05Z,,,,,v3-forward-measurement
7c5c09e9-11ff-4dd4-8668-6e703c226c6c,017138f6-685e-4480-ba74-14c4ef778109,2026-09-07T12:15:05Z,FanDuel Sportsbook structured market feed,,VA,NFL,35610190,Baltimore Ravens @ Indianapolis Colts,2026-09-13T17:01:00.000Z,FanDuel,751.183836388,receiving_yards,Mark Andrews - Receiving Yds,,Mark Andrews,16602461,under,34.5,-114,1.87719298245614,0.5327102803738317,open,,,2026-09-07T12:15:05Z,,,,,v3-forward-measurement
7c5c09e9-11ff-4dd4-8668-6e703c226c6c,851e6786-85e7-4d27-8881-8357f7c4b652,2026-09-07T12:15:05Z,FanDuel Sportsbook structured market feed,,VA,NFL,35610190,Baltimore Ravens @ Indianapolis Colts,2026-09-13T17:01:00.000Z,FanDuel,751.185139865,receptions,Jonathan Taylor - Total Receptions,,Jonathan Taylor,16593213,over,2.5,-162,1.617283950617284,0.6183206106870229,open,,,2026-09-07T12:15:05Z,,,,,v3-forward-measurement
7c5c09e9-11ff-4dd4-8668-6e703c226c6c,c55bd1e1-05de-4670-9c0f-4876da062812,2026-09-07T12:15:05Z,FanDuel Sportsbook structured market feed,,VA,NFL,35610190,Baltimore Ravens @ Indianapolis Colts,2026-09-13T17:01:00.000Z,FanDuel,751.185139865,receptions,Jonathan Taylor - Total Receptions,,Jonathan Taylor,16593214,under,2.5,122,2.22,0.45045045045045046,open,,,2026-09-07T12:15:05Z,,,,,v3-forward-measurement
7c5c09e9-11ff-4dd4-8668-6e703c226c6c,0c715b9c-8bee-4d4f-bff6-c0644eca4f7d,2026-09-07T12:15:05Z,FanDuel Sportsbook structured market feed,,VA,NFL,35610190,Baltimore Ravens @ Indianapolis Colts,2026-09-13T17:01:00.000Z,FanDuel,751.185139863,receiving_yards,Jonathan Taylor - Receiving Yds,,Jonathan Taylor,16593213,over,18.5,-114,1.87719298245614,0.5327102803738317,open,,,2026-09-07T12:15:05Z,,,,,v3-forward-measurement
7c5c09e9-11ff-4dd4-8668-6e703c226c6c,fd41a696-3d83-48e5-84d0-4b03e13cf465,2026-09-07T12:15:05Z,FanDuel Sportsbook structured market feed,,VA,NFL,35610190,Baltimore Ravens @ Indianapolis Colts,2026-09-13T17:01:00.000Z,FanDuel,751.185139863,receiving_yards,Jonathan Taylor - Receiving Yds,,Jonathan Taylor,16593214,under,18.5,-114,1.87719298245614,0.5327102803738317,open,,,2026-09-07T12:15:05Z,,,,,v3-forward-measurement
7c5c09e9-11ff-4dd4-8668-6e703c226c6c,909d1c4b-9c3f-41b0-8643-bd2c0157f9d4,2026-09-07T12:15:05Z,FanDuel Sportsbook structured market feed,,VA,NFL,35610190,Baltimore Ravens @ Indianapolis Colts,2026-09-13T17:01:00.000Z,FanDuel,751.185182535,receiving_yards,Justice Hill - Receiving Yds,,Justice Hill,16552642,over,13.5,-114,1.87719298245614,0.5327102803738317,open,,,2026-09-07T12:15:05Z,,,,,v3-forward-measurement
7c5c09e9-11ff-4dd4-8668-6e703c226c6c,7c1de7b3-f92a-40b1-afb2-435e6334ff1e,2026-09-07T12:15:05Z,FanDuel Sportsbook structured market feed,,VA,NFL,35610190,Baltimore Ravens @ Indianapolis Colts,2026-09-13T17:01:00.000Z,FanDuel,751.185182535,receiving_yards,Justice Hill - Receiving Yds,,Justice Hill,16552643,under,13.5,-114,1.87719298245614,0.5327102803738317,open,,,2026-09-07T12:15:05Z,,,,,v3-forward-measurement
7c5c09e9-11ff-4dd4-8668-6e703c226c6c,5508e7a7-9be8-4e30-8a7b-396af900f6a2,2026-09-07T12:15:05Z,FanDuel Sportsbook structured market feed,,VA,NFL,35610190,Baltimore Ravens @ Indianapolis Colts,2026-09-13T17:01:00.000Z,FanDuel,751.184970775,receptions,Ja'Kobi Lane - Total Receptions,,Ja'Kobi Lane,102523756,over,1.5,-130,1.769230769230769,0.5652173913043478,open,,,2026-09-07T12:15:05Z,,,,,v3-forward-measurement
7c5c09e9-11ff-4dd4-8668-6e703c226c6c,a41c65c6-6d7d-4ef4-a26f-34a3ddfc3f88,2026-09-07T12:15:05Z,FanDuel Sportsbook structured market feed,,VA,NFL,35610190,Baltimore Ravens @ Indianapolis Colts,2026-09-13T17:01:00.000Z,FanDuel,751.184970775,receptions,Ja'Kobi Lane - Total Receptions,,Ja'Kobi Lane,102523752,under,1.5,-102,1.980392156862745,0.504950495049505,open,,,2026-09-07T12:15:05Z,,,,,v3-forward-measurement
7c5c09e9-11ff-4dd4-8668-6e703c226c6c,9652c6f8-5a86-45ef-a05e-989c668f717a,2026-09-07T12:15:05Z,FanDuel Sportsbook structured market feed,,VA,NFL,35610190,Baltimore Ravens @ Indianapolis Colts,2026-09-13T17:01:00.000Z,FanDuel,751.184973728,receiving_yards,Tyler Warren - Receiving Yds,,Tyler Warren,60780430,over,45.5,-114,1.87719298245614,0.5327102803738317,open,,,2026-09-07T12:15:05Z,,,,,v3-forward-measurement
7c5c09e9-11ff-4dd4-8668-6e703c226c6c,40848185-7075-415a-ad82-27b8bbec8068,2026-09-07T12:15:05Z,FanDuel Sportsbook structured market feed,,VA,NFL,35610190,Baltimore Ravens @ Indianapolis Colts,2026-09-13T17:01:00.000Z,FanDuel,751.184973728,receiving_yards,Tyler Warren - Receiving Yds,,Tyler Warren,60780432,under,45.5,-114,1.87719298245614,0.5327102803738317,open,,,2026-09-07T12:15:05Z,,,,,v3-forward-measurement
7c5c09e9-11ff-4dd4-8668-6e703c226c6c,7b277ebd-da66-4567-bab0-73328898f87f,2026-09-07T12:15:05Z,FanDuel Sportsbook structured market feed,,VA,NFL,35610190,Baltimore Ravens @ Indianapolis Colts,2026-09-13T17:01:00.000Z,FanDuel,751.185104206,receptions,Derrick Henry - Total Receptions,,Derrick Henry,12073825,over,1.5,172,2.72,0.36764705882352944,open,,,2026-09-07T12:15:05Z,,,,,v3-forward-measurement
7c5c09e9-11ff-4dd4-8668-6e703c226c6c,39edffce-44a9-4ce0-af47-3906643284e9,2026-09-07T12:15:05Z,FanDuel Sportsbook structured market feed,,VA,NFL,35610190,Baltimore Ravens @ Indianapolis Colts,2026-09-13T17:01:00.000Z,FanDuel,751.185104206,receptions,Derrick Henry - Total Receptions,,Derrick Henry,12073826,under,1.5,-235,1.425531914893617,0.7014925373134329,open,,,2026-09-07T12:15:05Z,,,,,v3-forward-measurement
7c5c09e9-11ff-4dd4-8668-6e703c226c6c,bb98f9ee-b30f-4e40-a02a-d08859ac70e6,2026-09-07T12:15:05Z,FanDuel Sportsbook structured market feed,,VA,NFL,35610190,Baltimore Ravens @ Indianapolis Colts,2026-09-13T17:01:00.000Z,FanDuel,751.183836173,receptions,Zay Flowers - Total Receptions,,Zay Flowers,41182052,over,4.5,-172,1.581395348837209,0.6323529411764706,open,,,2026-09-07T12:15:05Z,,,,,v3-forward-measurement
7c5c09e9-11ff-4dd4-8668-6e703c226c6c,a71c11bf-19fc-4466-9c6a-ad224661206d,2026-09-07T12:15:05Z,FanDuel Sportsbook structured market feed,,VA,NFL,35610190,Baltimore Ravens @ Indianapolis Colts,2026-09-13T17:01:00.000Z,FanDuel,751.183836173,receptions,Zay Flowers - Total Receptions,,Zay Flowers,41182053,under,4.5,128,2.28,0.43859649122807015,open,,,2026-09-07T12:15:05Z,,,,,v3-forward-measurement
7c5c09e9-11ff-4dd4-8668-6e703c226c6c,c3b00eb9-b43c-4603-ba46-113d506538bb,2026-09-07T12:15:05Z,FanDuel Sportsbook structured market feed,,VA,NFL,35610190,Baltimore Ravens @ Indianapolis Colts,2026-09-13T17:01:00.000Z,FanDuel,751.184970770,receiving_yards,Ja'Kobi Lane - Receiving Yds,,Ja'Kobi Lane,102523756,over,19.5,-114,1.87719298245614,0.5327102803738317,open,,,2026-09-07T12:15:05Z,,,,,v3-forward-measurement
7c5c09e9-11ff-4dd4-8668-6e703c226c6c,d3e0f144-b8bb-4a08-a74d-4db4cac38066,2026-09-07T12:15:05Z,FanDuel Sportsbook structured market feed,,VA,NFL,35610190,Baltimore Ravens @ Indianapolis Colts,2026-09-13T17:01:00.000Z,FanDuel,751.184970770,receiving_yards,Ja'Kobi Lane - Receiving Yds,,Ja'Kobi Lane,102523752,under,19.5,-114,1.87719298245614,0.5327102803738317,open,,,2026-09-07T12:15:05Z,,,,,v3-forward-measurement
7c5c09e9-11ff-4dd4-8668-6e703c226c6c,31e6cd50-af99-401a-b965-b73900e180ab,2026-09-07T12:15:05Z,FanDuel Sportsbook structured market feed,,VA,NFL,35610190,Baltimore Ravens @ Indianapolis Colts,2026-09-13T17:01:00.000Z,FanDuel,751.184972933,receptions,Alec Pierce - Total Receptions,,Alec Pierce,42217015,over,3.5,-108,1.925925925925926,0.5192307692307693,open,,,2026-09-07T12:15:05Z,,,,,v3-forward-measurement
7c5c09e9-11ff-4dd4-8668-6e703c226c6c,7affe731-d596-46c0-a47a-8bd8e365cf71,2026-09-07T12:15:05Z,FanDuel Sportsbook structured market feed,,VA,NFL,35610190,Baltimore Ravens @ Indianapolis Colts,2026-09-13T17:01:00.000Z,FanDuel,751.184972933,receptions,Alec Pierce - Total Receptions,,Alec Pierce,42217014,under,3.5,-122,1.819672131147541,0.5495495495495496,open,,,2026-09-07T12:15:05Z,,,,,v3-forward-measurement
