capture_id,quote_id,captured_at,source,source_updated_at,state,sport,event_id,event_name,kickoff,book,market_id,market_type,market_name,player_id,player_name,selection_id,selection,line,american_price,decimal_price,implied_probability,quote_status,opening_line,opening_price,first_observed,closing_line,closing_price,result,net_units,model_version
144c1891-ad05-40b7-ac02-09db0a0fcd63,f9620c3a-657a-4070-b1a1-e9b11dcd76fe,2026-09-08T18:26:27Z,FanDuel Sportsbook structured market feed,,VA,NFL,35596943,Dallas Cowboys @ New York Giants,2026-09-14T00:20:00.000Z,FanDuel,751.183007524,passing_touchdowns,Dak Prescott - Passing TDs,,Dak Prescott,11889993,over,1.5,-146,1.684931506849315,0.5934959349593496,open,,,2026-09-08T18:26:27Z,,,,,v3-forward-measurement
144c1891-ad05-40b7-ac02-09db0a0fcd63,57894c50-fa9e-4ce0-935a-beffb16ce778,2026-09-08T18:26:27Z,FanDuel Sportsbook structured market feed,,VA,NFL,35596943,Dallas Cowboys @ New York Giants,2026-09-14T00:20:00.000Z,FanDuel,751.183007524,passing_touchdowns,Dak Prescott - Passing TDs,,Dak Prescott,11889992,under,1.5,110,2.1,0.47619047619047616,open,,,2026-09-08T18:26:27Z,,,,,v3-forward-measurement
144c1891-ad05-40b7-ac02-09db0a0fcd63,038f9d7b-f1d2-4be8-9a86-7f04f3c6798b,2026-09-08T18:26:27Z,FanDuel Sportsbook structured market feed,,VA,NFL,35596943,Dallas Cowboys @ New York Giants,2026-09-14T00:20:00.000Z,FanDuel,751.183007431,passing_touchdowns,Jaxson Dart - Passing TDs,,Jaxson Dart,41788833,over,1.5,124,2.24,0.44642857142857145,open,,,2026-09-08T18:26:27Z,,,,,v3-forward-measurement
144c1891-ad05-40b7-ac02-09db0a0fcd63,9ca37601-3f77-4c31-88c7-c636acad3d7e,2026-09-08T18:26:27Z,FanDuel Sportsbook structured market feed,,VA,NFL,35596943,Dallas Cowboys @ New York Giants,2026-09-14T00:20:00.000Z,FanDuel,751.183007431,passing_touchdowns,Jaxson Dart - Passing TDs,,Jaxson Dart,41788834,under,1.5,-166,1.602409638554217,0.6240601503759399,open,,,2026-09-08T18:26:27Z,,,,,v3-forward-measurement
144c1891-ad05-40b7-ac02-09db0a0fcd63,b4ff2412-e563-4195-9852-750dc687a16e,2026-09-08T18:26:27Z,FanDuel Sportsbook structured market feed,,VA,NFL,35596943,Dallas Cowboys @ New York Giants,2026-09-14T00:20:00.000Z,FanDuel,751.183007477,passing_yards,Dak Prescott - Passing Yds,,Dak Prescott,11889993,over,260.5,-114,1.87719298245614,0.5327102803738317,open,,,2026-09-08T18:26:27Z,,,,,v3-forward-measurement
144c1891-ad05-40b7-ac02-09db0a0fcd63,701f7c8e-ca88-4d16-8249-3efa63aa2898,2026-09-08T18:26:27Z,FanDuel Sportsbook structured market feed,,VA,NFL,35596943,Dallas Cowboys @ New York Giants,2026-09-14T00:20:00.000Z,FanDuel,751.183007477,passing_yards,Dak Prescott - Passing Yds,,Dak Prescott,11889992,under,260.5,-114,1.87719298245614,0.5327102803738317,open,,,2026-09-08T18:26:27Z,,,,,v3-forward-measurement
144c1891-ad05-40b7-ac02-09db0a0fcd63,9e83b6da-5a48-4cf4-97bb-47b35017332b,2026-09-08T18:26:27Z,FanDuel Sportsbook structured market feed,,VA,NFL,35596943,Dallas Cowboys @ New York Giants,2026-09-14T00:20:00.000Z,FanDuel,751.183007451,passing_yards,Jaxson Dart - Passing Yds,,Jaxson Dart,41788833,over,217.5,-114,1.87719298245614,0.5327102803738317,open,,,2026-09-08T18:26:27Z,,,,,v3-forward-measurement
144c1891-ad05-40b7-ac02-09db0a0fcd63,02669fbb-a2e0-460f-a535-cbae5b42b6f1,2026-09-08T18:26:27Z,FanDuel Sportsbook structured market feed,,VA,NFL,35596943,Dallas Cowboys @ New York Giants,2026-09-14T00:20:00.000Z,FanDuel,751.183007451,passing_yards,Jaxson Dart - Passing Yds,,Jaxson Dart,41788834,under,217.5,-114,1.87719298245614,0.5327102803738317,open,,,2026-09-08T18:26:27Z,,,,,v3-forward-measurement
65200774-303b-4ab7-80f8-6f3975b4ee85,332ac821-8f11-4029-9df9-243b606987e4,2026-09-08T18:26:27Z,FanDuel Sportsbook structured market feed,,VA,NFL,35596943,Dallas Cowboys @ New York Giants,2026-09-14T00:20:00.000Z,FanDuel,751.183016259,rushing_yards,Jaxson Dart - Rushing Yds,,Jaxson Dart,41788833,over,28.5,-114,1.87719298245614,0.5327102803738317,open,,,2026-09-08T18:26:27Z,,,,,v3-forward-measurement
65200774-303b-4ab7-80f8-6f3975b4ee85,0d151a13-2490-4e43-a802-017f27d74bb9,2026-09-08T18:26:27Z,FanDuel Sportsbook structured market feed,,VA,NFL,35596943,Dallas Cowboys @ New York Giants,2026-09-14T00:20:00.000Z,FanDuel,751.183016259,rushing_yards,Jaxson Dart - Rushing Yds,,Jaxson Dart,41788834,under,28.5,-114,1.87719298245614,0.5327102803738317,open,,,2026-09-08T18:26:27Z,,,,,v3-forward-measurement
65200774-303b-4ab7-80f8-6f3975b4ee85,cb58f39d-0dea-4495-bd58-b65b71b93e6e,2026-09-08T18:26:27Z,FanDuel Sportsbook structured market feed,,VA,NFL,35596943,Dallas Cowboys @ New York Giants,2026-09-14T00:20:00.000Z,FanDuel,751.184988882,rushing_yards,Cam Skattebo - Rushing Yds,,Cam Skattebo,88246528,over,51.5,-114,1.87719298245614,0.5327102803738317,open,,,2026-09-08T18:26:27Z,,,,,v3-forward-measurement
65200774-303b-4ab7-80f8-6f3975b4ee85,b35ea959-5f7b-4e23-887b-ca01b231fa0c,2026-09-08T18:26:27Z,FanDuel Sportsbook structured market feed,,VA,NFL,35596943,Dallas Cowboys @ New York Giants,2026-09-14T00:20:00.000Z,FanDuel,751.184988882,rushing_yards,Cam Skattebo - Rushing Yds,,Cam Skattebo,88246518,under,51.5,-114,1.87719298245614,0.5327102803738317,open,,,2026-09-08T18:26:27Z,,,,,v3-forward-measurement
65200774-303b-4ab7-80f8-6f3975b4ee85,4e8857ba-c007-44b8-a02a-1b50251a9b0f,2026-09-08T18:26:27Z,FanDuel Sportsbook structured market feed,,VA,NFL,35596943,Dallas Cowboys @ New York Giants,2026-09-14T00:20:00.000Z,FanDuel,751.183016262,rushing_yards,Javonte Williams - Rushing Yds,,Javonte Williams,40891106,over,73.5,-114,1.87719298245614,0.5327102803738317,open,,,2026-09-08T18:26:27Z,,,,,v3-forward-measurement
65200774-303b-4ab7-80f8-6f3975b4ee85,d2a0094b-d1c1-4fae-bdcd-c557c78e4a7d,2026-09-08T18:26:27Z,FanDuel Sportsbook structured market feed,,VA,NFL,35596943,Dallas Cowboys @ New York Giants,2026-09-14T00:20:00.000Z,FanDuel,751.183016262,rushing_yards,Javonte Williams - Rushing Yds,,Javonte Williams,40891107,under,73.5,-114,1.87719298245614,0.5327102803738317,open,,,2026-09-08T18:26:27Z,,,,,v3-forward-measurement
65200774-303b-4ab7-80f8-6f3975b4ee85,f1da0301-6e39-464f-ab30-f8e8b0a405c8,2026-09-08T18:26:27Z,FanDuel Sportsbook structured market feed,,VA,NFL,35596943,Dallas Cowboys @ New York Giants,2026-09-14T00:20:00.000Z,FanDuel,751.184989087,rushing_yards,Dak Prescott - Rushing Yds,,Dak Prescott,11889993,over,7.5,-114,1.87719298245614,0.5327102803738317,open,,,2026-09-08T18:26:27Z,,,,,v3-forward-measurement
65200774-303b-4ab7-80f8-6f3975b4ee85,344bfb3b-fc95-42f1-9363-c369c63b0cd2,2026-09-08T18:26:27Z,FanDuel Sportsbook structured market feed,,VA,NFL,35596943,Dallas Cowboys @ New York Giants,2026-09-14T00:20:00.000Z,FanDuel,751.184989087,rushing_yards,Dak Prescott - Rushing Yds,,Dak Prescott,11889992,under,7.5,-114,1.87719298245614,0.5327102803738317,open,,,2026-09-08T18:26:27Z,,,,,v3-forward-measurement
61467ef0-47d0-4d50-bb9a-da70727acf74,972f1185-f6b2-4a5c-acc2-495664e71866,2026-09-08T18:26:27Z,FanDuel Sportsbook structured market feed,,VA,NFL,35596943,Dallas Cowboys @ New York Giants,2026-09-14T00:20:00.000Z,FanDuel,751.185434183,receptions,Malachi Fields - Total Receptions,,Malachi Fields,59997472,over,2.5,134,2.34,0.42735042735042733,open,,,2026-09-08T18:26:27Z,,,,,v3-forward-measurement
61467ef0-47d0-4d50-bb9a-da70727acf74,df43d09a-8b14-4676-aa9e-458bfd21cc82,2026-09-08T18:26:27Z,FanDuel Sportsbook structured market feed,,VA,NFL,35596943,Dallas Cowboys @ New York Giants,2026-09-14T00:20:00.000Z,FanDuel,751.185434183,receptions,Malachi Fields - Total Receptions,,Malachi Fields,59997467,under,2.5,-180,1.555555555555556,0.6428571428571429,open,,,2026-09-08T18:26:27Z,,,,,v3-forward-measurement
61467ef0-47d0-4d50-bb9a-da70727acf74,cd938556-c593-46e1-8333-f5fc6398519a,2026-09-08T18:26:27Z,FanDuel Sportsbook structured market feed,,VA,NFL,35596943,Dallas Cowboys @ New York Giants,2026-09-14T00:20:00.000Z,FanDuel,751.184988868,receiving_yards,Cam Skattebo - Receiving Yds,,Cam Skattebo,88246528,over,15.5,-114,1.87719298245614,0.5327102803738317,open,,,2026-09-08T18:26:27Z,,,,,v3-forward-measurement
61467ef0-47d0-4d50-bb9a-da70727acf74,bb44f189-5453-42e6-9ed7-1b8893957c35,2026-09-08T18:26:27Z,FanDuel Sportsbook structured market feed,,VA,NFL,35596943,Dallas Cowboys @ New York Giants,2026-09-14T00:20:00.000Z,FanDuel,751.184988868,receiving_yards,Cam Skattebo - Receiving Yds,,Cam Skattebo,88246518,under,15.5,-114,1.87719298245614,0.5327102803738317,open,,,2026-09-08T18:26:27Z,,,,,v3-forward-measurement
61467ef0-47d0-4d50-bb9a-da70727acf74,cd8424dc-9832-40be-b49c-515dc0d1f13b,2026-09-08T18:26:27Z,FanDuel Sportsbook structured market feed,,VA,NFL,35596943,Dallas Cowboys @ New York Giants,2026-09-14T00:20:00.000Z,FanDuel,751.184987956,receptions,Jake Ferguson - Total Receptions,,Jake Ferguson,41072316,over,3.5,-102,1.980392156862745,0.504950495049505,open,,,2026-09-08T18:26:27Z,,,,,v3-forward-measurement
61467ef0-47d0-4d50-bb9a-da70727acf74,de1837ff-7b20-4f61-9dcd-e7e2355b3530,2026-09-08T18:26:27Z,FanDuel Sportsbook structured market feed,,VA,NFL,35596943,Dallas Cowboys @ New York Giants,2026-09-14T00:20:00.000Z,FanDuel,751.184987956,receptions,Jake Ferguson - Total Receptions,,Jake Ferguson,41072318,under,3.5,-130,1.769230769230769,0.5652173913043478,open,,,2026-09-08T18:26:27Z,,,,,v3-forward-measurement
61467ef0-47d0-4d50-bb9a-da70727acf74,17eddc14-168c-4ab1-92f5-33448d193f5c,2026-09-08T18:26:27Z,FanDuel Sportsbook structured market feed,,VA,NFL,35596943,Dallas Cowboys @ New York Giants,2026-09-14T00:20:00.000Z,FanDuel,751.183009497,receptions,CeeDee Lamb - Total Receptions,,CeeDee Lamb,35952241,over,6.5,116,2.16,0.46296296296296297,open,,,2026-09-08T18:26:27Z,,,,,v3-forward-measurement
61467ef0-47d0-4d50-bb9a-da70727acf74,a03958cb-6649-4a40-9dbf-af253de6a98d,2026-09-08T18:26:27Z,FanDuel Sportsbook structured market feed,,VA,NFL,35596943,Dallas Cowboys @ New York Giants,2026-09-14T00:20:00.000Z,FanDuel,751.183009497,receptions,CeeDee Lamb - Total Receptions,,CeeDee Lamb,35952242,under,6.5,-154,1.649350649350649,0.6062992125984252,open,,,2026-09-08T18:26:27Z,,,,,v3-forward-measurement
61467ef0-47d0-4d50-bb9a-da70727acf74,e41a3748-2461-4b04-a4c9-be2c3f4c9340,2026-09-08T18:26:27Z,FanDuel Sportsbook structured market feed,,VA,NFL,35596943,Dallas Cowboys @ New York Giants,2026-09-14T00:20:00.000Z,FanDuel,751.183009498,receiving_yards,CeeDee Lamb - Receiving Yds,,CeeDee Lamb,35952241,over,76.5,-114,1.87719298245614,0.5327102803738317,open,,,2026-09-08T18:26:27Z,,,,,v3-forward-measurement
61467ef0-47d0-4d50-bb9a-da70727acf74,66b6c95a-05ab-45f9-8ebc-bc9bc3bcc3b0,2026-09-08T18:26:27Z,FanDuel Sportsbook structured market feed,,VA,NFL,35596943,Dallas Cowboys @ New York Giants,2026-09-14T00:20:00.000Z,FanDuel,751.183009498,receiving_yards,CeeDee Lamb - Receiving Yds,,CeeDee Lamb,35952242,under,76.5,-114,1.87719298245614,0.5327102803738317,open,,,2026-09-08T18:26:27Z,,,,,v3-forward-measurement
61467ef0-47d0-4d50-bb9a-da70727acf74,a1350975-5f62-42b7-99a3-fd513a82fc51,2026-09-08T18:26:27Z,FanDuel Sportsbook structured market feed,,VA,NFL,35596943,Dallas Cowboys @ New York Giants,2026-09-14T00:20:00.000Z,FanDuel,751.184988881,receptions,Cam Skattebo - Total Receptions,,Cam Skattebo,88246528,over,2.5,116,2.16,0.46296296296296297,open,,,2026-09-08T18:26:27Z,,,,,v3-forward-measurement
61467ef0-47d0-4d50-bb9a-da70727acf74,67401ed0-b132-4756-9030-99b399de7cac,2026-09-08T18:26:27Z,FanDuel Sportsbook structured market feed,,VA,NFL,35596943,Dallas Cowboys @ New York Giants,2026-09-14T00:20:00.000Z,FanDuel,751.184988881,receptions,Cam Skattebo - Total Receptions,,Cam Skattebo,88246518,under,2.5,-154,1.649350649350649,0.6062992125984252,open,,,2026-09-08T18:26:27Z,,,,,v3-forward-measurement
61467ef0-47d0-4d50-bb9a-da70727acf74,a7fc45a8-a577-4a17-88cc-3e6861e0bea0,2026-09-08T18:26:27Z,FanDuel Sportsbook structured market feed,,VA,NFL,35596943,Dallas Cowboys @ New York Giants,2026-09-14T00:20:00.000Z,FanDuel,751.184988563,receptions,Isaiah Likely - Total Receptions,,Isaiah Likely,42088270,over,3.5,116,2.16,0.46296296296296297,open,,,2026-09-08T18:26:27Z,,,,,v3-forward-measurement
61467ef0-47d0-4d50-bb9a-da70727acf74,af7a7322-33fb-4f62-92bc-95cef79d3a3e,2026-09-08T18:26:27Z,FanDuel Sportsbook structured market feed,,VA,NFL,35596943,Dallas Cowboys @ New York Giants,2026-09-14T00:20:00.000Z,FanDuel,751.184988563,receptions,Isaiah Likely - Total Receptions,,Isaiah Likely,42088269,under,3.5,-154,1.649350649350649,0.6062992125984252,open,,,2026-09-08T18:26:27Z,,,,,v3-forward-measurement
61467ef0-47d0-4d50-bb9a-da70727acf74,a7672d9f-9a87-449c-9808-6b3392b0eba7,2026-09-08T18:26:27Z,FanDuel Sportsbook structured market feed,,VA,NFL,35596943,Dallas Cowboys @ New York Giants,2026-09-14T00:20:00.000Z,FanDuel,751.184987950,receiving_yards,Jake Ferguson - Receiving Yds,,Jake Ferguson,41072316,over,30.5,-114,1.87719298245614,0.5327102803738317,open,,,2026-09-08T18:26:27Z,,,,,v3-forward-measurement
61467ef0-47d0-4d50-bb9a-da70727acf74,4633dbf1-4358-4001-9f3a-27298d0df23b,2026-09-08T18:26:27Z,FanDuel Sportsbook structured market feed,,VA,NFL,35596943,Dallas Cowboys @ New York Giants,2026-09-14T00:20:00.000Z,FanDuel,751.184987950,receiving_yards,Jake Ferguson - Receiving Yds,,Jake Ferguson,41072318,under,30.5,-114,1.87719298245614,0.5327102803738317,open,,,2026-09-08T18:26:27Z,,,,,v3-forward-measurement
61467ef0-47d0-4d50-bb9a-da70727acf74,af16b8be-da20-4d23-86d1-8f98d095e042,2026-09-08T18:26:27Z,FanDuel Sportsbook structured market feed,,VA,NFL,35596943,Dallas Cowboys @ New York Giants,2026-09-14T00:20:00.000Z,FanDuel,751.183012162,receptions,George Pickens - Total Receptions,,George Pickens,42217164,over,5.5,124,2.24,0.44642857142857145,open,,,2026-09-08T18:26:27Z,,,,,v3-forward-measurement
61467ef0-47d0-4d50-bb9a-da70727acf74,1050c6f3-9b2c-40a9-a174-674fc8da347a,2026-09-08T18:26:27Z,FanDuel Sportsbook structured market feed,,VA,NFL,35596943,Dallas Cowboys @ New York Giants,2026-09-14T00:20:00.000Z,FanDuel,751.183012162,receptions,George Pickens - Total Receptions,,George Pickens,42217165,under,5.5,-166,1.602409638554217,0.6240601503759399,open,,,2026-09-08T18:26:27Z,,,,,v3-forward-measurement
61467ef0-47d0-4d50-bb9a-da70727acf74,59b4eb46-61a5-4479-9232-2e6492fe0dc3,2026-09-08T18:26:27Z,FanDuel Sportsbook structured market feed,,VA,NFL,35596943,Dallas Cowboys @ New York Giants,2026-09-14T00:20:00.000Z,FanDuel,751.183012163,receiving_yards,George Pickens - Receiving Yds,,George Pickens,42217164,over,69.5,-114,1.87719298245614,0.5327102803738317,open,,,2026-09-08T18:26:27Z,,,,,v3-forward-measurement
61467ef0-47d0-4d50-bb9a-da70727acf74,aacc1f48-210b-418e-aa7b-9483f25faf94,2026-09-08T18:26:27Z,FanDuel Sportsbook structured market feed,,VA,NFL,35596943,Dallas Cowboys @ New York Giants,2026-09-14T00:20:00.000Z,FanDuel,751.183012163,receiving_yards,George Pickens - Receiving Yds,,George Pickens,42217165,under,69.5,-114,1.87719298245614,0.5327102803738317,open,,,2026-09-08T18:26:27Z,,,,,v3-forward-measurement
61467ef0-47d0-4d50-bb9a-da70727acf74,2cacae49-4479-4615-890d-765d56c10951,2026-09-08T18:26:27Z,FanDuel Sportsbook structured market feed,,VA,NFL,35596943,Dallas Cowboys @ New York Giants,2026-09-14T00:20:00.000Z,FanDuel,751.185434196,receiving_yards,Malachi Fields - Receiving Yds,,Malachi Fields,59997472,over,21.5,-114,1.87719298245614,0.5327102803738317,open,,,2026-09-08T18:26:27Z,,,,,v3-forward-measurement
61467ef0-47d0-4d50-bb9a-da70727acf74,65ff4cbc-8e02-4d0d-8e1f-5994d6600a36,2026-09-08T18:26:27Z,FanDuel Sportsbook structured market feed,,VA,NFL,35596943,Dallas Cowboys @ New York Giants,2026-09-14T00:20:00.000Z,FanDuel,751.185434196,receiving_yards,Malachi Fields - Receiving Yds,,Malachi Fields,59997467,under,21.5,-114,1.87719298245614,0.5327102803738317,open,,,2026-09-08T18:26:27Z,,,,,v3-forward-measurement
61467ef0-47d0-4d50-bb9a-da70727acf74,85739081-026e-4f7e-b0e1-f71cf4585591,2026-09-08T18:26:27Z,FanDuel Sportsbook structured market feed,,VA,NFL,35596943,Dallas Cowboys @ New York Giants,2026-09-14T00:20:00.000Z,FanDuel,751.183013304,receiving_yards,Malik Nabers - Receiving Yds,,Malik Nabers,42258641,over,60.5,-114,1.87719298245614,0.5327102803738317,open,,,2026-09-08T18:26:27Z,,,,,v3-forward-measurement
61467ef0-47d0-4d50-bb9a-da70727acf74,5ca86715-5143-449e-9c0e-1fdc09a8bc94,2026-09-08T18:26:27Z,FanDuel Sportsbook structured market feed,,VA,NFL,35596943,Dallas Cowboys @ New York Giants,2026-09-14T00:20:00.000Z,FanDuel,751.183013304,receiving_yards,Malik Nabers - Receiving Yds,,Malik Nabers,42258643,under,60.5,-114,1.87719298245614,0.5327102803738317,open,,,2026-09-08T18:26:27Z,,,,,v3-forward-measurement
61467ef0-47d0-4d50-bb9a-da70727acf74,8d0ebc4a-93ed-49a1-9e6b-61f3fdd29782,2026-09-08T18:26:27Z,FanDuel Sportsbook structured market feed,,VA,NFL,35596943,Dallas Cowboys @ New York Giants,2026-09-14T00:20:00.000Z,FanDuel,751.183013303,receptions,Malik Nabers - Total Receptions,,Malik Nabers,42258641,over,5.5,116,2.16,0.46296296296296297,open,,,2026-09-08T18:26:27Z,,,,,v3-forward-measurement
61467ef0-47d0-4d50-bb9a-da70727acf74,7ddc3abe-ad94-42d9-93ca-4c04a95e3404,2026-09-08T18:26:27Z,FanDuel Sportsbook structured market feed,,VA,NFL,35596943,Dallas Cowboys @ New York Giants,2026-09-14T00:20:00.000Z,FanDuel,751.183013303,receptions,Malik Nabers - Total Receptions,,Malik Nabers,42258643,under,5.5,-154,1.649350649350649,0.6062992125984252,open,,,2026-09-08T18:26:27Z,,,,,v3-forward-measurement
61467ef0-47d0-4d50-bb9a-da70727acf74,1c4c73eb-3ef3-4188-be38-7a83d0d42843,2026-09-08T18:26:27Z,FanDuel Sportsbook structured market feed,,VA,NFL,35596943,Dallas Cowboys @ New York Giants,2026-09-14T00:20:00.000Z,FanDuel,751.184988559,receiving_yards,Isaiah Likely - Receiving Yds,,Isaiah Likely,42088270,over,34.5,-114,1.87719298245614,0.5327102803738317,open,,,2026-09-08T18:26:27Z,,,,,v3-forward-measurement
61467ef0-47d0-4d50-bb9a-da70727acf74,48d15972-e244-43a0-b3f0-4f653e25fab3,2026-09-08T18:26:27Z,FanDuel Sportsbook structured market feed,,VA,NFL,35596943,Dallas Cowboys @ New York Giants,2026-09-14T00:20:00.000Z,FanDuel,751.184988559,receiving_yards,Isaiah Likely - Receiving Yds,,Isaiah Likely,42088269,under,34.5,-114,1.87719298245614,0.5327102803738317,open,,,2026-09-08T18:26:27Z,,,,,v3-forward-measurement
61467ef0-47d0-4d50-bb9a-da70727acf74,af47a670-10b8-4505-aa28-0d0f578d26c0,2026-09-08T18:26:27Z,FanDuel Sportsbook structured market feed,,VA,NFL,35596943,Dallas Cowboys @ New York Giants,2026-09-14T00:20:00.000Z,FanDuel,751.184988177,receiving_yards,Javonte Williams - Receiving Yds,,Javonte Williams,40891106,over,9.5,-114,1.87719298245614,0.5327102803738317,open,,,2026-09-08T18:26:27Z,,,,,v3-forward-measurement
61467ef0-47d0-4d50-bb9a-da70727acf74,9b8e2b05-499f-46c3-9d53-0f727a03b655,2026-09-08T18:26:27Z,FanDuel Sportsbook structured market feed,,VA,NFL,35596943,Dallas Cowboys @ New York Giants,2026-09-14T00:20:00.000Z,FanDuel,751.184988177,receiving_yards,Javonte Williams - Receiving Yds,,Javonte Williams,40891107,under,9.5,-114,1.87719298245614,0.5327102803738317,open,,,2026-09-08T18:26:27Z,,,,,v3-forward-measurement
61467ef0-47d0-4d50-bb9a-da70727acf74,bd82464f-8b4d-4d00-8633-d678b7a698e8,2026-09-08T18:26:27Z,FanDuel Sportsbook structured market feed,,VA,NFL,35596943,Dallas Cowboys @ New York Giants,2026-09-14T00:20:00.000Z,FanDuel,751.184988179,receptions,Javonte Williams - Total Receptions,,Javonte Williams,40891106,over,2.5,154,2.54,0.3937007874015748,open,,,2026-09-08T18:26:27Z,,,,,v3-forward-measurement
61467ef0-47d0-4d50-bb9a-da70727acf74,9fca1f25-2188-499b-bb8a-a6030797ad87,2026-09-08T18:26:27Z,FanDuel Sportsbook structured market feed,,VA,NFL,35596943,Dallas Cowboys @ New York Giants,2026-09-14T00:20:00.000Z,FanDuel,751.184988179,receptions,Javonte Williams - Total Receptions,,Javonte Williams,40891107,under,2.5,-210,1.476190476190476,0.6774193548387096,open,,,2026-09-08T18:26:27Z,,,,,v3-forward-measurement
61467ef0-47d0-4d50-bb9a-da70727acf74,2e0293ed-7c2b-44d8-9cc7-b2459858a89a,2026-09-08T18:26:27Z,FanDuel Sportsbook structured market feed,,VA,NFL,35596943,Dallas Cowboys @ New York Giants,2026-09-14T00:20:00.000Z,FanDuel,751.184820301,receiving_yards,Odell Beckham Jr. - Receiving Yds,,Odell Beckham Jr.,25909418,over,10.5,-114,1.87719298245614,0.5327102803738317,open,,,2026-09-08T18:26:27Z,,,,,v3-forward-measurement
61467ef0-47d0-4d50-bb9a-da70727acf74,07547b77-900e-4111-be79-40aa15b07a39,2026-09-08T18:26:27Z,FanDuel Sportsbook structured market feed,,VA,NFL,35596943,Dallas Cowboys @ New York Giants,2026-09-14T00:20:00.000Z,FanDuel,751.184820301,receiving_yards,Odell Beckham Jr. - Receiving Yds,,Odell Beckham Jr.,25909419,under,10.5,-114,1.87719298245614,0.5327102803738317,open,,,2026-09-08T18:26:27Z,,,,,v3-forward-measurement
e20ad024-6faf-4cb9-b8ca-680bfa4d7521,24ea3d69-ae81-425a-a9b9-d5b325ae08a1,2026-09-08T18:26:27Z,FanDuel Sportsbook structured market feed,,VA,NFL,35596960,San Francisco 49ers @ Los Angeles Rams,2026-09-11T00:35:00.000Z,FanDuel,751.182142326,passing_touchdowns,Brock Purdy - Passing TDs,,Brock Purdy,41074310,over,1.5,102,2.02,0.49504950495049505,open,,,2026-09-08T18:26:27Z,,,,,v3-forward-measurement
e20ad024-6faf-4cb9-b8ca-680bfa4d7521,ba7c86f2-1a2a-453f-9ce4-30b17b4472ff,2026-09-08T18:26:27Z,FanDuel Sportsbook structured market feed,,VA,NFL,35596960,San Francisco 49ers @ Los Angeles Rams,2026-09-11T00:35:00.000Z,FanDuel,751.182142326,passing_touchdowns,Brock Purdy - Passing TDs,,Brock Purdy,41074309,under,1.5,-136,1.735294117647059,0.576271186440678,open,,,2026-09-08T18:26:27Z,,,,,v3-forward-measurement
e20ad024-6faf-4cb9-b8ca-680bfa4d7521,87bfaf59-6fae-4df3-991a-0681902342bd,2026-09-08T18:26:27Z,FanDuel Sportsbook structured market feed,,VA,NFL,35596960,San Francisco 49ers @ Los Angeles Rams,2026-09-11T00:35:00.000Z,FanDuel,751.182142327,passing_yards,Matthew Stafford - Passing Yds,,Matthew Stafford,11889883,over,263.5,-114,1.87719298245614,0.5327102803738317,open,,,2026-09-08T18:26:27Z,,,,,v3-forward-measurement
e20ad024-6faf-4cb9-b8ca-680bfa4d7521,0387e2ef-ecf8-4661-93ec-2d638676d292,2026-09-08T18:26:27Z,FanDuel Sportsbook structured market feed,,VA,NFL,35596960,San Francisco 49ers @ Los Angeles Rams,2026-09-11T00:35:00.000Z,FanDuel,751.182142327,passing_yards,Matthew Stafford - Passing Yds,,Matthew Stafford,11889882,under,263.5,-114,1.87719298245614,0.5327102803738317,open,,,2026-09-08T18:26:27Z,,,,,v3-forward-measurement
e20ad024-6faf-4cb9-b8ca-680bfa4d7521,bab3bb33-ab6a-4b3a-9078-6f554f186635,2026-09-08T18:26:27Z,FanDuel Sportsbook structured market feed,,VA,NFL,35596960,San Francisco 49ers @ Los Angeles Rams,2026-09-11T00:35:00.000Z,FanDuel,751.182142297,passing_yards,Brock Purdy - Passing Yds,,Brock Purdy,41074310,over,243.5,-114,1.87719298245614,0.5327102803738317,open,,,2026-09-08T18:26:27Z,,,,,v3-forward-measurement
e20ad024-6faf-4cb9-b8ca-680bfa4d7521,adb35789-80ca-46be-8790-8e3865f6108b,2026-09-08T18:26:27Z,FanDuel Sportsbook structured market feed,,VA,NFL,35596960,San Francisco 49ers @ Los Angeles Rams,2026-09-11T00:35:00.000Z,FanDuel,751.182142297,passing_yards,Brock Purdy - Passing Yds,,Brock Purdy,41074309,under,243.5,-114,1.87719298245614,0.5327102803738317,open,,,2026-09-08T18:26:27Z,,,,,v3-forward-measurement
e20ad024-6faf-4cb9-b8ca-680bfa4d7521,baa1b034-2f4a-4758-a223-946f6f745e49,2026-09-08T18:26:27Z,FanDuel Sportsbook structured market feed,,VA,NFL,35596960,San Francisco 49ers @ Los Angeles Rams,2026-09-11T00:35:00.000Z,FanDuel,751.182142225,passing_touchdowns,Matthew Stafford - Passing TDs,,Matthew Stafford,11889883,over,1.5,-144,1.694444444444444,0.5901639344262295,open,,,2026-09-08T18:26:27Z,,,,,v3-forward-measurement
e20ad024-6faf-4cb9-b8ca-680bfa4d7521,7a3ee64e-98c7-4bea-8d70-7d71ce723ee2,2026-09-08T18:26:27Z,FanDuel Sportsbook structured market feed,,VA,NFL,35596960,San Francisco 49ers @ Los Angeles Rams,2026-09-11T00:35:00.000Z,FanDuel,751.182142225,passing_touchdowns,Matthew Stafford - Passing TDs,,Matthew Stafford,11889882,under,1.5,108,2.08,0.4807692307692308,open,,,2026-09-08T18:26:27Z,,,,,v3-forward-measurement
90a20a9a-6d2f-4c77-97ab-3a2e73243b34,9455585d-6814-4169-b2ec-84a8d361946f,2026-09-08T18:26:27Z,FanDuel Sportsbook structured market feed,,VA,NFL,35596960,San Francisco 49ers @ Los Angeles Rams,2026-09-11T00:35:00.000Z,FanDuel,751.182146210,rushing_yards,Brock Purdy - Rushing Yds,,Brock Purdy,41074310,over,17.5,-114,1.87719298245614,0.5327102803738317,open,,,2026-09-08T18:26:27Z,,,,,v3-forward-measurement
90a20a9a-6d2f-4c77-97ab-3a2e73243b34,14b6948c-8acf-4474-8f91-85290dd76aa6,2026-09-08T18:26:27Z,FanDuel Sportsbook structured market feed,,VA,NFL,35596960,San Francisco 49ers @ Los Angeles Rams,2026-09-11T00:35:00.000Z,FanDuel,751.182146210,rushing_yards,Brock Purdy - Rushing Yds,,Brock Purdy,41074309,under,17.5,-114,1.87719298245614,0.5327102803738317,open,,,2026-09-08T18:26:27Z,,,,,v3-forward-measurement
90a20a9a-6d2f-4c77-97ab-3a2e73243b34,d7b9b7dd-8b7e-4af5-b1b7-ed9ab391a6ad,2026-09-08T18:26:27Z,FanDuel Sportsbook structured market feed,,VA,NFL,35596960,San Francisco 49ers @ Los Angeles Rams,2026-09-11T00:35:00.000Z,FanDuel,751.185239157,rushing_yards,Puka Nacua - Rushing Yds,,Puka Nacua,41887349,over,2.5,102,2.02,0.49504950495049505,open,,,2026-09-08T18:26:27Z,,,,,v3-forward-measurement
90a20a9a-6d2f-4c77-97ab-3a2e73243b34,74c2e99e-655a-4006-99ba-987820ecca26,2026-09-08T18:26:27Z,FanDuel Sportsbook structured market feed,,VA,NFL,35596960,San Francisco 49ers @ Los Angeles Rams,2026-09-11T00:35:00.000Z,FanDuel,751.185239157,rushing_yards,Puka Nacua - Rushing Yds,,Puka Nacua,41887350,under,2.5,-132,1.757575757575758,0.5689655172413793,open,,,2026-09-08T18:26:27Z,,,,,v3-forward-measurement
90a20a9a-6d2f-4c77-97ab-3a2e73243b34,abceef81-2550-4d70-bcf4-79c20398bfa3,2026-09-08T18:26:27Z,FanDuel Sportsbook structured market feed,,VA,NFL,35596960,San Francisco 49ers @ Los Angeles Rams,2026-09-11T00:35:00.000Z,FanDuel,751.184968313,rushing_yards,Matthew Stafford - Rushing Yds,,Matthew Stafford,11889883,over,0.5,136,2.36,0.423728813559322,open,,,2026-09-08T18:26:27Z,,,,,v3-forward-measurement
90a20a9a-6d2f-4c77-97ab-3a2e73243b34,22af8927-219c-4a49-b619-8354d62a9d00,2026-09-08T18:26:27Z,FanDuel Sportsbook structured market feed,,VA,NFL,35596960,San Francisco 49ers @ Los Angeles Rams,2026-09-11T00:35:00.000Z,FanDuel,751.184968313,rushing_yards,Matthew Stafford - Rushing Yds,,Matthew Stafford,11889882,under,0.5,-178,1.561797752808989,0.6402877697841727,open,,,2026-09-08T18:26:27Z,,,,,v3-forward-measurement
90a20a9a-6d2f-4c77-97ab-3a2e73243b34,80447d0e-f59b-4607-a10c-ca153b84cc94,2026-09-08T18:26:27Z,FanDuel Sportsbook structured market feed,,VA,NFL,35596960,San Francisco 49ers @ Los Angeles Rams,2026-09-11T00:35:00.000Z,FanDuel,751.182144553,rushing_yards,Blake Corum - Rushing Yds,,Blake Corum,41072425,over,37.5,-114,1.87719298245614,0.5327102803738317,open,,,2026-09-08T18:26:27Z,,,,,v3-forward-measurement
90a20a9a-6d2f-4c77-97ab-3a2e73243b34,58f1e15e-ba56-4410-bcb9-030dd7650974,2026-09-08T18:26:27Z,FanDuel Sportsbook structured market feed,,VA,NFL,35596960,San Francisco 49ers @ Los Angeles Rams,2026-09-11T00:35:00.000Z,FanDuel,751.182144553,rushing_yards,Blake Corum - Rushing Yds,,Blake Corum,41072423,under,37.5,-114,1.87719298245614,0.5327102803738317,open,,,2026-09-08T18:26:27Z,,,,,v3-forward-measurement
90a20a9a-6d2f-4c77-97ab-3a2e73243b34,529a5a5d-cc59-4890-aa81-01fe4a362a95,2026-09-08T18:26:27Z,FanDuel Sportsbook structured market feed,,VA,NFL,35596960,San Francisco 49ers @ Los Angeles Rams,2026-09-11T00:35:00.000Z,FanDuel,751.182144124,rushing_yards,Christian McCaffrey - Rushing Yds,,Christian McCaffrey,14807737,over,59.5,-114,1.87719298245614,0.5327102803738317,open,,,2026-09-08T18:26:27Z,,,,,v3-forward-measurement
90a20a9a-6d2f-4c77-97ab-3a2e73243b34,6d308672-e58a-4c54-ac4d-f9e88951104a,2026-09-08T18:26:27Z,FanDuel Sportsbook structured market feed,,VA,NFL,35596960,San Francisco 49ers @ Los Angeles Rams,2026-09-11T00:35:00.000Z,FanDuel,751.182144124,rushing_yards,Christian McCaffrey - Rushing Yds,,Christian McCaffrey,14807736,under,59.5,-114,1.87719298245614,0.5327102803738317,open,,,2026-09-08T18:26:27Z,,,,,v3-forward-measurement
90a20a9a-6d2f-4c77-97ab-3a2e73243b34,0ff39429-0906-4aa7-b95e-babf829e2c70,2026-09-08T18:26:27Z,FanDuel Sportsbook structured market feed,,VA,NFL,35596960,San Francisco 49ers @ Los Angeles Rams,2026-09-11T00:35:00.000Z,FanDuel,751.182144353,rushing_yards,Kyren Williams - Rushing Yds,,Kyren Williams,37541915,over,55.5,-114,1.87719298245614,0.5327102803738317,open,,,2026-09-08T18:26:27Z,,,,,v3-forward-measurement
90a20a9a-6d2f-4c77-97ab-3a2e73243b34,96b505ba-36e2-408d-9b20-b4b31818fa28,2026-09-08T18:26:27Z,FanDuel Sportsbook structured market feed,,VA,NFL,35596960,San Francisco 49ers @ Los Angeles Rams,2026-09-11T00:35:00.000Z,FanDuel,751.182144353,rushing_yards,Kyren Williams - Rushing Yds,,Kyren Williams,37541914,under,55.5,-114,1.87719298245614,0.5327102803738317,open,,,2026-09-08T18:26:27Z,,,,,v3-forward-measurement
32318fa7-ad82-4419-97b7-e56c71676584,0ab1dec4-ef2a-460b-b912-60674982fd4a,2026-09-08T18:26:27Z,FanDuel Sportsbook structured market feed,,VA,NFL,35596960,San Francisco 49ers @ Los Angeles Rams,2026-09-11T00:35:00.000Z,FanDuel,751.182144092,receptions,Christian McCaffrey - Total Receptions,,Christian McCaffrey,14807737,over,4.5,-102,1.980392156862745,0.504950495049505,open,,,2026-09-08T18:26:27Z,,,,,v3-forward-measurement
32318fa7-ad82-4419-97b7-e56c71676584,9d149706-88fa-4bf6-a72f-1fd279a1ce63,2026-09-08T18:26:27Z,FanDuel Sportsbook structured market feed,,VA,NFL,35596960,San Francisco 49ers @ Los Angeles Rams,2026-09-11T00:35:00.000Z,FanDuel,751.182144092,receptions,Christian McCaffrey - Total Receptions,,Christian McCaffrey,14807736,under,4.5,-130,1.769230769230769,0.5652173913043478,open,,,2026-09-08T18:26:27Z,,,,,v3-forward-measurement
32318fa7-ad82-4419-97b7-e56c71676584,3509a2ce-61d5-4e52-a22f-50772e269364,2026-09-08T18:26:27Z,FanDuel Sportsbook structured market feed,,VA,NFL,35596960,San Francisco 49ers @ Los Angeles Rams,2026-09-11T00:35:00.000Z,FanDuel,751.182144099,receiving_yards,Christian McCaffrey - Receiving Yds,,Christian McCaffrey,14807737,over,38.5,-114,1.87719298245614,0.5327102803738317,open,,,2026-09-08T18:26:27Z,,,,,v3-forward-measurement
32318fa7-ad82-4419-97b7-e56c71676584,2efa0827-d359-49c2-91f0-88b0e384781f,2026-09-08T18:26:27Z,FanDuel Sportsbook structured market feed,,VA,NFL,35596960,San Francisco 49ers @ Los Angeles Rams,2026-09-11T00:35:00.000Z,FanDuel,751.182144099,receiving_yards,Christian McCaffrey - Receiving Yds,,Christian McCaffrey,14807736,under,38.5,-114,1.87719298245614,0.5327102803738317,open,,,2026-09-08T18:26:27Z,,,,,v3-forward-measurement
32318fa7-ad82-4419-97b7-e56c71676584,c1ddc9b0-b429-4cdf-bd45-9cc527315b13,2026-09-08T18:26:27Z,FanDuel Sportsbook structured market feed,,VA,NFL,35596960,San Francisco 49ers @ Los Angeles Rams,2026-09-11T00:35:00.000Z,FanDuel,751.182145106,receptions,Mike Evans - Total Receptions,,Mike Evans,11802513,over,3.5,-130,1.769230769230769,0.5652173913043478,open,,,2026-09-08T18:26:27Z,,,,,v3-forward-measurement
32318fa7-ad82-4419-97b7-e56c71676584,2e8f822d-226c-4f2d-ab45-8053c645df51,2026-09-08T18:26:27Z,FanDuel Sportsbook structured market feed,,VA,NFL,35596960,San Francisco 49ers @ Los Angeles Rams,2026-09-11T00:35:00.000Z,FanDuel,751.182145106,receptions,Mike Evans - Total Receptions,,Mike Evans,11802512,under,3.5,-102,1.980392156862745,0.504950495049505,open,,,2026-09-08T18:26:27Z,,,,,v3-forward-measurement
32318fa7-ad82-4419-97b7-e56c71676584,e0bd17ac-7773-4049-81a5-6ecf2f0caa7f,2026-09-08T18:26:27Z,FanDuel Sportsbook structured market feed,,VA,NFL,35596960,San Francisco 49ers @ Los Angeles Rams,2026-09-11T00:35:00.000Z,FanDuel,751.182145105,receiving_yards,Mike Evans - Receiving Yds,,Mike Evans,11802513,over,49.5,-114,1.87719298245614,0.5327102803738317,open,,,2026-09-08T18:26:27Z,,,,,v3-forward-measurement
32318fa7-ad82-4419-97b7-e56c71676584,80142120-ec81-4e58-90a2-5c3601f7dd8e,2026-09-08T18:26:27Z,FanDuel Sportsbook structured market feed,,VA,NFL,35596960,San Francisco 49ers @ Los Angeles Rams,2026-09-11T00:35:00.000Z,FanDuel,751.182145105,receiving_yards,Mike Evans - Receiving Yds,,Mike Evans,11802512,under,49.5,-114,1.87719298245614,0.5327102803738317,open,,,2026-09-08T18:26:27Z,,,,,v3-forward-measurement
32318fa7-ad82-4419-97b7-e56c71676584,dff809a2-d0b1-414e-a9f4-eea62eac2a2e,2026-09-08T18:26:27Z,FanDuel Sportsbook structured market feed,,VA,NFL,35596960,San Francisco 49ers @ Los Angeles Rams,2026-09-11T00:35:00.000Z,FanDuel,751.185240365,receptions,DeMarcus Robinson - Total Receptions,,DeMarcus Robinson,89390987,over,1.5,162,2.62,0.3816793893129771,open,,,2026-09-08T18:26:27Z,,,,,v3-forward-measurement
32318fa7-ad82-4419-97b7-e56c71676584,0f857518-3476-4d76-a1bc-292588333877,2026-09-08T18:26:27Z,FanDuel Sportsbook structured market feed,,VA,NFL,35596960,San Francisco 49ers @ Los Angeles Rams,2026-09-11T00:35:00.000Z,FanDuel,751.185240365,receptions,DeMarcus Robinson - Total Receptions,,DeMarcus Robinson,89390988,under,1.5,-220,1.454545454545455,0.6875,open,,,2026-09-08T18:26:27Z,,,,,v3-forward-measurement
32318fa7-ad82-4419-97b7-e56c71676584,a17f5fdd-fad9-4b3c-9436-ca895d71667f,2026-09-08T18:26:27Z,FanDuel Sportsbook structured market feed,,VA,NFL,35596960,San Francisco 49ers @ Los Angeles Rams,2026-09-11T00:35:00.000Z,FanDuel,751.184124136,receiving_yards,Kyren Williams - Receiving Yds,,Kyren Williams,37541915,over,10.5,-114,1.87719298245614,0.5327102803738317,open,,,2026-09-08T18:26:27Z,,,,,v3-forward-measurement
32318fa7-ad82-4419-97b7-e56c71676584,fe7c5c67-5042-4060-9213-7d25dd28691b,2026-09-08T18:26:27Z,FanDuel Sportsbook structured market feed,,VA,NFL,35596960,San Francisco 49ers @ Los Angeles Rams,2026-09-11T00:35:00.000Z,FanDuel,751.184124136,receiving_yards,Kyren Williams - Receiving Yds,,Kyren Williams,37541914,under,10.5,-114,1.87719298245614,0.5327102803738317,open,,,2026-09-08T18:26:27Z,,,,,v3-forward-measurement
32318fa7-ad82-4419-97b7-e56c71676584,2444fa20-c72e-4b63-9366-ca801e16da7b,2026-09-08T18:26:27Z,FanDuel Sportsbook structured market feed,,VA,NFL,35596960,San Francisco 49ers @ Los Angeles Rams,2026-09-11T00:35:00.000Z,FanDuel,751.185240366,receiving_yards,DeMarcus Robinson - Receiving Yds,,DeMarcus Robinson,89390987,over,11.5,-114,1.87719298245614,0.5327102803738317,open,,,2026-09-08T18:26:27Z,,,,,v3-forward-measurement
32318fa7-ad82-4419-97b7-e56c71676584,58121910-7eb9-43f3-9db1-b2f6a8d4f375,2026-09-08T18:26:27Z,FanDuel Sportsbook structured market feed,,VA,NFL,35596960,San Francisco 49ers @ Los Angeles Rams,2026-09-11T00:35:00.000Z,FanDuel,751.185240366,receiving_yards,DeMarcus Robinson - Receiving Yds,,DeMarcus Robinson,89390988,under,11.5,-114,1.87719298245614,0.5327102803738317,open,,,2026-09-08T18:26:27Z,,,,,v3-forward-measurement
32318fa7-ad82-4419-97b7-e56c71676584,cc27438b-c6b0-43ad-8aa8-2d0e4cf2f050,2026-09-08T18:26:27Z,FanDuel Sportsbook structured market feed,,VA,NFL,35596960,San Francisco 49ers @ Los Angeles Rams,2026-09-11T00:35:00.000Z,FanDuel,751.185240837,receiving_yards,Kyle Juszczyk - Receiving Yds,,Kyle Juszczyk,20537988,over,5.5,-114,1.87719298245614,0.5327102803738317,open,,,2026-09-08T18:26:27Z,,,,,v3-forward-measurement
32318fa7-ad82-4419-97b7-e56c71676584,153f7b09-7454-492d-9824-60b3a85a50dd,2026-09-08T18:26:27Z,FanDuel Sportsbook structured market feed,,VA,NFL,35596960,San Francisco 49ers @ Los Angeles Rams,2026-09-11T00:35:00.000Z,FanDuel,751.185240837,receiving_yards,Kyle Juszczyk - Receiving Yds,,Kyle Juszczyk,20537989,under,5.5,-114,1.87719298245614,0.5327102803738317,open,,,2026-09-08T18:26:27Z,,,,,v3-forward-measurement
32318fa7-ad82-4419-97b7-e56c71676584,557c598a-9f6c-44ed-9bad-0f51b0977247,2026-09-08T18:26:27Z,FanDuel Sportsbook structured market feed,,VA,NFL,35596960,San Francisco 49ers @ Los Angeles Rams,2026-09-11T00:35:00.000Z,FanDuel,751.184805561,receptions,Tyler Higbee - Total Receptions,,Tyler Higbee,22382019,over,1.5,-106,1.943396226415094,0.5145631067961165,open,,,2026-09-08T18:26:27Z,,,,,v3-forward-measurement
32318fa7-ad82-4419-97b7-e56c71676584,617b3ea0-203f-4d25-8ac8-c9e626deefdc,2026-09-08T18:26:27Z,FanDuel Sportsbook structured market feed,,VA,NFL,35596960,San Francisco 49ers @ Los Angeles Rams,2026-09-11T00:35:00.000Z,FanDuel,751.184805561,receptions,Tyler Higbee - Total Receptions,,Tyler Higbee,22382020,under,1.5,-125,1.8,0.5555555555555556,open,,,2026-09-08T18:26:27Z,,,,,v3-forward-measurement
32318fa7-ad82-4419-97b7-e56c71676584,03ae1649-2b7e-4420-8171-efee3fca6fa6,2026-09-08T18:26:27Z,FanDuel Sportsbook structured market feed,,VA,NFL,35596960,San Francisco 49ers @ Los Angeles Rams,2026-09-11T00:35:00.000Z,FanDuel,751.184124131,receptions,Kyren Williams - Total Receptions,,Kyren Williams,37541915,over,1.5,-148,1.675675675675676,0.5967741935483871,open,,,2026-09-08T18:26:27Z,,,,,v3-forward-measurement
32318fa7-ad82-4419-97b7-e56c71676584,074ce1ba-ece5-4ad1-b30e-28c518fdbcd5,2026-09-08T18:26:27Z,FanDuel Sportsbook structured market feed,,VA,NFL,35596960,San Francisco 49ers @ Los Angeles Rams,2026-09-11T00:35:00.000Z,FanDuel,751.184124131,receptions,Kyren Williams - Total Receptions,,Kyren Williams,37541914,under,1.5,112,2.12,0.4716981132075472,open,,,2026-09-08T18:26:27Z,,,,,v3-forward-measurement
32318fa7-ad82-4419-97b7-e56c71676584,386508a6-4e9b-48e1-a2c1-cf217926263c,2026-09-08T18:26:27Z,FanDuel Sportsbook structured market feed,,VA,NFL,35596960,San Francisco 49ers @ Los Angeles Rams,2026-09-11T00:35:00.000Z,FanDuel,751.184805565,receiving_yards,Tyler Higbee - Receiving Yds,,Tyler Higbee,22382019,over,13.5,-114,1.87719298245614,0.5327102803738317,open,,,2026-09-08T18:26:27Z,,,,,v3-forward-measurement
32318fa7-ad82-4419-97b7-e56c71676584,c09bb7e4-98f2-45b3-b798-097bbf925866,2026-09-08T18:26:27Z,FanDuel Sportsbook structured market feed,,VA,NFL,35596960,San Francisco 49ers @ Los Angeles Rams,2026-09-11T00:35:00.000Z,FanDuel,751.184805565,receiving_yards,Tyler Higbee - Receiving Yds,,Tyler Higbee,22382020,under,13.5,-114,1.87719298245614,0.5327102803738317,open,,,2026-09-08T18:26:27Z,,,,,v3-forward-measurement
32318fa7-ad82-4419-97b7-e56c71676584,f21926ea-62d4-480e-bf08-a02fe672bca1,2026-09-08T18:26:27Z,FanDuel Sportsbook structured market feed,,VA,NFL,35596960,San Francisco 49ers @ Los Angeles Rams,2026-09-11T00:35:00.000Z,FanDuel,751.182144865,receptions,Puka Nacua - Total Receptions,,Puka Nacua,41887349,over,7.5,116,2.16,0.46296296296296297,open,,,2026-09-08T18:26:27Z,,,,,v3-forward-measurement
32318fa7-ad82-4419-97b7-e56c71676584,57b2a3ad-02e5-42cf-aaeb-5576b6e552e5,2026-09-08T18:26:27Z,FanDuel Sportsbook structured market feed,,VA,NFL,35596960,San Francisco 49ers @ Los Angeles Rams,2026-09-11T00:35:00.000Z,FanDuel,751.182144865,receptions,Puka Nacua - Total Receptions,,Puka Nacua,41887350,under,7.5,-154,1.649350649350649,0.6062992125984252,open,,,2026-09-08T18:26:27Z,,,,,v3-forward-measurement
32318fa7-ad82-4419-97b7-e56c71676584,b4f8e3ce-37d8-4a4f-84fd-950ad10fbe5e,2026-09-08T18:26:27Z,FanDuel Sportsbook structured market feed,,VA,NFL,35596960,San Francisco 49ers @ Los Angeles Rams,2026-09-11T00:35:00.000Z,FanDuel,751.182144863,receiving_yards,Puka Nacua - Receiving Yds,,Puka Nacua,41887349,over,90.5,-114,1.87719298245614,0.5327102803738317,open,,,2026-09-08T18:26:27Z,,,,,v3-forward-measurement
32318fa7-ad82-4419-97b7-e56c71676584,fc81a4e5-320f-47e9-a44c-9b45af9ae2b5,2026-09-08T18:26:27Z,FanDuel Sportsbook structured market feed,,VA,NFL,35596960,San Francisco 49ers @ Los Angeles Rams,2026-09-11T00:35:00.000Z,FanDuel,751.182144863,receiving_yards,Puka Nacua - Receiving Yds,,Puka Nacua,41887350,under,90.5,-114,1.87719298245614,0.5327102803738317,open,,,2026-09-08T18:26:27Z,,,,,v3-forward-measurement
32318fa7-ad82-4419-97b7-e56c71676584,bed06110-7830-4134-8189-731e731e8174,2026-09-08T18:26:27Z,FanDuel Sportsbook structured market feed,,VA,NFL,35596960,San Francisco 49ers @ Los Angeles Rams,2026-09-11T00:35:00.000Z,FanDuel,751.182145479,receptions,De'Zhaun Stribling - Total Receptions,,De'Zhaun Stribling,48301806,over,3.5,134,2.34,0.42735042735042733,open,,,2026-09-08T18:26:27Z,,,,,v3-forward-measurement
32318fa7-ad82-4419-97b7-e56c71676584,a6acc0b9-cb0a-4395-b618-34d8a46390b6,2026-09-08T18:26:27Z,FanDuel Sportsbook structured market feed,,VA,NFL,35596960,San Francisco 49ers @ Los Angeles Rams,2026-09-11T00:35:00.000Z,FanDuel,751.182145479,receptions,De'Zhaun Stribling - Total Receptions,,De'Zhaun Stribling,48301805,under,3.5,-180,1.555555555555556,0.6428571428571429,open,,,2026-09-08T18:26:27Z,,,,,v3-forward-measurement
32318fa7-ad82-4419-97b7-e56c71676584,58d173d6-0d24-4fb8-89d4-98d5986bef45,2026-09-08T18:26:27Z,FanDuel Sportsbook structured market feed,,VA,NFL,35596960,San Francisco 49ers @ Los Angeles Rams,2026-09-11T00:35:00.000Z,FanDuel,751.184122867,receiving_yards,Davante Adams - Receiving Yds,,Davante Adams,11925821,over,51.5,-114,1.87719298245614,0.5327102803738317,open,,,2026-09-08T18:26:27Z,,,,,v3-forward-measurement
32318fa7-ad82-4419-97b7-e56c71676584,24920ec9-602d-4982-baea-f8aaa8311bec,2026-09-08T18:26:27Z,FanDuel Sportsbook structured market feed,,VA,NFL,35596960,San Francisco 49ers @ Los Angeles Rams,2026-09-11T00:35:00.000Z,FanDuel,751.184122867,receiving_yards,Davante Adams - Receiving Yds,,Davante Adams,11925820,under,51.5,-114,1.87719298245614,0.5327102803738317,open,,,2026-09-08T18:26:27Z,,,,,v3-forward-measurement
32318fa7-ad82-4419-97b7-e56c71676584,8899ec19-529b-4138-8bf6-05d0dccbaddd,2026-09-08T18:26:27Z,FanDuel Sportsbook structured market feed,,VA,NFL,35596960,San Francisco 49ers @ Los Angeles Rams,2026-09-11T00:35:00.000Z,FanDuel,751.184122869,receptions,Davante Adams - Total Receptions,,Davante Adams,11925821,over,4.5,-102,1.980392156862745,0.504950495049505,open,,,2026-09-08T18:26:27Z,,,,,v3-forward-measurement
32318fa7-ad82-4419-97b7-e56c71676584,064ef653-d6b8-4a2e-ad6b-c0f8d975b3d8,2026-09-08T18:26:27Z,FanDuel Sportsbook structured market feed,,VA,NFL,35596960,San Francisco 49ers @ Los Angeles Rams,2026-09-11T00:35:00.000Z,FanDuel,751.184122869,receptions,Davante Adams - Total Receptions,,Davante Adams,11925820,under,4.5,-130,1.769230769230769,0.5652173913043478,open,,,2026-09-08T18:26:27Z,,,,,v3-forward-measurement
32318fa7-ad82-4419-97b7-e56c71676584,5c766c8c-e764-4791-9ba0-5fa28c133ec0,2026-09-08T18:26:27Z,FanDuel Sportsbook structured market feed,,VA,NFL,35596960,San Francisco 49ers @ Los Angeles Rams,2026-09-11T00:35:00.000Z,FanDuel,751.184668934,receptions,George Kittle - Total Receptions,,George Kittle,20656770,over,3.5,-130,1.769230769230769,0.5652173913043478,open,,,2026-09-08T18:26:27Z,,,,,v3-forward-measurement
32318fa7-ad82-4419-97b7-e56c71676584,b925a233-324c-49b6-a419-37e86a897587,2026-09-08T18:26:27Z,FanDuel Sportsbook structured market feed,,VA,NFL,35596960,San Francisco 49ers @ Los Angeles Rams,2026-09-11T00:35:00.000Z,FanDuel,751.184668934,receptions,George Kittle - Total Receptions,,George Kittle,20656771,under,3.5,-102,1.980392156862745,0.504950495049505,open,,,2026-09-08T18:26:27Z,,,,,v3-forward-measurement
32318fa7-ad82-4419-97b7-e56c71676584,d4d8d8f1-a42b-4180-a7cb-cf9f0b42e46d,2026-09-08T18:26:27Z,FanDuel Sportsbook structured market feed,,VA,NFL,35596960,San Francisco 49ers @ Los Angeles Rams,2026-09-11T00:35:00.000Z,FanDuel,751.184123397,receptions,Colby Parkinson - Total Receptions,,Colby Parkinson,41197145,over,2.5,114,2.14,0.4672897196261682,open,,,2026-09-08T18:26:27Z,,,,,v3-forward-measurement
32318fa7-ad82-4419-97b7-e56c71676584,05456d4a-fe06-4436-a06c-fc9c2c495395,2026-09-08T18:26:27Z,FanDuel Sportsbook structured market feed,,VA,NFL,35596960,San Francisco 49ers @ Los Angeles Rams,2026-09-11T00:35:00.000Z,FanDuel,751.184123397,receptions,Colby Parkinson - Total Receptions,,Colby Parkinson,41197146,under,2.5,-148,1.675675675675676,0.5967741935483871,open,,,2026-09-08T18:26:27Z,,,,,v3-forward-measurement
32318fa7-ad82-4419-97b7-e56c71676584,d78cde6e-654c-49a2-b188-a10449b948ec,2026-09-08T18:26:27Z,FanDuel Sportsbook structured market feed,,VA,NFL,35596960,San Francisco 49ers @ Los Angeles Rams,2026-09-11T00:35:00.000Z,FanDuel,751.184668935,receiving_yards,George Kittle - Receiving Yds,,George Kittle,20656770,over,37.5,-114,1.87719298245614,0.5327102803738317,open,,,2026-09-08T18:26:27Z,,,,,v3-forward-measurement
32318fa7-ad82-4419-97b7-e56c71676584,2b676888-1cec-4c9d-8db9-9a5e7c61ecb3,2026-09-08T18:26:27Z,FanDuel Sportsbook structured market feed,,VA,NFL,35596960,San Francisco 49ers @ Los Angeles Rams,2026-09-11T00:35:00.000Z,FanDuel,751.184668935,receiving_yards,George Kittle - Receiving Yds,,George Kittle,20656771,under,37.5,-114,1.87719298245614,0.5327102803738317,open,,,2026-09-08T18:26:27Z,,,,,v3-forward-measurement
32318fa7-ad82-4419-97b7-e56c71676584,947ba81b-e292-49bd-a12d-2959a4e520d2,2026-09-08T18:26:27Z,FanDuel Sportsbook structured market feed,,VA,NFL,35596960,San Francisco 49ers @ Los Angeles Rams,2026-09-11T00:35:00.000Z,FanDuel,751.185240834,receptions,Kyle Juszczyk - Total Receptions,,Kyle Juszczyk,20537988,over,1.5,162,2.62,0.3816793893129771,open,,,2026-09-08T18:26:27Z,,,,,v3-forward-measurement
32318fa7-ad82-4419-97b7-e56c71676584,fc881fb4-23f2-43e2-886c-9397c918fee1,2026-09-08T18:26:27Z,FanDuel Sportsbook structured market feed,,VA,NFL,35596960,San Francisco 49ers @ Los Angeles Rams,2026-09-11T00:35:00.000Z,FanDuel,751.185240834,receptions,Kyle Juszczyk - Total Receptions,,Kyle Juszczyk,20537989,under,1.5,-220,1.454545454545455,0.6875,open,,,2026-09-08T18:26:27Z,,,,,v3-forward-measurement
32318fa7-ad82-4419-97b7-e56c71676584,ab70b1ed-aba6-47d7-b5ab-6e02fa339b8f,2026-09-08T18:26:27Z,FanDuel Sportsbook structured market feed,,VA,NFL,35596960,San Francisco 49ers @ Los Angeles Rams,2026-09-11T00:35:00.000Z,FanDuel,751.184123392,receiving_yards,Colby Parkinson - Receiving Yds,,Colby Parkinson,41197145,over,21.5,-114,1.87719298245614,0.5327102803738317,open,,,2026-09-08T18:26:27Z,,,,,v3-forward-measurement
32318fa7-ad82-4419-97b7-e56c71676584,2869a449-a2ec-404b-bbdd-dfa518593a10,2026-09-08T18:26:27Z,FanDuel Sportsbook structured market feed,,VA,NFL,35596960,San Francisco 49ers @ Los Angeles Rams,2026-09-11T00:35:00.000Z,FanDuel,751.184123392,receiving_yards,Colby Parkinson - Receiving Yds,,Colby Parkinson,41197146,under,21.5,-114,1.87719298245614,0.5327102803738317,open,,,2026-09-08T18:26:27Z,,,,,v3-forward-measurement
32318fa7-ad82-4419-97b7-e56c71676584,a1eff772-252a-4cf3-b533-1129fb34fcbe,2026-09-08T18:26:27Z,FanDuel Sportsbook structured market feed,,VA,NFL,35596960,San Francisco 49ers @ Los Angeles Rams,2026-09-11T00:35:00.000Z,FanDuel,751.182145487,receiving_yards,De'Zhaun Stribling - Receiving Yds,,De'Zhaun Stribling,48301806,over,35.5,-114,1.87719298245614,0.5327102803738317,open,,,2026-09-08T18:26:27Z,,,,,v3-forward-measurement
32318fa7-ad82-4419-97b7-e56c71676584,1841faf1-99ce-4964-b98b-e30448b4232d,2026-09-08T18:26:27Z,FanDuel Sportsbook structured market feed,,VA,NFL,35596960,San Francisco 49ers @ Los Angeles Rams,2026-09-11T00:35:00.000Z,FanDuel,751.182145487,receiving_yards,De'Zhaun Stribling - Receiving Yds,,De'Zhaun Stribling,48301805,under,35.5,-114,1.87719298245614,0.5327102803738317,open,,,2026-09-08T18:26:27Z,,,,,v3-forward-measurement
32318fa7-ad82-4419-97b7-e56c71676584,5dd16416-ff10-4516-b67b-ceb02976c1fe,2026-09-08T18:26:27Z,FanDuel Sportsbook structured market feed,,VA,NFL,35596960,San Francisco 49ers @ Los Angeles Rams,2026-09-11T00:35:00.000Z,FanDuel,751.184125604,receptions,Terrance Ferguson - Total Receptions,,Terrance Ferguson,41172819,over,1.5,-144,1.694444444444444,0.5901639344262295,open,,,2026-09-08T18:26:27Z,,,,,v3-forward-measurement
32318fa7-ad82-4419-97b7-e56c71676584,6592c438-85bb-4d26-b0e4-1512b2fb2d00,2026-09-08T18:26:27Z,FanDuel Sportsbook structured market feed,,VA,NFL,35596960,San Francisco 49ers @ Los Angeles Rams,2026-09-11T00:35:00.000Z,FanDuel,751.184125604,receptions,Terrance Ferguson - Total Receptions,,Terrance Ferguson,41172818,under,1.5,108,2.08,0.4807692307692308,open,,,2026-09-08T18:26:27Z,,,,,v3-forward-measurement
32318fa7-ad82-4419-97b7-e56c71676584,66f3a16a-51d7-49b3-a6a0-b8370b1d1a1f,2026-09-08T18:26:27Z,FanDuel Sportsbook structured market feed,,VA,NFL,35596960,San Francisco 49ers @ Los Angeles Rams,2026-09-11T00:35:00.000Z,FanDuel,751.184125600,receiving_yards,Terrance Ferguson - Receiving Yds,,Terrance Ferguson,41172819,over,23.5,-114,1.87719298245614,0.5327102803738317,open,,,2026-09-08T18:26:27Z,,,,,v3-forward-measurement
32318fa7-ad82-4419-97b7-e56c71676584,cfc7b0dc-9b4f-4824-a9b0-11da0d0b59d2,2026-09-08T18:26:27Z,FanDuel Sportsbook structured market feed,,VA,NFL,35596960,San Francisco 49ers @ Los Angeles Rams,2026-09-11T00:35:00.000Z,FanDuel,751.184125600,receiving_yards,Terrance Ferguson - Receiving Yds,,Terrance Ferguson,41172818,under,23.5,-114,1.87719298245614,0.5327102803738317,open,,,2026-09-08T18:26:27Z,,,,,v3-forward-measurement
32318fa7-ad82-4419-97b7-e56c71676584,a6a78e1e-2fca-45bf-943e-f2d4959e2743,2026-09-08T18:26:27Z,FanDuel Sportsbook structured market feed,,VA,NFL,35596960,San Francisco 49ers @ Los Angeles Rams,2026-09-11T00:35:00.000Z,FanDuel,751.182145335,receiving_yards,Deebo Samuel - Receiving Yds,,Deebo Samuel,26158892,over,29.5,-114,1.87719298245614,0.5327102803738317,open,,,2026-09-08T18:26:27Z,,,,,v3-forward-measurement
32318fa7-ad82-4419-97b7-e56c71676584,02a0da3d-3239-4267-98ca-a8b77ee680ee,2026-09-08T18:26:27Z,FanDuel Sportsbook structured market feed,,VA,NFL,35596960,San Francisco 49ers @ Los Angeles Rams,2026-09-11T00:35:00.000Z,FanDuel,751.182145335,receiving_yards,Deebo Samuel - Receiving Yds,,Deebo Samuel,26158893,under,29.5,-114,1.87719298245614,0.5327102803738317,open,,,2026-09-08T18:26:27Z,,,,,v3-forward-measurement
32318fa7-ad82-4419-97b7-e56c71676584,90b791f1-48ab-40aa-92cf-d69415aa08ee,2026-09-08T18:26:27Z,FanDuel Sportsbook structured market feed,,VA,NFL,35596960,San Francisco 49ers @ Los Angeles Rams,2026-09-11T00:35:00.000Z,FanDuel,751.182145333,receptions,Deebo Samuel - Total Receptions,,Deebo Samuel,26158892,over,2.5,-140,1.714285714285714,0.5833333333333334,open,,,2026-09-08T18:26:27Z,,,,,v3-forward-measurement
32318fa7-ad82-4419-97b7-e56c71676584,55a3016c-03d8-4857-bf77-3e046ffc2fdc,2026-09-08T18:26:27Z,FanDuel Sportsbook structured market feed,,VA,NFL,35596960,San Francisco 49ers @ Los Angeles Rams,2026-09-11T00:35:00.000Z,FanDuel,751.182145333,receptions,Deebo Samuel - Total Receptions,,Deebo Samuel,26158893,under,2.5,106,2.06,0.4854368932038835,open,,,2026-09-08T18:26:27Z,,,,,v3-forward-measurement
de55a39d-5e59-4662-8164-837077dae33b,6cc20011-2211-424c-967e-67f6b2e3a66b,2026-09-08T18:26:27Z,FanDuel Sportsbook structured market feed,,VA,NFL,35601246,Denver Broncos @ Kansas City Chiefs,2026-09-15T00:15:00.000Z,FanDuel,751.183526256,passing_touchdowns,Bo Nix - Passing TDs,,Bo Nix,41331175,over,1.5,142,2.42,0.4132231404958678,open,,,2026-09-08T18:26:27Z,,,,,v3-forward-measurement
de55a39d-5e59-4662-8164-837077dae33b,0cc1bb2f-247f-49ce-9e8a-babd2c115668,2026-09-08T18:26:27Z,FanDuel Sportsbook structured market feed,,VA,NFL,35601246,Denver Broncos @ Kansas City Chiefs,2026-09-15T00:15:00.000Z,FanDuel,751.183526256,passing_touchdowns,Bo Nix - Passing TDs,,Bo Nix,41331177,under,1.5,-192,1.520833333333333,0.6575342465753424,open,,,2026-09-08T18:26:27Z,,,,,v3-forward-measurement
de55a39d-5e59-4662-8164-837077dae33b,cbf18380-2bde-4201-bb75-7c62bdc275dd,2026-09-08T18:26:27Z,FanDuel Sportsbook structured market feed,,VA,NFL,35601246,Denver Broncos @ Kansas City Chiefs,2026-09-15T00:15:00.000Z,FanDuel,751.183526203,passing_touchdowns,Patrick Mahomes - Passing TDs,,Patrick Mahomes,16593717,over,1.5,116,2.16,0.46296296296296297,open,,,2026-09-08T18:26:27Z,,,,,v3-forward-measurement
de55a39d-5e59-4662-8164-837077dae33b,3b216aa2-d10e-4cc0-8423-6a5cc174a6e6,2026-09-08T18:26:27Z,FanDuel Sportsbook structured market feed,,VA,NFL,35601246,Denver Broncos @ Kansas City Chiefs,2026-09-15T00:15:00.000Z,FanDuel,751.183526203,passing_touchdowns,Patrick Mahomes - Passing TDs,,Patrick Mahomes,16593718,under,1.5,-154,1.649350649350649,0.6062992125984252,open,,,2026-09-08T18:26:27Z,,,,,v3-forward-measurement
de55a39d-5e59-4662-8164-837077dae33b,5e01dfbb-e029-4605-a5fe-057e70036ac8,2026-09-08T18:26:27Z,FanDuel Sportsbook structured market feed,,VA,NFL,35601246,Denver Broncos @ Kansas City Chiefs,2026-09-15T00:15:00.000Z,FanDuel,751.183526326,passing_yards,Bo Nix - Passing Yds,,Bo Nix,41331175,over,227.5,-114,1.87719298245614,0.5327102803738317,open,,,2026-09-08T18:26:27Z,,,,,v3-forward-measurement
de55a39d-5e59-4662-8164-837077dae33b,d821c74e-a593-4aa0-b635-f8e784144765,2026-09-08T18:26:27Z,FanDuel Sportsbook structured market feed,,VA,NFL,35601246,Denver Broncos @ Kansas City Chiefs,2026-09-15T00:15:00.000Z,FanDuel,751.183526326,passing_yards,Bo Nix - Passing Yds,,Bo Nix,41331177,under,227.5,-114,1.87719298245614,0.5327102803738317,open,,,2026-09-08T18:26:27Z,,,,,v3-forward-measurement
de55a39d-5e59-4662-8164-837077dae33b,f5c8aedc-af27-4500-a7cb-5d420d3af644,2026-09-08T18:26:27Z,FanDuel Sportsbook structured market feed,,VA,NFL,35601246,Denver Broncos @ Kansas City Chiefs,2026-09-15T00:15:00.000Z,FanDuel,751.183526339,passing_yards,Patrick Mahomes - Passing Yds,,Patrick Mahomes,16593717,over,225.5,-114,1.87719298245614,0.5327102803738317,open,,,2026-09-08T18:26:27Z,,,,,v3-forward-measurement
de55a39d-5e59-4662-8164-837077dae33b,84ceea12-dad5-4c9b-96e1-a38b1e430503,2026-09-08T18:26:27Z,FanDuel Sportsbook structured market feed,,VA,NFL,35601246,Denver Broncos @ Kansas City Chiefs,2026-09-15T00:15:00.000Z,FanDuel,751.183526339,passing_yards,Patrick Mahomes - Passing Yds,,Patrick Mahomes,16593718,under,225.5,-114,1.87719298245614,0.5327102803738317,open,,,2026-09-08T18:26:27Z,,,,,v3-forward-measurement
8e5920f8-e7e7-466a-8133-f076736330cf,9cee45dc-5cfc-4347-bdfd-1fc5a21ff340,2026-09-08T18:26:27Z,FanDuel Sportsbook structured market feed,,VA,NFL,35601246,Denver Broncos @ Kansas City Chiefs,2026-09-15T00:15:00.000Z,FanDuel,751.183528169,rushing_yards,Bo Nix - Rushing Yds,,Bo Nix,41331175,over,15.5,-114,1.87719298245614,0.5327102803738317,open,,,2026-09-08T18:26:27Z,,,,,v3-forward-measurement
8e5920f8-e7e7-466a-8133-f076736330cf,2bcfd359-2361-4301-8d4d-f6bf601351f9,2026-09-08T18:26:27Z,FanDuel Sportsbook structured market feed,,VA,NFL,35601246,Denver Broncos @ Kansas City Chiefs,2026-09-15T00:15:00.000Z,FanDuel,751.183528169,rushing_yards,Bo Nix - Rushing Yds,,Bo Nix,41331177,under,15.5,-114,1.87719298245614,0.5327102803738317,open,,,2026-09-08T18:26:27Z,,,,,v3-forward-measurement
8e5920f8-e7e7-466a-8133-f076736330cf,c7e2b69b-74bb-4e01-986c-19a203630697,2026-09-08T18:26:27Z,FanDuel Sportsbook structured market feed,,VA,NFL,35601246,Denver Broncos @ Kansas City Chiefs,2026-09-15T00:15:00.000Z,FanDuel,751.183528149,rushing_yards,Patrick Mahomes - Rushing Yds,,Patrick Mahomes,16593717,over,15.5,-114,1.87719298245614,0.5327102803738317,open,,,2026-09-08T18:26:27Z,,,,,v3-forward-measurement
8e5920f8-e7e7-466a-8133-f076736330cf,3e975539-5ea8-4663-a954-1dd983f0b2ec,2026-09-08T18:26:27Z,FanDuel Sportsbook structured market feed,,VA,NFL,35601246,Denver Broncos @ Kansas City Chiefs,2026-09-15T00:15:00.000Z,FanDuel,751.183528149,rushing_yards,Patrick Mahomes - Rushing Yds,,Patrick Mahomes,16593718,under,15.5,-114,1.87719298245614,0.5327102803738317,open,,,2026-09-08T18:26:27Z,,,,,v3-forward-measurement
8e5920f8-e7e7-466a-8133-f076736330cf,028ddff0-3786-45af-bb2e-b709c8ee39f5,2026-09-08T18:26:27Z,FanDuel Sportsbook structured market feed,,VA,NFL,35601246,Denver Broncos @ Kansas City Chiefs,2026-09-15T00:15:00.000Z,FanDuel,751.185117314,rushing_yards,RJ Harvey - Rushing Yds,,RJ Harvey,50744298,over,18.5,-114,1.87719298245614,0.5327102803738317,open,,,2026-09-08T18:26:27Z,,,,,v3-forward-measurement
8e5920f8-e7e7-466a-8133-f076736330cf,bcbe3c97-f312-461c-9a6d-bb05828f9e84,2026-09-08T18:26:27Z,FanDuel Sportsbook structured market feed,,VA,NFL,35601246,Denver Broncos @ Kansas City Chiefs,2026-09-15T00:15:00.000Z,FanDuel,751.185117314,rushing_yards,RJ Harvey - Rushing Yds,,RJ Harvey,50744300,under,18.5,-114,1.87719298245614,0.5327102803738317,open,,,2026-09-08T18:26:27Z,,,,,v3-forward-measurement
8e5920f8-e7e7-466a-8133-f076736330cf,e22a06c0-42b2-47f1-a1f0-a02041cc69a0,2026-09-08T18:26:27Z,FanDuel Sportsbook structured market feed,,VA,NFL,35601246,Denver Broncos @ Kansas City Chiefs,2026-09-15T00:15:00.000Z,FanDuel,751.183528041,rushing_yards,Kenneth Walker III - Rushing Yds,,Kenneth Walker III,40975102,over,59.5,-114,1.87719298245614,0.5327102803738317,open,,,2026-09-08T18:26:27Z,,,,,v3-forward-measurement
8e5920f8-e7e7-466a-8133-f076736330cf,5b74a7fd-7d66-4cf3-bff8-36443bf5654e,2026-09-08T18:26:27Z,FanDuel Sportsbook structured market feed,,VA,NFL,35601246,Denver Broncos @ Kansas City Chiefs,2026-09-15T00:15:00.000Z,FanDuel,751.183528041,rushing_yards,Kenneth Walker III - Rushing Yds,,Kenneth Walker III,40975103,under,59.5,-114,1.87719298245614,0.5327102803738317,open,,,2026-09-08T18:26:27Z,,,,,v3-forward-measurement
8e5920f8-e7e7-466a-8133-f076736330cf,55411f7e-c813-478a-a627-3b6683f79415,2026-09-08T18:26:27Z,FanDuel Sportsbook structured market feed,,VA,NFL,35601246,Denver Broncos @ Kansas City Chiefs,2026-09-15T00:15:00.000Z,FanDuel,751.183528043,rushing_yards,J.K. Dobbins - Rushing Yds,,J.K. Dobbins,48302900,over,49.5,-114,1.87719298245614,0.5327102803738317,open,,,2026-09-08T18:26:27Z,,,,,v3-forward-measurement
8e5920f8-e7e7-466a-8133-f076736330cf,9cf45bb2-3fde-4a59-ab44-c5210789bfb4,2026-09-08T18:26:27Z,FanDuel Sportsbook structured market feed,,VA,NFL,35601246,Denver Broncos @ Kansas City Chiefs,2026-09-15T00:15:00.000Z,FanDuel,751.183528043,rushing_yards,J.K. Dobbins - Rushing Yds,,J.K. Dobbins,48302899,under,49.5,-114,1.87719298245614,0.5327102803738317,open,,,2026-09-08T18:26:27Z,,,,,v3-forward-measurement
941049cb-73c6-4a68-a47b-9974156aa2a7,2a7979f0-30f8-44d2-a231-107eb73df243,2026-09-08T18:26:27Z,FanDuel Sportsbook structured market feed,,VA,NFL,35601246,Denver Broncos @ Kansas City Chiefs,2026-09-15T00:15:00.000Z,FanDuel,751.183528882,receiving_yards,Xavier Worthy - Receiving Yds,,Xavier Worthy,41066840,over,36.5,-114,1.87719298245614,0.5327102803738317,open,,,2026-09-08T18:26:27Z,,,,,v3-forward-measurement
941049cb-73c6-4a68-a47b-9974156aa2a7,c09611ac-b82d-4278-8477-89c180a86a9b,2026-09-08T18:26:27Z,FanDuel Sportsbook structured market feed,,VA,NFL,35601246,Denver Broncos @ Kansas City Chiefs,2026-09-15T00:15:00.000Z,FanDuel,751.183528882,receiving_yards,Xavier Worthy - Receiving Yds,,Xavier Worthy,41066847,under,36.5,-114,1.87719298245614,0.5327102803738317,open,,,2026-09-08T18:26:27Z,,,,,v3-forward-measurement
941049cb-73c6-4a68-a47b-9974156aa2a7,57124f07-5292-41be-bf76-e6bc4b89120b,2026-09-08T18:26:27Z,FanDuel Sportsbook structured market feed,,VA,NFL,35601246,Denver Broncos @ Kansas City Chiefs,2026-09-15T00:15:00.000Z,FanDuel,751.183528883,receptions,Xavier Worthy - Total Receptions,,Xavier Worthy,41066840,over,3.5,116,2.16,0.46296296296296297,open,,,2026-09-08T18:26:27Z,,,,,v3-forward-measurement
941049cb-73c6-4a68-a47b-9974156aa2a7,ee1d6a0f-cd9f-42d2-b3a3-e88fbf92d551,2026-09-08T18:26:27Z,FanDuel Sportsbook structured market feed,,VA,NFL,35601246,Denver Broncos @ Kansas City Chiefs,2026-09-15T00:15:00.000Z,FanDuel,751.183528883,receptions,Xavier Worthy - Total Receptions,,Xavier Worthy,41066847,under,3.5,-154,1.649350649350649,0.6062992125984252,open,,,2026-09-08T18:26:27Z,,,,,v3-forward-measurement
941049cb-73c6-4a68-a47b-9974156aa2a7,987e6ce7-8b27-4da3-99b0-fc7c7d032a82,2026-09-08T18:26:27Z,FanDuel Sportsbook structured market feed,,VA,NFL,35601246,Denver Broncos @ Kansas City Chiefs,2026-09-15T00:15:00.000Z,FanDuel,751.185163843,receptions,Pat Bryant - Total Receptions,,Pat Bryant,48907099,over,2.5,120,2.2,0.45454545454545453,open,,,2026-09-08T18:26:27Z,,,,,v3-forward-measurement
941049cb-73c6-4a68-a47b-9974156aa2a7,494fdb00-8137-43b6-8a71-81d5bab666d3,2026-09-08T18:26:27Z,FanDuel Sportsbook structured market feed,,VA,NFL,35601246,Denver Broncos @ Kansas City Chiefs,2026-09-15T00:15:00.000Z,FanDuel,751.185163843,receptions,Pat Bryant - Total Receptions,,Pat Bryant,48907098,under,2.5,-160,1.625,0.6153846153846154,open,,,2026-09-08T18:26:27Z,,,,,v3-forward-measurement
941049cb-73c6-4a68-a47b-9974156aa2a7,67cf24b2-b24b-448c-a8b3-c0e93c82a0bc,2026-09-08T18:26:27Z,FanDuel Sportsbook structured market feed,,VA,NFL,35601246,Denver Broncos @ Kansas City Chiefs,2026-09-15T00:15:00.000Z,FanDuel,751.183528524,receiving_yards,Jaylen Waddle - Receiving Yds,,Jaylen Waddle,40877797,over,53.5,-114,1.87719298245614,0.5327102803738317,open,,,2026-09-08T18:26:27Z,,,,,v3-forward-measurement
941049cb-73c6-4a68-a47b-9974156aa2a7,9916afa8-a94a-4498-bfc8-83df7a9107ee,2026-09-08T18:26:27Z,FanDuel Sportsbook structured market feed,,VA,NFL,35601246,Denver Broncos @ Kansas City Chiefs,2026-09-15T00:15:00.000Z,FanDuel,751.183528524,receiving_yards,Jaylen Waddle - Receiving Yds,,Jaylen Waddle,40877798,under,53.5,-114,1.87719298245614,0.5327102803738317,open,,,2026-09-08T18:26:27Z,,,,,v3-forward-measurement
941049cb-73c6-4a68-a47b-9974156aa2a7,57116063-2288-4f6a-9cbf-a43871a2d3b2,2026-09-08T18:26:27Z,FanDuel Sportsbook structured market feed,,VA,NFL,35601246,Denver Broncos @ Kansas City Chiefs,2026-09-15T00:15:00.000Z,FanDuel,751.185165140,receiving_yards,J.K. Dobbins - Receiving Yds,,J.K. Dobbins,48302900,over,3.5,-114,1.87719298245614,0.5327102803738317,open,,,2026-09-08T18:26:27Z,,,,,v3-forward-measurement
941049cb-73c6-4a68-a47b-9974156aa2a7,796aa15a-ff29-46eb-ac9c-13652cd5c56e,2026-09-08T18:26:27Z,FanDuel Sportsbook structured market feed,,VA,NFL,35601246,Denver Broncos @ Kansas City Chiefs,2026-09-15T00:15:00.000Z,FanDuel,751.185165140,receiving_yards,J.K. Dobbins - Receiving Yds,,J.K. Dobbins,48302899,under,3.5,-114,1.87719298245614,0.5327102803738317,open,,,2026-09-08T18:26:27Z,,,,,v3-forward-measurement
941049cb-73c6-4a68-a47b-9974156aa2a7,bcc7b918-9a18-455f-8356-53dc6266cf28,2026-09-08T18:26:27Z,FanDuel Sportsbook structured market feed,,VA,NFL,35601246,Denver Broncos @ Kansas City Chiefs,2026-09-15T00:15:00.000Z,FanDuel,751.185165141,receptions,RJ Harvey - Total Receptions,,RJ Harvey,50744298,over,2.5,-114,1.87719298245614,0.5327102803738317,open,,,2026-09-08T18:26:27Z,,,,,v3-forward-measurement
941049cb-73c6-4a68-a47b-9974156aa2a7,ff12df62-765f-49c4-9e13-f636a992f8e2,2026-09-08T18:26:27Z,FanDuel Sportsbook structured market feed,,VA,NFL,35601246,Denver Broncos @ Kansas City Chiefs,2026-09-15T00:15:00.000Z,FanDuel,751.185165141,receptions,RJ Harvey - Total Receptions,,RJ Harvey,50744300,under,2.5,-114,1.87719298245614,0.5327102803738317,open,,,2026-09-08T18:26:27Z,,,,,v3-forward-measurement
941049cb-73c6-4a68-a47b-9974156aa2a7,14328dca-9a5e-476a-a702-3ecd4de46d13,2026-09-08T18:26:27Z,FanDuel Sportsbook structured market feed,,VA,NFL,35601246,Denver Broncos @ Kansas City Chiefs,2026-09-15T00:15:00.000Z,FanDuel,751.183528805,receptions,Travis Kelce - Total Receptions,,Travis Kelce,11802406,over,3.5,-148,1.675675675675676,0.5967741935483871,open,,,2026-09-08T18:26:27Z,,,,,v3-forward-measurement
941049cb-73c6-4a68-a47b-9974156aa2a7,ea37c67b-8e27-46fd-8cd5-c09582e5014f,2026-09-08T18:26:27Z,FanDuel Sportsbook structured market feed,,VA,NFL,35601246,Denver Broncos @ Kansas City Chiefs,2026-09-15T00:15:00.000Z,FanDuel,751.183528805,receptions,Travis Kelce - Total Receptions,,Travis Kelce,11802405,under,3.5,112,2.12,0.4716981132075472,open,,,2026-09-08T18:26:27Z,,,,,v3-forward-measurement
941049cb-73c6-4a68-a47b-9974156aa2a7,aa5b4105-0777-4b84-9fa0-bd67a0d9797b,2026-09-08T18:26:27Z,FanDuel Sportsbook structured market feed,,VA,NFL,35601246,Denver Broncos @ Kansas City Chiefs,2026-09-15T00:15:00.000Z,FanDuel,751.185163836,receiving_yards,Noah Gray - Receiving Yds,,Noah Gray,40915505,over,9.5,-114,1.87719298245614,0.5327102803738317,open,,,2026-09-08T18:26:27Z,,,,,v3-forward-measurement
941049cb-73c6-4a68-a47b-9974156aa2a7,a46c316f-ae77-4790-acaf-d41ace5ee1d9,2026-09-08T18:26:27Z,FanDuel Sportsbook structured market feed,,VA,NFL,35601246,Denver Broncos @ Kansas City Chiefs,2026-09-15T00:15:00.000Z,FanDuel,751.185163836,receiving_yards,Noah Gray - Receiving Yds,,Noah Gray,40915506,under,9.5,-114,1.87719298245614,0.5327102803738317,open,,,2026-09-08T18:26:27Z,,,,,v3-forward-measurement
941049cb-73c6-4a68-a47b-9974156aa2a7,0fdc3940-8aed-4d92-b6f4-26a138267081,2026-09-08T18:26:27Z,FanDuel Sportsbook structured market feed,,VA,NFL,35601246,Denver Broncos @ Kansas City Chiefs,2026-09-15T00:15:00.000Z,FanDuel,751.183528806,receiving_yards,Travis Kelce - Receiving Yds,,Travis Kelce,11802406,over,41.5,-114,1.87719298245614,0.5327102803738317,open,,,2026-09-08T18:26:27Z,,,,,v3-forward-measurement
941049cb-73c6-4a68-a47b-9974156aa2a7,27bcd510-fb08-4dc1-acb1-04358aafa65b,2026-09-08T18:26:27Z,FanDuel Sportsbook structured market feed,,VA,NFL,35601246,Denver Broncos @ Kansas City Chiefs,2026-09-15T00:15:00.000Z,FanDuel,751.183528806,receiving_yards,Travis Kelce - Receiving Yds,,Travis Kelce,11802405,under,41.5,-114,1.87719298245614,0.5327102803738317,open,,,2026-09-08T18:26:27Z,,,,,v3-forward-measurement
941049cb-73c6-4a68-a47b-9974156aa2a7,0406bc98-adeb-4e05-8698-873627f34b15,2026-09-08T18:26:27Z,FanDuel Sportsbook structured market feed,,VA,NFL,35601246,Denver Broncos @ Kansas City Chiefs,2026-09-15T00:15:00.000Z,FanDuel,751.185117635,receptions,Kenneth Walker III - Total Receptions,,Kenneth Walker III,40975102,over,2.5,-122,1.819672131147541,0.5495495495495496,open,,,2026-09-08T18:26:27Z,,,,,v3-forward-measurement
941049cb-73c6-4a68-a47b-9974156aa2a7,d63a46af-ff30-4383-b2fa-4750d2f6241e,2026-09-08T18:26:27Z,FanDuel Sportsbook structured market feed,,VA,NFL,35601246,Denver Broncos @ Kansas City Chiefs,2026-09-15T00:15:00.000Z,FanDuel,751.185117635,receptions,Kenneth Walker III - Total Receptions,,Kenneth Walker III,40975103,under,2.5,-108,1.925925925925926,0.5192307692307693,open,,,2026-09-08T18:26:27Z,,,,,v3-forward-measurement
941049cb-73c6-4a68-a47b-9974156aa2a7,a240d65c-0a90-476e-8769-21440a58fec4,2026-09-08T18:26:27Z,FanDuel Sportsbook structured market feed,,VA,NFL,35601246,Denver Broncos @ Kansas City Chiefs,2026-09-15T00:15:00.000Z,FanDuel,751.185117638,receiving_yards,Kenneth Walker III - Receiving Yds,,Kenneth Walker III,40975102,over,15.5,-114,1.87719298245614,0.5327102803738317,open,,,2026-09-08T18:26:27Z,,,,,v3-forward-measurement
941049cb-73c6-4a68-a47b-9974156aa2a7,acc5d363-8651-45ef-bd94-879daa2136b7,2026-09-08T18:26:27Z,FanDuel Sportsbook structured market feed,,VA,NFL,35601246,Denver Broncos @ Kansas City Chiefs,2026-09-15T00:15:00.000Z,FanDuel,751.185117638,receiving_yards,Kenneth Walker III - Receiving Yds,,Kenneth Walker III,40975103,under,15.5,-114,1.87719298245614,0.5327102803738317,open,,,2026-09-08T18:26:27Z,,,,,v3-forward-measurement
941049cb-73c6-4a68-a47b-9974156aa2a7,aa2de13a-1adf-4f7b-b09a-172c8e0034e5,2026-09-08T18:26:27Z,FanDuel Sportsbook structured market feed,,VA,NFL,35601246,Denver Broncos @ Kansas City Chiefs,2026-09-15T00:15:00.000Z,FanDuel,751.185163852,receptions,Noah Gray - Total Receptions,,Noah Gray,40915505,over,1.5,130,2.3,0.43478260869565216,open,,,2026-09-08T18:26:27Z,,,,,v3-forward-measurement
941049cb-73c6-4a68-a47b-9974156aa2a7,2776c827-b03a-4a31-8d38-083fc0f81c9d,2026-09-08T18:26:27Z,FanDuel Sportsbook structured market feed,,VA,NFL,35601246,Denver Broncos @ Kansas City Chiefs,2026-09-15T00:15:00.000Z,FanDuel,751.185163852,receptions,Noah Gray - Total Receptions,,Noah Gray,40915506,under,1.5,-174,1.574712643678161,0.635036496350365,open,,,2026-09-08T18:26:27Z,,,,,v3-forward-measurement
941049cb-73c6-4a68-a47b-9974156aa2a7,dc4bf052-8188-4447-801a-a2f201bdc5fa,2026-09-08T18:26:27Z,FanDuel Sportsbook structured market feed,,VA,NFL,35601246,Denver Broncos @ Kansas City Chiefs,2026-09-15T00:15:00.000Z,FanDuel,751.183528594,receptions,Rashee Rice - Total Receptions,,Rashee Rice,48551005,over,5.5,-122,1.819672131147541,0.5495495495495496,open,,,2026-09-08T18:26:27Z,,,,,v3-forward-measurement
941049cb-73c6-4a68-a47b-9974156aa2a7,7e9c71b4-cbd0-4dc1-a8fb-c7c548c7ee59,2026-09-08T18:26:27Z,FanDuel Sportsbook structured market feed,,VA,NFL,35601246,Denver Broncos @ Kansas City Chiefs,2026-09-15T00:15:00.000Z,FanDuel,751.183528594,receptions,Rashee Rice - Total Receptions,,Rashee Rice,48551004,under,5.5,-108,1.925925925925926,0.5192307692307693,open,,,2026-09-08T18:26:27Z,,,,,v3-forward-measurement
941049cb-73c6-4a68-a47b-9974156aa2a7,ea33f4b4-cb61-43ff-b7ce-0d1f26d41524,2026-09-08T18:26:27Z,FanDuel Sportsbook structured market feed,,VA,NFL,35601246,Denver Broncos @ Kansas City Chiefs,2026-09-15T00:15:00.000Z,FanDuel,751.183528593,receiving_yards,Rashee Rice - Receiving Yds,,Rashee Rice,48551005,over,59.5,-114,1.87719298245614,0.5327102803738317,open,,,2026-09-08T18:26:27Z,,,,,v3-forward-measurement
941049cb-73c6-4a68-a47b-9974156aa2a7,3bbd8646-590b-4afe-9007-9c37f09c612b,2026-09-08T18:26:27Z,FanDuel Sportsbook structured market feed,,VA,NFL,35601246,Denver Broncos @ Kansas City Chiefs,2026-09-15T00:15:00.000Z,FanDuel,751.183528593,receiving_yards,Rashee Rice - Receiving Yds,,Rashee Rice,48551004,under,59.5,-114,1.87719298245614,0.5327102803738317,open,,,2026-09-08T18:26:27Z,,,,,v3-forward-measurement
941049cb-73c6-4a68-a47b-9974156aa2a7,e28f2080-6658-4e8f-bf76-dd3d04c26971,2026-09-08T18:26:27Z,FanDuel Sportsbook structured market feed,,VA,NFL,35601246,Denver Broncos @ Kansas City Chiefs,2026-09-15T00:15:00.000Z,FanDuel,751.185163847,receiving_yards,Pat Bryant - Receiving Yds,,Pat Bryant,48907099,over,23.5,-114,1.87719298245614,0.5327102803738317,open,,,2026-09-08T18:26:27Z,,,,,v3-forward-measurement
941049cb-73c6-4a68-a47b-9974156aa2a7,afd8b8ad-74fa-47b5-8cfc-30e521c75b38,2026-09-08T18:26:27Z,FanDuel Sportsbook structured market feed,,VA,NFL,35601246,Denver Broncos @ Kansas City Chiefs,2026-09-15T00:15:00.000Z,FanDuel,751.185163847,receiving_yards,Pat Bryant - Receiving Yds,,Pat Bryant,48907098,under,23.5,-114,1.87719298245614,0.5327102803738317,open,,,2026-09-08T18:26:27Z,,,,,v3-forward-measurement
941049cb-73c6-4a68-a47b-9974156aa2a7,d2377399-baf1-4a3c-aa5e-31835fccee86,2026-09-08T18:26:27Z,FanDuel Sportsbook structured market feed,,VA,NFL,35601246,Denver Broncos @ Kansas City Chiefs,2026-09-15T00:15:00.000Z,FanDuel,751.183528519,receptions,Jaylen Waddle - Total Receptions,,Jaylen Waddle,40877797,over,4.5,-114,1.87719298245614,0.5327102803738317,open,,,2026-09-08T18:26:27Z,,,,,v3-forward-measurement
941049cb-73c6-4a68-a47b-9974156aa2a7,f7b6108c-114c-4a11-b370-ade2a8121b92,2026-09-08T18:26:27Z,FanDuel Sportsbook structured market feed,,VA,NFL,35601246,Denver Broncos @ Kansas City Chiefs,2026-09-15T00:15:00.000Z,FanDuel,751.183528519,receptions,Jaylen Waddle - Total Receptions,,Jaylen Waddle,40877798,under,4.5,-114,1.87719298245614,0.5327102803738317,open,,,2026-09-08T18:26:27Z,,,,,v3-forward-measurement
941049cb-73c6-4a68-a47b-9974156aa2a7,36304fef-6493-4820-9840-f4bc08778463,2026-09-08T18:26:27Z,FanDuel Sportsbook structured market feed,,VA,NFL,35601246,Denver Broncos @ Kansas City Chiefs,2026-09-15T00:15:00.000Z,FanDuel,751.185117801,receiving_yards,Tyquan Thornton - Receiving Yds,,Tyquan Thornton,41074864,over,19.5,-114,1.87719298245614,0.5327102803738317,open,,,2026-09-08T18:26:27Z,,,,,v3-forward-measurement
941049cb-73c6-4a68-a47b-9974156aa2a7,9cfcb64f-700e-4ac7-be8b-5b60f7e5f47e,2026-09-08T18:26:27Z,FanDuel Sportsbook structured market feed,,VA,NFL,35601246,Denver Broncos @ Kansas City Chiefs,2026-09-15T00:15:00.000Z,FanDuel,751.185117801,receiving_yards,Tyquan Thornton - Receiving Yds,,Tyquan Thornton,41074863,under,19.5,-114,1.87719298245614,0.5327102803738317,open,,,2026-09-08T18:26:27Z,,,,,v3-forward-measurement
941049cb-73c6-4a68-a47b-9974156aa2a7,0017d893-b1d5-4c3f-8228-8577374c5e8a,2026-09-08T18:26:27Z,FanDuel Sportsbook structured market feed,,VA,NFL,35601246,Denver Broncos @ Kansas City Chiefs,2026-09-15T00:15:00.000Z,FanDuel,751.185163862,receiving_yards,Evan Engram - Receiving Yds,,Evan Engram,14807732,over,22.5,-114,1.87719298245614,0.5327102803738317,open,,,2026-09-08T18:26:27Z,,,,,v3-forward-measurement
941049cb-73c6-4a68-a47b-9974156aa2a7,f564fa00-c937-4717-84c4-9c4e32f26a0c,2026-09-08T18:26:27Z,FanDuel Sportsbook structured market feed,,VA,NFL,35601246,Denver Broncos @ Kansas City Chiefs,2026-09-15T00:15:00.000Z,FanDuel,751.185163862,receiving_yards,Evan Engram - Receiving Yds,,Evan Engram,14807733,under,22.5,-114,1.87719298245614,0.5327102803738317,open,,,2026-09-08T18:26:27Z,,,,,v3-forward-measurement
941049cb-73c6-4a68-a47b-9974156aa2a7,e174fe89-4d83-4a09-8356-e5797a1ca3a9,2026-09-08T18:26:27Z,FanDuel Sportsbook structured market feed,,VA,NFL,35601246,Denver Broncos @ Kansas City Chiefs,2026-09-15T00:15:00.000Z,FanDuel,751.185117804,receptions,Tyquan Thornton - Total Receptions,,Tyquan Thornton,41074864,over,1.5,106,2.06,0.4854368932038835,open,,,2026-09-08T18:26:27Z,,,,,v3-forward-measurement
941049cb-73c6-4a68-a47b-9974156aa2a7,14008f06-f40c-4bfc-a58d-29f2a4e1fb2b,2026-09-08T18:26:27Z,FanDuel Sportsbook structured market feed,,VA,NFL,35601246,Denver Broncos @ Kansas City Chiefs,2026-09-15T00:15:00.000Z,FanDuel,751.185117804,receptions,Tyquan Thornton - Total Receptions,,Tyquan Thornton,41074863,under,1.5,-140,1.714285714285714,0.5833333333333334,open,,,2026-09-08T18:26:27Z,,,,,v3-forward-measurement
941049cb-73c6-4a68-a47b-9974156aa2a7,c95d88b9-0339-4a34-b774-c8d2f231131d,2026-09-08T18:26:27Z,FanDuel Sportsbook structured market feed,,VA,NFL,35601246,Denver Broncos @ Kansas City Chiefs,2026-09-15T00:15:00.000Z,FanDuel,751.185260008,receptions,Adam Trautman - Total Receptions,,Adam Trautman,40905237,over,1.5,188,2.88,0.3472222222222222,open,,,2026-09-08T18:26:27Z,,,,,v3-forward-measurement
941049cb-73c6-4a68-a47b-9974156aa2a7,a4039adf-22f3-45f9-a5d4-12314ad80707,2026-09-08T18:26:27Z,FanDuel Sportsbook structured market feed,,VA,NFL,35601246,Denver Broncos @ Kansas City Chiefs,2026-09-15T00:15:00.000Z,FanDuel,751.185260008,receptions,Adam Trautman - Total Receptions,,Adam Trautman,40905244,under,1.5,-260,1.384615384615385,0.7222222222222222,open,,,2026-09-08T18:26:27Z,,,,,v3-forward-measurement
941049cb-73c6-4a68-a47b-9974156aa2a7,0622df0b-3e1a-465b-8ce4-d8bc97a72b6d,2026-09-08T18:26:27Z,FanDuel Sportsbook structured market feed,,VA,NFL,35601246,Denver Broncos @ Kansas City Chiefs,2026-09-15T00:15:00.000Z,FanDuel,751.185165139,receiving_yards,RJ Harvey - Receiving Yds,,RJ Harvey,50744298,over,16.5,-114,1.87719298245614,0.5327102803738317,open,,,2026-09-08T18:26:27Z,,,,,v3-forward-measurement
941049cb-73c6-4a68-a47b-9974156aa2a7,dc641b2f-c811-439d-9418-23a78da4aea7,2026-09-08T18:26:27Z,FanDuel Sportsbook structured market feed,,VA,NFL,35601246,Denver Broncos @ Kansas City Chiefs,2026-09-15T00:15:00.000Z,FanDuel,751.185165139,receiving_yards,RJ Harvey - Receiving Yds,,RJ Harvey,50744300,under,16.5,-114,1.87719298245614,0.5327102803738317,open,,,2026-09-08T18:26:27Z,,,,,v3-forward-measurement
941049cb-73c6-4a68-a47b-9974156aa2a7,b67223f7-a563-43c3-b25c-b75a1be28d8f,2026-09-08T18:26:27Z,FanDuel Sportsbook structured market feed,,VA,NFL,35601246,Denver Broncos @ Kansas City Chiefs,2026-09-15T00:15:00.000Z,FanDuel,751.183528696,receptions,Courtland Sutton - Total Receptions,,Courtland Sutton,16490004,over,4.5,124,2.24,0.44642857142857145,open,,,2026-09-08T18:26:27Z,,,,,v3-forward-measurement
941049cb-73c6-4a68-a47b-9974156aa2a7,62d4cb67-baea-49d7-9c33-fc5daefd933e,2026-09-08T18:26:27Z,FanDuel Sportsbook structured market feed,,VA,NFL,35601246,Denver Broncos @ Kansas City Chiefs,2026-09-15T00:15:00.000Z,FanDuel,751.183528696,receptions,Courtland Sutton - Total Receptions,,Courtland Sutton,16490005,under,4.5,-166,1.602409638554217,0.6240601503759399,open,,,2026-09-08T18:26:27Z,,,,,v3-forward-measurement
941049cb-73c6-4a68-a47b-9974156aa2a7,46a87c3f-3948-409e-a2be-58e1ad2a3d01,2026-09-08T18:26:27Z,FanDuel Sportsbook structured market feed,,VA,NFL,35601246,Denver Broncos @ Kansas City Chiefs,2026-09-15T00:15:00.000Z,FanDuel,751.185163834,receptions,Evan Engram - Total Receptions,,Evan Engram,14807732,over,2.5,-130,1.769230769230769,0.5652173913043478,open,,,2026-09-08T18:26:27Z,,,,,v3-forward-measurement
941049cb-73c6-4a68-a47b-9974156aa2a7,231bb789-7c2d-4cb6-99de-4709f90b6f73,2026-09-08T18:26:27Z,FanDuel Sportsbook structured market feed,,VA,NFL,35601246,Denver Broncos @ Kansas City Chiefs,2026-09-15T00:15:00.000Z,FanDuel,751.185163834,receptions,Evan Engram - Total Receptions,,Evan Engram,14807733,under,2.5,-102,1.980392156862745,0.504950495049505,open,,,2026-09-08T18:26:27Z,,,,,v3-forward-measurement
941049cb-73c6-4a68-a47b-9974156aa2a7,60d1b3b7-a628-4abb-a905-49a66313b267,2026-09-08T18:26:27Z,FanDuel Sportsbook structured market feed,,VA,NFL,35601246,Denver Broncos @ Kansas City Chiefs,2026-09-15T00:15:00.000Z,FanDuel,751.185260009,receiving_yards,Adam Trautman - Receiving Yds,,Adam Trautman,40905237,over,8.5,-114,1.87719298245614,0.5327102803738317,open,,,2026-09-08T18:26:27Z,,,,,v3-forward-measurement
941049cb-73c6-4a68-a47b-9974156aa2a7,1ef60870-8c07-4d00-8959-8805601580d4,2026-09-08T18:26:27Z,FanDuel Sportsbook structured market feed,,VA,NFL,35601246,Denver Broncos @ Kansas City Chiefs,2026-09-15T00:15:00.000Z,FanDuel,751.185260009,receiving_yards,Adam Trautman - Receiving Yds,,Adam Trautman,40905244,under,8.5,-114,1.87719298245614,0.5327102803738317,open,,,2026-09-08T18:26:27Z,,,,,v3-forward-measurement
941049cb-73c6-4a68-a47b-9974156aa2a7,3adb1976-4a53-4338-915e-4053b1bd6d3f,2026-09-08T18:26:27Z,FanDuel Sportsbook structured market feed,,VA,NFL,35601246,Denver Broncos @ Kansas City Chiefs,2026-09-15T00:15:00.000Z,FanDuel,751.183528692,receiving_yards,Courtland Sutton - Receiving Yds,,Courtland Sutton,16490004,over,42.5,-114,1.87719298245614,0.5327102803738317,open,,,2026-09-08T18:26:27Z,,,,,v3-forward-measurement
941049cb-73c6-4a68-a47b-9974156aa2a7,1e51f61c-db3f-409b-a85c-81e0180b750b,2026-09-08T18:26:27Z,FanDuel Sportsbook structured market feed,,VA,NFL,35601246,Denver Broncos @ Kansas City Chiefs,2026-09-15T00:15:00.000Z,FanDuel,751.183528692,receiving_yards,Courtland Sutton - Receiving Yds,,Courtland Sutton,16490005,under,42.5,-114,1.87719298245614,0.5327102803738317,open,,,2026-09-08T18:26:27Z,,,,,v3-forward-measurement
53ac8d83-47b3-4f75-806e-89693ecdda28,0d43a7b6-c20b-4c69-b665-e172adda7468,2026-09-08T18:26:27Z,FanDuel Sportsbook structured market feed,,VA,NFL,35607262,New England Patriots @ Seattle Seahawks,2026-09-10T00:15:00.000Z,FanDuel,751.181972898,passing_touchdowns,Drake Maye - Passing TDs,,Drake Maye,48103561,over,1.5,134,2.34,0.42735042735042733,open,,,2026-09-08T18:26:27Z,,,,,v3-forward-measurement
53ac8d83-47b3-4f75-806e-89693ecdda28,b1a09391-4af8-4c92-8a3d-6cb16f97b795,2026-09-08T18:26:27Z,FanDuel Sportsbook structured market feed,,VA,NFL,35607262,New England Patriots @ Seattle Seahawks,2026-09-10T00:15:00.000Z,FanDuel,751.181972898,passing_touchdowns,Drake Maye - Passing TDs,,Drake Maye,48103562,under,1.5,-180,1.555555555555556,0.6428571428571429,open,,,2026-09-08T18:26:27Z,,,,,v3-forward-measurement
53ac8d83-47b3-4f75-806e-89693ecdda28,eb112978-28a3-4d1d-bf33-13699602855e,2026-09-08T18:26:27Z,FanDuel Sportsbook structured market feed,,VA,NFL,35607262,New England Patriots @ Seattle Seahawks,2026-09-10T00:15:00.000Z,FanDuel,751.181972949,passing_yards,Drake Maye - Passing Yds,,Drake Maye,48103561,over,234.5,-114,1.87719298245614,0.5327102803738317,open,,,2026-09-08T18:26:27Z,,,,,v3-forward-measurement
53ac8d83-47b3-4f75-806e-89693ecdda28,dca6063f-e599-4e09-93ae-7d59a414785a,2026-09-08T18:26:27Z,FanDuel Sportsbook structured market feed,,VA,NFL,35607262,New England Patriots @ Seattle Seahawks,2026-09-10T00:15:00.000Z,FanDuel,751.181972949,passing_yards,Drake Maye - Passing Yds,,Drake Maye,48103562,under,234.5,-114,1.87719298245614,0.5327102803738317,open,,,2026-09-08T18:26:27Z,,,,,v3-forward-measurement
53ac8d83-47b3-4f75-806e-89693ecdda28,aa87cf1f-808b-40a2-9364-731f868c9db6,2026-09-08T18:26:27Z,FanDuel Sportsbook structured market feed,,VA,NFL,35607262,New England Patriots @ Seattle Seahawks,2026-09-10T00:15:00.000Z,FanDuel,751.181972904,passing_yards,Sam Darnold - Passing Yds,,Sam Darnold,16579527,over,228.5,-114,1.87719298245614,0.5327102803738317,open,,,2026-09-08T18:26:27Z,,,,,v3-forward-measurement
53ac8d83-47b3-4f75-806e-89693ecdda28,7462c774-c656-4f5d-b414-82d71e8c1655,2026-09-08T18:26:27Z,FanDuel Sportsbook structured market feed,,VA,NFL,35607262,New England Patriots @ Seattle Seahawks,2026-09-10T00:15:00.000Z,FanDuel,751.181972904,passing_yards,Sam Darnold - Passing Yds,,Sam Darnold,16579528,under,228.5,-114,1.87719298245614,0.5327102803738317,open,,,2026-09-08T18:26:27Z,,,,,v3-forward-measurement
53ac8d83-47b3-4f75-806e-89693ecdda28,406d0eb9-7f23-4adb-b225-1987786ed14a,2026-09-08T18:26:27Z,FanDuel Sportsbook structured market feed,,VA,NFL,35607262,New England Patriots @ Seattle Seahawks,2026-09-10T00:15:00.000Z,FanDuel,751.181972893,passing_touchdowns,Sam Darnold - Passing TDs,,Sam Darnold,16579527,over,1.5,110,2.1,0.47619047619047616,open,,,2026-09-08T18:26:27Z,,,,,v3-forward-measurement
53ac8d83-47b3-4f75-806e-89693ecdda28,b2815969-69a9-42bc-b9f2-8b8be62e3f68,2026-09-08T18:26:27Z,FanDuel Sportsbook structured market feed,,VA,NFL,35607262,New England Patriots @ Seattle Seahawks,2026-09-10T00:15:00.000Z,FanDuel,751.181972893,passing_touchdowns,Sam Darnold - Passing TDs,,Sam Darnold,16579528,under,1.5,-146,1.684931506849315,0.5934959349593496,open,,,2026-09-08T18:26:27Z,,,,,v3-forward-measurement
3d979d98-c171-4390-be24-ccd0dab524a9,d1343098-1054-49e8-8eda-88b9a77f0177,2026-09-08T18:26:27Z,FanDuel Sportsbook structured market feed,,VA,NFL,35607262,New England Patriots @ Seattle Seahawks,2026-09-10T00:15:00.000Z,FanDuel,751.181981485,rushing_yards,Sam Darnold - Rushing Yds,,Sam Darnold,16579527,over,5.5,-102,1.980392156862745,0.504950495049505,open,,,2026-09-08T18:26:27Z,,,,,v3-forward-measurement
3d979d98-c171-4390-be24-ccd0dab524a9,0f963322-9931-4c0d-9a92-dfdd167680c2,2026-09-08T18:26:27Z,FanDuel Sportsbook structured market feed,,VA,NFL,35607262,New England Patriots @ Seattle Seahawks,2026-09-10T00:15:00.000Z,FanDuel,751.181981485,rushing_yards,Sam Darnold - Rushing Yds,,Sam Darnold,16579528,under,5.5,-128,1.78125,0.5614035087719298,open,,,2026-09-08T18:26:27Z,,,,,v3-forward-measurement
3d979d98-c171-4390-be24-ccd0dab524a9,19a3aeaf-5fb7-4de2-abd9-62af3c9e3c5c,2026-09-08T18:26:27Z,FanDuel Sportsbook structured market feed,,VA,NFL,35607262,New England Patriots @ Seattle Seahawks,2026-09-10T00:15:00.000Z,FanDuel,751.181978652,rushing_yards,Drake Maye - Rushing Yds,,Drake Maye,48103561,over,25.5,-114,1.87719298245614,0.5327102803738317,open,,,2026-09-08T18:26:27Z,,,,,v3-forward-measurement
3d979d98-c171-4390-be24-ccd0dab524a9,f9e9d83e-b264-45ec-85fa-2fb3d7e41048,2026-09-08T18:26:27Z,FanDuel Sportsbook structured market feed,,VA,NFL,35607262,New England Patriots @ Seattle Seahawks,2026-09-10T00:15:00.000Z,FanDuel,751.181978652,rushing_yards,Drake Maye - Rushing Yds,,Drake Maye,48103562,under,25.5,-114,1.87719298245614,0.5327102803738317,open,,,2026-09-08T18:26:27Z,,,,,v3-forward-measurement
3d979d98-c171-4390-be24-ccd0dab524a9,b40b7092-7eae-4090-baad-b2feed3b7ef8,2026-09-08T18:26:27Z,FanDuel Sportsbook structured market feed,,VA,NFL,35607262,New England Patriots @ Seattle Seahawks,2026-09-10T00:15:00.000Z,FanDuel,751.181978424,rushing_yards,Jadarian Price - Rushing Yds,,Jadarian Price,101883640,over,51.5,-114,1.87719298245614,0.5327102803738317,open,,,2026-09-08T18:26:27Z,,,,,v3-forward-measurement
3d979d98-c171-4390-be24-ccd0dab524a9,d585220f-7bae-4c04-97f9-efd8553c2e9b,2026-09-08T18:26:27Z,FanDuel Sportsbook structured market feed,,VA,NFL,35607262,New England Patriots @ Seattle Seahawks,2026-09-10T00:15:00.000Z,FanDuel,751.181978424,rushing_yards,Jadarian Price - Rushing Yds,,Jadarian Price,101883641,under,51.5,-114,1.87719298245614,0.5327102803738317,open,,,2026-09-08T18:26:27Z,,,,,v3-forward-measurement
3d979d98-c171-4390-be24-ccd0dab524a9,0bfe1f2c-1b84-4cc6-9d52-807321690d68,2026-09-08T18:26:27Z,FanDuel Sportsbook structured market feed,,VA,NFL,35607262,New England Patriots @ Seattle Seahawks,2026-09-10T00:15:00.000Z,FanDuel,751.181978425,rushing_yards,George Holani - Rushing Yds,,George Holani,48141225,over,19.5,-114,1.87719298245614,0.5327102803738317,open,,,2026-09-08T18:26:27Z,,,,,v3-forward-measurement
3d979d98-c171-4390-be24-ccd0dab524a9,7d7d4d73-f11b-45bb-969c-e8e57b7662ae,2026-09-08T18:26:27Z,FanDuel Sportsbook structured market feed,,VA,NFL,35607262,New England Patriots @ Seattle Seahawks,2026-09-10T00:15:00.000Z,FanDuel,751.181978425,rushing_yards,George Holani - Rushing Yds,,George Holani,48141223,under,19.5,-114,1.87719298245614,0.5327102803738317,open,,,2026-09-08T18:26:27Z,,,,,v3-forward-measurement
3d979d98-c171-4390-be24-ccd0dab524a9,2291eb37-3a1a-4e02-9c94-304858cef527,2026-09-08T18:26:27Z,FanDuel Sportsbook structured market feed,,VA,NFL,35607262,New England Patriots @ Seattle Seahawks,2026-09-10T00:15:00.000Z,FanDuel,751.181978427,rushing_yards,Rhamondre Stevenson - Rushing Yds,,Rhamondre Stevenson,40916587,over,55.5,-114,1.87719298245614,0.5327102803738317,open,,,2026-09-08T18:26:27Z,,,,,v3-forward-measurement
3d979d98-c171-4390-be24-ccd0dab524a9,c42cbfe8-784a-4d01-8459-14674b7e80ce,2026-09-08T18:26:27Z,FanDuel Sportsbook structured market feed,,VA,NFL,35607262,New England Patriots @ Seattle Seahawks,2026-09-10T00:15:00.000Z,FanDuel,751.181978427,rushing_yards,Rhamondre Stevenson - Rushing Yds,,Rhamondre Stevenson,40916584,under,55.5,-114,1.87719298245614,0.5327102803738317,open,,,2026-09-08T18:26:27Z,,,,,v3-forward-measurement
3d979d98-c171-4390-be24-ccd0dab524a9,3752fc48-98e2-4e18-8ead-926f63d2aa77,2026-09-08T18:26:27Z,FanDuel Sportsbook structured market feed,,VA,NFL,35607262,New England Patriots @ Seattle Seahawks,2026-09-10T00:15:00.000Z,FanDuel,751.184116935,rushing_yards,Rashid Shaheed - Rushing Yds,,Rashid Shaheed,49450855,over,2.5,-114,1.87719298245614,0.5327102803738317,open,,,2026-09-08T18:26:27Z,,,,,v3-forward-measurement
3d979d98-c171-4390-be24-ccd0dab524a9,52e76e43-c4fa-4351-bda9-a0c5451228b6,2026-09-08T18:26:27Z,FanDuel Sportsbook structured market feed,,VA,NFL,35607262,New England Patriots @ Seattle Seahawks,2026-09-10T00:15:00.000Z,FanDuel,751.184116935,rushing_yards,Rashid Shaheed - Rushing Yds,,Rashid Shaheed,49450856,under,2.5,-114,1.87719298245614,0.5327102803738317,open,,,2026-09-08T18:26:27Z,,,,,v3-forward-measurement
dfd0431f-94f1-4e2c-af47-bb651eaa034a,74db6861-e8cb-442d-be28-5cb94d6fbc00,2026-09-08T18:26:27Z,FanDuel Sportsbook structured market feed,,VA,NFL,35607262,New England Patriots @ Seattle Seahawks,2026-09-10T00:15:00.000Z,FanDuel,751.183848470,receptions,Rhamondre Stevenson - Total Receptions,,Rhamondre Stevenson,40916587,over,3.5,116,2.16,0.46296296296296297,open,,,2026-09-08T18:26:27Z,,,,,v3-forward-measurement
dfd0431f-94f1-4e2c-af47-bb651eaa034a,3bd91164-0ee1-45c5-949a-1aa8bf34b8d6,2026-09-08T18:26:27Z,FanDuel Sportsbook structured market feed,,VA,NFL,35607262,New England Patriots @ Seattle Seahawks,2026-09-10T00:15:00.000Z,FanDuel,751.183848470,receptions,Rhamondre Stevenson - Total Receptions,,Rhamondre Stevenson,40916584,under,3.5,-154,1.649350649350649,0.6062992125984252,open,,,2026-09-08T18:26:27Z,,,,,v3-forward-measurement
dfd0431f-94f1-4e2c-af47-bb651eaa034a,02e25f94-985f-487f-bc2a-6e680fcd2662,2026-09-08T18:26:27Z,FanDuel Sportsbook structured market feed,,VA,NFL,35607262,New England Patriots @ Seattle Seahawks,2026-09-10T00:15:00.000Z,FanDuel,751.181982010,receptions,A.J. Brown - Total Receptions,,A.J. Brown,40913464,over,4.5,-192,1.520833333333333,0.6575342465753424,open,,,2026-09-08T18:26:27Z,,,,,v3-forward-measurement
dfd0431f-94f1-4e2c-af47-bb651eaa034a,ac6815ec-6b80-4c6c-adce-d3216f38b714,2026-09-08T18:26:27Z,FanDuel Sportsbook structured market feed,,VA,NFL,35607262,New England Patriots @ Seattle Seahawks,2026-09-10T00:15:00.000Z,FanDuel,751.181982010,receptions,A.J. Brown - Total Receptions,,A.J. Brown,40913463,under,4.5,142,2.42,0.4132231404958678,open,,,2026-09-08T18:26:27Z,,,,,v3-forward-measurement
dfd0431f-94f1-4e2c-af47-bb651eaa034a,b27abc6d-7598-410f-bfcc-b9fa21d431fd,2026-09-08T18:26:27Z,FanDuel Sportsbook structured market feed,,VA,NFL,35607262,New England Patriots @ Seattle Seahawks,2026-09-10T00:15:00.000Z,FanDuel,751.182711369,receptions,Demario Douglas - Total Receptions,,Demario Douglas,41072009,over,1.5,-180,1.555555555555556,0.6428571428571429,open,,,2026-09-08T18:26:27Z,,,,,v3-forward-measurement
dfd0431f-94f1-4e2c-af47-bb651eaa034a,fcadc88c-7395-4e4c-9a7f-bd60c3092877,2026-09-08T18:26:27Z,FanDuel Sportsbook structured market feed,,VA,NFL,35607262,New England Patriots @ Seattle Seahawks,2026-09-10T00:15:00.000Z,FanDuel,751.182711369,receptions,Demario Douglas - Total Receptions,,Demario Douglas,41072008,under,1.5,134,2.34,0.42735042735042733,open,,,2026-09-08T18:26:27Z,,,,,v3-forward-measurement
dfd0431f-94f1-4e2c-af47-bb651eaa034a,e915c65f-f77a-4524-96cb-01f5f56548ad,2026-09-08T18:26:27Z,FanDuel Sportsbook structured market feed,,VA,NFL,35607262,New England Patriots @ Seattle Seahawks,2026-09-10T00:15:00.000Z,FanDuel,751.185116370,receptions,George Holani - Total Receptions,,George Holani,48141225,over,1.5,-148,1.675675675675676,0.5967741935483871,open,,,2026-09-08T18:26:27Z,,,,,v3-forward-measurement
dfd0431f-94f1-4e2c-af47-bb651eaa034a,ff80e102-2440-498d-a163-4b2633b475b4,2026-09-08T18:26:27Z,FanDuel Sportsbook structured market feed,,VA,NFL,35607262,New England Patriots @ Seattle Seahawks,2026-09-10T00:15:00.000Z,FanDuel,751.185116370,receptions,George Holani - Total Receptions,,George Holani,48141223,under,1.5,112,2.12,0.4716981132075472,open,,,2026-09-08T18:26:27Z,,,,,v3-forward-measurement
dfd0431f-94f1-4e2c-af47-bb651eaa034a,4e84a51a-107a-4b1e-b657-3db5fe9f118f,2026-09-08T18:26:27Z,FanDuel Sportsbook structured market feed,,VA,NFL,35607262,New England Patriots @ Seattle Seahawks,2026-09-10T00:15:00.000Z,FanDuel,751.181985299,receptions,AJ Barner - Total Receptions,,AJ Barner,48063414,over,2.5,-154,1.649350649350649,0.6062992125984252,open,,,2026-09-08T18:26:27Z,,,,,v3-forward-measurement
dfd0431f-94f1-4e2c-af47-bb651eaa034a,daaec2bd-0a50-468b-bfae-a2a159f8ce0d,2026-09-08T18:26:27Z,FanDuel Sportsbook structured market feed,,VA,NFL,35607262,New England Patriots @ Seattle Seahawks,2026-09-10T00:15:00.000Z,FanDuel,751.181985299,receptions,AJ Barner - Total Receptions,,AJ Barner,48063412,under,2.5,116,2.16,0.46296296296296297,open,,,2026-09-08T18:26:27Z,,,,,v3-forward-measurement
dfd0431f-94f1-4e2c-af47-bb651eaa034a,02dff149-0762-4342-b11a-987673e1e03a,2026-09-08T18:26:27Z,FanDuel Sportsbook structured market feed,,VA,NFL,35607262,New England Patriots @ Seattle Seahawks,2026-09-10T00:15:00.000Z,FanDuel,751.182711373,receiving_yards,Hunter Henry - Receiving Yds,,Hunter Henry,11851338,over,33.5,-114,1.87719298245614,0.5327102803738317,open,,,2026-09-08T18:26:27Z,,,,,v3-forward-measurement
dfd0431f-94f1-4e2c-af47-bb651eaa034a,a6342134-49e6-47ee-ae2e-374eca16d8bf,2026-09-08T18:26:27Z,FanDuel Sportsbook structured market feed,,VA,NFL,35607262,New England Patriots @ Seattle Seahawks,2026-09-10T00:15:00.000Z,FanDuel,751.182711373,receiving_yards,Hunter Henry - Receiving Yds,,Hunter Henry,11851337,under,33.5,-114,1.87719298245614,0.5327102803738317,open,,,2026-09-08T18:26:27Z,,,,,v3-forward-measurement
dfd0431f-94f1-4e2c-af47-bb651eaa034a,afef0c7d-546b-4027-8c60-d3b08eb24527,2026-09-08T18:26:27Z,FanDuel Sportsbook structured market feed,,VA,NFL,35607262,New England Patriots @ Seattle Seahawks,2026-09-10T00:15:00.000Z,FanDuel,751.181981813,receptions,Jaxon Smith-Njigba - Total Receptions,,Jaxon Smith-Njigba,41158865,over,6.5,104,2.04,0.49019607843137253,open,,,2026-09-08T18:26:27Z,,,,,v3-forward-measurement
dfd0431f-94f1-4e2c-af47-bb651eaa034a,024aac0e-2804-459e-8815-ca346ec55e5b,2026-09-08T18:26:27Z,FanDuel Sportsbook structured market feed,,VA,NFL,35607262,New England Patriots @ Seattle Seahawks,2026-09-10T00:15:00.000Z,FanDuel,751.181981813,receptions,Jaxon Smith-Njigba - Total Receptions,,Jaxon Smith-Njigba,41158864,under,6.5,-138,1.72463768115942,0.5798319327731093,open,,,2026-09-08T18:26:27Z,,,,,v3-forward-measurement
dfd0431f-94f1-4e2c-af47-bb651eaa034a,ed3dd73e-a2f5-4cbc-bdd7-ac3933e874bb,2026-09-08T18:26:27Z,FanDuel Sportsbook structured market feed,,VA,NFL,35607262,New England Patriots @ Seattle Seahawks,2026-09-10T00:15:00.000Z,FanDuel,751.182711374,receiving_yards,Demario Douglas - Receiving Yds,,Demario Douglas,41072009,over,19.5,-114,1.87719298245614,0.5327102803738317,open,,,2026-09-08T18:26:27Z,,,,,v3-forward-measurement
dfd0431f-94f1-4e2c-af47-bb651eaa034a,6c2f5236-4338-4e47-b15f-80977dc480e0,2026-09-08T18:26:27Z,FanDuel Sportsbook structured market feed,,VA,NFL,35607262,New England Patriots @ Seattle Seahawks,2026-09-10T00:15:00.000Z,FanDuel,751.182711374,receiving_yards,Demario Douglas - Receiving Yds,,Demario Douglas,41072008,under,19.5,-114,1.87719298245614,0.5327102803738317,open,,,2026-09-08T18:26:27Z,,,,,v3-forward-measurement
dfd0431f-94f1-4e2c-af47-bb651eaa034a,a1cf304c-4c2d-4292-916f-213045a379e0,2026-09-08T18:26:27Z,FanDuel Sportsbook structured market feed,,VA,NFL,35607262,New England Patriots @ Seattle Seahawks,2026-09-10T00:15:00.000Z,FanDuel,751.182711375,receptions,Hunter Henry - Total Receptions,,Hunter Henry,11851338,over,3.5,148,2.48,0.4032258064516129,open,,,2026-09-08T18:26:27Z,,,,,v3-forward-measurement
dfd0431f-94f1-4e2c-af47-bb651eaa034a,02c8e4a5-56fc-4129-9f50-cb28c1479b09,2026-09-08T18:26:27Z,FanDuel Sportsbook structured market feed,,VA,NFL,35607262,New England Patriots @ Seattle Seahawks,2026-09-10T00:15:00.000Z,FanDuel,751.182711375,receptions,Hunter Henry - Total Receptions,,Hunter Henry,11851337,under,3.5,-200,1.5,0.6666666666666666,open,,,2026-09-08T18:26:27Z,,,,,v3-forward-measurement
dfd0431f-94f1-4e2c-af47-bb651eaa034a,63c36442-e488-43ed-84ee-9693e7e50f10,2026-09-08T18:26:27Z,FanDuel Sportsbook structured market feed,,VA,NFL,35607262,New England Patriots @ Seattle Seahawks,2026-09-10T00:15:00.000Z,FanDuel,751.181981815,receiving_yards,Jaxon Smith-Njigba - Receiving Yds,,Jaxon Smith-Njigba,41158865,over,81.5,-114,1.87719298245614,0.5327102803738317,open,,,2026-09-08T18:26:27Z,,,,,v3-forward-measurement
dfd0431f-94f1-4e2c-af47-bb651eaa034a,255eccbd-08e4-4c88-84bf-17e0b2ae63c5,2026-09-08T18:26:27Z,FanDuel Sportsbook structured market feed,,VA,NFL,35607262,New England Patriots @ Seattle Seahawks,2026-09-10T00:15:00.000Z,FanDuel,751.181981815,receiving_yards,Jaxon Smith-Njigba - Receiving Yds,,Jaxon Smith-Njigba,41158864,under,81.5,-114,1.87719298245614,0.5327102803738317,open,,,2026-09-08T18:26:27Z,,,,,v3-forward-measurement
dfd0431f-94f1-4e2c-af47-bb651eaa034a,3c87120a-35d7-4e83-8ec5-ad959fb53ece,2026-09-08T18:26:27Z,FanDuel Sportsbook structured market feed,,VA,NFL,35607262,New England Patriots @ Seattle Seahawks,2026-09-10T00:15:00.000Z,FanDuel,751.181983000,receptions,Rashid Shaheed - Total Receptions,,Rashid Shaheed,49450855,over,2.5,-108,1.925925925925926,0.5192307692307693,open,,,2026-09-08T18:26:27Z,,,,,v3-forward-measurement
dfd0431f-94f1-4e2c-af47-bb651eaa034a,6f27a3fb-846f-4af0-84dc-0517d0fb1832,2026-09-08T18:26:27Z,FanDuel Sportsbook structured market feed,,VA,NFL,35607262,New England Patriots @ Seattle Seahawks,2026-09-10T00:15:00.000Z,FanDuel,751.181983000,receptions,Rashid Shaheed - Total Receptions,,Rashid Shaheed,49450856,under,2.5,-122,1.819672131147541,0.5495495495495496,open,,,2026-09-08T18:26:27Z,,,,,v3-forward-measurement
dfd0431f-94f1-4e2c-af47-bb651eaa034a,5341bc96-43c0-4d69-a66c-3cfd2232db52,2026-09-08T18:26:27Z,FanDuel Sportsbook structured market feed,,VA,NFL,35607262,New England Patriots @ Seattle Seahawks,2026-09-10T00:15:00.000Z,FanDuel,751.183848458,receiving_yards,Rhamondre Stevenson - Receiving Yds,,Rhamondre Stevenson,40916587,over,23.5,-114,1.87719298245614,0.5327102803738317,open,,,2026-09-08T18:26:27Z,,,,,v3-forward-measurement
dfd0431f-94f1-4e2c-af47-bb651eaa034a,4f815293-cded-417c-99fa-f16ed7838b66,2026-09-08T18:26:27Z,FanDuel Sportsbook structured market feed,,VA,NFL,35607262,New England Patriots @ Seattle Seahawks,2026-09-10T00:15:00.000Z,FanDuel,751.183848458,receiving_yards,Rhamondre Stevenson - Receiving Yds,,Rhamondre Stevenson,40916584,under,23.5,-114,1.87719298245614,0.5327102803738317,open,,,2026-09-08T18:26:27Z,,,,,v3-forward-measurement
dfd0431f-94f1-4e2c-af47-bb651eaa034a,aa41063a-f6ba-454d-86a6-c6bc81f0314d,2026-09-08T18:26:27Z,FanDuel Sportsbook structured market feed,,VA,NFL,35607262,New England Patriots @ Seattle Seahawks,2026-09-10T00:15:00.000Z,FanDuel,751.181985303,receiving_yards,AJ Barner - Receiving Yds,,AJ Barner,48063414,over,24.5,-114,1.87719298245614,0.5327102803738317,open,,,2026-09-08T18:26:27Z,,,,,v3-forward-measurement
dfd0431f-94f1-4e2c-af47-bb651eaa034a,5466f07e-49d6-48e8-ae65-004ec9fdc909,2026-09-08T18:26:27Z,FanDuel Sportsbook structured market feed,,VA,NFL,35607262,New England Patriots @ Seattle Seahawks,2026-09-10T00:15:00.000Z,FanDuel,751.181985303,receiving_yards,AJ Barner - Receiving Yds,,AJ Barner,48063412,under,24.5,-114,1.87719298245614,0.5327102803738317,open,,,2026-09-08T18:26:27Z,,,,,v3-forward-measurement
dfd0431f-94f1-4e2c-af47-bb651eaa034a,96ef7a46-382c-4eba-8416-5da7289e2c77,2026-09-08T18:26:27Z,FanDuel Sportsbook structured market feed,,VA,NFL,35607262,New England Patriots @ Seattle Seahawks,2026-09-10T00:15:00.000Z,FanDuel,751.184817447,receptions,Jadarian Price - Total Receptions,,Jadarian Price,101883640,over,1.5,124,2.24,0.44642857142857145,open,,,2026-09-08T18:26:27Z,,,,,v3-forward-measurement
dfd0431f-94f1-4e2c-af47-bb651eaa034a,455ebc00-ea41-4daa-9ce1-034d58cc822a,2026-09-08T18:26:27Z,FanDuel Sportsbook structured market feed,,VA,NFL,35607262,New England Patriots @ Seattle Seahawks,2026-09-10T00:15:00.000Z,FanDuel,751.184817447,receptions,Jadarian Price - Total Receptions,,Jadarian Price,101883641,under,1.5,-166,1.602409638554217,0.6240601503759399,open,,,2026-09-08T18:26:27Z,,,,,v3-forward-measurement
dfd0431f-94f1-4e2c-af47-bb651eaa034a,6129c71b-6239-47c4-8469-3a1ba0972554,2026-09-08T18:26:27Z,FanDuel Sportsbook structured market feed,,VA,NFL,35607262,New England Patriots @ Seattle Seahawks,2026-09-10T00:15:00.000Z,FanDuel,751.181982234,receiving_yards,Romeo Doubs - Receiving Yds,,Romeo Doubs,42169650,over,35.5,-114,1.87719298245614,0.5327102803738317,open,,,2026-09-08T18:26:27Z,,,,,v3-forward-measurement
dfd0431f-94f1-4e2c-af47-bb651eaa034a,da020ba3-8ae2-4806-a779-274de65448e5,2026-09-08T18:26:27Z,FanDuel Sportsbook structured market feed,,VA,NFL,35607262,New England Patriots @ Seattle Seahawks,2026-09-10T00:15:00.000Z,FanDuel,751.181982234,receiving_yards,Romeo Doubs - Receiving Yds,,Romeo Doubs,42169657,under,35.5,-114,1.87719298245614,0.5327102803738317,open,,,2026-09-08T18:26:27Z,,,,,v3-forward-measurement
dfd0431f-94f1-4e2c-af47-bb651eaa034a,304e0d14-aa45-432c-9447-0cdb5b2c455c,2026-09-08T18:26:27Z,FanDuel Sportsbook structured market feed,,VA,NFL,35607262,New England Patriots @ Seattle Seahawks,2026-09-10T00:15:00.000Z,FanDuel,751.184817448,receiving_yards,Jadarian Price - Receiving Yds,,Jadarian Price,101883640,over,7.5,-114,1.87719298245614,0.5327102803738317,open,,,2026-09-08T18:26:27Z,,,,,v3-forward-measurement
dfd0431f-94f1-4e2c-af47-bb651eaa034a,b715a79e-04c4-4955-bc80-20f9b3b9d8b5,2026-09-08T18:26:27Z,FanDuel Sportsbook structured market feed,,VA,NFL,35607262,New England Patriots @ Seattle Seahawks,2026-09-10T00:15:00.000Z,FanDuel,751.184817448,receiving_yards,Jadarian Price - Receiving Yds,,Jadarian Price,101883641,under,7.5,-114,1.87719298245614,0.5327102803738317,open,,,2026-09-08T18:26:27Z,,,,,v3-forward-measurement
dfd0431f-94f1-4e2c-af47-bb651eaa034a,c73a5e01-a265-47a8-ade2-d61feef16259,2026-09-08T18:26:27Z,FanDuel Sportsbook structured market feed,,VA,NFL,35607262,New England Patriots @ Seattle Seahawks,2026-09-10T00:15:00.000Z,FanDuel,751.181983001,receiving_yards,Rashid Shaheed - Receiving Yds,,Rashid Shaheed,49450855,over,31.5,-114,1.87719298245614,0.5327102803738317,open,,,2026-09-08T18:26:27Z,,,,,v3-forward-measurement
dfd0431f-94f1-4e2c-af47-bb651eaa034a,5247eddd-81ff-4a9c-a3c9-424ae2a03149,2026-09-08T18:26:27Z,FanDuel Sportsbook structured market feed,,VA,NFL,35607262,New England Patriots @ Seattle Seahawks,2026-09-10T00:15:00.000Z,FanDuel,751.181983001,receiving_yards,Rashid Shaheed - Receiving Yds,,Rashid Shaheed,49450856,under,31.5,-114,1.87719298245614,0.5327102803738317,open,,,2026-09-08T18:26:27Z,,,,,v3-forward-measurement
dfd0431f-94f1-4e2c-af47-bb651eaa034a,469fdb4d-9018-4ac0-8d6d-c5adef80de6d,2026-09-08T18:26:27Z,FanDuel Sportsbook structured market feed,,VA,NFL,35607262,New England Patriots @ Seattle Seahawks,2026-09-10T00:15:00.000Z,FanDuel,751.181982239,receptions,Romeo Doubs - Total Receptions,,Romeo Doubs,42169650,over,3.5,106,2.06,0.4854368932038835,open,,,2026-09-08T18:26:27Z,,,,,v3-forward-measurement
dfd0431f-94f1-4e2c-af47-bb651eaa034a,4f3bd67a-eb4e-4d5c-b436-35c79311590d,2026-09-08T18:26:27Z,FanDuel Sportsbook structured market feed,,VA,NFL,35607262,New England Patriots @ Seattle Seahawks,2026-09-10T00:15:00.000Z,FanDuel,751.181982239,receptions,Romeo Doubs - Total Receptions,,Romeo Doubs,42169657,under,3.5,-140,1.714285714285714,0.5833333333333334,open,,,2026-09-08T18:26:27Z,,,,,v3-forward-measurement
dfd0431f-94f1-4e2c-af47-bb651eaa034a,869ebc8c-ccef-434d-8153-98d52620823a,2026-09-08T18:26:27Z,FanDuel Sportsbook structured market feed,,VA,NFL,35607262,New England Patriots @ Seattle Seahawks,2026-09-10T00:15:00.000Z,FanDuel,751.185116369,receiving_yards,George Holani - Receiving Yds,,George Holani,48141225,over,10.5,-114,1.87719298245614,0.5327102803738317,open,,,2026-09-08T18:26:27Z,,,,,v3-forward-measurement
dfd0431f-94f1-4e2c-af47-bb651eaa034a,3d86e9c8-e4ac-47eb-b1e5-9cffb23102c3,2026-09-08T18:26:27Z,FanDuel Sportsbook structured market feed,,VA,NFL,35607262,New England Patriots @ Seattle Seahawks,2026-09-10T00:15:00.000Z,FanDuel,751.185116369,receiving_yards,George Holani - Receiving Yds,,George Holani,48141223,under,10.5,-114,1.87719298245614,0.5327102803738317,open,,,2026-09-08T18:26:27Z,,,,,v3-forward-measurement
dfd0431f-94f1-4e2c-af47-bb651eaa034a,2c65ae69-c1e9-4c26-9d2f-c7612916615c,2026-09-08T18:26:27Z,FanDuel Sportsbook structured market feed,,VA,NFL,35607262,New England Patriots @ Seattle Seahawks,2026-09-10T00:15:00.000Z,FanDuel,751.181982007,receiving_yards,A.J. Brown - Receiving Yds,,A.J. Brown,40913464,over,62.5,-114,1.87719298245614,0.5327102803738317,open,,,2026-09-08T18:26:27Z,,,,,v3-forward-measurement
dfd0431f-94f1-4e2c-af47-bb651eaa034a,a018725d-c678-49a3-915f-cd1c0507ae2f,2026-09-08T18:26:27Z,FanDuel Sportsbook structured market feed,,VA,NFL,35607262,New England Patriots @ Seattle Seahawks,2026-09-10T00:15:00.000Z,FanDuel,751.181982007,receiving_yards,A.J. Brown - Receiving Yds,,A.J. Brown,40913463,under,62.5,-114,1.87719298245614,0.5327102803738317,open,,,2026-09-08T18:26:27Z,,,,,v3-forward-measurement
dfd0431f-94f1-4e2c-af47-bb651eaa034a,637c5375-e854-4c78-be3f-9642ea0ebcc6,2026-09-08T18:26:27Z,FanDuel Sportsbook structured market feed,,VA,NFL,35607262,New England Patriots @ Seattle Seahawks,2026-09-10T00:15:00.000Z,FanDuel,751.181982844,receptions,Cooper Kupp - Total Receptions,,Cooper Kupp,14944768,over,2.5,-132,1.757575757575758,0.5689655172413793,open,,,2026-09-08T18:26:27Z,,,,,v3-forward-measurement
dfd0431f-94f1-4e2c-af47-bb651eaa034a,5496f66f-2023-4539-8e33-e51c89d87150,2026-09-08T18:26:27Z,FanDuel Sportsbook structured market feed,,VA,NFL,35607262,New England Patriots @ Seattle Seahawks,2026-09-10T00:15:00.000Z,FanDuel,751.181982844,receptions,Cooper Kupp - Total Receptions,,Cooper Kupp,14944769,under,2.5,100,2,0.5,open,,,2026-09-08T18:26:27Z,,,,,v3-forward-measurement
dfd0431f-94f1-4e2c-af47-bb651eaa034a,bf8c26d4-272d-4864-bcc2-a836eff8a0b4,2026-09-08T18:26:27Z,FanDuel Sportsbook structured market feed,,VA,NFL,35607262,New England Patriots @ Seattle Seahawks,2026-09-10T00:15:00.000Z,FanDuel,751.181982849,receiving_yards,Cooper Kupp - Receiving Yds,,Cooper Kupp,14944768,over,29.5,-114,1.87719298245614,0.5327102803738317,open,,,2026-09-08T18:26:27Z,,,,,v3-forward-measurement
dfd0431f-94f1-4e2c-af47-bb651eaa034a,661c2702-e26e-47d5-b5a1-eac4ecd2be96,2026-09-08T18:26:27Z,FanDuel Sportsbook structured market feed,,VA,NFL,35607262,New England Patriots @ Seattle Seahawks,2026-09-10T00:15:00.000Z,FanDuel,751.181982849,receiving_yards,Cooper Kupp - Receiving Yds,,Cooper Kupp,14944769,under,29.5,-114,1.87719298245614,0.5327102803738317,open,,,2026-09-08T18:26:27Z,,,,,v3-forward-measurement
b74ad79e-d03d-4f99-9e72-ddea1ca5da87,2593e394-3c4a-434c-bcb3-c20f9ddff38e,2026-09-08T18:26:27Z,FanDuel Sportsbook structured market feed,,VA,NFL,35607426,Chicago Bears @ Carolina Panthers,2026-09-13T17:01:00.000Z,FanDuel,751.183908485,passing_touchdowns,Bryce Young - Passing TDs,,Bryce Young,41172024,over,1.5,112,2.12,0.4716981132075472,open,,,2026-09-08T18:26:27Z,,,,,v3-forward-measurement
b74ad79e-d03d-4f99-9e72-ddea1ca5da87,ee7191aa-6963-4950-abe8-9d60fc351566,2026-09-08T18:26:27Z,FanDuel Sportsbook structured market feed,,VA,NFL,35607426,Chicago Bears @ Carolina Panthers,2026-09-13T17:01:00.000Z,FanDuel,751.183908485,passing_touchdowns,Bryce Young - Passing TDs,,Bryce Young,41172023,under,1.5,-148,1.675675675675676,0.5967741935483871,open,,,2026-09-08T18:26:27Z,,,,,v3-forward-measurement
b74ad79e-d03d-4f99-9e72-ddea1ca5da87,777a3c17-d21f-421d-8d57-1e95b60cfc12,2026-09-08T18:26:27Z,FanDuel Sportsbook structured market feed,,VA,NFL,35607426,Chicago Bears @ Carolina Panthers,2026-09-13T17:01:00.000Z,FanDuel,751.183908396,passing_yards,Bryce Young - Passing Yds,,Bryce Young,41172024,over,208.5,-114,1.87719298245614,0.5327102803738317,open,,,2026-09-08T18:26:27Z,,,,,v3-forward-measurement
b74ad79e-d03d-4f99-9e72-ddea1ca5da87,9bcf914b-73ee-424e-9ea3-2bcb6b30a31c,2026-09-08T18:26:27Z,FanDuel Sportsbook structured market feed,,VA,NFL,35607426,Chicago Bears @ Carolina Panthers,2026-09-13T17:01:00.000Z,FanDuel,751.183908396,passing_yards,Bryce Young - Passing Yds,,Bryce Young,41172023,under,208.5,-114,1.87719298245614,0.5327102803738317,open,,,2026-09-08T18:26:27Z,,,,,v3-forward-measurement
b74ad79e-d03d-4f99-9e72-ddea1ca5da87,f3d45e79-688f-415f-9c30-9ceea80dd448,2026-09-08T18:26:27Z,FanDuel Sportsbook structured market feed,,VA,NFL,35607426,Chicago Bears @ Carolina Panthers,2026-09-13T17:01:00.000Z,FanDuel,751.183908512,passing_yards,Caleb Williams - Passing Yds,,Caleb Williams,41519457,over,226.5,-114,1.87719298245614,0.5327102803738317,open,,,2026-09-08T18:26:27Z,,,,,v3-forward-measurement
b74ad79e-d03d-4f99-9e72-ddea1ca5da87,59f9f18d-e0d2-42d9-bd61-0cad5259c5c3,2026-09-08T18:26:27Z,FanDuel Sportsbook structured market feed,,VA,NFL,35607426,Chicago Bears @ Carolina Panthers,2026-09-13T17:01:00.000Z,FanDuel,751.183908512,passing_yards,Caleb Williams - Passing Yds,,Caleb Williams,41519458,under,226.5,-114,1.87719298245614,0.5327102803738317,open,,,2026-09-08T18:26:27Z,,,,,v3-forward-measurement
b74ad79e-d03d-4f99-9e72-ddea1ca5da87,1e90b403-0ed5-4c90-a8da-9c81a88e8cfe,2026-09-08T18:26:27Z,FanDuel Sportsbook structured market feed,,VA,NFL,35607426,Chicago Bears @ Carolina Panthers,2026-09-13T17:01:00.000Z,FanDuel,751.183908472,passing_touchdowns,Caleb Williams - Passing TDs,,Caleb Williams,41519457,over,1.5,-106,1.943396226415094,0.5145631067961165,open,,,2026-09-08T18:26:27Z,,,,,v3-forward-measurement
b74ad79e-d03d-4f99-9e72-ddea1ca5da87,d27413d1-93fc-4042-9e4e-344119ee1572,2026-09-08T18:26:27Z,FanDuel Sportsbook structured market feed,,VA,NFL,35607426,Chicago Bears @ Carolina Panthers,2026-09-13T17:01:00.000Z,FanDuel,751.183908472,passing_touchdowns,Caleb Williams - Passing TDs,,Caleb Williams,41519458,under,1.5,-125,1.8,0.5555555555555556,open,,,2026-09-08T18:26:27Z,,,,,v3-forward-measurement
31707aab-fb33-4457-888d-7ca957d8b176,3b93bd93-e0e4-4395-893b-ad15b6dc72fe,2026-09-08T18:26:27Z,FanDuel Sportsbook structured market feed,,VA,NFL,35607426,Chicago Bears @ Carolina Panthers,2026-09-13T17:01:00.000Z,FanDuel,751.183913513,rushing_yards,Bryce Young - Rushing Yds,,Bryce Young,41172024,over,13.5,-114,1.87719298245614,0.5327102803738317,open,,,2026-09-08T18:26:27Z,,,,,v3-forward-measurement
31707aab-fb33-4457-888d-7ca957d8b176,583b9638-85fd-45c0-8a81-0e89b7143d8e,2026-09-08T18:26:27Z,FanDuel Sportsbook structured market feed,,VA,NFL,35607426,Chicago Bears @ Carolina Panthers,2026-09-13T17:01:00.000Z,FanDuel,751.183913513,rushing_yards,Bryce Young - Rushing Yds,,Bryce Young,41172023,under,13.5,-114,1.87719298245614,0.5327102803738317,open,,,2026-09-08T18:26:27Z,,,,,v3-forward-measurement
31707aab-fb33-4457-888d-7ca957d8b176,12b739b3-6521-491b-9806-252d139de38f,2026-09-08T18:26:27Z,FanDuel Sportsbook structured market feed,,VA,NFL,35607426,Chicago Bears @ Carolina Panthers,2026-09-13T17:01:00.000Z,FanDuel,751.183913516,rushing_yards,Caleb Williams - Rushing Yds,,Caleb Williams,41519457,over,19.5,-114,1.87719298245614,0.5327102803738317,open,,,2026-09-08T18:26:27Z,,,,,v3-forward-measurement
31707aab-fb33-4457-888d-7ca957d8b176,a85c2e63-27b6-4f66-9548-30e58824ee45,2026-09-08T18:26:27Z,FanDuel Sportsbook structured market feed,,VA,NFL,35607426,Chicago Bears @ Carolina Panthers,2026-09-13T17:01:00.000Z,FanDuel,751.183913516,rushing_yards,Caleb Williams - Rushing Yds,,Caleb Williams,41519458,under,19.5,-114,1.87719298245614,0.5327102803738317,open,,,2026-09-08T18:26:27Z,,,,,v3-forward-measurement
e08fda20-bb9d-4e33-8feb-37fb0357f478,8a5483cd-0d9b-4da6-bc07-3494bebeecdd,2026-09-08T18:26:27Z,FanDuel Sportsbook structured market feed,,VA,NFL,35607426,Chicago Bears @ Carolina Panthers,2026-09-13T17:01:00.000Z,FanDuel,751.184982586,receptions,Xavier Legette - Total Receptions,,Xavier Legette,59996927,over,1.5,-225,1.444444444444444,0.6923076923076923,open,,,2026-09-08T18:26:27Z,,,,,v3-forward-measurement
e08fda20-bb9d-4e33-8feb-37fb0357f478,98ed9090-172f-4c42-a704-8fe7fa16fe49,2026-09-08T18:26:27Z,FanDuel Sportsbook structured market feed,,VA,NFL,35607426,Chicago Bears @ Carolina Panthers,2026-09-13T17:01:00.000Z,FanDuel,751.184982586,receptions,Xavier Legette - Total Receptions,,Xavier Legette,59996922,under,1.5,164,2.64,0.3787878787878788,open,,,2026-09-08T18:26:27Z,,,,,v3-forward-measurement
e08fda20-bb9d-4e33-8feb-37fb0357f478,9ed7a2e9-7f60-4094-88e6-e39e1bfc984e,2026-09-08T18:26:27Z,FanDuel Sportsbook structured market feed,,VA,NFL,35607426,Chicago Bears @ Carolina Panthers,2026-09-13T17:01:00.000Z,FanDuel,751.183908446,receiving_yards,Tetairoa McMillan - Receiving Yds,,Tetairoa McMillan,50551859,over,58.5,-114,1.87719298245614,0.5327102803738317,open,,,2026-09-08T18:26:27Z,,,,,v3-forward-measurement
e08fda20-bb9d-4e33-8feb-37fb0357f478,48aacd66-132b-4e82-b02f-8c7f5025a584,2026-09-08T18:26:27Z,FanDuel Sportsbook structured market feed,,VA,NFL,35607426,Chicago Bears @ Carolina Panthers,2026-09-13T17:01:00.000Z,FanDuel,751.183908446,receiving_yards,Tetairoa McMillan - Receiving Yds,,Tetairoa McMillan,50551858,under,58.5,-114,1.87719298245614,0.5327102803738317,open,,,2026-09-08T18:26:27Z,,,,,v3-forward-measurement
e08fda20-bb9d-4e33-8feb-37fb0357f478,a974dec5-b68a-4fa6-8f09-ecbcede57824,2026-09-08T18:26:27Z,FanDuel Sportsbook structured market feed,,VA,NFL,35607426,Chicago Bears @ Carolina Panthers,2026-09-13T17:01:00.000Z,FanDuel,751.183908449,receptions,Luther Burden III - Total Receptions,,Luther Burden III,48308845,over,4.5,-138,1.72463768115942,0.5798319327731093,open,,,2026-09-08T18:26:27Z,,,,,v3-forward-measurement
e08fda20-bb9d-4e33-8feb-37fb0357f478,c4416760-1f57-4113-b0d4-45bfb4d4c522,2026-09-08T18:26:27Z,FanDuel Sportsbook structured market feed,,VA,NFL,35607426,Chicago Bears @ Carolina Panthers,2026-09-13T17:01:00.000Z,FanDuel,751.183908449,receptions,Luther Burden III - Total Receptions,,Luther Burden III,48308850,under,4.5,104,2.04,0.49019607843137253,open,,,2026-09-08T18:26:27Z,,,,,v3-forward-measurement
e08fda20-bb9d-4e33-8feb-37fb0357f478,4e15fa84-5668-4d1d-b03d-4098f479ae4b,2026-09-08T18:26:27Z,FanDuel Sportsbook structured market feed,,VA,NFL,35607426,Chicago Bears @ Carolina Panthers,2026-09-13T17:01:00.000Z,FanDuel,751.183908427,receptions,Tetairoa McMillan - Total Receptions,,Tetairoa McMillan,50551859,over,4.5,-114,1.87719298245614,0.5327102803738317,open,,,2026-09-08T18:26:27Z,,,,,v3-forward-measurement
e08fda20-bb9d-4e33-8feb-37fb0357f478,3f4a012e-9b62-4480-8950-b3c1ab996b3c,2026-09-08T18:26:27Z,FanDuel Sportsbook structured market feed,,VA,NFL,35607426,Chicago Bears @ Carolina Panthers,2026-09-13T17:01:00.000Z,FanDuel,751.183908427,receptions,Tetairoa McMillan - Total Receptions,,Tetairoa McMillan,50551858,under,4.5,-114,1.87719298245614,0.5327102803738317,open,,,2026-09-08T18:26:27Z,,,,,v3-forward-measurement
e08fda20-bb9d-4e33-8feb-37fb0357f478,75cc86ea-1cac-4eea-bf04-b6b8d852ccb3,2026-09-08T18:26:27Z,FanDuel Sportsbook structured market feed,,VA,NFL,35607426,Chicago Bears @ Carolina Panthers,2026-09-13T17:01:00.000Z,FanDuel,751.183908429,receiving_yards,Rome Odunze - Receiving Yds,,Rome Odunze,41522673,over,43.5,-114,1.87719298245614,0.5327102803738317,open,,,2026-09-08T18:26:27Z,,,,,v3-forward-measurement
e08fda20-bb9d-4e33-8feb-37fb0357f478,88bb22d6-576a-43f8-8759-955fbb5f0260,2026-09-08T18:26:27Z,FanDuel Sportsbook structured market feed,,VA,NFL,35607426,Chicago Bears @ Carolina Panthers,2026-09-13T17:01:00.000Z,FanDuel,751.183908429,receiving_yards,Rome Odunze - Receiving Yds,,Rome Odunze,41522672,under,43.5,-114,1.87719298245614,0.5327102803738317,open,,,2026-09-08T18:26:27Z,,,,,v3-forward-measurement
e08fda20-bb9d-4e33-8feb-37fb0357f478,1a8b6b8a-6c73-489e-b08b-9f0bfd7c524c,2026-09-08T18:26:27Z,FanDuel Sportsbook structured market feed,,VA,NFL,35607426,Chicago Bears @ Carolina Panthers,2026-09-13T17:01:00.000Z,FanDuel,751.183908505,receptions,Rome Odunze - Total Receptions,,Rome Odunze,41522673,over,3.5,106,2.06,0.4854368932038835,open,,,2026-09-08T18:26:27Z,,,,,v3-forward-measurement
e08fda20-bb9d-4e33-8feb-37fb0357f478,607721d0-d290-4c70-bb5b-6b9eb4592eef,2026-09-08T18:26:27Z,FanDuel Sportsbook structured market feed,,VA,NFL,35607426,Chicago Bears @ Carolina Panthers,2026-09-13T17:01:00.000Z,FanDuel,751.183908505,receptions,Rome Odunze - Total Receptions,,Rome Odunze,41522672,under,3.5,-140,1.714285714285714,0.5833333333333334,open,,,2026-09-08T18:26:27Z,,,,,v3-forward-measurement
e08fda20-bb9d-4e33-8feb-37fb0357f478,bc41290c-5147-41f9-a7b4-0b6918db7766,2026-09-08T18:26:27Z,FanDuel Sportsbook structured market feed,,VA,NFL,35607426,Chicago Bears @ Carolina Panthers,2026-09-13T17:01:00.000Z,FanDuel,751.183908508,receiving_yards,Luther Burden III - Receiving Yds,,Luther Burden III,48308845,over,56.5,-114,1.87719298245614,0.5327102803738317,open,,,2026-09-08T18:26:27Z,,,,,v3-forward-measurement
e08fda20-bb9d-4e33-8feb-37fb0357f478,686dbc85-8c71-4ca0-90dd-40fefc2e81b8,2026-09-08T18:26:27Z,FanDuel Sportsbook structured market feed,,VA,NFL,35607426,Chicago Bears @ Carolina Panthers,2026-09-13T17:01:00.000Z,FanDuel,751.183908508,receiving_yards,Luther Burden III - Receiving Yds,,Luther Burden III,48308850,under,56.5,-114,1.87719298245614,0.5327102803738317,open,,,2026-09-08T18:26:27Z,,,,,v3-forward-measurement
e08fda20-bb9d-4e33-8feb-37fb0357f478,6d550236-976d-47f1-aad3-bafaaf779f65,2026-09-08T18:26:27Z,FanDuel Sportsbook structured market feed,,VA,NFL,35607426,Chicago Bears @ Carolina Panthers,2026-09-13T17:01:00.000Z,FanDuel,751.183908529,receiving_yards,Colston Loveland - Receiving Yds,,Colston Loveland,60018716,over,50.5,-114,1.87719298245614,0.5327102803738317,open,,,2026-09-08T18:26:27Z,,,,,v3-forward-measurement
e08fda20-bb9d-4e33-8feb-37fb0357f478,17dc151a-6883-487b-949c-334aeb969257,2026-09-08T18:26:27Z,FanDuel Sportsbook structured market feed,,VA,NFL,35607426,Chicago Bears @ Carolina Panthers,2026-09-13T17:01:00.000Z,FanDuel,751.183908529,receiving_yards,Colston Loveland - Receiving Yds,,Colston Loveland,60018717,under,50.5,-114,1.87719298245614,0.5327102803738317,open,,,2026-09-08T18:26:27Z,,,,,v3-forward-measurement
e08fda20-bb9d-4e33-8feb-37fb0357f478,947e6bc0-fd99-4f90-b91e-15d45f37a3f6,2026-09-08T18:26:27Z,FanDuel Sportsbook structured market feed,,VA,NFL,35607426,Chicago Bears @ Carolina Panthers,2026-09-13T17:01:00.000Z,FanDuel,751.184982580,receiving_yards,Xavier Legette - Receiving Yds,,Xavier Legette,59996927,over,18.5,-114,1.87719298245614,0.5327102803738317,open,,,2026-09-08T18:26:27Z,,,,,v3-forward-measurement
e08fda20-bb9d-4e33-8feb-37fb0357f478,ae908bb9-93d9-4ac8-88ba-28eb7f9b2191,2026-09-08T18:26:27Z,FanDuel Sportsbook structured market feed,,VA,NFL,35607426,Chicago Bears @ Carolina Panthers,2026-09-13T17:01:00.000Z,FanDuel,751.184982580,receiving_yards,Xavier Legette - Receiving Yds,,Xavier Legette,59996922,under,18.5,-114,1.87719298245614,0.5327102803738317,open,,,2026-09-08T18:26:27Z,,,,,v3-forward-measurement
e08fda20-bb9d-4e33-8feb-37fb0357f478,544be9ce-ba53-423a-8f91-1e2af4ed64a0,2026-09-08T18:26:27Z,FanDuel Sportsbook structured market feed,,VA,NFL,35607426,Chicago Bears @ Carolina Panthers,2026-09-13T17:01:00.000Z,FanDuel,751.184547997,receiving_yards,Cole Kmet - Receiving Yds,,Cole Kmet,37493030,over,14.5,-114,1.87719298245614,0.5327102803738317,open,,,2026-09-08T18:26:27Z,,,,,v3-forward-measurement
e08fda20-bb9d-4e33-8feb-37fb0357f478,fece1d69-aa47-4fc6-bb84-774b50c8b4ce,2026-09-08T18:26:27Z,FanDuel Sportsbook structured market feed,,VA,NFL,35607426,Chicago Bears @ Carolina Panthers,2026-09-13T17:01:00.000Z,FanDuel,751.184547997,receiving_yards,Cole Kmet - Receiving Yds,,Cole Kmet,37493029,under,14.5,-114,1.87719298245614,0.5327102803738317,open,,,2026-09-08T18:26:27Z,,,,,v3-forward-measurement
e08fda20-bb9d-4e33-8feb-37fb0357f478,68e4463c-7eac-4759-b378-1ade49781f02,2026-09-08T18:26:27Z,FanDuel Sportsbook structured market feed,,VA,NFL,35607426,Chicago Bears @ Carolina Panthers,2026-09-13T17:01:00.000Z,FanDuel,751.184547999,receptions,Cole Kmet - Total Receptions,,Cole Kmet,37493030,over,1.5,-138,1.72463768115942,0.5798319327731093,open,,,2026-09-08T18:26:27Z,,,,,v3-forward-measurement
e08fda20-bb9d-4e33-8feb-37fb0357f478,961947a9-8400-4e79-8eee-83591804e5ba,2026-09-08T18:26:27Z,FanDuel Sportsbook structured market feed,,VA,NFL,35607426,Chicago Bears @ Carolina Panthers,2026-09-13T17:01:00.000Z,FanDuel,751.184547999,receptions,Cole Kmet - Total Receptions,,Cole Kmet,37493029,under,1.5,104,2.04,0.49019607843137253,open,,,2026-09-08T18:26:27Z,,,,,v3-forward-measurement
e08fda20-bb9d-4e33-8feb-37fb0357f478,0b1653b5-db80-4a22-b7cf-66bd2f4d8830,2026-09-08T18:26:27Z,FanDuel Sportsbook structured market feed,,VA,NFL,35607426,Chicago Bears @ Carolina Panthers,2026-09-13T17:01:00.000Z,FanDuel,751.183908457,receptions,Colston Loveland - Total Receptions,,Colston Loveland,60018716,over,4.5,-114,1.87719298245614,0.5327102803738317,open,,,2026-09-08T18:26:27Z,,,,,v3-forward-measurement
e08fda20-bb9d-4e33-8feb-37fb0357f478,214b7315-f5fc-479a-ba76-3e2fbe0cbba2,2026-09-08T18:26:27Z,FanDuel Sportsbook structured market feed,,VA,NFL,35607426,Chicago Bears @ Carolina Panthers,2026-09-13T17:01:00.000Z,FanDuel,751.183908457,receptions,Colston Loveland - Total Receptions,,Colston Loveland,60018717,under,4.5,-114,1.87719298245614,0.5327102803738317,open,,,2026-09-08T18:26:27Z,,,,,v3-forward-measurement
e08fda20-bb9d-4e33-8feb-37fb0357f478,e11c103b-645f-4575-8725-28a44200582d,2026-09-08T18:26:27Z,FanDuel Sportsbook structured market feed,,VA,NFL,35607426,Chicago Bears @ Carolina Panthers,2026-09-13T17:01:00.000Z,FanDuel,751.184547205,receiving_yards,Jalen Coker - Receiving Yds,,Jalen Coker,74451302,over,39.5,-114,1.87719298245614,0.5327102803738317,open,,,2026-09-08T18:26:27Z,,,,,v3-forward-measurement
e08fda20-bb9d-4e33-8feb-37fb0357f478,54df55ee-dafd-4c0e-b003-ead44ed3ed24,2026-09-08T18:26:27Z,FanDuel Sportsbook structured market feed,,VA,NFL,35607426,Chicago Bears @ Carolina Panthers,2026-09-13T17:01:00.000Z,FanDuel,751.184547205,receiving_yards,Jalen Coker - Receiving Yds,,Jalen Coker,74451301,under,39.5,-114,1.87719298245614,0.5327102803738317,open,,,2026-09-08T18:26:27Z,,,,,v3-forward-measurement
e08fda20-bb9d-4e33-8feb-37fb0357f478,eeca8925-3356-41a8-b1f4-e05657a4a2e6,2026-09-08T18:26:27Z,FanDuel Sportsbook structured market feed,,VA,NFL,35607426,Chicago Bears @ Carolina Panthers,2026-09-13T17:01:00.000Z,FanDuel,751.184547206,receptions,Jalen Coker - Total Receptions,,Jalen Coker,74451302,over,3.5,-128,1.78125,0.5614035087719298,open,,,2026-09-08T18:26:27Z,,,,,v3-forward-measurement
e08fda20-bb9d-4e33-8feb-37fb0357f478,130d8029-f5b4-4669-acbd-27ee4c63cf00,2026-09-08T18:26:27Z,FanDuel Sportsbook structured market feed,,VA,NFL,35607426,Chicago Bears @ Carolina Panthers,2026-09-13T17:01:00.000Z,FanDuel,751.184547206,receptions,Jalen Coker - Total Receptions,,Jalen Coker,74451301,under,3.5,-104,1.961538461538462,0.5098039215686274,open,,,2026-09-08T18:26:27Z,,,,,v3-forward-measurement
6e605ef7-8dcc-45f3-af04-1beb46b162bf,890c9af5-91f2-4426-8c4e-a2e860fd829e,2026-09-08T18:26:27Z,FanDuel Sportsbook structured market feed,,VA,NFL,35609018,Miami Dolphins @ Las Vegas Raiders,2026-09-13T20:26:00.000Z,FanDuel,751.184001832,passing_yards,Kirk Cousins - Passing Yds,,Kirk Cousins,11889829,over,215.5,-114,1.87719298245614,0.5327102803738317,open,,,2026-09-08T18:26:27Z,,,,,v3-forward-measurement
6e605ef7-8dcc-45f3-af04-1beb46b162bf,936a1df7-6cd2-48a8-9a67-f056bb84d9d3,2026-09-08T18:26:27Z,FanDuel Sportsbook structured market feed,,VA,NFL,35609018,Miami Dolphins @ Las Vegas Raiders,2026-09-13T20:26:00.000Z,FanDuel,751.184001832,passing_yards,Kirk Cousins - Passing Yds,,Kirk Cousins,11889830,under,215.5,-114,1.87719298245614,0.5327102803738317,open,,,2026-09-08T18:26:27Z,,,,,v3-forward-measurement
6e605ef7-8dcc-45f3-af04-1beb46b162bf,ae21717e-52bd-49dc-a3f4-ee50fb533530,2026-09-08T18:26:27Z,FanDuel Sportsbook structured market feed,,VA,NFL,35609018,Miami Dolphins @ Las Vegas Raiders,2026-09-13T20:26:00.000Z,FanDuel,751.184001788,passing_touchdowns,Malik Willis - Passing TDs,,Malik Willis,41071999,over,0.5,-220,1.454545454545455,0.6875,open,,,2026-09-08T18:26:27Z,,,,,v3-forward-measurement
6e605ef7-8dcc-45f3-af04-1beb46b162bf,0dd83bd5-1c0b-4398-8118-1ce4b45a1179,2026-09-08T18:26:27Z,FanDuel Sportsbook structured market feed,,VA,NFL,35609018,Miami Dolphins @ Las Vegas Raiders,2026-09-13T20:26:00.000Z,FanDuel,751.184001788,passing_touchdowns,Malik Willis - Passing TDs,,Malik Willis,41072001,under,0.5,162,2.62,0.3816793893129771,open,,,2026-09-08T18:26:27Z,,,,,v3-forward-measurement
6e605ef7-8dcc-45f3-af04-1beb46b162bf,64d42fdb-8863-4c96-aeb0-5688f1189781,2026-09-08T18:26:27Z,FanDuel Sportsbook structured market feed,,VA,NFL,35609018,Miami Dolphins @ Las Vegas Raiders,2026-09-13T20:26:00.000Z,FanDuel,751.184001812,passing_yards,Malik Willis - Passing Yds,,Malik Willis,41071999,over,184.5,-114,1.87719298245614,0.5327102803738317,open,,,2026-09-08T18:26:27Z,,,,,v3-forward-measurement
6e605ef7-8dcc-45f3-af04-1beb46b162bf,f986670b-091b-463b-b3b3-a7d8e9c928b8,2026-09-08T18:26:27Z,FanDuel Sportsbook structured market feed,,VA,NFL,35609018,Miami Dolphins @ Las Vegas Raiders,2026-09-13T20:26:00.000Z,FanDuel,751.184001812,passing_yards,Malik Willis - Passing Yds,,Malik Willis,41072001,under,184.5,-114,1.87719298245614,0.5327102803738317,open,,,2026-09-08T18:26:27Z,,,,,v3-forward-measurement
6e605ef7-8dcc-45f3-af04-1beb46b162bf,da2114eb-8627-4a2f-8845-d4b82612174e,2026-09-08T18:26:27Z,FanDuel Sportsbook structured market feed,,VA,NFL,35609018,Miami Dolphins @ Las Vegas Raiders,2026-09-13T20:26:00.000Z,FanDuel,751.184001798,passing_touchdowns,Kirk Cousins - Passing TDs,,Kirk Cousins,11889829,over,1.5,124,2.24,0.44642857142857145,open,,,2026-09-08T18:26:27Z,,,,,v3-forward-measurement
6e605ef7-8dcc-45f3-af04-1beb46b162bf,0ba3918e-ae3a-49ae-bc71-2305b3ae62fb,2026-09-08T18:26:27Z,FanDuel Sportsbook structured market feed,,VA,NFL,35609018,Miami Dolphins @ Las Vegas Raiders,2026-09-13T20:26:00.000Z,FanDuel,751.184001798,passing_touchdowns,Kirk Cousins - Passing TDs,,Kirk Cousins,11889830,under,1.5,-166,1.602409638554217,0.6240601503759399,open,,,2026-09-08T18:26:27Z,,,,,v3-forward-measurement
7c006637-aaa2-4058-bac0-d860392a7576,51d56355-0db2-4e57-afa4-fb12e3a8f4b3,2026-09-08T18:26:27Z,FanDuel Sportsbook structured market feed,,VA,NFL,35609018,Miami Dolphins @ Las Vegas Raiders,2026-09-13T20:26:00.000Z,FanDuel,751.185136427,rushing_yards,Malik Willis - Rushing Yds,,Malik Willis,41071999,over,38.5,-114,1.87719298245614,0.5327102803738317,open,,,2026-09-08T18:26:27Z,,,,,v3-forward-measurement
7c006637-aaa2-4058-bac0-d860392a7576,922d94b3-c3c5-4184-a5d5-05266107ae05,2026-09-08T18:26:27Z,FanDuel Sportsbook structured market feed,,VA,NFL,35609018,Miami Dolphins @ Las Vegas Raiders,2026-09-13T20:26:00.000Z,FanDuel,751.185136427,rushing_yards,Malik Willis - Rushing Yds,,Malik Willis,41072001,under,38.5,-114,1.87719298245614,0.5327102803738317,open,,,2026-09-08T18:26:27Z,,,,,v3-forward-measurement
7c006637-aaa2-4058-bac0-d860392a7576,590baecd-c13f-4354-8d20-7c333eb89efe,2026-09-08T18:26:27Z,FanDuel Sportsbook structured market feed,,VA,NFL,35609018,Miami Dolphins @ Las Vegas Raiders,2026-09-13T20:26:00.000Z,FanDuel,751.185254634,rushing_yards,Kirk Cousins - Rushing Yds,,Kirk Cousins,11889829,over,0.5,120,2.2,0.45454545454545453,open,,,2026-09-08T18:26:27Z,,,,,v3-forward-measurement
7c006637-aaa2-4058-bac0-d860392a7576,e9e467a4-9894-45c6-8de8-22ddf8ec902e,2026-09-08T18:26:27Z,FanDuel Sportsbook structured market feed,,VA,NFL,35609018,Miami Dolphins @ Las Vegas Raiders,2026-09-13T20:26:00.000Z,FanDuel,751.185254634,rushing_yards,Kirk Cousins - Rushing Yds,,Kirk Cousins,11889830,under,0.5,-156,1.641025641025641,0.609375,open,,,2026-09-08T18:26:27Z,,,,,v3-forward-measurement
7c006637-aaa2-4058-bac0-d860392a7576,546c56fd-7439-4e11-b26b-0c37c1cc5839,2026-09-08T18:26:27Z,FanDuel Sportsbook structured market feed,,VA,NFL,35609018,Miami Dolphins @ Las Vegas Raiders,2026-09-13T20:26:00.000Z,FanDuel,751.184002435,rushing_yards,De'Von Achane - Rushing Yds,,De'Von Achane,61166678,over,66.5,-114,1.87719298245614,0.5327102803738317,open,,,2026-09-08T18:26:27Z,,,,,v3-forward-measurement
7c006637-aaa2-4058-bac0-d860392a7576,911347b5-ad41-4b4f-8579-8086ef4cf6e0,2026-09-08T18:26:27Z,FanDuel Sportsbook structured market feed,,VA,NFL,35609018,Miami Dolphins @ Las Vegas Raiders,2026-09-13T20:26:00.000Z,FanDuel,751.184002435,rushing_yards,De'Von Achane - Rushing Yds,,De'Von Achane,61166679,under,66.5,-114,1.87719298245614,0.5327102803738317,open,,,2026-09-08T18:26:27Z,,,,,v3-forward-measurement
b17ef96e-9748-4ec9-9ec2-e99de26cb0c4,a424851c-12b8-42e8-8251-080dbc852dd2,2026-09-08T18:26:27Z,FanDuel Sportsbook structured market feed,,VA,NFL,35609018,Miami Dolphins @ Las Vegas Raiders,2026-09-13T20:26:00.000Z,FanDuel,751.185447438,receiving_yards,Jack Bech - Receiving Yds,,Jack Bech,41330988,over,15.5,-114,1.87719298245614,0.5327102803738317,open,,,2026-09-08T18:26:27Z,,,,,v3-forward-measurement
b17ef96e-9748-4ec9-9ec2-e99de26cb0c4,e9d5bf48-1bfa-4199-a9d2-f49a801573e2,2026-09-08T18:26:27Z,FanDuel Sportsbook structured market feed,,VA,NFL,35609018,Miami Dolphins @ Las Vegas Raiders,2026-09-13T20:26:00.000Z,FanDuel,751.185447438,receiving_yards,Jack Bech - Receiving Yds,,Jack Bech,41330987,under,15.5,-114,1.87719298245614,0.5327102803738317,open,,,2026-09-08T18:26:27Z,,,,,v3-forward-measurement
b17ef96e-9748-4ec9-9ec2-e99de26cb0c4,fb31b62e-3841-4c6a-9e30-c1e68da46ac0,2026-09-08T18:26:27Z,FanDuel Sportsbook structured market feed,,VA,NFL,35609018,Miami Dolphins @ Las Vegas Raiders,2026-09-13T20:26:00.000Z,FanDuel,751.185050463,receiving_yards,Malik Washington - Receiving Yds,,Malik Washington,41433612,over,26.5,-114,1.87719298245614,0.5327102803738317,open,,,2026-09-08T18:26:27Z,,,,,v3-forward-measurement
b17ef96e-9748-4ec9-9ec2-e99de26cb0c4,c645a46f-346c-4697-9493-a7c25157b278,2026-09-08T18:26:27Z,FanDuel Sportsbook structured market feed,,VA,NFL,35609018,Miami Dolphins @ Las Vegas Raiders,2026-09-13T20:26:00.000Z,FanDuel,751.185050463,receiving_yards,Malik Washington - Receiving Yds,,Malik Washington,41433613,under,26.5,-114,1.87719298245614,0.5327102803738317,open,,,2026-09-08T18:26:27Z,,,,,v3-forward-measurement
b17ef96e-9748-4ec9-9ec2-e99de26cb0c4,ab45ad7c-3fc0-4d95-b5fd-04555f907581,2026-09-08T18:26:27Z,FanDuel Sportsbook structured market feed,,VA,NFL,35609018,Miami Dolphins @ Las Vegas Raiders,2026-09-13T20:26:00.000Z,FanDuel,751.185447436,receptions,Jack Bech - Total Receptions,,Jack Bech,41330988,over,1.5,-114,1.87719298245614,0.5327102803738317,open,,,2026-09-08T18:26:27Z,,,,,v3-forward-measurement
b17ef96e-9748-4ec9-9ec2-e99de26cb0c4,8bc397c2-ebe0-4808-884d-f2e3175ea408,2026-09-08T18:26:27Z,FanDuel Sportsbook structured market feed,,VA,NFL,35609018,Miami Dolphins @ Las Vegas Raiders,2026-09-13T20:26:00.000Z,FanDuel,751.185447436,receptions,Jack Bech - Total Receptions,,Jack Bech,41330987,under,1.5,-114,1.87719298245614,0.5327102803738317,open,,,2026-09-08T18:26:27Z,,,,,v3-forward-measurement
b17ef96e-9748-4ec9-9ec2-e99de26cb0c4,bd5a25d0-07a3-40c1-927a-f02b2dbdd1ef,2026-09-08T18:26:27Z,FanDuel Sportsbook structured market feed,,VA,NFL,35609018,Miami Dolphins @ Las Vegas Raiders,2026-09-13T20:26:00.000Z,FanDuel,751.184007905,receiving_yards,Tre Tucker - Receiving Yds,,Tre Tucker,49580080,over,40.5,-114,1.87719298245614,0.5327102803738317,open,,,2026-09-08T18:26:27Z,,,,,v3-forward-measurement
b17ef96e-9748-4ec9-9ec2-e99de26cb0c4,b2a2a3e0-faf4-4fb0-99bf-a62679c10c2f,2026-09-08T18:26:27Z,FanDuel Sportsbook structured market feed,,VA,NFL,35609018,Miami Dolphins @ Las Vegas Raiders,2026-09-13T20:26:00.000Z,FanDuel,751.184007905,receiving_yards,Tre Tucker - Receiving Yds,,Tre Tucker,49580078,under,40.5,-114,1.87719298245614,0.5327102803738317,open,,,2026-09-08T18:26:27Z,,,,,v3-forward-measurement
b17ef96e-9748-4ec9-9ec2-e99de26cb0c4,3863c089-153f-44f1-b94e-97a06d978435,2026-09-08T18:26:27Z,FanDuel Sportsbook structured market feed,,VA,NFL,35609018,Miami Dolphins @ Las Vegas Raiders,2026-09-13T20:26:00.000Z,FanDuel,751.185062655,receptions,Caleb Douglas - Total Receptions,,Caleb Douglas,59967950,over,2.5,120,2.2,0.45454545454545453,open,,,2026-09-08T18:26:27Z,,,,,v3-forward-measurement
b17ef96e-9748-4ec9-9ec2-e99de26cb0c4,7572db3a-d4d9-43a0-add0-c5340f4ffec3,2026-09-08T18:26:27Z,FanDuel Sportsbook structured market feed,,VA,NFL,35609018,Miami Dolphins @ Las Vegas Raiders,2026-09-13T20:26:00.000Z,FanDuel,751.185062655,receptions,Caleb Douglas - Total Receptions,,Caleb Douglas,59967966,under,2.5,-160,1.625,0.6153846153846154,open,,,2026-09-08T18:26:27Z,,,,,v3-forward-measurement
b17ef96e-9748-4ec9-9ec2-e99de26cb0c4,0ead3107-c47f-4bbe-b700-1b3690467aa0,2026-09-08T18:26:27Z,FanDuel Sportsbook structured market feed,,VA,NFL,35609018,Miami Dolphins @ Las Vegas Raiders,2026-09-13T20:26:00.000Z,FanDuel,751.184007903,receptions,Tre Tucker - Total Receptions,,Tre Tucker,49580080,over,3.5,-108,1.925925925925926,0.5192307692307693,open,,,2026-09-08T18:26:27Z,,,,,v3-forward-measurement
b17ef96e-9748-4ec9-9ec2-e99de26cb0c4,30f792ae-4455-4a24-86bb-2e1d9945261e,2026-09-08T18:26:27Z,FanDuel Sportsbook structured market feed,,VA,NFL,35609018,Miami Dolphins @ Las Vegas Raiders,2026-09-13T20:26:00.000Z,FanDuel,751.184007903,receptions,Tre Tucker - Total Receptions,,Tre Tucker,49580078,under,3.5,-122,1.819672131147541,0.5495495495495496,open,,,2026-09-08T18:26:27Z,,,,,v3-forward-measurement
b17ef96e-9748-4ec9-9ec2-e99de26cb0c4,b4d94e78-9972-4ed2-993e-9f41c1a7a477,2026-09-08T18:26:27Z,FanDuel Sportsbook structured market feed,,VA,NFL,35609018,Miami Dolphins @ Las Vegas Raiders,2026-09-13T20:26:00.000Z,FanDuel,751.184008124,receptions,De'Von Achane - Total Receptions,,De'Von Achane,61166678,over,4.5,122,2.22,0.45045045045045046,open,,,2026-09-08T18:26:27Z,,,,,v3-forward-measurement
b17ef96e-9748-4ec9-9ec2-e99de26cb0c4,3f1a91de-f165-4ff3-9476-824b85ce4a7a,2026-09-08T18:26:27Z,FanDuel Sportsbook structured market feed,,VA,NFL,35609018,Miami Dolphins @ Las Vegas Raiders,2026-09-13T20:26:00.000Z,FanDuel,751.184008124,receptions,De'Von Achane - Total Receptions,,De'Von Achane,61166679,under,4.5,-162,1.617283950617284,0.6183206106870229,open,,,2026-09-08T18:26:27Z,,,,,v3-forward-measurement
b17ef96e-9748-4ec9-9ec2-e99de26cb0c4,36a86879-5afd-46cb-a7d8-cf6a01efb995,2026-09-08T18:26:27Z,FanDuel Sportsbook structured market feed,,VA,NFL,35609018,Miami Dolphins @ Las Vegas Raiders,2026-09-13T20:26:00.000Z,FanDuel,751.185140997,receiving_yards,Michael Mayer - Receiving Yds,,Michael Mayer,41072736,over,17.5,-114,1.87719298245614,0.5327102803738317,open,,,2026-09-08T18:26:27Z,,,,,v3-forward-measurement
b17ef96e-9748-4ec9-9ec2-e99de26cb0c4,3c169877-ece8-414c-8614-f3e038fff753,2026-09-08T18:26:27Z,FanDuel Sportsbook structured market feed,,VA,NFL,35609018,Miami Dolphins @ Las Vegas Raiders,2026-09-13T20:26:00.000Z,FanDuel,751.185140997,receiving_yards,Michael Mayer - Receiving Yds,,Michael Mayer,41072735,under,17.5,-114,1.87719298245614,0.5327102803738317,open,,,2026-09-08T18:26:27Z,,,,,v3-forward-measurement
b17ef96e-9748-4ec9-9ec2-e99de26cb0c4,ddcfdb41-5de7-4138-87c6-056c601bde30,2026-09-08T18:26:27Z,FanDuel Sportsbook structured market feed,,VA,NFL,35609018,Miami Dolphins @ Las Vegas Raiders,2026-09-13T20:26:00.000Z,FanDuel,751.184008125,receiving_yards,De'Von Achane - Receiving Yds,,De'Von Achane,61166678,over,27.5,-114,1.87719298245614,0.5327102803738317,open,,,2026-09-08T18:26:27Z,,,,,v3-forward-measurement
b17ef96e-9748-4ec9-9ec2-e99de26cb0c4,2918a58e-69bf-4988-b734-5d28b0394963,2026-09-08T18:26:27Z,FanDuel Sportsbook structured market feed,,VA,NFL,35609018,Miami Dolphins @ Las Vegas Raiders,2026-09-13T20:26:00.000Z,FanDuel,751.184008125,receiving_yards,De'Von Achane - Receiving Yds,,De'Von Achane,61166679,under,27.5,-114,1.87719298245614,0.5327102803738317,open,,,2026-09-08T18:26:27Z,,,,,v3-forward-measurement
b17ef96e-9748-4ec9-9ec2-e99de26cb0c4,a2b18b82-02e4-4925-b879-ca301582f5e9,2026-09-08T18:26:27Z,FanDuel Sportsbook structured market feed,,VA,NFL,35609018,Miami Dolphins @ Las Vegas Raiders,2026-09-13T20:26:00.000Z,FanDuel,751.185140911,receptions,Jalen Nailor - Total Receptions,,Jalen Nailor,40975110,over,2.5,154,2.54,0.3937007874015748,open,,,2026-09-08T18:26:27Z,,,,,v3-forward-measurement
b17ef96e-9748-4ec9-9ec2-e99de26cb0c4,95141371-5eec-4b54-b1a2-43216ebf185c,2026-09-08T18:26:27Z,FanDuel Sportsbook structured market feed,,VA,NFL,35609018,Miami Dolphins @ Las Vegas Raiders,2026-09-13T20:26:00.000Z,FanDuel,751.185140911,receptions,Jalen Nailor - Total Receptions,,Jalen Nailor,40975111,under,2.5,-210,1.476190476190476,0.6774193548387096,open,,,2026-09-08T18:26:27Z,,,,,v3-forward-measurement
b17ef96e-9748-4ec9-9ec2-e99de26cb0c4,f6682d76-a2c7-4d44-bb29-6dad063e7a38,2026-09-08T18:26:27Z,FanDuel Sportsbook structured market feed,,VA,NFL,35609018,Miami Dolphins @ Las Vegas Raiders,2026-09-13T20:26:00.000Z,FanDuel,751.185140999,receptions,Michael Mayer - Total Receptions,,Michael Mayer,41072736,over,2.5,144,2.44,0.4098360655737705,open,,,2026-09-08T18:26:27Z,,,,,v3-forward-measurement
b17ef96e-9748-4ec9-9ec2-e99de26cb0c4,7cf81268-51bf-4c5a-87bb-a85556ce1e1b,2026-09-08T18:26:27Z,FanDuel Sportsbook structured market feed,,VA,NFL,35609018,Miami Dolphins @ Las Vegas Raiders,2026-09-13T20:26:00.000Z,FanDuel,751.185140999,receptions,Michael Mayer - Total Receptions,,Michael Mayer,41072735,under,2.5,-194,1.515463917525773,0.6598639455782312,open,,,2026-09-08T18:26:27Z,,,,,v3-forward-measurement
b17ef96e-9748-4ec9-9ec2-e99de26cb0c4,b3c74e93-e35a-48cb-8d50-b695c93e48b1,2026-09-08T18:26:27Z,FanDuel Sportsbook structured market feed,,VA,NFL,35609018,Miami Dolphins @ Las Vegas Raiders,2026-09-13T20:26:00.000Z,FanDuel,751.185050455,receptions,Malik Washington - Total Receptions,,Malik Washington,41433612,over,2.5,-148,1.675675675675676,0.5967741935483871,open,,,2026-09-08T18:26:27Z,,,,,v3-forward-measurement
b17ef96e-9748-4ec9-9ec2-e99de26cb0c4,d96495d9-c9d0-4b4a-bc64-379925200190,2026-09-08T18:26:27Z,FanDuel Sportsbook structured market feed,,VA,NFL,35609018,Miami Dolphins @ Las Vegas Raiders,2026-09-13T20:26:00.000Z,FanDuel,751.185050455,receptions,Malik Washington - Total Receptions,,Malik Washington,41433613,under,2.5,112,2.12,0.4716981132075472,open,,,2026-09-08T18:26:27Z,,,,,v3-forward-measurement
b17ef96e-9748-4ec9-9ec2-e99de26cb0c4,f6a651b5-0dcb-42a1-9bfc-bc1d04b0fffc,2026-09-08T18:26:27Z,FanDuel Sportsbook structured market feed,,VA,NFL,35609018,Miami Dolphins @ Las Vegas Raiders,2026-09-13T20:26:00.000Z,FanDuel,751.184004925,receptions,Brock Bowers - Total Receptions,,Brock Bowers,41171177,over,5.5,-136,1.735294117647059,0.576271186440678,open,,,2026-09-08T18:26:27Z,,,,,v3-forward-measurement
b17ef96e-9748-4ec9-9ec2-e99de26cb0c4,ef3c6704-5e54-447f-8d47-3cb43d92d8fb,2026-09-08T18:26:27Z,FanDuel Sportsbook structured market feed,,VA,NFL,35609018,Miami Dolphins @ Las Vegas Raiders,2026-09-13T20:26:00.000Z,FanDuel,751.184004925,receptions,Brock Bowers - Total Receptions,,Brock Bowers,41171176,under,5.5,102,2.02,0.49504950495049505,open,,,2026-09-08T18:26:27Z,,,,,v3-forward-measurement
b17ef96e-9748-4ec9-9ec2-e99de26cb0c4,c5642399-8bda-41f7-b5cf-c0d72c14b039,2026-09-08T18:26:27Z,FanDuel Sportsbook structured market feed,,VA,NFL,35609018,Miami Dolphins @ Las Vegas Raiders,2026-09-13T20:26:00.000Z,FanDuel,751.185140909,receiving_yards,Jalen Nailor - Receiving Yds,,Jalen Nailor,40975110,over,20.5,-114,1.87719298245614,0.5327102803738317,open,,,2026-09-08T18:26:27Z,,,,,v3-forward-measurement
b17ef96e-9748-4ec9-9ec2-e99de26cb0c4,8f61fd0e-a375-41b1-b747-7f70a55b9ec9,2026-09-08T18:26:27Z,FanDuel Sportsbook structured market feed,,VA,NFL,35609018,Miami Dolphins @ Las Vegas Raiders,2026-09-13T20:26:00.000Z,FanDuel,751.185140909,receiving_yards,Jalen Nailor - Receiving Yds,,Jalen Nailor,40975111,under,20.5,-114,1.87719298245614,0.5327102803738317,open,,,2026-09-08T18:26:27Z,,,,,v3-forward-measurement
b17ef96e-9748-4ec9-9ec2-e99de26cb0c4,6188ec96-aefb-4a70-967a-6b9e2712059d,2026-09-08T18:26:27Z,FanDuel Sportsbook structured market feed,,VA,NFL,35609018,Miami Dolphins @ Las Vegas Raiders,2026-09-13T20:26:00.000Z,FanDuel,751.184004927,receiving_yards,Brock Bowers - Receiving Yds,,Brock Bowers,41171177,over,62.5,-114,1.87719298245614,0.5327102803738317,open,,,2026-09-08T18:26:27Z,,,,,v3-forward-measurement
b17ef96e-9748-4ec9-9ec2-e99de26cb0c4,42b88d64-3e2f-4acf-843c-9bb5f09f3c27,2026-09-08T18:26:27Z,FanDuel Sportsbook structured market feed,,VA,NFL,35609018,Miami Dolphins @ Las Vegas Raiders,2026-09-13T20:26:00.000Z,FanDuel,751.184004927,receiving_yards,Brock Bowers - Receiving Yds,,Brock Bowers,41171176,under,62.5,-114,1.87719298245614,0.5327102803738317,open,,,2026-09-08T18:26:27Z,,,,,v3-forward-measurement
b17ef96e-9748-4ec9-9ec2-e99de26cb0c4,29527f24-6c82-416a-b683-0b80a6f6d054,2026-09-08T18:26:27Z,FanDuel Sportsbook structured market feed,,VA,NFL,35609018,Miami Dolphins @ Las Vegas Raiders,2026-09-13T20:26:00.000Z,FanDuel,751.185062643,receiving_yards,Caleb Douglas - Receiving Yds,,Caleb Douglas,59967950,over,25.5,-114,1.87719298245614,0.5327102803738317,open,,,2026-09-08T18:26:27Z,,,,,v3-forward-measurement
b17ef96e-9748-4ec9-9ec2-e99de26cb0c4,20c3e544-dab7-4cd8-b2ad-9c61fad90f2f,2026-09-08T18:26:27Z,FanDuel Sportsbook structured market feed,,VA,NFL,35609018,Miami Dolphins @ Las Vegas Raiders,2026-09-13T20:26:00.000Z,FanDuel,751.185062643,receiving_yards,Caleb Douglas - Receiving Yds,,Caleb Douglas,59967966,under,25.5,-114,1.87719298245614,0.5327102803738317,open,,,2026-09-08T18:26:27Z,,,,,v3-forward-measurement
b17ef96e-9748-4ec9-9ec2-e99de26cb0c4,a343a6a9-f976-41bd-bf6f-dd3913884e4a,2026-09-08T18:26:27Z,FanDuel Sportsbook structured market feed,,VA,NFL,35609018,Miami Dolphins @ Las Vegas Raiders,2026-09-13T20:26:00.000Z,FanDuel,751.185140626,receiving_yards,Greg Dulcich - Receiving Yds,,Greg Dulcich,41074189,over,26.5,-114,1.87719298245614,0.5327102803738317,open,,,2026-09-08T18:26:27Z,,,,,v3-forward-measurement
b17ef96e-9748-4ec9-9ec2-e99de26cb0c4,f025b6d8-f232-4206-9015-302c2546fbf4,2026-09-08T18:26:27Z,FanDuel Sportsbook structured market feed,,VA,NFL,35609018,Miami Dolphins @ Las Vegas Raiders,2026-09-13T20:26:00.000Z,FanDuel,751.185140626,receiving_yards,Greg Dulcich - Receiving Yds,,Greg Dulcich,41074187,under,26.5,-114,1.87719298245614,0.5327102803738317,open,,,2026-09-08T18:26:27Z,,,,,v3-forward-measurement
b17ef96e-9748-4ec9-9ec2-e99de26cb0c4,e34dbd7a-92bd-4c27-bd7f-d646e3728f20,2026-09-08T18:26:27Z,FanDuel Sportsbook structured market feed,,VA,NFL,35609018,Miami Dolphins @ Las Vegas Raiders,2026-09-13T20:26:00.000Z,FanDuel,751.185140628,receptions,Greg Dulcich - Total Receptions,,Greg Dulcich,41074189,over,2.5,-114,1.87719298245614,0.5327102803738317,open,,,2026-09-08T18:26:27Z,,,,,v3-forward-measurement
b17ef96e-9748-4ec9-9ec2-e99de26cb0c4,5a5db784-5773-427f-a459-dff4ec0cced0,2026-09-08T18:26:27Z,FanDuel Sportsbook structured market feed,,VA,NFL,35609018,Miami Dolphins @ Las Vegas Raiders,2026-09-13T20:26:00.000Z,FanDuel,751.185140628,receptions,Greg Dulcich - Total Receptions,,Greg Dulcich,41074187,under,2.5,-114,1.87719298245614,0.5327102803738317,open,,,2026-09-08T18:26:27Z,,,,,v3-forward-measurement
345b0fc8-6b16-4254-925e-b3daaa98d3ba,c15508a5-5fba-4c4c-922f-39d4ed84b3ad,2026-09-08T18:26:27Z,FanDuel Sportsbook structured market feed,,VA,NFL,35609019,Cleveland Browns @ Jacksonville Jaguars,2026-09-13T17:01:00.000Z,FanDuel,751.183935310,passing_yards,Deshaun Watson - Passing Yds,,Deshaun Watson,12302595,over,178.5,-114,1.87719298245614,0.5327102803738317,open,,,2026-09-08T18:26:27Z,,,,,v3-forward-measurement
345b0fc8-6b16-4254-925e-b3daaa98d3ba,c72b7d5c-ed91-4fde-830c-2ad397cc27de,2026-09-08T18:26:27Z,FanDuel Sportsbook structured market feed,,VA,NFL,35609019,Cleveland Browns @ Jacksonville Jaguars,2026-09-13T17:01:00.000Z,FanDuel,751.183935310,passing_yards,Deshaun Watson - Passing Yds,,Deshaun Watson,12302596,under,178.5,-114,1.87719298245614,0.5327102803738317,open,,,2026-09-08T18:26:27Z,,,,,v3-forward-measurement
345b0fc8-6b16-4254-925e-b3daaa98d3ba,a6e34efa-7f40-4b37-9f65-7f8a0cf4f73a,2026-09-08T18:26:27Z,FanDuel Sportsbook structured market feed,,VA,NFL,35609019,Cleveland Browns @ Jacksonville Jaguars,2026-09-13T17:01:00.000Z,FanDuel,751.183935245,passing_touchdowns,Trevor Lawrence - Passing TDs,,Trevor Lawrence,22336735,over,1.5,-106,1.943396226415094,0.5145631067961165,open,,,2026-09-08T18:26:27Z,,,,,v3-forward-measurement
345b0fc8-6b16-4254-925e-b3daaa98d3ba,c800a54f-39a2-478b-9c6d-94daf4b5c048,2026-09-08T18:26:27Z,FanDuel Sportsbook structured market feed,,VA,NFL,35609019,Cleveland Browns @ Jacksonville Jaguars,2026-09-13T17:01:00.000Z,FanDuel,751.183935245,passing_touchdowns,Trevor Lawrence - Passing TDs,,Trevor Lawrence,22336736,under,1.5,-125,1.8,0.5555555555555556,open,,,2026-09-08T18:26:27Z,,,,,v3-forward-measurement
345b0fc8-6b16-4254-925e-b3daaa98d3ba,9728c095-63e5-42c0-acac-ed5d2ccb8812,2026-09-08T18:26:27Z,FanDuel Sportsbook structured market feed,,VA,NFL,35609019,Cleveland Browns @ Jacksonville Jaguars,2026-09-13T17:01:00.000Z,FanDuel,751.183935242,passing_touchdowns,Deshaun Watson - Passing TDs,,Deshaun Watson,12302595,over,0.5,-188,1.531914893617021,0.6527777777777778,open,,,2026-09-08T18:26:27Z,,,,,v3-forward-measurement
345b0fc8-6b16-4254-925e-b3daaa98d3ba,775ee343-6b76-480b-b1de-41235747919b,2026-09-08T18:26:27Z,FanDuel Sportsbook structured market feed,,VA,NFL,35609019,Cleveland Browns @ Jacksonville Jaguars,2026-09-13T17:01:00.000Z,FanDuel,751.183935242,passing_touchdowns,Deshaun Watson - Passing TDs,,Deshaun Watson,12302596,under,0.5,140,2.4,0.4166666666666667,open,,,2026-09-08T18:26:27Z,,,,,v3-forward-measurement
345b0fc8-6b16-4254-925e-b3daaa98d3ba,9c922e8b-9822-47ef-a14a-2d5401539077,2026-09-08T18:26:27Z,FanDuel Sportsbook structured market feed,,VA,NFL,35609019,Cleveland Browns @ Jacksonville Jaguars,2026-09-13T17:01:00.000Z,FanDuel,751.183935240,passing_yards,Trevor Lawrence - Passing Yds,,Trevor Lawrence,22336735,over,236.5,-114,1.87719298245614,0.5327102803738317,open,,,2026-09-08T18:26:27Z,,,,,v3-forward-measurement
345b0fc8-6b16-4254-925e-b3daaa98d3ba,04cb7715-8591-4eb9-a053-d80c5efb4dac,2026-09-08T18:26:27Z,FanDuel Sportsbook structured market feed,,VA,NFL,35609019,Cleveland Browns @ Jacksonville Jaguars,2026-09-13T17:01:00.000Z,FanDuel,751.183935240,passing_yards,Trevor Lawrence - Passing Yds,,Trevor Lawrence,22336736,under,236.5,-114,1.87719298245614,0.5327102803738317,open,,,2026-09-08T18:26:27Z,,,,,v3-forward-measurement
e4772734-e208-47a8-b01e-8f63fcdb1f9e,8549ac90-14eb-4387-bb4b-7e163a7bb27c,2026-09-08T18:26:27Z,FanDuel Sportsbook structured market feed,,VA,NFL,35609019,Cleveland Browns @ Jacksonville Jaguars,2026-09-13T17:01:00.000Z,FanDuel,751.183959324,rushing_yards,Bhayshul Tuten - Rushing Yds,,Bhayshul Tuten,60316188,over,50.5,-114,1.87719298245614,0.5327102803738317,open,,,2026-09-08T18:26:27Z,,,,,v3-forward-measurement
e4772734-e208-47a8-b01e-8f63fcdb1f9e,99bbd8c1-ed11-4567-b5d5-d9ee2b7c2c21,2026-09-08T18:26:27Z,FanDuel Sportsbook structured market feed,,VA,NFL,35609019,Cleveland Browns @ Jacksonville Jaguars,2026-09-13T17:01:00.000Z,FanDuel,751.183959324,rushing_yards,Bhayshul Tuten - Rushing Yds,,Bhayshul Tuten,60316191,under,50.5,-114,1.87719298245614,0.5327102803738317,open,,,2026-09-08T18:26:27Z,,,,,v3-forward-measurement
e4772734-e208-47a8-b01e-8f63fcdb1f9e,37f53d18-dde0-450f-8581-1cf7103c0b9c,2026-09-08T18:26:27Z,FanDuel Sportsbook structured market feed,,VA,NFL,35609019,Cleveland Browns @ Jacksonville Jaguars,2026-09-13T17:01:00.000Z,FanDuel,751.185134684,rushing_yards,Deshaun Watson - Rushing Yds,,Deshaun Watson,12302595,over,19.5,-114,1.87719298245614,0.5327102803738317,open,,,2026-09-08T18:26:27Z,,,,,v3-forward-measurement
e4772734-e208-47a8-b01e-8f63fcdb1f9e,f6f4e164-e5db-469c-aca7-f1e649eaa249,2026-09-08T18:26:27Z,FanDuel Sportsbook structured market feed,,VA,NFL,35609019,Cleveland Browns @ Jacksonville Jaguars,2026-09-13T17:01:00.000Z,FanDuel,751.185134684,rushing_yards,Deshaun Watson - Rushing Yds,,Deshaun Watson,12302596,under,19.5,-114,1.87719298245614,0.5327102803738317,open,,,2026-09-08T18:26:27Z,,,,,v3-forward-measurement
e4772734-e208-47a8-b01e-8f63fcdb1f9e,4ed88648-5de1-4a7b-9f38-614289526c2f,2026-09-08T18:26:27Z,FanDuel Sportsbook structured market feed,,VA,NFL,35609019,Cleveland Browns @ Jacksonville Jaguars,2026-09-13T17:01:00.000Z,FanDuel,751.183959327,rushing_yards,Chris Rodriguez Jr. - Rushing Yds,,Chris Rodriguez Jr.,41073257,over,33.5,-114,1.87719298245614,0.5327102803738317,open,,,2026-09-08T18:26:27Z,,,,,v3-forward-measurement
e4772734-e208-47a8-b01e-8f63fcdb1f9e,c5c11037-c933-4435-958d-2e7cdba778b4,2026-09-08T18:26:27Z,FanDuel Sportsbook structured market feed,,VA,NFL,35609019,Cleveland Browns @ Jacksonville Jaguars,2026-09-13T17:01:00.000Z,FanDuel,751.183959327,rushing_yards,Chris Rodriguez Jr. - Rushing Yds,,Chris Rodriguez Jr.,41073256,under,33.5,-114,1.87719298245614,0.5327102803738317,open,,,2026-09-08T18:26:27Z,,,,,v3-forward-measurement
e4772734-e208-47a8-b01e-8f63fcdb1f9e,82fab6ef-bce1-42a0-9e71-a2dc3c919002,2026-09-08T18:26:27Z,FanDuel Sportsbook structured market feed,,VA,NFL,35609019,Cleveland Browns @ Jacksonville Jaguars,2026-09-13T17:01:00.000Z,FanDuel,751.183935361,rushing_yards,Quinshon Judkins - Rushing Yds,,Quinshon Judkins,48906497,over,58.5,-114,1.87719298245614,0.5327102803738317,open,,,2026-09-08T18:26:27Z,,,,,v3-forward-measurement
e4772734-e208-47a8-b01e-8f63fcdb1f9e,31eee257-fea3-40dd-8175-ae350b4c7c50,2026-09-08T18:26:27Z,FanDuel Sportsbook structured market feed,,VA,NFL,35609019,Cleveland Browns @ Jacksonville Jaguars,2026-09-13T17:01:00.000Z,FanDuel,751.183935361,rushing_yards,Quinshon Judkins - Rushing Yds,,Quinshon Judkins,48906496,under,58.5,-114,1.87719298245614,0.5327102803738317,open,,,2026-09-08T18:26:27Z,,,,,v3-forward-measurement
e4772734-e208-47a8-b01e-8f63fcdb1f9e,6d8a8b75-0a30-4dc5-8553-96525384d798,2026-09-08T18:26:27Z,FanDuel Sportsbook structured market feed,,VA,NFL,35609019,Cleveland Browns @ Jacksonville Jaguars,2026-09-13T17:01:00.000Z,FanDuel,751.183961486,rushing_yards,Trevor Lawrence - Rushing Yds,,Trevor Lawrence,22336735,over,16.5,-114,1.87719298245614,0.5327102803738317,open,,,2026-09-08T18:26:27Z,,,,,v3-forward-measurement
e4772734-e208-47a8-b01e-8f63fcdb1f9e,d86a95be-58a5-41e3-8a01-252fa66da27a,2026-09-08T18:26:27Z,FanDuel Sportsbook structured market feed,,VA,NFL,35609019,Cleveland Browns @ Jacksonville Jaguars,2026-09-13T17:01:00.000Z,FanDuel,751.183961486,rushing_yards,Trevor Lawrence - Rushing Yds,,Trevor Lawrence,22336736,under,16.5,-114,1.87719298245614,0.5327102803738317,open,,,2026-09-08T18:26:27Z,,,,,v3-forward-measurement
d22d71e2-ce38-4d2f-9227-df3818b13c32,5e882584-8fe8-4d02-bff1-685bb5101159,2026-09-08T18:26:27Z,FanDuel Sportsbook structured market feed,,VA,NFL,35609019,Cleveland Browns @ Jacksonville Jaguars,2026-09-13T17:01:00.000Z,FanDuel,751.183962624,receptions,KC Concepcion - Total Receptions,,KC Concepcion,102320458,over,3.5,102,2.02,0.49504950495049505,open,,,2026-09-08T18:26:27Z,,,,,v3-forward-measurement
d22d71e2-ce38-4d2f-9227-df3818b13c32,b3013718-6c9e-4173-b58b-eda909b6a68c,2026-09-08T18:26:27Z,FanDuel Sportsbook structured market feed,,VA,NFL,35609019,Cleveland Browns @ Jacksonville Jaguars,2026-09-13T17:01:00.000Z,FanDuel,751.183962624,receptions,KC Concepcion - Total Receptions,,KC Concepcion,102320470,under,3.5,-136,1.735294117647059,0.576271186440678,open,,,2026-09-08T18:26:27Z,,,,,v3-forward-measurement
d22d71e2-ce38-4d2f-9227-df3818b13c32,654ba032-1473-4866-8618-04d5279b098e,2026-09-08T18:26:27Z,FanDuel Sportsbook structured market feed,,VA,NFL,35609019,Cleveland Browns @ Jacksonville Jaguars,2026-09-13T17:01:00.000Z,FanDuel,751.183935282,receiving_yards,Brian Thomas Jr. - Receiving Yds,,Brian Thomas Jr.,42267563,over,36.5,-114,1.87719298245614,0.5327102803738317,open,,,2026-09-08T18:26:27Z,,,,,v3-forward-measurement
d22d71e2-ce38-4d2f-9227-df3818b13c32,e979554a-f8bc-494b-b5c8-aa81e6390cec,2026-09-08T18:26:27Z,FanDuel Sportsbook structured market feed,,VA,NFL,35609019,Cleveland Browns @ Jacksonville Jaguars,2026-09-13T17:01:00.000Z,FanDuel,751.183935282,receiving_yards,Brian Thomas Jr. - Receiving Yds,,Brian Thomas Jr.,42267562,under,36.5,-114,1.87719298245614,0.5327102803738317,open,,,2026-09-08T18:26:27Z,,,,,v3-forward-measurement
d22d71e2-ce38-4d2f-9227-df3818b13c32,630a9b1e-57ab-4095-a301-2a2a71e0aa03,2026-09-08T18:26:27Z,FanDuel Sportsbook structured market feed,,VA,NFL,35609019,Cleveland Browns @ Jacksonville Jaguars,2026-09-13T17:01:00.000Z,FanDuel,751.183962629,receiving_yards,Jerry Jeudy - Receiving Yds,,Jerry Jeudy,22336750,over,31.5,-114,1.87719298245614,0.5327102803738317,open,,,2026-09-08T18:26:27Z,,,,,v3-forward-measurement
d22d71e2-ce38-4d2f-9227-df3818b13c32,b24d8602-b4c1-4cdd-b400-bc90044f6eb2,2026-09-08T18:26:27Z,FanDuel Sportsbook structured market feed,,VA,NFL,35609019,Cleveland Browns @ Jacksonville Jaguars,2026-09-13T17:01:00.000Z,FanDuel,751.183962629,receiving_yards,Jerry Jeudy - Receiving Yds,,Jerry Jeudy,22336751,under,31.5,-114,1.87719298245614,0.5327102803738317,open,,,2026-09-08T18:26:27Z,,,,,v3-forward-measurement
d22d71e2-ce38-4d2f-9227-df3818b13c32,e3ff1ad0-5df8-45b8-9842-cbf38841a9d0,2026-09-08T18:26:27Z,FanDuel Sportsbook structured market feed,,VA,NFL,35609019,Cleveland Browns @ Jacksonville Jaguars,2026-09-13T17:01:00.000Z,FanDuel,751.183963353,receiving_yards,Brenton Strange - Receiving Yds,,Brenton Strange,41155824,over,36.5,-114,1.87719298245614,0.5327102803738317,open,,,2026-09-08T18:26:27Z,,,,,v3-forward-measurement
d22d71e2-ce38-4d2f-9227-df3818b13c32,977c64e3-09b4-45f3-a532-2738f431361c,2026-09-08T18:26:27Z,FanDuel Sportsbook structured market feed,,VA,NFL,35609019,Cleveland Browns @ Jacksonville Jaguars,2026-09-13T17:01:00.000Z,FanDuel,751.183963353,receiving_yards,Brenton Strange - Receiving Yds,,Brenton Strange,41155823,under,36.5,-114,1.87719298245614,0.5327102803738317,open,,,2026-09-08T18:26:27Z,,,,,v3-forward-measurement
d22d71e2-ce38-4d2f-9227-df3818b13c32,ab23406a-a457-4b5b-8578-be06e2e7bca9,2026-09-08T18:26:27Z,FanDuel Sportsbook structured market feed,,VA,NFL,35609019,Cleveland Browns @ Jacksonville Jaguars,2026-09-13T17:01:00.000Z,FanDuel,751.183963352,receptions,Brenton Strange - Total Receptions,,Brenton Strange,41155824,over,3.5,-102,1.980392156862745,0.504950495049505,open,,,2026-09-08T18:26:27Z,,,,,v3-forward-measurement
d22d71e2-ce38-4d2f-9227-df3818b13c32,884b2987-925a-4530-a1c8-9e4c44f26e31,2026-09-08T18:26:27Z,FanDuel Sportsbook structured market feed,,VA,NFL,35609019,Cleveland Browns @ Jacksonville Jaguars,2026-09-13T17:01:00.000Z,FanDuel,751.183963352,receptions,Brenton Strange - Total Receptions,,Brenton Strange,41155823,under,3.5,-130,1.769230769230769,0.5652173913043478,open,,,2026-09-08T18:26:27Z,,,,,v3-forward-measurement
d22d71e2-ce38-4d2f-9227-df3818b13c32,95367f93-ba0b-4e54-aba7-c134b24491ea,2026-09-08T18:26:27Z,FanDuel Sportsbook structured market feed,,VA,NFL,35609019,Cleveland Browns @ Jacksonville Jaguars,2026-09-13T17:01:00.000Z,FanDuel,751.183935334,receptions,Jakobi Meyers - Total Receptions,,Jakobi Meyers,26595189,over,3.5,-114,1.87719298245614,0.5327102803738317,open,,,2026-09-08T18:26:27Z,,,,,v3-forward-measurement
d22d71e2-ce38-4d2f-9227-df3818b13c32,8bc4d0be-b050-45ff-8cfa-16d781441fbf,2026-09-08T18:26:27Z,FanDuel Sportsbook structured market feed,,VA,NFL,35609019,Cleveland Browns @ Jacksonville Jaguars,2026-09-13T17:01:00.000Z,FanDuel,751.183935334,receptions,Jakobi Meyers - Total Receptions,,Jakobi Meyers,26595190,under,3.5,-114,1.87719298245614,0.5327102803738317,open,,,2026-09-08T18:26:27Z,,,,,v3-forward-measurement
d22d71e2-ce38-4d2f-9227-df3818b13c32,856859e6-ed24-49a7-b9b6-7c18a4da8613,2026-09-08T18:26:27Z,FanDuel Sportsbook structured market feed,,VA,NFL,35609019,Cleveland Browns @ Jacksonville Jaguars,2026-09-13T17:01:00.000Z,FanDuel,751.184983845,receptions,Quinshon Judkins - Total Receptions,,Quinshon Judkins,48906497,over,1.5,-130,1.769230769230769,0.5652173913043478,open,,,2026-09-08T18:26:27Z,,,,,v3-forward-measurement
d22d71e2-ce38-4d2f-9227-df3818b13c32,66ac5ca0-2b20-4d51-8dab-fdd4b6b53ff5,2026-09-08T18:26:27Z,FanDuel Sportsbook structured market feed,,VA,NFL,35609019,Cleveland Browns @ Jacksonville Jaguars,2026-09-13T17:01:00.000Z,FanDuel,751.184983845,receptions,Quinshon Judkins - Total Receptions,,Quinshon Judkins,48906496,under,1.5,-102,1.980392156862745,0.504950495049505,open,,,2026-09-08T18:26:27Z,,,,,v3-forward-measurement
d22d71e2-ce38-4d2f-9227-df3818b13c32,ac52add3-11c7-4e70-83f3-47f4268d6050,2026-09-08T18:26:27Z,FanDuel Sportsbook structured market feed,,VA,NFL,35609019,Cleveland Browns @ Jacksonville Jaguars,2026-09-13T17:01:00.000Z,FanDuel,751.184983842,receptions,Bhayshul Tuten - Total Receptions,,Bhayshul Tuten,60316188,over,1.5,-172,1.581395348837209,0.6323529411764706,open,,,2026-09-08T18:26:27Z,,,,,v3-forward-measurement
d22d71e2-ce38-4d2f-9227-df3818b13c32,77ec55a2-f98e-47e5-9c39-7cc158721ceb,2026-09-08T18:26:27Z,FanDuel Sportsbook structured market feed,,VA,NFL,35609019,Cleveland Browns @ Jacksonville Jaguars,2026-09-13T17:01:00.000Z,FanDuel,751.184983842,receptions,Bhayshul Tuten - Total Receptions,,Bhayshul Tuten,60316191,under,1.5,128,2.28,0.43859649122807015,open,,,2026-09-08T18:26:27Z,,,,,v3-forward-measurement
d22d71e2-ce38-4d2f-9227-df3818b13c32,c6a53e62-50be-40f4-b2b3-e34f1f59e9c0,2026-09-08T18:26:27Z,FanDuel Sportsbook structured market feed,,VA,NFL,35609019,Cleveland Browns @ Jacksonville Jaguars,2026-09-13T17:01:00.000Z,FanDuel,751.184983841,receiving_yards,Quinshon Judkins - Receiving Yds,,Quinshon Judkins,48906497,over,9.5,-114,1.87719298245614,0.5327102803738317,open,,,2026-09-08T18:26:27Z,,,,,v3-forward-measurement
d22d71e2-ce38-4d2f-9227-df3818b13c32,43bb5eb1-2b5c-437b-9245-8f77247e42f7,2026-09-08T18:26:27Z,FanDuel Sportsbook structured market feed,,VA,NFL,35609019,Cleveland Browns @ Jacksonville Jaguars,2026-09-13T17:01:00.000Z,FanDuel,751.184983841,receiving_yards,Quinshon Judkins - Receiving Yds,,Quinshon Judkins,48906496,under,9.5,-114,1.87719298245614,0.5327102803738317,open,,,2026-09-08T18:26:27Z,,,,,v3-forward-measurement
d22d71e2-ce38-4d2f-9227-df3818b13c32,4f8a342c-5be4-4d4e-aa17-baf6f3635dae,2026-09-08T18:26:27Z,FanDuel Sportsbook structured market feed,,VA,NFL,35609019,Cleveland Browns @ Jacksonville Jaguars,2026-09-13T17:01:00.000Z,FanDuel,751.183962615,receiving_yards,Denzel Boston - Receiving Yds,,Denzel Boston,102320454,over,25.5,-114,1.87719298245614,0.5327102803738317,open,,,2026-09-08T18:26:27Z,,,,,v3-forward-measurement
d22d71e2-ce38-4d2f-9227-df3818b13c32,3d0a427f-cdbc-4e34-9ccc-73a441504bce,2026-09-08T18:26:27Z,FanDuel Sportsbook structured market feed,,VA,NFL,35609019,Cleveland Browns @ Jacksonville Jaguars,2026-09-13T17:01:00.000Z,FanDuel,751.183962615,receiving_yards,Denzel Boston - Receiving Yds,,Denzel Boston,102320455,under,25.5,-114,1.87719298245614,0.5327102803738317,open,,,2026-09-08T18:26:27Z,,,,,v3-forward-measurement
d22d71e2-ce38-4d2f-9227-df3818b13c32,7407c925-b3aa-4cc3-8813-1c939c1144ef,2026-09-08T18:26:27Z,FanDuel Sportsbook structured market feed,,VA,NFL,35609019,Cleveland Browns @ Jacksonville Jaguars,2026-09-13T17:01:00.000Z,FanDuel,751.183962613,receptions,Denzel Boston - Total Receptions,,Denzel Boston,102320454,over,2.5,112,2.12,0.4716981132075472,open,,,2026-09-08T18:26:27Z,,,,,v3-forward-measurement
d22d71e2-ce38-4d2f-9227-df3818b13c32,d491c152-8668-49d3-b0c5-7ee6834637e6,2026-09-08T18:26:27Z,FanDuel Sportsbook structured market feed,,VA,NFL,35609019,Cleveland Browns @ Jacksonville Jaguars,2026-09-13T17:01:00.000Z,FanDuel,751.183962613,receptions,Denzel Boston - Total Receptions,,Denzel Boston,102320455,under,2.5,-148,1.675675675675676,0.5967741935483871,open,,,2026-09-08T18:26:27Z,,,,,v3-forward-measurement
d22d71e2-ce38-4d2f-9227-df3818b13c32,5e78f77e-0140-465c-b712-8bb18181bd61,2026-09-08T18:26:27Z,FanDuel Sportsbook structured market feed,,VA,NFL,35609019,Cleveland Browns @ Jacksonville Jaguars,2026-09-13T17:01:00.000Z,FanDuel,751.183935250,receiving_yards,Parker Washington - Receiving Yds,,Parker Washington,41155821,over,51.5,-114,1.87719298245614,0.5327102803738317,open,,,2026-09-08T18:26:27Z,,,,,v3-forward-measurement
d22d71e2-ce38-4d2f-9227-df3818b13c32,0cf57534-4bb8-4f09-8930-871a068eeb32,2026-09-08T18:26:27Z,FanDuel Sportsbook structured market feed,,VA,NFL,35609019,Cleveland Browns @ Jacksonville Jaguars,2026-09-13T17:01:00.000Z,FanDuel,751.183935250,receiving_yards,Parker Washington - Receiving Yds,,Parker Washington,41155820,under,51.5,-114,1.87719298245614,0.5327102803738317,open,,,2026-09-08T18:26:27Z,,,,,v3-forward-measurement
d22d71e2-ce38-4d2f-9227-df3818b13c32,daeb9bee-f128-44b5-9850-7cbb8e06ac25,2026-09-08T18:26:27Z,FanDuel Sportsbook structured market feed,,VA,NFL,35609019,Cleveland Browns @ Jacksonville Jaguars,2026-09-13T17:01:00.000Z,FanDuel,751.184983848,receiving_yards,Bhayshul Tuten - Receiving Yds,,Bhayshul Tuten,60316188,over,11.5,-114,1.87719298245614,0.5327102803738317,open,,,2026-09-08T18:26:27Z,,,,,v3-forward-measurement
d22d71e2-ce38-4d2f-9227-df3818b13c32,4fcaa047-2720-4d0d-ae3f-d90bc1855a17,2026-09-08T18:26:27Z,FanDuel Sportsbook structured market feed,,VA,NFL,35609019,Cleveland Browns @ Jacksonville Jaguars,2026-09-13T17:01:00.000Z,FanDuel,751.184983848,receiving_yards,Bhayshul Tuten - Receiving Yds,,Bhayshul Tuten,60316191,under,11.5,-114,1.87719298245614,0.5327102803738317,open,,,2026-09-08T18:26:27Z,,,,,v3-forward-measurement
d22d71e2-ce38-4d2f-9227-df3818b13c32,f2993f2e-ce0c-448f-a5ec-a2434521ca73,2026-09-08T18:26:27Z,FanDuel Sportsbook structured market feed,,VA,NFL,35609019,Cleveland Browns @ Jacksonville Jaguars,2026-09-13T17:01:00.000Z,FanDuel,751.183962600,receiving_yards,KC Concepcion - Receiving Yds,,KC Concepcion,102320458,over,33.5,-114,1.87719298245614,0.5327102803738317,open,,,2026-09-08T18:26:27Z,,,,,v3-forward-measurement
d22d71e2-ce38-4d2f-9227-df3818b13c32,3be0b6fd-2fda-47f1-8483-1cdc371b280f,2026-09-08T18:26:27Z,FanDuel Sportsbook structured market feed,,VA,NFL,35609019,Cleveland Browns @ Jacksonville Jaguars,2026-09-13T17:01:00.000Z,FanDuel,751.183962600,receiving_yards,KC Concepcion - Receiving Yds,,KC Concepcion,102320470,under,33.5,-114,1.87719298245614,0.5327102803738317,open,,,2026-09-08T18:26:27Z,,,,,v3-forward-measurement
d22d71e2-ce38-4d2f-9227-df3818b13c32,325b2177-0a8c-4415-88de-a5ce0f8cc8a7,2026-09-08T18:26:27Z,FanDuel Sportsbook structured market feed,,VA,NFL,35609019,Cleveland Browns @ Jacksonville Jaguars,2026-09-13T17:01:00.000Z,FanDuel,751.183935344,receptions,Brian Thomas Jr. - Total Receptions,,Brian Thomas Jr.,42267563,over,2.5,-172,1.581395348837209,0.6323529411764706,open,,,2026-09-08T18:26:27Z,,,,,v3-forward-measurement
d22d71e2-ce38-4d2f-9227-df3818b13c32,7166e2e9-0d70-488e-a10d-4fd2d499b941,2026-09-08T18:26:27Z,FanDuel Sportsbook structured market feed,,VA,NFL,35609019,Cleveland Browns @ Jacksonville Jaguars,2026-09-13T17:01:00.000Z,FanDuel,751.183935344,receptions,Brian Thomas Jr. - Total Receptions,,Brian Thomas Jr.,42267562,under,2.5,128,2.28,0.43859649122807015,open,,,2026-09-08T18:26:27Z,,,,,v3-forward-measurement
d22d71e2-ce38-4d2f-9227-df3818b13c32,586d6951-2a3d-4c3a-9b7f-09569c878f2a,2026-09-08T18:26:27Z,FanDuel Sportsbook structured market feed,,VA,NFL,35609019,Cleveland Browns @ Jacksonville Jaguars,2026-09-13T17:01:00.000Z,FanDuel,751.183973662,receptions,Harold Fannin Jr. - Total Receptions,,Harold Fannin Jr.,60595587,over,4.5,124,2.24,0.44642857142857145,open,,,2026-09-08T18:26:27Z,,,,,v3-forward-measurement
d22d71e2-ce38-4d2f-9227-df3818b13c32,145b1316-daca-4ea3-80f5-73ea76d369d4,2026-09-08T18:26:27Z,FanDuel Sportsbook structured market feed,,VA,NFL,35609019,Cleveland Browns @ Jacksonville Jaguars,2026-09-13T17:01:00.000Z,FanDuel,751.183973662,receptions,Harold Fannin Jr. - Total Receptions,,Harold Fannin Jr.,60595585,under,4.5,-166,1.602409638554217,0.6240601503759399,open,,,2026-09-08T18:26:27Z,,,,,v3-forward-measurement
d22d71e2-ce38-4d2f-9227-df3818b13c32,7aa09c3b-3590-46c6-b6ba-c2140483d13e,2026-09-08T18:26:27Z,FanDuel Sportsbook structured market feed,,VA,NFL,35609019,Cleveland Browns @ Jacksonville Jaguars,2026-09-13T17:01:00.000Z,FanDuel,751.183973661,receiving_yards,Harold Fannin Jr. - Receiving Yds,,Harold Fannin Jr.,60595587,over,36.5,-114,1.87719298245614,0.5327102803738317,open,,,2026-09-08T18:26:27Z,,,,,v3-forward-measurement
d22d71e2-ce38-4d2f-9227-df3818b13c32,fae50acd-3a57-4c61-8535-a2f098360097,2026-09-08T18:26:27Z,FanDuel Sportsbook structured market feed,,VA,NFL,35609019,Cleveland Browns @ Jacksonville Jaguars,2026-09-13T17:01:00.000Z,FanDuel,751.183973661,receiving_yards,Harold Fannin Jr. - Receiving Yds,,Harold Fannin Jr.,60595585,under,36.5,-114,1.87719298245614,0.5327102803738317,open,,,2026-09-08T18:26:27Z,,,,,v3-forward-measurement
d22d71e2-ce38-4d2f-9227-df3818b13c32,e509b66c-194b-4bce-a89a-b5188d389139,2026-09-08T18:26:27Z,FanDuel Sportsbook structured market feed,,VA,NFL,35609019,Cleveland Browns @ Jacksonville Jaguars,2026-09-13T17:01:00.000Z,FanDuel,751.183962634,receptions,Jerry Jeudy - Total Receptions,,Jerry Jeudy,22336750,over,2.5,-174,1.574712643678161,0.635036496350365,open,,,2026-09-08T18:26:27Z,,,,,v3-forward-measurement
d22d71e2-ce38-4d2f-9227-df3818b13c32,76d79bef-5c72-47ca-b5d8-e741542e38de,2026-09-08T18:26:27Z,FanDuel Sportsbook structured market feed,,VA,NFL,35609019,Cleveland Browns @ Jacksonville Jaguars,2026-09-13T17:01:00.000Z,FanDuel,751.183962634,receptions,Jerry Jeudy - Total Receptions,,Jerry Jeudy,22336751,under,2.5,130,2.3,0.43478260869565216,open,,,2026-09-08T18:26:27Z,,,,,v3-forward-measurement
d22d71e2-ce38-4d2f-9227-df3818b13c32,595607b6-4dcb-4305-92d9-461ef9206708,2026-09-08T18:26:27Z,FanDuel Sportsbook structured market feed,,VA,NFL,35609019,Cleveland Browns @ Jacksonville Jaguars,2026-09-13T17:01:00.000Z,FanDuel,751.183935357,receiving_yards,Jakobi Meyers - Receiving Yds,,Jakobi Meyers,26595189,over,37.5,-114,1.87719298245614,0.5327102803738317,open,,,2026-09-08T18:26:27Z,,,,,v3-forward-measurement
d22d71e2-ce38-4d2f-9227-df3818b13c32,36fc3e63-f7cb-491a-b2c3-8c51fd623854,2026-09-08T18:26:27Z,FanDuel Sportsbook structured market feed,,VA,NFL,35609019,Cleveland Browns @ Jacksonville Jaguars,2026-09-13T17:01:00.000Z,FanDuel,751.183935357,receiving_yards,Jakobi Meyers - Receiving Yds,,Jakobi Meyers,26595190,under,37.5,-114,1.87719298245614,0.5327102803738317,open,,,2026-09-08T18:26:27Z,,,,,v3-forward-measurement
d22d71e2-ce38-4d2f-9227-df3818b13c32,71b2571e-5960-4367-a522-0bfea8676e81,2026-09-08T18:26:27Z,FanDuel Sportsbook structured market feed,,VA,NFL,35609019,Cleveland Browns @ Jacksonville Jaguars,2026-09-13T17:01:00.000Z,FanDuel,751.183935275,receptions,Parker Washington - Total Receptions,,Parker Washington,41155821,over,3.5,-182,1.549450549450549,0.6453900709219859,open,,,2026-09-08T18:26:27Z,,,,,v3-forward-measurement
d22d71e2-ce38-4d2f-9227-df3818b13c32,78e8f8d9-64d2-4ec2-a081-6b5962027093,2026-09-08T18:26:27Z,FanDuel Sportsbook structured market feed,,VA,NFL,35609019,Cleveland Browns @ Jacksonville Jaguars,2026-09-13T17:01:00.000Z,FanDuel,751.183935275,receptions,Parker Washington - Total Receptions,,Parker Washington,41155820,under,3.5,136,2.36,0.423728813559322,open,,,2026-09-08T18:26:27Z,,,,,v3-forward-measurement
09a97350-0438-44f7-83a7-58f83e7f6e5b,e57f7f6e-f0ae-467e-92f2-bf3fe3e24380,2026-09-08T18:26:27Z,FanDuel Sportsbook structured market feed,,VA,NFL,35609020,Atlanta Falcons @ Pittsburgh Steelers,2026-09-13T17:01:00.000Z,FanDuel,751.184013998,passing_touchdowns,Tua Tagovailoa - Passing TDs,,Tua Tagovailoa,22336733,over,1.5,194,2.94,0.3401360544217687,open,,,2026-09-08T18:26:27Z,,,,,v3-forward-measurement
09a97350-0438-44f7-83a7-58f83e7f6e5b,5acdccdd-9fb3-4f8c-9903-5d5ad808314e,2026-09-08T18:26:27Z,FanDuel Sportsbook structured market feed,,VA,NFL,35609020,Atlanta Falcons @ Pittsburgh Steelers,2026-09-13T17:01:00.000Z,FanDuel,751.184013998,passing_touchdowns,Tua Tagovailoa - Passing TDs,,Tua Tagovailoa,22336734,under,1.5,-270,1.37037037037037,0.7297297297297297,open,,,2026-09-08T18:26:27Z,,,,,v3-forward-measurement
09a97350-0438-44f7-83a7-58f83e7f6e5b,671f94b5-a0e7-4d9f-a513-0741937b066e,2026-09-08T18:26:27Z,FanDuel Sportsbook structured market feed,,VA,NFL,35609020,Atlanta Falcons @ Pittsburgh Steelers,2026-09-13T17:01:00.000Z,FanDuel,751.184013946,passing_yards,Tua Tagovailoa - Passing Yds,,Tua Tagovailoa,22336733,over,210.5,-114,1.87719298245614,0.5327102803738317,open,,,2026-09-08T18:26:27Z,,,,,v3-forward-measurement
09a97350-0438-44f7-83a7-58f83e7f6e5b,2a00fa03-b969-4c10-a264-fa7cb37a3a5d,2026-09-08T18:26:27Z,FanDuel Sportsbook structured market feed,,VA,NFL,35609020,Atlanta Falcons @ Pittsburgh Steelers,2026-09-13T17:01:00.000Z,FanDuel,751.184013946,passing_yards,Tua Tagovailoa - Passing Yds,,Tua Tagovailoa,22336734,under,210.5,-114,1.87719298245614,0.5327102803738317,open,,,2026-09-08T18:26:27Z,,,,,v3-forward-measurement
09a97350-0438-44f7-83a7-58f83e7f6e5b,cbc1f55c-89b8-435a-b17a-c63d1a40746c,2026-09-08T18:26:27Z,FanDuel Sportsbook structured market feed,,VA,NFL,35609020,Atlanta Falcons @ Pittsburgh Steelers,2026-09-13T17:01:00.000Z,FanDuel,751.184014012,passing_touchdowns,Aaron Rodgers - Passing TDs,,Aaron Rodgers,11925813,over,1.5,118,2.18,0.45871559633027525,open,,,2026-09-08T18:26:27Z,,,,,v3-forward-measurement
09a97350-0438-44f7-83a7-58f83e7f6e5b,a533a3cc-6448-4a24-a92f-65f58b57d0e0,2026-09-08T18:26:27Z,FanDuel Sportsbook structured market feed,,VA,NFL,35609020,Atlanta Falcons @ Pittsburgh Steelers,2026-09-13T17:01:00.000Z,FanDuel,751.184014012,passing_touchdowns,Aaron Rodgers - Passing TDs,,Aaron Rodgers,11925812,under,1.5,-158,1.632911392405063,0.6124031007751938,open,,,2026-09-08T18:26:27Z,,,,,v3-forward-measurement
09a97350-0438-44f7-83a7-58f83e7f6e5b,edba14e9-89bd-4ffc-933a-5642c298cf39,2026-09-08T18:26:27Z,FanDuel Sportsbook structured market feed,,VA,NFL,35609020,Atlanta Falcons @ Pittsburgh Steelers,2026-09-13T17:01:00.000Z,FanDuel,751.184014026,passing_yards,Aaron Rodgers - Passing Yds,,Aaron Rodgers,11925813,over,210.5,-114,1.87719298245614,0.5327102803738317,open,,,2026-09-08T18:26:27Z,,,,,v3-forward-measurement
09a97350-0438-44f7-83a7-58f83e7f6e5b,08ef5bba-a9bb-46c3-84e1-3ace05e80f44,2026-09-08T18:26:27Z,FanDuel Sportsbook structured market feed,,VA,NFL,35609020,Atlanta Falcons @ Pittsburgh Steelers,2026-09-13T17:01:00.000Z,FanDuel,751.184014026,passing_yards,Aaron Rodgers - Passing Yds,,Aaron Rodgers,11925812,under,210.5,-114,1.87719298245614,0.5327102803738317,open,,,2026-09-08T18:26:27Z,,,,,v3-forward-measurement
08cd9aed-1662-4ba4-ba42-e60e27ba5cad,8bf48a4f-7fb1-45f9-a896-d02968c5f10e,2026-09-08T18:26:27Z,FanDuel Sportsbook structured market feed,,VA,NFL,35609020,Atlanta Falcons @ Pittsburgh Steelers,2026-09-13T17:01:00.000Z,FanDuel,751.184013959,rushing_yards,Bijan Robinson - Rushing Yds,,Bijan Robinson,41066843,over,76.5,-114,1.87719298245614,0.5327102803738317,open,,,2026-09-08T18:26:27Z,,,,,v3-forward-measurement
08cd9aed-1662-4ba4-ba42-e60e27ba5cad,5a7048b9-4ad9-4691-a2d2-3d3f23d90f03,2026-09-08T18:26:27Z,FanDuel Sportsbook structured market feed,,VA,NFL,35609020,Atlanta Falcons @ Pittsburgh Steelers,2026-09-13T17:01:00.000Z,FanDuel,751.184013959,rushing_yards,Bijan Robinson - Rushing Yds,,Bijan Robinson,41066848,under,76.5,-114,1.87719298245614,0.5327102803738317,open,,,2026-09-08T18:26:27Z,,,,,v3-forward-measurement
08cd9aed-1662-4ba4-ba42-e60e27ba5cad,50b3d70c-e354-4bad-a3bf-91cf6a3fafd5,2026-09-08T18:26:27Z,FanDuel Sportsbook structured market feed,,VA,NFL,35609020,Atlanta Falcons @ Pittsburgh Steelers,2026-09-13T17:01:00.000Z,FanDuel,751.185248479,rushing_yards,Tua Tagovailoa - Rushing Yds,,Tua Tagovailoa,22336733,over,1.5,-114,1.87719298245614,0.5327102803738317,open,,,2026-09-08T18:26:27Z,,,,,v3-forward-measurement
08cd9aed-1662-4ba4-ba42-e60e27ba5cad,64763d4a-7086-40d8-889b-b7a9e12c1312,2026-09-08T18:26:27Z,FanDuel Sportsbook structured market feed,,VA,NFL,35609020,Atlanta Falcons @ Pittsburgh Steelers,2026-09-13T17:01:00.000Z,FanDuel,751.185248479,rushing_yards,Tua Tagovailoa - Rushing Yds,,Tua Tagovailoa,22336734,under,1.5,-114,1.87719298245614,0.5327102803738317,open,,,2026-09-08T18:26:27Z,,,,,v3-forward-measurement
08cd9aed-1662-4ba4-ba42-e60e27ba5cad,622f2269-caa6-4a7e-89a2-3758a9110821,2026-09-08T18:26:27Z,FanDuel Sportsbook structured market feed,,VA,NFL,35609020,Atlanta Falcons @ Pittsburgh Steelers,2026-09-13T17:01:00.000Z,FanDuel,751.184664453,rushing_yards,Rico Dowdle - Rushing Yds,,Rico Dowdle,60414660,over,42.5,-114,1.87719298245614,0.5327102803738317,open,,,2026-09-08T18:26:27Z,,,,,v3-forward-measurement
08cd9aed-1662-4ba4-ba42-e60e27ba5cad,c00ecb4b-317d-4664-84ee-b1f18774c0de,2026-09-08T18:26:27Z,FanDuel Sportsbook structured market feed,,VA,NFL,35609020,Atlanta Falcons @ Pittsburgh Steelers,2026-09-13T17:01:00.000Z,FanDuel,751.184664453,rushing_yards,Rico Dowdle - Rushing Yds,,Rico Dowdle,60414648,under,42.5,-114,1.87719298245614,0.5327102803738317,open,,,2026-09-08T18:26:27Z,,,,,v3-forward-measurement
08cd9aed-1662-4ba4-ba42-e60e27ba5cad,d94424c8-048c-4a06-830b-53acb4e7c529,2026-09-08T18:26:27Z,FanDuel Sportsbook structured market feed,,VA,NFL,35609020,Atlanta Falcons @ Pittsburgh Steelers,2026-09-13T17:01:00.000Z,FanDuel,751.184664452,rushing_yards,Jaylen Warren - Rushing Yds,,Jaylen Warren,41173071,over,43.5,-114,1.87719298245614,0.5327102803738317,open,,,2026-09-08T18:26:27Z,,,,,v3-forward-measurement
08cd9aed-1662-4ba4-ba42-e60e27ba5cad,bc00146e-1717-4959-a068-720b947ece14,2026-09-08T18:26:27Z,FanDuel Sportsbook structured market feed,,VA,NFL,35609020,Atlanta Falcons @ Pittsburgh Steelers,2026-09-13T17:01:00.000Z,FanDuel,751.184664452,rushing_yards,Jaylen Warren - Rushing Yds,,Jaylen Warren,41173070,under,43.5,-114,1.87719298245614,0.5327102803738317,open,,,2026-09-08T18:26:27Z,,,,,v3-forward-measurement
08cd9aed-1662-4ba4-ba42-e60e27ba5cad,c47d3951-24d8-41ac-afbf-3091adbd2892,2026-09-08T18:26:27Z,FanDuel Sportsbook structured market feed,,VA,NFL,35609020,Atlanta Falcons @ Pittsburgh Steelers,2026-09-13T17:01:00.000Z,FanDuel,751.185171894,rushing_yards,Aaron Rodgers - Rushing Yds,,Aaron Rodgers,11925813,over,0.5,-114,1.87719298245614,0.5327102803738317,open,,,2026-09-08T18:26:27Z,,,,,v3-forward-measurement
08cd9aed-1662-4ba4-ba42-e60e27ba5cad,5dac8a0d-a78b-482b-a7dc-2ce31319d7ed,2026-09-08T18:26:27Z,FanDuel Sportsbook structured market feed,,VA,NFL,35609020,Atlanta Falcons @ Pittsburgh Steelers,2026-09-13T17:01:00.000Z,FanDuel,751.185171894,rushing_yards,Aaron Rodgers - Rushing Yds,,Aaron Rodgers,11925812,under,0.5,-114,1.87719298245614,0.5327102803738317,open,,,2026-09-08T18:26:27Z,,,,,v3-forward-measurement
3436da15-fdc5-4bcb-a05f-18bc70981ec9,20798a85-c920-4f23-bbe3-0616af4cb23d,2026-09-08T18:26:27Z,FanDuel Sportsbook structured market feed,,VA,NFL,35609020,Atlanta Falcons @ Pittsburgh Steelers,2026-09-13T17:01:00.000Z,FanDuel,751.184665009,receiving_yards,Pat Freiermuth - Receiving Yds,,Pat Freiermuth,40898371,over,25.5,-114,1.87719298245614,0.5327102803738317,open,,,2026-09-08T18:26:27Z,,,,,v3-forward-measurement
3436da15-fdc5-4bcb-a05f-18bc70981ec9,3f093759-ee43-4a64-a609-b968210b4ec2,2026-09-08T18:26:27Z,FanDuel Sportsbook structured market feed,,VA,NFL,35609020,Atlanta Falcons @ Pittsburgh Steelers,2026-09-13T17:01:00.000Z,FanDuel,751.184665009,receiving_yards,Pat Freiermuth - Receiving Yds,,Pat Freiermuth,40898373,under,25.5,-114,1.87719298245614,0.5327102803738317,open,,,2026-09-08T18:26:27Z,,,,,v3-forward-measurement
3436da15-fdc5-4bcb-a05f-18bc70981ec9,23a81cb4-0689-4446-acac-2cb8cd102c05,2026-09-08T18:26:27Z,FanDuel Sportsbook structured market feed,,VA,NFL,35609020,Atlanta Falcons @ Pittsburgh Steelers,2026-09-13T17:01:00.000Z,FanDuel,751.184018137,receptions,DK Metcalf - Total Receptions,,DK Metcalf,26036402,over,3.5,-136,1.735294117647059,0.576271186440678,open,,,2026-09-08T18:26:27Z,,,,,v3-forward-measurement
3436da15-fdc5-4bcb-a05f-18bc70981ec9,849c1de9-8349-47b2-8c48-29df085c556c,2026-09-08T18:26:27Z,FanDuel Sportsbook structured market feed,,VA,NFL,35609020,Atlanta Falcons @ Pittsburgh Steelers,2026-09-13T17:01:00.000Z,FanDuel,751.184018137,receptions,DK Metcalf - Total Receptions,,DK Metcalf,26036403,under,3.5,102,2.02,0.49504950495049505,open,,,2026-09-08T18:26:27Z,,,,,v3-forward-measurement
3436da15-fdc5-4bcb-a05f-18bc70981ec9,3647f0f6-af17-4943-aa1f-8cf845a783ff,2026-09-08T18:26:27Z,FanDuel Sportsbook structured market feed,,VA,NFL,35609020,Atlanta Falcons @ Pittsburgh Steelers,2026-09-13T17:01:00.000Z,FanDuel,751.184665004,receptions,Rico Dowdle - Total Receptions,,Rico Dowdle,60414660,over,1.5,-148,1.675675675675676,0.5967741935483871,open,,,2026-09-08T18:26:27Z,,,,,v3-forward-measurement
3436da15-fdc5-4bcb-a05f-18bc70981ec9,408e4ed9-a69c-474e-aae9-de49b14f14c8,2026-09-08T18:26:27Z,FanDuel Sportsbook structured market feed,,VA,NFL,35609020,Atlanta Falcons @ Pittsburgh Steelers,2026-09-13T17:01:00.000Z,FanDuel,751.184665004,receptions,Rico Dowdle - Total Receptions,,Rico Dowdle,60414648,under,1.5,112,2.12,0.4716981132075472,open,,,2026-09-08T18:26:27Z,,,,,v3-forward-measurement
3436da15-fdc5-4bcb-a05f-18bc70981ec9,fefc765e-0c7b-4b6c-a5aa-53d671d4b311,2026-09-08T18:26:27Z,FanDuel Sportsbook structured market feed,,VA,NFL,35609020,Atlanta Falcons @ Pittsburgh Steelers,2026-09-13T17:01:00.000Z,FanDuel,751.184968974,receiving_yards,Jahan Dotson - Receiving Yds,,Jahan Dotson,41155779,over,18.5,-114,1.87719298245614,0.5327102803738317,open,,,2026-09-08T18:26:27Z,,,,,v3-forward-measurement
3436da15-fdc5-4bcb-a05f-18bc70981ec9,b061cd2a-337b-41f7-b001-1f3119d0f446,2026-09-08T18:26:27Z,FanDuel Sportsbook structured market feed,,VA,NFL,35609020,Atlanta Falcons @ Pittsburgh Steelers,2026-09-13T17:01:00.000Z,FanDuel,751.184968974,receiving_yards,Jahan Dotson - Receiving Yds,,Jahan Dotson,41155780,under,18.5,-114,1.87719298245614,0.5327102803738317,open,,,2026-09-08T18:26:27Z,,,,,v3-forward-measurement
3436da15-fdc5-4bcb-a05f-18bc70981ec9,8c3fb69a-c4f3-4df1-a3f6-6e2c5e6b107e,2026-09-08T18:26:27Z,FanDuel Sportsbook structured market feed,,VA,NFL,35609020,Atlanta Falcons @ Pittsburgh Steelers,2026-09-13T17:01:00.000Z,FanDuel,751.184024147,receptions,Kyle Pitts - Total Receptions,,Kyle Pitts,40878305,over,4.5,100,2,0.5,open,,,2026-09-08T18:26:27Z,,,,,v3-forward-measurement
3436da15-fdc5-4bcb-a05f-18bc70981ec9,dd055422-58c2-4cd2-9338-5f04315d30b8,2026-09-08T18:26:27Z,FanDuel Sportsbook structured market feed,,VA,NFL,35609020,Atlanta Falcons @ Pittsburgh Steelers,2026-09-13T17:01:00.000Z,FanDuel,751.184024147,receptions,Kyle Pitts - Total Receptions,,Kyle Pitts,40878308,under,4.5,-132,1.757575757575758,0.5689655172413793,open,,,2026-09-08T18:26:27Z,,,,,v3-forward-measurement
3436da15-fdc5-4bcb-a05f-18bc70981ec9,3aff1e34-647d-4836-82d9-025162945f9e,2026-09-08T18:26:27Z,FanDuel Sportsbook structured market feed,,VA,NFL,35609020,Atlanta Falcons @ Pittsburgh Steelers,2026-09-13T17:01:00.000Z,FanDuel,751.184968975,receptions,Jahan Dotson - Total Receptions,,Jahan Dotson,41155779,over,1.5,-172,1.581395348837209,0.6323529411764706,open,,,2026-09-08T18:26:27Z,,,,,v3-forward-measurement
3436da15-fdc5-4bcb-a05f-18bc70981ec9,f4d622bb-e03f-4864-a799-f91be657026c,2026-09-08T18:26:27Z,FanDuel Sportsbook structured market feed,,VA,NFL,35609020,Atlanta Falcons @ Pittsburgh Steelers,2026-09-13T17:01:00.000Z,FanDuel,751.184968975,receptions,Jahan Dotson - Total Receptions,,Jahan Dotson,41155780,under,1.5,128,2.28,0.43859649122807015,open,,,2026-09-08T18:26:27Z,,,,,v3-forward-measurement
3436da15-fdc5-4bcb-a05f-18bc70981ec9,6cce5dcf-3493-411f-9bd8-929596501509,2026-09-08T18:26:27Z,FanDuel Sportsbook structured market feed,,VA,NFL,35609020,Atlanta Falcons @ Pittsburgh Steelers,2026-09-13T17:01:00.000Z,FanDuel,751.184024145,receiving_yards,Kyle Pitts - Receiving Yds,,Kyle Pitts,40878305,over,43.5,-114,1.87719298245614,0.5327102803738317,open,,,2026-09-08T18:26:27Z,,,,,v3-forward-measurement
3436da15-fdc5-4bcb-a05f-18bc70981ec9,cae29931-1ce4-4670-9353-0059ad246647,2026-09-08T18:26:27Z,FanDuel Sportsbook structured market feed,,VA,NFL,35609020,Atlanta Falcons @ Pittsburgh Steelers,2026-09-13T17:01:00.000Z,FanDuel,751.184024145,receiving_yards,Kyle Pitts - Receiving Yds,,Kyle Pitts,40878308,under,43.5,-114,1.87719298245614,0.5327102803738317,open,,,2026-09-08T18:26:27Z,,,,,v3-forward-measurement
3436da15-fdc5-4bcb-a05f-18bc70981ec9,cd1c6c44-c678-4a8e-af46-11acdde2e707,2026-09-08T18:26:27Z,FanDuel Sportsbook structured market feed,,VA,NFL,35609020,Atlanta Falcons @ Pittsburgh Steelers,2026-09-13T17:01:00.000Z,FanDuel,751.185126746,receptions,Darnell Washington - Total Receptions,,Darnell Washington,60408354,over,1.5,-172,1.581395348837209,0.6323529411764706,open,,,2026-09-08T18:26:27Z,,,,,v3-forward-measurement
3436da15-fdc5-4bcb-a05f-18bc70981ec9,738eacae-c1ff-4ff3-aaf0-dc6eea7fac1a,2026-09-08T18:26:27Z,FanDuel Sportsbook structured market feed,,VA,NFL,35609020,Atlanta Falcons @ Pittsburgh Steelers,2026-09-13T17:01:00.000Z,FanDuel,751.185126746,receptions,Darnell Washington - Total Receptions,,Darnell Washington,60408353,under,1.5,128,2.28,0.43859649122807015,open,,,2026-09-08T18:26:27Z,,,,,v3-forward-measurement
3436da15-fdc5-4bcb-a05f-18bc70981ec9,fe75df71-7b75-40b7-9780-c20cf8c38dda,2026-09-08T18:26:27Z,FanDuel Sportsbook structured market feed,,VA,NFL,35609020,Atlanta Falcons @ Pittsburgh Steelers,2026-09-13T17:01:00.000Z,FanDuel,751.185126743,receiving_yards,Darnell Washington - Receiving Yds,,Darnell Washington,60408354,over,16.5,-114,1.87719298245614,0.5327102803738317,open,,,2026-09-08T18:26:27Z,,,,,v3-forward-measurement
3436da15-fdc5-4bcb-a05f-18bc70981ec9,2e1e57b4-58d3-4a17-8657-d8ae0f81f793,2026-09-08T18:26:27Z,FanDuel Sportsbook structured market feed,,VA,NFL,35609020,Atlanta Falcons @ Pittsburgh Steelers,2026-09-13T17:01:00.000Z,FanDuel,751.185126743,receiving_yards,Darnell Washington - Receiving Yds,,Darnell Washington,60408353,under,16.5,-114,1.87719298245614,0.5327102803738317,open,,,2026-09-08T18:26:27Z,,,,,v3-forward-measurement
3436da15-fdc5-4bcb-a05f-18bc70981ec9,57d34602-335f-493e-bbeb-078317c1427c,2026-09-08T18:26:27Z,FanDuel Sportsbook structured market feed,,VA,NFL,35609020,Atlanta Falcons @ Pittsburgh Steelers,2026-09-13T17:01:00.000Z,FanDuel,751.184018133,receptions,Drake London - Total Receptions,,Drake London,41172406,over,5.5,-125,1.8,0.5555555555555556,open,,,2026-09-08T18:26:27Z,,,,,v3-forward-measurement
3436da15-fdc5-4bcb-a05f-18bc70981ec9,ee732743-542e-41f9-9bff-285260b08998,2026-09-08T18:26:27Z,FanDuel Sportsbook structured market feed,,VA,NFL,35609020,Atlanta Falcons @ Pittsburgh Steelers,2026-09-13T17:01:00.000Z,FanDuel,751.184018133,receptions,Drake London - Total Receptions,,Drake London,41172405,under,5.5,-106,1.943396226415094,0.5145631067961165,open,,,2026-09-08T18:26:27Z,,,,,v3-forward-measurement
3436da15-fdc5-4bcb-a05f-18bc70981ec9,a568cf5e-4188-42f7-8c80-45dcdcf9625a,2026-09-08T18:26:27Z,FanDuel Sportsbook structured market feed,,VA,NFL,35609020,Atlanta Falcons @ Pittsburgh Steelers,2026-09-13T17:01:00.000Z,FanDuel,751.184018129,receiving_yards,Drake London - Receiving Yds,,Drake London,41172406,over,64.5,-114,1.87719298245614,0.5327102803738317,open,,,2026-09-08T18:26:27Z,,,,,v3-forward-measurement
3436da15-fdc5-4bcb-a05f-18bc70981ec9,18651e59-0a4c-48eb-85cb-cdc6c513804b,2026-09-08T18:26:27Z,FanDuel Sportsbook structured market feed,,VA,NFL,35609020,Atlanta Falcons @ Pittsburgh Steelers,2026-09-13T17:01:00.000Z,FanDuel,751.184018129,receiving_yards,Drake London - Receiving Yds,,Drake London,41172405,under,64.5,-114,1.87719298245614,0.5327102803738317,open,,,2026-09-08T18:26:27Z,,,,,v3-forward-measurement
3436da15-fdc5-4bcb-a05f-18bc70981ec9,29cfde2a-22a9-46a3-8b53-0baf3ebd3b08,2026-09-08T18:26:27Z,FanDuel Sportsbook structured market feed,,VA,NFL,35609020,Atlanta Falcons @ Pittsburgh Steelers,2026-09-13T17:01:00.000Z,FanDuel,751.184665033,receptions,Jaylen Warren - Total Receptions,,Jaylen Warren,41173071,over,2.5,-114,1.87719298245614,0.5327102803738317,open,,,2026-09-08T18:26:27Z,,,,,v3-forward-measurement
3436da15-fdc5-4bcb-a05f-18bc70981ec9,902f8853-1e35-4bb1-9f68-5e9108cf59fd,2026-09-08T18:26:27Z,FanDuel Sportsbook structured market feed,,VA,NFL,35609020,Atlanta Falcons @ Pittsburgh Steelers,2026-09-13T17:01:00.000Z,FanDuel,751.184665033,receptions,Jaylen Warren - Total Receptions,,Jaylen Warren,41173070,under,2.5,-114,1.87719298245614,0.5327102803738317,open,,,2026-09-08T18:26:27Z,,,,,v3-forward-measurement
3436da15-fdc5-4bcb-a05f-18bc70981ec9,ffab609a-4454-46b5-bcae-8421571eecfd,2026-09-08T18:26:27Z,FanDuel Sportsbook structured market feed,,VA,NFL,35609020,Atlanta Falcons @ Pittsburgh Steelers,2026-09-13T17:01:00.000Z,FanDuel,751.184018122,receiving_yards,DK Metcalf - Receiving Yds,,DK Metcalf,26036402,over,48.5,-114,1.87719298245614,0.5327102803738317,open,,,2026-09-08T18:26:27Z,,,,,v3-forward-measurement
3436da15-fdc5-4bcb-a05f-18bc70981ec9,48af645f-0e5a-42c4-bfe9-c4ab3c7b35c9,2026-09-08T18:26:27Z,FanDuel Sportsbook structured market feed,,VA,NFL,35609020,Atlanta Falcons @ Pittsburgh Steelers,2026-09-13T17:01:00.000Z,FanDuel,751.184018122,receiving_yards,DK Metcalf - Receiving Yds,,DK Metcalf,26036403,under,48.5,-114,1.87719298245614,0.5327102803738317,open,,,2026-09-08T18:26:27Z,,,,,v3-forward-measurement
3436da15-fdc5-4bcb-a05f-18bc70981ec9,3dcaa719-2ae6-45df-8c70-2328c0214a1b,2026-09-08T18:26:27Z,FanDuel Sportsbook structured market feed,,VA,NFL,35609020,Atlanta Falcons @ Pittsburgh Steelers,2026-09-13T17:01:00.000Z,FanDuel,751.184665031,receiving_yards,Rico Dowdle - Receiving Yds,,Rico Dowdle,60414660,over,10.5,-114,1.87719298245614,0.5327102803738317,open,,,2026-09-08T18:26:27Z,,,,,v3-forward-measurement
3436da15-fdc5-4bcb-a05f-18bc70981ec9,e7b64f04-3932-4306-80e1-135c0ff90d94,2026-09-08T18:26:27Z,FanDuel Sportsbook structured market feed,,VA,NFL,35609020,Atlanta Falcons @ Pittsburgh Steelers,2026-09-13T17:01:00.000Z,FanDuel,751.184665031,receiving_yards,Rico Dowdle - Receiving Yds,,Rico Dowdle,60414648,under,10.5,-114,1.87719298245614,0.5327102803738317,open,,,2026-09-08T18:26:27Z,,,,,v3-forward-measurement
3436da15-fdc5-4bcb-a05f-18bc70981ec9,07b0430d-7df7-469f-9d9b-9ac7410efe91,2026-09-08T18:26:27Z,FanDuel Sportsbook structured market feed,,VA,NFL,35609020,Atlanta Falcons @ Pittsburgh Steelers,2026-09-13T17:01:00.000Z,FanDuel,751.184023667,receptions,Michael Pittman Jr. - Total Receptions,,Michael Pittman Jr.,36175140,over,3.5,-188,1.531914893617021,0.6527777777777778,open,,,2026-09-08T18:26:27Z,,,,,v3-forward-measurement
3436da15-fdc5-4bcb-a05f-18bc70981ec9,0c359686-a062-44e6-a081-c1c9cf3e6365,2026-09-08T18:26:27Z,FanDuel Sportsbook structured market feed,,VA,NFL,35609020,Atlanta Falcons @ Pittsburgh Steelers,2026-09-13T17:01:00.000Z,FanDuel,751.184023667,receptions,Michael Pittman Jr. - Total Receptions,,Michael Pittman Jr.,36175141,under,3.5,140,2.4,0.4166666666666667,open,,,2026-09-08T18:26:27Z,,,,,v3-forward-measurement
3436da15-fdc5-4bcb-a05f-18bc70981ec9,e2fea220-b6ac-45fe-8247-da6964c055ef,2026-09-08T18:26:27Z,FanDuel Sportsbook structured market feed,,VA,NFL,35609020,Atlanta Falcons @ Pittsburgh Steelers,2026-09-13T17:01:00.000Z,FanDuel,751.184023668,receiving_yards,Michael Pittman Jr. - Receiving Yds,,Michael Pittman Jr.,36175140,over,38.5,-114,1.87719298245614,0.5327102803738317,open,,,2026-09-08T18:26:27Z,,,,,v3-forward-measurement
3436da15-fdc5-4bcb-a05f-18bc70981ec9,e3f9fb8c-4d78-41b4-8bd6-53f4226f5aab,2026-09-08T18:26:27Z,FanDuel Sportsbook structured market feed,,VA,NFL,35609020,Atlanta Falcons @ Pittsburgh Steelers,2026-09-13T17:01:00.000Z,FanDuel,751.184023668,receiving_yards,Michael Pittman Jr. - Receiving Yds,,Michael Pittman Jr.,36175141,under,38.5,-114,1.87719298245614,0.5327102803738317,open,,,2026-09-08T18:26:27Z,,,,,v3-forward-measurement
3436da15-fdc5-4bcb-a05f-18bc70981ec9,8d0018f0-ae33-4696-8262-22ce863b71b0,2026-09-08T18:26:27Z,FanDuel Sportsbook structured market feed,,VA,NFL,35609020,Atlanta Falcons @ Pittsburgh Steelers,2026-09-13T17:01:00.000Z,FanDuel,751.184665029,receiving_yards,Jaylen Warren - Receiving Yds,,Jaylen Warren,41173071,over,15.5,-114,1.87719298245614,0.5327102803738317,open,,,2026-09-08T18:26:27Z,,,,,v3-forward-measurement
3436da15-fdc5-4bcb-a05f-18bc70981ec9,05f31d28-88da-481f-9c16-94fe68ae7a4e,2026-09-08T18:26:27Z,FanDuel Sportsbook structured market feed,,VA,NFL,35609020,Atlanta Falcons @ Pittsburgh Steelers,2026-09-13T17:01:00.000Z,FanDuel,751.184665029,receiving_yards,Jaylen Warren - Receiving Yds,,Jaylen Warren,41173070,under,15.5,-114,1.87719298245614,0.5327102803738317,open,,,2026-09-08T18:26:27Z,,,,,v3-forward-measurement
3436da15-fdc5-4bcb-a05f-18bc70981ec9,9a35a350-6543-43fd-ba15-86b2e24b4d0d,2026-09-08T18:26:27Z,FanDuel Sportsbook structured market feed,,VA,NFL,35609020,Atlanta Falcons @ Pittsburgh Steelers,2026-09-13T17:01:00.000Z,FanDuel,751.184665025,receptions,Pat Freiermuth - Total Receptions,,Pat Freiermuth,40898371,over,2.5,-138,1.72463768115942,0.5798319327731093,open,,,2026-09-08T18:26:27Z,,,,,v3-forward-measurement
3436da15-fdc5-4bcb-a05f-18bc70981ec9,f2bfc8a8-3d07-429c-91cc-063758888704,2026-09-08T18:26:27Z,FanDuel Sportsbook structured market feed,,VA,NFL,35609020,Atlanta Falcons @ Pittsburgh Steelers,2026-09-13T17:01:00.000Z,FanDuel,751.184665025,receptions,Pat Freiermuth - Total Receptions,,Pat Freiermuth,40898373,under,2.5,104,2.04,0.49019607843137253,open,,,2026-09-08T18:26:27Z,,,,,v3-forward-measurement
3436da15-fdc5-4bcb-a05f-18bc70981ec9,7f0953bc-57ac-4f2e-a15b-1bd83bbea222,2026-09-08T18:26:27Z,FanDuel Sportsbook structured market feed,,VA,NFL,35609020,Atlanta Falcons @ Pittsburgh Steelers,2026-09-13T17:01:00.000Z,FanDuel,751.184024363,receptions,Bijan Robinson - Total Receptions,,Bijan Robinson,41066843,over,4.5,106,2.06,0.4854368932038835,open,,,2026-09-08T18:26:27Z,,,,,v3-forward-measurement
3436da15-fdc5-4bcb-a05f-18bc70981ec9,ed6688b9-b910-45d8-b978-2e5ead60b14f,2026-09-08T18:26:27Z,FanDuel Sportsbook structured market feed,,VA,NFL,35609020,Atlanta Falcons @ Pittsburgh Steelers,2026-09-13T17:01:00.000Z,FanDuel,751.184024363,receptions,Bijan Robinson - Total Receptions,,Bijan Robinson,41066848,under,4.5,-140,1.714285714285714,0.5833333333333334,open,,,2026-09-08T18:26:27Z,,,,,v3-forward-measurement
3436da15-fdc5-4bcb-a05f-18bc70981ec9,5e808f38-0cd2-4bc7-b518-3df1747bed3c,2026-09-08T18:26:27Z,FanDuel Sportsbook structured market feed,,VA,NFL,35609020,Atlanta Falcons @ Pittsburgh Steelers,2026-09-13T17:01:00.000Z,FanDuel,751.184022875,receiving_yards,Bijan Robinson - Receiving Yds,,Bijan Robinson,41066843,over,37.5,-114,1.87719298245614,0.5327102803738317,open,,,2026-09-08T18:26:27Z,,,,,v3-forward-measurement
3436da15-fdc5-4bcb-a05f-18bc70981ec9,5de4a976-a4ad-42ae-bb65-8ed95b2e18ba,2026-09-08T18:26:27Z,FanDuel Sportsbook structured market feed,,VA,NFL,35609020,Atlanta Falcons @ Pittsburgh Steelers,2026-09-13T17:01:00.000Z,FanDuel,751.184022875,receiving_yards,Bijan Robinson - Receiving Yds,,Bijan Robinson,41066848,under,37.5,-114,1.87719298245614,0.5327102803738317,open,,,2026-09-08T18:26:27Z,,,,,v3-forward-measurement
bf77d8ec-656e-4586-891f-90761a351ca9,cad80f2d-47b8-45a3-a300-757c1cd3d2d2,2026-09-08T18:26:27Z,FanDuel Sportsbook structured market feed,,VA,NFL,35609021,New York Jets @ Tennessee Titans,2026-09-13T17:01:00.000Z,FanDuel,751.183999097,passing_yards,Cam Ward - Passing Yds,,Cam Ward,87765275,over,201.5,-114,1.87719298245614,0.5327102803738317,open,,,2026-09-08T18:26:27Z,,,,,v3-forward-measurement
bf77d8ec-656e-4586-891f-90761a351ca9,8cdbaf1a-28ba-4cb6-b363-852b02f51486,2026-09-08T18:26:27Z,FanDuel Sportsbook structured market feed,,VA,NFL,35609021,New York Jets @ Tennessee Titans,2026-09-13T17:01:00.000Z,FanDuel,751.183999097,passing_yards,Cam Ward - Passing Yds,,Cam Ward,87765263,under,201.5,-114,1.87719298245614,0.5327102803738317,open,,,2026-09-08T18:26:27Z,,,,,v3-forward-measurement
bf77d8ec-656e-4586-891f-90761a351ca9,53e97d4a-0fdb-44fd-a174-f3382cb59b0a,2026-09-08T18:26:27Z,FanDuel Sportsbook structured market feed,,VA,NFL,35609021,New York Jets @ Tennessee Titans,2026-09-13T17:01:00.000Z,FanDuel,751.183999122,passing_touchdowns,Cam Ward - Passing TDs,,Cam Ward,87765275,over,1.5,178,2.78,0.3597122302158273,open,,,2026-09-08T18:26:27Z,,,,,v3-forward-measurement
bf77d8ec-656e-4586-891f-90761a351ca9,24aec539-db83-4ec4-b598-d8f7cba03c95,2026-09-08T18:26:27Z,FanDuel Sportsbook structured market feed,,VA,NFL,35609021,New York Jets @ Tennessee Titans,2026-09-13T17:01:00.000Z,FanDuel,751.183999122,passing_touchdowns,Cam Ward - Passing TDs,,Cam Ward,87765263,under,1.5,-245,1.408163265306122,0.7101449275362319,open,,,2026-09-08T18:26:27Z,,,,,v3-forward-measurement
bf77d8ec-656e-4586-891f-90761a351ca9,0fced265-73ba-4adf-a65a-b3e0acbb05c5,2026-09-08T18:26:27Z,FanDuel Sportsbook structured market feed,,VA,NFL,35609021,New York Jets @ Tennessee Titans,2026-09-13T17:01:00.000Z,FanDuel,751.183999047,passing_yards,Geno Smith - Passing Yds,,Geno Smith,12004381,over,212.5,-114,1.87719298245614,0.5327102803738317,open,,,2026-09-08T18:26:27Z,,,,,v3-forward-measurement
bf77d8ec-656e-4586-891f-90761a351ca9,a770c02f-daa1-4a49-81de-07b3ec13a11d,2026-09-08T18:26:27Z,FanDuel Sportsbook structured market feed,,VA,NFL,35609021,New York Jets @ Tennessee Titans,2026-09-13T17:01:00.000Z,FanDuel,751.183999047,passing_yards,Geno Smith - Passing Yds,,Geno Smith,12004382,under,212.5,-114,1.87719298245614,0.5327102803738317,open,,,2026-09-08T18:26:27Z,,,,,v3-forward-measurement
bf77d8ec-656e-4586-891f-90761a351ca9,fc865f84-204f-43c6-ae1b-34855759993f,2026-09-08T18:26:27Z,FanDuel Sportsbook structured market feed,,VA,NFL,35609021,New York Jets @ Tennessee Titans,2026-09-13T17:01:00.000Z,FanDuel,751.183998992,passing_touchdowns,Geno Smith - Passing TDs,,Geno Smith,12004381,over,0.5,-260,1.384615384615385,0.7222222222222222,open,,,2026-09-08T18:26:27Z,,,,,v3-forward-measurement
bf77d8ec-656e-4586-891f-90761a351ca9,845cc865-ac05-4a90-b3e9-06878e0544b2,2026-09-08T18:26:27Z,FanDuel Sportsbook structured market feed,,VA,NFL,35609021,New York Jets @ Tennessee Titans,2026-09-13T17:01:00.000Z,FanDuel,751.183998992,passing_touchdowns,Geno Smith - Passing TDs,,Geno Smith,12004382,under,0.5,188,2.88,0.3472222222222222,open,,,2026-09-08T18:26:27Z,,,,,v3-forward-measurement
ccd23982-757c-45ad-b19e-351a0eb04bf5,f7f8de8e-a397-4d70-abd7-c08176f4d813,2026-09-08T18:26:27Z,FanDuel Sportsbook structured market feed,,VA,NFL,35609021,New York Jets @ Tennessee Titans,2026-09-13T17:01:00.000Z,FanDuel,751.184002847,rushing_yards,Breece Hall - Rushing Yds,,Breece Hall,41075120,over,64.5,-114,1.87719298245614,0.5327102803738317,open,,,2026-09-08T18:26:27Z,,,,,v3-forward-measurement
ccd23982-757c-45ad-b19e-351a0eb04bf5,098a3a48-b147-4b88-b2aa-2db7b922760b,2026-09-08T18:26:27Z,FanDuel Sportsbook structured market feed,,VA,NFL,35609021,New York Jets @ Tennessee Titans,2026-09-13T17:01:00.000Z,FanDuel,751.184002847,rushing_yards,Breece Hall - Rushing Yds,,Breece Hall,41075121,under,64.5,-114,1.87719298245614,0.5327102803738317,open,,,2026-09-08T18:26:27Z,,,,,v3-forward-measurement
ccd23982-757c-45ad-b19e-351a0eb04bf5,27296d07-a1bd-47d2-a398-b1dad3851c38,2026-09-08T18:26:27Z,FanDuel Sportsbook structured market feed,,VA,NFL,35609021,New York Jets @ Tennessee Titans,2026-09-13T17:01:00.000Z,FanDuel,751.184003487,rushing_yards,Geno Smith - Rushing Yds,,Geno Smith,12004381,over,5.5,-114,1.87719298245614,0.5327102803738317,open,,,2026-09-08T18:26:27Z,,,,,v3-forward-measurement
ccd23982-757c-45ad-b19e-351a0eb04bf5,c3d05787-1907-4248-a459-00a6a8a4025a,2026-09-08T18:26:27Z,FanDuel Sportsbook structured market feed,,VA,NFL,35609021,New York Jets @ Tennessee Titans,2026-09-13T17:01:00.000Z,FanDuel,751.184003487,rushing_yards,Geno Smith - Rushing Yds,,Geno Smith,12004382,under,5.5,-114,1.87719298245614,0.5327102803738317,open,,,2026-09-08T18:26:27Z,,,,,v3-forward-measurement
ccd23982-757c-45ad-b19e-351a0eb04bf5,35f8ca77-d2d5-4c36-9909-0028e65a2f60,2026-09-08T18:26:27Z,FanDuel Sportsbook structured market feed,,VA,NFL,35609021,New York Jets @ Tennessee Titans,2026-09-13T17:01:00.000Z,FanDuel,751.184003488,rushing_yards,Cam Ward - Rushing Yds,,Cam Ward,87765275,over,8.5,-114,1.87719298245614,0.5327102803738317,open,,,2026-09-08T18:26:27Z,,,,,v3-forward-measurement
ccd23982-757c-45ad-b19e-351a0eb04bf5,b27dd0b3-acab-405f-8e92-0f14f15652b8,2026-09-08T18:26:27Z,FanDuel Sportsbook structured market feed,,VA,NFL,35609021,New York Jets @ Tennessee Titans,2026-09-13T17:01:00.000Z,FanDuel,751.184003488,rushing_yards,Cam Ward - Rushing Yds,,Cam Ward,87765263,under,8.5,-114,1.87719298245614,0.5327102803738317,open,,,2026-09-08T18:26:27Z,,,,,v3-forward-measurement
ccd23982-757c-45ad-b19e-351a0eb04bf5,45c62ea9-821e-4395-aa5a-2907baac4083,2026-09-08T18:26:27Z,FanDuel Sportsbook structured market feed,,VA,NFL,35609021,New York Jets @ Tennessee Titans,2026-09-13T17:01:00.000Z,FanDuel,751.184985098,rushing_yards,Braelon Allen - Rushing Yds,,Braelon Allen,41500946,over,17.5,-114,1.87719298245614,0.5327102803738317,open,,,2026-09-08T18:26:27Z,,,,,v3-forward-measurement
ccd23982-757c-45ad-b19e-351a0eb04bf5,c7ef0759-ba78-4d66-89b8-e496e3a7ada3,2026-09-08T18:26:27Z,FanDuel Sportsbook structured market feed,,VA,NFL,35609021,New York Jets @ Tennessee Titans,2026-09-13T17:01:00.000Z,FanDuel,751.184985098,rushing_yards,Braelon Allen - Rushing Yds,,Braelon Allen,41500945,under,17.5,-114,1.87719298245614,0.5327102803738317,open,,,2026-09-08T18:26:27Z,,,,,v3-forward-measurement
ccd23982-757c-45ad-b19e-351a0eb04bf5,4a6068e2-7f24-4d38-8a5d-19960dbb075c,2026-09-08T18:26:27Z,FanDuel Sportsbook structured market feed,,VA,NFL,35609021,New York Jets @ Tennessee Titans,2026-09-13T17:01:00.000Z,FanDuel,751.184002843,rushing_yards,Tony Pollard - Rushing Yds,,Tony Pollard,26271306,over,54.5,-114,1.87719298245614,0.5327102803738317,open,,,2026-09-08T18:26:27Z,,,,,v3-forward-measurement
ccd23982-757c-45ad-b19e-351a0eb04bf5,d93ce3c9-5ae6-40df-84e9-2262a1cf3af5,2026-09-08T18:26:27Z,FanDuel Sportsbook structured market feed,,VA,NFL,35609021,New York Jets @ Tennessee Titans,2026-09-13T17:01:00.000Z,FanDuel,751.184002843,rushing_yards,Tony Pollard - Rushing Yds,,Tony Pollard,26271307,under,54.5,-114,1.87719298245614,0.5327102803738317,open,,,2026-09-08T18:26:27Z,,,,,v3-forward-measurement
ccd23982-757c-45ad-b19e-351a0eb04bf5,d9e74280-0944-4a56-b9c0-e569b851aafb,2026-09-08T18:26:27Z,FanDuel Sportsbook structured market feed,,VA,NFL,35609021,New York Jets @ Tennessee Titans,2026-09-13T17:01:00.000Z,FanDuel,751.184985095,rushing_yards,Tyjae Spears - Rushing Yds,,Tyjae Spears,48895401,over,22.5,-114,1.87719298245614,0.5327102803738317,open,,,2026-09-08T18:26:27Z,,,,,v3-forward-measurement
ccd23982-757c-45ad-b19e-351a0eb04bf5,d9f33be0-030d-42da-9063-9c9d0450f23f,2026-09-08T18:26:27Z,FanDuel Sportsbook structured market feed,,VA,NFL,35609021,New York Jets @ Tennessee Titans,2026-09-13T17:01:00.000Z,FanDuel,751.184985095,rushing_yards,Tyjae Spears - Rushing Yds,,Tyjae Spears,48895398,under,22.5,-114,1.87719298245614,0.5327102803738317,open,,,2026-09-08T18:26:27Z,,,,,v3-forward-measurement
68bace0c-c6d9-4224-9805-116516f68558,0c2237b6-4c5f-4576-9bea-483a40f9e42e,2026-09-08T18:26:27Z,FanDuel Sportsbook structured market feed,,VA,NFL,35609021,New York Jets @ Tennessee Titans,2026-09-13T17:01:00.000Z,FanDuel,751.184984424,receiving_yards,Gunnar Helm - Receiving Yds,,Gunnar Helm,89546913,over,22.5,-114,1.87719298245614,0.5327102803738317,open,,,2026-09-08T18:26:27Z,,,,,v3-forward-measurement
68bace0c-c6d9-4224-9805-116516f68558,4fa15532-f6fc-4134-939d-de092166a2e0,2026-09-08T18:26:27Z,FanDuel Sportsbook structured market feed,,VA,NFL,35609021,New York Jets @ Tennessee Titans,2026-09-13T17:01:00.000Z,FanDuel,751.184984424,receiving_yards,Gunnar Helm - Receiving Yds,,Gunnar Helm,89546948,under,22.5,-114,1.87719298245614,0.5327102803738317,open,,,2026-09-08T18:26:27Z,,,,,v3-forward-measurement
68bace0c-c6d9-4224-9805-116516f68558,b44b95f9-0e26-48a7-a184-ed2c2a4805e9,2026-09-08T18:26:27Z,FanDuel Sportsbook structured market feed,,VA,NFL,35609021,New York Jets @ Tennessee Titans,2026-09-13T17:01:00.000Z,FanDuel,751.184004692,receptions,Breece Hall - Total Receptions,,Breece Hall,41075120,over,2.5,-114,1.87719298245614,0.5327102803738317,open,,,2026-09-08T18:26:27Z,,,,,v3-forward-measurement
68bace0c-c6d9-4224-9805-116516f68558,080f28c3-3167-42a4-a171-265e39ff6f72,2026-09-08T18:26:27Z,FanDuel Sportsbook structured market feed,,VA,NFL,35609021,New York Jets @ Tennessee Titans,2026-09-13T17:01:00.000Z,FanDuel,751.184004692,receptions,Breece Hall - Total Receptions,,Breece Hall,41075121,under,2.5,-114,1.87719298245614,0.5327102803738317,open,,,2026-09-08T18:26:27Z,,,,,v3-forward-measurement
68bace0c-c6d9-4224-9805-116516f68558,cff5a967-4e32-490b-a0dd-5fa1bfae58a3,2026-09-08T18:26:27Z,FanDuel Sportsbook structured market feed,,VA,NFL,35609021,New York Jets @ Tennessee Titans,2026-09-13T17:01:00.000Z,FanDuel,751.184984420,receptions,Gunnar Helm - Total Receptions,,Gunnar Helm,89546913,over,2.5,-128,1.78125,0.5614035087719298,open,,,2026-09-08T18:26:27Z,,,,,v3-forward-measurement
68bace0c-c6d9-4224-9805-116516f68558,39fc9f6c-eb1c-488c-951a-098a636ec6be,2026-09-08T18:26:27Z,FanDuel Sportsbook structured market feed,,VA,NFL,35609021,New York Jets @ Tennessee Titans,2026-09-13T17:01:00.000Z,FanDuel,751.184984420,receptions,Gunnar Helm - Total Receptions,,Gunnar Helm,89546948,under,2.5,-104,1.961538461538462,0.5098039215686274,open,,,2026-09-08T18:26:27Z,,,,,v3-forward-measurement
68bace0c-c6d9-4224-9805-116516f68558,b0ea579c-8570-4bae-9e2e-3bebf56971ee,2026-09-08T18:26:27Z,FanDuel Sportsbook structured market feed,,VA,NFL,35609021,New York Jets @ Tennessee Titans,2026-09-13T17:01:00.000Z,FanDuel,751.185138120,receiving_yards,Tony Pollard - Receiving Yds,,Tony Pollard,26271306,over,9.5,-114,1.87719298245614,0.5327102803738317,open,,,2026-09-08T18:26:27Z,,,,,v3-forward-measurement
68bace0c-c6d9-4224-9805-116516f68558,bec6b5a6-bade-4956-b6be-3f5fc8fcd6d8,2026-09-08T18:26:27Z,FanDuel Sportsbook structured market feed,,VA,NFL,35609021,New York Jets @ Tennessee Titans,2026-09-13T17:01:00.000Z,FanDuel,751.185138120,receiving_yards,Tony Pollard - Receiving Yds,,Tony Pollard,26271307,under,9.5,-114,1.87719298245614,0.5327102803738317,open,,,2026-09-08T18:26:27Z,,,,,v3-forward-measurement
68bace0c-c6d9-4224-9805-116516f68558,1c255b2c-42cd-4639-ad03-3a3bf7198aa3,2026-09-08T18:26:27Z,FanDuel Sportsbook structured market feed,,VA,NFL,35609021,New York Jets @ Tennessee Titans,2026-09-13T17:01:00.000Z,FanDuel,751.184921689,receiving_yards,Adonai Mitchell - Receiving Yds,,Adonai Mitchell,48048058,over,32.5,-114,1.87719298245614,0.5327102803738317,open,,,2026-09-08T18:26:27Z,,,,,v3-forward-measurement
68bace0c-c6d9-4224-9805-116516f68558,e7e219cc-d180-4489-983c-ea76fdaa5fbe,2026-09-08T18:26:27Z,FanDuel Sportsbook structured market feed,,VA,NFL,35609021,New York Jets @ Tennessee Titans,2026-09-13T17:01:00.000Z,FanDuel,751.184921689,receiving_yards,Adonai Mitchell - Receiving Yds,,Adonai Mitchell,48048062,under,32.5,-114,1.87719298245614,0.5327102803738317,open,,,2026-09-08T18:26:27Z,,,,,v3-forward-measurement
68bace0c-c6d9-4224-9805-116516f68558,eec5ed50-1561-4380-8e50-41ddcf0cb6c1,2026-09-08T18:26:27Z,FanDuel Sportsbook structured market feed,,VA,NFL,35609021,New York Jets @ Tennessee Titans,2026-09-13T17:01:00.000Z,FanDuel,751.184003917,receptions,Garrett Wilson - Total Receptions,,Garrett Wilson,41158862,over,5.5,-114,1.87719298245614,0.5327102803738317,open,,,2026-09-08T18:26:27Z,,,,,v3-forward-measurement
68bace0c-c6d9-4224-9805-116516f68558,f69b1cda-1fa0-41dc-8b9a-a162cfa6460d,2026-09-08T18:26:27Z,FanDuel Sportsbook structured market feed,,VA,NFL,35609021,New York Jets @ Tennessee Titans,2026-09-13T17:01:00.000Z,FanDuel,751.184003917,receptions,Garrett Wilson - Total Receptions,,Garrett Wilson,41158861,under,5.5,-114,1.87719298245614,0.5327102803738317,open,,,2026-09-08T18:26:27Z,,,,,v3-forward-measurement
68bace0c-c6d9-4224-9805-116516f68558,79bb4d0f-3d5a-4fe0-8011-e0397c7c1cea,2026-09-08T18:26:27Z,FanDuel Sportsbook structured market feed,,VA,NFL,35609021,New York Jets @ Tennessee Titans,2026-09-13T17:01:00.000Z,FanDuel,751.184003918,receiving_yards,Wan'Dale Robinson - Receiving Yds,,Wan'Dale Robinson,41073264,over,41.5,-114,1.87719298245614,0.5327102803738317,open,,,2026-09-08T18:26:27Z,,,,,v3-forward-measurement
68bace0c-c6d9-4224-9805-116516f68558,954766fc-a517-4e0e-af62-bbcbcf1fd169,2026-09-08T18:26:27Z,FanDuel Sportsbook structured market feed,,VA,NFL,35609021,New York Jets @ Tennessee Titans,2026-09-13T17:01:00.000Z,FanDuel,751.184003918,receiving_yards,Wan'Dale Robinson - Receiving Yds,,Wan'Dale Robinson,41073263,under,41.5,-114,1.87719298245614,0.5327102803738317,open,,,2026-09-08T18:26:27Z,,,,,v3-forward-measurement
68bace0c-c6d9-4224-9805-116516f68558,94e00d9b-4c9e-4b62-a381-3c04a7bc8a78,2026-09-08T18:26:27Z,FanDuel Sportsbook structured market feed,,VA,NFL,35609021,New York Jets @ Tennessee Titans,2026-09-13T17:01:00.000Z,FanDuel,751.184003915,receiving_yards,Garrett Wilson - Receiving Yds,,Garrett Wilson,41158862,over,61.5,-114,1.87719298245614,0.5327102803738317,open,,,2026-09-08T18:26:27Z,,,,,v3-forward-measurement
68bace0c-c6d9-4224-9805-116516f68558,948355ef-8469-4134-8621-50f66b8185a6,2026-09-08T18:26:27Z,FanDuel Sportsbook structured market feed,,VA,NFL,35609021,New York Jets @ Tennessee Titans,2026-09-13T17:01:00.000Z,FanDuel,751.184003915,receiving_yards,Garrett Wilson - Receiving Yds,,Garrett Wilson,41158861,under,61.5,-114,1.87719298245614,0.5327102803738317,open,,,2026-09-08T18:26:27Z,,,,,v3-forward-measurement
68bace0c-c6d9-4224-9805-116516f68558,7c585691-2f18-44a5-b21e-16c1ae27ec09,2026-09-08T18:26:27Z,FanDuel Sportsbook structured market feed,,VA,NFL,35609021,New York Jets @ Tennessee Titans,2026-09-13T17:01:00.000Z,FanDuel,751.184004688,receiving_yards,Breece Hall - Receiving Yds,,Breece Hall,41075120,over,20.5,-114,1.87719298245614,0.5327102803738317,open,,,2026-09-08T18:26:27Z,,,,,v3-forward-measurement
68bace0c-c6d9-4224-9805-116516f68558,f1d8dff4-7833-435e-8681-a031bfa14edb,2026-09-08T18:26:27Z,FanDuel Sportsbook structured market feed,,VA,NFL,35609021,New York Jets @ Tennessee Titans,2026-09-13T17:01:00.000Z,FanDuel,751.184004688,receiving_yards,Breece Hall - Receiving Yds,,Breece Hall,41075121,under,20.5,-114,1.87719298245614,0.5327102803738317,open,,,2026-09-08T18:26:27Z,,,,,v3-forward-measurement
68bace0c-c6d9-4224-9805-116516f68558,98e14317-0b39-4428-80b0-4400e109dc31,2026-09-08T18:26:27Z,FanDuel Sportsbook structured market feed,,VA,NFL,35609021,New York Jets @ Tennessee Titans,2026-09-13T17:01:00.000Z,FanDuel,751.185135240,receiving_yards,Tyjae Spears - Receiving Yds,,Tyjae Spears,48895401,over,16.5,-114,1.87719298245614,0.5327102803738317,open,,,2026-09-08T18:26:27Z,,,,,v3-forward-measurement
68bace0c-c6d9-4224-9805-116516f68558,c2265bc0-bed2-4382-9d98-6b4d7520dda6,2026-09-08T18:26:27Z,FanDuel Sportsbook structured market feed,,VA,NFL,35609021,New York Jets @ Tennessee Titans,2026-09-13T17:01:00.000Z,FanDuel,751.185135240,receiving_yards,Tyjae Spears - Receiving Yds,,Tyjae Spears,48895398,under,16.5,-114,1.87719298245614,0.5327102803738317,open,,,2026-09-08T18:26:27Z,,,,,v3-forward-measurement
68bace0c-c6d9-4224-9805-116516f68558,2f8d45bb-cafa-4282-8ac4-510f6319184e,2026-09-08T18:26:27Z,FanDuel Sportsbook structured market feed,,VA,NFL,35609021,New York Jets @ Tennessee Titans,2026-09-13T17:01:00.000Z,FanDuel,751.185138111,receptions,Tony Pollard - Total Receptions,,Tony Pollard,26271306,over,1.5,-130,1.769230769230769,0.5652173913043478,open,,,2026-09-08T18:26:27Z,,,,,v3-forward-measurement
68bace0c-c6d9-4224-9805-116516f68558,c6d62526-4f74-430b-a90b-a2389f6ba95f,2026-09-08T18:26:27Z,FanDuel Sportsbook structured market feed,,VA,NFL,35609021,New York Jets @ Tennessee Titans,2026-09-13T17:01:00.000Z,FanDuel,751.185138111,receptions,Tony Pollard - Total Receptions,,Tony Pollard,26271307,under,1.5,-102,1.980392156862745,0.504950495049505,open,,,2026-09-08T18:26:27Z,,,,,v3-forward-measurement
68bace0c-c6d9-4224-9805-116516f68558,23d47c75-0973-42d5-b290-1f06058660e9,2026-09-08T18:26:27Z,FanDuel Sportsbook structured market feed,,VA,NFL,35609021,New York Jets @ Tennessee Titans,2026-09-13T17:01:00.000Z,FanDuel,751.185135238,receptions,Tyjae Spears - Total Receptions,,Tyjae Spears,48895401,over,2.5,-148,1.675675675675676,0.5967741935483871,open,,,2026-09-08T18:26:27Z,,,,,v3-forward-measurement
68bace0c-c6d9-4224-9805-116516f68558,63634178-78d3-4456-ab09-6b4ef689d1b8,2026-09-08T18:26:27Z,FanDuel Sportsbook structured market feed,,VA,NFL,35609021,New York Jets @ Tennessee Titans,2026-09-13T17:01:00.000Z,FanDuel,751.185135238,receptions,Tyjae Spears - Total Receptions,,Tyjae Spears,48895398,under,2.5,112,2.12,0.4716981132075472,open,,,2026-09-08T18:26:27Z,,,,,v3-forward-measurement
68bace0c-c6d9-4224-9805-116516f68558,22a58d92-1000-45c2-8a00-087e680ffb71,2026-09-08T18:26:27Z,FanDuel Sportsbook structured market feed,,VA,NFL,35609021,New York Jets @ Tennessee Titans,2026-09-13T17:01:00.000Z,FanDuel,751.184004318,receptions,Carnell Tate - Total Receptions,,Carnell Tate,102332617,over,3.5,106,2.06,0.4854368932038835,open,,,2026-09-08T18:26:27Z,,,,,v3-forward-measurement
68bace0c-c6d9-4224-9805-116516f68558,0b7c680b-bc8f-427e-8fa0-cf861ec04b30,2026-09-08T18:26:27Z,FanDuel Sportsbook structured market feed,,VA,NFL,35609021,New York Jets @ Tennessee Titans,2026-09-13T17:01:00.000Z,FanDuel,751.184004318,receptions,Carnell Tate - Total Receptions,,Carnell Tate,102332624,under,3.5,-140,1.714285714285714,0.5833333333333334,open,,,2026-09-08T18:26:27Z,,,,,v3-forward-measurement
68bace0c-c6d9-4224-9805-116516f68558,8d5173c1-fd92-4cd3-ab10-8f7623939cde,2026-09-08T18:26:27Z,FanDuel Sportsbook structured market feed,,VA,NFL,35609021,New York Jets @ Tennessee Titans,2026-09-13T17:01:00.000Z,FanDuel,751.184921679,receptions,Adonai Mitchell - Total Receptions,,Adonai Mitchell,48048058,over,2.5,-138,1.72463768115942,0.5798319327731093,open,,,2026-09-08T18:26:27Z,,,,,v3-forward-measurement
68bace0c-c6d9-4224-9805-116516f68558,e5e74ce9-0a77-4c0a-8cdf-8a1f074925ac,2026-09-08T18:26:27Z,FanDuel Sportsbook structured market feed,,VA,NFL,35609021,New York Jets @ Tennessee Titans,2026-09-13T17:01:00.000Z,FanDuel,751.184921679,receptions,Adonai Mitchell - Total Receptions,,Adonai Mitchell,48048062,under,2.5,104,2.04,0.49019607843137253,open,,,2026-09-08T18:26:27Z,,,,,v3-forward-measurement
68bace0c-c6d9-4224-9805-116516f68558,28d2ff8e-8194-4d1f-8c99-56c64e887d8e,2026-09-08T18:26:27Z,FanDuel Sportsbook structured market feed,,VA,NFL,35609021,New York Jets @ Tennessee Titans,2026-09-13T17:01:00.000Z,FanDuel,751.184004319,receiving_yards,Carnell Tate - Receiving Yds,,Carnell Tate,102332617,over,37.5,-114,1.87719298245614,0.5327102803738317,open,,,2026-09-08T18:26:27Z,,,,,v3-forward-measurement
68bace0c-c6d9-4224-9805-116516f68558,018a6050-4e3c-4698-a23d-367754c1047f,2026-09-08T18:26:27Z,FanDuel Sportsbook structured market feed,,VA,NFL,35609021,New York Jets @ Tennessee Titans,2026-09-13T17:01:00.000Z,FanDuel,751.184004319,receiving_yards,Carnell Tate - Receiving Yds,,Carnell Tate,102332624,under,37.5,-114,1.87719298245614,0.5327102803738317,open,,,2026-09-08T18:26:27Z,,,,,v3-forward-measurement
68bace0c-c6d9-4224-9805-116516f68558,7d124d0c-2fe3-4914-a61c-85fa352b08d3,2026-09-08T18:26:27Z,FanDuel Sportsbook structured market feed,,VA,NFL,35609021,New York Jets @ Tennessee Titans,2026-09-13T17:01:00.000Z,FanDuel,751.184003904,receptions,Wan'Dale Robinson - Total Receptions,,Wan'Dale Robinson,41073264,over,4.5,-102,1.980392156862745,0.504950495049505,open,,,2026-09-08T18:26:27Z,,,,,v3-forward-measurement
68bace0c-c6d9-4224-9805-116516f68558,bb0983e5-fdae-40ef-9d7a-360e24fd335d,2026-09-08T18:26:27Z,FanDuel Sportsbook structured market feed,,VA,NFL,35609021,New York Jets @ Tennessee Titans,2026-09-13T17:01:00.000Z,FanDuel,751.184003904,receptions,Wan'Dale Robinson - Total Receptions,,Wan'Dale Robinson,41073263,under,4.5,-130,1.769230769230769,0.5652173913043478,open,,,2026-09-08T18:26:27Z,,,,,v3-forward-measurement
68bace0c-c6d9-4224-9805-116516f68558,14bfc8ad-8d6a-4b69-8a3c-132693589ed4,2026-09-08T18:26:27Z,FanDuel Sportsbook structured market feed,,VA,NFL,35609021,New York Jets @ Tennessee Titans,2026-09-13T17:01:00.000Z,FanDuel,751.185136276,receptions,Mason Taylor - Total Receptions,,Mason Taylor,50186665,over,2.5,-102,1.980392156862745,0.504950495049505,open,,,2026-09-08T18:26:27Z,,,,,v3-forward-measurement
68bace0c-c6d9-4224-9805-116516f68558,37d673cd-5926-4720-9048-5844968a7002,2026-09-08T18:26:27Z,FanDuel Sportsbook structured market feed,,VA,NFL,35609021,New York Jets @ Tennessee Titans,2026-09-13T17:01:00.000Z,FanDuel,751.185136276,receptions,Mason Taylor - Total Receptions,,Mason Taylor,50186663,under,2.5,-130,1.769230769230769,0.5652173913043478,open,,,2026-09-08T18:26:27Z,,,,,v3-forward-measurement
68bace0c-c6d9-4224-9805-116516f68558,7fc65220-cace-4512-817c-dce33b401c98,2026-09-08T18:26:27Z,FanDuel Sportsbook structured market feed,,VA,NFL,35609021,New York Jets @ Tennessee Titans,2026-09-13T17:01:00.000Z,FanDuel,751.184984313,receiving_yards,Calvin Ridley - Receiving Yds,,Calvin Ridley,12302575,over,27.5,-114,1.87719298245614,0.5327102803738317,open,,,2026-09-08T18:26:27Z,,,,,v3-forward-measurement
68bace0c-c6d9-4224-9805-116516f68558,a47a899b-c971-4a78-92dd-8541fc00c07b,2026-09-08T18:26:27Z,FanDuel Sportsbook structured market feed,,VA,NFL,35609021,New York Jets @ Tennessee Titans,2026-09-13T17:01:00.000Z,FanDuel,751.184984313,receiving_yards,Calvin Ridley - Receiving Yds,,Calvin Ridley,12302576,under,27.5,-114,1.87719298245614,0.5327102803738317,open,,,2026-09-08T18:26:27Z,,,,,v3-forward-measurement
68bace0c-c6d9-4224-9805-116516f68558,f0ff3406-2700-4625-acef-7baa7ee07bef,2026-09-08T18:26:27Z,FanDuel Sportsbook structured market feed,,VA,NFL,35609021,New York Jets @ Tennessee Titans,2026-09-13T17:01:00.000Z,FanDuel,751.184984312,receptions,Calvin Ridley - Total Receptions,,Calvin Ridley,12302575,over,2.5,140,2.4,0.4166666666666667,open,,,2026-09-08T18:26:27Z,,,,,v3-forward-measurement
68bace0c-c6d9-4224-9805-116516f68558,05d7b304-618a-44ee-9e22-c0e250d97a88,2026-09-08T18:26:27Z,FanDuel Sportsbook structured market feed,,VA,NFL,35609021,New York Jets @ Tennessee Titans,2026-09-13T17:01:00.000Z,FanDuel,751.184984312,receptions,Calvin Ridley - Total Receptions,,Calvin Ridley,12302576,under,2.5,-188,1.531914893617021,0.6527777777777778,open,,,2026-09-08T18:26:27Z,,,,,v3-forward-measurement
68bace0c-c6d9-4224-9805-116516f68558,c2b50bdf-e1fb-4a66-82fe-57258cd1042d,2026-09-08T18:26:27Z,FanDuel Sportsbook structured market feed,,VA,NFL,35609021,New York Jets @ Tennessee Titans,2026-09-13T17:01:00.000Z,FanDuel,751.185136272,receiving_yards,Mason Taylor - Receiving Yds,,Mason Taylor,50186665,over,20.5,-114,1.87719298245614,0.5327102803738317,open,,,2026-09-08T18:26:27Z,,,,,v3-forward-measurement
68bace0c-c6d9-4224-9805-116516f68558,9127f948-5c31-4cdf-a6c1-bcee32c21a39,2026-09-08T18:26:27Z,FanDuel Sportsbook structured market feed,,VA,NFL,35609021,New York Jets @ Tennessee Titans,2026-09-13T17:01:00.000Z,FanDuel,751.185136272,receiving_yards,Mason Taylor - Receiving Yds,,Mason Taylor,50186663,under,20.5,-114,1.87719298245614,0.5327102803738317,open,,,2026-09-08T18:26:27Z,,,,,v3-forward-measurement
db523577-41ed-4a7d-b9d3-dd515862beeb,890669e5-02e9-424f-9629-87a8d37a401e,2026-09-08T18:26:27Z,FanDuel Sportsbook structured market feed,,VA,NFL,35609293,Washington Commanders @ Philadelphia Eagles,2026-09-13T20:25:00.000Z,FanDuel,751.183664687,passing_touchdowns,Jayden Daniels - Passing TDs,,Jayden Daniels,41161339,over,0.5,-250,1.4,0.7142857142857143,open,,,2026-09-08T18:26:27Z,,,,,v3-forward-measurement
db523577-41ed-4a7d-b9d3-dd515862beeb,82a710cf-9d5e-4709-822a-b3b64d651c34,2026-09-08T18:26:27Z,FanDuel Sportsbook structured market feed,,VA,NFL,35609293,Washington Commanders @ Philadelphia Eagles,2026-09-13T20:25:00.000Z,FanDuel,751.183664687,passing_touchdowns,Jayden Daniels - Passing TDs,,Jayden Daniels,41161340,under,0.5,188,2.88,0.3472222222222222,open,,,2026-09-08T18:26:27Z,,,,,v3-forward-measurement
db523577-41ed-4a7d-b9d3-dd515862beeb,ee208aaf-7997-4184-b73f-62462840df01,2026-09-08T18:26:27Z,FanDuel Sportsbook structured market feed,,VA,NFL,35609293,Washington Commanders @ Philadelphia Eagles,2026-09-13T20:25:00.000Z,FanDuel,751.183664641,passing_yards,Jalen Hurts - Passing Yds,,Jalen Hurts,12302543,over,214.5,-114,1.87719298245614,0.5327102803738317,open,,,2026-09-08T18:26:27Z,,,,,v3-forward-measurement
db523577-41ed-4a7d-b9d3-dd515862beeb,747ead7d-a42f-4258-895d-5c93ae05a82e,2026-09-08T18:26:27Z,FanDuel Sportsbook structured market feed,,VA,NFL,35609293,Washington Commanders @ Philadelphia Eagles,2026-09-13T20:25:00.000Z,FanDuel,751.183664641,passing_yards,Jalen Hurts - Passing Yds,,Jalen Hurts,12302542,under,214.5,-114,1.87719298245614,0.5327102803738317,open,,,2026-09-08T18:26:27Z,,,,,v3-forward-measurement
db523577-41ed-4a7d-b9d3-dd515862beeb,d33e6c36-ad3e-43c2-8bd6-2b7772f879e8,2026-09-08T18:26:27Z,FanDuel Sportsbook structured market feed,,VA,NFL,35609293,Washington Commanders @ Philadelphia Eagles,2026-09-13T20:25:00.000Z,FanDuel,751.183664552,passing_yards,Jayden Daniels - Passing Yds,,Jayden Daniels,41161339,over,205.5,-114,1.87719298245614,0.5327102803738317,open,,,2026-09-08T18:26:27Z,,,,,v3-forward-measurement
db523577-41ed-4a7d-b9d3-dd515862beeb,b3d7434b-59f0-476f-8367-a983e2645826,2026-09-08T18:26:27Z,FanDuel Sportsbook structured market feed,,VA,NFL,35609293,Washington Commanders @ Philadelphia Eagles,2026-09-13T20:25:00.000Z,FanDuel,751.183664552,passing_yards,Jayden Daniels - Passing Yds,,Jayden Daniels,41161340,under,205.5,-114,1.87719298245614,0.5327102803738317,open,,,2026-09-08T18:26:27Z,,,,,v3-forward-measurement
db523577-41ed-4a7d-b9d3-dd515862beeb,e08e03d6-ac28-4017-86b2-0953fc95c016,2026-09-08T18:26:27Z,FanDuel Sportsbook structured market feed,,VA,NFL,35609293,Washington Commanders @ Philadelphia Eagles,2026-09-13T20:25:00.000Z,FanDuel,751.183664629,passing_touchdowns,Jalen Hurts - Passing TDs,,Jalen Hurts,12302543,over,1.5,106,2.06,0.4854368932038835,open,,,2026-09-08T18:26:27Z,,,,,v3-forward-measurement
db523577-41ed-4a7d-b9d3-dd515862beeb,40129d43-a91b-482b-9579-50ac88496ccd,2026-09-08T18:26:27Z,FanDuel Sportsbook structured market feed,,VA,NFL,35609293,Washington Commanders @ Philadelphia Eagles,2026-09-13T20:25:00.000Z,FanDuel,751.183664629,passing_touchdowns,Jalen Hurts - Passing TDs,,Jalen Hurts,12302542,under,1.5,-140,1.714285714285714,0.5833333333333334,open,,,2026-09-08T18:26:27Z,,,,,v3-forward-measurement
f83db5dd-bd69-462d-af78-0962aaa351d8,157774e1-1e2f-44a9-a715-3d9aea9eb42c,2026-09-08T18:26:27Z,FanDuel Sportsbook structured market feed,,VA,NFL,35609293,Washington Commanders @ Philadelphia Eagles,2026-09-13T20:25:00.000Z,FanDuel,751.183665338,rushing_yards,Jalen Hurts - Rushing Yds,,Jalen Hurts,12302543,over,28.5,-114,1.87719298245614,0.5327102803738317,open,,,2026-09-08T18:26:27Z,,,,,v3-forward-measurement
f83db5dd-bd69-462d-af78-0962aaa351d8,ae42fe36-aa7e-4c30-8921-fffdff7d840a,2026-09-08T18:26:27Z,FanDuel Sportsbook structured market feed,,VA,NFL,35609293,Washington Commanders @ Philadelphia Eagles,2026-09-13T20:25:00.000Z,FanDuel,751.183665338,rushing_yards,Jalen Hurts - Rushing Yds,,Jalen Hurts,12302542,under,28.5,-114,1.87719298245614,0.5327102803738317,open,,,2026-09-08T18:26:27Z,,,,,v3-forward-measurement
f83db5dd-bd69-462d-af78-0962aaa351d8,a5965e06-c4ac-44c0-81ae-ecd8e9db0821,2026-09-08T18:26:27Z,FanDuel Sportsbook structured market feed,,VA,NFL,35609293,Washington Commanders @ Philadelphia Eagles,2026-09-13T20:25:00.000Z,FanDuel,751.183665339,rushing_yards,Jayden Daniels - Rushing Yds,,Jayden Daniels,41161339,over,36.5,-114,1.87719298245614,0.5327102803738317,open,,,2026-09-08T18:26:27Z,,,,,v3-forward-measurement
f83db5dd-bd69-462d-af78-0962aaa351d8,23e9d037-f73c-45da-bf0b-e97373455943,2026-09-08T18:26:27Z,FanDuel Sportsbook structured market feed,,VA,NFL,35609293,Washington Commanders @ Philadelphia Eagles,2026-09-13T20:25:00.000Z,FanDuel,751.183665339,rushing_yards,Jayden Daniels - Rushing Yds,,Jayden Daniels,41161340,under,36.5,-114,1.87719298245614,0.5327102803738317,open,,,2026-09-08T18:26:27Z,,,,,v3-forward-measurement
f83db5dd-bd69-462d-af78-0962aaa351d8,474523bb-eb8b-40a4-84ee-079710b50664,2026-09-08T18:26:27Z,FanDuel Sportsbook structured market feed,,VA,NFL,35609293,Washington Commanders @ Philadelphia Eagles,2026-09-13T20:25:00.000Z,FanDuel,751.183665213,rushing_yards,Saquon Barkley - Rushing Yds,,Saquon Barkley,16580232,over,75.5,-114,1.87719298245614,0.5327102803738317,open,,,2026-09-08T18:26:27Z,,,,,v3-forward-measurement
f83db5dd-bd69-462d-af78-0962aaa351d8,94343e4b-d281-4f25-9b36-9b961068c9ed,2026-09-08T18:26:27Z,FanDuel Sportsbook structured market feed,,VA,NFL,35609293,Washington Commanders @ Philadelphia Eagles,2026-09-13T20:25:00.000Z,FanDuel,751.183665213,rushing_yards,Saquon Barkley - Rushing Yds,,Saquon Barkley,16580233,under,75.5,-114,1.87719298245614,0.5327102803738317,open,,,2026-09-08T18:26:27Z,,,,,v3-forward-measurement
f83db5dd-bd69-462d-af78-0962aaa351d8,9fe5efdc-8333-44e2-a77d-a133d4e9e9f2,2026-09-08T18:26:27Z,FanDuel Sportsbook structured market feed,,VA,NFL,35609293,Washington Commanders @ Philadelphia Eagles,2026-09-13T20:25:00.000Z,FanDuel,751.183665357,rushing_yards,Jacory Croskey-Merritt - Rushing Yds,,Jacory Croskey-Merritt,87579699,over,40.5,-114,1.87719298245614,0.5327102803738317,open,,,2026-09-08T18:26:27Z,,,,,v3-forward-measurement
f83db5dd-bd69-462d-af78-0962aaa351d8,a6573af2-e1dd-4112-b4bb-308012dca866,2026-09-08T18:26:27Z,FanDuel Sportsbook structured market feed,,VA,NFL,35609293,Washington Commanders @ Philadelphia Eagles,2026-09-13T20:25:00.000Z,FanDuel,751.183665357,rushing_yards,Jacory Croskey-Merritt - Rushing Yds,,Jacory Croskey-Merritt,87579697,under,40.5,-114,1.87719298245614,0.5327102803738317,open,,,2026-09-08T18:26:27Z,,,,,v3-forward-measurement
f83db5dd-bd69-462d-af78-0962aaa351d8,02c3f3b9-4f1b-4ae4-92e1-c02677402135,2026-09-08T18:26:27Z,FanDuel Sportsbook structured market feed,,VA,NFL,35609293,Washington Commanders @ Philadelphia Eagles,2026-09-13T20:25:00.000Z,FanDuel,751.185135780,rushing_yards,Rachaad White - Rushing Yds,,Rachaad White,41161337,over,24.5,-114,1.87719298245614,0.5327102803738317,open,,,2026-09-08T18:26:27Z,,,,,v3-forward-measurement
f83db5dd-bd69-462d-af78-0962aaa351d8,1c000e02-4660-4945-aeff-1b2b6975c3b8,2026-09-08T18:26:27Z,FanDuel Sportsbook structured market feed,,VA,NFL,35609293,Washington Commanders @ Philadelphia Eagles,2026-09-13T20:25:00.000Z,FanDuel,751.185135780,rushing_yards,Rachaad White - Rushing Yds,,Rachaad White,41161335,under,24.5,-114,1.87719298245614,0.5327102803738317,open,,,2026-09-08T18:26:27Z,,,,,v3-forward-measurement
852b7c37-bae7-4422-b0db-1736c63fd02f,d508ff01-3fd7-455f-ae90-a9c5b476a9e5,2026-09-08T18:26:27Z,FanDuel Sportsbook structured market feed,,VA,NFL,35609293,Washington Commanders @ Philadelphia Eagles,2026-09-13T20:25:00.000Z,FanDuel,751.183665912,receptions,Dallas Goedert - Total Receptions,,Dallas Goedert,20501810,over,3.5,102,2.02,0.49504950495049505,open,,,2026-09-08T18:26:27Z,,,,,v3-forward-measurement
852b7c37-bae7-4422-b0db-1736c63fd02f,0a264f79-6d80-4e63-9fcc-529d42321a64,2026-09-08T18:26:27Z,FanDuel Sportsbook structured market feed,,VA,NFL,35609293,Washington Commanders @ Philadelphia Eagles,2026-09-13T20:25:00.000Z,FanDuel,751.183665912,receptions,Dallas Goedert - Total Receptions,,Dallas Goedert,20501811,under,3.5,-136,1.735294117647059,0.576271186440678,open,,,2026-09-08T18:26:27Z,,,,,v3-forward-measurement
852b7c37-bae7-4422-b0db-1736c63fd02f,b14133b1-912a-42d9-94ec-9cbf4e3ff020,2026-09-08T18:26:27Z,FanDuel Sportsbook structured market feed,,VA,NFL,35609293,Washington Commanders @ Philadelphia Eagles,2026-09-13T20:25:00.000Z,FanDuel,751.183665735,receiving_yards,DeVonta Smith - Receiving Yds,,DeVonta Smith,40878034,over,66.5,-114,1.87719298245614,0.5327102803738317,open,,,2026-09-08T18:26:27Z,,,,,v3-forward-measurement
852b7c37-bae7-4422-b0db-1736c63fd02f,e8a42261-3c10-4a09-87c4-7cd723d1d776,2026-09-08T18:26:27Z,FanDuel Sportsbook structured market feed,,VA,NFL,35609293,Washington Commanders @ Philadelphia Eagles,2026-09-13T20:25:00.000Z,FanDuel,751.183665735,receiving_yards,DeVonta Smith - Receiving Yds,,DeVonta Smith,40878036,under,66.5,-114,1.87719298245614,0.5327102803738317,open,,,2026-09-08T18:26:27Z,,,,,v3-forward-measurement
852b7c37-bae7-4422-b0db-1736c63fd02f,64f62c84-bfa2-496f-8f7a-daea2615526e,2026-09-08T18:26:27Z,FanDuel Sportsbook structured market feed,,VA,NFL,35609293,Washington Commanders @ Philadelphia Eagles,2026-09-13T20:25:00.000Z,FanDuel,751.183665732,receiving_yards,Terry McLaurin - Receiving Yds,,Terry McLaurin,25927138,over,52.5,-114,1.87719298245614,0.5327102803738317,open,,,2026-09-08T18:26:27Z,,,,,v3-forward-measurement
852b7c37-bae7-4422-b0db-1736c63fd02f,e777f64a-69b4-4ecd-adfc-18b48abb1c6b,2026-09-08T18:26:27Z,FanDuel Sportsbook structured market feed,,VA,NFL,35609293,Washington Commanders @ Philadelphia Eagles,2026-09-13T20:25:00.000Z,FanDuel,751.183665732,receiving_yards,Terry McLaurin - Receiving Yds,,Terry McLaurin,25927139,under,52.5,-114,1.87719298245614,0.5327102803738317,open,,,2026-09-08T18:26:27Z,,,,,v3-forward-measurement
852b7c37-bae7-4422-b0db-1736c63fd02f,5b0fc16d-bd09-4ffc-a500-15d9e04814bd,2026-09-08T18:26:27Z,FanDuel Sportsbook structured market feed,,VA,NFL,35609293,Washington Commanders @ Philadelphia Eagles,2026-09-13T20:25:00.000Z,FanDuel,751.185140200,receiving_yards,Chigoziem Okonkwo - Receiving Yds,,Chigoziem Okonkwo,41154197,over,25.5,-114,1.87719298245614,0.5327102803738317,open,,,2026-09-08T18:26:27Z,,,,,v3-forward-measurement
852b7c37-bae7-4422-b0db-1736c63fd02f,babf1d6a-d009-4833-af61-4d3c937bba98,2026-09-08T18:26:27Z,FanDuel Sportsbook structured market feed,,VA,NFL,35609293,Washington Commanders @ Philadelphia Eagles,2026-09-13T20:25:00.000Z,FanDuel,751.185140200,receiving_yards,Chigoziem Okonkwo - Receiving Yds,,Chigoziem Okonkwo,41154199,under,25.5,-114,1.87719298245614,0.5327102803738317,open,,,2026-09-08T18:26:27Z,,,,,v3-forward-measurement
852b7c37-bae7-4422-b0db-1736c63fd02f,77e445f4-85b8-44b0-ae3b-76127ad24b11,2026-09-08T18:26:27Z,FanDuel Sportsbook structured market feed,,VA,NFL,35609293,Washington Commanders @ Philadelphia Eagles,2026-09-13T20:25:00.000Z,FanDuel,751.185140202,receptions,Chigoziem Okonkwo - Total Receptions,,Chigoziem Okonkwo,41154197,over,2.5,-158,1.632911392405063,0.6124031007751938,open,,,2026-09-08T18:26:27Z,,,,,v3-forward-measurement
852b7c37-bae7-4422-b0db-1736c63fd02f,e59ee83b-499b-44f4-9cb0-76f95b88a0a3,2026-09-08T18:26:27Z,FanDuel Sportsbook structured market feed,,VA,NFL,35609293,Washington Commanders @ Philadelphia Eagles,2026-09-13T20:25:00.000Z,FanDuel,751.185140202,receptions,Chigoziem Okonkwo - Total Receptions,,Chigoziem Okonkwo,41154199,under,2.5,118,2.18,0.45871559633027525,open,,,2026-09-08T18:26:27Z,,,,,v3-forward-measurement
852b7c37-bae7-4422-b0db-1736c63fd02f,bccf4404-dede-4188-8cb2-c7a31f83a10a,2026-09-08T18:26:27Z,FanDuel Sportsbook structured market feed,,VA,NFL,35609293,Washington Commanders @ Philadelphia Eagles,2026-09-13T20:25:00.000Z,FanDuel,751.183665916,receiving_yards,Dallas Goedert - Receiving Yds,,Dallas Goedert,20501810,over,34.5,-114,1.87719298245614,0.5327102803738317,open,,,2026-09-08T18:26:27Z,,,,,v3-forward-measurement
852b7c37-bae7-4422-b0db-1736c63fd02f,da6bbef1-acec-43fa-9da9-8f2f345297ed,2026-09-08T18:26:27Z,FanDuel Sportsbook structured market feed,,VA,NFL,35609293,Washington Commanders @ Philadelphia Eagles,2026-09-13T20:25:00.000Z,FanDuel,751.183665916,receiving_yards,Dallas Goedert - Receiving Yds,,Dallas Goedert,20501811,under,34.5,-114,1.87719298245614,0.5327102803738317,open,,,2026-09-08T18:26:27Z,,,,,v3-forward-measurement
852b7c37-bae7-4422-b0db-1736c63fd02f,b4b55f91-26e3-4e73-ab14-dbfe125e5a54,2026-09-08T18:26:27Z,FanDuel Sportsbook structured market feed,,VA,NFL,35609293,Washington Commanders @ Philadelphia Eagles,2026-09-13T20:25:00.000Z,FanDuel,751.183665738,receptions,DeVonta Smith - Total Receptions,,DeVonta Smith,40878034,over,5.5,106,2.06,0.4854368932038835,open,,,2026-09-08T18:26:27Z,,,,,v3-forward-measurement
852b7c37-bae7-4422-b0db-1736c63fd02f,d963d7df-f45e-438a-a758-82b40c02cc99,2026-09-08T18:26:27Z,FanDuel Sportsbook structured market feed,,VA,NFL,35609293,Washington Commanders @ Philadelphia Eagles,2026-09-13T20:25:00.000Z,FanDuel,751.183665738,receptions,DeVonta Smith - Total Receptions,,DeVonta Smith,40878036,under,5.5,-140,1.714285714285714,0.5833333333333334,open,,,2026-09-08T18:26:27Z,,,,,v3-forward-measurement
852b7c37-bae7-4422-b0db-1736c63fd02f,35bfaea9-faef-4c56-a3c1-73d3c843ef57,2026-09-08T18:26:27Z,FanDuel Sportsbook structured market feed,,VA,NFL,35609293,Washington Commanders @ Philadelphia Eagles,2026-09-13T20:25:00.000Z,FanDuel,751.183666282,receiving_yards,Saquon Barkley - Receiving Yds,,Saquon Barkley,16580232,over,15.5,-114,1.87719298245614,0.5327102803738317,open,,,2026-09-08T18:26:27Z,,,,,v3-forward-measurement
852b7c37-bae7-4422-b0db-1736c63fd02f,8e598d4a-1320-4ec7-baa9-f21433a834be,2026-09-08T18:26:27Z,FanDuel Sportsbook structured market feed,,VA,NFL,35609293,Washington Commanders @ Philadelphia Eagles,2026-09-13T20:25:00.000Z,FanDuel,751.183666282,receiving_yards,Saquon Barkley - Receiving Yds,,Saquon Barkley,16580233,under,15.5,-114,1.87719298245614,0.5327102803738317,open,,,2026-09-08T18:26:27Z,,,,,v3-forward-measurement
852b7c37-bae7-4422-b0db-1736c63fd02f,f672326b-7c3b-4c96-b2d7-5a9a5dc24907,2026-09-08T18:26:27Z,FanDuel Sportsbook structured market feed,,VA,NFL,35609293,Washington Commanders @ Philadelphia Eagles,2026-09-13T20:25:00.000Z,FanDuel,751.185455304,receptions,Makai Lemon - Total Receptions,,Makai Lemon,102621408,over,2.5,120,2.2,0.45454545454545453,open,,,2026-09-08T18:26:27Z,,,,,v3-forward-measurement
852b7c37-bae7-4422-b0db-1736c63fd02f,576436b5-e781-4e6a-ac85-a7be37e07db4,2026-09-08T18:26:27Z,FanDuel Sportsbook structured market feed,,VA,NFL,35609293,Washington Commanders @ Philadelphia Eagles,2026-09-13T20:25:00.000Z,FanDuel,751.185455304,receptions,Makai Lemon - Total Receptions,,Makai Lemon,102621416,under,2.5,-160,1.625,0.6153846153846154,open,,,2026-09-08T18:26:27Z,,,,,v3-forward-measurement
852b7c37-bae7-4422-b0db-1736c63fd02f,f581e3d8-7a09-47cb-99e4-8950364ea0a2,2026-09-08T18:26:27Z,FanDuel Sportsbook structured market feed,,VA,NFL,35609293,Washington Commanders @ Philadelphia Eagles,2026-09-13T20:25:00.000Z,FanDuel,751.185455303,receiving_yards,Makai Lemon - Receiving Yds,,Makai Lemon,102621408,over,24.5,-114,1.87719298245614,0.5327102803738317,open,,,2026-09-08T18:26:27Z,,,,,v3-forward-measurement
852b7c37-bae7-4422-b0db-1736c63fd02f,2fe0ef49-0baf-4434-ac10-ce9dd884f72f,2026-09-08T18:26:27Z,FanDuel Sportsbook structured market feed,,VA,NFL,35609293,Washington Commanders @ Philadelphia Eagles,2026-09-13T20:25:00.000Z,FanDuel,751.185455303,receiving_yards,Makai Lemon - Receiving Yds,,Makai Lemon,102621416,under,24.5,-114,1.87719298245614,0.5327102803738317,open,,,2026-09-08T18:26:27Z,,,,,v3-forward-measurement
852b7c37-bae7-4422-b0db-1736c63fd02f,96ca936c-4ac6-49a8-a5ac-d5b60db73e73,2026-09-08T18:26:27Z,FanDuel Sportsbook structured market feed,,VA,NFL,35609293,Washington Commanders @ Philadelphia Eagles,2026-09-13T20:25:00.000Z,FanDuel,751.183665726,receptions,Terry McLaurin - Total Receptions,,Terry McLaurin,25927138,over,3.5,-172,1.581395348837209,0.6323529411764706,open,,,2026-09-08T18:26:27Z,,,,,v3-forward-measurement
852b7c37-bae7-4422-b0db-1736c63fd02f,64439f44-a801-4e28-9f66-82eca0b9985f,2026-09-08T18:26:27Z,FanDuel Sportsbook structured market feed,,VA,NFL,35609293,Washington Commanders @ Philadelphia Eagles,2026-09-13T20:25:00.000Z,FanDuel,751.183665726,receptions,Terry McLaurin - Total Receptions,,Terry McLaurin,25927139,under,3.5,128,2.28,0.43859649122807015,open,,,2026-09-08T18:26:27Z,,,,,v3-forward-measurement
852b7c37-bae7-4422-b0db-1736c63fd02f,8bc83161-520b-4e5f-9014-d92667ac1873,2026-09-08T18:26:27Z,FanDuel Sportsbook structured market feed,,VA,NFL,35609293,Washington Commanders @ Philadelphia Eagles,2026-09-13T20:25:00.000Z,FanDuel,751.185145804,receiving_yards,Dontayvion Wicks - Receiving Yds,,Dontayvion Wicks,41071991,over,27.5,-114,1.87719298245614,0.5327102803738317,open,,,2026-09-08T18:26:27Z,,,,,v3-forward-measurement
852b7c37-bae7-4422-b0db-1736c63fd02f,21da98b1-4fe0-48aa-be4e-1a23368b367c,2026-09-08T18:26:27Z,FanDuel Sportsbook structured market feed,,VA,NFL,35609293,Washington Commanders @ Philadelphia Eagles,2026-09-13T20:25:00.000Z,FanDuel,751.185145804,receiving_yards,Dontayvion Wicks - Receiving Yds,,Dontayvion Wicks,41071992,under,27.5,-114,1.87719298245614,0.5327102803738317,open,,,2026-09-08T18:26:27Z,,,,,v3-forward-measurement
852b7c37-bae7-4422-b0db-1736c63fd02f,69c05e9f-ca21-4553-a381-3c1ab72776f7,2026-09-08T18:26:27Z,FanDuel Sportsbook structured market feed,,VA,NFL,35609293,Washington Commanders @ Philadelphia Eagles,2026-09-13T20:25:00.000Z,FanDuel,751.185140410,receiving_yards,Rachaad White - Receiving Yds,,Rachaad White,41161337,over,14.5,-114,1.87719298245614,0.5327102803738317,open,,,2026-09-08T18:26:27Z,,,,,v3-forward-measurement
852b7c37-bae7-4422-b0db-1736c63fd02f,0a2e3bd1-7506-4893-b05a-8e92f5f7cf34,2026-09-08T18:26:27Z,FanDuel Sportsbook structured market feed,,VA,NFL,35609293,Washington Commanders @ Philadelphia Eagles,2026-09-13T20:25:00.000Z,FanDuel,751.185140410,receiving_yards,Rachaad White - Receiving Yds,,Rachaad White,41161335,under,14.5,-114,1.87719298245614,0.5327102803738317,open,,,2026-09-08T18:26:27Z,,,,,v3-forward-measurement
852b7c37-bae7-4422-b0db-1736c63fd02f,52718904-a42a-4bcf-825a-062fbeb2c188,2026-09-08T18:26:27Z,FanDuel Sportsbook structured market feed,,VA,NFL,35609293,Washington Commanders @ Philadelphia Eagles,2026-09-13T20:25:00.000Z,FanDuel,751.185140411,receptions,Rachaad White - Total Receptions,,Rachaad White,41161337,over,2.5,134,2.34,0.42735042735042733,open,,,2026-09-08T18:26:27Z,,,,,v3-forward-measurement
852b7c37-bae7-4422-b0db-1736c63fd02f,1ab26bf7-8582-4941-b6cb-d6ab2660a32f,2026-09-08T18:26:27Z,FanDuel Sportsbook structured market feed,,VA,NFL,35609293,Washington Commanders @ Philadelphia Eagles,2026-09-13T20:25:00.000Z,FanDuel,751.185140411,receptions,Rachaad White - Total Receptions,,Rachaad White,41161335,under,2.5,-180,1.555555555555556,0.6428571428571429,open,,,2026-09-08T18:26:27Z,,,,,v3-forward-measurement
852b7c37-bae7-4422-b0db-1736c63fd02f,c84b82be-ac14-4572-86e6-1e2e322d8d82,2026-09-08T18:26:27Z,FanDuel Sportsbook structured market feed,,VA,NFL,35609293,Washington Commanders @ Philadelphia Eagles,2026-09-13T20:25:00.000Z,FanDuel,751.185145800,receptions,Dontayvion Wicks - Total Receptions,,Dontayvion Wicks,41071991,over,2.5,-114,1.87719298245614,0.5327102803738317,open,,,2026-09-08T18:26:27Z,,,,,v3-forward-measurement
852b7c37-bae7-4422-b0db-1736c63fd02f,59e3b611-4961-4ba7-8f0b-ef299decf4c5,2026-09-08T18:26:27Z,FanDuel Sportsbook structured market feed,,VA,NFL,35609293,Washington Commanders @ Philadelphia Eagles,2026-09-13T20:25:00.000Z,FanDuel,751.185145800,receptions,Dontayvion Wicks - Total Receptions,,Dontayvion Wicks,41071992,under,2.5,-114,1.87719298245614,0.5327102803738317,open,,,2026-09-08T18:26:27Z,,,,,v3-forward-measurement
852b7c37-bae7-4422-b0db-1736c63fd02f,5a4baf21-1454-4de2-b156-c031c6ce21c1,2026-09-08T18:26:27Z,FanDuel Sportsbook structured market feed,,VA,NFL,35609293,Washington Commanders @ Philadelphia Eagles,2026-09-13T20:25:00.000Z,FanDuel,751.183665729,receiving_yards,Stefon Diggs - Receiving Yds,,Stefon Diggs,11890083,over,42.5,-114,1.87719298245614,0.5327102803738317,open,,,2026-09-08T18:26:27Z,,,,,v3-forward-measurement
852b7c37-bae7-4422-b0db-1736c63fd02f,5c3da48a-b837-4022-b988-603ed255d90b,2026-09-08T18:26:27Z,FanDuel Sportsbook structured market feed,,VA,NFL,35609293,Washington Commanders @ Philadelphia Eagles,2026-09-13T20:25:00.000Z,FanDuel,751.183665729,receiving_yards,Stefon Diggs - Receiving Yds,,Stefon Diggs,11890082,under,42.5,-114,1.87719298245614,0.5327102803738317,open,,,2026-09-08T18:26:27Z,,,,,v3-forward-measurement
852b7c37-bae7-4422-b0db-1736c63fd02f,72da2edc-5e6b-4e59-b83c-594afa83e05c,2026-09-08T18:26:27Z,FanDuel Sportsbook structured market feed,,VA,NFL,35609293,Washington Commanders @ Philadelphia Eagles,2026-09-13T20:25:00.000Z,FanDuel,751.183665727,receptions,Stefon Diggs - Total Receptions,,Stefon Diggs,11890083,over,3.5,-148,1.675675675675676,0.5967741935483871,open,,,2026-09-08T18:26:27Z,,,,,v3-forward-measurement
852b7c37-bae7-4422-b0db-1736c63fd02f,09e78677-c8ce-4b84-89c5-167bea3b9ff7,2026-09-08T18:26:27Z,FanDuel Sportsbook structured market feed,,VA,NFL,35609293,Washington Commanders @ Philadelphia Eagles,2026-09-13T20:25:00.000Z,FanDuel,751.183665727,receptions,Stefon Diggs - Total Receptions,,Stefon Diggs,11890082,under,3.5,112,2.12,0.4716981132075472,open,,,2026-09-08T18:26:27Z,,,,,v3-forward-measurement
852b7c37-bae7-4422-b0db-1736c63fd02f,abfb6298-6792-41bd-b41d-f9580b8e0d20,2026-09-08T18:26:27Z,FanDuel Sportsbook structured market feed,,VA,NFL,35609293,Washington Commanders @ Philadelphia Eagles,2026-09-13T20:25:00.000Z,FanDuel,751.183666278,receptions,Saquon Barkley - Total Receptions,,Saquon Barkley,16580232,over,2.5,-102,1.980392156862745,0.504950495049505,open,,,2026-09-08T18:26:27Z,,,,,v3-forward-measurement
852b7c37-bae7-4422-b0db-1736c63fd02f,b6ddfb83-f15d-4154-8f7b-912d62a77f18,2026-09-08T18:26:27Z,FanDuel Sportsbook structured market feed,,VA,NFL,35609293,Washington Commanders @ Philadelphia Eagles,2026-09-13T20:25:00.000Z,FanDuel,751.183666278,receptions,Saquon Barkley - Total Receptions,,Saquon Barkley,16580233,under,2.5,-130,1.769230769230769,0.5652173913043478,open,,,2026-09-08T18:26:27Z,,,,,v3-forward-measurement
4559bfa0-12d2-414b-b17c-61cd5c3bc20b,0a3a44dc-83b1-47c8-8c43-81ff4f2b0b1a,2026-09-08T18:26:27Z,FanDuel Sportsbook structured market feed,,VA,NFL,35610167,Buffalo Bills @ Houston Texans,2026-09-13T17:00:00.000Z,FanDuel,751.183531290,passing_touchdowns,Josh Allen - Passing TDs,,Josh Allen,16503660,over,1.5,154,2.54,0.3937007874015748,open,,,2026-09-08T18:26:27Z,,,,,v3-forward-measurement
4559bfa0-12d2-414b-b17c-61cd5c3bc20b,0c5f3e8b-bc83-4ae4-8a0d-02162d4a75da,2026-09-08T18:26:27Z,FanDuel Sportsbook structured market feed,,VA,NFL,35610167,Buffalo Bills @ Houston Texans,2026-09-13T17:00:00.000Z,FanDuel,751.183531290,passing_touchdowns,Josh Allen - Passing TDs,,Josh Allen,16503661,under,1.5,-210,1.476190476190476,0.6774193548387096,open,,,2026-09-08T18:26:27Z,,,,,v3-forward-measurement
4559bfa0-12d2-414b-b17c-61cd5c3bc20b,5bdd409b-63fb-4b52-9e19-4fefd101114c,2026-09-08T18:26:27Z,FanDuel Sportsbook structured market feed,,VA,NFL,35610167,Buffalo Bills @ Houston Texans,2026-09-13T17:00:00.000Z,FanDuel,751.183531305,passing_yards,C.J. Stroud - Passing Yds,,C.J. Stroud,41158959,over,218.5,-114,1.87719298245614,0.5327102803738317,open,,,2026-09-08T18:26:27Z,,,,,v3-forward-measurement
4559bfa0-12d2-414b-b17c-61cd5c3bc20b,6ef22198-8bfe-446f-b589-3a9834661ea4,2026-09-08T18:26:27Z,FanDuel Sportsbook structured market feed,,VA,NFL,35610167,Buffalo Bills @ Houston Texans,2026-09-13T17:00:00.000Z,FanDuel,751.183531305,passing_yards,C.J. Stroud - Passing Yds,,C.J. Stroud,41158958,under,218.5,-114,1.87719298245614,0.5327102803738317,open,,,2026-09-08T18:26:27Z,,,,,v3-forward-measurement
4559bfa0-12d2-414b-b17c-61cd5c3bc20b,f8e03d8d-2279-4dac-acca-8b20011534b1,2026-09-08T18:26:27Z,FanDuel Sportsbook structured market feed,,VA,NFL,35610167,Buffalo Bills @ Houston Texans,2026-09-13T17:00:00.000Z,FanDuel,751.183531354,passing_touchdowns,C.J. Stroud - Passing TDs,,C.J. Stroud,41158959,over,1.5,124,2.24,0.44642857142857145,open,,,2026-09-08T18:26:27Z,,,,,v3-forward-measurement
4559bfa0-12d2-414b-b17c-61cd5c3bc20b,07a576fa-778e-46e8-bb7c-009244b94add,2026-09-08T18:26:27Z,FanDuel Sportsbook structured market feed,,VA,NFL,35610167,Buffalo Bills @ Houston Texans,2026-09-13T17:00:00.000Z,FanDuel,751.183531354,passing_touchdowns,C.J. Stroud - Passing TDs,,C.J. Stroud,41158958,under,1.5,-166,1.602409638554217,0.6240601503759399,open,,,2026-09-08T18:26:27Z,,,,,v3-forward-measurement
4559bfa0-12d2-414b-b17c-61cd5c3bc20b,b654ef09-538d-4ce2-bd92-cff2f0ea225e,2026-09-08T18:26:27Z,FanDuel Sportsbook structured market feed,,VA,NFL,35610167,Buffalo Bills @ Houston Texans,2026-09-13T17:00:00.000Z,FanDuel,751.183531265,passing_yards,Josh Allen - Passing Yds,,Josh Allen,16503660,over,220.5,-114,1.87719298245614,0.5327102803738317,open,,,2026-09-08T18:26:27Z,,,,,v3-forward-measurement
4559bfa0-12d2-414b-b17c-61cd5c3bc20b,508fdc7a-a909-4763-8981-d45c6911e454,2026-09-08T18:26:27Z,FanDuel Sportsbook structured market feed,,VA,NFL,35610167,Buffalo Bills @ Houston Texans,2026-09-13T17:00:00.000Z,FanDuel,751.183531265,passing_yards,Josh Allen - Passing Yds,,Josh Allen,16503661,under,220.5,-114,1.87719298245614,0.5327102803738317,open,,,2026-09-08T18:26:27Z,,,,,v3-forward-measurement
f238c6f5-171c-40a8-9ac1-70a8f649eb1b,715d92be-8573-449d-9cf3-50e6ed466986,2026-09-08T18:26:27Z,FanDuel Sportsbook structured market feed,,VA,NFL,35610167,Buffalo Bills @ Houston Texans,2026-09-13T17:00:00.000Z,FanDuel,751.183531308,rushing_yards,Josh Allen - Rushing Yds,,Josh Allen,16503660,over,30.5,-114,1.87719298245614,0.5327102803738317,open,,,2026-09-08T18:26:27Z,,,,,v3-forward-measurement
f238c6f5-171c-40a8-9ac1-70a8f649eb1b,3000a708-6b5a-49be-bfa1-06d6bd860061,2026-09-08T18:26:27Z,FanDuel Sportsbook structured market feed,,VA,NFL,35610167,Buffalo Bills @ Houston Texans,2026-09-13T17:00:00.000Z,FanDuel,751.183531308,rushing_yards,Josh Allen - Rushing Yds,,Josh Allen,16503661,under,30.5,-114,1.87719298245614,0.5327102803738317,open,,,2026-09-08T18:26:27Z,,,,,v3-forward-measurement
f238c6f5-171c-40a8-9ac1-70a8f649eb1b,e28f9cb1-917a-4496-bed9-81e39a82f411,2026-09-08T18:26:27Z,FanDuel Sportsbook structured market feed,,VA,NFL,35610167,Buffalo Bills @ Houston Texans,2026-09-13T17:00:00.000Z,FanDuel,751.183532134,rushing_yards,James Cook - Rushing Yds,,James Cook,41957632,over,74.5,-114,1.87719298245614,0.5327102803738317,open,,,2026-09-08T18:26:27Z,,,,,v3-forward-measurement
f238c6f5-171c-40a8-9ac1-70a8f649eb1b,2b5fea54-ecf1-4afd-9e70-54be937de6ea,2026-09-08T18:26:27Z,FanDuel Sportsbook structured market feed,,VA,NFL,35610167,Buffalo Bills @ Houston Texans,2026-09-13T17:00:00.000Z,FanDuel,751.183532134,rushing_yards,James Cook - Rushing Yds,,James Cook,41957631,under,74.5,-114,1.87719298245614,0.5327102803738317,open,,,2026-09-08T18:26:27Z,,,,,v3-forward-measurement
f238c6f5-171c-40a8-9ac1-70a8f649eb1b,b0faf29c-759d-476c-824f-ba0e95867b1a,2026-09-08T18:26:27Z,FanDuel Sportsbook structured market feed,,VA,NFL,35610167,Buffalo Bills @ Houston Texans,2026-09-13T17:00:00.000Z,FanDuel,751.184540244,rushing_yards,C.J. Stroud - Rushing Yds,,C.J. Stroud,41158959,over,10.5,-114,1.87719298245614,0.5327102803738317,open,,,2026-09-08T18:26:27Z,,,,,v3-forward-measurement
f238c6f5-171c-40a8-9ac1-70a8f649eb1b,f8d1b0f9-d13c-4357-9d8c-8efeedd6fe44,2026-09-08T18:26:27Z,FanDuel Sportsbook structured market feed,,VA,NFL,35610167,Buffalo Bills @ Houston Texans,2026-09-13T17:00:00.000Z,FanDuel,751.184540244,rushing_yards,C.J. Stroud - Rushing Yds,,C.J. Stroud,41158958,under,10.5,-114,1.87719298245614,0.5327102803738317,open,,,2026-09-08T18:26:27Z,,,,,v3-forward-measurement
f238c6f5-171c-40a8-9ac1-70a8f649eb1b,adb38995-757d-4072-a1d1-23cc3e8bf954,2026-09-08T18:26:27Z,FanDuel Sportsbook structured market feed,,VA,NFL,35610167,Buffalo Bills @ Houston Texans,2026-09-13T17:00:00.000Z,FanDuel,751.183532131,rushing_yards,David Montgomery - Rushing Yds,,David Montgomery,16579822,over,53.5,-114,1.87719298245614,0.5327102803738317,open,,,2026-09-08T18:26:27Z,,,,,v3-forward-measurement
f238c6f5-171c-40a8-9ac1-70a8f649eb1b,74d33633-b5b1-4a5f-bf15-bd3f2b5c82b3,2026-09-08T18:26:27Z,FanDuel Sportsbook structured market feed,,VA,NFL,35610167,Buffalo Bills @ Houston Texans,2026-09-13T17:00:00.000Z,FanDuel,751.183532131,rushing_yards,David Montgomery - Rushing Yds,,David Montgomery,16579823,under,53.5,-114,1.87719298245614,0.5327102803738317,open,,,2026-09-08T18:26:27Z,,,,,v3-forward-measurement
f238c6f5-171c-40a8-9ac1-70a8f649eb1b,7dd0bd88-0a88-4a50-be3f-ee56789573a2,2026-09-08T18:26:27Z,FanDuel Sportsbook structured market feed,,VA,NFL,35610167,Buffalo Bills @ Houston Texans,2026-09-13T17:00:00.000Z,FanDuel,751.183532132,rushing_yards,Woody Marks - Rushing Yds,,Woody Marks,88881141,over,29.5,-114,1.87719298245614,0.5327102803738317,open,,,2026-09-08T18:26:27Z,,,,,v3-forward-measurement
f238c6f5-171c-40a8-9ac1-70a8f649eb1b,2a361259-85e4-4df0-8c01-02674ea1d2cb,2026-09-08T18:26:27Z,FanDuel Sportsbook structured market feed,,VA,NFL,35610167,Buffalo Bills @ Houston Texans,2026-09-13T17:00:00.000Z,FanDuel,751.183532132,rushing_yards,Woody Marks - Rushing Yds,,Woody Marks,88881135,under,29.5,-114,1.87719298245614,0.5327102803738317,open,,,2026-09-08T18:26:27Z,,,,,v3-forward-measurement
233d0707-ff8b-4c78-a18e-e8004b93e281,716a3a30-900f-4888-ae5e-73afc0a82add,2026-09-08T18:26:27Z,FanDuel Sportsbook structured market feed,,VA,NFL,35610167,Buffalo Bills @ Houston Texans,2026-09-13T17:00:00.000Z,FanDuel,751.184542281,receiving_yards,Woody Marks - Receiving Yds,,Woody Marks,88881141,over,9.5,-114,1.87719298245614,0.5327102803738317,open,,,2026-09-08T18:26:27Z,,,,,v3-forward-measurement
233d0707-ff8b-4c78-a18e-e8004b93e281,355e9eb2-bed9-4e1a-9bf1-c623d22ae5b2,2026-09-08T18:26:27Z,FanDuel Sportsbook structured market feed,,VA,NFL,35610167,Buffalo Bills @ Houston Texans,2026-09-13T17:00:00.000Z,FanDuel,751.184542281,receiving_yards,Woody Marks - Receiving Yds,,Woody Marks,88881135,under,9.5,-114,1.87719298245614,0.5327102803738317,open,,,2026-09-08T18:26:27Z,,,,,v3-forward-measurement
233d0707-ff8b-4c78-a18e-e8004b93e281,63c58155-05f0-43d3-9247-95c83939bd2d,2026-09-08T18:26:27Z,FanDuel Sportsbook structured market feed,,VA,NFL,35610167,Buffalo Bills @ Houston Texans,2026-09-13T17:00:00.000Z,FanDuel,751.183533039,receiving_yards,Nico Collins - Receiving Yds,,Nico Collins,40916109,over,69.5,-114,1.87719298245614,0.5327102803738317,open,,,2026-09-08T18:26:27Z,,,,,v3-forward-measurement
233d0707-ff8b-4c78-a18e-e8004b93e281,3c894c9f-dfea-46f8-9a75-809707e94173,2026-09-08T18:26:27Z,FanDuel Sportsbook structured market feed,,VA,NFL,35610167,Buffalo Bills @ Houston Texans,2026-09-13T17:00:00.000Z,FanDuel,751.183533039,receiving_yards,Nico Collins - Receiving Yds,,Nico Collins,40916112,under,69.5,-114,1.87719298245614,0.5327102803738317,open,,,2026-09-08T18:26:27Z,,,,,v3-forward-measurement
233d0707-ff8b-4c78-a18e-e8004b93e281,7d66f64f-be2d-4dd5-bb7e-2efbbe52dfd3,2026-09-08T18:26:27Z,FanDuel Sportsbook structured market feed,,VA,NFL,35610167,Buffalo Bills @ Houston Texans,2026-09-13T17:00:00.000Z,FanDuel,751.183533038,receptions,D.J. Moore - Total Receptions,,D.J. Moore,73370450,over,3.5,-130,1.769230769230769,0.5652173913043478,open,,,2026-09-08T18:26:27Z,,,,,v3-forward-measurement
233d0707-ff8b-4c78-a18e-e8004b93e281,39f39727-07e5-40ba-ac1b-b76e4ad3bcb6,2026-09-08T18:26:27Z,FanDuel Sportsbook structured market feed,,VA,NFL,35610167,Buffalo Bills @ Houston Texans,2026-09-13T17:00:00.000Z,FanDuel,751.183533038,receptions,D.J. Moore - Total Receptions,,D.J. Moore,73370451,under,3.5,-102,1.980392156862745,0.504950495049505,open,,,2026-09-08T18:26:27Z,,,,,v3-forward-measurement
233d0707-ff8b-4c78-a18e-e8004b93e281,63703586-4c4d-459b-a80a-26ce878b3f94,2026-09-08T18:26:27Z,FanDuel Sportsbook structured market feed,,VA,NFL,35610167,Buffalo Bills @ Houston Texans,2026-09-13T17:00:00.000Z,FanDuel,751.184543895,receptions,Dalton Schultz - Total Receptions,,Dalton Schultz,36190363,over,3.5,-130,1.769230769230769,0.5652173913043478,open,,,2026-09-08T18:26:27Z,,,,,v3-forward-measurement
233d0707-ff8b-4c78-a18e-e8004b93e281,765e32e2-eb04-4bff-8513-c64896ee5b68,2026-09-08T18:26:27Z,FanDuel Sportsbook structured market feed,,VA,NFL,35610167,Buffalo Bills @ Houston Texans,2026-09-13T17:00:00.000Z,FanDuel,751.184543895,receptions,Dalton Schultz - Total Receptions,,Dalton Schultz,36190364,under,3.5,-102,1.980392156862745,0.504950495049505,open,,,2026-09-08T18:26:27Z,,,,,v3-forward-measurement
233d0707-ff8b-4c78-a18e-e8004b93e281,3dae9053-54c0-4869-9097-fb58842866ed,2026-09-08T18:26:27Z,FanDuel Sportsbook structured market feed,,VA,NFL,35610167,Buffalo Bills @ Houston Texans,2026-09-13T17:00:00.000Z,FanDuel,751.184543897,receiving_yards,Dalton Schultz - Receiving Yds,,Dalton Schultz,36190363,over,32.5,-114,1.87719298245614,0.5327102803738317,open,,,2026-09-08T18:26:27Z,,,,,v3-forward-measurement
233d0707-ff8b-4c78-a18e-e8004b93e281,ebe6630a-76b4-4121-9008-d491c79c33ed,2026-09-08T18:26:27Z,FanDuel Sportsbook structured market feed,,VA,NFL,35610167,Buffalo Bills @ Houston Texans,2026-09-13T17:00:00.000Z,FanDuel,751.184543897,receiving_yards,Dalton Schultz - Receiving Yds,,Dalton Schultz,36190364,under,32.5,-114,1.87719298245614,0.5327102803738317,open,,,2026-09-08T18:26:27Z,,,,,v3-forward-measurement
233d0707-ff8b-4c78-a18e-e8004b93e281,af26b0a4-54cc-4216-83e1-0ab900e725d3,2026-09-08T18:26:27Z,FanDuel Sportsbook structured market feed,,VA,NFL,35610167,Buffalo Bills @ Houston Texans,2026-09-13T17:00:00.000Z,FanDuel,751.184542278,receiving_yards,David Montgomery - Receiving Yds,,David Montgomery,16579822,over,8.5,-114,1.87719298245614,0.5327102803738317,open,,,2026-09-08T18:26:27Z,,,,,v3-forward-measurement
233d0707-ff8b-4c78-a18e-e8004b93e281,367901c8-90cd-44da-80d9-c79ef52ef282,2026-09-08T18:26:27Z,FanDuel Sportsbook structured market feed,,VA,NFL,35610167,Buffalo Bills @ Houston Texans,2026-09-13T17:00:00.000Z,FanDuel,751.184542278,receiving_yards,David Montgomery - Receiving Yds,,David Montgomery,16579823,under,8.5,-114,1.87719298245614,0.5327102803738317,open,,,2026-09-08T18:26:27Z,,,,,v3-forward-measurement
233d0707-ff8b-4c78-a18e-e8004b93e281,475ba58c-4ce9-484b-b97c-c5b887a3c4a9,2026-09-08T18:26:27Z,FanDuel Sportsbook structured market feed,,VA,NFL,35610167,Buffalo Bills @ Houston Texans,2026-09-13T17:00:00.000Z,FanDuel,751.184542279,receptions,David Montgomery - Total Receptions,,David Montgomery,16579822,over,1.5,-122,1.819672131147541,0.5495495495495496,open,,,2026-09-08T18:26:27Z,,,,,v3-forward-measurement
233d0707-ff8b-4c78-a18e-e8004b93e281,57f4996c-4848-4363-a9a2-9b807dbcf922,2026-09-08T18:26:27Z,FanDuel Sportsbook structured market feed,,VA,NFL,35610167,Buffalo Bills @ Houston Texans,2026-09-13T17:00:00.000Z,FanDuel,751.184542279,receptions,David Montgomery - Total Receptions,,David Montgomery,16579823,under,1.5,-108,1.925925925925926,0.5192307692307693,open,,,2026-09-08T18:26:27Z,,,,,v3-forward-measurement
233d0707-ff8b-4c78-a18e-e8004b93e281,2adfea94-d1ee-4565-a7b4-b7598ab25d8d,2026-09-08T18:26:27Z,FanDuel Sportsbook structured market feed,,VA,NFL,35610167,Buffalo Bills @ Houston Texans,2026-09-13T17:00:00.000Z,FanDuel,751.183533050,receptions,Nico Collins - Total Receptions,,Nico Collins,40916109,over,5.5,102,2.02,0.49504950495049505,open,,,2026-09-08T18:26:27Z,,,,,v3-forward-measurement
233d0707-ff8b-4c78-a18e-e8004b93e281,9fd5751a-22fa-467d-8958-23daeaa750c2,2026-09-08T18:26:27Z,FanDuel Sportsbook structured market feed,,VA,NFL,35610167,Buffalo Bills @ Houston Texans,2026-09-13T17:00:00.000Z,FanDuel,751.183533050,receptions,Nico Collins - Total Receptions,,Nico Collins,40916112,under,5.5,-136,1.735294117647059,0.576271186440678,open,,,2026-09-08T18:26:27Z,,,,,v3-forward-measurement
233d0707-ff8b-4c78-a18e-e8004b93e281,95ff6ef7-c29b-4db1-ab95-8d88d591b962,2026-09-08T18:26:27Z,FanDuel Sportsbook structured market feed,,VA,NFL,35610167,Buffalo Bills @ Houston Texans,2026-09-13T17:00:00.000Z,FanDuel,751.185125759,receiving_yards,Xavier Hutchinson - Receiving Yds,,Xavier Hutchinson,41075117,over,19.5,-114,1.87719298245614,0.5327102803738317,open,,,2026-09-08T18:26:27Z,,,,,v3-forward-measurement
233d0707-ff8b-4c78-a18e-e8004b93e281,8ebd4940-915a-4235-bbdc-7065621f6b80,2026-09-08T18:26:27Z,FanDuel Sportsbook structured market feed,,VA,NFL,35610167,Buffalo Bills @ Houston Texans,2026-09-13T17:00:00.000Z,FanDuel,751.185125759,receiving_yards,Xavier Hutchinson - Receiving Yds,,Xavier Hutchinson,41075118,under,19.5,-114,1.87719298245614,0.5327102803738317,open,,,2026-09-08T18:26:27Z,,,,,v3-forward-measurement
233d0707-ff8b-4c78-a18e-e8004b93e281,df8daf13-751c-4ca1-89aa-79cd7ce1542c,2026-09-08T18:26:27Z,FanDuel Sportsbook structured market feed,,VA,NFL,35610167,Buffalo Bills @ Houston Texans,2026-09-13T17:00:00.000Z,FanDuel,751.185125757,receptions,Xavier Hutchinson - Total Receptions,,Xavier Hutchinson,41075117,over,2.5,134,2.34,0.42735042735042733,open,,,2026-09-08T18:26:27Z,,,,,v3-forward-measurement
233d0707-ff8b-4c78-a18e-e8004b93e281,0214facf-b91d-4561-95df-8b1b5cba61f5,2026-09-08T18:26:27Z,FanDuel Sportsbook structured market feed,,VA,NFL,35610167,Buffalo Bills @ Houston Texans,2026-09-13T17:00:00.000Z,FanDuel,751.185125757,receptions,Xavier Hutchinson - Total Receptions,,Xavier Hutchinson,41075118,under,2.5,-180,1.555555555555556,0.6428571428571429,open,,,2026-09-08T18:26:27Z,,,,,v3-forward-measurement
233d0707-ff8b-4c78-a18e-e8004b93e281,66a40075-ef3e-4f41-8e4e-1aa1f788bbe9,2026-09-08T18:26:27Z,FanDuel Sportsbook structured market feed,,VA,NFL,35610167,Buffalo Bills @ Houston Texans,2026-09-13T17:00:00.000Z,FanDuel,751.183533053,receiving_yards,D.J. Moore - Receiving Yds,,D.J. Moore,73370450,over,47.5,-114,1.87719298245614,0.5327102803738317,open,,,2026-09-08T18:26:27Z,,,,,v3-forward-measurement
233d0707-ff8b-4c78-a18e-e8004b93e281,6aa0b250-1236-4d6c-89f8-3db5bc6e4f98,2026-09-08T18:26:27Z,FanDuel Sportsbook structured market feed,,VA,NFL,35610167,Buffalo Bills @ Houston Texans,2026-09-13T17:00:00.000Z,FanDuel,751.183533053,receiving_yards,D.J. Moore - Receiving Yds,,D.J. Moore,73370451,under,47.5,-114,1.87719298245614,0.5327102803738317,open,,,2026-09-08T18:26:27Z,,,,,v3-forward-measurement
233d0707-ff8b-4c78-a18e-e8004b93e281,9e0c8f83-b577-4092-860a-fdf5c961f707,2026-09-08T18:26:27Z,FanDuel Sportsbook structured market feed,,VA,NFL,35610167,Buffalo Bills @ Houston Texans,2026-09-13T17:00:00.000Z,FanDuel,751.183533051,receiving_yards,Dalton Kincaid - Receiving Yds,,Dalton Kincaid,41602583,over,38.5,-114,1.87719298245614,0.5327102803738317,open,,,2026-09-08T18:26:27Z,,,,,v3-forward-measurement
233d0707-ff8b-4c78-a18e-e8004b93e281,a17364ac-13ce-4a41-873d-2fbb7fb82328,2026-09-08T18:26:27Z,FanDuel Sportsbook structured market feed,,VA,NFL,35610167,Buffalo Bills @ Houston Texans,2026-09-13T17:00:00.000Z,FanDuel,751.183533051,receiving_yards,Dalton Kincaid - Receiving Yds,,Dalton Kincaid,41602585,under,38.5,-114,1.87719298245614,0.5327102803738317,open,,,2026-09-08T18:26:27Z,,,,,v3-forward-measurement
233d0707-ff8b-4c78-a18e-e8004b93e281,1bfb2d5d-4ebc-47df-a84f-8571da93d741,2026-09-08T18:26:27Z,FanDuel Sportsbook structured market feed,,VA,NFL,35610167,Buffalo Bills @ Houston Texans,2026-09-13T17:00:00.000Z,FanDuel,751.183533052,receptions,Khalil Shakir - Total Receptions,,Khalil Shakir,41266352,over,3.5,-130,1.769230769230769,0.5652173913043478,open,,,2026-09-08T18:26:27Z,,,,,v3-forward-measurement
233d0707-ff8b-4c78-a18e-e8004b93e281,a866880f-c02a-49b9-a551-b6d16d1e7568,2026-09-08T18:26:27Z,FanDuel Sportsbook structured market feed,,VA,NFL,35610167,Buffalo Bills @ Houston Texans,2026-09-13T17:00:00.000Z,FanDuel,751.183533052,receptions,Khalil Shakir - Total Receptions,,Khalil Shakir,41266353,under,3.5,-102,1.980392156862745,0.504950495049505,open,,,2026-09-08T18:26:27Z,,,,,v3-forward-measurement
233d0707-ff8b-4c78-a18e-e8004b93e281,30ed7588-c6b2-4022-a592-d05a2aaa3c95,2026-09-08T18:26:27Z,FanDuel Sportsbook structured market feed,,VA,NFL,35610167,Buffalo Bills @ Houston Texans,2026-09-13T17:00:00.000Z,FanDuel,751.184980710,receptions,James Cook - Total Receptions,,James Cook,41957632,over,2.5,124,2.24,0.44642857142857145,open,,,2026-09-08T18:26:27Z,,,,,v3-forward-measurement
233d0707-ff8b-4c78-a18e-e8004b93e281,7bae93d9-e424-4587-a8ea-5dd7a69bcea8,2026-09-08T18:26:27Z,FanDuel Sportsbook structured market feed,,VA,NFL,35610167,Buffalo Bills @ Houston Texans,2026-09-13T17:00:00.000Z,FanDuel,751.184980710,receptions,James Cook - Total Receptions,,James Cook,41957631,under,2.5,-166,1.602409638554217,0.6240601503759399,open,,,2026-09-08T18:26:27Z,,,,,v3-forward-measurement
233d0707-ff8b-4c78-a18e-e8004b93e281,fb18118d-9733-43ba-9bef-bb0ee43d45cd,2026-09-08T18:26:27Z,FanDuel Sportsbook structured market feed,,VA,NFL,35610167,Buffalo Bills @ Houston Texans,2026-09-13T17:00:00.000Z,FanDuel,751.183533049,receptions,Dalton Kincaid - Total Receptions,,Dalton Kincaid,41602583,over,3.5,-102,1.980392156862745,0.504950495049505,open,,,2026-09-08T18:26:27Z,,,,,v3-forward-measurement
233d0707-ff8b-4c78-a18e-e8004b93e281,91b3824e-bd71-49cb-bcee-0e3c64b12a92,2026-09-08T18:26:27Z,FanDuel Sportsbook structured market feed,,VA,NFL,35610167,Buffalo Bills @ Houston Texans,2026-09-13T17:00:00.000Z,FanDuel,751.183533049,receptions,Dalton Kincaid - Total Receptions,,Dalton Kincaid,41602585,under,3.5,-130,1.769230769230769,0.5652173913043478,open,,,2026-09-08T18:26:27Z,,,,,v3-forward-measurement
233d0707-ff8b-4c78-a18e-e8004b93e281,1fa64c3c-2386-4bef-ab2f-9ec3be31727d,2026-09-08T18:26:27Z,FanDuel Sportsbook structured market feed,,VA,NFL,35610167,Buffalo Bills @ Houston Texans,2026-09-13T17:00:00.000Z,FanDuel,751.185056176,receiving_yards,Dawson Knox - Receiving Yds,,Dawson Knox,26270330,over,14.5,-114,1.87719298245614,0.5327102803738317,open,,,2026-09-08T18:26:27Z,,,,,v3-forward-measurement
233d0707-ff8b-4c78-a18e-e8004b93e281,281539d9-1511-47bf-8fb7-ab062794e20c,2026-09-08T18:26:27Z,FanDuel Sportsbook structured market feed,,VA,NFL,35610167,Buffalo Bills @ Houston Texans,2026-09-13T17:00:00.000Z,FanDuel,751.185056176,receiving_yards,Dawson Knox - Receiving Yds,,Dawson Knox,26270331,under,14.5,-114,1.87719298245614,0.5327102803738317,open,,,2026-09-08T18:26:27Z,,,,,v3-forward-measurement
233d0707-ff8b-4c78-a18e-e8004b93e281,094ca2a8-efee-4f40-a7f2-a8e427747d6b,2026-09-08T18:26:27Z,FanDuel Sportsbook structured market feed,,VA,NFL,35610167,Buffalo Bills @ Houston Texans,2026-09-13T17:00:00.000Z,FanDuel,751.185056177,receptions,Dawson Knox - Total Receptions,,Dawson Knox,26270330,over,1.5,-114,1.87719298245614,0.5327102803738317,open,,,2026-09-08T18:26:27Z,,,,,v3-forward-measurement
233d0707-ff8b-4c78-a18e-e8004b93e281,019031df-ce13-417d-8448-bed3bf658019,2026-09-08T18:26:27Z,FanDuel Sportsbook structured market feed,,VA,NFL,35610167,Buffalo Bills @ Houston Texans,2026-09-13T17:00:00.000Z,FanDuel,751.185056177,receptions,Dawson Knox - Total Receptions,,Dawson Knox,26270331,under,1.5,-114,1.87719298245614,0.5327102803738317,open,,,2026-09-08T18:26:27Z,,,,,v3-forward-measurement
233d0707-ff8b-4c78-a18e-e8004b93e281,93e0236e-594d-472b-a132-eaba19c699c4,2026-09-08T18:26:27Z,FanDuel Sportsbook structured market feed,,VA,NFL,35610167,Buffalo Bills @ Houston Texans,2026-09-13T17:00:00.000Z,FanDuel,751.184980711,receiving_yards,James Cook - Receiving Yds,,James Cook,41957632,over,14.5,-114,1.87719298245614,0.5327102803738317,open,,,2026-09-08T18:26:27Z,,,,,v3-forward-measurement
233d0707-ff8b-4c78-a18e-e8004b93e281,2adffeb5-a1ad-41cc-92b7-5e1268ec5b54,2026-09-08T18:26:27Z,FanDuel Sportsbook structured market feed,,VA,NFL,35610167,Buffalo Bills @ Houston Texans,2026-09-13T17:00:00.000Z,FanDuel,751.184980711,receiving_yards,James Cook - Receiving Yds,,James Cook,41957631,under,14.5,-114,1.87719298245614,0.5327102803738317,open,,,2026-09-08T18:26:27Z,,,,,v3-forward-measurement
233d0707-ff8b-4c78-a18e-e8004b93e281,fea89da6-0803-454e-8f03-56cd911531e3,2026-09-08T18:26:27Z,FanDuel Sportsbook structured market feed,,VA,NFL,35610167,Buffalo Bills @ Houston Texans,2026-09-13T17:00:00.000Z,FanDuel,751.184541564,receptions,Kayshon Boutte - Total Receptions,,Kayshon Boutte,41072109,over,1.5,-158,1.632911392405063,0.6124031007751938,open,,,2026-09-08T18:26:27Z,,,,,v3-forward-measurement
233d0707-ff8b-4c78-a18e-e8004b93e281,3ee46ddc-7c5f-4d42-a92a-7f1694d0f534,2026-09-08T18:26:27Z,FanDuel Sportsbook structured market feed,,VA,NFL,35610167,Buffalo Bills @ Houston Texans,2026-09-13T17:00:00.000Z,FanDuel,751.184541564,receptions,Kayshon Boutte - Total Receptions,,Kayshon Boutte,41072108,under,1.5,118,2.18,0.45871559633027525,open,,,2026-09-08T18:26:27Z,,,,,v3-forward-measurement
233d0707-ff8b-4c78-a18e-e8004b93e281,36b0fc75-44b3-4967-b65a-845c7adf7f74,2026-09-08T18:26:27Z,FanDuel Sportsbook structured market feed,,VA,NFL,35610167,Buffalo Bills @ Houston Texans,2026-09-13T17:00:00.000Z,FanDuel,751.183533042,receiving_yards,Khalil Shakir - Receiving Yds,,Khalil Shakir,41266352,over,36.5,-114,1.87719298245614,0.5327102803738317,open,,,2026-09-08T18:26:27Z,,,,,v3-forward-measurement
233d0707-ff8b-4c78-a18e-e8004b93e281,a527f5f0-33c2-4530-87d2-7bd55f43c98b,2026-09-08T18:26:27Z,FanDuel Sportsbook structured market feed,,VA,NFL,35610167,Buffalo Bills @ Houston Texans,2026-09-13T17:00:00.000Z,FanDuel,751.183533042,receiving_yards,Khalil Shakir - Receiving Yds,,Khalil Shakir,41266353,under,36.5,-114,1.87719298245614,0.5327102803738317,open,,,2026-09-08T18:26:27Z,,,,,v3-forward-measurement
233d0707-ff8b-4c78-a18e-e8004b93e281,e5e46214-3bcf-427d-9bbb-a2661988ea5b,2026-09-08T18:26:27Z,FanDuel Sportsbook structured market feed,,VA,NFL,35610167,Buffalo Bills @ Houston Texans,2026-09-13T17:00:00.000Z,FanDuel,751.184541567,receiving_yards,Kayshon Boutte - Receiving Yds,,Kayshon Boutte,41072109,over,22.5,-114,1.87719298245614,0.5327102803738317,open,,,2026-09-08T18:26:27Z,,,,,v3-forward-measurement
233d0707-ff8b-4c78-a18e-e8004b93e281,87f2533d-6a4f-42ab-9caf-59dabe26d2d2,2026-09-08T18:26:27Z,FanDuel Sportsbook structured market feed,,VA,NFL,35610167,Buffalo Bills @ Houston Texans,2026-09-13T17:00:00.000Z,FanDuel,751.184541567,receiving_yards,Kayshon Boutte - Receiving Yds,,Kayshon Boutte,41072108,under,22.5,-114,1.87719298245614,0.5327102803738317,open,,,2026-09-08T18:26:27Z,,,,,v3-forward-measurement
89b11b69-8932-4624-83c2-896ef1a3b94c,297da19f-3a3a-4041-85e8-e145b497f81d,2026-09-08T18:26:27Z,FanDuel Sportsbook structured market feed,,VA,NFL,35610168,New Orleans Saints @ Detroit Lions,2026-09-13T17:01:00.000Z,FanDuel,751.183818920,passing_touchdowns,Tyler Shough - Passing TDs,,Tyler Shough,41066836,over,1.5,128,2.28,0.43859649122807015,open,,,2026-09-08T18:26:27Z,,,,,v3-forward-measurement
89b11b69-8932-4624-83c2-896ef1a3b94c,c6391e46-1315-450e-ac45-be4716855aa3,2026-09-08T18:26:27Z,FanDuel Sportsbook structured market feed,,VA,NFL,35610168,New Orleans Saints @ Detroit Lions,2026-09-13T17:01:00.000Z,FanDuel,751.183818920,passing_touchdowns,Tyler Shough - Passing TDs,,Tyler Shough,41066844,under,1.5,-172,1.581395348837209,0.6323529411764706,open,,,2026-09-08T18:26:27Z,,,,,v3-forward-measurement
89b11b69-8932-4624-83c2-896ef1a3b94c,eb614d08-ee14-4e14-a547-386c8f597d0f,2026-09-08T18:26:27Z,FanDuel Sportsbook structured market feed,,VA,NFL,35610168,New Orleans Saints @ Detroit Lions,2026-09-13T17:01:00.000Z,FanDuel,751.183819063,passing_yards,Tyler Shough - Passing Yds,,Tyler Shough,41066836,over,246.5,-114,1.87719298245614,0.5327102803738317,open,,,2026-09-08T18:26:27Z,,,,,v3-forward-measurement
89b11b69-8932-4624-83c2-896ef1a3b94c,a35a388d-0ddc-4753-a370-90aa59635780,2026-09-08T18:26:27Z,FanDuel Sportsbook structured market feed,,VA,NFL,35610168,New Orleans Saints @ Detroit Lions,2026-09-13T17:01:00.000Z,FanDuel,751.183819063,passing_yards,Tyler Shough - Passing Yds,,Tyler Shough,41066844,under,246.5,-114,1.87719298245614,0.5327102803738317,open,,,2026-09-08T18:26:27Z,,,,,v3-forward-measurement
89b11b69-8932-4624-83c2-896ef1a3b94c,2b3a5ecc-7162-4aec-8a8a-a473dce21d8a,2026-09-08T18:26:27Z,FanDuel Sportsbook structured market feed,,VA,NFL,35610168,New Orleans Saints @ Detroit Lions,2026-09-13T17:01:00.000Z,FanDuel,751.183819030,passing_touchdowns,Jared Goff - Passing TDs,,Jared Goff,12135315,over,1.5,-194,1.515463917525773,0.6598639455782312,open,,,2026-09-08T18:26:27Z,,,,,v3-forward-measurement
89b11b69-8932-4624-83c2-896ef1a3b94c,5220df55-ff5e-4fbd-b94a-9b84887c0ab7,2026-09-08T18:26:27Z,FanDuel Sportsbook structured market feed,,VA,NFL,35610168,New Orleans Saints @ Detroit Lions,2026-09-13T17:01:00.000Z,FanDuel,751.183819030,passing_touchdowns,Jared Goff - Passing TDs,,Jared Goff,12135314,under,1.5,144,2.44,0.4098360655737705,open,,,2026-09-08T18:26:27Z,,,,,v3-forward-measurement
89b11b69-8932-4624-83c2-896ef1a3b94c,85d0771c-f3bb-4c10-ad65-d7b84818e60d,2026-09-08T18:26:27Z,FanDuel Sportsbook structured market feed,,VA,NFL,35610168,New Orleans Saints @ Detroit Lions,2026-09-13T17:01:00.000Z,FanDuel,751.183819023,passing_yards,Jared Goff - Passing Yds,,Jared Goff,12135315,over,261.5,-114,1.87719298245614,0.5327102803738317,open,,,2026-09-08T18:26:27Z,,,,,v3-forward-measurement
89b11b69-8932-4624-83c2-896ef1a3b94c,c056d6b4-39ce-4818-be75-13ffe134ab98,2026-09-08T18:26:27Z,FanDuel Sportsbook structured market feed,,VA,NFL,35610168,New Orleans Saints @ Detroit Lions,2026-09-13T17:01:00.000Z,FanDuel,751.183819023,passing_yards,Jared Goff - Passing Yds,,Jared Goff,12135314,under,261.5,-114,1.87719298245614,0.5327102803738317,open,,,2026-09-08T18:26:27Z,,,,,v3-forward-measurement
57cbf0b5-8b8b-49ab-aca7-33d8ba59ec14,ee7f099b-fee7-4148-807d-b2f86d83d693,2026-09-08T18:26:27Z,FanDuel Sportsbook structured market feed,,VA,NFL,35610168,New Orleans Saints @ Detroit Lions,2026-09-13T17:01:00.000Z,FanDuel,751.185249270,rushing_yards,Jared Goff - Rushing Yds,,Jared Goff,12135315,over,0.5,142,2.42,0.4132231404958678,open,,,2026-09-08T18:26:27Z,,,,,v3-forward-measurement
57cbf0b5-8b8b-49ab-aca7-33d8ba59ec14,c9d3fb02-9872-4de5-846e-6178cecff8e3,2026-09-08T18:26:27Z,FanDuel Sportsbook structured market feed,,VA,NFL,35610168,New Orleans Saints @ Detroit Lions,2026-09-13T17:01:00.000Z,FanDuel,751.185249270,rushing_yards,Jared Goff - Rushing Yds,,Jared Goff,12135314,under,0.5,-188,1.531914893617021,0.6527777777777778,open,,,2026-09-08T18:26:27Z,,,,,v3-forward-measurement
57cbf0b5-8b8b-49ab-aca7-33d8ba59ec14,307fa722-d436-4536-b544-e20ea6da0eb3,2026-09-08T18:26:27Z,FanDuel Sportsbook structured market feed,,VA,NFL,35610168,New Orleans Saints @ Detroit Lions,2026-09-13T17:01:00.000Z,FanDuel,751.183820190,rushing_yards,Travis Etienne - Rushing Yds,,Travis Etienne,16602553,over,56.5,-114,1.87719298245614,0.5327102803738317,open,,,2026-09-08T18:26:27Z,,,,,v3-forward-measurement
57cbf0b5-8b8b-49ab-aca7-33d8ba59ec14,b113cafb-6a8d-4822-a092-11e7f5a66e7d,2026-09-08T18:26:27Z,FanDuel Sportsbook structured market feed,,VA,NFL,35610168,New Orleans Saints @ Detroit Lions,2026-09-13T17:01:00.000Z,FanDuel,751.183820190,rushing_yards,Travis Etienne - Rushing Yds,,Travis Etienne,16602554,under,56.5,-114,1.87719298245614,0.5327102803738317,open,,,2026-09-08T18:26:27Z,,,,,v3-forward-measurement
57cbf0b5-8b8b-49ab-aca7-33d8ba59ec14,b2e70458-b28b-463b-9f5d-bb1af9e4e11f,2026-09-08T18:26:27Z,FanDuel Sportsbook structured market feed,,VA,NFL,35610168,New Orleans Saints @ Detroit Lions,2026-09-13T17:01:00.000Z,FanDuel,751.183820216,rushing_yards,Tyler Shough - Rushing Yds,,Tyler Shough,41066836,over,16.5,-114,1.87719298245614,0.5327102803738317,open,,,2026-09-08T18:26:27Z,,,,,v3-forward-measurement
57cbf0b5-8b8b-49ab-aca7-33d8ba59ec14,df189aae-6214-44b7-84c4-b9b16bbf1f2e,2026-09-08T18:26:27Z,FanDuel Sportsbook structured market feed,,VA,NFL,35610168,New Orleans Saints @ Detroit Lions,2026-09-13T17:01:00.000Z,FanDuel,751.183820216,rushing_yards,Tyler Shough - Rushing Yds,,Tyler Shough,41066844,under,16.5,-114,1.87719298245614,0.5327102803738317,open,,,2026-09-08T18:26:27Z,,,,,v3-forward-measurement
57cbf0b5-8b8b-49ab-aca7-33d8ba59ec14,128c7a6f-3192-4610-a283-ba001bb0e0ea,2026-09-08T18:26:27Z,FanDuel Sportsbook structured market feed,,VA,NFL,35610168,New Orleans Saints @ Detroit Lions,2026-09-13T17:01:00.000Z,FanDuel,751.183820188,rushing_yards,Jahmyr Gibbs - Rushing Yds,,Jahmyr Gibbs,41179952,over,82.5,-114,1.87719298245614,0.5327102803738317,open,,,2026-09-08T18:26:27Z,,,,,v3-forward-measurement
57cbf0b5-8b8b-49ab-aca7-33d8ba59ec14,ac593148-ffce-49e3-85d7-13f6f9494a77,2026-09-08T18:26:27Z,FanDuel Sportsbook structured market feed,,VA,NFL,35610168,New Orleans Saints @ Detroit Lions,2026-09-13T17:01:00.000Z,FanDuel,751.183820188,rushing_yards,Jahmyr Gibbs - Rushing Yds,,Jahmyr Gibbs,41179953,under,82.5,-114,1.87719298245614,0.5327102803738317,open,,,2026-09-08T18:26:27Z,,,,,v3-forward-measurement
2ff13e08-f553-46a1-8152-f4cafff4e064,c91b77bf-64bc-4d94-922c-659756e9e5a8,2026-09-08T18:26:27Z,FanDuel Sportsbook structured market feed,,VA,NFL,35610168,New Orleans Saints @ Detroit Lions,2026-09-13T17:01:00.000Z,FanDuel,751.183821852,receiving_yards,Sam LaPorta - Receiving Yds,,Sam LaPorta,41154223,over,41.5,-114,1.87719298245614,0.5327102803738317,open,,,2026-09-08T18:26:27Z,,,,,v3-forward-measurement
2ff13e08-f553-46a1-8152-f4cafff4e064,c4a3d3c9-a4ce-432e-aa84-173f584146b4,2026-09-08T18:26:27Z,FanDuel Sportsbook structured market feed,,VA,NFL,35610168,New Orleans Saints @ Detroit Lions,2026-09-13T17:01:00.000Z,FanDuel,751.183821852,receiving_yards,Sam LaPorta - Receiving Yds,,Sam LaPorta,41154224,under,41.5,-114,1.87719298245614,0.5327102803738317,open,,,2026-09-08T18:26:27Z,,,,,v3-forward-measurement
2ff13e08-f553-46a1-8152-f4cafff4e064,68909679-a685-46eb-b9bd-7858f32e008e,2026-09-08T18:26:27Z,FanDuel Sportsbook structured market feed,,VA,NFL,35610168,New Orleans Saints @ Detroit Lions,2026-09-13T17:01:00.000Z,FanDuel,751.183820463,receiving_yards,Chris Olave - Receiving Yds,,Chris Olave,41158858,over,76.5,-114,1.87719298245614,0.5327102803738317,open,,,2026-09-08T18:26:27Z,,,,,v3-forward-measurement
2ff13e08-f553-46a1-8152-f4cafff4e064,0d714213-bf1d-492c-9ed9-320500d8eb14,2026-09-08T18:26:27Z,FanDuel Sportsbook structured market feed,,VA,NFL,35610168,New Orleans Saints @ Detroit Lions,2026-09-13T17:01:00.000Z,FanDuel,751.183820463,receiving_yards,Chris Olave - Receiving Yds,,Chris Olave,41158859,under,76.5,-114,1.87719298245614,0.5327102803738317,open,,,2026-09-08T18:26:27Z,,,,,v3-forward-measurement
2ff13e08-f553-46a1-8152-f4cafff4e064,0785eb81-5ddd-413b-8ab1-1576620e2189,2026-09-08T18:26:27Z,FanDuel Sportsbook structured market feed,,VA,NFL,35610168,New Orleans Saints @ Detroit Lions,2026-09-13T17:01:00.000Z,FanDuel,751.183820461,receiving_yards,Amon-Ra St. Brown - Receiving Yds,,Amon-Ra St. Brown,40891132,over,77.5,-114,1.87719298245614,0.5327102803738317,open,,,2026-09-08T18:26:27Z,,,,,v3-forward-measurement
2ff13e08-f553-46a1-8152-f4cafff4e064,b859c9c4-09cb-4f63-9c3a-21fce5e5e562,2026-09-08T18:26:27Z,FanDuel Sportsbook structured market feed,,VA,NFL,35610168,New Orleans Saints @ Detroit Lions,2026-09-13T17:01:00.000Z,FanDuel,751.183820461,receiving_yards,Amon-Ra St. Brown - Receiving Yds,,Amon-Ra St. Brown,40891131,under,77.5,-114,1.87719298245614,0.5327102803738317,open,,,2026-09-08T18:26:27Z,,,,,v3-forward-measurement
2ff13e08-f553-46a1-8152-f4cafff4e064,9ef6be4f-4a52-45d3-bf4b-758295d687a6,2026-09-08T18:26:27Z,FanDuel Sportsbook structured market feed,,VA,NFL,35610168,New Orleans Saints @ Detroit Lions,2026-09-13T17:01:00.000Z,FanDuel,751.184833686,receptions,Travis Etienne - Total Receptions,,Travis Etienne,16602553,over,2.5,-205,1.48780487804878,0.6721311475409836,open,,,2026-09-08T18:26:27Z,,,,,v3-forward-measurement
2ff13e08-f553-46a1-8152-f4cafff4e064,511f2c88-fbdd-4b00-a005-44bacd6d562e,2026-09-08T18:26:27Z,FanDuel Sportsbook structured market feed,,VA,NFL,35610168,New Orleans Saints @ Detroit Lions,2026-09-13T17:01:00.000Z,FanDuel,751.184833686,receptions,Travis Etienne - Total Receptions,,Travis Etienne,16602554,under,2.5,152,2.52,0.3968253968253968,open,,,2026-09-08T18:26:27Z,,,,,v3-forward-measurement
2ff13e08-f553-46a1-8152-f4cafff4e064,c0279cf1-1b12-41c1-895e-25ddea1d2699,2026-09-08T18:26:27Z,FanDuel Sportsbook structured market feed,,VA,NFL,35610168,New Orleans Saints @ Detroit Lions,2026-09-13T17:01:00.000Z,FanDuel,751.184833685,receiving_yards,Travis Etienne - Receiving Yds,,Travis Etienne,16602553,over,17.5,-114,1.87719298245614,0.5327102803738317,open,,,2026-09-08T18:26:27Z,,,,,v3-forward-measurement
2ff13e08-f553-46a1-8152-f4cafff4e064,7bdf90c7-f9de-4bf9-a709-afa1d1304927,2026-09-08T18:26:27Z,FanDuel Sportsbook structured market feed,,VA,NFL,35610168,New Orleans Saints @ Detroit Lions,2026-09-13T17:01:00.000Z,FanDuel,751.184833685,receiving_yards,Travis Etienne - Receiving Yds,,Travis Etienne,16602554,under,17.5,-114,1.87719298245614,0.5327102803738317,open,,,2026-09-08T18:26:27Z,,,,,v3-forward-measurement
2ff13e08-f553-46a1-8152-f4cafff4e064,290474b9-2d3a-4abe-b7ba-3bd1a30221e9,2026-09-08T18:26:27Z,FanDuel Sportsbook structured market feed,,VA,NFL,35610168,New Orleans Saints @ Detroit Lions,2026-09-13T17:01:00.000Z,FanDuel,751.183821854,receptions,Sam LaPorta - Total Receptions,,Sam LaPorta,41154223,over,3.5,-172,1.581395348837209,0.6323529411764706,open,,,2026-09-08T18:26:27Z,,,,,v3-forward-measurement
2ff13e08-f553-46a1-8152-f4cafff4e064,3c2039d2-3ba7-4a18-a2d0-a7afda16d483,2026-09-08T18:26:27Z,FanDuel Sportsbook structured market feed,,VA,NFL,35610168,New Orleans Saints @ Detroit Lions,2026-09-13T17:01:00.000Z,FanDuel,751.183821854,receptions,Sam LaPorta - Total Receptions,,Sam LaPorta,41154224,under,3.5,128,2.28,0.43859649122807015,open,,,2026-09-08T18:26:27Z,,,,,v3-forward-measurement
2ff13e08-f553-46a1-8152-f4cafff4e064,11bdd596-da55-4e05-b721-5db16fb4ec1d,2026-09-08T18:26:27Z,FanDuel Sportsbook structured market feed,,VA,NFL,35610168,New Orleans Saints @ Detroit Lions,2026-09-13T17:01:00.000Z,FanDuel,751.183820469,receptions,Chris Olave - Total Receptions,,Chris Olave,41158858,over,6.5,-102,1.980392156862745,0.504950495049505,open,,,2026-09-08T18:26:27Z,,,,,v3-forward-measurement
2ff13e08-f553-46a1-8152-f4cafff4e064,bb584dc9-5296-45f6-8e70-cfd5a27853a0,2026-09-08T18:26:27Z,FanDuel Sportsbook structured market feed,,VA,NFL,35610168,New Orleans Saints @ Detroit Lions,2026-09-13T17:01:00.000Z,FanDuel,751.183820469,receptions,Chris Olave - Total Receptions,,Chris Olave,41158859,under,6.5,-130,1.769230769230769,0.5652173913043478,open,,,2026-09-08T18:26:27Z,,,,,v3-forward-measurement
2ff13e08-f553-46a1-8152-f4cafff4e064,7762f637-c1b5-499d-91ab-b44d68c9e340,2026-09-08T18:26:27Z,FanDuel Sportsbook structured market feed,,VA,NFL,35610168,New Orleans Saints @ Detroit Lions,2026-09-13T17:01:00.000Z,FanDuel,751.184833180,receiving_yards,Isaac TeSlaa - Receiving Yds,,Isaac TeSlaa,60529877,over,17.5,-114,1.87719298245614,0.5327102803738317,open,,,2026-09-08T18:26:27Z,,,,,v3-forward-measurement
2ff13e08-f553-46a1-8152-f4cafff4e064,6e0ae992-6d06-4cfc-bfd4-2a9e73fe1bd2,2026-09-08T18:26:27Z,FanDuel Sportsbook structured market feed,,VA,NFL,35610168,New Orleans Saints @ Detroit Lions,2026-09-13T17:01:00.000Z,FanDuel,751.184833180,receiving_yards,Isaac TeSlaa - Receiving Yds,,Isaac TeSlaa,60529876,under,17.5,-114,1.87719298245614,0.5327102803738317,open,,,2026-09-08T18:26:27Z,,,,,v3-forward-measurement
2ff13e08-f553-46a1-8152-f4cafff4e064,0be1e399-0748-41bf-8d90-864817a66fee,2026-09-08T18:26:27Z,FanDuel Sportsbook structured market feed,,VA,NFL,35610168,New Orleans Saints @ Detroit Lions,2026-09-13T17:01:00.000Z,FanDuel,751.184833184,receptions,Isaac TeSlaa - Total Receptions,,Isaac TeSlaa,60529877,over,1.5,102,2.02,0.49504950495049505,open,,,2026-09-08T18:26:27Z,,,,,v3-forward-measurement
2ff13e08-f553-46a1-8152-f4cafff4e064,5eb00075-68bc-4b94-a525-ea13369d9425,2026-09-08T18:26:27Z,FanDuel Sportsbook structured market feed,,VA,NFL,35610168,New Orleans Saints @ Detroit Lions,2026-09-13T17:01:00.000Z,FanDuel,751.184833184,receptions,Isaac TeSlaa - Total Receptions,,Isaac TeSlaa,60529876,under,1.5,-136,1.735294117647059,0.576271186440678,open,,,2026-09-08T18:26:27Z,,,,,v3-forward-measurement
2ff13e08-f553-46a1-8152-f4cafff4e064,c7d59bc6-5ed9-4532-9013-47ca2550f701,2026-09-08T18:26:27Z,FanDuel Sportsbook structured market feed,,VA,NFL,35610168,New Orleans Saints @ Detroit Lions,2026-09-13T17:01:00.000Z,FanDuel,751.184833515,receiving_yards,Devaughn Vele - Receiving Yds,,Devaughn Vele,41522434,over,39.5,-114,1.87719298245614,0.5327102803738317,open,,,2026-09-08T18:26:27Z,,,,,v3-forward-measurement
2ff13e08-f553-46a1-8152-f4cafff4e064,0ce2a3bd-4f22-421f-8982-5338a8fab526,2026-09-08T18:26:27Z,FanDuel Sportsbook structured market feed,,VA,NFL,35610168,New Orleans Saints @ Detroit Lions,2026-09-13T17:01:00.000Z,FanDuel,751.184833515,receiving_yards,Devaughn Vele - Receiving Yds,,Devaughn Vele,41522432,under,39.5,-114,1.87719298245614,0.5327102803738317,open,,,2026-09-08T18:26:27Z,,,,,v3-forward-measurement
2ff13e08-f553-46a1-8152-f4cafff4e064,d681965a-bef3-4841-9746-c6d974a5cd62,2026-09-08T18:26:27Z,FanDuel Sportsbook structured market feed,,VA,NFL,35610168,New Orleans Saints @ Detroit Lions,2026-09-13T17:01:00.000Z,FanDuel,751.183820475,receptions,Amon-Ra St. Brown - Total Receptions,,Amon-Ra St. Brown,40891132,over,6.5,-114,1.87719298245614,0.5327102803738317,open,,,2026-09-08T18:26:27Z,,,,,v3-forward-measurement
2ff13e08-f553-46a1-8152-f4cafff4e064,b5b9bd36-7b6d-466a-9f28-72c0ab0295b5,2026-09-08T18:26:27Z,FanDuel Sportsbook structured market feed,,VA,NFL,35610168,New Orleans Saints @ Detroit Lions,2026-09-13T17:01:00.000Z,FanDuel,751.183820475,receptions,Amon-Ra St. Brown - Total Receptions,,Amon-Ra St. Brown,40891131,under,6.5,-114,1.87719298245614,0.5327102803738317,open,,,2026-09-08T18:26:27Z,,,,,v3-forward-measurement
2ff13e08-f553-46a1-8152-f4cafff4e064,7e00ab7d-97e8-44bf-8818-ceefc06515fd,2026-09-08T18:26:27Z,FanDuel Sportsbook structured market feed,,VA,NFL,35610168,New Orleans Saints @ Detroit Lions,2026-09-13T17:01:00.000Z,FanDuel,751.184833513,receptions,Devaughn Vele - Total Receptions,,Devaughn Vele,41522434,over,3.5,-102,1.980392156862745,0.504950495049505,open,,,2026-09-08T18:26:27Z,,,,,v3-forward-measurement
2ff13e08-f553-46a1-8152-f4cafff4e064,06f36a4d-a025-461a-8ad2-5422f819817c,2026-09-08T18:26:27Z,FanDuel Sportsbook structured market feed,,VA,NFL,35610168,New Orleans Saints @ Detroit Lions,2026-09-13T17:01:00.000Z,FanDuel,751.184833513,receptions,Devaughn Vele - Total Receptions,,Devaughn Vele,41522432,under,3.5,-130,1.769230769230769,0.5652173913043478,open,,,2026-09-08T18:26:27Z,,,,,v3-forward-measurement
2ff13e08-f553-46a1-8152-f4cafff4e064,d44475a7-d61c-497d-93d5-8dfd94633da0,2026-09-08T18:26:27Z,FanDuel Sportsbook structured market feed,,VA,NFL,35610168,New Orleans Saints @ Detroit Lions,2026-09-13T17:01:00.000Z,FanDuel,751.183820457,receiving_yards,Jameson Williams - Receiving Yds,,Jameson Williams,41172033,over,58.5,-114,1.87719298245614,0.5327102803738317,open,,,2026-09-08T18:26:27Z,,,,,v3-forward-measurement
2ff13e08-f553-46a1-8152-f4cafff4e064,04620d05-b365-4905-b595-942d76f8e063,2026-09-08T18:26:27Z,FanDuel Sportsbook structured market feed,,VA,NFL,35610168,New Orleans Saints @ Detroit Lions,2026-09-13T17:01:00.000Z,FanDuel,751.183820457,receiving_yards,Jameson Williams - Receiving Yds,,Jameson Williams,41172032,under,58.5,-114,1.87719298245614,0.5327102803738317,open,,,2026-09-08T18:26:27Z,,,,,v3-forward-measurement
2ff13e08-f553-46a1-8152-f4cafff4e064,66f48a8d-77ab-480d-a018-3ad163ade1d9,2026-09-08T18:26:27Z,FanDuel Sportsbook structured market feed,,VA,NFL,35610168,New Orleans Saints @ Detroit Lions,2026-09-13T17:01:00.000Z,FanDuel,751.183820831,receiving_yards,Juwan Johnson - Receiving Yds,,Juwan Johnson,40916525,over,42.5,-114,1.87719298245614,0.5327102803738317,open,,,2026-09-08T18:26:27Z,,,,,v3-forward-measurement
2ff13e08-f553-46a1-8152-f4cafff4e064,4aa06275-83bd-4ba4-a9aa-cface20fe88e,2026-09-08T18:26:27Z,FanDuel Sportsbook structured market feed,,VA,NFL,35610168,New Orleans Saints @ Detroit Lions,2026-09-13T17:01:00.000Z,FanDuel,751.183820831,receiving_yards,Juwan Johnson - Receiving Yds,,Juwan Johnson,40916523,under,42.5,-114,1.87719298245614,0.5327102803738317,open,,,2026-09-08T18:26:27Z,,,,,v3-forward-measurement
2ff13e08-f553-46a1-8152-f4cafff4e064,2a9208a9-06db-480a-b663-3c8dbdb9557c,2026-09-08T18:26:27Z,FanDuel Sportsbook structured market feed,,VA,NFL,35610168,New Orleans Saints @ Detroit Lions,2026-09-13T17:01:00.000Z,FanDuel,751.183820830,receptions,Juwan Johnson - Total Receptions,,Juwan Johnson,40916525,over,4.5,116,2.16,0.46296296296296297,open,,,2026-09-08T18:26:27Z,,,,,v3-forward-measurement
2ff13e08-f553-46a1-8152-f4cafff4e064,80bd2629-4c6a-4c3d-9907-9312405ea644,2026-09-08T18:26:27Z,FanDuel Sportsbook structured market feed,,VA,NFL,35610168,New Orleans Saints @ Detroit Lions,2026-09-13T17:01:00.000Z,FanDuel,751.183820830,receptions,Juwan Johnson - Total Receptions,,Juwan Johnson,40916523,under,4.5,-154,1.649350649350649,0.6062992125984252,open,,,2026-09-08T18:26:27Z,,,,,v3-forward-measurement
2ff13e08-f553-46a1-8152-f4cafff4e064,e929dcb4-dcf4-4b20-8051-ecfd242441a6,2026-09-08T18:26:27Z,FanDuel Sportsbook structured market feed,,VA,NFL,35610168,New Orleans Saints @ Detroit Lions,2026-09-13T17:01:00.000Z,FanDuel,751.183820459,receptions,Jameson Williams - Total Receptions,,Jameson Williams,41172033,over,3.5,-148,1.675675675675676,0.5967741935483871,open,,,2026-09-08T18:26:27Z,,,,,v3-forward-measurement
2ff13e08-f553-46a1-8152-f4cafff4e064,1f4d37e7-d80e-41c0-bb25-c803d04e1b4b,2026-09-08T18:26:27Z,FanDuel Sportsbook structured market feed,,VA,NFL,35610168,New Orleans Saints @ Detroit Lions,2026-09-13T17:01:00.000Z,FanDuel,751.183820459,receptions,Jameson Williams - Total Receptions,,Jameson Williams,41172032,under,3.5,112,2.12,0.4716981132075472,open,,,2026-09-08T18:26:27Z,,,,,v3-forward-measurement
2ff13e08-f553-46a1-8152-f4cafff4e064,e07a4d95-5795-4ecf-99c5-cd467e03a0af,2026-09-08T18:26:27Z,FanDuel Sportsbook structured market feed,,VA,NFL,35610168,New Orleans Saints @ Detroit Lions,2026-09-13T17:01:00.000Z,FanDuel,751.183836998,receiving_yards,Jahmyr Gibbs - Receiving Yds,,Jahmyr Gibbs,41179952,over,30.5,-114,1.87719298245614,0.5327102803738317,open,,,2026-09-08T18:26:27Z,,,,,v3-forward-measurement
2ff13e08-f553-46a1-8152-f4cafff4e064,14bce0fc-b71a-4312-bb03-39d818e89e98,2026-09-08T18:26:27Z,FanDuel Sportsbook structured market feed,,VA,NFL,35610168,New Orleans Saints @ Detroit Lions,2026-09-13T17:01:00.000Z,FanDuel,751.183836998,receiving_yards,Jahmyr Gibbs - Receiving Yds,,Jahmyr Gibbs,41179953,under,30.5,-114,1.87719298245614,0.5327102803738317,open,,,2026-09-08T18:26:27Z,,,,,v3-forward-measurement
2ff13e08-f553-46a1-8152-f4cafff4e064,462d43cd-ff92-46d4-88ac-3f02b229e57c,2026-09-08T18:26:27Z,FanDuel Sportsbook structured market feed,,VA,NFL,35610168,New Orleans Saints @ Detroit Lions,2026-09-13T17:01:00.000Z,FanDuel,751.183836997,receptions,Jahmyr Gibbs - Total Receptions,,Jahmyr Gibbs,41179952,over,4.5,120,2.2,0.45454545454545453,open,,,2026-09-08T18:26:27Z,,,,,v3-forward-measurement
2ff13e08-f553-46a1-8152-f4cafff4e064,fb912eea-4b8f-452f-a92f-65bbad12e117,2026-09-08T18:26:27Z,FanDuel Sportsbook structured market feed,,VA,NFL,35610168,New Orleans Saints @ Detroit Lions,2026-09-13T17:01:00.000Z,FanDuel,751.183836997,receptions,Jahmyr Gibbs - Total Receptions,,Jahmyr Gibbs,41179953,under,4.5,-160,1.625,0.6153846153846154,open,,,2026-09-08T18:26:27Z,,,,,v3-forward-measurement
62f4267a-cbd4-4fec-a314-7ad2d3de9686,21320064-457b-465b-a90a-0ba4518ff02e,2026-09-08T18:26:27Z,FanDuel Sportsbook structured market feed,,VA,NFL,35610169,Tampa Bay Buccaneers @ Cincinnati Bengals,2026-09-13T17:01:00.000Z,FanDuel,751.183806600,passing_touchdowns,Baker Mayfield - Passing TDs,,Baker Mayfield,16602448,over,1.5,-108,1.925925925925926,0.5192307692307693,open,,,2026-09-08T18:26:27Z,,,,,v3-forward-measurement
62f4267a-cbd4-4fec-a314-7ad2d3de9686,09e4fa61-dd33-4b86-93c2-71042fc4f7e4,2026-09-08T18:26:27Z,FanDuel Sportsbook structured market feed,,VA,NFL,35610169,Tampa Bay Buccaneers @ Cincinnati Bengals,2026-09-13T17:01:00.000Z,FanDuel,751.183806600,passing_touchdowns,Baker Mayfield - Passing TDs,,Baker Mayfield,16602449,under,1.5,-122,1.819672131147541,0.5495495495495496,open,,,2026-09-08T18:26:27Z,,,,,v3-forward-measurement
62f4267a-cbd4-4fec-a314-7ad2d3de9686,20c41aa4-c2ef-414e-bd96-5b4a5fbf0118,2026-09-08T18:26:27Z,FanDuel Sportsbook structured market feed,,VA,NFL,35610169,Tampa Bay Buccaneers @ Cincinnati Bengals,2026-09-13T17:01:00.000Z,FanDuel,751.183806678,passing_yards,Baker Mayfield - Passing Yds,,Baker Mayfield,16602448,over,232.5,-114,1.87719298245614,0.5327102803738317,open,,,2026-09-08T18:26:27Z,,,,,v3-forward-measurement
62f4267a-cbd4-4fec-a314-7ad2d3de9686,4f1aeef1-3d6f-4873-8912-7ea491eace0a,2026-09-08T18:26:27Z,FanDuel Sportsbook structured market feed,,VA,NFL,35610169,Tampa Bay Buccaneers @ Cincinnati Bengals,2026-09-13T17:01:00.000Z,FanDuel,751.183806678,passing_yards,Baker Mayfield - Passing Yds,,Baker Mayfield,16602449,under,232.5,-114,1.87719298245614,0.5327102803738317,open,,,2026-09-08T18:26:27Z,,,,,v3-forward-measurement
62f4267a-cbd4-4fec-a314-7ad2d3de9686,73ec80c3-90db-4402-9f9d-88212f4eb0a7,2026-09-08T18:26:27Z,FanDuel Sportsbook structured market feed,,VA,NFL,35610169,Tampa Bay Buccaneers @ Cincinnati Bengals,2026-09-13T17:01:00.000Z,FanDuel,751.183806579,passing_touchdowns,Joe Burrow - Passing TDs,,Joe Burrow,20452292,over,2.5,152,2.52,0.3968253968253968,open,,,2026-09-08T18:26:27Z,,,,,v3-forward-measurement
62f4267a-cbd4-4fec-a314-7ad2d3de9686,13991b2e-756e-49e6-960b-f19c3113b2f3,2026-09-08T18:26:27Z,FanDuel Sportsbook structured market feed,,VA,NFL,35610169,Tampa Bay Buccaneers @ Cincinnati Bengals,2026-09-13T17:01:00.000Z,FanDuel,751.183806579,passing_touchdowns,Joe Burrow - Passing TDs,,Joe Burrow,20452293,under,2.5,-205,1.48780487804878,0.6721311475409836,open,,,2026-09-08T18:26:27Z,,,,,v3-forward-measurement
62f4267a-cbd4-4fec-a314-7ad2d3de9686,915bc50d-f2e7-4f27-a3ab-9f3b11dd68d9,2026-09-08T18:26:27Z,FanDuel Sportsbook structured market feed,,VA,NFL,35610169,Tampa Bay Buccaneers @ Cincinnati Bengals,2026-09-13T17:01:00.000Z,FanDuel,751.183806685,passing_yards,Joe Burrow - Passing Yds,,Joe Burrow,20452292,over,267.5,-114,1.87719298245614,0.5327102803738317,open,,,2026-09-08T18:26:27Z,,,,,v3-forward-measurement
62f4267a-cbd4-4fec-a314-7ad2d3de9686,6dc8ab7d-0a77-4c2f-a333-6e8c1661e020,2026-09-08T18:26:27Z,FanDuel Sportsbook structured market feed,,VA,NFL,35610169,Tampa Bay Buccaneers @ Cincinnati Bengals,2026-09-13T17:01:00.000Z,FanDuel,751.183806685,passing_yards,Joe Burrow - Passing Yds,,Joe Burrow,20452293,under,267.5,-114,1.87719298245614,0.5327102803738317,open,,,2026-09-08T18:26:27Z,,,,,v3-forward-measurement
3d80305c-691e-40d4-843d-729e88665a34,83704402-4c54-4168-ac18-3402518906b6,2026-09-08T18:26:27Z,FanDuel Sportsbook structured market feed,,VA,NFL,35610169,Tampa Bay Buccaneers @ Cincinnati Bengals,2026-09-13T17:01:00.000Z,FanDuel,751.183808738,rushing_yards,Bucky Irving - Rushing Yds,,Bucky Irving,49541847,over,58.5,-114,1.87719298245614,0.5327102803738317,open,,,2026-09-08T18:26:27Z,,,,,v3-forward-measurement
3d80305c-691e-40d4-843d-729e88665a34,3ed8eb12-6f18-4e53-aaf0-a59e5f836369,2026-09-08T18:26:27Z,FanDuel Sportsbook structured market feed,,VA,NFL,35610169,Tampa Bay Buccaneers @ Cincinnati Bengals,2026-09-13T17:01:00.000Z,FanDuel,751.183808738,rushing_yards,Bucky Irving - Rushing Yds,,Bucky Irving,49541845,under,58.5,-114,1.87719298245614,0.5327102803738317,open,,,2026-09-08T18:26:27Z,,,,,v3-forward-measurement
3d80305c-691e-40d4-843d-729e88665a34,40f220cb-14b4-4c22-b9f3-9006c60f28e6,2026-09-08T18:26:27Z,FanDuel Sportsbook structured market feed,,VA,NFL,35610169,Tampa Bay Buccaneers @ Cincinnati Bengals,2026-09-13T17:01:00.000Z,FanDuel,751.184985866,rushing_yards,Samaje Perine - Rushing Yds,,Samaje Perine,15499370,over,19.5,-114,1.87719298245614,0.5327102803738317,open,,,2026-09-08T18:26:27Z,,,,,v3-forward-measurement
3d80305c-691e-40d4-843d-729e88665a34,3e23815c-57cb-4bcf-ab49-0aaede0c6986,2026-09-08T18:26:27Z,FanDuel Sportsbook structured market feed,,VA,NFL,35610169,Tampa Bay Buccaneers @ Cincinnati Bengals,2026-09-13T17:01:00.000Z,FanDuel,751.184985866,rushing_yards,Samaje Perine - Rushing Yds,,Samaje Perine,15499371,under,19.5,-114,1.87719298245614,0.5327102803738317,open,,,2026-09-08T18:26:27Z,,,,,v3-forward-measurement
3d80305c-691e-40d4-843d-729e88665a34,606964c9-df87-420a-b8a9-71ab9262010b,2026-09-08T18:26:27Z,FanDuel Sportsbook structured market feed,,VA,NFL,35610169,Tampa Bay Buccaneers @ Cincinnati Bengals,2026-09-13T17:01:00.000Z,FanDuel,751.183808948,rushing_yards,Joe Burrow - Rushing Yds,,Joe Burrow,20452292,over,6.5,-114,1.87719298245614,0.5327102803738317,open,,,2026-09-08T18:26:27Z,,,,,v3-forward-measurement
3d80305c-691e-40d4-843d-729e88665a34,8ec54108-e21e-402d-9d68-0b9dd8a6e5e6,2026-09-08T18:26:27Z,FanDuel Sportsbook structured market feed,,VA,NFL,35610169,Tampa Bay Buccaneers @ Cincinnati Bengals,2026-09-13T17:01:00.000Z,FanDuel,751.183808948,rushing_yards,Joe Burrow - Rushing Yds,,Joe Burrow,20452293,under,6.5,-114,1.87719298245614,0.5327102803738317,open,,,2026-09-08T18:26:27Z,,,,,v3-forward-measurement
3d80305c-691e-40d4-843d-729e88665a34,5a6ef03a-7842-4cd3-ba06-2ceaed11ae59,2026-09-08T18:26:27Z,FanDuel Sportsbook structured market feed,,VA,NFL,35610169,Tampa Bay Buccaneers @ Cincinnati Bengals,2026-09-13T17:01:00.000Z,FanDuel,751.183808103,rushing_yards,Chase Brown - Rushing Yds,,Chase Brown,41072627,over,57.5,-114,1.87719298245614,0.5327102803738317,open,,,2026-09-08T18:26:27Z,,,,,v3-forward-measurement
3d80305c-691e-40d4-843d-729e88665a34,b9510d78-6327-41af-9c91-400c142853b1,2026-09-08T18:26:27Z,FanDuel Sportsbook structured market feed,,VA,NFL,35610169,Tampa Bay Buccaneers @ Cincinnati Bengals,2026-09-13T17:01:00.000Z,FanDuel,751.183808103,rushing_yards,Chase Brown - Rushing Yds,,Chase Brown,41072629,under,57.5,-114,1.87719298245614,0.5327102803738317,open,,,2026-09-08T18:26:27Z,,,,,v3-forward-measurement
3d80305c-691e-40d4-843d-729e88665a34,b898f4a7-c488-4dae-9114-1d0db0841823,2026-09-08T18:26:27Z,FanDuel Sportsbook structured market feed,,VA,NFL,35610169,Tampa Bay Buccaneers @ Cincinnati Bengals,2026-09-13T17:01:00.000Z,FanDuel,751.183809132,rushing_yards,Baker Mayfield - Rushing Yds,,Baker Mayfield,16602448,over,15.5,-114,1.87719298245614,0.5327102803738317,open,,,2026-09-08T18:26:27Z,,,,,v3-forward-measurement
3d80305c-691e-40d4-843d-729e88665a34,5cc3376f-c009-4641-897c-f811aa6e39a3,2026-09-08T18:26:27Z,FanDuel Sportsbook structured market feed,,VA,NFL,35610169,Tampa Bay Buccaneers @ Cincinnati Bengals,2026-09-13T17:01:00.000Z,FanDuel,751.183809132,rushing_yards,Baker Mayfield - Rushing Yds,,Baker Mayfield,16602449,under,15.5,-114,1.87719298245614,0.5327102803738317,open,,,2026-09-08T18:26:27Z,,,,,v3-forward-measurement
3d80305c-691e-40d4-843d-729e88665a34,8e8982d6-7048-42a1-ab1e-a664a76424ff,2026-09-08T18:26:27Z,FanDuel Sportsbook structured market feed,,VA,NFL,35610169,Tampa Bay Buccaneers @ Cincinnati Bengals,2026-09-13T17:01:00.000Z,FanDuel,751.184985727,rushing_yards,Kenneth Gainwell - Rushing Yds,,Kenneth Gainwell,40915793,over,21.5,-114,1.87719298245614,0.5327102803738317,open,,,2026-09-08T18:26:27Z,,,,,v3-forward-measurement
3d80305c-691e-40d4-843d-729e88665a34,c200fe24-1bdf-457b-9702-47c2a915561b,2026-09-08T18:26:27Z,FanDuel Sportsbook structured market feed,,VA,NFL,35610169,Tampa Bay Buccaneers @ Cincinnati Bengals,2026-09-13T17:01:00.000Z,FanDuel,751.184985727,rushing_yards,Kenneth Gainwell - Rushing Yds,,Kenneth Gainwell,40915796,under,21.5,-114,1.87719298245614,0.5327102803738317,open,,,2026-09-08T18:26:27Z,,,,,v3-forward-measurement
593b672a-9ac6-4d32-9429-becd82841b6e,0a74bfbb-1add-4101-b46b-a0cde02c4f7b,2026-09-08T18:26:27Z,FanDuel Sportsbook structured market feed,,VA,NFL,35610169,Tampa Bay Buccaneers @ Cincinnati Bengals,2026-09-13T17:01:00.000Z,FanDuel,751.185138169,receptions,Jalen McMillan - Total Receptions,,Jalen McMillan,41173066,over,2.5,-154,1.649350649350649,0.6062992125984252,open,,,2026-09-08T18:26:27Z,,,,,v3-forward-measurement
593b672a-9ac6-4d32-9429-becd82841b6e,f59785ce-99f2-4f74-a880-13e07e079719,2026-09-08T18:26:27Z,FanDuel Sportsbook structured market feed,,VA,NFL,35610169,Tampa Bay Buccaneers @ Cincinnati Bengals,2026-09-13T17:01:00.000Z,FanDuel,751.185138169,receptions,Jalen McMillan - Total Receptions,,Jalen McMillan,41173067,under,2.5,116,2.16,0.46296296296296297,open,,,2026-09-08T18:26:27Z,,,,,v3-forward-measurement
593b672a-9ac6-4d32-9429-becd82841b6e,d7518463-91a2-44f2-9610-3904f672ab39,2026-09-08T18:26:27Z,FanDuel Sportsbook structured market feed,,VA,NFL,35610169,Tampa Bay Buccaneers @ Cincinnati Bengals,2026-09-13T17:01:00.000Z,FanDuel,751.185250499,receiving_yards,Samaje Perine - Receiving Yds,,Samaje Perine,15499370,over,6.5,-114,1.87719298245614,0.5327102803738317,open,,,2026-09-08T18:26:27Z,,,,,v3-forward-measurement
593b672a-9ac6-4d32-9429-becd82841b6e,aab12c5e-8f00-4c49-8fac-03b59345de6b,2026-09-08T18:26:27Z,FanDuel Sportsbook structured market feed,,VA,NFL,35610169,Tampa Bay Buccaneers @ Cincinnati Bengals,2026-09-13T17:01:00.000Z,FanDuel,751.185250499,receiving_yards,Samaje Perine - Receiving Yds,,Samaje Perine,15499371,under,6.5,-114,1.87719298245614,0.5327102803738317,open,,,2026-09-08T18:26:27Z,,,,,v3-forward-measurement
593b672a-9ac6-4d32-9429-becd82841b6e,732c1b82-c5e0-40bd-903d-e3281174fe95,2026-09-08T18:26:27Z,FanDuel Sportsbook structured market feed,,VA,NFL,35610169,Tampa Bay Buccaneers @ Cincinnati Bengals,2026-09-13T17:01:00.000Z,FanDuel,751.185250496,receptions,Samaje Perine - Total Receptions,,Samaje Perine,15499370,over,1.5,140,2.4,0.4166666666666667,open,,,2026-09-08T18:26:27Z,,,,,v3-forward-measurement
593b672a-9ac6-4d32-9429-becd82841b6e,55b5f5ff-5ff3-4fb2-858f-8ac80fb80d10,2026-09-08T18:26:27Z,FanDuel Sportsbook structured market feed,,VA,NFL,35610169,Tampa Bay Buccaneers @ Cincinnati Bengals,2026-09-13T17:01:00.000Z,FanDuel,751.185250496,receptions,Samaje Perine - Total Receptions,,Samaje Perine,15499371,under,1.5,-188,1.531914893617021,0.6527777777777778,open,,,2026-09-08T18:26:27Z,,,,,v3-forward-measurement
593b672a-9ac6-4d32-9429-becd82841b6e,cff60ecc-cd99-47e4-915e-c6cca7d208cb,2026-09-08T18:26:27Z,FanDuel Sportsbook structured market feed,,VA,NFL,35610169,Tampa Bay Buccaneers @ Cincinnati Bengals,2026-09-13T17:01:00.000Z,FanDuel,751.185250495,receiving_yards,Mike Gesicki - Receiving Yds,,Mike Gesicki,16580234,over,20.5,-114,1.87719298245614,0.5327102803738317,open,,,2026-09-08T18:26:27Z,,,,,v3-forward-measurement
593b672a-9ac6-4d32-9429-becd82841b6e,c9cba2c8-318d-4bbc-88f3-250ef5619dd6,2026-09-08T18:26:27Z,FanDuel Sportsbook structured market feed,,VA,NFL,35610169,Tampa Bay Buccaneers @ Cincinnati Bengals,2026-09-13T17:01:00.000Z,FanDuel,751.185250495,receiving_yards,Mike Gesicki - Receiving Yds,,Mike Gesicki,16580235,under,20.5,-114,1.87719298245614,0.5327102803738317,open,,,2026-09-08T18:26:27Z,,,,,v3-forward-measurement
593b672a-9ac6-4d32-9429-becd82841b6e,2d20da09-1810-4b2e-a138-bcecf65117ff,2026-09-08T18:26:27Z,FanDuel Sportsbook structured market feed,,VA,NFL,35610169,Tampa Bay Buccaneers @ Cincinnati Bengals,2026-09-13T17:01:00.000Z,FanDuel,751.185250490,receptions,Mike Gesicki - Total Receptions,,Mike Gesicki,16580234,over,2.5,124,2.24,0.44642857142857145,open,,,2026-09-08T18:26:27Z,,,,,v3-forward-measurement
593b672a-9ac6-4d32-9429-becd82841b6e,a677fcb0-9fd2-4a11-8b89-7b3c981e1b72,2026-09-08T18:26:27Z,FanDuel Sportsbook structured market feed,,VA,NFL,35610169,Tampa Bay Buccaneers @ Cincinnati Bengals,2026-09-13T17:01:00.000Z,FanDuel,751.185250490,receptions,Mike Gesicki - Total Receptions,,Mike Gesicki,16580235,under,2.5,-166,1.602409638554217,0.6240601503759399,open,,,2026-09-08T18:26:27Z,,,,,v3-forward-measurement
593b672a-9ac6-4d32-9429-becd82841b6e,c47b84ff-932b-4f0a-8acb-2c0bc4b6b3fd,2026-09-08T18:26:27Z,FanDuel Sportsbook structured market feed,,VA,NFL,35610169,Tampa Bay Buccaneers @ Cincinnati Bengals,2026-09-13T17:01:00.000Z,FanDuel,751.184923061,receptions,Cade Otton - Total Receptions,,Cade Otton,41346941,over,3.5,124,2.24,0.44642857142857145,open,,,2026-09-08T18:26:27Z,,,,,v3-forward-measurement
593b672a-9ac6-4d32-9429-becd82841b6e,3077b276-c4ce-4043-a9d4-086437dd7d67,2026-09-08T18:26:27Z,FanDuel Sportsbook structured market feed,,VA,NFL,35610169,Tampa Bay Buccaneers @ Cincinnati Bengals,2026-09-13T17:01:00.000Z,FanDuel,751.184923061,receptions,Cade Otton - Total Receptions,,Cade Otton,41346942,under,3.5,-166,1.602409638554217,0.6240601503759399,open,,,2026-09-08T18:26:27Z,,,,,v3-forward-measurement
593b672a-9ac6-4d32-9429-becd82841b6e,ad49843d-b002-46c0-b89f-bcec1a69e19f,2026-09-08T18:26:27Z,FanDuel Sportsbook structured market feed,,VA,NFL,35610169,Tampa Bay Buccaneers @ Cincinnati Bengals,2026-09-13T17:01:00.000Z,FanDuel,751.184923064,receiving_yards,Cade Otton - Receiving Yds,,Cade Otton,41346941,over,28.5,-114,1.87719298245614,0.5327102803738317,open,,,2026-09-08T18:26:27Z,,,,,v3-forward-measurement
593b672a-9ac6-4d32-9429-becd82841b6e,26974ce2-6318-40ce-8ffa-e94b9f5d736d,2026-09-08T18:26:27Z,FanDuel Sportsbook structured market feed,,VA,NFL,35610169,Tampa Bay Buccaneers @ Cincinnati Bengals,2026-09-13T17:01:00.000Z,FanDuel,751.184923064,receiving_yards,Cade Otton - Receiving Yds,,Cade Otton,41346942,under,28.5,-114,1.87719298245614,0.5327102803738317,open,,,2026-09-08T18:26:27Z,,,,,v3-forward-measurement
593b672a-9ac6-4d32-9429-becd82841b6e,6a89ef76-765b-4bc5-a3c1-36af0d69fdbf,2026-09-08T18:26:27Z,FanDuel Sportsbook structured market feed,,VA,NFL,35610169,Tampa Bay Buccaneers @ Cincinnati Bengals,2026-09-13T17:01:00.000Z,FanDuel,751.185137864,receiving_yards,Chris Godwin - Receiving Yds,,Chris Godwin,20781116,over,40.5,-114,1.87719298245614,0.5327102803738317,open,,,2026-09-08T18:26:27Z,,,,,v3-forward-measurement
593b672a-9ac6-4d32-9429-becd82841b6e,660aded3-8c65-4900-b4f3-c69a1f5ade03,2026-09-08T18:26:27Z,FanDuel Sportsbook structured market feed,,VA,NFL,35610169,Tampa Bay Buccaneers @ Cincinnati Bengals,2026-09-13T17:01:00.000Z,FanDuel,751.185137864,receiving_yards,Chris Godwin - Receiving Yds,,Chris Godwin,20781117,under,40.5,-114,1.87719298245614,0.5327102803738317,open,,,2026-09-08T18:26:27Z,,,,,v3-forward-measurement
593b672a-9ac6-4d32-9429-becd82841b6e,3d7f3c31-e28a-48fb-aaad-be0d95de7eec,2026-09-08T18:26:27Z,FanDuel Sportsbook structured market feed,,VA,NFL,35610169,Tampa Bay Buccaneers @ Cincinnati Bengals,2026-09-13T17:01:00.000Z,FanDuel,751.185137868,receptions,Chris Godwin - Total Receptions,,Chris Godwin,20781116,over,3.5,-138,1.72463768115942,0.5798319327731093,open,,,2026-09-08T18:26:27Z,,,,,v3-forward-measurement
593b672a-9ac6-4d32-9429-becd82841b6e,da28ea26-4678-4b59-8673-023228af2e6c,2026-09-08T18:26:27Z,FanDuel Sportsbook structured market feed,,VA,NFL,35610169,Tampa Bay Buccaneers @ Cincinnati Bengals,2026-09-13T17:01:00.000Z,FanDuel,751.185137868,receptions,Chris Godwin - Total Receptions,,Chris Godwin,20781117,under,3.5,104,2.04,0.49019607843137253,open,,,2026-09-08T18:26:27Z,,,,,v3-forward-measurement
593b672a-9ac6-4d32-9429-becd82841b6e,273703a4-4e1c-42f1-ad72-7be0ab4ae962,2026-09-08T18:26:27Z,FanDuel Sportsbook structured market feed,,VA,NFL,35610169,Tampa Bay Buccaneers @ Cincinnati Bengals,2026-09-13T17:01:00.000Z,FanDuel,751.183809810,receiving_yards,Ja'Marr Chase - Receiving Yds,,Ja'Marr Chase,40890769,over,85.5,-114,1.87719298245614,0.5327102803738317,open,,,2026-09-08T18:26:27Z,,,,,v3-forward-measurement
593b672a-9ac6-4d32-9429-becd82841b6e,ceb1c973-f936-46a8-b1a5-824e494f84ad,2026-09-08T18:26:27Z,FanDuel Sportsbook structured market feed,,VA,NFL,35610169,Tampa Bay Buccaneers @ Cincinnati Bengals,2026-09-13T17:01:00.000Z,FanDuel,751.183809810,receiving_yards,Ja'Marr Chase - Receiving Yds,,Ja'Marr Chase,40890768,under,85.5,-114,1.87719298245614,0.5327102803738317,open,,,2026-09-08T18:26:27Z,,,,,v3-forward-measurement
593b672a-9ac6-4d32-9429-becd82841b6e,90156740-db00-460e-81a6-f1d1bbeae1be,2026-09-08T18:26:27Z,FanDuel Sportsbook structured market feed,,VA,NFL,35610169,Tampa Bay Buccaneers @ Cincinnati Bengals,2026-09-13T17:01:00.000Z,FanDuel,751.184986271,receptions,Chase Brown - Total Receptions,,Chase Brown,41072627,over,3.5,-108,1.925925925925926,0.5192307692307693,open,,,2026-09-08T18:26:27Z,,,,,v3-forward-measurement
593b672a-9ac6-4d32-9429-becd82841b6e,5e708d50-4068-42c2-a28e-29c19057e0f3,2026-09-08T18:26:27Z,FanDuel Sportsbook structured market feed,,VA,NFL,35610169,Tampa Bay Buccaneers @ Cincinnati Bengals,2026-09-13T17:01:00.000Z,FanDuel,751.184986271,receptions,Chase Brown - Total Receptions,,Chase Brown,41072629,under,3.5,-122,1.819672131147541,0.5495495495495496,open,,,2026-09-08T18:26:27Z,,,,,v3-forward-measurement
593b672a-9ac6-4d32-9429-becd82841b6e,bceb49d2-6543-4bf4-bae8-4e7847c4a08b,2026-09-08T18:26:27Z,FanDuel Sportsbook structured market feed,,VA,NFL,35610169,Tampa Bay Buccaneers @ Cincinnati Bengals,2026-09-13T17:01:00.000Z,FanDuel,751.184986272,receiving_yards,Chase Brown - Receiving Yds,,Chase Brown,41072627,over,23.5,-114,1.87719298245614,0.5327102803738317,open,,,2026-09-08T18:26:27Z,,,,,v3-forward-measurement
593b672a-9ac6-4d32-9429-becd82841b6e,e5b52e17-7cf3-4c9c-8d3e-4cf50724c099,2026-09-08T18:26:27Z,FanDuel Sportsbook structured market feed,,VA,NFL,35610169,Tampa Bay Buccaneers @ Cincinnati Bengals,2026-09-13T17:01:00.000Z,FanDuel,751.184986272,receiving_yards,Chase Brown - Receiving Yds,,Chase Brown,41072629,under,23.5,-114,1.87719298245614,0.5327102803738317,open,,,2026-09-08T18:26:27Z,,,,,v3-forward-measurement
593b672a-9ac6-4d32-9429-becd82841b6e,979039eb-b951-41e0-b476-9acb4b56bad3,2026-09-08T18:26:27Z,FanDuel Sportsbook structured market feed,,VA,NFL,35610169,Tampa Bay Buccaneers @ Cincinnati Bengals,2026-09-13T17:01:00.000Z,FanDuel,751.184985733,receiving_yards,Kenneth Gainwell - Receiving Yds,,Kenneth Gainwell,40915793,over,20.5,-114,1.87719298245614,0.5327102803738317,open,,,2026-09-08T18:26:27Z,,,,,v3-forward-measurement
593b672a-9ac6-4d32-9429-becd82841b6e,35d851d8-e439-4799-b667-5391cf478a64,2026-09-08T18:26:27Z,FanDuel Sportsbook structured market feed,,VA,NFL,35610169,Tampa Bay Buccaneers @ Cincinnati Bengals,2026-09-13T17:01:00.000Z,FanDuel,751.184985733,receiving_yards,Kenneth Gainwell - Receiving Yds,,Kenneth Gainwell,40915796,under,20.5,-114,1.87719298245614,0.5327102803738317,open,,,2026-09-08T18:26:27Z,,,,,v3-forward-measurement
593b672a-9ac6-4d32-9429-becd82841b6e,c02df21b-7483-4eef-9b33-0af6f337c16e,2026-09-08T18:26:27Z,FanDuel Sportsbook structured market feed,,VA,NFL,35610169,Tampa Bay Buccaneers @ Cincinnati Bengals,2026-09-13T17:01:00.000Z,FanDuel,751.183809800,receptions,Tee Higgins - Total Receptions,,Tee Higgins,22336746,over,4.5,-140,1.714285714285714,0.5833333333333334,open,,,2026-09-08T18:26:27Z,,,,,v3-forward-measurement
593b672a-9ac6-4d32-9429-becd82841b6e,5d82f750-8e73-40aa-b2d5-46e0da50821d,2026-09-08T18:26:27Z,FanDuel Sportsbook structured market feed,,VA,NFL,35610169,Tampa Bay Buccaneers @ Cincinnati Bengals,2026-09-13T17:01:00.000Z,FanDuel,751.183809800,receptions,Tee Higgins - Total Receptions,,Tee Higgins,22336747,under,4.5,106,2.06,0.4854368932038835,open,,,2026-09-08T18:26:27Z,,,,,v3-forward-measurement
593b672a-9ac6-4d32-9429-becd82841b6e,13166ac4-9db1-4580-b1bd-708a841522ef,2026-09-08T18:26:27Z,FanDuel Sportsbook structured market feed,,VA,NFL,35610169,Tampa Bay Buccaneers @ Cincinnati Bengals,2026-09-13T17:01:00.000Z,FanDuel,751.183809802,receiving_yards,Emeka Egbuka - Receiving Yds,,Emeka Egbuka,48671758,over,52.5,-114,1.87719298245614,0.5327102803738317,open,,,2026-09-08T18:26:27Z,,,,,v3-forward-measurement
593b672a-9ac6-4d32-9429-becd82841b6e,696ebecf-8a89-4693-b88d-52fd16230ae7,2026-09-08T18:26:27Z,FanDuel Sportsbook structured market feed,,VA,NFL,35610169,Tampa Bay Buccaneers @ Cincinnati Bengals,2026-09-13T17:01:00.000Z,FanDuel,751.183809802,receiving_yards,Emeka Egbuka - Receiving Yds,,Emeka Egbuka,48671757,under,52.5,-114,1.87719298245614,0.5327102803738317,open,,,2026-09-08T18:26:27Z,,,,,v3-forward-measurement
593b672a-9ac6-4d32-9429-becd82841b6e,69cd285a-a9ae-4a22-b483-1fee1208d24f,2026-09-08T18:26:27Z,FanDuel Sportsbook structured market feed,,VA,NFL,35610169,Tampa Bay Buccaneers @ Cincinnati Bengals,2026-09-13T17:01:00.000Z,FanDuel,751.183809797,receptions,Emeka Egbuka - Total Receptions,,Emeka Egbuka,48671758,over,4.5,124,2.24,0.44642857142857145,open,,,2026-09-08T18:26:27Z,,,,,v3-forward-measurement
593b672a-9ac6-4d32-9429-becd82841b6e,aba0db19-7e5b-41ca-b95a-2e1055e57cc3,2026-09-08T18:26:27Z,FanDuel Sportsbook structured market feed,,VA,NFL,35610169,Tampa Bay Buccaneers @ Cincinnati Bengals,2026-09-13T17:01:00.000Z,FanDuel,751.183809797,receptions,Emeka Egbuka - Total Receptions,,Emeka Egbuka,48671757,under,4.5,-166,1.602409638554217,0.6240601503759399,open,,,2026-09-08T18:26:27Z,,,,,v3-forward-measurement
593b672a-9ac6-4d32-9429-becd82841b6e,8f3c7b89-f579-448b-aabb-ae7c720a337a,2026-09-08T18:26:27Z,FanDuel Sportsbook structured market feed,,VA,NFL,35610169,Tampa Bay Buccaneers @ Cincinnati Bengals,2026-09-13T17:01:00.000Z,FanDuel,751.183809799,receptions,Ja'Marr Chase - Total Receptions,,Ja'Marr Chase,40890769,over,7.5,116,2.16,0.46296296296296297,open,,,2026-09-08T18:26:27Z,,,,,v3-forward-measurement
593b672a-9ac6-4d32-9429-becd82841b6e,6fcd46d4-28b8-40a4-8355-69e9d5c479b8,2026-09-08T18:26:27Z,FanDuel Sportsbook structured market feed,,VA,NFL,35610169,Tampa Bay Buccaneers @ Cincinnati Bengals,2026-09-13T17:01:00.000Z,FanDuel,751.183809799,receptions,Ja'Marr Chase - Total Receptions,,Ja'Marr Chase,40890768,under,7.5,-154,1.649350649350649,0.6062992125984252,open,,,2026-09-08T18:26:27Z,,,,,v3-forward-measurement
593b672a-9ac6-4d32-9429-becd82841b6e,8dcf5696-6f04-41ac-b350-ba7d47b31091,2026-09-08T18:26:27Z,FanDuel Sportsbook structured market feed,,VA,NFL,35610169,Tampa Bay Buccaneers @ Cincinnati Bengals,2026-09-13T17:01:00.000Z,FanDuel,751.184985728,receptions,Kenneth Gainwell - Total Receptions,,Kenneth Gainwell,40915793,over,3.5,116,2.16,0.46296296296296297,open,,,2026-09-08T18:26:27Z,,,,,v3-forward-measurement
593b672a-9ac6-4d32-9429-becd82841b6e,e86faeca-3d0e-4ad6-a327-af96eee1e9b4,2026-09-08T18:26:27Z,FanDuel Sportsbook structured market feed,,VA,NFL,35610169,Tampa Bay Buccaneers @ Cincinnati Bengals,2026-09-13T17:01:00.000Z,FanDuel,751.184985728,receptions,Kenneth Gainwell - Total Receptions,,Kenneth Gainwell,40915796,under,3.5,-154,1.649350649350649,0.6062992125984252,open,,,2026-09-08T18:26:27Z,,,,,v3-forward-measurement
593b672a-9ac6-4d32-9429-becd82841b6e,708c05b7-b4e9-4dfb-9b05-60b8824e9fd3,2026-09-08T18:26:27Z,FanDuel Sportsbook structured market feed,,VA,NFL,35610169,Tampa Bay Buccaneers @ Cincinnati Bengals,2026-09-13T17:01:00.000Z,FanDuel,751.183809794,receiving_yards,Tee Higgins - Receiving Yds,,Tee Higgins,22336746,over,60.5,-114,1.87719298245614,0.5327102803738317,open,,,2026-09-08T18:26:27Z,,,,,v3-forward-measurement
593b672a-9ac6-4d32-9429-becd82841b6e,2f80424c-4268-4db3-8c7f-2fb3b14345c9,2026-09-08T18:26:27Z,FanDuel Sportsbook structured market feed,,VA,NFL,35610169,Tampa Bay Buccaneers @ Cincinnati Bengals,2026-09-13T17:01:00.000Z,FanDuel,751.183809794,receiving_yards,Tee Higgins - Receiving Yds,,Tee Higgins,22336747,under,60.5,-114,1.87719298245614,0.5327102803738317,open,,,2026-09-08T18:26:27Z,,,,,v3-forward-measurement
593b672a-9ac6-4d32-9429-becd82841b6e,c00f05d1-c41c-4e25-b339-07f2859b35b5,2026-09-08T18:26:27Z,FanDuel Sportsbook structured market feed,,VA,NFL,35610169,Tampa Bay Buccaneers @ Cincinnati Bengals,2026-09-13T17:01:00.000Z,FanDuel,751.185138171,receiving_yards,Jalen McMillan - Receiving Yds,,Jalen McMillan,41173066,over,34.5,-114,1.87719298245614,0.5327102803738317,open,,,2026-09-08T18:26:27Z,,,,,v3-forward-measurement
593b672a-9ac6-4d32-9429-becd82841b6e,c69089c3-805e-419a-98bf-929d3c866650,2026-09-08T18:26:27Z,FanDuel Sportsbook structured market feed,,VA,NFL,35610169,Tampa Bay Buccaneers @ Cincinnati Bengals,2026-09-13T17:01:00.000Z,FanDuel,751.185138171,receiving_yards,Jalen McMillan - Receiving Yds,,Jalen McMillan,41173067,under,34.5,-114,1.87719298245614,0.5327102803738317,open,,,2026-09-08T18:26:27Z,,,,,v3-forward-measurement
593b672a-9ac6-4d32-9429-becd82841b6e,8eef65df-7ff3-4324-b2bc-49b7c2b2b3ef,2026-09-08T18:26:27Z,FanDuel Sportsbook structured market feed,,VA,NFL,35610169,Tampa Bay Buccaneers @ Cincinnati Bengals,2026-09-13T17:01:00.000Z,FanDuel,751.184986575,receptions,Bucky Irving - Total Receptions,,Bucky Irving,49541847,over,2.5,144,2.44,0.4098360655737705,open,,,2026-09-08T18:26:27Z,,,,,v3-forward-measurement
593b672a-9ac6-4d32-9429-becd82841b6e,bef53905-60dd-4f13-ba21-a6daa2dc9eb5,2026-09-08T18:26:27Z,FanDuel Sportsbook structured market feed,,VA,NFL,35610169,Tampa Bay Buccaneers @ Cincinnati Bengals,2026-09-13T17:01:00.000Z,FanDuel,751.184986575,receptions,Bucky Irving - Total Receptions,,Bucky Irving,49541845,under,2.5,-194,1.515463917525773,0.6598639455782312,open,,,2026-09-08T18:26:27Z,,,,,v3-forward-measurement
593b672a-9ac6-4d32-9429-becd82841b6e,ad1f6bc5-10e9-4a19-a438-b7c2c870841b,2026-09-08T18:26:27Z,FanDuel Sportsbook structured market feed,,VA,NFL,35610169,Tampa Bay Buccaneers @ Cincinnati Bengals,2026-09-13T17:01:00.000Z,FanDuel,751.184986570,receiving_yards,Bucky Irving - Receiving Yds,,Bucky Irving,49541847,over,13.5,-114,1.87719298245614,0.5327102803738317,open,,,2026-09-08T18:26:27Z,,,,,v3-forward-measurement
593b672a-9ac6-4d32-9429-becd82841b6e,8adab811-34d4-4e76-b297-b101a930bcec,2026-09-08T18:26:27Z,FanDuel Sportsbook structured market feed,,VA,NFL,35610169,Tampa Bay Buccaneers @ Cincinnati Bengals,2026-09-13T17:01:00.000Z,FanDuel,751.184986570,receiving_yards,Bucky Irving - Receiving Yds,,Bucky Irving,49541845,under,13.5,-114,1.87719298245614,0.5327102803738317,open,,,2026-09-08T18:26:27Z,,,,,v3-forward-measurement
b1e765d4-550e-42be-bbfa-43bc9c553b03,b9f82d44-73b7-4ac5-a1d7-6c45521a5b46,2026-09-08T18:26:27Z,FanDuel Sportsbook structured market feed,,VA,NFL,35610170,Arizona Cardinals @ Los Angeles Chargers,2026-09-13T20:26:00.000Z,FanDuel,751.183978018,passing_yards,Jacoby Brissett - Passing Yds,,Jacoby Brissett,14942497,over,221.5,-114,1.87719298245614,0.5327102803738317,open,,,2026-09-08T18:26:27Z,,,,,v3-forward-measurement
b1e765d4-550e-42be-bbfa-43bc9c553b03,5bd89304-7836-48b9-a8d8-bc237331ce60,2026-09-08T18:26:27Z,FanDuel Sportsbook structured market feed,,VA,NFL,35610170,Arizona Cardinals @ Los Angeles Chargers,2026-09-13T20:26:00.000Z,FanDuel,751.183978018,passing_yards,Jacoby Brissett - Passing Yds,,Jacoby Brissett,14942498,under,221.5,-114,1.87719298245614,0.5327102803738317,open,,,2026-09-08T18:26:27Z,,,,,v3-forward-measurement
b1e765d4-550e-42be-bbfa-43bc9c553b03,6eb37e88-93ed-4092-8e53-206ffcd95dbc,2026-09-08T18:26:27Z,FanDuel Sportsbook structured market feed,,VA,NFL,35610170,Arizona Cardinals @ Los Angeles Chargers,2026-09-13T20:26:00.000Z,FanDuel,751.183978078,passing_touchdowns,Justin Herbert - Passing TDs,,Justin Herbert,36175559,over,1.5,-220,1.454545454545455,0.6875,open,,,2026-09-08T18:26:27Z,,,,,v3-forward-measurement
b1e765d4-550e-42be-bbfa-43bc9c553b03,9eeb0697-44b5-4b24-8e94-abf3cedcd34f,2026-09-08T18:26:27Z,FanDuel Sportsbook structured market feed,,VA,NFL,35610170,Arizona Cardinals @ Los Angeles Chargers,2026-09-13T20:26:00.000Z,FanDuel,751.183978078,passing_touchdowns,Justin Herbert - Passing TDs,,Justin Herbert,36175560,under,1.5,162,2.62,0.3816793893129771,open,,,2026-09-08T18:26:27Z,,,,,v3-forward-measurement
b1e765d4-550e-42be-bbfa-43bc9c553b03,d1863bd5-1241-4d4f-8130-2ba6eec53da2,2026-09-08T18:26:27Z,FanDuel Sportsbook structured market feed,,VA,NFL,35610170,Arizona Cardinals @ Los Angeles Chargers,2026-09-13T20:26:00.000Z,FanDuel,751.183977990,passing_yards,Justin Herbert - Passing Yds,,Justin Herbert,36175559,over,233.5,-114,1.87719298245614,0.5327102803738317,open,,,2026-09-08T18:26:27Z,,,,,v3-forward-measurement
b1e765d4-550e-42be-bbfa-43bc9c553b03,b3fde55d-2040-46c4-bfe2-9965f3201ca7,2026-09-08T18:26:27Z,FanDuel Sportsbook structured market feed,,VA,NFL,35610170,Arizona Cardinals @ Los Angeles Chargers,2026-09-13T20:26:00.000Z,FanDuel,751.183977990,passing_yards,Justin Herbert - Passing Yds,,Justin Herbert,36175560,under,233.5,-114,1.87719298245614,0.5327102803738317,open,,,2026-09-08T18:26:27Z,,,,,v3-forward-measurement
b1e765d4-550e-42be-bbfa-43bc9c553b03,8c57af31-5b56-4932-8f3e-e4388e3612b2,2026-09-08T18:26:27Z,FanDuel Sportsbook structured market feed,,VA,NFL,35610170,Arizona Cardinals @ Los Angeles Chargers,2026-09-13T20:26:00.000Z,FanDuel,751.183978037,passing_touchdowns,Jacoby Brissett - Passing TDs,,Jacoby Brissett,14942497,over,1.5,154,2.54,0.3937007874015748,open,,,2026-09-08T18:26:27Z,,,,,v3-forward-measurement
b1e765d4-550e-42be-bbfa-43bc9c553b03,8346aeeb-d985-4e16-b6b1-9932738a593a,2026-09-08T18:26:27Z,FanDuel Sportsbook structured market feed,,VA,NFL,35610170,Arizona Cardinals @ Los Angeles Chargers,2026-09-13T20:26:00.000Z,FanDuel,751.183978037,passing_touchdowns,Jacoby Brissett - Passing TDs,,Jacoby Brissett,14942498,under,1.5,-210,1.476190476190476,0.6774193548387096,open,,,2026-09-08T18:26:27Z,,,,,v3-forward-measurement
50b1ba06-f520-4fe5-a54b-b9884b599794,2a7b8462-947a-4529-8d39-240b8bf3a3fb,2026-09-08T18:26:27Z,FanDuel Sportsbook structured market feed,,VA,NFL,35610170,Arizona Cardinals @ Los Angeles Chargers,2026-09-13T20:26:00.000Z,FanDuel,751.185191462,rushing_yards,Jacoby Brissett - Rushing Yds,,Jacoby Brissett,14942497,over,10.5,-114,1.87719298245614,0.5327102803738317,open,,,2026-09-08T18:26:27Z,,,,,v3-forward-measurement
50b1ba06-f520-4fe5-a54b-b9884b599794,2cc53e2e-58b2-4c80-9992-9a7b4fde9ee3,2026-09-08T18:26:27Z,FanDuel Sportsbook structured market feed,,VA,NFL,35610170,Arizona Cardinals @ Los Angeles Chargers,2026-09-13T20:26:00.000Z,FanDuel,751.185191462,rushing_yards,Jacoby Brissett - Rushing Yds,,Jacoby Brissett,14942498,under,10.5,-114,1.87719298245614,0.5327102803738317,open,,,2026-09-08T18:26:27Z,,,,,v3-forward-measurement
50b1ba06-f520-4fe5-a54b-b9884b599794,67286680-4fb4-4091-9004-672ee82c0866,2026-09-08T18:26:27Z,FanDuel Sportsbook structured market feed,,VA,NFL,35610170,Arizona Cardinals @ Los Angeles Chargers,2026-09-13T20:26:00.000Z,FanDuel,751.185136845,rushing_yards,Justin Herbert - Rushing Yds,,Justin Herbert,36175559,over,21.5,-114,1.87719298245614,0.5327102803738317,open,,,2026-09-08T18:26:27Z,,,,,v3-forward-measurement
50b1ba06-f520-4fe5-a54b-b9884b599794,508f447a-c779-47c8-bedc-5f2f3c8d1e02,2026-09-08T18:26:27Z,FanDuel Sportsbook structured market feed,,VA,NFL,35610170,Arizona Cardinals @ Los Angeles Chargers,2026-09-13T20:26:00.000Z,FanDuel,751.185136845,rushing_yards,Justin Herbert - Rushing Yds,,Justin Herbert,36175560,under,21.5,-114,1.87719298245614,0.5327102803738317,open,,,2026-09-08T18:26:27Z,,,,,v3-forward-measurement
50b1ba06-f520-4fe5-a54b-b9884b599794,244d2367-9dd2-4841-8fd0-e27511d6f060,2026-09-08T18:26:27Z,FanDuel Sportsbook structured market feed,,VA,NFL,35610170,Arizona Cardinals @ Los Angeles Chargers,2026-09-13T20:26:00.000Z,FanDuel,751.183978255,rushing_yards,Omarion Hampton - Rushing Yds,,Omarion Hampton,48691362,over,65.5,-114,1.87719298245614,0.5327102803738317,open,,,2026-09-08T18:26:27Z,,,,,v3-forward-measurement
50b1ba06-f520-4fe5-a54b-b9884b599794,7456b6a0-a0e5-4de1-baec-3e0c7683cfb9,2026-09-08T18:26:27Z,FanDuel Sportsbook structured market feed,,VA,NFL,35610170,Arizona Cardinals @ Los Angeles Chargers,2026-09-13T20:26:00.000Z,FanDuel,751.183978255,rushing_yards,Omarion Hampton - Rushing Yds,,Omarion Hampton,48691363,under,65.5,-114,1.87719298245614,0.5327102803738317,open,,,2026-09-08T18:26:27Z,,,,,v3-forward-measurement
dedf78de-2d52-4d47-810a-d21d64ae5aa3,dc935f4b-54e5-42ad-9daf-440c6f437ebc,2026-09-08T18:26:27Z,FanDuel Sportsbook structured market feed,,VA,NFL,35610170,Arizona Cardinals @ Los Angeles Chargers,2026-09-13T20:26:00.000Z,FanDuel,751.185256046,receptions,Kendrick Bourne - Total Receptions,,Kendrick Bourne,27362690,over,2.5,134,2.34,0.42735042735042733,open,,,2026-09-08T18:26:27Z,,,,,v3-forward-measurement
dedf78de-2d52-4d47-810a-d21d64ae5aa3,4fe52d9d-0890-43a2-b0bc-2ba4facb9480,2026-09-08T18:26:27Z,FanDuel Sportsbook structured market feed,,VA,NFL,35610170,Arizona Cardinals @ Los Angeles Chargers,2026-09-13T20:26:00.000Z,FanDuel,751.185256046,receptions,Kendrick Bourne - Total Receptions,,Kendrick Bourne,27362691,under,2.5,-180,1.555555555555556,0.6428571428571429,open,,,2026-09-08T18:26:27Z,,,,,v3-forward-measurement
dedf78de-2d52-4d47-810a-d21d64ae5aa3,46e7e82f-ceda-4b9a-8def-931773614733,2026-09-08T18:26:27Z,FanDuel Sportsbook structured market feed,,VA,NFL,35610170,Arizona Cardinals @ Los Angeles Chargers,2026-09-13T20:26:00.000Z,FanDuel,751.183981549,receptions,Michael Wilson - Total Receptions,,Michael Wilson,48289067,over,3.5,-122,1.819672131147541,0.5495495495495496,open,,,2026-09-08T18:26:27Z,,,,,v3-forward-measurement
dedf78de-2d52-4d47-810a-d21d64ae5aa3,9d388d75-5e30-45d8-bb59-863f15466230,2026-09-08T18:26:27Z,FanDuel Sportsbook structured market feed,,VA,NFL,35610170,Arizona Cardinals @ Los Angeles Chargers,2026-09-13T20:26:00.000Z,FanDuel,751.183981549,receptions,Michael Wilson - Total Receptions,,Michael Wilson,48289068,under,3.5,-108,1.925925925925926,0.5192307692307693,open,,,2026-09-08T18:26:27Z,,,,,v3-forward-measurement
dedf78de-2d52-4d47-810a-d21d64ae5aa3,8a6d948d-e159-4362-8568-2cb718cd9b04,2026-09-08T18:26:27Z,FanDuel Sportsbook structured market feed,,VA,NFL,35610170,Arizona Cardinals @ Los Angeles Chargers,2026-09-13T20:26:00.000Z,FanDuel,751.183981327,receiving_yards,Trey McBride - Receiving Yds,,Trey McBride,48613596,over,56.5,-114,1.87719298245614,0.5327102803738317,open,,,2026-09-08T18:26:27Z,,,,,v3-forward-measurement
dedf78de-2d52-4d47-810a-d21d64ae5aa3,00dfba2d-6ae3-480d-82c8-f9283b6b315c,2026-09-08T18:26:27Z,FanDuel Sportsbook structured market feed,,VA,NFL,35610170,Arizona Cardinals @ Los Angeles Chargers,2026-09-13T20:26:00.000Z,FanDuel,751.183981327,receiving_yards,Trey McBride - Receiving Yds,,Trey McBride,48613594,under,56.5,-114,1.87719298245614,0.5327102803738317,open,,,2026-09-08T18:26:27Z,,,,,v3-forward-measurement
dedf78de-2d52-4d47-810a-d21d64ae5aa3,3e59e6f8-79f5-4fb6-b356-63a775f0813f,2026-09-08T18:26:27Z,FanDuel Sportsbook structured market feed,,VA,NFL,35610170,Arizona Cardinals @ Los Angeles Chargers,2026-09-13T20:26:00.000Z,FanDuel,751.183981546,receiving_yards,Michael Wilson - Receiving Yds,,Michael Wilson,48289067,over,41.5,-114,1.87719298245614,0.5327102803738317,open,,,2026-09-08T18:26:27Z,,,,,v3-forward-measurement
dedf78de-2d52-4d47-810a-d21d64ae5aa3,d8c11fa2-9fa8-4506-8a76-d6006b5d072c,2026-09-08T18:26:27Z,FanDuel Sportsbook structured market feed,,VA,NFL,35610170,Arizona Cardinals @ Los Angeles Chargers,2026-09-13T20:26:00.000Z,FanDuel,751.183981546,receiving_yards,Michael Wilson - Receiving Yds,,Michael Wilson,48289068,under,41.5,-114,1.87719298245614,0.5327102803738317,open,,,2026-09-08T18:26:27Z,,,,,v3-forward-measurement
dedf78de-2d52-4d47-810a-d21d64ae5aa3,27fa7e22-a4f2-4c4b-be5f-4e4c1f252e39,2026-09-08T18:26:27Z,FanDuel Sportsbook structured market feed,,VA,NFL,35610170,Arizona Cardinals @ Los Angeles Chargers,2026-09-13T20:26:00.000Z,FanDuel,751.183980596,receptions,Tre Harris - Total Receptions,,Tre Harris,48012110,over,2.5,-102,1.980392156862745,0.504950495049505,open,,,2026-09-08T18:26:27Z,,,,,v3-forward-measurement
dedf78de-2d52-4d47-810a-d21d64ae5aa3,a00f6485-c452-4d43-8e89-fcf75bb8654b,2026-09-08T18:26:27Z,FanDuel Sportsbook structured market feed,,VA,NFL,35610170,Arizona Cardinals @ Los Angeles Chargers,2026-09-13T20:26:00.000Z,FanDuel,751.183980596,receptions,Tre Harris - Total Receptions,,Tre Harris,48012111,under,2.5,-130,1.769230769230769,0.5652173913043478,open,,,2026-09-08T18:26:27Z,,,,,v3-forward-measurement
dedf78de-2d52-4d47-810a-d21d64ae5aa3,6dc2455b-2f9e-492b-bedd-b95088c56007,2026-09-08T18:26:27Z,FanDuel Sportsbook structured market feed,,VA,NFL,35610170,Arizona Cardinals @ Los Angeles Chargers,2026-09-13T20:26:00.000Z,FanDuel,751.183980199,receiving_yards,Quentin Johnston - Receiving Yds,,Quentin Johnston,41161053,over,42.5,-114,1.87719298245614,0.5327102803738317,open,,,2026-09-08T18:26:27Z,,,,,v3-forward-measurement
dedf78de-2d52-4d47-810a-d21d64ae5aa3,b9b68d00-d964-442b-9186-74d3bd5e2d1e,2026-09-08T18:26:27Z,FanDuel Sportsbook structured market feed,,VA,NFL,35610170,Arizona Cardinals @ Los Angeles Chargers,2026-09-13T20:26:00.000Z,FanDuel,751.183980199,receiving_yards,Quentin Johnston - Receiving Yds,,Quentin Johnston,41161054,under,42.5,-114,1.87719298245614,0.5327102803738317,open,,,2026-09-08T18:26:27Z,,,,,v3-forward-measurement
dedf78de-2d52-4d47-810a-d21d64ae5aa3,959211ca-ca13-41ea-9e76-6a472c14a199,2026-09-08T18:26:27Z,FanDuel Sportsbook structured market feed,,VA,NFL,35610170,Arizona Cardinals @ Los Angeles Chargers,2026-09-13T20:26:00.000Z,FanDuel,751.183981330,receptions,Trey McBride - Total Receptions,,Trey McBride,48613596,over,6.5,116,2.16,0.46296296296296297,open,,,2026-09-08T18:26:27Z,,,,,v3-forward-measurement
dedf78de-2d52-4d47-810a-d21d64ae5aa3,4e507a55-24ad-473b-afb1-26e098d1f43c,2026-09-08T18:26:27Z,FanDuel Sportsbook structured market feed,,VA,NFL,35610170,Arizona Cardinals @ Los Angeles Chargers,2026-09-13T20:26:00.000Z,FanDuel,751.183981330,receptions,Trey McBride - Total Receptions,,Trey McBride,48613594,under,6.5,-154,1.649350649350649,0.6062992125984252,open,,,2026-09-08T18:26:27Z,,,,,v3-forward-measurement
dedf78de-2d52-4d47-810a-d21d64ae5aa3,5a74c0b8-31aa-423d-a349-f95a65ec94a4,2026-09-08T18:26:27Z,FanDuel Sportsbook structured market feed,,VA,NFL,35610170,Arizona Cardinals @ Los Angeles Chargers,2026-09-13T20:26:00.000Z,FanDuel,751.185141305,receptions,Omarion Hampton - Total Receptions,,Omarion Hampton,48691362,over,2.5,124,2.24,0.44642857142857145,open,,,2026-09-08T18:26:27Z,,,,,v3-forward-measurement
dedf78de-2d52-4d47-810a-d21d64ae5aa3,6a89be68-7940-4086-b181-043fc04d220a,2026-09-08T18:26:27Z,FanDuel Sportsbook structured market feed,,VA,NFL,35610170,Arizona Cardinals @ Los Angeles Chargers,2026-09-13T20:26:00.000Z,FanDuel,751.185141305,receptions,Omarion Hampton - Total Receptions,,Omarion Hampton,48691363,under,2.5,-166,1.602409638554217,0.6240601503759399,open,,,2026-09-08T18:26:27Z,,,,,v3-forward-measurement
dedf78de-2d52-4d47-810a-d21d64ae5aa3,6df95ef7-2e78-40f6-9600-39cd39eec392,2026-09-08T18:26:27Z,FanDuel Sportsbook structured market feed,,VA,NFL,35610170,Arizona Cardinals @ Los Angeles Chargers,2026-09-13T20:26:00.000Z,FanDuel,751.185141300,receiving_yards,Omarion Hampton - Receiving Yds,,Omarion Hampton,48691362,over,12.5,-114,1.87719298245614,0.5327102803738317,open,,,2026-09-08T18:26:27Z,,,,,v3-forward-measurement
dedf78de-2d52-4d47-810a-d21d64ae5aa3,b2d7e98d-3574-4697-a4c4-cf4f5c1e25da,2026-09-08T18:26:27Z,FanDuel Sportsbook structured market feed,,VA,NFL,35610170,Arizona Cardinals @ Los Angeles Chargers,2026-09-13T20:26:00.000Z,FanDuel,751.185141300,receiving_yards,Omarion Hampton - Receiving Yds,,Omarion Hampton,48691363,under,12.5,-114,1.87719298245614,0.5327102803738317,open,,,2026-09-08T18:26:27Z,,,,,v3-forward-measurement
dedf78de-2d52-4d47-810a-d21d64ae5aa3,766c3947-994d-4628-bf03-d163e637bc58,2026-09-08T18:26:27Z,FanDuel Sportsbook structured market feed,,VA,NFL,35610170,Arizona Cardinals @ Los Angeles Chargers,2026-09-13T20:26:00.000Z,FanDuel,751.185145960,receiving_yards,Charlie Kolar - Receiving Yds,,Charlie Kolar,41075122,over,16.5,-114,1.87719298245614,0.5327102803738317,open,,,2026-09-08T18:26:27Z,,,,,v3-forward-measurement
dedf78de-2d52-4d47-810a-d21d64ae5aa3,1648f5cc-e9f2-47c1-9e75-2f958a44ffbd,2026-09-08T18:26:27Z,FanDuel Sportsbook structured market feed,,VA,NFL,35610170,Arizona Cardinals @ Los Angeles Chargers,2026-09-13T20:26:00.000Z,FanDuel,751.185145960,receiving_yards,Charlie Kolar - Receiving Yds,,Charlie Kolar,41075124,under,16.5,-114,1.87719298245614,0.5327102803738317,open,,,2026-09-08T18:26:27Z,,,,,v3-forward-measurement
dedf78de-2d52-4d47-810a-d21d64ae5aa3,3162f3ac-7db2-44c3-b503-91f4b6def8ca,2026-09-08T18:26:27Z,FanDuel Sportsbook structured market feed,,VA,NFL,35610170,Arizona Cardinals @ Los Angeles Chargers,2026-09-13T20:26:00.000Z,FanDuel,751.185145961,receptions,Charlie Kolar - Total Receptions,,Charlie Kolar,41075122,over,1.5,-162,1.617283950617284,0.6183206106870229,open,,,2026-09-08T18:26:27Z,,,,,v3-forward-measurement
dedf78de-2d52-4d47-810a-d21d64ae5aa3,46fb666c-0386-45da-bd89-a7af4c6b14ae,2026-09-08T18:26:27Z,FanDuel Sportsbook structured market feed,,VA,NFL,35610170,Arizona Cardinals @ Los Angeles Chargers,2026-09-13T20:26:00.000Z,FanDuel,751.185145961,receptions,Charlie Kolar - Total Receptions,,Charlie Kolar,41075124,under,1.5,122,2.22,0.45045045045045046,open,,,2026-09-08T18:26:27Z,,,,,v3-forward-measurement
dedf78de-2d52-4d47-810a-d21d64ae5aa3,95ca54e6-be61-4ddc-a7e3-32a0d894c18c,2026-09-08T18:26:27Z,FanDuel Sportsbook structured market feed,,VA,NFL,35610170,Arizona Cardinals @ Los Angeles Chargers,2026-09-13T20:26:00.000Z,FanDuel,751.185256031,receiving_yards,Kendrick Bourne - Receiving Yds,,Kendrick Bourne,27362690,over,16.5,-114,1.87719298245614,0.5327102803738317,open,,,2026-09-08T18:26:27Z,,,,,v3-forward-measurement
dedf78de-2d52-4d47-810a-d21d64ae5aa3,3e43023c-7f74-4911-9427-6d3c49a54722,2026-09-08T18:26:27Z,FanDuel Sportsbook structured market feed,,VA,NFL,35610170,Arizona Cardinals @ Los Angeles Chargers,2026-09-13T20:26:00.000Z,FanDuel,751.185256031,receiving_yards,Kendrick Bourne - Receiving Yds,,Kendrick Bourne,27362691,under,16.5,-114,1.87719298245614,0.5327102803738317,open,,,2026-09-08T18:26:27Z,,,,,v3-forward-measurement
dedf78de-2d52-4d47-810a-d21d64ae5aa3,0bbdba4f-5707-4f64-be47-4314e15a9edd,2026-09-08T18:26:27Z,FanDuel Sportsbook structured market feed,,VA,NFL,35610170,Arizona Cardinals @ Los Angeles Chargers,2026-09-13T20:26:00.000Z,FanDuel,751.183980009,receptions,Ladd McConkey - Total Receptions,,Ladd McConkey,42217173,over,4.5,-102,1.980392156862745,0.504950495049505,open,,,2026-09-08T18:26:27Z,,,,,v3-forward-measurement
dedf78de-2d52-4d47-810a-d21d64ae5aa3,3e0604a5-e4b0-47de-8147-0acecd0b8fa3,2026-09-08T18:26:27Z,FanDuel Sportsbook structured market feed,,VA,NFL,35610170,Arizona Cardinals @ Los Angeles Chargers,2026-09-13T20:26:00.000Z,FanDuel,751.183980009,receptions,Ladd McConkey - Total Receptions,,Ladd McConkey,42217172,under,4.5,-130,1.769230769230769,0.5652173913043478,open,,,2026-09-08T18:26:27Z,,,,,v3-forward-measurement
dedf78de-2d52-4d47-810a-d21d64ae5aa3,cc490ce3-0678-4f5b-b453-66c2491c5c53,2026-09-08T18:26:27Z,FanDuel Sportsbook structured market feed,,VA,NFL,35610170,Arizona Cardinals @ Los Angeles Chargers,2026-09-13T20:26:00.000Z,FanDuel,751.183981338,receiving_yards,Marvin Harrison Jr. - Receiving Yds,,Marvin Harrison Jr.,48048067,over,48.5,-114,1.87719298245614,0.5327102803738317,open,,,2026-09-08T18:26:27Z,,,,,v3-forward-measurement
dedf78de-2d52-4d47-810a-d21d64ae5aa3,3b69f97b-7aa4-40ec-ad20-73ab0abed454,2026-09-08T18:26:27Z,FanDuel Sportsbook structured market feed,,VA,NFL,35610170,Arizona Cardinals @ Los Angeles Chargers,2026-09-13T20:26:00.000Z,FanDuel,751.183981338,receiving_yards,Marvin Harrison Jr. - Receiving Yds,,Marvin Harrison Jr.,48048065,under,48.5,-114,1.87719298245614,0.5327102803738317,open,,,2026-09-08T18:26:27Z,,,,,v3-forward-measurement
dedf78de-2d52-4d47-810a-d21d64ae5aa3,aee25ebe-8108-4317-b410-274c357f8809,2026-09-08T18:26:27Z,FanDuel Sportsbook structured market feed,,VA,NFL,35610170,Arizona Cardinals @ Los Angeles Chargers,2026-09-13T20:26:00.000Z,FanDuel,751.183980600,receiving_yards,Tre Harris - Receiving Yds,,Tre Harris,48012110,over,26.5,-114,1.87719298245614,0.5327102803738317,open,,,2026-09-08T18:26:27Z,,,,,v3-forward-measurement
dedf78de-2d52-4d47-810a-d21d64ae5aa3,bc848d72-5250-43e3-925e-7a4eebcccfb3,2026-09-08T18:26:27Z,FanDuel Sportsbook structured market feed,,VA,NFL,35610170,Arizona Cardinals @ Los Angeles Chargers,2026-09-13T20:26:00.000Z,FanDuel,751.183980600,receiving_yards,Tre Harris - Receiving Yds,,Tre Harris,48012111,under,26.5,-114,1.87719298245614,0.5327102803738317,open,,,2026-09-08T18:26:27Z,,,,,v3-forward-measurement
dedf78de-2d52-4d47-810a-d21d64ae5aa3,7cdac111-4e67-4ffb-9880-a55cbee2c814,2026-09-08T18:26:27Z,FanDuel Sportsbook structured market feed,,VA,NFL,35610170,Arizona Cardinals @ Los Angeles Chargers,2026-09-13T20:26:00.000Z,FanDuel,751.183981337,receptions,Marvin Harrison Jr. - Total Receptions,,Marvin Harrison Jr.,48048067,over,3.5,-172,1.581395348837209,0.6323529411764706,open,,,2026-09-08T18:26:27Z,,,,,v3-forward-measurement
dedf78de-2d52-4d47-810a-d21d64ae5aa3,fbbddbf4-dc54-46aa-95bf-4e81e45082eb,2026-09-08T18:26:27Z,FanDuel Sportsbook structured market feed,,VA,NFL,35610170,Arizona Cardinals @ Los Angeles Chargers,2026-09-13T20:26:00.000Z,FanDuel,751.183981337,receptions,Marvin Harrison Jr. - Total Receptions,,Marvin Harrison Jr.,48048065,under,3.5,128,2.28,0.43859649122807015,open,,,2026-09-08T18:26:27Z,,,,,v3-forward-measurement
dedf78de-2d52-4d47-810a-d21d64ae5aa3,3fe191e9-e926-4fa9-9c1c-c83916982126,2026-09-08T18:26:27Z,FanDuel Sportsbook structured market feed,,VA,NFL,35610170,Arizona Cardinals @ Los Angeles Chargers,2026-09-13T20:26:00.000Z,FanDuel,751.183980004,receiving_yards,Ladd McConkey - Receiving Yds,,Ladd McConkey,42217173,over,50.5,-114,1.87719298245614,0.5327102803738317,open,,,2026-09-08T18:26:27Z,,,,,v3-forward-measurement
dedf78de-2d52-4d47-810a-d21d64ae5aa3,60101d31-a513-47c5-b894-44335ec7c8d7,2026-09-08T18:26:27Z,FanDuel Sportsbook structured market feed,,VA,NFL,35610170,Arizona Cardinals @ Los Angeles Chargers,2026-09-13T20:26:00.000Z,FanDuel,751.183980004,receiving_yards,Ladd McConkey - Receiving Yds,,Ladd McConkey,42217172,under,50.5,-114,1.87719298245614,0.5327102803738317,open,,,2026-09-08T18:26:27Z,,,,,v3-forward-measurement
dedf78de-2d52-4d47-810a-d21d64ae5aa3,f413eabd-454a-4b97-85b2-4d5f65778849,2026-09-08T18:26:27Z,FanDuel Sportsbook structured market feed,,VA,NFL,35610170,Arizona Cardinals @ Los Angeles Chargers,2026-09-13T20:26:00.000Z,FanDuel,751.183980203,receptions,Quentin Johnston - Total Receptions,,Quentin Johnston,41161053,over,3.5,116,2.16,0.46296296296296297,open,,,2026-09-08T18:26:27Z,,,,,v3-forward-measurement
dedf78de-2d52-4d47-810a-d21d64ae5aa3,063bb4c8-0070-4117-9712-b806fe7aef50,2026-09-08T18:26:27Z,FanDuel Sportsbook structured market feed,,VA,NFL,35610170,Arizona Cardinals @ Los Angeles Chargers,2026-09-13T20:26:00.000Z,FanDuel,751.183980203,receptions,Quentin Johnston - Total Receptions,,Quentin Johnston,41161054,under,3.5,-154,1.649350649350649,0.6062992125984252,open,,,2026-09-08T18:26:27Z,,,,,v3-forward-measurement
f3badb7c-9930-45b0-b885-2e3cad4cbf33,38ed59b8-7d06-4210-ab5c-4a6390123ae9,2026-09-08T18:26:27Z,FanDuel Sportsbook structured market feed,,VA,NFL,35610171,Green Bay Packers @ Minnesota Vikings,2026-09-13T20:25:00.000Z,FanDuel,751.183656583,passing_yards,Kyler Murray - Passing Yds,,Kyler Murray,25938060,over,221.5,-114,1.87719298245614,0.5327102803738317,open,,,2026-09-08T18:26:27Z,,,,,v3-forward-measurement
f3badb7c-9930-45b0-b885-2e3cad4cbf33,f63759b5-1c50-4b75-b8f1-fdf99ffb5e30,2026-09-08T18:26:27Z,FanDuel Sportsbook structured market feed,,VA,NFL,35610171,Green Bay Packers @ Minnesota Vikings,2026-09-13T20:25:00.000Z,FanDuel,751.183656583,passing_yards,Kyler Murray - Passing Yds,,Kyler Murray,25938061,under,221.5,-114,1.87719298245614,0.5327102803738317,open,,,2026-09-08T18:26:27Z,,,,,v3-forward-measurement
f3badb7c-9930-45b0-b885-2e3cad4cbf33,f2d5a6fb-5fa9-48ce-912f-3879de1eb5d2,2026-09-08T18:26:27Z,FanDuel Sportsbook structured market feed,,VA,NFL,35610171,Green Bay Packers @ Minnesota Vikings,2026-09-13T20:25:00.000Z,FanDuel,751.183656650,passing_touchdowns,Jordan Love - Passing TDs,,Jordan Love,40916512,over,1.5,108,2.08,0.4807692307692308,open,,,2026-09-08T18:26:27Z,,,,,v3-forward-measurement
f3badb7c-9930-45b0-b885-2e3cad4cbf33,fc13e2d3-e145-4b4b-9be9-f8a81a69c90f,2026-09-08T18:26:27Z,FanDuel Sportsbook structured market feed,,VA,NFL,35610171,Green Bay Packers @ Minnesota Vikings,2026-09-13T20:25:00.000Z,FanDuel,751.183656650,passing_touchdowns,Jordan Love - Passing TDs,,Jordan Love,40916527,under,1.5,-144,1.694444444444444,0.5901639344262295,open,,,2026-09-08T18:26:27Z,,,,,v3-forward-measurement
f3badb7c-9930-45b0-b885-2e3cad4cbf33,e01ced4b-83a3-4197-b9ab-72d0a1ec8a37,2026-09-08T18:26:27Z,FanDuel Sportsbook structured market feed,,VA,NFL,35610171,Green Bay Packers @ Minnesota Vikings,2026-09-13T20:25:00.000Z,FanDuel,751.183656664,passing_touchdowns,Kyler Murray - Passing TDs,,Kyler Murray,25938060,over,1.5,118,2.18,0.45871559633027525,open,,,2026-09-08T18:26:27Z,,,,,v3-forward-measurement
f3badb7c-9930-45b0-b885-2e3cad4cbf33,58aba78c-517b-448b-a342-fe94666657d5,2026-09-08T18:26:27Z,FanDuel Sportsbook structured market feed,,VA,NFL,35610171,Green Bay Packers @ Minnesota Vikings,2026-09-13T20:25:00.000Z,FanDuel,751.183656664,passing_touchdowns,Kyler Murray - Passing TDs,,Kyler Murray,25938061,under,1.5,-158,1.632911392405063,0.6124031007751938,open,,,2026-09-08T18:26:27Z,,,,,v3-forward-measurement
f3badb7c-9930-45b0-b885-2e3cad4cbf33,40ee2574-2d4c-4072-ab33-f42774933ba8,2026-09-08T18:26:27Z,FanDuel Sportsbook structured market feed,,VA,NFL,35610171,Green Bay Packers @ Minnesota Vikings,2026-09-13T20:25:00.000Z,FanDuel,751.183656679,passing_yards,Jordan Love - Passing Yds,,Jordan Love,40916512,over,238.5,-114,1.87719298245614,0.5327102803738317,open,,,2026-09-08T18:26:27Z,,,,,v3-forward-measurement
f3badb7c-9930-45b0-b885-2e3cad4cbf33,cc4ca14e-8616-4fcc-b75b-00e0c3c83369,2026-09-08T18:26:27Z,FanDuel Sportsbook structured market feed,,VA,NFL,35610171,Green Bay Packers @ Minnesota Vikings,2026-09-13T20:25:00.000Z,FanDuel,751.183656679,passing_yards,Jordan Love - Passing Yds,,Jordan Love,40916527,under,238.5,-114,1.87719298245614,0.5327102803738317,open,,,2026-09-08T18:26:27Z,,,,,v3-forward-measurement
53de05c4-949c-478f-be20-5d35fcdde864,089b7714-9606-422c-bf88-8f6a031c5683,2026-09-08T18:26:27Z,FanDuel Sportsbook structured market feed,,VA,NFL,35610171,Green Bay Packers @ Minnesota Vikings,2026-09-13T20:25:00.000Z,FanDuel,751.183658211,rushing_yards,Jordan Mason - Rushing Yds,,Jordan Mason,48820678,over,43.5,-114,1.87719298245614,0.5327102803738317,open,,,2026-09-08T18:26:27Z,,,,,v3-forward-measurement
53de05c4-949c-478f-be20-5d35fcdde864,65d48859-c276-4cb1-a169-7b9f24393010,2026-09-08T18:26:27Z,FanDuel Sportsbook structured market feed,,VA,NFL,35610171,Green Bay Packers @ Minnesota Vikings,2026-09-13T20:25:00.000Z,FanDuel,751.183658211,rushing_yards,Jordan Mason - Rushing Yds,,Jordan Mason,48820677,under,43.5,-114,1.87719298245614,0.5327102803738317,open,,,2026-09-08T18:26:27Z,,,,,v3-forward-measurement
53de05c4-949c-478f-be20-5d35fcdde864,85518ddb-bffa-4c43-91fc-4a9f76bf30ae,2026-09-08T18:26:27Z,FanDuel Sportsbook structured market feed,,VA,NFL,35610171,Green Bay Packers @ Minnesota Vikings,2026-09-13T20:25:00.000Z,FanDuel,751.183658226,rushing_yards,Kyler Murray - Rushing Yds,,Kyler Murray,25938060,over,22.5,-114,1.87719298245614,0.5327102803738317,open,,,2026-09-08T18:26:27Z,,,,,v3-forward-measurement
53de05c4-949c-478f-be20-5d35fcdde864,67c87843-3c7d-4f6c-a0a6-5a1dbcdf2e82,2026-09-08T18:26:27Z,FanDuel Sportsbook structured market feed,,VA,NFL,35610171,Green Bay Packers @ Minnesota Vikings,2026-09-13T20:25:00.000Z,FanDuel,751.183658226,rushing_yards,Kyler Murray - Rushing Yds,,Kyler Murray,25938061,under,22.5,-114,1.87719298245614,0.5327102803738317,open,,,2026-09-08T18:26:27Z,,,,,v3-forward-measurement
53de05c4-949c-478f-be20-5d35fcdde864,c3419238-5848-43b3-8e53-95d1815b13e9,2026-09-08T18:26:27Z,FanDuel Sportsbook structured market feed,,VA,NFL,35610171,Green Bay Packers @ Minnesota Vikings,2026-09-13T20:25:00.000Z,FanDuel,751.183658229,rushing_yards,Jordan Love - Rushing Yds,,Jordan Love,40916512,over,10.5,-114,1.87719298245614,0.5327102803738317,open,,,2026-09-08T18:26:27Z,,,,,v3-forward-measurement
53de05c4-949c-478f-be20-5d35fcdde864,8e5ff72a-37e8-40f2-87e5-c2b4cc5e80fb,2026-09-08T18:26:27Z,FanDuel Sportsbook structured market feed,,VA,NFL,35610171,Green Bay Packers @ Minnesota Vikings,2026-09-13T20:25:00.000Z,FanDuel,751.183658229,rushing_yards,Jordan Love - Rushing Yds,,Jordan Love,40916527,under,10.5,-114,1.87719298245614,0.5327102803738317,open,,,2026-09-08T18:26:27Z,,,,,v3-forward-measurement
53de05c4-949c-478f-be20-5d35fcdde864,afd55dfd-81fe-4c30-9c9d-9e396b1df672,2026-09-08T18:26:27Z,FanDuel Sportsbook structured market feed,,VA,NFL,35610171,Green Bay Packers @ Minnesota Vikings,2026-09-13T20:25:00.000Z,FanDuel,751.183902562,rushing_yards,MarShawn Lloyd - Rushing Yds,,MarShawn Lloyd,48300723,over,48.5,-114,1.87719298245614,0.5327102803738317,open,,,2026-09-08T18:26:27Z,,,,,v3-forward-measurement
53de05c4-949c-478f-be20-5d35fcdde864,49c76d69-5557-40c7-9db5-417a9a36b3bb,2026-09-08T18:26:27Z,FanDuel Sportsbook structured market feed,,VA,NFL,35610171,Green Bay Packers @ Minnesota Vikings,2026-09-13T20:25:00.000Z,FanDuel,751.183902562,rushing_yards,MarShawn Lloyd - Rushing Yds,,MarShawn Lloyd,48300722,under,48.5,-114,1.87719298245614,0.5327102803738317,open,,,2026-09-08T18:26:27Z,,,,,v3-forward-measurement
53de05c4-949c-478f-be20-5d35fcdde864,92516c7e-a741-4386-a714-6ec063a22247,2026-09-08T18:26:27Z,FanDuel Sportsbook structured market feed,,VA,NFL,35610171,Green Bay Packers @ Minnesota Vikings,2026-09-13T20:25:00.000Z,FanDuel,751.183658228,rushing_yards,Aaron Jones - Rushing Yds,,Aaron Jones,15353380,over,29.5,-114,1.87719298245614,0.5327102803738317,open,,,2026-09-08T18:26:27Z,,,,,v3-forward-measurement
53de05c4-949c-478f-be20-5d35fcdde864,090d117e-3dd2-4c31-a7ee-dc3277907f67,2026-09-08T18:26:27Z,FanDuel Sportsbook structured market feed,,VA,NFL,35610171,Green Bay Packers @ Minnesota Vikings,2026-09-13T20:25:00.000Z,FanDuel,751.183658228,rushing_yards,Aaron Jones - Rushing Yds,,Aaron Jones,15353381,under,29.5,-114,1.87719298245614,0.5327102803738317,open,,,2026-09-08T18:26:27Z,,,,,v3-forward-measurement
da1d136f-6316-41ef-af63-86d44e6f4e13,7e212b66-6a51-451e-9421-421924f287ea,2026-09-08T18:26:27Z,FanDuel Sportsbook structured market feed,,VA,NFL,35610171,Green Bay Packers @ Minnesota Vikings,2026-09-13T20:25:00.000Z,FanDuel,751.183658221,receptions,Tucker Kraft - Total Receptions,,Tucker Kraft,60409170,over,3.5,-172,1.581395348837209,0.6323529411764706,open,,,2026-09-08T18:26:27Z,,,,,v3-forward-measurement
da1d136f-6316-41ef-af63-86d44e6f4e13,535c718a-c46c-4c2e-aa56-3f251f2cc994,2026-09-08T18:26:27Z,FanDuel Sportsbook structured market feed,,VA,NFL,35610171,Green Bay Packers @ Minnesota Vikings,2026-09-13T20:25:00.000Z,FanDuel,751.183658221,receptions,Tucker Kraft - Total Receptions,,Tucker Kraft,60409164,under,3.5,128,2.28,0.43859649122807015,open,,,2026-09-08T18:26:27Z,,,,,v3-forward-measurement
da1d136f-6316-41ef-af63-86d44e6f4e13,4ce2b387-494d-4b7c-a2eb-98f26fe9c5d0,2026-09-08T18:26:27Z,FanDuel Sportsbook structured market feed,,VA,NFL,35610171,Green Bay Packers @ Minnesota Vikings,2026-09-13T20:25:00.000Z,FanDuel,751.183658220,receiving_yards,Christian Watson - Receiving Yds,,Christian Watson,48400051,over,55.5,-114,1.87719298245614,0.5327102803738317,open,,,2026-09-08T18:26:27Z,,,,,v3-forward-measurement
da1d136f-6316-41ef-af63-86d44e6f4e13,63e8ad0a-80dc-4edb-8214-c9de9b9c1b7c,2026-09-08T18:26:27Z,FanDuel Sportsbook structured market feed,,VA,NFL,35610171,Green Bay Packers @ Minnesota Vikings,2026-09-13T20:25:00.000Z,FanDuel,751.183658220,receiving_yards,Christian Watson - Receiving Yds,,Christian Watson,48400052,under,55.5,-114,1.87719298245614,0.5327102803738317,open,,,2026-09-08T18:26:27Z,,,,,v3-forward-measurement
da1d136f-6316-41ef-af63-86d44e6f4e13,88ca7b0d-1bb7-4c05-bee9-26179a6a46d9,2026-09-08T18:26:27Z,FanDuel Sportsbook structured market feed,,VA,NFL,35610171,Green Bay Packers @ Minnesota Vikings,2026-09-13T20:25:00.000Z,FanDuel,751.183658222,receptions,Christian Watson - Total Receptions,,Christian Watson,48400051,over,3.5,-178,1.561797752808989,0.6402877697841727,open,,,2026-09-08T18:26:27Z,,,,,v3-forward-measurement
da1d136f-6316-41ef-af63-86d44e6f4e13,bad9af4b-0d82-44a1-8723-2c2223e4eddc,2026-09-08T18:26:27Z,FanDuel Sportsbook structured market feed,,VA,NFL,35610171,Green Bay Packers @ Minnesota Vikings,2026-09-13T20:25:00.000Z,FanDuel,751.183658222,receptions,Christian Watson - Total Receptions,,Christian Watson,48400052,under,3.5,132,2.32,0.43103448275862066,open,,,2026-09-08T18:26:27Z,,,,,v3-forward-measurement
da1d136f-6316-41ef-af63-86d44e6f4e13,f8ad9742-ba7e-41a6-a2ef-a7f175762d0d,2026-09-08T18:26:27Z,FanDuel Sportsbook structured market feed,,VA,NFL,35610171,Green Bay Packers @ Minnesota Vikings,2026-09-13T20:25:00.000Z,FanDuel,751.183658225,receptions,Matthew Golden - Total Receptions,,Matthew Golden,48504748,over,3.5,-102,1.980392156862745,0.504950495049505,open,,,2026-09-08T18:26:27Z,,,,,v3-forward-measurement
da1d136f-6316-41ef-af63-86d44e6f4e13,98d42ec6-0608-4637-9036-33e82ae661ea,2026-09-08T18:26:27Z,FanDuel Sportsbook structured market feed,,VA,NFL,35610171,Green Bay Packers @ Minnesota Vikings,2026-09-13T20:25:00.000Z,FanDuel,751.183658225,receptions,Matthew Golden - Total Receptions,,Matthew Golden,48504749,under,3.5,-130,1.769230769230769,0.5652173913043478,open,,,2026-09-08T18:26:27Z,,,,,v3-forward-measurement
da1d136f-6316-41ef-af63-86d44e6f4e13,3dede71d-da16-4eb6-a19e-c896b1f282ba,2026-09-08T18:26:27Z,FanDuel Sportsbook structured market feed,,VA,NFL,35610171,Green Bay Packers @ Minnesota Vikings,2026-09-13T20:25:00.000Z,FanDuel,751.183658227,receiving_yards,Justin Jefferson - Receiving Yds,,Justin Jefferson,36057836,over,73.5,-114,1.87719298245614,0.5327102803738317,open,,,2026-09-08T18:26:27Z,,,,,v3-forward-measurement
da1d136f-6316-41ef-af63-86d44e6f4e13,0343e091-c908-4cec-9ade-2fa3a215eeba,2026-09-08T18:26:27Z,FanDuel Sportsbook structured market feed,,VA,NFL,35610171,Green Bay Packers @ Minnesota Vikings,2026-09-13T20:25:00.000Z,FanDuel,751.183658227,receiving_yards,Justin Jefferson - Receiving Yds,,Justin Jefferson,36057837,under,73.5,-114,1.87719298245614,0.5327102803738317,open,,,2026-09-08T18:26:27Z,,,,,v3-forward-measurement
da1d136f-6316-41ef-af63-86d44e6f4e13,c601eef5-2c4a-4d86-87d2-dbe47eb519aa,2026-09-08T18:26:27Z,FanDuel Sportsbook structured market feed,,VA,NFL,35610171,Green Bay Packers @ Minnesota Vikings,2026-09-13T20:25:00.000Z,FanDuel,751.185143472,receptions,Aaron Jones - Total Receptions,,Aaron Jones,15353380,over,2.5,-120,1.833333333333333,0.5454545454545454,open,,,2026-09-08T18:26:27Z,,,,,v3-forward-measurement
da1d136f-6316-41ef-af63-86d44e6f4e13,3d3f11a2-3d81-462a-b347-3e4b3b4c03a6,2026-09-08T18:26:27Z,FanDuel Sportsbook structured market feed,,VA,NFL,35610171,Green Bay Packers @ Minnesota Vikings,2026-09-13T20:25:00.000Z,FanDuel,751.185143472,receptions,Aaron Jones - Total Receptions,,Aaron Jones,15353381,under,2.5,-110,1.909090909090909,0.5238095238095238,open,,,2026-09-08T18:26:27Z,,,,,v3-forward-measurement
da1d136f-6316-41ef-af63-86d44e6f4e13,2d3b9882-8c2b-48b6-b988-d00898502253,2026-09-08T18:26:27Z,FanDuel Sportsbook structured market feed,,VA,NFL,35610171,Green Bay Packers @ Minnesota Vikings,2026-09-13T20:25:00.000Z,FanDuel,751.183658232,receiving_yards,Tucker Kraft - Receiving Yds,,Tucker Kraft,60409170,over,45.5,-114,1.87719298245614,0.5327102803738317,open,,,2026-09-08T18:26:27Z,,,,,v3-forward-measurement
da1d136f-6316-41ef-af63-86d44e6f4e13,1c1ee676-16d7-4f16-b11b-7d18c10a9f24,2026-09-08T18:26:27Z,FanDuel Sportsbook structured market feed,,VA,NFL,35610171,Green Bay Packers @ Minnesota Vikings,2026-09-13T20:25:00.000Z,FanDuel,751.183658232,receiving_yards,Tucker Kraft - Receiving Yds,,Tucker Kraft,60409164,under,45.5,-114,1.87719298245614,0.5327102803738317,open,,,2026-09-08T18:26:27Z,,,,,v3-forward-measurement
da1d136f-6316-41ef-af63-86d44e6f4e13,8a5c2926-64c9-4442-90b8-d2583f290757,2026-09-08T18:26:27Z,FanDuel Sportsbook structured market feed,,VA,NFL,35610171,Green Bay Packers @ Minnesota Vikings,2026-09-13T20:25:00.000Z,FanDuel,751.183658231,receiving_yards,Matthew Golden - Receiving Yds,,Matthew Golden,48504748,over,39.5,-114,1.87719298245614,0.5327102803738317,open,,,2026-09-08T18:26:27Z,,,,,v3-forward-measurement
da1d136f-6316-41ef-af63-86d44e6f4e13,21356684-c77d-4197-99cc-c26f472ce3ee,2026-09-08T18:26:27Z,FanDuel Sportsbook structured market feed,,VA,NFL,35610171,Green Bay Packers @ Minnesota Vikings,2026-09-13T20:25:00.000Z,FanDuel,751.183658231,receiving_yards,Matthew Golden - Receiving Yds,,Matthew Golden,48504749,under,39.5,-114,1.87719298245614,0.5327102803738317,open,,,2026-09-08T18:26:27Z,,,,,v3-forward-measurement
da1d136f-6316-41ef-af63-86d44e6f4e13,8d63eace-a270-4369-9d26-22075c1dbd98,2026-09-08T18:26:27Z,FanDuel Sportsbook structured market feed,,VA,NFL,35610171,Green Bay Packers @ Minnesota Vikings,2026-09-13T20:25:00.000Z,FanDuel,751.183658233,receptions,Jauan Jennings - Total Receptions,,Jauan Jennings,40913497,over,2.5,132,2.32,0.43103448275862066,open,,,2026-09-08T18:26:27Z,,,,,v3-forward-measurement
da1d136f-6316-41ef-af63-86d44e6f4e13,7229bf82-5d15-42be-af04-bddd8e29e860,2026-09-08T18:26:27Z,FanDuel Sportsbook structured market feed,,VA,NFL,35610171,Green Bay Packers @ Minnesota Vikings,2026-09-13T20:25:00.000Z,FanDuel,751.183658233,receptions,Jauan Jennings - Total Receptions,,Jauan Jennings,40913496,under,2.5,-178,1.561797752808989,0.6402877697841727,open,,,2026-09-08T18:26:27Z,,,,,v3-forward-measurement
da1d136f-6316-41ef-af63-86d44e6f4e13,dafcdfdf-90e7-4487-b87e-68d8726cc9ce,2026-09-08T18:26:27Z,FanDuel Sportsbook structured market feed,,VA,NFL,35610171,Green Bay Packers @ Minnesota Vikings,2026-09-13T20:25:00.000Z,FanDuel,751.183658235,receiving_yards,Jordan Addison - Receiving Yds,,Jordan Addison,41179872,over,42.5,-114,1.87719298245614,0.5327102803738317,open,,,2026-09-08T18:26:27Z,,,,,v3-forward-measurement
da1d136f-6316-41ef-af63-86d44e6f4e13,851f6e20-48b0-45f8-8032-c8c03801b497,2026-09-08T18:26:27Z,FanDuel Sportsbook structured market feed,,VA,NFL,35610171,Green Bay Packers @ Minnesota Vikings,2026-09-13T20:25:00.000Z,FanDuel,751.183658235,receiving_yards,Jordan Addison - Receiving Yds,,Jordan Addison,41179871,under,42.5,-114,1.87719298245614,0.5327102803738317,open,,,2026-09-08T18:26:27Z,,,,,v3-forward-measurement
da1d136f-6316-41ef-af63-86d44e6f4e13,1504b650-81f8-4e3f-9967-7b926006366e,2026-09-08T18:26:27Z,FanDuel Sportsbook structured market feed,,VA,NFL,35610171,Green Bay Packers @ Minnesota Vikings,2026-09-13T20:25:00.000Z,FanDuel,751.185143469,receiving_yards,Aaron Jones - Receiving Yds,,Aaron Jones,15353380,over,14.5,-114,1.87719298245614,0.5327102803738317,open,,,2026-09-08T18:26:27Z,,,,,v3-forward-measurement
da1d136f-6316-41ef-af63-86d44e6f4e13,38ef2eb0-e542-4318-9e86-07936331e6ee,2026-09-08T18:26:27Z,FanDuel Sportsbook structured market feed,,VA,NFL,35610171,Green Bay Packers @ Minnesota Vikings,2026-09-13T20:25:00.000Z,FanDuel,751.185143469,receiving_yards,Aaron Jones - Receiving Yds,,Aaron Jones,15353381,under,14.5,-114,1.87719298245614,0.5327102803738317,open,,,2026-09-08T18:26:27Z,,,,,v3-forward-measurement
da1d136f-6316-41ef-af63-86d44e6f4e13,56863d78-9a76-41ae-87cd-669bbf8f195d,2026-09-08T18:26:27Z,FanDuel Sportsbook structured market feed,,VA,NFL,35610171,Green Bay Packers @ Minnesota Vikings,2026-09-13T20:25:00.000Z,FanDuel,751.185076858,receiving_yards,MarShawn Lloyd - Receiving Yds,,MarShawn Lloyd,48300723,over,10.5,-114,1.87719298245614,0.5327102803738317,open,,,2026-09-08T18:26:27Z,,,,,v3-forward-measurement
da1d136f-6316-41ef-af63-86d44e6f4e13,cc5bf90e-2fbf-40ae-8ddc-19b75f5db1c2,2026-09-08T18:26:27Z,FanDuel Sportsbook structured market feed,,VA,NFL,35610171,Green Bay Packers @ Minnesota Vikings,2026-09-13T20:25:00.000Z,FanDuel,751.185076858,receiving_yards,MarShawn Lloyd - Receiving Yds,,MarShawn Lloyd,48300722,under,10.5,-114,1.87719298245614,0.5327102803738317,open,,,2026-09-08T18:26:27Z,,,,,v3-forward-measurement
da1d136f-6316-41ef-af63-86d44e6f4e13,96cd1f15-f96d-43f2-aa1a-a70a5db73699,2026-09-08T18:26:27Z,FanDuel Sportsbook structured market feed,,VA,NFL,35610171,Green Bay Packers @ Minnesota Vikings,2026-09-13T20:25:00.000Z,FanDuel,751.185076854,receptions,MarShawn Lloyd - Total Receptions,,MarShawn Lloyd,48300723,over,1.5,-158,1.632911392405063,0.6124031007751938,open,,,2026-09-08T18:26:27Z,,,,,v3-forward-measurement
da1d136f-6316-41ef-af63-86d44e6f4e13,97425e0b-b7c8-411c-95b0-654896c4ad0e,2026-09-08T18:26:27Z,FanDuel Sportsbook structured market feed,,VA,NFL,35610171,Green Bay Packers @ Minnesota Vikings,2026-09-13T20:25:00.000Z,FanDuel,751.185076854,receptions,MarShawn Lloyd - Total Receptions,,MarShawn Lloyd,48300722,under,1.5,118,2.18,0.45871559633027525,open,,,2026-09-08T18:26:27Z,,,,,v3-forward-measurement
da1d136f-6316-41ef-af63-86d44e6f4e13,f4dd0635-a984-4990-83f5-7ff14fb1441d,2026-09-08T18:26:27Z,FanDuel Sportsbook structured market feed,,VA,NFL,35610171,Green Bay Packers @ Minnesota Vikings,2026-09-13T20:25:00.000Z,FanDuel,751.183658209,receiving_yards,Jauan Jennings - Receiving Yds,,Jauan Jennings,40913497,over,23.5,-114,1.87719298245614,0.5327102803738317,open,,,2026-09-08T18:26:27Z,,,,,v3-forward-measurement
da1d136f-6316-41ef-af63-86d44e6f4e13,85907b7b-10fb-4f1f-9bca-a95b2534c38b,2026-09-08T18:26:27Z,FanDuel Sportsbook structured market feed,,VA,NFL,35610171,Green Bay Packers @ Minnesota Vikings,2026-09-13T20:25:00.000Z,FanDuel,751.183658209,receiving_yards,Jauan Jennings - Receiving Yds,,Jauan Jennings,40913496,under,23.5,-114,1.87719298245614,0.5327102803738317,open,,,2026-09-08T18:26:27Z,,,,,v3-forward-measurement
da1d136f-6316-41ef-af63-86d44e6f4e13,9bfa1482-2af2-476d-9d5b-ac4ee57cbc89,2026-09-08T18:26:27Z,FanDuel Sportsbook structured market feed,,VA,NFL,35610171,Green Bay Packers @ Minnesota Vikings,2026-09-13T20:25:00.000Z,FanDuel,751.183658214,receptions,Jayden Reed - Total Receptions,,Jayden Reed,40975117,over,3.5,-102,1.980392156862745,0.504950495049505,open,,,2026-09-08T18:26:27Z,,,,,v3-forward-measurement
da1d136f-6316-41ef-af63-86d44e6f4e13,ae3c37b2-0b08-4859-b0b9-5ab78e86c845,2026-09-08T18:26:27Z,FanDuel Sportsbook structured market feed,,VA,NFL,35610171,Green Bay Packers @ Minnesota Vikings,2026-09-13T20:25:00.000Z,FanDuel,751.183658214,receptions,Jayden Reed - Total Receptions,,Jayden Reed,40975114,under,3.5,-130,1.769230769230769,0.5652173913043478,open,,,2026-09-08T18:26:27Z,,,,,v3-forward-measurement
da1d136f-6316-41ef-af63-86d44e6f4e13,25c31336-b566-4847-84f3-afca2e666ca7,2026-09-08T18:26:27Z,FanDuel Sportsbook structured market feed,,VA,NFL,35610171,Green Bay Packers @ Minnesota Vikings,2026-09-13T20:25:00.000Z,FanDuel,751.183658215,receptions,Justin Jefferson - Total Receptions,,Justin Jefferson,36057836,over,5.5,-148,1.675675675675676,0.5967741935483871,open,,,2026-09-08T18:26:27Z,,,,,v3-forward-measurement
da1d136f-6316-41ef-af63-86d44e6f4e13,7b255d27-e35a-4730-8111-02a6bf6bbed2,2026-09-08T18:26:27Z,FanDuel Sportsbook structured market feed,,VA,NFL,35610171,Green Bay Packers @ Minnesota Vikings,2026-09-13T20:25:00.000Z,FanDuel,751.183658215,receptions,Justin Jefferson - Total Receptions,,Justin Jefferson,36057837,under,5.5,112,2.12,0.4716981132075472,open,,,2026-09-08T18:26:27Z,,,,,v3-forward-measurement
da1d136f-6316-41ef-af63-86d44e6f4e13,f8013320-5e7c-450e-b11e-af50834ffe6e,2026-09-08T18:26:27Z,FanDuel Sportsbook structured market feed,,VA,NFL,35610171,Green Bay Packers @ Minnesota Vikings,2026-09-13T20:25:00.000Z,FanDuel,751.183877949,receiving_yards,T.J. Hockenson - Receiving Yds,,T.J. Hockenson,26049039,over,27.5,-114,1.87719298245614,0.5327102803738317,open,,,2026-09-08T18:26:27Z,,,,,v3-forward-measurement
da1d136f-6316-41ef-af63-86d44e6f4e13,fb7882b1-2d62-4e2a-9816-77cc5985a5d0,2026-09-08T18:26:27Z,FanDuel Sportsbook structured market feed,,VA,NFL,35610171,Green Bay Packers @ Minnesota Vikings,2026-09-13T20:25:00.000Z,FanDuel,751.183877949,receiving_yards,T.J. Hockenson - Receiving Yds,,T.J. Hockenson,26049040,under,27.5,-114,1.87719298245614,0.5327102803738317,open,,,2026-09-08T18:26:27Z,,,,,v3-forward-measurement
da1d136f-6316-41ef-af63-86d44e6f4e13,5b9ea11d-125a-46c2-9f9c-b24464ce4a14,2026-09-08T18:26:27Z,FanDuel Sportsbook structured market feed,,VA,NFL,35610171,Green Bay Packers @ Minnesota Vikings,2026-09-13T20:25:00.000Z,FanDuel,751.183658218,receiving_yards,Jayden Reed - Receiving Yds,,Jayden Reed,40975117,over,39.5,-114,1.87719298245614,0.5327102803738317,open,,,2026-09-08T18:26:27Z,,,,,v3-forward-measurement
da1d136f-6316-41ef-af63-86d44e6f4e13,72dd086d-3f6a-472d-a071-290b4ed50e3a,2026-09-08T18:26:27Z,FanDuel Sportsbook structured market feed,,VA,NFL,35610171,Green Bay Packers @ Minnesota Vikings,2026-09-13T20:25:00.000Z,FanDuel,751.183658218,receiving_yards,Jayden Reed - Receiving Yds,,Jayden Reed,40975114,under,39.5,-114,1.87719298245614,0.5327102803738317,open,,,2026-09-08T18:26:27Z,,,,,v3-forward-measurement
da1d136f-6316-41ef-af63-86d44e6f4e13,d572a279-4797-4cb2-8f40-5600f57b53b3,2026-09-08T18:26:27Z,FanDuel Sportsbook structured market feed,,VA,NFL,35610171,Green Bay Packers @ Minnesota Vikings,2026-09-13T20:25:00.000Z,FanDuel,751.183658217,receptions,Jordan Addison - Total Receptions,,Jordan Addison,41179872,over,3.5,102,2.02,0.49504950495049505,open,,,2026-09-08T18:26:27Z,,,,,v3-forward-measurement
da1d136f-6316-41ef-af63-86d44e6f4e13,4a2abd52-5149-46f8-9a6e-df51fc3bce40,2026-09-08T18:26:27Z,FanDuel Sportsbook structured market feed,,VA,NFL,35610171,Green Bay Packers @ Minnesota Vikings,2026-09-13T20:25:00.000Z,FanDuel,751.183658217,receptions,Jordan Addison - Total Receptions,,Jordan Addison,41179871,under,3.5,-136,1.735294117647059,0.576271186440678,open,,,2026-09-08T18:26:27Z,,,,,v3-forward-measurement
da1d136f-6316-41ef-af63-86d44e6f4e13,c4009eef-9f43-43ca-bbac-429f04e32337,2026-09-08T18:26:27Z,FanDuel Sportsbook structured market feed,,VA,NFL,35610171,Green Bay Packers @ Minnesota Vikings,2026-09-13T20:25:00.000Z,FanDuel,751.183877947,receptions,T.J. Hockenson - Total Receptions,,T.J. Hockenson,26049039,over,3.5,-114,1.87719298245614,0.5327102803738317,open,,,2026-09-08T18:26:27Z,,,,,v3-forward-measurement
da1d136f-6316-41ef-af63-86d44e6f4e13,e8bef2c0-cbba-43ae-a546-df45a0c70c76,2026-09-08T18:26:27Z,FanDuel Sportsbook structured market feed,,VA,NFL,35610171,Green Bay Packers @ Minnesota Vikings,2026-09-13T20:25:00.000Z,FanDuel,751.183877947,receptions,T.J. Hockenson - Total Receptions,,T.J. Hockenson,26049040,under,3.5,-114,1.87719298245614,0.5327102803738317,open,,,2026-09-08T18:26:27Z,,,,,v3-forward-measurement
4789a50b-b01c-4d14-b186-ae97a9df2ffe,0f197aba-657e-486b-bca4-d36c1d94dc38,2026-09-08T18:26:27Z,FanDuel Sportsbook structured market feed,,VA,NFL,35610190,Baltimore Ravens @ Indianapolis Colts,2026-09-13T17:01:00.000Z,FanDuel,751.183833360,passing_yards,Lamar Jackson - Passing Yds,,Lamar Jackson,16579679,over,220.5,-114,1.87719298245614,0.5327102803738317,open,,,2026-09-08T18:26:27Z,,,,,v3-forward-measurement
4789a50b-b01c-4d14-b186-ae97a9df2ffe,c0dc498e-7657-4694-aca5-78c35b6c37ba,2026-09-08T18:26:27Z,FanDuel Sportsbook structured market feed,,VA,NFL,35610190,Baltimore Ravens @ Indianapolis Colts,2026-09-13T17:01:00.000Z,FanDuel,751.183833360,passing_yards,Lamar Jackson - Passing Yds,,Lamar Jackson,16579680,under,220.5,-114,1.87719298245614,0.5327102803738317,open,,,2026-09-08T18:26:27Z,,,,,v3-forward-measurement
4789a50b-b01c-4d14-b186-ae97a9df2ffe,96dc975d-8526-4e52-a6ea-60e03b90d2c6,2026-09-08T18:26:27Z,FanDuel Sportsbook structured market feed,,VA,NFL,35610190,Baltimore Ravens @ Indianapolis Colts,2026-09-13T17:01:00.000Z,FanDuel,751.183833515,passing_touchdowns,Lamar Jackson - Passing TDs,,Lamar Jackson,16579679,over,1.5,-110,1.909090909090909,0.5238095238095238,open,,,2026-09-08T18:26:27Z,,,,,v3-forward-measurement
4789a50b-b01c-4d14-b186-ae97a9df2ffe,6480a9d1-7e24-4a00-b9ea-04e585a522d0,2026-09-08T18:26:27Z,FanDuel Sportsbook structured market feed,,VA,NFL,35610190,Baltimore Ravens @ Indianapolis Colts,2026-09-13T17:01:00.000Z,FanDuel,751.183833515,passing_touchdowns,Lamar Jackson - Passing TDs,,Lamar Jackson,16579680,under,1.5,-120,1.833333333333333,0.5454545454545454,open,,,2026-09-08T18:26:27Z,,,,,v3-forward-measurement
4789a50b-b01c-4d14-b186-ae97a9df2ffe,f2daaa80-b0b7-48d8-9c65-fac7eb6d16fd,2026-09-08T18:26:27Z,FanDuel Sportsbook structured market feed,,VA,NFL,35610190,Baltimore Ravens @ Indianapolis Colts,2026-09-13T17:01:00.000Z,FanDuel,751.183833466,passing_touchdowns,Daniel Jones - Passing TDs,,Daniel Jones,16544555,over,1.5,136,2.36,0.423728813559322,open,,,2026-09-08T18:26:27Z,,,,,v3-forward-measurement
4789a50b-b01c-4d14-b186-ae97a9df2ffe,dbe247b9-67e8-4c7e-8c50-707f8a83b0c0,2026-09-08T18:26:27Z,FanDuel Sportsbook structured market feed,,VA,NFL,35610190,Baltimore Ravens @ Indianapolis Colts,2026-09-13T17:01:00.000Z,FanDuel,751.183833466,passing_touchdowns,Daniel Jones - Passing TDs,,Daniel Jones,16544556,under,1.5,-182,1.549450549450549,0.6453900709219859,open,,,2026-09-08T18:26:27Z,,,,,v3-forward-measurement
4789a50b-b01c-4d14-b186-ae97a9df2ffe,b870599d-0266-452b-8f38-2bcfd23f69e8,2026-09-08T18:26:27Z,FanDuel Sportsbook structured market feed,,VA,NFL,35610190,Baltimore Ravens @ Indianapolis Colts,2026-09-13T17:01:00.000Z,FanDuel,751.183833467,passing_yards,Daniel Jones - Passing Yds,,Daniel Jones,16544555,over,233.5,-114,1.87719298245614,0.5327102803738317,open,,,2026-09-08T18:26:27Z,,,,,v3-forward-measurement
4789a50b-b01c-4d14-b186-ae97a9df2ffe,c5b42891-e4b7-4275-8135-4cd3076a440f,2026-09-08T18:26:27Z,FanDuel Sportsbook structured market feed,,VA,NFL,35610190,Baltimore Ravens @ Indianapolis Colts,2026-09-13T17:01:00.000Z,FanDuel,751.183833467,passing_yards,Daniel Jones - Passing Yds,,Daniel Jones,16544556,under,233.5,-114,1.87719298245614,0.5327102803738317,open,,,2026-09-08T18:26:27Z,,,,,v3-forward-measurement
a19ed465-f861-4738-b6f5-0009dd77c300,2a40fcea-6af5-4763-9ea0-90dfdb52a228,2026-09-08T18:26:27Z,FanDuel Sportsbook structured market feed,,VA,NFL,35610190,Baltimore Ravens @ Indianapolis Colts,2026-09-13T17:01:00.000Z,FanDuel,751.185140881,rushing_yards,Daniel Jones - Rushing Yds,,Daniel Jones,16544555,over,11.5,-114,1.87719298245614,0.5327102803738317,open,,,2026-09-08T18:26:27Z,,,,,v3-forward-measurement
a19ed465-f861-4738-b6f5-0009dd77c300,232ed2e0-668f-43e3-95bb-696626d4b364,2026-09-08T18:26:27Z,FanDuel Sportsbook structured market feed,,VA,NFL,35610190,Baltimore Ravens @ Indianapolis Colts,2026-09-13T17:01:00.000Z,FanDuel,751.185140881,rushing_yards,Daniel Jones - Rushing Yds,,Daniel Jones,16544556,under,11.5,-114,1.87719298245614,0.5327102803738317,open,,,2026-09-08T18:26:27Z,,,,,v3-forward-measurement
a19ed465-f861-4738-b6f5-0009dd77c300,d5dca0b4-4b22-47d5-adfb-7bdc80919f72,2026-09-08T18:26:27Z,FanDuel Sportsbook structured market feed,,VA,NFL,35610190,Baltimore Ravens @ Indianapolis Colts,2026-09-13T17:01:00.000Z,FanDuel,751.183835471,rushing_yards,Derrick Henry - Rushing Yds,,Derrick Henry,12073825,over,80.5,-114,1.87719298245614,0.5327102803738317,open,,,2026-09-08T18:26:27Z,,,,,v3-forward-measurement
a19ed465-f861-4738-b6f5-0009dd77c300,042be588-26db-4a92-ab94-69b548ae12ca,2026-09-08T18:26:27Z,FanDuel Sportsbook structured market feed,,VA,NFL,35610190,Baltimore Ravens @ Indianapolis Colts,2026-09-13T17:01:00.000Z,FanDuel,751.183835471,rushing_yards,Derrick Henry - Rushing Yds,,Derrick Henry,12073826,under,80.5,-114,1.87719298245614,0.5327102803738317,open,,,2026-09-08T18:26:27Z,,,,,v3-forward-measurement
a19ed465-f861-4738-b6f5-0009dd77c300,e5abad1e-8e6f-4842-8542-2fc6b89192d8,2026-09-08T18:26:27Z,FanDuel Sportsbook structured market feed,,VA,NFL,35610190,Baltimore Ravens @ Indianapolis Colts,2026-09-13T17:01:00.000Z,FanDuel,751.185182537,rushing_yards,Justice Hill - Rushing Yds,,Justice Hill,16552642,over,8.5,-114,1.87719298245614,0.5327102803738317,open,,,2026-09-08T18:26:27Z,,,,,v3-forward-measurement
a19ed465-f861-4738-b6f5-0009dd77c300,d58c57c1-d7af-4903-93cb-c93ee2f097bb,2026-09-08T18:26:27Z,FanDuel Sportsbook structured market feed,,VA,NFL,35610190,Baltimore Ravens @ Indianapolis Colts,2026-09-13T17:01:00.000Z,FanDuel,751.185182537,rushing_yards,Justice Hill - Rushing Yds,,Justice Hill,16552643,under,8.5,-114,1.87719298245614,0.5327102803738317,open,,,2026-09-08T18:26:27Z,,,,,v3-forward-measurement
a19ed465-f861-4738-b6f5-0009dd77c300,8ee95d24-ee4f-4e4c-b378-7a4ee4107279,2026-09-08T18:26:27Z,FanDuel Sportsbook structured market feed,,VA,NFL,35610190,Baltimore Ravens @ Indianapolis Colts,2026-09-13T17:01:00.000Z,FanDuel,751.183835624,rushing_yards,Lamar Jackson - Rushing Yds,,Lamar Jackson,16579679,over,37.5,-114,1.87719298245614,0.5327102803738317,open,,,2026-09-08T18:26:27Z,,,,,v3-forward-measurement
a19ed465-f861-4738-b6f5-0009dd77c300,70ad3ff8-89c2-4c40-96e2-939e808a5a26,2026-09-08T18:26:27Z,FanDuel Sportsbook structured market feed,,VA,NFL,35610190,Baltimore Ravens @ Indianapolis Colts,2026-09-13T17:01:00.000Z,FanDuel,751.183835624,rushing_yards,Lamar Jackson - Rushing Yds,,Lamar Jackson,16579680,under,37.5,-114,1.87719298245614,0.5327102803738317,open,,,2026-09-08T18:26:27Z,,,,,v3-forward-measurement
a19ed465-f861-4738-b6f5-0009dd77c300,7aacb94a-23a4-4444-96ca-20e506191056,2026-09-08T18:26:27Z,FanDuel Sportsbook structured market feed,,VA,NFL,35610190,Baltimore Ravens @ Indianapolis Colts,2026-09-13T17:01:00.000Z,FanDuel,751.183835364,rushing_yards,Jonathan Taylor - Rushing Yds,,Jonathan Taylor,16593213,over,76.5,-114,1.87719298245614,0.5327102803738317,open,,,2026-09-08T18:26:27Z,,,,,v3-forward-measurement
a19ed465-f861-4738-b6f5-0009dd77c300,860d2311-a45e-4299-a425-6c73bd0fb2db,2026-09-08T18:26:27Z,FanDuel Sportsbook structured market feed,,VA,NFL,35610190,Baltimore Ravens @ Indianapolis Colts,2026-09-13T17:01:00.000Z,FanDuel,751.183835364,rushing_yards,Jonathan Taylor - Rushing Yds,,Jonathan Taylor,16593214,under,76.5,-114,1.87719298245614,0.5327102803738317,open,,,2026-09-08T18:26:27Z,,,,,v3-forward-measurement
33832e38-d201-4745-b38c-cb6fde97945f,ed8828ea-6246-41c4-9729-5d438866a0f1,2026-09-08T18:26:27Z,FanDuel Sportsbook structured market feed,,VA,NFL,35610190,Baltimore Ravens @ Indianapolis Colts,2026-09-13T17:01:00.000Z,FanDuel,751.184973077,receiving_yards,Josh Downs - Receiving Yds,,Josh Downs,41178410,over,46.5,-114,1.87719298245614,0.5327102803738317,open,,,2026-09-08T18:26:27Z,,,,,v3-forward-measurement
33832e38-d201-4745-b38c-cb6fde97945f,3d8e543a-f88f-473a-ba6c-1ab37c9b345a,2026-09-08T18:26:27Z,FanDuel Sportsbook structured market feed,,VA,NFL,35610190,Baltimore Ravens @ Indianapolis Colts,2026-09-13T17:01:00.000Z,FanDuel,751.184973077,receiving_yards,Josh Downs - Receiving Yds,,Josh Downs,41178411,under,46.5,-114,1.87719298245614,0.5327102803738317,open,,,2026-09-08T18:26:27Z,,,,,v3-forward-measurement
33832e38-d201-4745-b38c-cb6fde97945f,8fcfd60c-a899-4642-8c63-3fd414ddb74c,2026-09-08T18:26:27Z,FanDuel Sportsbook structured market feed,,VA,NFL,35610190,Baltimore Ravens @ Indianapolis Colts,2026-09-13T17:01:00.000Z,FanDuel,751.184973071,receptions,Josh Downs - Total Receptions,,Josh Downs,41178410,over,4.5,124,2.24,0.44642857142857145,open,,,2026-09-08T18:26:27Z,,,,,v3-forward-measurement
33832e38-d201-4745-b38c-cb6fde97945f,87c30c2c-8cc4-412e-b148-962706a993e9,2026-09-08T18:26:27Z,FanDuel Sportsbook structured market feed,,VA,NFL,35610190,Baltimore Ravens @ Indianapolis Colts,2026-09-13T17:01:00.000Z,FanDuel,751.184973071,receptions,Josh Downs - Total Receptions,,Josh Downs,41178411,under,4.5,-166,1.602409638554217,0.6240601503759399,open,,,2026-09-08T18:26:27Z,,,,,v3-forward-measurement
33832e38-d201-4745-b38c-cb6fde97945f,cf88a657-f5fd-4fdb-9f10-f14ab6d6b50d,2026-09-08T18:26:27Z,FanDuel Sportsbook structured market feed,,VA,NFL,35610190,Baltimore Ravens @ Indianapolis Colts,2026-09-13T17:01:00.000Z,FanDuel,751.184969864,receptions,Rashod Bateman - Total Receptions,,Rashod Bateman,41197689,over,1.5,-205,1.48780487804878,0.6721311475409836,open,,,2026-09-08T18:26:27Z,,,,,v3-forward-measurement
33832e38-d201-4745-b38c-cb6fde97945f,09a2af60-acd7-4455-be6c-a92143166346,2026-09-08T18:26:27Z,FanDuel Sportsbook structured market feed,,VA,NFL,35610190,Baltimore Ravens @ Indianapolis Colts,2026-09-13T17:01:00.000Z,FanDuel,751.184969864,receptions,Rashod Bateman - Total Receptions,,Rashod Bateman,41197688,under,1.5,152,2.52,0.3968253968253968,open,,,2026-09-08T18:26:27Z,,,,,v3-forward-measurement
33832e38-d201-4745-b38c-cb6fde97945f,ce59cdf3-212b-4440-9f7d-8a7268a0802a,2026-09-08T18:26:27Z,FanDuel Sportsbook structured market feed,,VA,NFL,35610190,Baltimore Ravens @ Indianapolis Colts,2026-09-13T17:01:00.000Z,FanDuel,751.184972924,receiving_yards,Alec Pierce - Receiving Yds,,Alec Pierce,42217015,over,46.5,-114,1.87719298245614,0.5327102803738317,open,,,2026-09-08T18:26:27Z,,,,,v3-forward-measurement
33832e38-d201-4745-b38c-cb6fde97945f,5d6861a0-2f4f-4ecd-8db0-1b4d616eb198,2026-09-08T18:26:27Z,FanDuel Sportsbook structured market feed,,VA,NFL,35610190,Baltimore Ravens @ Indianapolis Colts,2026-09-13T17:01:00.000Z,FanDuel,751.184972924,receiving_yards,Alec Pierce - Receiving Yds,,Alec Pierce,42217014,under,46.5,-114,1.87719298245614,0.5327102803738317,open,,,2026-09-08T18:26:27Z,,,,,v3-forward-measurement
33832e38-d201-4745-b38c-cb6fde97945f,ed5bd551-c728-44e5-b2a0-1abe18e61006,2026-09-08T18:26:27Z,FanDuel Sportsbook structured market feed,,VA,NFL,35610190,Baltimore Ravens @ Indianapolis Colts,2026-09-13T17:01:00.000Z,FanDuel,751.184969622,receiving_yards,Rashod Bateman - Receiving Yds,,Rashod Bateman,41197689,over,25.5,-114,1.87719298245614,0.5327102803738317,open,,,2026-09-08T18:26:27Z,,,,,v3-forward-measurement
33832e38-d201-4745-b38c-cb6fde97945f,5a0ae23f-a8cc-491e-8632-7070e23b0f98,2026-09-08T18:26:27Z,FanDuel Sportsbook structured market feed,,VA,NFL,35610190,Baltimore Ravens @ Indianapolis Colts,2026-09-13T17:01:00.000Z,FanDuel,751.184969622,receiving_yards,Rashod Bateman - Receiving Yds,,Rashod Bateman,41197688,under,25.5,-114,1.87719298245614,0.5327102803738317,open,,,2026-09-08T18:26:27Z,,,,,v3-forward-measurement
33832e38-d201-4745-b38c-cb6fde97945f,1f47566d-d5de-45fe-92f0-5b5dc18aef9f,2026-09-08T18:26:27Z,FanDuel Sportsbook structured market feed,,VA,NFL,35610190,Baltimore Ravens @ Indianapolis Colts,2026-09-13T17:01:00.000Z,FanDuel,751.184973730,receptions,Tyler Warren - Total Receptions,,Tyler Warren,60780430,over,4.5,-130,1.769230769230769,0.5652173913043478,open,,,2026-09-08T18:26:27Z,,,,,v3-forward-measurement
33832e38-d201-4745-b38c-cb6fde97945f,b01fbd15-8b23-4048-abf5-e4ce27992d06,2026-09-08T18:26:27Z,FanDuel Sportsbook structured market feed,,VA,NFL,35610190,Baltimore Ravens @ Indianapolis Colts,2026-09-13T17:01:00.000Z,FanDuel,751.184973730,receptions,Tyler Warren - Total Receptions,,Tyler Warren,60780432,under,4.5,-102,1.980392156862745,0.504950495049505,open,,,2026-09-08T18:26:27Z,,,,,v3-forward-measurement
33832e38-d201-4745-b38c-cb6fde97945f,4a8f0c69-e44d-4226-a08b-6d902835876b,2026-09-08T18:26:27Z,FanDuel Sportsbook structured market feed,,VA,NFL,35610190,Baltimore Ravens @ Indianapolis Colts,2026-09-13T17:01:00.000Z,FanDuel,751.183836389,receptions,Mark Andrews - Total Receptions,,Mark Andrews,16602460,over,3.5,116,2.16,0.46296296296296297,open,,,2026-09-08T18:26:27Z,,,,,v3-forward-measurement
33832e38-d201-4745-b38c-cb6fde97945f,8a07e943-659b-4498-af9f-585e6b6953fc,2026-09-08T18:26:27Z,FanDuel Sportsbook structured market feed,,VA,NFL,35610190,Baltimore Ravens @ Indianapolis Colts,2026-09-13T17:01:00.000Z,FanDuel,751.183836389,receptions,Mark Andrews - Total Receptions,,Mark Andrews,16602461,under,3.5,-154,1.649350649350649,0.6062992125984252,open,,,2026-09-08T18:26:27Z,,,,,v3-forward-measurement
33832e38-d201-4745-b38c-cb6fde97945f,ee195446-018d-4587-8f1f-0872cdc4e1f4,2026-09-08T18:26:27Z,FanDuel Sportsbook structured market feed,,VA,NFL,35610190,Baltimore Ravens @ Indianapolis Colts,2026-09-13T17:01:00.000Z,FanDuel,751.183836167,receiving_yards,Zay Flowers - Receiving Yds,,Zay Flowers,41182052,over,63.5,-114,1.87719298245614,0.5327102803738317,open,,,2026-09-08T18:26:27Z,,,,,v3-forward-measurement
33832e38-d201-4745-b38c-cb6fde97945f,d3ea408b-b921-4002-8c8d-bb7d9f182c3e,2026-09-08T18:26:27Z,FanDuel Sportsbook structured market feed,,VA,NFL,35610190,Baltimore Ravens @ Indianapolis Colts,2026-09-13T17:01:00.000Z,FanDuel,751.183836167,receiving_yards,Zay Flowers - Receiving Yds,,Zay Flowers,41182053,under,63.5,-114,1.87719298245614,0.5327102803738317,open,,,2026-09-08T18:26:27Z,,,,,v3-forward-measurement
33832e38-d201-4745-b38c-cb6fde97945f,afa4b405-73cc-4488-92d1-9ccd8acd8cd2,2026-09-08T18:26:27Z,FanDuel Sportsbook structured market feed,,VA,NFL,35610190,Baltimore Ravens @ Indianapolis Colts,2026-09-13T17:01:00.000Z,FanDuel,751.184971736,receiving_yards,Derrick Henry - Receiving Yds,,Derrick Henry,12073825,over,6.5,-114,1.87719298245614,0.5327102803738317,open,,,2026-09-08T18:26:27Z,,,,,v3-forward-measurement
33832e38-d201-4745-b38c-cb6fde97945f,e5d106ef-0289-4fb8-aa8c-f4a72c90aa97,2026-09-08T18:26:27Z,FanDuel Sportsbook structured market feed,,VA,NFL,35610190,Baltimore Ravens @ Indianapolis Colts,2026-09-13T17:01:00.000Z,FanDuel,751.184971736,receiving_yards,Derrick Henry - Receiving Yds,,Derrick Henry,12073826,under,6.5,-114,1.87719298245614,0.5327102803738317,open,,,2026-09-08T18:26:27Z,,,,,v3-forward-measurement
33832e38-d201-4745-b38c-cb6fde97945f,5ed82a13-1458-4573-b2f3-e82879ab828a,2026-09-08T18:26:27Z,FanDuel Sportsbook structured market feed,,VA,NFL,35610190,Baltimore Ravens @ Indianapolis Colts,2026-09-13T17:01:00.000Z,FanDuel,751.183836388,receiving_yards,Mark Andrews - Receiving Yds,,Mark Andrews,16602460,over,34.5,-114,1.87719298245614,0.5327102803738317,open,,,2026-09-08T18:26:27Z,,,,,v3-forward-measurement
33832e38-d201-4745-b38c-cb6fde97945f,d4e0d331-f003-4a9e-9b6d-8d664450525f,2026-09-08T18:26:27Z,FanDuel Sportsbook structured market feed,,VA,NFL,35610190,Baltimore Ravens @ Indianapolis Colts,2026-09-13T17:01:00.000Z,FanDuel,751.183836388,receiving_yards,Mark Andrews - Receiving Yds,,Mark Andrews,16602461,under,34.5,-114,1.87719298245614,0.5327102803738317,open,,,2026-09-08T18:26:27Z,,,,,v3-forward-measurement
33832e38-d201-4745-b38c-cb6fde97945f,708a978c-8131-418e-822e-a4f197dd7fff,2026-09-08T18:26:27Z,FanDuel Sportsbook structured market feed,,VA,NFL,35610190,Baltimore Ravens @ Indianapolis Colts,2026-09-13T17:01:00.000Z,FanDuel,751.185139865,receptions,Jonathan Taylor - Total Receptions,,Jonathan Taylor,16593213,over,2.5,-162,1.617283950617284,0.6183206106870229,open,,,2026-09-08T18:26:27Z,,,,,v3-forward-measurement
33832e38-d201-4745-b38c-cb6fde97945f,beca5446-984f-458c-8868-3ac8563d96c4,2026-09-08T18:26:27Z,FanDuel Sportsbook structured market feed,,VA,NFL,35610190,Baltimore Ravens @ Indianapolis Colts,2026-09-13T17:01:00.000Z,FanDuel,751.185139865,receptions,Jonathan Taylor - Total Receptions,,Jonathan Taylor,16593214,under,2.5,122,2.22,0.45045045045045046,open,,,2026-09-08T18:26:27Z,,,,,v3-forward-measurement
33832e38-d201-4745-b38c-cb6fde97945f,6784a219-c570-48df-a2f1-a1cb3751590e,2026-09-08T18:26:27Z,FanDuel Sportsbook structured market feed,,VA,NFL,35610190,Baltimore Ravens @ Indianapolis Colts,2026-09-13T17:01:00.000Z,FanDuel,751.185139863,receiving_yards,Jonathan Taylor - Receiving Yds,,Jonathan Taylor,16593213,over,18.5,-114,1.87719298245614,0.5327102803738317,open,,,2026-09-08T18:26:27Z,,,,,v3-forward-measurement
33832e38-d201-4745-b38c-cb6fde97945f,8aeb8aa5-92e5-4b33-8eb7-0c1480aafda6,2026-09-08T18:26:27Z,FanDuel Sportsbook structured market feed,,VA,NFL,35610190,Baltimore Ravens @ Indianapolis Colts,2026-09-13T17:01:00.000Z,FanDuel,751.185139863,receiving_yards,Jonathan Taylor - Receiving Yds,,Jonathan Taylor,16593214,under,18.5,-114,1.87719298245614,0.5327102803738317,open,,,2026-09-08T18:26:27Z,,,,,v3-forward-measurement
33832e38-d201-4745-b38c-cb6fde97945f,c28d1ffd-3dac-4c37-b634-81a05b3f3fc3,2026-09-08T18:26:27Z,FanDuel Sportsbook structured market feed,,VA,NFL,35610190,Baltimore Ravens @ Indianapolis Colts,2026-09-13T17:01:00.000Z,FanDuel,751.185182535,receiving_yards,Justice Hill - Receiving Yds,,Justice Hill,16552642,over,11.5,-114,1.87719298245614,0.5327102803738317,open,,,2026-09-08T18:26:27Z,,,,,v3-forward-measurement
33832e38-d201-4745-b38c-cb6fde97945f,93c0fdbb-1777-48b5-8088-ae8e5efc5757,2026-09-08T18:26:27Z,FanDuel Sportsbook structured market feed,,VA,NFL,35610190,Baltimore Ravens @ Indianapolis Colts,2026-09-13T17:01:00.000Z,FanDuel,751.185182535,receiving_yards,Justice Hill - Receiving Yds,,Justice Hill,16552643,under,11.5,-114,1.87719298245614,0.5327102803738317,open,,,2026-09-08T18:26:27Z,,,,,v3-forward-measurement
33832e38-d201-4745-b38c-cb6fde97945f,49407b93-0ce0-491a-a023-aab12282ee8f,2026-09-08T18:26:27Z,FanDuel Sportsbook structured market feed,,VA,NFL,35610190,Baltimore Ravens @ Indianapolis Colts,2026-09-13T17:01:00.000Z,FanDuel,751.184970775,receptions,Ja'Kobi Lane - Total Receptions,,Ja'Kobi Lane,102523756,over,1.5,-136,1.735294117647059,0.576271186440678,open,,,2026-09-08T18:26:27Z,,,,,v3-forward-measurement
33832e38-d201-4745-b38c-cb6fde97945f,869f8081-644f-4694-a87c-bd304ea68d38,2026-09-08T18:26:27Z,FanDuel Sportsbook structured market feed,,VA,NFL,35610190,Baltimore Ravens @ Indianapolis Colts,2026-09-13T17:01:00.000Z,FanDuel,751.184970775,receptions,Ja'Kobi Lane - Total Receptions,,Ja'Kobi Lane,102523752,under,1.5,102,2.02,0.49504950495049505,open,,,2026-09-08T18:26:27Z,,,,,v3-forward-measurement
33832e38-d201-4745-b38c-cb6fde97945f,85152088-ecfc-46e6-8dfb-44d9cee06ea3,2026-09-08T18:26:27Z,FanDuel Sportsbook structured market feed,,VA,NFL,35610190,Baltimore Ravens @ Indianapolis Colts,2026-09-13T17:01:00.000Z,FanDuel,751.184973728,receiving_yards,Tyler Warren - Receiving Yds,,Tyler Warren,60780430,over,45.5,-114,1.87719298245614,0.5327102803738317,open,,,2026-09-08T18:26:27Z,,,,,v3-forward-measurement
33832e38-d201-4745-b38c-cb6fde97945f,f4d2e2c1-d1d4-4f23-84a3-bb9c5ffaedeb,2026-09-08T18:26:27Z,FanDuel Sportsbook structured market feed,,VA,NFL,35610190,Baltimore Ravens @ Indianapolis Colts,2026-09-13T17:01:00.000Z,FanDuel,751.184973728,receiving_yards,Tyler Warren - Receiving Yds,,Tyler Warren,60780432,under,45.5,-114,1.87719298245614,0.5327102803738317,open,,,2026-09-08T18:26:27Z,,,,,v3-forward-measurement
33832e38-d201-4745-b38c-cb6fde97945f,424d95cc-27ff-4c3b-8737-75d5a42a147c,2026-09-08T18:26:27Z,FanDuel Sportsbook structured market feed,,VA,NFL,35610190,Baltimore Ravens @ Indianapolis Colts,2026-09-13T17:01:00.000Z,FanDuel,751.185104206,receptions,Derrick Henry - Total Receptions,,Derrick Henry,12073825,over,1.5,172,2.72,0.36764705882352944,open,,,2026-09-08T18:26:27Z,,,,,v3-forward-measurement
33832e38-d201-4745-b38c-cb6fde97945f,463df5ad-0eed-4ec6-a243-f3504331d878,2026-09-08T18:26:27Z,FanDuel Sportsbook structured market feed,,VA,NFL,35610190,Baltimore Ravens @ Indianapolis Colts,2026-09-13T17:01:00.000Z,FanDuel,751.185104206,receptions,Derrick Henry - Total Receptions,,Derrick Henry,12073826,under,1.5,-235,1.425531914893617,0.7014925373134329,open,,,2026-09-08T18:26:27Z,,,,,v3-forward-measurement
33832e38-d201-4745-b38c-cb6fde97945f,1dc8c8eb-c38f-4ce8-a0d0-1915f27a4353,2026-09-08T18:26:27Z,FanDuel Sportsbook structured market feed,,VA,NFL,35610190,Baltimore Ravens @ Indianapolis Colts,2026-09-13T17:01:00.000Z,FanDuel,751.183836173,receptions,Zay Flowers - Total Receptions,,Zay Flowers,41182052,over,4.5,-172,1.581395348837209,0.6323529411764706,open,,,2026-09-08T18:26:27Z,,,,,v3-forward-measurement
33832e38-d201-4745-b38c-cb6fde97945f,ca880087-84bb-4ba9-99af-9f3dad3b7794,2026-09-08T18:26:27Z,FanDuel Sportsbook structured market feed,,VA,NFL,35610190,Baltimore Ravens @ Indianapolis Colts,2026-09-13T17:01:00.000Z,FanDuel,751.183836173,receptions,Zay Flowers - Total Receptions,,Zay Flowers,41182053,under,4.5,128,2.28,0.43859649122807015,open,,,2026-09-08T18:26:27Z,,,,,v3-forward-measurement
33832e38-d201-4745-b38c-cb6fde97945f,5b11dee7-8a7b-4023-b2d3-62326f829c71,2026-09-08T18:26:27Z,FanDuel Sportsbook structured market feed,,VA,NFL,35610190,Baltimore Ravens @ Indianapolis Colts,2026-09-13T17:01:00.000Z,FanDuel,751.184970770,receiving_yards,Ja'Kobi Lane - Receiving Yds,,Ja'Kobi Lane,102523756,over,19.5,-114,1.87719298245614,0.5327102803738317,open,,,2026-09-08T18:26:27Z,,,,,v3-forward-measurement
33832e38-d201-4745-b38c-cb6fde97945f,df63d30d-4e73-4699-87d7-52781dcc852d,2026-09-08T18:26:27Z,FanDuel Sportsbook structured market feed,,VA,NFL,35610190,Baltimore Ravens @ Indianapolis Colts,2026-09-13T17:01:00.000Z,FanDuel,751.184970770,receiving_yards,Ja'Kobi Lane - Receiving Yds,,Ja'Kobi Lane,102523752,under,19.5,-114,1.87719298245614,0.5327102803738317,open,,,2026-09-08T18:26:27Z,,,,,v3-forward-measurement
33832e38-d201-4745-b38c-cb6fde97945f,4bf94159-d145-49bf-a0d0-3876133b8f0a,2026-09-08T18:26:27Z,FanDuel Sportsbook structured market feed,,VA,NFL,35610190,Baltimore Ravens @ Indianapolis Colts,2026-09-13T17:01:00.000Z,FanDuel,751.185253688,receptions,Justice Hill - Total Receptions,,Justice Hill,16552642,over,2.5,144,2.44,0.4098360655737705,open,,,2026-09-08T18:26:27Z,,,,,v3-forward-measurement
33832e38-d201-4745-b38c-cb6fde97945f,27e031be-55d4-488d-b08a-3cc9de3ff88d,2026-09-08T18:26:27Z,FanDuel Sportsbook structured market feed,,VA,NFL,35610190,Baltimore Ravens @ Indianapolis Colts,2026-09-13T17:01:00.000Z,FanDuel,751.185253688,receptions,Justice Hill - Total Receptions,,Justice Hill,16552643,under,2.5,-194,1.515463917525773,0.6598639455782312,open,,,2026-09-08T18:26:27Z,,,,,v3-forward-measurement
33832e38-d201-4745-b38c-cb6fde97945f,328771cd-460f-48e2-b826-7723f3ebde4d,2026-09-08T18:26:27Z,FanDuel Sportsbook structured market feed,,VA,NFL,35610190,Baltimore Ravens @ Indianapolis Colts,2026-09-13T17:01:00.000Z,FanDuel,751.184972933,receptions,Alec Pierce - Total Receptions,,Alec Pierce,42217015,over,3.5,106,2.06,0.4854368932038835,open,,,2026-09-08T18:26:27Z,,,,,v3-forward-measurement
33832e38-d201-4745-b38c-cb6fde97945f,a5588b49-87ab-497c-b22d-5c2ba51d0c04,2026-09-08T18:26:27Z,FanDuel Sportsbook structured market feed,,VA,NFL,35610190,Baltimore Ravens @ Indianapolis Colts,2026-09-13T17:01:00.000Z,FanDuel,751.184972933,receptions,Alec Pierce - Total Receptions,,Alec Pierce,42217014,under,3.5,-140,1.714285714285714,0.5833333333333334,open,,,2026-09-08T18:26:27Z,,,,,v3-forward-measurement
