capture_id,quote_id,captured_at,source,source_updated_at,state,sport,event_id,event_name,kickoff,book,market_id,market_type,market_name,player_id,player_name,selection_id,selection,line,american_price,decimal_price,implied_probability,quote_status,opening_line,opening_price,first_observed,closing_line,closing_price,result,net_units,model_version
a9a63610-efda-4e97-997f-2ae5d52111b7,0a6910bd-95ae-4fc5-87e5-3a569ffc99b3,2026-09-09T18:23:06Z,FanDuel Sportsbook structured market feed,,VA,NFL,35596943,Dallas Cowboys @ New York Giants,2026-09-14T00:20:00.000Z,FanDuel,751.183007524,passing_touchdowns,Dak Prescott - Passing TDs,,Dak Prescott,11889993,over,1.5,-138,1.72463768115942,0.5798319327731093,open,,,2026-09-09T18:23:06Z,,,,,v3-forward-measurement
a9a63610-efda-4e97-997f-2ae5d52111b7,6727a8a3-e6a9-4b7c-853b-00496c9d83ab,2026-09-09T18:23:06Z,FanDuel Sportsbook structured market feed,,VA,NFL,35596943,Dallas Cowboys @ New York Giants,2026-09-14T00:20:00.000Z,FanDuel,751.183007524,passing_touchdowns,Dak Prescott - Passing TDs,,Dak Prescott,11889992,under,1.5,104,2.04,0.49019607843137253,open,,,2026-09-09T18:23:06Z,,,,,v3-forward-measurement
a9a63610-efda-4e97-997f-2ae5d52111b7,5881bf1d-2898-45e2-ad21-3e10272f940d,2026-09-09T18:23:06Z,FanDuel Sportsbook structured market feed,,VA,NFL,35596943,Dallas Cowboys @ New York Giants,2026-09-14T00:20:00.000Z,FanDuel,751.183007431,passing_touchdowns,Jaxson Dart - Passing TDs,,Jaxson Dart,41788833,over,1.5,134,2.34,0.42735042735042733,open,,,2026-09-09T18:23:06Z,,,,,v3-forward-measurement
a9a63610-efda-4e97-997f-2ae5d52111b7,d718b8c6-f4e3-4387-ba4c-dc89adf046db,2026-09-09T18:23:06Z,FanDuel Sportsbook structured market feed,,VA,NFL,35596943,Dallas Cowboys @ New York Giants,2026-09-14T00:20:00.000Z,FanDuel,751.183007431,passing_touchdowns,Jaxson Dart - Passing TDs,,Jaxson Dart,41788834,under,1.5,-180,1.555555555555556,0.6428571428571429,open,,,2026-09-09T18:23:06Z,,,,,v3-forward-measurement
a9a63610-efda-4e97-997f-2ae5d52111b7,20f67b14-7361-4b48-8d56-0ef4eb4666af,2026-09-09T18:23:06Z,FanDuel Sportsbook structured market feed,,VA,NFL,35596943,Dallas Cowboys @ New York Giants,2026-09-14T00:20:00.000Z,FanDuel,751.183007477,passing_yards,Dak Prescott - Passing Yds,,Dak Prescott,11889993,over,260.5,-114,1.87719298245614,0.5327102803738317,open,,,2026-09-09T18:23:06Z,,,,,v3-forward-measurement
a9a63610-efda-4e97-997f-2ae5d52111b7,fc9e9d46-116a-4974-b18b-4690c5da0bfa,2026-09-09T18:23:06Z,FanDuel Sportsbook structured market feed,,VA,NFL,35596943,Dallas Cowboys @ New York Giants,2026-09-14T00:20:00.000Z,FanDuel,751.183007477,passing_yards,Dak Prescott - Passing Yds,,Dak Prescott,11889992,under,260.5,-114,1.87719298245614,0.5327102803738317,open,,,2026-09-09T18:23:06Z,,,,,v3-forward-measurement
a9a63610-efda-4e97-997f-2ae5d52111b7,f95e91d4-7f31-4c86-9347-dcf31a0f3973,2026-09-09T18:23:06Z,FanDuel Sportsbook structured market feed,,VA,NFL,35596943,Dallas Cowboys @ New York Giants,2026-09-14T00:20:00.000Z,FanDuel,751.183007451,passing_yards,Jaxson Dart - Passing Yds,,Jaxson Dart,41788833,over,217.5,-114,1.87719298245614,0.5327102803738317,open,,,2026-09-09T18:23:06Z,,,,,v3-forward-measurement
a9a63610-efda-4e97-997f-2ae5d52111b7,ebbf942d-797e-4222-ad97-7ff215869bb8,2026-09-09T18:23:06Z,FanDuel Sportsbook structured market feed,,VA,NFL,35596943,Dallas Cowboys @ New York Giants,2026-09-14T00:20:00.000Z,FanDuel,751.183007451,passing_yards,Jaxson Dart - Passing Yds,,Jaxson Dart,41788834,under,217.5,-114,1.87719298245614,0.5327102803738317,open,,,2026-09-09T18:23:06Z,,,,,v3-forward-measurement
5247943d-428e-450b-aa9d-fdf732f8d341,fe0ca5fb-0246-465c-a74d-814388c0ed62,2026-09-09T18:23:06Z,FanDuel Sportsbook structured market feed,,VA,NFL,35596943,Dallas Cowboys @ New York Giants,2026-09-14T00:20:00.000Z,FanDuel,751.183016259,rushing_yards,Jaxson Dart - Rushing Yds,,Jaxson Dart,41788833,over,28.5,-114,1.87719298245614,0.5327102803738317,open,,,2026-09-09T18:23:06Z,,,,,v3-forward-measurement
5247943d-428e-450b-aa9d-fdf732f8d341,3494a7f7-42c0-434f-bde9-f79e9cfad063,2026-09-09T18:23:06Z,FanDuel Sportsbook structured market feed,,VA,NFL,35596943,Dallas Cowboys @ New York Giants,2026-09-14T00:20:00.000Z,FanDuel,751.183016259,rushing_yards,Jaxson Dart - Rushing Yds,,Jaxson Dart,41788834,under,28.5,-114,1.87719298245614,0.5327102803738317,open,,,2026-09-09T18:23:06Z,,,,,v3-forward-measurement
5247943d-428e-450b-aa9d-fdf732f8d341,2bbb00a3-8065-4d9d-8b9a-2e6c07a8ab44,2026-09-09T18:23:06Z,FanDuel Sportsbook structured market feed,,VA,NFL,35596943,Dallas Cowboys @ New York Giants,2026-09-14T00:20:00.000Z,FanDuel,751.185544787,rushing_yards,Malik Davis - Rushing Yds,,Malik Davis,41172959,over,13.5,-114,1.87719298245614,0.5327102803738317,open,,,2026-09-09T18:23:06Z,,,,,v3-forward-measurement
5247943d-428e-450b-aa9d-fdf732f8d341,61760b9d-dd0a-43fc-bfc3-77ec8c02ea23,2026-09-09T18:23:06Z,FanDuel Sportsbook structured market feed,,VA,NFL,35596943,Dallas Cowboys @ New York Giants,2026-09-14T00:20:00.000Z,FanDuel,751.185544787,rushing_yards,Malik Davis - Rushing Yds,,Malik Davis,41172958,under,13.5,-114,1.87719298245614,0.5327102803738317,open,,,2026-09-09T18:23:06Z,,,,,v3-forward-measurement
5247943d-428e-450b-aa9d-fdf732f8d341,a2891659-419a-44f7-83cc-af3e2b94df1b,2026-09-09T18:23:06Z,FanDuel Sportsbook structured market feed,,VA,NFL,35596943,Dallas Cowboys @ New York Giants,2026-09-14T00:20:00.000Z,FanDuel,751.184988882,rushing_yards,Cam Skattebo - Rushing Yds,,Cam Skattebo,88246528,over,50.5,-114,1.87719298245614,0.5327102803738317,open,,,2026-09-09T18:23:06Z,,,,,v3-forward-measurement
5247943d-428e-450b-aa9d-fdf732f8d341,1bc0ed37-eb39-4d83-bac2-3e0617483a7e,2026-09-09T18:23:06Z,FanDuel Sportsbook structured market feed,,VA,NFL,35596943,Dallas Cowboys @ New York Giants,2026-09-14T00:20:00.000Z,FanDuel,751.184988882,rushing_yards,Cam Skattebo - Rushing Yds,,Cam Skattebo,88246518,under,50.5,-114,1.87719298245614,0.5327102803738317,open,,,2026-09-09T18:23:06Z,,,,,v3-forward-measurement
5247943d-428e-450b-aa9d-fdf732f8d341,2edcd016-6921-4b51-b3cd-67f2e03998f5,2026-09-09T18:23:06Z,FanDuel Sportsbook structured market feed,,VA,NFL,35596943,Dallas Cowboys @ New York Giants,2026-09-14T00:20:00.000Z,FanDuel,751.183016262,rushing_yards,Javonte Williams - Rushing Yds,,Javonte Williams,40891106,over,73.5,-114,1.87719298245614,0.5327102803738317,open,,,2026-09-09T18:23:06Z,,,,,v3-forward-measurement
5247943d-428e-450b-aa9d-fdf732f8d341,f02131dc-bde9-4cb5-99b6-f573a101b877,2026-09-09T18:23:06Z,FanDuel Sportsbook structured market feed,,VA,NFL,35596943,Dallas Cowboys @ New York Giants,2026-09-14T00:20:00.000Z,FanDuel,751.183016262,rushing_yards,Javonte Williams - Rushing Yds,,Javonte Williams,40891107,under,73.5,-114,1.87719298245614,0.5327102803738317,open,,,2026-09-09T18:23:06Z,,,,,v3-forward-measurement
5247943d-428e-450b-aa9d-fdf732f8d341,be8e30f8-564b-4586-9c31-968ae9b4e414,2026-09-09T18:23:06Z,FanDuel Sportsbook structured market feed,,VA,NFL,35596943,Dallas Cowboys @ New York Giants,2026-09-14T00:20:00.000Z,FanDuel,751.184989087,rushing_yards,Dak Prescott - Rushing Yds,,Dak Prescott,11889993,over,7.5,-114,1.87719298245614,0.5327102803738317,open,,,2026-09-09T18:23:06Z,,,,,v3-forward-measurement
5247943d-428e-450b-aa9d-fdf732f8d341,fb629c75-afb8-4a5c-9133-2338d272e2aa,2026-09-09T18:23:06Z,FanDuel Sportsbook structured market feed,,VA,NFL,35596943,Dallas Cowboys @ New York Giants,2026-09-14T00:20:00.000Z,FanDuel,751.184989087,rushing_yards,Dak Prescott - Rushing Yds,,Dak Prescott,11889992,under,7.5,-114,1.87719298245614,0.5327102803738317,open,,,2026-09-09T18:23:06Z,,,,,v3-forward-measurement
ad1e1135-049a-4773-8bd9-447cf887f861,0055aaf1-85a4-46a4-8be7-de11da918559,2026-09-09T18:23:06Z,FanDuel Sportsbook structured market feed,,VA,NFL,35596943,Dallas Cowboys @ New York Giants,2026-09-14T00:20:00.000Z,FanDuel,751.185434183,receptions,Malachi Fields - Total Receptions,,Malachi Fields,59997472,over,2.5,134,2.34,0.42735042735042733,open,,,2026-09-09T18:23:06Z,,,,,v3-forward-measurement
ad1e1135-049a-4773-8bd9-447cf887f861,23e9ea65-d952-45d1-8574-3c2d3e34aa65,2026-09-09T18:23:06Z,FanDuel Sportsbook structured market feed,,VA,NFL,35596943,Dallas Cowboys @ New York Giants,2026-09-14T00:20:00.000Z,FanDuel,751.185434183,receptions,Malachi Fields - Total Receptions,,Malachi Fields,59997467,under,2.5,-180,1.555555555555556,0.6428571428571429,open,,,2026-09-09T18:23:06Z,,,,,v3-forward-measurement
ad1e1135-049a-4773-8bd9-447cf887f861,ab53e180-c8ea-40db-84bc-a32b738c1a77,2026-09-09T18:23:06Z,FanDuel Sportsbook structured market feed,,VA,NFL,35596943,Dallas Cowboys @ New York Giants,2026-09-14T00:20:00.000Z,FanDuel,751.184988868,receiving_yards,Cam Skattebo - Receiving Yds,,Cam Skattebo,88246528,over,15.5,-114,1.87719298245614,0.5327102803738317,open,,,2026-09-09T18:23:06Z,,,,,v3-forward-measurement
ad1e1135-049a-4773-8bd9-447cf887f861,49ed49e2-92a9-4f8b-ad94-a8ba6620b936,2026-09-09T18:23:06Z,FanDuel Sportsbook structured market feed,,VA,NFL,35596943,Dallas Cowboys @ New York Giants,2026-09-14T00:20:00.000Z,FanDuel,751.184988868,receiving_yards,Cam Skattebo - Receiving Yds,,Cam Skattebo,88246518,under,15.5,-114,1.87719298245614,0.5327102803738317,open,,,2026-09-09T18:23:06Z,,,,,v3-forward-measurement
ad1e1135-049a-4773-8bd9-447cf887f861,c599c673-902b-4c9b-9033-64ccf9770c2a,2026-09-09T18:23:06Z,FanDuel Sportsbook structured market feed,,VA,NFL,35596943,Dallas Cowboys @ New York Giants,2026-09-14T00:20:00.000Z,FanDuel,751.184987956,receptions,Jake Ferguson - Total Receptions,,Jake Ferguson,41072316,over,3.5,-106,1.943396226415094,0.5145631067961165,open,,,2026-09-09T18:23:06Z,,,,,v3-forward-measurement
ad1e1135-049a-4773-8bd9-447cf887f861,03112d5a-da22-4062-ae83-794554e4f518,2026-09-09T18:23:06Z,FanDuel Sportsbook structured market feed,,VA,NFL,35596943,Dallas Cowboys @ New York Giants,2026-09-14T00:20:00.000Z,FanDuel,751.184987956,receptions,Jake Ferguson - Total Receptions,,Jake Ferguson,41072318,under,3.5,-125,1.8,0.5555555555555556,open,,,2026-09-09T18:23:06Z,,,,,v3-forward-measurement
ad1e1135-049a-4773-8bd9-447cf887f861,f6ecbc3b-ff9a-444c-b1e7-e207a1defc81,2026-09-09T18:23:06Z,FanDuel Sportsbook structured market feed,,VA,NFL,35596943,Dallas Cowboys @ New York Giants,2026-09-14T00:20:00.000Z,FanDuel,751.183009497,receptions,CeeDee Lamb - Total Receptions,,CeeDee Lamb,35952241,over,6.5,116,2.16,0.46296296296296297,open,,,2026-09-09T18:23:06Z,,,,,v3-forward-measurement
ad1e1135-049a-4773-8bd9-447cf887f861,66227809-766e-4d24-a3a2-f9603362e777,2026-09-09T18:23:06Z,FanDuel Sportsbook structured market feed,,VA,NFL,35596943,Dallas Cowboys @ New York Giants,2026-09-14T00:20:00.000Z,FanDuel,751.183009497,receptions,CeeDee Lamb - Total Receptions,,CeeDee Lamb,35952242,under,6.5,-154,1.649350649350649,0.6062992125984252,open,,,2026-09-09T18:23:06Z,,,,,v3-forward-measurement
ad1e1135-049a-4773-8bd9-447cf887f861,65b1378d-0b0e-4add-8b00-ee1259177be6,2026-09-09T18:23:06Z,FanDuel Sportsbook structured market feed,,VA,NFL,35596943,Dallas Cowboys @ New York Giants,2026-09-14T00:20:00.000Z,FanDuel,751.183009498,receiving_yards,CeeDee Lamb - Receiving Yds,,CeeDee Lamb,35952241,over,76.5,-114,1.87719298245614,0.5327102803738317,open,,,2026-09-09T18:23:06Z,,,,,v3-forward-measurement
ad1e1135-049a-4773-8bd9-447cf887f861,6cb4dff9-2251-47b5-b6af-3650b90b6215,2026-09-09T18:23:06Z,FanDuel Sportsbook structured market feed,,VA,NFL,35596943,Dallas Cowboys @ New York Giants,2026-09-14T00:20:00.000Z,FanDuel,751.183009498,receiving_yards,CeeDee Lamb - Receiving Yds,,CeeDee Lamb,35952242,under,76.5,-114,1.87719298245614,0.5327102803738317,open,,,2026-09-09T18:23:06Z,,,,,v3-forward-measurement
ad1e1135-049a-4773-8bd9-447cf887f861,9af17668-b933-42cc-a46a-c10afcd7613b,2026-09-09T18:23:06Z,FanDuel Sportsbook structured market feed,,VA,NFL,35596943,Dallas Cowboys @ New York Giants,2026-09-14T00:20:00.000Z,FanDuel,751.184988881,receptions,Cam Skattebo - Total Receptions,,Cam Skattebo,88246528,over,2.5,116,2.16,0.46296296296296297,open,,,2026-09-09T18:23:06Z,,,,,v3-forward-measurement
ad1e1135-049a-4773-8bd9-447cf887f861,0d1e681c-5346-4b7b-bf33-d81b5ea275a5,2026-09-09T18:23:06Z,FanDuel Sportsbook structured market feed,,VA,NFL,35596943,Dallas Cowboys @ New York Giants,2026-09-14T00:20:00.000Z,FanDuel,751.184988881,receptions,Cam Skattebo - Total Receptions,,Cam Skattebo,88246518,under,2.5,-154,1.649350649350649,0.6062992125984252,open,,,2026-09-09T18:23:06Z,,,,,v3-forward-measurement
ad1e1135-049a-4773-8bd9-447cf887f861,2c6bfd8d-a9c3-4dc3-907c-aa9352fba43e,2026-09-09T18:23:06Z,FanDuel Sportsbook structured market feed,,VA,NFL,35596943,Dallas Cowboys @ New York Giants,2026-09-14T00:20:00.000Z,FanDuel,751.184988563,receptions,Isaiah Likely - Total Receptions,,Isaiah Likely,42088270,over,3.5,116,2.16,0.46296296296296297,open,,,2026-09-09T18:23:06Z,,,,,v3-forward-measurement
ad1e1135-049a-4773-8bd9-447cf887f861,55a3f9bc-d632-4e92-84a5-140c618e097b,2026-09-09T18:23:06Z,FanDuel Sportsbook structured market feed,,VA,NFL,35596943,Dallas Cowboys @ New York Giants,2026-09-14T00:20:00.000Z,FanDuel,751.184988563,receptions,Isaiah Likely - Total Receptions,,Isaiah Likely,42088269,under,3.5,-154,1.649350649350649,0.6062992125984252,open,,,2026-09-09T18:23:06Z,,,,,v3-forward-measurement
ad1e1135-049a-4773-8bd9-447cf887f861,baef2276-a5e7-4e08-8de7-5e1f05f6e0b5,2026-09-09T18:23:06Z,FanDuel Sportsbook structured market feed,,VA,NFL,35596943,Dallas Cowboys @ New York Giants,2026-09-14T00:20:00.000Z,FanDuel,751.184987950,receiving_yards,Jake Ferguson - Receiving Yds,,Jake Ferguson,41072316,over,28.5,-114,1.87719298245614,0.5327102803738317,open,,,2026-09-09T18:23:06Z,,,,,v3-forward-measurement
ad1e1135-049a-4773-8bd9-447cf887f861,1202a51e-58b1-49c1-9592-7fe981e9f197,2026-09-09T18:23:06Z,FanDuel Sportsbook structured market feed,,VA,NFL,35596943,Dallas Cowboys @ New York Giants,2026-09-14T00:20:00.000Z,FanDuel,751.184987950,receiving_yards,Jake Ferguson - Receiving Yds,,Jake Ferguson,41072318,under,28.5,-114,1.87719298245614,0.5327102803738317,open,,,2026-09-09T18:23:06Z,,,,,v3-forward-measurement
ad1e1135-049a-4773-8bd9-447cf887f861,519c865d-41a9-4664-a3c3-099419f621ff,2026-09-09T18:23:06Z,FanDuel Sportsbook structured market feed,,VA,NFL,35596943,Dallas Cowboys @ New York Giants,2026-09-14T00:20:00.000Z,FanDuel,751.183012162,receptions,George Pickens - Total Receptions,,George Pickens,42217164,over,5.5,124,2.24,0.44642857142857145,open,,,2026-09-09T18:23:06Z,,,,,v3-forward-measurement
ad1e1135-049a-4773-8bd9-447cf887f861,ed2e1e4e-8a02-42a0-8d5b-8fca734d34e8,2026-09-09T18:23:06Z,FanDuel Sportsbook structured market feed,,VA,NFL,35596943,Dallas Cowboys @ New York Giants,2026-09-14T00:20:00.000Z,FanDuel,751.183012162,receptions,George Pickens - Total Receptions,,George Pickens,42217165,under,5.5,-166,1.602409638554217,0.6240601503759399,open,,,2026-09-09T18:23:06Z,,,,,v3-forward-measurement
ad1e1135-049a-4773-8bd9-447cf887f861,89dceae3-91a8-434c-a8ab-daa3779a0365,2026-09-09T18:23:06Z,FanDuel Sportsbook structured market feed,,VA,NFL,35596943,Dallas Cowboys @ New York Giants,2026-09-14T00:20:00.000Z,FanDuel,751.183012163,receiving_yards,George Pickens - Receiving Yds,,George Pickens,42217164,over,69.5,-114,1.87719298245614,0.5327102803738317,open,,,2026-09-09T18:23:06Z,,,,,v3-forward-measurement
ad1e1135-049a-4773-8bd9-447cf887f861,ecd99168-f587-4705-a2d0-df62717981a4,2026-09-09T18:23:06Z,FanDuel Sportsbook structured market feed,,VA,NFL,35596943,Dallas Cowboys @ New York Giants,2026-09-14T00:20:00.000Z,FanDuel,751.183012163,receiving_yards,George Pickens - Receiving Yds,,George Pickens,42217165,under,69.5,-114,1.87719298245614,0.5327102803738317,open,,,2026-09-09T18:23:06Z,,,,,v3-forward-measurement
ad1e1135-049a-4773-8bd9-447cf887f861,c7846b09-a670-4c1d-a99d-ca75f8435d57,2026-09-09T18:23:06Z,FanDuel Sportsbook structured market feed,,VA,NFL,35596943,Dallas Cowboys @ New York Giants,2026-09-14T00:20:00.000Z,FanDuel,751.185434196,receiving_yards,Malachi Fields - Receiving Yds,,Malachi Fields,59997472,over,21.5,-114,1.87719298245614,0.5327102803738317,open,,,2026-09-09T18:23:06Z,,,,,v3-forward-measurement
ad1e1135-049a-4773-8bd9-447cf887f861,8a56f68d-ed40-4397-bf76-4da3d03a6ad2,2026-09-09T18:23:06Z,FanDuel Sportsbook structured market feed,,VA,NFL,35596943,Dallas Cowboys @ New York Giants,2026-09-14T00:20:00.000Z,FanDuel,751.185434196,receiving_yards,Malachi Fields - Receiving Yds,,Malachi Fields,59997467,under,21.5,-114,1.87719298245614,0.5327102803738317,open,,,2026-09-09T18:23:06Z,,,,,v3-forward-measurement
ad1e1135-049a-4773-8bd9-447cf887f861,40e1b034-294c-40d5-8203-da4454fab23c,2026-09-09T18:23:06Z,FanDuel Sportsbook structured market feed,,VA,NFL,35596943,Dallas Cowboys @ New York Giants,2026-09-14T00:20:00.000Z,FanDuel,751.183013304,receiving_yards,Malik Nabers - Receiving Yds,,Malik Nabers,42258641,over,60.5,-114,1.87719298245614,0.5327102803738317,open,,,2026-09-09T18:23:06Z,,,,,v3-forward-measurement
ad1e1135-049a-4773-8bd9-447cf887f861,c64cdbe5-f778-4581-b2dc-8b820a505d53,2026-09-09T18:23:06Z,FanDuel Sportsbook structured market feed,,VA,NFL,35596943,Dallas Cowboys @ New York Giants,2026-09-14T00:20:00.000Z,FanDuel,751.183013304,receiving_yards,Malik Nabers - Receiving Yds,,Malik Nabers,42258643,under,60.5,-114,1.87719298245614,0.5327102803738317,open,,,2026-09-09T18:23:06Z,,,,,v3-forward-measurement
ad1e1135-049a-4773-8bd9-447cf887f861,5f73665a-4a63-4557-b158-72580484ca4b,2026-09-09T18:23:06Z,FanDuel Sportsbook structured market feed,,VA,NFL,35596943,Dallas Cowboys @ New York Giants,2026-09-14T00:20:00.000Z,FanDuel,751.183013303,receptions,Malik Nabers - Total Receptions,,Malik Nabers,42258641,over,5.5,120,2.2,0.45454545454545453,open,,,2026-09-09T18:23:06Z,,,,,v3-forward-measurement
ad1e1135-049a-4773-8bd9-447cf887f861,02044868-1f9b-4185-8be8-0863f85271d9,2026-09-09T18:23:06Z,FanDuel Sportsbook structured market feed,,VA,NFL,35596943,Dallas Cowboys @ New York Giants,2026-09-14T00:20:00.000Z,FanDuel,751.183013303,receptions,Malik Nabers - Total Receptions,,Malik Nabers,42258643,under,5.5,-160,1.625,0.6153846153846154,open,,,2026-09-09T18:23:06Z,,,,,v3-forward-measurement
ad1e1135-049a-4773-8bd9-447cf887f861,9422545a-7a02-4c5d-878c-45f15faa6a35,2026-09-09T18:23:06Z,FanDuel Sportsbook structured market feed,,VA,NFL,35596943,Dallas Cowboys @ New York Giants,2026-09-14T00:20:00.000Z,FanDuel,751.184988559,receiving_yards,Isaiah Likely - Receiving Yds,,Isaiah Likely,42088270,over,34.5,-114,1.87719298245614,0.5327102803738317,open,,,2026-09-09T18:23:06Z,,,,,v3-forward-measurement
ad1e1135-049a-4773-8bd9-447cf887f861,140363c6-e77a-47f0-a84a-1c1dacea430c,2026-09-09T18:23:06Z,FanDuel Sportsbook structured market feed,,VA,NFL,35596943,Dallas Cowboys @ New York Giants,2026-09-14T00:20:00.000Z,FanDuel,751.184988559,receiving_yards,Isaiah Likely - Receiving Yds,,Isaiah Likely,42088269,under,34.5,-114,1.87719298245614,0.5327102803738317,open,,,2026-09-09T18:23:06Z,,,,,v3-forward-measurement
ad1e1135-049a-4773-8bd9-447cf887f861,1cbeced0-0fb0-4913-bbdd-b7a32bfdff07,2026-09-09T18:23:06Z,FanDuel Sportsbook structured market feed,,VA,NFL,35596943,Dallas Cowboys @ New York Giants,2026-09-14T00:20:00.000Z,FanDuel,751.184988177,receiving_yards,Javonte Williams - Receiving Yds,,Javonte Williams,40891106,over,9.5,-114,1.87719298245614,0.5327102803738317,open,,,2026-09-09T18:23:06Z,,,,,v3-forward-measurement
ad1e1135-049a-4773-8bd9-447cf887f861,53aa0afe-c5be-4226-bb7b-46c9369c9c04,2026-09-09T18:23:06Z,FanDuel Sportsbook structured market feed,,VA,NFL,35596943,Dallas Cowboys @ New York Giants,2026-09-14T00:20:00.000Z,FanDuel,751.184988177,receiving_yards,Javonte Williams - Receiving Yds,,Javonte Williams,40891107,under,9.5,-114,1.87719298245614,0.5327102803738317,open,,,2026-09-09T18:23:06Z,,,,,v3-forward-measurement
ad1e1135-049a-4773-8bd9-447cf887f861,b90bcb42-7dfc-4448-8444-795a83b2d227,2026-09-09T18:23:06Z,FanDuel Sportsbook structured market feed,,VA,NFL,35596943,Dallas Cowboys @ New York Giants,2026-09-14T00:20:00.000Z,FanDuel,751.184988179,receptions,Javonte Williams - Total Receptions,,Javonte Williams,40891106,over,2.5,154,2.54,0.3937007874015748,open,,,2026-09-09T18:23:06Z,,,,,v3-forward-measurement
ad1e1135-049a-4773-8bd9-447cf887f861,ec29cb99-31ea-42bc-ba63-6f4aafa847ea,2026-09-09T18:23:06Z,FanDuel Sportsbook structured market feed,,VA,NFL,35596943,Dallas Cowboys @ New York Giants,2026-09-14T00:20:00.000Z,FanDuel,751.184988179,receptions,Javonte Williams - Total Receptions,,Javonte Williams,40891107,under,2.5,-210,1.476190476190476,0.6774193548387096,open,,,2026-09-09T18:23:06Z,,,,,v3-forward-measurement
ad1e1135-049a-4773-8bd9-447cf887f861,ac8b4d4a-7976-4aa6-91a4-955b6a0a13e1,2026-09-09T18:23:06Z,FanDuel Sportsbook structured market feed,,VA,NFL,35596943,Dallas Cowboys @ New York Giants,2026-09-14T00:20:00.000Z,FanDuel,751.184820301,receiving_yards,Odell Beckham Jr. - Receiving Yds,,Odell Beckham Jr.,25909418,over,10.5,-114,1.87719298245614,0.5327102803738317,open,,,2026-09-09T18:23:06Z,,,,,v3-forward-measurement
ad1e1135-049a-4773-8bd9-447cf887f861,eef1be1a-62c5-4da0-b786-9d65bf6b2d49,2026-09-09T18:23:06Z,FanDuel Sportsbook structured market feed,,VA,NFL,35596943,Dallas Cowboys @ New York Giants,2026-09-14T00:20:00.000Z,FanDuel,751.184820301,receiving_yards,Odell Beckham Jr. - Receiving Yds,,Odell Beckham Jr.,25909419,under,10.5,-114,1.87719298245614,0.5327102803738317,open,,,2026-09-09T18:23:06Z,,,,,v3-forward-measurement
2158d7ca-5b70-4e5c-9ad0-1da5d6063057,e16c1c43-65c3-45c4-81bf-e7c623767754,2026-09-09T18:23:06Z,FanDuel Sportsbook structured market feed,,VA,NFL,35596960,San Francisco 49ers @ Los Angeles Rams,2026-09-11T00:35:00.000Z,FanDuel,751.182142326,passing_touchdowns,Brock Purdy - Passing TDs,,Brock Purdy,41074310,over,1.5,100,2,0.5,open,,,2026-09-09T18:23:06Z,,,,,v3-forward-measurement
2158d7ca-5b70-4e5c-9ad0-1da5d6063057,5799259f-1f84-4ef7-9197-d2b95e76bdc0,2026-09-09T18:23:06Z,FanDuel Sportsbook structured market feed,,VA,NFL,35596960,San Francisco 49ers @ Los Angeles Rams,2026-09-11T00:35:00.000Z,FanDuel,751.182142326,passing_touchdowns,Brock Purdy - Passing TDs,,Brock Purdy,41074309,under,1.5,-132,1.757575757575758,0.5689655172413793,open,,,2026-09-09T18:23:06Z,,,,,v3-forward-measurement
2158d7ca-5b70-4e5c-9ad0-1da5d6063057,94652ad7-5da1-44d1-b5ab-54b8ecbf48a3,2026-09-09T18:23:06Z,FanDuel Sportsbook structured market feed,,VA,NFL,35596960,San Francisco 49ers @ Los Angeles Rams,2026-09-11T00:35:00.000Z,FanDuel,751.182142327,passing_yards,Matthew Stafford - Passing Yds,,Matthew Stafford,11889883,over,263.5,-114,1.87719298245614,0.5327102803738317,open,,,2026-09-09T18:23:06Z,,,,,v3-forward-measurement
2158d7ca-5b70-4e5c-9ad0-1da5d6063057,15d7cd82-8d9b-4a75-80a2-fd764c488043,2026-09-09T18:23:06Z,FanDuel Sportsbook structured market feed,,VA,NFL,35596960,San Francisco 49ers @ Los Angeles Rams,2026-09-11T00:35:00.000Z,FanDuel,751.182142327,passing_yards,Matthew Stafford - Passing Yds,,Matthew Stafford,11889882,under,263.5,-114,1.87719298245614,0.5327102803738317,open,,,2026-09-09T18:23:06Z,,,,,v3-forward-measurement
2158d7ca-5b70-4e5c-9ad0-1da5d6063057,f39a891b-9ac6-4fef-a7f4-7ae67f911be3,2026-09-09T18:23:06Z,FanDuel Sportsbook structured market feed,,VA,NFL,35596960,San Francisco 49ers @ Los Angeles Rams,2026-09-11T00:35:00.000Z,FanDuel,751.182142297,passing_yards,Brock Purdy - Passing Yds,,Brock Purdy,41074310,over,243.5,-114,1.87719298245614,0.5327102803738317,open,,,2026-09-09T18:23:06Z,,,,,v3-forward-measurement
2158d7ca-5b70-4e5c-9ad0-1da5d6063057,bf20c5bc-df3b-4271-b59c-e17e53e0d29a,2026-09-09T18:23:06Z,FanDuel Sportsbook structured market feed,,VA,NFL,35596960,San Francisco 49ers @ Los Angeles Rams,2026-09-11T00:35:00.000Z,FanDuel,751.182142297,passing_yards,Brock Purdy - Passing Yds,,Brock Purdy,41074309,under,243.5,-114,1.87719298245614,0.5327102803738317,open,,,2026-09-09T18:23:06Z,,,,,v3-forward-measurement
2158d7ca-5b70-4e5c-9ad0-1da5d6063057,82950e1c-91d1-4b7e-bf98-a75df3153087,2026-09-09T18:23:06Z,FanDuel Sportsbook structured market feed,,VA,NFL,35596960,San Francisco 49ers @ Los Angeles Rams,2026-09-11T00:35:00.000Z,FanDuel,751.182142225,passing_touchdowns,Matthew Stafford - Passing TDs,,Matthew Stafford,11889883,over,1.5,-152,1.657894736842105,0.6031746031746031,open,,,2026-09-09T18:23:06Z,,,,,v3-forward-measurement
2158d7ca-5b70-4e5c-9ad0-1da5d6063057,52bbfdf4-d857-46a7-b58a-f3657d0a6b00,2026-09-09T18:23:06Z,FanDuel Sportsbook structured market feed,,VA,NFL,35596960,San Francisco 49ers @ Los Angeles Rams,2026-09-11T00:35:00.000Z,FanDuel,751.182142225,passing_touchdowns,Matthew Stafford - Passing TDs,,Matthew Stafford,11889882,under,1.5,116,2.16,0.46296296296296297,open,,,2026-09-09T18:23:06Z,,,,,v3-forward-measurement
d31193cb-9cd9-4e16-ae23-d5ef7c82a1ce,e3048325-6260-445e-90e1-fcdbe6af5199,2026-09-09T18:23:06Z,FanDuel Sportsbook structured market feed,,VA,NFL,35596960,San Francisco 49ers @ Los Angeles Rams,2026-09-11T00:35:00.000Z,FanDuel,751.182146210,rushing_yards,Brock Purdy - Rushing Yds,,Brock Purdy,41074310,over,17.5,-114,1.87719298245614,0.5327102803738317,open,,,2026-09-09T18:23:06Z,,,,,v3-forward-measurement
d31193cb-9cd9-4e16-ae23-d5ef7c82a1ce,ee5c3c92-df33-42c9-b00b-cc5c58c2db79,2026-09-09T18:23:06Z,FanDuel Sportsbook structured market feed,,VA,NFL,35596960,San Francisco 49ers @ Los Angeles Rams,2026-09-11T00:35:00.000Z,FanDuel,751.182146210,rushing_yards,Brock Purdy - Rushing Yds,,Brock Purdy,41074309,under,17.5,-114,1.87719298245614,0.5327102803738317,open,,,2026-09-09T18:23:06Z,,,,,v3-forward-measurement
d31193cb-9cd9-4e16-ae23-d5ef7c82a1ce,ec586850-5751-45b8-8004-cd5ba423af1f,2026-09-09T18:23:06Z,FanDuel Sportsbook structured market feed,,VA,NFL,35596960,San Francisco 49ers @ Los Angeles Rams,2026-09-11T00:35:00.000Z,FanDuel,751.185239157,rushing_yards,Puka Nacua - Rushing Yds,,Puka Nacua,41887349,over,2.5,102,2.02,0.49504950495049505,open,,,2026-09-09T18:23:06Z,,,,,v3-forward-measurement
d31193cb-9cd9-4e16-ae23-d5ef7c82a1ce,a1888775-412a-41e7-8654-fada59aa24ef,2026-09-09T18:23:06Z,FanDuel Sportsbook structured market feed,,VA,NFL,35596960,San Francisco 49ers @ Los Angeles Rams,2026-09-11T00:35:00.000Z,FanDuel,751.185239157,rushing_yards,Puka Nacua - Rushing Yds,,Puka Nacua,41887350,under,2.5,-132,1.757575757575758,0.5689655172413793,open,,,2026-09-09T18:23:06Z,,,,,v3-forward-measurement
d31193cb-9cd9-4e16-ae23-d5ef7c82a1ce,3952395f-d327-4238-b234-e3de19c77790,2026-09-09T18:23:06Z,FanDuel Sportsbook structured market feed,,VA,NFL,35596960,San Francisco 49ers @ Los Angeles Rams,2026-09-11T00:35:00.000Z,FanDuel,751.184968313,rushing_yards,Matthew Stafford - Rushing Yds,,Matthew Stafford,11889883,over,0.5,154,2.54,0.3937007874015748,open,,,2026-09-09T18:23:06Z,,,,,v3-forward-measurement
d31193cb-9cd9-4e16-ae23-d5ef7c82a1ce,ae37a4d8-1df5-47de-b79d-7d7f79bf0f5c,2026-09-09T18:23:06Z,FanDuel Sportsbook structured market feed,,VA,NFL,35596960,San Francisco 49ers @ Los Angeles Rams,2026-09-11T00:35:00.000Z,FanDuel,751.184968313,rushing_yards,Matthew Stafford - Rushing Yds,,Matthew Stafford,11889882,under,0.5,-205,1.48780487804878,0.6721311475409836,open,,,2026-09-09T18:23:06Z,,,,,v3-forward-measurement
d31193cb-9cd9-4e16-ae23-d5ef7c82a1ce,50dd3a2a-bf31-402a-a064-0e6d137e1263,2026-09-09T18:23:06Z,FanDuel Sportsbook structured market feed,,VA,NFL,35596960,San Francisco 49ers @ Los Angeles Rams,2026-09-11T00:35:00.000Z,FanDuel,751.182144553,rushing_yards,Blake Corum - Rushing Yds,,Blake Corum,41072425,over,44.5,-114,1.87719298245614,0.5327102803738317,open,,,2026-09-09T18:23:06Z,,,,,v3-forward-measurement
d31193cb-9cd9-4e16-ae23-d5ef7c82a1ce,7c3ee2bd-dd5b-4b54-a16f-747034dcdbc0,2026-09-09T18:23:06Z,FanDuel Sportsbook structured market feed,,VA,NFL,35596960,San Francisco 49ers @ Los Angeles Rams,2026-09-11T00:35:00.000Z,FanDuel,751.182144553,rushing_yards,Blake Corum - Rushing Yds,,Blake Corum,41072423,under,44.5,-114,1.87719298245614,0.5327102803738317,open,,,2026-09-09T18:23:06Z,,,,,v3-forward-measurement
d31193cb-9cd9-4e16-ae23-d5ef7c82a1ce,3f62193e-a406-42fc-8f3b-f60993d307aa,2026-09-09T18:23:06Z,FanDuel Sportsbook structured market feed,,VA,NFL,35596960,San Francisco 49ers @ Los Angeles Rams,2026-09-11T00:35:00.000Z,FanDuel,751.182144124,rushing_yards,Christian McCaffrey - Rushing Yds,,Christian McCaffrey,14807737,over,59.5,-114,1.87719298245614,0.5327102803738317,open,,,2026-09-09T18:23:06Z,,,,,v3-forward-measurement
d31193cb-9cd9-4e16-ae23-d5ef7c82a1ce,73c936c5-cb6e-4838-8ca5-ab20bceb23a8,2026-09-09T18:23:06Z,FanDuel Sportsbook structured market feed,,VA,NFL,35596960,San Francisco 49ers @ Los Angeles Rams,2026-09-11T00:35:00.000Z,FanDuel,751.182144124,rushing_yards,Christian McCaffrey - Rushing Yds,,Christian McCaffrey,14807736,under,59.5,-114,1.87719298245614,0.5327102803738317,open,,,2026-09-09T18:23:06Z,,,,,v3-forward-measurement
d31193cb-9cd9-4e16-ae23-d5ef7c82a1ce,89f7f34b-2d49-439e-8c4d-54fab9b47bf8,2026-09-09T18:23:06Z,FanDuel Sportsbook structured market feed,,VA,NFL,35596960,San Francisco 49ers @ Los Angeles Rams,2026-09-11T00:35:00.000Z,FanDuel,751.182144353,rushing_yards,Kyren Williams - Rushing Yds,,Kyren Williams,37541915,over,55.5,-114,1.87719298245614,0.5327102803738317,open,,,2026-09-09T18:23:06Z,,,,,v3-forward-measurement
d31193cb-9cd9-4e16-ae23-d5ef7c82a1ce,77ede510-b4d2-4a59-a0b1-ff9c3b7ea508,2026-09-09T18:23:06Z,FanDuel Sportsbook structured market feed,,VA,NFL,35596960,San Francisco 49ers @ Los Angeles Rams,2026-09-11T00:35:00.000Z,FanDuel,751.182144353,rushing_yards,Kyren Williams - Rushing Yds,,Kyren Williams,37541914,under,55.5,-114,1.87719298245614,0.5327102803738317,open,,,2026-09-09T18:23:06Z,,,,,v3-forward-measurement
692b7ece-c844-4a0d-9df7-4d04517971cf,c033de3f-75b0-41aa-8528-1854cc952047,2026-09-09T18:23:06Z,FanDuel Sportsbook structured market feed,,VA,NFL,35596960,San Francisco 49ers @ Los Angeles Rams,2026-09-11T00:35:00.000Z,FanDuel,751.182144092,receptions,Christian McCaffrey - Total Receptions,,Christian McCaffrey,14807737,over,4.5,-102,1.980392156862745,0.504950495049505,open,,,2026-09-09T18:23:06Z,,,,,v3-forward-measurement
692b7ece-c844-4a0d-9df7-4d04517971cf,a1d10c65-1811-4308-a9b6-d4b905cde87f,2026-09-09T18:23:06Z,FanDuel Sportsbook structured market feed,,VA,NFL,35596960,San Francisco 49ers @ Los Angeles Rams,2026-09-11T00:35:00.000Z,FanDuel,751.182144092,receptions,Christian McCaffrey - Total Receptions,,Christian McCaffrey,14807736,under,4.5,-130,1.769230769230769,0.5652173913043478,open,,,2026-09-09T18:23:06Z,,,,,v3-forward-measurement
692b7ece-c844-4a0d-9df7-4d04517971cf,06e0efc7-8785-4fd8-9429-3e1ada1b60d5,2026-09-09T18:23:06Z,FanDuel Sportsbook structured market feed,,VA,NFL,35596960,San Francisco 49ers @ Los Angeles Rams,2026-09-11T00:35:00.000Z,FanDuel,751.182144099,receiving_yards,Christian McCaffrey - Receiving Yds,,Christian McCaffrey,14807737,over,38.5,-114,1.87719298245614,0.5327102803738317,open,,,2026-09-09T18:23:06Z,,,,,v3-forward-measurement
692b7ece-c844-4a0d-9df7-4d04517971cf,64d0d8f1-e988-46f4-b920-4750b770d02c,2026-09-09T18:23:06Z,FanDuel Sportsbook structured market feed,,VA,NFL,35596960,San Francisco 49ers @ Los Angeles Rams,2026-09-11T00:35:00.000Z,FanDuel,751.182144099,receiving_yards,Christian McCaffrey - Receiving Yds,,Christian McCaffrey,14807736,under,38.5,-114,1.87719298245614,0.5327102803738317,open,,,2026-09-09T18:23:06Z,,,,,v3-forward-measurement
692b7ece-c844-4a0d-9df7-4d04517971cf,271452cb-0165-48f9-a4a5-9f5ef85d32ad,2026-09-09T18:23:06Z,FanDuel Sportsbook structured market feed,,VA,NFL,35596960,San Francisco 49ers @ Los Angeles Rams,2026-09-11T00:35:00.000Z,FanDuel,751.182145106,receptions,Mike Evans - Total Receptions,,Mike Evans,11802513,over,3.5,-130,1.769230769230769,0.5652173913043478,open,,,2026-09-09T18:23:06Z,,,,,v3-forward-measurement
692b7ece-c844-4a0d-9df7-4d04517971cf,93d60659-2edc-442b-aff6-36d47a80eef1,2026-09-09T18:23:06Z,FanDuel Sportsbook structured market feed,,VA,NFL,35596960,San Francisco 49ers @ Los Angeles Rams,2026-09-11T00:35:00.000Z,FanDuel,751.182145106,receptions,Mike Evans - Total Receptions,,Mike Evans,11802512,under,3.5,-102,1.980392156862745,0.504950495049505,open,,,2026-09-09T18:23:06Z,,,,,v3-forward-measurement
692b7ece-c844-4a0d-9df7-4d04517971cf,846fc33c-2ab4-4ec2-a13e-efb4c6d5232f,2026-09-09T18:23:06Z,FanDuel Sportsbook structured market feed,,VA,NFL,35596960,San Francisco 49ers @ Los Angeles Rams,2026-09-11T00:35:00.000Z,FanDuel,751.182145105,receiving_yards,Mike Evans - Receiving Yds,,Mike Evans,11802513,over,49.5,-114,1.87719298245614,0.5327102803738317,open,,,2026-09-09T18:23:06Z,,,,,v3-forward-measurement
692b7ece-c844-4a0d-9df7-4d04517971cf,4984805c-a52d-4641-9fd4-196882048fcd,2026-09-09T18:23:06Z,FanDuel Sportsbook structured market feed,,VA,NFL,35596960,San Francisco 49ers @ Los Angeles Rams,2026-09-11T00:35:00.000Z,FanDuel,751.182145105,receiving_yards,Mike Evans - Receiving Yds,,Mike Evans,11802512,under,49.5,-114,1.87719298245614,0.5327102803738317,open,,,2026-09-09T18:23:06Z,,,,,v3-forward-measurement
692b7ece-c844-4a0d-9df7-4d04517971cf,587e8393-fc0b-465d-aa0b-04f30f2a0f60,2026-09-09T18:23:06Z,FanDuel Sportsbook structured market feed,,VA,NFL,35596960,San Francisco 49ers @ Los Angeles Rams,2026-09-11T00:35:00.000Z,FanDuel,751.185240365,receptions,DeMarcus Robinson - Total Receptions,,DeMarcus Robinson,89390987,over,1.5,162,2.62,0.3816793893129771,open,,,2026-09-09T18:23:06Z,,,,,v3-forward-measurement
692b7ece-c844-4a0d-9df7-4d04517971cf,466d90e0-99cf-4ea6-a7d6-e2054284bcbb,2026-09-09T18:23:06Z,FanDuel Sportsbook structured market feed,,VA,NFL,35596960,San Francisco 49ers @ Los Angeles Rams,2026-09-11T00:35:00.000Z,FanDuel,751.185240365,receptions,DeMarcus Robinson - Total Receptions,,DeMarcus Robinson,89390988,under,1.5,-220,1.454545454545455,0.6875,open,,,2026-09-09T18:23:06Z,,,,,v3-forward-measurement
692b7ece-c844-4a0d-9df7-4d04517971cf,4fbf9153-7e29-4f40-9eac-598c5673e4ca,2026-09-09T18:23:06Z,FanDuel Sportsbook structured market feed,,VA,NFL,35596960,San Francisco 49ers @ Los Angeles Rams,2026-09-11T00:35:00.000Z,FanDuel,751.184124136,receiving_yards,Kyren Williams - Receiving Yds,,Kyren Williams,37541915,over,10.5,-114,1.87719298245614,0.5327102803738317,open,,,2026-09-09T18:23:06Z,,,,,v3-forward-measurement
692b7ece-c844-4a0d-9df7-4d04517971cf,ebc8dde7-e320-4a13-8fa4-233ccc97fde8,2026-09-09T18:23:06Z,FanDuel Sportsbook structured market feed,,VA,NFL,35596960,San Francisco 49ers @ Los Angeles Rams,2026-09-11T00:35:00.000Z,FanDuel,751.184124136,receiving_yards,Kyren Williams - Receiving Yds,,Kyren Williams,37541914,under,10.5,-114,1.87719298245614,0.5327102803738317,open,,,2026-09-09T18:23:06Z,,,,,v3-forward-measurement
692b7ece-c844-4a0d-9df7-4d04517971cf,f36c6543-501a-4bec-91cc-da10b4e960ed,2026-09-09T18:23:06Z,FanDuel Sportsbook structured market feed,,VA,NFL,35596960,San Francisco 49ers @ Los Angeles Rams,2026-09-11T00:35:00.000Z,FanDuel,751.185240366,receiving_yards,DeMarcus Robinson - Receiving Yds,,DeMarcus Robinson,89390987,over,11.5,-114,1.87719298245614,0.5327102803738317,open,,,2026-09-09T18:23:06Z,,,,,v3-forward-measurement
692b7ece-c844-4a0d-9df7-4d04517971cf,da47ea47-7a19-4926-b487-04a2fc9473e9,2026-09-09T18:23:06Z,FanDuel Sportsbook structured market feed,,VA,NFL,35596960,San Francisco 49ers @ Los Angeles Rams,2026-09-11T00:35:00.000Z,FanDuel,751.185240366,receiving_yards,DeMarcus Robinson - Receiving Yds,,DeMarcus Robinson,89390988,under,11.5,-114,1.87719298245614,0.5327102803738317,open,,,2026-09-09T18:23:06Z,,,,,v3-forward-measurement
692b7ece-c844-4a0d-9df7-4d04517971cf,5d71ff5c-db58-4d74-99cf-61db36d9dff7,2026-09-09T18:23:06Z,FanDuel Sportsbook structured market feed,,VA,NFL,35596960,San Francisco 49ers @ Los Angeles Rams,2026-09-11T00:35:00.000Z,FanDuel,751.185240837,receiving_yards,Kyle Juszczyk - Receiving Yds,,Kyle Juszczyk,20537988,over,5.5,-114,1.87719298245614,0.5327102803738317,open,,,2026-09-09T18:23:06Z,,,,,v3-forward-measurement
692b7ece-c844-4a0d-9df7-4d04517971cf,82651868-8549-4f64-948c-9dcff0546af6,2026-09-09T18:23:06Z,FanDuel Sportsbook structured market feed,,VA,NFL,35596960,San Francisco 49ers @ Los Angeles Rams,2026-09-11T00:35:00.000Z,FanDuel,751.185240837,receiving_yards,Kyle Juszczyk - Receiving Yds,,Kyle Juszczyk,20537989,under,5.5,-114,1.87719298245614,0.5327102803738317,open,,,2026-09-09T18:23:06Z,,,,,v3-forward-measurement
692b7ece-c844-4a0d-9df7-4d04517971cf,4af83bdc-57e8-452c-be06-bfa4ffec9edd,2026-09-09T18:23:06Z,FanDuel Sportsbook structured market feed,,VA,NFL,35596960,San Francisco 49ers @ Los Angeles Rams,2026-09-11T00:35:00.000Z,FanDuel,751.184805561,receptions,Tyler Higbee - Total Receptions,,Tyler Higbee,22382019,over,1.5,-122,1.819672131147541,0.5495495495495496,open,,,2026-09-09T18:23:06Z,,,,,v3-forward-measurement
692b7ece-c844-4a0d-9df7-4d04517971cf,e34edb16-4b7a-4973-880e-86e3ef4c44f9,2026-09-09T18:23:06Z,FanDuel Sportsbook structured market feed,,VA,NFL,35596960,San Francisco 49ers @ Los Angeles Rams,2026-09-11T00:35:00.000Z,FanDuel,751.184805561,receptions,Tyler Higbee - Total Receptions,,Tyler Higbee,22382020,under,1.5,-108,1.925925925925926,0.5192307692307693,open,,,2026-09-09T18:23:06Z,,,,,v3-forward-measurement
692b7ece-c844-4a0d-9df7-4d04517971cf,20f59893-010a-4c77-b3c9-158a736909c3,2026-09-09T18:23:06Z,FanDuel Sportsbook structured market feed,,VA,NFL,35596960,San Francisco 49ers @ Los Angeles Rams,2026-09-11T00:35:00.000Z,FanDuel,751.184124131,receptions,Kyren Williams - Total Receptions,,Kyren Williams,37541915,over,1.5,-148,1.675675675675676,0.5967741935483871,open,,,2026-09-09T18:23:06Z,,,,,v3-forward-measurement
692b7ece-c844-4a0d-9df7-4d04517971cf,d29e08a9-b271-4928-bc4d-d49db34b1901,2026-09-09T18:23:06Z,FanDuel Sportsbook structured market feed,,VA,NFL,35596960,San Francisco 49ers @ Los Angeles Rams,2026-09-11T00:35:00.000Z,FanDuel,751.184124131,receptions,Kyren Williams - Total Receptions,,Kyren Williams,37541914,under,1.5,112,2.12,0.4716981132075472,open,,,2026-09-09T18:23:06Z,,,,,v3-forward-measurement
692b7ece-c844-4a0d-9df7-4d04517971cf,1ee5c22e-ebf4-4c2d-b181-74645ba79926,2026-09-09T18:23:06Z,FanDuel Sportsbook structured market feed,,VA,NFL,35596960,San Francisco 49ers @ Los Angeles Rams,2026-09-11T00:35:00.000Z,FanDuel,751.184805565,receiving_yards,Tyler Higbee - Receiving Yds,,Tyler Higbee,22382019,over,14.5,-114,1.87719298245614,0.5327102803738317,open,,,2026-09-09T18:23:06Z,,,,,v3-forward-measurement
692b7ece-c844-4a0d-9df7-4d04517971cf,5eab30e6-f5f1-4163-a99c-6de92e37c124,2026-09-09T18:23:06Z,FanDuel Sportsbook structured market feed,,VA,NFL,35596960,San Francisco 49ers @ Los Angeles Rams,2026-09-11T00:35:00.000Z,FanDuel,751.184805565,receiving_yards,Tyler Higbee - Receiving Yds,,Tyler Higbee,22382020,under,14.5,-114,1.87719298245614,0.5327102803738317,open,,,2026-09-09T18:23:06Z,,,,,v3-forward-measurement
692b7ece-c844-4a0d-9df7-4d04517971cf,ba634828-d49b-46c5-97eb-70e56c360d8b,2026-09-09T18:23:06Z,FanDuel Sportsbook structured market feed,,VA,NFL,35596960,San Francisco 49ers @ Los Angeles Rams,2026-09-11T00:35:00.000Z,FanDuel,751.182144865,receptions,Puka Nacua - Total Receptions,,Puka Nacua,41887349,over,7.5,116,2.16,0.46296296296296297,open,,,2026-09-09T18:23:06Z,,,,,v3-forward-measurement
692b7ece-c844-4a0d-9df7-4d04517971cf,7e8a1d76-38be-46aa-abc9-627fc4fd6028,2026-09-09T18:23:06Z,FanDuel Sportsbook structured market feed,,VA,NFL,35596960,San Francisco 49ers @ Los Angeles Rams,2026-09-11T00:35:00.000Z,FanDuel,751.182144865,receptions,Puka Nacua - Total Receptions,,Puka Nacua,41887350,under,7.5,-154,1.649350649350649,0.6062992125984252,open,,,2026-09-09T18:23:06Z,,,,,v3-forward-measurement
692b7ece-c844-4a0d-9df7-4d04517971cf,111abf75-bf46-4cf1-bdc4-79f43d13473f,2026-09-09T18:23:06Z,FanDuel Sportsbook structured market feed,,VA,NFL,35596960,San Francisco 49ers @ Los Angeles Rams,2026-09-11T00:35:00.000Z,FanDuel,751.182144863,receiving_yards,Puka Nacua - Receiving Yds,,Puka Nacua,41887349,over,90.5,-114,1.87719298245614,0.5327102803738317,open,,,2026-09-09T18:23:06Z,,,,,v3-forward-measurement
692b7ece-c844-4a0d-9df7-4d04517971cf,c8d0a923-3295-4324-8209-f3240428b16e,2026-09-09T18:23:06Z,FanDuel Sportsbook structured market feed,,VA,NFL,35596960,San Francisco 49ers @ Los Angeles Rams,2026-09-11T00:35:00.000Z,FanDuel,751.182144863,receiving_yards,Puka Nacua - Receiving Yds,,Puka Nacua,41887350,under,90.5,-114,1.87719298245614,0.5327102803738317,open,,,2026-09-09T18:23:06Z,,,,,v3-forward-measurement
692b7ece-c844-4a0d-9df7-4d04517971cf,fc5d211a-1118-4b51-a5dc-7ed1331a528a,2026-09-09T18:23:06Z,FanDuel Sportsbook structured market feed,,VA,NFL,35596960,San Francisco 49ers @ Los Angeles Rams,2026-09-11T00:35:00.000Z,FanDuel,751.182145479,receptions,De'Zhaun Stribling - Total Receptions,,De'Zhaun Stribling,48301806,over,3.5,134,2.34,0.42735042735042733,open,,,2026-09-09T18:23:06Z,,,,,v3-forward-measurement
692b7ece-c844-4a0d-9df7-4d04517971cf,0a5fe5bc-2f09-4663-b0d6-e6a6c3dc9678,2026-09-09T18:23:06Z,FanDuel Sportsbook structured market feed,,VA,NFL,35596960,San Francisco 49ers @ Los Angeles Rams,2026-09-11T00:35:00.000Z,FanDuel,751.182145479,receptions,De'Zhaun Stribling - Total Receptions,,De'Zhaun Stribling,48301805,under,3.5,-180,1.555555555555556,0.6428571428571429,open,,,2026-09-09T18:23:06Z,,,,,v3-forward-measurement
692b7ece-c844-4a0d-9df7-4d04517971cf,ede3be16-32f6-4b5d-856d-0e2d1073365b,2026-09-09T18:23:06Z,FanDuel Sportsbook structured market feed,,VA,NFL,35596960,San Francisco 49ers @ Los Angeles Rams,2026-09-11T00:35:00.000Z,FanDuel,751.184122867,receiving_yards,Davante Adams - Receiving Yds,,Davante Adams,11925821,over,51.5,-114,1.87719298245614,0.5327102803738317,open,,,2026-09-09T18:23:06Z,,,,,v3-forward-measurement
692b7ece-c844-4a0d-9df7-4d04517971cf,563a05c9-dff6-41e0-9043-be9994f3f658,2026-09-09T18:23:06Z,FanDuel Sportsbook structured market feed,,VA,NFL,35596960,San Francisco 49ers @ Los Angeles Rams,2026-09-11T00:35:00.000Z,FanDuel,751.184122867,receiving_yards,Davante Adams - Receiving Yds,,Davante Adams,11925820,under,51.5,-114,1.87719298245614,0.5327102803738317,open,,,2026-09-09T18:23:06Z,,,,,v3-forward-measurement
692b7ece-c844-4a0d-9df7-4d04517971cf,b21c7c0e-172e-40bf-9886-cd74a20cdf8b,2026-09-09T18:23:06Z,FanDuel Sportsbook structured market feed,,VA,NFL,35596960,San Francisco 49ers @ Los Angeles Rams,2026-09-11T00:35:00.000Z,FanDuel,751.184122869,receptions,Davante Adams - Total Receptions,,Davante Adams,11925821,over,4.5,-102,1.980392156862745,0.504950495049505,open,,,2026-09-09T18:23:06Z,,,,,v3-forward-measurement
692b7ece-c844-4a0d-9df7-4d04517971cf,12f905eb-cdf2-42db-b442-c74fea987388,2026-09-09T18:23:06Z,FanDuel Sportsbook structured market feed,,VA,NFL,35596960,San Francisco 49ers @ Los Angeles Rams,2026-09-11T00:35:00.000Z,FanDuel,751.184122869,receptions,Davante Adams - Total Receptions,,Davante Adams,11925820,under,4.5,-130,1.769230769230769,0.5652173913043478,open,,,2026-09-09T18:23:06Z,,,,,v3-forward-measurement
692b7ece-c844-4a0d-9df7-4d04517971cf,7f91f0f6-5b09-4a5a-9724-0396a100233a,2026-09-09T18:23:06Z,FanDuel Sportsbook structured market feed,,VA,NFL,35596960,San Francisco 49ers @ Los Angeles Rams,2026-09-11T00:35:00.000Z,FanDuel,751.184668934,receptions,George Kittle - Total Receptions,,George Kittle,20656770,over,3.5,-130,1.769230769230769,0.5652173913043478,open,,,2026-09-09T18:23:06Z,,,,,v3-forward-measurement
692b7ece-c844-4a0d-9df7-4d04517971cf,7fca9e47-2675-47c8-bf3a-8c156d5cf6ed,2026-09-09T18:23:06Z,FanDuel Sportsbook structured market feed,,VA,NFL,35596960,San Francisco 49ers @ Los Angeles Rams,2026-09-11T00:35:00.000Z,FanDuel,751.184668934,receptions,George Kittle - Total Receptions,,George Kittle,20656771,under,3.5,-102,1.980392156862745,0.504950495049505,open,,,2026-09-09T18:23:06Z,,,,,v3-forward-measurement
692b7ece-c844-4a0d-9df7-4d04517971cf,04d23eca-a67e-4236-8693-4fe41b206bdf,2026-09-09T18:23:06Z,FanDuel Sportsbook structured market feed,,VA,NFL,35596960,San Francisco 49ers @ Los Angeles Rams,2026-09-11T00:35:00.000Z,FanDuel,751.184123397,receptions,Colby Parkinson - Total Receptions,,Colby Parkinson,41197145,over,2.5,120,2.2,0.45454545454545453,open,,,2026-09-09T18:23:06Z,,,,,v3-forward-measurement
692b7ece-c844-4a0d-9df7-4d04517971cf,e2dda393-70c8-46ee-b7df-a8edb7e2c91d,2026-09-09T18:23:06Z,FanDuel Sportsbook structured market feed,,VA,NFL,35596960,San Francisco 49ers @ Los Angeles Rams,2026-09-11T00:35:00.000Z,FanDuel,751.184123397,receptions,Colby Parkinson - Total Receptions,,Colby Parkinson,41197146,under,2.5,-160,1.625,0.6153846153846154,open,,,2026-09-09T18:23:06Z,,,,,v3-forward-measurement
692b7ece-c844-4a0d-9df7-4d04517971cf,8fb6739a-ebf4-4746-8899-dd1fa8c878d8,2026-09-09T18:23:06Z,FanDuel Sportsbook structured market feed,,VA,NFL,35596960,San Francisco 49ers @ Los Angeles Rams,2026-09-11T00:35:00.000Z,FanDuel,751.184668935,receiving_yards,George Kittle - Receiving Yds,,George Kittle,20656770,over,36.5,-114,1.87719298245614,0.5327102803738317,open,,,2026-09-09T18:23:06Z,,,,,v3-forward-measurement
692b7ece-c844-4a0d-9df7-4d04517971cf,2446609c-9cc7-4894-9d41-5e82e6686f54,2026-09-09T18:23:06Z,FanDuel Sportsbook structured market feed,,VA,NFL,35596960,San Francisco 49ers @ Los Angeles Rams,2026-09-11T00:35:00.000Z,FanDuel,751.184668935,receiving_yards,George Kittle - Receiving Yds,,George Kittle,20656771,under,36.5,-114,1.87719298245614,0.5327102803738317,open,,,2026-09-09T18:23:06Z,,,,,v3-forward-measurement
692b7ece-c844-4a0d-9df7-4d04517971cf,efced7a6-8da4-4f6f-b237-af8f8668a07d,2026-09-09T18:23:06Z,FanDuel Sportsbook structured market feed,,VA,NFL,35596960,San Francisco 49ers @ Los Angeles Rams,2026-09-11T00:35:00.000Z,FanDuel,751.185240834,receptions,Kyle Juszczyk - Total Receptions,,Kyle Juszczyk,20537988,over,1.5,162,2.62,0.3816793893129771,open,,,2026-09-09T18:23:06Z,,,,,v3-forward-measurement
692b7ece-c844-4a0d-9df7-4d04517971cf,e5fc5ef4-628b-441e-b848-40bff30fc60c,2026-09-09T18:23:06Z,FanDuel Sportsbook structured market feed,,VA,NFL,35596960,San Francisco 49ers @ Los Angeles Rams,2026-09-11T00:35:00.000Z,FanDuel,751.185240834,receptions,Kyle Juszczyk - Total Receptions,,Kyle Juszczyk,20537989,under,1.5,-220,1.454545454545455,0.6875,open,,,2026-09-09T18:23:06Z,,,,,v3-forward-measurement
692b7ece-c844-4a0d-9df7-4d04517971cf,8b83c3ce-1469-4baa-9f7f-f4aec1ee31fa,2026-09-09T18:23:06Z,FanDuel Sportsbook structured market feed,,VA,NFL,35596960,San Francisco 49ers @ Los Angeles Rams,2026-09-11T00:35:00.000Z,FanDuel,751.184123392,receiving_yards,Colby Parkinson - Receiving Yds,,Colby Parkinson,41197145,over,21.5,-114,1.87719298245614,0.5327102803738317,open,,,2026-09-09T18:23:06Z,,,,,v3-forward-measurement
692b7ece-c844-4a0d-9df7-4d04517971cf,f186c5eb-1ae3-4c1e-bc58-e24434a60533,2026-09-09T18:23:06Z,FanDuel Sportsbook structured market feed,,VA,NFL,35596960,San Francisco 49ers @ Los Angeles Rams,2026-09-11T00:35:00.000Z,FanDuel,751.184123392,receiving_yards,Colby Parkinson - Receiving Yds,,Colby Parkinson,41197146,under,21.5,-114,1.87719298245614,0.5327102803738317,open,,,2026-09-09T18:23:06Z,,,,,v3-forward-measurement
692b7ece-c844-4a0d-9df7-4d04517971cf,85c614ef-fa12-4f0e-ba10-cbb47a93ab57,2026-09-09T18:23:06Z,FanDuel Sportsbook structured market feed,,VA,NFL,35596960,San Francisco 49ers @ Los Angeles Rams,2026-09-11T00:35:00.000Z,FanDuel,751.182145487,receiving_yards,De'Zhaun Stribling - Receiving Yds,,De'Zhaun Stribling,48301806,over,35.5,-114,1.87719298245614,0.5327102803738317,open,,,2026-09-09T18:23:06Z,,,,,v3-forward-measurement
692b7ece-c844-4a0d-9df7-4d04517971cf,c6d4974b-3e57-4c57-a8ef-a7f11924f697,2026-09-09T18:23:06Z,FanDuel Sportsbook structured market feed,,VA,NFL,35596960,San Francisco 49ers @ Los Angeles Rams,2026-09-11T00:35:00.000Z,FanDuel,751.182145487,receiving_yards,De'Zhaun Stribling - Receiving Yds,,De'Zhaun Stribling,48301805,under,35.5,-114,1.87719298245614,0.5327102803738317,open,,,2026-09-09T18:23:06Z,,,,,v3-forward-measurement
692b7ece-c844-4a0d-9df7-4d04517971cf,85e09cf5-48f3-4d2c-adb1-8ae82d88286d,2026-09-09T18:23:06Z,FanDuel Sportsbook structured market feed,,VA,NFL,35596960,San Francisco 49ers @ Los Angeles Rams,2026-09-11T00:35:00.000Z,FanDuel,751.184125604,receptions,Terrance Ferguson - Total Receptions,,Terrance Ferguson,41172819,over,1.5,-152,1.657894736842105,0.6031746031746031,open,,,2026-09-09T18:23:06Z,,,,,v3-forward-measurement
692b7ece-c844-4a0d-9df7-4d04517971cf,74df7bd9-57e5-4510-8895-86e4d51279b7,2026-09-09T18:23:06Z,FanDuel Sportsbook structured market feed,,VA,NFL,35596960,San Francisco 49ers @ Los Angeles Rams,2026-09-11T00:35:00.000Z,FanDuel,751.184125604,receptions,Terrance Ferguson - Total Receptions,,Terrance Ferguson,41172818,under,1.5,114,2.14,0.4672897196261682,open,,,2026-09-09T18:23:06Z,,,,,v3-forward-measurement
692b7ece-c844-4a0d-9df7-4d04517971cf,174d91fe-b253-40af-9330-6fba85cd407d,2026-09-09T18:23:06Z,FanDuel Sportsbook structured market feed,,VA,NFL,35596960,San Francisco 49ers @ Los Angeles Rams,2026-09-11T00:35:00.000Z,FanDuel,751.184125600,receiving_yards,Terrance Ferguson - Receiving Yds,,Terrance Ferguson,41172819,over,24.5,-114,1.87719298245614,0.5327102803738317,open,,,2026-09-09T18:23:06Z,,,,,v3-forward-measurement
692b7ece-c844-4a0d-9df7-4d04517971cf,97fc8717-230a-4eb1-b362-973696c3867a,2026-09-09T18:23:06Z,FanDuel Sportsbook structured market feed,,VA,NFL,35596960,San Francisco 49ers @ Los Angeles Rams,2026-09-11T00:35:00.000Z,FanDuel,751.184125600,receiving_yards,Terrance Ferguson - Receiving Yds,,Terrance Ferguson,41172818,under,24.5,-114,1.87719298245614,0.5327102803738317,open,,,2026-09-09T18:23:06Z,,,,,v3-forward-measurement
692b7ece-c844-4a0d-9df7-4d04517971cf,04b474b9-eb77-4031-8016-9f1ff127747a,2026-09-09T18:23:06Z,FanDuel Sportsbook structured market feed,,VA,NFL,35596960,San Francisco 49ers @ Los Angeles Rams,2026-09-11T00:35:00.000Z,FanDuel,751.182145335,receiving_yards,Deebo Samuel - Receiving Yds,,Deebo Samuel,26158892,over,29.5,-114,1.87719298245614,0.5327102803738317,open,,,2026-09-09T18:23:06Z,,,,,v3-forward-measurement
692b7ece-c844-4a0d-9df7-4d04517971cf,bbe6e56d-deb0-49ec-80eb-8d3cb5cd8b7b,2026-09-09T18:23:06Z,FanDuel Sportsbook structured market feed,,VA,NFL,35596960,San Francisco 49ers @ Los Angeles Rams,2026-09-11T00:35:00.000Z,FanDuel,751.182145335,receiving_yards,Deebo Samuel - Receiving Yds,,Deebo Samuel,26158893,under,29.5,-114,1.87719298245614,0.5327102803738317,open,,,2026-09-09T18:23:06Z,,,,,v3-forward-measurement
692b7ece-c844-4a0d-9df7-4d04517971cf,8301b739-0dbc-4333-bf09-bb46a3eeb9f2,2026-09-09T18:23:06Z,FanDuel Sportsbook structured market feed,,VA,NFL,35596960,San Francisco 49ers @ Los Angeles Rams,2026-09-11T00:35:00.000Z,FanDuel,751.182145333,receptions,Deebo Samuel - Total Receptions,,Deebo Samuel,26158892,over,2.5,-140,1.714285714285714,0.5833333333333334,open,,,2026-09-09T18:23:06Z,,,,,v3-forward-measurement
692b7ece-c844-4a0d-9df7-4d04517971cf,1b6aab59-8881-4107-b20b-2933c7490806,2026-09-09T18:23:06Z,FanDuel Sportsbook structured market feed,,VA,NFL,35596960,San Francisco 49ers @ Los Angeles Rams,2026-09-11T00:35:00.000Z,FanDuel,751.182145333,receptions,Deebo Samuel - Total Receptions,,Deebo Samuel,26158893,under,2.5,106,2.06,0.4854368932038835,open,,,2026-09-09T18:23:06Z,,,,,v3-forward-measurement
855f1c13-e39b-42d0-9883-579ac7dbe8fe,28c0de94-131e-4975-9203-445b38e7ccdc,2026-09-09T18:23:06Z,FanDuel Sportsbook structured market feed,,VA,NFL,35601246,Denver Broncos @ Kansas City Chiefs,2026-09-15T00:15:00.000Z,FanDuel,751.183526256,passing_touchdowns,Bo Nix - Passing TDs,,Bo Nix,41331175,over,1.5,140,2.4,0.4166666666666667,open,,,2026-09-09T18:23:06Z,,,,,v3-forward-measurement
855f1c13-e39b-42d0-9883-579ac7dbe8fe,fd229321-ae57-4699-839d-934ee598fefa,2026-09-09T18:23:06Z,FanDuel Sportsbook structured market feed,,VA,NFL,35601246,Denver Broncos @ Kansas City Chiefs,2026-09-15T00:15:00.000Z,FanDuel,751.183526256,passing_touchdowns,Bo Nix - Passing TDs,,Bo Nix,41331177,under,1.5,-188,1.531914893617021,0.6527777777777778,open,,,2026-09-09T18:23:06Z,,,,,v3-forward-measurement
855f1c13-e39b-42d0-9883-579ac7dbe8fe,302f0156-22ed-4240-9057-985f636ea139,2026-09-09T18:23:06Z,FanDuel Sportsbook structured market feed,,VA,NFL,35601246,Denver Broncos @ Kansas City Chiefs,2026-09-15T00:15:00.000Z,FanDuel,751.183526203,passing_touchdowns,Patrick Mahomes - Passing TDs,,Patrick Mahomes,16593717,over,1.5,116,2.16,0.46296296296296297,open,,,2026-09-09T18:23:06Z,,,,,v3-forward-measurement
855f1c13-e39b-42d0-9883-579ac7dbe8fe,6a53d724-32ca-478a-b5b0-f195a5d87dcf,2026-09-09T18:23:06Z,FanDuel Sportsbook structured market feed,,VA,NFL,35601246,Denver Broncos @ Kansas City Chiefs,2026-09-15T00:15:00.000Z,FanDuel,751.183526203,passing_touchdowns,Patrick Mahomes - Passing TDs,,Patrick Mahomes,16593718,under,1.5,-154,1.649350649350649,0.6062992125984252,open,,,2026-09-09T18:23:06Z,,,,,v3-forward-measurement
855f1c13-e39b-42d0-9883-579ac7dbe8fe,f26478a2-8020-4fa3-9dea-5457cf502990,2026-09-09T18:23:06Z,FanDuel Sportsbook structured market feed,,VA,NFL,35601246,Denver Broncos @ Kansas City Chiefs,2026-09-15T00:15:00.000Z,FanDuel,751.183526326,passing_yards,Bo Nix - Passing Yds,,Bo Nix,41331175,over,227.5,-114,1.87719298245614,0.5327102803738317,open,,,2026-09-09T18:23:06Z,,,,,v3-forward-measurement
855f1c13-e39b-42d0-9883-579ac7dbe8fe,5c249cb7-6bc0-469b-a631-72b07deb63a2,2026-09-09T18:23:06Z,FanDuel Sportsbook structured market feed,,VA,NFL,35601246,Denver Broncos @ Kansas City Chiefs,2026-09-15T00:15:00.000Z,FanDuel,751.183526326,passing_yards,Bo Nix - Passing Yds,,Bo Nix,41331177,under,227.5,-114,1.87719298245614,0.5327102803738317,open,,,2026-09-09T18:23:06Z,,,,,v3-forward-measurement
855f1c13-e39b-42d0-9883-579ac7dbe8fe,cefdfc4f-41c0-4bde-8335-526720957236,2026-09-09T18:23:06Z,FanDuel Sportsbook structured market feed,,VA,NFL,35601246,Denver Broncos @ Kansas City Chiefs,2026-09-15T00:15:00.000Z,FanDuel,751.183526339,passing_yards,Patrick Mahomes - Passing Yds,,Patrick Mahomes,16593717,over,225.5,-114,1.87719298245614,0.5327102803738317,open,,,2026-09-09T18:23:06Z,,,,,v3-forward-measurement
855f1c13-e39b-42d0-9883-579ac7dbe8fe,2754bab2-69dc-454f-b394-f4d92b4f04a2,2026-09-09T18:23:06Z,FanDuel Sportsbook structured market feed,,VA,NFL,35601246,Denver Broncos @ Kansas City Chiefs,2026-09-15T00:15:00.000Z,FanDuel,751.183526339,passing_yards,Patrick Mahomes - Passing Yds,,Patrick Mahomes,16593718,under,225.5,-114,1.87719298245614,0.5327102803738317,open,,,2026-09-09T18:23:06Z,,,,,v3-forward-measurement
cb910a1c-4911-4765-a260-6973cebe6342,69428d2a-1f62-48e5-9bf2-c3dd750e85a0,2026-09-09T18:23:06Z,FanDuel Sportsbook structured market feed,,VA,NFL,35601246,Denver Broncos @ Kansas City Chiefs,2026-09-15T00:15:00.000Z,FanDuel,751.183528169,rushing_yards,Bo Nix - Rushing Yds,,Bo Nix,41331175,over,15.5,-114,1.87719298245614,0.5327102803738317,open,,,2026-09-09T18:23:06Z,,,,,v3-forward-measurement
cb910a1c-4911-4765-a260-6973cebe6342,3a3cf5ae-0a82-4239-acb6-736623d409c0,2026-09-09T18:23:06Z,FanDuel Sportsbook structured market feed,,VA,NFL,35601246,Denver Broncos @ Kansas City Chiefs,2026-09-15T00:15:00.000Z,FanDuel,751.183528169,rushing_yards,Bo Nix - Rushing Yds,,Bo Nix,41331177,under,15.5,-114,1.87719298245614,0.5327102803738317,open,,,2026-09-09T18:23:06Z,,,,,v3-forward-measurement
cb910a1c-4911-4765-a260-6973cebe6342,81bff7d3-b872-4485-89fc-f038216bc418,2026-09-09T18:23:06Z,FanDuel Sportsbook structured market feed,,VA,NFL,35601246,Denver Broncos @ Kansas City Chiefs,2026-09-15T00:15:00.000Z,FanDuel,751.183528149,rushing_yards,Patrick Mahomes - Rushing Yds,,Patrick Mahomes,16593717,over,15.5,-114,1.87719298245614,0.5327102803738317,open,,,2026-09-09T18:23:06Z,,,,,v3-forward-measurement
cb910a1c-4911-4765-a260-6973cebe6342,14467f3e-b114-419a-9906-0845a0866735,2026-09-09T18:23:06Z,FanDuel Sportsbook structured market feed,,VA,NFL,35601246,Denver Broncos @ Kansas City Chiefs,2026-09-15T00:15:00.000Z,FanDuel,751.183528149,rushing_yards,Patrick Mahomes - Rushing Yds,,Patrick Mahomes,16593718,under,15.5,-114,1.87719298245614,0.5327102803738317,open,,,2026-09-09T18:23:06Z,,,,,v3-forward-measurement
cb910a1c-4911-4765-a260-6973cebe6342,8889bb9e-be54-46d5-b017-29ede8d8acef,2026-09-09T18:23:06Z,FanDuel Sportsbook structured market feed,,VA,NFL,35601246,Denver Broncos @ Kansas City Chiefs,2026-09-15T00:15:00.000Z,FanDuel,751.185117314,rushing_yards,RJ Harvey - Rushing Yds,,RJ Harvey,50744298,over,18.5,-114,1.87719298245614,0.5327102803738317,open,,,2026-09-09T18:23:06Z,,,,,v3-forward-measurement
cb910a1c-4911-4765-a260-6973cebe6342,15a5f900-f7bd-4b17-bb39-fef5321c9949,2026-09-09T18:23:06Z,FanDuel Sportsbook structured market feed,,VA,NFL,35601246,Denver Broncos @ Kansas City Chiefs,2026-09-15T00:15:00.000Z,FanDuel,751.185117314,rushing_yards,RJ Harvey - Rushing Yds,,RJ Harvey,50744300,under,18.5,-114,1.87719298245614,0.5327102803738317,open,,,2026-09-09T18:23:06Z,,,,,v3-forward-measurement
cb910a1c-4911-4765-a260-6973cebe6342,e191ceb0-14eb-4c78-a34f-90a4c02da648,2026-09-09T18:23:06Z,FanDuel Sportsbook structured market feed,,VA,NFL,35601246,Denver Broncos @ Kansas City Chiefs,2026-09-15T00:15:00.000Z,FanDuel,751.183528041,rushing_yards,Kenneth Walker III - Rushing Yds,,Kenneth Walker III,40975102,over,59.5,-114,1.87719298245614,0.5327102803738317,open,,,2026-09-09T18:23:06Z,,,,,v3-forward-measurement
cb910a1c-4911-4765-a260-6973cebe6342,acbc8efb-f853-4795-bc31-24622f43fd05,2026-09-09T18:23:06Z,FanDuel Sportsbook structured market feed,,VA,NFL,35601246,Denver Broncos @ Kansas City Chiefs,2026-09-15T00:15:00.000Z,FanDuel,751.183528041,rushing_yards,Kenneth Walker III - Rushing Yds,,Kenneth Walker III,40975103,under,59.5,-114,1.87719298245614,0.5327102803738317,open,,,2026-09-09T18:23:06Z,,,,,v3-forward-measurement
cb910a1c-4911-4765-a260-6973cebe6342,a7b9dda2-c53a-4f72-8441-0778afa4a2dd,2026-09-09T18:23:06Z,FanDuel Sportsbook structured market feed,,VA,NFL,35601246,Denver Broncos @ Kansas City Chiefs,2026-09-15T00:15:00.000Z,FanDuel,751.183528043,rushing_yards,J.K. Dobbins - Rushing Yds,,J.K. Dobbins,48302900,over,49.5,-114,1.87719298245614,0.5327102803738317,open,,,2026-09-09T18:23:06Z,,,,,v3-forward-measurement
cb910a1c-4911-4765-a260-6973cebe6342,8d428255-de44-4b2d-91f1-abf758fe4b49,2026-09-09T18:23:06Z,FanDuel Sportsbook structured market feed,,VA,NFL,35601246,Denver Broncos @ Kansas City Chiefs,2026-09-15T00:15:00.000Z,FanDuel,751.183528043,rushing_yards,J.K. Dobbins - Rushing Yds,,J.K. Dobbins,48302899,under,49.5,-114,1.87719298245614,0.5327102803738317,open,,,2026-09-09T18:23:06Z,,,,,v3-forward-measurement
458ab4e6-47b5-4aa8-8875-024a4be97c44,1b7d948a-84d6-408f-aad7-2211f28ae871,2026-09-09T18:23:06Z,FanDuel Sportsbook structured market feed,,VA,NFL,35601246,Denver Broncos @ Kansas City Chiefs,2026-09-15T00:15:00.000Z,FanDuel,751.183528882,receiving_yards,Xavier Worthy - Receiving Yds,,Xavier Worthy,41066840,over,38.5,-114,1.87719298245614,0.5327102803738317,open,,,2026-09-09T18:23:06Z,,,,,v3-forward-measurement
458ab4e6-47b5-4aa8-8875-024a4be97c44,c9333f45-f215-4230-87ab-21035c9a4b40,2026-09-09T18:23:06Z,FanDuel Sportsbook structured market feed,,VA,NFL,35601246,Denver Broncos @ Kansas City Chiefs,2026-09-15T00:15:00.000Z,FanDuel,751.183528882,receiving_yards,Xavier Worthy - Receiving Yds,,Xavier Worthy,41066847,under,38.5,-114,1.87719298245614,0.5327102803738317,open,,,2026-09-09T18:23:06Z,,,,,v3-forward-measurement
458ab4e6-47b5-4aa8-8875-024a4be97c44,2ddb8250-d85e-4d6b-8b92-b417bc12f13d,2026-09-09T18:23:06Z,FanDuel Sportsbook structured market feed,,VA,NFL,35601246,Denver Broncos @ Kansas City Chiefs,2026-09-15T00:15:00.000Z,FanDuel,751.183528883,receptions,Xavier Worthy - Total Receptions,,Xavier Worthy,41066840,over,3.5,112,2.12,0.4716981132075472,open,,,2026-09-09T18:23:06Z,,,,,v3-forward-measurement
458ab4e6-47b5-4aa8-8875-024a4be97c44,4eb6f48c-5377-4c75-9188-e7ae3511d733,2026-09-09T18:23:06Z,FanDuel Sportsbook structured market feed,,VA,NFL,35601246,Denver Broncos @ Kansas City Chiefs,2026-09-15T00:15:00.000Z,FanDuel,751.183528883,receptions,Xavier Worthy - Total Receptions,,Xavier Worthy,41066847,under,3.5,-148,1.675675675675676,0.5967741935483871,open,,,2026-09-09T18:23:06Z,,,,,v3-forward-measurement
458ab4e6-47b5-4aa8-8875-024a4be97c44,8233cd4a-a0bb-4efb-9dbc-b85dea36f725,2026-09-09T18:23:06Z,FanDuel Sportsbook structured market feed,,VA,NFL,35601246,Denver Broncos @ Kansas City Chiefs,2026-09-15T00:15:00.000Z,FanDuel,751.185163843,receptions,Pat Bryant - Total Receptions,,Pat Bryant,48907099,over,2.5,120,2.2,0.45454545454545453,open,,,2026-09-09T18:23:06Z,,,,,v3-forward-measurement
458ab4e6-47b5-4aa8-8875-024a4be97c44,e03edfb8-8df6-4cdc-80c6-eea6dac1cc8a,2026-09-09T18:23:06Z,FanDuel Sportsbook structured market feed,,VA,NFL,35601246,Denver Broncos @ Kansas City Chiefs,2026-09-15T00:15:00.000Z,FanDuel,751.185163843,receptions,Pat Bryant - Total Receptions,,Pat Bryant,48907098,under,2.5,-160,1.625,0.6153846153846154,open,,,2026-09-09T18:23:06Z,,,,,v3-forward-measurement
458ab4e6-47b5-4aa8-8875-024a4be97c44,011a9531-07f4-481f-8db4-1a6c05a54be6,2026-09-09T18:23:06Z,FanDuel Sportsbook structured market feed,,VA,NFL,35601246,Denver Broncos @ Kansas City Chiefs,2026-09-15T00:15:00.000Z,FanDuel,751.183528524,receiving_yards,Jaylen Waddle - Receiving Yds,,Jaylen Waddle,40877797,over,53.5,-114,1.87719298245614,0.5327102803738317,open,,,2026-09-09T18:23:06Z,,,,,v3-forward-measurement
458ab4e6-47b5-4aa8-8875-024a4be97c44,9dbba787-0a4e-44f8-a86e-ff02a499c25a,2026-09-09T18:23:06Z,FanDuel Sportsbook structured market feed,,VA,NFL,35601246,Denver Broncos @ Kansas City Chiefs,2026-09-15T00:15:00.000Z,FanDuel,751.183528524,receiving_yards,Jaylen Waddle - Receiving Yds,,Jaylen Waddle,40877798,under,53.5,-114,1.87719298245614,0.5327102803738317,open,,,2026-09-09T18:23:06Z,,,,,v3-forward-measurement
458ab4e6-47b5-4aa8-8875-024a4be97c44,2efd2646-fb86-4275-984f-695eb2389a34,2026-09-09T18:23:06Z,FanDuel Sportsbook structured market feed,,VA,NFL,35601246,Denver Broncos @ Kansas City Chiefs,2026-09-15T00:15:00.000Z,FanDuel,751.185165140,receiving_yards,J.K. Dobbins - Receiving Yds,,J.K. Dobbins,48302900,over,3.5,-114,1.87719298245614,0.5327102803738317,open,,,2026-09-09T18:23:06Z,,,,,v3-forward-measurement
458ab4e6-47b5-4aa8-8875-024a4be97c44,bc70b7ff-1074-4485-b0dd-01e5e126365c,2026-09-09T18:23:06Z,FanDuel Sportsbook structured market feed,,VA,NFL,35601246,Denver Broncos @ Kansas City Chiefs,2026-09-15T00:15:00.000Z,FanDuel,751.185165140,receiving_yards,J.K. Dobbins - Receiving Yds,,J.K. Dobbins,48302899,under,3.5,-114,1.87719298245614,0.5327102803738317,open,,,2026-09-09T18:23:06Z,,,,,v3-forward-measurement
458ab4e6-47b5-4aa8-8875-024a4be97c44,75354e1f-a04c-4363-9123-4e67a4991e90,2026-09-09T18:23:06Z,FanDuel Sportsbook structured market feed,,VA,NFL,35601246,Denver Broncos @ Kansas City Chiefs,2026-09-15T00:15:00.000Z,FanDuel,751.185165141,receptions,RJ Harvey - Total Receptions,,RJ Harvey,50744298,over,2.5,-114,1.87719298245614,0.5327102803738317,open,,,2026-09-09T18:23:06Z,,,,,v3-forward-measurement
458ab4e6-47b5-4aa8-8875-024a4be97c44,bafc849a-4b34-4881-8052-477ef7f2cc4d,2026-09-09T18:23:06Z,FanDuel Sportsbook structured market feed,,VA,NFL,35601246,Denver Broncos @ Kansas City Chiefs,2026-09-15T00:15:00.000Z,FanDuel,751.185165141,receptions,RJ Harvey - Total Receptions,,RJ Harvey,50744300,under,2.5,-114,1.87719298245614,0.5327102803738317,open,,,2026-09-09T18:23:06Z,,,,,v3-forward-measurement
458ab4e6-47b5-4aa8-8875-024a4be97c44,67398bde-3f85-45a4-97ed-8157d348fc85,2026-09-09T18:23:06Z,FanDuel Sportsbook structured market feed,,VA,NFL,35601246,Denver Broncos @ Kansas City Chiefs,2026-09-15T00:15:00.000Z,FanDuel,751.183528805,receptions,Travis Kelce - Total Receptions,,Travis Kelce,11802406,over,3.5,-148,1.675675675675676,0.5967741935483871,open,,,2026-09-09T18:23:06Z,,,,,v3-forward-measurement
458ab4e6-47b5-4aa8-8875-024a4be97c44,6f9428c4-d3a8-447d-8e16-4edad7cdf565,2026-09-09T18:23:06Z,FanDuel Sportsbook structured market feed,,VA,NFL,35601246,Denver Broncos @ Kansas City Chiefs,2026-09-15T00:15:00.000Z,FanDuel,751.183528805,receptions,Travis Kelce - Total Receptions,,Travis Kelce,11802405,under,3.5,112,2.12,0.4716981132075472,open,,,2026-09-09T18:23:06Z,,,,,v3-forward-measurement
458ab4e6-47b5-4aa8-8875-024a4be97c44,7181e68a-87ba-448d-bede-9c7fcfa284a0,2026-09-09T18:23:06Z,FanDuel Sportsbook structured market feed,,VA,NFL,35601246,Denver Broncos @ Kansas City Chiefs,2026-09-15T00:15:00.000Z,FanDuel,751.185163836,receiving_yards,Noah Gray - Receiving Yds,,Noah Gray,40915505,over,9.5,-114,1.87719298245614,0.5327102803738317,open,,,2026-09-09T18:23:06Z,,,,,v3-forward-measurement
458ab4e6-47b5-4aa8-8875-024a4be97c44,42c7427c-e4ae-434a-9415-79bb966f5f9e,2026-09-09T18:23:06Z,FanDuel Sportsbook structured market feed,,VA,NFL,35601246,Denver Broncos @ Kansas City Chiefs,2026-09-15T00:15:00.000Z,FanDuel,751.185163836,receiving_yards,Noah Gray - Receiving Yds,,Noah Gray,40915506,under,9.5,-114,1.87719298245614,0.5327102803738317,open,,,2026-09-09T18:23:06Z,,,,,v3-forward-measurement
458ab4e6-47b5-4aa8-8875-024a4be97c44,9364742c-62b3-44b0-8540-7e8de3666fba,2026-09-09T18:23:06Z,FanDuel Sportsbook structured market feed,,VA,NFL,35601246,Denver Broncos @ Kansas City Chiefs,2026-09-15T00:15:00.000Z,FanDuel,751.183528806,receiving_yards,Travis Kelce - Receiving Yds,,Travis Kelce,11802406,over,41.5,-114,1.87719298245614,0.5327102803738317,open,,,2026-09-09T18:23:06Z,,,,,v3-forward-measurement
458ab4e6-47b5-4aa8-8875-024a4be97c44,3c7b6495-8499-4bef-9a39-d102389970eb,2026-09-09T18:23:06Z,FanDuel Sportsbook structured market feed,,VA,NFL,35601246,Denver Broncos @ Kansas City Chiefs,2026-09-15T00:15:00.000Z,FanDuel,751.183528806,receiving_yards,Travis Kelce - Receiving Yds,,Travis Kelce,11802405,under,41.5,-114,1.87719298245614,0.5327102803738317,open,,,2026-09-09T18:23:06Z,,,,,v3-forward-measurement
458ab4e6-47b5-4aa8-8875-024a4be97c44,6de8875c-2aa6-4440-a4e2-6e38fbb076bd,2026-09-09T18:23:06Z,FanDuel Sportsbook structured market feed,,VA,NFL,35601246,Denver Broncos @ Kansas City Chiefs,2026-09-15T00:15:00.000Z,FanDuel,751.185117635,receptions,Kenneth Walker III - Total Receptions,,Kenneth Walker III,40975102,over,2.5,-130,1.769230769230769,0.5652173913043478,open,,,2026-09-09T18:23:06Z,,,,,v3-forward-measurement
458ab4e6-47b5-4aa8-8875-024a4be97c44,54b07dd9-de6e-41ee-96cc-b3b6e675e0ce,2026-09-09T18:23:06Z,FanDuel Sportsbook structured market feed,,VA,NFL,35601246,Denver Broncos @ Kansas City Chiefs,2026-09-15T00:15:00.000Z,FanDuel,751.185117635,receptions,Kenneth Walker III - Total Receptions,,Kenneth Walker III,40975103,under,2.5,-102,1.980392156862745,0.504950495049505,open,,,2026-09-09T18:23:06Z,,,,,v3-forward-measurement
458ab4e6-47b5-4aa8-8875-024a4be97c44,ba3aa843-adc7-4201-8943-41c7a1006691,2026-09-09T18:23:06Z,FanDuel Sportsbook structured market feed,,VA,NFL,35601246,Denver Broncos @ Kansas City Chiefs,2026-09-15T00:15:00.000Z,FanDuel,751.185117638,receiving_yards,Kenneth Walker III - Receiving Yds,,Kenneth Walker III,40975102,over,15.5,-114,1.87719298245614,0.5327102803738317,open,,,2026-09-09T18:23:06Z,,,,,v3-forward-measurement
458ab4e6-47b5-4aa8-8875-024a4be97c44,cf8adb8e-bcb8-43a5-80ee-40c9e50826f9,2026-09-09T18:23:06Z,FanDuel Sportsbook structured market feed,,VA,NFL,35601246,Denver Broncos @ Kansas City Chiefs,2026-09-15T00:15:00.000Z,FanDuel,751.185117638,receiving_yards,Kenneth Walker III - Receiving Yds,,Kenneth Walker III,40975103,under,15.5,-114,1.87719298245614,0.5327102803738317,open,,,2026-09-09T18:23:06Z,,,,,v3-forward-measurement
458ab4e6-47b5-4aa8-8875-024a4be97c44,36ac4122-e7b8-4f02-93bc-bfff0ae4557f,2026-09-09T18:23:06Z,FanDuel Sportsbook structured market feed,,VA,NFL,35601246,Denver Broncos @ Kansas City Chiefs,2026-09-15T00:15:00.000Z,FanDuel,751.185163852,receptions,Noah Gray - Total Receptions,,Noah Gray,40915505,over,1.5,130,2.3,0.43478260869565216,open,,,2026-09-09T18:23:06Z,,,,,v3-forward-measurement
458ab4e6-47b5-4aa8-8875-024a4be97c44,428ab256-cd26-40ab-9baf-be678e4e8add,2026-09-09T18:23:06Z,FanDuel Sportsbook structured market feed,,VA,NFL,35601246,Denver Broncos @ Kansas City Chiefs,2026-09-15T00:15:00.000Z,FanDuel,751.185163852,receptions,Noah Gray - Total Receptions,,Noah Gray,40915506,under,1.5,-174,1.574712643678161,0.635036496350365,open,,,2026-09-09T18:23:06Z,,,,,v3-forward-measurement
458ab4e6-47b5-4aa8-8875-024a4be97c44,8523e83d-42a4-4bb9-8dc9-39a5c5c0be84,2026-09-09T18:23:06Z,FanDuel Sportsbook structured market feed,,VA,NFL,35601246,Denver Broncos @ Kansas City Chiefs,2026-09-15T00:15:00.000Z,FanDuel,751.183528594,receptions,Rashee Rice - Total Receptions,,Rashee Rice,48551005,over,5.5,-122,1.819672131147541,0.5495495495495496,open,,,2026-09-09T18:23:06Z,,,,,v3-forward-measurement
458ab4e6-47b5-4aa8-8875-024a4be97c44,ff5536c0-6838-4417-b247-f4fc67572656,2026-09-09T18:23:06Z,FanDuel Sportsbook structured market feed,,VA,NFL,35601246,Denver Broncos @ Kansas City Chiefs,2026-09-15T00:15:00.000Z,FanDuel,751.183528594,receptions,Rashee Rice - Total Receptions,,Rashee Rice,48551004,under,5.5,-108,1.925925925925926,0.5192307692307693,open,,,2026-09-09T18:23:06Z,,,,,v3-forward-measurement
458ab4e6-47b5-4aa8-8875-024a4be97c44,4633bb69-c1a0-480a-a5e8-ae2d979e6254,2026-09-09T18:23:06Z,FanDuel Sportsbook structured market feed,,VA,NFL,35601246,Denver Broncos @ Kansas City Chiefs,2026-09-15T00:15:00.000Z,FanDuel,751.183528593,receiving_yards,Rashee Rice - Receiving Yds,,Rashee Rice,48551005,over,59.5,-114,1.87719298245614,0.5327102803738317,open,,,2026-09-09T18:23:06Z,,,,,v3-forward-measurement
458ab4e6-47b5-4aa8-8875-024a4be97c44,a846c706-a921-4813-bffd-814dd8ad919e,2026-09-09T18:23:06Z,FanDuel Sportsbook structured market feed,,VA,NFL,35601246,Denver Broncos @ Kansas City Chiefs,2026-09-15T00:15:00.000Z,FanDuel,751.183528593,receiving_yards,Rashee Rice - Receiving Yds,,Rashee Rice,48551004,under,59.5,-114,1.87719298245614,0.5327102803738317,open,,,2026-09-09T18:23:06Z,,,,,v3-forward-measurement
458ab4e6-47b5-4aa8-8875-024a4be97c44,bccc7778-6477-4ba6-bf70-83010482979d,2026-09-09T18:23:06Z,FanDuel Sportsbook structured market feed,,VA,NFL,35601246,Denver Broncos @ Kansas City Chiefs,2026-09-15T00:15:00.000Z,FanDuel,751.185163847,receiving_yards,Pat Bryant - Receiving Yds,,Pat Bryant,48907099,over,23.5,-114,1.87719298245614,0.5327102803738317,open,,,2026-09-09T18:23:06Z,,,,,v3-forward-measurement
458ab4e6-47b5-4aa8-8875-024a4be97c44,4caad0e3-6871-49d3-b40d-66d0abb442eb,2026-09-09T18:23:06Z,FanDuel Sportsbook structured market feed,,VA,NFL,35601246,Denver Broncos @ Kansas City Chiefs,2026-09-15T00:15:00.000Z,FanDuel,751.185163847,receiving_yards,Pat Bryant - Receiving Yds,,Pat Bryant,48907098,under,23.5,-114,1.87719298245614,0.5327102803738317,open,,,2026-09-09T18:23:06Z,,,,,v3-forward-measurement
458ab4e6-47b5-4aa8-8875-024a4be97c44,1b74bd6b-6eb2-4e78-a708-ed6e9ed23c23,2026-09-09T18:23:06Z,FanDuel Sportsbook structured market feed,,VA,NFL,35601246,Denver Broncos @ Kansas City Chiefs,2026-09-15T00:15:00.000Z,FanDuel,751.183528519,receptions,Jaylen Waddle - Total Receptions,,Jaylen Waddle,40877797,over,4.5,-114,1.87719298245614,0.5327102803738317,open,,,2026-09-09T18:23:06Z,,,,,v3-forward-measurement
458ab4e6-47b5-4aa8-8875-024a4be97c44,4053cf96-8ca4-45d5-9889-188783eade69,2026-09-09T18:23:06Z,FanDuel Sportsbook structured market feed,,VA,NFL,35601246,Denver Broncos @ Kansas City Chiefs,2026-09-15T00:15:00.000Z,FanDuel,751.183528519,receptions,Jaylen Waddle - Total Receptions,,Jaylen Waddle,40877798,under,4.5,-114,1.87719298245614,0.5327102803738317,open,,,2026-09-09T18:23:06Z,,,,,v3-forward-measurement
458ab4e6-47b5-4aa8-8875-024a4be97c44,2862f0bd-bf2e-463f-846f-3fb35d3c22e1,2026-09-09T18:23:06Z,FanDuel Sportsbook structured market feed,,VA,NFL,35601246,Denver Broncos @ Kansas City Chiefs,2026-09-15T00:15:00.000Z,FanDuel,751.185117801,receiving_yards,Tyquan Thornton - Receiving Yds,,Tyquan Thornton,41074864,over,19.5,-114,1.87719298245614,0.5327102803738317,open,,,2026-09-09T18:23:06Z,,,,,v3-forward-measurement
458ab4e6-47b5-4aa8-8875-024a4be97c44,ab523ef9-086d-4897-adde-aa78b5985578,2026-09-09T18:23:06Z,FanDuel Sportsbook structured market feed,,VA,NFL,35601246,Denver Broncos @ Kansas City Chiefs,2026-09-15T00:15:00.000Z,FanDuel,751.185117801,receiving_yards,Tyquan Thornton - Receiving Yds,,Tyquan Thornton,41074863,under,19.5,-114,1.87719298245614,0.5327102803738317,open,,,2026-09-09T18:23:06Z,,,,,v3-forward-measurement
458ab4e6-47b5-4aa8-8875-024a4be97c44,d62c5f1f-3e35-4c61-aae5-f805f665868a,2026-09-09T18:23:06Z,FanDuel Sportsbook structured market feed,,VA,NFL,35601246,Denver Broncos @ Kansas City Chiefs,2026-09-15T00:15:00.000Z,FanDuel,751.185163862,receiving_yards,Evan Engram - Receiving Yds,,Evan Engram,14807732,over,22.5,-114,1.87719298245614,0.5327102803738317,open,,,2026-09-09T18:23:06Z,,,,,v3-forward-measurement
458ab4e6-47b5-4aa8-8875-024a4be97c44,24583c91-4ac6-4bf7-837d-246b747c1055,2026-09-09T18:23:06Z,FanDuel Sportsbook structured market feed,,VA,NFL,35601246,Denver Broncos @ Kansas City Chiefs,2026-09-15T00:15:00.000Z,FanDuel,751.185163862,receiving_yards,Evan Engram - Receiving Yds,,Evan Engram,14807733,under,22.5,-114,1.87719298245614,0.5327102803738317,open,,,2026-09-09T18:23:06Z,,,,,v3-forward-measurement
458ab4e6-47b5-4aa8-8875-024a4be97c44,ae285a61-9e65-4cc7-b087-40456212f0cb,2026-09-09T18:23:06Z,FanDuel Sportsbook structured market feed,,VA,NFL,35601246,Denver Broncos @ Kansas City Chiefs,2026-09-15T00:15:00.000Z,FanDuel,751.185117804,receptions,Tyquan Thornton - Total Receptions,,Tyquan Thornton,41074864,over,1.5,106,2.06,0.4854368932038835,open,,,2026-09-09T18:23:06Z,,,,,v3-forward-measurement
458ab4e6-47b5-4aa8-8875-024a4be97c44,fd2ccbef-20e2-4cc3-b31c-45aba8aed030,2026-09-09T18:23:06Z,FanDuel Sportsbook structured market feed,,VA,NFL,35601246,Denver Broncos @ Kansas City Chiefs,2026-09-15T00:15:00.000Z,FanDuel,751.185117804,receptions,Tyquan Thornton - Total Receptions,,Tyquan Thornton,41074863,under,1.5,-140,1.714285714285714,0.5833333333333334,open,,,2026-09-09T18:23:06Z,,,,,v3-forward-measurement
458ab4e6-47b5-4aa8-8875-024a4be97c44,8cfa470b-de73-4916-b0c5-e283d714a475,2026-09-09T18:23:06Z,FanDuel Sportsbook structured market feed,,VA,NFL,35601246,Denver Broncos @ Kansas City Chiefs,2026-09-15T00:15:00.000Z,FanDuel,751.185260008,receptions,Adam Trautman - Total Receptions,,Adam Trautman,40905237,over,1.5,188,2.88,0.3472222222222222,open,,,2026-09-09T18:23:06Z,,,,,v3-forward-measurement
458ab4e6-47b5-4aa8-8875-024a4be97c44,a334584a-f91c-4ea7-acaf-c4db2b632404,2026-09-09T18:23:06Z,FanDuel Sportsbook structured market feed,,VA,NFL,35601246,Denver Broncos @ Kansas City Chiefs,2026-09-15T00:15:00.000Z,FanDuel,751.185260008,receptions,Adam Trautman - Total Receptions,,Adam Trautman,40905244,under,1.5,-260,1.384615384615385,0.7222222222222222,open,,,2026-09-09T18:23:06Z,,,,,v3-forward-measurement
458ab4e6-47b5-4aa8-8875-024a4be97c44,74760f2b-1f6d-48a4-a910-594a7b097e8a,2026-09-09T18:23:06Z,FanDuel Sportsbook structured market feed,,VA,NFL,35601246,Denver Broncos @ Kansas City Chiefs,2026-09-15T00:15:00.000Z,FanDuel,751.185165139,receiving_yards,RJ Harvey - Receiving Yds,,RJ Harvey,50744298,over,16.5,-114,1.87719298245614,0.5327102803738317,open,,,2026-09-09T18:23:06Z,,,,,v3-forward-measurement
458ab4e6-47b5-4aa8-8875-024a4be97c44,2018d4b7-cbac-48b1-934c-280b08194fe5,2026-09-09T18:23:06Z,FanDuel Sportsbook structured market feed,,VA,NFL,35601246,Denver Broncos @ Kansas City Chiefs,2026-09-15T00:15:00.000Z,FanDuel,751.185165139,receiving_yards,RJ Harvey - Receiving Yds,,RJ Harvey,50744300,under,16.5,-114,1.87719298245614,0.5327102803738317,open,,,2026-09-09T18:23:06Z,,,,,v3-forward-measurement
458ab4e6-47b5-4aa8-8875-024a4be97c44,3564ffad-e18a-406c-81bd-bbb974a81a8b,2026-09-09T18:23:06Z,FanDuel Sportsbook structured market feed,,VA,NFL,35601246,Denver Broncos @ Kansas City Chiefs,2026-09-15T00:15:00.000Z,FanDuel,751.183528696,receptions,Courtland Sutton - Total Receptions,,Courtland Sutton,16490004,over,4.5,124,2.24,0.44642857142857145,open,,,2026-09-09T18:23:06Z,,,,,v3-forward-measurement
458ab4e6-47b5-4aa8-8875-024a4be97c44,25ef140e-0158-4d7d-b0e6-e8e587c2e59d,2026-09-09T18:23:06Z,FanDuel Sportsbook structured market feed,,VA,NFL,35601246,Denver Broncos @ Kansas City Chiefs,2026-09-15T00:15:00.000Z,FanDuel,751.183528696,receptions,Courtland Sutton - Total Receptions,,Courtland Sutton,16490005,under,4.5,-166,1.602409638554217,0.6240601503759399,open,,,2026-09-09T18:23:06Z,,,,,v3-forward-measurement
458ab4e6-47b5-4aa8-8875-024a4be97c44,b31c0bbf-c007-486b-91ac-32f608d4e264,2026-09-09T18:23:06Z,FanDuel Sportsbook structured market feed,,VA,NFL,35601246,Denver Broncos @ Kansas City Chiefs,2026-09-15T00:15:00.000Z,FanDuel,751.185163834,receptions,Evan Engram - Total Receptions,,Evan Engram,14807732,over,2.5,-130,1.769230769230769,0.5652173913043478,open,,,2026-09-09T18:23:06Z,,,,,v3-forward-measurement
458ab4e6-47b5-4aa8-8875-024a4be97c44,78b19769-3b42-411a-8681-e075b8c89ce5,2026-09-09T18:23:06Z,FanDuel Sportsbook structured market feed,,VA,NFL,35601246,Denver Broncos @ Kansas City Chiefs,2026-09-15T00:15:00.000Z,FanDuel,751.185163834,receptions,Evan Engram - Total Receptions,,Evan Engram,14807733,under,2.5,-102,1.980392156862745,0.504950495049505,open,,,2026-09-09T18:23:06Z,,,,,v3-forward-measurement
458ab4e6-47b5-4aa8-8875-024a4be97c44,8d77c2a9-27b3-429e-898d-161ca5785521,2026-09-09T18:23:06Z,FanDuel Sportsbook structured market feed,,VA,NFL,35601246,Denver Broncos @ Kansas City Chiefs,2026-09-15T00:15:00.000Z,FanDuel,751.185260009,receiving_yards,Adam Trautman - Receiving Yds,,Adam Trautman,40905237,over,8.5,-114,1.87719298245614,0.5327102803738317,open,,,2026-09-09T18:23:06Z,,,,,v3-forward-measurement
458ab4e6-47b5-4aa8-8875-024a4be97c44,58bbee28-8c9f-41e4-8af9-f7ebf5228c55,2026-09-09T18:23:06Z,FanDuel Sportsbook structured market feed,,VA,NFL,35601246,Denver Broncos @ Kansas City Chiefs,2026-09-15T00:15:00.000Z,FanDuel,751.185260009,receiving_yards,Adam Trautman - Receiving Yds,,Adam Trautman,40905244,under,8.5,-114,1.87719298245614,0.5327102803738317,open,,,2026-09-09T18:23:06Z,,,,,v3-forward-measurement
458ab4e6-47b5-4aa8-8875-024a4be97c44,d3cdfc5f-df1c-4193-8cfa-569a965005dd,2026-09-09T18:23:06Z,FanDuel Sportsbook structured market feed,,VA,NFL,35601246,Denver Broncos @ Kansas City Chiefs,2026-09-15T00:15:00.000Z,FanDuel,751.183528692,receiving_yards,Courtland Sutton - Receiving Yds,,Courtland Sutton,16490004,over,42.5,-114,1.87719298245614,0.5327102803738317,open,,,2026-09-09T18:23:06Z,,,,,v3-forward-measurement
458ab4e6-47b5-4aa8-8875-024a4be97c44,71c750b8-9cee-4c65-b5d5-b245e100105a,2026-09-09T18:23:06Z,FanDuel Sportsbook structured market feed,,VA,NFL,35601246,Denver Broncos @ Kansas City Chiefs,2026-09-15T00:15:00.000Z,FanDuel,751.183528692,receiving_yards,Courtland Sutton - Receiving Yds,,Courtland Sutton,16490005,under,42.5,-114,1.87719298245614,0.5327102803738317,open,,,2026-09-09T18:23:06Z,,,,,v3-forward-measurement
2a353b49-b30f-4e3d-a4b9-1261ecea703f,871df74e-02df-4781-9dd5-676441f3237d,2026-09-09T18:23:06Z,FanDuel Sportsbook structured market feed,,VA,NFL,35607262,New England Patriots @ Seattle Seahawks,2026-09-10T00:15:00.000Z,FanDuel,751.181972898,passing_touchdowns,Drake Maye - Passing TDs,,Drake Maye,48103561,over,1.5,130,2.3,0.43478260869565216,open,,,2026-09-09T18:23:06Z,,,,,v3-forward-measurement
2a353b49-b30f-4e3d-a4b9-1261ecea703f,ff0feab6-67de-4e37-b367-4049b22be1ac,2026-09-09T18:23:06Z,FanDuel Sportsbook structured market feed,,VA,NFL,35607262,New England Patriots @ Seattle Seahawks,2026-09-10T00:15:00.000Z,FanDuel,751.181972898,passing_touchdowns,Drake Maye - Passing TDs,,Drake Maye,48103562,under,1.5,-170,1.588235294117647,0.6296296296296297,open,,,2026-09-09T18:23:06Z,,,,,v3-forward-measurement
2a353b49-b30f-4e3d-a4b9-1261ecea703f,011be8fb-74f8-476a-84c1-4e754ee61299,2026-09-09T18:23:06Z,FanDuel Sportsbook structured market feed,,VA,NFL,35607262,New England Patriots @ Seattle Seahawks,2026-09-10T00:15:00.000Z,FanDuel,751.181972949,passing_yards,Drake Maye - Passing Yds,,Drake Maye,48103561,over,232.5,-113,1.884955752212389,0.5305164319248826,open,,,2026-09-09T18:23:06Z,,,,,v3-forward-measurement
2a353b49-b30f-4e3d-a4b9-1261ecea703f,379eb01d-03bc-4211-a379-a0932530a1e6,2026-09-09T18:23:06Z,FanDuel Sportsbook structured market feed,,VA,NFL,35607262,New England Patriots @ Seattle Seahawks,2026-09-10T00:15:00.000Z,FanDuel,751.181972949,passing_yards,Drake Maye - Passing Yds,,Drake Maye,48103562,under,232.5,-113,1.884955752212389,0.5305164319248826,open,,,2026-09-09T18:23:06Z,,,,,v3-forward-measurement
2a353b49-b30f-4e3d-a4b9-1261ecea703f,cfaf0e56-3569-4356-b5e6-8d4cfc49fa25,2026-09-09T18:23:06Z,FanDuel Sportsbook structured market feed,,VA,NFL,35607262,New England Patriots @ Seattle Seahawks,2026-09-10T00:15:00.000Z,FanDuel,751.181972904,passing_yards,Sam Darnold - Passing Yds,,Sam Darnold,16579527,over,228.5,-113,1.884955752212389,0.5305164319248826,open,,,2026-09-09T18:23:06Z,,,,,v3-forward-measurement
2a353b49-b30f-4e3d-a4b9-1261ecea703f,2604e6aa-52b0-4d98-9773-cea18119233a,2026-09-09T18:23:06Z,FanDuel Sportsbook structured market feed,,VA,NFL,35607262,New England Patriots @ Seattle Seahawks,2026-09-10T00:15:00.000Z,FanDuel,751.181972904,passing_yards,Sam Darnold - Passing Yds,,Sam Darnold,16579528,under,228.5,-113,1.884955752212389,0.5305164319248826,open,,,2026-09-09T18:23:06Z,,,,,v3-forward-measurement
2a353b49-b30f-4e3d-a4b9-1261ecea703f,496d03eb-79ad-4621-b30c-70d67e34caa8,2026-09-09T18:23:06Z,FanDuel Sportsbook structured market feed,,VA,NFL,35607262,New England Patriots @ Seattle Seahawks,2026-09-10T00:15:00.000Z,FanDuel,751.181972893,passing_touchdowns,Sam Darnold - Passing TDs,,Sam Darnold,16579527,over,1.5,106,2.06,0.4854368932038835,open,,,2026-09-09T18:23:06Z,,,,,v3-forward-measurement
2a353b49-b30f-4e3d-a4b9-1261ecea703f,e7635638-03fb-42fc-b7af-671157cbf82e,2026-09-09T18:23:06Z,FanDuel Sportsbook structured market feed,,VA,NFL,35607262,New England Patriots @ Seattle Seahawks,2026-09-10T00:15:00.000Z,FanDuel,751.181972893,passing_touchdowns,Sam Darnold - Passing TDs,,Sam Darnold,16579528,under,1.5,-138,1.72463768115942,0.5798319327731093,open,,,2026-09-09T18:23:06Z,,,,,v3-forward-measurement
90e3333c-e89a-4dad-ab8e-ef5a358c5d2d,9711b628-d3fa-43b7-9e10-f9826195dcb9,2026-09-09T18:23:06Z,FanDuel Sportsbook structured market feed,,VA,NFL,35607262,New England Patriots @ Seattle Seahawks,2026-09-10T00:15:00.000Z,FanDuel,751.181981485,rushing_yards,Sam Darnold - Rushing Yds,,Sam Darnold,16579527,over,5.5,-102,1.980392156862745,0.504950495049505,open,,,2026-09-09T18:23:06Z,,,,,v3-forward-measurement
90e3333c-e89a-4dad-ab8e-ef5a358c5d2d,b7ab9eca-325a-428a-a359-7c4070c3e31c,2026-09-09T18:23:06Z,FanDuel Sportsbook structured market feed,,VA,NFL,35607262,New England Patriots @ Seattle Seahawks,2026-09-10T00:15:00.000Z,FanDuel,751.181981485,rushing_yards,Sam Darnold - Rushing Yds,,Sam Darnold,16579528,under,5.5,-125,1.8,0.5555555555555556,open,,,2026-09-09T18:23:06Z,,,,,v3-forward-measurement
90e3333c-e89a-4dad-ab8e-ef5a358c5d2d,4337c1cd-00a8-43ec-ac57-e9e4855eb0a2,2026-09-09T18:23:06Z,FanDuel Sportsbook structured market feed,,VA,NFL,35607262,New England Patriots @ Seattle Seahawks,2026-09-10T00:15:00.000Z,FanDuel,751.181978652,rushing_yards,Drake Maye - Rushing Yds,,Drake Maye,48103561,over,25.5,-113,1.884955752212389,0.5305164319248826,open,,,2026-09-09T18:23:06Z,,,,,v3-forward-measurement
90e3333c-e89a-4dad-ab8e-ef5a358c5d2d,9a1efe18-18bb-4551-8ab3-2fdf636b4036,2026-09-09T18:23:06Z,FanDuel Sportsbook structured market feed,,VA,NFL,35607262,New England Patriots @ Seattle Seahawks,2026-09-10T00:15:00.000Z,FanDuel,751.181978652,rushing_yards,Drake Maye - Rushing Yds,,Drake Maye,48103562,under,25.5,-113,1.884955752212389,0.5305164319248826,open,,,2026-09-09T18:23:06Z,,,,,v3-forward-measurement
90e3333c-e89a-4dad-ab8e-ef5a358c5d2d,2e4e3a7d-f55d-4876-b370-81ae13329a3f,2026-09-09T18:23:06Z,FanDuel Sportsbook structured market feed,,VA,NFL,35607262,New England Patriots @ Seattle Seahawks,2026-09-10T00:15:00.000Z,FanDuel,751.181978424,rushing_yards,Jadarian Price - Rushing Yds,,Jadarian Price,101883640,over,54.5,-113,1.884955752212389,0.5305164319248826,open,,,2026-09-09T18:23:06Z,,,,,v3-forward-measurement
90e3333c-e89a-4dad-ab8e-ef5a358c5d2d,4cb513fb-08c2-4ed1-bfe9-665c0de5fb50,2026-09-09T18:23:06Z,FanDuel Sportsbook structured market feed,,VA,NFL,35607262,New England Patriots @ Seattle Seahawks,2026-09-10T00:15:00.000Z,FanDuel,751.181978424,rushing_yards,Jadarian Price - Rushing Yds,,Jadarian Price,101883641,under,54.5,-113,1.884955752212389,0.5305164319248826,open,,,2026-09-09T18:23:06Z,,,,,v3-forward-measurement
90e3333c-e89a-4dad-ab8e-ef5a358c5d2d,4b349469-7812-4f49-b121-37b2f5fd838e,2026-09-09T18:23:06Z,FanDuel Sportsbook structured market feed,,VA,NFL,35607262,New England Patriots @ Seattle Seahawks,2026-09-10T00:15:00.000Z,FanDuel,751.181978425,rushing_yards,George Holani - Rushing Yds,,George Holani,48141225,over,19.5,-113,1.884955752212389,0.5305164319248826,open,,,2026-09-09T18:23:06Z,,,,,v3-forward-measurement
90e3333c-e89a-4dad-ab8e-ef5a358c5d2d,af2965d1-aa6f-4b64-baa2-805269666e44,2026-09-09T18:23:06Z,FanDuel Sportsbook structured market feed,,VA,NFL,35607262,New England Patriots @ Seattle Seahawks,2026-09-10T00:15:00.000Z,FanDuel,751.181978425,rushing_yards,George Holani - Rushing Yds,,George Holani,48141223,under,19.5,-113,1.884955752212389,0.5305164319248826,open,,,2026-09-09T18:23:06Z,,,,,v3-forward-measurement
90e3333c-e89a-4dad-ab8e-ef5a358c5d2d,ad56958b-9727-42dd-af01-ccaaf6c67ca0,2026-09-09T18:23:06Z,FanDuel Sportsbook structured market feed,,VA,NFL,35607262,New England Patriots @ Seattle Seahawks,2026-09-10T00:15:00.000Z,FanDuel,751.181978427,rushing_yards,Rhamondre Stevenson - Rushing Yds,,Rhamondre Stevenson,40916587,over,55.5,-113,1.884955752212389,0.5305164319248826,open,,,2026-09-09T18:23:06Z,,,,,v3-forward-measurement
90e3333c-e89a-4dad-ab8e-ef5a358c5d2d,5fffc0c9-be42-4dca-a24d-6f4e4cbc96e9,2026-09-09T18:23:06Z,FanDuel Sportsbook structured market feed,,VA,NFL,35607262,New England Patriots @ Seattle Seahawks,2026-09-10T00:15:00.000Z,FanDuel,751.181978427,rushing_yards,Rhamondre Stevenson - Rushing Yds,,Rhamondre Stevenson,40916584,under,55.5,-113,1.884955752212389,0.5305164319248826,open,,,2026-09-09T18:23:06Z,,,,,v3-forward-measurement
90e3333c-e89a-4dad-ab8e-ef5a358c5d2d,d5a4e555-c72c-4f85-b2b8-fd0a0cdf0668,2026-09-09T18:23:06Z,FanDuel Sportsbook structured market feed,,VA,NFL,35607262,New England Patriots @ Seattle Seahawks,2026-09-10T00:15:00.000Z,FanDuel,751.184116935,rushing_yards,Rashid Shaheed - Rushing Yds,,Rashid Shaheed,49450855,over,2.5,-113,1.884955752212389,0.5305164319248826,open,,,2026-09-09T18:23:06Z,,,,,v3-forward-measurement
90e3333c-e89a-4dad-ab8e-ef5a358c5d2d,d76a23ce-dbe3-4ebe-bf66-c7bb361b3b5b,2026-09-09T18:23:06Z,FanDuel Sportsbook structured market feed,,VA,NFL,35607262,New England Patriots @ Seattle Seahawks,2026-09-10T00:15:00.000Z,FanDuel,751.184116935,rushing_yards,Rashid Shaheed - Rushing Yds,,Rashid Shaheed,49450856,under,2.5,-113,1.884955752212389,0.5305164319248826,open,,,2026-09-09T18:23:06Z,,,,,v3-forward-measurement
90e3333c-e89a-4dad-ab8e-ef5a358c5d2d,0144216b-c286-47cb-b450-80a85dc111c6,2026-09-09T18:23:06Z,FanDuel Sportsbook structured market feed,,VA,NFL,35607262,New England Patriots @ Seattle Seahawks,2026-09-10T00:15:00.000Z,FanDuel,751.185528781,rushing_yards,Corey Kiner - Rushing Yds,,Corey Kiner,42258635,over,8.5,-113,1.884955752212389,0.5305164319248826,open,,,2026-09-09T18:23:06Z,,,,,v3-forward-measurement
90e3333c-e89a-4dad-ab8e-ef5a358c5d2d,e68df2af-cfa8-4c9a-b97b-5d70ba273972,2026-09-09T18:23:06Z,FanDuel Sportsbook structured market feed,,VA,NFL,35607262,New England Patriots @ Seattle Seahawks,2026-09-10T00:15:00.000Z,FanDuel,751.185528781,rushing_yards,Corey Kiner - Rushing Yds,,Corey Kiner,42258636,under,8.5,-113,1.884955752212389,0.5305164319248826,open,,,2026-09-09T18:23:06Z,,,,,v3-forward-measurement
5ff9aa5b-012b-4afa-91f2-cedb93b85f50,f431144b-b46f-4e9a-b914-272c853f3d60,2026-09-09T18:23:06Z,FanDuel Sportsbook structured market feed,,VA,NFL,35607262,New England Patriots @ Seattle Seahawks,2026-09-10T00:15:00.000Z,FanDuel,751.183848470,receptions,Rhamondre Stevenson - Total Receptions,,Rhamondre Stevenson,40916587,over,3.5,116,2.16,0.46296296296296297,open,,,2026-09-09T18:23:06Z,,,,,v3-forward-measurement
5ff9aa5b-012b-4afa-91f2-cedb93b85f50,c15c79c4-4732-4f82-a0a7-a85cf8de4c62,2026-09-09T18:23:06Z,FanDuel Sportsbook structured market feed,,VA,NFL,35607262,New England Patriots @ Seattle Seahawks,2026-09-10T00:15:00.000Z,FanDuel,751.183848470,receptions,Rhamondre Stevenson - Total Receptions,,Rhamondre Stevenson,40916584,under,3.5,-154,1.649350649350649,0.6062992125984252,open,,,2026-09-09T18:23:06Z,,,,,v3-forward-measurement
5ff9aa5b-012b-4afa-91f2-cedb93b85f50,71f38a4b-8f49-415f-bbe0-619130308a47,2026-09-09T18:23:06Z,FanDuel Sportsbook structured market feed,,VA,NFL,35607262,New England Patriots @ Seattle Seahawks,2026-09-10T00:15:00.000Z,FanDuel,751.181982010,receptions,A.J. Brown - Total Receptions,,A.J. Brown,40913464,over,5.5,-106,1.943396226415094,0.5145631067961165,open,,,2026-09-09T18:23:06Z,,,,,v3-forward-measurement
5ff9aa5b-012b-4afa-91f2-cedb93b85f50,84285f90-134f-4580-8d6d-0e1708c64d25,2026-09-09T18:23:06Z,FanDuel Sportsbook structured market feed,,VA,NFL,35607262,New England Patriots @ Seattle Seahawks,2026-09-10T00:15:00.000Z,FanDuel,751.181982010,receptions,A.J. Brown - Total Receptions,,A.J. Brown,40913463,under,5.5,-125,1.8,0.5555555555555556,open,,,2026-09-09T18:23:06Z,,,,,v3-forward-measurement
5ff9aa5b-012b-4afa-91f2-cedb93b85f50,f091dcd3-b602-42d4-a7be-31e0e3ebdb14,2026-09-09T18:23:06Z,FanDuel Sportsbook structured market feed,,VA,NFL,35607262,New England Patriots @ Seattle Seahawks,2026-09-10T00:15:00.000Z,FanDuel,751.182711369,receptions,Demario Douglas - Total Receptions,,Demario Douglas,41072009,over,1.5,-192,1.520833333333333,0.6575342465753424,open,,,2026-09-09T18:23:06Z,,,,,v3-forward-measurement
5ff9aa5b-012b-4afa-91f2-cedb93b85f50,8f1df06d-3d92-4eed-b5ea-638e08a269f7,2026-09-09T18:23:06Z,FanDuel Sportsbook structured market feed,,VA,NFL,35607262,New England Patriots @ Seattle Seahawks,2026-09-10T00:15:00.000Z,FanDuel,751.182711369,receptions,Demario Douglas - Total Receptions,,Demario Douglas,41072008,under,1.5,142,2.42,0.4132231404958678,open,,,2026-09-09T18:23:06Z,,,,,v3-forward-measurement
5ff9aa5b-012b-4afa-91f2-cedb93b85f50,8aa47ab9-37a1-4742-84c9-bfc5b4cd8463,2026-09-09T18:23:06Z,FanDuel Sportsbook structured market feed,,VA,NFL,35607262,New England Patriots @ Seattle Seahawks,2026-09-10T00:15:00.000Z,FanDuel,751.185632330,receptions,Mack Hollins - Total Receptions,,Mack Hollins,16919417,over,1.5,162,2.62,0.3816793893129771,open,,,2026-09-09T18:23:06Z,,,,,v3-forward-measurement
5ff9aa5b-012b-4afa-91f2-cedb93b85f50,3b6b14e3-fcd2-44c4-9599-63c24ba9ceb5,2026-09-09T18:23:06Z,FanDuel Sportsbook structured market feed,,VA,NFL,35607262,New England Patriots @ Seattle Seahawks,2026-09-10T00:15:00.000Z,FanDuel,751.185632330,receptions,Mack Hollins - Total Receptions,,Mack Hollins,16919418,under,1.5,-220,1.454545454545455,0.6875,open,,,2026-09-09T18:23:06Z,,,,,v3-forward-measurement
5ff9aa5b-012b-4afa-91f2-cedb93b85f50,d813322a-8637-452a-86ed-99c535160a94,2026-09-09T18:23:06Z,FanDuel Sportsbook structured market feed,,VA,NFL,35607262,New England Patriots @ Seattle Seahawks,2026-09-10T00:15:00.000Z,FanDuel,751.185116370,receptions,George Holani - Total Receptions,,George Holani,48141225,over,1.5,-178,1.561797752808989,0.6402877697841727,open,,,2026-09-09T18:23:06Z,,,,,v3-forward-measurement
5ff9aa5b-012b-4afa-91f2-cedb93b85f50,d6309c15-293f-40e1-a837-4876f3edff1d,2026-09-09T18:23:06Z,FanDuel Sportsbook structured market feed,,VA,NFL,35607262,New England Patriots @ Seattle Seahawks,2026-09-10T00:15:00.000Z,FanDuel,751.185116370,receptions,George Holani - Total Receptions,,George Holani,48141223,under,1.5,132,2.32,0.43103448275862066,open,,,2026-09-09T18:23:06Z,,,,,v3-forward-measurement
5ff9aa5b-012b-4afa-91f2-cedb93b85f50,75e37e5b-dfe0-40c2-b7dc-e9f98bd384da,2026-09-09T18:23:06Z,FanDuel Sportsbook structured market feed,,VA,NFL,35607262,New England Patriots @ Seattle Seahawks,2026-09-10T00:15:00.000Z,FanDuel,751.185632328,receiving_yards,Mack Hollins - Receiving Yds,,Mack Hollins,16919417,over,8.5,-113,1.884955752212389,0.5305164319248826,open,,,2026-09-09T18:23:06Z,,,,,v3-forward-measurement
5ff9aa5b-012b-4afa-91f2-cedb93b85f50,a0bd6493-009c-4357-8d4f-aa8b8e4bb149,2026-09-09T18:23:06Z,FanDuel Sportsbook structured market feed,,VA,NFL,35607262,New England Patriots @ Seattle Seahawks,2026-09-10T00:15:00.000Z,FanDuel,751.185632328,receiving_yards,Mack Hollins - Receiving Yds,,Mack Hollins,16919418,under,8.5,-113,1.884955752212389,0.5305164319248826,open,,,2026-09-09T18:23:06Z,,,,,v3-forward-measurement
5ff9aa5b-012b-4afa-91f2-cedb93b85f50,ccf29f72-e489-4992-b35a-1fdcfc98a511,2026-09-09T18:23:06Z,FanDuel Sportsbook structured market feed,,VA,NFL,35607262,New England Patriots @ Seattle Seahawks,2026-09-10T00:15:00.000Z,FanDuel,751.181985299,receptions,AJ Barner - Total Receptions,,AJ Barner,48063414,over,2.5,-154,1.649350649350649,0.6062992125984252,open,,,2026-09-09T18:23:06Z,,,,,v3-forward-measurement
5ff9aa5b-012b-4afa-91f2-cedb93b85f50,6da396a1-e02d-4f7b-bf00-e303d797a9a6,2026-09-09T18:23:06Z,FanDuel Sportsbook structured market feed,,VA,NFL,35607262,New England Patriots @ Seattle Seahawks,2026-09-10T00:15:00.000Z,FanDuel,751.181985299,receptions,AJ Barner - Total Receptions,,AJ Barner,48063412,under,2.5,116,2.16,0.46296296296296297,open,,,2026-09-09T18:23:06Z,,,,,v3-forward-measurement
5ff9aa5b-012b-4afa-91f2-cedb93b85f50,1ed49f4f-5a37-4d3d-8d96-9f61a1135d99,2026-09-09T18:23:06Z,FanDuel Sportsbook structured market feed,,VA,NFL,35607262,New England Patriots @ Seattle Seahawks,2026-09-10T00:15:00.000Z,FanDuel,751.182711373,receiving_yards,Hunter Henry - Receiving Yds,,Hunter Henry,11851338,over,33.5,-113,1.884955752212389,0.5305164319248826,open,,,2026-09-09T18:23:06Z,,,,,v3-forward-measurement
5ff9aa5b-012b-4afa-91f2-cedb93b85f50,b047b80f-6227-40a2-b017-e0616d700586,2026-09-09T18:23:06Z,FanDuel Sportsbook structured market feed,,VA,NFL,35607262,New England Patriots @ Seattle Seahawks,2026-09-10T00:15:00.000Z,FanDuel,751.182711373,receiving_yards,Hunter Henry - Receiving Yds,,Hunter Henry,11851337,under,33.5,-113,1.884955752212389,0.5305164319248826,open,,,2026-09-09T18:23:06Z,,,,,v3-forward-measurement
5ff9aa5b-012b-4afa-91f2-cedb93b85f50,dce9aeef-45a6-4347-9f6c-5490d1ebc893,2026-09-09T18:23:06Z,FanDuel Sportsbook structured market feed,,VA,NFL,35607262,New England Patriots @ Seattle Seahawks,2026-09-10T00:15:00.000Z,FanDuel,751.181981813,receptions,Jaxon Smith-Njigba - Total Receptions,,Jaxon Smith-Njigba,41158865,over,6.5,-106,1.943396226415094,0.5145631067961165,open,,,2026-09-09T18:23:06Z,,,,,v3-forward-measurement
5ff9aa5b-012b-4afa-91f2-cedb93b85f50,3754c319-4e7f-4b5f-8c81-f12c3e659aad,2026-09-09T18:23:06Z,FanDuel Sportsbook structured market feed,,VA,NFL,35607262,New England Patriots @ Seattle Seahawks,2026-09-10T00:15:00.000Z,FanDuel,751.181981813,receptions,Jaxon Smith-Njigba - Total Receptions,,Jaxon Smith-Njigba,41158864,under,6.5,-125,1.8,0.5555555555555556,open,,,2026-09-09T18:23:06Z,,,,,v3-forward-measurement
5ff9aa5b-012b-4afa-91f2-cedb93b85f50,00eb5e79-05b1-4573-96ca-f3744d56eb84,2026-09-09T18:23:06Z,FanDuel Sportsbook structured market feed,,VA,NFL,35607262,New England Patriots @ Seattle Seahawks,2026-09-10T00:15:00.000Z,FanDuel,751.182711374,receiving_yards,Demario Douglas - Receiving Yds,,Demario Douglas,41072009,over,20.5,-113,1.884955752212389,0.5305164319248826,open,,,2026-09-09T18:23:06Z,,,,,v3-forward-measurement
5ff9aa5b-012b-4afa-91f2-cedb93b85f50,8dbee237-a19b-4d1f-8eaa-8bf727ee7f97,2026-09-09T18:23:06Z,FanDuel Sportsbook structured market feed,,VA,NFL,35607262,New England Patriots @ Seattle Seahawks,2026-09-10T00:15:00.000Z,FanDuel,751.182711374,receiving_yards,Demario Douglas - Receiving Yds,,Demario Douglas,41072008,under,20.5,-113,1.884955752212389,0.5305164319248826,open,,,2026-09-09T18:23:06Z,,,,,v3-forward-measurement
5ff9aa5b-012b-4afa-91f2-cedb93b85f50,647fea0c-4926-40dd-a122-b1c50e396683,2026-09-09T18:23:06Z,FanDuel Sportsbook structured market feed,,VA,NFL,35607262,New England Patriots @ Seattle Seahawks,2026-09-10T00:15:00.000Z,FanDuel,751.182711375,receptions,Hunter Henry - Total Receptions,,Hunter Henry,11851338,over,3.5,148,2.48,0.4032258064516129,open,,,2026-09-09T18:23:06Z,,,,,v3-forward-measurement
5ff9aa5b-012b-4afa-91f2-cedb93b85f50,639b4c8e-2534-460d-b156-b8145db3d78c,2026-09-09T18:23:06Z,FanDuel Sportsbook structured market feed,,VA,NFL,35607262,New England Patriots @ Seattle Seahawks,2026-09-10T00:15:00.000Z,FanDuel,751.182711375,receptions,Hunter Henry - Total Receptions,,Hunter Henry,11851337,under,3.5,-200,1.5,0.6666666666666666,open,,,2026-09-09T18:23:06Z,,,,,v3-forward-measurement
5ff9aa5b-012b-4afa-91f2-cedb93b85f50,524b1ef7-a63f-44de-823f-cfecccc6800f,2026-09-09T18:23:06Z,FanDuel Sportsbook structured market feed,,VA,NFL,35607262,New England Patriots @ Seattle Seahawks,2026-09-10T00:15:00.000Z,FanDuel,751.185661257,receptions,Elijah Arroyo - Total Receptions,,Elijah Arroyo,88882623,over,0.5,-162,1.617283950617284,0.6183206106870229,open,,,2026-09-09T18:23:06Z,,,,,v3-forward-measurement
5ff9aa5b-012b-4afa-91f2-cedb93b85f50,7e1ea3fa-030f-4227-9e6b-dc70c40cda28,2026-09-09T18:23:06Z,FanDuel Sportsbook structured market feed,,VA,NFL,35607262,New England Patriots @ Seattle Seahawks,2026-09-10T00:15:00.000Z,FanDuel,751.185661257,receptions,Elijah Arroyo - Total Receptions,,Elijah Arroyo,88882645,under,0.5,122,2.22,0.45045045045045046,open,,,2026-09-09T18:23:06Z,,,,,v3-forward-measurement
5ff9aa5b-012b-4afa-91f2-cedb93b85f50,6afbeb30-2c0c-4842-86f0-4e06a08efaab,2026-09-09T18:23:06Z,FanDuel Sportsbook structured market feed,,VA,NFL,35607262,New England Patriots @ Seattle Seahawks,2026-09-10T00:15:00.000Z,FanDuel,751.181981815,receiving_yards,Jaxon Smith-Njigba - Receiving Yds,,Jaxon Smith-Njigba,41158865,over,81.5,-113,1.884955752212389,0.5305164319248826,open,,,2026-09-09T18:23:06Z,,,,,v3-forward-measurement
5ff9aa5b-012b-4afa-91f2-cedb93b85f50,289f264e-95f9-478e-971c-818210d800bf,2026-09-09T18:23:06Z,FanDuel Sportsbook structured market feed,,VA,NFL,35607262,New England Patriots @ Seattle Seahawks,2026-09-10T00:15:00.000Z,FanDuel,751.181981815,receiving_yards,Jaxon Smith-Njigba - Receiving Yds,,Jaxon Smith-Njigba,41158864,under,81.5,-113,1.884955752212389,0.5305164319248826,open,,,2026-09-09T18:23:06Z,,,,,v3-forward-measurement
5ff9aa5b-012b-4afa-91f2-cedb93b85f50,47da90d8-e813-431f-8283-6b9ff3dafb53,2026-09-09T18:23:06Z,FanDuel Sportsbook structured market feed,,VA,NFL,35607262,New England Patriots @ Seattle Seahawks,2026-09-10T00:15:00.000Z,FanDuel,751.181983000,receptions,Rashid Shaheed - Total Receptions,,Rashid Shaheed,49450855,over,2.5,-108,1.925925925925926,0.5192307692307693,open,,,2026-09-09T18:23:06Z,,,,,v3-forward-measurement
5ff9aa5b-012b-4afa-91f2-cedb93b85f50,f0188858-4799-4234-afd7-00e65eb271df,2026-09-09T18:23:06Z,FanDuel Sportsbook structured market feed,,VA,NFL,35607262,New England Patriots @ Seattle Seahawks,2026-09-10T00:15:00.000Z,FanDuel,751.181983000,receptions,Rashid Shaheed - Total Receptions,,Rashid Shaheed,49450856,under,2.5,-122,1.819672131147541,0.5495495495495496,open,,,2026-09-09T18:23:06Z,,,,,v3-forward-measurement
5ff9aa5b-012b-4afa-91f2-cedb93b85f50,9a137aab-6630-44b2-82b9-65bd3468d0c3,2026-09-09T18:23:06Z,FanDuel Sportsbook structured market feed,,VA,NFL,35607262,New England Patriots @ Seattle Seahawks,2026-09-10T00:15:00.000Z,FanDuel,751.183848458,receiving_yards,Rhamondre Stevenson - Receiving Yds,,Rhamondre Stevenson,40916587,over,23.5,-113,1.884955752212389,0.5305164319248826,open,,,2026-09-09T18:23:06Z,,,,,v3-forward-measurement
5ff9aa5b-012b-4afa-91f2-cedb93b85f50,ed5bd62d-824a-425f-989d-f5e2a9bb228f,2026-09-09T18:23:06Z,FanDuel Sportsbook structured market feed,,VA,NFL,35607262,New England Patriots @ Seattle Seahawks,2026-09-10T00:15:00.000Z,FanDuel,751.183848458,receiving_yards,Rhamondre Stevenson - Receiving Yds,,Rhamondre Stevenson,40916584,under,23.5,-113,1.884955752212389,0.5305164319248826,open,,,2026-09-09T18:23:06Z,,,,,v3-forward-measurement
5ff9aa5b-012b-4afa-91f2-cedb93b85f50,951e2d48-218f-4ab5-a48d-d57468a57bb4,2026-09-09T18:23:06Z,FanDuel Sportsbook structured market feed,,VA,NFL,35607262,New England Patriots @ Seattle Seahawks,2026-09-10T00:15:00.000Z,FanDuel,751.181985303,receiving_yards,AJ Barner - Receiving Yds,,AJ Barner,48063414,over,24.5,-113,1.884955752212389,0.5305164319248826,open,,,2026-09-09T18:23:06Z,,,,,v3-forward-measurement
5ff9aa5b-012b-4afa-91f2-cedb93b85f50,735d1163-5413-4b0d-a2ae-ada0bb6a75e7,2026-09-09T18:23:06Z,FanDuel Sportsbook structured market feed,,VA,NFL,35607262,New England Patriots @ Seattle Seahawks,2026-09-10T00:15:00.000Z,FanDuel,751.181985303,receiving_yards,AJ Barner - Receiving Yds,,AJ Barner,48063412,under,24.5,-113,1.884955752212389,0.5305164319248826,open,,,2026-09-09T18:23:06Z,,,,,v3-forward-measurement
5ff9aa5b-012b-4afa-91f2-cedb93b85f50,d946329b-4570-4392-817d-159d30864a0d,2026-09-09T18:23:06Z,FanDuel Sportsbook structured market feed,,VA,NFL,35607262,New England Patriots @ Seattle Seahawks,2026-09-10T00:15:00.000Z,FanDuel,751.184817447,receptions,Jadarian Price - Total Receptions,,Jadarian Price,101883640,over,1.5,124,2.24,0.44642857142857145,open,,,2026-09-09T18:23:06Z,,,,,v3-forward-measurement
5ff9aa5b-012b-4afa-91f2-cedb93b85f50,aabc4ef2-f576-402a-91df-9be436c521f5,2026-09-09T18:23:06Z,FanDuel Sportsbook structured market feed,,VA,NFL,35607262,New England Patriots @ Seattle Seahawks,2026-09-10T00:15:00.000Z,FanDuel,751.184817447,receptions,Jadarian Price - Total Receptions,,Jadarian Price,101883641,under,1.5,-166,1.602409638554217,0.6240601503759399,open,,,2026-09-09T18:23:06Z,,,,,v3-forward-measurement
5ff9aa5b-012b-4afa-91f2-cedb93b85f50,0ec3f289-2aad-42a9-9c08-0cd8665d408d,2026-09-09T18:23:06Z,FanDuel Sportsbook structured market feed,,VA,NFL,35607262,New England Patriots @ Seattle Seahawks,2026-09-10T00:15:00.000Z,FanDuel,751.181982234,receiving_yards,Romeo Doubs - Receiving Yds,,Romeo Doubs,42169650,over,35.5,-113,1.884955752212389,0.5305164319248826,open,,,2026-09-09T18:23:06Z,,,,,v3-forward-measurement
5ff9aa5b-012b-4afa-91f2-cedb93b85f50,df83bbed-3f45-451d-a040-8b730950613e,2026-09-09T18:23:06Z,FanDuel Sportsbook structured market feed,,VA,NFL,35607262,New England Patriots @ Seattle Seahawks,2026-09-10T00:15:00.000Z,FanDuel,751.181982234,receiving_yards,Romeo Doubs - Receiving Yds,,Romeo Doubs,42169657,under,35.5,-113,1.884955752212389,0.5305164319248826,open,,,2026-09-09T18:23:06Z,,,,,v3-forward-measurement
5ff9aa5b-012b-4afa-91f2-cedb93b85f50,c98b03a2-62c3-452d-bd91-6ef838a47ce8,2026-09-09T18:23:06Z,FanDuel Sportsbook structured market feed,,VA,NFL,35607262,New England Patriots @ Seattle Seahawks,2026-09-10T00:15:00.000Z,FanDuel,751.184817448,receiving_yards,Jadarian Price - Receiving Yds,,Jadarian Price,101883640,over,7.5,-113,1.884955752212389,0.5305164319248826,open,,,2026-09-09T18:23:06Z,,,,,v3-forward-measurement
5ff9aa5b-012b-4afa-91f2-cedb93b85f50,ac094f13-cf44-40d7-8886-667b97f0ef26,2026-09-09T18:23:06Z,FanDuel Sportsbook structured market feed,,VA,NFL,35607262,New England Patriots @ Seattle Seahawks,2026-09-10T00:15:00.000Z,FanDuel,751.184817448,receiving_yards,Jadarian Price - Receiving Yds,,Jadarian Price,101883641,under,7.5,-113,1.884955752212389,0.5305164319248826,open,,,2026-09-09T18:23:06Z,,,,,v3-forward-measurement
5ff9aa5b-012b-4afa-91f2-cedb93b85f50,920a6afa-623b-4361-a7fc-bd5b15755e2e,2026-09-09T18:23:06Z,FanDuel Sportsbook structured market feed,,VA,NFL,35607262,New England Patriots @ Seattle Seahawks,2026-09-10T00:15:00.000Z,FanDuel,751.181983001,receiving_yards,Rashid Shaheed - Receiving Yds,,Rashid Shaheed,49450855,over,31.5,-113,1.884955752212389,0.5305164319248826,open,,,2026-09-09T18:23:06Z,,,,,v3-forward-measurement
5ff9aa5b-012b-4afa-91f2-cedb93b85f50,06606b63-f943-4905-8b85-f146360aea53,2026-09-09T18:23:06Z,FanDuel Sportsbook structured market feed,,VA,NFL,35607262,New England Patriots @ Seattle Seahawks,2026-09-10T00:15:00.000Z,FanDuel,751.181983001,receiving_yards,Rashid Shaheed - Receiving Yds,,Rashid Shaheed,49450856,under,31.5,-113,1.884955752212389,0.5305164319248826,open,,,2026-09-09T18:23:06Z,,,,,v3-forward-measurement
5ff9aa5b-012b-4afa-91f2-cedb93b85f50,a8f583b0-1ce7-4011-a6f0-6e3336294ec4,2026-09-09T18:23:06Z,FanDuel Sportsbook structured market feed,,VA,NFL,35607262,New England Patriots @ Seattle Seahawks,2026-09-10T00:15:00.000Z,FanDuel,751.181982239,receptions,Romeo Doubs - Total Receptions,,Romeo Doubs,42169650,over,3.5,106,2.06,0.4854368932038835,open,,,2026-09-09T18:23:06Z,,,,,v3-forward-measurement
5ff9aa5b-012b-4afa-91f2-cedb93b85f50,00ff8b75-759f-4c81-b900-a332176763a4,2026-09-09T18:23:06Z,FanDuel Sportsbook structured market feed,,VA,NFL,35607262,New England Patriots @ Seattle Seahawks,2026-09-10T00:15:00.000Z,FanDuel,751.181982239,receptions,Romeo Doubs - Total Receptions,,Romeo Doubs,42169657,under,3.5,-140,1.714285714285714,0.5833333333333334,open,,,2026-09-09T18:23:06Z,,,,,v3-forward-measurement
5ff9aa5b-012b-4afa-91f2-cedb93b85f50,47477f3d-fba6-449b-9f2e-1e379b2cbad1,2026-09-09T18:23:06Z,FanDuel Sportsbook structured market feed,,VA,NFL,35607262,New England Patriots @ Seattle Seahawks,2026-09-10T00:15:00.000Z,FanDuel,751.185657149,receiving_yards,Elijah Arroyo - Receiving Yds,,Elijah Arroyo,88882623,over,7.5,-113,1.884955752212389,0.5305164319248826,open,,,2026-09-09T18:23:06Z,,,,,v3-forward-measurement
5ff9aa5b-012b-4afa-91f2-cedb93b85f50,fd73a6bd-b166-426a-b29a-7da13884e1c9,2026-09-09T18:23:06Z,FanDuel Sportsbook structured market feed,,VA,NFL,35607262,New England Patriots @ Seattle Seahawks,2026-09-10T00:15:00.000Z,FanDuel,751.185657149,receiving_yards,Elijah Arroyo - Receiving Yds,,Elijah Arroyo,88882645,under,7.5,-113,1.884955752212389,0.5305164319248826,open,,,2026-09-09T18:23:06Z,,,,,v3-forward-measurement
5ff9aa5b-012b-4afa-91f2-cedb93b85f50,c200db4f-2d26-446f-a0e9-5ab12c0c2a2c,2026-09-09T18:23:06Z,FanDuel Sportsbook structured market feed,,VA,NFL,35607262,New England Patriots @ Seattle Seahawks,2026-09-10T00:15:00.000Z,FanDuel,751.185116369,receiving_yards,George Holani - Receiving Yds,,George Holani,48141225,over,11.5,-113,1.884955752212389,0.5305164319248826,open,,,2026-09-09T18:23:06Z,,,,,v3-forward-measurement
5ff9aa5b-012b-4afa-91f2-cedb93b85f50,92f263c5-2186-44fd-b51e-cb8e6192dbd0,2026-09-09T18:23:06Z,FanDuel Sportsbook structured market feed,,VA,NFL,35607262,New England Patriots @ Seattle Seahawks,2026-09-10T00:15:00.000Z,FanDuel,751.185116369,receiving_yards,George Holani - Receiving Yds,,George Holani,48141223,under,11.5,-113,1.884955752212389,0.5305164319248826,open,,,2026-09-09T18:23:06Z,,,,,v3-forward-measurement
5ff9aa5b-012b-4afa-91f2-cedb93b85f50,9b61084f-b10b-4cbe-8123-187c57a6dff3,2026-09-09T18:23:06Z,FanDuel Sportsbook structured market feed,,VA,NFL,35607262,New England Patriots @ Seattle Seahawks,2026-09-10T00:15:00.000Z,FanDuel,751.181982007,receiving_yards,A.J. Brown - Receiving Yds,,A.J. Brown,40913464,over,64.5,-113,1.884955752212389,0.5305164319248826,open,,,2026-09-09T18:23:06Z,,,,,v3-forward-measurement
5ff9aa5b-012b-4afa-91f2-cedb93b85f50,b0316a2a-7159-4121-b491-7b8c7bb8b0cd,2026-09-09T18:23:06Z,FanDuel Sportsbook structured market feed,,VA,NFL,35607262,New England Patriots @ Seattle Seahawks,2026-09-10T00:15:00.000Z,FanDuel,751.181982007,receiving_yards,A.J. Brown - Receiving Yds,,A.J. Brown,40913463,under,64.5,-113,1.884955752212389,0.5305164319248826,open,,,2026-09-09T18:23:06Z,,,,,v3-forward-measurement
5ff9aa5b-012b-4afa-91f2-cedb93b85f50,bb66336a-a737-48f0-a54e-7b3a882d8cd5,2026-09-09T18:23:06Z,FanDuel Sportsbook structured market feed,,VA,NFL,35607262,New England Patriots @ Seattle Seahawks,2026-09-10T00:15:00.000Z,FanDuel,751.181982844,receptions,Cooper Kupp - Total Receptions,,Cooper Kupp,14944768,over,2.5,-132,1.757575757575758,0.5689655172413793,open,,,2026-09-09T18:23:06Z,,,,,v3-forward-measurement
5ff9aa5b-012b-4afa-91f2-cedb93b85f50,4cbe4592-ae71-40eb-9042-3d517720e2d7,2026-09-09T18:23:06Z,FanDuel Sportsbook structured market feed,,VA,NFL,35607262,New England Patriots @ Seattle Seahawks,2026-09-10T00:15:00.000Z,FanDuel,751.181982844,receptions,Cooper Kupp - Total Receptions,,Cooper Kupp,14944769,under,2.5,100,2,0.5,open,,,2026-09-09T18:23:06Z,,,,,v3-forward-measurement
5ff9aa5b-012b-4afa-91f2-cedb93b85f50,4833fb85-a25b-4e9f-b10a-e04ba7419174,2026-09-09T18:23:06Z,FanDuel Sportsbook structured market feed,,VA,NFL,35607262,New England Patriots @ Seattle Seahawks,2026-09-10T00:15:00.000Z,FanDuel,751.181982849,receiving_yards,Cooper Kupp - Receiving Yds,,Cooper Kupp,14944768,over,29.5,-113,1.884955752212389,0.5305164319248826,open,,,2026-09-09T18:23:06Z,,,,,v3-forward-measurement
5ff9aa5b-012b-4afa-91f2-cedb93b85f50,224f43b0-655a-456c-9e98-ad4aecd3b777,2026-09-09T18:23:06Z,FanDuel Sportsbook structured market feed,,VA,NFL,35607262,New England Patriots @ Seattle Seahawks,2026-09-10T00:15:00.000Z,FanDuel,751.181982849,receiving_yards,Cooper Kupp - Receiving Yds,,Cooper Kupp,14944769,under,29.5,-113,1.884955752212389,0.5305164319248826,open,,,2026-09-09T18:23:06Z,,,,,v3-forward-measurement
775f479e-edf4-4083-8b49-c26bac40a4af,e92db62c-92d6-44e9-86a8-a2b36a4d4255,2026-09-09T18:23:06Z,FanDuel Sportsbook structured market feed,,VA,NFL,35607426,Chicago Bears @ Carolina Panthers,2026-09-13T17:01:00.000Z,FanDuel,751.183908485,passing_touchdowns,Bryce Young - Passing TDs,,Bryce Young,41172024,over,1.5,112,2.12,0.4716981132075472,open,,,2026-09-09T18:23:06Z,,,,,v3-forward-measurement
775f479e-edf4-4083-8b49-c26bac40a4af,4654bad3-aa3a-46a7-b90b-635ac4066803,2026-09-09T18:23:06Z,FanDuel Sportsbook structured market feed,,VA,NFL,35607426,Chicago Bears @ Carolina Panthers,2026-09-13T17:01:00.000Z,FanDuel,751.183908485,passing_touchdowns,Bryce Young - Passing TDs,,Bryce Young,41172023,under,1.5,-148,1.675675675675676,0.5967741935483871,open,,,2026-09-09T18:23:06Z,,,,,v3-forward-measurement
775f479e-edf4-4083-8b49-c26bac40a4af,9d47e6a7-0d44-4718-857f-7431342507f2,2026-09-09T18:23:06Z,FanDuel Sportsbook structured market feed,,VA,NFL,35607426,Chicago Bears @ Carolina Panthers,2026-09-13T17:01:00.000Z,FanDuel,751.183908396,passing_yards,Bryce Young - Passing Yds,,Bryce Young,41172024,over,208.5,-114,1.87719298245614,0.5327102803738317,open,,,2026-09-09T18:23:06Z,,,,,v3-forward-measurement
775f479e-edf4-4083-8b49-c26bac40a4af,929f847c-38ce-4cd1-bf25-8cf14bcb9b7c,2026-09-09T18:23:06Z,FanDuel Sportsbook structured market feed,,VA,NFL,35607426,Chicago Bears @ Carolina Panthers,2026-09-13T17:01:00.000Z,FanDuel,751.183908396,passing_yards,Bryce Young - Passing Yds,,Bryce Young,41172023,under,208.5,-114,1.87719298245614,0.5327102803738317,open,,,2026-09-09T18:23:06Z,,,,,v3-forward-measurement
775f479e-edf4-4083-8b49-c26bac40a4af,789dd4f1-100e-4b6c-ba5d-1ed39d18ac1d,2026-09-09T18:23:06Z,FanDuel Sportsbook structured market feed,,VA,NFL,35607426,Chicago Bears @ Carolina Panthers,2026-09-13T17:01:00.000Z,FanDuel,751.183908512,passing_yards,Caleb Williams - Passing Yds,,Caleb Williams,41519457,over,226.5,-114,1.87719298245614,0.5327102803738317,open,,,2026-09-09T18:23:06Z,,,,,v3-forward-measurement
775f479e-edf4-4083-8b49-c26bac40a4af,e5ee3ffb-8d38-4fc0-b19d-8f9d56dcef64,2026-09-09T18:23:06Z,FanDuel Sportsbook structured market feed,,VA,NFL,35607426,Chicago Bears @ Carolina Panthers,2026-09-13T17:01:00.000Z,FanDuel,751.183908512,passing_yards,Caleb Williams - Passing Yds,,Caleb Williams,41519458,under,226.5,-114,1.87719298245614,0.5327102803738317,open,,,2026-09-09T18:23:06Z,,,,,v3-forward-measurement
775f479e-edf4-4083-8b49-c26bac40a4af,a47bd77d-b3cd-4d72-9ebf-8b7a36bb2146,2026-09-09T18:23:06Z,FanDuel Sportsbook structured market feed,,VA,NFL,35607426,Chicago Bears @ Carolina Panthers,2026-09-13T17:01:00.000Z,FanDuel,751.183908472,passing_touchdowns,Caleb Williams - Passing TDs,,Caleb Williams,41519457,over,1.5,-106,1.943396226415094,0.5145631067961165,open,,,2026-09-09T18:23:06Z,,,,,v3-forward-measurement
775f479e-edf4-4083-8b49-c26bac40a4af,d28e0c7c-59b0-4b1a-9407-d8b8433acfdd,2026-09-09T18:23:06Z,FanDuel Sportsbook structured market feed,,VA,NFL,35607426,Chicago Bears @ Carolina Panthers,2026-09-13T17:01:00.000Z,FanDuel,751.183908472,passing_touchdowns,Caleb Williams - Passing TDs,,Caleb Williams,41519458,under,1.5,-125,1.8,0.5555555555555556,open,,,2026-09-09T18:23:06Z,,,,,v3-forward-measurement
4cd3c8c0-e93a-4297-ad63-5a8cedb274e3,c2317219-656a-4bdb-b9d6-cab3108299e1,2026-09-09T18:23:06Z,FanDuel Sportsbook structured market feed,,VA,NFL,35607426,Chicago Bears @ Carolina Panthers,2026-09-13T17:01:00.000Z,FanDuel,751.183913513,rushing_yards,Bryce Young - Rushing Yds,,Bryce Young,41172024,over,13.5,-114,1.87719298245614,0.5327102803738317,open,,,2026-09-09T18:23:06Z,,,,,v3-forward-measurement
4cd3c8c0-e93a-4297-ad63-5a8cedb274e3,b36d6664-709b-4826-bd13-f9219e28d6ac,2026-09-09T18:23:06Z,FanDuel Sportsbook structured market feed,,VA,NFL,35607426,Chicago Bears @ Carolina Panthers,2026-09-13T17:01:00.000Z,FanDuel,751.183913513,rushing_yards,Bryce Young - Rushing Yds,,Bryce Young,41172023,under,13.5,-114,1.87719298245614,0.5327102803738317,open,,,2026-09-09T18:23:06Z,,,,,v3-forward-measurement
4cd3c8c0-e93a-4297-ad63-5a8cedb274e3,68264b3c-e526-43dc-940e-3525fb0fcd7f,2026-09-09T18:23:06Z,FanDuel Sportsbook structured market feed,,VA,NFL,35607426,Chicago Bears @ Carolina Panthers,2026-09-13T17:01:00.000Z,FanDuel,751.183913516,rushing_yards,Caleb Williams - Rushing Yds,,Caleb Williams,41519457,over,19.5,-114,1.87719298245614,0.5327102803738317,open,,,2026-09-09T18:23:06Z,,,,,v3-forward-measurement
4cd3c8c0-e93a-4297-ad63-5a8cedb274e3,2c3af192-96c3-4cc3-a9fe-22c99fc56af5,2026-09-09T18:23:06Z,FanDuel Sportsbook structured market feed,,VA,NFL,35607426,Chicago Bears @ Carolina Panthers,2026-09-13T17:01:00.000Z,FanDuel,751.183913516,rushing_yards,Caleb Williams - Rushing Yds,,Caleb Williams,41519458,under,19.5,-114,1.87719298245614,0.5327102803738317,open,,,2026-09-09T18:23:06Z,,,,,v3-forward-measurement
d30924d2-62ba-402d-a84c-60f9a690d424,ad277fc8-0631-46d6-b33c-3d8dc2878803,2026-09-09T18:23:06Z,FanDuel Sportsbook structured market feed,,VA,NFL,35607426,Chicago Bears @ Carolina Panthers,2026-09-13T17:01:00.000Z,FanDuel,751.184982586,receptions,Xavier Legette - Total Receptions,,Xavier Legette,59996927,over,1.5,-225,1.444444444444444,0.6923076923076923,open,,,2026-09-09T18:23:06Z,,,,,v3-forward-measurement
d30924d2-62ba-402d-a84c-60f9a690d424,623871af-a6be-41ec-a7a8-22daeb63d6ea,2026-09-09T18:23:06Z,FanDuel Sportsbook structured market feed,,VA,NFL,35607426,Chicago Bears @ Carolina Panthers,2026-09-13T17:01:00.000Z,FanDuel,751.184982586,receptions,Xavier Legette - Total Receptions,,Xavier Legette,59996922,under,1.5,164,2.64,0.3787878787878788,open,,,2026-09-09T18:23:06Z,,,,,v3-forward-measurement
d30924d2-62ba-402d-a84c-60f9a690d424,b0d61643-9028-47b9-bf38-dca85606f52f,2026-09-09T18:23:06Z,FanDuel Sportsbook structured market feed,,VA,NFL,35607426,Chicago Bears @ Carolina Panthers,2026-09-13T17:01:00.000Z,FanDuel,751.183908446,receiving_yards,Tetairoa McMillan - Receiving Yds,,Tetairoa McMillan,50551859,over,58.5,-114,1.87719298245614,0.5327102803738317,open,,,2026-09-09T18:23:06Z,,,,,v3-forward-measurement
d30924d2-62ba-402d-a84c-60f9a690d424,05cfd2a1-18b4-4066-ba3b-0ca164eca896,2026-09-09T18:23:06Z,FanDuel Sportsbook structured market feed,,VA,NFL,35607426,Chicago Bears @ Carolina Panthers,2026-09-13T17:01:00.000Z,FanDuel,751.183908446,receiving_yards,Tetairoa McMillan - Receiving Yds,,Tetairoa McMillan,50551858,under,58.5,-114,1.87719298245614,0.5327102803738317,open,,,2026-09-09T18:23:06Z,,,,,v3-forward-measurement
d30924d2-62ba-402d-a84c-60f9a690d424,105e1cbb-9cb8-4dab-bbff-52f9c90691ac,2026-09-09T18:23:06Z,FanDuel Sportsbook structured market feed,,VA,NFL,35607426,Chicago Bears @ Carolina Panthers,2026-09-13T17:01:00.000Z,FanDuel,751.183908449,receptions,Luther Burden III - Total Receptions,,Luther Burden III,48308845,over,4.5,-138,1.72463768115942,0.5798319327731093,open,,,2026-09-09T18:23:06Z,,,,,v3-forward-measurement
d30924d2-62ba-402d-a84c-60f9a690d424,5933ff3c-0d73-46b5-a5b1-04c89f3b3df8,2026-09-09T18:23:06Z,FanDuel Sportsbook structured market feed,,VA,NFL,35607426,Chicago Bears @ Carolina Panthers,2026-09-13T17:01:00.000Z,FanDuel,751.183908449,receptions,Luther Burden III - Total Receptions,,Luther Burden III,48308850,under,4.5,104,2.04,0.49019607843137253,open,,,2026-09-09T18:23:06Z,,,,,v3-forward-measurement
d30924d2-62ba-402d-a84c-60f9a690d424,7617bafc-ffc7-4ab3-b5dd-7e2cada8cd07,2026-09-09T18:23:06Z,FanDuel Sportsbook structured market feed,,VA,NFL,35607426,Chicago Bears @ Carolina Panthers,2026-09-13T17:01:00.000Z,FanDuel,751.183908427,receptions,Tetairoa McMillan - Total Receptions,,Tetairoa McMillan,50551859,over,4.5,-114,1.87719298245614,0.5327102803738317,open,,,2026-09-09T18:23:06Z,,,,,v3-forward-measurement
d30924d2-62ba-402d-a84c-60f9a690d424,a1d0f072-f308-4073-b5fb-5b8f9a534d21,2026-09-09T18:23:06Z,FanDuel Sportsbook structured market feed,,VA,NFL,35607426,Chicago Bears @ Carolina Panthers,2026-09-13T17:01:00.000Z,FanDuel,751.183908427,receptions,Tetairoa McMillan - Total Receptions,,Tetairoa McMillan,50551858,under,4.5,-114,1.87719298245614,0.5327102803738317,open,,,2026-09-09T18:23:06Z,,,,,v3-forward-measurement
d30924d2-62ba-402d-a84c-60f9a690d424,9e0f9bd4-e129-4e09-a0ca-ce0f2be5f17f,2026-09-09T18:23:06Z,FanDuel Sportsbook structured market feed,,VA,NFL,35607426,Chicago Bears @ Carolina Panthers,2026-09-13T17:01:00.000Z,FanDuel,751.183908429,receiving_yards,Rome Odunze - Receiving Yds,,Rome Odunze,41522673,over,43.5,-114,1.87719298245614,0.5327102803738317,open,,,2026-09-09T18:23:06Z,,,,,v3-forward-measurement
d30924d2-62ba-402d-a84c-60f9a690d424,a5154600-3b95-465e-b782-41879a5fae8b,2026-09-09T18:23:06Z,FanDuel Sportsbook structured market feed,,VA,NFL,35607426,Chicago Bears @ Carolina Panthers,2026-09-13T17:01:00.000Z,FanDuel,751.183908429,receiving_yards,Rome Odunze - Receiving Yds,,Rome Odunze,41522672,under,43.5,-114,1.87719298245614,0.5327102803738317,open,,,2026-09-09T18:23:06Z,,,,,v3-forward-measurement
d30924d2-62ba-402d-a84c-60f9a690d424,c718692f-69d9-4ef7-85d7-0de9806191ca,2026-09-09T18:23:06Z,FanDuel Sportsbook structured market feed,,VA,NFL,35607426,Chicago Bears @ Carolina Panthers,2026-09-13T17:01:00.000Z,FanDuel,751.183908505,receptions,Rome Odunze - Total Receptions,,Rome Odunze,41522673,over,3.5,106,2.06,0.4854368932038835,open,,,2026-09-09T18:23:06Z,,,,,v3-forward-measurement
d30924d2-62ba-402d-a84c-60f9a690d424,b202433d-e07e-4591-83a9-7af37738baac,2026-09-09T18:23:06Z,FanDuel Sportsbook structured market feed,,VA,NFL,35607426,Chicago Bears @ Carolina Panthers,2026-09-13T17:01:00.000Z,FanDuel,751.183908505,receptions,Rome Odunze - Total Receptions,,Rome Odunze,41522672,under,3.5,-140,1.714285714285714,0.5833333333333334,open,,,2026-09-09T18:23:06Z,,,,,v3-forward-measurement
d30924d2-62ba-402d-a84c-60f9a690d424,7e50ffb9-f97a-4155-8e20-036e9519901d,2026-09-09T18:23:06Z,FanDuel Sportsbook structured market feed,,VA,NFL,35607426,Chicago Bears @ Carolina Panthers,2026-09-13T17:01:00.000Z,FanDuel,751.183908508,receiving_yards,Luther Burden III - Receiving Yds,,Luther Burden III,48308845,over,56.5,-114,1.87719298245614,0.5327102803738317,open,,,2026-09-09T18:23:06Z,,,,,v3-forward-measurement
d30924d2-62ba-402d-a84c-60f9a690d424,b951d5b9-0098-4882-ba2e-1df77e586b26,2026-09-09T18:23:06Z,FanDuel Sportsbook structured market feed,,VA,NFL,35607426,Chicago Bears @ Carolina Panthers,2026-09-13T17:01:00.000Z,FanDuel,751.183908508,receiving_yards,Luther Burden III - Receiving Yds,,Luther Burden III,48308850,under,56.5,-114,1.87719298245614,0.5327102803738317,open,,,2026-09-09T18:23:06Z,,,,,v3-forward-measurement
d30924d2-62ba-402d-a84c-60f9a690d424,11bfaaf9-eb0b-4ae6-bd14-3aab6c91f5e3,2026-09-09T18:23:06Z,FanDuel Sportsbook structured market feed,,VA,NFL,35607426,Chicago Bears @ Carolina Panthers,2026-09-13T17:01:00.000Z,FanDuel,751.183908529,receiving_yards,Colston Loveland - Receiving Yds,,Colston Loveland,60018716,over,50.5,-114,1.87719298245614,0.5327102803738317,open,,,2026-09-09T18:23:06Z,,,,,v3-forward-measurement
d30924d2-62ba-402d-a84c-60f9a690d424,4dc5b6eb-293a-4d2c-a770-3a734449d0f8,2026-09-09T18:23:06Z,FanDuel Sportsbook structured market feed,,VA,NFL,35607426,Chicago Bears @ Carolina Panthers,2026-09-13T17:01:00.000Z,FanDuel,751.183908529,receiving_yards,Colston Loveland - Receiving Yds,,Colston Loveland,60018717,under,50.5,-114,1.87719298245614,0.5327102803738317,open,,,2026-09-09T18:23:06Z,,,,,v3-forward-measurement
d30924d2-62ba-402d-a84c-60f9a690d424,226c2ea2-25ed-4767-8ba1-d48d7beebc7e,2026-09-09T18:23:06Z,FanDuel Sportsbook structured market feed,,VA,NFL,35607426,Chicago Bears @ Carolina Panthers,2026-09-13T17:01:00.000Z,FanDuel,751.185487119,receiving_yards,Tommy Tremble - Receiving Yds,,Tommy Tremble,40913696,over,15.5,-114,1.87719298245614,0.5327102803738317,open,,,2026-09-09T18:23:06Z,,,,,v3-forward-measurement
d30924d2-62ba-402d-a84c-60f9a690d424,5fc5c1bf-8081-4824-b7d9-302d3ac0ce3a,2026-09-09T18:23:06Z,FanDuel Sportsbook structured market feed,,VA,NFL,35607426,Chicago Bears @ Carolina Panthers,2026-09-13T17:01:00.000Z,FanDuel,751.185487119,receiving_yards,Tommy Tremble - Receiving Yds,,Tommy Tremble,40913699,under,15.5,-114,1.87719298245614,0.5327102803738317,open,,,2026-09-09T18:23:06Z,,,,,v3-forward-measurement
d30924d2-62ba-402d-a84c-60f9a690d424,86492c06-d3c9-4fa0-9a12-049be57ac8a0,2026-09-09T18:23:06Z,FanDuel Sportsbook structured market feed,,VA,NFL,35607426,Chicago Bears @ Carolina Panthers,2026-09-13T17:01:00.000Z,FanDuel,751.184982580,receiving_yards,Xavier Legette - Receiving Yds,,Xavier Legette,59996927,over,18.5,-114,1.87719298245614,0.5327102803738317,open,,,2026-09-09T18:23:06Z,,,,,v3-forward-measurement
d30924d2-62ba-402d-a84c-60f9a690d424,cedfe926-cacb-426d-96a1-8b54ff70e78f,2026-09-09T18:23:06Z,FanDuel Sportsbook structured market feed,,VA,NFL,35607426,Chicago Bears @ Carolina Panthers,2026-09-13T17:01:00.000Z,FanDuel,751.184982580,receiving_yards,Xavier Legette - Receiving Yds,,Xavier Legette,59996922,under,18.5,-114,1.87719298245614,0.5327102803738317,open,,,2026-09-09T18:23:06Z,,,,,v3-forward-measurement
d30924d2-62ba-402d-a84c-60f9a690d424,d8808425-785e-447d-a2c0-a5875f32eac3,2026-09-09T18:23:06Z,FanDuel Sportsbook structured market feed,,VA,NFL,35607426,Chicago Bears @ Carolina Panthers,2026-09-13T17:01:00.000Z,FanDuel,751.184547997,receiving_yards,Cole Kmet - Receiving Yds,,Cole Kmet,37493030,over,14.5,-114,1.87719298245614,0.5327102803738317,open,,,2026-09-09T18:23:06Z,,,,,v3-forward-measurement
d30924d2-62ba-402d-a84c-60f9a690d424,06f58620-d2e5-419b-886f-faf3bb0c5241,2026-09-09T18:23:06Z,FanDuel Sportsbook structured market feed,,VA,NFL,35607426,Chicago Bears @ Carolina Panthers,2026-09-13T17:01:00.000Z,FanDuel,751.184547997,receiving_yards,Cole Kmet - Receiving Yds,,Cole Kmet,37493029,under,14.5,-114,1.87719298245614,0.5327102803738317,open,,,2026-09-09T18:23:06Z,,,,,v3-forward-measurement
d30924d2-62ba-402d-a84c-60f9a690d424,be27bbff-2592-4c13-9cc5-857f7fd14e30,2026-09-09T18:23:06Z,FanDuel Sportsbook structured market feed,,VA,NFL,35607426,Chicago Bears @ Carolina Panthers,2026-09-13T17:01:00.000Z,FanDuel,751.184547999,receptions,Cole Kmet - Total Receptions,,Cole Kmet,37493030,over,1.5,-138,1.72463768115942,0.5798319327731093,open,,,2026-09-09T18:23:06Z,,,,,v3-forward-measurement
d30924d2-62ba-402d-a84c-60f9a690d424,e764aada-09cb-4f46-bcb2-ee0e6abacc29,2026-09-09T18:23:06Z,FanDuel Sportsbook structured market feed,,VA,NFL,35607426,Chicago Bears @ Carolina Panthers,2026-09-13T17:01:00.000Z,FanDuel,751.184547999,receptions,Cole Kmet - Total Receptions,,Cole Kmet,37493029,under,1.5,104,2.04,0.49019607843137253,open,,,2026-09-09T18:23:06Z,,,,,v3-forward-measurement
d30924d2-62ba-402d-a84c-60f9a690d424,3aeaa1de-e071-4db6-adfb-47dd844194d9,2026-09-09T18:23:06Z,FanDuel Sportsbook structured market feed,,VA,NFL,35607426,Chicago Bears @ Carolina Panthers,2026-09-13T17:01:00.000Z,FanDuel,751.183908457,receptions,Colston Loveland - Total Receptions,,Colston Loveland,60018716,over,4.5,-114,1.87719298245614,0.5327102803738317,open,,,2026-09-09T18:23:06Z,,,,,v3-forward-measurement
d30924d2-62ba-402d-a84c-60f9a690d424,d1ab7287-1ccc-4109-86a7-f61a7f4f6dfe,2026-09-09T18:23:06Z,FanDuel Sportsbook structured market feed,,VA,NFL,35607426,Chicago Bears @ Carolina Panthers,2026-09-13T17:01:00.000Z,FanDuel,751.183908457,receptions,Colston Loveland - Total Receptions,,Colston Loveland,60018717,under,4.5,-114,1.87719298245614,0.5327102803738317,open,,,2026-09-09T18:23:06Z,,,,,v3-forward-measurement
d30924d2-62ba-402d-a84c-60f9a690d424,b4c6e13a-959a-46fb-be02-e3a074450215,2026-09-09T18:23:06Z,FanDuel Sportsbook structured market feed,,VA,NFL,35607426,Chicago Bears @ Carolina Panthers,2026-09-13T17:01:00.000Z,FanDuel,751.185487129,receptions,Tommy Tremble - Total Receptions,,Tommy Tremble,40913696,over,1.5,-162,1.617283950617284,0.6183206106870229,open,,,2026-09-09T18:23:06Z,,,,,v3-forward-measurement
d30924d2-62ba-402d-a84c-60f9a690d424,c7d8501b-07f4-40d7-b1bf-e37418e78edc,2026-09-09T18:23:06Z,FanDuel Sportsbook structured market feed,,VA,NFL,35607426,Chicago Bears @ Carolina Panthers,2026-09-13T17:01:00.000Z,FanDuel,751.185487129,receptions,Tommy Tremble - Total Receptions,,Tommy Tremble,40913699,under,1.5,122,2.22,0.45045045045045046,open,,,2026-09-09T18:23:06Z,,,,,v3-forward-measurement
d30924d2-62ba-402d-a84c-60f9a690d424,8464973f-66fd-4c6e-9769-31c3b23954de,2026-09-09T18:23:06Z,FanDuel Sportsbook structured market feed,,VA,NFL,35607426,Chicago Bears @ Carolina Panthers,2026-09-13T17:01:00.000Z,FanDuel,751.184547205,receiving_yards,Jalen Coker - Receiving Yds,,Jalen Coker,74451302,over,39.5,-114,1.87719298245614,0.5327102803738317,open,,,2026-09-09T18:23:06Z,,,,,v3-forward-measurement
d30924d2-62ba-402d-a84c-60f9a690d424,b2f9114b-3aef-4ac9-9f11-cf4daff3db58,2026-09-09T18:23:06Z,FanDuel Sportsbook structured market feed,,VA,NFL,35607426,Chicago Bears @ Carolina Panthers,2026-09-13T17:01:00.000Z,FanDuel,751.184547205,receiving_yards,Jalen Coker - Receiving Yds,,Jalen Coker,74451301,under,39.5,-114,1.87719298245614,0.5327102803738317,open,,,2026-09-09T18:23:06Z,,,,,v3-forward-measurement
d30924d2-62ba-402d-a84c-60f9a690d424,56e95335-272c-418a-8a82-efd94ecc2588,2026-09-09T18:23:06Z,FanDuel Sportsbook structured market feed,,VA,NFL,35607426,Chicago Bears @ Carolina Panthers,2026-09-13T17:01:00.000Z,FanDuel,751.184547206,receptions,Jalen Coker - Total Receptions,,Jalen Coker,74451302,over,3.5,-128,1.78125,0.5614035087719298,open,,,2026-09-09T18:23:06Z,,,,,v3-forward-measurement
d30924d2-62ba-402d-a84c-60f9a690d424,976ca0d8-359c-4e66-919a-98547502ff22,2026-09-09T18:23:06Z,FanDuel Sportsbook structured market feed,,VA,NFL,35607426,Chicago Bears @ Carolina Panthers,2026-09-13T17:01:00.000Z,FanDuel,751.184547206,receptions,Jalen Coker - Total Receptions,,Jalen Coker,74451301,under,3.5,-104,1.961538461538462,0.5098039215686274,open,,,2026-09-09T18:23:06Z,,,,,v3-forward-measurement
88ec4af4-1c87-43cb-b027-b537749ae90a,117fcea7-5b74-4a22-a9fc-45eceac40df7,2026-09-09T18:23:06Z,FanDuel Sportsbook structured market feed,,VA,NFL,35609018,Miami Dolphins @ Las Vegas Raiders,2026-09-13T20:26:00.000Z,FanDuel,751.184001832,passing_yards,Kirk Cousins - Passing Yds,,Kirk Cousins,11889829,over,215.5,-114,1.87719298245614,0.5327102803738317,open,,,2026-09-09T18:23:06Z,,,,,v3-forward-measurement
88ec4af4-1c87-43cb-b027-b537749ae90a,354f3813-fad0-4909-9ef6-709bb4d8d54a,2026-09-09T18:23:06Z,FanDuel Sportsbook structured market feed,,VA,NFL,35609018,Miami Dolphins @ Las Vegas Raiders,2026-09-13T20:26:00.000Z,FanDuel,751.184001832,passing_yards,Kirk Cousins - Passing Yds,,Kirk Cousins,11889830,under,215.5,-114,1.87719298245614,0.5327102803738317,open,,,2026-09-09T18:23:06Z,,,,,v3-forward-measurement
88ec4af4-1c87-43cb-b027-b537749ae90a,e8f61dc2-8b42-4ebf-bb55-1c6a77fc5c00,2026-09-09T18:23:06Z,FanDuel Sportsbook structured market feed,,VA,NFL,35609018,Miami Dolphins @ Las Vegas Raiders,2026-09-13T20:26:00.000Z,FanDuel,751.184001788,passing_touchdowns,Malik Willis - Passing TDs,,Malik Willis,41071999,over,0.5,-230,1.434782608695652,0.696969696969697,open,,,2026-09-09T18:23:06Z,,,,,v3-forward-measurement
88ec4af4-1c87-43cb-b027-b537749ae90a,4235c307-8bc7-4ab5-bc86-6dc12614d5c8,2026-09-09T18:23:06Z,FanDuel Sportsbook structured market feed,,VA,NFL,35609018,Miami Dolphins @ Las Vegas Raiders,2026-09-13T20:26:00.000Z,FanDuel,751.184001788,passing_touchdowns,Malik Willis - Passing TDs,,Malik Willis,41072001,under,0.5,168,2.68,0.373134328358209,open,,,2026-09-09T18:23:06Z,,,,,v3-forward-measurement
88ec4af4-1c87-43cb-b027-b537749ae90a,a923290a-69ce-4700-9a0d-8134e119d031,2026-09-09T18:23:06Z,FanDuel Sportsbook structured market feed,,VA,NFL,35609018,Miami Dolphins @ Las Vegas Raiders,2026-09-13T20:26:00.000Z,FanDuel,751.184001812,passing_yards,Malik Willis - Passing Yds,,Malik Willis,41071999,over,184.5,-114,1.87719298245614,0.5327102803738317,open,,,2026-09-09T18:23:06Z,,,,,v3-forward-measurement
88ec4af4-1c87-43cb-b027-b537749ae90a,d861e4d9-99bd-423a-85dc-732eb80ce4a8,2026-09-09T18:23:06Z,FanDuel Sportsbook structured market feed,,VA,NFL,35609018,Miami Dolphins @ Las Vegas Raiders,2026-09-13T20:26:00.000Z,FanDuel,751.184001812,passing_yards,Malik Willis - Passing Yds,,Malik Willis,41072001,under,184.5,-114,1.87719298245614,0.5327102803738317,open,,,2026-09-09T18:23:06Z,,,,,v3-forward-measurement
88ec4af4-1c87-43cb-b027-b537749ae90a,670cca4c-f9cb-4ee3-86f9-66af9caa4ec8,2026-09-09T18:23:06Z,FanDuel Sportsbook structured market feed,,VA,NFL,35609018,Miami Dolphins @ Las Vegas Raiders,2026-09-13T20:26:00.000Z,FanDuel,751.184001798,passing_touchdowns,Kirk Cousins - Passing TDs,,Kirk Cousins,11889829,over,1.5,116,2.16,0.46296296296296297,open,,,2026-09-09T18:23:06Z,,,,,v3-forward-measurement
88ec4af4-1c87-43cb-b027-b537749ae90a,07e52d25-eb99-4d0f-a49d-2ac7e1678f24,2026-09-09T18:23:06Z,FanDuel Sportsbook structured market feed,,VA,NFL,35609018,Miami Dolphins @ Las Vegas Raiders,2026-09-13T20:26:00.000Z,FanDuel,751.184001798,passing_touchdowns,Kirk Cousins - Passing TDs,,Kirk Cousins,11889830,under,1.5,-152,1.657894736842105,0.6031746031746031,open,,,2026-09-09T18:23:06Z,,,,,v3-forward-measurement
1c196ee6-6344-4e6c-ad28-734c4ac51660,32462faf-5441-4d0d-bc60-95253efe7890,2026-09-09T18:23:06Z,FanDuel Sportsbook structured market feed,,VA,NFL,35609018,Miami Dolphins @ Las Vegas Raiders,2026-09-13T20:26:00.000Z,FanDuel,751.185136427,rushing_yards,Malik Willis - Rushing Yds,,Malik Willis,41071999,over,38.5,-114,1.87719298245614,0.5327102803738317,open,,,2026-09-09T18:23:06Z,,,,,v3-forward-measurement
1c196ee6-6344-4e6c-ad28-734c4ac51660,61e3da73-98dc-4f41-93d7-5b779d5876cc,2026-09-09T18:23:06Z,FanDuel Sportsbook structured market feed,,VA,NFL,35609018,Miami Dolphins @ Las Vegas Raiders,2026-09-13T20:26:00.000Z,FanDuel,751.185136427,rushing_yards,Malik Willis - Rushing Yds,,Malik Willis,41072001,under,38.5,-114,1.87719298245614,0.5327102803738317,open,,,2026-09-09T18:23:06Z,,,,,v3-forward-measurement
1c196ee6-6344-4e6c-ad28-734c4ac51660,6cfc1722-91c3-4f31-8681-a8abdbf1f940,2026-09-09T18:23:06Z,FanDuel Sportsbook structured market feed,,VA,NFL,35609018,Miami Dolphins @ Las Vegas Raiders,2026-09-13T20:26:00.000Z,FanDuel,751.185254634,rushing_yards,Kirk Cousins - Rushing Yds,,Kirk Cousins,11889829,over,0.5,120,2.2,0.45454545454545453,open,,,2026-09-09T18:23:06Z,,,,,v3-forward-measurement
1c196ee6-6344-4e6c-ad28-734c4ac51660,93b5954d-f7b8-4562-ac18-36a88cb242f2,2026-09-09T18:23:06Z,FanDuel Sportsbook structured market feed,,VA,NFL,35609018,Miami Dolphins @ Las Vegas Raiders,2026-09-13T20:26:00.000Z,FanDuel,751.185254634,rushing_yards,Kirk Cousins - Rushing Yds,,Kirk Cousins,11889830,under,0.5,-156,1.641025641025641,0.609375,open,,,2026-09-09T18:23:06Z,,,,,v3-forward-measurement
1c196ee6-6344-4e6c-ad28-734c4ac51660,c8d29ca2-31ea-4d6a-8323-8a387463a362,2026-09-09T18:23:06Z,FanDuel Sportsbook structured market feed,,VA,NFL,35609018,Miami Dolphins @ Las Vegas Raiders,2026-09-13T20:26:00.000Z,FanDuel,751.184002435,rushing_yards,De'Von Achane - Rushing Yds,,De'Von Achane,61166678,over,66.5,-114,1.87719298245614,0.5327102803738317,open,,,2026-09-09T18:23:06Z,,,,,v3-forward-measurement
1c196ee6-6344-4e6c-ad28-734c4ac51660,9238d2d5-cfa6-403d-bdd2-529b1cb69184,2026-09-09T18:23:06Z,FanDuel Sportsbook structured market feed,,VA,NFL,35609018,Miami Dolphins @ Las Vegas Raiders,2026-09-13T20:26:00.000Z,FanDuel,751.184002435,rushing_yards,De'Von Achane - Rushing Yds,,De'Von Achane,61166679,under,66.5,-114,1.87719298245614,0.5327102803738317,open,,,2026-09-09T18:23:06Z,,,,,v3-forward-measurement
b2b3a091-1f33-45f3-a6de-ac515066e8b9,6b3953f1-deb3-4e4b-909d-a2becd46a7e8,2026-09-09T18:23:06Z,FanDuel Sportsbook structured market feed,,VA,NFL,35609018,Miami Dolphins @ Las Vegas Raiders,2026-09-13T20:26:00.000Z,FanDuel,751.185447438,receiving_yards,Jack Bech - Receiving Yds,,Jack Bech,41330988,over,15.5,-114,1.87719298245614,0.5327102803738317,open,,,2026-09-09T18:23:06Z,,,,,v3-forward-measurement
b2b3a091-1f33-45f3-a6de-ac515066e8b9,bddc7625-68e1-4ca8-882a-99ca47f4470d,2026-09-09T18:23:06Z,FanDuel Sportsbook structured market feed,,VA,NFL,35609018,Miami Dolphins @ Las Vegas Raiders,2026-09-13T20:26:00.000Z,FanDuel,751.185447438,receiving_yards,Jack Bech - Receiving Yds,,Jack Bech,41330987,under,15.5,-114,1.87719298245614,0.5327102803738317,open,,,2026-09-09T18:23:06Z,,,,,v3-forward-measurement
b2b3a091-1f33-45f3-a6de-ac515066e8b9,8e395687-9cba-43f1-89aa-6e202487bf36,2026-09-09T18:23:06Z,FanDuel Sportsbook structured market feed,,VA,NFL,35609018,Miami Dolphins @ Las Vegas Raiders,2026-09-13T20:26:00.000Z,FanDuel,751.185050463,receiving_yards,Malik Washington - Receiving Yds,,Malik Washington,41433612,over,27.5,-114,1.87719298245614,0.5327102803738317,open,,,2026-09-09T18:23:06Z,,,,,v3-forward-measurement
b2b3a091-1f33-45f3-a6de-ac515066e8b9,c20b88b1-8561-4241-ab15-2b057f763ddc,2026-09-09T18:23:06Z,FanDuel Sportsbook structured market feed,,VA,NFL,35609018,Miami Dolphins @ Las Vegas Raiders,2026-09-13T20:26:00.000Z,FanDuel,751.185050463,receiving_yards,Malik Washington - Receiving Yds,,Malik Washington,41433613,under,27.5,-114,1.87719298245614,0.5327102803738317,open,,,2026-09-09T18:23:06Z,,,,,v3-forward-measurement
b2b3a091-1f33-45f3-a6de-ac515066e8b9,5643446a-8c71-48e7-a462-321d515dab4c,2026-09-09T18:23:06Z,FanDuel Sportsbook structured market feed,,VA,NFL,35609018,Miami Dolphins @ Las Vegas Raiders,2026-09-13T20:26:00.000Z,FanDuel,751.185447436,receptions,Jack Bech - Total Receptions,,Jack Bech,41330988,over,1.5,-114,1.87719298245614,0.5327102803738317,open,,,2026-09-09T18:23:06Z,,,,,v3-forward-measurement
b2b3a091-1f33-45f3-a6de-ac515066e8b9,4c656710-9e87-4cfa-a736-cefbf8441b22,2026-09-09T18:23:06Z,FanDuel Sportsbook structured market feed,,VA,NFL,35609018,Miami Dolphins @ Las Vegas Raiders,2026-09-13T20:26:00.000Z,FanDuel,751.185447436,receptions,Jack Bech - Total Receptions,,Jack Bech,41330987,under,1.5,-114,1.87719298245614,0.5327102803738317,open,,,2026-09-09T18:23:06Z,,,,,v3-forward-measurement
b2b3a091-1f33-45f3-a6de-ac515066e8b9,5152b48b-6902-4fef-bb3a-90d623f5b43e,2026-09-09T18:23:06Z,FanDuel Sportsbook structured market feed,,VA,NFL,35609018,Miami Dolphins @ Las Vegas Raiders,2026-09-13T20:26:00.000Z,FanDuel,751.184007905,receiving_yards,Tre Tucker - Receiving Yds,,Tre Tucker,49580080,over,40.5,-114,1.87719298245614,0.5327102803738317,open,,,2026-09-09T18:23:06Z,,,,,v3-forward-measurement
b2b3a091-1f33-45f3-a6de-ac515066e8b9,9cc1dbc6-e555-4973-9915-e7fe0933c905,2026-09-09T18:23:06Z,FanDuel Sportsbook structured market feed,,VA,NFL,35609018,Miami Dolphins @ Las Vegas Raiders,2026-09-13T20:26:00.000Z,FanDuel,751.184007905,receiving_yards,Tre Tucker - Receiving Yds,,Tre Tucker,49580078,under,40.5,-114,1.87719298245614,0.5327102803738317,open,,,2026-09-09T18:23:06Z,,,,,v3-forward-measurement
b2b3a091-1f33-45f3-a6de-ac515066e8b9,e5ccb988-4dec-4ef8-9c85-952c2d590569,2026-09-09T18:23:06Z,FanDuel Sportsbook structured market feed,,VA,NFL,35609018,Miami Dolphins @ Las Vegas Raiders,2026-09-13T20:26:00.000Z,FanDuel,751.185062655,receptions,Caleb Douglas - Total Receptions,,Caleb Douglas,59967950,over,2.5,120,2.2,0.45454545454545453,open,,,2026-09-09T18:23:06Z,,,,,v3-forward-measurement
b2b3a091-1f33-45f3-a6de-ac515066e8b9,2742c931-498a-4994-8dfe-db112ffe28cc,2026-09-09T18:23:06Z,FanDuel Sportsbook structured market feed,,VA,NFL,35609018,Miami Dolphins @ Las Vegas Raiders,2026-09-13T20:26:00.000Z,FanDuel,751.185062655,receptions,Caleb Douglas - Total Receptions,,Caleb Douglas,59967966,under,2.5,-160,1.625,0.6153846153846154,open,,,2026-09-09T18:23:06Z,,,,,v3-forward-measurement
b2b3a091-1f33-45f3-a6de-ac515066e8b9,5485e6a3-1fa1-44e0-9c73-9313478b8421,2026-09-09T18:23:06Z,FanDuel Sportsbook structured market feed,,VA,NFL,35609018,Miami Dolphins @ Las Vegas Raiders,2026-09-13T20:26:00.000Z,FanDuel,751.184007903,receptions,Tre Tucker - Total Receptions,,Tre Tucker,49580080,over,3.5,-108,1.925925925925926,0.5192307692307693,open,,,2026-09-09T18:23:06Z,,,,,v3-forward-measurement
b2b3a091-1f33-45f3-a6de-ac515066e8b9,cc406e25-b3d7-4e7e-9b19-dd2573b116ed,2026-09-09T18:23:06Z,FanDuel Sportsbook structured market feed,,VA,NFL,35609018,Miami Dolphins @ Las Vegas Raiders,2026-09-13T20:26:00.000Z,FanDuel,751.184007903,receptions,Tre Tucker - Total Receptions,,Tre Tucker,49580078,under,3.5,-122,1.819672131147541,0.5495495495495496,open,,,2026-09-09T18:23:06Z,,,,,v3-forward-measurement
b2b3a091-1f33-45f3-a6de-ac515066e8b9,0cbe4add-54e5-4c20-a5d4-e04b21acdd52,2026-09-09T18:23:06Z,FanDuel Sportsbook structured market feed,,VA,NFL,35609018,Miami Dolphins @ Las Vegas Raiders,2026-09-13T20:26:00.000Z,FanDuel,751.184008124,receptions,De'Von Achane - Total Receptions,,De'Von Achane,61166678,over,4.5,122,2.22,0.45045045045045046,open,,,2026-09-09T18:23:06Z,,,,,v3-forward-measurement
b2b3a091-1f33-45f3-a6de-ac515066e8b9,f16b2829-898c-45cd-8a26-56521be1cb80,2026-09-09T18:23:06Z,FanDuel Sportsbook structured market feed,,VA,NFL,35609018,Miami Dolphins @ Las Vegas Raiders,2026-09-13T20:26:00.000Z,FanDuel,751.184008124,receptions,De'Von Achane - Total Receptions,,De'Von Achane,61166679,under,4.5,-162,1.617283950617284,0.6183206106870229,open,,,2026-09-09T18:23:06Z,,,,,v3-forward-measurement
b2b3a091-1f33-45f3-a6de-ac515066e8b9,f74027f6-b1ef-488f-a6b0-401311dd9f50,2026-09-09T18:23:06Z,FanDuel Sportsbook structured market feed,,VA,NFL,35609018,Miami Dolphins @ Las Vegas Raiders,2026-09-13T20:26:00.000Z,FanDuel,751.185140997,receiving_yards,Michael Mayer - Receiving Yds,,Michael Mayer,41072736,over,17.5,-114,1.87719298245614,0.5327102803738317,open,,,2026-09-09T18:23:06Z,,,,,v3-forward-measurement
b2b3a091-1f33-45f3-a6de-ac515066e8b9,2eddeb6c-0626-49d7-8a4c-60a22e519cab,2026-09-09T18:23:06Z,FanDuel Sportsbook structured market feed,,VA,NFL,35609018,Miami Dolphins @ Las Vegas Raiders,2026-09-13T20:26:00.000Z,FanDuel,751.185140997,receiving_yards,Michael Mayer - Receiving Yds,,Michael Mayer,41072735,under,17.5,-114,1.87719298245614,0.5327102803738317,open,,,2026-09-09T18:23:06Z,,,,,v3-forward-measurement
b2b3a091-1f33-45f3-a6de-ac515066e8b9,596dda8e-aa71-420c-9c74-0395c15a179a,2026-09-09T18:23:06Z,FanDuel Sportsbook structured market feed,,VA,NFL,35609018,Miami Dolphins @ Las Vegas Raiders,2026-09-13T20:26:00.000Z,FanDuel,751.184008125,receiving_yards,De'Von Achane - Receiving Yds,,De'Von Achane,61166678,over,27.5,-114,1.87719298245614,0.5327102803738317,open,,,2026-09-09T18:23:06Z,,,,,v3-forward-measurement
b2b3a091-1f33-45f3-a6de-ac515066e8b9,d09611ea-e28a-4b45-83ee-ddcad5c641ea,2026-09-09T18:23:06Z,FanDuel Sportsbook structured market feed,,VA,NFL,35609018,Miami Dolphins @ Las Vegas Raiders,2026-09-13T20:26:00.000Z,FanDuel,751.184008125,receiving_yards,De'Von Achane - Receiving Yds,,De'Von Achane,61166679,under,27.5,-114,1.87719298245614,0.5327102803738317,open,,,2026-09-09T18:23:06Z,,,,,v3-forward-measurement
b2b3a091-1f33-45f3-a6de-ac515066e8b9,66290966-1cc9-4e28-a7e2-fd2babfd20fe,2026-09-09T18:23:06Z,FanDuel Sportsbook structured market feed,,VA,NFL,35609018,Miami Dolphins @ Las Vegas Raiders,2026-09-13T20:26:00.000Z,FanDuel,751.185140911,receptions,Jalen Nailor - Total Receptions,,Jalen Nailor,40975110,over,2.5,154,2.54,0.3937007874015748,open,,,2026-09-09T18:23:06Z,,,,,v3-forward-measurement
b2b3a091-1f33-45f3-a6de-ac515066e8b9,1eb9240d-8304-4296-af3f-41d715c84895,2026-09-09T18:23:06Z,FanDuel Sportsbook structured market feed,,VA,NFL,35609018,Miami Dolphins @ Las Vegas Raiders,2026-09-13T20:26:00.000Z,FanDuel,751.185140911,receptions,Jalen Nailor - Total Receptions,,Jalen Nailor,40975111,under,2.5,-210,1.476190476190476,0.6774193548387096,open,,,2026-09-09T18:23:06Z,,,,,v3-forward-measurement
b2b3a091-1f33-45f3-a6de-ac515066e8b9,001f7a9c-35eb-4487-b653-e3cdaacd3dfb,2026-09-09T18:23:06Z,FanDuel Sportsbook structured market feed,,VA,NFL,35609018,Miami Dolphins @ Las Vegas Raiders,2026-09-13T20:26:00.000Z,FanDuel,751.185140999,receptions,Michael Mayer - Total Receptions,,Michael Mayer,41072736,over,2.5,144,2.44,0.4098360655737705,open,,,2026-09-09T18:23:06Z,,,,,v3-forward-measurement
b2b3a091-1f33-45f3-a6de-ac515066e8b9,e9481de3-d617-4a29-b4cb-40a0cfe00c5f,2026-09-09T18:23:06Z,FanDuel Sportsbook structured market feed,,VA,NFL,35609018,Miami Dolphins @ Las Vegas Raiders,2026-09-13T20:26:00.000Z,FanDuel,751.185140999,receptions,Michael Mayer - Total Receptions,,Michael Mayer,41072735,under,2.5,-194,1.515463917525773,0.6598639455782312,open,,,2026-09-09T18:23:06Z,,,,,v3-forward-measurement
b2b3a091-1f33-45f3-a6de-ac515066e8b9,531bb93b-de6b-4a3e-98e4-e3d16f86b615,2026-09-09T18:23:06Z,FanDuel Sportsbook structured market feed,,VA,NFL,35609018,Miami Dolphins @ Las Vegas Raiders,2026-09-13T20:26:00.000Z,FanDuel,751.185050455,receptions,Malik Washington - Total Receptions,,Malik Washington,41433612,over,2.5,-158,1.632911392405063,0.6124031007751938,open,,,2026-09-09T18:23:06Z,,,,,v3-forward-measurement
b2b3a091-1f33-45f3-a6de-ac515066e8b9,f19a1ed6-6cd1-45d0-ae4a-c1af4e0b80fe,2026-09-09T18:23:06Z,FanDuel Sportsbook structured market feed,,VA,NFL,35609018,Miami Dolphins @ Las Vegas Raiders,2026-09-13T20:26:00.000Z,FanDuel,751.185050455,receptions,Malik Washington - Total Receptions,,Malik Washington,41433613,under,2.5,118,2.18,0.45871559633027525,open,,,2026-09-09T18:23:06Z,,,,,v3-forward-measurement
b2b3a091-1f33-45f3-a6de-ac515066e8b9,a4b18246-e7be-4428-8b2a-6e6be91ac748,2026-09-09T18:23:06Z,FanDuel Sportsbook structured market feed,,VA,NFL,35609018,Miami Dolphins @ Las Vegas Raiders,2026-09-13T20:26:00.000Z,FanDuel,751.184004925,receptions,Brock Bowers - Total Receptions,,Brock Bowers,41171177,over,5.5,-148,1.675675675675676,0.5967741935483871,open,,,2026-09-09T18:23:06Z,,,,,v3-forward-measurement
b2b3a091-1f33-45f3-a6de-ac515066e8b9,5822322c-a2ea-47fe-9f88-6ec8f4210756,2026-09-09T18:23:06Z,FanDuel Sportsbook structured market feed,,VA,NFL,35609018,Miami Dolphins @ Las Vegas Raiders,2026-09-13T20:26:00.000Z,FanDuel,751.184004925,receptions,Brock Bowers - Total Receptions,,Brock Bowers,41171176,under,5.5,112,2.12,0.4716981132075472,open,,,2026-09-09T18:23:06Z,,,,,v3-forward-measurement
b2b3a091-1f33-45f3-a6de-ac515066e8b9,d6123b8e-c112-4424-9550-d821d21e6a7a,2026-09-09T18:23:06Z,FanDuel Sportsbook structured market feed,,VA,NFL,35609018,Miami Dolphins @ Las Vegas Raiders,2026-09-13T20:26:00.000Z,FanDuel,751.185140909,receiving_yards,Jalen Nailor - Receiving Yds,,Jalen Nailor,40975110,over,20.5,-114,1.87719298245614,0.5327102803738317,open,,,2026-09-09T18:23:06Z,,,,,v3-forward-measurement
b2b3a091-1f33-45f3-a6de-ac515066e8b9,91408208-9fe4-460e-9c69-73b17b302f13,2026-09-09T18:23:06Z,FanDuel Sportsbook structured market feed,,VA,NFL,35609018,Miami Dolphins @ Las Vegas Raiders,2026-09-13T20:26:00.000Z,FanDuel,751.185140909,receiving_yards,Jalen Nailor - Receiving Yds,,Jalen Nailor,40975111,under,20.5,-114,1.87719298245614,0.5327102803738317,open,,,2026-09-09T18:23:06Z,,,,,v3-forward-measurement
b2b3a091-1f33-45f3-a6de-ac515066e8b9,69851d67-dbe2-48ee-8e00-238626a8a76f,2026-09-09T18:23:06Z,FanDuel Sportsbook structured market feed,,VA,NFL,35609018,Miami Dolphins @ Las Vegas Raiders,2026-09-13T20:26:00.000Z,FanDuel,751.184004927,receiving_yards,Brock Bowers - Receiving Yds,,Brock Bowers,41171177,over,63.5,-114,1.87719298245614,0.5327102803738317,open,,,2026-09-09T18:23:06Z,,,,,v3-forward-measurement
b2b3a091-1f33-45f3-a6de-ac515066e8b9,5fb6eff0-70e3-4f60-b772-e3ad2e142bf2,2026-09-09T18:23:06Z,FanDuel Sportsbook structured market feed,,VA,NFL,35609018,Miami Dolphins @ Las Vegas Raiders,2026-09-13T20:26:00.000Z,FanDuel,751.184004927,receiving_yards,Brock Bowers - Receiving Yds,,Brock Bowers,41171176,under,63.5,-114,1.87719298245614,0.5327102803738317,open,,,2026-09-09T18:23:06Z,,,,,v3-forward-measurement
b2b3a091-1f33-45f3-a6de-ac515066e8b9,81681c87-bd67-453f-8f7c-85956b0c2b9e,2026-09-09T18:23:06Z,FanDuel Sportsbook structured market feed,,VA,NFL,35609018,Miami Dolphins @ Las Vegas Raiders,2026-09-13T20:26:00.000Z,FanDuel,751.185062643,receiving_yards,Caleb Douglas - Receiving Yds,,Caleb Douglas,59967950,over,25.5,-114,1.87719298245614,0.5327102803738317,open,,,2026-09-09T18:23:06Z,,,,,v3-forward-measurement
b2b3a091-1f33-45f3-a6de-ac515066e8b9,463d596c-ec83-4a0a-9134-3d239a1ba152,2026-09-09T18:23:06Z,FanDuel Sportsbook structured market feed,,VA,NFL,35609018,Miami Dolphins @ Las Vegas Raiders,2026-09-13T20:26:00.000Z,FanDuel,751.185062643,receiving_yards,Caleb Douglas - Receiving Yds,,Caleb Douglas,59967966,under,25.5,-114,1.87719298245614,0.5327102803738317,open,,,2026-09-09T18:23:06Z,,,,,v3-forward-measurement
b2b3a091-1f33-45f3-a6de-ac515066e8b9,5cd66cb8-19ea-40d1-b1f6-7f380a5ccc9f,2026-09-09T18:23:06Z,FanDuel Sportsbook structured market feed,,VA,NFL,35609018,Miami Dolphins @ Las Vegas Raiders,2026-09-13T20:26:00.000Z,FanDuel,751.185140626,receiving_yards,Greg Dulcich - Receiving Yds,,Greg Dulcich,41074189,over,26.5,-114,1.87719298245614,0.5327102803738317,open,,,2026-09-09T18:23:06Z,,,,,v3-forward-measurement
b2b3a091-1f33-45f3-a6de-ac515066e8b9,8ebe2243-04db-4e98-8f3e-74896b0386a2,2026-09-09T18:23:06Z,FanDuel Sportsbook structured market feed,,VA,NFL,35609018,Miami Dolphins @ Las Vegas Raiders,2026-09-13T20:26:00.000Z,FanDuel,751.185140626,receiving_yards,Greg Dulcich - Receiving Yds,,Greg Dulcich,41074187,under,26.5,-114,1.87719298245614,0.5327102803738317,open,,,2026-09-09T18:23:06Z,,,,,v3-forward-measurement
b2b3a091-1f33-45f3-a6de-ac515066e8b9,874e1a11-1ecf-4b2a-822f-527841deea35,2026-09-09T18:23:06Z,FanDuel Sportsbook structured market feed,,VA,NFL,35609018,Miami Dolphins @ Las Vegas Raiders,2026-09-13T20:26:00.000Z,FanDuel,751.185140628,receptions,Greg Dulcich - Total Receptions,,Greg Dulcich,41074189,over,2.5,-114,1.87719298245614,0.5327102803738317,open,,,2026-09-09T18:23:06Z,,,,,v3-forward-measurement
b2b3a091-1f33-45f3-a6de-ac515066e8b9,e0502066-b6b2-4007-b02c-e1341e0d6761,2026-09-09T18:23:06Z,FanDuel Sportsbook structured market feed,,VA,NFL,35609018,Miami Dolphins @ Las Vegas Raiders,2026-09-13T20:26:00.000Z,FanDuel,751.185140628,receptions,Greg Dulcich - Total Receptions,,Greg Dulcich,41074187,under,2.5,-114,1.87719298245614,0.5327102803738317,open,,,2026-09-09T18:23:06Z,,,,,v3-forward-measurement
2494060f-e65c-4566-890b-8d55b5fdca15,8bf84408-c7d8-489b-a6f1-214f571b668b,2026-09-09T18:23:06Z,FanDuel Sportsbook structured market feed,,VA,NFL,35609019,Cleveland Browns @ Jacksonville Jaguars,2026-09-13T17:01:00.000Z,FanDuel,751.183935310,passing_yards,Deshaun Watson - Passing Yds,,Deshaun Watson,12302595,over,178.5,-114,1.87719298245614,0.5327102803738317,open,,,2026-09-09T18:23:06Z,,,,,v3-forward-measurement
2494060f-e65c-4566-890b-8d55b5fdca15,b385d665-cdd1-48e4-8e65-578cbad0ed62,2026-09-09T18:23:06Z,FanDuel Sportsbook structured market feed,,VA,NFL,35609019,Cleveland Browns @ Jacksonville Jaguars,2026-09-13T17:01:00.000Z,FanDuel,751.183935310,passing_yards,Deshaun Watson - Passing Yds,,Deshaun Watson,12302596,under,178.5,-114,1.87719298245614,0.5327102803738317,open,,,2026-09-09T18:23:06Z,,,,,v3-forward-measurement
2494060f-e65c-4566-890b-8d55b5fdca15,c2103b32-e1ba-4da1-9d71-b1a795f09348,2026-09-09T18:23:06Z,FanDuel Sportsbook structured market feed,,VA,NFL,35609019,Cleveland Browns @ Jacksonville Jaguars,2026-09-13T17:01:00.000Z,FanDuel,751.183935245,passing_touchdowns,Trevor Lawrence - Passing TDs,,Trevor Lawrence,22336735,over,1.5,-106,1.943396226415094,0.5145631067961165,open,,,2026-09-09T18:23:06Z,,,,,v3-forward-measurement
2494060f-e65c-4566-890b-8d55b5fdca15,61e9f30b-1259-4042-a77f-e5381c21fb96,2026-09-09T18:23:06Z,FanDuel Sportsbook structured market feed,,VA,NFL,35609019,Cleveland Browns @ Jacksonville Jaguars,2026-09-13T17:01:00.000Z,FanDuel,751.183935245,passing_touchdowns,Trevor Lawrence - Passing TDs,,Trevor Lawrence,22336736,under,1.5,-125,1.8,0.5555555555555556,open,,,2026-09-09T18:23:06Z,,,,,v3-forward-measurement
2494060f-e65c-4566-890b-8d55b5fdca15,6d01f5ec-635e-4b26-902a-c60a3a0c0cbf,2026-09-09T18:23:06Z,FanDuel Sportsbook structured market feed,,VA,NFL,35609019,Cleveland Browns @ Jacksonville Jaguars,2026-09-13T17:01:00.000Z,FanDuel,751.183935242,passing_touchdowns,Deshaun Watson - Passing TDs,,Deshaun Watson,12302595,over,0.5,-188,1.531914893617021,0.6527777777777778,open,,,2026-09-09T18:23:06Z,,,,,v3-forward-measurement
2494060f-e65c-4566-890b-8d55b5fdca15,a185bf90-b76e-495c-adea-0a286b87ad77,2026-09-09T18:23:06Z,FanDuel Sportsbook structured market feed,,VA,NFL,35609019,Cleveland Browns @ Jacksonville Jaguars,2026-09-13T17:01:00.000Z,FanDuel,751.183935242,passing_touchdowns,Deshaun Watson - Passing TDs,,Deshaun Watson,12302596,under,0.5,140,2.4,0.4166666666666667,open,,,2026-09-09T18:23:06Z,,,,,v3-forward-measurement
2494060f-e65c-4566-890b-8d55b5fdca15,b954199c-e99c-4d06-adcc-00d58be86ed1,2026-09-09T18:23:06Z,FanDuel Sportsbook structured market feed,,VA,NFL,35609019,Cleveland Browns @ Jacksonville Jaguars,2026-09-13T17:01:00.000Z,FanDuel,751.183935240,passing_yards,Trevor Lawrence - Passing Yds,,Trevor Lawrence,22336735,over,236.5,-114,1.87719298245614,0.5327102803738317,open,,,2026-09-09T18:23:06Z,,,,,v3-forward-measurement
2494060f-e65c-4566-890b-8d55b5fdca15,17338716-7928-4760-a83c-f1ce9c819ef2,2026-09-09T18:23:06Z,FanDuel Sportsbook structured market feed,,VA,NFL,35609019,Cleveland Browns @ Jacksonville Jaguars,2026-09-13T17:01:00.000Z,FanDuel,751.183935240,passing_yards,Trevor Lawrence - Passing Yds,,Trevor Lawrence,22336736,under,236.5,-114,1.87719298245614,0.5327102803738317,open,,,2026-09-09T18:23:06Z,,,,,v3-forward-measurement
f03bebc1-4795-411a-b8ec-04a5dcc7207f,2411b67b-7d58-412f-8d3c-6de17312faf8,2026-09-09T18:23:06Z,FanDuel Sportsbook structured market feed,,VA,NFL,35609019,Cleveland Browns @ Jacksonville Jaguars,2026-09-13T17:01:00.000Z,FanDuel,751.183959324,rushing_yards,Bhayshul Tuten - Rushing Yds,,Bhayshul Tuten,60316188,over,50.5,-114,1.87719298245614,0.5327102803738317,open,,,2026-09-09T18:23:06Z,,,,,v3-forward-measurement
f03bebc1-4795-411a-b8ec-04a5dcc7207f,13d771bd-112b-41af-820a-11139c6b925b,2026-09-09T18:23:06Z,FanDuel Sportsbook structured market feed,,VA,NFL,35609019,Cleveland Browns @ Jacksonville Jaguars,2026-09-13T17:01:00.000Z,FanDuel,751.183959324,rushing_yards,Bhayshul Tuten - Rushing Yds,,Bhayshul Tuten,60316191,under,50.5,-114,1.87719298245614,0.5327102803738317,open,,,2026-09-09T18:23:06Z,,,,,v3-forward-measurement
f03bebc1-4795-411a-b8ec-04a5dcc7207f,7d71d9b0-cb4e-4be4-98c1-6c3986b3b753,2026-09-09T18:23:06Z,FanDuel Sportsbook structured market feed,,VA,NFL,35609019,Cleveland Browns @ Jacksonville Jaguars,2026-09-13T17:01:00.000Z,FanDuel,751.185134684,rushing_yards,Deshaun Watson - Rushing Yds,,Deshaun Watson,12302595,over,19.5,-114,1.87719298245614,0.5327102803738317,open,,,2026-09-09T18:23:06Z,,,,,v3-forward-measurement
f03bebc1-4795-411a-b8ec-04a5dcc7207f,7a86a97b-1f9a-4b92-9864-c83df60037b8,2026-09-09T18:23:06Z,FanDuel Sportsbook structured market feed,,VA,NFL,35609019,Cleveland Browns @ Jacksonville Jaguars,2026-09-13T17:01:00.000Z,FanDuel,751.185134684,rushing_yards,Deshaun Watson - Rushing Yds,,Deshaun Watson,12302596,under,19.5,-114,1.87719298245614,0.5327102803738317,open,,,2026-09-09T18:23:06Z,,,,,v3-forward-measurement
f03bebc1-4795-411a-b8ec-04a5dcc7207f,7916723b-d5cf-463c-84c1-41a030575482,2026-09-09T18:23:06Z,FanDuel Sportsbook structured market feed,,VA,NFL,35609019,Cleveland Browns @ Jacksonville Jaguars,2026-09-13T17:01:00.000Z,FanDuel,751.183959327,rushing_yards,Chris Rodriguez Jr. - Rushing Yds,,Chris Rodriguez Jr.,41073257,over,33.5,-114,1.87719298245614,0.5327102803738317,open,,,2026-09-09T18:23:06Z,,,,,v3-forward-measurement
f03bebc1-4795-411a-b8ec-04a5dcc7207f,abd1573e-54fb-4d23-afc6-59be36b27e64,2026-09-09T18:23:06Z,FanDuel Sportsbook structured market feed,,VA,NFL,35609019,Cleveland Browns @ Jacksonville Jaguars,2026-09-13T17:01:00.000Z,FanDuel,751.183959327,rushing_yards,Chris Rodriguez Jr. - Rushing Yds,,Chris Rodriguez Jr.,41073256,under,33.5,-114,1.87719298245614,0.5327102803738317,open,,,2026-09-09T18:23:06Z,,,,,v3-forward-measurement
f03bebc1-4795-411a-b8ec-04a5dcc7207f,a4c44c1a-ddf9-40e1-adf8-ad65e898f3e4,2026-09-09T18:23:06Z,FanDuel Sportsbook structured market feed,,VA,NFL,35609019,Cleveland Browns @ Jacksonville Jaguars,2026-09-13T17:01:00.000Z,FanDuel,751.183935361,rushing_yards,Quinshon Judkins - Rushing Yds,,Quinshon Judkins,48906497,over,58.5,-114,1.87719298245614,0.5327102803738317,open,,,2026-09-09T18:23:06Z,,,,,v3-forward-measurement
f03bebc1-4795-411a-b8ec-04a5dcc7207f,f6e31e47-4121-41e2-bc99-408a778eeb90,2026-09-09T18:23:06Z,FanDuel Sportsbook structured market feed,,VA,NFL,35609019,Cleveland Browns @ Jacksonville Jaguars,2026-09-13T17:01:00.000Z,FanDuel,751.183935361,rushing_yards,Quinshon Judkins - Rushing Yds,,Quinshon Judkins,48906496,under,58.5,-114,1.87719298245614,0.5327102803738317,open,,,2026-09-09T18:23:06Z,,,,,v3-forward-measurement
f03bebc1-4795-411a-b8ec-04a5dcc7207f,03d252f0-9346-4fbc-88e6-f178bab77f90,2026-09-09T18:23:06Z,FanDuel Sportsbook structured market feed,,VA,NFL,35609019,Cleveland Browns @ Jacksonville Jaguars,2026-09-13T17:01:00.000Z,FanDuel,751.183961486,rushing_yards,Trevor Lawrence - Rushing Yds,,Trevor Lawrence,22336735,over,16.5,-114,1.87719298245614,0.5327102803738317,open,,,2026-09-09T18:23:06Z,,,,,v3-forward-measurement
f03bebc1-4795-411a-b8ec-04a5dcc7207f,0f4474b7-3b8f-4003-8159-9b206e087bd6,2026-09-09T18:23:06Z,FanDuel Sportsbook structured market feed,,VA,NFL,35609019,Cleveland Browns @ Jacksonville Jaguars,2026-09-13T17:01:00.000Z,FanDuel,751.183961486,rushing_yards,Trevor Lawrence - Rushing Yds,,Trevor Lawrence,22336736,under,16.5,-114,1.87719298245614,0.5327102803738317,open,,,2026-09-09T18:23:06Z,,,,,v3-forward-measurement
02e10860-cdee-4b82-9625-1258543cf3aa,bea8566b-9e13-4888-959f-2e76a30cc229,2026-09-09T18:23:06Z,FanDuel Sportsbook structured market feed,,VA,NFL,35609019,Cleveland Browns @ Jacksonville Jaguars,2026-09-13T17:01:00.000Z,FanDuel,751.183962624,receptions,KC Concepcion - Total Receptions,,KC Concepcion,102320458,over,3.5,102,2.02,0.49504950495049505,open,,,2026-09-09T18:23:06Z,,,,,v3-forward-measurement
02e10860-cdee-4b82-9625-1258543cf3aa,12f8ff9a-641d-4107-bec4-3725917c530f,2026-09-09T18:23:06Z,FanDuel Sportsbook structured market feed,,VA,NFL,35609019,Cleveland Browns @ Jacksonville Jaguars,2026-09-13T17:01:00.000Z,FanDuel,751.183962624,receptions,KC Concepcion - Total Receptions,,KC Concepcion,102320470,under,3.5,-136,1.735294117647059,0.576271186440678,open,,,2026-09-09T18:23:06Z,,,,,v3-forward-measurement
02e10860-cdee-4b82-9625-1258543cf3aa,4309e1d4-0daf-4ecd-96af-0bd2186e1d4d,2026-09-09T18:23:06Z,FanDuel Sportsbook structured market feed,,VA,NFL,35609019,Cleveland Browns @ Jacksonville Jaguars,2026-09-13T17:01:00.000Z,FanDuel,751.183935282,receiving_yards,Brian Thomas Jr. - Receiving Yds,,Brian Thomas Jr.,42267563,over,36.5,-114,1.87719298245614,0.5327102803738317,open,,,2026-09-09T18:23:06Z,,,,,v3-forward-measurement
02e10860-cdee-4b82-9625-1258543cf3aa,ab1c3797-9b81-4403-b4cc-751a5f2770a5,2026-09-09T18:23:06Z,FanDuel Sportsbook structured market feed,,VA,NFL,35609019,Cleveland Browns @ Jacksonville Jaguars,2026-09-13T17:01:00.000Z,FanDuel,751.183935282,receiving_yards,Brian Thomas Jr. - Receiving Yds,,Brian Thomas Jr.,42267562,under,36.5,-114,1.87719298245614,0.5327102803738317,open,,,2026-09-09T18:23:06Z,,,,,v3-forward-measurement
02e10860-cdee-4b82-9625-1258543cf3aa,112e2a37-b66b-430e-887a-eed02d6aad61,2026-09-09T18:23:06Z,FanDuel Sportsbook structured market feed,,VA,NFL,35609019,Cleveland Browns @ Jacksonville Jaguars,2026-09-13T17:01:00.000Z,FanDuel,751.183962629,receiving_yards,Jerry Jeudy - Receiving Yds,,Jerry Jeudy,22336750,over,31.5,-114,1.87719298245614,0.5327102803738317,open,,,2026-09-09T18:23:06Z,,,,,v3-forward-measurement
02e10860-cdee-4b82-9625-1258543cf3aa,d7c5aa2a-6848-43b1-b523-2745caad00aa,2026-09-09T18:23:06Z,FanDuel Sportsbook structured market feed,,VA,NFL,35609019,Cleveland Browns @ Jacksonville Jaguars,2026-09-13T17:01:00.000Z,FanDuel,751.183962629,receiving_yards,Jerry Jeudy - Receiving Yds,,Jerry Jeudy,22336751,under,31.5,-114,1.87719298245614,0.5327102803738317,open,,,2026-09-09T18:23:06Z,,,,,v3-forward-measurement
02e10860-cdee-4b82-9625-1258543cf3aa,b86623a9-43b5-4aab-b590-d1a5a6a1b640,2026-09-09T18:23:06Z,FanDuel Sportsbook structured market feed,,VA,NFL,35609019,Cleveland Browns @ Jacksonville Jaguars,2026-09-13T17:01:00.000Z,FanDuel,751.183963353,receiving_yards,Brenton Strange - Receiving Yds,,Brenton Strange,41155824,over,36.5,-114,1.87719298245614,0.5327102803738317,open,,,2026-09-09T18:23:06Z,,,,,v3-forward-measurement
02e10860-cdee-4b82-9625-1258543cf3aa,40cc05b8-7f00-4820-81a8-b232a1f725af,2026-09-09T18:23:06Z,FanDuel Sportsbook structured market feed,,VA,NFL,35609019,Cleveland Browns @ Jacksonville Jaguars,2026-09-13T17:01:00.000Z,FanDuel,751.183963353,receiving_yards,Brenton Strange - Receiving Yds,,Brenton Strange,41155823,under,36.5,-114,1.87719298245614,0.5327102803738317,open,,,2026-09-09T18:23:06Z,,,,,v3-forward-measurement
02e10860-cdee-4b82-9625-1258543cf3aa,2cf7edfb-7616-4567-aa8d-871ef42360de,2026-09-09T18:23:06Z,FanDuel Sportsbook structured market feed,,VA,NFL,35609019,Cleveland Browns @ Jacksonville Jaguars,2026-09-13T17:01:00.000Z,FanDuel,751.183963352,receptions,Brenton Strange - Total Receptions,,Brenton Strange,41155824,over,3.5,-102,1.980392156862745,0.504950495049505,open,,,2026-09-09T18:23:06Z,,,,,v3-forward-measurement
02e10860-cdee-4b82-9625-1258543cf3aa,248155bc-7b7e-4073-8a66-9ad4f3140609,2026-09-09T18:23:06Z,FanDuel Sportsbook structured market feed,,VA,NFL,35609019,Cleveland Browns @ Jacksonville Jaguars,2026-09-13T17:01:00.000Z,FanDuel,751.183963352,receptions,Brenton Strange - Total Receptions,,Brenton Strange,41155823,under,3.5,-130,1.769230769230769,0.5652173913043478,open,,,2026-09-09T18:23:06Z,,,,,v3-forward-measurement
02e10860-cdee-4b82-9625-1258543cf3aa,f25d1750-a2aa-4437-ac8e-0a640a4661ca,2026-09-09T18:23:06Z,FanDuel Sportsbook structured market feed,,VA,NFL,35609019,Cleveland Browns @ Jacksonville Jaguars,2026-09-13T17:01:00.000Z,FanDuel,751.183935334,receptions,Jakobi Meyers - Total Receptions,,Jakobi Meyers,26595189,over,3.5,-114,1.87719298245614,0.5327102803738317,open,,,2026-09-09T18:23:06Z,,,,,v3-forward-measurement
02e10860-cdee-4b82-9625-1258543cf3aa,4c30e6ae-3dea-47cb-8c93-58132bb2a0c1,2026-09-09T18:23:06Z,FanDuel Sportsbook structured market feed,,VA,NFL,35609019,Cleveland Browns @ Jacksonville Jaguars,2026-09-13T17:01:00.000Z,FanDuel,751.183935334,receptions,Jakobi Meyers - Total Receptions,,Jakobi Meyers,26595190,under,3.5,-114,1.87719298245614,0.5327102803738317,open,,,2026-09-09T18:23:06Z,,,,,v3-forward-measurement
02e10860-cdee-4b82-9625-1258543cf3aa,8f65c38d-42f6-4fd5-91ea-07c347e0a166,2026-09-09T18:23:06Z,FanDuel Sportsbook structured market feed,,VA,NFL,35609019,Cleveland Browns @ Jacksonville Jaguars,2026-09-13T17:01:00.000Z,FanDuel,751.184983845,receptions,Quinshon Judkins - Total Receptions,,Quinshon Judkins,48906497,over,1.5,-130,1.769230769230769,0.5652173913043478,open,,,2026-09-09T18:23:06Z,,,,,v3-forward-measurement
02e10860-cdee-4b82-9625-1258543cf3aa,73b89583-4779-4b53-b679-310f15227028,2026-09-09T18:23:06Z,FanDuel Sportsbook structured market feed,,VA,NFL,35609019,Cleveland Browns @ Jacksonville Jaguars,2026-09-13T17:01:00.000Z,FanDuel,751.184983845,receptions,Quinshon Judkins - Total Receptions,,Quinshon Judkins,48906496,under,1.5,-102,1.980392156862745,0.504950495049505,open,,,2026-09-09T18:23:06Z,,,,,v3-forward-measurement
02e10860-cdee-4b82-9625-1258543cf3aa,4f7ed31a-8c25-4d24-a106-3cc22643cf04,2026-09-09T18:23:06Z,FanDuel Sportsbook structured market feed,,VA,NFL,35609019,Cleveland Browns @ Jacksonville Jaguars,2026-09-13T17:01:00.000Z,FanDuel,751.184983842,receptions,Bhayshul Tuten - Total Receptions,,Bhayshul Tuten,60316188,over,1.5,-172,1.581395348837209,0.6323529411764706,open,,,2026-09-09T18:23:06Z,,,,,v3-forward-measurement
02e10860-cdee-4b82-9625-1258543cf3aa,947ad19e-1a46-4dc4-84bb-2bc159ac247b,2026-09-09T18:23:06Z,FanDuel Sportsbook structured market feed,,VA,NFL,35609019,Cleveland Browns @ Jacksonville Jaguars,2026-09-13T17:01:00.000Z,FanDuel,751.184983842,receptions,Bhayshul Tuten - Total Receptions,,Bhayshul Tuten,60316191,under,1.5,128,2.28,0.43859649122807015,open,,,2026-09-09T18:23:06Z,,,,,v3-forward-measurement
02e10860-cdee-4b82-9625-1258543cf3aa,c619a26b-6f59-427a-9f2e-2cbe2b41c655,2026-09-09T18:23:06Z,FanDuel Sportsbook structured market feed,,VA,NFL,35609019,Cleveland Browns @ Jacksonville Jaguars,2026-09-13T17:01:00.000Z,FanDuel,751.184983841,receiving_yards,Quinshon Judkins - Receiving Yds,,Quinshon Judkins,48906497,over,9.5,-114,1.87719298245614,0.5327102803738317,open,,,2026-09-09T18:23:06Z,,,,,v3-forward-measurement
02e10860-cdee-4b82-9625-1258543cf3aa,7be8e4f4-6862-4253-9ca6-4713b7955cc8,2026-09-09T18:23:06Z,FanDuel Sportsbook structured market feed,,VA,NFL,35609019,Cleveland Browns @ Jacksonville Jaguars,2026-09-13T17:01:00.000Z,FanDuel,751.184983841,receiving_yards,Quinshon Judkins - Receiving Yds,,Quinshon Judkins,48906496,under,9.5,-114,1.87719298245614,0.5327102803738317,open,,,2026-09-09T18:23:06Z,,,,,v3-forward-measurement
02e10860-cdee-4b82-9625-1258543cf3aa,9a29dab7-ceac-4f7c-b975-bd88f9dca897,2026-09-09T18:23:06Z,FanDuel Sportsbook structured market feed,,VA,NFL,35609019,Cleveland Browns @ Jacksonville Jaguars,2026-09-13T17:01:00.000Z,FanDuel,751.183962615,receiving_yards,Denzel Boston - Receiving Yds,,Denzel Boston,102320454,over,25.5,-114,1.87719298245614,0.5327102803738317,open,,,2026-09-09T18:23:06Z,,,,,v3-forward-measurement
02e10860-cdee-4b82-9625-1258543cf3aa,7de7dfc5-c2cb-41f4-bb77-f682ef462667,2026-09-09T18:23:06Z,FanDuel Sportsbook structured market feed,,VA,NFL,35609019,Cleveland Browns @ Jacksonville Jaguars,2026-09-13T17:01:00.000Z,FanDuel,751.183962615,receiving_yards,Denzel Boston - Receiving Yds,,Denzel Boston,102320455,under,25.5,-114,1.87719298245614,0.5327102803738317,open,,,2026-09-09T18:23:06Z,,,,,v3-forward-measurement
02e10860-cdee-4b82-9625-1258543cf3aa,a5d22a4f-8707-4104-8139-5f939dd6f6a4,2026-09-09T18:23:06Z,FanDuel Sportsbook structured market feed,,VA,NFL,35609019,Cleveland Browns @ Jacksonville Jaguars,2026-09-13T17:01:00.000Z,FanDuel,751.183962613,receptions,Denzel Boston - Total Receptions,,Denzel Boston,102320454,over,2.5,112,2.12,0.4716981132075472,open,,,2026-09-09T18:23:06Z,,,,,v3-forward-measurement
02e10860-cdee-4b82-9625-1258543cf3aa,bc4a4fdd-7499-45c7-8345-1412b5dec841,2026-09-09T18:23:06Z,FanDuel Sportsbook structured market feed,,VA,NFL,35609019,Cleveland Browns @ Jacksonville Jaguars,2026-09-13T17:01:00.000Z,FanDuel,751.183962613,receptions,Denzel Boston - Total Receptions,,Denzel Boston,102320455,under,2.5,-148,1.675675675675676,0.5967741935483871,open,,,2026-09-09T18:23:06Z,,,,,v3-forward-measurement
02e10860-cdee-4b82-9625-1258543cf3aa,e2885997-4424-4504-a106-e988509dbbf9,2026-09-09T18:23:06Z,FanDuel Sportsbook structured market feed,,VA,NFL,35609019,Cleveland Browns @ Jacksonville Jaguars,2026-09-13T17:01:00.000Z,FanDuel,751.183935250,receiving_yards,Parker Washington - Receiving Yds,,Parker Washington,41155821,over,51.5,-114,1.87719298245614,0.5327102803738317,open,,,2026-09-09T18:23:06Z,,,,,v3-forward-measurement
02e10860-cdee-4b82-9625-1258543cf3aa,dcc6a434-a315-462a-b53b-efcc3b65a5a5,2026-09-09T18:23:06Z,FanDuel Sportsbook structured market feed,,VA,NFL,35609019,Cleveland Browns @ Jacksonville Jaguars,2026-09-13T17:01:00.000Z,FanDuel,751.183935250,receiving_yards,Parker Washington - Receiving Yds,,Parker Washington,41155820,under,51.5,-114,1.87719298245614,0.5327102803738317,open,,,2026-09-09T18:23:06Z,,,,,v3-forward-measurement
02e10860-cdee-4b82-9625-1258543cf3aa,86787abc-3137-48a3-aa28-a128cc94ef93,2026-09-09T18:23:06Z,FanDuel Sportsbook structured market feed,,VA,NFL,35609019,Cleveland Browns @ Jacksonville Jaguars,2026-09-13T17:01:00.000Z,FanDuel,751.184983848,receiving_yards,Bhayshul Tuten - Receiving Yds,,Bhayshul Tuten,60316188,over,11.5,-114,1.87719298245614,0.5327102803738317,open,,,2026-09-09T18:23:06Z,,,,,v3-forward-measurement
02e10860-cdee-4b82-9625-1258543cf3aa,c5da03ec-774e-4ec9-b425-b4dd7e2f4722,2026-09-09T18:23:06Z,FanDuel Sportsbook structured market feed,,VA,NFL,35609019,Cleveland Browns @ Jacksonville Jaguars,2026-09-13T17:01:00.000Z,FanDuel,751.184983848,receiving_yards,Bhayshul Tuten - Receiving Yds,,Bhayshul Tuten,60316191,under,11.5,-114,1.87719298245614,0.5327102803738317,open,,,2026-09-09T18:23:06Z,,,,,v3-forward-measurement
02e10860-cdee-4b82-9625-1258543cf3aa,0cbecfd5-e31c-4265-aece-d681d4bb8244,2026-09-09T18:23:06Z,FanDuel Sportsbook structured market feed,,VA,NFL,35609019,Cleveland Browns @ Jacksonville Jaguars,2026-09-13T17:01:00.000Z,FanDuel,751.183962600,receiving_yards,KC Concepcion - Receiving Yds,,KC Concepcion,102320458,over,33.5,-114,1.87719298245614,0.5327102803738317,open,,,2026-09-09T18:23:06Z,,,,,v3-forward-measurement
02e10860-cdee-4b82-9625-1258543cf3aa,e2340439-cdf1-40b5-89d8-ca69015b308c,2026-09-09T18:23:06Z,FanDuel Sportsbook structured market feed,,VA,NFL,35609019,Cleveland Browns @ Jacksonville Jaguars,2026-09-13T17:01:00.000Z,FanDuel,751.183962600,receiving_yards,KC Concepcion - Receiving Yds,,KC Concepcion,102320470,under,33.5,-114,1.87719298245614,0.5327102803738317,open,,,2026-09-09T18:23:06Z,,,,,v3-forward-measurement
02e10860-cdee-4b82-9625-1258543cf3aa,eb53f874-56b3-4db7-b736-d776547e65a6,2026-09-09T18:23:06Z,FanDuel Sportsbook structured market feed,,VA,NFL,35609019,Cleveland Browns @ Jacksonville Jaguars,2026-09-13T17:01:00.000Z,FanDuel,751.183935344,receptions,Brian Thomas Jr. - Total Receptions,,Brian Thomas Jr.,42267563,over,2.5,-172,1.581395348837209,0.6323529411764706,open,,,2026-09-09T18:23:06Z,,,,,v3-forward-measurement
02e10860-cdee-4b82-9625-1258543cf3aa,c130cf23-8919-4f36-996c-4debd8009f72,2026-09-09T18:23:06Z,FanDuel Sportsbook structured market feed,,VA,NFL,35609019,Cleveland Browns @ Jacksonville Jaguars,2026-09-13T17:01:00.000Z,FanDuel,751.183935344,receptions,Brian Thomas Jr. - Total Receptions,,Brian Thomas Jr.,42267562,under,2.5,128,2.28,0.43859649122807015,open,,,2026-09-09T18:23:06Z,,,,,v3-forward-measurement
02e10860-cdee-4b82-9625-1258543cf3aa,270998bd-2fe1-42d0-ad18-fffe149a7de5,2026-09-09T18:23:06Z,FanDuel Sportsbook structured market feed,,VA,NFL,35609019,Cleveland Browns @ Jacksonville Jaguars,2026-09-13T17:01:00.000Z,FanDuel,751.183973662,receptions,Harold Fannin Jr. - Total Receptions,,Harold Fannin Jr.,60595587,over,4.5,124,2.24,0.44642857142857145,open,,,2026-09-09T18:23:06Z,,,,,v3-forward-measurement
02e10860-cdee-4b82-9625-1258543cf3aa,132e0152-2272-420b-8d36-e2cafa50fc0f,2026-09-09T18:23:06Z,FanDuel Sportsbook structured market feed,,VA,NFL,35609019,Cleveland Browns @ Jacksonville Jaguars,2026-09-13T17:01:00.000Z,FanDuel,751.183973662,receptions,Harold Fannin Jr. - Total Receptions,,Harold Fannin Jr.,60595585,under,4.5,-166,1.602409638554217,0.6240601503759399,open,,,2026-09-09T18:23:06Z,,,,,v3-forward-measurement
02e10860-cdee-4b82-9625-1258543cf3aa,067357b0-c023-4ab8-a0e5-9b4ee2b3cd0a,2026-09-09T18:23:06Z,FanDuel Sportsbook structured market feed,,VA,NFL,35609019,Cleveland Browns @ Jacksonville Jaguars,2026-09-13T17:01:00.000Z,FanDuel,751.183973661,receiving_yards,Harold Fannin Jr. - Receiving Yds,,Harold Fannin Jr.,60595587,over,36.5,-114,1.87719298245614,0.5327102803738317,open,,,2026-09-09T18:23:06Z,,,,,v3-forward-measurement
02e10860-cdee-4b82-9625-1258543cf3aa,89a8204d-d9a3-41d0-92be-bf7696b550f0,2026-09-09T18:23:06Z,FanDuel Sportsbook structured market feed,,VA,NFL,35609019,Cleveland Browns @ Jacksonville Jaguars,2026-09-13T17:01:00.000Z,FanDuel,751.183973661,receiving_yards,Harold Fannin Jr. - Receiving Yds,,Harold Fannin Jr.,60595585,under,36.5,-114,1.87719298245614,0.5327102803738317,open,,,2026-09-09T18:23:06Z,,,,,v3-forward-measurement
02e10860-cdee-4b82-9625-1258543cf3aa,da78ad6d-4b0e-41eb-b4bf-3b7ff3a77205,2026-09-09T18:23:06Z,FanDuel Sportsbook structured market feed,,VA,NFL,35609019,Cleveland Browns @ Jacksonville Jaguars,2026-09-13T17:01:00.000Z,FanDuel,751.183962634,receptions,Jerry Jeudy - Total Receptions,,Jerry Jeudy,22336750,over,2.5,-174,1.574712643678161,0.635036496350365,open,,,2026-09-09T18:23:06Z,,,,,v3-forward-measurement
02e10860-cdee-4b82-9625-1258543cf3aa,e0091685-634f-417c-a9c2-da1e2786db89,2026-09-09T18:23:06Z,FanDuel Sportsbook structured market feed,,VA,NFL,35609019,Cleveland Browns @ Jacksonville Jaguars,2026-09-13T17:01:00.000Z,FanDuel,751.183962634,receptions,Jerry Jeudy - Total Receptions,,Jerry Jeudy,22336751,under,2.5,130,2.3,0.43478260869565216,open,,,2026-09-09T18:23:06Z,,,,,v3-forward-measurement
02e10860-cdee-4b82-9625-1258543cf3aa,1f17e8dc-ae2f-4dbf-8cd3-50f4733c8c3c,2026-09-09T18:23:06Z,FanDuel Sportsbook structured market feed,,VA,NFL,35609019,Cleveland Browns @ Jacksonville Jaguars,2026-09-13T17:01:00.000Z,FanDuel,751.183935357,receiving_yards,Jakobi Meyers - Receiving Yds,,Jakobi Meyers,26595189,over,37.5,-114,1.87719298245614,0.5327102803738317,open,,,2026-09-09T18:23:06Z,,,,,v3-forward-measurement
02e10860-cdee-4b82-9625-1258543cf3aa,2a5708c7-7c45-46b5-ae38-6d1c6357044e,2026-09-09T18:23:06Z,FanDuel Sportsbook structured market feed,,VA,NFL,35609019,Cleveland Browns @ Jacksonville Jaguars,2026-09-13T17:01:00.000Z,FanDuel,751.183935357,receiving_yards,Jakobi Meyers - Receiving Yds,,Jakobi Meyers,26595190,under,37.5,-114,1.87719298245614,0.5327102803738317,open,,,2026-09-09T18:23:06Z,,,,,v3-forward-measurement
02e10860-cdee-4b82-9625-1258543cf3aa,7e8f08df-8771-48d2-aadd-3d74c9468ff5,2026-09-09T18:23:06Z,FanDuel Sportsbook structured market feed,,VA,NFL,35609019,Cleveland Browns @ Jacksonville Jaguars,2026-09-13T17:01:00.000Z,FanDuel,751.183935275,receptions,Parker Washington - Total Receptions,,Parker Washington,41155821,over,3.5,-182,1.549450549450549,0.6453900709219859,open,,,2026-09-09T18:23:06Z,,,,,v3-forward-measurement
02e10860-cdee-4b82-9625-1258543cf3aa,fb669c58-e182-44a0-a6fe-17317b1df086,2026-09-09T18:23:06Z,FanDuel Sportsbook structured market feed,,VA,NFL,35609019,Cleveland Browns @ Jacksonville Jaguars,2026-09-13T17:01:00.000Z,FanDuel,751.183935275,receptions,Parker Washington - Total Receptions,,Parker Washington,41155820,under,3.5,136,2.36,0.423728813559322,open,,,2026-09-09T18:23:06Z,,,,,v3-forward-measurement
4cbadc73-a9c9-4803-a614-85c6514ac622,e8b3c2a3-e9f9-4150-bcb6-4c186e297bb7,2026-09-09T18:23:06Z,FanDuel Sportsbook structured market feed,,VA,NFL,35609020,Atlanta Falcons @ Pittsburgh Steelers,2026-09-13T17:01:00.000Z,FanDuel,751.184013998,passing_touchdowns,Tua Tagovailoa - Passing TDs,,Tua Tagovailoa,22336733,over,1.5,194,2.94,0.3401360544217687,open,,,2026-09-09T18:23:06Z,,,,,v3-forward-measurement
4cbadc73-a9c9-4803-a614-85c6514ac622,c8d6ee5b-6b76-4479-89a1-f041be77507d,2026-09-09T18:23:06Z,FanDuel Sportsbook structured market feed,,VA,NFL,35609020,Atlanta Falcons @ Pittsburgh Steelers,2026-09-13T17:01:00.000Z,FanDuel,751.184013998,passing_touchdowns,Tua Tagovailoa - Passing TDs,,Tua Tagovailoa,22336734,under,1.5,-270,1.37037037037037,0.7297297297297297,open,,,2026-09-09T18:23:06Z,,,,,v3-forward-measurement
4cbadc73-a9c9-4803-a614-85c6514ac622,a077e9e9-b3a9-4e95-a401-95593ef18534,2026-09-09T18:23:06Z,FanDuel Sportsbook structured market feed,,VA,NFL,35609020,Atlanta Falcons @ Pittsburgh Steelers,2026-09-13T17:01:00.000Z,FanDuel,751.184013946,passing_yards,Tua Tagovailoa - Passing Yds,,Tua Tagovailoa,22336733,over,210.5,-114,1.87719298245614,0.5327102803738317,open,,,2026-09-09T18:23:06Z,,,,,v3-forward-measurement
4cbadc73-a9c9-4803-a614-85c6514ac622,2ba4e6ec-e768-4602-95db-3417eff61869,2026-09-09T18:23:06Z,FanDuel Sportsbook structured market feed,,VA,NFL,35609020,Atlanta Falcons @ Pittsburgh Steelers,2026-09-13T17:01:00.000Z,FanDuel,751.184013946,passing_yards,Tua Tagovailoa - Passing Yds,,Tua Tagovailoa,22336734,under,210.5,-114,1.87719298245614,0.5327102803738317,open,,,2026-09-09T18:23:06Z,,,,,v3-forward-measurement
4cbadc73-a9c9-4803-a614-85c6514ac622,98354ad8-4506-4c5f-a067-499cf915812c,2026-09-09T18:23:06Z,FanDuel Sportsbook structured market feed,,VA,NFL,35609020,Atlanta Falcons @ Pittsburgh Steelers,2026-09-13T17:01:00.000Z,FanDuel,751.184014012,passing_touchdowns,Aaron Rodgers - Passing TDs,,Aaron Rodgers,11925813,over,1.5,116,2.16,0.46296296296296297,open,,,2026-09-09T18:23:06Z,,,,,v3-forward-measurement
4cbadc73-a9c9-4803-a614-85c6514ac622,97dbb9d0-7e07-4568-94a1-4b485641c37c,2026-09-09T18:23:06Z,FanDuel Sportsbook structured market feed,,VA,NFL,35609020,Atlanta Falcons @ Pittsburgh Steelers,2026-09-13T17:01:00.000Z,FanDuel,751.184014012,passing_touchdowns,Aaron Rodgers - Passing TDs,,Aaron Rodgers,11925812,under,1.5,-154,1.649350649350649,0.6062992125984252,open,,,2026-09-09T18:23:06Z,,,,,v3-forward-measurement
4cbadc73-a9c9-4803-a614-85c6514ac622,752a6b7d-6759-4fab-91cd-8d896bc0f2fc,2026-09-09T18:23:06Z,FanDuel Sportsbook structured market feed,,VA,NFL,35609020,Atlanta Falcons @ Pittsburgh Steelers,2026-09-13T17:01:00.000Z,FanDuel,751.184014026,passing_yards,Aaron Rodgers - Passing Yds,,Aaron Rodgers,11925813,over,210.5,-114,1.87719298245614,0.5327102803738317,open,,,2026-09-09T18:23:06Z,,,,,v3-forward-measurement
4cbadc73-a9c9-4803-a614-85c6514ac622,560a32eb-7895-423d-bfed-d092cf8474a7,2026-09-09T18:23:06Z,FanDuel Sportsbook structured market feed,,VA,NFL,35609020,Atlanta Falcons @ Pittsburgh Steelers,2026-09-13T17:01:00.000Z,FanDuel,751.184014026,passing_yards,Aaron Rodgers - Passing Yds,,Aaron Rodgers,11925812,under,210.5,-114,1.87719298245614,0.5327102803738317,open,,,2026-09-09T18:23:06Z,,,,,v3-forward-measurement
3bc997bb-ad28-48c4-a70a-cb86202e56b0,51e2cb01-5d59-4f67-8146-2218ad0ed6b3,2026-09-09T18:23:06Z,FanDuel Sportsbook structured market feed,,VA,NFL,35609020,Atlanta Falcons @ Pittsburgh Steelers,2026-09-13T17:01:00.000Z,FanDuel,751.184013959,rushing_yards,Bijan Robinson - Rushing Yds,,Bijan Robinson,41066843,over,76.5,-114,1.87719298245614,0.5327102803738317,open,,,2026-09-09T18:23:06Z,,,,,v3-forward-measurement
3bc997bb-ad28-48c4-a70a-cb86202e56b0,afad0bf3-1abf-4bf9-b278-445e83f30fdd,2026-09-09T18:23:06Z,FanDuel Sportsbook structured market feed,,VA,NFL,35609020,Atlanta Falcons @ Pittsburgh Steelers,2026-09-13T17:01:00.000Z,FanDuel,751.184013959,rushing_yards,Bijan Robinson - Rushing Yds,,Bijan Robinson,41066848,under,76.5,-114,1.87719298245614,0.5327102803738317,open,,,2026-09-09T18:23:06Z,,,,,v3-forward-measurement
3bc997bb-ad28-48c4-a70a-cb86202e56b0,9993cb03-03c5-428e-bee5-9206cbcecf94,2026-09-09T18:23:06Z,FanDuel Sportsbook structured market feed,,VA,NFL,35609020,Atlanta Falcons @ Pittsburgh Steelers,2026-09-13T17:01:00.000Z,FanDuel,751.185543888,rushing_yards,Brian Robinson Jr. - Rushing Yds,,Brian Robinson Jr.,41172134,over,23.5,-114,1.87719298245614,0.5327102803738317,open,,,2026-09-09T18:23:06Z,,,,,v3-forward-measurement
3bc997bb-ad28-48c4-a70a-cb86202e56b0,99c5c310-ee90-441f-a5f3-fdd6432dbf34,2026-09-09T18:23:06Z,FanDuel Sportsbook structured market feed,,VA,NFL,35609020,Atlanta Falcons @ Pittsburgh Steelers,2026-09-13T17:01:00.000Z,FanDuel,751.185543888,rushing_yards,Brian Robinson Jr. - Rushing Yds,,Brian Robinson Jr.,41172135,under,23.5,-114,1.87719298245614,0.5327102803738317,open,,,2026-09-09T18:23:06Z,,,,,v3-forward-measurement
3bc997bb-ad28-48c4-a70a-cb86202e56b0,9f0c6846-c68a-4f75-bb4f-0d2d002df31f,2026-09-09T18:23:06Z,FanDuel Sportsbook structured market feed,,VA,NFL,35609020,Atlanta Falcons @ Pittsburgh Steelers,2026-09-13T17:01:00.000Z,FanDuel,751.185248479,rushing_yards,Tua Tagovailoa - Rushing Yds,,Tua Tagovailoa,22336733,over,1.5,-114,1.87719298245614,0.5327102803738317,open,,,2026-09-09T18:23:06Z,,,,,v3-forward-measurement
3bc997bb-ad28-48c4-a70a-cb86202e56b0,c188c930-0361-4b3b-ace0-47d0e61b17db,2026-09-09T18:23:06Z,FanDuel Sportsbook structured market feed,,VA,NFL,35609020,Atlanta Falcons @ Pittsburgh Steelers,2026-09-13T17:01:00.000Z,FanDuel,751.185248479,rushing_yards,Tua Tagovailoa - Rushing Yds,,Tua Tagovailoa,22336734,under,1.5,-114,1.87719298245614,0.5327102803738317,open,,,2026-09-09T18:23:06Z,,,,,v3-forward-measurement
3bc997bb-ad28-48c4-a70a-cb86202e56b0,e63710fc-11cd-46ad-b200-11657ceacd47,2026-09-09T18:23:06Z,FanDuel Sportsbook structured market feed,,VA,NFL,35609020,Atlanta Falcons @ Pittsburgh Steelers,2026-09-13T17:01:00.000Z,FanDuel,751.184664453,rushing_yards,Rico Dowdle - Rushing Yds,,Rico Dowdle,60414660,over,42.5,-114,1.87719298245614,0.5327102803738317,open,,,2026-09-09T18:23:06Z,,,,,v3-forward-measurement
3bc997bb-ad28-48c4-a70a-cb86202e56b0,2091245f-e98e-4ab0-9dd5-da2d04a22550,2026-09-09T18:23:06Z,FanDuel Sportsbook structured market feed,,VA,NFL,35609020,Atlanta Falcons @ Pittsburgh Steelers,2026-09-13T17:01:00.000Z,FanDuel,751.184664453,rushing_yards,Rico Dowdle - Rushing Yds,,Rico Dowdle,60414648,under,42.5,-114,1.87719298245614,0.5327102803738317,open,,,2026-09-09T18:23:06Z,,,,,v3-forward-measurement
3bc997bb-ad28-48c4-a70a-cb86202e56b0,5bc859d2-a85a-4ba6-b4b4-9e72e8ab596f,2026-09-09T18:23:06Z,FanDuel Sportsbook structured market feed,,VA,NFL,35609020,Atlanta Falcons @ Pittsburgh Steelers,2026-09-13T17:01:00.000Z,FanDuel,751.184664452,rushing_yards,Jaylen Warren - Rushing Yds,,Jaylen Warren,41173071,over,43.5,-114,1.87719298245614,0.5327102803738317,open,,,2026-09-09T18:23:06Z,,,,,v3-forward-measurement
3bc997bb-ad28-48c4-a70a-cb86202e56b0,6a51eb25-99e9-4361-84e6-5f4517a23e58,2026-09-09T18:23:06Z,FanDuel Sportsbook structured market feed,,VA,NFL,35609020,Atlanta Falcons @ Pittsburgh Steelers,2026-09-13T17:01:00.000Z,FanDuel,751.184664452,rushing_yards,Jaylen Warren - Rushing Yds,,Jaylen Warren,41173070,under,43.5,-114,1.87719298245614,0.5327102803738317,open,,,2026-09-09T18:23:06Z,,,,,v3-forward-measurement
3bc997bb-ad28-48c4-a70a-cb86202e56b0,0e1492ed-2335-49d3-b49e-1919cdb31d54,2026-09-09T18:23:06Z,FanDuel Sportsbook structured market feed,,VA,NFL,35609020,Atlanta Falcons @ Pittsburgh Steelers,2026-09-13T17:01:00.000Z,FanDuel,751.185171894,rushing_yards,Aaron Rodgers - Rushing Yds,,Aaron Rodgers,11925813,over,0.5,-114,1.87719298245614,0.5327102803738317,open,,,2026-09-09T18:23:06Z,,,,,v3-forward-measurement
3bc997bb-ad28-48c4-a70a-cb86202e56b0,b352ff2e-f89c-4f43-98a4-7153159af223,2026-09-09T18:23:06Z,FanDuel Sportsbook structured market feed,,VA,NFL,35609020,Atlanta Falcons @ Pittsburgh Steelers,2026-09-13T17:01:00.000Z,FanDuel,751.185171894,rushing_yards,Aaron Rodgers - Rushing Yds,,Aaron Rodgers,11925812,under,0.5,-114,1.87719298245614,0.5327102803738317,open,,,2026-09-09T18:23:06Z,,,,,v3-forward-measurement
29c1ecf1-178a-4c71-8c37-59f0f8596a3c,79719993-e54c-4c2c-8ce3-548e0f9e140d,2026-09-09T18:23:06Z,FanDuel Sportsbook structured market feed,,VA,NFL,35609020,Atlanta Falcons @ Pittsburgh Steelers,2026-09-13T17:01:00.000Z,FanDuel,751.184665009,receiving_yards,Pat Freiermuth - Receiving Yds,,Pat Freiermuth,40898371,over,25.5,-114,1.87719298245614,0.5327102803738317,open,,,2026-09-09T18:23:06Z,,,,,v3-forward-measurement
29c1ecf1-178a-4c71-8c37-59f0f8596a3c,6fc88d45-dfa2-4ce0-b90e-e5590febe810,2026-09-09T18:23:06Z,FanDuel Sportsbook structured market feed,,VA,NFL,35609020,Atlanta Falcons @ Pittsburgh Steelers,2026-09-13T17:01:00.000Z,FanDuel,751.184665009,receiving_yards,Pat Freiermuth - Receiving Yds,,Pat Freiermuth,40898373,under,25.5,-114,1.87719298245614,0.5327102803738317,open,,,2026-09-09T18:23:06Z,,,,,v3-forward-measurement
29c1ecf1-178a-4c71-8c37-59f0f8596a3c,cc0c09e4-ebd2-48fc-b5a2-17dccddd05f3,2026-09-09T18:23:06Z,FanDuel Sportsbook structured market feed,,VA,NFL,35609020,Atlanta Falcons @ Pittsburgh Steelers,2026-09-13T17:01:00.000Z,FanDuel,751.184018137,receptions,DK Metcalf - Total Receptions,,DK Metcalf,26036402,over,3.5,-136,1.735294117647059,0.576271186440678,open,,,2026-09-09T18:23:06Z,,,,,v3-forward-measurement
29c1ecf1-178a-4c71-8c37-59f0f8596a3c,6b20d15e-a47a-4f9e-9c66-628fae0a33f5,2026-09-09T18:23:06Z,FanDuel Sportsbook structured market feed,,VA,NFL,35609020,Atlanta Falcons @ Pittsburgh Steelers,2026-09-13T17:01:00.000Z,FanDuel,751.184018137,receptions,DK Metcalf - Total Receptions,,DK Metcalf,26036403,under,3.5,102,2.02,0.49504950495049505,open,,,2026-09-09T18:23:06Z,,,,,v3-forward-measurement
29c1ecf1-178a-4c71-8c37-59f0f8596a3c,6cce9901-aa93-45b7-95f2-36dd5e9eb8ad,2026-09-09T18:23:06Z,FanDuel Sportsbook structured market feed,,VA,NFL,35609020,Atlanta Falcons @ Pittsburgh Steelers,2026-09-13T17:01:00.000Z,FanDuel,751.184665004,receptions,Rico Dowdle - Total Receptions,,Rico Dowdle,60414660,over,1.5,-148,1.675675675675676,0.5967741935483871,open,,,2026-09-09T18:23:06Z,,,,,v3-forward-measurement
29c1ecf1-178a-4c71-8c37-59f0f8596a3c,16b9bc8e-e867-4cc6-aa71-dab4bd8c0305,2026-09-09T18:23:06Z,FanDuel Sportsbook structured market feed,,VA,NFL,35609020,Atlanta Falcons @ Pittsburgh Steelers,2026-09-13T17:01:00.000Z,FanDuel,751.184665004,receptions,Rico Dowdle - Total Receptions,,Rico Dowdle,60414648,under,1.5,112,2.12,0.4716981132075472,open,,,2026-09-09T18:23:06Z,,,,,v3-forward-measurement
29c1ecf1-178a-4c71-8c37-59f0f8596a3c,a3e25e8a-5c4b-406b-8f43-186f6a58b5a5,2026-09-09T18:23:06Z,FanDuel Sportsbook structured market feed,,VA,NFL,35609020,Atlanta Falcons @ Pittsburgh Steelers,2026-09-13T17:01:00.000Z,FanDuel,751.184968974,receiving_yards,Jahan Dotson - Receiving Yds,,Jahan Dotson,41155779,over,18.5,-114,1.87719298245614,0.5327102803738317,open,,,2026-09-09T18:23:06Z,,,,,v3-forward-measurement
29c1ecf1-178a-4c71-8c37-59f0f8596a3c,d3a9bfd7-2cb8-40f1-95bc-d3ea0a8a9de5,2026-09-09T18:23:06Z,FanDuel Sportsbook structured market feed,,VA,NFL,35609020,Atlanta Falcons @ Pittsburgh Steelers,2026-09-13T17:01:00.000Z,FanDuel,751.184968974,receiving_yards,Jahan Dotson - Receiving Yds,,Jahan Dotson,41155780,under,18.5,-114,1.87719298245614,0.5327102803738317,open,,,2026-09-09T18:23:06Z,,,,,v3-forward-measurement
29c1ecf1-178a-4c71-8c37-59f0f8596a3c,963b3db1-1033-4fcd-bbdf-b498e89b9084,2026-09-09T18:23:06Z,FanDuel Sportsbook structured market feed,,VA,NFL,35609020,Atlanta Falcons @ Pittsburgh Steelers,2026-09-13T17:01:00.000Z,FanDuel,751.184024147,receptions,Kyle Pitts - Total Receptions,,Kyle Pitts,40878305,over,4.5,112,2.12,0.4716981132075472,open,,,2026-09-09T18:23:06Z,,,,,v3-forward-measurement
29c1ecf1-178a-4c71-8c37-59f0f8596a3c,2c104394-9c22-4155-90ab-fe318be5d515,2026-09-09T18:23:06Z,FanDuel Sportsbook structured market feed,,VA,NFL,35609020,Atlanta Falcons @ Pittsburgh Steelers,2026-09-13T17:01:00.000Z,FanDuel,751.184024147,receptions,Kyle Pitts - Total Receptions,,Kyle Pitts,40878308,under,4.5,-148,1.675675675675676,0.5967741935483871,open,,,2026-09-09T18:23:06Z,,,,,v3-forward-measurement
29c1ecf1-178a-4c71-8c37-59f0f8596a3c,fddda53d-893a-4801-9140-6b240b185140,2026-09-09T18:23:06Z,FanDuel Sportsbook structured market feed,,VA,NFL,35609020,Atlanta Falcons @ Pittsburgh Steelers,2026-09-13T17:01:00.000Z,FanDuel,751.184968975,receptions,Jahan Dotson - Total Receptions,,Jahan Dotson,41155779,over,1.5,-172,1.581395348837209,0.6323529411764706,open,,,2026-09-09T18:23:06Z,,,,,v3-forward-measurement
29c1ecf1-178a-4c71-8c37-59f0f8596a3c,678c3afb-1356-488f-a937-50a19b5c1158,2026-09-09T18:23:06Z,FanDuel Sportsbook structured market feed,,VA,NFL,35609020,Atlanta Falcons @ Pittsburgh Steelers,2026-09-13T17:01:00.000Z,FanDuel,751.184968975,receptions,Jahan Dotson - Total Receptions,,Jahan Dotson,41155780,under,1.5,128,2.28,0.43859649122807015,open,,,2026-09-09T18:23:06Z,,,,,v3-forward-measurement
29c1ecf1-178a-4c71-8c37-59f0f8596a3c,8d66ae26-1c49-41f2-aa1a-a9a8ab34d9e4,2026-09-09T18:23:06Z,FanDuel Sportsbook structured market feed,,VA,NFL,35609020,Atlanta Falcons @ Pittsburgh Steelers,2026-09-13T17:01:00.000Z,FanDuel,751.184024145,receiving_yards,Kyle Pitts - Receiving Yds,,Kyle Pitts,40878305,over,43.5,-114,1.87719298245614,0.5327102803738317,open,,,2026-09-09T18:23:06Z,,,,,v3-forward-measurement
29c1ecf1-178a-4c71-8c37-59f0f8596a3c,6dda88b1-1879-4b34-8199-1f62076d4282,2026-09-09T18:23:06Z,FanDuel Sportsbook structured market feed,,VA,NFL,35609020,Atlanta Falcons @ Pittsburgh Steelers,2026-09-13T17:01:00.000Z,FanDuel,751.184024145,receiving_yards,Kyle Pitts - Receiving Yds,,Kyle Pitts,40878308,under,43.5,-114,1.87719298245614,0.5327102803738317,open,,,2026-09-09T18:23:06Z,,,,,v3-forward-measurement
29c1ecf1-178a-4c71-8c37-59f0f8596a3c,8d237f71-5b0d-4313-9ffa-9683b8959545,2026-09-09T18:23:06Z,FanDuel Sportsbook structured market feed,,VA,NFL,35609020,Atlanta Falcons @ Pittsburgh Steelers,2026-09-13T17:01:00.000Z,FanDuel,751.185126746,receptions,Darnell Washington - Total Receptions,,Darnell Washington,60408354,over,1.5,-172,1.581395348837209,0.6323529411764706,open,,,2026-09-09T18:23:06Z,,,,,v3-forward-measurement
29c1ecf1-178a-4c71-8c37-59f0f8596a3c,0dd19018-4102-4627-83c4-32eb54abedb8,2026-09-09T18:23:06Z,FanDuel Sportsbook structured market feed,,VA,NFL,35609020,Atlanta Falcons @ Pittsburgh Steelers,2026-09-13T17:01:00.000Z,FanDuel,751.185126746,receptions,Darnell Washington - Total Receptions,,Darnell Washington,60408353,under,1.5,128,2.28,0.43859649122807015,open,,,2026-09-09T18:23:06Z,,,,,v3-forward-measurement
29c1ecf1-178a-4c71-8c37-59f0f8596a3c,1256095d-9eae-41ea-b2a6-493646a39376,2026-09-09T18:23:06Z,FanDuel Sportsbook structured market feed,,VA,NFL,35609020,Atlanta Falcons @ Pittsburgh Steelers,2026-09-13T17:01:00.000Z,FanDuel,751.185126743,receiving_yards,Darnell Washington - Receiving Yds,,Darnell Washington,60408354,over,16.5,-114,1.87719298245614,0.5327102803738317,open,,,2026-09-09T18:23:06Z,,,,,v3-forward-measurement
29c1ecf1-178a-4c71-8c37-59f0f8596a3c,dcfa8567-0b3b-4b20-97bd-7790facaa94b,2026-09-09T18:23:06Z,FanDuel Sportsbook structured market feed,,VA,NFL,35609020,Atlanta Falcons @ Pittsburgh Steelers,2026-09-13T17:01:00.000Z,FanDuel,751.185126743,receiving_yards,Darnell Washington - Receiving Yds,,Darnell Washington,60408353,under,16.5,-114,1.87719298245614,0.5327102803738317,open,,,2026-09-09T18:23:06Z,,,,,v3-forward-measurement
29c1ecf1-178a-4c71-8c37-59f0f8596a3c,eced7c64-f42c-408b-966d-12262861cb54,2026-09-09T18:23:06Z,FanDuel Sportsbook structured market feed,,VA,NFL,35609020,Atlanta Falcons @ Pittsburgh Steelers,2026-09-13T17:01:00.000Z,FanDuel,751.184018133,receptions,Drake London - Total Receptions,,Drake London,41172406,over,5.5,-125,1.8,0.5555555555555556,open,,,2026-09-09T18:23:06Z,,,,,v3-forward-measurement
29c1ecf1-178a-4c71-8c37-59f0f8596a3c,912ce929-8eb8-41d7-834f-2e77c69d20e3,2026-09-09T18:23:06Z,FanDuel Sportsbook structured market feed,,VA,NFL,35609020,Atlanta Falcons @ Pittsburgh Steelers,2026-09-13T17:01:00.000Z,FanDuel,751.184018133,receptions,Drake London - Total Receptions,,Drake London,41172405,under,5.5,-106,1.943396226415094,0.5145631067961165,open,,,2026-09-09T18:23:06Z,,,,,v3-forward-measurement
29c1ecf1-178a-4c71-8c37-59f0f8596a3c,bc11629e-a047-4545-ba70-b59255f80940,2026-09-09T18:23:06Z,FanDuel Sportsbook structured market feed,,VA,NFL,35609020,Atlanta Falcons @ Pittsburgh Steelers,2026-09-13T17:01:00.000Z,FanDuel,751.184018129,receiving_yards,Drake London - Receiving Yds,,Drake London,41172406,over,64.5,-114,1.87719298245614,0.5327102803738317,open,,,2026-09-09T18:23:06Z,,,,,v3-forward-measurement
29c1ecf1-178a-4c71-8c37-59f0f8596a3c,d8a03030-7a59-4cfb-ad2f-0cb40f3fd92b,2026-09-09T18:23:06Z,FanDuel Sportsbook structured market feed,,VA,NFL,35609020,Atlanta Falcons @ Pittsburgh Steelers,2026-09-13T17:01:00.000Z,FanDuel,751.184018129,receiving_yards,Drake London - Receiving Yds,,Drake London,41172405,under,64.5,-114,1.87719298245614,0.5327102803738317,open,,,2026-09-09T18:23:06Z,,,,,v3-forward-measurement
29c1ecf1-178a-4c71-8c37-59f0f8596a3c,561afeaa-9462-4220-a11d-2d9956f4088e,2026-09-09T18:23:06Z,FanDuel Sportsbook structured market feed,,VA,NFL,35609020,Atlanta Falcons @ Pittsburgh Steelers,2026-09-13T17:01:00.000Z,FanDuel,751.184665033,receptions,Jaylen Warren - Total Receptions,,Jaylen Warren,41173071,over,2.5,-114,1.87719298245614,0.5327102803738317,open,,,2026-09-09T18:23:06Z,,,,,v3-forward-measurement
29c1ecf1-178a-4c71-8c37-59f0f8596a3c,b04d4a75-2f00-47bb-bc96-7aaa25b3d831,2026-09-09T18:23:06Z,FanDuel Sportsbook structured market feed,,VA,NFL,35609020,Atlanta Falcons @ Pittsburgh Steelers,2026-09-13T17:01:00.000Z,FanDuel,751.184665033,receptions,Jaylen Warren - Total Receptions,,Jaylen Warren,41173070,under,2.5,-114,1.87719298245614,0.5327102803738317,open,,,2026-09-09T18:23:06Z,,,,,v3-forward-measurement
29c1ecf1-178a-4c71-8c37-59f0f8596a3c,42e4583d-35a3-4872-a1de-f594bda1f408,2026-09-09T18:23:06Z,FanDuel Sportsbook structured market feed,,VA,NFL,35609020,Atlanta Falcons @ Pittsburgh Steelers,2026-09-13T17:01:00.000Z,FanDuel,751.184018122,receiving_yards,DK Metcalf - Receiving Yds,,DK Metcalf,26036402,over,48.5,-114,1.87719298245614,0.5327102803738317,open,,,2026-09-09T18:23:06Z,,,,,v3-forward-measurement
29c1ecf1-178a-4c71-8c37-59f0f8596a3c,8cb34fd2-d7d2-4286-8098-378ebd008b2c,2026-09-09T18:23:06Z,FanDuel Sportsbook structured market feed,,VA,NFL,35609020,Atlanta Falcons @ Pittsburgh Steelers,2026-09-13T17:01:00.000Z,FanDuel,751.184018122,receiving_yards,DK Metcalf - Receiving Yds,,DK Metcalf,26036403,under,48.5,-114,1.87719298245614,0.5327102803738317,open,,,2026-09-09T18:23:06Z,,,,,v3-forward-measurement
29c1ecf1-178a-4c71-8c37-59f0f8596a3c,da92f6ce-2e31-4cb0-96c8-6448f97490f0,2026-09-09T18:23:06Z,FanDuel Sportsbook structured market feed,,VA,NFL,35609020,Atlanta Falcons @ Pittsburgh Steelers,2026-09-13T17:01:00.000Z,FanDuel,751.184665031,receiving_yards,Rico Dowdle - Receiving Yds,,Rico Dowdle,60414660,over,10.5,-114,1.87719298245614,0.5327102803738317,open,,,2026-09-09T18:23:06Z,,,,,v3-forward-measurement
29c1ecf1-178a-4c71-8c37-59f0f8596a3c,a8e34458-d83f-4a38-bd89-f0d12ed0f412,2026-09-09T18:23:06Z,FanDuel Sportsbook structured market feed,,VA,NFL,35609020,Atlanta Falcons @ Pittsburgh Steelers,2026-09-13T17:01:00.000Z,FanDuel,751.184665031,receiving_yards,Rico Dowdle - Receiving Yds,,Rico Dowdle,60414648,under,10.5,-114,1.87719298245614,0.5327102803738317,open,,,2026-09-09T18:23:06Z,,,,,v3-forward-measurement
29c1ecf1-178a-4c71-8c37-59f0f8596a3c,52444391-e36a-4f98-9f09-c3e150e4e076,2026-09-09T18:23:06Z,FanDuel Sportsbook structured market feed,,VA,NFL,35609020,Atlanta Falcons @ Pittsburgh Steelers,2026-09-13T17:01:00.000Z,FanDuel,751.184023667,receptions,Michael Pittman Jr. - Total Receptions,,Michael Pittman Jr.,36175140,over,3.5,-188,1.531914893617021,0.6527777777777778,open,,,2026-09-09T18:23:06Z,,,,,v3-forward-measurement
29c1ecf1-178a-4c71-8c37-59f0f8596a3c,f5ac06fa-6256-4155-8eb1-e989349a70af,2026-09-09T18:23:06Z,FanDuel Sportsbook structured market feed,,VA,NFL,35609020,Atlanta Falcons @ Pittsburgh Steelers,2026-09-13T17:01:00.000Z,FanDuel,751.184023667,receptions,Michael Pittman Jr. - Total Receptions,,Michael Pittman Jr.,36175141,under,3.5,140,2.4,0.4166666666666667,open,,,2026-09-09T18:23:06Z,,,,,v3-forward-measurement
29c1ecf1-178a-4c71-8c37-59f0f8596a3c,5631fa5b-7e9e-45f9-9d28-c9b4d10ac0f7,2026-09-09T18:23:06Z,FanDuel Sportsbook structured market feed,,VA,NFL,35609020,Atlanta Falcons @ Pittsburgh Steelers,2026-09-13T17:01:00.000Z,FanDuel,751.184023668,receiving_yards,Michael Pittman Jr. - Receiving Yds,,Michael Pittman Jr.,36175140,over,38.5,-114,1.87719298245614,0.5327102803738317,open,,,2026-09-09T18:23:06Z,,,,,v3-forward-measurement
29c1ecf1-178a-4c71-8c37-59f0f8596a3c,4cc653db-3b36-44fd-a658-7196f531e977,2026-09-09T18:23:06Z,FanDuel Sportsbook structured market feed,,VA,NFL,35609020,Atlanta Falcons @ Pittsburgh Steelers,2026-09-13T17:01:00.000Z,FanDuel,751.184023668,receiving_yards,Michael Pittman Jr. - Receiving Yds,,Michael Pittman Jr.,36175141,under,38.5,-114,1.87719298245614,0.5327102803738317,open,,,2026-09-09T18:23:06Z,,,,,v3-forward-measurement
29c1ecf1-178a-4c71-8c37-59f0f8596a3c,d3377caf-f14b-4e5d-8548-e878a498c9ff,2026-09-09T18:23:06Z,FanDuel Sportsbook structured market feed,,VA,NFL,35609020,Atlanta Falcons @ Pittsburgh Steelers,2026-09-13T17:01:00.000Z,FanDuel,751.184665029,receiving_yards,Jaylen Warren - Receiving Yds,,Jaylen Warren,41173071,over,15.5,-114,1.87719298245614,0.5327102803738317,open,,,2026-09-09T18:23:06Z,,,,,v3-forward-measurement
29c1ecf1-178a-4c71-8c37-59f0f8596a3c,4a357216-da29-4fc4-9397-4f1bb0effaed,2026-09-09T18:23:06Z,FanDuel Sportsbook structured market feed,,VA,NFL,35609020,Atlanta Falcons @ Pittsburgh Steelers,2026-09-13T17:01:00.000Z,FanDuel,751.184665029,receiving_yards,Jaylen Warren - Receiving Yds,,Jaylen Warren,41173070,under,15.5,-114,1.87719298245614,0.5327102803738317,open,,,2026-09-09T18:23:06Z,,,,,v3-forward-measurement
29c1ecf1-178a-4c71-8c37-59f0f8596a3c,47e51390-8f67-439c-8e5b-105ef40c8310,2026-09-09T18:23:06Z,FanDuel Sportsbook structured market feed,,VA,NFL,35609020,Atlanta Falcons @ Pittsburgh Steelers,2026-09-13T17:01:00.000Z,FanDuel,751.184665025,receptions,Pat Freiermuth - Total Receptions,,Pat Freiermuth,40898371,over,2.5,-138,1.72463768115942,0.5798319327731093,open,,,2026-09-09T18:23:06Z,,,,,v3-forward-measurement
29c1ecf1-178a-4c71-8c37-59f0f8596a3c,6d05a1bd-df43-489f-ad92-cbcc6d2ba56f,2026-09-09T18:23:06Z,FanDuel Sportsbook structured market feed,,VA,NFL,35609020,Atlanta Falcons @ Pittsburgh Steelers,2026-09-13T17:01:00.000Z,FanDuel,751.184665025,receptions,Pat Freiermuth - Total Receptions,,Pat Freiermuth,40898373,under,2.5,104,2.04,0.49019607843137253,open,,,2026-09-09T18:23:06Z,,,,,v3-forward-measurement
29c1ecf1-178a-4c71-8c37-59f0f8596a3c,878ceb19-ca5a-43e1-bd1a-0361c84c7879,2026-09-09T18:23:06Z,FanDuel Sportsbook structured market feed,,VA,NFL,35609020,Atlanta Falcons @ Pittsburgh Steelers,2026-09-13T17:01:00.000Z,FanDuel,751.184024363,receptions,Bijan Robinson - Total Receptions,,Bijan Robinson,41066843,over,4.5,106,2.06,0.4854368932038835,open,,,2026-09-09T18:23:06Z,,,,,v3-forward-measurement
29c1ecf1-178a-4c71-8c37-59f0f8596a3c,ae93f1e8-9d27-4b39-afa7-2eb66430f487,2026-09-09T18:23:06Z,FanDuel Sportsbook structured market feed,,VA,NFL,35609020,Atlanta Falcons @ Pittsburgh Steelers,2026-09-13T17:01:00.000Z,FanDuel,751.184024363,receptions,Bijan Robinson - Total Receptions,,Bijan Robinson,41066848,under,4.5,-140,1.714285714285714,0.5833333333333334,open,,,2026-09-09T18:23:06Z,,,,,v3-forward-measurement
29c1ecf1-178a-4c71-8c37-59f0f8596a3c,35c55779-731e-481d-a97c-ef88cad5b0c6,2026-09-09T18:23:06Z,FanDuel Sportsbook structured market feed,,VA,NFL,35609020,Atlanta Falcons @ Pittsburgh Steelers,2026-09-13T17:01:00.000Z,FanDuel,751.184022875,receiving_yards,Bijan Robinson - Receiving Yds,,Bijan Robinson,41066843,over,37.5,-114,1.87719298245614,0.5327102803738317,open,,,2026-09-09T18:23:06Z,,,,,v3-forward-measurement
29c1ecf1-178a-4c71-8c37-59f0f8596a3c,5e4c5103-1297-4cc2-a8e4-237c52151044,2026-09-09T18:23:06Z,FanDuel Sportsbook structured market feed,,VA,NFL,35609020,Atlanta Falcons @ Pittsburgh Steelers,2026-09-13T17:01:00.000Z,FanDuel,751.184022875,receiving_yards,Bijan Robinson - Receiving Yds,,Bijan Robinson,41066848,under,37.5,-114,1.87719298245614,0.5327102803738317,open,,,2026-09-09T18:23:06Z,,,,,v3-forward-measurement
fda24337-fcbd-4cbe-b056-858c5cd5ded7,70e0c85b-a38b-4281-bda0-8939d2e0268f,2026-09-09T18:23:06Z,FanDuel Sportsbook structured market feed,,VA,NFL,35609021,New York Jets @ Tennessee Titans,2026-09-13T17:01:00.000Z,FanDuel,751.183999097,passing_yards,Cam Ward - Passing Yds,,Cam Ward,87765275,over,201.5,-114,1.87719298245614,0.5327102803738317,open,,,2026-09-09T18:23:06Z,,,,,v3-forward-measurement
fda24337-fcbd-4cbe-b056-858c5cd5ded7,bb456b35-6f0f-45ba-835f-65f29bded108,2026-09-09T18:23:06Z,FanDuel Sportsbook structured market feed,,VA,NFL,35609021,New York Jets @ Tennessee Titans,2026-09-13T17:01:00.000Z,FanDuel,751.183999097,passing_yards,Cam Ward - Passing Yds,,Cam Ward,87765263,under,201.5,-114,1.87719298245614,0.5327102803738317,open,,,2026-09-09T18:23:06Z,,,,,v3-forward-measurement
fda24337-fcbd-4cbe-b056-858c5cd5ded7,f4590ab0-d042-4f17-ac9a-620bff358d3f,2026-09-09T18:23:06Z,FanDuel Sportsbook structured market feed,,VA,NFL,35609021,New York Jets @ Tennessee Titans,2026-09-13T17:01:00.000Z,FanDuel,751.183999122,passing_touchdowns,Cam Ward - Passing TDs,,Cam Ward,87765275,over,1.5,182,2.82,0.3546099290780142,open,,,2026-09-09T18:23:06Z,,,,,v3-forward-measurement
fda24337-fcbd-4cbe-b056-858c5cd5ded7,79e54914-1404-4e1a-84be-f29f7a24b16c,2026-09-09T18:23:06Z,FanDuel Sportsbook structured market feed,,VA,NFL,35609021,New York Jets @ Tennessee Titans,2026-09-13T17:01:00.000Z,FanDuel,751.183999122,passing_touchdowns,Cam Ward - Passing TDs,,Cam Ward,87765263,under,1.5,-250,1.4,0.7142857142857143,open,,,2026-09-09T18:23:06Z,,,,,v3-forward-measurement
fda24337-fcbd-4cbe-b056-858c5cd5ded7,ad5e36dd-fa22-4996-97ca-bb2c328e5c6e,2026-09-09T18:23:06Z,FanDuel Sportsbook structured market feed,,VA,NFL,35609021,New York Jets @ Tennessee Titans,2026-09-13T17:01:00.000Z,FanDuel,751.183999047,passing_yards,Geno Smith - Passing Yds,,Geno Smith,12004381,over,212.5,-114,1.87719298245614,0.5327102803738317,open,,,2026-09-09T18:23:06Z,,,,,v3-forward-measurement
fda24337-fcbd-4cbe-b056-858c5cd5ded7,8e1c7774-d7d2-4ac9-9332-2580187fcdf2,2026-09-09T18:23:06Z,FanDuel Sportsbook structured market feed,,VA,NFL,35609021,New York Jets @ Tennessee Titans,2026-09-13T17:01:00.000Z,FanDuel,751.183999047,passing_yards,Geno Smith - Passing Yds,,Geno Smith,12004382,under,212.5,-114,1.87719298245614,0.5327102803738317,open,,,2026-09-09T18:23:06Z,,,,,v3-forward-measurement
fda24337-fcbd-4cbe-b056-858c5cd5ded7,5dff17e3-9587-4ed7-8fbd-fe2d8ca35512,2026-09-09T18:23:06Z,FanDuel Sportsbook structured market feed,,VA,NFL,35609021,New York Jets @ Tennessee Titans,2026-09-13T17:01:00.000Z,FanDuel,751.183998992,passing_touchdowns,Geno Smith - Passing TDs,,Geno Smith,12004381,over,0.5,-245,1.408163265306122,0.7101449275362319,open,,,2026-09-09T18:23:06Z,,,,,v3-forward-measurement
fda24337-fcbd-4cbe-b056-858c5cd5ded7,004af4bf-f453-4a69-aa60-4d12dc272498,2026-09-09T18:23:06Z,FanDuel Sportsbook structured market feed,,VA,NFL,35609021,New York Jets @ Tennessee Titans,2026-09-13T17:01:00.000Z,FanDuel,751.183998992,passing_touchdowns,Geno Smith - Passing TDs,,Geno Smith,12004382,under,0.5,178,2.78,0.3597122302158273,open,,,2026-09-09T18:23:06Z,,,,,v3-forward-measurement
2f27070a-e329-4c85-9684-48cbe1c82f5c,9a8e5147-f028-48b8-bfc4-5b374b98831e,2026-09-09T18:23:06Z,FanDuel Sportsbook structured market feed,,VA,NFL,35609021,New York Jets @ Tennessee Titans,2026-09-13T17:01:00.000Z,FanDuel,751.184002847,rushing_yards,Breece Hall - Rushing Yds,,Breece Hall,41075120,over,64.5,-114,1.87719298245614,0.5327102803738317,open,,,2026-09-09T18:23:06Z,,,,,v3-forward-measurement
2f27070a-e329-4c85-9684-48cbe1c82f5c,0c29c3f5-ff96-4f6f-96bf-b1ee32c791e3,2026-09-09T18:23:06Z,FanDuel Sportsbook structured market feed,,VA,NFL,35609021,New York Jets @ Tennessee Titans,2026-09-13T17:01:00.000Z,FanDuel,751.184002847,rushing_yards,Breece Hall - Rushing Yds,,Breece Hall,41075121,under,64.5,-114,1.87719298245614,0.5327102803738317,open,,,2026-09-09T18:23:06Z,,,,,v3-forward-measurement
2f27070a-e329-4c85-9684-48cbe1c82f5c,7bc10226-d37c-420f-b378-1e68296a4233,2026-09-09T18:23:06Z,FanDuel Sportsbook structured market feed,,VA,NFL,35609021,New York Jets @ Tennessee Titans,2026-09-13T17:01:00.000Z,FanDuel,751.184003487,rushing_yards,Geno Smith - Rushing Yds,,Geno Smith,12004381,over,5.5,-114,1.87719298245614,0.5327102803738317,open,,,2026-09-09T18:23:06Z,,,,,v3-forward-measurement
2f27070a-e329-4c85-9684-48cbe1c82f5c,af531c53-a901-42c5-86a8-2618893190a6,2026-09-09T18:23:06Z,FanDuel Sportsbook structured market feed,,VA,NFL,35609021,New York Jets @ Tennessee Titans,2026-09-13T17:01:00.000Z,FanDuel,751.184003487,rushing_yards,Geno Smith - Rushing Yds,,Geno Smith,12004382,under,5.5,-114,1.87719298245614,0.5327102803738317,open,,,2026-09-09T18:23:06Z,,,,,v3-forward-measurement
2f27070a-e329-4c85-9684-48cbe1c82f5c,5a880a00-de34-48b3-9a46-d81a6e8a72a5,2026-09-09T18:23:06Z,FanDuel Sportsbook structured market feed,,VA,NFL,35609021,New York Jets @ Tennessee Titans,2026-09-13T17:01:00.000Z,FanDuel,751.184003488,rushing_yards,Cam Ward - Rushing Yds,,Cam Ward,87765275,over,8.5,-114,1.87719298245614,0.5327102803738317,open,,,2026-09-09T18:23:06Z,,,,,v3-forward-measurement
2f27070a-e329-4c85-9684-48cbe1c82f5c,5bda71bf-3c0b-427a-aece-636e09ef7ca9,2026-09-09T18:23:06Z,FanDuel Sportsbook structured market feed,,VA,NFL,35609021,New York Jets @ Tennessee Titans,2026-09-13T17:01:00.000Z,FanDuel,751.184003488,rushing_yards,Cam Ward - Rushing Yds,,Cam Ward,87765263,under,8.5,-114,1.87719298245614,0.5327102803738317,open,,,2026-09-09T18:23:06Z,,,,,v3-forward-measurement
2f27070a-e329-4c85-9684-48cbe1c82f5c,9809e326-6c36-4588-999e-bd45df897a8e,2026-09-09T18:23:06Z,FanDuel Sportsbook structured market feed,,VA,NFL,35609021,New York Jets @ Tennessee Titans,2026-09-13T17:01:00.000Z,FanDuel,751.184985098,rushing_yards,Braelon Allen - Rushing Yds,,Braelon Allen,41500946,over,17.5,-114,1.87719298245614,0.5327102803738317,open,,,2026-09-09T18:23:06Z,,,,,v3-forward-measurement
2f27070a-e329-4c85-9684-48cbe1c82f5c,f6966d9d-6faa-4829-8ffa-f5fca1880651,2026-09-09T18:23:06Z,FanDuel Sportsbook structured market feed,,VA,NFL,35609021,New York Jets @ Tennessee Titans,2026-09-13T17:01:00.000Z,FanDuel,751.184985098,rushing_yards,Braelon Allen - Rushing Yds,,Braelon Allen,41500945,under,17.5,-114,1.87719298245614,0.5327102803738317,open,,,2026-09-09T18:23:06Z,,,,,v3-forward-measurement
2f27070a-e329-4c85-9684-48cbe1c82f5c,8e5b929b-3131-4160-97fd-0e52fcc3e928,2026-09-09T18:23:06Z,FanDuel Sportsbook structured market feed,,VA,NFL,35609021,New York Jets @ Tennessee Titans,2026-09-13T17:01:00.000Z,FanDuel,751.184002843,rushing_yards,Tony Pollard - Rushing Yds,,Tony Pollard,26271306,over,54.5,-114,1.87719298245614,0.5327102803738317,open,,,2026-09-09T18:23:06Z,,,,,v3-forward-measurement
2f27070a-e329-4c85-9684-48cbe1c82f5c,d9ae912b-9182-40a8-8841-555faddc79cc,2026-09-09T18:23:06Z,FanDuel Sportsbook structured market feed,,VA,NFL,35609021,New York Jets @ Tennessee Titans,2026-09-13T17:01:00.000Z,FanDuel,751.184002843,rushing_yards,Tony Pollard - Rushing Yds,,Tony Pollard,26271307,under,54.5,-114,1.87719298245614,0.5327102803738317,open,,,2026-09-09T18:23:06Z,,,,,v3-forward-measurement
2f27070a-e329-4c85-9684-48cbe1c82f5c,46994029-832c-4d92-9b80-c1963dc69795,2026-09-09T18:23:06Z,FanDuel Sportsbook structured market feed,,VA,NFL,35609021,New York Jets @ Tennessee Titans,2026-09-13T17:01:00.000Z,FanDuel,751.184985095,rushing_yards,Tyjae Spears - Rushing Yds,,Tyjae Spears,48895401,over,22.5,-114,1.87719298245614,0.5327102803738317,open,,,2026-09-09T18:23:06Z,,,,,v3-forward-measurement
2f27070a-e329-4c85-9684-48cbe1c82f5c,b59df892-dde1-4dbf-9030-61ed3c85a606,2026-09-09T18:23:06Z,FanDuel Sportsbook structured market feed,,VA,NFL,35609021,New York Jets @ Tennessee Titans,2026-09-13T17:01:00.000Z,FanDuel,751.184985095,rushing_yards,Tyjae Spears - Rushing Yds,,Tyjae Spears,48895398,under,22.5,-114,1.87719298245614,0.5327102803738317,open,,,2026-09-09T18:23:06Z,,,,,v3-forward-measurement
9e0abb4f-f42b-49b7-8920-f752d19eedad,fb378d5c-c77b-4fe4-b205-5d62413d5035,2026-09-09T18:23:06Z,FanDuel Sportsbook structured market feed,,VA,NFL,35609021,New York Jets @ Tennessee Titans,2026-09-13T17:01:00.000Z,FanDuel,751.184984424,receiving_yards,Gunnar Helm - Receiving Yds,,Gunnar Helm,89546913,over,22.5,-114,1.87719298245614,0.5327102803738317,open,,,2026-09-09T18:23:06Z,,,,,v3-forward-measurement
9e0abb4f-f42b-49b7-8920-f752d19eedad,785c775a-cc23-48f2-b562-8c3c5fd15185,2026-09-09T18:23:06Z,FanDuel Sportsbook structured market feed,,VA,NFL,35609021,New York Jets @ Tennessee Titans,2026-09-13T17:01:00.000Z,FanDuel,751.184984424,receiving_yards,Gunnar Helm - Receiving Yds,,Gunnar Helm,89546948,under,22.5,-114,1.87719298245614,0.5327102803738317,open,,,2026-09-09T18:23:06Z,,,,,v3-forward-measurement
9e0abb4f-f42b-49b7-8920-f752d19eedad,67f0eb08-044e-437a-a86e-29ff9c44c88c,2026-09-09T18:23:06Z,FanDuel Sportsbook structured market feed,,VA,NFL,35609021,New York Jets @ Tennessee Titans,2026-09-13T17:01:00.000Z,FanDuel,751.184004692,receptions,Breece Hall - Total Receptions,,Breece Hall,41075120,over,2.5,-114,1.87719298245614,0.5327102803738317,open,,,2026-09-09T18:23:06Z,,,,,v3-forward-measurement
9e0abb4f-f42b-49b7-8920-f752d19eedad,722542b5-179e-47fd-bea5-02f47cc451a4,2026-09-09T18:23:06Z,FanDuel Sportsbook structured market feed,,VA,NFL,35609021,New York Jets @ Tennessee Titans,2026-09-13T17:01:00.000Z,FanDuel,751.184004692,receptions,Breece Hall - Total Receptions,,Breece Hall,41075121,under,2.5,-114,1.87719298245614,0.5327102803738317,open,,,2026-09-09T18:23:06Z,,,,,v3-forward-measurement
9e0abb4f-f42b-49b7-8920-f752d19eedad,d21d8510-aea6-483f-b072-11409ab9c507,2026-09-09T18:23:06Z,FanDuel Sportsbook structured market feed,,VA,NFL,35609021,New York Jets @ Tennessee Titans,2026-09-13T17:01:00.000Z,FanDuel,751.184984420,receptions,Gunnar Helm - Total Receptions,,Gunnar Helm,89546913,over,2.5,-114,1.87719298245614,0.5327102803738317,open,,,2026-09-09T18:23:06Z,,,,,v3-forward-measurement
9e0abb4f-f42b-49b7-8920-f752d19eedad,f03ed426-8f78-4891-b913-18a5db89ffe6,2026-09-09T18:23:06Z,FanDuel Sportsbook structured market feed,,VA,NFL,35609021,New York Jets @ Tennessee Titans,2026-09-13T17:01:00.000Z,FanDuel,751.184984420,receptions,Gunnar Helm - Total Receptions,,Gunnar Helm,89546948,under,2.5,-114,1.87719298245614,0.5327102803738317,open,,,2026-09-09T18:23:06Z,,,,,v3-forward-measurement
9e0abb4f-f42b-49b7-8920-f752d19eedad,1255f94b-25b6-48f8-9ec4-c0b224e267f8,2026-09-09T18:23:06Z,FanDuel Sportsbook structured market feed,,VA,NFL,35609021,New York Jets @ Tennessee Titans,2026-09-13T17:01:00.000Z,FanDuel,751.185138120,receiving_yards,Tony Pollard - Receiving Yds,,Tony Pollard,26271306,over,9.5,-114,1.87719298245614,0.5327102803738317,open,,,2026-09-09T18:23:06Z,,,,,v3-forward-measurement
9e0abb4f-f42b-49b7-8920-f752d19eedad,8574c84a-f6f6-4de4-97a5-a86269116713,2026-09-09T18:23:06Z,FanDuel Sportsbook structured market feed,,VA,NFL,35609021,New York Jets @ Tennessee Titans,2026-09-13T17:01:00.000Z,FanDuel,751.185138120,receiving_yards,Tony Pollard - Receiving Yds,,Tony Pollard,26271307,under,9.5,-114,1.87719298245614,0.5327102803738317,open,,,2026-09-09T18:23:06Z,,,,,v3-forward-measurement
9e0abb4f-f42b-49b7-8920-f752d19eedad,36a21669-69a0-472a-9747-00d3f0ea3e6d,2026-09-09T18:23:06Z,FanDuel Sportsbook structured market feed,,VA,NFL,35609021,New York Jets @ Tennessee Titans,2026-09-13T17:01:00.000Z,FanDuel,751.184921689,receiving_yards,Adonai Mitchell - Receiving Yds,,Adonai Mitchell,48048058,over,32.5,-114,1.87719298245614,0.5327102803738317,open,,,2026-09-09T18:23:06Z,,,,,v3-forward-measurement
9e0abb4f-f42b-49b7-8920-f752d19eedad,4a8d7866-9b3f-483a-9de5-8d158854e3cf,2026-09-09T18:23:06Z,FanDuel Sportsbook structured market feed,,VA,NFL,35609021,New York Jets @ Tennessee Titans,2026-09-13T17:01:00.000Z,FanDuel,751.184921689,receiving_yards,Adonai Mitchell - Receiving Yds,,Adonai Mitchell,48048062,under,32.5,-114,1.87719298245614,0.5327102803738317,open,,,2026-09-09T18:23:06Z,,,,,v3-forward-measurement
9e0abb4f-f42b-49b7-8920-f752d19eedad,eff4d33d-46d4-4486-87e4-dea90d3683c5,2026-09-09T18:23:06Z,FanDuel Sportsbook structured market feed,,VA,NFL,35609021,New York Jets @ Tennessee Titans,2026-09-13T17:01:00.000Z,FanDuel,751.184003917,receptions,Garrett Wilson - Total Receptions,,Garrett Wilson,41158862,over,5.5,-114,1.87719298245614,0.5327102803738317,open,,,2026-09-09T18:23:06Z,,,,,v3-forward-measurement
9e0abb4f-f42b-49b7-8920-f752d19eedad,1bc682dd-1bc8-46c9-8e58-fc41871317cb,2026-09-09T18:23:06Z,FanDuel Sportsbook structured market feed,,VA,NFL,35609021,New York Jets @ Tennessee Titans,2026-09-13T17:01:00.000Z,FanDuel,751.184003917,receptions,Garrett Wilson - Total Receptions,,Garrett Wilson,41158861,under,5.5,-114,1.87719298245614,0.5327102803738317,open,,,2026-09-09T18:23:06Z,,,,,v3-forward-measurement
9e0abb4f-f42b-49b7-8920-f752d19eedad,55a3dded-af90-4549-b6b3-c172eb5d5416,2026-09-09T18:23:06Z,FanDuel Sportsbook structured market feed,,VA,NFL,35609021,New York Jets @ Tennessee Titans,2026-09-13T17:01:00.000Z,FanDuel,751.184003918,receiving_yards,Wan'Dale Robinson - Receiving Yds,,Wan'Dale Robinson,41073264,over,41.5,-114,1.87719298245614,0.5327102803738317,open,,,2026-09-09T18:23:06Z,,,,,v3-forward-measurement
9e0abb4f-f42b-49b7-8920-f752d19eedad,806bc041-2ff0-4d11-81d0-5d3237830cf7,2026-09-09T18:23:06Z,FanDuel Sportsbook structured market feed,,VA,NFL,35609021,New York Jets @ Tennessee Titans,2026-09-13T17:01:00.000Z,FanDuel,751.184003918,receiving_yards,Wan'Dale Robinson - Receiving Yds,,Wan'Dale Robinson,41073263,under,41.5,-114,1.87719298245614,0.5327102803738317,open,,,2026-09-09T18:23:06Z,,,,,v3-forward-measurement
9e0abb4f-f42b-49b7-8920-f752d19eedad,ffec0c4f-8e04-4653-891a-f5c3d90a3e91,2026-09-09T18:23:06Z,FanDuel Sportsbook structured market feed,,VA,NFL,35609021,New York Jets @ Tennessee Titans,2026-09-13T17:01:00.000Z,FanDuel,751.184003915,receiving_yards,Garrett Wilson - Receiving Yds,,Garrett Wilson,41158862,over,61.5,-114,1.87719298245614,0.5327102803738317,open,,,2026-09-09T18:23:06Z,,,,,v3-forward-measurement
9e0abb4f-f42b-49b7-8920-f752d19eedad,8a8e9e4d-a495-456e-96b6-2e8f1a33fd52,2026-09-09T18:23:06Z,FanDuel Sportsbook structured market feed,,VA,NFL,35609021,New York Jets @ Tennessee Titans,2026-09-13T17:01:00.000Z,FanDuel,751.184003915,receiving_yards,Garrett Wilson - Receiving Yds,,Garrett Wilson,41158861,under,61.5,-114,1.87719298245614,0.5327102803738317,open,,,2026-09-09T18:23:06Z,,,,,v3-forward-measurement
9e0abb4f-f42b-49b7-8920-f752d19eedad,3f7fc9e2-8f4f-42a8-a312-d18aa21ec86f,2026-09-09T18:23:06Z,FanDuel Sportsbook structured market feed,,VA,NFL,35609021,New York Jets @ Tennessee Titans,2026-09-13T17:01:00.000Z,FanDuel,751.184004688,receiving_yards,Breece Hall - Receiving Yds,,Breece Hall,41075120,over,20.5,-114,1.87719298245614,0.5327102803738317,open,,,2026-09-09T18:23:06Z,,,,,v3-forward-measurement
9e0abb4f-f42b-49b7-8920-f752d19eedad,561b90ba-9666-4056-bbfc-5be19d39a382,2026-09-09T18:23:06Z,FanDuel Sportsbook structured market feed,,VA,NFL,35609021,New York Jets @ Tennessee Titans,2026-09-13T17:01:00.000Z,FanDuel,751.184004688,receiving_yards,Breece Hall - Receiving Yds,,Breece Hall,41075121,under,20.5,-114,1.87719298245614,0.5327102803738317,open,,,2026-09-09T18:23:06Z,,,,,v3-forward-measurement
9e0abb4f-f42b-49b7-8920-f752d19eedad,7c637594-1a95-46e0-bf8e-2d7fe6c125ea,2026-09-09T18:23:06Z,FanDuel Sportsbook structured market feed,,VA,NFL,35609021,New York Jets @ Tennessee Titans,2026-09-13T17:01:00.000Z,FanDuel,751.185135240,receiving_yards,Tyjae Spears - Receiving Yds,,Tyjae Spears,48895401,over,16.5,-114,1.87719298245614,0.5327102803738317,open,,,2026-09-09T18:23:06Z,,,,,v3-forward-measurement
9e0abb4f-f42b-49b7-8920-f752d19eedad,3386e90d-03e1-43e8-95f9-c1ea720b0752,2026-09-09T18:23:06Z,FanDuel Sportsbook structured market feed,,VA,NFL,35609021,New York Jets @ Tennessee Titans,2026-09-13T17:01:00.000Z,FanDuel,751.185135240,receiving_yards,Tyjae Spears - Receiving Yds,,Tyjae Spears,48895398,under,16.5,-114,1.87719298245614,0.5327102803738317,open,,,2026-09-09T18:23:06Z,,,,,v3-forward-measurement
9e0abb4f-f42b-49b7-8920-f752d19eedad,62cf3fa0-f099-4ad6-8055-cad008650935,2026-09-09T18:23:06Z,FanDuel Sportsbook structured market feed,,VA,NFL,35609021,New York Jets @ Tennessee Titans,2026-09-13T17:01:00.000Z,FanDuel,751.185138111,receptions,Tony Pollard - Total Receptions,,Tony Pollard,26271306,over,1.5,-130,1.769230769230769,0.5652173913043478,open,,,2026-09-09T18:23:06Z,,,,,v3-forward-measurement
9e0abb4f-f42b-49b7-8920-f752d19eedad,a617567b-b2d5-4ce2-a4ac-5256b904bfea,2026-09-09T18:23:06Z,FanDuel Sportsbook structured market feed,,VA,NFL,35609021,New York Jets @ Tennessee Titans,2026-09-13T17:01:00.000Z,FanDuel,751.185138111,receptions,Tony Pollard - Total Receptions,,Tony Pollard,26271307,under,1.5,-102,1.980392156862745,0.504950495049505,open,,,2026-09-09T18:23:06Z,,,,,v3-forward-measurement
9e0abb4f-f42b-49b7-8920-f752d19eedad,404f21c3-38af-4333-8660-c17d6678626b,2026-09-09T18:23:06Z,FanDuel Sportsbook structured market feed,,VA,NFL,35609021,New York Jets @ Tennessee Titans,2026-09-13T17:01:00.000Z,FanDuel,751.185135238,receptions,Tyjae Spears - Total Receptions,,Tyjae Spears,48895401,over,2.5,-148,1.675675675675676,0.5967741935483871,open,,,2026-09-09T18:23:06Z,,,,,v3-forward-measurement
9e0abb4f-f42b-49b7-8920-f752d19eedad,99dc9244-11ea-418a-a8be-1a3db3905b3e,2026-09-09T18:23:06Z,FanDuel Sportsbook structured market feed,,VA,NFL,35609021,New York Jets @ Tennessee Titans,2026-09-13T17:01:00.000Z,FanDuel,751.185135238,receptions,Tyjae Spears - Total Receptions,,Tyjae Spears,48895398,under,2.5,112,2.12,0.4716981132075472,open,,,2026-09-09T18:23:06Z,,,,,v3-forward-measurement
9e0abb4f-f42b-49b7-8920-f752d19eedad,09ebae70-5fa9-4aae-a8f7-058cd64d7387,2026-09-09T18:23:06Z,FanDuel Sportsbook structured market feed,,VA,NFL,35609021,New York Jets @ Tennessee Titans,2026-09-13T17:01:00.000Z,FanDuel,751.184004318,receptions,Carnell Tate - Total Receptions,,Carnell Tate,102332617,over,3.5,106,2.06,0.4854368932038835,open,,,2026-09-09T18:23:06Z,,,,,v3-forward-measurement
9e0abb4f-f42b-49b7-8920-f752d19eedad,b953796c-ea56-434d-af3a-57b98d87182b,2026-09-09T18:23:06Z,FanDuel Sportsbook structured market feed,,VA,NFL,35609021,New York Jets @ Tennessee Titans,2026-09-13T17:01:00.000Z,FanDuel,751.184004318,receptions,Carnell Tate - Total Receptions,,Carnell Tate,102332624,under,3.5,-140,1.714285714285714,0.5833333333333334,open,,,2026-09-09T18:23:06Z,,,,,v3-forward-measurement
9e0abb4f-f42b-49b7-8920-f752d19eedad,0a849be7-cdc7-4bbf-9892-a4f57b78d5c9,2026-09-09T18:23:06Z,FanDuel Sportsbook structured market feed,,VA,NFL,35609021,New York Jets @ Tennessee Titans,2026-09-13T17:01:00.000Z,FanDuel,751.184921679,receptions,Adonai Mitchell - Total Receptions,,Adonai Mitchell,48048058,over,2.5,-138,1.72463768115942,0.5798319327731093,open,,,2026-09-09T18:23:06Z,,,,,v3-forward-measurement
9e0abb4f-f42b-49b7-8920-f752d19eedad,07da245c-2f08-49a6-9659-45e4b4bc5f76,2026-09-09T18:23:06Z,FanDuel Sportsbook structured market feed,,VA,NFL,35609021,New York Jets @ Tennessee Titans,2026-09-13T17:01:00.000Z,FanDuel,751.184921679,receptions,Adonai Mitchell - Total Receptions,,Adonai Mitchell,48048062,under,2.5,104,2.04,0.49019607843137253,open,,,2026-09-09T18:23:06Z,,,,,v3-forward-measurement
9e0abb4f-f42b-49b7-8920-f752d19eedad,25a38947-623e-4fc5-9939-6cf8f0648df2,2026-09-09T18:23:06Z,FanDuel Sportsbook structured market feed,,VA,NFL,35609021,New York Jets @ Tennessee Titans,2026-09-13T17:01:00.000Z,FanDuel,751.184004319,receiving_yards,Carnell Tate - Receiving Yds,,Carnell Tate,102332617,over,37.5,-114,1.87719298245614,0.5327102803738317,open,,,2026-09-09T18:23:06Z,,,,,v3-forward-measurement
9e0abb4f-f42b-49b7-8920-f752d19eedad,fee9fd6e-38e4-41d5-b087-79d32fd790d6,2026-09-09T18:23:06Z,FanDuel Sportsbook structured market feed,,VA,NFL,35609021,New York Jets @ Tennessee Titans,2026-09-13T17:01:00.000Z,FanDuel,751.184004319,receiving_yards,Carnell Tate - Receiving Yds,,Carnell Tate,102332624,under,37.5,-114,1.87719298245614,0.5327102803738317,open,,,2026-09-09T18:23:06Z,,,,,v3-forward-measurement
9e0abb4f-f42b-49b7-8920-f752d19eedad,fa8bcd89-f0f0-467e-9302-a44c5539a9ff,2026-09-09T18:23:06Z,FanDuel Sportsbook structured market feed,,VA,NFL,35609021,New York Jets @ Tennessee Titans,2026-09-13T17:01:00.000Z,FanDuel,751.184003904,receptions,Wan'Dale Robinson - Total Receptions,,Wan'Dale Robinson,41073264,over,4.5,-102,1.980392156862745,0.504950495049505,open,,,2026-09-09T18:23:06Z,,,,,v3-forward-measurement
9e0abb4f-f42b-49b7-8920-f752d19eedad,32013b38-a38b-4a69-9b07-f6fee9ecdf19,2026-09-09T18:23:06Z,FanDuel Sportsbook structured market feed,,VA,NFL,35609021,New York Jets @ Tennessee Titans,2026-09-13T17:01:00.000Z,FanDuel,751.184003904,receptions,Wan'Dale Robinson - Total Receptions,,Wan'Dale Robinson,41073263,under,4.5,-130,1.769230769230769,0.5652173913043478,open,,,2026-09-09T18:23:06Z,,,,,v3-forward-measurement
9e0abb4f-f42b-49b7-8920-f752d19eedad,ac3077ce-c03f-48cc-911c-c863aafc666d,2026-09-09T18:23:06Z,FanDuel Sportsbook structured market feed,,VA,NFL,35609021,New York Jets @ Tennessee Titans,2026-09-13T17:01:00.000Z,FanDuel,751.185136276,receptions,Mason Taylor - Total Receptions,,Mason Taylor,50186665,over,2.5,-102,1.980392156862745,0.504950495049505,open,,,2026-09-09T18:23:06Z,,,,,v3-forward-measurement
9e0abb4f-f42b-49b7-8920-f752d19eedad,868153fe-959a-42d4-a78a-6d417d6ac01f,2026-09-09T18:23:06Z,FanDuel Sportsbook structured market feed,,VA,NFL,35609021,New York Jets @ Tennessee Titans,2026-09-13T17:01:00.000Z,FanDuel,751.185136276,receptions,Mason Taylor - Total Receptions,,Mason Taylor,50186663,under,2.5,-130,1.769230769230769,0.5652173913043478,open,,,2026-09-09T18:23:06Z,,,,,v3-forward-measurement
9e0abb4f-f42b-49b7-8920-f752d19eedad,fbd431ec-1ba9-44ac-8d85-df400e334029,2026-09-09T18:23:06Z,FanDuel Sportsbook structured market feed,,VA,NFL,35609021,New York Jets @ Tennessee Titans,2026-09-13T17:01:00.000Z,FanDuel,751.184984313,receiving_yards,Calvin Ridley - Receiving Yds,,Calvin Ridley,12302575,over,27.5,-114,1.87719298245614,0.5327102803738317,open,,,2026-09-09T18:23:06Z,,,,,v3-forward-measurement
9e0abb4f-f42b-49b7-8920-f752d19eedad,239daa51-633c-45c4-b78a-1cdd1c188484,2026-09-09T18:23:06Z,FanDuel Sportsbook structured market feed,,VA,NFL,35609021,New York Jets @ Tennessee Titans,2026-09-13T17:01:00.000Z,FanDuel,751.184984313,receiving_yards,Calvin Ridley - Receiving Yds,,Calvin Ridley,12302576,under,27.5,-114,1.87719298245614,0.5327102803738317,open,,,2026-09-09T18:23:06Z,,,,,v3-forward-measurement
9e0abb4f-f42b-49b7-8920-f752d19eedad,1e0d7185-f8b8-4113-b1bb-181d299fa794,2026-09-09T18:23:06Z,FanDuel Sportsbook structured market feed,,VA,NFL,35609021,New York Jets @ Tennessee Titans,2026-09-13T17:01:00.000Z,FanDuel,751.184984312,receptions,Calvin Ridley - Total Receptions,,Calvin Ridley,12302575,over,2.5,140,2.4,0.4166666666666667,open,,,2026-09-09T18:23:06Z,,,,,v3-forward-measurement
9e0abb4f-f42b-49b7-8920-f752d19eedad,96ba8007-0548-4460-8808-725a5fd46c39,2026-09-09T18:23:06Z,FanDuel Sportsbook structured market feed,,VA,NFL,35609021,New York Jets @ Tennessee Titans,2026-09-13T17:01:00.000Z,FanDuel,751.184984312,receptions,Calvin Ridley - Total Receptions,,Calvin Ridley,12302576,under,2.5,-188,1.531914893617021,0.6527777777777778,open,,,2026-09-09T18:23:06Z,,,,,v3-forward-measurement
9e0abb4f-f42b-49b7-8920-f752d19eedad,f63eea75-2c12-4427-8a76-cf9ab93d9b5d,2026-09-09T18:23:06Z,FanDuel Sportsbook structured market feed,,VA,NFL,35609021,New York Jets @ Tennessee Titans,2026-09-13T17:01:00.000Z,FanDuel,751.185136272,receiving_yards,Mason Taylor - Receiving Yds,,Mason Taylor,50186665,over,20.5,-114,1.87719298245614,0.5327102803738317,open,,,2026-09-09T18:23:06Z,,,,,v3-forward-measurement
9e0abb4f-f42b-49b7-8920-f752d19eedad,54f25911-b087-4a46-aead-3132a67af1b5,2026-09-09T18:23:06Z,FanDuel Sportsbook structured market feed,,VA,NFL,35609021,New York Jets @ Tennessee Titans,2026-09-13T17:01:00.000Z,FanDuel,751.185136272,receiving_yards,Mason Taylor - Receiving Yds,,Mason Taylor,50186663,under,20.5,-114,1.87719298245614,0.5327102803738317,open,,,2026-09-09T18:23:06Z,,,,,v3-forward-measurement
dcc3545c-989a-4560-a8d7-a55a5e358825,5b5f5bf9-939c-41e0-9906-2f229153bd43,2026-09-09T18:23:06Z,FanDuel Sportsbook structured market feed,,VA,NFL,35609293,Washington Commanders @ Philadelphia Eagles,2026-09-13T20:25:00.000Z,FanDuel,751.183664687,passing_touchdowns,Jayden Daniels - Passing TDs,,Jayden Daniels,41161339,over,0.5,-250,1.4,0.7142857142857143,open,,,2026-09-09T18:23:06Z,,,,,v3-forward-measurement
dcc3545c-989a-4560-a8d7-a55a5e358825,e3cf61f6-d23c-4454-b890-ef77aa04c839,2026-09-09T18:23:06Z,FanDuel Sportsbook structured market feed,,VA,NFL,35609293,Washington Commanders @ Philadelphia Eagles,2026-09-13T20:25:00.000Z,FanDuel,751.183664687,passing_touchdowns,Jayden Daniels - Passing TDs,,Jayden Daniels,41161340,under,0.5,182,2.82,0.3546099290780142,open,,,2026-09-09T18:23:06Z,,,,,v3-forward-measurement
dcc3545c-989a-4560-a8d7-a55a5e358825,875a8711-12f4-4555-a353-85a5a2a0bce3,2026-09-09T18:23:06Z,FanDuel Sportsbook structured market feed,,VA,NFL,35609293,Washington Commanders @ Philadelphia Eagles,2026-09-13T20:25:00.000Z,FanDuel,751.183664641,passing_yards,Jalen Hurts - Passing Yds,,Jalen Hurts,12302543,over,214.5,-114,1.87719298245614,0.5327102803738317,open,,,2026-09-09T18:23:06Z,,,,,v3-forward-measurement
dcc3545c-989a-4560-a8d7-a55a5e358825,6d867f37-7718-4726-8ef1-5067b2cdcdf0,2026-09-09T18:23:06Z,FanDuel Sportsbook structured market feed,,VA,NFL,35609293,Washington Commanders @ Philadelphia Eagles,2026-09-13T20:25:00.000Z,FanDuel,751.183664641,passing_yards,Jalen Hurts - Passing Yds,,Jalen Hurts,12302542,under,214.5,-114,1.87719298245614,0.5327102803738317,open,,,2026-09-09T18:23:06Z,,,,,v3-forward-measurement
dcc3545c-989a-4560-a8d7-a55a5e358825,a6ed31db-826a-4b6d-b03b-e0590830d39f,2026-09-09T18:23:06Z,FanDuel Sportsbook structured market feed,,VA,NFL,35609293,Washington Commanders @ Philadelphia Eagles,2026-09-13T20:25:00.000Z,FanDuel,751.183664552,passing_yards,Jayden Daniels - Passing Yds,,Jayden Daniels,41161339,over,205.5,-114,1.87719298245614,0.5327102803738317,open,,,2026-09-09T18:23:06Z,,,,,v3-forward-measurement
dcc3545c-989a-4560-a8d7-a55a5e358825,416d4e82-a47b-4bc7-bec1-1b535c62ef1d,2026-09-09T18:23:06Z,FanDuel Sportsbook structured market feed,,VA,NFL,35609293,Washington Commanders @ Philadelphia Eagles,2026-09-13T20:25:00.000Z,FanDuel,751.183664552,passing_yards,Jayden Daniels - Passing Yds,,Jayden Daniels,41161340,under,205.5,-114,1.87719298245614,0.5327102803738317,open,,,2026-09-09T18:23:06Z,,,,,v3-forward-measurement
dcc3545c-989a-4560-a8d7-a55a5e358825,5d049c5b-98d6-4d8d-8373-4d1d46596581,2026-09-09T18:23:06Z,FanDuel Sportsbook structured market feed,,VA,NFL,35609293,Washington Commanders @ Philadelphia Eagles,2026-09-13T20:25:00.000Z,FanDuel,751.183664629,passing_touchdowns,Jalen Hurts - Passing TDs,,Jalen Hurts,12302543,over,1.5,106,2.06,0.4854368932038835,open,,,2026-09-09T18:23:06Z,,,,,v3-forward-measurement
dcc3545c-989a-4560-a8d7-a55a5e358825,4578b819-d143-4226-b719-d74c0fd67eab,2026-09-09T18:23:06Z,FanDuel Sportsbook structured market feed,,VA,NFL,35609293,Washington Commanders @ Philadelphia Eagles,2026-09-13T20:25:00.000Z,FanDuel,751.183664629,passing_touchdowns,Jalen Hurts - Passing TDs,,Jalen Hurts,12302542,under,1.5,-140,1.714285714285714,0.5833333333333334,open,,,2026-09-09T18:23:06Z,,,,,v3-forward-measurement
83c5b3d3-7bc6-4293-a679-aa440c0a4edc,f391e8f7-fd60-461d-a1da-5c9e5aa0660a,2026-09-09T18:23:06Z,FanDuel Sportsbook structured market feed,,VA,NFL,35609293,Washington Commanders @ Philadelphia Eagles,2026-09-13T20:25:00.000Z,FanDuel,751.183665338,rushing_yards,Jalen Hurts - Rushing Yds,,Jalen Hurts,12302543,over,28.5,-114,1.87719298245614,0.5327102803738317,open,,,2026-09-09T18:23:06Z,,,,,v3-forward-measurement
83c5b3d3-7bc6-4293-a679-aa440c0a4edc,da796576-dfb2-49bf-88af-1a84b12f0a9f,2026-09-09T18:23:06Z,FanDuel Sportsbook structured market feed,,VA,NFL,35609293,Washington Commanders @ Philadelphia Eagles,2026-09-13T20:25:00.000Z,FanDuel,751.183665338,rushing_yards,Jalen Hurts - Rushing Yds,,Jalen Hurts,12302542,under,28.5,-114,1.87719298245614,0.5327102803738317,open,,,2026-09-09T18:23:06Z,,,,,v3-forward-measurement
83c5b3d3-7bc6-4293-a679-aa440c0a4edc,e948ddc3-9645-414c-9f8a-c02620f1e271,2026-09-09T18:23:06Z,FanDuel Sportsbook structured market feed,,VA,NFL,35609293,Washington Commanders @ Philadelphia Eagles,2026-09-13T20:25:00.000Z,FanDuel,751.183665339,rushing_yards,Jayden Daniels - Rushing Yds,,Jayden Daniels,41161339,over,36.5,-114,1.87719298245614,0.5327102803738317,open,,,2026-09-09T18:23:06Z,,,,,v3-forward-measurement
83c5b3d3-7bc6-4293-a679-aa440c0a4edc,27907daf-f211-4956-8d98-4836c81699f2,2026-09-09T18:23:06Z,FanDuel Sportsbook structured market feed,,VA,NFL,35609293,Washington Commanders @ Philadelphia Eagles,2026-09-13T20:25:00.000Z,FanDuel,751.183665339,rushing_yards,Jayden Daniels - Rushing Yds,,Jayden Daniels,41161340,under,36.5,-114,1.87719298245614,0.5327102803738317,open,,,2026-09-09T18:23:06Z,,,,,v3-forward-measurement
83c5b3d3-7bc6-4293-a679-aa440c0a4edc,983904d7-141c-4fbe-a648-39b6bd6611a2,2026-09-09T18:23:06Z,FanDuel Sportsbook structured market feed,,VA,NFL,35609293,Washington Commanders @ Philadelphia Eagles,2026-09-13T20:25:00.000Z,FanDuel,751.183665213,rushing_yards,Saquon Barkley - Rushing Yds,,Saquon Barkley,16580232,over,75.5,-114,1.87719298245614,0.5327102803738317,open,,,2026-09-09T18:23:06Z,,,,,v3-forward-measurement
83c5b3d3-7bc6-4293-a679-aa440c0a4edc,e1bcaeec-8d7c-4e8a-8357-8d01e40701f0,2026-09-09T18:23:06Z,FanDuel Sportsbook structured market feed,,VA,NFL,35609293,Washington Commanders @ Philadelphia Eagles,2026-09-13T20:25:00.000Z,FanDuel,751.183665213,rushing_yards,Saquon Barkley - Rushing Yds,,Saquon Barkley,16580233,under,75.5,-114,1.87719298245614,0.5327102803738317,open,,,2026-09-09T18:23:06Z,,,,,v3-forward-measurement
83c5b3d3-7bc6-4293-a679-aa440c0a4edc,d4db8210-3da5-4281-a3bc-1dd2d812a26b,2026-09-09T18:23:06Z,FanDuel Sportsbook structured market feed,,VA,NFL,35609293,Washington Commanders @ Philadelphia Eagles,2026-09-13T20:25:00.000Z,FanDuel,751.183665357,rushing_yards,Jacory Croskey-Merritt - Rushing Yds,,Jacory Croskey-Merritt,87579699,over,40.5,-114,1.87719298245614,0.5327102803738317,open,,,2026-09-09T18:23:06Z,,,,,v3-forward-measurement
83c5b3d3-7bc6-4293-a679-aa440c0a4edc,59a65591-5944-4a16-a1ba-21b4d2f6e953,2026-09-09T18:23:06Z,FanDuel Sportsbook structured market feed,,VA,NFL,35609293,Washington Commanders @ Philadelphia Eagles,2026-09-13T20:25:00.000Z,FanDuel,751.183665357,rushing_yards,Jacory Croskey-Merritt - Rushing Yds,,Jacory Croskey-Merritt,87579697,under,40.5,-114,1.87719298245614,0.5327102803738317,open,,,2026-09-09T18:23:06Z,,,,,v3-forward-measurement
83c5b3d3-7bc6-4293-a679-aa440c0a4edc,402cd340-0a66-4e41-951b-a450ac891e07,2026-09-09T18:23:06Z,FanDuel Sportsbook structured market feed,,VA,NFL,35609293,Washington Commanders @ Philadelphia Eagles,2026-09-13T20:25:00.000Z,FanDuel,751.185135780,rushing_yards,Rachaad White - Rushing Yds,,Rachaad White,41161337,over,24.5,-114,1.87719298245614,0.5327102803738317,open,,,2026-09-09T18:23:06Z,,,,,v3-forward-measurement
83c5b3d3-7bc6-4293-a679-aa440c0a4edc,6c70fe16-ff54-4b66-ab10-bf522c5c2505,2026-09-09T18:23:06Z,FanDuel Sportsbook structured market feed,,VA,NFL,35609293,Washington Commanders @ Philadelphia Eagles,2026-09-13T20:25:00.000Z,FanDuel,751.185135780,rushing_yards,Rachaad White - Rushing Yds,,Rachaad White,41161335,under,24.5,-114,1.87719298245614,0.5327102803738317,open,,,2026-09-09T18:23:06Z,,,,,v3-forward-measurement
fb75c9d4-736c-4f27-9409-a7e0d51daf0b,07328d2d-1f3a-47cb-babb-66ab169de3ea,2026-09-09T18:23:06Z,FanDuel Sportsbook structured market feed,,VA,NFL,35609293,Washington Commanders @ Philadelphia Eagles,2026-09-13T20:25:00.000Z,FanDuel,751.183665912,receptions,Dallas Goedert - Total Receptions,,Dallas Goedert,20501810,over,3.5,102,2.02,0.49504950495049505,open,,,2026-09-09T18:23:06Z,,,,,v3-forward-measurement
fb75c9d4-736c-4f27-9409-a7e0d51daf0b,fa991290-0965-4737-b72b-0895edd5ab4a,2026-09-09T18:23:06Z,FanDuel Sportsbook structured market feed,,VA,NFL,35609293,Washington Commanders @ Philadelphia Eagles,2026-09-13T20:25:00.000Z,FanDuel,751.183665912,receptions,Dallas Goedert - Total Receptions,,Dallas Goedert,20501811,under,3.5,-136,1.735294117647059,0.576271186440678,open,,,2026-09-09T18:23:06Z,,,,,v3-forward-measurement
fb75c9d4-736c-4f27-9409-a7e0d51daf0b,bc63f8c4-fd64-4fa7-93b0-34abdc8ba311,2026-09-09T18:23:06Z,FanDuel Sportsbook structured market feed,,VA,NFL,35609293,Washington Commanders @ Philadelphia Eagles,2026-09-13T20:25:00.000Z,FanDuel,751.183665735,receiving_yards,DeVonta Smith - Receiving Yds,,DeVonta Smith,40878034,over,66.5,-114,1.87719298245614,0.5327102803738317,open,,,2026-09-09T18:23:06Z,,,,,v3-forward-measurement
fb75c9d4-736c-4f27-9409-a7e0d51daf0b,06fcf7c3-d3aa-499a-9787-4d98dd544ea0,2026-09-09T18:23:06Z,FanDuel Sportsbook structured market feed,,VA,NFL,35609293,Washington Commanders @ Philadelphia Eagles,2026-09-13T20:25:00.000Z,FanDuel,751.183665735,receiving_yards,DeVonta Smith - Receiving Yds,,DeVonta Smith,40878036,under,66.5,-114,1.87719298245614,0.5327102803738317,open,,,2026-09-09T18:23:06Z,,,,,v3-forward-measurement
fb75c9d4-736c-4f27-9409-a7e0d51daf0b,b9fa19c4-0eae-4126-a4e9-6b8143d4f5cc,2026-09-09T18:23:06Z,FanDuel Sportsbook structured market feed,,VA,NFL,35609293,Washington Commanders @ Philadelphia Eagles,2026-09-13T20:25:00.000Z,FanDuel,751.183665732,receiving_yards,Terry McLaurin - Receiving Yds,,Terry McLaurin,25927138,over,52.5,-114,1.87719298245614,0.5327102803738317,open,,,2026-09-09T18:23:06Z,,,,,v3-forward-measurement
fb75c9d4-736c-4f27-9409-a7e0d51daf0b,6158aa4a-5cf3-4b8d-ace9-ae107f593259,2026-09-09T18:23:06Z,FanDuel Sportsbook structured market feed,,VA,NFL,35609293,Washington Commanders @ Philadelphia Eagles,2026-09-13T20:25:00.000Z,FanDuel,751.183665732,receiving_yards,Terry McLaurin - Receiving Yds,,Terry McLaurin,25927139,under,52.5,-114,1.87719298245614,0.5327102803738317,open,,,2026-09-09T18:23:06Z,,,,,v3-forward-measurement
fb75c9d4-736c-4f27-9409-a7e0d51daf0b,57599fbe-2904-4b79-8054-8040ba450a3c,2026-09-09T18:23:06Z,FanDuel Sportsbook structured market feed,,VA,NFL,35609293,Washington Commanders @ Philadelphia Eagles,2026-09-13T20:25:00.000Z,FanDuel,751.185140200,receiving_yards,Chigoziem Okonkwo - Receiving Yds,,Chigoziem Okonkwo,41154197,over,25.5,-114,1.87719298245614,0.5327102803738317,open,,,2026-09-09T18:23:06Z,,,,,v3-forward-measurement
fb75c9d4-736c-4f27-9409-a7e0d51daf0b,e6fadc84-ec4d-4517-8293-95e2c1bed90c,2026-09-09T18:23:06Z,FanDuel Sportsbook structured market feed,,VA,NFL,35609293,Washington Commanders @ Philadelphia Eagles,2026-09-13T20:25:00.000Z,FanDuel,751.185140200,receiving_yards,Chigoziem Okonkwo - Receiving Yds,,Chigoziem Okonkwo,41154199,under,25.5,-114,1.87719298245614,0.5327102803738317,open,,,2026-09-09T18:23:06Z,,,,,v3-forward-measurement
fb75c9d4-736c-4f27-9409-a7e0d51daf0b,8d9fa3f8-0338-41f9-9583-f31ad4385201,2026-09-09T18:23:06Z,FanDuel Sportsbook structured market feed,,VA,NFL,35609293,Washington Commanders @ Philadelphia Eagles,2026-09-13T20:25:00.000Z,FanDuel,751.185140202,receptions,Chigoziem Okonkwo - Total Receptions,,Chigoziem Okonkwo,41154197,over,2.5,-158,1.632911392405063,0.6124031007751938,open,,,2026-09-09T18:23:06Z,,,,,v3-forward-measurement
fb75c9d4-736c-4f27-9409-a7e0d51daf0b,e648d14d-2008-496d-8c9c-5ec9316dc070,2026-09-09T18:23:06Z,FanDuel Sportsbook structured market feed,,VA,NFL,35609293,Washington Commanders @ Philadelphia Eagles,2026-09-13T20:25:00.000Z,FanDuel,751.185140202,receptions,Chigoziem Okonkwo - Total Receptions,,Chigoziem Okonkwo,41154199,under,2.5,118,2.18,0.45871559633027525,open,,,2026-09-09T18:23:06Z,,,,,v3-forward-measurement
fb75c9d4-736c-4f27-9409-a7e0d51daf0b,6acd2d8e-2eed-4ff2-bfeb-c15727a3b2ab,2026-09-09T18:23:06Z,FanDuel Sportsbook structured market feed,,VA,NFL,35609293,Washington Commanders @ Philadelphia Eagles,2026-09-13T20:25:00.000Z,FanDuel,751.183665916,receiving_yards,Dallas Goedert - Receiving Yds,,Dallas Goedert,20501810,over,34.5,-114,1.87719298245614,0.5327102803738317,open,,,2026-09-09T18:23:06Z,,,,,v3-forward-measurement
fb75c9d4-736c-4f27-9409-a7e0d51daf0b,c5c1f191-c363-426f-bc7f-ec2fd821727a,2026-09-09T18:23:06Z,FanDuel Sportsbook structured market feed,,VA,NFL,35609293,Washington Commanders @ Philadelphia Eagles,2026-09-13T20:25:00.000Z,FanDuel,751.183665916,receiving_yards,Dallas Goedert - Receiving Yds,,Dallas Goedert,20501811,under,34.5,-114,1.87719298245614,0.5327102803738317,open,,,2026-09-09T18:23:06Z,,,,,v3-forward-measurement
fb75c9d4-736c-4f27-9409-a7e0d51daf0b,91b26bf9-7196-4f20-8f79-b940d929a8cb,2026-09-09T18:23:06Z,FanDuel Sportsbook structured market feed,,VA,NFL,35609293,Washington Commanders @ Philadelphia Eagles,2026-09-13T20:25:00.000Z,FanDuel,751.183665738,receptions,DeVonta Smith - Total Receptions,,DeVonta Smith,40878034,over,5.5,106,2.06,0.4854368932038835,open,,,2026-09-09T18:23:06Z,,,,,v3-forward-measurement
fb75c9d4-736c-4f27-9409-a7e0d51daf0b,04bed23a-7964-4edd-aad1-e9d03fb930ad,2026-09-09T18:23:06Z,FanDuel Sportsbook structured market feed,,VA,NFL,35609293,Washington Commanders @ Philadelphia Eagles,2026-09-13T20:25:00.000Z,FanDuel,751.183665738,receptions,DeVonta Smith - Total Receptions,,DeVonta Smith,40878036,under,5.5,-140,1.714285714285714,0.5833333333333334,open,,,2026-09-09T18:23:06Z,,,,,v3-forward-measurement
fb75c9d4-736c-4f27-9409-a7e0d51daf0b,2f600d75-4b06-46b3-8828-debee9d81197,2026-09-09T18:23:06Z,FanDuel Sportsbook structured market feed,,VA,NFL,35609293,Washington Commanders @ Philadelphia Eagles,2026-09-13T20:25:00.000Z,FanDuel,751.183666282,receiving_yards,Saquon Barkley - Receiving Yds,,Saquon Barkley,16580232,over,15.5,-114,1.87719298245614,0.5327102803738317,open,,,2026-09-09T18:23:06Z,,,,,v3-forward-measurement
fb75c9d4-736c-4f27-9409-a7e0d51daf0b,b024725d-9f8f-4193-ba8c-f16fcacd8b08,2026-09-09T18:23:06Z,FanDuel Sportsbook structured market feed,,VA,NFL,35609293,Washington Commanders @ Philadelphia Eagles,2026-09-13T20:25:00.000Z,FanDuel,751.183666282,receiving_yards,Saquon Barkley - Receiving Yds,,Saquon Barkley,16580233,under,15.5,-114,1.87719298245614,0.5327102803738317,open,,,2026-09-09T18:23:06Z,,,,,v3-forward-measurement
fb75c9d4-736c-4f27-9409-a7e0d51daf0b,78c9c422-4c53-41d8-9b5c-10cedb3ef91e,2026-09-09T18:23:06Z,FanDuel Sportsbook structured market feed,,VA,NFL,35609293,Washington Commanders @ Philadelphia Eagles,2026-09-13T20:25:00.000Z,FanDuel,751.185455304,receptions,Makai Lemon - Total Receptions,,Makai Lemon,102621408,over,2.5,124,2.24,0.44642857142857145,open,,,2026-09-09T18:23:06Z,,,,,v3-forward-measurement
fb75c9d4-736c-4f27-9409-a7e0d51daf0b,1b331c53-9fc0-4f44-b44d-0202d44a3cb9,2026-09-09T18:23:06Z,FanDuel Sportsbook structured market feed,,VA,NFL,35609293,Washington Commanders @ Philadelphia Eagles,2026-09-13T20:25:00.000Z,FanDuel,751.185455304,receptions,Makai Lemon - Total Receptions,,Makai Lemon,102621416,under,2.5,-166,1.602409638554217,0.6240601503759399,open,,,2026-09-09T18:23:06Z,,,,,v3-forward-measurement
fb75c9d4-736c-4f27-9409-a7e0d51daf0b,4d243237-f674-4ead-b428-64efde01c7a5,2026-09-09T18:23:06Z,FanDuel Sportsbook structured market feed,,VA,NFL,35609293,Washington Commanders @ Philadelphia Eagles,2026-09-13T20:25:00.000Z,FanDuel,751.185455303,receiving_yards,Makai Lemon - Receiving Yds,,Makai Lemon,102621408,over,24.5,-114,1.87719298245614,0.5327102803738317,open,,,2026-09-09T18:23:06Z,,,,,v3-forward-measurement
fb75c9d4-736c-4f27-9409-a7e0d51daf0b,75a294eb-1db2-4367-b1ba-428e4c0e6e51,2026-09-09T18:23:06Z,FanDuel Sportsbook structured market feed,,VA,NFL,35609293,Washington Commanders @ Philadelphia Eagles,2026-09-13T20:25:00.000Z,FanDuel,751.185455303,receiving_yards,Makai Lemon - Receiving Yds,,Makai Lemon,102621416,under,24.5,-114,1.87719298245614,0.5327102803738317,open,,,2026-09-09T18:23:06Z,,,,,v3-forward-measurement
fb75c9d4-736c-4f27-9409-a7e0d51daf0b,d516cfdd-02ff-43b5-bbb5-ce31583833b9,2026-09-09T18:23:06Z,FanDuel Sportsbook structured market feed,,VA,NFL,35609293,Washington Commanders @ Philadelphia Eagles,2026-09-13T20:25:00.000Z,FanDuel,751.183665726,receptions,Terry McLaurin - Total Receptions,,Terry McLaurin,25927138,over,3.5,-172,1.581395348837209,0.6323529411764706,open,,,2026-09-09T18:23:06Z,,,,,v3-forward-measurement
fb75c9d4-736c-4f27-9409-a7e0d51daf0b,425447e5-dfdd-4698-a0d4-e8261d247daf,2026-09-09T18:23:06Z,FanDuel Sportsbook structured market feed,,VA,NFL,35609293,Washington Commanders @ Philadelphia Eagles,2026-09-13T20:25:00.000Z,FanDuel,751.183665726,receptions,Terry McLaurin - Total Receptions,,Terry McLaurin,25927139,under,3.5,128,2.28,0.43859649122807015,open,,,2026-09-09T18:23:06Z,,,,,v3-forward-measurement
fb75c9d4-736c-4f27-9409-a7e0d51daf0b,2c5b2c4d-8dd5-412b-b254-26818a185eeb,2026-09-09T18:23:06Z,FanDuel Sportsbook structured market feed,,VA,NFL,35609293,Washington Commanders @ Philadelphia Eagles,2026-09-13T20:25:00.000Z,FanDuel,751.185145804,receiving_yards,Dontayvion Wicks - Receiving Yds,,Dontayvion Wicks,41071991,over,27.5,-114,1.87719298245614,0.5327102803738317,open,,,2026-09-09T18:23:06Z,,,,,v3-forward-measurement
fb75c9d4-736c-4f27-9409-a7e0d51daf0b,f42ba07a-2568-46c7-ab93-22e1bbbb8a9d,2026-09-09T18:23:06Z,FanDuel Sportsbook structured market feed,,VA,NFL,35609293,Washington Commanders @ Philadelphia Eagles,2026-09-13T20:25:00.000Z,FanDuel,751.185145804,receiving_yards,Dontayvion Wicks - Receiving Yds,,Dontayvion Wicks,41071992,under,27.5,-114,1.87719298245614,0.5327102803738317,open,,,2026-09-09T18:23:06Z,,,,,v3-forward-measurement
fb75c9d4-736c-4f27-9409-a7e0d51daf0b,85c8370f-4d80-4462-946f-ee6574e3997b,2026-09-09T18:23:06Z,FanDuel Sportsbook structured market feed,,VA,NFL,35609293,Washington Commanders @ Philadelphia Eagles,2026-09-13T20:25:00.000Z,FanDuel,751.185140410,receiving_yards,Rachaad White - Receiving Yds,,Rachaad White,41161337,over,14.5,-114,1.87719298245614,0.5327102803738317,open,,,2026-09-09T18:23:06Z,,,,,v3-forward-measurement
fb75c9d4-736c-4f27-9409-a7e0d51daf0b,3bc1ce04-0eef-4319-ae3e-4f6df04be211,2026-09-09T18:23:06Z,FanDuel Sportsbook structured market feed,,VA,NFL,35609293,Washington Commanders @ Philadelphia Eagles,2026-09-13T20:25:00.000Z,FanDuel,751.185140410,receiving_yards,Rachaad White - Receiving Yds,,Rachaad White,41161335,under,14.5,-114,1.87719298245614,0.5327102803738317,open,,,2026-09-09T18:23:06Z,,,,,v3-forward-measurement
fb75c9d4-736c-4f27-9409-a7e0d51daf0b,e69d27cf-0e7c-4315-95a5-65f2dd7f44ca,2026-09-09T18:23:06Z,FanDuel Sportsbook structured market feed,,VA,NFL,35609293,Washington Commanders @ Philadelphia Eagles,2026-09-13T20:25:00.000Z,FanDuel,751.185140411,receptions,Rachaad White - Total Receptions,,Rachaad White,41161337,over,2.5,134,2.34,0.42735042735042733,open,,,2026-09-09T18:23:06Z,,,,,v3-forward-measurement
fb75c9d4-736c-4f27-9409-a7e0d51daf0b,3cb6ec0b-f608-426a-ae17-97110a120fbf,2026-09-09T18:23:06Z,FanDuel Sportsbook structured market feed,,VA,NFL,35609293,Washington Commanders @ Philadelphia Eagles,2026-09-13T20:25:00.000Z,FanDuel,751.185140411,receptions,Rachaad White - Total Receptions,,Rachaad White,41161335,under,2.5,-180,1.555555555555556,0.6428571428571429,open,,,2026-09-09T18:23:06Z,,,,,v3-forward-measurement
fb75c9d4-736c-4f27-9409-a7e0d51daf0b,a87bde62-de0b-4805-aac2-97bd77bcd1af,2026-09-09T18:23:06Z,FanDuel Sportsbook structured market feed,,VA,NFL,35609293,Washington Commanders @ Philadelphia Eagles,2026-09-13T20:25:00.000Z,FanDuel,751.185145800,receptions,Dontayvion Wicks - Total Receptions,,Dontayvion Wicks,41071991,over,2.5,-114,1.87719298245614,0.5327102803738317,open,,,2026-09-09T18:23:06Z,,,,,v3-forward-measurement
fb75c9d4-736c-4f27-9409-a7e0d51daf0b,ed62bd73-82d3-4252-8ef5-daedc391f408,2026-09-09T18:23:06Z,FanDuel Sportsbook structured market feed,,VA,NFL,35609293,Washington Commanders @ Philadelphia Eagles,2026-09-13T20:25:00.000Z,FanDuel,751.185145800,receptions,Dontayvion Wicks - Total Receptions,,Dontayvion Wicks,41071992,under,2.5,-114,1.87719298245614,0.5327102803738317,open,,,2026-09-09T18:23:06Z,,,,,v3-forward-measurement
fb75c9d4-736c-4f27-9409-a7e0d51daf0b,2eaabeff-98f7-4044-a622-ef411e678b45,2026-09-09T18:23:06Z,FanDuel Sportsbook structured market feed,,VA,NFL,35609293,Washington Commanders @ Philadelphia Eagles,2026-09-13T20:25:00.000Z,FanDuel,751.183665729,receiving_yards,Stefon Diggs - Receiving Yds,,Stefon Diggs,11890083,over,42.5,-114,1.87719298245614,0.5327102803738317,open,,,2026-09-09T18:23:06Z,,,,,v3-forward-measurement
fb75c9d4-736c-4f27-9409-a7e0d51daf0b,f9392d7a-d3fa-496a-86d8-73ced1cbd501,2026-09-09T18:23:06Z,FanDuel Sportsbook structured market feed,,VA,NFL,35609293,Washington Commanders @ Philadelphia Eagles,2026-09-13T20:25:00.000Z,FanDuel,751.183665729,receiving_yards,Stefon Diggs - Receiving Yds,,Stefon Diggs,11890082,under,42.5,-114,1.87719298245614,0.5327102803738317,open,,,2026-09-09T18:23:06Z,,,,,v3-forward-measurement
fb75c9d4-736c-4f27-9409-a7e0d51daf0b,162877dd-d2f4-48f9-a345-8c7e7028e1e8,2026-09-09T18:23:06Z,FanDuel Sportsbook structured market feed,,VA,NFL,35609293,Washington Commanders @ Philadelphia Eagles,2026-09-13T20:25:00.000Z,FanDuel,751.183665727,receptions,Stefon Diggs - Total Receptions,,Stefon Diggs,11890083,over,3.5,-148,1.675675675675676,0.5967741935483871,open,,,2026-09-09T18:23:06Z,,,,,v3-forward-measurement
fb75c9d4-736c-4f27-9409-a7e0d51daf0b,6355b68f-3edd-4d16-92a5-ca74fd4d4d27,2026-09-09T18:23:06Z,FanDuel Sportsbook structured market feed,,VA,NFL,35609293,Washington Commanders @ Philadelphia Eagles,2026-09-13T20:25:00.000Z,FanDuel,751.183665727,receptions,Stefon Diggs - Total Receptions,,Stefon Diggs,11890082,under,3.5,112,2.12,0.4716981132075472,open,,,2026-09-09T18:23:06Z,,,,,v3-forward-measurement
fb75c9d4-736c-4f27-9409-a7e0d51daf0b,c3a001c4-4cfe-4040-8aa0-30cd4635be47,2026-09-09T18:23:06Z,FanDuel Sportsbook structured market feed,,VA,NFL,35609293,Washington Commanders @ Philadelphia Eagles,2026-09-13T20:25:00.000Z,FanDuel,751.183666278,receptions,Saquon Barkley - Total Receptions,,Saquon Barkley,16580232,over,2.5,-102,1.980392156862745,0.504950495049505,open,,,2026-09-09T18:23:06Z,,,,,v3-forward-measurement
fb75c9d4-736c-4f27-9409-a7e0d51daf0b,35350806-1a06-4560-b195-1ec5b9317423,2026-09-09T18:23:06Z,FanDuel Sportsbook structured market feed,,VA,NFL,35609293,Washington Commanders @ Philadelphia Eagles,2026-09-13T20:25:00.000Z,FanDuel,751.183666278,receptions,Saquon Barkley - Total Receptions,,Saquon Barkley,16580233,under,2.5,-130,1.769230769230769,0.5652173913043478,open,,,2026-09-09T18:23:06Z,,,,,v3-forward-measurement
12692d2e-4601-40d2-945b-8b7085478fa7,89e818f7-ed74-470a-8667-2383fb8257b6,2026-09-09T18:23:06Z,FanDuel Sportsbook structured market feed,,VA,NFL,35610167,Buffalo Bills @ Houston Texans,2026-09-13T17:00:00.000Z,FanDuel,751.183531290,passing_touchdowns,Josh Allen - Passing TDs,,Josh Allen,16503660,over,1.5,148,2.48,0.4032258064516129,open,,,2026-09-09T18:23:06Z,,,,,v3-forward-measurement
12692d2e-4601-40d2-945b-8b7085478fa7,8edb54c9-e849-4dca-9cfc-5b3e2fccaa08,2026-09-09T18:23:06Z,FanDuel Sportsbook structured market feed,,VA,NFL,35610167,Buffalo Bills @ Houston Texans,2026-09-13T17:00:00.000Z,FanDuel,751.183531290,passing_touchdowns,Josh Allen - Passing TDs,,Josh Allen,16503661,under,1.5,-200,1.5,0.6666666666666666,open,,,2026-09-09T18:23:06Z,,,,,v3-forward-measurement
12692d2e-4601-40d2-945b-8b7085478fa7,bae7a171-4751-4ccb-9dfc-2333f892cf1f,2026-09-09T18:23:06Z,FanDuel Sportsbook structured market feed,,VA,NFL,35610167,Buffalo Bills @ Houston Texans,2026-09-13T17:00:00.000Z,FanDuel,751.183531305,passing_yards,C.J. Stroud - Passing Yds,,C.J. Stroud,41158959,over,218.5,-114,1.87719298245614,0.5327102803738317,open,,,2026-09-09T18:23:06Z,,,,,v3-forward-measurement
12692d2e-4601-40d2-945b-8b7085478fa7,4dec8de6-3ee6-45ae-9a9e-34f68776394b,2026-09-09T18:23:06Z,FanDuel Sportsbook structured market feed,,VA,NFL,35610167,Buffalo Bills @ Houston Texans,2026-09-13T17:00:00.000Z,FanDuel,751.183531305,passing_yards,C.J. Stroud - Passing Yds,,C.J. Stroud,41158958,under,218.5,-114,1.87719298245614,0.5327102803738317,open,,,2026-09-09T18:23:06Z,,,,,v3-forward-measurement
12692d2e-4601-40d2-945b-8b7085478fa7,f7fd9079-95c0-437f-b417-64c26747d291,2026-09-09T18:23:06Z,FanDuel Sportsbook structured market feed,,VA,NFL,35610167,Buffalo Bills @ Houston Texans,2026-09-13T17:00:00.000Z,FanDuel,751.183531354,passing_touchdowns,C.J. Stroud - Passing TDs,,C.J. Stroud,41158959,over,1.5,122,2.22,0.45045045045045046,open,,,2026-09-09T18:23:06Z,,,,,v3-forward-measurement
12692d2e-4601-40d2-945b-8b7085478fa7,a8f8464f-95af-41aa-9a31-5c9db7fdae46,2026-09-09T18:23:06Z,FanDuel Sportsbook structured market feed,,VA,NFL,35610167,Buffalo Bills @ Houston Texans,2026-09-13T17:00:00.000Z,FanDuel,751.183531354,passing_touchdowns,C.J. Stroud - Passing TDs,,C.J. Stroud,41158958,under,1.5,-162,1.617283950617284,0.6183206106870229,open,,,2026-09-09T18:23:06Z,,,,,v3-forward-measurement
12692d2e-4601-40d2-945b-8b7085478fa7,e470263c-1fb9-410f-802b-273f746a30f0,2026-09-09T18:23:06Z,FanDuel Sportsbook structured market feed,,VA,NFL,35610167,Buffalo Bills @ Houston Texans,2026-09-13T17:00:00.000Z,FanDuel,751.183531265,passing_yards,Josh Allen - Passing Yds,,Josh Allen,16503660,over,220.5,-114,1.87719298245614,0.5327102803738317,open,,,2026-09-09T18:23:06Z,,,,,v3-forward-measurement
12692d2e-4601-40d2-945b-8b7085478fa7,040edcc7-78d3-4bae-a958-fc1a11653560,2026-09-09T18:23:06Z,FanDuel Sportsbook structured market feed,,VA,NFL,35610167,Buffalo Bills @ Houston Texans,2026-09-13T17:00:00.000Z,FanDuel,751.183531265,passing_yards,Josh Allen - Passing Yds,,Josh Allen,16503661,under,220.5,-114,1.87719298245614,0.5327102803738317,open,,,2026-09-09T18:23:06Z,,,,,v3-forward-measurement
7b78498d-5f7e-434a-9601-e64f6b8e3a68,da9bd691-bd98-4431-9e16-1e1cb685cc4c,2026-09-09T18:23:06Z,FanDuel Sportsbook structured market feed,,VA,NFL,35610167,Buffalo Bills @ Houston Texans,2026-09-13T17:00:00.000Z,FanDuel,751.183531308,rushing_yards,Josh Allen - Rushing Yds,,Josh Allen,16503660,over,30.5,-114,1.87719298245614,0.5327102803738317,open,,,2026-09-09T18:23:06Z,,,,,v3-forward-measurement
7b78498d-5f7e-434a-9601-e64f6b8e3a68,a9ae05e5-0653-4942-a057-8745a4dbc7aa,2026-09-09T18:23:06Z,FanDuel Sportsbook structured market feed,,VA,NFL,35610167,Buffalo Bills @ Houston Texans,2026-09-13T17:00:00.000Z,FanDuel,751.183531308,rushing_yards,Josh Allen - Rushing Yds,,Josh Allen,16503661,under,30.5,-114,1.87719298245614,0.5327102803738317,open,,,2026-09-09T18:23:06Z,,,,,v3-forward-measurement
7b78498d-5f7e-434a-9601-e64f6b8e3a68,1f116ef5-e3c7-4626-8686-e2e97b69a8c5,2026-09-09T18:23:06Z,FanDuel Sportsbook structured market feed,,VA,NFL,35610167,Buffalo Bills @ Houston Texans,2026-09-13T17:00:00.000Z,FanDuel,751.183532134,rushing_yards,James Cook - Rushing Yds,,James Cook,41957632,over,74.5,-114,1.87719298245614,0.5327102803738317,open,,,2026-09-09T18:23:06Z,,,,,v3-forward-measurement
7b78498d-5f7e-434a-9601-e64f6b8e3a68,b5ba710c-659b-4a2d-8d6c-4150b36dc735,2026-09-09T18:23:06Z,FanDuel Sportsbook structured market feed,,VA,NFL,35610167,Buffalo Bills @ Houston Texans,2026-09-13T17:00:00.000Z,FanDuel,751.183532134,rushing_yards,James Cook - Rushing Yds,,James Cook,41957631,under,74.5,-114,1.87719298245614,0.5327102803738317,open,,,2026-09-09T18:23:06Z,,,,,v3-forward-measurement
7b78498d-5f7e-434a-9601-e64f6b8e3a68,ccf010ba-b144-46c4-bf18-5e439f4a4363,2026-09-09T18:23:06Z,FanDuel Sportsbook structured market feed,,VA,NFL,35610167,Buffalo Bills @ Houston Texans,2026-09-13T17:00:00.000Z,FanDuel,751.184540244,rushing_yards,C.J. Stroud - Rushing Yds,,C.J. Stroud,41158959,over,10.5,-114,1.87719298245614,0.5327102803738317,open,,,2026-09-09T18:23:06Z,,,,,v3-forward-measurement
7b78498d-5f7e-434a-9601-e64f6b8e3a68,e4c62365-4ded-4f90-a412-1ecdbe7cff29,2026-09-09T18:23:06Z,FanDuel Sportsbook structured market feed,,VA,NFL,35610167,Buffalo Bills @ Houston Texans,2026-09-13T17:00:00.000Z,FanDuel,751.184540244,rushing_yards,C.J. Stroud - Rushing Yds,,C.J. Stroud,41158958,under,10.5,-114,1.87719298245614,0.5327102803738317,open,,,2026-09-09T18:23:06Z,,,,,v3-forward-measurement
7b78498d-5f7e-434a-9601-e64f6b8e3a68,00b34934-4097-457b-88c9-ab9869a2ba91,2026-09-09T18:23:06Z,FanDuel Sportsbook structured market feed,,VA,NFL,35610167,Buffalo Bills @ Houston Texans,2026-09-13T17:00:00.000Z,FanDuel,751.183532131,rushing_yards,David Montgomery - Rushing Yds,,David Montgomery,16579822,over,53.5,-114,1.87719298245614,0.5327102803738317,open,,,2026-09-09T18:23:06Z,,,,,v3-forward-measurement
7b78498d-5f7e-434a-9601-e64f6b8e3a68,c021cc51-4f37-4a43-a91a-59b0708343ae,2026-09-09T18:23:06Z,FanDuel Sportsbook structured market feed,,VA,NFL,35610167,Buffalo Bills @ Houston Texans,2026-09-13T17:00:00.000Z,FanDuel,751.183532131,rushing_yards,David Montgomery - Rushing Yds,,David Montgomery,16579823,under,53.5,-114,1.87719298245614,0.5327102803738317,open,,,2026-09-09T18:23:06Z,,,,,v3-forward-measurement
7b78498d-5f7e-434a-9601-e64f6b8e3a68,87cf07cb-448b-4525-870e-13642eb29add,2026-09-09T18:23:06Z,FanDuel Sportsbook structured market feed,,VA,NFL,35610167,Buffalo Bills @ Houston Texans,2026-09-13T17:00:00.000Z,FanDuel,751.183532132,rushing_yards,Woody Marks - Rushing Yds,,Woody Marks,88881141,over,29.5,-114,1.87719298245614,0.5327102803738317,open,,,2026-09-09T18:23:06Z,,,,,v3-forward-measurement
7b78498d-5f7e-434a-9601-e64f6b8e3a68,bd484319-7755-410a-b6f6-6dbfd934f803,2026-09-09T18:23:06Z,FanDuel Sportsbook structured market feed,,VA,NFL,35610167,Buffalo Bills @ Houston Texans,2026-09-13T17:00:00.000Z,FanDuel,751.183532132,rushing_yards,Woody Marks - Rushing Yds,,Woody Marks,88881135,under,29.5,-114,1.87719298245614,0.5327102803738317,open,,,2026-09-09T18:23:06Z,,,,,v3-forward-measurement
1f1deb62-135b-4fc7-8c88-7ea39fc506d3,2da750ed-4dcf-47e6-a343-f49465c546a6,2026-09-09T18:23:06Z,FanDuel Sportsbook structured market feed,,VA,NFL,35610167,Buffalo Bills @ Houston Texans,2026-09-13T17:00:00.000Z,FanDuel,751.184542281,receiving_yards,Woody Marks - Receiving Yds,,Woody Marks,88881141,over,9.5,-114,1.87719298245614,0.5327102803738317,open,,,2026-09-09T18:23:06Z,,,,,v3-forward-measurement
1f1deb62-135b-4fc7-8c88-7ea39fc506d3,e716a1da-8c36-4b9d-a905-7308c50e3df4,2026-09-09T18:23:06Z,FanDuel Sportsbook structured market feed,,VA,NFL,35610167,Buffalo Bills @ Houston Texans,2026-09-13T17:00:00.000Z,FanDuel,751.184542281,receiving_yards,Woody Marks - Receiving Yds,,Woody Marks,88881135,under,9.5,-114,1.87719298245614,0.5327102803738317,open,,,2026-09-09T18:23:06Z,,,,,v3-forward-measurement
1f1deb62-135b-4fc7-8c88-7ea39fc506d3,2c48ab6d-61d9-4726-914d-8d9a9c62a27c,2026-09-09T18:23:06Z,FanDuel Sportsbook structured market feed,,VA,NFL,35610167,Buffalo Bills @ Houston Texans,2026-09-13T17:00:00.000Z,FanDuel,751.183533039,receiving_yards,Nico Collins - Receiving Yds,,Nico Collins,40916109,over,69.5,-114,1.87719298245614,0.5327102803738317,open,,,2026-09-09T18:23:06Z,,,,,v3-forward-measurement
1f1deb62-135b-4fc7-8c88-7ea39fc506d3,fe115934-2c11-4c7e-98ad-efbc8132feab,2026-09-09T18:23:06Z,FanDuel Sportsbook structured market feed,,VA,NFL,35610167,Buffalo Bills @ Houston Texans,2026-09-13T17:00:00.000Z,FanDuel,751.183533039,receiving_yards,Nico Collins - Receiving Yds,,Nico Collins,40916112,under,69.5,-114,1.87719298245614,0.5327102803738317,open,,,2026-09-09T18:23:06Z,,,,,v3-forward-measurement
1f1deb62-135b-4fc7-8c88-7ea39fc506d3,615c8f16-0471-4da6-99ec-3e60a92a30e9,2026-09-09T18:23:06Z,FanDuel Sportsbook structured market feed,,VA,NFL,35610167,Buffalo Bills @ Houston Texans,2026-09-13T17:00:00.000Z,FanDuel,751.183533038,receptions,D.J. Moore - Total Receptions,,D.J. Moore,73370450,over,3.5,-130,1.769230769230769,0.5652173913043478,open,,,2026-09-09T18:23:06Z,,,,,v3-forward-measurement
1f1deb62-135b-4fc7-8c88-7ea39fc506d3,6cecea4a-2fa0-42aa-9521-6e607d2b2960,2026-09-09T18:23:06Z,FanDuel Sportsbook structured market feed,,VA,NFL,35610167,Buffalo Bills @ Houston Texans,2026-09-13T17:00:00.000Z,FanDuel,751.183533038,receptions,D.J. Moore - Total Receptions,,D.J. Moore,73370451,under,3.5,-102,1.980392156862745,0.504950495049505,open,,,2026-09-09T18:23:06Z,,,,,v3-forward-measurement
1f1deb62-135b-4fc7-8c88-7ea39fc506d3,ae0dc11e-4065-4d89-b0d2-84898bd2279c,2026-09-09T18:23:06Z,FanDuel Sportsbook structured market feed,,VA,NFL,35610167,Buffalo Bills @ Houston Texans,2026-09-13T17:00:00.000Z,FanDuel,751.184543895,receptions,Dalton Schultz - Total Receptions,,Dalton Schultz,36190363,over,3.5,-130,1.769230769230769,0.5652173913043478,open,,,2026-09-09T18:23:06Z,,,,,v3-forward-measurement
1f1deb62-135b-4fc7-8c88-7ea39fc506d3,dac7af4b-d10f-4a9f-99f7-f9029b079a59,2026-09-09T18:23:06Z,FanDuel Sportsbook structured market feed,,VA,NFL,35610167,Buffalo Bills @ Houston Texans,2026-09-13T17:00:00.000Z,FanDuel,751.184543895,receptions,Dalton Schultz - Total Receptions,,Dalton Schultz,36190364,under,3.5,-102,1.980392156862745,0.504950495049505,open,,,2026-09-09T18:23:06Z,,,,,v3-forward-measurement
1f1deb62-135b-4fc7-8c88-7ea39fc506d3,d951ea99-99ad-407f-833d-3509e90d25ab,2026-09-09T18:23:06Z,FanDuel Sportsbook structured market feed,,VA,NFL,35610167,Buffalo Bills @ Houston Texans,2026-09-13T17:00:00.000Z,FanDuel,751.184543897,receiving_yards,Dalton Schultz - Receiving Yds,,Dalton Schultz,36190363,over,32.5,-114,1.87719298245614,0.5327102803738317,open,,,2026-09-09T18:23:06Z,,,,,v3-forward-measurement
1f1deb62-135b-4fc7-8c88-7ea39fc506d3,cdf77f1e-ec5e-4122-9341-3f869a7da767,2026-09-09T18:23:06Z,FanDuel Sportsbook structured market feed,,VA,NFL,35610167,Buffalo Bills @ Houston Texans,2026-09-13T17:00:00.000Z,FanDuel,751.184543897,receiving_yards,Dalton Schultz - Receiving Yds,,Dalton Schultz,36190364,under,32.5,-114,1.87719298245614,0.5327102803738317,open,,,2026-09-09T18:23:06Z,,,,,v3-forward-measurement
1f1deb62-135b-4fc7-8c88-7ea39fc506d3,eb1d7ae3-afec-4b2d-a940-04dbaa6f09b8,2026-09-09T18:23:06Z,FanDuel Sportsbook structured market feed,,VA,NFL,35610167,Buffalo Bills @ Houston Texans,2026-09-13T17:00:00.000Z,FanDuel,751.184542278,receiving_yards,David Montgomery - Receiving Yds,,David Montgomery,16579822,over,8.5,-114,1.87719298245614,0.5327102803738317,open,,,2026-09-09T18:23:06Z,,,,,v3-forward-measurement
1f1deb62-135b-4fc7-8c88-7ea39fc506d3,13d8fc88-7c74-435c-97d0-7d7e4ecbc229,2026-09-09T18:23:06Z,FanDuel Sportsbook structured market feed,,VA,NFL,35610167,Buffalo Bills @ Houston Texans,2026-09-13T17:00:00.000Z,FanDuel,751.184542278,receiving_yards,David Montgomery - Receiving Yds,,David Montgomery,16579823,under,8.5,-114,1.87719298245614,0.5327102803738317,open,,,2026-09-09T18:23:06Z,,,,,v3-forward-measurement
1f1deb62-135b-4fc7-8c88-7ea39fc506d3,8ca119e0-6602-428b-97b2-acb6cee57a1a,2026-09-09T18:23:06Z,FanDuel Sportsbook structured market feed,,VA,NFL,35610167,Buffalo Bills @ Houston Texans,2026-09-13T17:00:00.000Z,FanDuel,751.184542279,receptions,David Montgomery - Total Receptions,,David Montgomery,16579822,over,1.5,-122,1.819672131147541,0.5495495495495496,open,,,2026-09-09T18:23:06Z,,,,,v3-forward-measurement
1f1deb62-135b-4fc7-8c88-7ea39fc506d3,98f831da-ee57-49ec-aa55-d70dffb566ec,2026-09-09T18:23:06Z,FanDuel Sportsbook structured market feed,,VA,NFL,35610167,Buffalo Bills @ Houston Texans,2026-09-13T17:00:00.000Z,FanDuel,751.184542279,receptions,David Montgomery - Total Receptions,,David Montgomery,16579823,under,1.5,-108,1.925925925925926,0.5192307692307693,open,,,2026-09-09T18:23:06Z,,,,,v3-forward-measurement
1f1deb62-135b-4fc7-8c88-7ea39fc506d3,ada9a217-3db2-4a26-b7fe-202d544bce97,2026-09-09T18:23:06Z,FanDuel Sportsbook structured market feed,,VA,NFL,35610167,Buffalo Bills @ Houston Texans,2026-09-13T17:00:00.000Z,FanDuel,751.183533050,receptions,Nico Collins - Total Receptions,,Nico Collins,40916109,over,5.5,102,2.02,0.49504950495049505,open,,,2026-09-09T18:23:06Z,,,,,v3-forward-measurement
1f1deb62-135b-4fc7-8c88-7ea39fc506d3,05b54eaa-ceac-421e-a392-3be7a6c05af1,2026-09-09T18:23:06Z,FanDuel Sportsbook structured market feed,,VA,NFL,35610167,Buffalo Bills @ Houston Texans,2026-09-13T17:00:00.000Z,FanDuel,751.183533050,receptions,Nico Collins - Total Receptions,,Nico Collins,40916112,under,5.5,-136,1.735294117647059,0.576271186440678,open,,,2026-09-09T18:23:06Z,,,,,v3-forward-measurement
1f1deb62-135b-4fc7-8c88-7ea39fc506d3,6bf27233-98a5-40fa-a273-4436a06a148e,2026-09-09T18:23:06Z,FanDuel Sportsbook structured market feed,,VA,NFL,35610167,Buffalo Bills @ Houston Texans,2026-09-13T17:00:00.000Z,FanDuel,751.185125759,receiving_yards,Xavier Hutchinson - Receiving Yds,,Xavier Hutchinson,41075117,over,19.5,-114,1.87719298245614,0.5327102803738317,open,,,2026-09-09T18:23:06Z,,,,,v3-forward-measurement
1f1deb62-135b-4fc7-8c88-7ea39fc506d3,1c6d2991-d4f4-4cb5-913f-d1e6d1168acb,2026-09-09T18:23:06Z,FanDuel Sportsbook structured market feed,,VA,NFL,35610167,Buffalo Bills @ Houston Texans,2026-09-13T17:00:00.000Z,FanDuel,751.185125759,receiving_yards,Xavier Hutchinson - Receiving Yds,,Xavier Hutchinson,41075118,under,19.5,-114,1.87719298245614,0.5327102803738317,open,,,2026-09-09T18:23:06Z,,,,,v3-forward-measurement
1f1deb62-135b-4fc7-8c88-7ea39fc506d3,8e7b589c-f371-4376-ad08-ca6ad4e26e30,2026-09-09T18:23:06Z,FanDuel Sportsbook structured market feed,,VA,NFL,35610167,Buffalo Bills @ Houston Texans,2026-09-13T17:00:00.000Z,FanDuel,751.185125757,receptions,Xavier Hutchinson - Total Receptions,,Xavier Hutchinson,41075117,over,2.5,134,2.34,0.42735042735042733,open,,,2026-09-09T18:23:06Z,,,,,v3-forward-measurement
1f1deb62-135b-4fc7-8c88-7ea39fc506d3,369f97ba-0722-4efa-9bb2-d8ab9bd28b12,2026-09-09T18:23:06Z,FanDuel Sportsbook structured market feed,,VA,NFL,35610167,Buffalo Bills @ Houston Texans,2026-09-13T17:00:00.000Z,FanDuel,751.185125757,receptions,Xavier Hutchinson - Total Receptions,,Xavier Hutchinson,41075118,under,2.5,-180,1.555555555555556,0.6428571428571429,open,,,2026-09-09T18:23:06Z,,,,,v3-forward-measurement
1f1deb62-135b-4fc7-8c88-7ea39fc506d3,52874d5d-37af-40d9-bc53-bfd8526d69c8,2026-09-09T18:23:06Z,FanDuel Sportsbook structured market feed,,VA,NFL,35610167,Buffalo Bills @ Houston Texans,2026-09-13T17:00:00.000Z,FanDuel,751.183533053,receiving_yards,D.J. Moore - Receiving Yds,,D.J. Moore,73370450,over,47.5,-114,1.87719298245614,0.5327102803738317,open,,,2026-09-09T18:23:06Z,,,,,v3-forward-measurement
1f1deb62-135b-4fc7-8c88-7ea39fc506d3,f1bac75e-f090-455e-809d-a0f7d986604a,2026-09-09T18:23:06Z,FanDuel Sportsbook structured market feed,,VA,NFL,35610167,Buffalo Bills @ Houston Texans,2026-09-13T17:00:00.000Z,FanDuel,751.183533053,receiving_yards,D.J. Moore - Receiving Yds,,D.J. Moore,73370451,under,47.5,-114,1.87719298245614,0.5327102803738317,open,,,2026-09-09T18:23:06Z,,,,,v3-forward-measurement
1f1deb62-135b-4fc7-8c88-7ea39fc506d3,ef6dd9f8-29a5-4df1-8851-2c37c9b7a122,2026-09-09T18:23:06Z,FanDuel Sportsbook structured market feed,,VA,NFL,35610167,Buffalo Bills @ Houston Texans,2026-09-13T17:00:00.000Z,FanDuel,751.183533051,receiving_yards,Dalton Kincaid - Receiving Yds,,Dalton Kincaid,41602583,over,38.5,-114,1.87719298245614,0.5327102803738317,open,,,2026-09-09T18:23:06Z,,,,,v3-forward-measurement
1f1deb62-135b-4fc7-8c88-7ea39fc506d3,f0902b49-856b-4554-bcb7-175fac5e27b8,2026-09-09T18:23:06Z,FanDuel Sportsbook structured market feed,,VA,NFL,35610167,Buffalo Bills @ Houston Texans,2026-09-13T17:00:00.000Z,FanDuel,751.183533051,receiving_yards,Dalton Kincaid - Receiving Yds,,Dalton Kincaid,41602585,under,38.5,-114,1.87719298245614,0.5327102803738317,open,,,2026-09-09T18:23:06Z,,,,,v3-forward-measurement
1f1deb62-135b-4fc7-8c88-7ea39fc506d3,d67e92ae-c62e-4fb0-928f-284a688aecc1,2026-09-09T18:23:06Z,FanDuel Sportsbook structured market feed,,VA,NFL,35610167,Buffalo Bills @ Houston Texans,2026-09-13T17:00:00.000Z,FanDuel,751.183533052,receptions,Khalil Shakir - Total Receptions,,Khalil Shakir,41266352,over,3.5,-130,1.769230769230769,0.5652173913043478,open,,,2026-09-09T18:23:06Z,,,,,v3-forward-measurement
1f1deb62-135b-4fc7-8c88-7ea39fc506d3,cffb0281-36fc-4b51-a8c1-47544ec78fec,2026-09-09T18:23:06Z,FanDuel Sportsbook structured market feed,,VA,NFL,35610167,Buffalo Bills @ Houston Texans,2026-09-13T17:00:00.000Z,FanDuel,751.183533052,receptions,Khalil Shakir - Total Receptions,,Khalil Shakir,41266353,under,3.5,-102,1.980392156862745,0.504950495049505,open,,,2026-09-09T18:23:06Z,,,,,v3-forward-measurement
1f1deb62-135b-4fc7-8c88-7ea39fc506d3,f6b323d8-2908-4ebd-8dc5-34a6c0b5a0c8,2026-09-09T18:23:06Z,FanDuel Sportsbook structured market feed,,VA,NFL,35610167,Buffalo Bills @ Houston Texans,2026-09-13T17:00:00.000Z,FanDuel,751.184980710,receptions,James Cook - Total Receptions,,James Cook,41957632,over,2.5,124,2.24,0.44642857142857145,open,,,2026-09-09T18:23:06Z,,,,,v3-forward-measurement
1f1deb62-135b-4fc7-8c88-7ea39fc506d3,5669b6e4-161e-4c63-9610-489c2388b456,2026-09-09T18:23:06Z,FanDuel Sportsbook structured market feed,,VA,NFL,35610167,Buffalo Bills @ Houston Texans,2026-09-13T17:00:00.000Z,FanDuel,751.184980710,receptions,James Cook - Total Receptions,,James Cook,41957631,under,2.5,-166,1.602409638554217,0.6240601503759399,open,,,2026-09-09T18:23:06Z,,,,,v3-forward-measurement
1f1deb62-135b-4fc7-8c88-7ea39fc506d3,dfbd26b2-4d33-463f-956e-5dcc41ad786b,2026-09-09T18:23:06Z,FanDuel Sportsbook structured market feed,,VA,NFL,35610167,Buffalo Bills @ Houston Texans,2026-09-13T17:00:00.000Z,FanDuel,751.183533049,receptions,Dalton Kincaid - Total Receptions,,Dalton Kincaid,41602583,over,3.5,-102,1.980392156862745,0.504950495049505,open,,,2026-09-09T18:23:06Z,,,,,v3-forward-measurement
1f1deb62-135b-4fc7-8c88-7ea39fc506d3,9bc3b8d1-9029-4b34-9bab-0ad8ea153109,2026-09-09T18:23:06Z,FanDuel Sportsbook structured market feed,,VA,NFL,35610167,Buffalo Bills @ Houston Texans,2026-09-13T17:00:00.000Z,FanDuel,751.183533049,receptions,Dalton Kincaid - Total Receptions,,Dalton Kincaid,41602585,under,3.5,-130,1.769230769230769,0.5652173913043478,open,,,2026-09-09T18:23:06Z,,,,,v3-forward-measurement
1f1deb62-135b-4fc7-8c88-7ea39fc506d3,132e7362-6f2b-4793-a7a6-78f9b7eccea6,2026-09-09T18:23:06Z,FanDuel Sportsbook structured market feed,,VA,NFL,35610167,Buffalo Bills @ Houston Texans,2026-09-13T17:00:00.000Z,FanDuel,751.185056176,receiving_yards,Dawson Knox - Receiving Yds,,Dawson Knox,26270330,over,14.5,-114,1.87719298245614,0.5327102803738317,open,,,2026-09-09T18:23:06Z,,,,,v3-forward-measurement
1f1deb62-135b-4fc7-8c88-7ea39fc506d3,1e050c16-22bb-4f6b-9c0f-e6f7a776ec56,2026-09-09T18:23:06Z,FanDuel Sportsbook structured market feed,,VA,NFL,35610167,Buffalo Bills @ Houston Texans,2026-09-13T17:00:00.000Z,FanDuel,751.185056176,receiving_yards,Dawson Knox - Receiving Yds,,Dawson Knox,26270331,under,14.5,-114,1.87719298245614,0.5327102803738317,open,,,2026-09-09T18:23:06Z,,,,,v3-forward-measurement
1f1deb62-135b-4fc7-8c88-7ea39fc506d3,9c780748-63a2-4ef5-bf53-9665ee185cdf,2026-09-09T18:23:06Z,FanDuel Sportsbook structured market feed,,VA,NFL,35610167,Buffalo Bills @ Houston Texans,2026-09-13T17:00:00.000Z,FanDuel,751.185056177,receptions,Dawson Knox - Total Receptions,,Dawson Knox,26270330,over,1.5,-114,1.87719298245614,0.5327102803738317,open,,,2026-09-09T18:23:06Z,,,,,v3-forward-measurement
1f1deb62-135b-4fc7-8c88-7ea39fc506d3,6e06f2d6-0532-4ea3-b142-fa9f14c621ef,2026-09-09T18:23:06Z,FanDuel Sportsbook structured market feed,,VA,NFL,35610167,Buffalo Bills @ Houston Texans,2026-09-13T17:00:00.000Z,FanDuel,751.185056177,receptions,Dawson Knox - Total Receptions,,Dawson Knox,26270331,under,1.5,-114,1.87719298245614,0.5327102803738317,open,,,2026-09-09T18:23:06Z,,,,,v3-forward-measurement
1f1deb62-135b-4fc7-8c88-7ea39fc506d3,15cddfee-76bc-466b-a332-11be42df5d31,2026-09-09T18:23:06Z,FanDuel Sportsbook structured market feed,,VA,NFL,35610167,Buffalo Bills @ Houston Texans,2026-09-13T17:00:00.000Z,FanDuel,751.184980711,receiving_yards,James Cook - Receiving Yds,,James Cook,41957632,over,14.5,-114,1.87719298245614,0.5327102803738317,open,,,2026-09-09T18:23:06Z,,,,,v3-forward-measurement
1f1deb62-135b-4fc7-8c88-7ea39fc506d3,59dfb3bf-ff3d-4f7d-bf6e-12ce28839fd0,2026-09-09T18:23:06Z,FanDuel Sportsbook structured market feed,,VA,NFL,35610167,Buffalo Bills @ Houston Texans,2026-09-13T17:00:00.000Z,FanDuel,751.184980711,receiving_yards,James Cook - Receiving Yds,,James Cook,41957631,under,14.5,-114,1.87719298245614,0.5327102803738317,open,,,2026-09-09T18:23:06Z,,,,,v3-forward-measurement
1f1deb62-135b-4fc7-8c88-7ea39fc506d3,e88a329c-08ad-4968-986b-71f12d4fe3d9,2026-09-09T18:23:06Z,FanDuel Sportsbook structured market feed,,VA,NFL,35610167,Buffalo Bills @ Houston Texans,2026-09-13T17:00:00.000Z,FanDuel,751.184541564,receptions,Kayshon Boutte - Total Receptions,,Kayshon Boutte,41072109,over,1.5,-172,1.581395348837209,0.6323529411764706,open,,,2026-09-09T18:23:06Z,,,,,v3-forward-measurement
1f1deb62-135b-4fc7-8c88-7ea39fc506d3,c1cf13bb-0d38-4474-b2b6-e42763ea39c3,2026-09-09T18:23:06Z,FanDuel Sportsbook structured market feed,,VA,NFL,35610167,Buffalo Bills @ Houston Texans,2026-09-13T17:00:00.000Z,FanDuel,751.184541564,receptions,Kayshon Boutte - Total Receptions,,Kayshon Boutte,41072108,under,1.5,128,2.28,0.43859649122807015,open,,,2026-09-09T18:23:06Z,,,,,v3-forward-measurement
1f1deb62-135b-4fc7-8c88-7ea39fc506d3,b216e87a-127a-4212-b594-94748f0330f0,2026-09-09T18:23:06Z,FanDuel Sportsbook structured market feed,,VA,NFL,35610167,Buffalo Bills @ Houston Texans,2026-09-13T17:00:00.000Z,FanDuel,751.183533042,receiving_yards,Khalil Shakir - Receiving Yds,,Khalil Shakir,41266352,over,36.5,-114,1.87719298245614,0.5327102803738317,open,,,2026-09-09T18:23:06Z,,,,,v3-forward-measurement
1f1deb62-135b-4fc7-8c88-7ea39fc506d3,4cc46928-b215-4e7f-a201-4d132a52f8a5,2026-09-09T18:23:06Z,FanDuel Sportsbook structured market feed,,VA,NFL,35610167,Buffalo Bills @ Houston Texans,2026-09-13T17:00:00.000Z,FanDuel,751.183533042,receiving_yards,Khalil Shakir - Receiving Yds,,Khalil Shakir,41266353,under,36.5,-114,1.87719298245614,0.5327102803738317,open,,,2026-09-09T18:23:06Z,,,,,v3-forward-measurement
1f1deb62-135b-4fc7-8c88-7ea39fc506d3,12f84f6e-38d9-445e-b51c-17e319840d77,2026-09-09T18:23:06Z,FanDuel Sportsbook structured market feed,,VA,NFL,35610167,Buffalo Bills @ Houston Texans,2026-09-13T17:00:00.000Z,FanDuel,751.184541567,receiving_yards,Kayshon Boutte - Receiving Yds,,Kayshon Boutte,41072109,over,24.5,-114,1.87719298245614,0.5327102803738317,open,,,2026-09-09T18:23:06Z,,,,,v3-forward-measurement
1f1deb62-135b-4fc7-8c88-7ea39fc506d3,0e138b41-5d58-4b1a-b391-9d6a69821819,2026-09-09T18:23:06Z,FanDuel Sportsbook structured market feed,,VA,NFL,35610167,Buffalo Bills @ Houston Texans,2026-09-13T17:00:00.000Z,FanDuel,751.184541567,receiving_yards,Kayshon Boutte - Receiving Yds,,Kayshon Boutte,41072108,under,24.5,-114,1.87719298245614,0.5327102803738317,open,,,2026-09-09T18:23:06Z,,,,,v3-forward-measurement
ca258bc7-9b24-40e0-8d70-23f1fb9b7a3d,39d8ae3b-a556-495d-bdaa-a2b2f82a8876,2026-09-09T18:23:06Z,FanDuel Sportsbook structured market feed,,VA,NFL,35610168,New Orleans Saints @ Detroit Lions,2026-09-13T17:01:00.000Z,FanDuel,751.183818920,passing_touchdowns,Tyler Shough - Passing TDs,,Tyler Shough,41066836,over,1.5,128,2.28,0.43859649122807015,open,,,2026-09-09T18:23:06Z,,,,,v3-forward-measurement
ca258bc7-9b24-40e0-8d70-23f1fb9b7a3d,bb94739e-38f2-48c5-80c4-63b4e8630bdb,2026-09-09T18:23:06Z,FanDuel Sportsbook structured market feed,,VA,NFL,35610168,New Orleans Saints @ Detroit Lions,2026-09-13T17:01:00.000Z,FanDuel,751.183818920,passing_touchdowns,Tyler Shough - Passing TDs,,Tyler Shough,41066844,under,1.5,-172,1.581395348837209,0.6323529411764706,open,,,2026-09-09T18:23:06Z,,,,,v3-forward-measurement
ca258bc7-9b24-40e0-8d70-23f1fb9b7a3d,fae6a833-07e2-47c9-8e50-0292f08bfca8,2026-09-09T18:23:06Z,FanDuel Sportsbook structured market feed,,VA,NFL,35610168,New Orleans Saints @ Detroit Lions,2026-09-13T17:01:00.000Z,FanDuel,751.183819063,passing_yards,Tyler Shough - Passing Yds,,Tyler Shough,41066836,over,246.5,-114,1.87719298245614,0.5327102803738317,open,,,2026-09-09T18:23:06Z,,,,,v3-forward-measurement
ca258bc7-9b24-40e0-8d70-23f1fb9b7a3d,05debeea-add7-4081-ab3d-68af1a529efe,2026-09-09T18:23:06Z,FanDuel Sportsbook structured market feed,,VA,NFL,35610168,New Orleans Saints @ Detroit Lions,2026-09-13T17:01:00.000Z,FanDuel,751.183819063,passing_yards,Tyler Shough - Passing Yds,,Tyler Shough,41066844,under,246.5,-114,1.87719298245614,0.5327102803738317,open,,,2026-09-09T18:23:06Z,,,,,v3-forward-measurement
ca258bc7-9b24-40e0-8d70-23f1fb9b7a3d,ceaf75a3-b1c4-470f-be09-b20c11e63685,2026-09-09T18:23:06Z,FanDuel Sportsbook structured market feed,,VA,NFL,35610168,New Orleans Saints @ Detroit Lions,2026-09-13T17:01:00.000Z,FanDuel,751.183819030,passing_touchdowns,Jared Goff - Passing TDs,,Jared Goff,12135315,over,1.5,-194,1.515463917525773,0.6598639455782312,open,,,2026-09-09T18:23:06Z,,,,,v3-forward-measurement
ca258bc7-9b24-40e0-8d70-23f1fb9b7a3d,735350af-3204-4e59-b855-f11977474159,2026-09-09T18:23:06Z,FanDuel Sportsbook structured market feed,,VA,NFL,35610168,New Orleans Saints @ Detroit Lions,2026-09-13T17:01:00.000Z,FanDuel,751.183819030,passing_touchdowns,Jared Goff - Passing TDs,,Jared Goff,12135314,under,1.5,144,2.44,0.4098360655737705,open,,,2026-09-09T18:23:06Z,,,,,v3-forward-measurement
ca258bc7-9b24-40e0-8d70-23f1fb9b7a3d,377f4277-db87-46aa-81bd-2273a8f8756a,2026-09-09T18:23:06Z,FanDuel Sportsbook structured market feed,,VA,NFL,35610168,New Orleans Saints @ Detroit Lions,2026-09-13T17:01:00.000Z,FanDuel,751.183819023,passing_yards,Jared Goff - Passing Yds,,Jared Goff,12135315,over,261.5,-114,1.87719298245614,0.5327102803738317,open,,,2026-09-09T18:23:06Z,,,,,v3-forward-measurement
ca258bc7-9b24-40e0-8d70-23f1fb9b7a3d,6a11ca09-b911-4b26-812d-e3aad94c92d7,2026-09-09T18:23:06Z,FanDuel Sportsbook structured market feed,,VA,NFL,35610168,New Orleans Saints @ Detroit Lions,2026-09-13T17:01:00.000Z,FanDuel,751.183819023,passing_yards,Jared Goff - Passing Yds,,Jared Goff,12135314,under,261.5,-114,1.87719298245614,0.5327102803738317,open,,,2026-09-09T18:23:06Z,,,,,v3-forward-measurement
288f55d7-73b5-4219-8273-4e839564be36,60364898-5daf-4153-b58f-fc1249eeaf5b,2026-09-09T18:23:06Z,FanDuel Sportsbook structured market feed,,VA,NFL,35610168,New Orleans Saints @ Detroit Lions,2026-09-13T17:01:00.000Z,FanDuel,751.185249270,rushing_yards,Jared Goff - Rushing Yds,,Jared Goff,12135315,over,0.5,142,2.42,0.4132231404958678,open,,,2026-09-09T18:23:06Z,,,,,v3-forward-measurement
288f55d7-73b5-4219-8273-4e839564be36,ad7bbb12-d0c7-4537-bbae-cb026b2de1e1,2026-09-09T18:23:06Z,FanDuel Sportsbook structured market feed,,VA,NFL,35610168,New Orleans Saints @ Detroit Lions,2026-09-13T17:01:00.000Z,FanDuel,751.185249270,rushing_yards,Jared Goff - Rushing Yds,,Jared Goff,12135314,under,0.5,-188,1.531914893617021,0.6527777777777778,open,,,2026-09-09T18:23:06Z,,,,,v3-forward-measurement
288f55d7-73b5-4219-8273-4e839564be36,252596a9-535e-4f84-be85-b7b17dfa0386,2026-09-09T18:23:06Z,FanDuel Sportsbook structured market feed,,VA,NFL,35610168,New Orleans Saints @ Detroit Lions,2026-09-13T17:01:00.000Z,FanDuel,751.183820190,rushing_yards,Travis Etienne - Rushing Yds,,Travis Etienne,16602553,over,56.5,-114,1.87719298245614,0.5327102803738317,open,,,2026-09-09T18:23:06Z,,,,,v3-forward-measurement
288f55d7-73b5-4219-8273-4e839564be36,5367b4f3-3005-4eb2-8e5f-a1aff6b51c0c,2026-09-09T18:23:06Z,FanDuel Sportsbook structured market feed,,VA,NFL,35610168,New Orleans Saints @ Detroit Lions,2026-09-13T17:01:00.000Z,FanDuel,751.183820190,rushing_yards,Travis Etienne - Rushing Yds,,Travis Etienne,16602554,under,56.5,-114,1.87719298245614,0.5327102803738317,open,,,2026-09-09T18:23:06Z,,,,,v3-forward-measurement
288f55d7-73b5-4219-8273-4e839564be36,d9627de9-bd6f-4397-a1df-8928c392b006,2026-09-09T18:23:06Z,FanDuel Sportsbook structured market feed,,VA,NFL,35610168,New Orleans Saints @ Detroit Lions,2026-09-13T17:01:00.000Z,FanDuel,751.183820216,rushing_yards,Tyler Shough - Rushing Yds,,Tyler Shough,41066836,over,16.5,-114,1.87719298245614,0.5327102803738317,open,,,2026-09-09T18:23:06Z,,,,,v3-forward-measurement
288f55d7-73b5-4219-8273-4e839564be36,ebe83cba-815c-4795-8521-f876d6d4ebea,2026-09-09T18:23:06Z,FanDuel Sportsbook structured market feed,,VA,NFL,35610168,New Orleans Saints @ Detroit Lions,2026-09-13T17:01:00.000Z,FanDuel,751.183820216,rushing_yards,Tyler Shough - Rushing Yds,,Tyler Shough,41066844,under,16.5,-114,1.87719298245614,0.5327102803738317,open,,,2026-09-09T18:23:06Z,,,,,v3-forward-measurement
288f55d7-73b5-4219-8273-4e839564be36,627b71c7-0db0-4315-b16d-97ea56fc8499,2026-09-09T18:23:06Z,FanDuel Sportsbook structured market feed,,VA,NFL,35610168,New Orleans Saints @ Detroit Lions,2026-09-13T17:01:00.000Z,FanDuel,751.183820188,rushing_yards,Jahmyr Gibbs - Rushing Yds,,Jahmyr Gibbs,41179952,over,83.5,-114,1.87719298245614,0.5327102803738317,open,,,2026-09-09T18:23:06Z,,,,,v3-forward-measurement
288f55d7-73b5-4219-8273-4e839564be36,0418f2b7-ab15-4c5e-baa2-56ff34b12aa8,2026-09-09T18:23:06Z,FanDuel Sportsbook structured market feed,,VA,NFL,35610168,New Orleans Saints @ Detroit Lions,2026-09-13T17:01:00.000Z,FanDuel,751.183820188,rushing_yards,Jahmyr Gibbs - Rushing Yds,,Jahmyr Gibbs,41179953,under,83.5,-114,1.87719298245614,0.5327102803738317,open,,,2026-09-09T18:23:06Z,,,,,v3-forward-measurement
f995854e-b265-4d7a-a601-249c27f6510b,03e7461d-b756-4a83-93f9-729e5c34e1ac,2026-09-09T18:23:06Z,FanDuel Sportsbook structured market feed,,VA,NFL,35610168,New Orleans Saints @ Detroit Lions,2026-09-13T17:01:00.000Z,FanDuel,751.183821852,receiving_yards,Sam LaPorta - Receiving Yds,,Sam LaPorta,41154223,over,41.5,-114,1.87719298245614,0.5327102803738317,open,,,2026-09-09T18:23:06Z,,,,,v3-forward-measurement
f995854e-b265-4d7a-a601-249c27f6510b,4a70cea4-e914-470a-84bd-168c85d14dae,2026-09-09T18:23:06Z,FanDuel Sportsbook structured market feed,,VA,NFL,35610168,New Orleans Saints @ Detroit Lions,2026-09-13T17:01:00.000Z,FanDuel,751.183821852,receiving_yards,Sam LaPorta - Receiving Yds,,Sam LaPorta,41154224,under,41.5,-114,1.87719298245614,0.5327102803738317,open,,,2026-09-09T18:23:06Z,,,,,v3-forward-measurement
f995854e-b265-4d7a-a601-249c27f6510b,ed513479-4173-4a58-a1f9-0cb199870c7a,2026-09-09T18:23:06Z,FanDuel Sportsbook structured market feed,,VA,NFL,35610168,New Orleans Saints @ Detroit Lions,2026-09-13T17:01:00.000Z,FanDuel,751.183820463,receiving_yards,Chris Olave - Receiving Yds,,Chris Olave,41158858,over,76.5,-114,1.87719298245614,0.5327102803738317,open,,,2026-09-09T18:23:06Z,,,,,v3-forward-measurement
f995854e-b265-4d7a-a601-249c27f6510b,c51b6a66-458c-41ca-b354-8d24ef78021d,2026-09-09T18:23:06Z,FanDuel Sportsbook structured market feed,,VA,NFL,35610168,New Orleans Saints @ Detroit Lions,2026-09-13T17:01:00.000Z,FanDuel,751.183820463,receiving_yards,Chris Olave - Receiving Yds,,Chris Olave,41158859,under,76.5,-114,1.87719298245614,0.5327102803738317,open,,,2026-09-09T18:23:06Z,,,,,v3-forward-measurement
f995854e-b265-4d7a-a601-249c27f6510b,90ea12a3-bb1f-41f6-a1e1-cd12b12c30de,2026-09-09T18:23:06Z,FanDuel Sportsbook structured market feed,,VA,NFL,35610168,New Orleans Saints @ Detroit Lions,2026-09-13T17:01:00.000Z,FanDuel,751.183820461,receiving_yards,Amon-Ra St. Brown - Receiving Yds,,Amon-Ra St. Brown,40891132,over,77.5,-114,1.87719298245614,0.5327102803738317,open,,,2026-09-09T18:23:06Z,,,,,v3-forward-measurement
f995854e-b265-4d7a-a601-249c27f6510b,20eec28c-8737-4be3-90df-405c13ef649f,2026-09-09T18:23:06Z,FanDuel Sportsbook structured market feed,,VA,NFL,35610168,New Orleans Saints @ Detroit Lions,2026-09-13T17:01:00.000Z,FanDuel,751.183820461,receiving_yards,Amon-Ra St. Brown - Receiving Yds,,Amon-Ra St. Brown,40891131,under,77.5,-114,1.87719298245614,0.5327102803738317,open,,,2026-09-09T18:23:06Z,,,,,v3-forward-measurement
f995854e-b265-4d7a-a601-249c27f6510b,b86510f8-3f28-4175-9d83-0bf02ec23e0e,2026-09-09T18:23:06Z,FanDuel Sportsbook structured market feed,,VA,NFL,35610168,New Orleans Saints @ Detroit Lions,2026-09-13T17:01:00.000Z,FanDuel,751.184833686,receptions,Travis Etienne - Total Receptions,,Travis Etienne,16602553,over,2.5,-205,1.48780487804878,0.6721311475409836,open,,,2026-09-09T18:23:06Z,,,,,v3-forward-measurement
f995854e-b265-4d7a-a601-249c27f6510b,aa116d3e-9c3c-451f-ae38-553eafa8d619,2026-09-09T18:23:06Z,FanDuel Sportsbook structured market feed,,VA,NFL,35610168,New Orleans Saints @ Detroit Lions,2026-09-13T17:01:00.000Z,FanDuel,751.184833686,receptions,Travis Etienne - Total Receptions,,Travis Etienne,16602554,under,2.5,152,2.52,0.3968253968253968,open,,,2026-09-09T18:23:06Z,,,,,v3-forward-measurement
f995854e-b265-4d7a-a601-249c27f6510b,95b6d192-1d35-4ec5-a9de-f620f0b82125,2026-09-09T18:23:06Z,FanDuel Sportsbook structured market feed,,VA,NFL,35610168,New Orleans Saints @ Detroit Lions,2026-09-13T17:01:00.000Z,FanDuel,751.184833685,receiving_yards,Travis Etienne - Receiving Yds,,Travis Etienne,16602553,over,17.5,-114,1.87719298245614,0.5327102803738317,open,,,2026-09-09T18:23:06Z,,,,,v3-forward-measurement
f995854e-b265-4d7a-a601-249c27f6510b,32dcc927-9330-4fb9-b1a3-e5b079744389,2026-09-09T18:23:06Z,FanDuel Sportsbook structured market feed,,VA,NFL,35610168,New Orleans Saints @ Detroit Lions,2026-09-13T17:01:00.000Z,FanDuel,751.184833685,receiving_yards,Travis Etienne - Receiving Yds,,Travis Etienne,16602554,under,17.5,-114,1.87719298245614,0.5327102803738317,open,,,2026-09-09T18:23:06Z,,,,,v3-forward-measurement
f995854e-b265-4d7a-a601-249c27f6510b,74de3694-f2bf-476b-9697-2b43d0bec9f4,2026-09-09T18:23:06Z,FanDuel Sportsbook structured market feed,,VA,NFL,35610168,New Orleans Saints @ Detroit Lions,2026-09-13T17:01:00.000Z,FanDuel,751.183821854,receptions,Sam LaPorta - Total Receptions,,Sam LaPorta,41154223,over,3.5,-172,1.581395348837209,0.6323529411764706,open,,,2026-09-09T18:23:06Z,,,,,v3-forward-measurement
f995854e-b265-4d7a-a601-249c27f6510b,7b436073-08c5-4079-b0ad-1875e5f465cb,2026-09-09T18:23:06Z,FanDuel Sportsbook structured market feed,,VA,NFL,35610168,New Orleans Saints @ Detroit Lions,2026-09-13T17:01:00.000Z,FanDuel,751.183821854,receptions,Sam LaPorta - Total Receptions,,Sam LaPorta,41154224,under,3.5,128,2.28,0.43859649122807015,open,,,2026-09-09T18:23:06Z,,,,,v3-forward-measurement
f995854e-b265-4d7a-a601-249c27f6510b,eb5672e8-3f4f-42d9-9f19-38fed18e7d02,2026-09-09T18:23:06Z,FanDuel Sportsbook structured market feed,,VA,NFL,35610168,New Orleans Saints @ Detroit Lions,2026-09-13T17:01:00.000Z,FanDuel,751.183820469,receptions,Chris Olave - Total Receptions,,Chris Olave,41158858,over,6.5,-102,1.980392156862745,0.504950495049505,open,,,2026-09-09T18:23:06Z,,,,,v3-forward-measurement
f995854e-b265-4d7a-a601-249c27f6510b,dab23f76-6678-4018-9246-c55eb55998f1,2026-09-09T18:23:06Z,FanDuel Sportsbook structured market feed,,VA,NFL,35610168,New Orleans Saints @ Detroit Lions,2026-09-13T17:01:00.000Z,FanDuel,751.183820469,receptions,Chris Olave - Total Receptions,,Chris Olave,41158859,under,6.5,-130,1.769230769230769,0.5652173913043478,open,,,2026-09-09T18:23:06Z,,,,,v3-forward-measurement
f995854e-b265-4d7a-a601-249c27f6510b,ef9d5194-8b31-4359-9f3f-fa129e14525e,2026-09-09T18:23:06Z,FanDuel Sportsbook structured market feed,,VA,NFL,35610168,New Orleans Saints @ Detroit Lions,2026-09-13T17:01:00.000Z,FanDuel,751.184833180,receiving_yards,Isaac TeSlaa - Receiving Yds,,Isaac TeSlaa,60529877,over,17.5,-114,1.87719298245614,0.5327102803738317,open,,,2026-09-09T18:23:06Z,,,,,v3-forward-measurement
f995854e-b265-4d7a-a601-249c27f6510b,769a5fba-05f1-437c-a1d3-d61ecfca7306,2026-09-09T18:23:06Z,FanDuel Sportsbook structured market feed,,VA,NFL,35610168,New Orleans Saints @ Detroit Lions,2026-09-13T17:01:00.000Z,FanDuel,751.184833180,receiving_yards,Isaac TeSlaa - Receiving Yds,,Isaac TeSlaa,60529876,under,17.5,-114,1.87719298245614,0.5327102803738317,open,,,2026-09-09T18:23:06Z,,,,,v3-forward-measurement
f995854e-b265-4d7a-a601-249c27f6510b,e6fcfb77-0575-4a37-83f5-33a1529352a9,2026-09-09T18:23:06Z,FanDuel Sportsbook structured market feed,,VA,NFL,35610168,New Orleans Saints @ Detroit Lions,2026-09-13T17:01:00.000Z,FanDuel,751.184833184,receptions,Isaac TeSlaa - Total Receptions,,Isaac TeSlaa,60529877,over,1.5,102,2.02,0.49504950495049505,open,,,2026-09-09T18:23:06Z,,,,,v3-forward-measurement
f995854e-b265-4d7a-a601-249c27f6510b,621c61a9-3e48-41b3-be02-399ee8c6be64,2026-09-09T18:23:06Z,FanDuel Sportsbook structured market feed,,VA,NFL,35610168,New Orleans Saints @ Detroit Lions,2026-09-13T17:01:00.000Z,FanDuel,751.184833184,receptions,Isaac TeSlaa - Total Receptions,,Isaac TeSlaa,60529876,under,1.5,-136,1.735294117647059,0.576271186440678,open,,,2026-09-09T18:23:06Z,,,,,v3-forward-measurement
f995854e-b265-4d7a-a601-249c27f6510b,f98d5c30-f03e-48dc-9776-5003c971f7cc,2026-09-09T18:23:06Z,FanDuel Sportsbook structured market feed,,VA,NFL,35610168,New Orleans Saints @ Detroit Lions,2026-09-13T17:01:00.000Z,FanDuel,751.184833515,receiving_yards,Devaughn Vele - Receiving Yds,,Devaughn Vele,41522434,over,39.5,-114,1.87719298245614,0.5327102803738317,open,,,2026-09-09T18:23:06Z,,,,,v3-forward-measurement
f995854e-b265-4d7a-a601-249c27f6510b,81168fc7-bd27-486b-9295-dcb8eab31a77,2026-09-09T18:23:06Z,FanDuel Sportsbook structured market feed,,VA,NFL,35610168,New Orleans Saints @ Detroit Lions,2026-09-13T17:01:00.000Z,FanDuel,751.184833515,receiving_yards,Devaughn Vele - Receiving Yds,,Devaughn Vele,41522432,under,39.5,-114,1.87719298245614,0.5327102803738317,open,,,2026-09-09T18:23:06Z,,,,,v3-forward-measurement
f995854e-b265-4d7a-a601-249c27f6510b,9faa35fd-af2c-49b7-9cca-fdf4ef1d94fe,2026-09-09T18:23:06Z,FanDuel Sportsbook structured market feed,,VA,NFL,35610168,New Orleans Saints @ Detroit Lions,2026-09-13T17:01:00.000Z,FanDuel,751.183820475,receptions,Amon-Ra St. Brown - Total Receptions,,Amon-Ra St. Brown,40891132,over,6.5,-114,1.87719298245614,0.5327102803738317,open,,,2026-09-09T18:23:06Z,,,,,v3-forward-measurement
f995854e-b265-4d7a-a601-249c27f6510b,630cff49-c9d3-4c61-84b6-6fd336707f77,2026-09-09T18:23:06Z,FanDuel Sportsbook structured market feed,,VA,NFL,35610168,New Orleans Saints @ Detroit Lions,2026-09-13T17:01:00.000Z,FanDuel,751.183820475,receptions,Amon-Ra St. Brown - Total Receptions,,Amon-Ra St. Brown,40891131,under,6.5,-114,1.87719298245614,0.5327102803738317,open,,,2026-09-09T18:23:06Z,,,,,v3-forward-measurement
f995854e-b265-4d7a-a601-249c27f6510b,7990e6f2-9e2a-4f40-a15f-c5187e5f4717,2026-09-09T18:23:06Z,FanDuel Sportsbook structured market feed,,VA,NFL,35610168,New Orleans Saints @ Detroit Lions,2026-09-13T17:01:00.000Z,FanDuel,751.184833513,receptions,Devaughn Vele - Total Receptions,,Devaughn Vele,41522434,over,3.5,-102,1.980392156862745,0.504950495049505,open,,,2026-09-09T18:23:06Z,,,,,v3-forward-measurement
f995854e-b265-4d7a-a601-249c27f6510b,410521b6-d86c-4079-bd81-791e6e14981a,2026-09-09T18:23:06Z,FanDuel Sportsbook structured market feed,,VA,NFL,35610168,New Orleans Saints @ Detroit Lions,2026-09-13T17:01:00.000Z,FanDuel,751.184833513,receptions,Devaughn Vele - Total Receptions,,Devaughn Vele,41522432,under,3.5,-130,1.769230769230769,0.5652173913043478,open,,,2026-09-09T18:23:06Z,,,,,v3-forward-measurement
f995854e-b265-4d7a-a601-249c27f6510b,6b750fc5-daa9-4cb1-a24b-660dc628481e,2026-09-09T18:23:06Z,FanDuel Sportsbook structured market feed,,VA,NFL,35610168,New Orleans Saints @ Detroit Lions,2026-09-13T17:01:00.000Z,FanDuel,751.183820457,receiving_yards,Jameson Williams - Receiving Yds,,Jameson Williams,41172033,over,58.5,-114,1.87719298245614,0.5327102803738317,open,,,2026-09-09T18:23:06Z,,,,,v3-forward-measurement
f995854e-b265-4d7a-a601-249c27f6510b,228b852f-dfd6-46b3-becc-b869c19b0df1,2026-09-09T18:23:06Z,FanDuel Sportsbook structured market feed,,VA,NFL,35610168,New Orleans Saints @ Detroit Lions,2026-09-13T17:01:00.000Z,FanDuel,751.183820457,receiving_yards,Jameson Williams - Receiving Yds,,Jameson Williams,41172032,under,58.5,-114,1.87719298245614,0.5327102803738317,open,,,2026-09-09T18:23:06Z,,,,,v3-forward-measurement
f995854e-b265-4d7a-a601-249c27f6510b,c48f7c84-32f3-4bea-8c8c-3925dfc4d06f,2026-09-09T18:23:06Z,FanDuel Sportsbook structured market feed,,VA,NFL,35610168,New Orleans Saints @ Detroit Lions,2026-09-13T17:01:00.000Z,FanDuel,751.183820831,receiving_yards,Juwan Johnson - Receiving Yds,,Juwan Johnson,40916525,over,42.5,-114,1.87719298245614,0.5327102803738317,open,,,2026-09-09T18:23:06Z,,,,,v3-forward-measurement
f995854e-b265-4d7a-a601-249c27f6510b,e7c207d6-7201-40f3-bc13-2e48b3449aeb,2026-09-09T18:23:06Z,FanDuel Sportsbook structured market feed,,VA,NFL,35610168,New Orleans Saints @ Detroit Lions,2026-09-13T17:01:00.000Z,FanDuel,751.183820831,receiving_yards,Juwan Johnson - Receiving Yds,,Juwan Johnson,40916523,under,42.5,-114,1.87719298245614,0.5327102803738317,open,,,2026-09-09T18:23:06Z,,,,,v3-forward-measurement
f995854e-b265-4d7a-a601-249c27f6510b,fc0e101f-04f4-4fb3-ac82-150deadbcbe2,2026-09-09T18:23:06Z,FanDuel Sportsbook structured market feed,,VA,NFL,35610168,New Orleans Saints @ Detroit Lions,2026-09-13T17:01:00.000Z,FanDuel,751.183820830,receptions,Juwan Johnson - Total Receptions,,Juwan Johnson,40916525,over,4.5,116,2.16,0.46296296296296297,open,,,2026-09-09T18:23:06Z,,,,,v3-forward-measurement
f995854e-b265-4d7a-a601-249c27f6510b,57f10dae-3b4d-4c2e-8cfc-e9e25609ae7b,2026-09-09T18:23:06Z,FanDuel Sportsbook structured market feed,,VA,NFL,35610168,New Orleans Saints @ Detroit Lions,2026-09-13T17:01:00.000Z,FanDuel,751.183820830,receptions,Juwan Johnson - Total Receptions,,Juwan Johnson,40916523,under,4.5,-154,1.649350649350649,0.6062992125984252,open,,,2026-09-09T18:23:06Z,,,,,v3-forward-measurement
f995854e-b265-4d7a-a601-249c27f6510b,a42828a5-4829-4d3a-96a1-491fb21b2724,2026-09-09T18:23:06Z,FanDuel Sportsbook structured market feed,,VA,NFL,35610168,New Orleans Saints @ Detroit Lions,2026-09-13T17:01:00.000Z,FanDuel,751.183820459,receptions,Jameson Williams - Total Receptions,,Jameson Williams,41172033,over,3.5,-148,1.675675675675676,0.5967741935483871,open,,,2026-09-09T18:23:06Z,,,,,v3-forward-measurement
f995854e-b265-4d7a-a601-249c27f6510b,28b12c37-405b-4309-8b3e-c97ce77fb1ff,2026-09-09T18:23:06Z,FanDuel Sportsbook structured market feed,,VA,NFL,35610168,New Orleans Saints @ Detroit Lions,2026-09-13T17:01:00.000Z,FanDuel,751.183820459,receptions,Jameson Williams - Total Receptions,,Jameson Williams,41172032,under,3.5,112,2.12,0.4716981132075472,open,,,2026-09-09T18:23:06Z,,,,,v3-forward-measurement
f995854e-b265-4d7a-a601-249c27f6510b,fa779e88-c267-4dbd-a12a-0c915e717b9e,2026-09-09T18:23:06Z,FanDuel Sportsbook structured market feed,,VA,NFL,35610168,New Orleans Saints @ Detroit Lions,2026-09-13T17:01:00.000Z,FanDuel,751.183836998,receiving_yards,Jahmyr Gibbs - Receiving Yds,,Jahmyr Gibbs,41179952,over,30.5,-114,1.87719298245614,0.5327102803738317,open,,,2026-09-09T18:23:06Z,,,,,v3-forward-measurement
f995854e-b265-4d7a-a601-249c27f6510b,17b19fd3-06f5-47d5-95fa-4612f4f88450,2026-09-09T18:23:06Z,FanDuel Sportsbook structured market feed,,VA,NFL,35610168,New Orleans Saints @ Detroit Lions,2026-09-13T17:01:00.000Z,FanDuel,751.183836998,receiving_yards,Jahmyr Gibbs - Receiving Yds,,Jahmyr Gibbs,41179953,under,30.5,-114,1.87719298245614,0.5327102803738317,open,,,2026-09-09T18:23:06Z,,,,,v3-forward-measurement
f995854e-b265-4d7a-a601-249c27f6510b,225655e6-3179-4766-a35c-109822a85afd,2026-09-09T18:23:06Z,FanDuel Sportsbook structured market feed,,VA,NFL,35610168,New Orleans Saints @ Detroit Lions,2026-09-13T17:01:00.000Z,FanDuel,751.183836997,receptions,Jahmyr Gibbs - Total Receptions,,Jahmyr Gibbs,41179952,over,4.5,120,2.2,0.45454545454545453,open,,,2026-09-09T18:23:06Z,,,,,v3-forward-measurement
f995854e-b265-4d7a-a601-249c27f6510b,a4d1a794-a31d-487f-b94b-dec2a578cc0c,2026-09-09T18:23:06Z,FanDuel Sportsbook structured market feed,,VA,NFL,35610168,New Orleans Saints @ Detroit Lions,2026-09-13T17:01:00.000Z,FanDuel,751.183836997,receptions,Jahmyr Gibbs - Total Receptions,,Jahmyr Gibbs,41179953,under,4.5,-160,1.625,0.6153846153846154,open,,,2026-09-09T18:23:06Z,,,,,v3-forward-measurement
d2d3f0bb-5607-4338-97a9-fa1f68821cfe,0e85bbec-1e6f-4d79-a222-c81e35a4b83c,2026-09-09T18:23:06Z,FanDuel Sportsbook structured market feed,,VA,NFL,35610169,Tampa Bay Buccaneers @ Cincinnati Bengals,2026-09-13T17:01:00.000Z,FanDuel,751.183806600,passing_touchdowns,Baker Mayfield - Passing TDs,,Baker Mayfield,16602448,over,1.5,-108,1.925925925925926,0.5192307692307693,open,,,2026-09-09T18:23:06Z,,,,,v3-forward-measurement
d2d3f0bb-5607-4338-97a9-fa1f68821cfe,cb494f40-df90-4c1e-9769-454eebd61300,2026-09-09T18:23:06Z,FanDuel Sportsbook structured market feed,,VA,NFL,35610169,Tampa Bay Buccaneers @ Cincinnati Bengals,2026-09-13T17:01:00.000Z,FanDuel,751.183806600,passing_touchdowns,Baker Mayfield - Passing TDs,,Baker Mayfield,16602449,under,1.5,-122,1.819672131147541,0.5495495495495496,open,,,2026-09-09T18:23:06Z,,,,,v3-forward-measurement
d2d3f0bb-5607-4338-97a9-fa1f68821cfe,7bea8e68-3f04-4728-8dd8-59806a4e2c91,2026-09-09T18:23:06Z,FanDuel Sportsbook structured market feed,,VA,NFL,35610169,Tampa Bay Buccaneers @ Cincinnati Bengals,2026-09-13T17:01:00.000Z,FanDuel,751.183806678,passing_yards,Baker Mayfield - Passing Yds,,Baker Mayfield,16602448,over,232.5,-114,1.87719298245614,0.5327102803738317,open,,,2026-09-09T18:23:06Z,,,,,v3-forward-measurement
d2d3f0bb-5607-4338-97a9-fa1f68821cfe,a1ce0096-526f-4a9b-bc44-d18929928223,2026-09-09T18:23:06Z,FanDuel Sportsbook structured market feed,,VA,NFL,35610169,Tampa Bay Buccaneers @ Cincinnati Bengals,2026-09-13T17:01:00.000Z,FanDuel,751.183806678,passing_yards,Baker Mayfield - Passing Yds,,Baker Mayfield,16602449,under,232.5,-114,1.87719298245614,0.5327102803738317,open,,,2026-09-09T18:23:06Z,,,,,v3-forward-measurement
d2d3f0bb-5607-4338-97a9-fa1f68821cfe,10c9c6bc-5cc3-420b-87fb-96993750dd92,2026-09-09T18:23:06Z,FanDuel Sportsbook structured market feed,,VA,NFL,35610169,Tampa Bay Buccaneers @ Cincinnati Bengals,2026-09-13T17:01:00.000Z,FanDuel,751.183806579,passing_touchdowns,Joe Burrow - Passing TDs,,Joe Burrow,20452292,over,2.5,154,2.54,0.3937007874015748,open,,,2026-09-09T18:23:06Z,,,,,v3-forward-measurement
d2d3f0bb-5607-4338-97a9-fa1f68821cfe,9e786b79-1017-4751-8005-01e17918fabe,2026-09-09T18:23:06Z,FanDuel Sportsbook structured market feed,,VA,NFL,35610169,Tampa Bay Buccaneers @ Cincinnati Bengals,2026-09-13T17:01:00.000Z,FanDuel,751.183806579,passing_touchdowns,Joe Burrow - Passing TDs,,Joe Burrow,20452293,under,2.5,-210,1.476190476190476,0.6774193548387096,open,,,2026-09-09T18:23:06Z,,,,,v3-forward-measurement
d2d3f0bb-5607-4338-97a9-fa1f68821cfe,f0cf4f2f-ce75-429f-b1c8-180e5686f3dc,2026-09-09T18:23:06Z,FanDuel Sportsbook structured market feed,,VA,NFL,35610169,Tampa Bay Buccaneers @ Cincinnati Bengals,2026-09-13T17:01:00.000Z,FanDuel,751.183806685,passing_yards,Joe Burrow - Passing Yds,,Joe Burrow,20452292,over,267.5,-114,1.87719298245614,0.5327102803738317,open,,,2026-09-09T18:23:06Z,,,,,v3-forward-measurement
d2d3f0bb-5607-4338-97a9-fa1f68821cfe,41668963-9595-4023-b3a3-d09e8df336d0,2026-09-09T18:23:06Z,FanDuel Sportsbook structured market feed,,VA,NFL,35610169,Tampa Bay Buccaneers @ Cincinnati Bengals,2026-09-13T17:01:00.000Z,FanDuel,751.183806685,passing_yards,Joe Burrow - Passing Yds,,Joe Burrow,20452293,under,267.5,-114,1.87719298245614,0.5327102803738317,open,,,2026-09-09T18:23:06Z,,,,,v3-forward-measurement
7f1f3343-bad7-4b43-b561-875515a7e4ee,b50b4549-2cb5-4be5-8bbb-d489faec4865,2026-09-09T18:23:06Z,FanDuel Sportsbook structured market feed,,VA,NFL,35610169,Tampa Bay Buccaneers @ Cincinnati Bengals,2026-09-13T17:01:00.000Z,FanDuel,751.183808738,rushing_yards,Bucky Irving - Rushing Yds,,Bucky Irving,49541847,over,58.5,-114,1.87719298245614,0.5327102803738317,open,,,2026-09-09T18:23:06Z,,,,,v3-forward-measurement
7f1f3343-bad7-4b43-b561-875515a7e4ee,1891f45f-d925-4987-b568-03d111a1b059,2026-09-09T18:23:06Z,FanDuel Sportsbook structured market feed,,VA,NFL,35610169,Tampa Bay Buccaneers @ Cincinnati Bengals,2026-09-13T17:01:00.000Z,FanDuel,751.183808738,rushing_yards,Bucky Irving - Rushing Yds,,Bucky Irving,49541845,under,58.5,-114,1.87719298245614,0.5327102803738317,open,,,2026-09-09T18:23:06Z,,,,,v3-forward-measurement
7f1f3343-bad7-4b43-b561-875515a7e4ee,b5184c26-e657-4a95-8b24-eaaf2b8d6fda,2026-09-09T18:23:06Z,FanDuel Sportsbook structured market feed,,VA,NFL,35610169,Tampa Bay Buccaneers @ Cincinnati Bengals,2026-09-13T17:01:00.000Z,FanDuel,751.184985866,rushing_yards,Samaje Perine - Rushing Yds,,Samaje Perine,15499370,over,19.5,-114,1.87719298245614,0.5327102803738317,open,,,2026-09-09T18:23:06Z,,,,,v3-forward-measurement
7f1f3343-bad7-4b43-b561-875515a7e4ee,787c5d0f-65b6-43c1-8503-9eea10b696fc,2026-09-09T18:23:06Z,FanDuel Sportsbook structured market feed,,VA,NFL,35610169,Tampa Bay Buccaneers @ Cincinnati Bengals,2026-09-13T17:01:00.000Z,FanDuel,751.184985866,rushing_yards,Samaje Perine - Rushing Yds,,Samaje Perine,15499371,under,19.5,-114,1.87719298245614,0.5327102803738317,open,,,2026-09-09T18:23:06Z,,,,,v3-forward-measurement
7f1f3343-bad7-4b43-b561-875515a7e4ee,dd490c0d-66a5-4ec1-a728-61d34b2efbb6,2026-09-09T18:23:06Z,FanDuel Sportsbook structured market feed,,VA,NFL,35610169,Tampa Bay Buccaneers @ Cincinnati Bengals,2026-09-13T17:01:00.000Z,FanDuel,751.183808948,rushing_yards,Joe Burrow - Rushing Yds,,Joe Burrow,20452292,over,6.5,-114,1.87719298245614,0.5327102803738317,open,,,2026-09-09T18:23:06Z,,,,,v3-forward-measurement
7f1f3343-bad7-4b43-b561-875515a7e4ee,218e0a46-859d-4f17-aa8b-53ec3472da65,2026-09-09T18:23:06Z,FanDuel Sportsbook structured market feed,,VA,NFL,35610169,Tampa Bay Buccaneers @ Cincinnati Bengals,2026-09-13T17:01:00.000Z,FanDuel,751.183808948,rushing_yards,Joe Burrow - Rushing Yds,,Joe Burrow,20452293,under,6.5,-114,1.87719298245614,0.5327102803738317,open,,,2026-09-09T18:23:06Z,,,,,v3-forward-measurement
7f1f3343-bad7-4b43-b561-875515a7e4ee,bbd376b6-d471-45bf-9141-79b52dec8443,2026-09-09T18:23:06Z,FanDuel Sportsbook structured market feed,,VA,NFL,35610169,Tampa Bay Buccaneers @ Cincinnati Bengals,2026-09-13T17:01:00.000Z,FanDuel,751.183808103,rushing_yards,Chase Brown - Rushing Yds,,Chase Brown,41072627,over,57.5,-114,1.87719298245614,0.5327102803738317,open,,,2026-09-09T18:23:06Z,,,,,v3-forward-measurement
7f1f3343-bad7-4b43-b561-875515a7e4ee,c7f0923f-38b0-4af4-a6cc-30051fc52493,2026-09-09T18:23:06Z,FanDuel Sportsbook structured market feed,,VA,NFL,35610169,Tampa Bay Buccaneers @ Cincinnati Bengals,2026-09-13T17:01:00.000Z,FanDuel,751.183808103,rushing_yards,Chase Brown - Rushing Yds,,Chase Brown,41072629,under,57.5,-114,1.87719298245614,0.5327102803738317,open,,,2026-09-09T18:23:06Z,,,,,v3-forward-measurement
7f1f3343-bad7-4b43-b561-875515a7e4ee,763c0f6a-eed5-4a29-bdae-5ef898b21be7,2026-09-09T18:23:06Z,FanDuel Sportsbook structured market feed,,VA,NFL,35610169,Tampa Bay Buccaneers @ Cincinnati Bengals,2026-09-13T17:01:00.000Z,FanDuel,751.183809132,rushing_yards,Baker Mayfield - Rushing Yds,,Baker Mayfield,16602448,over,15.5,-114,1.87719298245614,0.5327102803738317,open,,,2026-09-09T18:23:06Z,,,,,v3-forward-measurement
7f1f3343-bad7-4b43-b561-875515a7e4ee,7b759ca9-4061-483c-829a-2e64e41fe3ae,2026-09-09T18:23:06Z,FanDuel Sportsbook structured market feed,,VA,NFL,35610169,Tampa Bay Buccaneers @ Cincinnati Bengals,2026-09-13T17:01:00.000Z,FanDuel,751.183809132,rushing_yards,Baker Mayfield - Rushing Yds,,Baker Mayfield,16602449,under,15.5,-114,1.87719298245614,0.5327102803738317,open,,,2026-09-09T18:23:06Z,,,,,v3-forward-measurement
7f1f3343-bad7-4b43-b561-875515a7e4ee,8cc84160-5a38-4121-93b1-4729ce38a066,2026-09-09T18:23:06Z,FanDuel Sportsbook structured market feed,,VA,NFL,35610169,Tampa Bay Buccaneers @ Cincinnati Bengals,2026-09-13T17:01:00.000Z,FanDuel,751.184985727,rushing_yards,Kenneth Gainwell - Rushing Yds,,Kenneth Gainwell,40915793,over,21.5,-114,1.87719298245614,0.5327102803738317,open,,,2026-09-09T18:23:06Z,,,,,v3-forward-measurement
7f1f3343-bad7-4b43-b561-875515a7e4ee,25c36f85-bf25-4a37-96b6-5ce46809c4cd,2026-09-09T18:23:06Z,FanDuel Sportsbook structured market feed,,VA,NFL,35610169,Tampa Bay Buccaneers @ Cincinnati Bengals,2026-09-13T17:01:00.000Z,FanDuel,751.184985727,rushing_yards,Kenneth Gainwell - Rushing Yds,,Kenneth Gainwell,40915796,under,21.5,-114,1.87719298245614,0.5327102803738317,open,,,2026-09-09T18:23:06Z,,,,,v3-forward-measurement
a5c4e628-ff8e-45c2-befa-91242f364e3d,b003c5f7-8437-4377-9ca5-5db99ed705e3,2026-09-09T18:23:06Z,FanDuel Sportsbook structured market feed,,VA,NFL,35610169,Tampa Bay Buccaneers @ Cincinnati Bengals,2026-09-13T17:01:00.000Z,FanDuel,751.185138169,receptions,Jalen McMillan - Total Receptions,,Jalen McMillan,41173066,over,2.5,-154,1.649350649350649,0.6062992125984252,open,,,2026-09-09T18:23:06Z,,,,,v3-forward-measurement
a5c4e628-ff8e-45c2-befa-91242f364e3d,ffe0a838-8544-4eb7-b92b-f519e2ce93ad,2026-09-09T18:23:06Z,FanDuel Sportsbook structured market feed,,VA,NFL,35610169,Tampa Bay Buccaneers @ Cincinnati Bengals,2026-09-13T17:01:00.000Z,FanDuel,751.185138169,receptions,Jalen McMillan - Total Receptions,,Jalen McMillan,41173067,under,2.5,116,2.16,0.46296296296296297,open,,,2026-09-09T18:23:06Z,,,,,v3-forward-measurement
a5c4e628-ff8e-45c2-befa-91242f364e3d,bcd3069e-45d7-40c0-84c1-40fab4d693b2,2026-09-09T18:23:06Z,FanDuel Sportsbook structured market feed,,VA,NFL,35610169,Tampa Bay Buccaneers @ Cincinnati Bengals,2026-09-13T17:01:00.000Z,FanDuel,751.185250499,receiving_yards,Samaje Perine - Receiving Yds,,Samaje Perine,15499370,over,6.5,-114,1.87719298245614,0.5327102803738317,open,,,2026-09-09T18:23:06Z,,,,,v3-forward-measurement
a5c4e628-ff8e-45c2-befa-91242f364e3d,53b86d0c-5bc5-44d0-b309-fae13ea83fe4,2026-09-09T18:23:06Z,FanDuel Sportsbook structured market feed,,VA,NFL,35610169,Tampa Bay Buccaneers @ Cincinnati Bengals,2026-09-13T17:01:00.000Z,FanDuel,751.185250499,receiving_yards,Samaje Perine - Receiving Yds,,Samaje Perine,15499371,under,6.5,-114,1.87719298245614,0.5327102803738317,open,,,2026-09-09T18:23:06Z,,,,,v3-forward-measurement
a5c4e628-ff8e-45c2-befa-91242f364e3d,60300ffd-1221-421c-b25c-dbe7bf95977a,2026-09-09T18:23:06Z,FanDuel Sportsbook structured market feed,,VA,NFL,35610169,Tampa Bay Buccaneers @ Cincinnati Bengals,2026-09-13T17:01:00.000Z,FanDuel,751.185250496,receptions,Samaje Perine - Total Receptions,,Samaje Perine,15499370,over,1.5,140,2.4,0.4166666666666667,open,,,2026-09-09T18:23:06Z,,,,,v3-forward-measurement
a5c4e628-ff8e-45c2-befa-91242f364e3d,411e4cb3-ad58-4aeb-b1a9-011223c3e48e,2026-09-09T18:23:06Z,FanDuel Sportsbook structured market feed,,VA,NFL,35610169,Tampa Bay Buccaneers @ Cincinnati Bengals,2026-09-13T17:01:00.000Z,FanDuel,751.185250496,receptions,Samaje Perine - Total Receptions,,Samaje Perine,15499371,under,1.5,-188,1.531914893617021,0.6527777777777778,open,,,2026-09-09T18:23:06Z,,,,,v3-forward-measurement
a5c4e628-ff8e-45c2-befa-91242f364e3d,740376ec-942f-45b2-a94d-43ec3a66eab6,2026-09-09T18:23:06Z,FanDuel Sportsbook structured market feed,,VA,NFL,35610169,Tampa Bay Buccaneers @ Cincinnati Bengals,2026-09-13T17:01:00.000Z,FanDuel,751.185250495,receiving_yards,Mike Gesicki - Receiving Yds,,Mike Gesicki,16580234,over,20.5,-114,1.87719298245614,0.5327102803738317,open,,,2026-09-09T18:23:06Z,,,,,v3-forward-measurement
a5c4e628-ff8e-45c2-befa-91242f364e3d,83988c34-c615-4171-8a37-6b3e29a04e10,2026-09-09T18:23:06Z,FanDuel Sportsbook structured market feed,,VA,NFL,35610169,Tampa Bay Buccaneers @ Cincinnati Bengals,2026-09-13T17:01:00.000Z,FanDuel,751.185250495,receiving_yards,Mike Gesicki - Receiving Yds,,Mike Gesicki,16580235,under,20.5,-114,1.87719298245614,0.5327102803738317,open,,,2026-09-09T18:23:06Z,,,,,v3-forward-measurement
a5c4e628-ff8e-45c2-befa-91242f364e3d,26c9f8e2-9a65-4497-ba5b-1d4986fd0783,2026-09-09T18:23:06Z,FanDuel Sportsbook structured market feed,,VA,NFL,35610169,Tampa Bay Buccaneers @ Cincinnati Bengals,2026-09-13T17:01:00.000Z,FanDuel,751.185250490,receptions,Mike Gesicki - Total Receptions,,Mike Gesicki,16580234,over,2.5,124,2.24,0.44642857142857145,open,,,2026-09-09T18:23:06Z,,,,,v3-forward-measurement
a5c4e628-ff8e-45c2-befa-91242f364e3d,ba4e7f2c-c22e-426d-a43a-dd621d6f5454,2026-09-09T18:23:06Z,FanDuel Sportsbook structured market feed,,VA,NFL,35610169,Tampa Bay Buccaneers @ Cincinnati Bengals,2026-09-13T17:01:00.000Z,FanDuel,751.185250490,receptions,Mike Gesicki - Total Receptions,,Mike Gesicki,16580235,under,2.5,-166,1.602409638554217,0.6240601503759399,open,,,2026-09-09T18:23:06Z,,,,,v3-forward-measurement
a5c4e628-ff8e-45c2-befa-91242f364e3d,172632b0-0721-4839-9b75-28b0065cdc30,2026-09-09T18:23:06Z,FanDuel Sportsbook structured market feed,,VA,NFL,35610169,Tampa Bay Buccaneers @ Cincinnati Bengals,2026-09-13T17:01:00.000Z,FanDuel,751.184923061,receptions,Cade Otton - Total Receptions,,Cade Otton,41346941,over,3.5,124,2.24,0.44642857142857145,open,,,2026-09-09T18:23:06Z,,,,,v3-forward-measurement
a5c4e628-ff8e-45c2-befa-91242f364e3d,7d796030-bc9d-4fa6-a028-f94bea2ee5b6,2026-09-09T18:23:06Z,FanDuel Sportsbook structured market feed,,VA,NFL,35610169,Tampa Bay Buccaneers @ Cincinnati Bengals,2026-09-13T17:01:00.000Z,FanDuel,751.184923061,receptions,Cade Otton - Total Receptions,,Cade Otton,41346942,under,3.5,-166,1.602409638554217,0.6240601503759399,open,,,2026-09-09T18:23:06Z,,,,,v3-forward-measurement
a5c4e628-ff8e-45c2-befa-91242f364e3d,9da3085c-c45b-410a-8419-a1eddd831c81,2026-09-09T18:23:06Z,FanDuel Sportsbook structured market feed,,VA,NFL,35610169,Tampa Bay Buccaneers @ Cincinnati Bengals,2026-09-13T17:01:00.000Z,FanDuel,751.184923064,receiving_yards,Cade Otton - Receiving Yds,,Cade Otton,41346941,over,28.5,-114,1.87719298245614,0.5327102803738317,open,,,2026-09-09T18:23:06Z,,,,,v3-forward-measurement
a5c4e628-ff8e-45c2-befa-91242f364e3d,8a6f5a41-05e9-4cd6-9461-4b5363b96475,2026-09-09T18:23:06Z,FanDuel Sportsbook structured market feed,,VA,NFL,35610169,Tampa Bay Buccaneers @ Cincinnati Bengals,2026-09-13T17:01:00.000Z,FanDuel,751.184923064,receiving_yards,Cade Otton - Receiving Yds,,Cade Otton,41346942,under,28.5,-114,1.87719298245614,0.5327102803738317,open,,,2026-09-09T18:23:06Z,,,,,v3-forward-measurement
a5c4e628-ff8e-45c2-befa-91242f364e3d,2950fd87-89c3-4b99-93cc-5f74b7f9d959,2026-09-09T18:23:06Z,FanDuel Sportsbook structured market feed,,VA,NFL,35610169,Tampa Bay Buccaneers @ Cincinnati Bengals,2026-09-13T17:01:00.000Z,FanDuel,751.185137864,receiving_yards,Chris Godwin - Receiving Yds,,Chris Godwin,20781116,over,40.5,-114,1.87719298245614,0.5327102803738317,open,,,2026-09-09T18:23:06Z,,,,,v3-forward-measurement
a5c4e628-ff8e-45c2-befa-91242f364e3d,e9b3da02-3f3f-4066-938f-68a78f2409c8,2026-09-09T18:23:06Z,FanDuel Sportsbook structured market feed,,VA,NFL,35610169,Tampa Bay Buccaneers @ Cincinnati Bengals,2026-09-13T17:01:00.000Z,FanDuel,751.185137864,receiving_yards,Chris Godwin - Receiving Yds,,Chris Godwin,20781117,under,40.5,-114,1.87719298245614,0.5327102803738317,open,,,2026-09-09T18:23:06Z,,,,,v3-forward-measurement
a5c4e628-ff8e-45c2-befa-91242f364e3d,1ff5fa92-d14d-478a-8135-d30a1b14f9b4,2026-09-09T18:23:06Z,FanDuel Sportsbook structured market feed,,VA,NFL,35610169,Tampa Bay Buccaneers @ Cincinnati Bengals,2026-09-13T17:01:00.000Z,FanDuel,751.185137868,receptions,Chris Godwin - Total Receptions,,Chris Godwin,20781116,over,3.5,-138,1.72463768115942,0.5798319327731093,open,,,2026-09-09T18:23:06Z,,,,,v3-forward-measurement
a5c4e628-ff8e-45c2-befa-91242f364e3d,27f98798-fcc5-454d-9cca-1576975d3b46,2026-09-09T18:23:06Z,FanDuel Sportsbook structured market feed,,VA,NFL,35610169,Tampa Bay Buccaneers @ Cincinnati Bengals,2026-09-13T17:01:00.000Z,FanDuel,751.185137868,receptions,Chris Godwin - Total Receptions,,Chris Godwin,20781117,under,3.5,104,2.04,0.49019607843137253,open,,,2026-09-09T18:23:06Z,,,,,v3-forward-measurement
a5c4e628-ff8e-45c2-befa-91242f364e3d,18fd405f-af9e-4ee7-ae20-c998e5586a58,2026-09-09T18:23:06Z,FanDuel Sportsbook structured market feed,,VA,NFL,35610169,Tampa Bay Buccaneers @ Cincinnati Bengals,2026-09-13T17:01:00.000Z,FanDuel,751.183809810,receiving_yards,Ja'Marr Chase - Receiving Yds,,Ja'Marr Chase,40890769,over,85.5,-114,1.87719298245614,0.5327102803738317,open,,,2026-09-09T18:23:06Z,,,,,v3-forward-measurement
a5c4e628-ff8e-45c2-befa-91242f364e3d,c68b13a8-a5cf-4df1-990b-f804da5fa76d,2026-09-09T18:23:06Z,FanDuel Sportsbook structured market feed,,VA,NFL,35610169,Tampa Bay Buccaneers @ Cincinnati Bengals,2026-09-13T17:01:00.000Z,FanDuel,751.183809810,receiving_yards,Ja'Marr Chase - Receiving Yds,,Ja'Marr Chase,40890768,under,85.5,-114,1.87719298245614,0.5327102803738317,open,,,2026-09-09T18:23:06Z,,,,,v3-forward-measurement
a5c4e628-ff8e-45c2-befa-91242f364e3d,8b103464-2993-4a5c-99b7-c6780eaa51dc,2026-09-09T18:23:06Z,FanDuel Sportsbook structured market feed,,VA,NFL,35610169,Tampa Bay Buccaneers @ Cincinnati Bengals,2026-09-13T17:01:00.000Z,FanDuel,751.184986271,receptions,Chase Brown - Total Receptions,,Chase Brown,41072627,over,3.5,-108,1.925925925925926,0.5192307692307693,open,,,2026-09-09T18:23:06Z,,,,,v3-forward-measurement
a5c4e628-ff8e-45c2-befa-91242f364e3d,59a94a61-65cb-4372-8214-d04cd7a4bcff,2026-09-09T18:23:06Z,FanDuel Sportsbook structured market feed,,VA,NFL,35610169,Tampa Bay Buccaneers @ Cincinnati Bengals,2026-09-13T17:01:00.000Z,FanDuel,751.184986271,receptions,Chase Brown - Total Receptions,,Chase Brown,41072629,under,3.5,-122,1.819672131147541,0.5495495495495496,open,,,2026-09-09T18:23:06Z,,,,,v3-forward-measurement
a5c4e628-ff8e-45c2-befa-91242f364e3d,3771e565-2337-4e39-b135-518837b1bc4d,2026-09-09T18:23:06Z,FanDuel Sportsbook structured market feed,,VA,NFL,35610169,Tampa Bay Buccaneers @ Cincinnati Bengals,2026-09-13T17:01:00.000Z,FanDuel,751.184986272,receiving_yards,Chase Brown - Receiving Yds,,Chase Brown,41072627,over,23.5,-114,1.87719298245614,0.5327102803738317,open,,,2026-09-09T18:23:06Z,,,,,v3-forward-measurement
a5c4e628-ff8e-45c2-befa-91242f364e3d,8c0ae298-0b38-4ae7-a07c-e76da36131e2,2026-09-09T18:23:06Z,FanDuel Sportsbook structured market feed,,VA,NFL,35610169,Tampa Bay Buccaneers @ Cincinnati Bengals,2026-09-13T17:01:00.000Z,FanDuel,751.184986272,receiving_yards,Chase Brown - Receiving Yds,,Chase Brown,41072629,under,23.5,-114,1.87719298245614,0.5327102803738317,open,,,2026-09-09T18:23:06Z,,,,,v3-forward-measurement
a5c4e628-ff8e-45c2-befa-91242f364e3d,a149feec-d3b8-4baf-8594-833590d79a60,2026-09-09T18:23:06Z,FanDuel Sportsbook structured market feed,,VA,NFL,35610169,Tampa Bay Buccaneers @ Cincinnati Bengals,2026-09-13T17:01:00.000Z,FanDuel,751.184985733,receiving_yards,Kenneth Gainwell - Receiving Yds,,Kenneth Gainwell,40915793,over,20.5,-114,1.87719298245614,0.5327102803738317,open,,,2026-09-09T18:23:06Z,,,,,v3-forward-measurement
a5c4e628-ff8e-45c2-befa-91242f364e3d,f7bf76a8-389b-458d-baf2-6f9bab4e56e3,2026-09-09T18:23:06Z,FanDuel Sportsbook structured market feed,,VA,NFL,35610169,Tampa Bay Buccaneers @ Cincinnati Bengals,2026-09-13T17:01:00.000Z,FanDuel,751.184985733,receiving_yards,Kenneth Gainwell - Receiving Yds,,Kenneth Gainwell,40915796,under,20.5,-114,1.87719298245614,0.5327102803738317,open,,,2026-09-09T18:23:06Z,,,,,v3-forward-measurement
a5c4e628-ff8e-45c2-befa-91242f364e3d,f6f25b11-8b0a-4068-a043-9fe631f8b155,2026-09-09T18:23:06Z,FanDuel Sportsbook structured market feed,,VA,NFL,35610169,Tampa Bay Buccaneers @ Cincinnati Bengals,2026-09-13T17:01:00.000Z,FanDuel,751.183809800,receptions,Tee Higgins - Total Receptions,,Tee Higgins,22336746,over,4.5,-140,1.714285714285714,0.5833333333333334,open,,,2026-09-09T18:23:06Z,,,,,v3-forward-measurement
a5c4e628-ff8e-45c2-befa-91242f364e3d,7be05b0a-1d27-4d2a-8b21-bb98cf909134,2026-09-09T18:23:06Z,FanDuel Sportsbook structured market feed,,VA,NFL,35610169,Tampa Bay Buccaneers @ Cincinnati Bengals,2026-09-13T17:01:00.000Z,FanDuel,751.183809800,receptions,Tee Higgins - Total Receptions,,Tee Higgins,22336747,under,4.5,106,2.06,0.4854368932038835,open,,,2026-09-09T18:23:06Z,,,,,v3-forward-measurement
a5c4e628-ff8e-45c2-befa-91242f364e3d,9a1bd16a-a480-4fe6-a847-7c4e7b99fc7d,2026-09-09T18:23:06Z,FanDuel Sportsbook structured market feed,,VA,NFL,35610169,Tampa Bay Buccaneers @ Cincinnati Bengals,2026-09-13T17:01:00.000Z,FanDuel,751.183809802,receiving_yards,Emeka Egbuka - Receiving Yds,,Emeka Egbuka,48671758,over,52.5,-114,1.87719298245614,0.5327102803738317,open,,,2026-09-09T18:23:06Z,,,,,v3-forward-measurement
a5c4e628-ff8e-45c2-befa-91242f364e3d,4633da64-f0d8-4a00-b644-7be607098926,2026-09-09T18:23:06Z,FanDuel Sportsbook structured market feed,,VA,NFL,35610169,Tampa Bay Buccaneers @ Cincinnati Bengals,2026-09-13T17:01:00.000Z,FanDuel,751.183809802,receiving_yards,Emeka Egbuka - Receiving Yds,,Emeka Egbuka,48671757,under,52.5,-114,1.87719298245614,0.5327102803738317,open,,,2026-09-09T18:23:06Z,,,,,v3-forward-measurement
a5c4e628-ff8e-45c2-befa-91242f364e3d,45c6fe04-b928-452b-9a57-62a23963efc6,2026-09-09T18:23:06Z,FanDuel Sportsbook structured market feed,,VA,NFL,35610169,Tampa Bay Buccaneers @ Cincinnati Bengals,2026-09-13T17:01:00.000Z,FanDuel,751.183809797,receptions,Emeka Egbuka - Total Receptions,,Emeka Egbuka,48671758,over,4.5,124,2.24,0.44642857142857145,open,,,2026-09-09T18:23:06Z,,,,,v3-forward-measurement
a5c4e628-ff8e-45c2-befa-91242f364e3d,38907a3f-a930-448e-b0f6-2bf0fa565bac,2026-09-09T18:23:06Z,FanDuel Sportsbook structured market feed,,VA,NFL,35610169,Tampa Bay Buccaneers @ Cincinnati Bengals,2026-09-13T17:01:00.000Z,FanDuel,751.183809797,receptions,Emeka Egbuka - Total Receptions,,Emeka Egbuka,48671757,under,4.5,-166,1.602409638554217,0.6240601503759399,open,,,2026-09-09T18:23:06Z,,,,,v3-forward-measurement
a5c4e628-ff8e-45c2-befa-91242f364e3d,0309169d-ddae-4988-9519-435e8f13e8c0,2026-09-09T18:23:06Z,FanDuel Sportsbook structured market feed,,VA,NFL,35610169,Tampa Bay Buccaneers @ Cincinnati Bengals,2026-09-13T17:01:00.000Z,FanDuel,751.183809799,receptions,Ja'Marr Chase - Total Receptions,,Ja'Marr Chase,40890769,over,7.5,116,2.16,0.46296296296296297,open,,,2026-09-09T18:23:06Z,,,,,v3-forward-measurement
a5c4e628-ff8e-45c2-befa-91242f364e3d,9e0b28f2-f3b8-4890-9258-f8dd06ee039e,2026-09-09T18:23:06Z,FanDuel Sportsbook structured market feed,,VA,NFL,35610169,Tampa Bay Buccaneers @ Cincinnati Bengals,2026-09-13T17:01:00.000Z,FanDuel,751.183809799,receptions,Ja'Marr Chase - Total Receptions,,Ja'Marr Chase,40890768,under,7.5,-154,1.649350649350649,0.6062992125984252,open,,,2026-09-09T18:23:06Z,,,,,v3-forward-measurement
a5c4e628-ff8e-45c2-befa-91242f364e3d,90a571e0-1907-4ad6-9423-c2d1e20e306e,2026-09-09T18:23:06Z,FanDuel Sportsbook structured market feed,,VA,NFL,35610169,Tampa Bay Buccaneers @ Cincinnati Bengals,2026-09-13T17:01:00.000Z,FanDuel,751.184985728,receptions,Kenneth Gainwell - Total Receptions,,Kenneth Gainwell,40915793,over,3.5,116,2.16,0.46296296296296297,open,,,2026-09-09T18:23:06Z,,,,,v3-forward-measurement
a5c4e628-ff8e-45c2-befa-91242f364e3d,c4b15898-28e8-496f-8d19-99a4651410dd,2026-09-09T18:23:06Z,FanDuel Sportsbook structured market feed,,VA,NFL,35610169,Tampa Bay Buccaneers @ Cincinnati Bengals,2026-09-13T17:01:00.000Z,FanDuel,751.184985728,receptions,Kenneth Gainwell - Total Receptions,,Kenneth Gainwell,40915796,under,3.5,-154,1.649350649350649,0.6062992125984252,open,,,2026-09-09T18:23:06Z,,,,,v3-forward-measurement
a5c4e628-ff8e-45c2-befa-91242f364e3d,8d12740f-7f3b-4525-9d9f-26bbc8424744,2026-09-09T18:23:06Z,FanDuel Sportsbook structured market feed,,VA,NFL,35610169,Tampa Bay Buccaneers @ Cincinnati Bengals,2026-09-13T17:01:00.000Z,FanDuel,751.183809794,receiving_yards,Tee Higgins - Receiving Yds,,Tee Higgins,22336746,over,60.5,-114,1.87719298245614,0.5327102803738317,open,,,2026-09-09T18:23:06Z,,,,,v3-forward-measurement
a5c4e628-ff8e-45c2-befa-91242f364e3d,44182a88-5386-42cb-8c01-a4efa1a55313,2026-09-09T18:23:06Z,FanDuel Sportsbook structured market feed,,VA,NFL,35610169,Tampa Bay Buccaneers @ Cincinnati Bengals,2026-09-13T17:01:00.000Z,FanDuel,751.183809794,receiving_yards,Tee Higgins - Receiving Yds,,Tee Higgins,22336747,under,60.5,-114,1.87719298245614,0.5327102803738317,open,,,2026-09-09T18:23:06Z,,,,,v3-forward-measurement
a5c4e628-ff8e-45c2-befa-91242f364e3d,a9727319-0c9b-45f1-b334-4991179eda45,2026-09-09T18:23:06Z,FanDuel Sportsbook structured market feed,,VA,NFL,35610169,Tampa Bay Buccaneers @ Cincinnati Bengals,2026-09-13T17:01:00.000Z,FanDuel,751.185138171,receiving_yards,Jalen McMillan - Receiving Yds,,Jalen McMillan,41173066,over,34.5,-114,1.87719298245614,0.5327102803738317,open,,,2026-09-09T18:23:06Z,,,,,v3-forward-measurement
a5c4e628-ff8e-45c2-befa-91242f364e3d,4fb090af-ef30-4056-a4f4-e0ed8eeaec4d,2026-09-09T18:23:06Z,FanDuel Sportsbook structured market feed,,VA,NFL,35610169,Tampa Bay Buccaneers @ Cincinnati Bengals,2026-09-13T17:01:00.000Z,FanDuel,751.185138171,receiving_yards,Jalen McMillan - Receiving Yds,,Jalen McMillan,41173067,under,34.5,-114,1.87719298245614,0.5327102803738317,open,,,2026-09-09T18:23:06Z,,,,,v3-forward-measurement
a5c4e628-ff8e-45c2-befa-91242f364e3d,4dd6025a-bf4c-44dc-ad6e-f068ab35d4da,2026-09-09T18:23:06Z,FanDuel Sportsbook structured market feed,,VA,NFL,35610169,Tampa Bay Buccaneers @ Cincinnati Bengals,2026-09-13T17:01:00.000Z,FanDuel,751.184986575,receptions,Bucky Irving - Total Receptions,,Bucky Irving,49541847,over,2.5,144,2.44,0.4098360655737705,open,,,2026-09-09T18:23:06Z,,,,,v3-forward-measurement
a5c4e628-ff8e-45c2-befa-91242f364e3d,abb634c0-9e6e-40b1-ae37-9bc124c70a63,2026-09-09T18:23:06Z,FanDuel Sportsbook structured market feed,,VA,NFL,35610169,Tampa Bay Buccaneers @ Cincinnati Bengals,2026-09-13T17:01:00.000Z,FanDuel,751.184986575,receptions,Bucky Irving - Total Receptions,,Bucky Irving,49541845,under,2.5,-194,1.515463917525773,0.6598639455782312,open,,,2026-09-09T18:23:06Z,,,,,v3-forward-measurement
a5c4e628-ff8e-45c2-befa-91242f364e3d,df219e30-c1a9-42df-aac3-6072338c7fd8,2026-09-09T18:23:06Z,FanDuel Sportsbook structured market feed,,VA,NFL,35610169,Tampa Bay Buccaneers @ Cincinnati Bengals,2026-09-13T17:01:00.000Z,FanDuel,751.184986570,receiving_yards,Bucky Irving - Receiving Yds,,Bucky Irving,49541847,over,13.5,-114,1.87719298245614,0.5327102803738317,open,,,2026-09-09T18:23:06Z,,,,,v3-forward-measurement
a5c4e628-ff8e-45c2-befa-91242f364e3d,caea64b3-30cd-47a0-a16b-cf5cb3505d3d,2026-09-09T18:23:06Z,FanDuel Sportsbook structured market feed,,VA,NFL,35610169,Tampa Bay Buccaneers @ Cincinnati Bengals,2026-09-13T17:01:00.000Z,FanDuel,751.184986570,receiving_yards,Bucky Irving - Receiving Yds,,Bucky Irving,49541845,under,13.5,-114,1.87719298245614,0.5327102803738317,open,,,2026-09-09T18:23:06Z,,,,,v3-forward-measurement
4d1d0902-f7ae-4d3e-b8bd-516fbf674d48,4a0533cd-1516-439a-9c04-bdb75aa20812,2026-09-09T18:23:06Z,FanDuel Sportsbook structured market feed,,VA,NFL,35610170,Arizona Cardinals @ Los Angeles Chargers,2026-09-13T20:26:00.000Z,FanDuel,751.183978018,passing_yards,Jacoby Brissett - Passing Yds,,Jacoby Brissett,14942497,over,221.5,-114,1.87719298245614,0.5327102803738317,open,,,2026-09-09T18:23:06Z,,,,,v3-forward-measurement
4d1d0902-f7ae-4d3e-b8bd-516fbf674d48,560bf185-9530-4d9c-b277-129be3a0ecb9,2026-09-09T18:23:06Z,FanDuel Sportsbook structured market feed,,VA,NFL,35610170,Arizona Cardinals @ Los Angeles Chargers,2026-09-13T20:26:00.000Z,FanDuel,751.183978018,passing_yards,Jacoby Brissett - Passing Yds,,Jacoby Brissett,14942498,under,221.5,-114,1.87719298245614,0.5327102803738317,open,,,2026-09-09T18:23:06Z,,,,,v3-forward-measurement
4d1d0902-f7ae-4d3e-b8bd-516fbf674d48,e4dbe8a9-2f86-4333-bd6b-7544c0fa1509,2026-09-09T18:23:06Z,FanDuel Sportsbook structured market feed,,VA,NFL,35610170,Arizona Cardinals @ Los Angeles Chargers,2026-09-13T20:26:00.000Z,FanDuel,751.183978078,passing_touchdowns,Justin Herbert - Passing TDs,,Justin Herbert,36175559,over,1.5,-230,1.434782608695652,0.696969696969697,open,,,2026-09-09T18:23:06Z,,,,,v3-forward-measurement
4d1d0902-f7ae-4d3e-b8bd-516fbf674d48,ca548739-91c3-416a-b1ca-4aa021440e62,2026-09-09T18:23:06Z,FanDuel Sportsbook structured market feed,,VA,NFL,35610170,Arizona Cardinals @ Los Angeles Chargers,2026-09-13T20:26:00.000Z,FanDuel,751.183978078,passing_touchdowns,Justin Herbert - Passing TDs,,Justin Herbert,36175560,under,1.5,168,2.68,0.373134328358209,open,,,2026-09-09T18:23:06Z,,,,,v3-forward-measurement
4d1d0902-f7ae-4d3e-b8bd-516fbf674d48,bfa7b7e0-2bb3-4391-981b-20c275a370a7,2026-09-09T18:23:06Z,FanDuel Sportsbook structured market feed,,VA,NFL,35610170,Arizona Cardinals @ Los Angeles Chargers,2026-09-13T20:26:00.000Z,FanDuel,751.183977990,passing_yards,Justin Herbert - Passing Yds,,Justin Herbert,36175559,over,233.5,-114,1.87719298245614,0.5327102803738317,open,,,2026-09-09T18:23:06Z,,,,,v3-forward-measurement
4d1d0902-f7ae-4d3e-b8bd-516fbf674d48,2e01b6f1-05d9-4589-8b25-ce791ef1412c,2026-09-09T18:23:06Z,FanDuel Sportsbook structured market feed,,VA,NFL,35610170,Arizona Cardinals @ Los Angeles Chargers,2026-09-13T20:26:00.000Z,FanDuel,751.183977990,passing_yards,Justin Herbert - Passing Yds,,Justin Herbert,36175560,under,233.5,-114,1.87719298245614,0.5327102803738317,open,,,2026-09-09T18:23:06Z,,,,,v3-forward-measurement
4d1d0902-f7ae-4d3e-b8bd-516fbf674d48,d6b0b319-518b-43ce-a487-7c7474d5eaf8,2026-09-09T18:23:06Z,FanDuel Sportsbook structured market feed,,VA,NFL,35610170,Arizona Cardinals @ Los Angeles Chargers,2026-09-13T20:26:00.000Z,FanDuel,751.183978037,passing_touchdowns,Jacoby Brissett - Passing TDs,,Jacoby Brissett,14942497,over,1.5,154,2.54,0.3937007874015748,open,,,2026-09-09T18:23:06Z,,,,,v3-forward-measurement
4d1d0902-f7ae-4d3e-b8bd-516fbf674d48,bf836a25-51c4-40a7-85a6-07b5f69dbb12,2026-09-09T18:23:06Z,FanDuel Sportsbook structured market feed,,VA,NFL,35610170,Arizona Cardinals @ Los Angeles Chargers,2026-09-13T20:26:00.000Z,FanDuel,751.183978037,passing_touchdowns,Jacoby Brissett - Passing TDs,,Jacoby Brissett,14942498,under,1.5,-210,1.476190476190476,0.6774193548387096,open,,,2026-09-09T18:23:06Z,,,,,v3-forward-measurement
ecc2e5fc-122f-4414-983a-d64013896d5c,8c27fd89-65e7-4cd2-998f-318ce7ee0ac7,2026-09-09T18:23:06Z,FanDuel Sportsbook structured market feed,,VA,NFL,35610170,Arizona Cardinals @ Los Angeles Chargers,2026-09-13T20:26:00.000Z,FanDuel,751.185191462,rushing_yards,Jacoby Brissett - Rushing Yds,,Jacoby Brissett,14942497,over,10.5,-114,1.87719298245614,0.5327102803738317,open,,,2026-09-09T18:23:06Z,,,,,v3-forward-measurement
ecc2e5fc-122f-4414-983a-d64013896d5c,f70f6573-a9cf-4792-8af2-515daca2b15d,2026-09-09T18:23:06Z,FanDuel Sportsbook structured market feed,,VA,NFL,35610170,Arizona Cardinals @ Los Angeles Chargers,2026-09-13T20:26:00.000Z,FanDuel,751.185191462,rushing_yards,Jacoby Brissett - Rushing Yds,,Jacoby Brissett,14942498,under,10.5,-114,1.87719298245614,0.5327102803738317,open,,,2026-09-09T18:23:06Z,,,,,v3-forward-measurement
ecc2e5fc-122f-4414-983a-d64013896d5c,1e6aca7d-49ec-491a-936d-07a20fe3b14b,2026-09-09T18:23:06Z,FanDuel Sportsbook structured market feed,,VA,NFL,35610170,Arizona Cardinals @ Los Angeles Chargers,2026-09-13T20:26:00.000Z,FanDuel,751.185136845,rushing_yards,Justin Herbert - Rushing Yds,,Justin Herbert,36175559,over,21.5,-114,1.87719298245614,0.5327102803738317,open,,,2026-09-09T18:23:06Z,,,,,v3-forward-measurement
ecc2e5fc-122f-4414-983a-d64013896d5c,54fef7ed-8ff1-44df-9af8-72376b8d6110,2026-09-09T18:23:06Z,FanDuel Sportsbook structured market feed,,VA,NFL,35610170,Arizona Cardinals @ Los Angeles Chargers,2026-09-13T20:26:00.000Z,FanDuel,751.185136845,rushing_yards,Justin Herbert - Rushing Yds,,Justin Herbert,36175560,under,21.5,-114,1.87719298245614,0.5327102803738317,open,,,2026-09-09T18:23:06Z,,,,,v3-forward-measurement
ecc2e5fc-122f-4414-983a-d64013896d5c,39af74d0-5568-4495-bc53-88a6f4692809,2026-09-09T18:23:06Z,FanDuel Sportsbook structured market feed,,VA,NFL,35610170,Arizona Cardinals @ Los Angeles Chargers,2026-09-13T20:26:00.000Z,FanDuel,751.183978255,rushing_yards,Omarion Hampton - Rushing Yds,,Omarion Hampton,48691362,over,65.5,-114,1.87719298245614,0.5327102803738317,open,,,2026-09-09T18:23:06Z,,,,,v3-forward-measurement
ecc2e5fc-122f-4414-983a-d64013896d5c,258db29e-b4f7-445f-a2b4-6d31f9f5faa1,2026-09-09T18:23:06Z,FanDuel Sportsbook structured market feed,,VA,NFL,35610170,Arizona Cardinals @ Los Angeles Chargers,2026-09-13T20:26:00.000Z,FanDuel,751.183978255,rushing_yards,Omarion Hampton - Rushing Yds,,Omarion Hampton,48691363,under,65.5,-114,1.87719298245614,0.5327102803738317,open,,,2026-09-09T18:23:06Z,,,,,v3-forward-measurement
f49ed5ef-aa81-41ff-8cc2-12a34178b75e,3f44cefe-997e-4a07-a8aa-a80e6b387dbc,2026-09-09T18:23:06Z,FanDuel Sportsbook structured market feed,,VA,NFL,35610170,Arizona Cardinals @ Los Angeles Chargers,2026-09-13T20:26:00.000Z,FanDuel,751.185256046,receptions,Kendrick Bourne - Total Receptions,,Kendrick Bourne,27362690,over,2.5,134,2.34,0.42735042735042733,open,,,2026-09-09T18:23:06Z,,,,,v3-forward-measurement
f49ed5ef-aa81-41ff-8cc2-12a34178b75e,ba826de1-d884-4971-93a1-fc9bb686401b,2026-09-09T18:23:06Z,FanDuel Sportsbook structured market feed,,VA,NFL,35610170,Arizona Cardinals @ Los Angeles Chargers,2026-09-13T20:26:00.000Z,FanDuel,751.185256046,receptions,Kendrick Bourne - Total Receptions,,Kendrick Bourne,27362691,under,2.5,-180,1.555555555555556,0.6428571428571429,open,,,2026-09-09T18:23:06Z,,,,,v3-forward-measurement
f49ed5ef-aa81-41ff-8cc2-12a34178b75e,e7d3b868-4c5e-4a2c-ac8c-ecf47e3ce737,2026-09-09T18:23:06Z,FanDuel Sportsbook structured market feed,,VA,NFL,35610170,Arizona Cardinals @ Los Angeles Chargers,2026-09-13T20:26:00.000Z,FanDuel,751.183981549,receptions,Michael Wilson - Total Receptions,,Michael Wilson,48289067,over,3.5,-122,1.819672131147541,0.5495495495495496,open,,,2026-09-09T18:23:06Z,,,,,v3-forward-measurement
f49ed5ef-aa81-41ff-8cc2-12a34178b75e,ef47f484-1d10-4407-91df-a92113d8995b,2026-09-09T18:23:06Z,FanDuel Sportsbook structured market feed,,VA,NFL,35610170,Arizona Cardinals @ Los Angeles Chargers,2026-09-13T20:26:00.000Z,FanDuel,751.183981549,receptions,Michael Wilson - Total Receptions,,Michael Wilson,48289068,under,3.5,-108,1.925925925925926,0.5192307692307693,open,,,2026-09-09T18:23:06Z,,,,,v3-forward-measurement
f49ed5ef-aa81-41ff-8cc2-12a34178b75e,ec91f411-811c-433a-8cef-bc584a6cd01b,2026-09-09T18:23:06Z,FanDuel Sportsbook structured market feed,,VA,NFL,35610170,Arizona Cardinals @ Los Angeles Chargers,2026-09-13T20:26:00.000Z,FanDuel,751.183981327,receiving_yards,Trey McBride - Receiving Yds,,Trey McBride,48613596,over,56.5,-114,1.87719298245614,0.5327102803738317,open,,,2026-09-09T18:23:06Z,,,,,v3-forward-measurement
f49ed5ef-aa81-41ff-8cc2-12a34178b75e,498fd653-58fd-4fdf-8950-91a3adbfaea1,2026-09-09T18:23:06Z,FanDuel Sportsbook structured market feed,,VA,NFL,35610170,Arizona Cardinals @ Los Angeles Chargers,2026-09-13T20:26:00.000Z,FanDuel,751.183981327,receiving_yards,Trey McBride - Receiving Yds,,Trey McBride,48613594,under,56.5,-114,1.87719298245614,0.5327102803738317,open,,,2026-09-09T18:23:06Z,,,,,v3-forward-measurement
f49ed5ef-aa81-41ff-8cc2-12a34178b75e,9025bf57-6506-443a-be35-bd3c5ac75809,2026-09-09T18:23:06Z,FanDuel Sportsbook structured market feed,,VA,NFL,35610170,Arizona Cardinals @ Los Angeles Chargers,2026-09-13T20:26:00.000Z,FanDuel,751.183981546,receiving_yards,Michael Wilson - Receiving Yds,,Michael Wilson,48289067,over,41.5,-114,1.87719298245614,0.5327102803738317,open,,,2026-09-09T18:23:06Z,,,,,v3-forward-measurement
f49ed5ef-aa81-41ff-8cc2-12a34178b75e,36c17203-a4e9-49c7-ac3d-99b42c9b7e2b,2026-09-09T18:23:06Z,FanDuel Sportsbook structured market feed,,VA,NFL,35610170,Arizona Cardinals @ Los Angeles Chargers,2026-09-13T20:26:00.000Z,FanDuel,751.183981546,receiving_yards,Michael Wilson - Receiving Yds,,Michael Wilson,48289068,under,41.5,-114,1.87719298245614,0.5327102803738317,open,,,2026-09-09T18:23:06Z,,,,,v3-forward-measurement
f49ed5ef-aa81-41ff-8cc2-12a34178b75e,cc976c6d-e679-42a0-8532-c1369508da8e,2026-09-09T18:23:06Z,FanDuel Sportsbook structured market feed,,VA,NFL,35610170,Arizona Cardinals @ Los Angeles Chargers,2026-09-13T20:26:00.000Z,FanDuel,751.183980596,receptions,Tre Harris - Total Receptions,,Tre Harris,48012110,over,2.5,-102,1.980392156862745,0.504950495049505,open,,,2026-09-09T18:23:06Z,,,,,v3-forward-measurement
f49ed5ef-aa81-41ff-8cc2-12a34178b75e,7f80510a-a419-4ad2-a975-f3ce54e94733,2026-09-09T18:23:06Z,FanDuel Sportsbook structured market feed,,VA,NFL,35610170,Arizona Cardinals @ Los Angeles Chargers,2026-09-13T20:26:00.000Z,FanDuel,751.183980596,receptions,Tre Harris - Total Receptions,,Tre Harris,48012111,under,2.5,-130,1.769230769230769,0.5652173913043478,open,,,2026-09-09T18:23:06Z,,,,,v3-forward-measurement
f49ed5ef-aa81-41ff-8cc2-12a34178b75e,77b85938-1a7a-42cd-b937-43d21253acce,2026-09-09T18:23:06Z,FanDuel Sportsbook structured market feed,,VA,NFL,35610170,Arizona Cardinals @ Los Angeles Chargers,2026-09-13T20:26:00.000Z,FanDuel,751.183980199,receiving_yards,Quentin Johnston - Receiving Yds,,Quentin Johnston,41161053,over,42.5,-114,1.87719298245614,0.5327102803738317,open,,,2026-09-09T18:23:06Z,,,,,v3-forward-measurement
f49ed5ef-aa81-41ff-8cc2-12a34178b75e,5fa3da0d-bfc4-4e99-a83f-e9dbc3052272,2026-09-09T18:23:06Z,FanDuel Sportsbook structured market feed,,VA,NFL,35610170,Arizona Cardinals @ Los Angeles Chargers,2026-09-13T20:26:00.000Z,FanDuel,751.183980199,receiving_yards,Quentin Johnston - Receiving Yds,,Quentin Johnston,41161054,under,42.5,-114,1.87719298245614,0.5327102803738317,open,,,2026-09-09T18:23:06Z,,,,,v3-forward-measurement
f49ed5ef-aa81-41ff-8cc2-12a34178b75e,5062f06d-9e4c-4ec6-b564-1d9be2c72e2e,2026-09-09T18:23:06Z,FanDuel Sportsbook structured market feed,,VA,NFL,35610170,Arizona Cardinals @ Los Angeles Chargers,2026-09-13T20:26:00.000Z,FanDuel,751.183981330,receptions,Trey McBride - Total Receptions,,Trey McBride,48613596,over,6.5,120,2.2,0.45454545454545453,open,,,2026-09-09T18:23:06Z,,,,,v3-forward-measurement
f49ed5ef-aa81-41ff-8cc2-12a34178b75e,018804c8-3b1c-4af0-affb-a9208f3f9bcf,2026-09-09T18:23:06Z,FanDuel Sportsbook structured market feed,,VA,NFL,35610170,Arizona Cardinals @ Los Angeles Chargers,2026-09-13T20:26:00.000Z,FanDuel,751.183981330,receptions,Trey McBride - Total Receptions,,Trey McBride,48613594,under,6.5,-160,1.625,0.6153846153846154,open,,,2026-09-09T18:23:06Z,,,,,v3-forward-measurement
f49ed5ef-aa81-41ff-8cc2-12a34178b75e,b9823e93-a9d1-4d03-8e39-b25449505367,2026-09-09T18:23:06Z,FanDuel Sportsbook structured market feed,,VA,NFL,35610170,Arizona Cardinals @ Los Angeles Chargers,2026-09-13T20:26:00.000Z,FanDuel,751.185141305,receptions,Omarion Hampton - Total Receptions,,Omarion Hampton,48691362,over,2.5,124,2.24,0.44642857142857145,open,,,2026-09-09T18:23:06Z,,,,,v3-forward-measurement
f49ed5ef-aa81-41ff-8cc2-12a34178b75e,f217b227-f09e-40f6-a4e4-cdd5e2b2a208,2026-09-09T18:23:06Z,FanDuel Sportsbook structured market feed,,VA,NFL,35610170,Arizona Cardinals @ Los Angeles Chargers,2026-09-13T20:26:00.000Z,FanDuel,751.185141305,receptions,Omarion Hampton - Total Receptions,,Omarion Hampton,48691363,under,2.5,-166,1.602409638554217,0.6240601503759399,open,,,2026-09-09T18:23:06Z,,,,,v3-forward-measurement
f49ed5ef-aa81-41ff-8cc2-12a34178b75e,e5a5deb2-f1b2-47f1-993d-8d3326d79f29,2026-09-09T18:23:06Z,FanDuel Sportsbook structured market feed,,VA,NFL,35610170,Arizona Cardinals @ Los Angeles Chargers,2026-09-13T20:26:00.000Z,FanDuel,751.185141300,receiving_yards,Omarion Hampton - Receiving Yds,,Omarion Hampton,48691362,over,12.5,-114,1.87719298245614,0.5327102803738317,open,,,2026-09-09T18:23:06Z,,,,,v3-forward-measurement
f49ed5ef-aa81-41ff-8cc2-12a34178b75e,35c88bc9-d256-478f-8593-6d0801edef6a,2026-09-09T18:23:06Z,FanDuel Sportsbook structured market feed,,VA,NFL,35610170,Arizona Cardinals @ Los Angeles Chargers,2026-09-13T20:26:00.000Z,FanDuel,751.185141300,receiving_yards,Omarion Hampton - Receiving Yds,,Omarion Hampton,48691363,under,12.5,-114,1.87719298245614,0.5327102803738317,open,,,2026-09-09T18:23:06Z,,,,,v3-forward-measurement
f49ed5ef-aa81-41ff-8cc2-12a34178b75e,fad5e74c-2d15-4e3a-8fcf-bc3a0e5b1e48,2026-09-09T18:23:06Z,FanDuel Sportsbook structured market feed,,VA,NFL,35610170,Arizona Cardinals @ Los Angeles Chargers,2026-09-13T20:26:00.000Z,FanDuel,751.185145960,receiving_yards,Charlie Kolar - Receiving Yds,,Charlie Kolar,41075122,over,17.5,-114,1.87719298245614,0.5327102803738317,open,,,2026-09-09T18:23:06Z,,,,,v3-forward-measurement
f49ed5ef-aa81-41ff-8cc2-12a34178b75e,033476e8-ae8d-48c5-bca6-2b0d8555d0f0,2026-09-09T18:23:06Z,FanDuel Sportsbook structured market feed,,VA,NFL,35610170,Arizona Cardinals @ Los Angeles Chargers,2026-09-13T20:26:00.000Z,FanDuel,751.185145960,receiving_yards,Charlie Kolar - Receiving Yds,,Charlie Kolar,41075124,under,17.5,-114,1.87719298245614,0.5327102803738317,open,,,2026-09-09T18:23:06Z,,,,,v3-forward-measurement
f49ed5ef-aa81-41ff-8cc2-12a34178b75e,e20bd027-1ac0-40f9-b64e-032d4cba675f,2026-09-09T18:23:06Z,FanDuel Sportsbook structured market feed,,VA,NFL,35610170,Arizona Cardinals @ Los Angeles Chargers,2026-09-13T20:26:00.000Z,FanDuel,751.185145961,receptions,Charlie Kolar - Total Receptions,,Charlie Kolar,41075122,over,1.5,-172,1.581395348837209,0.6323529411764706,open,,,2026-09-09T18:23:06Z,,,,,v3-forward-measurement
f49ed5ef-aa81-41ff-8cc2-12a34178b75e,88bfc7ef-dd82-4b3b-a6f5-d754a40895a1,2026-09-09T18:23:06Z,FanDuel Sportsbook structured market feed,,VA,NFL,35610170,Arizona Cardinals @ Los Angeles Chargers,2026-09-13T20:26:00.000Z,FanDuel,751.185145961,receptions,Charlie Kolar - Total Receptions,,Charlie Kolar,41075124,under,1.5,128,2.28,0.43859649122807015,open,,,2026-09-09T18:23:06Z,,,,,v3-forward-measurement
f49ed5ef-aa81-41ff-8cc2-12a34178b75e,4843d4fc-d595-4190-b8f0-88e38fab1576,2026-09-09T18:23:06Z,FanDuel Sportsbook structured market feed,,VA,NFL,35610170,Arizona Cardinals @ Los Angeles Chargers,2026-09-13T20:26:00.000Z,FanDuel,751.185256031,receiving_yards,Kendrick Bourne - Receiving Yds,,Kendrick Bourne,27362690,over,18.5,-114,1.87719298245614,0.5327102803738317,open,,,2026-09-09T18:23:06Z,,,,,v3-forward-measurement
f49ed5ef-aa81-41ff-8cc2-12a34178b75e,0786497c-d8ee-490b-bbc8-d8307efc31c9,2026-09-09T18:23:06Z,FanDuel Sportsbook structured market feed,,VA,NFL,35610170,Arizona Cardinals @ Los Angeles Chargers,2026-09-13T20:26:00.000Z,FanDuel,751.185256031,receiving_yards,Kendrick Bourne - Receiving Yds,,Kendrick Bourne,27362691,under,18.5,-114,1.87719298245614,0.5327102803738317,open,,,2026-09-09T18:23:06Z,,,,,v3-forward-measurement
f49ed5ef-aa81-41ff-8cc2-12a34178b75e,5947acd1-8d03-4981-813a-a1fcdd27687a,2026-09-09T18:23:06Z,FanDuel Sportsbook structured market feed,,VA,NFL,35610170,Arizona Cardinals @ Los Angeles Chargers,2026-09-13T20:26:00.000Z,FanDuel,751.183980009,receptions,Ladd McConkey - Total Receptions,,Ladd McConkey,42217173,over,4.5,-102,1.980392156862745,0.504950495049505,open,,,2026-09-09T18:23:06Z,,,,,v3-forward-measurement
f49ed5ef-aa81-41ff-8cc2-12a34178b75e,253f24bd-9ff9-4eb7-83a0-9b740ca1f8df,2026-09-09T18:23:06Z,FanDuel Sportsbook structured market feed,,VA,NFL,35610170,Arizona Cardinals @ Los Angeles Chargers,2026-09-13T20:26:00.000Z,FanDuel,751.183980009,receptions,Ladd McConkey - Total Receptions,,Ladd McConkey,42217172,under,4.5,-130,1.769230769230769,0.5652173913043478,open,,,2026-09-09T18:23:06Z,,,,,v3-forward-measurement
f49ed5ef-aa81-41ff-8cc2-12a34178b75e,5a854e42-94f9-4e58-bbbf-4977c6336332,2026-09-09T18:23:06Z,FanDuel Sportsbook structured market feed,,VA,NFL,35610170,Arizona Cardinals @ Los Angeles Chargers,2026-09-13T20:26:00.000Z,FanDuel,751.183981338,receiving_yards,Marvin Harrison Jr. - Receiving Yds,,Marvin Harrison Jr.,48048067,over,48.5,-114,1.87719298245614,0.5327102803738317,open,,,2026-09-09T18:23:06Z,,,,,v3-forward-measurement
f49ed5ef-aa81-41ff-8cc2-12a34178b75e,76912421-0d87-400a-95d1-5e17923de7f8,2026-09-09T18:23:06Z,FanDuel Sportsbook structured market feed,,VA,NFL,35610170,Arizona Cardinals @ Los Angeles Chargers,2026-09-13T20:26:00.000Z,FanDuel,751.183981338,receiving_yards,Marvin Harrison Jr. - Receiving Yds,,Marvin Harrison Jr.,48048065,under,48.5,-114,1.87719298245614,0.5327102803738317,open,,,2026-09-09T18:23:06Z,,,,,v3-forward-measurement
f49ed5ef-aa81-41ff-8cc2-12a34178b75e,eab427dc-9f36-4b81-a41c-db733743ec6f,2026-09-09T18:23:06Z,FanDuel Sportsbook structured market feed,,VA,NFL,35610170,Arizona Cardinals @ Los Angeles Chargers,2026-09-13T20:26:00.000Z,FanDuel,751.183980600,receiving_yards,Tre Harris - Receiving Yds,,Tre Harris,48012110,over,26.5,-114,1.87719298245614,0.5327102803738317,open,,,2026-09-09T18:23:06Z,,,,,v3-forward-measurement
f49ed5ef-aa81-41ff-8cc2-12a34178b75e,9ee7e23f-5634-48be-ae7a-8427d60df589,2026-09-09T18:23:06Z,FanDuel Sportsbook structured market feed,,VA,NFL,35610170,Arizona Cardinals @ Los Angeles Chargers,2026-09-13T20:26:00.000Z,FanDuel,751.183980600,receiving_yards,Tre Harris - Receiving Yds,,Tre Harris,48012111,under,26.5,-114,1.87719298245614,0.5327102803738317,open,,,2026-09-09T18:23:06Z,,,,,v3-forward-measurement
f49ed5ef-aa81-41ff-8cc2-12a34178b75e,8cba3060-1f1c-42c3-b1ad-67b81549dec5,2026-09-09T18:23:06Z,FanDuel Sportsbook structured market feed,,VA,NFL,35610170,Arizona Cardinals @ Los Angeles Chargers,2026-09-13T20:26:00.000Z,FanDuel,751.183981337,receptions,Marvin Harrison Jr. - Total Receptions,,Marvin Harrison Jr.,48048067,over,3.5,-172,1.581395348837209,0.6323529411764706,open,,,2026-09-09T18:23:06Z,,,,,v3-forward-measurement
f49ed5ef-aa81-41ff-8cc2-12a34178b75e,b4b7443e-330a-4daa-b5d5-1b7262adf86d,2026-09-09T18:23:06Z,FanDuel Sportsbook structured market feed,,VA,NFL,35610170,Arizona Cardinals @ Los Angeles Chargers,2026-09-13T20:26:00.000Z,FanDuel,751.183981337,receptions,Marvin Harrison Jr. - Total Receptions,,Marvin Harrison Jr.,48048065,under,3.5,128,2.28,0.43859649122807015,open,,,2026-09-09T18:23:06Z,,,,,v3-forward-measurement
f49ed5ef-aa81-41ff-8cc2-12a34178b75e,499c3bc0-79b5-4e2b-b610-53c4b03b13be,2026-09-09T18:23:06Z,FanDuel Sportsbook structured market feed,,VA,NFL,35610170,Arizona Cardinals @ Los Angeles Chargers,2026-09-13T20:26:00.000Z,FanDuel,751.183980004,receiving_yards,Ladd McConkey - Receiving Yds,,Ladd McConkey,42217173,over,50.5,-114,1.87719298245614,0.5327102803738317,open,,,2026-09-09T18:23:06Z,,,,,v3-forward-measurement
f49ed5ef-aa81-41ff-8cc2-12a34178b75e,aa658924-73c9-4c8d-954c-731d2761a04a,2026-09-09T18:23:06Z,FanDuel Sportsbook structured market feed,,VA,NFL,35610170,Arizona Cardinals @ Los Angeles Chargers,2026-09-13T20:26:00.000Z,FanDuel,751.183980004,receiving_yards,Ladd McConkey - Receiving Yds,,Ladd McConkey,42217172,under,50.5,-114,1.87719298245614,0.5327102803738317,open,,,2026-09-09T18:23:06Z,,,,,v3-forward-measurement
f49ed5ef-aa81-41ff-8cc2-12a34178b75e,767e8110-9c3c-442a-ae2e-5da4a7b97351,2026-09-09T18:23:06Z,FanDuel Sportsbook structured market feed,,VA,NFL,35610170,Arizona Cardinals @ Los Angeles Chargers,2026-09-13T20:26:00.000Z,FanDuel,751.183980203,receptions,Quentin Johnston - Total Receptions,,Quentin Johnston,41161053,over,3.5,116,2.16,0.46296296296296297,open,,,2026-09-09T18:23:06Z,,,,,v3-forward-measurement
f49ed5ef-aa81-41ff-8cc2-12a34178b75e,b93e4497-475e-4ff7-9894-ca3652a1b58d,2026-09-09T18:23:06Z,FanDuel Sportsbook structured market feed,,VA,NFL,35610170,Arizona Cardinals @ Los Angeles Chargers,2026-09-13T20:26:00.000Z,FanDuel,751.183980203,receptions,Quentin Johnston - Total Receptions,,Quentin Johnston,41161054,under,3.5,-154,1.649350649350649,0.6062992125984252,open,,,2026-09-09T18:23:06Z,,,,,v3-forward-measurement
15ae812a-dd97-4401-bdd5-560cfeac4bb2,b397e819-3df3-4181-8470-7e076a4802df,2026-09-09T18:23:06Z,FanDuel Sportsbook structured market feed,,VA,NFL,35610171,Green Bay Packers @ Minnesota Vikings,2026-09-13T20:25:00.000Z,FanDuel,751.183656583,passing_yards,Kyler Murray - Passing Yds,,Kyler Murray,25938060,over,221.5,-114,1.87719298245614,0.5327102803738317,open,,,2026-09-09T18:23:06Z,,,,,v3-forward-measurement
15ae812a-dd97-4401-bdd5-560cfeac4bb2,d6d5bac5-1680-48f8-883c-6168c9b463fc,2026-09-09T18:23:06Z,FanDuel Sportsbook structured market feed,,VA,NFL,35610171,Green Bay Packers @ Minnesota Vikings,2026-09-13T20:25:00.000Z,FanDuel,751.183656583,passing_yards,Kyler Murray - Passing Yds,,Kyler Murray,25938061,under,221.5,-114,1.87719298245614,0.5327102803738317,open,,,2026-09-09T18:23:06Z,,,,,v3-forward-measurement
15ae812a-dd97-4401-bdd5-560cfeac4bb2,b1566bf4-c682-46dc-a691-4c8a818fa6d1,2026-09-09T18:23:06Z,FanDuel Sportsbook structured market feed,,VA,NFL,35610171,Green Bay Packers @ Minnesota Vikings,2026-09-13T20:25:00.000Z,FanDuel,751.183656650,passing_touchdowns,Jordan Love - Passing TDs,,Jordan Love,40916512,over,1.5,110,2.1,0.47619047619047616,open,,,2026-09-09T18:23:06Z,,,,,v3-forward-measurement
15ae812a-dd97-4401-bdd5-560cfeac4bb2,7ccbfb04-ff95-4df8-ad55-4148e4db4dfa,2026-09-09T18:23:06Z,FanDuel Sportsbook structured market feed,,VA,NFL,35610171,Green Bay Packers @ Minnesota Vikings,2026-09-13T20:25:00.000Z,FanDuel,751.183656650,passing_touchdowns,Jordan Love - Passing TDs,,Jordan Love,40916527,under,1.5,-146,1.684931506849315,0.5934959349593496,open,,,2026-09-09T18:23:06Z,,,,,v3-forward-measurement
15ae812a-dd97-4401-bdd5-560cfeac4bb2,d33853d7-6231-4599-8761-7cfc4dfd76e5,2026-09-09T18:23:06Z,FanDuel Sportsbook structured market feed,,VA,NFL,35610171,Green Bay Packers @ Minnesota Vikings,2026-09-13T20:25:00.000Z,FanDuel,751.183656664,passing_touchdowns,Kyler Murray - Passing TDs,,Kyler Murray,25938060,over,1.5,116,2.16,0.46296296296296297,open,,,2026-09-09T18:23:06Z,,,,,v3-forward-measurement
15ae812a-dd97-4401-bdd5-560cfeac4bb2,63b66eec-184f-48dc-b274-0b02ed1c907f,2026-09-09T18:23:06Z,FanDuel Sportsbook structured market feed,,VA,NFL,35610171,Green Bay Packers @ Minnesota Vikings,2026-09-13T20:25:00.000Z,FanDuel,751.183656664,passing_touchdowns,Kyler Murray - Passing TDs,,Kyler Murray,25938061,under,1.5,-152,1.657894736842105,0.6031746031746031,open,,,2026-09-09T18:23:06Z,,,,,v3-forward-measurement
15ae812a-dd97-4401-bdd5-560cfeac4bb2,964ca75a-97d9-4393-9047-3edd62434597,2026-09-09T18:23:06Z,FanDuel Sportsbook structured market feed,,VA,NFL,35610171,Green Bay Packers @ Minnesota Vikings,2026-09-13T20:25:00.000Z,FanDuel,751.183656679,passing_yards,Jordan Love - Passing Yds,,Jordan Love,40916512,over,238.5,-114,1.87719298245614,0.5327102803738317,open,,,2026-09-09T18:23:06Z,,,,,v3-forward-measurement
15ae812a-dd97-4401-bdd5-560cfeac4bb2,00fbe4e0-4a61-48ef-bca6-bff86b17a751,2026-09-09T18:23:06Z,FanDuel Sportsbook structured market feed,,VA,NFL,35610171,Green Bay Packers @ Minnesota Vikings,2026-09-13T20:25:00.000Z,FanDuel,751.183656679,passing_yards,Jordan Love - Passing Yds,,Jordan Love,40916527,under,238.5,-114,1.87719298245614,0.5327102803738317,open,,,2026-09-09T18:23:06Z,,,,,v3-forward-measurement
314a2834-9093-433d-8895-009b0eddb5e6,b107e9b9-d850-4ca6-a271-3161727b8325,2026-09-09T18:23:06Z,FanDuel Sportsbook structured market feed,,VA,NFL,35610171,Green Bay Packers @ Minnesota Vikings,2026-09-13T20:25:00.000Z,FanDuel,751.183658211,rushing_yards,Jordan Mason - Rushing Yds,,Jordan Mason,48820678,over,43.5,-114,1.87719298245614,0.5327102803738317,open,,,2026-09-09T18:23:06Z,,,,,v3-forward-measurement
314a2834-9093-433d-8895-009b0eddb5e6,a2b0bdec-b4e9-4663-aee7-39ec7f24afee,2026-09-09T18:23:06Z,FanDuel Sportsbook structured market feed,,VA,NFL,35610171,Green Bay Packers @ Minnesota Vikings,2026-09-13T20:25:00.000Z,FanDuel,751.183658211,rushing_yards,Jordan Mason - Rushing Yds,,Jordan Mason,48820677,under,43.5,-114,1.87719298245614,0.5327102803738317,open,,,2026-09-09T18:23:06Z,,,,,v3-forward-measurement
314a2834-9093-433d-8895-009b0eddb5e6,a8fbd8e3-96dc-4e2d-b28e-d7efa4b54b81,2026-09-09T18:23:06Z,FanDuel Sportsbook structured market feed,,VA,NFL,35610171,Green Bay Packers @ Minnesota Vikings,2026-09-13T20:25:00.000Z,FanDuel,751.183658226,rushing_yards,Kyler Murray - Rushing Yds,,Kyler Murray,25938060,over,22.5,-114,1.87719298245614,0.5327102803738317,open,,,2026-09-09T18:23:06Z,,,,,v3-forward-measurement
314a2834-9093-433d-8895-009b0eddb5e6,e931c47d-7596-4827-9465-786e6cabe0db,2026-09-09T18:23:06Z,FanDuel Sportsbook structured market feed,,VA,NFL,35610171,Green Bay Packers @ Minnesota Vikings,2026-09-13T20:25:00.000Z,FanDuel,751.183658226,rushing_yards,Kyler Murray - Rushing Yds,,Kyler Murray,25938061,under,22.5,-114,1.87719298245614,0.5327102803738317,open,,,2026-09-09T18:23:06Z,,,,,v3-forward-measurement
314a2834-9093-433d-8895-009b0eddb5e6,c052ef7d-f3d0-4100-86f9-43b17ddfba56,2026-09-09T18:23:06Z,FanDuel Sportsbook structured market feed,,VA,NFL,35610171,Green Bay Packers @ Minnesota Vikings,2026-09-13T20:25:00.000Z,FanDuel,751.183658229,rushing_yards,Jordan Love - Rushing Yds,,Jordan Love,40916512,over,10.5,-114,1.87719298245614,0.5327102803738317,open,,,2026-09-09T18:23:06Z,,,,,v3-forward-measurement
314a2834-9093-433d-8895-009b0eddb5e6,1d0bedac-a6b5-480f-98d2-1918df20ef64,2026-09-09T18:23:06Z,FanDuel Sportsbook structured market feed,,VA,NFL,35610171,Green Bay Packers @ Minnesota Vikings,2026-09-13T20:25:00.000Z,FanDuel,751.183658229,rushing_yards,Jordan Love - Rushing Yds,,Jordan Love,40916527,under,10.5,-114,1.87719298245614,0.5327102803738317,open,,,2026-09-09T18:23:06Z,,,,,v3-forward-measurement
314a2834-9093-433d-8895-009b0eddb5e6,7c619fbe-99b9-4b7c-a7b1-4aa5104b17f8,2026-09-09T18:23:06Z,FanDuel Sportsbook structured market feed,,VA,NFL,35610171,Green Bay Packers @ Minnesota Vikings,2026-09-13T20:25:00.000Z,FanDuel,751.183902562,rushing_yards,MarShawn Lloyd - Rushing Yds,,MarShawn Lloyd,48300723,over,43.5,-114,1.87719298245614,0.5327102803738317,open,,,2026-09-09T18:23:06Z,,,,,v3-forward-measurement
314a2834-9093-433d-8895-009b0eddb5e6,93ac8535-4a58-4a0f-94f5-6df6f4b26b25,2026-09-09T18:23:06Z,FanDuel Sportsbook structured market feed,,VA,NFL,35610171,Green Bay Packers @ Minnesota Vikings,2026-09-13T20:25:00.000Z,FanDuel,751.183902562,rushing_yards,MarShawn Lloyd - Rushing Yds,,MarShawn Lloyd,48300722,under,43.5,-114,1.87719298245614,0.5327102803738317,open,,,2026-09-09T18:23:06Z,,,,,v3-forward-measurement
314a2834-9093-433d-8895-009b0eddb5e6,0939fc41-9d17-4b9c-aeca-65e31039ab10,2026-09-09T18:23:06Z,FanDuel Sportsbook structured market feed,,VA,NFL,35610171,Green Bay Packers @ Minnesota Vikings,2026-09-13T20:25:00.000Z,FanDuel,751.183658228,rushing_yards,Aaron Jones - Rushing Yds,,Aaron Jones,15353380,over,29.5,-114,1.87719298245614,0.5327102803738317,open,,,2026-09-09T18:23:06Z,,,,,v3-forward-measurement
314a2834-9093-433d-8895-009b0eddb5e6,3baca3db-a397-4216-85fc-e51ed1f79d65,2026-09-09T18:23:06Z,FanDuel Sportsbook structured market feed,,VA,NFL,35610171,Green Bay Packers @ Minnesota Vikings,2026-09-13T20:25:00.000Z,FanDuel,751.183658228,rushing_yards,Aaron Jones - Rushing Yds,,Aaron Jones,15353381,under,29.5,-114,1.87719298245614,0.5327102803738317,open,,,2026-09-09T18:23:06Z,,,,,v3-forward-measurement
ce70b91e-6ebd-428f-95f1-e4936a6c9f21,86e12acc-5d37-4886-9f99-012340bedd9b,2026-09-09T18:23:06Z,FanDuel Sportsbook structured market feed,,VA,NFL,35610171,Green Bay Packers @ Minnesota Vikings,2026-09-13T20:25:00.000Z,FanDuel,751.183658221,receptions,Tucker Kraft - Total Receptions,,Tucker Kraft,60409170,over,3.5,-172,1.581395348837209,0.6323529411764706,open,,,2026-09-09T18:23:06Z,,,,,v3-forward-measurement
ce70b91e-6ebd-428f-95f1-e4936a6c9f21,feef6ee3-4c70-4540-92dc-a3444b9f0c5f,2026-09-09T18:23:06Z,FanDuel Sportsbook structured market feed,,VA,NFL,35610171,Green Bay Packers @ Minnesota Vikings,2026-09-13T20:25:00.000Z,FanDuel,751.183658221,receptions,Tucker Kraft - Total Receptions,,Tucker Kraft,60409164,under,3.5,128,2.28,0.43859649122807015,open,,,2026-09-09T18:23:06Z,,,,,v3-forward-measurement
ce70b91e-6ebd-428f-95f1-e4936a6c9f21,95c15d9e-2ed3-4955-b934-7c535ef4f52b,2026-09-09T18:23:06Z,FanDuel Sportsbook structured market feed,,VA,NFL,35610171,Green Bay Packers @ Minnesota Vikings,2026-09-13T20:25:00.000Z,FanDuel,751.183658220,receiving_yards,Christian Watson - Receiving Yds,,Christian Watson,48400051,over,55.5,-114,1.87719298245614,0.5327102803738317,open,,,2026-09-09T18:23:06Z,,,,,v3-forward-measurement
ce70b91e-6ebd-428f-95f1-e4936a6c9f21,71fc4487-84f0-4687-8a46-ad3b90f25011,2026-09-09T18:23:06Z,FanDuel Sportsbook structured market feed,,VA,NFL,35610171,Green Bay Packers @ Minnesota Vikings,2026-09-13T20:25:00.000Z,FanDuel,751.183658220,receiving_yards,Christian Watson - Receiving Yds,,Christian Watson,48400052,under,55.5,-114,1.87719298245614,0.5327102803738317,open,,,2026-09-09T18:23:06Z,,,,,v3-forward-measurement
ce70b91e-6ebd-428f-95f1-e4936a6c9f21,645c0fdf-319b-4f61-bfff-e3dd09f08bbd,2026-09-09T18:23:06Z,FanDuel Sportsbook structured market feed,,VA,NFL,35610171,Green Bay Packers @ Minnesota Vikings,2026-09-13T20:25:00.000Z,FanDuel,751.183658222,receptions,Christian Watson - Total Receptions,,Christian Watson,48400051,over,3.5,-178,1.561797752808989,0.6402877697841727,open,,,2026-09-09T18:23:06Z,,,,,v3-forward-measurement
ce70b91e-6ebd-428f-95f1-e4936a6c9f21,76c8c782-9ea6-4d1e-b850-66e9a9b153b3,2026-09-09T18:23:06Z,FanDuel Sportsbook structured market feed,,VA,NFL,35610171,Green Bay Packers @ Minnesota Vikings,2026-09-13T20:25:00.000Z,FanDuel,751.183658222,receptions,Christian Watson - Total Receptions,,Christian Watson,48400052,under,3.5,132,2.32,0.43103448275862066,open,,,2026-09-09T18:23:06Z,,,,,v3-forward-measurement
ce70b91e-6ebd-428f-95f1-e4936a6c9f21,38964f47-84b0-41f7-8f03-6695c8f412c5,2026-09-09T18:23:06Z,FanDuel Sportsbook structured market feed,,VA,NFL,35610171,Green Bay Packers @ Minnesota Vikings,2026-09-13T20:25:00.000Z,FanDuel,751.183658225,receptions,Matthew Golden - Total Receptions,,Matthew Golden,48504748,over,3.5,-102,1.980392156862745,0.504950495049505,open,,,2026-09-09T18:23:06Z,,,,,v3-forward-measurement
ce70b91e-6ebd-428f-95f1-e4936a6c9f21,cf87c848-f50e-499f-92fd-81986d26f3b8,2026-09-09T18:23:06Z,FanDuel Sportsbook structured market feed,,VA,NFL,35610171,Green Bay Packers @ Minnesota Vikings,2026-09-13T20:25:00.000Z,FanDuel,751.183658225,receptions,Matthew Golden - Total Receptions,,Matthew Golden,48504749,under,3.5,-130,1.769230769230769,0.5652173913043478,open,,,2026-09-09T18:23:06Z,,,,,v3-forward-measurement
ce70b91e-6ebd-428f-95f1-e4936a6c9f21,11eec167-4e92-41ad-9f6d-e09e4bf2478a,2026-09-09T18:23:06Z,FanDuel Sportsbook structured market feed,,VA,NFL,35610171,Green Bay Packers @ Minnesota Vikings,2026-09-13T20:25:00.000Z,FanDuel,751.183658227,receiving_yards,Justin Jefferson - Receiving Yds,,Justin Jefferson,36057836,over,73.5,-114,1.87719298245614,0.5327102803738317,open,,,2026-09-09T18:23:06Z,,,,,v3-forward-measurement
ce70b91e-6ebd-428f-95f1-e4936a6c9f21,1f54e8bb-aa0b-4f9d-b73f-63882fd9aff0,2026-09-09T18:23:06Z,FanDuel Sportsbook structured market feed,,VA,NFL,35610171,Green Bay Packers @ Minnesota Vikings,2026-09-13T20:25:00.000Z,FanDuel,751.183658227,receiving_yards,Justin Jefferson - Receiving Yds,,Justin Jefferson,36057837,under,73.5,-114,1.87719298245614,0.5327102803738317,open,,,2026-09-09T18:23:06Z,,,,,v3-forward-measurement
ce70b91e-6ebd-428f-95f1-e4936a6c9f21,76932691-e9b2-475c-a46e-6791b39510b9,2026-09-09T18:23:06Z,FanDuel Sportsbook structured market feed,,VA,NFL,35610171,Green Bay Packers @ Minnesota Vikings,2026-09-13T20:25:00.000Z,FanDuel,751.185143472,receptions,Aaron Jones - Total Receptions,,Aaron Jones,15353380,over,2.5,-120,1.833333333333333,0.5454545454545454,open,,,2026-09-09T18:23:06Z,,,,,v3-forward-measurement
ce70b91e-6ebd-428f-95f1-e4936a6c9f21,a9dc0c3a-ae4f-44d7-85c0-b2a895e34dd4,2026-09-09T18:23:06Z,FanDuel Sportsbook structured market feed,,VA,NFL,35610171,Green Bay Packers @ Minnesota Vikings,2026-09-13T20:25:00.000Z,FanDuel,751.185143472,receptions,Aaron Jones - Total Receptions,,Aaron Jones,15353381,under,2.5,-110,1.909090909090909,0.5238095238095238,open,,,2026-09-09T18:23:06Z,,,,,v3-forward-measurement
ce70b91e-6ebd-428f-95f1-e4936a6c9f21,123a2788-83fc-409c-82f2-e16890203c85,2026-09-09T18:23:06Z,FanDuel Sportsbook structured market feed,,VA,NFL,35610171,Green Bay Packers @ Minnesota Vikings,2026-09-13T20:25:00.000Z,FanDuel,751.183658232,receiving_yards,Tucker Kraft - Receiving Yds,,Tucker Kraft,60409170,over,45.5,-114,1.87719298245614,0.5327102803738317,open,,,2026-09-09T18:23:06Z,,,,,v3-forward-measurement
ce70b91e-6ebd-428f-95f1-e4936a6c9f21,e88fb7cf-dcb2-4c55-9fdf-a83a02c229fe,2026-09-09T18:23:06Z,FanDuel Sportsbook structured market feed,,VA,NFL,35610171,Green Bay Packers @ Minnesota Vikings,2026-09-13T20:25:00.000Z,FanDuel,751.183658232,receiving_yards,Tucker Kraft - Receiving Yds,,Tucker Kraft,60409164,under,45.5,-114,1.87719298245614,0.5327102803738317,open,,,2026-09-09T18:23:06Z,,,,,v3-forward-measurement
ce70b91e-6ebd-428f-95f1-e4936a6c9f21,4be94d4e-662e-4945-8aa0-5f2f3b3d1ab7,2026-09-09T18:23:06Z,FanDuel Sportsbook structured market feed,,VA,NFL,35610171,Green Bay Packers @ Minnesota Vikings,2026-09-13T20:25:00.000Z,FanDuel,751.183658231,receiving_yards,Matthew Golden - Receiving Yds,,Matthew Golden,48504748,over,39.5,-114,1.87719298245614,0.5327102803738317,open,,,2026-09-09T18:23:06Z,,,,,v3-forward-measurement
ce70b91e-6ebd-428f-95f1-e4936a6c9f21,e82e7a5d-62ed-4d55-bf91-725492a9ffe5,2026-09-09T18:23:06Z,FanDuel Sportsbook structured market feed,,VA,NFL,35610171,Green Bay Packers @ Minnesota Vikings,2026-09-13T20:25:00.000Z,FanDuel,751.183658231,receiving_yards,Matthew Golden - Receiving Yds,,Matthew Golden,48504749,under,39.5,-114,1.87719298245614,0.5327102803738317,open,,,2026-09-09T18:23:06Z,,,,,v3-forward-measurement
ce70b91e-6ebd-428f-95f1-e4936a6c9f21,41cc0ff5-4dfb-43b8-8dfe-3593918b9574,2026-09-09T18:23:06Z,FanDuel Sportsbook structured market feed,,VA,NFL,35610171,Green Bay Packers @ Minnesota Vikings,2026-09-13T20:25:00.000Z,FanDuel,751.183658233,receptions,Jauan Jennings - Total Receptions,,Jauan Jennings,40913497,over,2.5,134,2.34,0.42735042735042733,open,,,2026-09-09T18:23:06Z,,,,,v3-forward-measurement
ce70b91e-6ebd-428f-95f1-e4936a6c9f21,f494b07c-ce2e-4052-b684-15a628116279,2026-09-09T18:23:06Z,FanDuel Sportsbook structured market feed,,VA,NFL,35610171,Green Bay Packers @ Minnesota Vikings,2026-09-13T20:25:00.000Z,FanDuel,751.183658233,receptions,Jauan Jennings - Total Receptions,,Jauan Jennings,40913496,under,2.5,-180,1.555555555555556,0.6428571428571429,open,,,2026-09-09T18:23:06Z,,,,,v3-forward-measurement
ce70b91e-6ebd-428f-95f1-e4936a6c9f21,acc9b7df-607d-4b17-86de-3affb6facf78,2026-09-09T18:23:06Z,FanDuel Sportsbook structured market feed,,VA,NFL,35610171,Green Bay Packers @ Minnesota Vikings,2026-09-13T20:25:00.000Z,FanDuel,751.183658235,receiving_yards,Jordan Addison - Receiving Yds,,Jordan Addison,41179872,over,42.5,-114,1.87719298245614,0.5327102803738317,open,,,2026-09-09T18:23:06Z,,,,,v3-forward-measurement
ce70b91e-6ebd-428f-95f1-e4936a6c9f21,8987ef35-9eee-441c-b40f-4ffb58c2102b,2026-09-09T18:23:06Z,FanDuel Sportsbook structured market feed,,VA,NFL,35610171,Green Bay Packers @ Minnesota Vikings,2026-09-13T20:25:00.000Z,FanDuel,751.183658235,receiving_yards,Jordan Addison - Receiving Yds,,Jordan Addison,41179871,under,42.5,-114,1.87719298245614,0.5327102803738317,open,,,2026-09-09T18:23:06Z,,,,,v3-forward-measurement
ce70b91e-6ebd-428f-95f1-e4936a6c9f21,364d0ea2-425b-4f62-bca3-966e54abc510,2026-09-09T18:23:06Z,FanDuel Sportsbook structured market feed,,VA,NFL,35610171,Green Bay Packers @ Minnesota Vikings,2026-09-13T20:25:00.000Z,FanDuel,751.185143469,receiving_yards,Aaron Jones - Receiving Yds,,Aaron Jones,15353380,over,14.5,-114,1.87719298245614,0.5327102803738317,open,,,2026-09-09T18:23:06Z,,,,,v3-forward-measurement
ce70b91e-6ebd-428f-95f1-e4936a6c9f21,d151fe90-6d11-4ccf-b532-09759152b208,2026-09-09T18:23:06Z,FanDuel Sportsbook structured market feed,,VA,NFL,35610171,Green Bay Packers @ Minnesota Vikings,2026-09-13T20:25:00.000Z,FanDuel,751.185143469,receiving_yards,Aaron Jones - Receiving Yds,,Aaron Jones,15353381,under,14.5,-114,1.87719298245614,0.5327102803738317,open,,,2026-09-09T18:23:06Z,,,,,v3-forward-measurement
ce70b91e-6ebd-428f-95f1-e4936a6c9f21,add5e811-cb78-4a16-b59f-093f022f5c7a,2026-09-09T18:23:06Z,FanDuel Sportsbook structured market feed,,VA,NFL,35610171,Green Bay Packers @ Minnesota Vikings,2026-09-13T20:25:00.000Z,FanDuel,751.185076858,receiving_yards,MarShawn Lloyd - Receiving Yds,,MarShawn Lloyd,48300723,over,10.5,-114,1.87719298245614,0.5327102803738317,open,,,2026-09-09T18:23:06Z,,,,,v3-forward-measurement
ce70b91e-6ebd-428f-95f1-e4936a6c9f21,aaf1ac17-d411-49ad-b806-0cd7e5871d4a,2026-09-09T18:23:06Z,FanDuel Sportsbook structured market feed,,VA,NFL,35610171,Green Bay Packers @ Minnesota Vikings,2026-09-13T20:25:00.000Z,FanDuel,751.185076858,receiving_yards,MarShawn Lloyd - Receiving Yds,,MarShawn Lloyd,48300722,under,10.5,-114,1.87719298245614,0.5327102803738317,open,,,2026-09-09T18:23:06Z,,,,,v3-forward-measurement
ce70b91e-6ebd-428f-95f1-e4936a6c9f21,4731da7b-ac76-43b8-8ca8-35fcad6d78ce,2026-09-09T18:23:06Z,FanDuel Sportsbook structured market feed,,VA,NFL,35610171,Green Bay Packers @ Minnesota Vikings,2026-09-13T20:25:00.000Z,FanDuel,751.185076854,receptions,MarShawn Lloyd - Total Receptions,,MarShawn Lloyd,48300723,over,1.5,-158,1.632911392405063,0.6124031007751938,open,,,2026-09-09T18:23:06Z,,,,,v3-forward-measurement
ce70b91e-6ebd-428f-95f1-e4936a6c9f21,df8e2631-fc8d-436f-89f8-cf93c151f0c9,2026-09-09T18:23:06Z,FanDuel Sportsbook structured market feed,,VA,NFL,35610171,Green Bay Packers @ Minnesota Vikings,2026-09-13T20:25:00.000Z,FanDuel,751.185076854,receptions,MarShawn Lloyd - Total Receptions,,MarShawn Lloyd,48300722,under,1.5,118,2.18,0.45871559633027525,open,,,2026-09-09T18:23:06Z,,,,,v3-forward-measurement
ce70b91e-6ebd-428f-95f1-e4936a6c9f21,a3a9cf04-7305-4c08-9470-4b9c7f53de20,2026-09-09T18:23:06Z,FanDuel Sportsbook structured market feed,,VA,NFL,35610171,Green Bay Packers @ Minnesota Vikings,2026-09-13T20:25:00.000Z,FanDuel,751.183658209,receiving_yards,Jauan Jennings - Receiving Yds,,Jauan Jennings,40913497,over,22.5,-114,1.87719298245614,0.5327102803738317,open,,,2026-09-09T18:23:06Z,,,,,v3-forward-measurement
ce70b91e-6ebd-428f-95f1-e4936a6c9f21,937f941d-38e3-4327-9c3e-32e7b1a8032e,2026-09-09T18:23:06Z,FanDuel Sportsbook structured market feed,,VA,NFL,35610171,Green Bay Packers @ Minnesota Vikings,2026-09-13T20:25:00.000Z,FanDuel,751.183658209,receiving_yards,Jauan Jennings - Receiving Yds,,Jauan Jennings,40913496,under,22.5,-114,1.87719298245614,0.5327102803738317,open,,,2026-09-09T18:23:06Z,,,,,v3-forward-measurement
ce70b91e-6ebd-428f-95f1-e4936a6c9f21,db47cbcc-c5b8-4720-b401-ddb12f7f366f,2026-09-09T18:23:06Z,FanDuel Sportsbook structured market feed,,VA,NFL,35610171,Green Bay Packers @ Minnesota Vikings,2026-09-13T20:25:00.000Z,FanDuel,751.183658214,receptions,Jayden Reed - Total Receptions,,Jayden Reed,40975117,over,3.5,-102,1.980392156862745,0.504950495049505,open,,,2026-09-09T18:23:06Z,,,,,v3-forward-measurement
ce70b91e-6ebd-428f-95f1-e4936a6c9f21,ab146a0c-6b1f-44c3-bdcd-e92b422bfbd8,2026-09-09T18:23:06Z,FanDuel Sportsbook structured market feed,,VA,NFL,35610171,Green Bay Packers @ Minnesota Vikings,2026-09-13T20:25:00.000Z,FanDuel,751.183658214,receptions,Jayden Reed - Total Receptions,,Jayden Reed,40975114,under,3.5,-130,1.769230769230769,0.5652173913043478,open,,,2026-09-09T18:23:06Z,,,,,v3-forward-measurement
ce70b91e-6ebd-428f-95f1-e4936a6c9f21,ab941a24-8f51-42af-b596-8c72ff7415cc,2026-09-09T18:23:06Z,FanDuel Sportsbook structured market feed,,VA,NFL,35610171,Green Bay Packers @ Minnesota Vikings,2026-09-13T20:25:00.000Z,FanDuel,751.183658215,receptions,Justin Jefferson - Total Receptions,,Justin Jefferson,36057836,over,5.5,-148,1.675675675675676,0.5967741935483871,open,,,2026-09-09T18:23:06Z,,,,,v3-forward-measurement
ce70b91e-6ebd-428f-95f1-e4936a6c9f21,c4885bf9-0604-4d2c-b354-bd42514e3cda,2026-09-09T18:23:06Z,FanDuel Sportsbook structured market feed,,VA,NFL,35610171,Green Bay Packers @ Minnesota Vikings,2026-09-13T20:25:00.000Z,FanDuel,751.183658215,receptions,Justin Jefferson - Total Receptions,,Justin Jefferson,36057837,under,5.5,112,2.12,0.4716981132075472,open,,,2026-09-09T18:23:06Z,,,,,v3-forward-measurement
ce70b91e-6ebd-428f-95f1-e4936a6c9f21,bae26fe0-ef4f-4fc3-b12d-43ac3ffd4667,2026-09-09T18:23:06Z,FanDuel Sportsbook structured market feed,,VA,NFL,35610171,Green Bay Packers @ Minnesota Vikings,2026-09-13T20:25:00.000Z,FanDuel,751.183877949,receiving_yards,T.J. Hockenson - Receiving Yds,,T.J. Hockenson,26049039,over,27.5,-114,1.87719298245614,0.5327102803738317,open,,,2026-09-09T18:23:06Z,,,,,v3-forward-measurement
ce70b91e-6ebd-428f-95f1-e4936a6c9f21,98fb6202-d959-49ef-86fa-aa500529e57f,2026-09-09T18:23:06Z,FanDuel Sportsbook structured market feed,,VA,NFL,35610171,Green Bay Packers @ Minnesota Vikings,2026-09-13T20:25:00.000Z,FanDuel,751.183877949,receiving_yards,T.J. Hockenson - Receiving Yds,,T.J. Hockenson,26049040,under,27.5,-114,1.87719298245614,0.5327102803738317,open,,,2026-09-09T18:23:06Z,,,,,v3-forward-measurement
ce70b91e-6ebd-428f-95f1-e4936a6c9f21,70a849f5-22a0-4cb0-9fea-ee2e6bde27d8,2026-09-09T18:23:06Z,FanDuel Sportsbook structured market feed,,VA,NFL,35610171,Green Bay Packers @ Minnesota Vikings,2026-09-13T20:25:00.000Z,FanDuel,751.183658218,receiving_yards,Jayden Reed - Receiving Yds,,Jayden Reed,40975117,over,39.5,-114,1.87719298245614,0.5327102803738317,open,,,2026-09-09T18:23:06Z,,,,,v3-forward-measurement
ce70b91e-6ebd-428f-95f1-e4936a6c9f21,d7045ddb-af74-4b67-b512-3e40b4191ad1,2026-09-09T18:23:06Z,FanDuel Sportsbook structured market feed,,VA,NFL,35610171,Green Bay Packers @ Minnesota Vikings,2026-09-13T20:25:00.000Z,FanDuel,751.183658218,receiving_yards,Jayden Reed - Receiving Yds,,Jayden Reed,40975114,under,39.5,-114,1.87719298245614,0.5327102803738317,open,,,2026-09-09T18:23:06Z,,,,,v3-forward-measurement
ce70b91e-6ebd-428f-95f1-e4936a6c9f21,bde6d09b-0ef7-414e-9c7f-4747136d0284,2026-09-09T18:23:06Z,FanDuel Sportsbook structured market feed,,VA,NFL,35610171,Green Bay Packers @ Minnesota Vikings,2026-09-13T20:25:00.000Z,FanDuel,751.183658217,receptions,Jordan Addison - Total Receptions,,Jordan Addison,41179872,over,3.5,102,2.02,0.49504950495049505,open,,,2026-09-09T18:23:06Z,,,,,v3-forward-measurement
ce70b91e-6ebd-428f-95f1-e4936a6c9f21,1304b6f4-a83e-4f8a-aee4-3185fbf4f158,2026-09-09T18:23:06Z,FanDuel Sportsbook structured market feed,,VA,NFL,35610171,Green Bay Packers @ Minnesota Vikings,2026-09-13T20:25:00.000Z,FanDuel,751.183658217,receptions,Jordan Addison - Total Receptions,,Jordan Addison,41179871,under,3.5,-136,1.735294117647059,0.576271186440678,open,,,2026-09-09T18:23:06Z,,,,,v3-forward-measurement
ce70b91e-6ebd-428f-95f1-e4936a6c9f21,1f8f54d0-2892-44d8-9961-1d82e79bc9eb,2026-09-09T18:23:06Z,FanDuel Sportsbook structured market feed,,VA,NFL,35610171,Green Bay Packers @ Minnesota Vikings,2026-09-13T20:25:00.000Z,FanDuel,751.183877947,receptions,T.J. Hockenson - Total Receptions,,T.J. Hockenson,26049039,over,3.5,-114,1.87719298245614,0.5327102803738317,open,,,2026-09-09T18:23:06Z,,,,,v3-forward-measurement
ce70b91e-6ebd-428f-95f1-e4936a6c9f21,3341bf45-70db-4fe6-b555-985517e7f308,2026-09-09T18:23:06Z,FanDuel Sportsbook structured market feed,,VA,NFL,35610171,Green Bay Packers @ Minnesota Vikings,2026-09-13T20:25:00.000Z,FanDuel,751.183877947,receptions,T.J. Hockenson - Total Receptions,,T.J. Hockenson,26049040,under,3.5,-114,1.87719298245614,0.5327102803738317,open,,,2026-09-09T18:23:06Z,,,,,v3-forward-measurement
2f4dd9cc-45cc-4167-b5d3-fe5618d6cea8,9cecf049-bd81-45f0-8f01-81f4c1ca520c,2026-09-09T18:23:06Z,FanDuel Sportsbook structured market feed,,VA,NFL,35610190,Baltimore Ravens @ Indianapolis Colts,2026-09-13T17:01:00.000Z,FanDuel,751.183833360,passing_yards,Lamar Jackson - Passing Yds,,Lamar Jackson,16579679,over,220.5,-114,1.87719298245614,0.5327102803738317,open,,,2026-09-09T18:23:06Z,,,,,v3-forward-measurement
2f4dd9cc-45cc-4167-b5d3-fe5618d6cea8,73ef6d80-8a96-45f2-bdfa-80045abef5a4,2026-09-09T18:23:06Z,FanDuel Sportsbook structured market feed,,VA,NFL,35610190,Baltimore Ravens @ Indianapolis Colts,2026-09-13T17:01:00.000Z,FanDuel,751.183833360,passing_yards,Lamar Jackson - Passing Yds,,Lamar Jackson,16579680,under,220.5,-114,1.87719298245614,0.5327102803738317,open,,,2026-09-09T18:23:06Z,,,,,v3-forward-measurement
2f4dd9cc-45cc-4167-b5d3-fe5618d6cea8,b6cc389e-c3a5-4b1f-a523-8e6915b5e897,2026-09-09T18:23:06Z,FanDuel Sportsbook structured market feed,,VA,NFL,35610190,Baltimore Ravens @ Indianapolis Colts,2026-09-13T17:01:00.000Z,FanDuel,751.183833515,passing_touchdowns,Lamar Jackson - Passing TDs,,Lamar Jackson,16579679,over,1.5,-110,1.909090909090909,0.5238095238095238,open,,,2026-09-09T18:23:06Z,,,,,v3-forward-measurement
2f4dd9cc-45cc-4167-b5d3-fe5618d6cea8,2c96a1b2-aa5f-4eb9-a0bd-8fc591da94ea,2026-09-09T18:23:06Z,FanDuel Sportsbook structured market feed,,VA,NFL,35610190,Baltimore Ravens @ Indianapolis Colts,2026-09-13T17:01:00.000Z,FanDuel,751.183833515,passing_touchdowns,Lamar Jackson - Passing TDs,,Lamar Jackson,16579680,under,1.5,-120,1.833333333333333,0.5454545454545454,open,,,2026-09-09T18:23:06Z,,,,,v3-forward-measurement
2f4dd9cc-45cc-4167-b5d3-fe5618d6cea8,8f868c6e-4a47-4173-90fc-eefa8d4ea36d,2026-09-09T18:23:06Z,FanDuel Sportsbook structured market feed,,VA,NFL,35610190,Baltimore Ravens @ Indianapolis Colts,2026-09-13T17:01:00.000Z,FanDuel,751.183833466,passing_touchdowns,Daniel Jones - Passing TDs,,Daniel Jones,16544555,over,1.5,136,2.36,0.423728813559322,open,,,2026-09-09T18:23:06Z,,,,,v3-forward-measurement
2f4dd9cc-45cc-4167-b5d3-fe5618d6cea8,aee7fe56-14ee-4f30-a5d5-a301a6b9d4ba,2026-09-09T18:23:06Z,FanDuel Sportsbook structured market feed,,VA,NFL,35610190,Baltimore Ravens @ Indianapolis Colts,2026-09-13T17:01:00.000Z,FanDuel,751.183833466,passing_touchdowns,Daniel Jones - Passing TDs,,Daniel Jones,16544556,under,1.5,-182,1.549450549450549,0.6453900709219859,open,,,2026-09-09T18:23:06Z,,,,,v3-forward-measurement
2f4dd9cc-45cc-4167-b5d3-fe5618d6cea8,06fc4d14-5b06-4e85-9b7b-c0196b799f1f,2026-09-09T18:23:06Z,FanDuel Sportsbook structured market feed,,VA,NFL,35610190,Baltimore Ravens @ Indianapolis Colts,2026-09-13T17:01:00.000Z,FanDuel,751.183833467,passing_yards,Daniel Jones - Passing Yds,,Daniel Jones,16544555,over,233.5,-114,1.87719298245614,0.5327102803738317,open,,,2026-09-09T18:23:06Z,,,,,v3-forward-measurement
2f4dd9cc-45cc-4167-b5d3-fe5618d6cea8,c7c10d3c-9ae7-4cd5-b973-aae8e03a1211,2026-09-09T18:23:06Z,FanDuel Sportsbook structured market feed,,VA,NFL,35610190,Baltimore Ravens @ Indianapolis Colts,2026-09-13T17:01:00.000Z,FanDuel,751.183833467,passing_yards,Daniel Jones - Passing Yds,,Daniel Jones,16544556,under,233.5,-114,1.87719298245614,0.5327102803738317,open,,,2026-09-09T18:23:06Z,,,,,v3-forward-measurement
c78b3890-cdcf-45b6-801b-f200386d49d7,bed77ef7-cb6e-4bcf-a965-43cce629efa1,2026-09-09T18:23:06Z,FanDuel Sportsbook structured market feed,,VA,NFL,35610190,Baltimore Ravens @ Indianapolis Colts,2026-09-13T17:01:00.000Z,FanDuel,751.185140881,rushing_yards,Daniel Jones - Rushing Yds,,Daniel Jones,16544555,over,11.5,-114,1.87719298245614,0.5327102803738317,open,,,2026-09-09T18:23:06Z,,,,,v3-forward-measurement
c78b3890-cdcf-45b6-801b-f200386d49d7,bc283475-b95e-49fa-b024-921c595ba0f2,2026-09-09T18:23:06Z,FanDuel Sportsbook structured market feed,,VA,NFL,35610190,Baltimore Ravens @ Indianapolis Colts,2026-09-13T17:01:00.000Z,FanDuel,751.185140881,rushing_yards,Daniel Jones - Rushing Yds,,Daniel Jones,16544556,under,11.5,-114,1.87719298245614,0.5327102803738317,open,,,2026-09-09T18:23:06Z,,,,,v3-forward-measurement
c78b3890-cdcf-45b6-801b-f200386d49d7,3c3b9baa-f1ab-4825-9884-78a0be740c65,2026-09-09T18:23:06Z,FanDuel Sportsbook structured market feed,,VA,NFL,35610190,Baltimore Ravens @ Indianapolis Colts,2026-09-13T17:01:00.000Z,FanDuel,751.183835471,rushing_yards,Derrick Henry - Rushing Yds,,Derrick Henry,12073825,over,80.5,-114,1.87719298245614,0.5327102803738317,open,,,2026-09-09T18:23:06Z,,,,,v3-forward-measurement
c78b3890-cdcf-45b6-801b-f200386d49d7,e6c29305-b178-42d6-9a0f-15be2ae07f6d,2026-09-09T18:23:06Z,FanDuel Sportsbook structured market feed,,VA,NFL,35610190,Baltimore Ravens @ Indianapolis Colts,2026-09-13T17:01:00.000Z,FanDuel,751.183835471,rushing_yards,Derrick Henry - Rushing Yds,,Derrick Henry,12073826,under,80.5,-114,1.87719298245614,0.5327102803738317,open,,,2026-09-09T18:23:06Z,,,,,v3-forward-measurement
c78b3890-cdcf-45b6-801b-f200386d49d7,e082e1ee-65e5-4194-ad16-f0f5f598d082,2026-09-09T18:23:06Z,FanDuel Sportsbook structured market feed,,VA,NFL,35610190,Baltimore Ravens @ Indianapolis Colts,2026-09-13T17:01:00.000Z,FanDuel,751.185182537,rushing_yards,Justice Hill - Rushing Yds,,Justice Hill,16552642,over,8.5,-114,1.87719298245614,0.5327102803738317,open,,,2026-09-09T18:23:06Z,,,,,v3-forward-measurement
c78b3890-cdcf-45b6-801b-f200386d49d7,6ffbd5bc-ea8f-49ee-bc9c-23e875ef0f0b,2026-09-09T18:23:06Z,FanDuel Sportsbook structured market feed,,VA,NFL,35610190,Baltimore Ravens @ Indianapolis Colts,2026-09-13T17:01:00.000Z,FanDuel,751.185182537,rushing_yards,Justice Hill - Rushing Yds,,Justice Hill,16552643,under,8.5,-114,1.87719298245614,0.5327102803738317,open,,,2026-09-09T18:23:06Z,,,,,v3-forward-measurement
c78b3890-cdcf-45b6-801b-f200386d49d7,fb5ee9db-ae95-4a56-b01b-7b12541c2faf,2026-09-09T18:23:06Z,FanDuel Sportsbook structured market feed,,VA,NFL,35610190,Baltimore Ravens @ Indianapolis Colts,2026-09-13T17:01:00.000Z,FanDuel,751.183835624,rushing_yards,Lamar Jackson - Rushing Yds,,Lamar Jackson,16579679,over,38.5,-114,1.87719298245614,0.5327102803738317,open,,,2026-09-09T18:23:06Z,,,,,v3-forward-measurement
c78b3890-cdcf-45b6-801b-f200386d49d7,badfe975-7cc0-4eaf-ae33-82a0554a7bbf,2026-09-09T18:23:06Z,FanDuel Sportsbook structured market feed,,VA,NFL,35610190,Baltimore Ravens @ Indianapolis Colts,2026-09-13T17:01:00.000Z,FanDuel,751.183835624,rushing_yards,Lamar Jackson - Rushing Yds,,Lamar Jackson,16579680,under,38.5,-114,1.87719298245614,0.5327102803738317,open,,,2026-09-09T18:23:06Z,,,,,v3-forward-measurement
c78b3890-cdcf-45b6-801b-f200386d49d7,30c06aef-252c-49c5-bf18-f6f7212ab4ac,2026-09-09T18:23:06Z,FanDuel Sportsbook structured market feed,,VA,NFL,35610190,Baltimore Ravens @ Indianapolis Colts,2026-09-13T17:01:00.000Z,FanDuel,751.183835364,rushing_yards,Jonathan Taylor - Rushing Yds,,Jonathan Taylor,16593213,over,76.5,-114,1.87719298245614,0.5327102803738317,open,,,2026-09-09T18:23:06Z,,,,,v3-forward-measurement
c78b3890-cdcf-45b6-801b-f200386d49d7,739dccc7-f3c8-4651-8571-dc1bf6ed0379,2026-09-09T18:23:06Z,FanDuel Sportsbook structured market feed,,VA,NFL,35610190,Baltimore Ravens @ Indianapolis Colts,2026-09-13T17:01:00.000Z,FanDuel,751.183835364,rushing_yards,Jonathan Taylor - Rushing Yds,,Jonathan Taylor,16593214,under,76.5,-114,1.87719298245614,0.5327102803738317,open,,,2026-09-09T18:23:06Z,,,,,v3-forward-measurement
d65cab31-13bd-43b7-8627-b51faca63f6d,d30d09b2-2771-45a1-ab1c-57cf0f790f66,2026-09-09T18:23:06Z,FanDuel Sportsbook structured market feed,,VA,NFL,35610190,Baltimore Ravens @ Indianapolis Colts,2026-09-13T17:01:00.000Z,FanDuel,751.184973077,receiving_yards,Josh Downs - Receiving Yds,,Josh Downs,41178410,over,46.5,-114,1.87719298245614,0.5327102803738317,open,,,2026-09-09T18:23:06Z,,,,,v3-forward-measurement
d65cab31-13bd-43b7-8627-b51faca63f6d,03cabd7d-74f6-49a2-8ea5-b381901823ec,2026-09-09T18:23:06Z,FanDuel Sportsbook structured market feed,,VA,NFL,35610190,Baltimore Ravens @ Indianapolis Colts,2026-09-13T17:01:00.000Z,FanDuel,751.184973077,receiving_yards,Josh Downs - Receiving Yds,,Josh Downs,41178411,under,46.5,-114,1.87719298245614,0.5327102803738317,open,,,2026-09-09T18:23:06Z,,,,,v3-forward-measurement
d65cab31-13bd-43b7-8627-b51faca63f6d,6504541c-6ef2-435b-978a-d8930c657062,2026-09-09T18:23:06Z,FanDuel Sportsbook structured market feed,,VA,NFL,35610190,Baltimore Ravens @ Indianapolis Colts,2026-09-13T17:01:00.000Z,FanDuel,751.184973071,receptions,Josh Downs - Total Receptions,,Josh Downs,41178410,over,4.5,124,2.24,0.44642857142857145,open,,,2026-09-09T18:23:06Z,,,,,v3-forward-measurement
d65cab31-13bd-43b7-8627-b51faca63f6d,a4702e0a-a76d-4340-828c-93236653d051,2026-09-09T18:23:06Z,FanDuel Sportsbook structured market feed,,VA,NFL,35610190,Baltimore Ravens @ Indianapolis Colts,2026-09-13T17:01:00.000Z,FanDuel,751.184973071,receptions,Josh Downs - Total Receptions,,Josh Downs,41178411,under,4.5,-166,1.602409638554217,0.6240601503759399,open,,,2026-09-09T18:23:06Z,,,,,v3-forward-measurement
d65cab31-13bd-43b7-8627-b51faca63f6d,e2c3172f-e2a2-4409-baa9-569febe23ca8,2026-09-09T18:23:06Z,FanDuel Sportsbook structured market feed,,VA,NFL,35610190,Baltimore Ravens @ Indianapolis Colts,2026-09-13T17:01:00.000Z,FanDuel,751.184969864,receptions,Rashod Bateman - Total Receptions,,Rashod Bateman,41197689,over,1.5,-205,1.48780487804878,0.6721311475409836,open,,,2026-09-09T18:23:06Z,,,,,v3-forward-measurement
d65cab31-13bd-43b7-8627-b51faca63f6d,9881b2a3-5915-4139-9c90-92712a97cce0,2026-09-09T18:23:06Z,FanDuel Sportsbook structured market feed,,VA,NFL,35610190,Baltimore Ravens @ Indianapolis Colts,2026-09-13T17:01:00.000Z,FanDuel,751.184969864,receptions,Rashod Bateman - Total Receptions,,Rashod Bateman,41197688,under,1.5,152,2.52,0.3968253968253968,open,,,2026-09-09T18:23:06Z,,,,,v3-forward-measurement
d65cab31-13bd-43b7-8627-b51faca63f6d,3c84d697-9df4-4da2-84e4-c1759014f981,2026-09-09T18:23:06Z,FanDuel Sportsbook structured market feed,,VA,NFL,35610190,Baltimore Ravens @ Indianapolis Colts,2026-09-13T17:01:00.000Z,FanDuel,751.184972924,receiving_yards,Alec Pierce - Receiving Yds,,Alec Pierce,42217015,over,46.5,-114,1.87719298245614,0.5327102803738317,open,,,2026-09-09T18:23:06Z,,,,,v3-forward-measurement
d65cab31-13bd-43b7-8627-b51faca63f6d,ade0e841-1280-4401-a30d-86d24c9f954b,2026-09-09T18:23:06Z,FanDuel Sportsbook structured market feed,,VA,NFL,35610190,Baltimore Ravens @ Indianapolis Colts,2026-09-13T17:01:00.000Z,FanDuel,751.184972924,receiving_yards,Alec Pierce - Receiving Yds,,Alec Pierce,42217014,under,46.5,-114,1.87719298245614,0.5327102803738317,open,,,2026-09-09T18:23:06Z,,,,,v3-forward-measurement
d65cab31-13bd-43b7-8627-b51faca63f6d,1275d6ed-13e8-490d-b3b2-e92279a0d98b,2026-09-09T18:23:06Z,FanDuel Sportsbook structured market feed,,VA,NFL,35610190,Baltimore Ravens @ Indianapolis Colts,2026-09-13T17:01:00.000Z,FanDuel,751.184969622,receiving_yards,Rashod Bateman - Receiving Yds,,Rashod Bateman,41197689,over,25.5,-114,1.87719298245614,0.5327102803738317,open,,,2026-09-09T18:23:06Z,,,,,v3-forward-measurement
d65cab31-13bd-43b7-8627-b51faca63f6d,96eb7a2c-7969-4085-9fc8-896ba2dd75bf,2026-09-09T18:23:06Z,FanDuel Sportsbook structured market feed,,VA,NFL,35610190,Baltimore Ravens @ Indianapolis Colts,2026-09-13T17:01:00.000Z,FanDuel,751.184969622,receiving_yards,Rashod Bateman - Receiving Yds,,Rashod Bateman,41197688,under,25.5,-114,1.87719298245614,0.5327102803738317,open,,,2026-09-09T18:23:06Z,,,,,v3-forward-measurement
d65cab31-13bd-43b7-8627-b51faca63f6d,7be723d6-e510-423d-9345-181b18cbc7b4,2026-09-09T18:23:06Z,FanDuel Sportsbook structured market feed,,VA,NFL,35610190,Baltimore Ravens @ Indianapolis Colts,2026-09-13T17:01:00.000Z,FanDuel,751.184973730,receptions,Tyler Warren - Total Receptions,,Tyler Warren,60780430,over,4.5,-130,1.769230769230769,0.5652173913043478,open,,,2026-09-09T18:23:06Z,,,,,v3-forward-measurement
d65cab31-13bd-43b7-8627-b51faca63f6d,aa5cf1ae-89c4-47ca-966e-d59bbc01bef0,2026-09-09T18:23:06Z,FanDuel Sportsbook structured market feed,,VA,NFL,35610190,Baltimore Ravens @ Indianapolis Colts,2026-09-13T17:01:00.000Z,FanDuel,751.184973730,receptions,Tyler Warren - Total Receptions,,Tyler Warren,60780432,under,4.5,-102,1.980392156862745,0.504950495049505,open,,,2026-09-09T18:23:06Z,,,,,v3-forward-measurement
d65cab31-13bd-43b7-8627-b51faca63f6d,82140e24-c802-40e5-92d0-4bd4eb30e147,2026-09-09T18:23:06Z,FanDuel Sportsbook structured market feed,,VA,NFL,35610190,Baltimore Ravens @ Indianapolis Colts,2026-09-13T17:01:00.000Z,FanDuel,751.183836389,receptions,Mark Andrews - Total Receptions,,Mark Andrews,16602460,over,3.5,116,2.16,0.46296296296296297,open,,,2026-09-09T18:23:06Z,,,,,v3-forward-measurement
d65cab31-13bd-43b7-8627-b51faca63f6d,3287c8d5-db21-487c-b848-ff2995ea2fd6,2026-09-09T18:23:06Z,FanDuel Sportsbook structured market feed,,VA,NFL,35610190,Baltimore Ravens @ Indianapolis Colts,2026-09-13T17:01:00.000Z,FanDuel,751.183836389,receptions,Mark Andrews - Total Receptions,,Mark Andrews,16602461,under,3.5,-154,1.649350649350649,0.6062992125984252,open,,,2026-09-09T18:23:06Z,,,,,v3-forward-measurement
d65cab31-13bd-43b7-8627-b51faca63f6d,e2fe14aa-dc21-4fa2-909a-2e09a9d6df23,2026-09-09T18:23:06Z,FanDuel Sportsbook structured market feed,,VA,NFL,35610190,Baltimore Ravens @ Indianapolis Colts,2026-09-13T17:01:00.000Z,FanDuel,751.183836167,receiving_yards,Zay Flowers - Receiving Yds,,Zay Flowers,41182052,over,63.5,-114,1.87719298245614,0.5327102803738317,open,,,2026-09-09T18:23:06Z,,,,,v3-forward-measurement
d65cab31-13bd-43b7-8627-b51faca63f6d,57150869-2691-4793-9167-e68f7e7e5602,2026-09-09T18:23:06Z,FanDuel Sportsbook structured market feed,,VA,NFL,35610190,Baltimore Ravens @ Indianapolis Colts,2026-09-13T17:01:00.000Z,FanDuel,751.183836167,receiving_yards,Zay Flowers - Receiving Yds,,Zay Flowers,41182053,under,63.5,-114,1.87719298245614,0.5327102803738317,open,,,2026-09-09T18:23:06Z,,,,,v3-forward-measurement
d65cab31-13bd-43b7-8627-b51faca63f6d,d45fba1e-1780-479b-b79b-383fa6646684,2026-09-09T18:23:06Z,FanDuel Sportsbook structured market feed,,VA,NFL,35610190,Baltimore Ravens @ Indianapolis Colts,2026-09-13T17:01:00.000Z,FanDuel,751.184971736,receiving_yards,Derrick Henry - Receiving Yds,,Derrick Henry,12073825,over,6.5,-114,1.87719298245614,0.5327102803738317,open,,,2026-09-09T18:23:06Z,,,,,v3-forward-measurement
d65cab31-13bd-43b7-8627-b51faca63f6d,9afeac42-f1d6-48b6-b70f-616e12c89d0d,2026-09-09T18:23:06Z,FanDuel Sportsbook structured market feed,,VA,NFL,35610190,Baltimore Ravens @ Indianapolis Colts,2026-09-13T17:01:00.000Z,FanDuel,751.184971736,receiving_yards,Derrick Henry - Receiving Yds,,Derrick Henry,12073826,under,6.5,-114,1.87719298245614,0.5327102803738317,open,,,2026-09-09T18:23:06Z,,,,,v3-forward-measurement
d65cab31-13bd-43b7-8627-b51faca63f6d,0c5de4a6-b939-4343-8ccc-51cead5ad5da,2026-09-09T18:23:06Z,FanDuel Sportsbook structured market feed,,VA,NFL,35610190,Baltimore Ravens @ Indianapolis Colts,2026-09-13T17:01:00.000Z,FanDuel,751.183836388,receiving_yards,Mark Andrews - Receiving Yds,,Mark Andrews,16602460,over,34.5,-114,1.87719298245614,0.5327102803738317,open,,,2026-09-09T18:23:06Z,,,,,v3-forward-measurement
d65cab31-13bd-43b7-8627-b51faca63f6d,48c35a2e-d4c2-4eee-aeaa-10a5c7733edc,2026-09-09T18:23:06Z,FanDuel Sportsbook structured market feed,,VA,NFL,35610190,Baltimore Ravens @ Indianapolis Colts,2026-09-13T17:01:00.000Z,FanDuel,751.183836388,receiving_yards,Mark Andrews - Receiving Yds,,Mark Andrews,16602461,under,34.5,-114,1.87719298245614,0.5327102803738317,open,,,2026-09-09T18:23:06Z,,,,,v3-forward-measurement
d65cab31-13bd-43b7-8627-b51faca63f6d,eb6fe5b3-a778-4f96-bb16-bdda350ed366,2026-09-09T18:23:06Z,FanDuel Sportsbook structured market feed,,VA,NFL,35610190,Baltimore Ravens @ Indianapolis Colts,2026-09-13T17:01:00.000Z,FanDuel,751.185139865,receptions,Jonathan Taylor - Total Receptions,,Jonathan Taylor,16593213,over,2.5,-162,1.617283950617284,0.6183206106870229,open,,,2026-09-09T18:23:06Z,,,,,v3-forward-measurement
d65cab31-13bd-43b7-8627-b51faca63f6d,e4d8ef32-449b-436f-864c-efc115daa2b9,2026-09-09T18:23:06Z,FanDuel Sportsbook structured market feed,,VA,NFL,35610190,Baltimore Ravens @ Indianapolis Colts,2026-09-13T17:01:00.000Z,FanDuel,751.185139865,receptions,Jonathan Taylor - Total Receptions,,Jonathan Taylor,16593214,under,2.5,122,2.22,0.45045045045045046,open,,,2026-09-09T18:23:06Z,,,,,v3-forward-measurement
d65cab31-13bd-43b7-8627-b51faca63f6d,c5f03d5c-b802-4b17-8ee7-3f543a0c96bb,2026-09-09T18:23:06Z,FanDuel Sportsbook structured market feed,,VA,NFL,35610190,Baltimore Ravens @ Indianapolis Colts,2026-09-13T17:01:00.000Z,FanDuel,751.185139863,receiving_yards,Jonathan Taylor - Receiving Yds,,Jonathan Taylor,16593213,over,18.5,-114,1.87719298245614,0.5327102803738317,open,,,2026-09-09T18:23:06Z,,,,,v3-forward-measurement
d65cab31-13bd-43b7-8627-b51faca63f6d,a380ee0b-11c9-47d8-bfc2-694bde47eb53,2026-09-09T18:23:06Z,FanDuel Sportsbook structured market feed,,VA,NFL,35610190,Baltimore Ravens @ Indianapolis Colts,2026-09-13T17:01:00.000Z,FanDuel,751.185139863,receiving_yards,Jonathan Taylor - Receiving Yds,,Jonathan Taylor,16593214,under,18.5,-114,1.87719298245614,0.5327102803738317,open,,,2026-09-09T18:23:06Z,,,,,v3-forward-measurement
d65cab31-13bd-43b7-8627-b51faca63f6d,20e2354c-65d1-45b3-b04c-c9ca2b6b18ee,2026-09-09T18:23:06Z,FanDuel Sportsbook structured market feed,,VA,NFL,35610190,Baltimore Ravens @ Indianapolis Colts,2026-09-13T17:01:00.000Z,FanDuel,751.185182535,receiving_yards,Justice Hill - Receiving Yds,,Justice Hill,16552642,over,11.5,-114,1.87719298245614,0.5327102803738317,open,,,2026-09-09T18:23:06Z,,,,,v3-forward-measurement
d65cab31-13bd-43b7-8627-b51faca63f6d,d57682eb-0644-4057-9d8b-ddcf444cde2c,2026-09-09T18:23:06Z,FanDuel Sportsbook structured market feed,,VA,NFL,35610190,Baltimore Ravens @ Indianapolis Colts,2026-09-13T17:01:00.000Z,FanDuel,751.185182535,receiving_yards,Justice Hill - Receiving Yds,,Justice Hill,16552643,under,11.5,-114,1.87719298245614,0.5327102803738317,open,,,2026-09-09T18:23:06Z,,,,,v3-forward-measurement
d65cab31-13bd-43b7-8627-b51faca63f6d,a7ce4451-688e-4066-a155-c4e2c79e70db,2026-09-09T18:23:06Z,FanDuel Sportsbook structured market feed,,VA,NFL,35610190,Baltimore Ravens @ Indianapolis Colts,2026-09-13T17:01:00.000Z,FanDuel,751.184970775,receptions,Ja'Kobi Lane - Total Receptions,,Ja'Kobi Lane,102523756,over,1.5,-136,1.735294117647059,0.576271186440678,open,,,2026-09-09T18:23:06Z,,,,,v3-forward-measurement
d65cab31-13bd-43b7-8627-b51faca63f6d,ad226c34-7cdf-4660-a636-159356b35804,2026-09-09T18:23:06Z,FanDuel Sportsbook structured market feed,,VA,NFL,35610190,Baltimore Ravens @ Indianapolis Colts,2026-09-13T17:01:00.000Z,FanDuel,751.184970775,receptions,Ja'Kobi Lane - Total Receptions,,Ja'Kobi Lane,102523752,under,1.5,102,2.02,0.49504950495049505,open,,,2026-09-09T18:23:06Z,,,,,v3-forward-measurement
d65cab31-13bd-43b7-8627-b51faca63f6d,dce61b77-ba19-4141-a6d4-7ea289bc8919,2026-09-09T18:23:06Z,FanDuel Sportsbook structured market feed,,VA,NFL,35610190,Baltimore Ravens @ Indianapolis Colts,2026-09-13T17:01:00.000Z,FanDuel,751.184973728,receiving_yards,Tyler Warren - Receiving Yds,,Tyler Warren,60780430,over,45.5,-114,1.87719298245614,0.5327102803738317,open,,,2026-09-09T18:23:06Z,,,,,v3-forward-measurement
d65cab31-13bd-43b7-8627-b51faca63f6d,a6f90183-5b76-4df3-8ff2-5569f4e35d34,2026-09-09T18:23:06Z,FanDuel Sportsbook structured market feed,,VA,NFL,35610190,Baltimore Ravens @ Indianapolis Colts,2026-09-13T17:01:00.000Z,FanDuel,751.184973728,receiving_yards,Tyler Warren - Receiving Yds,,Tyler Warren,60780432,under,45.5,-114,1.87719298245614,0.5327102803738317,open,,,2026-09-09T18:23:06Z,,,,,v3-forward-measurement
d65cab31-13bd-43b7-8627-b51faca63f6d,04d1b9d2-a513-4dc0-90ed-982398a47d0a,2026-09-09T18:23:06Z,FanDuel Sportsbook structured market feed,,VA,NFL,35610190,Baltimore Ravens @ Indianapolis Colts,2026-09-13T17:01:00.000Z,FanDuel,751.185104206,receptions,Derrick Henry - Total Receptions,,Derrick Henry,12073825,over,1.5,172,2.72,0.36764705882352944,open,,,2026-09-09T18:23:06Z,,,,,v3-forward-measurement
d65cab31-13bd-43b7-8627-b51faca63f6d,5d65df1d-1941-4f4b-8c89-11ea56e6cb91,2026-09-09T18:23:06Z,FanDuel Sportsbook structured market feed,,VA,NFL,35610190,Baltimore Ravens @ Indianapolis Colts,2026-09-13T17:01:00.000Z,FanDuel,751.185104206,receptions,Derrick Henry - Total Receptions,,Derrick Henry,12073826,under,1.5,-235,1.425531914893617,0.7014925373134329,open,,,2026-09-09T18:23:06Z,,,,,v3-forward-measurement
d65cab31-13bd-43b7-8627-b51faca63f6d,9144e797-8451-405c-919f-8424a378a171,2026-09-09T18:23:06Z,FanDuel Sportsbook structured market feed,,VA,NFL,35610190,Baltimore Ravens @ Indianapolis Colts,2026-09-13T17:01:00.000Z,FanDuel,751.183836173,receptions,Zay Flowers - Total Receptions,,Zay Flowers,41182052,over,4.5,-172,1.581395348837209,0.6323529411764706,open,,,2026-09-09T18:23:06Z,,,,,v3-forward-measurement
d65cab31-13bd-43b7-8627-b51faca63f6d,c2c36d24-9ebc-4a91-9f0f-6c6f8eab9b42,2026-09-09T18:23:06Z,FanDuel Sportsbook structured market feed,,VA,NFL,35610190,Baltimore Ravens @ Indianapolis Colts,2026-09-13T17:01:00.000Z,FanDuel,751.183836173,receptions,Zay Flowers - Total Receptions,,Zay Flowers,41182053,under,4.5,128,2.28,0.43859649122807015,open,,,2026-09-09T18:23:06Z,,,,,v3-forward-measurement
d65cab31-13bd-43b7-8627-b51faca63f6d,2017c568-2bb2-49d9-96b0-b6ae1943ac4f,2026-09-09T18:23:06Z,FanDuel Sportsbook structured market feed,,VA,NFL,35610190,Baltimore Ravens @ Indianapolis Colts,2026-09-13T17:01:00.000Z,FanDuel,751.184970770,receiving_yards,Ja'Kobi Lane - Receiving Yds,,Ja'Kobi Lane,102523756,over,19.5,-114,1.87719298245614,0.5327102803738317,open,,,2026-09-09T18:23:06Z,,,,,v3-forward-measurement
d65cab31-13bd-43b7-8627-b51faca63f6d,21ae86d4-f92f-40bb-9c65-6085679fff88,2026-09-09T18:23:06Z,FanDuel Sportsbook structured market feed,,VA,NFL,35610190,Baltimore Ravens @ Indianapolis Colts,2026-09-13T17:01:00.000Z,FanDuel,751.184970770,receiving_yards,Ja'Kobi Lane - Receiving Yds,,Ja'Kobi Lane,102523752,under,19.5,-114,1.87719298245614,0.5327102803738317,open,,,2026-09-09T18:23:06Z,,,,,v3-forward-measurement
d65cab31-13bd-43b7-8627-b51faca63f6d,d5aeb830-2ee3-4443-84b3-9e18c5c2964b,2026-09-09T18:23:06Z,FanDuel Sportsbook structured market feed,,VA,NFL,35610190,Baltimore Ravens @ Indianapolis Colts,2026-09-13T17:01:00.000Z,FanDuel,751.185253688,receptions,Justice Hill - Total Receptions,,Justice Hill,16552642,over,2.5,144,2.44,0.4098360655737705,open,,,2026-09-09T18:23:06Z,,,,,v3-forward-measurement
d65cab31-13bd-43b7-8627-b51faca63f6d,7ebbaa81-4966-4219-855f-7e2dadbaf696,2026-09-09T18:23:06Z,FanDuel Sportsbook structured market feed,,VA,NFL,35610190,Baltimore Ravens @ Indianapolis Colts,2026-09-13T17:01:00.000Z,FanDuel,751.185253688,receptions,Justice Hill - Total Receptions,,Justice Hill,16552643,under,2.5,-194,1.515463917525773,0.6598639455782312,open,,,2026-09-09T18:23:06Z,,,,,v3-forward-measurement
d65cab31-13bd-43b7-8627-b51faca63f6d,365cdde1-595d-4a79-b12f-cf9541576fae,2026-09-09T18:23:06Z,FanDuel Sportsbook structured market feed,,VA,NFL,35610190,Baltimore Ravens @ Indianapolis Colts,2026-09-13T17:01:00.000Z,FanDuel,751.184972933,receptions,Alec Pierce - Total Receptions,,Alec Pierce,42217015,over,3.5,106,2.06,0.4854368932038835,open,,,2026-09-09T18:23:06Z,,,,,v3-forward-measurement
d65cab31-13bd-43b7-8627-b51faca63f6d,b143f70f-469c-4e09-8171-40ebaa966f04,2026-09-09T18:23:06Z,FanDuel Sportsbook structured market feed,,VA,NFL,35610190,Baltimore Ravens @ Indianapolis Colts,2026-09-13T17:01:00.000Z,FanDuel,751.184972933,receptions,Alec Pierce - Total Receptions,,Alec Pierce,42217014,under,3.5,-140,1.714285714285714,0.5833333333333334,open,,,2026-09-09T18:23:06Z,,,,,v3-forward-measurement
