capture_id,quote_id,captured_at,source,source_updated_at,state,sport,event_id,event_name,kickoff,book,market_id,market_type,market_name,player_id,player_name,selection_id,selection,line,american_price,decimal_price,implied_probability,quote_status,opening_line,opening_price,first_observed,closing_line,closing_price,result,net_units,model_version
1c861522-03bf-4026-9d97-2029d53cc311,d86a078d-0d3b-4d81-aca6-2e52a1e4336d,2026-09-10T00:15:37Z,FanDuel Sportsbook structured market feed,,VA,NFL,35596943,Dallas Cowboys @ New York Giants,2026-09-14T00:20:00.000Z,FanDuel,751.183007431,passing_touchdowns,Jaxson Dart - Passing TDs,,Jaxson Dart,41788833,over,1.5,134,2.34,0.42735042735042733,open,,,2026-09-10T00:15:37Z,,,,,v3-forward-measurement
1c861522-03bf-4026-9d97-2029d53cc311,3fcf6933-68aa-4f9b-a79f-fe747f57e581,2026-09-10T00:15:37Z,FanDuel Sportsbook structured market feed,,VA,NFL,35596943,Dallas Cowboys @ New York Giants,2026-09-14T00:20:00.000Z,FanDuel,751.183007431,passing_touchdowns,Jaxson Dart - Passing TDs,,Jaxson Dart,41788834,under,1.5,-180,1.555555555555556,0.6428571428571429,open,,,2026-09-10T00:15:37Z,,,,,v3-forward-measurement
1c861522-03bf-4026-9d97-2029d53cc311,a15c2b58-46f8-472d-b379-843ffac60cbb,2026-09-10T00:15:37Z,FanDuel Sportsbook structured market feed,,VA,NFL,35596943,Dallas Cowboys @ New York Giants,2026-09-14T00:20:00.000Z,FanDuel,751.183007477,passing_yards,Dak Prescott - Passing Yds,,Dak Prescott,11889993,over,260.5,-114,1.87719298245614,0.5327102803738317,open,,,2026-09-10T00:15:37Z,,,,,v3-forward-measurement
1c861522-03bf-4026-9d97-2029d53cc311,8e24f314-3aa9-4f8f-9c6a-44544e78a865,2026-09-10T00:15:37Z,FanDuel Sportsbook structured market feed,,VA,NFL,35596943,Dallas Cowboys @ New York Giants,2026-09-14T00:20:00.000Z,FanDuel,751.183007477,passing_yards,Dak Prescott - Passing Yds,,Dak Prescott,11889992,under,260.5,-114,1.87719298245614,0.5327102803738317,open,,,2026-09-10T00:15:37Z,,,,,v3-forward-measurement
1c861522-03bf-4026-9d97-2029d53cc311,ab84f2ba-6a5e-4a14-a871-3e63a553e7ef,2026-09-10T00:15:37Z,FanDuel Sportsbook structured market feed,,VA,NFL,35596943,Dallas Cowboys @ New York Giants,2026-09-14T00:20:00.000Z,FanDuel,751.183007451,passing_yards,Jaxson Dart - Passing Yds,,Jaxson Dart,41788833,over,217.5,-114,1.87719298245614,0.5327102803738317,open,,,2026-09-10T00:15:37Z,,,,,v3-forward-measurement
1c861522-03bf-4026-9d97-2029d53cc311,b2ff41db-1678-436a-b629-b1effab87747,2026-09-10T00:15:37Z,FanDuel Sportsbook structured market feed,,VA,NFL,35596943,Dallas Cowboys @ New York Giants,2026-09-14T00:20:00.000Z,FanDuel,751.183007451,passing_yards,Jaxson Dart - Passing Yds,,Jaxson Dart,41788834,under,217.5,-114,1.87719298245614,0.5327102803738317,open,,,2026-09-10T00:15:37Z,,,,,v3-forward-measurement
1c861522-03bf-4026-9d97-2029d53cc311,f9eba68d-47ca-4cf4-84fa-6d1179809858,2026-09-10T00:15:37Z,FanDuel Sportsbook structured market feed,,VA,NFL,35596943,Dallas Cowboys @ New York Giants,2026-09-14T00:20:00.000Z,FanDuel,751.183007524,passing_touchdowns,Dak Prescott - Passing TDs,,Dak Prescott,11889993,over,1.5,-138,1.72463768115942,0.5798319327731093,open,,,2026-09-10T00:15:37Z,,,,,v3-forward-measurement
1c861522-03bf-4026-9d97-2029d53cc311,7a8e5d11-97d1-4984-bdc6-cbd80488d545,2026-09-10T00:15:37Z,FanDuel Sportsbook structured market feed,,VA,NFL,35596943,Dallas Cowboys @ New York Giants,2026-09-14T00:20:00.000Z,FanDuel,751.183007524,passing_touchdowns,Dak Prescott - Passing TDs,,Dak Prescott,11889992,under,1.5,104,2.04,0.49019607843137253,open,,,2026-09-10T00:15:37Z,,,,,v3-forward-measurement
1db4d9bd-4a16-4eff-b615-b85c3398ee3d,197c1f0d-6485-452b-adb1-24aae26cde29,2026-09-10T00:15:37Z,FanDuel Sportsbook structured market feed,,VA,NFL,35596943,Dallas Cowboys @ New York Giants,2026-09-14T00:20:00.000Z,FanDuel,751.183016259,rushing_yards,Jaxson Dart - Rushing Yds,,Jaxson Dart,41788833,over,28.5,-114,1.87719298245614,0.5327102803738317,open,,,2026-09-10T00:15:37Z,,,,,v3-forward-measurement
1db4d9bd-4a16-4eff-b615-b85c3398ee3d,42a19436-2329-43a1-b90a-cabaac5a4c6d,2026-09-10T00:15:37Z,FanDuel Sportsbook structured market feed,,VA,NFL,35596943,Dallas Cowboys @ New York Giants,2026-09-14T00:20:00.000Z,FanDuel,751.183016259,rushing_yards,Jaxson Dart - Rushing Yds,,Jaxson Dart,41788834,under,28.5,-114,1.87719298245614,0.5327102803738317,open,,,2026-09-10T00:15:37Z,,,,,v3-forward-measurement
1db4d9bd-4a16-4eff-b615-b85c3398ee3d,5876bd2c-9d81-4f0f-bd9f-8084f7cf00c5,2026-09-10T00:15:37Z,FanDuel Sportsbook structured market feed,,VA,NFL,35596943,Dallas Cowboys @ New York Giants,2026-09-14T00:20:00.000Z,FanDuel,751.185544787,rushing_yards,Malik Davis - Rushing Yds,,Malik Davis,41172959,over,13.5,-114,1.87719298245614,0.5327102803738317,open,,,2026-09-10T00:15:37Z,,,,,v3-forward-measurement
1db4d9bd-4a16-4eff-b615-b85c3398ee3d,33c8688e-a707-4edf-a474-a5415e09f9dd,2026-09-10T00:15:37Z,FanDuel Sportsbook structured market feed,,VA,NFL,35596943,Dallas Cowboys @ New York Giants,2026-09-14T00:20:00.000Z,FanDuel,751.185544787,rushing_yards,Malik Davis - Rushing Yds,,Malik Davis,41172958,under,13.5,-114,1.87719298245614,0.5327102803738317,open,,,2026-09-10T00:15:37Z,,,,,v3-forward-measurement
1db4d9bd-4a16-4eff-b615-b85c3398ee3d,b949cd31-54d2-4bc2-9e63-2dad717ea6e9,2026-09-10T00:15:37Z,FanDuel Sportsbook structured market feed,,VA,NFL,35596943,Dallas Cowboys @ New York Giants,2026-09-14T00:20:00.000Z,FanDuel,751.184988882,rushing_yards,Cam Skattebo - Rushing Yds,,Cam Skattebo,88246528,over,50.5,-114,1.87719298245614,0.5327102803738317,open,,,2026-09-10T00:15:37Z,,,,,v3-forward-measurement
1db4d9bd-4a16-4eff-b615-b85c3398ee3d,96b0f1b5-8c33-4ffe-b4ab-1429234764d4,2026-09-10T00:15:37Z,FanDuel Sportsbook structured market feed,,VA,NFL,35596943,Dallas Cowboys @ New York Giants,2026-09-14T00:20:00.000Z,FanDuel,751.184988882,rushing_yards,Cam Skattebo - Rushing Yds,,Cam Skattebo,88246518,under,50.5,-114,1.87719298245614,0.5327102803738317,open,,,2026-09-10T00:15:37Z,,,,,v3-forward-measurement
1db4d9bd-4a16-4eff-b615-b85c3398ee3d,d8b68cfc-cc30-4b99-8c69-987421bb901d,2026-09-10T00:15:37Z,FanDuel Sportsbook structured market feed,,VA,NFL,35596943,Dallas Cowboys @ New York Giants,2026-09-14T00:20:00.000Z,FanDuel,751.183016262,rushing_yards,Javonte Williams - Rushing Yds,,Javonte Williams,40891106,over,73.5,-114,1.87719298245614,0.5327102803738317,open,,,2026-09-10T00:15:37Z,,,,,v3-forward-measurement
1db4d9bd-4a16-4eff-b615-b85c3398ee3d,b35e8783-6f98-49bf-8b7d-fde364f58150,2026-09-10T00:15:37Z,FanDuel Sportsbook structured market feed,,VA,NFL,35596943,Dallas Cowboys @ New York Giants,2026-09-14T00:20:00.000Z,FanDuel,751.183016262,rushing_yards,Javonte Williams - Rushing Yds,,Javonte Williams,40891107,under,73.5,-114,1.87719298245614,0.5327102803738317,open,,,2026-09-10T00:15:37Z,,,,,v3-forward-measurement
1db4d9bd-4a16-4eff-b615-b85c3398ee3d,79f9d9f9-632a-4979-9270-77c266f7c18c,2026-09-10T00:15:37Z,FanDuel Sportsbook structured market feed,,VA,NFL,35596943,Dallas Cowboys @ New York Giants,2026-09-14T00:20:00.000Z,FanDuel,751.184989087,rushing_yards,Dak Prescott - Rushing Yds,,Dak Prescott,11889993,over,7.5,-114,1.87719298245614,0.5327102803738317,open,,,2026-09-10T00:15:37Z,,,,,v3-forward-measurement
1db4d9bd-4a16-4eff-b615-b85c3398ee3d,911a1f13-4e6f-4c9e-981e-8c86286bc6cc,2026-09-10T00:15:37Z,FanDuel Sportsbook structured market feed,,VA,NFL,35596943,Dallas Cowboys @ New York Giants,2026-09-14T00:20:00.000Z,FanDuel,751.184989087,rushing_yards,Dak Prescott - Rushing Yds,,Dak Prescott,11889992,under,7.5,-114,1.87719298245614,0.5327102803738317,open,,,2026-09-10T00:15:37Z,,,,,v3-forward-measurement
682d8319-c401-4c9d-9ce7-886ddba648f2,31f74966-2224-442f-a3ae-1197a4e45f46,2026-09-10T00:15:37Z,FanDuel Sportsbook structured market feed,,VA,NFL,35596943,Dallas Cowboys @ New York Giants,2026-09-14T00:20:00.000Z,FanDuel,751.185434183,receptions,Malachi Fields - Total Receptions,,Malachi Fields,59997472,over,2.5,134,2.34,0.42735042735042733,open,,,2026-09-10T00:15:37Z,,,,,v3-forward-measurement
682d8319-c401-4c9d-9ce7-886ddba648f2,e8fb737b-9569-4efd-bd98-d058bece878a,2026-09-10T00:15:37Z,FanDuel Sportsbook structured market feed,,VA,NFL,35596943,Dallas Cowboys @ New York Giants,2026-09-14T00:20:00.000Z,FanDuel,751.185434183,receptions,Malachi Fields - Total Receptions,,Malachi Fields,59997467,under,2.5,-180,1.555555555555556,0.6428571428571429,open,,,2026-09-10T00:15:37Z,,,,,v3-forward-measurement
682d8319-c401-4c9d-9ce7-886ddba648f2,79157829-8a40-475c-833e-da5fc99293aa,2026-09-10T00:15:37Z,FanDuel Sportsbook structured market feed,,VA,NFL,35596943,Dallas Cowboys @ New York Giants,2026-09-14T00:20:00.000Z,FanDuel,751.184988868,receiving_yards,Cam Skattebo - Receiving Yds,,Cam Skattebo,88246528,over,15.5,-114,1.87719298245614,0.5327102803738317,open,,,2026-09-10T00:15:37Z,,,,,v3-forward-measurement
682d8319-c401-4c9d-9ce7-886ddba648f2,56924c2c-35f4-44b1-afd1-76de1a400545,2026-09-10T00:15:37Z,FanDuel Sportsbook structured market feed,,VA,NFL,35596943,Dallas Cowboys @ New York Giants,2026-09-14T00:20:00.000Z,FanDuel,751.184988868,receiving_yards,Cam Skattebo - Receiving Yds,,Cam Skattebo,88246518,under,15.5,-114,1.87719298245614,0.5327102803738317,open,,,2026-09-10T00:15:37Z,,,,,v3-forward-measurement
682d8319-c401-4c9d-9ce7-886ddba648f2,6ab1bf55-1fd0-46ac-9a48-df1958d2c94a,2026-09-10T00:15:37Z,FanDuel Sportsbook structured market feed,,VA,NFL,35596943,Dallas Cowboys @ New York Giants,2026-09-14T00:20:00.000Z,FanDuel,751.184987956,receptions,Jake Ferguson - Total Receptions,,Jake Ferguson,41072316,over,3.5,-106,1.943396226415094,0.5145631067961165,open,,,2026-09-10T00:15:37Z,,,,,v3-forward-measurement
682d8319-c401-4c9d-9ce7-886ddba648f2,f6aadf18-a0c0-4f2f-99cf-c86dde96ee6d,2026-09-10T00:15:37Z,FanDuel Sportsbook structured market feed,,VA,NFL,35596943,Dallas Cowboys @ New York Giants,2026-09-14T00:20:00.000Z,FanDuel,751.184987956,receptions,Jake Ferguson - Total Receptions,,Jake Ferguson,41072318,under,3.5,-125,1.8,0.5555555555555556,open,,,2026-09-10T00:15:37Z,,,,,v3-forward-measurement
682d8319-c401-4c9d-9ce7-886ddba648f2,f61979eb-805c-42a4-afbd-9e8d7594fe55,2026-09-10T00:15:37Z,FanDuel Sportsbook structured market feed,,VA,NFL,35596943,Dallas Cowboys @ New York Giants,2026-09-14T00:20:00.000Z,FanDuel,751.183009497,receptions,CeeDee Lamb - Total Receptions,,CeeDee Lamb,35952241,over,6.5,116,2.16,0.46296296296296297,open,,,2026-09-10T00:15:37Z,,,,,v3-forward-measurement
682d8319-c401-4c9d-9ce7-886ddba648f2,1aaf293e-0efc-408d-9869-5169b7fa81d3,2026-09-10T00:15:37Z,FanDuel Sportsbook structured market feed,,VA,NFL,35596943,Dallas Cowboys @ New York Giants,2026-09-14T00:20:00.000Z,FanDuel,751.183009497,receptions,CeeDee Lamb - Total Receptions,,CeeDee Lamb,35952242,under,6.5,-154,1.649350649350649,0.6062992125984252,open,,,2026-09-10T00:15:37Z,,,,,v3-forward-measurement
682d8319-c401-4c9d-9ce7-886ddba648f2,e0062b9b-3e70-4e1c-b6af-896ae39cd86c,2026-09-10T00:15:37Z,FanDuel Sportsbook structured market feed,,VA,NFL,35596943,Dallas Cowboys @ New York Giants,2026-09-14T00:20:00.000Z,FanDuel,751.183009498,receiving_yards,CeeDee Lamb - Receiving Yds,,CeeDee Lamb,35952241,over,76.5,-114,1.87719298245614,0.5327102803738317,open,,,2026-09-10T00:15:37Z,,,,,v3-forward-measurement
682d8319-c401-4c9d-9ce7-886ddba648f2,8167f775-ffc7-4579-b04d-f978c6f8f40d,2026-09-10T00:15:37Z,FanDuel Sportsbook structured market feed,,VA,NFL,35596943,Dallas Cowboys @ New York Giants,2026-09-14T00:20:00.000Z,FanDuel,751.183009498,receiving_yards,CeeDee Lamb - Receiving Yds,,CeeDee Lamb,35952242,under,76.5,-114,1.87719298245614,0.5327102803738317,open,,,2026-09-10T00:15:37Z,,,,,v3-forward-measurement
682d8319-c401-4c9d-9ce7-886ddba648f2,a146c04d-397d-4eb2-b349-8c03eba1405f,2026-09-10T00:15:37Z,FanDuel Sportsbook structured market feed,,VA,NFL,35596943,Dallas Cowboys @ New York Giants,2026-09-14T00:20:00.000Z,FanDuel,751.184988881,receptions,Cam Skattebo - Total Receptions,,Cam Skattebo,88246528,over,2.5,116,2.16,0.46296296296296297,open,,,2026-09-10T00:15:37Z,,,,,v3-forward-measurement
682d8319-c401-4c9d-9ce7-886ddba648f2,41d5f15c-cee4-4b85-8544-5ffaadbc81e5,2026-09-10T00:15:37Z,FanDuel Sportsbook structured market feed,,VA,NFL,35596943,Dallas Cowboys @ New York Giants,2026-09-14T00:20:00.000Z,FanDuel,751.184988881,receptions,Cam Skattebo - Total Receptions,,Cam Skattebo,88246518,under,2.5,-154,1.649350649350649,0.6062992125984252,open,,,2026-09-10T00:15:37Z,,,,,v3-forward-measurement
682d8319-c401-4c9d-9ce7-886ddba648f2,25e6958c-86d0-4780-b210-37c2e744a3d5,2026-09-10T00:15:37Z,FanDuel Sportsbook structured market feed,,VA,NFL,35596943,Dallas Cowboys @ New York Giants,2026-09-14T00:20:00.000Z,FanDuel,751.184988563,receptions,Isaiah Likely - Total Receptions,,Isaiah Likely,42088270,over,3.5,116,2.16,0.46296296296296297,open,,,2026-09-10T00:15:37Z,,,,,v3-forward-measurement
682d8319-c401-4c9d-9ce7-886ddba648f2,9a8e7cc8-cce1-4050-bca6-c2e8228e884c,2026-09-10T00:15:37Z,FanDuel Sportsbook structured market feed,,VA,NFL,35596943,Dallas Cowboys @ New York Giants,2026-09-14T00:20:00.000Z,FanDuel,751.184988563,receptions,Isaiah Likely - Total Receptions,,Isaiah Likely,42088269,under,3.5,-154,1.649350649350649,0.6062992125984252,open,,,2026-09-10T00:15:37Z,,,,,v3-forward-measurement
682d8319-c401-4c9d-9ce7-886ddba648f2,90e788df-8ec6-4f13-b184-7b5dc0ef89b9,2026-09-10T00:15:37Z,FanDuel Sportsbook structured market feed,,VA,NFL,35596943,Dallas Cowboys @ New York Giants,2026-09-14T00:20:00.000Z,FanDuel,751.184987950,receiving_yards,Jake Ferguson - Receiving Yds,,Jake Ferguson,41072316,over,28.5,-114,1.87719298245614,0.5327102803738317,open,,,2026-09-10T00:15:37Z,,,,,v3-forward-measurement
682d8319-c401-4c9d-9ce7-886ddba648f2,c4f89579-432e-4c24-8987-63b6c866da46,2026-09-10T00:15:37Z,FanDuel Sportsbook structured market feed,,VA,NFL,35596943,Dallas Cowboys @ New York Giants,2026-09-14T00:20:00.000Z,FanDuel,751.184987950,receiving_yards,Jake Ferguson - Receiving Yds,,Jake Ferguson,41072318,under,28.5,-114,1.87719298245614,0.5327102803738317,open,,,2026-09-10T00:15:37Z,,,,,v3-forward-measurement
682d8319-c401-4c9d-9ce7-886ddba648f2,b5305677-0c3b-467c-a065-3c0b0a8c054b,2026-09-10T00:15:37Z,FanDuel Sportsbook structured market feed,,VA,NFL,35596943,Dallas Cowboys @ New York Giants,2026-09-14T00:20:00.000Z,FanDuel,751.183012162,receptions,George Pickens - Total Receptions,,George Pickens,42217164,over,5.5,124,2.24,0.44642857142857145,open,,,2026-09-10T00:15:37Z,,,,,v3-forward-measurement
682d8319-c401-4c9d-9ce7-886ddba648f2,91b30221-b71b-442d-bd62-7460d7fa3d08,2026-09-10T00:15:37Z,FanDuel Sportsbook structured market feed,,VA,NFL,35596943,Dallas Cowboys @ New York Giants,2026-09-14T00:20:00.000Z,FanDuel,751.183012162,receptions,George Pickens - Total Receptions,,George Pickens,42217165,under,5.5,-166,1.602409638554217,0.6240601503759399,open,,,2026-09-10T00:15:37Z,,,,,v3-forward-measurement
682d8319-c401-4c9d-9ce7-886ddba648f2,60ee557a-a692-413a-bced-c88b89156da4,2026-09-10T00:15:37Z,FanDuel Sportsbook structured market feed,,VA,NFL,35596943,Dallas Cowboys @ New York Giants,2026-09-14T00:20:00.000Z,FanDuel,751.183012163,receiving_yards,George Pickens - Receiving Yds,,George Pickens,42217164,over,69.5,-114,1.87719298245614,0.5327102803738317,open,,,2026-09-10T00:15:37Z,,,,,v3-forward-measurement
682d8319-c401-4c9d-9ce7-886ddba648f2,fa0a42fb-c555-4d11-aea9-a620b9366545,2026-09-10T00:15:37Z,FanDuel Sportsbook structured market feed,,VA,NFL,35596943,Dallas Cowboys @ New York Giants,2026-09-14T00:20:00.000Z,FanDuel,751.183012163,receiving_yards,George Pickens - Receiving Yds,,George Pickens,42217165,under,69.5,-114,1.87719298245614,0.5327102803738317,open,,,2026-09-10T00:15:37Z,,,,,v3-forward-measurement
682d8319-c401-4c9d-9ce7-886ddba648f2,6a33d787-d61c-44c9-b04b-7f0ab7d0b70a,2026-09-10T00:15:37Z,FanDuel Sportsbook structured market feed,,VA,NFL,35596943,Dallas Cowboys @ New York Giants,2026-09-14T00:20:00.000Z,FanDuel,751.185434196,receiving_yards,Malachi Fields - Receiving Yds,,Malachi Fields,59997472,over,21.5,-114,1.87719298245614,0.5327102803738317,open,,,2026-09-10T00:15:37Z,,,,,v3-forward-measurement
682d8319-c401-4c9d-9ce7-886ddba648f2,b5c41c3d-fdd0-4983-a2c2-2f6170f55b80,2026-09-10T00:15:37Z,FanDuel Sportsbook structured market feed,,VA,NFL,35596943,Dallas Cowboys @ New York Giants,2026-09-14T00:20:00.000Z,FanDuel,751.185434196,receiving_yards,Malachi Fields - Receiving Yds,,Malachi Fields,59997467,under,21.5,-114,1.87719298245614,0.5327102803738317,open,,,2026-09-10T00:15:37Z,,,,,v3-forward-measurement
682d8319-c401-4c9d-9ce7-886ddba648f2,b3a38148-6838-4e7d-8c61-4aef558fc958,2026-09-10T00:15:37Z,FanDuel Sportsbook structured market feed,,VA,NFL,35596943,Dallas Cowboys @ New York Giants,2026-09-14T00:20:00.000Z,FanDuel,751.183013304,receiving_yards,Malik Nabers - Receiving Yds,,Malik Nabers,42258641,over,60.5,-114,1.87719298245614,0.5327102803738317,open,,,2026-09-10T00:15:37Z,,,,,v3-forward-measurement
682d8319-c401-4c9d-9ce7-886ddba648f2,3f6c8b63-ff90-4703-acd0-50c2de0ee2f3,2026-09-10T00:15:37Z,FanDuel Sportsbook structured market feed,,VA,NFL,35596943,Dallas Cowboys @ New York Giants,2026-09-14T00:20:00.000Z,FanDuel,751.183013304,receiving_yards,Malik Nabers - Receiving Yds,,Malik Nabers,42258643,under,60.5,-114,1.87719298245614,0.5327102803738317,open,,,2026-09-10T00:15:37Z,,,,,v3-forward-measurement
682d8319-c401-4c9d-9ce7-886ddba648f2,9e4c789b-2343-4f35-a795-b587fa184546,2026-09-10T00:15:37Z,FanDuel Sportsbook structured market feed,,VA,NFL,35596943,Dallas Cowboys @ New York Giants,2026-09-14T00:20:00.000Z,FanDuel,751.183013303,receptions,Malik Nabers - Total Receptions,,Malik Nabers,42258641,over,5.5,120,2.2,0.45454545454545453,open,,,2026-09-10T00:15:37Z,,,,,v3-forward-measurement
682d8319-c401-4c9d-9ce7-886ddba648f2,34d291a5-2162-4bc1-9e8a-85682bded201,2026-09-10T00:15:37Z,FanDuel Sportsbook structured market feed,,VA,NFL,35596943,Dallas Cowboys @ New York Giants,2026-09-14T00:20:00.000Z,FanDuel,751.183013303,receptions,Malik Nabers - Total Receptions,,Malik Nabers,42258643,under,5.5,-160,1.625,0.6153846153846154,open,,,2026-09-10T00:15:37Z,,,,,v3-forward-measurement
682d8319-c401-4c9d-9ce7-886ddba648f2,54416b45-f8eb-4398-9271-c059de59f199,2026-09-10T00:15:37Z,FanDuel Sportsbook structured market feed,,VA,NFL,35596943,Dallas Cowboys @ New York Giants,2026-09-14T00:20:00.000Z,FanDuel,751.184988559,receiving_yards,Isaiah Likely - Receiving Yds,,Isaiah Likely,42088270,over,34.5,-114,1.87719298245614,0.5327102803738317,open,,,2026-09-10T00:15:37Z,,,,,v3-forward-measurement
682d8319-c401-4c9d-9ce7-886ddba648f2,33d1b0cf-1925-43a5-84c1-e1bb97d8ab33,2026-09-10T00:15:37Z,FanDuel Sportsbook structured market feed,,VA,NFL,35596943,Dallas Cowboys @ New York Giants,2026-09-14T00:20:00.000Z,FanDuel,751.184988559,receiving_yards,Isaiah Likely - Receiving Yds,,Isaiah Likely,42088269,under,34.5,-114,1.87719298245614,0.5327102803738317,open,,,2026-09-10T00:15:37Z,,,,,v3-forward-measurement
682d8319-c401-4c9d-9ce7-886ddba648f2,5cf5def7-be69-47b9-babc-8ff7a45dc03b,2026-09-10T00:15:37Z,FanDuel Sportsbook structured market feed,,VA,NFL,35596943,Dallas Cowboys @ New York Giants,2026-09-14T00:20:00.000Z,FanDuel,751.184988177,receiving_yards,Javonte Williams - Receiving Yds,,Javonte Williams,40891106,over,9.5,-114,1.87719298245614,0.5327102803738317,open,,,2026-09-10T00:15:37Z,,,,,v3-forward-measurement
682d8319-c401-4c9d-9ce7-886ddba648f2,0fa50262-f5b1-4bff-8010-92540a31bb31,2026-09-10T00:15:37Z,FanDuel Sportsbook structured market feed,,VA,NFL,35596943,Dallas Cowboys @ New York Giants,2026-09-14T00:20:00.000Z,FanDuel,751.184988177,receiving_yards,Javonte Williams - Receiving Yds,,Javonte Williams,40891107,under,9.5,-114,1.87719298245614,0.5327102803738317,open,,,2026-09-10T00:15:37Z,,,,,v3-forward-measurement
682d8319-c401-4c9d-9ce7-886ddba648f2,ae8a100e-5bfd-4121-a287-be2089da7e70,2026-09-10T00:15:37Z,FanDuel Sportsbook structured market feed,,VA,NFL,35596943,Dallas Cowboys @ New York Giants,2026-09-14T00:20:00.000Z,FanDuel,751.184988179,receptions,Javonte Williams - Total Receptions,,Javonte Williams,40891106,over,2.5,154,2.54,0.3937007874015748,open,,,2026-09-10T00:15:37Z,,,,,v3-forward-measurement
682d8319-c401-4c9d-9ce7-886ddba648f2,e930a4ee-4e3a-45cd-b9f9-6ce4dffe068e,2026-09-10T00:15:37Z,FanDuel Sportsbook structured market feed,,VA,NFL,35596943,Dallas Cowboys @ New York Giants,2026-09-14T00:20:00.000Z,FanDuel,751.184988179,receptions,Javonte Williams - Total Receptions,,Javonte Williams,40891107,under,2.5,-210,1.476190476190476,0.6774193548387096,open,,,2026-09-10T00:15:37Z,,,,,v3-forward-measurement
682d8319-c401-4c9d-9ce7-886ddba648f2,e699c6ef-918b-49ca-9928-52a552a91e76,2026-09-10T00:15:37Z,FanDuel Sportsbook structured market feed,,VA,NFL,35596943,Dallas Cowboys @ New York Giants,2026-09-14T00:20:00.000Z,FanDuel,751.184820301,receiving_yards,Odell Beckham Jr. - Receiving Yds,,Odell Beckham Jr.,25909418,over,10.5,-114,1.87719298245614,0.5327102803738317,open,,,2026-09-10T00:15:37Z,,,,,v3-forward-measurement
682d8319-c401-4c9d-9ce7-886ddba648f2,8dd38a54-44cd-46e2-9563-82df4740c667,2026-09-10T00:15:37Z,FanDuel Sportsbook structured market feed,,VA,NFL,35596943,Dallas Cowboys @ New York Giants,2026-09-14T00:20:00.000Z,FanDuel,751.184820301,receiving_yards,Odell Beckham Jr. - Receiving Yds,,Odell Beckham Jr.,25909419,under,10.5,-114,1.87719298245614,0.5327102803738317,open,,,2026-09-10T00:15:37Z,,,,,v3-forward-measurement
5be7ed1d-33f6-4c0b-82a8-d1c0c2e704b6,32993bb5-e0a4-40e1-bb5d-7322a18bd5f0,2026-09-10T00:15:37Z,FanDuel Sportsbook structured market feed,,VA,NFL,35596960,San Francisco 49ers @ Los Angeles Rams,2026-09-11T00:35:00.000Z,FanDuel,751.182142326,passing_touchdowns,Brock Purdy - Passing TDs,,Brock Purdy,41074310,over,1.5,100,2,0.5,open,,,2026-09-10T00:15:37Z,,,,,v3-forward-measurement
5be7ed1d-33f6-4c0b-82a8-d1c0c2e704b6,22ea711a-c285-4acb-a061-aad4f9f46f7b,2026-09-10T00:15:37Z,FanDuel Sportsbook structured market feed,,VA,NFL,35596960,San Francisco 49ers @ Los Angeles Rams,2026-09-11T00:35:00.000Z,FanDuel,751.182142326,passing_touchdowns,Brock Purdy - Passing TDs,,Brock Purdy,41074309,under,1.5,-132,1.757575757575758,0.5689655172413793,open,,,2026-09-10T00:15:37Z,,,,,v3-forward-measurement
5be7ed1d-33f6-4c0b-82a8-d1c0c2e704b6,aa428632-03ad-475b-af17-46fb5f580767,2026-09-10T00:15:37Z,FanDuel Sportsbook structured market feed,,VA,NFL,35596960,San Francisco 49ers @ Los Angeles Rams,2026-09-11T00:35:00.000Z,FanDuel,751.182142327,passing_yards,Matthew Stafford - Passing Yds,,Matthew Stafford,11889883,over,263.5,-114,1.87719298245614,0.5327102803738317,open,,,2026-09-10T00:15:37Z,,,,,v3-forward-measurement
5be7ed1d-33f6-4c0b-82a8-d1c0c2e704b6,ed5613f0-3d30-4378-bc1a-18079ea9d0f8,2026-09-10T00:15:37Z,FanDuel Sportsbook structured market feed,,VA,NFL,35596960,San Francisco 49ers @ Los Angeles Rams,2026-09-11T00:35:00.000Z,FanDuel,751.182142327,passing_yards,Matthew Stafford - Passing Yds,,Matthew Stafford,11889882,under,263.5,-114,1.87719298245614,0.5327102803738317,open,,,2026-09-10T00:15:37Z,,,,,v3-forward-measurement
5be7ed1d-33f6-4c0b-82a8-d1c0c2e704b6,7d6ef4df-fbc1-4efd-bbf8-e9bdf41b0c2c,2026-09-10T00:15:37Z,FanDuel Sportsbook structured market feed,,VA,NFL,35596960,San Francisco 49ers @ Los Angeles Rams,2026-09-11T00:35:00.000Z,FanDuel,751.182142297,passing_yards,Brock Purdy - Passing Yds,,Brock Purdy,41074310,over,243.5,-114,1.87719298245614,0.5327102803738317,open,,,2026-09-10T00:15:37Z,,,,,v3-forward-measurement
5be7ed1d-33f6-4c0b-82a8-d1c0c2e704b6,b2f15a80-4e62-44df-9107-148fb7942cf7,2026-09-10T00:15:37Z,FanDuel Sportsbook structured market feed,,VA,NFL,35596960,San Francisco 49ers @ Los Angeles Rams,2026-09-11T00:35:00.000Z,FanDuel,751.182142297,passing_yards,Brock Purdy - Passing Yds,,Brock Purdy,41074309,under,243.5,-114,1.87719298245614,0.5327102803738317,open,,,2026-09-10T00:15:37Z,,,,,v3-forward-measurement
5be7ed1d-33f6-4c0b-82a8-d1c0c2e704b6,75f58727-4798-4243-b569-3bebd1502cf1,2026-09-10T00:15:37Z,FanDuel Sportsbook structured market feed,,VA,NFL,35596960,San Francisco 49ers @ Los Angeles Rams,2026-09-11T00:35:00.000Z,FanDuel,751.182142225,passing_touchdowns,Matthew Stafford - Passing TDs,,Matthew Stafford,11889883,over,1.5,-154,1.649350649350649,0.6062992125984252,open,,,2026-09-10T00:15:37Z,,,,,v3-forward-measurement
5be7ed1d-33f6-4c0b-82a8-d1c0c2e704b6,b680c8f3-6ff3-4a42-b783-a0426be965df,2026-09-10T00:15:37Z,FanDuel Sportsbook structured market feed,,VA,NFL,35596960,San Francisco 49ers @ Los Angeles Rams,2026-09-11T00:35:00.000Z,FanDuel,751.182142225,passing_touchdowns,Matthew Stafford - Passing TDs,,Matthew Stafford,11889882,under,1.5,116,2.16,0.46296296296296297,open,,,2026-09-10T00:15:37Z,,,,,v3-forward-measurement
baca2535-6464-47e1-bed7-6afab9254af4,0f72bcc8-37f0-4e74-969f-7c835a33df4f,2026-09-10T00:15:37Z,FanDuel Sportsbook structured market feed,,VA,NFL,35596960,San Francisco 49ers @ Los Angeles Rams,2026-09-11T00:35:00.000Z,FanDuel,751.182146210,rushing_yards,Brock Purdy - Rushing Yds,,Brock Purdy,41074310,over,17.5,-114,1.87719298245614,0.5327102803738317,open,,,2026-09-10T00:15:37Z,,,,,v3-forward-measurement
baca2535-6464-47e1-bed7-6afab9254af4,f83dfcd7-112b-4c18-a5cc-dac42617baef,2026-09-10T00:15:37Z,FanDuel Sportsbook structured market feed,,VA,NFL,35596960,San Francisco 49ers @ Los Angeles Rams,2026-09-11T00:35:00.000Z,FanDuel,751.182146210,rushing_yards,Brock Purdy - Rushing Yds,,Brock Purdy,41074309,under,17.5,-114,1.87719298245614,0.5327102803738317,open,,,2026-09-10T00:15:37Z,,,,,v3-forward-measurement
baca2535-6464-47e1-bed7-6afab9254af4,cc5c56b5-bd38-44c0-b67a-b1404ec828ca,2026-09-10T00:15:37Z,FanDuel Sportsbook structured market feed,,VA,NFL,35596960,San Francisco 49ers @ Los Angeles Rams,2026-09-11T00:35:00.000Z,FanDuel,751.185239157,rushing_yards,Puka Nacua - Rushing Yds,,Puka Nacua,41887349,over,2.5,102,2.02,0.49504950495049505,open,,,2026-09-10T00:15:37Z,,,,,v3-forward-measurement
baca2535-6464-47e1-bed7-6afab9254af4,7aeb1ce4-3e96-4aa5-a77e-507b186651fa,2026-09-10T00:15:37Z,FanDuel Sportsbook structured market feed,,VA,NFL,35596960,San Francisco 49ers @ Los Angeles Rams,2026-09-11T00:35:00.000Z,FanDuel,751.185239157,rushing_yards,Puka Nacua - Rushing Yds,,Puka Nacua,41887350,under,2.5,-132,1.757575757575758,0.5689655172413793,open,,,2026-09-10T00:15:37Z,,,,,v3-forward-measurement
baca2535-6464-47e1-bed7-6afab9254af4,67cd8641-5adc-484e-ba05-a336963e5947,2026-09-10T00:15:37Z,FanDuel Sportsbook structured market feed,,VA,NFL,35596960,San Francisco 49ers @ Los Angeles Rams,2026-09-11T00:35:00.000Z,FanDuel,751.184968313,rushing_yards,Matthew Stafford - Rushing Yds,,Matthew Stafford,11889883,over,0.5,154,2.54,0.3937007874015748,open,,,2026-09-10T00:15:37Z,,,,,v3-forward-measurement
baca2535-6464-47e1-bed7-6afab9254af4,14ea94b7-490b-43f6-8ac1-79cf4d973367,2026-09-10T00:15:37Z,FanDuel Sportsbook structured market feed,,VA,NFL,35596960,San Francisco 49ers @ Los Angeles Rams,2026-09-11T00:35:00.000Z,FanDuel,751.184968313,rushing_yards,Matthew Stafford - Rushing Yds,,Matthew Stafford,11889882,under,0.5,-205,1.48780487804878,0.6721311475409836,open,,,2026-09-10T00:15:37Z,,,,,v3-forward-measurement
baca2535-6464-47e1-bed7-6afab9254af4,adedec0b-ee60-4610-8b3c-d35920c0a53b,2026-09-10T00:15:37Z,FanDuel Sportsbook structured market feed,,VA,NFL,35596960,San Francisco 49ers @ Los Angeles Rams,2026-09-11T00:35:00.000Z,FanDuel,751.182144553,rushing_yards,Blake Corum - Rushing Yds,,Blake Corum,41072425,over,44.5,-114,1.87719298245614,0.5327102803738317,open,,,2026-09-10T00:15:37Z,,,,,v3-forward-measurement
baca2535-6464-47e1-bed7-6afab9254af4,c0dd62bc-76aa-47ee-bd0a-8fffe9afccde,2026-09-10T00:15:37Z,FanDuel Sportsbook structured market feed,,VA,NFL,35596960,San Francisco 49ers @ Los Angeles Rams,2026-09-11T00:35:00.000Z,FanDuel,751.182144553,rushing_yards,Blake Corum - Rushing Yds,,Blake Corum,41072423,under,44.5,-114,1.87719298245614,0.5327102803738317,open,,,2026-09-10T00:15:37Z,,,,,v3-forward-measurement
baca2535-6464-47e1-bed7-6afab9254af4,dd2b402b-e205-4921-918c-57fbc6f3d3aa,2026-09-10T00:15:37Z,FanDuel Sportsbook structured market feed,,VA,NFL,35596960,San Francisco 49ers @ Los Angeles Rams,2026-09-11T00:35:00.000Z,FanDuel,751.182144124,rushing_yards,Christian McCaffrey - Rushing Yds,,Christian McCaffrey,14807737,over,59.5,-114,1.87719298245614,0.5327102803738317,open,,,2026-09-10T00:15:37Z,,,,,v3-forward-measurement
baca2535-6464-47e1-bed7-6afab9254af4,ef91fab8-42b6-4d2f-b864-f095836bbcb9,2026-09-10T00:15:37Z,FanDuel Sportsbook structured market feed,,VA,NFL,35596960,San Francisco 49ers @ Los Angeles Rams,2026-09-11T00:35:00.000Z,FanDuel,751.182144124,rushing_yards,Christian McCaffrey - Rushing Yds,,Christian McCaffrey,14807736,under,59.5,-114,1.87719298245614,0.5327102803738317,open,,,2026-09-10T00:15:37Z,,,,,v3-forward-measurement
baca2535-6464-47e1-bed7-6afab9254af4,08cd5ddf-e3d4-408e-9eb7-11df773d1d18,2026-09-10T00:15:37Z,FanDuel Sportsbook structured market feed,,VA,NFL,35596960,San Francisco 49ers @ Los Angeles Rams,2026-09-11T00:35:00.000Z,FanDuel,751.182144353,rushing_yards,Kyren Williams - Rushing Yds,,Kyren Williams,37541915,over,55.5,-114,1.87719298245614,0.5327102803738317,open,,,2026-09-10T00:15:37Z,,,,,v3-forward-measurement
baca2535-6464-47e1-bed7-6afab9254af4,4eef18bd-82c3-4e42-8957-eb879c23e684,2026-09-10T00:15:37Z,FanDuel Sportsbook structured market feed,,VA,NFL,35596960,San Francisco 49ers @ Los Angeles Rams,2026-09-11T00:35:00.000Z,FanDuel,751.182144353,rushing_yards,Kyren Williams - Rushing Yds,,Kyren Williams,37541914,under,55.5,-114,1.87719298245614,0.5327102803738317,open,,,2026-09-10T00:15:37Z,,,,,v3-forward-measurement
3e1b526c-32b7-42ae-abab-a080c061b424,2555f525-afab-4d3e-b5a2-0d6a8c22eabf,2026-09-10T00:15:37Z,FanDuel Sportsbook structured market feed,,VA,NFL,35596960,San Francisco 49ers @ Los Angeles Rams,2026-09-11T00:35:00.000Z,FanDuel,751.182144092,receptions,Christian McCaffrey - Total Receptions,,Christian McCaffrey,14807737,over,4.5,-102,1.980392156862745,0.504950495049505,open,,,2026-09-10T00:15:37Z,,,,,v3-forward-measurement
3e1b526c-32b7-42ae-abab-a080c061b424,a32c7631-54fd-4b9b-9978-0e3a2ed6c711,2026-09-10T00:15:37Z,FanDuel Sportsbook structured market feed,,VA,NFL,35596960,San Francisco 49ers @ Los Angeles Rams,2026-09-11T00:35:00.000Z,FanDuel,751.182144092,receptions,Christian McCaffrey - Total Receptions,,Christian McCaffrey,14807736,under,4.5,-130,1.769230769230769,0.5652173913043478,open,,,2026-09-10T00:15:37Z,,,,,v3-forward-measurement
3e1b526c-32b7-42ae-abab-a080c061b424,9a9060db-5d2e-425f-bf3d-e2320ee1042e,2026-09-10T00:15:37Z,FanDuel Sportsbook structured market feed,,VA,NFL,35596960,San Francisco 49ers @ Los Angeles Rams,2026-09-11T00:35:00.000Z,FanDuel,751.182144099,receiving_yards,Christian McCaffrey - Receiving Yds,,Christian McCaffrey,14807737,over,38.5,-114,1.87719298245614,0.5327102803738317,open,,,2026-09-10T00:15:37Z,,,,,v3-forward-measurement
3e1b526c-32b7-42ae-abab-a080c061b424,b96a7c64-8e06-4bd9-a050-7fde1523229a,2026-09-10T00:15:37Z,FanDuel Sportsbook structured market feed,,VA,NFL,35596960,San Francisco 49ers @ Los Angeles Rams,2026-09-11T00:35:00.000Z,FanDuel,751.182144099,receiving_yards,Christian McCaffrey - Receiving Yds,,Christian McCaffrey,14807736,under,38.5,-114,1.87719298245614,0.5327102803738317,open,,,2026-09-10T00:15:37Z,,,,,v3-forward-measurement
3e1b526c-32b7-42ae-abab-a080c061b424,987a4914-5552-4abe-bebc-36e4b1571d24,2026-09-10T00:15:37Z,FanDuel Sportsbook structured market feed,,VA,NFL,35596960,San Francisco 49ers @ Los Angeles Rams,2026-09-11T00:35:00.000Z,FanDuel,751.182145106,receptions,Mike Evans - Total Receptions,,Mike Evans,11802513,over,3.5,-132,1.757575757575758,0.5689655172413793,open,,,2026-09-10T00:15:37Z,,,,,v3-forward-measurement
3e1b526c-32b7-42ae-abab-a080c061b424,af29f24a-8719-4796-bc4c-517d84dde92d,2026-09-10T00:15:37Z,FanDuel Sportsbook structured market feed,,VA,NFL,35596960,San Francisco 49ers @ Los Angeles Rams,2026-09-11T00:35:00.000Z,FanDuel,751.182145106,receptions,Mike Evans - Total Receptions,,Mike Evans,11802512,under,3.5,100,2,0.5,open,,,2026-09-10T00:15:37Z,,,,,v3-forward-measurement
3e1b526c-32b7-42ae-abab-a080c061b424,7ff71607-0fd7-4931-a18d-6fb91a563a2e,2026-09-10T00:15:37Z,FanDuel Sportsbook structured market feed,,VA,NFL,35596960,San Francisco 49ers @ Los Angeles Rams,2026-09-11T00:35:00.000Z,FanDuel,751.182145105,receiving_yards,Mike Evans - Receiving Yds,,Mike Evans,11802513,over,49.5,-114,1.87719298245614,0.5327102803738317,open,,,2026-09-10T00:15:37Z,,,,,v3-forward-measurement
3e1b526c-32b7-42ae-abab-a080c061b424,46e18bf9-cfa0-4486-82f4-c4c520b304ff,2026-09-10T00:15:37Z,FanDuel Sportsbook structured market feed,,VA,NFL,35596960,San Francisco 49ers @ Los Angeles Rams,2026-09-11T00:35:00.000Z,FanDuel,751.182145105,receiving_yards,Mike Evans - Receiving Yds,,Mike Evans,11802512,under,49.5,-114,1.87719298245614,0.5327102803738317,open,,,2026-09-10T00:15:37Z,,,,,v3-forward-measurement
3e1b526c-32b7-42ae-abab-a080c061b424,e25f41a0-af13-4899-a4cb-e1fbb04ee95b,2026-09-10T00:15:37Z,FanDuel Sportsbook structured market feed,,VA,NFL,35596960,San Francisco 49ers @ Los Angeles Rams,2026-09-11T00:35:00.000Z,FanDuel,751.185240365,receptions,DeMarcus Robinson - Total Receptions,,DeMarcus Robinson,89390987,over,1.5,162,2.62,0.3816793893129771,open,,,2026-09-10T00:15:37Z,,,,,v3-forward-measurement
3e1b526c-32b7-42ae-abab-a080c061b424,56e43cf9-5fd5-4682-9f22-6eb61da1eae9,2026-09-10T00:15:37Z,FanDuel Sportsbook structured market feed,,VA,NFL,35596960,San Francisco 49ers @ Los Angeles Rams,2026-09-11T00:35:00.000Z,FanDuel,751.185240365,receptions,DeMarcus Robinson - Total Receptions,,DeMarcus Robinson,89390988,under,1.5,-220,1.454545454545455,0.6875,open,,,2026-09-10T00:15:37Z,,,,,v3-forward-measurement
3e1b526c-32b7-42ae-abab-a080c061b424,33fe3b89-b1c9-4dac-bd43-2d7dfa5dedfc,2026-09-10T00:15:37Z,FanDuel Sportsbook structured market feed,,VA,NFL,35596960,San Francisco 49ers @ Los Angeles Rams,2026-09-11T00:35:00.000Z,FanDuel,751.184124136,receiving_yards,Kyren Williams - Receiving Yds,,Kyren Williams,37541915,over,10.5,-114,1.87719298245614,0.5327102803738317,open,,,2026-09-10T00:15:37Z,,,,,v3-forward-measurement
3e1b526c-32b7-42ae-abab-a080c061b424,111d8f77-4bee-46bd-a15e-b0412b794dff,2026-09-10T00:15:37Z,FanDuel Sportsbook structured market feed,,VA,NFL,35596960,San Francisco 49ers @ Los Angeles Rams,2026-09-11T00:35:00.000Z,FanDuel,751.184124136,receiving_yards,Kyren Williams - Receiving Yds,,Kyren Williams,37541914,under,10.5,-114,1.87719298245614,0.5327102803738317,open,,,2026-09-10T00:15:37Z,,,,,v3-forward-measurement
3e1b526c-32b7-42ae-abab-a080c061b424,c652840a-b594-4294-9806-fe0b389dc243,2026-09-10T00:15:37Z,FanDuel Sportsbook structured market feed,,VA,NFL,35596960,San Francisco 49ers @ Los Angeles Rams,2026-09-11T00:35:00.000Z,FanDuel,751.185240366,receiving_yards,DeMarcus Robinson - Receiving Yds,,DeMarcus Robinson,89390987,over,11.5,-114,1.87719298245614,0.5327102803738317,open,,,2026-09-10T00:15:37Z,,,,,v3-forward-measurement
3e1b526c-32b7-42ae-abab-a080c061b424,a09f86c2-a950-4fc5-8632-45fcd511b4a4,2026-09-10T00:15:37Z,FanDuel Sportsbook structured market feed,,VA,NFL,35596960,San Francisco 49ers @ Los Angeles Rams,2026-09-11T00:35:00.000Z,FanDuel,751.185240366,receiving_yards,DeMarcus Robinson - Receiving Yds,,DeMarcus Robinson,89390988,under,11.5,-114,1.87719298245614,0.5327102803738317,open,,,2026-09-10T00:15:37Z,,,,,v3-forward-measurement
3e1b526c-32b7-42ae-abab-a080c061b424,454392c6-1b74-4eb5-afb2-7311baf39767,2026-09-10T00:15:37Z,FanDuel Sportsbook structured market feed,,VA,NFL,35596960,San Francisco 49ers @ Los Angeles Rams,2026-09-11T00:35:00.000Z,FanDuel,751.185240837,receiving_yards,Kyle Juszczyk - Receiving Yds,,Kyle Juszczyk,20537988,over,5.5,-114,1.87719298245614,0.5327102803738317,open,,,2026-09-10T00:15:37Z,,,,,v3-forward-measurement
3e1b526c-32b7-42ae-abab-a080c061b424,25667dcf-01f9-4899-82b1-f7507a8a785c,2026-09-10T00:15:37Z,FanDuel Sportsbook structured market feed,,VA,NFL,35596960,San Francisco 49ers @ Los Angeles Rams,2026-09-11T00:35:00.000Z,FanDuel,751.185240837,receiving_yards,Kyle Juszczyk - Receiving Yds,,Kyle Juszczyk,20537989,under,5.5,-114,1.87719298245614,0.5327102803738317,open,,,2026-09-10T00:15:37Z,,,,,v3-forward-measurement
3e1b526c-32b7-42ae-abab-a080c061b424,b3be6522-47ba-4475-956b-1ad95361fd8f,2026-09-10T00:15:37Z,FanDuel Sportsbook structured market feed,,VA,NFL,35596960,San Francisco 49ers @ Los Angeles Rams,2026-09-11T00:35:00.000Z,FanDuel,751.184805561,receptions,Tyler Higbee - Total Receptions,,Tyler Higbee,22382019,over,1.5,-122,1.819672131147541,0.5495495495495496,open,,,2026-09-10T00:15:37Z,,,,,v3-forward-measurement
3e1b526c-32b7-42ae-abab-a080c061b424,474eeec9-d670-4235-812a-489ca2e6184a,2026-09-10T00:15:37Z,FanDuel Sportsbook structured market feed,,VA,NFL,35596960,San Francisco 49ers @ Los Angeles Rams,2026-09-11T00:35:00.000Z,FanDuel,751.184805561,receptions,Tyler Higbee - Total Receptions,,Tyler Higbee,22382020,under,1.5,-108,1.925925925925926,0.5192307692307693,open,,,2026-09-10T00:15:37Z,,,,,v3-forward-measurement
3e1b526c-32b7-42ae-abab-a080c061b424,1994c2fe-e24f-4c9b-bc18-753602ae5798,2026-09-10T00:15:37Z,FanDuel Sportsbook structured market feed,,VA,NFL,35596960,San Francisco 49ers @ Los Angeles Rams,2026-09-11T00:35:00.000Z,FanDuel,751.184124131,receptions,Kyren Williams - Total Receptions,,Kyren Williams,37541915,over,1.5,-148,1.675675675675676,0.5967741935483871,open,,,2026-09-10T00:15:37Z,,,,,v3-forward-measurement
3e1b526c-32b7-42ae-abab-a080c061b424,7b195e05-aa52-4092-9621-8dddc7925883,2026-09-10T00:15:37Z,FanDuel Sportsbook structured market feed,,VA,NFL,35596960,San Francisco 49ers @ Los Angeles Rams,2026-09-11T00:35:00.000Z,FanDuel,751.184124131,receptions,Kyren Williams - Total Receptions,,Kyren Williams,37541914,under,1.5,112,2.12,0.4716981132075472,open,,,2026-09-10T00:15:37Z,,,,,v3-forward-measurement
3e1b526c-32b7-42ae-abab-a080c061b424,1c7ef7e0-f506-42b4-988b-c5b858599d78,2026-09-10T00:15:37Z,FanDuel Sportsbook structured market feed,,VA,NFL,35596960,San Francisco 49ers @ Los Angeles Rams,2026-09-11T00:35:00.000Z,FanDuel,751.184805565,receiving_yards,Tyler Higbee - Receiving Yds,,Tyler Higbee,22382019,over,14.5,-114,1.87719298245614,0.5327102803738317,open,,,2026-09-10T00:15:37Z,,,,,v3-forward-measurement
3e1b526c-32b7-42ae-abab-a080c061b424,82b586be-d95a-4ba1-924c-abd95bdf56d4,2026-09-10T00:15:37Z,FanDuel Sportsbook structured market feed,,VA,NFL,35596960,San Francisco 49ers @ Los Angeles Rams,2026-09-11T00:35:00.000Z,FanDuel,751.184805565,receiving_yards,Tyler Higbee - Receiving Yds,,Tyler Higbee,22382020,under,14.5,-114,1.87719298245614,0.5327102803738317,open,,,2026-09-10T00:15:37Z,,,,,v3-forward-measurement
3e1b526c-32b7-42ae-abab-a080c061b424,d4c5602c-65c6-450d-aa97-4c1a8d565f07,2026-09-10T00:15:37Z,FanDuel Sportsbook structured market feed,,VA,NFL,35596960,San Francisco 49ers @ Los Angeles Rams,2026-09-11T00:35:00.000Z,FanDuel,751.182144865,receptions,Puka Nacua - Total Receptions,,Puka Nacua,41887349,over,7.5,116,2.16,0.46296296296296297,open,,,2026-09-10T00:15:37Z,,,,,v3-forward-measurement
3e1b526c-32b7-42ae-abab-a080c061b424,eff2bc1e-1075-4e08-b8c0-f5419069a676,2026-09-10T00:15:37Z,FanDuel Sportsbook structured market feed,,VA,NFL,35596960,San Francisco 49ers @ Los Angeles Rams,2026-09-11T00:35:00.000Z,FanDuel,751.182144865,receptions,Puka Nacua - Total Receptions,,Puka Nacua,41887350,under,7.5,-154,1.649350649350649,0.6062992125984252,open,,,2026-09-10T00:15:37Z,,,,,v3-forward-measurement
3e1b526c-32b7-42ae-abab-a080c061b424,80b27e96-b6ed-4ca9-82c3-c7564089839d,2026-09-10T00:15:37Z,FanDuel Sportsbook structured market feed,,VA,NFL,35596960,San Francisco 49ers @ Los Angeles Rams,2026-09-11T00:35:00.000Z,FanDuel,751.182144863,receiving_yards,Puka Nacua - Receiving Yds,,Puka Nacua,41887349,over,90.5,-114,1.87719298245614,0.5327102803738317,open,,,2026-09-10T00:15:37Z,,,,,v3-forward-measurement
3e1b526c-32b7-42ae-abab-a080c061b424,d724ab32-5c77-4747-89a2-01dbd594d7ce,2026-09-10T00:15:37Z,FanDuel Sportsbook structured market feed,,VA,NFL,35596960,San Francisco 49ers @ Los Angeles Rams,2026-09-11T00:35:00.000Z,FanDuel,751.182144863,receiving_yards,Puka Nacua - Receiving Yds,,Puka Nacua,41887350,under,90.5,-114,1.87719298245614,0.5327102803738317,open,,,2026-09-10T00:15:37Z,,,,,v3-forward-measurement
3e1b526c-32b7-42ae-abab-a080c061b424,31ef7d79-9434-406f-8f49-3750a84016ce,2026-09-10T00:15:37Z,FanDuel Sportsbook structured market feed,,VA,NFL,35596960,San Francisco 49ers @ Los Angeles Rams,2026-09-11T00:35:00.000Z,FanDuel,751.182145479,receptions,De'Zhaun Stribling - Total Receptions,,De'Zhaun Stribling,48301806,over,3.5,134,2.34,0.42735042735042733,open,,,2026-09-10T00:15:37Z,,,,,v3-forward-measurement
3e1b526c-32b7-42ae-abab-a080c061b424,3f8cd110-79b5-438b-951f-994c580e862f,2026-09-10T00:15:37Z,FanDuel Sportsbook structured market feed,,VA,NFL,35596960,San Francisco 49ers @ Los Angeles Rams,2026-09-11T00:35:00.000Z,FanDuel,751.182145479,receptions,De'Zhaun Stribling - Total Receptions,,De'Zhaun Stribling,48301805,under,3.5,-180,1.555555555555556,0.6428571428571429,open,,,2026-09-10T00:15:37Z,,,,,v3-forward-measurement
3e1b526c-32b7-42ae-abab-a080c061b424,9d2de57d-8e58-4b14-acb2-8b4a93594322,2026-09-10T00:15:37Z,FanDuel Sportsbook structured market feed,,VA,NFL,35596960,San Francisco 49ers @ Los Angeles Rams,2026-09-11T00:35:00.000Z,FanDuel,751.184122867,receiving_yards,Davante Adams - Receiving Yds,,Davante Adams,11925821,over,51.5,-114,1.87719298245614,0.5327102803738317,open,,,2026-09-10T00:15:37Z,,,,,v3-forward-measurement
3e1b526c-32b7-42ae-abab-a080c061b424,8765b7d0-6bc7-46f1-84f6-f32027520598,2026-09-10T00:15:37Z,FanDuel Sportsbook structured market feed,,VA,NFL,35596960,San Francisco 49ers @ Los Angeles Rams,2026-09-11T00:35:00.000Z,FanDuel,751.184122867,receiving_yards,Davante Adams - Receiving Yds,,Davante Adams,11925820,under,51.5,-114,1.87719298245614,0.5327102803738317,open,,,2026-09-10T00:15:37Z,,,,,v3-forward-measurement
3e1b526c-32b7-42ae-abab-a080c061b424,35c41096-b7db-4329-bddf-66385e1a2db9,2026-09-10T00:15:37Z,FanDuel Sportsbook structured market feed,,VA,NFL,35596960,San Francisco 49ers @ Los Angeles Rams,2026-09-11T00:35:00.000Z,FanDuel,751.184122869,receptions,Davante Adams - Total Receptions,,Davante Adams,11925821,over,4.5,-102,1.980392156862745,0.504950495049505,open,,,2026-09-10T00:15:37Z,,,,,v3-forward-measurement
3e1b526c-32b7-42ae-abab-a080c061b424,5710ccfb-24a7-4c8f-9596-b4c3b9ec3f85,2026-09-10T00:15:37Z,FanDuel Sportsbook structured market feed,,VA,NFL,35596960,San Francisco 49ers @ Los Angeles Rams,2026-09-11T00:35:00.000Z,FanDuel,751.184122869,receptions,Davante Adams - Total Receptions,,Davante Adams,11925820,under,4.5,-130,1.769230769230769,0.5652173913043478,open,,,2026-09-10T00:15:37Z,,,,,v3-forward-measurement
3e1b526c-32b7-42ae-abab-a080c061b424,4b2280fa-0b78-4c43-9951-69519f3a43d4,2026-09-10T00:15:37Z,FanDuel Sportsbook structured market feed,,VA,NFL,35596960,San Francisco 49ers @ Los Angeles Rams,2026-09-11T00:35:00.000Z,FanDuel,751.184668934,receptions,George Kittle - Total Receptions,,George Kittle,20656770,over,3.5,-106,1.943396226415094,0.5145631067961165,open,,,2026-09-10T00:15:37Z,,,,,v3-forward-measurement
3e1b526c-32b7-42ae-abab-a080c061b424,5c6ce451-654f-4a6a-9b1e-45896012541b,2026-09-10T00:15:37Z,FanDuel Sportsbook structured market feed,,VA,NFL,35596960,San Francisco 49ers @ Los Angeles Rams,2026-09-11T00:35:00.000Z,FanDuel,751.184668934,receptions,George Kittle - Total Receptions,,George Kittle,20656771,under,3.5,-125,1.8,0.5555555555555556,open,,,2026-09-10T00:15:37Z,,,,,v3-forward-measurement
3e1b526c-32b7-42ae-abab-a080c061b424,00d0511c-86e3-42d6-a3cf-ba78f67bbc02,2026-09-10T00:15:37Z,FanDuel Sportsbook structured market feed,,VA,NFL,35596960,San Francisco 49ers @ Los Angeles Rams,2026-09-11T00:35:00.000Z,FanDuel,751.184123397,receptions,Colby Parkinson - Total Receptions,,Colby Parkinson,41197145,over,2.5,120,2.2,0.45454545454545453,open,,,2026-09-10T00:15:37Z,,,,,v3-forward-measurement
3e1b526c-32b7-42ae-abab-a080c061b424,2fe34ab0-a830-4525-a08a-c4e61ffffad6,2026-09-10T00:15:37Z,FanDuel Sportsbook structured market feed,,VA,NFL,35596960,San Francisco 49ers @ Los Angeles Rams,2026-09-11T00:35:00.000Z,FanDuel,751.184123397,receptions,Colby Parkinson - Total Receptions,,Colby Parkinson,41197146,under,2.5,-160,1.625,0.6153846153846154,open,,,2026-09-10T00:15:37Z,,,,,v3-forward-measurement
3e1b526c-32b7-42ae-abab-a080c061b424,6ea1cf1f-ac48-4d5d-8c07-4efc189fe1b8,2026-09-10T00:15:37Z,FanDuel Sportsbook structured market feed,,VA,NFL,35596960,San Francisco 49ers @ Los Angeles Rams,2026-09-11T00:35:00.000Z,FanDuel,751.184668935,receiving_yards,George Kittle - Receiving Yds,,George Kittle,20656770,over,34.5,-114,1.87719298245614,0.5327102803738317,open,,,2026-09-10T00:15:37Z,,,,,v3-forward-measurement
3e1b526c-32b7-42ae-abab-a080c061b424,7891000e-d138-4780-9a4e-d2d1a9a78b00,2026-09-10T00:15:37Z,FanDuel Sportsbook structured market feed,,VA,NFL,35596960,San Francisco 49ers @ Los Angeles Rams,2026-09-11T00:35:00.000Z,FanDuel,751.184668935,receiving_yards,George Kittle - Receiving Yds,,George Kittle,20656771,under,34.5,-114,1.87719298245614,0.5327102803738317,open,,,2026-09-10T00:15:37Z,,,,,v3-forward-measurement
3e1b526c-32b7-42ae-abab-a080c061b424,63148cc0-84be-40fb-ab37-944b8cb0a664,2026-09-10T00:15:37Z,FanDuel Sportsbook structured market feed,,VA,NFL,35596960,San Francisco 49ers @ Los Angeles Rams,2026-09-11T00:35:00.000Z,FanDuel,751.185240834,receptions,Kyle Juszczyk - Total Receptions,,Kyle Juszczyk,20537988,over,1.5,162,2.62,0.3816793893129771,open,,,2026-09-10T00:15:37Z,,,,,v3-forward-measurement
3e1b526c-32b7-42ae-abab-a080c061b424,aa83b343-00bb-43a7-8107-8828387e0488,2026-09-10T00:15:37Z,FanDuel Sportsbook structured market feed,,VA,NFL,35596960,San Francisco 49ers @ Los Angeles Rams,2026-09-11T00:35:00.000Z,FanDuel,751.185240834,receptions,Kyle Juszczyk - Total Receptions,,Kyle Juszczyk,20537989,under,1.5,-220,1.454545454545455,0.6875,open,,,2026-09-10T00:15:37Z,,,,,v3-forward-measurement
3e1b526c-32b7-42ae-abab-a080c061b424,7a12d82f-0127-459d-ac65-c45d875dd507,2026-09-10T00:15:37Z,FanDuel Sportsbook structured market feed,,VA,NFL,35596960,San Francisco 49ers @ Los Angeles Rams,2026-09-11T00:35:00.000Z,FanDuel,751.184123392,receiving_yards,Colby Parkinson - Receiving Yds,,Colby Parkinson,41197145,over,21.5,-114,1.87719298245614,0.5327102803738317,open,,,2026-09-10T00:15:37Z,,,,,v3-forward-measurement
3e1b526c-32b7-42ae-abab-a080c061b424,0bff3162-d922-4a5c-afb7-438b3c68828d,2026-09-10T00:15:37Z,FanDuel Sportsbook structured market feed,,VA,NFL,35596960,San Francisco 49ers @ Los Angeles Rams,2026-09-11T00:35:00.000Z,FanDuel,751.184123392,receiving_yards,Colby Parkinson - Receiving Yds,,Colby Parkinson,41197146,under,21.5,-114,1.87719298245614,0.5327102803738317,open,,,2026-09-10T00:15:37Z,,,,,v3-forward-measurement
3e1b526c-32b7-42ae-abab-a080c061b424,6baf910d-25c0-4d1d-9d27-b526ee85834e,2026-09-10T00:15:37Z,FanDuel Sportsbook structured market feed,,VA,NFL,35596960,San Francisco 49ers @ Los Angeles Rams,2026-09-11T00:35:00.000Z,FanDuel,751.182145487,receiving_yards,De'Zhaun Stribling - Receiving Yds,,De'Zhaun Stribling,48301806,over,35.5,-114,1.87719298245614,0.5327102803738317,open,,,2026-09-10T00:15:37Z,,,,,v3-forward-measurement
3e1b526c-32b7-42ae-abab-a080c061b424,6ed00d08-cefe-4fa1-8692-dda93ee74214,2026-09-10T00:15:37Z,FanDuel Sportsbook structured market feed,,VA,NFL,35596960,San Francisco 49ers @ Los Angeles Rams,2026-09-11T00:35:00.000Z,FanDuel,751.182145487,receiving_yards,De'Zhaun Stribling - Receiving Yds,,De'Zhaun Stribling,48301805,under,35.5,-114,1.87719298245614,0.5327102803738317,open,,,2026-09-10T00:15:37Z,,,,,v3-forward-measurement
3e1b526c-32b7-42ae-abab-a080c061b424,b302bb35-28e1-469c-8f52-947d023c6081,2026-09-10T00:15:37Z,FanDuel Sportsbook structured market feed,,VA,NFL,35596960,San Francisco 49ers @ Los Angeles Rams,2026-09-11T00:35:00.000Z,FanDuel,751.184125604,receptions,Terrance Ferguson - Total Receptions,,Terrance Ferguson,41172819,over,1.5,-158,1.632911392405063,0.6124031007751938,open,,,2026-09-10T00:15:37Z,,,,,v3-forward-measurement
3e1b526c-32b7-42ae-abab-a080c061b424,18bf3854-574f-4ced-986e-9c19bca1805b,2026-09-10T00:15:37Z,FanDuel Sportsbook structured market feed,,VA,NFL,35596960,San Francisco 49ers @ Los Angeles Rams,2026-09-11T00:35:00.000Z,FanDuel,751.184125604,receptions,Terrance Ferguson - Total Receptions,,Terrance Ferguson,41172818,under,1.5,118,2.18,0.45871559633027525,open,,,2026-09-10T00:15:37Z,,,,,v3-forward-measurement
3e1b526c-32b7-42ae-abab-a080c061b424,05e40fe5-5f82-4b38-be55-3b0b45aaf4f0,2026-09-10T00:15:37Z,FanDuel Sportsbook structured market feed,,VA,NFL,35596960,San Francisco 49ers @ Los Angeles Rams,2026-09-11T00:35:00.000Z,FanDuel,751.184125600,receiving_yards,Terrance Ferguson - Receiving Yds,,Terrance Ferguson,41172819,over,24.5,-114,1.87719298245614,0.5327102803738317,open,,,2026-09-10T00:15:37Z,,,,,v3-forward-measurement
3e1b526c-32b7-42ae-abab-a080c061b424,53d9333f-783f-4fc8-9cf8-71e5d0160499,2026-09-10T00:15:37Z,FanDuel Sportsbook structured market feed,,VA,NFL,35596960,San Francisco 49ers @ Los Angeles Rams,2026-09-11T00:35:00.000Z,FanDuel,751.184125600,receiving_yards,Terrance Ferguson - Receiving Yds,,Terrance Ferguson,41172818,under,24.5,-114,1.87719298245614,0.5327102803738317,open,,,2026-09-10T00:15:37Z,,,,,v3-forward-measurement
3e1b526c-32b7-42ae-abab-a080c061b424,79060aa6-197a-437a-9f56-4bcd426217c0,2026-09-10T00:15:37Z,FanDuel Sportsbook structured market feed,,VA,NFL,35596960,San Francisco 49ers @ Los Angeles Rams,2026-09-11T00:35:00.000Z,FanDuel,751.182145335,receiving_yards,Deebo Samuel - Receiving Yds,,Deebo Samuel,26158892,over,29.5,-114,1.87719298245614,0.5327102803738317,open,,,2026-09-10T00:15:37Z,,,,,v3-forward-measurement
3e1b526c-32b7-42ae-abab-a080c061b424,dbff7bda-cac4-49ad-beec-d3983c15e76f,2026-09-10T00:15:37Z,FanDuel Sportsbook structured market feed,,VA,NFL,35596960,San Francisco 49ers @ Los Angeles Rams,2026-09-11T00:35:00.000Z,FanDuel,751.182145335,receiving_yards,Deebo Samuel - Receiving Yds,,Deebo Samuel,26158893,under,29.5,-114,1.87719298245614,0.5327102803738317,open,,,2026-09-10T00:15:37Z,,,,,v3-forward-measurement
3e1b526c-32b7-42ae-abab-a080c061b424,2c2f7cb7-bbc5-4180-82d4-1f170678d063,2026-09-10T00:15:37Z,FanDuel Sportsbook structured market feed,,VA,NFL,35596960,San Francisco 49ers @ Los Angeles Rams,2026-09-11T00:35:00.000Z,FanDuel,751.182145333,receptions,Deebo Samuel - Total Receptions,,Deebo Samuel,26158892,over,2.5,-140,1.714285714285714,0.5833333333333334,open,,,2026-09-10T00:15:37Z,,,,,v3-forward-measurement
3e1b526c-32b7-42ae-abab-a080c061b424,e1b1841c-0623-4a32-9758-ed895e1a2c6e,2026-09-10T00:15:37Z,FanDuel Sportsbook structured market feed,,VA,NFL,35596960,San Francisco 49ers @ Los Angeles Rams,2026-09-11T00:35:00.000Z,FanDuel,751.182145333,receptions,Deebo Samuel - Total Receptions,,Deebo Samuel,26158893,under,2.5,106,2.06,0.4854368932038835,open,,,2026-09-10T00:15:37Z,,,,,v3-forward-measurement
2c3c8d31-1605-4a0b-be5d-e6df3eabcfbb,5d382aff-ffc4-4ded-b537-cdfe00f8a322,2026-09-10T00:15:37Z,FanDuel Sportsbook structured market feed,,VA,NFL,35601246,Denver Broncos @ Kansas City Chiefs,2026-09-15T00:15:00.000Z,FanDuel,751.183526256,passing_touchdowns,Bo Nix - Passing TDs,,Bo Nix,41331175,over,1.5,140,2.4,0.4166666666666667,open,,,2026-09-10T00:15:37Z,,,,,v3-forward-measurement
2c3c8d31-1605-4a0b-be5d-e6df3eabcfbb,1a2e6083-e50a-4841-a8dd-308e31ad65f9,2026-09-10T00:15:37Z,FanDuel Sportsbook structured market feed,,VA,NFL,35601246,Denver Broncos @ Kansas City Chiefs,2026-09-15T00:15:00.000Z,FanDuel,751.183526256,passing_touchdowns,Bo Nix - Passing TDs,,Bo Nix,41331177,under,1.5,-188,1.531914893617021,0.6527777777777778,open,,,2026-09-10T00:15:37Z,,,,,v3-forward-measurement
2c3c8d31-1605-4a0b-be5d-e6df3eabcfbb,e40b05e1-2176-41fe-9466-50b734341110,2026-09-10T00:15:37Z,FanDuel Sportsbook structured market feed,,VA,NFL,35601246,Denver Broncos @ Kansas City Chiefs,2026-09-15T00:15:00.000Z,FanDuel,751.183526203,passing_touchdowns,Patrick Mahomes - Passing TDs,,Patrick Mahomes,16593717,over,1.5,116,2.16,0.46296296296296297,open,,,2026-09-10T00:15:37Z,,,,,v3-forward-measurement
2c3c8d31-1605-4a0b-be5d-e6df3eabcfbb,d5ca1a34-60e1-4fe8-88e8-7a4f3d6cead4,2026-09-10T00:15:37Z,FanDuel Sportsbook structured market feed,,VA,NFL,35601246,Denver Broncos @ Kansas City Chiefs,2026-09-15T00:15:00.000Z,FanDuel,751.183526203,passing_touchdowns,Patrick Mahomes - Passing TDs,,Patrick Mahomes,16593718,under,1.5,-154,1.649350649350649,0.6062992125984252,open,,,2026-09-10T00:15:37Z,,,,,v3-forward-measurement
2c3c8d31-1605-4a0b-be5d-e6df3eabcfbb,29763647-8de0-42af-ad45-81756c84c055,2026-09-10T00:15:37Z,FanDuel Sportsbook structured market feed,,VA,NFL,35601246,Denver Broncos @ Kansas City Chiefs,2026-09-15T00:15:00.000Z,FanDuel,751.183526326,passing_yards,Bo Nix - Passing Yds,,Bo Nix,41331175,over,227.5,-114,1.87719298245614,0.5327102803738317,open,,,2026-09-10T00:15:37Z,,,,,v3-forward-measurement
2c3c8d31-1605-4a0b-be5d-e6df3eabcfbb,f19fedb2-42d1-45eb-9b77-2c16d5c9e8b7,2026-09-10T00:15:37Z,FanDuel Sportsbook structured market feed,,VA,NFL,35601246,Denver Broncos @ Kansas City Chiefs,2026-09-15T00:15:00.000Z,FanDuel,751.183526326,passing_yards,Bo Nix - Passing Yds,,Bo Nix,41331177,under,227.5,-114,1.87719298245614,0.5327102803738317,open,,,2026-09-10T00:15:37Z,,,,,v3-forward-measurement
2c3c8d31-1605-4a0b-be5d-e6df3eabcfbb,8545042c-4ac9-4902-bc56-c9ded9235a39,2026-09-10T00:15:37Z,FanDuel Sportsbook structured market feed,,VA,NFL,35601246,Denver Broncos @ Kansas City Chiefs,2026-09-15T00:15:00.000Z,FanDuel,751.183526339,passing_yards,Patrick Mahomes - Passing Yds,,Patrick Mahomes,16593717,over,225.5,-114,1.87719298245614,0.5327102803738317,open,,,2026-09-10T00:15:37Z,,,,,v3-forward-measurement
2c3c8d31-1605-4a0b-be5d-e6df3eabcfbb,51e686ab-cf27-4e05-81d0-b1553a2b2619,2026-09-10T00:15:37Z,FanDuel Sportsbook structured market feed,,VA,NFL,35601246,Denver Broncos @ Kansas City Chiefs,2026-09-15T00:15:00.000Z,FanDuel,751.183526339,passing_yards,Patrick Mahomes - Passing Yds,,Patrick Mahomes,16593718,under,225.5,-114,1.87719298245614,0.5327102803738317,open,,,2026-09-10T00:15:37Z,,,,,v3-forward-measurement
8f0880c8-6b70-4961-83c4-32788d96397a,0ace6780-cea5-4db4-b16d-9c4b97426a68,2026-09-10T00:15:37Z,FanDuel Sportsbook structured market feed,,VA,NFL,35601246,Denver Broncos @ Kansas City Chiefs,2026-09-15T00:15:00.000Z,FanDuel,751.183528169,rushing_yards,Bo Nix - Rushing Yds,,Bo Nix,41331175,over,15.5,-114,1.87719298245614,0.5327102803738317,open,,,2026-09-10T00:15:37Z,,,,,v3-forward-measurement
8f0880c8-6b70-4961-83c4-32788d96397a,3aca729a-7735-4542-b0df-4f36b8582d7b,2026-09-10T00:15:37Z,FanDuel Sportsbook structured market feed,,VA,NFL,35601246,Denver Broncos @ Kansas City Chiefs,2026-09-15T00:15:00.000Z,FanDuel,751.183528169,rushing_yards,Bo Nix - Rushing Yds,,Bo Nix,41331177,under,15.5,-114,1.87719298245614,0.5327102803738317,open,,,2026-09-10T00:15:37Z,,,,,v3-forward-measurement
8f0880c8-6b70-4961-83c4-32788d96397a,4707497e-b0f3-4d02-840f-be29e925d72e,2026-09-10T00:15:37Z,FanDuel Sportsbook structured market feed,,VA,NFL,35601246,Denver Broncos @ Kansas City Chiefs,2026-09-15T00:15:00.000Z,FanDuel,751.183528149,rushing_yards,Patrick Mahomes - Rushing Yds,,Patrick Mahomes,16593717,over,15.5,-114,1.87719298245614,0.5327102803738317,open,,,2026-09-10T00:15:37Z,,,,,v3-forward-measurement
8f0880c8-6b70-4961-83c4-32788d96397a,36a3c945-59de-427a-a28f-9539f48103d5,2026-09-10T00:15:37Z,FanDuel Sportsbook structured market feed,,VA,NFL,35601246,Denver Broncos @ Kansas City Chiefs,2026-09-15T00:15:00.000Z,FanDuel,751.183528149,rushing_yards,Patrick Mahomes - Rushing Yds,,Patrick Mahomes,16593718,under,15.5,-114,1.87719298245614,0.5327102803738317,open,,,2026-09-10T00:15:37Z,,,,,v3-forward-measurement
8f0880c8-6b70-4961-83c4-32788d96397a,7b2ef05b-aac2-4570-9c5d-8243f4dba12d,2026-09-10T00:15:37Z,FanDuel Sportsbook structured market feed,,VA,NFL,35601246,Denver Broncos @ Kansas City Chiefs,2026-09-15T00:15:00.000Z,FanDuel,751.185117314,rushing_yards,RJ Harvey - Rushing Yds,,RJ Harvey,50744298,over,18.5,-114,1.87719298245614,0.5327102803738317,open,,,2026-09-10T00:15:37Z,,,,,v3-forward-measurement
8f0880c8-6b70-4961-83c4-32788d96397a,59e333a4-96c7-4ce5-a7d3-4e94e08e95b3,2026-09-10T00:15:37Z,FanDuel Sportsbook structured market feed,,VA,NFL,35601246,Denver Broncos @ Kansas City Chiefs,2026-09-15T00:15:00.000Z,FanDuel,751.185117314,rushing_yards,RJ Harvey - Rushing Yds,,RJ Harvey,50744300,under,18.5,-114,1.87719298245614,0.5327102803738317,open,,,2026-09-10T00:15:37Z,,,,,v3-forward-measurement
8f0880c8-6b70-4961-83c4-32788d96397a,54f4fcc7-a526-49ab-a90d-09d3d1a1ed6d,2026-09-10T00:15:37Z,FanDuel Sportsbook structured market feed,,VA,NFL,35601246,Denver Broncos @ Kansas City Chiefs,2026-09-15T00:15:00.000Z,FanDuel,751.183528041,rushing_yards,Kenneth Walker III - Rushing Yds,,Kenneth Walker III,40975102,over,59.5,-114,1.87719298245614,0.5327102803738317,open,,,2026-09-10T00:15:37Z,,,,,v3-forward-measurement
8f0880c8-6b70-4961-83c4-32788d96397a,caa0a416-b5ca-4525-be2c-72d4625b24ad,2026-09-10T00:15:37Z,FanDuel Sportsbook structured market feed,,VA,NFL,35601246,Denver Broncos @ Kansas City Chiefs,2026-09-15T00:15:00.000Z,FanDuel,751.183528041,rushing_yards,Kenneth Walker III - Rushing Yds,,Kenneth Walker III,40975103,under,59.5,-114,1.87719298245614,0.5327102803738317,open,,,2026-09-10T00:15:37Z,,,,,v3-forward-measurement
8f0880c8-6b70-4961-83c4-32788d96397a,91311391-cc75-430c-b826-798852cb9a8d,2026-09-10T00:15:37Z,FanDuel Sportsbook structured market feed,,VA,NFL,35601246,Denver Broncos @ Kansas City Chiefs,2026-09-15T00:15:00.000Z,FanDuel,751.183528043,rushing_yards,J.K. Dobbins - Rushing Yds,,J.K. Dobbins,48302900,over,49.5,-114,1.87719298245614,0.5327102803738317,open,,,2026-09-10T00:15:37Z,,,,,v3-forward-measurement
8f0880c8-6b70-4961-83c4-32788d96397a,b93c4070-002e-4711-966d-e53c5214da1d,2026-09-10T00:15:37Z,FanDuel Sportsbook structured market feed,,VA,NFL,35601246,Denver Broncos @ Kansas City Chiefs,2026-09-15T00:15:00.000Z,FanDuel,751.183528043,rushing_yards,J.K. Dobbins - Rushing Yds,,J.K. Dobbins,48302899,under,49.5,-114,1.87719298245614,0.5327102803738317,open,,,2026-09-10T00:15:37Z,,,,,v3-forward-measurement
2d68d078-b39d-429b-bd76-9b5ad748df75,88e56070-88c7-404f-aad0-c88253dd2df5,2026-09-10T00:15:37Z,FanDuel Sportsbook structured market feed,,VA,NFL,35601246,Denver Broncos @ Kansas City Chiefs,2026-09-15T00:15:00.000Z,FanDuel,751.183528882,receiving_yards,Xavier Worthy - Receiving Yds,,Xavier Worthy,41066840,over,38.5,-114,1.87719298245614,0.5327102803738317,open,,,2026-09-10T00:15:37Z,,,,,v3-forward-measurement
2d68d078-b39d-429b-bd76-9b5ad748df75,2e0f1bd6-544f-45f5-ae40-ff81c96629e1,2026-09-10T00:15:37Z,FanDuel Sportsbook structured market feed,,VA,NFL,35601246,Denver Broncos @ Kansas City Chiefs,2026-09-15T00:15:00.000Z,FanDuel,751.183528882,receiving_yards,Xavier Worthy - Receiving Yds,,Xavier Worthy,41066847,under,38.5,-114,1.87719298245614,0.5327102803738317,open,,,2026-09-10T00:15:37Z,,,,,v3-forward-measurement
2d68d078-b39d-429b-bd76-9b5ad748df75,17f1af73-2fc3-4b1e-a128-fa34c61d1428,2026-09-10T00:15:37Z,FanDuel Sportsbook structured market feed,,VA,NFL,35601246,Denver Broncos @ Kansas City Chiefs,2026-09-15T00:15:00.000Z,FanDuel,751.183528883,receptions,Xavier Worthy - Total Receptions,,Xavier Worthy,41066840,over,3.5,112,2.12,0.4716981132075472,open,,,2026-09-10T00:15:37Z,,,,,v3-forward-measurement
2d68d078-b39d-429b-bd76-9b5ad748df75,ea93cf7f-149f-4279-9dd0-59b446732495,2026-09-10T00:15:37Z,FanDuel Sportsbook structured market feed,,VA,NFL,35601246,Denver Broncos @ Kansas City Chiefs,2026-09-15T00:15:00.000Z,FanDuel,751.183528883,receptions,Xavier Worthy - Total Receptions,,Xavier Worthy,41066847,under,3.5,-148,1.675675675675676,0.5967741935483871,open,,,2026-09-10T00:15:37Z,,,,,v3-forward-measurement
2d68d078-b39d-429b-bd76-9b5ad748df75,09045ad0-34d6-42d7-a997-e211aed1c123,2026-09-10T00:15:37Z,FanDuel Sportsbook structured market feed,,VA,NFL,35601246,Denver Broncos @ Kansas City Chiefs,2026-09-15T00:15:00.000Z,FanDuel,751.185163843,receptions,Pat Bryant - Total Receptions,,Pat Bryant,48907099,over,2.5,120,2.2,0.45454545454545453,open,,,2026-09-10T00:15:37Z,,,,,v3-forward-measurement
2d68d078-b39d-429b-bd76-9b5ad748df75,a31faa54-163f-46ba-8eff-83f4a30c6cb9,2026-09-10T00:15:37Z,FanDuel Sportsbook structured market feed,,VA,NFL,35601246,Denver Broncos @ Kansas City Chiefs,2026-09-15T00:15:00.000Z,FanDuel,751.185163843,receptions,Pat Bryant - Total Receptions,,Pat Bryant,48907098,under,2.5,-160,1.625,0.6153846153846154,open,,,2026-09-10T00:15:37Z,,,,,v3-forward-measurement
2d68d078-b39d-429b-bd76-9b5ad748df75,84d682bd-e0e7-4df0-95e6-d0743385852b,2026-09-10T00:15:37Z,FanDuel Sportsbook structured market feed,,VA,NFL,35601246,Denver Broncos @ Kansas City Chiefs,2026-09-15T00:15:00.000Z,FanDuel,751.183528524,receiving_yards,Jaylen Waddle - Receiving Yds,,Jaylen Waddle,40877797,over,53.5,-114,1.87719298245614,0.5327102803738317,open,,,2026-09-10T00:15:37Z,,,,,v3-forward-measurement
2d68d078-b39d-429b-bd76-9b5ad748df75,9b625768-6d47-4e11-950a-7e3c60ca026b,2026-09-10T00:15:37Z,FanDuel Sportsbook structured market feed,,VA,NFL,35601246,Denver Broncos @ Kansas City Chiefs,2026-09-15T00:15:00.000Z,FanDuel,751.183528524,receiving_yards,Jaylen Waddle - Receiving Yds,,Jaylen Waddle,40877798,under,53.5,-114,1.87719298245614,0.5327102803738317,open,,,2026-09-10T00:15:37Z,,,,,v3-forward-measurement
2d68d078-b39d-429b-bd76-9b5ad748df75,7bad5383-d028-44a3-b93f-ba8f57d52afd,2026-09-10T00:15:37Z,FanDuel Sportsbook structured market feed,,VA,NFL,35601246,Denver Broncos @ Kansas City Chiefs,2026-09-15T00:15:00.000Z,FanDuel,751.185165140,receiving_yards,J.K. Dobbins - Receiving Yds,,J.K. Dobbins,48302900,over,3.5,-114,1.87719298245614,0.5327102803738317,open,,,2026-09-10T00:15:37Z,,,,,v3-forward-measurement
2d68d078-b39d-429b-bd76-9b5ad748df75,8adfd1f4-18ff-48ac-9538-5b2b0acb386b,2026-09-10T00:15:37Z,FanDuel Sportsbook structured market feed,,VA,NFL,35601246,Denver Broncos @ Kansas City Chiefs,2026-09-15T00:15:00.000Z,FanDuel,751.185165140,receiving_yards,J.K. Dobbins - Receiving Yds,,J.K. Dobbins,48302899,under,3.5,-114,1.87719298245614,0.5327102803738317,open,,,2026-09-10T00:15:37Z,,,,,v3-forward-measurement
2d68d078-b39d-429b-bd76-9b5ad748df75,031c9518-6067-48c2-b215-ae0b15b6db54,2026-09-10T00:15:37Z,FanDuel Sportsbook structured market feed,,VA,NFL,35601246,Denver Broncos @ Kansas City Chiefs,2026-09-15T00:15:00.000Z,FanDuel,751.185165141,receptions,RJ Harvey - Total Receptions,,RJ Harvey,50744298,over,2.5,-114,1.87719298245614,0.5327102803738317,open,,,2026-09-10T00:15:37Z,,,,,v3-forward-measurement
2d68d078-b39d-429b-bd76-9b5ad748df75,0aaf23f2-cf3e-4ca4-9cb1-c1561d795713,2026-09-10T00:15:37Z,FanDuel Sportsbook structured market feed,,VA,NFL,35601246,Denver Broncos @ Kansas City Chiefs,2026-09-15T00:15:00.000Z,FanDuel,751.185165141,receptions,RJ Harvey - Total Receptions,,RJ Harvey,50744300,under,2.5,-114,1.87719298245614,0.5327102803738317,open,,,2026-09-10T00:15:37Z,,,,,v3-forward-measurement
2d68d078-b39d-429b-bd76-9b5ad748df75,b90e5410-9c94-46cb-8368-1043776820e8,2026-09-10T00:15:37Z,FanDuel Sportsbook structured market feed,,VA,NFL,35601246,Denver Broncos @ Kansas City Chiefs,2026-09-15T00:15:00.000Z,FanDuel,751.183528805,receptions,Travis Kelce - Total Receptions,,Travis Kelce,11802406,over,3.5,-148,1.675675675675676,0.5967741935483871,open,,,2026-09-10T00:15:37Z,,,,,v3-forward-measurement
2d68d078-b39d-429b-bd76-9b5ad748df75,6dc1ea96-a50b-40d2-8b7a-c74b13befca9,2026-09-10T00:15:37Z,FanDuel Sportsbook structured market feed,,VA,NFL,35601246,Denver Broncos @ Kansas City Chiefs,2026-09-15T00:15:00.000Z,FanDuel,751.183528805,receptions,Travis Kelce - Total Receptions,,Travis Kelce,11802405,under,3.5,112,2.12,0.4716981132075472,open,,,2026-09-10T00:15:37Z,,,,,v3-forward-measurement
2d68d078-b39d-429b-bd76-9b5ad748df75,8fffcec6-169c-4bce-80ac-34854bc3a1b6,2026-09-10T00:15:37Z,FanDuel Sportsbook structured market feed,,VA,NFL,35601246,Denver Broncos @ Kansas City Chiefs,2026-09-15T00:15:00.000Z,FanDuel,751.185163836,receiving_yards,Noah Gray - Receiving Yds,,Noah Gray,40915505,over,9.5,-114,1.87719298245614,0.5327102803738317,open,,,2026-09-10T00:15:37Z,,,,,v3-forward-measurement
2d68d078-b39d-429b-bd76-9b5ad748df75,7ba30102-e380-4b1f-b64d-190ecbfcf180,2026-09-10T00:15:37Z,FanDuel Sportsbook structured market feed,,VA,NFL,35601246,Denver Broncos @ Kansas City Chiefs,2026-09-15T00:15:00.000Z,FanDuel,751.185163836,receiving_yards,Noah Gray - Receiving Yds,,Noah Gray,40915506,under,9.5,-114,1.87719298245614,0.5327102803738317,open,,,2026-09-10T00:15:37Z,,,,,v3-forward-measurement
2d68d078-b39d-429b-bd76-9b5ad748df75,e07f825d-d728-4c93-a760-fd8c40f166f0,2026-09-10T00:15:37Z,FanDuel Sportsbook structured market feed,,VA,NFL,35601246,Denver Broncos @ Kansas City Chiefs,2026-09-15T00:15:00.000Z,FanDuel,751.183528806,receiving_yards,Travis Kelce - Receiving Yds,,Travis Kelce,11802406,over,41.5,-114,1.87719298245614,0.5327102803738317,open,,,2026-09-10T00:15:37Z,,,,,v3-forward-measurement
2d68d078-b39d-429b-bd76-9b5ad748df75,da747d58-96e4-408b-8c67-ca959f6ec1be,2026-09-10T00:15:37Z,FanDuel Sportsbook structured market feed,,VA,NFL,35601246,Denver Broncos @ Kansas City Chiefs,2026-09-15T00:15:00.000Z,FanDuel,751.183528806,receiving_yards,Travis Kelce - Receiving Yds,,Travis Kelce,11802405,under,41.5,-114,1.87719298245614,0.5327102803738317,open,,,2026-09-10T00:15:37Z,,,,,v3-forward-measurement
2d68d078-b39d-429b-bd76-9b5ad748df75,5ac23905-8fb5-4cff-8f96-f7ac496fd2c8,2026-09-10T00:15:37Z,FanDuel Sportsbook structured market feed,,VA,NFL,35601246,Denver Broncos @ Kansas City Chiefs,2026-09-15T00:15:00.000Z,FanDuel,751.185117635,receptions,Kenneth Walker III - Total Receptions,,Kenneth Walker III,40975102,over,2.5,-130,1.769230769230769,0.5652173913043478,open,,,2026-09-10T00:15:37Z,,,,,v3-forward-measurement
2d68d078-b39d-429b-bd76-9b5ad748df75,113efddf-0978-4427-b874-d59007016fb1,2026-09-10T00:15:37Z,FanDuel Sportsbook structured market feed,,VA,NFL,35601246,Denver Broncos @ Kansas City Chiefs,2026-09-15T00:15:00.000Z,FanDuel,751.185117635,receptions,Kenneth Walker III - Total Receptions,,Kenneth Walker III,40975103,under,2.5,-102,1.980392156862745,0.504950495049505,open,,,2026-09-10T00:15:37Z,,,,,v3-forward-measurement
2d68d078-b39d-429b-bd76-9b5ad748df75,a81cb6e6-2d4d-4e60-9c4c-365c5dd81c91,2026-09-10T00:15:37Z,FanDuel Sportsbook structured market feed,,VA,NFL,35601246,Denver Broncos @ Kansas City Chiefs,2026-09-15T00:15:00.000Z,FanDuel,751.185117638,receiving_yards,Kenneth Walker III - Receiving Yds,,Kenneth Walker III,40975102,over,15.5,-114,1.87719298245614,0.5327102803738317,open,,,2026-09-10T00:15:37Z,,,,,v3-forward-measurement
2d68d078-b39d-429b-bd76-9b5ad748df75,d92e4914-cf47-4659-907c-ed87f464cbfd,2026-09-10T00:15:37Z,FanDuel Sportsbook structured market feed,,VA,NFL,35601246,Denver Broncos @ Kansas City Chiefs,2026-09-15T00:15:00.000Z,FanDuel,751.185117638,receiving_yards,Kenneth Walker III - Receiving Yds,,Kenneth Walker III,40975103,under,15.5,-114,1.87719298245614,0.5327102803738317,open,,,2026-09-10T00:15:37Z,,,,,v3-forward-measurement
2d68d078-b39d-429b-bd76-9b5ad748df75,0fde98d6-1266-4b38-8f32-7b6d914449ae,2026-09-10T00:15:37Z,FanDuel Sportsbook structured market feed,,VA,NFL,35601246,Denver Broncos @ Kansas City Chiefs,2026-09-15T00:15:00.000Z,FanDuel,751.185163852,receptions,Noah Gray - Total Receptions,,Noah Gray,40915505,over,1.5,130,2.3,0.43478260869565216,open,,,2026-09-10T00:15:37Z,,,,,v3-forward-measurement
2d68d078-b39d-429b-bd76-9b5ad748df75,fd140755-494c-46d7-8892-4d59f7b6e32f,2026-09-10T00:15:37Z,FanDuel Sportsbook structured market feed,,VA,NFL,35601246,Denver Broncos @ Kansas City Chiefs,2026-09-15T00:15:00.000Z,FanDuel,751.185163852,receptions,Noah Gray - Total Receptions,,Noah Gray,40915506,under,1.5,-174,1.574712643678161,0.635036496350365,open,,,2026-09-10T00:15:37Z,,,,,v3-forward-measurement
2d68d078-b39d-429b-bd76-9b5ad748df75,22ba398f-5a33-46f0-a8c4-53bc75a19274,2026-09-10T00:15:37Z,FanDuel Sportsbook structured market feed,,VA,NFL,35601246,Denver Broncos @ Kansas City Chiefs,2026-09-15T00:15:00.000Z,FanDuel,751.183528594,receptions,Rashee Rice - Total Receptions,,Rashee Rice,48551005,over,5.5,-122,1.819672131147541,0.5495495495495496,open,,,2026-09-10T00:15:37Z,,,,,v3-forward-measurement
2d68d078-b39d-429b-bd76-9b5ad748df75,f5b6d364-2880-4c42-8590-745dc38287ab,2026-09-10T00:15:37Z,FanDuel Sportsbook structured market feed,,VA,NFL,35601246,Denver Broncos @ Kansas City Chiefs,2026-09-15T00:15:00.000Z,FanDuel,751.183528594,receptions,Rashee Rice - Total Receptions,,Rashee Rice,48551004,under,5.5,-108,1.925925925925926,0.5192307692307693,open,,,2026-09-10T00:15:37Z,,,,,v3-forward-measurement
2d68d078-b39d-429b-bd76-9b5ad748df75,36f9e0f9-e98e-4e0b-ba91-de3650d91766,2026-09-10T00:15:37Z,FanDuel Sportsbook structured market feed,,VA,NFL,35601246,Denver Broncos @ Kansas City Chiefs,2026-09-15T00:15:00.000Z,FanDuel,751.183528593,receiving_yards,Rashee Rice - Receiving Yds,,Rashee Rice,48551005,over,59.5,-114,1.87719298245614,0.5327102803738317,open,,,2026-09-10T00:15:37Z,,,,,v3-forward-measurement
2d68d078-b39d-429b-bd76-9b5ad748df75,250ac414-9906-40f1-9602-3b59b8a076d8,2026-09-10T00:15:37Z,FanDuel Sportsbook structured market feed,,VA,NFL,35601246,Denver Broncos @ Kansas City Chiefs,2026-09-15T00:15:00.000Z,FanDuel,751.183528593,receiving_yards,Rashee Rice - Receiving Yds,,Rashee Rice,48551004,under,59.5,-114,1.87719298245614,0.5327102803738317,open,,,2026-09-10T00:15:37Z,,,,,v3-forward-measurement
2d68d078-b39d-429b-bd76-9b5ad748df75,a543f21c-835a-46b8-b141-bb782ebbfab8,2026-09-10T00:15:37Z,FanDuel Sportsbook structured market feed,,VA,NFL,35601246,Denver Broncos @ Kansas City Chiefs,2026-09-15T00:15:00.000Z,FanDuel,751.185163847,receiving_yards,Pat Bryant - Receiving Yds,,Pat Bryant,48907099,over,23.5,-114,1.87719298245614,0.5327102803738317,open,,,2026-09-10T00:15:37Z,,,,,v3-forward-measurement
2d68d078-b39d-429b-bd76-9b5ad748df75,940ccf2b-5e4d-4a89-b565-78395cf01771,2026-09-10T00:15:37Z,FanDuel Sportsbook structured market feed,,VA,NFL,35601246,Denver Broncos @ Kansas City Chiefs,2026-09-15T00:15:00.000Z,FanDuel,751.185163847,receiving_yards,Pat Bryant - Receiving Yds,,Pat Bryant,48907098,under,23.5,-114,1.87719298245614,0.5327102803738317,open,,,2026-09-10T00:15:37Z,,,,,v3-forward-measurement
2d68d078-b39d-429b-bd76-9b5ad748df75,e5eae6e2-c34f-4313-b9ad-1b2b47f2973c,2026-09-10T00:15:37Z,FanDuel Sportsbook structured market feed,,VA,NFL,35601246,Denver Broncos @ Kansas City Chiefs,2026-09-15T00:15:00.000Z,FanDuel,751.183528519,receptions,Jaylen Waddle - Total Receptions,,Jaylen Waddle,40877797,over,4.5,-114,1.87719298245614,0.5327102803738317,open,,,2026-09-10T00:15:37Z,,,,,v3-forward-measurement
2d68d078-b39d-429b-bd76-9b5ad748df75,3fb53d14-b39b-4114-839d-d987fa05142c,2026-09-10T00:15:37Z,FanDuel Sportsbook structured market feed,,VA,NFL,35601246,Denver Broncos @ Kansas City Chiefs,2026-09-15T00:15:00.000Z,FanDuel,751.183528519,receptions,Jaylen Waddle - Total Receptions,,Jaylen Waddle,40877798,under,4.5,-114,1.87719298245614,0.5327102803738317,open,,,2026-09-10T00:15:37Z,,,,,v3-forward-measurement
2d68d078-b39d-429b-bd76-9b5ad748df75,e2adccae-f7f5-4158-bb7f-02ecceca5904,2026-09-10T00:15:37Z,FanDuel Sportsbook structured market feed,,VA,NFL,35601246,Denver Broncos @ Kansas City Chiefs,2026-09-15T00:15:00.000Z,FanDuel,751.185117801,receiving_yards,Tyquan Thornton - Receiving Yds,,Tyquan Thornton,41074864,over,19.5,-114,1.87719298245614,0.5327102803738317,open,,,2026-09-10T00:15:37Z,,,,,v3-forward-measurement
2d68d078-b39d-429b-bd76-9b5ad748df75,dbbb472d-2221-43fb-95e7-82edda2ed24a,2026-09-10T00:15:37Z,FanDuel Sportsbook structured market feed,,VA,NFL,35601246,Denver Broncos @ Kansas City Chiefs,2026-09-15T00:15:00.000Z,FanDuel,751.185117801,receiving_yards,Tyquan Thornton - Receiving Yds,,Tyquan Thornton,41074863,under,19.5,-114,1.87719298245614,0.5327102803738317,open,,,2026-09-10T00:15:37Z,,,,,v3-forward-measurement
2d68d078-b39d-429b-bd76-9b5ad748df75,abfe012f-9045-4cd5-9462-bd71c05663fe,2026-09-10T00:15:37Z,FanDuel Sportsbook structured market feed,,VA,NFL,35601246,Denver Broncos @ Kansas City Chiefs,2026-09-15T00:15:00.000Z,FanDuel,751.185163862,receiving_yards,Evan Engram - Receiving Yds,,Evan Engram,14807732,over,22.5,-114,1.87719298245614,0.5327102803738317,open,,,2026-09-10T00:15:37Z,,,,,v3-forward-measurement
2d68d078-b39d-429b-bd76-9b5ad748df75,a51ef311-a0a5-4fa7-b962-db8f5a669ccd,2026-09-10T00:15:37Z,FanDuel Sportsbook structured market feed,,VA,NFL,35601246,Denver Broncos @ Kansas City Chiefs,2026-09-15T00:15:00.000Z,FanDuel,751.185163862,receiving_yards,Evan Engram - Receiving Yds,,Evan Engram,14807733,under,22.5,-114,1.87719298245614,0.5327102803738317,open,,,2026-09-10T00:15:37Z,,,,,v3-forward-measurement
2d68d078-b39d-429b-bd76-9b5ad748df75,41f3eafb-27bb-49b6-8f01-90b6f73df2b1,2026-09-10T00:15:37Z,FanDuel Sportsbook structured market feed,,VA,NFL,35601246,Denver Broncos @ Kansas City Chiefs,2026-09-15T00:15:00.000Z,FanDuel,751.185117804,receptions,Tyquan Thornton - Total Receptions,,Tyquan Thornton,41074864,over,1.5,106,2.06,0.4854368932038835,open,,,2026-09-10T00:15:37Z,,,,,v3-forward-measurement
2d68d078-b39d-429b-bd76-9b5ad748df75,e144a0f4-1bbe-449e-abcf-6cd41f146c7e,2026-09-10T00:15:37Z,FanDuel Sportsbook structured market feed,,VA,NFL,35601246,Denver Broncos @ Kansas City Chiefs,2026-09-15T00:15:00.000Z,FanDuel,751.185117804,receptions,Tyquan Thornton - Total Receptions,,Tyquan Thornton,41074863,under,1.5,-140,1.714285714285714,0.5833333333333334,open,,,2026-09-10T00:15:37Z,,,,,v3-forward-measurement
2d68d078-b39d-429b-bd76-9b5ad748df75,2b323b55-3c58-4f09-9bcb-fd0dbd0de574,2026-09-10T00:15:37Z,FanDuel Sportsbook structured market feed,,VA,NFL,35601246,Denver Broncos @ Kansas City Chiefs,2026-09-15T00:15:00.000Z,FanDuel,751.185260008,receptions,Adam Trautman - Total Receptions,,Adam Trautman,40905237,over,1.5,188,2.88,0.3472222222222222,open,,,2026-09-10T00:15:37Z,,,,,v3-forward-measurement
2d68d078-b39d-429b-bd76-9b5ad748df75,7a1a2564-38fb-43b6-91ea-50e4d7187046,2026-09-10T00:15:37Z,FanDuel Sportsbook structured market feed,,VA,NFL,35601246,Denver Broncos @ Kansas City Chiefs,2026-09-15T00:15:00.000Z,FanDuel,751.185260008,receptions,Adam Trautman - Total Receptions,,Adam Trautman,40905244,under,1.5,-260,1.384615384615385,0.7222222222222222,open,,,2026-09-10T00:15:37Z,,,,,v3-forward-measurement
2d68d078-b39d-429b-bd76-9b5ad748df75,d1397559-c7d7-4637-8c9c-a1627bcbf7f6,2026-09-10T00:15:37Z,FanDuel Sportsbook structured market feed,,VA,NFL,35601246,Denver Broncos @ Kansas City Chiefs,2026-09-15T00:15:00.000Z,FanDuel,751.185165139,receiving_yards,RJ Harvey - Receiving Yds,,RJ Harvey,50744298,over,16.5,-114,1.87719298245614,0.5327102803738317,open,,,2026-09-10T00:15:37Z,,,,,v3-forward-measurement
2d68d078-b39d-429b-bd76-9b5ad748df75,7c6bf94f-bcc8-4da1-bd7e-63509531eca1,2026-09-10T00:15:37Z,FanDuel Sportsbook structured market feed,,VA,NFL,35601246,Denver Broncos @ Kansas City Chiefs,2026-09-15T00:15:00.000Z,FanDuel,751.185165139,receiving_yards,RJ Harvey - Receiving Yds,,RJ Harvey,50744300,under,16.5,-114,1.87719298245614,0.5327102803738317,open,,,2026-09-10T00:15:37Z,,,,,v3-forward-measurement
2d68d078-b39d-429b-bd76-9b5ad748df75,5e3ac5bb-6c85-42f7-b895-641af6a4cae1,2026-09-10T00:15:37Z,FanDuel Sportsbook structured market feed,,VA,NFL,35601246,Denver Broncos @ Kansas City Chiefs,2026-09-15T00:15:00.000Z,FanDuel,751.183528696,receptions,Courtland Sutton - Total Receptions,,Courtland Sutton,16490004,over,4.5,124,2.24,0.44642857142857145,open,,,2026-09-10T00:15:37Z,,,,,v3-forward-measurement
2d68d078-b39d-429b-bd76-9b5ad748df75,3bc2d7c9-0ff2-43bb-abf9-4d80acc4b30c,2026-09-10T00:15:37Z,FanDuel Sportsbook structured market feed,,VA,NFL,35601246,Denver Broncos @ Kansas City Chiefs,2026-09-15T00:15:00.000Z,FanDuel,751.183528696,receptions,Courtland Sutton - Total Receptions,,Courtland Sutton,16490005,under,4.5,-166,1.602409638554217,0.6240601503759399,open,,,2026-09-10T00:15:37Z,,,,,v3-forward-measurement
2d68d078-b39d-429b-bd76-9b5ad748df75,922abb1d-7851-4581-8d2a-535ecaf42df7,2026-09-10T00:15:37Z,FanDuel Sportsbook structured market feed,,VA,NFL,35601246,Denver Broncos @ Kansas City Chiefs,2026-09-15T00:15:00.000Z,FanDuel,751.185163834,receptions,Evan Engram - Total Receptions,,Evan Engram,14807732,over,2.5,-130,1.769230769230769,0.5652173913043478,open,,,2026-09-10T00:15:37Z,,,,,v3-forward-measurement
2d68d078-b39d-429b-bd76-9b5ad748df75,6a936bab-247a-4881-b5f1-15a81abc0222,2026-09-10T00:15:37Z,FanDuel Sportsbook structured market feed,,VA,NFL,35601246,Denver Broncos @ Kansas City Chiefs,2026-09-15T00:15:00.000Z,FanDuel,751.185163834,receptions,Evan Engram - Total Receptions,,Evan Engram,14807733,under,2.5,-102,1.980392156862745,0.504950495049505,open,,,2026-09-10T00:15:37Z,,,,,v3-forward-measurement
2d68d078-b39d-429b-bd76-9b5ad748df75,53d648e8-26e5-4c5b-97c2-b138846a12a7,2026-09-10T00:15:37Z,FanDuel Sportsbook structured market feed,,VA,NFL,35601246,Denver Broncos @ Kansas City Chiefs,2026-09-15T00:15:00.000Z,FanDuel,751.185260009,receiving_yards,Adam Trautman - Receiving Yds,,Adam Trautman,40905237,over,8.5,-114,1.87719298245614,0.5327102803738317,open,,,2026-09-10T00:15:37Z,,,,,v3-forward-measurement
2d68d078-b39d-429b-bd76-9b5ad748df75,474e5743-747a-4b75-8602-5f78a15f0413,2026-09-10T00:15:37Z,FanDuel Sportsbook structured market feed,,VA,NFL,35601246,Denver Broncos @ Kansas City Chiefs,2026-09-15T00:15:00.000Z,FanDuel,751.185260009,receiving_yards,Adam Trautman - Receiving Yds,,Adam Trautman,40905244,under,8.5,-114,1.87719298245614,0.5327102803738317,open,,,2026-09-10T00:15:37Z,,,,,v3-forward-measurement
2d68d078-b39d-429b-bd76-9b5ad748df75,09f94d86-68f6-4bb4-82bc-b62216a107d6,2026-09-10T00:15:37Z,FanDuel Sportsbook structured market feed,,VA,NFL,35601246,Denver Broncos @ Kansas City Chiefs,2026-09-15T00:15:00.000Z,FanDuel,751.183528692,receiving_yards,Courtland Sutton - Receiving Yds,,Courtland Sutton,16490004,over,42.5,-114,1.87719298245614,0.5327102803738317,open,,,2026-09-10T00:15:37Z,,,,,v3-forward-measurement
2d68d078-b39d-429b-bd76-9b5ad748df75,9b3ed232-4683-445c-b91c-3d53eee23fc6,2026-09-10T00:15:37Z,FanDuel Sportsbook structured market feed,,VA,NFL,35601246,Denver Broncos @ Kansas City Chiefs,2026-09-15T00:15:00.000Z,FanDuel,751.183528692,receiving_yards,Courtland Sutton - Receiving Yds,,Courtland Sutton,16490005,under,42.5,-114,1.87719298245614,0.5327102803738317,open,,,2026-09-10T00:15:37Z,,,,,v3-forward-measurement
252e1723-e940-430e-8339-34c071e6a82b,f6978e39-4cc4-4ec2-a2a4-96c69f6816be,2026-09-10T00:15:37Z,FanDuel Sportsbook structured market feed,,VA,NFL,35607262,New England Patriots @ Seattle Seahawks,2026-09-10T00:15:00.000Z,FanDuel,751.181972898,passing_touchdowns,Drake Maye - Passing TDs,,Drake Maye,48103561,over,1.5,130,2.3,0.43478260869565216,open,,,2026-09-10T00:15:37Z,,,,,v3-forward-measurement
252e1723-e940-430e-8339-34c071e6a82b,361a4128-e68d-46e5-b1db-312d701bf243,2026-09-10T00:15:37Z,FanDuel Sportsbook structured market feed,,VA,NFL,35607262,New England Patriots @ Seattle Seahawks,2026-09-10T00:15:00.000Z,FanDuel,751.181972898,passing_touchdowns,Drake Maye - Passing TDs,,Drake Maye,48103562,under,1.5,-170,1.588235294117647,0.6296296296296297,open,,,2026-09-10T00:15:37Z,,,,,v3-forward-measurement
252e1723-e940-430e-8339-34c071e6a82b,3b65e672-873f-41c7-ac5a-0c64aaea3b67,2026-09-10T00:15:37Z,FanDuel Sportsbook structured market feed,,VA,NFL,35607262,New England Patriots @ Seattle Seahawks,2026-09-10T00:15:00.000Z,FanDuel,751.181972949,passing_yards,Drake Maye - Passing Yds,,Drake Maye,48103561,over,232.5,-113,1.884955752212389,0.5305164319248826,open,,,2026-09-10T00:15:37Z,,,,,v3-forward-measurement
252e1723-e940-430e-8339-34c071e6a82b,1aa57d56-b84b-44f6-ab3a-700633d25ff4,2026-09-10T00:15:37Z,FanDuel Sportsbook structured market feed,,VA,NFL,35607262,New England Patriots @ Seattle Seahawks,2026-09-10T00:15:00.000Z,FanDuel,751.181972949,passing_yards,Drake Maye - Passing Yds,,Drake Maye,48103562,under,232.5,-113,1.884955752212389,0.5305164319248826,open,,,2026-09-10T00:15:37Z,,,,,v3-forward-measurement
252e1723-e940-430e-8339-34c071e6a82b,8122e670-df06-40d1-8f3a-1360a8b27474,2026-09-10T00:15:37Z,FanDuel Sportsbook structured market feed,,VA,NFL,35607262,New England Patriots @ Seattle Seahawks,2026-09-10T00:15:00.000Z,FanDuel,751.181972904,passing_yards,Sam Darnold - Passing Yds,,Sam Darnold,16579527,over,228.5,-113,1.884955752212389,0.5305164319248826,open,,,2026-09-10T00:15:37Z,,,,,v3-forward-measurement
252e1723-e940-430e-8339-34c071e6a82b,2e4ba544-294e-4077-8137-d5e1c73f4ef3,2026-09-10T00:15:37Z,FanDuel Sportsbook structured market feed,,VA,NFL,35607262,New England Patriots @ Seattle Seahawks,2026-09-10T00:15:00.000Z,FanDuel,751.181972904,passing_yards,Sam Darnold - Passing Yds,,Sam Darnold,16579528,under,228.5,-113,1.884955752212389,0.5305164319248826,open,,,2026-09-10T00:15:37Z,,,,,v3-forward-measurement
252e1723-e940-430e-8339-34c071e6a82b,8342cf6d-4d81-4c00-a1b7-42f61837e3bd,2026-09-10T00:15:37Z,FanDuel Sportsbook structured market feed,,VA,NFL,35607262,New England Patriots @ Seattle Seahawks,2026-09-10T00:15:00.000Z,FanDuel,751.181972893,passing_touchdowns,Sam Darnold - Passing TDs,,Sam Darnold,16579527,over,1.5,112,2.12,0.4716981132075472,open,,,2026-09-10T00:15:37Z,,,,,v3-forward-measurement
252e1723-e940-430e-8339-34c071e6a82b,9f92d4c8-f43e-4a4a-8a77-6b376141ba83,2026-09-10T00:15:37Z,FanDuel Sportsbook structured market feed,,VA,NFL,35607262,New England Patriots @ Seattle Seahawks,2026-09-10T00:15:00.000Z,FanDuel,751.181972893,passing_touchdowns,Sam Darnold - Passing TDs,,Sam Darnold,16579528,under,1.5,-146,1.684931506849315,0.5934959349593496,open,,,2026-09-10T00:15:37Z,,,,,v3-forward-measurement
6394badf-4662-4beb-938e-71de4611c07a,7886b859-0c16-44be-b0b0-273a0e58d132,2026-09-10T00:15:37Z,FanDuel Sportsbook structured market feed,,VA,NFL,35607262,New England Patriots @ Seattle Seahawks,2026-09-10T00:15:00.000Z,FanDuel,751.181981485,rushing_yards,Sam Darnold - Rushing Yds,,Sam Darnold,16579527,over,5.5,-102,1.980392156862745,0.504950495049505,open,,,2026-09-10T00:15:37Z,,,,,v3-forward-measurement
6394badf-4662-4beb-938e-71de4611c07a,c967859a-9c82-49aa-a828-d368744af772,2026-09-10T00:15:37Z,FanDuel Sportsbook structured market feed,,VA,NFL,35607262,New England Patriots @ Seattle Seahawks,2026-09-10T00:15:00.000Z,FanDuel,751.181981485,rushing_yards,Sam Darnold - Rushing Yds,,Sam Darnold,16579528,under,5.5,-125,1.8,0.5555555555555556,open,,,2026-09-10T00:15:37Z,,,,,v3-forward-measurement
6394badf-4662-4beb-938e-71de4611c07a,fb20c8e5-fe98-4e93-af25-5a384f736dc9,2026-09-10T00:15:37Z,FanDuel Sportsbook structured market feed,,VA,NFL,35607262,New England Patriots @ Seattle Seahawks,2026-09-10T00:15:00.000Z,FanDuel,751.181978652,rushing_yards,Drake Maye - Rushing Yds,,Drake Maye,48103561,over,25.5,-113,1.884955752212389,0.5305164319248826,open,,,2026-09-10T00:15:37Z,,,,,v3-forward-measurement
6394badf-4662-4beb-938e-71de4611c07a,0c453240-2e4c-422a-9622-7f775aca84f1,2026-09-10T00:15:37Z,FanDuel Sportsbook structured market feed,,VA,NFL,35607262,New England Patriots @ Seattle Seahawks,2026-09-10T00:15:00.000Z,FanDuel,751.181978652,rushing_yards,Drake Maye - Rushing Yds,,Drake Maye,48103562,under,25.5,-113,1.884955752212389,0.5305164319248826,open,,,2026-09-10T00:15:37Z,,,,,v3-forward-measurement
6394badf-4662-4beb-938e-71de4611c07a,6451e7d5-16ee-4d05-bd01-a3d3b973e4e0,2026-09-10T00:15:37Z,FanDuel Sportsbook structured market feed,,VA,NFL,35607262,New England Patriots @ Seattle Seahawks,2026-09-10T00:15:00.000Z,FanDuel,751.181978424,rushing_yards,Jadarian Price - Rushing Yds,,Jadarian Price,101883640,over,50.5,-113,1.884955752212389,0.5305164319248826,open,,,2026-09-10T00:15:37Z,,,,,v3-forward-measurement
6394badf-4662-4beb-938e-71de4611c07a,3d5200da-441c-45a6-952c-96673e092049,2026-09-10T00:15:37Z,FanDuel Sportsbook structured market feed,,VA,NFL,35607262,New England Patriots @ Seattle Seahawks,2026-09-10T00:15:00.000Z,FanDuel,751.181978424,rushing_yards,Jadarian Price - Rushing Yds,,Jadarian Price,101883641,under,50.5,-113,1.884955752212389,0.5305164319248826,open,,,2026-09-10T00:15:37Z,,,,,v3-forward-measurement
6394badf-4662-4beb-938e-71de4611c07a,fa8a664c-1534-411b-b0f8-c16c1ab31669,2026-09-10T00:15:37Z,FanDuel Sportsbook structured market feed,,VA,NFL,35607262,New England Patriots @ Seattle Seahawks,2026-09-10T00:15:00.000Z,FanDuel,751.181978425,rushing_yards,George Holani - Rushing Yds,,George Holani,48141225,over,19.5,-113,1.884955752212389,0.5305164319248826,open,,,2026-09-10T00:15:37Z,,,,,v3-forward-measurement
6394badf-4662-4beb-938e-71de4611c07a,d39cc86f-6c91-44b9-8e82-b9be06422be0,2026-09-10T00:15:37Z,FanDuel Sportsbook structured market feed,,VA,NFL,35607262,New England Patriots @ Seattle Seahawks,2026-09-10T00:15:00.000Z,FanDuel,751.181978425,rushing_yards,George Holani - Rushing Yds,,George Holani,48141223,under,19.5,-113,1.884955752212389,0.5305164319248826,open,,,2026-09-10T00:15:37Z,,,,,v3-forward-measurement
6394badf-4662-4beb-938e-71de4611c07a,5a4c2013-9763-40a2-bb2f-d2240c647d6e,2026-09-10T00:15:37Z,FanDuel Sportsbook structured market feed,,VA,NFL,35607262,New England Patriots @ Seattle Seahawks,2026-09-10T00:15:00.000Z,FanDuel,751.181978427,rushing_yards,Rhamondre Stevenson - Rushing Yds,,Rhamondre Stevenson,40916587,over,57.5,-113,1.884955752212389,0.5305164319248826,open,,,2026-09-10T00:15:37Z,,,,,v3-forward-measurement
6394badf-4662-4beb-938e-71de4611c07a,6693b9a5-0866-46c2-84af-f084afc4f059,2026-09-10T00:15:37Z,FanDuel Sportsbook structured market feed,,VA,NFL,35607262,New England Patriots @ Seattle Seahawks,2026-09-10T00:15:00.000Z,FanDuel,751.181978427,rushing_yards,Rhamondre Stevenson - Rushing Yds,,Rhamondre Stevenson,40916584,under,57.5,-113,1.884955752212389,0.5305164319248826,open,,,2026-09-10T00:15:37Z,,,,,v3-forward-measurement
6394badf-4662-4beb-938e-71de4611c07a,0b08295e-c5ec-4c9e-86ef-976fd5277c59,2026-09-10T00:15:37Z,FanDuel Sportsbook structured market feed,,VA,NFL,35607262,New England Patriots @ Seattle Seahawks,2026-09-10T00:15:00.000Z,FanDuel,751.184116935,rushing_yards,Rashid Shaheed - Rushing Yds,,Rashid Shaheed,49450855,over,2.5,-102,1.980392156862745,0.504950495049505,open,,,2026-09-10T00:15:37Z,,,,,v3-forward-measurement
6394badf-4662-4beb-938e-71de4611c07a,780f6ab2-759f-40f6-8acd-8e463374e038,2026-09-10T00:15:37Z,FanDuel Sportsbook structured market feed,,VA,NFL,35607262,New England Patriots @ Seattle Seahawks,2026-09-10T00:15:00.000Z,FanDuel,751.184116935,rushing_yards,Rashid Shaheed - Rushing Yds,,Rashid Shaheed,49450856,under,2.5,-125,1.8,0.5555555555555556,open,,,2026-09-10T00:15:37Z,,,,,v3-forward-measurement
6394badf-4662-4beb-938e-71de4611c07a,563a61b2-c7cb-46c3-8c0e-722624c9dd67,2026-09-10T00:15:37Z,FanDuel Sportsbook structured market feed,,VA,NFL,35607262,New England Patriots @ Seattle Seahawks,2026-09-10T00:15:00.000Z,FanDuel,751.185528781,rushing_yards,Corey Kiner - Rushing Yds,,Corey Kiner,42258635,over,8.5,-122,1.819672131147541,0.5495495495495496,open,,,2026-09-10T00:15:37Z,,,,,v3-forward-measurement
6394badf-4662-4beb-938e-71de4611c07a,977eb546-ea11-45d4-a322-bba3bb857fcd,2026-09-10T00:15:37Z,FanDuel Sportsbook structured market feed,,VA,NFL,35607262,New England Patriots @ Seattle Seahawks,2026-09-10T00:15:00.000Z,FanDuel,751.185528781,rushing_yards,Corey Kiner - Rushing Yds,,Corey Kiner,42258636,under,8.5,-104,1.961538461538462,0.5098039215686274,open,,,2026-09-10T00:15:37Z,,,,,v3-forward-measurement
a1754076-e429-4403-bf3d-c2ce398b1708,ad257799-829d-4b56-bff6-1f4a11e17370,2026-09-10T00:15:37Z,FanDuel Sportsbook structured market feed,,VA,NFL,35607262,New England Patriots @ Seattle Seahawks,2026-09-10T00:15:00.000Z,FanDuel,751.183848470,receptions,Rhamondre Stevenson - Total Receptions,,Rhamondre Stevenson,40916587,over,3.5,116,2.16,0.46296296296296297,open,,,2026-09-10T00:15:37Z,,,,,v3-forward-measurement
a1754076-e429-4403-bf3d-c2ce398b1708,a492f8d7-3b01-4bb1-b9f4-66d2bb4a46d3,2026-09-10T00:15:37Z,FanDuel Sportsbook structured market feed,,VA,NFL,35607262,New England Patriots @ Seattle Seahawks,2026-09-10T00:15:00.000Z,FanDuel,751.183848470,receptions,Rhamondre Stevenson - Total Receptions,,Rhamondre Stevenson,40916584,under,3.5,-154,1.649350649350649,0.6062992125984252,open,,,2026-09-10T00:15:37Z,,,,,v3-forward-measurement
a1754076-e429-4403-bf3d-c2ce398b1708,75d50547-a621-4eb0-9fe2-a1d674cef026,2026-09-10T00:15:37Z,FanDuel Sportsbook structured market feed,,VA,NFL,35607262,New England Patriots @ Seattle Seahawks,2026-09-10T00:15:00.000Z,FanDuel,751.181982010,receptions,A.J. Brown - Total Receptions,,A.J. Brown,40913464,over,5.5,-106,1.943396226415094,0.5145631067961165,open,,,2026-09-10T00:15:37Z,,,,,v3-forward-measurement
a1754076-e429-4403-bf3d-c2ce398b1708,e806477f-68fc-4da7-94c9-15ec9d9c8756,2026-09-10T00:15:37Z,FanDuel Sportsbook structured market feed,,VA,NFL,35607262,New England Patriots @ Seattle Seahawks,2026-09-10T00:15:00.000Z,FanDuel,751.181982010,receptions,A.J. Brown - Total Receptions,,A.J. Brown,40913463,under,5.5,-125,1.8,0.5555555555555556,open,,,2026-09-10T00:15:37Z,,,,,v3-forward-measurement
a1754076-e429-4403-bf3d-c2ce398b1708,d4d355aa-fdeb-4127-b67c-246602094ccf,2026-09-10T00:15:37Z,FanDuel Sportsbook structured market feed,,VA,NFL,35607262,New England Patriots @ Seattle Seahawks,2026-09-10T00:15:00.000Z,FanDuel,751.182711369,receptions,Demario Douglas - Total Receptions,,Demario Douglas,41072009,over,1.5,-192,1.520833333333333,0.6575342465753424,open,,,2026-09-10T00:15:37Z,,,,,v3-forward-measurement
a1754076-e429-4403-bf3d-c2ce398b1708,d1c98a72-99ee-4760-a345-0c3011e70e61,2026-09-10T00:15:37Z,FanDuel Sportsbook structured market feed,,VA,NFL,35607262,New England Patriots @ Seattle Seahawks,2026-09-10T00:15:00.000Z,FanDuel,751.182711369,receptions,Demario Douglas - Total Receptions,,Demario Douglas,41072008,under,1.5,142,2.42,0.4132231404958678,open,,,2026-09-10T00:15:37Z,,,,,v3-forward-measurement
a1754076-e429-4403-bf3d-c2ce398b1708,03936ecc-3411-400b-bf16-8129e9bc48c5,2026-09-10T00:15:37Z,FanDuel Sportsbook structured market feed,,VA,NFL,35607262,New England Patriots @ Seattle Seahawks,2026-09-10T00:15:00.000Z,FanDuel,751.185632330,receptions,Mack Hollins - Total Receptions,,Mack Hollins,16919417,over,1.5,162,2.62,0.3816793893129771,open,,,2026-09-10T00:15:37Z,,,,,v3-forward-measurement
a1754076-e429-4403-bf3d-c2ce398b1708,015f1986-9a1c-4ef5-98b2-dada48c543e3,2026-09-10T00:15:37Z,FanDuel Sportsbook structured market feed,,VA,NFL,35607262,New England Patriots @ Seattle Seahawks,2026-09-10T00:15:00.000Z,FanDuel,751.185632330,receptions,Mack Hollins - Total Receptions,,Mack Hollins,16919418,under,1.5,-220,1.454545454545455,0.6875,open,,,2026-09-10T00:15:37Z,,,,,v3-forward-measurement
a1754076-e429-4403-bf3d-c2ce398b1708,afc2ddb2-8040-429c-9c57-7819b629b081,2026-09-10T00:15:37Z,FanDuel Sportsbook structured market feed,,VA,NFL,35607262,New England Patriots @ Seattle Seahawks,2026-09-10T00:15:00.000Z,FanDuel,751.185116370,receptions,George Holani - Total Receptions,,George Holani,48141225,over,1.5,-158,1.632911392405063,0.6124031007751938,open,,,2026-09-10T00:15:37Z,,,,,v3-forward-measurement
a1754076-e429-4403-bf3d-c2ce398b1708,fb52dabd-0da4-4b16-8ed6-ea3920988ee6,2026-09-10T00:15:37Z,FanDuel Sportsbook structured market feed,,VA,NFL,35607262,New England Patriots @ Seattle Seahawks,2026-09-10T00:15:00.000Z,FanDuel,751.185116370,receptions,George Holani - Total Receptions,,George Holani,48141223,under,1.5,118,2.18,0.45871559633027525,open,,,2026-09-10T00:15:37Z,,,,,v3-forward-measurement
a1754076-e429-4403-bf3d-c2ce398b1708,0e64fe45-c381-4e13-afae-b46aa827cf59,2026-09-10T00:15:37Z,FanDuel Sportsbook structured market feed,,VA,NFL,35607262,New England Patriots @ Seattle Seahawks,2026-09-10T00:15:00.000Z,FanDuel,751.185632328,receiving_yards,Mack Hollins - Receiving Yds,,Mack Hollins,16919417,over,8.5,-113,1.884955752212389,0.5305164319248826,open,,,2026-09-10T00:15:37Z,,,,,v3-forward-measurement
a1754076-e429-4403-bf3d-c2ce398b1708,f53fab10-846d-4982-bf64-af75a1ad6dad,2026-09-10T00:15:37Z,FanDuel Sportsbook structured market feed,,VA,NFL,35607262,New England Patriots @ Seattle Seahawks,2026-09-10T00:15:00.000Z,FanDuel,751.185632328,receiving_yards,Mack Hollins - Receiving Yds,,Mack Hollins,16919418,under,8.5,-113,1.884955752212389,0.5305164319248826,open,,,2026-09-10T00:15:37Z,,,,,v3-forward-measurement
a1754076-e429-4403-bf3d-c2ce398b1708,f10f4c8b-d692-42b0-b4a8-ac69ce4bde95,2026-09-10T00:15:37Z,FanDuel Sportsbook structured market feed,,VA,NFL,35607262,New England Patriots @ Seattle Seahawks,2026-09-10T00:15:00.000Z,FanDuel,751.185702069,receptions,Eli Raridon - Total Receptions,,Eli Raridon,102667494,over,0.5,-138,1.72463768115942,0.5798319327731093,open,,,2026-09-10T00:15:37Z,,,,,v3-forward-measurement
a1754076-e429-4403-bf3d-c2ce398b1708,127b71ac-955e-4b83-973b-337fa73c3f13,2026-09-10T00:15:37Z,FanDuel Sportsbook structured market feed,,VA,NFL,35607262,New England Patriots @ Seattle Seahawks,2026-09-10T00:15:00.000Z,FanDuel,751.185702069,receptions,Eli Raridon - Total Receptions,,Eli Raridon,102667483,under,0.5,104,2.04,0.49019607843137253,open,,,2026-09-10T00:15:37Z,,,,,v3-forward-measurement
a1754076-e429-4403-bf3d-c2ce398b1708,b8d3d2f7-86cb-4e79-b4c3-dd1f4ab5afa2,2026-09-10T00:15:37Z,FanDuel Sportsbook structured market feed,,VA,NFL,35607262,New England Patriots @ Seattle Seahawks,2026-09-10T00:15:00.000Z,FanDuel,751.185704446,receiving_yards,Kyle Williams - Receiving Yds,,Kyle Williams,48906254,over,0.5,168,2.68,0.373134328358209,open,,,2026-09-10T00:15:37Z,,,,,v3-forward-measurement
a1754076-e429-4403-bf3d-c2ce398b1708,d7dc1a67-bf8b-4c08-add2-476f7bcfd717,2026-09-10T00:15:37Z,FanDuel Sportsbook structured market feed,,VA,NFL,35607262,New England Patriots @ Seattle Seahawks,2026-09-10T00:15:00.000Z,FanDuel,751.185704446,receiving_yards,Kyle Williams - Receiving Yds,,Kyle Williams,48906255,under,0.5,-220,1.454545454545455,0.6875,open,,,2026-09-10T00:15:37Z,,,,,v3-forward-measurement
a1754076-e429-4403-bf3d-c2ce398b1708,647fe8a8-b38c-460a-a406-026cb9c0d9d8,2026-09-10T00:15:37Z,FanDuel Sportsbook structured market feed,,VA,NFL,35607262,New England Patriots @ Seattle Seahawks,2026-09-10T00:15:00.000Z,FanDuel,751.181985299,receptions,AJ Barner - Total Receptions,,AJ Barner,48063414,over,2.5,-144,1.694444444444444,0.5901639344262295,open,,,2026-09-10T00:15:37Z,,,,,v3-forward-measurement
a1754076-e429-4403-bf3d-c2ce398b1708,ca45d5df-e016-4c27-b283-f54d32cbb20c,2026-09-10T00:15:37Z,FanDuel Sportsbook structured market feed,,VA,NFL,35607262,New England Patriots @ Seattle Seahawks,2026-09-10T00:15:00.000Z,FanDuel,751.181985299,receptions,AJ Barner - Total Receptions,,AJ Barner,48063412,under,2.5,108,2.08,0.4807692307692308,open,,,2026-09-10T00:15:37Z,,,,,v3-forward-measurement
a1754076-e429-4403-bf3d-c2ce398b1708,8b0d670c-0bdb-44c1-8d5c-a91873084a9f,2026-09-10T00:15:37Z,FanDuel Sportsbook structured market feed,,VA,NFL,35607262,New England Patriots @ Seattle Seahawks,2026-09-10T00:15:00.000Z,FanDuel,751.185704448,receptions,Kyle Williams - Total Receptions,,Kyle Williams,48906254,over,0.5,134,2.34,0.42735042735042733,open,,,2026-09-10T00:15:37Z,,,,,v3-forward-measurement
a1754076-e429-4403-bf3d-c2ce398b1708,642222f7-7f78-4a36-bed1-8cb25eeff8c7,2026-09-10T00:15:37Z,FanDuel Sportsbook structured market feed,,VA,NFL,35607262,New England Patriots @ Seattle Seahawks,2026-09-10T00:15:00.000Z,FanDuel,751.185704448,receptions,Kyle Williams - Total Receptions,,Kyle Williams,48906255,under,0.5,-180,1.555555555555556,0.6428571428571429,open,,,2026-09-10T00:15:37Z,,,,,v3-forward-measurement
a1754076-e429-4403-bf3d-c2ce398b1708,848553ff-1577-47ba-a4ea-4f7aad585076,2026-09-10T00:15:37Z,FanDuel Sportsbook structured market feed,,VA,NFL,35607262,New England Patriots @ Seattle Seahawks,2026-09-10T00:15:00.000Z,FanDuel,751.182711373,receiving_yards,Hunter Henry - Receiving Yds,,Hunter Henry,11851338,over,33.5,-113,1.884955752212389,0.5305164319248826,open,,,2026-09-10T00:15:37Z,,,,,v3-forward-measurement
a1754076-e429-4403-bf3d-c2ce398b1708,5a6e1af6-bfa8-4bcd-ba6d-b72631de990a,2026-09-10T00:15:37Z,FanDuel Sportsbook structured market feed,,VA,NFL,35607262,New England Patriots @ Seattle Seahawks,2026-09-10T00:15:00.000Z,FanDuel,751.182711373,receiving_yards,Hunter Henry - Receiving Yds,,Hunter Henry,11851337,under,33.5,-113,1.884955752212389,0.5305164319248826,open,,,2026-09-10T00:15:37Z,,,,,v3-forward-measurement
a1754076-e429-4403-bf3d-c2ce398b1708,06d39df7-eaba-4a15-89b1-999c24b21085,2026-09-10T00:15:37Z,FanDuel Sportsbook structured market feed,,VA,NFL,35607262,New England Patriots @ Seattle Seahawks,2026-09-10T00:15:00.000Z,FanDuel,751.181981813,receptions,Jaxon Smith-Njigba - Total Receptions,,Jaxon Smith-Njigba,41158865,over,6.5,-106,1.943396226415094,0.5145631067961165,open,,,2026-09-10T00:15:37Z,,,,,v3-forward-measurement
a1754076-e429-4403-bf3d-c2ce398b1708,13fc29a5-b4fd-4808-bb06-694e9e82ec36,2026-09-10T00:15:37Z,FanDuel Sportsbook structured market feed,,VA,NFL,35607262,New England Patriots @ Seattle Seahawks,2026-09-10T00:15:00.000Z,FanDuel,751.181981813,receptions,Jaxon Smith-Njigba - Total Receptions,,Jaxon Smith-Njigba,41158864,under,6.5,-125,1.8,0.5555555555555556,open,,,2026-09-10T00:15:37Z,,,,,v3-forward-measurement
a1754076-e429-4403-bf3d-c2ce398b1708,492c4ddd-dda2-4c00-8eeb-071596f93e69,2026-09-10T00:15:37Z,FanDuel Sportsbook structured market feed,,VA,NFL,35607262,New England Patriots @ Seattle Seahawks,2026-09-10T00:15:00.000Z,FanDuel,751.182711374,receiving_yards,Demario Douglas - Receiving Yds,,Demario Douglas,41072009,over,20.5,-113,1.884955752212389,0.5305164319248826,open,,,2026-09-10T00:15:37Z,,,,,v3-forward-measurement
a1754076-e429-4403-bf3d-c2ce398b1708,4f14578f-d799-47c7-a7ed-b9d0e86b908a,2026-09-10T00:15:37Z,FanDuel Sportsbook structured market feed,,VA,NFL,35607262,New England Patriots @ Seattle Seahawks,2026-09-10T00:15:00.000Z,FanDuel,751.182711374,receiving_yards,Demario Douglas - Receiving Yds,,Demario Douglas,41072008,under,20.5,-113,1.884955752212389,0.5305164319248826,open,,,2026-09-10T00:15:37Z,,,,,v3-forward-measurement
a1754076-e429-4403-bf3d-c2ce398b1708,b2175d67-0209-4f86-930d-87e173a47ddf,2026-09-10T00:15:37Z,FanDuel Sportsbook structured market feed,,VA,NFL,35607262,New England Patriots @ Seattle Seahawks,2026-09-10T00:15:00.000Z,FanDuel,751.182711375,receptions,Hunter Henry - Total Receptions,,Hunter Henry,11851338,over,3.5,148,2.48,0.4032258064516129,open,,,2026-09-10T00:15:37Z,,,,,v3-forward-measurement
a1754076-e429-4403-bf3d-c2ce398b1708,41ddc6e3-4127-457b-8fcf-b0fe95ed328e,2026-09-10T00:15:37Z,FanDuel Sportsbook structured market feed,,VA,NFL,35607262,New England Patriots @ Seattle Seahawks,2026-09-10T00:15:00.000Z,FanDuel,751.182711375,receptions,Hunter Henry - Total Receptions,,Hunter Henry,11851337,under,3.5,-200,1.5,0.6666666666666666,open,,,2026-09-10T00:15:37Z,,,,,v3-forward-measurement
a1754076-e429-4403-bf3d-c2ce398b1708,bc124e96-cbc4-485b-8743-31760b73f33e,2026-09-10T00:15:37Z,FanDuel Sportsbook structured market feed,,VA,NFL,35607262,New England Patriots @ Seattle Seahawks,2026-09-10T00:15:00.000Z,FanDuel,751.185661257,receptions,Elijah Arroyo - Total Receptions,,Elijah Arroyo,88882623,over,0.5,-215,1.465116279069767,0.6825396825396826,open,,,2026-09-10T00:15:37Z,,,,,v3-forward-measurement
a1754076-e429-4403-bf3d-c2ce398b1708,7272956c-6e12-4def-9ee8-76a73541e1b9,2026-09-10T00:15:37Z,FanDuel Sportsbook structured market feed,,VA,NFL,35607262,New England Patriots @ Seattle Seahawks,2026-09-10T00:15:00.000Z,FanDuel,751.185661257,receptions,Elijah Arroyo - Total Receptions,,Elijah Arroyo,88882645,under,0.5,158,2.58,0.3875968992248062,open,,,2026-09-10T00:15:37Z,,,,,v3-forward-measurement
a1754076-e429-4403-bf3d-c2ce398b1708,a4f511eb-06bd-4ca8-a4f6-cb7d6196e03b,2026-09-10T00:15:37Z,FanDuel Sportsbook structured market feed,,VA,NFL,35607262,New England Patriots @ Seattle Seahawks,2026-09-10T00:15:00.000Z,FanDuel,751.181981815,receiving_yards,Jaxon Smith-Njigba - Receiving Yds,,Jaxon Smith-Njigba,41158865,over,81.5,-113,1.884955752212389,0.5305164319248826,open,,,2026-09-10T00:15:37Z,,,,,v3-forward-measurement
a1754076-e429-4403-bf3d-c2ce398b1708,81339b6f-a7bb-4bab-9aab-7b384cc3129b,2026-09-10T00:15:37Z,FanDuel Sportsbook structured market feed,,VA,NFL,35607262,New England Patriots @ Seattle Seahawks,2026-09-10T00:15:00.000Z,FanDuel,751.181981815,receiving_yards,Jaxon Smith-Njigba - Receiving Yds,,Jaxon Smith-Njigba,41158864,under,81.5,-113,1.884955752212389,0.5305164319248826,open,,,2026-09-10T00:15:37Z,,,,,v3-forward-measurement
a1754076-e429-4403-bf3d-c2ce398b1708,dfbb5000-fb22-468e-8b7b-68b72db55f64,2026-09-10T00:15:37Z,FanDuel Sportsbook structured market feed,,VA,NFL,35607262,New England Patriots @ Seattle Seahawks,2026-09-10T00:15:00.000Z,FanDuel,751.185702070,receiving_yards,Eli Raridon - Receiving Yds,,Eli Raridon,102667494,over,6.5,-113,1.884955752212389,0.5305164319248826,open,,,2026-09-10T00:15:37Z,,,,,v3-forward-measurement
a1754076-e429-4403-bf3d-c2ce398b1708,9958da48-42da-4488-8cb9-d174f801f032,2026-09-10T00:15:37Z,FanDuel Sportsbook structured market feed,,VA,NFL,35607262,New England Patriots @ Seattle Seahawks,2026-09-10T00:15:00.000Z,FanDuel,751.185702070,receiving_yards,Eli Raridon - Receiving Yds,,Eli Raridon,102667483,under,6.5,-113,1.884955752212389,0.5305164319248826,open,,,2026-09-10T00:15:37Z,,,,,v3-forward-measurement
a1754076-e429-4403-bf3d-c2ce398b1708,00fa17bf-a83a-4bc4-9bd6-20547a7ca01a,2026-09-10T00:15:37Z,FanDuel Sportsbook structured market feed,,VA,NFL,35607262,New England Patriots @ Seattle Seahawks,2026-09-10T00:15:00.000Z,FanDuel,751.181983000,receptions,Rashid Shaheed - Total Receptions,,Rashid Shaheed,49450855,over,2.5,-112,1.892857142857143,0.5283018867924528,open,,,2026-09-10T00:15:37Z,,,,,v3-forward-measurement
a1754076-e429-4403-bf3d-c2ce398b1708,e25e3a6e-0e30-4d0e-a9a5-672b1194db73,2026-09-10T00:15:37Z,FanDuel Sportsbook structured market feed,,VA,NFL,35607262,New England Patriots @ Seattle Seahawks,2026-09-10T00:15:00.000Z,FanDuel,751.181983000,receptions,Rashid Shaheed - Total Receptions,,Rashid Shaheed,49450856,under,2.5,-118,1.847457627118644,0.5412844036697247,open,,,2026-09-10T00:15:37Z,,,,,v3-forward-measurement
a1754076-e429-4403-bf3d-c2ce398b1708,9f90d126-1f27-42bc-8e61-691616dce19c,2026-09-10T00:15:37Z,FanDuel Sportsbook structured market feed,,VA,NFL,35607262,New England Patriots @ Seattle Seahawks,2026-09-10T00:15:00.000Z,FanDuel,751.183848458,receiving_yards,Rhamondre Stevenson - Receiving Yds,,Rhamondre Stevenson,40916587,over,23.5,-113,1.884955752212389,0.5305164319248826,open,,,2026-09-10T00:15:37Z,,,,,v3-forward-measurement
a1754076-e429-4403-bf3d-c2ce398b1708,c56cfb1f-1e70-4974-ae83-1db8cd7b66a7,2026-09-10T00:15:37Z,FanDuel Sportsbook structured market feed,,VA,NFL,35607262,New England Patriots @ Seattle Seahawks,2026-09-10T00:15:00.000Z,FanDuel,751.183848458,receiving_yards,Rhamondre Stevenson - Receiving Yds,,Rhamondre Stevenson,40916584,under,23.5,-113,1.884955752212389,0.5305164319248826,open,,,2026-09-10T00:15:37Z,,,,,v3-forward-measurement
a1754076-e429-4403-bf3d-c2ce398b1708,fc138634-d436-4297-a9e4-d90a96e6b51d,2026-09-10T00:15:37Z,FanDuel Sportsbook structured market feed,,VA,NFL,35607262,New England Patriots @ Seattle Seahawks,2026-09-10T00:15:00.000Z,FanDuel,751.181985303,receiving_yards,AJ Barner - Receiving Yds,,AJ Barner,48063414,over,23.5,-113,1.884955752212389,0.5305164319248826,open,,,2026-09-10T00:15:37Z,,,,,v3-forward-measurement
a1754076-e429-4403-bf3d-c2ce398b1708,a04f8fd8-012b-4250-b7e5-9602485a8a5a,2026-09-10T00:15:37Z,FanDuel Sportsbook structured market feed,,VA,NFL,35607262,New England Patriots @ Seattle Seahawks,2026-09-10T00:15:00.000Z,FanDuel,751.181985303,receiving_yards,AJ Barner - Receiving Yds,,AJ Barner,48063412,under,23.5,-113,1.884955752212389,0.5305164319248826,open,,,2026-09-10T00:15:37Z,,,,,v3-forward-measurement
a1754076-e429-4403-bf3d-c2ce398b1708,731ca121-0339-4f2b-a682-c5e90bb85368,2026-09-10T00:15:37Z,FanDuel Sportsbook structured market feed,,VA,NFL,35607262,New England Patriots @ Seattle Seahawks,2026-09-10T00:15:00.000Z,FanDuel,751.184817447,receptions,Jadarian Price - Total Receptions,,Jadarian Price,101883640,over,1.5,114,2.14,0.4672897196261682,open,,,2026-09-10T00:15:37Z,,,,,v3-forward-measurement
a1754076-e429-4403-bf3d-c2ce398b1708,d79efc01-4aea-49cb-b0b6-203c27e571c7,2026-09-10T00:15:37Z,FanDuel Sportsbook structured market feed,,VA,NFL,35607262,New England Patriots @ Seattle Seahawks,2026-09-10T00:15:00.000Z,FanDuel,751.184817447,receptions,Jadarian Price - Total Receptions,,Jadarian Price,101883641,under,1.5,-152,1.657894736842105,0.6031746031746031,open,,,2026-09-10T00:15:37Z,,,,,v3-forward-measurement
a1754076-e429-4403-bf3d-c2ce398b1708,906044a4-fc35-4dec-a77a-5253e01eb9d3,2026-09-10T00:15:37Z,FanDuel Sportsbook structured market feed,,VA,NFL,35607262,New England Patriots @ Seattle Seahawks,2026-09-10T00:15:00.000Z,FanDuel,751.181982234,receiving_yards,Romeo Doubs - Receiving Yds,,Romeo Doubs,42169650,over,35.5,-113,1.884955752212389,0.5305164319248826,open,,,2026-09-10T00:15:37Z,,,,,v3-forward-measurement
a1754076-e429-4403-bf3d-c2ce398b1708,c963e0be-f494-4588-ad85-60ef7fea8f3d,2026-09-10T00:15:37Z,FanDuel Sportsbook structured market feed,,VA,NFL,35607262,New England Patriots @ Seattle Seahawks,2026-09-10T00:15:00.000Z,FanDuel,751.181982234,receiving_yards,Romeo Doubs - Receiving Yds,,Romeo Doubs,42169657,under,35.5,-113,1.884955752212389,0.5305164319248826,open,,,2026-09-10T00:15:37Z,,,,,v3-forward-measurement
a1754076-e429-4403-bf3d-c2ce398b1708,b8aad52e-2279-47d8-af92-af19a2540f1c,2026-09-10T00:15:37Z,FanDuel Sportsbook structured market feed,,VA,NFL,35607262,New England Patriots @ Seattle Seahawks,2026-09-10T00:15:00.000Z,FanDuel,751.184817448,receiving_yards,Jadarian Price - Receiving Yds,,Jadarian Price,101883640,over,7.5,-113,1.884955752212389,0.5305164319248826,open,,,2026-09-10T00:15:37Z,,,,,v3-forward-measurement
a1754076-e429-4403-bf3d-c2ce398b1708,f9b39b32-2b61-485a-a3dd-9a768f061694,2026-09-10T00:15:37Z,FanDuel Sportsbook structured market feed,,VA,NFL,35607262,New England Patriots @ Seattle Seahawks,2026-09-10T00:15:00.000Z,FanDuel,751.184817448,receiving_yards,Jadarian Price - Receiving Yds,,Jadarian Price,101883641,under,7.5,-113,1.884955752212389,0.5305164319248826,open,,,2026-09-10T00:15:37Z,,,,,v3-forward-measurement
a1754076-e429-4403-bf3d-c2ce398b1708,9a917cc6-f23b-4ab5-9ed1-a57c1922fe8d,2026-09-10T00:15:37Z,FanDuel Sportsbook structured market feed,,VA,NFL,35607262,New England Patriots @ Seattle Seahawks,2026-09-10T00:15:00.000Z,FanDuel,751.181983001,receiving_yards,Rashid Shaheed - Receiving Yds,,Rashid Shaheed,49450855,over,32.5,-113,1.884955752212389,0.5305164319248826,open,,,2026-09-10T00:15:37Z,,,,,v3-forward-measurement
a1754076-e429-4403-bf3d-c2ce398b1708,47bf8571-9dab-4fc2-ac1b-c260e3979ba7,2026-09-10T00:15:37Z,FanDuel Sportsbook structured market feed,,VA,NFL,35607262,New England Patriots @ Seattle Seahawks,2026-09-10T00:15:00.000Z,FanDuel,751.181983001,receiving_yards,Rashid Shaheed - Receiving Yds,,Rashid Shaheed,49450856,under,32.5,-113,1.884955752212389,0.5305164319248826,open,,,2026-09-10T00:15:37Z,,,,,v3-forward-measurement
a1754076-e429-4403-bf3d-c2ce398b1708,4ef4bfc4-f382-4617-b00e-ea3a422b646e,2026-09-10T00:15:37Z,FanDuel Sportsbook structured market feed,,VA,NFL,35607262,New England Patriots @ Seattle Seahawks,2026-09-10T00:15:00.000Z,FanDuel,751.181982239,receptions,Romeo Doubs - Total Receptions,,Romeo Doubs,42169650,over,3.5,106,2.06,0.4854368932038835,open,,,2026-09-10T00:15:37Z,,,,,v3-forward-measurement
a1754076-e429-4403-bf3d-c2ce398b1708,5e13e628-b607-45a6-9ff4-142481371104,2026-09-10T00:15:37Z,FanDuel Sportsbook structured market feed,,VA,NFL,35607262,New England Patriots @ Seattle Seahawks,2026-09-10T00:15:00.000Z,FanDuel,751.181982239,receptions,Romeo Doubs - Total Receptions,,Romeo Doubs,42169657,under,3.5,-140,1.714285714285714,0.5833333333333334,open,,,2026-09-10T00:15:37Z,,,,,v3-forward-measurement
a1754076-e429-4403-bf3d-c2ce398b1708,1882e3f5-43ef-494b-97a5-d85c29efaad6,2026-09-10T00:15:37Z,FanDuel Sportsbook structured market feed,,VA,NFL,35607262,New England Patriots @ Seattle Seahawks,2026-09-10T00:15:00.000Z,FanDuel,751.185657149,receiving_yards,Elijah Arroyo - Receiving Yds,,Elijah Arroyo,88882623,over,9.5,-113,1.884955752212389,0.5305164319248826,open,,,2026-09-10T00:15:37Z,,,,,v3-forward-measurement
a1754076-e429-4403-bf3d-c2ce398b1708,7752ecd1-98af-4d07-9ac0-4d4fb221894a,2026-09-10T00:15:37Z,FanDuel Sportsbook structured market feed,,VA,NFL,35607262,New England Patriots @ Seattle Seahawks,2026-09-10T00:15:00.000Z,FanDuel,751.185657149,receiving_yards,Elijah Arroyo - Receiving Yds,,Elijah Arroyo,88882645,under,9.5,-113,1.884955752212389,0.5305164319248826,open,,,2026-09-10T00:15:37Z,,,,,v3-forward-measurement
a1754076-e429-4403-bf3d-c2ce398b1708,39727da1-3c9c-435f-9872-3968aaade9c6,2026-09-10T00:15:37Z,FanDuel Sportsbook structured market feed,,VA,NFL,35607262,New England Patriots @ Seattle Seahawks,2026-09-10T00:15:00.000Z,FanDuel,751.185116369,receiving_yards,George Holani - Receiving Yds,,George Holani,48141225,over,10.5,-113,1.884955752212389,0.5305164319248826,open,,,2026-09-10T00:15:37Z,,,,,v3-forward-measurement
a1754076-e429-4403-bf3d-c2ce398b1708,4aa6ae14-40c0-4300-9e49-3ca8769327f3,2026-09-10T00:15:37Z,FanDuel Sportsbook structured market feed,,VA,NFL,35607262,New England Patriots @ Seattle Seahawks,2026-09-10T00:15:00.000Z,FanDuel,751.185116369,receiving_yards,George Holani - Receiving Yds,,George Holani,48141223,under,10.5,-113,1.884955752212389,0.5305164319248826,open,,,2026-09-10T00:15:37Z,,,,,v3-forward-measurement
a1754076-e429-4403-bf3d-c2ce398b1708,6cc560c1-81a4-441a-81b8-6fbafa0333da,2026-09-10T00:15:37Z,FanDuel Sportsbook structured market feed,,VA,NFL,35607262,New England Patriots @ Seattle Seahawks,2026-09-10T00:15:00.000Z,FanDuel,751.181982007,receiving_yards,A.J. Brown - Receiving Yds,,A.J. Brown,40913464,over,64.5,-113,1.884955752212389,0.5305164319248826,open,,,2026-09-10T00:15:37Z,,,,,v3-forward-measurement
a1754076-e429-4403-bf3d-c2ce398b1708,72abc71d-d50b-4151-bb83-8ca22b7e4d0c,2026-09-10T00:15:37Z,FanDuel Sportsbook structured market feed,,VA,NFL,35607262,New England Patriots @ Seattle Seahawks,2026-09-10T00:15:00.000Z,FanDuel,751.181982007,receiving_yards,A.J. Brown - Receiving Yds,,A.J. Brown,40913463,under,64.5,-113,1.884955752212389,0.5305164319248826,open,,,2026-09-10T00:15:37Z,,,,,v3-forward-measurement
a1754076-e429-4403-bf3d-c2ce398b1708,9075a280-ef95-4d5e-9bad-10567ea8c1b8,2026-09-10T00:15:37Z,FanDuel Sportsbook structured market feed,,VA,NFL,35607262,New England Patriots @ Seattle Seahawks,2026-09-10T00:15:00.000Z,FanDuel,751.181982844,receptions,Cooper Kupp - Total Receptions,,Cooper Kupp,14944768,over,2.5,-132,1.757575757575758,0.5689655172413793,open,,,2026-09-10T00:15:37Z,,,,,v3-forward-measurement
a1754076-e429-4403-bf3d-c2ce398b1708,7e2f12ee-bef6-44d6-9c6a-3666b2ea6c75,2026-09-10T00:15:37Z,FanDuel Sportsbook structured market feed,,VA,NFL,35607262,New England Patriots @ Seattle Seahawks,2026-09-10T00:15:00.000Z,FanDuel,751.181982844,receptions,Cooper Kupp - Total Receptions,,Cooper Kupp,14944769,under,2.5,100,2,0.5,open,,,2026-09-10T00:15:37Z,,,,,v3-forward-measurement
a1754076-e429-4403-bf3d-c2ce398b1708,c1d44aed-1a75-46f2-bc31-38eda9e4c042,2026-09-10T00:15:37Z,FanDuel Sportsbook structured market feed,,VA,NFL,35607262,New England Patriots @ Seattle Seahawks,2026-09-10T00:15:00.000Z,FanDuel,751.181982849,receiving_yards,Cooper Kupp - Receiving Yds,,Cooper Kupp,14944768,over,29.5,-113,1.884955752212389,0.5305164319248826,open,,,2026-09-10T00:15:37Z,,,,,v3-forward-measurement
a1754076-e429-4403-bf3d-c2ce398b1708,d7bdf151-08b0-45d2-8872-9547f16b5ec4,2026-09-10T00:15:37Z,FanDuel Sportsbook structured market feed,,VA,NFL,35607262,New England Patriots @ Seattle Seahawks,2026-09-10T00:15:00.000Z,FanDuel,751.181982849,receiving_yards,Cooper Kupp - Receiving Yds,,Cooper Kupp,14944769,under,29.5,-113,1.884955752212389,0.5305164319248826,open,,,2026-09-10T00:15:37Z,,,,,v3-forward-measurement
641c9c8f-5a2f-4637-9e77-13cf714ea97b,9e3e3148-3197-43b3-bdee-65810a23af0b,2026-09-10T00:15:37Z,FanDuel Sportsbook structured market feed,,VA,NFL,35607426,Chicago Bears @ Carolina Panthers,2026-09-13T17:01:00.000Z,FanDuel,751.183908485,passing_touchdowns,Bryce Young - Passing TDs,,Bryce Young,41172024,over,1.5,112,2.12,0.4716981132075472,open,,,2026-09-10T00:15:37Z,,,,,v3-forward-measurement
641c9c8f-5a2f-4637-9e77-13cf714ea97b,ad70a779-fc85-4f32-90c3-9c3c1883feea,2026-09-10T00:15:37Z,FanDuel Sportsbook structured market feed,,VA,NFL,35607426,Chicago Bears @ Carolina Panthers,2026-09-13T17:01:00.000Z,FanDuel,751.183908485,passing_touchdowns,Bryce Young - Passing TDs,,Bryce Young,41172023,under,1.5,-148,1.675675675675676,0.5967741935483871,open,,,2026-09-10T00:15:37Z,,,,,v3-forward-measurement
641c9c8f-5a2f-4637-9e77-13cf714ea97b,4c80739b-6548-44c5-8ad4-d98593245cfd,2026-09-10T00:15:37Z,FanDuel Sportsbook structured market feed,,VA,NFL,35607426,Chicago Bears @ Carolina Panthers,2026-09-13T17:01:00.000Z,FanDuel,751.183908396,passing_yards,Bryce Young - Passing Yds,,Bryce Young,41172024,over,208.5,-114,1.87719298245614,0.5327102803738317,open,,,2026-09-10T00:15:37Z,,,,,v3-forward-measurement
641c9c8f-5a2f-4637-9e77-13cf714ea97b,b13ca036-fb7a-436f-afea-9fd72d1ab027,2026-09-10T00:15:37Z,FanDuel Sportsbook structured market feed,,VA,NFL,35607426,Chicago Bears @ Carolina Panthers,2026-09-13T17:01:00.000Z,FanDuel,751.183908396,passing_yards,Bryce Young - Passing Yds,,Bryce Young,41172023,under,208.5,-114,1.87719298245614,0.5327102803738317,open,,,2026-09-10T00:15:37Z,,,,,v3-forward-measurement
641c9c8f-5a2f-4637-9e77-13cf714ea97b,bb22dfc0-f01c-4fc1-8678-335e92a22ec3,2026-09-10T00:15:37Z,FanDuel Sportsbook structured market feed,,VA,NFL,35607426,Chicago Bears @ Carolina Panthers,2026-09-13T17:01:00.000Z,FanDuel,751.183908512,passing_yards,Caleb Williams - Passing Yds,,Caleb Williams,41519457,over,226.5,-114,1.87719298245614,0.5327102803738317,open,,,2026-09-10T00:15:37Z,,,,,v3-forward-measurement
641c9c8f-5a2f-4637-9e77-13cf714ea97b,86682369-bae1-446d-971a-edef1751e7a1,2026-09-10T00:15:37Z,FanDuel Sportsbook structured market feed,,VA,NFL,35607426,Chicago Bears @ Carolina Panthers,2026-09-13T17:01:00.000Z,FanDuel,751.183908512,passing_yards,Caleb Williams - Passing Yds,,Caleb Williams,41519458,under,226.5,-114,1.87719298245614,0.5327102803738317,open,,,2026-09-10T00:15:37Z,,,,,v3-forward-measurement
641c9c8f-5a2f-4637-9e77-13cf714ea97b,223e7a5e-035f-4ba3-ba5f-0b4118e6a757,2026-09-10T00:15:37Z,FanDuel Sportsbook structured market feed,,VA,NFL,35607426,Chicago Bears @ Carolina Panthers,2026-09-13T17:01:00.000Z,FanDuel,751.183908472,passing_touchdowns,Caleb Williams - Passing TDs,,Caleb Williams,41519457,over,1.5,-106,1.943396226415094,0.5145631067961165,open,,,2026-09-10T00:15:37Z,,,,,v3-forward-measurement
641c9c8f-5a2f-4637-9e77-13cf714ea97b,5320ab43-70b3-42e0-976d-88ab88286749,2026-09-10T00:15:37Z,FanDuel Sportsbook structured market feed,,VA,NFL,35607426,Chicago Bears @ Carolina Panthers,2026-09-13T17:01:00.000Z,FanDuel,751.183908472,passing_touchdowns,Caleb Williams - Passing TDs,,Caleb Williams,41519458,under,1.5,-125,1.8,0.5555555555555556,open,,,2026-09-10T00:15:37Z,,,,,v3-forward-measurement
a45e8c77-d1e9-47c1-8d9c-ad47fda32c4a,95e476b1-a750-4d9f-a0bc-7765672e1cc5,2026-09-10T00:15:37Z,FanDuel Sportsbook structured market feed,,VA,NFL,35607426,Chicago Bears @ Carolina Panthers,2026-09-13T17:01:00.000Z,FanDuel,751.183913513,rushing_yards,Bryce Young - Rushing Yds,,Bryce Young,41172024,over,13.5,-114,1.87719298245614,0.5327102803738317,open,,,2026-09-10T00:15:37Z,,,,,v3-forward-measurement
a45e8c77-d1e9-47c1-8d9c-ad47fda32c4a,597fc5ae-4e63-4f96-acc8-85f3e0b521fd,2026-09-10T00:15:37Z,FanDuel Sportsbook structured market feed,,VA,NFL,35607426,Chicago Bears @ Carolina Panthers,2026-09-13T17:01:00.000Z,FanDuel,751.183913513,rushing_yards,Bryce Young - Rushing Yds,,Bryce Young,41172023,under,13.5,-114,1.87719298245614,0.5327102803738317,open,,,2026-09-10T00:15:37Z,,,,,v3-forward-measurement
a45e8c77-d1e9-47c1-8d9c-ad47fda32c4a,6e7fa87f-11e6-45ce-a35e-2c734ee96893,2026-09-10T00:15:37Z,FanDuel Sportsbook structured market feed,,VA,NFL,35607426,Chicago Bears @ Carolina Panthers,2026-09-13T17:01:00.000Z,FanDuel,751.183913516,rushing_yards,Caleb Williams - Rushing Yds,,Caleb Williams,41519457,over,19.5,-114,1.87719298245614,0.5327102803738317,open,,,2026-09-10T00:15:37Z,,,,,v3-forward-measurement
a45e8c77-d1e9-47c1-8d9c-ad47fda32c4a,38c356df-abcd-45b2-a967-254cdc244eae,2026-09-10T00:15:37Z,FanDuel Sportsbook structured market feed,,VA,NFL,35607426,Chicago Bears @ Carolina Panthers,2026-09-13T17:01:00.000Z,FanDuel,751.183913516,rushing_yards,Caleb Williams - Rushing Yds,,Caleb Williams,41519458,under,19.5,-114,1.87719298245614,0.5327102803738317,open,,,2026-09-10T00:15:37Z,,,,,v3-forward-measurement
41015ee6-f095-48cb-9899-70d97762051e,5bb07bb4-3e20-43b0-81de-e07bc3d94009,2026-09-10T00:15:37Z,FanDuel Sportsbook structured market feed,,VA,NFL,35607426,Chicago Bears @ Carolina Panthers,2026-09-13T17:01:00.000Z,FanDuel,751.184982586,receptions,Xavier Legette - Total Receptions,,Xavier Legette,59996927,over,1.5,-225,1.444444444444444,0.6923076923076923,open,,,2026-09-10T00:15:37Z,,,,,v3-forward-measurement
41015ee6-f095-48cb-9899-70d97762051e,0c7d225f-f114-4e49-b683-3da89e4c40be,2026-09-10T00:15:37Z,FanDuel Sportsbook structured market feed,,VA,NFL,35607426,Chicago Bears @ Carolina Panthers,2026-09-13T17:01:00.000Z,FanDuel,751.184982586,receptions,Xavier Legette - Total Receptions,,Xavier Legette,59996922,under,1.5,164,2.64,0.3787878787878788,open,,,2026-09-10T00:15:37Z,,,,,v3-forward-measurement
41015ee6-f095-48cb-9899-70d97762051e,888d4801-21f4-4784-a581-1e7a9fee5c91,2026-09-10T00:15:37Z,FanDuel Sportsbook structured market feed,,VA,NFL,35607426,Chicago Bears @ Carolina Panthers,2026-09-13T17:01:00.000Z,FanDuel,751.183908446,receiving_yards,Tetairoa McMillan - Receiving Yds,,Tetairoa McMillan,50551859,over,58.5,-114,1.87719298245614,0.5327102803738317,open,,,2026-09-10T00:15:37Z,,,,,v3-forward-measurement
41015ee6-f095-48cb-9899-70d97762051e,67bf6a77-df27-4a34-bd09-6c2f8662392e,2026-09-10T00:15:37Z,FanDuel Sportsbook structured market feed,,VA,NFL,35607426,Chicago Bears @ Carolina Panthers,2026-09-13T17:01:00.000Z,FanDuel,751.183908446,receiving_yards,Tetairoa McMillan - Receiving Yds,,Tetairoa McMillan,50551858,under,58.5,-114,1.87719298245614,0.5327102803738317,open,,,2026-09-10T00:15:37Z,,,,,v3-forward-measurement
41015ee6-f095-48cb-9899-70d97762051e,5bc52999-78d7-48cb-895e-a629c52a58c1,2026-09-10T00:15:37Z,FanDuel Sportsbook structured market feed,,VA,NFL,35607426,Chicago Bears @ Carolina Panthers,2026-09-13T17:01:00.000Z,FanDuel,751.183908449,receptions,Luther Burden III - Total Receptions,,Luther Burden III,48308845,over,4.5,-138,1.72463768115942,0.5798319327731093,open,,,2026-09-10T00:15:37Z,,,,,v3-forward-measurement
41015ee6-f095-48cb-9899-70d97762051e,452c6378-95b9-4728-b30a-f010e614f0e8,2026-09-10T00:15:37Z,FanDuel Sportsbook structured market feed,,VA,NFL,35607426,Chicago Bears @ Carolina Panthers,2026-09-13T17:01:00.000Z,FanDuel,751.183908449,receptions,Luther Burden III - Total Receptions,,Luther Burden III,48308850,under,4.5,104,2.04,0.49019607843137253,open,,,2026-09-10T00:15:37Z,,,,,v3-forward-measurement
41015ee6-f095-48cb-9899-70d97762051e,fddda5bc-3a3d-4abe-9856-6b73f980b2c4,2026-09-10T00:15:37Z,FanDuel Sportsbook structured market feed,,VA,NFL,35607426,Chicago Bears @ Carolina Panthers,2026-09-13T17:01:00.000Z,FanDuel,751.183908427,receptions,Tetairoa McMillan - Total Receptions,,Tetairoa McMillan,50551859,over,4.5,-114,1.87719298245614,0.5327102803738317,open,,,2026-09-10T00:15:37Z,,,,,v3-forward-measurement
41015ee6-f095-48cb-9899-70d97762051e,5577bf0f-203e-47b1-9fae-e643dd552734,2026-09-10T00:15:37Z,FanDuel Sportsbook structured market feed,,VA,NFL,35607426,Chicago Bears @ Carolina Panthers,2026-09-13T17:01:00.000Z,FanDuel,751.183908427,receptions,Tetairoa McMillan - Total Receptions,,Tetairoa McMillan,50551858,under,4.5,-114,1.87719298245614,0.5327102803738317,open,,,2026-09-10T00:15:37Z,,,,,v3-forward-measurement
41015ee6-f095-48cb-9899-70d97762051e,dac5d060-3084-4883-9e68-af46ea380daf,2026-09-10T00:15:37Z,FanDuel Sportsbook structured market feed,,VA,NFL,35607426,Chicago Bears @ Carolina Panthers,2026-09-13T17:01:00.000Z,FanDuel,751.183908429,receiving_yards,Rome Odunze - Receiving Yds,,Rome Odunze,41522673,over,43.5,-114,1.87719298245614,0.5327102803738317,open,,,2026-09-10T00:15:37Z,,,,,v3-forward-measurement
41015ee6-f095-48cb-9899-70d97762051e,6ef66f9f-b1b8-4df7-b4a2-0a0741c27175,2026-09-10T00:15:37Z,FanDuel Sportsbook structured market feed,,VA,NFL,35607426,Chicago Bears @ Carolina Panthers,2026-09-13T17:01:00.000Z,FanDuel,751.183908429,receiving_yards,Rome Odunze - Receiving Yds,,Rome Odunze,41522672,under,43.5,-114,1.87719298245614,0.5327102803738317,open,,,2026-09-10T00:15:37Z,,,,,v3-forward-measurement
41015ee6-f095-48cb-9899-70d97762051e,3a445ed4-3a3c-4076-bb65-f30dc6959a3b,2026-09-10T00:15:37Z,FanDuel Sportsbook structured market feed,,VA,NFL,35607426,Chicago Bears @ Carolina Panthers,2026-09-13T17:01:00.000Z,FanDuel,751.183908505,receptions,Rome Odunze - Total Receptions,,Rome Odunze,41522673,over,3.5,106,2.06,0.4854368932038835,open,,,2026-09-10T00:15:37Z,,,,,v3-forward-measurement
41015ee6-f095-48cb-9899-70d97762051e,7be604e0-a8c4-43d3-bcec-bd9d5ceaeaae,2026-09-10T00:15:37Z,FanDuel Sportsbook structured market feed,,VA,NFL,35607426,Chicago Bears @ Carolina Panthers,2026-09-13T17:01:00.000Z,FanDuel,751.183908505,receptions,Rome Odunze - Total Receptions,,Rome Odunze,41522672,under,3.5,-140,1.714285714285714,0.5833333333333334,open,,,2026-09-10T00:15:37Z,,,,,v3-forward-measurement
41015ee6-f095-48cb-9899-70d97762051e,e66e509f-ab94-4e8e-95b8-c8da7c6f532b,2026-09-10T00:15:37Z,FanDuel Sportsbook structured market feed,,VA,NFL,35607426,Chicago Bears @ Carolina Panthers,2026-09-13T17:01:00.000Z,FanDuel,751.183908508,receiving_yards,Luther Burden III - Receiving Yds,,Luther Burden III,48308845,over,56.5,-114,1.87719298245614,0.5327102803738317,open,,,2026-09-10T00:15:37Z,,,,,v3-forward-measurement
41015ee6-f095-48cb-9899-70d97762051e,c1dbd2bb-1a0e-459f-8fb5-5caa83153414,2026-09-10T00:15:37Z,FanDuel Sportsbook structured market feed,,VA,NFL,35607426,Chicago Bears @ Carolina Panthers,2026-09-13T17:01:00.000Z,FanDuel,751.183908508,receiving_yards,Luther Burden III - Receiving Yds,,Luther Burden III,48308850,under,56.5,-114,1.87719298245614,0.5327102803738317,open,,,2026-09-10T00:15:37Z,,,,,v3-forward-measurement
41015ee6-f095-48cb-9899-70d97762051e,dc0e8f8e-280f-46e2-976a-b49cc1446556,2026-09-10T00:15:37Z,FanDuel Sportsbook structured market feed,,VA,NFL,35607426,Chicago Bears @ Carolina Panthers,2026-09-13T17:01:00.000Z,FanDuel,751.183908529,receiving_yards,Colston Loveland - Receiving Yds,,Colston Loveland,60018716,over,50.5,-114,1.87719298245614,0.5327102803738317,open,,,2026-09-10T00:15:37Z,,,,,v3-forward-measurement
41015ee6-f095-48cb-9899-70d97762051e,19369006-53cc-4174-b277-66e469c395d3,2026-09-10T00:15:37Z,FanDuel Sportsbook structured market feed,,VA,NFL,35607426,Chicago Bears @ Carolina Panthers,2026-09-13T17:01:00.000Z,FanDuel,751.183908529,receiving_yards,Colston Loveland - Receiving Yds,,Colston Loveland,60018717,under,50.5,-114,1.87719298245614,0.5327102803738317,open,,,2026-09-10T00:15:37Z,,,,,v3-forward-measurement
41015ee6-f095-48cb-9899-70d97762051e,f742c120-506f-4c45-8346-e423ed9cc918,2026-09-10T00:15:37Z,FanDuel Sportsbook structured market feed,,VA,NFL,35607426,Chicago Bears @ Carolina Panthers,2026-09-13T17:01:00.000Z,FanDuel,751.185487119,receiving_yards,Tommy Tremble - Receiving Yds,,Tommy Tremble,40913696,over,15.5,-114,1.87719298245614,0.5327102803738317,open,,,2026-09-10T00:15:37Z,,,,,v3-forward-measurement
41015ee6-f095-48cb-9899-70d97762051e,fe13b051-b067-4e55-9b3d-dfb19692ad76,2026-09-10T00:15:37Z,FanDuel Sportsbook structured market feed,,VA,NFL,35607426,Chicago Bears @ Carolina Panthers,2026-09-13T17:01:00.000Z,FanDuel,751.185487119,receiving_yards,Tommy Tremble - Receiving Yds,,Tommy Tremble,40913699,under,15.5,-114,1.87719298245614,0.5327102803738317,open,,,2026-09-10T00:15:37Z,,,,,v3-forward-measurement
41015ee6-f095-48cb-9899-70d97762051e,7ff21869-6aaf-446e-a1ae-6712638ae141,2026-09-10T00:15:37Z,FanDuel Sportsbook structured market feed,,VA,NFL,35607426,Chicago Bears @ Carolina Panthers,2026-09-13T17:01:00.000Z,FanDuel,751.184982580,receiving_yards,Xavier Legette - Receiving Yds,,Xavier Legette,59996927,over,18.5,-114,1.87719298245614,0.5327102803738317,open,,,2026-09-10T00:15:37Z,,,,,v3-forward-measurement
41015ee6-f095-48cb-9899-70d97762051e,b82e61f7-1083-41f3-968d-92dc68dda9a0,2026-09-10T00:15:37Z,FanDuel Sportsbook structured market feed,,VA,NFL,35607426,Chicago Bears @ Carolina Panthers,2026-09-13T17:01:00.000Z,FanDuel,751.184982580,receiving_yards,Xavier Legette - Receiving Yds,,Xavier Legette,59996922,under,18.5,-114,1.87719298245614,0.5327102803738317,open,,,2026-09-10T00:15:37Z,,,,,v3-forward-measurement
41015ee6-f095-48cb-9899-70d97762051e,59933907-dcab-4c3e-a3e1-daed6b320920,2026-09-10T00:15:37Z,FanDuel Sportsbook structured market feed,,VA,NFL,35607426,Chicago Bears @ Carolina Panthers,2026-09-13T17:01:00.000Z,FanDuel,751.184547997,receiving_yards,Cole Kmet - Receiving Yds,,Cole Kmet,37493030,over,14.5,-114,1.87719298245614,0.5327102803738317,open,,,2026-09-10T00:15:37Z,,,,,v3-forward-measurement
41015ee6-f095-48cb-9899-70d97762051e,9947a4f2-626d-4b1d-b7c9-5e6ce551d3e9,2026-09-10T00:15:37Z,FanDuel Sportsbook structured market feed,,VA,NFL,35607426,Chicago Bears @ Carolina Panthers,2026-09-13T17:01:00.000Z,FanDuel,751.184547997,receiving_yards,Cole Kmet - Receiving Yds,,Cole Kmet,37493029,under,14.5,-114,1.87719298245614,0.5327102803738317,open,,,2026-09-10T00:15:37Z,,,,,v3-forward-measurement
41015ee6-f095-48cb-9899-70d97762051e,6cac760d-aa74-45ac-bcf5-b0a78a01abed,2026-09-10T00:15:37Z,FanDuel Sportsbook structured market feed,,VA,NFL,35607426,Chicago Bears @ Carolina Panthers,2026-09-13T17:01:00.000Z,FanDuel,751.184547999,receptions,Cole Kmet - Total Receptions,,Cole Kmet,37493030,over,1.5,-138,1.72463768115942,0.5798319327731093,open,,,2026-09-10T00:15:37Z,,,,,v3-forward-measurement
41015ee6-f095-48cb-9899-70d97762051e,55d4c952-7f46-49d3-bb62-f0505da5c480,2026-09-10T00:15:37Z,FanDuel Sportsbook structured market feed,,VA,NFL,35607426,Chicago Bears @ Carolina Panthers,2026-09-13T17:01:00.000Z,FanDuel,751.184547999,receptions,Cole Kmet - Total Receptions,,Cole Kmet,37493029,under,1.5,104,2.04,0.49019607843137253,open,,,2026-09-10T00:15:37Z,,,,,v3-forward-measurement
41015ee6-f095-48cb-9899-70d97762051e,836bbccd-96ea-4ece-84bd-89ae8bf9f9ea,2026-09-10T00:15:37Z,FanDuel Sportsbook structured market feed,,VA,NFL,35607426,Chicago Bears @ Carolina Panthers,2026-09-13T17:01:00.000Z,FanDuel,751.183908457,receptions,Colston Loveland - Total Receptions,,Colston Loveland,60018716,over,4.5,-114,1.87719298245614,0.5327102803738317,open,,,2026-09-10T00:15:37Z,,,,,v3-forward-measurement
41015ee6-f095-48cb-9899-70d97762051e,d5a170d7-e18e-418c-b732-b16978f36df1,2026-09-10T00:15:37Z,FanDuel Sportsbook structured market feed,,VA,NFL,35607426,Chicago Bears @ Carolina Panthers,2026-09-13T17:01:00.000Z,FanDuel,751.183908457,receptions,Colston Loveland - Total Receptions,,Colston Loveland,60018717,under,4.5,-114,1.87719298245614,0.5327102803738317,open,,,2026-09-10T00:15:37Z,,,,,v3-forward-measurement
41015ee6-f095-48cb-9899-70d97762051e,2759d490-d99f-492a-90ec-c4cfeb3e6835,2026-09-10T00:15:37Z,FanDuel Sportsbook structured market feed,,VA,NFL,35607426,Chicago Bears @ Carolina Panthers,2026-09-13T17:01:00.000Z,FanDuel,751.185487129,receptions,Tommy Tremble - Total Receptions,,Tommy Tremble,40913696,over,1.5,-162,1.617283950617284,0.6183206106870229,open,,,2026-09-10T00:15:37Z,,,,,v3-forward-measurement
41015ee6-f095-48cb-9899-70d97762051e,f428dec7-3ea2-4ee4-88f5-602787e45e0b,2026-09-10T00:15:37Z,FanDuel Sportsbook structured market feed,,VA,NFL,35607426,Chicago Bears @ Carolina Panthers,2026-09-13T17:01:00.000Z,FanDuel,751.185487129,receptions,Tommy Tremble - Total Receptions,,Tommy Tremble,40913699,under,1.5,122,2.22,0.45045045045045046,open,,,2026-09-10T00:15:37Z,,,,,v3-forward-measurement
41015ee6-f095-48cb-9899-70d97762051e,51cd27d9-9893-4cc8-9f87-6a6b06df363f,2026-09-10T00:15:37Z,FanDuel Sportsbook structured market feed,,VA,NFL,35607426,Chicago Bears @ Carolina Panthers,2026-09-13T17:01:00.000Z,FanDuel,751.184547205,receiving_yards,Jalen Coker - Receiving Yds,,Jalen Coker,74451302,over,39.5,-114,1.87719298245614,0.5327102803738317,open,,,2026-09-10T00:15:37Z,,,,,v3-forward-measurement
41015ee6-f095-48cb-9899-70d97762051e,6fd12eec-112e-4fcb-9e01-ecfe6220186e,2026-09-10T00:15:37Z,FanDuel Sportsbook structured market feed,,VA,NFL,35607426,Chicago Bears @ Carolina Panthers,2026-09-13T17:01:00.000Z,FanDuel,751.184547205,receiving_yards,Jalen Coker - Receiving Yds,,Jalen Coker,74451301,under,39.5,-114,1.87719298245614,0.5327102803738317,open,,,2026-09-10T00:15:37Z,,,,,v3-forward-measurement
41015ee6-f095-48cb-9899-70d97762051e,e2998053-8ae9-4122-8d19-181d784f7980,2026-09-10T00:15:37Z,FanDuel Sportsbook structured market feed,,VA,NFL,35607426,Chicago Bears @ Carolina Panthers,2026-09-13T17:01:00.000Z,FanDuel,751.184547206,receptions,Jalen Coker - Total Receptions,,Jalen Coker,74451302,over,3.5,-128,1.78125,0.5614035087719298,open,,,2026-09-10T00:15:37Z,,,,,v3-forward-measurement
41015ee6-f095-48cb-9899-70d97762051e,2bb5ad63-6e52-4ed4-b80a-78aaaa372569,2026-09-10T00:15:37Z,FanDuel Sportsbook structured market feed,,VA,NFL,35607426,Chicago Bears @ Carolina Panthers,2026-09-13T17:01:00.000Z,FanDuel,751.184547206,receptions,Jalen Coker - Total Receptions,,Jalen Coker,74451301,under,3.5,-104,1.961538461538462,0.5098039215686274,open,,,2026-09-10T00:15:37Z,,,,,v3-forward-measurement
1df13689-e742-4e38-bb91-d24e9575ba77,197e06b1-4e28-4b59-905d-e1210f4b7002,2026-09-10T00:15:37Z,FanDuel Sportsbook structured market feed,,VA,NFL,35609018,Miami Dolphins @ Las Vegas Raiders,2026-09-13T20:26:00.000Z,FanDuel,751.184001788,passing_touchdowns,Malik Willis - Passing TDs,,Malik Willis,41071999,over,0.5,-220,1.454545454545455,0.6875,open,,,2026-09-10T00:15:37Z,,,,,v3-forward-measurement
1df13689-e742-4e38-bb91-d24e9575ba77,91a9273b-bc8e-4450-b9e6-e4cc7bc8abb0,2026-09-10T00:15:37Z,FanDuel Sportsbook structured market feed,,VA,NFL,35609018,Miami Dolphins @ Las Vegas Raiders,2026-09-13T20:26:00.000Z,FanDuel,751.184001788,passing_touchdowns,Malik Willis - Passing TDs,,Malik Willis,41072001,under,0.5,162,2.62,0.3816793893129771,open,,,2026-09-10T00:15:37Z,,,,,v3-forward-measurement
1df13689-e742-4e38-bb91-d24e9575ba77,5bb587c5-57f7-4ba7-9666-058339f140af,2026-09-10T00:15:37Z,FanDuel Sportsbook structured market feed,,VA,NFL,35609018,Miami Dolphins @ Las Vegas Raiders,2026-09-13T20:26:00.000Z,FanDuel,751.184001832,passing_yards,Kirk Cousins - Passing Yds,,Kirk Cousins,11889829,over,207.5,-114,1.87719298245614,0.5327102803738317,open,,,2026-09-10T00:15:37Z,,,,,v3-forward-measurement
1df13689-e742-4e38-bb91-d24e9575ba77,b2b31acb-ce98-45ad-871b-f9aba470261b,2026-09-10T00:15:37Z,FanDuel Sportsbook structured market feed,,VA,NFL,35609018,Miami Dolphins @ Las Vegas Raiders,2026-09-13T20:26:00.000Z,FanDuel,751.184001832,passing_yards,Kirk Cousins - Passing Yds,,Kirk Cousins,11889830,under,207.5,-114,1.87719298245614,0.5327102803738317,open,,,2026-09-10T00:15:37Z,,,,,v3-forward-measurement
1df13689-e742-4e38-bb91-d24e9575ba77,5d875adf-d46a-4b1b-ba4a-8907bf1826ea,2026-09-10T00:15:37Z,FanDuel Sportsbook structured market feed,,VA,NFL,35609018,Miami Dolphins @ Las Vegas Raiders,2026-09-13T20:26:00.000Z,FanDuel,751.184001812,passing_yards,Malik Willis - Passing Yds,,Malik Willis,41071999,over,184.5,-114,1.87719298245614,0.5327102803738317,open,,,2026-09-10T00:15:37Z,,,,,v3-forward-measurement
1df13689-e742-4e38-bb91-d24e9575ba77,e6af43d0-ddeb-4ae0-a139-ba6b6dcfc88e,2026-09-10T00:15:37Z,FanDuel Sportsbook structured market feed,,VA,NFL,35609018,Miami Dolphins @ Las Vegas Raiders,2026-09-13T20:26:00.000Z,FanDuel,751.184001812,passing_yards,Malik Willis - Passing Yds,,Malik Willis,41072001,under,184.5,-114,1.87719298245614,0.5327102803738317,open,,,2026-09-10T00:15:37Z,,,,,v3-forward-measurement
1df13689-e742-4e38-bb91-d24e9575ba77,52d350d3-976f-45b3-a5de-3cf9373f41cc,2026-09-10T00:15:37Z,FanDuel Sportsbook structured market feed,,VA,NFL,35609018,Miami Dolphins @ Las Vegas Raiders,2026-09-13T20:26:00.000Z,FanDuel,751.184001798,passing_touchdowns,Kirk Cousins - Passing TDs,,Kirk Cousins,11889829,over,1.5,142,2.42,0.4132231404958678,open,,,2026-09-10T00:15:37Z,,,,,v3-forward-measurement
1df13689-e742-4e38-bb91-d24e9575ba77,3f36bb64-0582-4c75-9f41-161235a44906,2026-09-10T00:15:37Z,FanDuel Sportsbook structured market feed,,VA,NFL,35609018,Miami Dolphins @ Las Vegas Raiders,2026-09-13T20:26:00.000Z,FanDuel,751.184001798,passing_touchdowns,Kirk Cousins - Passing TDs,,Kirk Cousins,11889830,under,1.5,-192,1.520833333333333,0.6575342465753424,open,,,2026-09-10T00:15:37Z,,,,,v3-forward-measurement
e2dbe209-5bce-4b6b-9a4b-fe37963bceae,def1e186-0d13-4c46-9605-647b0aff540b,2026-09-10T00:15:37Z,FanDuel Sportsbook structured market feed,,VA,NFL,35609018,Miami Dolphins @ Las Vegas Raiders,2026-09-13T20:26:00.000Z,FanDuel,751.185136427,rushing_yards,Malik Willis - Rushing Yds,,Malik Willis,41071999,over,39.5,-114,1.87719298245614,0.5327102803738317,open,,,2026-09-10T00:15:37Z,,,,,v3-forward-measurement
e2dbe209-5bce-4b6b-9a4b-fe37963bceae,ebb13176-5163-4ca8-8d74-f4bb191073e8,2026-09-10T00:15:37Z,FanDuel Sportsbook structured market feed,,VA,NFL,35609018,Miami Dolphins @ Las Vegas Raiders,2026-09-13T20:26:00.000Z,FanDuel,751.185136427,rushing_yards,Malik Willis - Rushing Yds,,Malik Willis,41072001,under,39.5,-114,1.87719298245614,0.5327102803738317,open,,,2026-09-10T00:15:37Z,,,,,v3-forward-measurement
e2dbe209-5bce-4b6b-9a4b-fe37963bceae,3576ddd0-8c44-4679-aeeb-eb32e6849c9d,2026-09-10T00:15:37Z,FanDuel Sportsbook structured market feed,,VA,NFL,35609018,Miami Dolphins @ Las Vegas Raiders,2026-09-13T20:26:00.000Z,FanDuel,751.185254634,rushing_yards,Kirk Cousins - Rushing Yds,,Kirk Cousins,11889829,over,0.5,120,2.2,0.45454545454545453,open,,,2026-09-10T00:15:37Z,,,,,v3-forward-measurement
e2dbe209-5bce-4b6b-9a4b-fe37963bceae,59fad6be-a778-498e-96f8-246b8b1e294f,2026-09-10T00:15:37Z,FanDuel Sportsbook structured market feed,,VA,NFL,35609018,Miami Dolphins @ Las Vegas Raiders,2026-09-13T20:26:00.000Z,FanDuel,751.185254634,rushing_yards,Kirk Cousins - Rushing Yds,,Kirk Cousins,11889830,under,0.5,-156,1.641025641025641,0.609375,open,,,2026-09-10T00:15:37Z,,,,,v3-forward-measurement
e2dbe209-5bce-4b6b-9a4b-fe37963bceae,a0c3c234-135f-4fdc-bab7-1cc595c4a508,2026-09-10T00:15:37Z,FanDuel Sportsbook structured market feed,,VA,NFL,35609018,Miami Dolphins @ Las Vegas Raiders,2026-09-13T20:26:00.000Z,FanDuel,751.185696403,rushing_yards,Ashton Jeanty - Rushing Yds,,Ashton Jeanty,59996483,over,57.5,-114,1.87719298245614,0.5327102803738317,open,,,2026-09-10T00:15:37Z,,,,,v3-forward-measurement
e2dbe209-5bce-4b6b-9a4b-fe37963bceae,726dbbe4-51e6-4faf-b1b4-b25eda62b391,2026-09-10T00:15:37Z,FanDuel Sportsbook structured market feed,,VA,NFL,35609018,Miami Dolphins @ Las Vegas Raiders,2026-09-13T20:26:00.000Z,FanDuel,751.185696403,rushing_yards,Ashton Jeanty - Rushing Yds,,Ashton Jeanty,59996482,under,57.5,-114,1.87719298245614,0.5327102803738317,open,,,2026-09-10T00:15:37Z,,,,,v3-forward-measurement
e2dbe209-5bce-4b6b-9a4b-fe37963bceae,6864003e-ec89-4bba-89a4-9a9bb93a39ad,2026-09-10T00:15:37Z,FanDuel Sportsbook structured market feed,,VA,NFL,35609018,Miami Dolphins @ Las Vegas Raiders,2026-09-13T20:26:00.000Z,FanDuel,751.184002435,rushing_yards,De'Von Achane - Rushing Yds,,De'Von Achane,61166678,over,68.5,-114,1.87719298245614,0.5327102803738317,open,,,2026-09-10T00:15:37Z,,,,,v3-forward-measurement
e2dbe209-5bce-4b6b-9a4b-fe37963bceae,d7dde71c-f90c-4340-ae6c-2af090945a73,2026-09-10T00:15:37Z,FanDuel Sportsbook structured market feed,,VA,NFL,35609018,Miami Dolphins @ Las Vegas Raiders,2026-09-13T20:26:00.000Z,FanDuel,751.184002435,rushing_yards,De'Von Achane - Rushing Yds,,De'Von Achane,61166679,under,68.5,-114,1.87719298245614,0.5327102803738317,open,,,2026-09-10T00:15:37Z,,,,,v3-forward-measurement
d2614ec2-ddfb-40fe-b182-629d9328b43c,a5e28d70-2bac-4df6-90d6-02862dceab99,2026-09-10T00:15:37Z,FanDuel Sportsbook structured market feed,,VA,NFL,35609018,Miami Dolphins @ Las Vegas Raiders,2026-09-13T20:26:00.000Z,FanDuel,751.185447438,receiving_yards,Jack Bech - Receiving Yds,,Jack Bech,41330988,over,18.5,-114,1.87719298245614,0.5327102803738317,open,,,2026-09-10T00:15:37Z,,,,,v3-forward-measurement
d2614ec2-ddfb-40fe-b182-629d9328b43c,d5565ed6-6a8d-483f-9ab8-a46dfd55e039,2026-09-10T00:15:37Z,FanDuel Sportsbook structured market feed,,VA,NFL,35609018,Miami Dolphins @ Las Vegas Raiders,2026-09-13T20:26:00.000Z,FanDuel,751.185447438,receiving_yards,Jack Bech - Receiving Yds,,Jack Bech,41330987,under,18.5,-114,1.87719298245614,0.5327102803738317,open,,,2026-09-10T00:15:37Z,,,,,v3-forward-measurement
d2614ec2-ddfb-40fe-b182-629d9328b43c,280c2a3c-8b31-41ac-8495-94de954b24b7,2026-09-10T00:15:37Z,FanDuel Sportsbook structured market feed,,VA,NFL,35609018,Miami Dolphins @ Las Vegas Raiders,2026-09-13T20:26:00.000Z,FanDuel,751.185050463,receiving_yards,Malik Washington - Receiving Yds,,Malik Washington,41433612,over,27.5,-114,1.87719298245614,0.5327102803738317,open,,,2026-09-10T00:15:37Z,,,,,v3-forward-measurement
d2614ec2-ddfb-40fe-b182-629d9328b43c,257be675-44ac-466c-a472-9e01692487ae,2026-09-10T00:15:37Z,FanDuel Sportsbook structured market feed,,VA,NFL,35609018,Miami Dolphins @ Las Vegas Raiders,2026-09-13T20:26:00.000Z,FanDuel,751.185050463,receiving_yards,Malik Washington - Receiving Yds,,Malik Washington,41433613,under,27.5,-114,1.87719298245614,0.5327102803738317,open,,,2026-09-10T00:15:37Z,,,,,v3-forward-measurement
d2614ec2-ddfb-40fe-b182-629d9328b43c,d8d89d30-e6e4-4035-9749-738232674b6d,2026-09-10T00:15:37Z,FanDuel Sportsbook structured market feed,,VA,NFL,35609018,Miami Dolphins @ Las Vegas Raiders,2026-09-13T20:26:00.000Z,FanDuel,751.185447436,receptions,Jack Bech - Total Receptions,,Jack Bech,41330988,over,1.5,-148,1.675675675675676,0.5967741935483871,open,,,2026-09-10T00:15:37Z,,,,,v3-forward-measurement
d2614ec2-ddfb-40fe-b182-629d9328b43c,0041ba7f-b2eb-486a-ad41-b12c5df70e97,2026-09-10T00:15:37Z,FanDuel Sportsbook structured market feed,,VA,NFL,35609018,Miami Dolphins @ Las Vegas Raiders,2026-09-13T20:26:00.000Z,FanDuel,751.185447436,receptions,Jack Bech - Total Receptions,,Jack Bech,41330987,under,1.5,112,2.12,0.4716981132075472,open,,,2026-09-10T00:15:37Z,,,,,v3-forward-measurement
d2614ec2-ddfb-40fe-b182-629d9328b43c,457b89c2-5f5a-4366-98e7-ae70e9d7ce10,2026-09-10T00:15:37Z,FanDuel Sportsbook structured market feed,,VA,NFL,35609018,Miami Dolphins @ Las Vegas Raiders,2026-09-13T20:26:00.000Z,FanDuel,751.184007905,receiving_yards,Tre Tucker - Receiving Yds,,Tre Tucker,49580080,over,45.5,-114,1.87719298245614,0.5327102803738317,open,,,2026-09-10T00:15:37Z,,,,,v3-forward-measurement
d2614ec2-ddfb-40fe-b182-629d9328b43c,bf13e080-5341-42e7-8d22-ac15c6881849,2026-09-10T00:15:37Z,FanDuel Sportsbook structured market feed,,VA,NFL,35609018,Miami Dolphins @ Las Vegas Raiders,2026-09-13T20:26:00.000Z,FanDuel,751.184007905,receiving_yards,Tre Tucker - Receiving Yds,,Tre Tucker,49580078,under,45.5,-114,1.87719298245614,0.5327102803738317,open,,,2026-09-10T00:15:37Z,,,,,v3-forward-measurement
d2614ec2-ddfb-40fe-b182-629d9328b43c,007beeac-de3d-4174-8ed5-a20a020e0381,2026-09-10T00:15:37Z,FanDuel Sportsbook structured market feed,,VA,NFL,35609018,Miami Dolphins @ Las Vegas Raiders,2026-09-13T20:26:00.000Z,FanDuel,751.185062655,receptions,Caleb Douglas - Total Receptions,,Caleb Douglas,59967950,over,2.5,120,2.2,0.45454545454545453,open,,,2026-09-10T00:15:37Z,,,,,v3-forward-measurement
d2614ec2-ddfb-40fe-b182-629d9328b43c,287304a7-5d8c-40bf-aab7-bb637774b987,2026-09-10T00:15:37Z,FanDuel Sportsbook structured market feed,,VA,NFL,35609018,Miami Dolphins @ Las Vegas Raiders,2026-09-13T20:26:00.000Z,FanDuel,751.185062655,receptions,Caleb Douglas - Total Receptions,,Caleb Douglas,59967966,under,2.5,-160,1.625,0.6153846153846154,open,,,2026-09-10T00:15:37Z,,,,,v3-forward-measurement
d2614ec2-ddfb-40fe-b182-629d9328b43c,e3f0dae0-b8b8-409a-b5e4-2e5d802ba360,2026-09-10T00:15:37Z,FanDuel Sportsbook structured market feed,,VA,NFL,35609018,Miami Dolphins @ Las Vegas Raiders,2026-09-13T20:26:00.000Z,FanDuel,751.185696389,receptions,Ashton Jeanty - Total Receptions,,Ashton Jeanty,59996483,over,3.5,102,2.02,0.49504950495049505,open,,,2026-09-10T00:15:37Z,,,,,v3-forward-measurement
d2614ec2-ddfb-40fe-b182-629d9328b43c,e12d5b2f-a7a0-4714-9f9b-d06b9ea3b463,2026-09-10T00:15:37Z,FanDuel Sportsbook structured market feed,,VA,NFL,35609018,Miami Dolphins @ Las Vegas Raiders,2026-09-13T20:26:00.000Z,FanDuel,751.185696389,receptions,Ashton Jeanty - Total Receptions,,Ashton Jeanty,59996482,under,3.5,-136,1.735294117647059,0.576271186440678,open,,,2026-09-10T00:15:37Z,,,,,v3-forward-measurement
d2614ec2-ddfb-40fe-b182-629d9328b43c,b153c927-913a-47ec-b2c7-e02f34c9d0f6,2026-09-10T00:15:37Z,FanDuel Sportsbook structured market feed,,VA,NFL,35609018,Miami Dolphins @ Las Vegas Raiders,2026-09-13T20:26:00.000Z,FanDuel,751.184007903,receptions,Tre Tucker - Total Receptions,,Tre Tucker,49580080,over,4.5,106,2.06,0.4854368932038835,open,,,2026-09-10T00:15:37Z,,,,,v3-forward-measurement
d2614ec2-ddfb-40fe-b182-629d9328b43c,778df7c7-465d-4eb3-a7e7-41739aefa36d,2026-09-10T00:15:37Z,FanDuel Sportsbook structured market feed,,VA,NFL,35609018,Miami Dolphins @ Las Vegas Raiders,2026-09-13T20:26:00.000Z,FanDuel,751.184007903,receptions,Tre Tucker - Total Receptions,,Tre Tucker,49580078,under,4.5,-140,1.714285714285714,0.5833333333333334,open,,,2026-09-10T00:15:37Z,,,,,v3-forward-measurement
d2614ec2-ddfb-40fe-b182-629d9328b43c,120f7453-0297-4402-8add-cdaebe22d2d7,2026-09-10T00:15:37Z,FanDuel Sportsbook structured market feed,,VA,NFL,35609018,Miami Dolphins @ Las Vegas Raiders,2026-09-13T20:26:00.000Z,FanDuel,751.185696385,receiving_yards,Ashton Jeanty - Receiving Yds,,Ashton Jeanty,59996483,over,17.5,-114,1.87719298245614,0.5327102803738317,open,,,2026-09-10T00:15:37Z,,,,,v3-forward-measurement
d2614ec2-ddfb-40fe-b182-629d9328b43c,bcbf573c-dc58-44d4-ac7c-b9423739fd43,2026-09-10T00:15:37Z,FanDuel Sportsbook structured market feed,,VA,NFL,35609018,Miami Dolphins @ Las Vegas Raiders,2026-09-13T20:26:00.000Z,FanDuel,751.185696385,receiving_yards,Ashton Jeanty - Receiving Yds,,Ashton Jeanty,59996482,under,17.5,-114,1.87719298245614,0.5327102803738317,open,,,2026-09-10T00:15:37Z,,,,,v3-forward-measurement
d2614ec2-ddfb-40fe-b182-629d9328b43c,5493c616-0ef0-46d9-ba05-d93abfaf4c2d,2026-09-10T00:15:37Z,FanDuel Sportsbook structured market feed,,VA,NFL,35609018,Miami Dolphins @ Las Vegas Raiders,2026-09-13T20:26:00.000Z,FanDuel,751.184008124,receptions,De'Von Achane - Total Receptions,,De'Von Achane,61166678,over,4.5,122,2.22,0.45045045045045046,open,,,2026-09-10T00:15:37Z,,,,,v3-forward-measurement
d2614ec2-ddfb-40fe-b182-629d9328b43c,24386653-99da-43cc-baf5-fe51e263f201,2026-09-10T00:15:37Z,FanDuel Sportsbook structured market feed,,VA,NFL,35609018,Miami Dolphins @ Las Vegas Raiders,2026-09-13T20:26:00.000Z,FanDuel,751.184008124,receptions,De'Von Achane - Total Receptions,,De'Von Achane,61166679,under,4.5,-162,1.617283950617284,0.6183206106870229,open,,,2026-09-10T00:15:37Z,,,,,v3-forward-measurement
d2614ec2-ddfb-40fe-b182-629d9328b43c,517253fa-8346-407c-8e85-f0bcd1f1442c,2026-09-10T00:15:37Z,FanDuel Sportsbook structured market feed,,VA,NFL,35609018,Miami Dolphins @ Las Vegas Raiders,2026-09-13T20:26:00.000Z,FanDuel,751.185140997,receiving_yards,Michael Mayer - Receiving Yds,,Michael Mayer,41072736,over,37.5,-114,1.87719298245614,0.5327102803738317,open,,,2026-09-10T00:15:37Z,,,,,v3-forward-measurement
d2614ec2-ddfb-40fe-b182-629d9328b43c,8e99efbd-3eed-4b9c-8952-7a3005405918,2026-09-10T00:15:37Z,FanDuel Sportsbook structured market feed,,VA,NFL,35609018,Miami Dolphins @ Las Vegas Raiders,2026-09-13T20:26:00.000Z,FanDuel,751.185140997,receiving_yards,Michael Mayer - Receiving Yds,,Michael Mayer,41072735,under,37.5,-114,1.87719298245614,0.5327102803738317,open,,,2026-09-10T00:15:37Z,,,,,v3-forward-measurement
d2614ec2-ddfb-40fe-b182-629d9328b43c,bf41ab41-0977-4d92-9100-96cea78dd0e1,2026-09-10T00:15:37Z,FanDuel Sportsbook structured market feed,,VA,NFL,35609018,Miami Dolphins @ Las Vegas Raiders,2026-09-13T20:26:00.000Z,FanDuel,751.184008125,receiving_yards,De'Von Achane - Receiving Yds,,De'Von Achane,61166678,over,27.5,-114,1.87719298245614,0.5327102803738317,open,,,2026-09-10T00:15:37Z,,,,,v3-forward-measurement
d2614ec2-ddfb-40fe-b182-629d9328b43c,fe79c748-5e42-454f-ab35-a086c1e4bd64,2026-09-10T00:15:37Z,FanDuel Sportsbook structured market feed,,VA,NFL,35609018,Miami Dolphins @ Las Vegas Raiders,2026-09-13T20:26:00.000Z,FanDuel,751.184008125,receiving_yards,De'Von Achane - Receiving Yds,,De'Von Achane,61166679,under,27.5,-114,1.87719298245614,0.5327102803738317,open,,,2026-09-10T00:15:37Z,,,,,v3-forward-measurement
d2614ec2-ddfb-40fe-b182-629d9328b43c,100a7f2f-ad3c-4353-bf86-d70f190ef341,2026-09-10T00:15:37Z,FanDuel Sportsbook structured market feed,,VA,NFL,35609018,Miami Dolphins @ Las Vegas Raiders,2026-09-13T20:26:00.000Z,FanDuel,751.185140911,receptions,Jalen Nailor - Total Receptions,,Jalen Nailor,40975110,over,3.5,128,2.28,0.43859649122807015,open,,,2026-09-10T00:15:37Z,,,,,v3-forward-measurement
d2614ec2-ddfb-40fe-b182-629d9328b43c,56221c5e-acdf-4a87-912d-ff52628b6ed4,2026-09-10T00:15:37Z,FanDuel Sportsbook structured market feed,,VA,NFL,35609018,Miami Dolphins @ Las Vegas Raiders,2026-09-13T20:26:00.000Z,FanDuel,751.185140911,receptions,Jalen Nailor - Total Receptions,,Jalen Nailor,40975111,under,3.5,-172,1.581395348837209,0.6323529411764706,open,,,2026-09-10T00:15:37Z,,,,,v3-forward-measurement
d2614ec2-ddfb-40fe-b182-629d9328b43c,5aabb2b3-e2c9-47c1-831b-bbc3debcfca2,2026-09-10T00:15:37Z,FanDuel Sportsbook structured market feed,,VA,NFL,35609018,Miami Dolphins @ Las Vegas Raiders,2026-09-13T20:26:00.000Z,FanDuel,751.185140999,receptions,Michael Mayer - Total Receptions,,Michael Mayer,41072736,over,4.5,-114,1.87719298245614,0.5327102803738317,open,,,2026-09-10T00:15:37Z,,,,,v3-forward-measurement
d2614ec2-ddfb-40fe-b182-629d9328b43c,3260c503-234e-4dfe-ac00-4fb0acc03e05,2026-09-10T00:15:37Z,FanDuel Sportsbook structured market feed,,VA,NFL,35609018,Miami Dolphins @ Las Vegas Raiders,2026-09-13T20:26:00.000Z,FanDuel,751.185140999,receptions,Michael Mayer - Total Receptions,,Michael Mayer,41072735,under,4.5,-114,1.87719298245614,0.5327102803738317,open,,,2026-09-10T00:15:37Z,,,,,v3-forward-measurement
d2614ec2-ddfb-40fe-b182-629d9328b43c,d54c5b2b-7886-431f-9160-5a446b7ebc44,2026-09-10T00:15:37Z,FanDuel Sportsbook structured market feed,,VA,NFL,35609018,Miami Dolphins @ Las Vegas Raiders,2026-09-13T20:26:00.000Z,FanDuel,751.185050455,receptions,Malik Washington - Total Receptions,,Malik Washington,41433612,over,2.5,-158,1.632911392405063,0.6124031007751938,open,,,2026-09-10T00:15:37Z,,,,,v3-forward-measurement
d2614ec2-ddfb-40fe-b182-629d9328b43c,51b33b61-e52e-43d3-85c0-beef61ce1c1d,2026-09-10T00:15:37Z,FanDuel Sportsbook structured market feed,,VA,NFL,35609018,Miami Dolphins @ Las Vegas Raiders,2026-09-13T20:26:00.000Z,FanDuel,751.185050455,receptions,Malik Washington - Total Receptions,,Malik Washington,41433613,under,2.5,118,2.18,0.45871559633027525,open,,,2026-09-10T00:15:37Z,,,,,v3-forward-measurement
d2614ec2-ddfb-40fe-b182-629d9328b43c,896c9059-7f6f-416e-a19b-333e967f5441,2026-09-10T00:15:37Z,FanDuel Sportsbook structured market feed,,VA,NFL,35609018,Miami Dolphins @ Las Vegas Raiders,2026-09-13T20:26:00.000Z,FanDuel,751.185140909,receiving_yards,Jalen Nailor - Receiving Yds,,Jalen Nailor,40975110,over,33.5,-114,1.87719298245614,0.5327102803738317,open,,,2026-09-10T00:15:37Z,,,,,v3-forward-measurement
d2614ec2-ddfb-40fe-b182-629d9328b43c,4c08ba75-899a-44dc-8410-da33932e8e74,2026-09-10T00:15:37Z,FanDuel Sportsbook structured market feed,,VA,NFL,35609018,Miami Dolphins @ Las Vegas Raiders,2026-09-13T20:26:00.000Z,FanDuel,751.185140909,receiving_yards,Jalen Nailor - Receiving Yds,,Jalen Nailor,40975111,under,33.5,-114,1.87719298245614,0.5327102803738317,open,,,2026-09-10T00:15:37Z,,,,,v3-forward-measurement
d2614ec2-ddfb-40fe-b182-629d9328b43c,11d169e7-8ec1-49a6-8a32-59844ee6ca47,2026-09-10T00:15:37Z,FanDuel Sportsbook structured market feed,,VA,NFL,35609018,Miami Dolphins @ Las Vegas Raiders,2026-09-13T20:26:00.000Z,FanDuel,751.185062643,receiving_yards,Caleb Douglas - Receiving Yds,,Caleb Douglas,59967950,over,25.5,-114,1.87719298245614,0.5327102803738317,open,,,2026-09-10T00:15:37Z,,,,,v3-forward-measurement
d2614ec2-ddfb-40fe-b182-629d9328b43c,2e199f5a-f450-45aa-ac80-d805303ec1ba,2026-09-10T00:15:37Z,FanDuel Sportsbook structured market feed,,VA,NFL,35609018,Miami Dolphins @ Las Vegas Raiders,2026-09-13T20:26:00.000Z,FanDuel,751.185062643,receiving_yards,Caleb Douglas - Receiving Yds,,Caleb Douglas,59967966,under,25.5,-114,1.87719298245614,0.5327102803738317,open,,,2026-09-10T00:15:37Z,,,,,v3-forward-measurement
d2614ec2-ddfb-40fe-b182-629d9328b43c,2bcaa682-ae6f-44a1-8d25-e8e42b07c04e,2026-09-10T00:15:37Z,FanDuel Sportsbook structured market feed,,VA,NFL,35609018,Miami Dolphins @ Las Vegas Raiders,2026-09-13T20:26:00.000Z,FanDuel,751.185140626,receiving_yards,Greg Dulcich - Receiving Yds,,Greg Dulcich,41074189,over,26.5,-114,1.87719298245614,0.5327102803738317,open,,,2026-09-10T00:15:37Z,,,,,v3-forward-measurement
d2614ec2-ddfb-40fe-b182-629d9328b43c,e15da689-7b2f-48cb-9ecc-75cbe421e12d,2026-09-10T00:15:37Z,FanDuel Sportsbook structured market feed,,VA,NFL,35609018,Miami Dolphins @ Las Vegas Raiders,2026-09-13T20:26:00.000Z,FanDuel,751.185140626,receiving_yards,Greg Dulcich - Receiving Yds,,Greg Dulcich,41074187,under,26.5,-114,1.87719298245614,0.5327102803738317,open,,,2026-09-10T00:15:37Z,,,,,v3-forward-measurement
d2614ec2-ddfb-40fe-b182-629d9328b43c,aca73d84-b05f-42a7-bcc8-64e7ac61cc4b,2026-09-10T00:15:37Z,FanDuel Sportsbook structured market feed,,VA,NFL,35609018,Miami Dolphins @ Las Vegas Raiders,2026-09-13T20:26:00.000Z,FanDuel,751.185140628,receptions,Greg Dulcich - Total Receptions,,Greg Dulcich,41074189,over,2.5,-114,1.87719298245614,0.5327102803738317,open,,,2026-09-10T00:15:37Z,,,,,v3-forward-measurement
d2614ec2-ddfb-40fe-b182-629d9328b43c,2f6e6872-2d54-48b9-ac7a-901f13d1ca93,2026-09-10T00:15:37Z,FanDuel Sportsbook structured market feed,,VA,NFL,35609018,Miami Dolphins @ Las Vegas Raiders,2026-09-13T20:26:00.000Z,FanDuel,751.185140628,receptions,Greg Dulcich - Total Receptions,,Greg Dulcich,41074187,under,2.5,-114,1.87719298245614,0.5327102803738317,open,,,2026-09-10T00:15:37Z,,,,,v3-forward-measurement
ba45c6f9-836b-45f2-afc0-15c952ce679f,bcb4d973-5bca-4e23-bea0-ea44597bbe1a,2026-09-10T00:15:37Z,FanDuel Sportsbook structured market feed,,VA,NFL,35609019,Cleveland Browns @ Jacksonville Jaguars,2026-09-13T17:01:00.000Z,FanDuel,751.183935310,passing_yards,Deshaun Watson - Passing Yds,,Deshaun Watson,12302595,over,178.5,-114,1.87719298245614,0.5327102803738317,open,,,2026-09-10T00:15:37Z,,,,,v3-forward-measurement
ba45c6f9-836b-45f2-afc0-15c952ce679f,371ff921-3ffe-44e6-9d2c-9acd00b7bffb,2026-09-10T00:15:37Z,FanDuel Sportsbook structured market feed,,VA,NFL,35609019,Cleveland Browns @ Jacksonville Jaguars,2026-09-13T17:01:00.000Z,FanDuel,751.183935310,passing_yards,Deshaun Watson - Passing Yds,,Deshaun Watson,12302596,under,178.5,-114,1.87719298245614,0.5327102803738317,open,,,2026-09-10T00:15:37Z,,,,,v3-forward-measurement
ba45c6f9-836b-45f2-afc0-15c952ce679f,8000f267-9409-40e2-8f14-a5512cb3bf7b,2026-09-10T00:15:37Z,FanDuel Sportsbook structured market feed,,VA,NFL,35609019,Cleveland Browns @ Jacksonville Jaguars,2026-09-13T17:01:00.000Z,FanDuel,751.183935245,passing_touchdowns,Trevor Lawrence - Passing TDs,,Trevor Lawrence,22336735,over,1.5,-106,1.943396226415094,0.5145631067961165,open,,,2026-09-10T00:15:37Z,,,,,v3-forward-measurement
ba45c6f9-836b-45f2-afc0-15c952ce679f,ee139da1-8881-4bf0-baf7-3eede1621381,2026-09-10T00:15:37Z,FanDuel Sportsbook structured market feed,,VA,NFL,35609019,Cleveland Browns @ Jacksonville Jaguars,2026-09-13T17:01:00.000Z,FanDuel,751.183935245,passing_touchdowns,Trevor Lawrence - Passing TDs,,Trevor Lawrence,22336736,under,1.5,-125,1.8,0.5555555555555556,open,,,2026-09-10T00:15:37Z,,,,,v3-forward-measurement
ba45c6f9-836b-45f2-afc0-15c952ce679f,cea77928-d7fb-40d3-9dd7-c414acdf5591,2026-09-10T00:15:37Z,FanDuel Sportsbook structured market feed,,VA,NFL,35609019,Cleveland Browns @ Jacksonville Jaguars,2026-09-13T17:01:00.000Z,FanDuel,751.183935242,passing_touchdowns,Deshaun Watson - Passing TDs,,Deshaun Watson,12302595,over,0.5,-188,1.531914893617021,0.6527777777777778,open,,,2026-09-10T00:15:37Z,,,,,v3-forward-measurement
ba45c6f9-836b-45f2-afc0-15c952ce679f,10f13255-fb09-4232-9ba4-206d78624f2e,2026-09-10T00:15:37Z,FanDuel Sportsbook structured market feed,,VA,NFL,35609019,Cleveland Browns @ Jacksonville Jaguars,2026-09-13T17:01:00.000Z,FanDuel,751.183935242,passing_touchdowns,Deshaun Watson - Passing TDs,,Deshaun Watson,12302596,under,0.5,140,2.4,0.4166666666666667,open,,,2026-09-10T00:15:37Z,,,,,v3-forward-measurement
ba45c6f9-836b-45f2-afc0-15c952ce679f,a3b2afd1-88ce-4540-ac02-dd0990f3516a,2026-09-10T00:15:37Z,FanDuel Sportsbook structured market feed,,VA,NFL,35609019,Cleveland Browns @ Jacksonville Jaguars,2026-09-13T17:01:00.000Z,FanDuel,751.183935240,passing_yards,Trevor Lawrence - Passing Yds,,Trevor Lawrence,22336735,over,236.5,-114,1.87719298245614,0.5327102803738317,open,,,2026-09-10T00:15:37Z,,,,,v3-forward-measurement
ba45c6f9-836b-45f2-afc0-15c952ce679f,c237c488-9c10-440b-b1a7-165802e0cdc7,2026-09-10T00:15:37Z,FanDuel Sportsbook structured market feed,,VA,NFL,35609019,Cleveland Browns @ Jacksonville Jaguars,2026-09-13T17:01:00.000Z,FanDuel,751.183935240,passing_yards,Trevor Lawrence - Passing Yds,,Trevor Lawrence,22336736,under,236.5,-114,1.87719298245614,0.5327102803738317,open,,,2026-09-10T00:15:37Z,,,,,v3-forward-measurement
a5f9e2f1-9415-4f37-b965-1d2d0e1210ec,9e0c8054-85b5-43ae-94b6-1d484bc9432c,2026-09-10T00:15:37Z,FanDuel Sportsbook structured market feed,,VA,NFL,35609019,Cleveland Browns @ Jacksonville Jaguars,2026-09-13T17:01:00.000Z,FanDuel,751.183959324,rushing_yards,Bhayshul Tuten - Rushing Yds,,Bhayshul Tuten,60316188,over,50.5,-114,1.87719298245614,0.5327102803738317,open,,,2026-09-10T00:15:37Z,,,,,v3-forward-measurement
a5f9e2f1-9415-4f37-b965-1d2d0e1210ec,d630e4a9-3749-4d9d-a76e-dfefd306bb89,2026-09-10T00:15:37Z,FanDuel Sportsbook structured market feed,,VA,NFL,35609019,Cleveland Browns @ Jacksonville Jaguars,2026-09-13T17:01:00.000Z,FanDuel,751.183959324,rushing_yards,Bhayshul Tuten - Rushing Yds,,Bhayshul Tuten,60316191,under,50.5,-114,1.87719298245614,0.5327102803738317,open,,,2026-09-10T00:15:37Z,,,,,v3-forward-measurement
a5f9e2f1-9415-4f37-b965-1d2d0e1210ec,c9e74e9e-8388-4b22-8a8e-1d6f1586c7be,2026-09-10T00:15:37Z,FanDuel Sportsbook structured market feed,,VA,NFL,35609019,Cleveland Browns @ Jacksonville Jaguars,2026-09-13T17:01:00.000Z,FanDuel,751.185134684,rushing_yards,Deshaun Watson - Rushing Yds,,Deshaun Watson,12302595,over,19.5,-114,1.87719298245614,0.5327102803738317,open,,,2026-09-10T00:15:37Z,,,,,v3-forward-measurement
a5f9e2f1-9415-4f37-b965-1d2d0e1210ec,e0f5263e-ccad-45df-8256-3ff9a40dc7e3,2026-09-10T00:15:37Z,FanDuel Sportsbook structured market feed,,VA,NFL,35609019,Cleveland Browns @ Jacksonville Jaguars,2026-09-13T17:01:00.000Z,FanDuel,751.185134684,rushing_yards,Deshaun Watson - Rushing Yds,,Deshaun Watson,12302596,under,19.5,-114,1.87719298245614,0.5327102803738317,open,,,2026-09-10T00:15:37Z,,,,,v3-forward-measurement
a5f9e2f1-9415-4f37-b965-1d2d0e1210ec,487adbb4-9abe-49fa-b4bc-4d452fd4f225,2026-09-10T00:15:37Z,FanDuel Sportsbook structured market feed,,VA,NFL,35609019,Cleveland Browns @ Jacksonville Jaguars,2026-09-13T17:01:00.000Z,FanDuel,751.183959327,rushing_yards,Chris Rodriguez Jr. - Rushing Yds,,Chris Rodriguez Jr.,41073257,over,33.5,-114,1.87719298245614,0.5327102803738317,open,,,2026-09-10T00:15:37Z,,,,,v3-forward-measurement
a5f9e2f1-9415-4f37-b965-1d2d0e1210ec,db6643b2-e7e3-4d6f-a92b-8fba2469f7e7,2026-09-10T00:15:37Z,FanDuel Sportsbook structured market feed,,VA,NFL,35609019,Cleveland Browns @ Jacksonville Jaguars,2026-09-13T17:01:00.000Z,FanDuel,751.183959327,rushing_yards,Chris Rodriguez Jr. - Rushing Yds,,Chris Rodriguez Jr.,41073256,under,33.5,-114,1.87719298245614,0.5327102803738317,open,,,2026-09-10T00:15:37Z,,,,,v3-forward-measurement
a5f9e2f1-9415-4f37-b965-1d2d0e1210ec,a4c8a431-d9d4-43a9-adb2-2474bc5eee05,2026-09-10T00:15:37Z,FanDuel Sportsbook structured market feed,,VA,NFL,35609019,Cleveland Browns @ Jacksonville Jaguars,2026-09-13T17:01:00.000Z,FanDuel,751.183935361,rushing_yards,Quinshon Judkins - Rushing Yds,,Quinshon Judkins,48906497,over,58.5,-114,1.87719298245614,0.5327102803738317,open,,,2026-09-10T00:15:37Z,,,,,v3-forward-measurement
a5f9e2f1-9415-4f37-b965-1d2d0e1210ec,2df99a03-0d94-4001-a5a3-37ff48634098,2026-09-10T00:15:37Z,FanDuel Sportsbook structured market feed,,VA,NFL,35609019,Cleveland Browns @ Jacksonville Jaguars,2026-09-13T17:01:00.000Z,FanDuel,751.183935361,rushing_yards,Quinshon Judkins - Rushing Yds,,Quinshon Judkins,48906496,under,58.5,-114,1.87719298245614,0.5327102803738317,open,,,2026-09-10T00:15:37Z,,,,,v3-forward-measurement
a5f9e2f1-9415-4f37-b965-1d2d0e1210ec,11067985-8ee1-4e23-aca4-94a41b70a2b8,2026-09-10T00:15:37Z,FanDuel Sportsbook structured market feed,,VA,NFL,35609019,Cleveland Browns @ Jacksonville Jaguars,2026-09-13T17:01:00.000Z,FanDuel,751.183961486,rushing_yards,Trevor Lawrence - Rushing Yds,,Trevor Lawrence,22336735,over,16.5,-114,1.87719298245614,0.5327102803738317,open,,,2026-09-10T00:15:37Z,,,,,v3-forward-measurement
a5f9e2f1-9415-4f37-b965-1d2d0e1210ec,3793e8f9-6269-42fa-a029-a7217216b7f1,2026-09-10T00:15:37Z,FanDuel Sportsbook structured market feed,,VA,NFL,35609019,Cleveland Browns @ Jacksonville Jaguars,2026-09-13T17:01:00.000Z,FanDuel,751.183961486,rushing_yards,Trevor Lawrence - Rushing Yds,,Trevor Lawrence,22336736,under,16.5,-114,1.87719298245614,0.5327102803738317,open,,,2026-09-10T00:15:37Z,,,,,v3-forward-measurement
61c79fd3-4cc1-4ded-b877-4246487f2cd8,83de1f63-dd7b-4fee-889b-21500742ba32,2026-09-10T00:15:37Z,FanDuel Sportsbook structured market feed,,VA,NFL,35609019,Cleveland Browns @ Jacksonville Jaguars,2026-09-13T17:01:00.000Z,FanDuel,751.183962624,receptions,KC Concepcion - Total Receptions,,KC Concepcion,102320458,over,3.5,102,2.02,0.49504950495049505,open,,,2026-09-10T00:15:37Z,,,,,v3-forward-measurement
61c79fd3-4cc1-4ded-b877-4246487f2cd8,80c3c285-3ec0-45e7-bcbe-7a7818d86e7d,2026-09-10T00:15:37Z,FanDuel Sportsbook structured market feed,,VA,NFL,35609019,Cleveland Browns @ Jacksonville Jaguars,2026-09-13T17:01:00.000Z,FanDuel,751.183962624,receptions,KC Concepcion - Total Receptions,,KC Concepcion,102320470,under,3.5,-136,1.735294117647059,0.576271186440678,open,,,2026-09-10T00:15:37Z,,,,,v3-forward-measurement
61c79fd3-4cc1-4ded-b877-4246487f2cd8,bb98b082-6b29-45f9-b970-e36064bcd110,2026-09-10T00:15:37Z,FanDuel Sportsbook structured market feed,,VA,NFL,35609019,Cleveland Browns @ Jacksonville Jaguars,2026-09-13T17:01:00.000Z,FanDuel,751.183935282,receiving_yards,Brian Thomas Jr. - Receiving Yds,,Brian Thomas Jr.,42267563,over,36.5,-114,1.87719298245614,0.5327102803738317,open,,,2026-09-10T00:15:37Z,,,,,v3-forward-measurement
61c79fd3-4cc1-4ded-b877-4246487f2cd8,dacb89b7-61ad-4c4d-9bf8-bec476f0c139,2026-09-10T00:15:37Z,FanDuel Sportsbook structured market feed,,VA,NFL,35609019,Cleveland Browns @ Jacksonville Jaguars,2026-09-13T17:01:00.000Z,FanDuel,751.183935282,receiving_yards,Brian Thomas Jr. - Receiving Yds,,Brian Thomas Jr.,42267562,under,36.5,-114,1.87719298245614,0.5327102803738317,open,,,2026-09-10T00:15:37Z,,,,,v3-forward-measurement
61c79fd3-4cc1-4ded-b877-4246487f2cd8,2fc42125-578b-4e7a-9dd7-6acb9ca6addc,2026-09-10T00:15:37Z,FanDuel Sportsbook structured market feed,,VA,NFL,35609019,Cleveland Browns @ Jacksonville Jaguars,2026-09-13T17:01:00.000Z,FanDuel,751.183962629,receiving_yards,Jerry Jeudy - Receiving Yds,,Jerry Jeudy,22336750,over,31.5,-114,1.87719298245614,0.5327102803738317,open,,,2026-09-10T00:15:37Z,,,,,v3-forward-measurement
61c79fd3-4cc1-4ded-b877-4246487f2cd8,8ea9d42f-ef6e-4a59-81cd-071b8ea22038,2026-09-10T00:15:37Z,FanDuel Sportsbook structured market feed,,VA,NFL,35609019,Cleveland Browns @ Jacksonville Jaguars,2026-09-13T17:01:00.000Z,FanDuel,751.183962629,receiving_yards,Jerry Jeudy - Receiving Yds,,Jerry Jeudy,22336751,under,31.5,-114,1.87719298245614,0.5327102803738317,open,,,2026-09-10T00:15:37Z,,,,,v3-forward-measurement
61c79fd3-4cc1-4ded-b877-4246487f2cd8,3f0017d5-32eb-4313-86aa-ec7a417e8c40,2026-09-10T00:15:37Z,FanDuel Sportsbook structured market feed,,VA,NFL,35609019,Cleveland Browns @ Jacksonville Jaguars,2026-09-13T17:01:00.000Z,FanDuel,751.183963353,receiving_yards,Brenton Strange - Receiving Yds,,Brenton Strange,41155824,over,36.5,-114,1.87719298245614,0.5327102803738317,open,,,2026-09-10T00:15:37Z,,,,,v3-forward-measurement
61c79fd3-4cc1-4ded-b877-4246487f2cd8,82a77b44-e2b8-441d-bfb4-5a622240f9b1,2026-09-10T00:15:37Z,FanDuel Sportsbook structured market feed,,VA,NFL,35609019,Cleveland Browns @ Jacksonville Jaguars,2026-09-13T17:01:00.000Z,FanDuel,751.183963353,receiving_yards,Brenton Strange - Receiving Yds,,Brenton Strange,41155823,under,36.5,-114,1.87719298245614,0.5327102803738317,open,,,2026-09-10T00:15:37Z,,,,,v3-forward-measurement
61c79fd3-4cc1-4ded-b877-4246487f2cd8,213a0c5f-e80e-4726-8b08-e99fc9a05e15,2026-09-10T00:15:37Z,FanDuel Sportsbook structured market feed,,VA,NFL,35609019,Cleveland Browns @ Jacksonville Jaguars,2026-09-13T17:01:00.000Z,FanDuel,751.183963352,receptions,Brenton Strange - Total Receptions,,Brenton Strange,41155824,over,3.5,-102,1.980392156862745,0.504950495049505,open,,,2026-09-10T00:15:37Z,,,,,v3-forward-measurement
61c79fd3-4cc1-4ded-b877-4246487f2cd8,35baafc3-dc70-4640-91e8-239b4bc843d5,2026-09-10T00:15:37Z,FanDuel Sportsbook structured market feed,,VA,NFL,35609019,Cleveland Browns @ Jacksonville Jaguars,2026-09-13T17:01:00.000Z,FanDuel,751.183963352,receptions,Brenton Strange - Total Receptions,,Brenton Strange,41155823,under,3.5,-130,1.769230769230769,0.5652173913043478,open,,,2026-09-10T00:15:37Z,,,,,v3-forward-measurement
61c79fd3-4cc1-4ded-b877-4246487f2cd8,da5c5801-6a45-40a6-8970-a20248086b14,2026-09-10T00:15:37Z,FanDuel Sportsbook structured market feed,,VA,NFL,35609019,Cleveland Browns @ Jacksonville Jaguars,2026-09-13T17:01:00.000Z,FanDuel,751.183935334,receptions,Jakobi Meyers - Total Receptions,,Jakobi Meyers,26595189,over,3.5,-114,1.87719298245614,0.5327102803738317,open,,,2026-09-10T00:15:37Z,,,,,v3-forward-measurement
61c79fd3-4cc1-4ded-b877-4246487f2cd8,0de974af-d46d-4fe8-aefb-0a29c11b0c5f,2026-09-10T00:15:37Z,FanDuel Sportsbook structured market feed,,VA,NFL,35609019,Cleveland Browns @ Jacksonville Jaguars,2026-09-13T17:01:00.000Z,FanDuel,751.183935334,receptions,Jakobi Meyers - Total Receptions,,Jakobi Meyers,26595190,under,3.5,-114,1.87719298245614,0.5327102803738317,open,,,2026-09-10T00:15:37Z,,,,,v3-forward-measurement
61c79fd3-4cc1-4ded-b877-4246487f2cd8,510eda31-36a0-42b4-8fb5-f663f010e43f,2026-09-10T00:15:37Z,FanDuel Sportsbook structured market feed,,VA,NFL,35609019,Cleveland Browns @ Jacksonville Jaguars,2026-09-13T17:01:00.000Z,FanDuel,751.184983845,receptions,Quinshon Judkins - Total Receptions,,Quinshon Judkins,48906497,over,1.5,-130,1.769230769230769,0.5652173913043478,open,,,2026-09-10T00:15:37Z,,,,,v3-forward-measurement
61c79fd3-4cc1-4ded-b877-4246487f2cd8,081e1229-3c77-4ee9-961b-3cb63fb94f83,2026-09-10T00:15:37Z,FanDuel Sportsbook structured market feed,,VA,NFL,35609019,Cleveland Browns @ Jacksonville Jaguars,2026-09-13T17:01:00.000Z,FanDuel,751.184983845,receptions,Quinshon Judkins - Total Receptions,,Quinshon Judkins,48906496,under,1.5,-102,1.980392156862745,0.504950495049505,open,,,2026-09-10T00:15:37Z,,,,,v3-forward-measurement
61c79fd3-4cc1-4ded-b877-4246487f2cd8,7cc8e938-31f7-443c-a7ae-4e790d3b2f77,2026-09-10T00:15:37Z,FanDuel Sportsbook structured market feed,,VA,NFL,35609019,Cleveland Browns @ Jacksonville Jaguars,2026-09-13T17:01:00.000Z,FanDuel,751.184983842,receptions,Bhayshul Tuten - Total Receptions,,Bhayshul Tuten,60316188,over,1.5,-172,1.581395348837209,0.6323529411764706,open,,,2026-09-10T00:15:37Z,,,,,v3-forward-measurement
61c79fd3-4cc1-4ded-b877-4246487f2cd8,345cebe8-838c-4163-bd12-400a5ec802ef,2026-09-10T00:15:37Z,FanDuel Sportsbook structured market feed,,VA,NFL,35609019,Cleveland Browns @ Jacksonville Jaguars,2026-09-13T17:01:00.000Z,FanDuel,751.184983842,receptions,Bhayshul Tuten - Total Receptions,,Bhayshul Tuten,60316191,under,1.5,128,2.28,0.43859649122807015,open,,,2026-09-10T00:15:37Z,,,,,v3-forward-measurement
61c79fd3-4cc1-4ded-b877-4246487f2cd8,d812ad92-6826-4f73-a312-8678d4957754,2026-09-10T00:15:37Z,FanDuel Sportsbook structured market feed,,VA,NFL,35609019,Cleveland Browns @ Jacksonville Jaguars,2026-09-13T17:01:00.000Z,FanDuel,751.184983841,receiving_yards,Quinshon Judkins - Receiving Yds,,Quinshon Judkins,48906497,over,9.5,-114,1.87719298245614,0.5327102803738317,open,,,2026-09-10T00:15:37Z,,,,,v3-forward-measurement
61c79fd3-4cc1-4ded-b877-4246487f2cd8,8dfb9be1-3993-4163-b8ef-cce66641f0d8,2026-09-10T00:15:37Z,FanDuel Sportsbook structured market feed,,VA,NFL,35609019,Cleveland Browns @ Jacksonville Jaguars,2026-09-13T17:01:00.000Z,FanDuel,751.184983841,receiving_yards,Quinshon Judkins - Receiving Yds,,Quinshon Judkins,48906496,under,9.5,-114,1.87719298245614,0.5327102803738317,open,,,2026-09-10T00:15:37Z,,,,,v3-forward-measurement
61c79fd3-4cc1-4ded-b877-4246487f2cd8,8f4874c6-1b34-49d5-bb3c-3780668aaf04,2026-09-10T00:15:37Z,FanDuel Sportsbook structured market feed,,VA,NFL,35609019,Cleveland Browns @ Jacksonville Jaguars,2026-09-13T17:01:00.000Z,FanDuel,751.183962615,receiving_yards,Denzel Boston - Receiving Yds,,Denzel Boston,102320454,over,25.5,-114,1.87719298245614,0.5327102803738317,open,,,2026-09-10T00:15:37Z,,,,,v3-forward-measurement
61c79fd3-4cc1-4ded-b877-4246487f2cd8,48629977-4ee8-4134-b2f5-77d6bedb4ca0,2026-09-10T00:15:37Z,FanDuel Sportsbook structured market feed,,VA,NFL,35609019,Cleveland Browns @ Jacksonville Jaguars,2026-09-13T17:01:00.000Z,FanDuel,751.183962615,receiving_yards,Denzel Boston - Receiving Yds,,Denzel Boston,102320455,under,25.5,-114,1.87719298245614,0.5327102803738317,open,,,2026-09-10T00:15:37Z,,,,,v3-forward-measurement
61c79fd3-4cc1-4ded-b877-4246487f2cd8,40beb9b8-0c62-49c2-9c07-63d90dab9cfd,2026-09-10T00:15:37Z,FanDuel Sportsbook structured market feed,,VA,NFL,35609019,Cleveland Browns @ Jacksonville Jaguars,2026-09-13T17:01:00.000Z,FanDuel,751.183962613,receptions,Denzel Boston - Total Receptions,,Denzel Boston,102320454,over,2.5,112,2.12,0.4716981132075472,open,,,2026-09-10T00:15:37Z,,,,,v3-forward-measurement
61c79fd3-4cc1-4ded-b877-4246487f2cd8,cb6b9998-89b8-4fbc-938e-da00c007738e,2026-09-10T00:15:37Z,FanDuel Sportsbook structured market feed,,VA,NFL,35609019,Cleveland Browns @ Jacksonville Jaguars,2026-09-13T17:01:00.000Z,FanDuel,751.183962613,receptions,Denzel Boston - Total Receptions,,Denzel Boston,102320455,under,2.5,-148,1.675675675675676,0.5967741935483871,open,,,2026-09-10T00:15:37Z,,,,,v3-forward-measurement
61c79fd3-4cc1-4ded-b877-4246487f2cd8,0d5926f5-3e63-4e69-9ca5-9d657980d2b8,2026-09-10T00:15:37Z,FanDuel Sportsbook structured market feed,,VA,NFL,35609019,Cleveland Browns @ Jacksonville Jaguars,2026-09-13T17:01:00.000Z,FanDuel,751.183935250,receiving_yards,Parker Washington - Receiving Yds,,Parker Washington,41155821,over,52.5,-114,1.87719298245614,0.5327102803738317,open,,,2026-09-10T00:15:37Z,,,,,v3-forward-measurement
61c79fd3-4cc1-4ded-b877-4246487f2cd8,fefda88e-21b5-4fe9-873d-8e8123e9ba7e,2026-09-10T00:15:37Z,FanDuel Sportsbook structured market feed,,VA,NFL,35609019,Cleveland Browns @ Jacksonville Jaguars,2026-09-13T17:01:00.000Z,FanDuel,751.183935250,receiving_yards,Parker Washington - Receiving Yds,,Parker Washington,41155820,under,52.5,-114,1.87719298245614,0.5327102803738317,open,,,2026-09-10T00:15:37Z,,,,,v3-forward-measurement
61c79fd3-4cc1-4ded-b877-4246487f2cd8,0a6d054e-a588-413f-910a-cca2151a26c9,2026-09-10T00:15:37Z,FanDuel Sportsbook structured market feed,,VA,NFL,35609019,Cleveland Browns @ Jacksonville Jaguars,2026-09-13T17:01:00.000Z,FanDuel,751.184983848,receiving_yards,Bhayshul Tuten - Receiving Yds,,Bhayshul Tuten,60316188,over,11.5,-114,1.87719298245614,0.5327102803738317,open,,,2026-09-10T00:15:37Z,,,,,v3-forward-measurement
61c79fd3-4cc1-4ded-b877-4246487f2cd8,da901e8b-96f6-4f6f-9c76-9958b1bfe994,2026-09-10T00:15:37Z,FanDuel Sportsbook structured market feed,,VA,NFL,35609019,Cleveland Browns @ Jacksonville Jaguars,2026-09-13T17:01:00.000Z,FanDuel,751.184983848,receiving_yards,Bhayshul Tuten - Receiving Yds,,Bhayshul Tuten,60316191,under,11.5,-114,1.87719298245614,0.5327102803738317,open,,,2026-09-10T00:15:37Z,,,,,v3-forward-measurement
61c79fd3-4cc1-4ded-b877-4246487f2cd8,733b6e82-70cf-44bf-929e-6b4d858c3888,2026-09-10T00:15:37Z,FanDuel Sportsbook structured market feed,,VA,NFL,35609019,Cleveland Browns @ Jacksonville Jaguars,2026-09-13T17:01:00.000Z,FanDuel,751.183962600,receiving_yards,KC Concepcion - Receiving Yds,,KC Concepcion,102320458,over,33.5,-114,1.87719298245614,0.5327102803738317,open,,,2026-09-10T00:15:37Z,,,,,v3-forward-measurement
61c79fd3-4cc1-4ded-b877-4246487f2cd8,d7abe90a-9afc-4388-b950-f3465e0bada2,2026-09-10T00:15:37Z,FanDuel Sportsbook structured market feed,,VA,NFL,35609019,Cleveland Browns @ Jacksonville Jaguars,2026-09-13T17:01:00.000Z,FanDuel,751.183962600,receiving_yards,KC Concepcion - Receiving Yds,,KC Concepcion,102320470,under,33.5,-114,1.87719298245614,0.5327102803738317,open,,,2026-09-10T00:15:37Z,,,,,v3-forward-measurement
61c79fd3-4cc1-4ded-b877-4246487f2cd8,56bb3cfe-e4c2-4949-be8a-f5f460c35477,2026-09-10T00:15:37Z,FanDuel Sportsbook structured market feed,,VA,NFL,35609019,Cleveland Browns @ Jacksonville Jaguars,2026-09-13T17:01:00.000Z,FanDuel,751.183935344,receptions,Brian Thomas Jr. - Total Receptions,,Brian Thomas Jr.,42267563,over,2.5,-172,1.581395348837209,0.6323529411764706,open,,,2026-09-10T00:15:37Z,,,,,v3-forward-measurement
61c79fd3-4cc1-4ded-b877-4246487f2cd8,af8ba8eb-e5a9-4832-aa07-2a9658238340,2026-09-10T00:15:37Z,FanDuel Sportsbook structured market feed,,VA,NFL,35609019,Cleveland Browns @ Jacksonville Jaguars,2026-09-13T17:01:00.000Z,FanDuel,751.183935344,receptions,Brian Thomas Jr. - Total Receptions,,Brian Thomas Jr.,42267562,under,2.5,128,2.28,0.43859649122807015,open,,,2026-09-10T00:15:37Z,,,,,v3-forward-measurement
61c79fd3-4cc1-4ded-b877-4246487f2cd8,0338d0e6-4504-4f2f-a390-a7054723ebee,2026-09-10T00:15:37Z,FanDuel Sportsbook structured market feed,,VA,NFL,35609019,Cleveland Browns @ Jacksonville Jaguars,2026-09-13T17:01:00.000Z,FanDuel,751.183973662,receptions,Harold Fannin Jr. - Total Receptions,,Harold Fannin Jr.,60595587,over,4.5,124,2.24,0.44642857142857145,open,,,2026-09-10T00:15:37Z,,,,,v3-forward-measurement
61c79fd3-4cc1-4ded-b877-4246487f2cd8,c771e34f-e388-46ee-bd34-e6017fac64de,2026-09-10T00:15:37Z,FanDuel Sportsbook structured market feed,,VA,NFL,35609019,Cleveland Browns @ Jacksonville Jaguars,2026-09-13T17:01:00.000Z,FanDuel,751.183973662,receptions,Harold Fannin Jr. - Total Receptions,,Harold Fannin Jr.,60595585,under,4.5,-166,1.602409638554217,0.6240601503759399,open,,,2026-09-10T00:15:37Z,,,,,v3-forward-measurement
61c79fd3-4cc1-4ded-b877-4246487f2cd8,44500e6f-7a07-4492-b9e8-c9783b25bbd5,2026-09-10T00:15:37Z,FanDuel Sportsbook structured market feed,,VA,NFL,35609019,Cleveland Browns @ Jacksonville Jaguars,2026-09-13T17:01:00.000Z,FanDuel,751.183973661,receiving_yards,Harold Fannin Jr. - Receiving Yds,,Harold Fannin Jr.,60595587,over,36.5,-114,1.87719298245614,0.5327102803738317,open,,,2026-09-10T00:15:37Z,,,,,v3-forward-measurement
61c79fd3-4cc1-4ded-b877-4246487f2cd8,eb32413f-b005-4187-b898-73bfac6cb59e,2026-09-10T00:15:37Z,FanDuel Sportsbook structured market feed,,VA,NFL,35609019,Cleveland Browns @ Jacksonville Jaguars,2026-09-13T17:01:00.000Z,FanDuel,751.183973661,receiving_yards,Harold Fannin Jr. - Receiving Yds,,Harold Fannin Jr.,60595585,under,36.5,-114,1.87719298245614,0.5327102803738317,open,,,2026-09-10T00:15:37Z,,,,,v3-forward-measurement
61c79fd3-4cc1-4ded-b877-4246487f2cd8,9b729f16-722e-4ea4-ade2-8fece4d83063,2026-09-10T00:15:37Z,FanDuel Sportsbook structured market feed,,VA,NFL,35609019,Cleveland Browns @ Jacksonville Jaguars,2026-09-13T17:01:00.000Z,FanDuel,751.183962634,receptions,Jerry Jeudy - Total Receptions,,Jerry Jeudy,22336750,over,2.5,-174,1.574712643678161,0.635036496350365,open,,,2026-09-10T00:15:37Z,,,,,v3-forward-measurement
61c79fd3-4cc1-4ded-b877-4246487f2cd8,08d4f02b-af2a-467b-8369-1b9995064c97,2026-09-10T00:15:37Z,FanDuel Sportsbook structured market feed,,VA,NFL,35609019,Cleveland Browns @ Jacksonville Jaguars,2026-09-13T17:01:00.000Z,FanDuel,751.183962634,receptions,Jerry Jeudy - Total Receptions,,Jerry Jeudy,22336751,under,2.5,130,2.3,0.43478260869565216,open,,,2026-09-10T00:15:37Z,,,,,v3-forward-measurement
61c79fd3-4cc1-4ded-b877-4246487f2cd8,30f4b851-155e-4914-a933-96a5530ac14c,2026-09-10T00:15:37Z,FanDuel Sportsbook structured market feed,,VA,NFL,35609019,Cleveland Browns @ Jacksonville Jaguars,2026-09-13T17:01:00.000Z,FanDuel,751.183935357,receiving_yards,Jakobi Meyers - Receiving Yds,,Jakobi Meyers,26595189,over,37.5,-114,1.87719298245614,0.5327102803738317,open,,,2026-09-10T00:15:37Z,,,,,v3-forward-measurement
61c79fd3-4cc1-4ded-b877-4246487f2cd8,0f0c8d3a-62b4-45e2-a1a9-1ab3a7aacc07,2026-09-10T00:15:37Z,FanDuel Sportsbook structured market feed,,VA,NFL,35609019,Cleveland Browns @ Jacksonville Jaguars,2026-09-13T17:01:00.000Z,FanDuel,751.183935357,receiving_yards,Jakobi Meyers - Receiving Yds,,Jakobi Meyers,26595190,under,37.5,-114,1.87719298245614,0.5327102803738317,open,,,2026-09-10T00:15:37Z,,,,,v3-forward-measurement
61c79fd3-4cc1-4ded-b877-4246487f2cd8,4c9340bd-365a-43c6-97e2-43e5d8560cf5,2026-09-10T00:15:37Z,FanDuel Sportsbook structured market feed,,VA,NFL,35609019,Cleveland Browns @ Jacksonville Jaguars,2026-09-13T17:01:00.000Z,FanDuel,751.183935275,receptions,Parker Washington - Total Receptions,,Parker Washington,41155821,over,4.5,118,2.18,0.45871559633027525,open,,,2026-09-10T00:15:37Z,,,,,v3-forward-measurement
61c79fd3-4cc1-4ded-b877-4246487f2cd8,45190d81-464b-4409-860f-65be6b5658a0,2026-09-10T00:15:37Z,FanDuel Sportsbook structured market feed,,VA,NFL,35609019,Cleveland Browns @ Jacksonville Jaguars,2026-09-13T17:01:00.000Z,FanDuel,751.183935275,receptions,Parker Washington - Total Receptions,,Parker Washington,41155820,under,4.5,-158,1.632911392405063,0.6124031007751938,open,,,2026-09-10T00:15:37Z,,,,,v3-forward-measurement
5890842d-d598-48dd-a1d2-a94a57752379,f8bd4fa6-afb5-4c84-be51-a637e8da8dda,2026-09-10T00:15:37Z,FanDuel Sportsbook structured market feed,,VA,NFL,35609020,Atlanta Falcons @ Pittsburgh Steelers,2026-09-13T17:01:00.000Z,FanDuel,751.184013998,passing_touchdowns,Tua Tagovailoa - Passing TDs,,Tua Tagovailoa,22336733,over,1.5,194,2.94,0.3401360544217687,open,,,2026-09-10T00:15:37Z,,,,,v3-forward-measurement
5890842d-d598-48dd-a1d2-a94a57752379,9b5300d0-228e-46be-8b98-34eeaeda0489,2026-09-10T00:15:37Z,FanDuel Sportsbook structured market feed,,VA,NFL,35609020,Atlanta Falcons @ Pittsburgh Steelers,2026-09-13T17:01:00.000Z,FanDuel,751.184013998,passing_touchdowns,Tua Tagovailoa - Passing TDs,,Tua Tagovailoa,22336734,under,1.5,-270,1.37037037037037,0.7297297297297297,open,,,2026-09-10T00:15:37Z,,,,,v3-forward-measurement
5890842d-d598-48dd-a1d2-a94a57752379,0bcd507d-ea42-4f5b-a0e8-6f6774e90ed2,2026-09-10T00:15:37Z,FanDuel Sportsbook structured market feed,,VA,NFL,35609020,Atlanta Falcons @ Pittsburgh Steelers,2026-09-13T17:01:00.000Z,FanDuel,751.184013946,passing_yards,Tua Tagovailoa - Passing Yds,,Tua Tagovailoa,22336733,over,210.5,-114,1.87719298245614,0.5327102803738317,open,,,2026-09-10T00:15:37Z,,,,,v3-forward-measurement
5890842d-d598-48dd-a1d2-a94a57752379,621221f9-49ff-478f-9400-162541252254,2026-09-10T00:15:37Z,FanDuel Sportsbook structured market feed,,VA,NFL,35609020,Atlanta Falcons @ Pittsburgh Steelers,2026-09-13T17:01:00.000Z,FanDuel,751.184013946,passing_yards,Tua Tagovailoa - Passing Yds,,Tua Tagovailoa,22336734,under,210.5,-114,1.87719298245614,0.5327102803738317,open,,,2026-09-10T00:15:37Z,,,,,v3-forward-measurement
5890842d-d598-48dd-a1d2-a94a57752379,06225681-8c01-40d6-ad22-52a48db90a47,2026-09-10T00:15:37Z,FanDuel Sportsbook structured market feed,,VA,NFL,35609020,Atlanta Falcons @ Pittsburgh Steelers,2026-09-13T17:01:00.000Z,FanDuel,751.184014012,passing_touchdowns,Aaron Rodgers - Passing TDs,,Aaron Rodgers,11925813,over,1.5,116,2.16,0.46296296296296297,open,,,2026-09-10T00:15:37Z,,,,,v3-forward-measurement
5890842d-d598-48dd-a1d2-a94a57752379,b431e9b2-2175-4184-a89f-a77c430769e1,2026-09-10T00:15:37Z,FanDuel Sportsbook structured market feed,,VA,NFL,35609020,Atlanta Falcons @ Pittsburgh Steelers,2026-09-13T17:01:00.000Z,FanDuel,751.184014012,passing_touchdowns,Aaron Rodgers - Passing TDs,,Aaron Rodgers,11925812,under,1.5,-154,1.649350649350649,0.6062992125984252,open,,,2026-09-10T00:15:37Z,,,,,v3-forward-measurement
5890842d-d598-48dd-a1d2-a94a57752379,d3a38105-83fa-4b06-a5e7-d0cc1b885b6a,2026-09-10T00:15:37Z,FanDuel Sportsbook structured market feed,,VA,NFL,35609020,Atlanta Falcons @ Pittsburgh Steelers,2026-09-13T17:01:00.000Z,FanDuel,751.184014026,passing_yards,Aaron Rodgers - Passing Yds,,Aaron Rodgers,11925813,over,210.5,-114,1.87719298245614,0.5327102803738317,open,,,2026-09-10T00:15:37Z,,,,,v3-forward-measurement
5890842d-d598-48dd-a1d2-a94a57752379,b1552add-6bbd-4cf1-84b1-d7b83959bd97,2026-09-10T00:15:37Z,FanDuel Sportsbook structured market feed,,VA,NFL,35609020,Atlanta Falcons @ Pittsburgh Steelers,2026-09-13T17:01:00.000Z,FanDuel,751.184014026,passing_yards,Aaron Rodgers - Passing Yds,,Aaron Rodgers,11925812,under,210.5,-114,1.87719298245614,0.5327102803738317,open,,,2026-09-10T00:15:37Z,,,,,v3-forward-measurement
469952b0-5c7b-4dde-8e49-99dce7fba3f7,7fe80c82-e702-4fb8-a5e1-fec92dc1ac30,2026-09-10T00:15:37Z,FanDuel Sportsbook structured market feed,,VA,NFL,35609020,Atlanta Falcons @ Pittsburgh Steelers,2026-09-13T17:01:00.000Z,FanDuel,751.184013959,rushing_yards,Bijan Robinson - Rushing Yds,,Bijan Robinson,41066843,over,76.5,-114,1.87719298245614,0.5327102803738317,open,,,2026-09-10T00:15:37Z,,,,,v3-forward-measurement
469952b0-5c7b-4dde-8e49-99dce7fba3f7,78a2f53e-9c1f-440f-a426-58fc61945d39,2026-09-10T00:15:37Z,FanDuel Sportsbook structured market feed,,VA,NFL,35609020,Atlanta Falcons @ Pittsburgh Steelers,2026-09-13T17:01:00.000Z,FanDuel,751.184013959,rushing_yards,Bijan Robinson - Rushing Yds,,Bijan Robinson,41066848,under,76.5,-114,1.87719298245614,0.5327102803738317,open,,,2026-09-10T00:15:37Z,,,,,v3-forward-measurement
469952b0-5c7b-4dde-8e49-99dce7fba3f7,a8bdbd4b-2230-437e-a107-0737f7d74d16,2026-09-10T00:15:37Z,FanDuel Sportsbook structured market feed,,VA,NFL,35609020,Atlanta Falcons @ Pittsburgh Steelers,2026-09-13T17:01:00.000Z,FanDuel,751.185543888,rushing_yards,Brian Robinson Jr. - Rushing Yds,,Brian Robinson Jr.,41172134,over,23.5,-114,1.87719298245614,0.5327102803738317,open,,,2026-09-10T00:15:37Z,,,,,v3-forward-measurement
469952b0-5c7b-4dde-8e49-99dce7fba3f7,2b7d1b3a-710d-4ac5-83fd-d15fdfc48e9a,2026-09-10T00:15:37Z,FanDuel Sportsbook structured market feed,,VA,NFL,35609020,Atlanta Falcons @ Pittsburgh Steelers,2026-09-13T17:01:00.000Z,FanDuel,751.185543888,rushing_yards,Brian Robinson Jr. - Rushing Yds,,Brian Robinson Jr.,41172135,under,23.5,-114,1.87719298245614,0.5327102803738317,open,,,2026-09-10T00:15:37Z,,,,,v3-forward-measurement
469952b0-5c7b-4dde-8e49-99dce7fba3f7,1b53b995-2a6b-48d1-9862-8f2f2d2d5a54,2026-09-10T00:15:37Z,FanDuel Sportsbook structured market feed,,VA,NFL,35609020,Atlanta Falcons @ Pittsburgh Steelers,2026-09-13T17:01:00.000Z,FanDuel,751.185248479,rushing_yards,Tua Tagovailoa - Rushing Yds,,Tua Tagovailoa,22336733,over,1.5,-114,1.87719298245614,0.5327102803738317,open,,,2026-09-10T00:15:37Z,,,,,v3-forward-measurement
469952b0-5c7b-4dde-8e49-99dce7fba3f7,9512e2ad-988f-4e10-b2b5-79b9c47e98dc,2026-09-10T00:15:37Z,FanDuel Sportsbook structured market feed,,VA,NFL,35609020,Atlanta Falcons @ Pittsburgh Steelers,2026-09-13T17:01:00.000Z,FanDuel,751.185248479,rushing_yards,Tua Tagovailoa - Rushing Yds,,Tua Tagovailoa,22336734,under,1.5,-114,1.87719298245614,0.5327102803738317,open,,,2026-09-10T00:15:37Z,,,,,v3-forward-measurement
469952b0-5c7b-4dde-8e49-99dce7fba3f7,aae4b14d-dd3c-4195-8a01-06ba474309da,2026-09-10T00:15:37Z,FanDuel Sportsbook structured market feed,,VA,NFL,35609020,Atlanta Falcons @ Pittsburgh Steelers,2026-09-13T17:01:00.000Z,FanDuel,751.184664453,rushing_yards,Rico Dowdle - Rushing Yds,,Rico Dowdle,60414660,over,42.5,-114,1.87719298245614,0.5327102803738317,open,,,2026-09-10T00:15:37Z,,,,,v3-forward-measurement
469952b0-5c7b-4dde-8e49-99dce7fba3f7,2cf1b72d-6138-4ed6-b9a7-e0c235ecf312,2026-09-10T00:15:37Z,FanDuel Sportsbook structured market feed,,VA,NFL,35609020,Atlanta Falcons @ Pittsburgh Steelers,2026-09-13T17:01:00.000Z,FanDuel,751.184664453,rushing_yards,Rico Dowdle - Rushing Yds,,Rico Dowdle,60414648,under,42.5,-114,1.87719298245614,0.5327102803738317,open,,,2026-09-10T00:15:37Z,,,,,v3-forward-measurement
469952b0-5c7b-4dde-8e49-99dce7fba3f7,a9ce9d4b-2639-48ad-95ff-8618632422e4,2026-09-10T00:15:37Z,FanDuel Sportsbook structured market feed,,VA,NFL,35609020,Atlanta Falcons @ Pittsburgh Steelers,2026-09-13T17:01:00.000Z,FanDuel,751.184664452,rushing_yards,Jaylen Warren - Rushing Yds,,Jaylen Warren,41173071,over,43.5,-114,1.87719298245614,0.5327102803738317,open,,,2026-09-10T00:15:37Z,,,,,v3-forward-measurement
469952b0-5c7b-4dde-8e49-99dce7fba3f7,149d94b6-586e-4871-a3ec-671c35f95faa,2026-09-10T00:15:37Z,FanDuel Sportsbook structured market feed,,VA,NFL,35609020,Atlanta Falcons @ Pittsburgh Steelers,2026-09-13T17:01:00.000Z,FanDuel,751.184664452,rushing_yards,Jaylen Warren - Rushing Yds,,Jaylen Warren,41173070,under,43.5,-114,1.87719298245614,0.5327102803738317,open,,,2026-09-10T00:15:37Z,,,,,v3-forward-measurement
469952b0-5c7b-4dde-8e49-99dce7fba3f7,1b4b9320-f2da-468e-94f4-39ab3a7c5d6b,2026-09-10T00:15:37Z,FanDuel Sportsbook structured market feed,,VA,NFL,35609020,Atlanta Falcons @ Pittsburgh Steelers,2026-09-13T17:01:00.000Z,FanDuel,751.185171894,rushing_yards,Aaron Rodgers - Rushing Yds,,Aaron Rodgers,11925813,over,0.5,-114,1.87719298245614,0.5327102803738317,open,,,2026-09-10T00:15:37Z,,,,,v3-forward-measurement
469952b0-5c7b-4dde-8e49-99dce7fba3f7,973be43b-235b-4e21-ab43-1dcecefd91b3,2026-09-10T00:15:37Z,FanDuel Sportsbook structured market feed,,VA,NFL,35609020,Atlanta Falcons @ Pittsburgh Steelers,2026-09-13T17:01:00.000Z,FanDuel,751.185171894,rushing_yards,Aaron Rodgers - Rushing Yds,,Aaron Rodgers,11925812,under,0.5,-114,1.87719298245614,0.5327102803738317,open,,,2026-09-10T00:15:37Z,,,,,v3-forward-measurement
253eb5f5-8f7e-43c6-a137-e6654d0fc8c6,6389f541-4b43-4048-904d-0c7938ee06b2,2026-09-10T00:15:37Z,FanDuel Sportsbook structured market feed,,VA,NFL,35609020,Atlanta Falcons @ Pittsburgh Steelers,2026-09-13T17:01:00.000Z,FanDuel,751.184665009,receiving_yards,Pat Freiermuth - Receiving Yds,,Pat Freiermuth,40898371,over,25.5,-114,1.87719298245614,0.5327102803738317,open,,,2026-09-10T00:15:37Z,,,,,v3-forward-measurement
253eb5f5-8f7e-43c6-a137-e6654d0fc8c6,3e549cc0-24d0-4662-ba72-0e2972b553e2,2026-09-10T00:15:37Z,FanDuel Sportsbook structured market feed,,VA,NFL,35609020,Atlanta Falcons @ Pittsburgh Steelers,2026-09-13T17:01:00.000Z,FanDuel,751.184665009,receiving_yards,Pat Freiermuth - Receiving Yds,,Pat Freiermuth,40898373,under,25.5,-114,1.87719298245614,0.5327102803738317,open,,,2026-09-10T00:15:37Z,,,,,v3-forward-measurement
253eb5f5-8f7e-43c6-a137-e6654d0fc8c6,9fb5b03e-b8d4-41c7-9b5e-3f5b6ebe22f6,2026-09-10T00:15:37Z,FanDuel Sportsbook structured market feed,,VA,NFL,35609020,Atlanta Falcons @ Pittsburgh Steelers,2026-09-13T17:01:00.000Z,FanDuel,751.184018137,receptions,DK Metcalf - Total Receptions,,DK Metcalf,26036402,over,3.5,-136,1.735294117647059,0.576271186440678,open,,,2026-09-10T00:15:37Z,,,,,v3-forward-measurement
253eb5f5-8f7e-43c6-a137-e6654d0fc8c6,b8225aee-e0ca-4241-8ff8-7d998c20aaf5,2026-09-10T00:15:37Z,FanDuel Sportsbook structured market feed,,VA,NFL,35609020,Atlanta Falcons @ Pittsburgh Steelers,2026-09-13T17:01:00.000Z,FanDuel,751.184018137,receptions,DK Metcalf - Total Receptions,,DK Metcalf,26036403,under,3.5,102,2.02,0.49504950495049505,open,,,2026-09-10T00:15:37Z,,,,,v3-forward-measurement
253eb5f5-8f7e-43c6-a137-e6654d0fc8c6,1c22e414-a768-4229-aa17-00b66fa45825,2026-09-10T00:15:37Z,FanDuel Sportsbook structured market feed,,VA,NFL,35609020,Atlanta Falcons @ Pittsburgh Steelers,2026-09-13T17:01:00.000Z,FanDuel,751.184665004,receptions,Rico Dowdle - Total Receptions,,Rico Dowdle,60414660,over,1.5,-148,1.675675675675676,0.5967741935483871,open,,,2026-09-10T00:15:37Z,,,,,v3-forward-measurement
253eb5f5-8f7e-43c6-a137-e6654d0fc8c6,84203060-5747-47ec-a8b9-9bce7519e270,2026-09-10T00:15:37Z,FanDuel Sportsbook structured market feed,,VA,NFL,35609020,Atlanta Falcons @ Pittsburgh Steelers,2026-09-13T17:01:00.000Z,FanDuel,751.184665004,receptions,Rico Dowdle - Total Receptions,,Rico Dowdle,60414648,under,1.5,112,2.12,0.4716981132075472,open,,,2026-09-10T00:15:37Z,,,,,v3-forward-measurement
253eb5f5-8f7e-43c6-a137-e6654d0fc8c6,41e668bf-4702-4cd7-a821-809026404797,2026-09-10T00:15:37Z,FanDuel Sportsbook structured market feed,,VA,NFL,35609020,Atlanta Falcons @ Pittsburgh Steelers,2026-09-13T17:01:00.000Z,FanDuel,751.184968974,receiving_yards,Jahan Dotson - Receiving Yds,,Jahan Dotson,41155779,over,18.5,-114,1.87719298245614,0.5327102803738317,open,,,2026-09-10T00:15:37Z,,,,,v3-forward-measurement
253eb5f5-8f7e-43c6-a137-e6654d0fc8c6,5130bba7-5f53-440f-a676-fac2996b2f38,2026-09-10T00:15:37Z,FanDuel Sportsbook structured market feed,,VA,NFL,35609020,Atlanta Falcons @ Pittsburgh Steelers,2026-09-13T17:01:00.000Z,FanDuel,751.184968974,receiving_yards,Jahan Dotson - Receiving Yds,,Jahan Dotson,41155780,under,18.5,-114,1.87719298245614,0.5327102803738317,open,,,2026-09-10T00:15:37Z,,,,,v3-forward-measurement
253eb5f5-8f7e-43c6-a137-e6654d0fc8c6,dc32d28f-65bd-4e0b-a2f9-b947bde08771,2026-09-10T00:15:37Z,FanDuel Sportsbook structured market feed,,VA,NFL,35609020,Atlanta Falcons @ Pittsburgh Steelers,2026-09-13T17:01:00.000Z,FanDuel,751.184024147,receptions,Kyle Pitts - Total Receptions,,Kyle Pitts,40878305,over,4.5,112,2.12,0.4716981132075472,open,,,2026-09-10T00:15:37Z,,,,,v3-forward-measurement
253eb5f5-8f7e-43c6-a137-e6654d0fc8c6,711ce2cf-9960-4de7-a644-d12e512ee3b6,2026-09-10T00:15:37Z,FanDuel Sportsbook structured market feed,,VA,NFL,35609020,Atlanta Falcons @ Pittsburgh Steelers,2026-09-13T17:01:00.000Z,FanDuel,751.184024147,receptions,Kyle Pitts - Total Receptions,,Kyle Pitts,40878308,under,4.5,-148,1.675675675675676,0.5967741935483871,open,,,2026-09-10T00:15:37Z,,,,,v3-forward-measurement
253eb5f5-8f7e-43c6-a137-e6654d0fc8c6,29d00c8f-b0e9-478e-9dba-58726f573d99,2026-09-10T00:15:37Z,FanDuel Sportsbook structured market feed,,VA,NFL,35609020,Atlanta Falcons @ Pittsburgh Steelers,2026-09-13T17:01:00.000Z,FanDuel,751.184968975,receptions,Jahan Dotson - Total Receptions,,Jahan Dotson,41155779,over,1.5,-172,1.581395348837209,0.6323529411764706,open,,,2026-09-10T00:15:37Z,,,,,v3-forward-measurement
253eb5f5-8f7e-43c6-a137-e6654d0fc8c6,725ee69e-ddad-40e0-bf4a-2cd5b4c0b344,2026-09-10T00:15:37Z,FanDuel Sportsbook structured market feed,,VA,NFL,35609020,Atlanta Falcons @ Pittsburgh Steelers,2026-09-13T17:01:00.000Z,FanDuel,751.184968975,receptions,Jahan Dotson - Total Receptions,,Jahan Dotson,41155780,under,1.5,128,2.28,0.43859649122807015,open,,,2026-09-10T00:15:37Z,,,,,v3-forward-measurement
253eb5f5-8f7e-43c6-a137-e6654d0fc8c6,13c72dce-4883-42c2-b059-b69fe7e3e192,2026-09-10T00:15:37Z,FanDuel Sportsbook structured market feed,,VA,NFL,35609020,Atlanta Falcons @ Pittsburgh Steelers,2026-09-13T17:01:00.000Z,FanDuel,751.184024145,receiving_yards,Kyle Pitts - Receiving Yds,,Kyle Pitts,40878305,over,43.5,-114,1.87719298245614,0.5327102803738317,open,,,2026-09-10T00:15:37Z,,,,,v3-forward-measurement
253eb5f5-8f7e-43c6-a137-e6654d0fc8c6,68ac9b30-7773-4553-9a67-86c6400eb1fd,2026-09-10T00:15:37Z,FanDuel Sportsbook structured market feed,,VA,NFL,35609020,Atlanta Falcons @ Pittsburgh Steelers,2026-09-13T17:01:00.000Z,FanDuel,751.184024145,receiving_yards,Kyle Pitts - Receiving Yds,,Kyle Pitts,40878308,under,43.5,-114,1.87719298245614,0.5327102803738317,open,,,2026-09-10T00:15:37Z,,,,,v3-forward-measurement
253eb5f5-8f7e-43c6-a137-e6654d0fc8c6,45d73407-0adf-4c7c-a11b-cc44718c2849,2026-09-10T00:15:37Z,FanDuel Sportsbook structured market feed,,VA,NFL,35609020,Atlanta Falcons @ Pittsburgh Steelers,2026-09-13T17:01:00.000Z,FanDuel,751.185126746,receptions,Darnell Washington - Total Receptions,,Darnell Washington,60408354,over,1.5,-172,1.581395348837209,0.6323529411764706,open,,,2026-09-10T00:15:37Z,,,,,v3-forward-measurement
253eb5f5-8f7e-43c6-a137-e6654d0fc8c6,ba747de3-366e-4260-9901-118b89097929,2026-09-10T00:15:37Z,FanDuel Sportsbook structured market feed,,VA,NFL,35609020,Atlanta Falcons @ Pittsburgh Steelers,2026-09-13T17:01:00.000Z,FanDuel,751.185126746,receptions,Darnell Washington - Total Receptions,,Darnell Washington,60408353,under,1.5,128,2.28,0.43859649122807015,open,,,2026-09-10T00:15:37Z,,,,,v3-forward-measurement
253eb5f5-8f7e-43c6-a137-e6654d0fc8c6,df8b6590-5637-4565-9b93-b885b410c5f9,2026-09-10T00:15:37Z,FanDuel Sportsbook structured market feed,,VA,NFL,35609020,Atlanta Falcons @ Pittsburgh Steelers,2026-09-13T17:01:00.000Z,FanDuel,751.184018133,receptions,Drake London - Total Receptions,,Drake London,41172406,over,5.5,-125,1.8,0.5555555555555556,open,,,2026-09-10T00:15:37Z,,,,,v3-forward-measurement
253eb5f5-8f7e-43c6-a137-e6654d0fc8c6,e78df2a9-5aff-4150-bbf1-19ed84f33788,2026-09-10T00:15:37Z,FanDuel Sportsbook structured market feed,,VA,NFL,35609020,Atlanta Falcons @ Pittsburgh Steelers,2026-09-13T17:01:00.000Z,FanDuel,751.184018133,receptions,Drake London - Total Receptions,,Drake London,41172405,under,5.5,-106,1.943396226415094,0.5145631067961165,open,,,2026-09-10T00:15:37Z,,,,,v3-forward-measurement
253eb5f5-8f7e-43c6-a137-e6654d0fc8c6,8d1a7dff-0c96-40da-9c98-f1a68184418c,2026-09-10T00:15:37Z,FanDuel Sportsbook structured market feed,,VA,NFL,35609020,Atlanta Falcons @ Pittsburgh Steelers,2026-09-13T17:01:00.000Z,FanDuel,751.185126743,receiving_yards,Darnell Washington - Receiving Yds,,Darnell Washington,60408354,over,16.5,-114,1.87719298245614,0.5327102803738317,open,,,2026-09-10T00:15:37Z,,,,,v3-forward-measurement
253eb5f5-8f7e-43c6-a137-e6654d0fc8c6,916fce1f-bed8-4880-943a-19343a35db68,2026-09-10T00:15:37Z,FanDuel Sportsbook structured market feed,,VA,NFL,35609020,Atlanta Falcons @ Pittsburgh Steelers,2026-09-13T17:01:00.000Z,FanDuel,751.185126743,receiving_yards,Darnell Washington - Receiving Yds,,Darnell Washington,60408353,under,16.5,-114,1.87719298245614,0.5327102803738317,open,,,2026-09-10T00:15:37Z,,,,,v3-forward-measurement
253eb5f5-8f7e-43c6-a137-e6654d0fc8c6,09268267-ac85-4612-9db2-f33929909c88,2026-09-10T00:15:37Z,FanDuel Sportsbook structured market feed,,VA,NFL,35609020,Atlanta Falcons @ Pittsburgh Steelers,2026-09-13T17:01:00.000Z,FanDuel,751.184018129,receiving_yards,Drake London - Receiving Yds,,Drake London,41172406,over,64.5,-114,1.87719298245614,0.5327102803738317,open,,,2026-09-10T00:15:37Z,,,,,v3-forward-measurement
253eb5f5-8f7e-43c6-a137-e6654d0fc8c6,02f9c797-b6f8-4aed-a142-4ce0b7d0f2bd,2026-09-10T00:15:37Z,FanDuel Sportsbook structured market feed,,VA,NFL,35609020,Atlanta Falcons @ Pittsburgh Steelers,2026-09-13T17:01:00.000Z,FanDuel,751.184018129,receiving_yards,Drake London - Receiving Yds,,Drake London,41172405,under,64.5,-114,1.87719298245614,0.5327102803738317,open,,,2026-09-10T00:15:37Z,,,,,v3-forward-measurement
253eb5f5-8f7e-43c6-a137-e6654d0fc8c6,dde887d5-0915-48c1-8c7c-d4108059fa45,2026-09-10T00:15:37Z,FanDuel Sportsbook structured market feed,,VA,NFL,35609020,Atlanta Falcons @ Pittsburgh Steelers,2026-09-13T17:01:00.000Z,FanDuel,751.184665033,receptions,Jaylen Warren - Total Receptions,,Jaylen Warren,41173071,over,2.5,-114,1.87719298245614,0.5327102803738317,open,,,2026-09-10T00:15:37Z,,,,,v3-forward-measurement
253eb5f5-8f7e-43c6-a137-e6654d0fc8c6,6366b292-f7d0-4827-ab31-b68ede650ece,2026-09-10T00:15:37Z,FanDuel Sportsbook structured market feed,,VA,NFL,35609020,Atlanta Falcons @ Pittsburgh Steelers,2026-09-13T17:01:00.000Z,FanDuel,751.184665033,receptions,Jaylen Warren - Total Receptions,,Jaylen Warren,41173070,under,2.5,-114,1.87719298245614,0.5327102803738317,open,,,2026-09-10T00:15:37Z,,,,,v3-forward-measurement
253eb5f5-8f7e-43c6-a137-e6654d0fc8c6,5eb80ac5-1dd7-4f2e-bae3-27a9fac090fa,2026-09-10T00:15:37Z,FanDuel Sportsbook structured market feed,,VA,NFL,35609020,Atlanta Falcons @ Pittsburgh Steelers,2026-09-13T17:01:00.000Z,FanDuel,751.184018122,receiving_yards,DK Metcalf - Receiving Yds,,DK Metcalf,26036402,over,48.5,-114,1.87719298245614,0.5327102803738317,open,,,2026-09-10T00:15:37Z,,,,,v3-forward-measurement
253eb5f5-8f7e-43c6-a137-e6654d0fc8c6,a5d80e5e-cfd5-4a12-89ca-48251bda28d3,2026-09-10T00:15:37Z,FanDuel Sportsbook structured market feed,,VA,NFL,35609020,Atlanta Falcons @ Pittsburgh Steelers,2026-09-13T17:01:00.000Z,FanDuel,751.184018122,receiving_yards,DK Metcalf - Receiving Yds,,DK Metcalf,26036403,under,48.5,-114,1.87719298245614,0.5327102803738317,open,,,2026-09-10T00:15:37Z,,,,,v3-forward-measurement
253eb5f5-8f7e-43c6-a137-e6654d0fc8c6,f645daca-d540-4087-92ad-124354f2d65d,2026-09-10T00:15:37Z,FanDuel Sportsbook structured market feed,,VA,NFL,35609020,Atlanta Falcons @ Pittsburgh Steelers,2026-09-13T17:01:00.000Z,FanDuel,751.184665031,receiving_yards,Rico Dowdle - Receiving Yds,,Rico Dowdle,60414660,over,10.5,-114,1.87719298245614,0.5327102803738317,open,,,2026-09-10T00:15:37Z,,,,,v3-forward-measurement
253eb5f5-8f7e-43c6-a137-e6654d0fc8c6,f30b0fca-8c27-4890-b488-c6fba15350b8,2026-09-10T00:15:37Z,FanDuel Sportsbook structured market feed,,VA,NFL,35609020,Atlanta Falcons @ Pittsburgh Steelers,2026-09-13T17:01:00.000Z,FanDuel,751.184665031,receiving_yards,Rico Dowdle - Receiving Yds,,Rico Dowdle,60414648,under,10.5,-114,1.87719298245614,0.5327102803738317,open,,,2026-09-10T00:15:37Z,,,,,v3-forward-measurement
253eb5f5-8f7e-43c6-a137-e6654d0fc8c6,8b181d70-cfa0-479d-827f-bb7e866a69ab,2026-09-10T00:15:37Z,FanDuel Sportsbook structured market feed,,VA,NFL,35609020,Atlanta Falcons @ Pittsburgh Steelers,2026-09-13T17:01:00.000Z,FanDuel,751.184023667,receptions,Michael Pittman Jr. - Total Receptions,,Michael Pittman Jr.,36175140,over,3.5,-188,1.531914893617021,0.6527777777777778,open,,,2026-09-10T00:15:37Z,,,,,v3-forward-measurement
253eb5f5-8f7e-43c6-a137-e6654d0fc8c6,63b8b18f-0377-47df-ad28-fbecf50a8337,2026-09-10T00:15:37Z,FanDuel Sportsbook structured market feed,,VA,NFL,35609020,Atlanta Falcons @ Pittsburgh Steelers,2026-09-13T17:01:00.000Z,FanDuel,751.184023667,receptions,Michael Pittman Jr. - Total Receptions,,Michael Pittman Jr.,36175141,under,3.5,140,2.4,0.4166666666666667,open,,,2026-09-10T00:15:37Z,,,,,v3-forward-measurement
253eb5f5-8f7e-43c6-a137-e6654d0fc8c6,5fbc229f-dd73-4451-98f2-7b8b7664357b,2026-09-10T00:15:37Z,FanDuel Sportsbook structured market feed,,VA,NFL,35609020,Atlanta Falcons @ Pittsburgh Steelers,2026-09-13T17:01:00.000Z,FanDuel,751.184023668,receiving_yards,Michael Pittman Jr. - Receiving Yds,,Michael Pittman Jr.,36175140,over,38.5,-114,1.87719298245614,0.5327102803738317,open,,,2026-09-10T00:15:37Z,,,,,v3-forward-measurement
253eb5f5-8f7e-43c6-a137-e6654d0fc8c6,354b41c2-64f5-4f60-a1c5-e28416cc9d5c,2026-09-10T00:15:37Z,FanDuel Sportsbook structured market feed,,VA,NFL,35609020,Atlanta Falcons @ Pittsburgh Steelers,2026-09-13T17:01:00.000Z,FanDuel,751.184023668,receiving_yards,Michael Pittman Jr. - Receiving Yds,,Michael Pittman Jr.,36175141,under,38.5,-114,1.87719298245614,0.5327102803738317,open,,,2026-09-10T00:15:37Z,,,,,v3-forward-measurement
253eb5f5-8f7e-43c6-a137-e6654d0fc8c6,3366fb2a-9463-488d-a76f-314735e0d1f6,2026-09-10T00:15:37Z,FanDuel Sportsbook structured market feed,,VA,NFL,35609020,Atlanta Falcons @ Pittsburgh Steelers,2026-09-13T17:01:00.000Z,FanDuel,751.184665029,receiving_yards,Jaylen Warren - Receiving Yds,,Jaylen Warren,41173071,over,15.5,-114,1.87719298245614,0.5327102803738317,open,,,2026-09-10T00:15:37Z,,,,,v3-forward-measurement
253eb5f5-8f7e-43c6-a137-e6654d0fc8c6,70ccaab6-970a-4abe-8cdf-82e6d9777cf3,2026-09-10T00:15:37Z,FanDuel Sportsbook structured market feed,,VA,NFL,35609020,Atlanta Falcons @ Pittsburgh Steelers,2026-09-13T17:01:00.000Z,FanDuel,751.184665029,receiving_yards,Jaylen Warren - Receiving Yds,,Jaylen Warren,41173070,under,15.5,-114,1.87719298245614,0.5327102803738317,open,,,2026-09-10T00:15:37Z,,,,,v3-forward-measurement
253eb5f5-8f7e-43c6-a137-e6654d0fc8c6,84504180-2bc2-41c4-b789-34eeb8c5b3b3,2026-09-10T00:15:37Z,FanDuel Sportsbook structured market feed,,VA,NFL,35609020,Atlanta Falcons @ Pittsburgh Steelers,2026-09-13T17:01:00.000Z,FanDuel,751.184665025,receptions,Pat Freiermuth - Total Receptions,,Pat Freiermuth,40898371,over,2.5,-138,1.72463768115942,0.5798319327731093,open,,,2026-09-10T00:15:37Z,,,,,v3-forward-measurement
253eb5f5-8f7e-43c6-a137-e6654d0fc8c6,8e2a6341-8889-40ba-ae18-a0d4f28036a0,2026-09-10T00:15:37Z,FanDuel Sportsbook structured market feed,,VA,NFL,35609020,Atlanta Falcons @ Pittsburgh Steelers,2026-09-13T17:01:00.000Z,FanDuel,751.184665025,receptions,Pat Freiermuth - Total Receptions,,Pat Freiermuth,40898373,under,2.5,104,2.04,0.49019607843137253,open,,,2026-09-10T00:15:37Z,,,,,v3-forward-measurement
253eb5f5-8f7e-43c6-a137-e6654d0fc8c6,58703336-73ee-44b0-8ca7-4adf5651ca92,2026-09-10T00:15:37Z,FanDuel Sportsbook structured market feed,,VA,NFL,35609020,Atlanta Falcons @ Pittsburgh Steelers,2026-09-13T17:01:00.000Z,FanDuel,751.184024363,receptions,Bijan Robinson - Total Receptions,,Bijan Robinson,41066843,over,4.5,106,2.06,0.4854368932038835,open,,,2026-09-10T00:15:37Z,,,,,v3-forward-measurement
253eb5f5-8f7e-43c6-a137-e6654d0fc8c6,16f09fa2-7739-4063-9e45-b77d82075ab0,2026-09-10T00:15:37Z,FanDuel Sportsbook structured market feed,,VA,NFL,35609020,Atlanta Falcons @ Pittsburgh Steelers,2026-09-13T17:01:00.000Z,FanDuel,751.184024363,receptions,Bijan Robinson - Total Receptions,,Bijan Robinson,41066848,under,4.5,-140,1.714285714285714,0.5833333333333334,open,,,2026-09-10T00:15:37Z,,,,,v3-forward-measurement
253eb5f5-8f7e-43c6-a137-e6654d0fc8c6,30d28189-a217-40aa-9a33-3aa2bec08bc7,2026-09-10T00:15:37Z,FanDuel Sportsbook structured market feed,,VA,NFL,35609020,Atlanta Falcons @ Pittsburgh Steelers,2026-09-13T17:01:00.000Z,FanDuel,751.184022875,receiving_yards,Bijan Robinson - Receiving Yds,,Bijan Robinson,41066843,over,37.5,-114,1.87719298245614,0.5327102803738317,open,,,2026-09-10T00:15:37Z,,,,,v3-forward-measurement
253eb5f5-8f7e-43c6-a137-e6654d0fc8c6,d3bc9d51-fb3d-4914-91ba-d06bb684db3c,2026-09-10T00:15:37Z,FanDuel Sportsbook structured market feed,,VA,NFL,35609020,Atlanta Falcons @ Pittsburgh Steelers,2026-09-13T17:01:00.000Z,FanDuel,751.184022875,receiving_yards,Bijan Robinson - Receiving Yds,,Bijan Robinson,41066848,under,37.5,-114,1.87719298245614,0.5327102803738317,open,,,2026-09-10T00:15:37Z,,,,,v3-forward-measurement
73fd619e-5b6b-4e07-9180-de233e23a2b4,a70a0b88-34dc-49c6-8292-abb53c065972,2026-09-10T00:15:37Z,FanDuel Sportsbook structured market feed,,VA,NFL,35609021,New York Jets @ Tennessee Titans,2026-09-13T17:01:00.000Z,FanDuel,751.183999097,passing_yards,Cam Ward - Passing Yds,,Cam Ward,87765275,over,201.5,-114,1.87719298245614,0.5327102803738317,open,,,2026-09-10T00:15:37Z,,,,,v3-forward-measurement
73fd619e-5b6b-4e07-9180-de233e23a2b4,b92ac6ff-55b5-455c-a7ea-f347a3be7c3a,2026-09-10T00:15:37Z,FanDuel Sportsbook structured market feed,,VA,NFL,35609021,New York Jets @ Tennessee Titans,2026-09-13T17:01:00.000Z,FanDuel,751.183999097,passing_yards,Cam Ward - Passing Yds,,Cam Ward,87765263,under,201.5,-114,1.87719298245614,0.5327102803738317,open,,,2026-09-10T00:15:37Z,,,,,v3-forward-measurement
73fd619e-5b6b-4e07-9180-de233e23a2b4,8a7d2327-04fd-4d6c-8dff-6888863de430,2026-09-10T00:15:37Z,FanDuel Sportsbook structured market feed,,VA,NFL,35609021,New York Jets @ Tennessee Titans,2026-09-13T17:01:00.000Z,FanDuel,751.183999122,passing_touchdowns,Cam Ward - Passing TDs,,Cam Ward,87765275,over,1.5,182,2.82,0.3546099290780142,open,,,2026-09-10T00:15:37Z,,,,,v3-forward-measurement
73fd619e-5b6b-4e07-9180-de233e23a2b4,62c0a6c8-e0fe-4855-9814-b549f955c5a3,2026-09-10T00:15:37Z,FanDuel Sportsbook structured market feed,,VA,NFL,35609021,New York Jets @ Tennessee Titans,2026-09-13T17:01:00.000Z,FanDuel,751.183999122,passing_touchdowns,Cam Ward - Passing TDs,,Cam Ward,87765263,under,1.5,-250,1.4,0.7142857142857143,open,,,2026-09-10T00:15:37Z,,,,,v3-forward-measurement
73fd619e-5b6b-4e07-9180-de233e23a2b4,b4a9f4bb-ce37-4e60-a1d2-180845c93bca,2026-09-10T00:15:37Z,FanDuel Sportsbook structured market feed,,VA,NFL,35609021,New York Jets @ Tennessee Titans,2026-09-13T17:01:00.000Z,FanDuel,751.183999047,passing_yards,Geno Smith - Passing Yds,,Geno Smith,12004381,over,212.5,-114,1.87719298245614,0.5327102803738317,open,,,2026-09-10T00:15:37Z,,,,,v3-forward-measurement
73fd619e-5b6b-4e07-9180-de233e23a2b4,5587fb45-5cec-4093-8300-3a726c5a1432,2026-09-10T00:15:37Z,FanDuel Sportsbook structured market feed,,VA,NFL,35609021,New York Jets @ Tennessee Titans,2026-09-13T17:01:00.000Z,FanDuel,751.183999047,passing_yards,Geno Smith - Passing Yds,,Geno Smith,12004382,under,212.5,-114,1.87719298245614,0.5327102803738317,open,,,2026-09-10T00:15:37Z,,,,,v3-forward-measurement
73fd619e-5b6b-4e07-9180-de233e23a2b4,09037dcf-01ee-4489-8ba1-89757bda6b4a,2026-09-10T00:15:37Z,FanDuel Sportsbook structured market feed,,VA,NFL,35609021,New York Jets @ Tennessee Titans,2026-09-13T17:01:00.000Z,FanDuel,751.183998992,passing_touchdowns,Geno Smith - Passing TDs,,Geno Smith,12004381,over,0.5,-245,1.408163265306122,0.7101449275362319,open,,,2026-09-10T00:15:37Z,,,,,v3-forward-measurement
73fd619e-5b6b-4e07-9180-de233e23a2b4,a02a37c0-f60b-4fb4-9b7c-886cc934e846,2026-09-10T00:15:37Z,FanDuel Sportsbook structured market feed,,VA,NFL,35609021,New York Jets @ Tennessee Titans,2026-09-13T17:01:00.000Z,FanDuel,751.183998992,passing_touchdowns,Geno Smith - Passing TDs,,Geno Smith,12004382,under,0.5,178,2.78,0.3597122302158273,open,,,2026-09-10T00:15:37Z,,,,,v3-forward-measurement
b049e5a0-10fd-4ad2-b0a3-dd5fdbfd4251,2678b4ce-9ec6-4ce8-a69c-7379afd1a7c1,2026-09-10T00:15:37Z,FanDuel Sportsbook structured market feed,,VA,NFL,35609021,New York Jets @ Tennessee Titans,2026-09-13T17:01:00.000Z,FanDuel,751.184002847,rushing_yards,Breece Hall - Rushing Yds,,Breece Hall,41075120,over,64.5,-114,1.87719298245614,0.5327102803738317,open,,,2026-09-10T00:15:37Z,,,,,v3-forward-measurement
b049e5a0-10fd-4ad2-b0a3-dd5fdbfd4251,7874973b-7bb9-4a2b-acba-570746512a1b,2026-09-10T00:15:37Z,FanDuel Sportsbook structured market feed,,VA,NFL,35609021,New York Jets @ Tennessee Titans,2026-09-13T17:01:00.000Z,FanDuel,751.184002847,rushing_yards,Breece Hall - Rushing Yds,,Breece Hall,41075121,under,64.5,-114,1.87719298245614,0.5327102803738317,open,,,2026-09-10T00:15:37Z,,,,,v3-forward-measurement
b049e5a0-10fd-4ad2-b0a3-dd5fdbfd4251,57f053e0-69d5-4343-b0a5-e5a5478a8ed6,2026-09-10T00:15:37Z,FanDuel Sportsbook structured market feed,,VA,NFL,35609021,New York Jets @ Tennessee Titans,2026-09-13T17:01:00.000Z,FanDuel,751.184003487,rushing_yards,Geno Smith - Rushing Yds,,Geno Smith,12004381,over,5.5,-114,1.87719298245614,0.5327102803738317,open,,,2026-09-10T00:15:37Z,,,,,v3-forward-measurement
b049e5a0-10fd-4ad2-b0a3-dd5fdbfd4251,06c1b84d-3cd1-4dae-b2c5-a3c1a8353967,2026-09-10T00:15:37Z,FanDuel Sportsbook structured market feed,,VA,NFL,35609021,New York Jets @ Tennessee Titans,2026-09-13T17:01:00.000Z,FanDuel,751.184003487,rushing_yards,Geno Smith - Rushing Yds,,Geno Smith,12004382,under,5.5,-114,1.87719298245614,0.5327102803738317,open,,,2026-09-10T00:15:37Z,,,,,v3-forward-measurement
b049e5a0-10fd-4ad2-b0a3-dd5fdbfd4251,ae979e9f-908f-425a-b457-f0eab6cac034,2026-09-10T00:15:37Z,FanDuel Sportsbook structured market feed,,VA,NFL,35609021,New York Jets @ Tennessee Titans,2026-09-13T17:01:00.000Z,FanDuel,751.184003488,rushing_yards,Cam Ward - Rushing Yds,,Cam Ward,87765275,over,8.5,-114,1.87719298245614,0.5327102803738317,open,,,2026-09-10T00:15:37Z,,,,,v3-forward-measurement
b049e5a0-10fd-4ad2-b0a3-dd5fdbfd4251,e75c06eb-d963-4218-a7a3-00f24fab3ebc,2026-09-10T00:15:37Z,FanDuel Sportsbook structured market feed,,VA,NFL,35609021,New York Jets @ Tennessee Titans,2026-09-13T17:01:00.000Z,FanDuel,751.184003488,rushing_yards,Cam Ward - Rushing Yds,,Cam Ward,87765263,under,8.5,-114,1.87719298245614,0.5327102803738317,open,,,2026-09-10T00:15:37Z,,,,,v3-forward-measurement
b049e5a0-10fd-4ad2-b0a3-dd5fdbfd4251,87bf4a73-a455-493e-bc34-e18b55a7a5fb,2026-09-10T00:15:37Z,FanDuel Sportsbook structured market feed,,VA,NFL,35609021,New York Jets @ Tennessee Titans,2026-09-13T17:01:00.000Z,FanDuel,751.184985098,rushing_yards,Braelon Allen - Rushing Yds,,Braelon Allen,41500946,over,17.5,-114,1.87719298245614,0.5327102803738317,open,,,2026-09-10T00:15:37Z,,,,,v3-forward-measurement
b049e5a0-10fd-4ad2-b0a3-dd5fdbfd4251,39a39554-b8ae-438d-8cc8-7fca3b244a2c,2026-09-10T00:15:37Z,FanDuel Sportsbook structured market feed,,VA,NFL,35609021,New York Jets @ Tennessee Titans,2026-09-13T17:01:00.000Z,FanDuel,751.184985098,rushing_yards,Braelon Allen - Rushing Yds,,Braelon Allen,41500945,under,17.5,-114,1.87719298245614,0.5327102803738317,open,,,2026-09-10T00:15:37Z,,,,,v3-forward-measurement
b049e5a0-10fd-4ad2-b0a3-dd5fdbfd4251,ed36f2b0-6ff2-4541-a66d-da213e63929d,2026-09-10T00:15:37Z,FanDuel Sportsbook structured market feed,,VA,NFL,35609021,New York Jets @ Tennessee Titans,2026-09-13T17:01:00.000Z,FanDuel,751.184002843,rushing_yards,Tony Pollard - Rushing Yds,,Tony Pollard,26271306,over,54.5,-114,1.87719298245614,0.5327102803738317,open,,,2026-09-10T00:15:37Z,,,,,v3-forward-measurement
b049e5a0-10fd-4ad2-b0a3-dd5fdbfd4251,3a7bc71c-e187-4e98-b80a-00f4d248124f,2026-09-10T00:15:37Z,FanDuel Sportsbook structured market feed,,VA,NFL,35609021,New York Jets @ Tennessee Titans,2026-09-13T17:01:00.000Z,FanDuel,751.184002843,rushing_yards,Tony Pollard - Rushing Yds,,Tony Pollard,26271307,under,54.5,-114,1.87719298245614,0.5327102803738317,open,,,2026-09-10T00:15:37Z,,,,,v3-forward-measurement
b049e5a0-10fd-4ad2-b0a3-dd5fdbfd4251,7aaee015-9678-4f88-b985-9e7e905a101c,2026-09-10T00:15:37Z,FanDuel Sportsbook structured market feed,,VA,NFL,35609021,New York Jets @ Tennessee Titans,2026-09-13T17:01:00.000Z,FanDuel,751.184985095,rushing_yards,Tyjae Spears - Rushing Yds,,Tyjae Spears,48895401,over,22.5,-114,1.87719298245614,0.5327102803738317,open,,,2026-09-10T00:15:37Z,,,,,v3-forward-measurement
b049e5a0-10fd-4ad2-b0a3-dd5fdbfd4251,dcd0cb20-be8e-433c-97be-29197822e3a9,2026-09-10T00:15:37Z,FanDuel Sportsbook structured market feed,,VA,NFL,35609021,New York Jets @ Tennessee Titans,2026-09-13T17:01:00.000Z,FanDuel,751.184985095,rushing_yards,Tyjae Spears - Rushing Yds,,Tyjae Spears,48895398,under,22.5,-114,1.87719298245614,0.5327102803738317,open,,,2026-09-10T00:15:37Z,,,,,v3-forward-measurement
1b1f2e0e-aa60-4b31-88ab-30a7d7a5b110,9f65ace2-5cbb-4830-b231-1019186c0dc6,2026-09-10T00:15:37Z,FanDuel Sportsbook structured market feed,,VA,NFL,35609021,New York Jets @ Tennessee Titans,2026-09-13T17:01:00.000Z,FanDuel,751.184984424,receiving_yards,Gunnar Helm - Receiving Yds,,Gunnar Helm,89546913,over,22.5,-114,1.87719298245614,0.5327102803738317,open,,,2026-09-10T00:15:37Z,,,,,v3-forward-measurement
1b1f2e0e-aa60-4b31-88ab-30a7d7a5b110,cb62af65-7e77-4772-a434-f7c9395ca878,2026-09-10T00:15:37Z,FanDuel Sportsbook structured market feed,,VA,NFL,35609021,New York Jets @ Tennessee Titans,2026-09-13T17:01:00.000Z,FanDuel,751.184984424,receiving_yards,Gunnar Helm - Receiving Yds,,Gunnar Helm,89546948,under,22.5,-114,1.87719298245614,0.5327102803738317,open,,,2026-09-10T00:15:37Z,,,,,v3-forward-measurement
1b1f2e0e-aa60-4b31-88ab-30a7d7a5b110,009f0f53-ae2d-4c66-8eaf-2a71bf10c8a1,2026-09-10T00:15:37Z,FanDuel Sportsbook structured market feed,,VA,NFL,35609021,New York Jets @ Tennessee Titans,2026-09-13T17:01:00.000Z,FanDuel,751.184004692,receptions,Breece Hall - Total Receptions,,Breece Hall,41075120,over,2.5,-114,1.87719298245614,0.5327102803738317,open,,,2026-09-10T00:15:37Z,,,,,v3-forward-measurement
1b1f2e0e-aa60-4b31-88ab-30a7d7a5b110,e43f4b8f-13de-4455-af5d-2cd8e2b5dadc,2026-09-10T00:15:37Z,FanDuel Sportsbook structured market feed,,VA,NFL,35609021,New York Jets @ Tennessee Titans,2026-09-13T17:01:00.000Z,FanDuel,751.184004692,receptions,Breece Hall - Total Receptions,,Breece Hall,41075121,under,2.5,-114,1.87719298245614,0.5327102803738317,open,,,2026-09-10T00:15:37Z,,,,,v3-forward-measurement
1b1f2e0e-aa60-4b31-88ab-30a7d7a5b110,fc608f1f-d8c2-4a5d-b993-0f05b9614391,2026-09-10T00:15:37Z,FanDuel Sportsbook structured market feed,,VA,NFL,35609021,New York Jets @ Tennessee Titans,2026-09-13T17:01:00.000Z,FanDuel,751.184984420,receptions,Gunnar Helm - Total Receptions,,Gunnar Helm,89546913,over,2.5,-114,1.87719298245614,0.5327102803738317,open,,,2026-09-10T00:15:37Z,,,,,v3-forward-measurement
1b1f2e0e-aa60-4b31-88ab-30a7d7a5b110,d0642697-f296-491c-8f20-012a087f448f,2026-09-10T00:15:37Z,FanDuel Sportsbook structured market feed,,VA,NFL,35609021,New York Jets @ Tennessee Titans,2026-09-13T17:01:00.000Z,FanDuel,751.184984420,receptions,Gunnar Helm - Total Receptions,,Gunnar Helm,89546948,under,2.5,-114,1.87719298245614,0.5327102803738317,open,,,2026-09-10T00:15:37Z,,,,,v3-forward-measurement
1b1f2e0e-aa60-4b31-88ab-30a7d7a5b110,b76b1d09-7b59-4ac2-af51-45a34e00276b,2026-09-10T00:15:37Z,FanDuel Sportsbook structured market feed,,VA,NFL,35609021,New York Jets @ Tennessee Titans,2026-09-13T17:01:00.000Z,FanDuel,751.185138120,receiving_yards,Tony Pollard - Receiving Yds,,Tony Pollard,26271306,over,9.5,-114,1.87719298245614,0.5327102803738317,open,,,2026-09-10T00:15:37Z,,,,,v3-forward-measurement
1b1f2e0e-aa60-4b31-88ab-30a7d7a5b110,4487f263-b8d0-4465-9756-3e29a733b2b4,2026-09-10T00:15:37Z,FanDuel Sportsbook structured market feed,,VA,NFL,35609021,New York Jets @ Tennessee Titans,2026-09-13T17:01:00.000Z,FanDuel,751.185138120,receiving_yards,Tony Pollard - Receiving Yds,,Tony Pollard,26271307,under,9.5,-114,1.87719298245614,0.5327102803738317,open,,,2026-09-10T00:15:37Z,,,,,v3-forward-measurement
1b1f2e0e-aa60-4b31-88ab-30a7d7a5b110,9a694481-6176-4746-85ec-3c9637f26fd6,2026-09-10T00:15:37Z,FanDuel Sportsbook structured market feed,,VA,NFL,35609021,New York Jets @ Tennessee Titans,2026-09-13T17:01:00.000Z,FanDuel,751.184921689,receiving_yards,Adonai Mitchell - Receiving Yds,,Adonai Mitchell,48048058,over,32.5,-114,1.87719298245614,0.5327102803738317,open,,,2026-09-10T00:15:37Z,,,,,v3-forward-measurement
1b1f2e0e-aa60-4b31-88ab-30a7d7a5b110,aadd0c31-1e9f-4bce-96e4-d5f779ff1751,2026-09-10T00:15:37Z,FanDuel Sportsbook structured market feed,,VA,NFL,35609021,New York Jets @ Tennessee Titans,2026-09-13T17:01:00.000Z,FanDuel,751.184921689,receiving_yards,Adonai Mitchell - Receiving Yds,,Adonai Mitchell,48048062,under,32.5,-114,1.87719298245614,0.5327102803738317,open,,,2026-09-10T00:15:37Z,,,,,v3-forward-measurement
1b1f2e0e-aa60-4b31-88ab-30a7d7a5b110,6a06e819-baff-466b-a8d3-ee9e67cfdbbb,2026-09-10T00:15:37Z,FanDuel Sportsbook structured market feed,,VA,NFL,35609021,New York Jets @ Tennessee Titans,2026-09-13T17:01:00.000Z,FanDuel,751.184003917,receptions,Garrett Wilson - Total Receptions,,Garrett Wilson,41158862,over,5.5,-114,1.87719298245614,0.5327102803738317,open,,,2026-09-10T00:15:37Z,,,,,v3-forward-measurement
1b1f2e0e-aa60-4b31-88ab-30a7d7a5b110,f874d9c1-064a-4632-902e-4dcabd1028ca,2026-09-10T00:15:37Z,FanDuel Sportsbook structured market feed,,VA,NFL,35609021,New York Jets @ Tennessee Titans,2026-09-13T17:01:00.000Z,FanDuel,751.184003917,receptions,Garrett Wilson - Total Receptions,,Garrett Wilson,41158861,under,5.5,-114,1.87719298245614,0.5327102803738317,open,,,2026-09-10T00:15:37Z,,,,,v3-forward-measurement
1b1f2e0e-aa60-4b31-88ab-30a7d7a5b110,45a516b4-ed61-4312-8ab5-a2257412297e,2026-09-10T00:15:37Z,FanDuel Sportsbook structured market feed,,VA,NFL,35609021,New York Jets @ Tennessee Titans,2026-09-13T17:01:00.000Z,FanDuel,751.184003918,receiving_yards,Wan'Dale Robinson - Receiving Yds,,Wan'Dale Robinson,41073264,over,41.5,-114,1.87719298245614,0.5327102803738317,open,,,2026-09-10T00:15:37Z,,,,,v3-forward-measurement
1b1f2e0e-aa60-4b31-88ab-30a7d7a5b110,71a746da-409c-4272-99c3-ab8f4e2cefe3,2026-09-10T00:15:37Z,FanDuel Sportsbook structured market feed,,VA,NFL,35609021,New York Jets @ Tennessee Titans,2026-09-13T17:01:00.000Z,FanDuel,751.184003918,receiving_yards,Wan'Dale Robinson - Receiving Yds,,Wan'Dale Robinson,41073263,under,41.5,-114,1.87719298245614,0.5327102803738317,open,,,2026-09-10T00:15:37Z,,,,,v3-forward-measurement
1b1f2e0e-aa60-4b31-88ab-30a7d7a5b110,a7e7976a-ae33-4631-a17e-759ffe38983a,2026-09-10T00:15:37Z,FanDuel Sportsbook structured market feed,,VA,NFL,35609021,New York Jets @ Tennessee Titans,2026-09-13T17:01:00.000Z,FanDuel,751.184003915,receiving_yards,Garrett Wilson - Receiving Yds,,Garrett Wilson,41158862,over,61.5,-114,1.87719298245614,0.5327102803738317,open,,,2026-09-10T00:15:37Z,,,,,v3-forward-measurement
1b1f2e0e-aa60-4b31-88ab-30a7d7a5b110,740c0b84-a719-47c6-826f-c1ac88f68867,2026-09-10T00:15:37Z,FanDuel Sportsbook structured market feed,,VA,NFL,35609021,New York Jets @ Tennessee Titans,2026-09-13T17:01:00.000Z,FanDuel,751.184003915,receiving_yards,Garrett Wilson - Receiving Yds,,Garrett Wilson,41158861,under,61.5,-114,1.87719298245614,0.5327102803738317,open,,,2026-09-10T00:15:37Z,,,,,v3-forward-measurement
1b1f2e0e-aa60-4b31-88ab-30a7d7a5b110,5acc8a47-81f6-4e2c-b38d-7012e092f169,2026-09-10T00:15:37Z,FanDuel Sportsbook structured market feed,,VA,NFL,35609021,New York Jets @ Tennessee Titans,2026-09-13T17:01:00.000Z,FanDuel,751.184004688,receiving_yards,Breece Hall - Receiving Yds,,Breece Hall,41075120,over,20.5,-114,1.87719298245614,0.5327102803738317,open,,,2026-09-10T00:15:37Z,,,,,v3-forward-measurement
1b1f2e0e-aa60-4b31-88ab-30a7d7a5b110,d5130fd9-c833-457e-b3d6-83c16307c3bd,2026-09-10T00:15:37Z,FanDuel Sportsbook structured market feed,,VA,NFL,35609021,New York Jets @ Tennessee Titans,2026-09-13T17:01:00.000Z,FanDuel,751.184004688,receiving_yards,Breece Hall - Receiving Yds,,Breece Hall,41075121,under,20.5,-114,1.87719298245614,0.5327102803738317,open,,,2026-09-10T00:15:37Z,,,,,v3-forward-measurement
1b1f2e0e-aa60-4b31-88ab-30a7d7a5b110,6e5fa7d2-1a09-41a5-a62a-c34aa4227658,2026-09-10T00:15:37Z,FanDuel Sportsbook structured market feed,,VA,NFL,35609021,New York Jets @ Tennessee Titans,2026-09-13T17:01:00.000Z,FanDuel,751.185135240,receiving_yards,Tyjae Spears - Receiving Yds,,Tyjae Spears,48895401,over,16.5,-114,1.87719298245614,0.5327102803738317,open,,,2026-09-10T00:15:37Z,,,,,v3-forward-measurement
1b1f2e0e-aa60-4b31-88ab-30a7d7a5b110,c4fd9fa1-ba2e-4690-9853-7f3f435b3fa5,2026-09-10T00:15:37Z,FanDuel Sportsbook structured market feed,,VA,NFL,35609021,New York Jets @ Tennessee Titans,2026-09-13T17:01:00.000Z,FanDuel,751.185135240,receiving_yards,Tyjae Spears - Receiving Yds,,Tyjae Spears,48895398,under,16.5,-114,1.87719298245614,0.5327102803738317,open,,,2026-09-10T00:15:37Z,,,,,v3-forward-measurement
1b1f2e0e-aa60-4b31-88ab-30a7d7a5b110,dc800368-5ea4-4306-b849-5a257a918801,2026-09-10T00:15:37Z,FanDuel Sportsbook structured market feed,,VA,NFL,35609021,New York Jets @ Tennessee Titans,2026-09-13T17:01:00.000Z,FanDuel,751.185138111,receptions,Tony Pollard - Total Receptions,,Tony Pollard,26271306,over,1.5,-130,1.769230769230769,0.5652173913043478,open,,,2026-09-10T00:15:37Z,,,,,v3-forward-measurement
1b1f2e0e-aa60-4b31-88ab-30a7d7a5b110,a3be7bc4-88f4-4c48-bd8f-26190b5c635d,2026-09-10T00:15:37Z,FanDuel Sportsbook structured market feed,,VA,NFL,35609021,New York Jets @ Tennessee Titans,2026-09-13T17:01:00.000Z,FanDuel,751.185138111,receptions,Tony Pollard - Total Receptions,,Tony Pollard,26271307,under,1.5,-102,1.980392156862745,0.504950495049505,open,,,2026-09-10T00:15:37Z,,,,,v3-forward-measurement
1b1f2e0e-aa60-4b31-88ab-30a7d7a5b110,e539aaa4-fcb3-43cf-90e3-0651d85d6922,2026-09-10T00:15:37Z,FanDuel Sportsbook structured market feed,,VA,NFL,35609021,New York Jets @ Tennessee Titans,2026-09-13T17:01:00.000Z,FanDuel,751.185135238,receptions,Tyjae Spears - Total Receptions,,Tyjae Spears,48895401,over,2.5,-140,1.714285714285714,0.5833333333333334,open,,,2026-09-10T00:15:37Z,,,,,v3-forward-measurement
1b1f2e0e-aa60-4b31-88ab-30a7d7a5b110,95f42c0a-f78b-4821-a784-78e7882d9760,2026-09-10T00:15:37Z,FanDuel Sportsbook structured market feed,,VA,NFL,35609021,New York Jets @ Tennessee Titans,2026-09-13T17:01:00.000Z,FanDuel,751.185135238,receptions,Tyjae Spears - Total Receptions,,Tyjae Spears,48895398,under,2.5,106,2.06,0.4854368932038835,open,,,2026-09-10T00:15:37Z,,,,,v3-forward-measurement
1b1f2e0e-aa60-4b31-88ab-30a7d7a5b110,4f295bfc-d87d-4af9-af3a-b4e77a1e8958,2026-09-10T00:15:37Z,FanDuel Sportsbook structured market feed,,VA,NFL,35609021,New York Jets @ Tennessee Titans,2026-09-13T17:01:00.000Z,FanDuel,751.184004318,receptions,Carnell Tate - Total Receptions,,Carnell Tate,102332617,over,3.5,106,2.06,0.4854368932038835,open,,,2026-09-10T00:15:37Z,,,,,v3-forward-measurement
1b1f2e0e-aa60-4b31-88ab-30a7d7a5b110,0f85df98-e58a-4a15-a4e1-b106725e30f1,2026-09-10T00:15:37Z,FanDuel Sportsbook structured market feed,,VA,NFL,35609021,New York Jets @ Tennessee Titans,2026-09-13T17:01:00.000Z,FanDuel,751.184004318,receptions,Carnell Tate - Total Receptions,,Carnell Tate,102332624,under,3.5,-140,1.714285714285714,0.5833333333333334,open,,,2026-09-10T00:15:37Z,,,,,v3-forward-measurement
1b1f2e0e-aa60-4b31-88ab-30a7d7a5b110,eaefd844-d450-4315-806f-f34683d2b8da,2026-09-10T00:15:37Z,FanDuel Sportsbook structured market feed,,VA,NFL,35609021,New York Jets @ Tennessee Titans,2026-09-13T17:01:00.000Z,FanDuel,751.184921679,receptions,Adonai Mitchell - Total Receptions,,Adonai Mitchell,48048058,over,2.5,-138,1.72463768115942,0.5798319327731093,open,,,2026-09-10T00:15:37Z,,,,,v3-forward-measurement
1b1f2e0e-aa60-4b31-88ab-30a7d7a5b110,3957f0b5-f1fa-48a0-830a-78ae2307692a,2026-09-10T00:15:37Z,FanDuel Sportsbook structured market feed,,VA,NFL,35609021,New York Jets @ Tennessee Titans,2026-09-13T17:01:00.000Z,FanDuel,751.184921679,receptions,Adonai Mitchell - Total Receptions,,Adonai Mitchell,48048062,under,2.5,104,2.04,0.49019607843137253,open,,,2026-09-10T00:15:37Z,,,,,v3-forward-measurement
1b1f2e0e-aa60-4b31-88ab-30a7d7a5b110,620a99d3-0362-4358-842e-bf299b2a2b22,2026-09-10T00:15:37Z,FanDuel Sportsbook structured market feed,,VA,NFL,35609021,New York Jets @ Tennessee Titans,2026-09-13T17:01:00.000Z,FanDuel,751.184004319,receiving_yards,Carnell Tate - Receiving Yds,,Carnell Tate,102332617,over,37.5,-114,1.87719298245614,0.5327102803738317,open,,,2026-09-10T00:15:37Z,,,,,v3-forward-measurement
1b1f2e0e-aa60-4b31-88ab-30a7d7a5b110,65facdbd-f974-409a-9b21-ced968db01da,2026-09-10T00:15:37Z,FanDuel Sportsbook structured market feed,,VA,NFL,35609021,New York Jets @ Tennessee Titans,2026-09-13T17:01:00.000Z,FanDuel,751.184004319,receiving_yards,Carnell Tate - Receiving Yds,,Carnell Tate,102332624,under,37.5,-114,1.87719298245614,0.5327102803738317,open,,,2026-09-10T00:15:37Z,,,,,v3-forward-measurement
1b1f2e0e-aa60-4b31-88ab-30a7d7a5b110,788dfd1c-25d1-4add-a885-7044decab532,2026-09-10T00:15:37Z,FanDuel Sportsbook structured market feed,,VA,NFL,35609021,New York Jets @ Tennessee Titans,2026-09-13T17:01:00.000Z,FanDuel,751.184003904,receptions,Wan'Dale Robinson - Total Receptions,,Wan'Dale Robinson,41073264,over,4.5,-102,1.980392156862745,0.504950495049505,open,,,2026-09-10T00:15:37Z,,,,,v3-forward-measurement
1b1f2e0e-aa60-4b31-88ab-30a7d7a5b110,36f27be3-b436-4f30-a335-dbc872d41e93,2026-09-10T00:15:37Z,FanDuel Sportsbook structured market feed,,VA,NFL,35609021,New York Jets @ Tennessee Titans,2026-09-13T17:01:00.000Z,FanDuel,751.184003904,receptions,Wan'Dale Robinson - Total Receptions,,Wan'Dale Robinson,41073263,under,4.5,-130,1.769230769230769,0.5652173913043478,open,,,2026-09-10T00:15:37Z,,,,,v3-forward-measurement
1b1f2e0e-aa60-4b31-88ab-30a7d7a5b110,061e35f8-9a80-40aa-a72b-da791257a5a6,2026-09-10T00:15:37Z,FanDuel Sportsbook structured market feed,,VA,NFL,35609021,New York Jets @ Tennessee Titans,2026-09-13T17:01:00.000Z,FanDuel,751.185136276,receptions,Mason Taylor - Total Receptions,,Mason Taylor,50186665,over,2.5,-102,1.980392156862745,0.504950495049505,open,,,2026-09-10T00:15:37Z,,,,,v3-forward-measurement
1b1f2e0e-aa60-4b31-88ab-30a7d7a5b110,49eef7e1-648b-4856-be90-0d4a71e6dd04,2026-09-10T00:15:37Z,FanDuel Sportsbook structured market feed,,VA,NFL,35609021,New York Jets @ Tennessee Titans,2026-09-13T17:01:00.000Z,FanDuel,751.185136276,receptions,Mason Taylor - Total Receptions,,Mason Taylor,50186663,under,2.5,-130,1.769230769230769,0.5652173913043478,open,,,2026-09-10T00:15:37Z,,,,,v3-forward-measurement
1b1f2e0e-aa60-4b31-88ab-30a7d7a5b110,8ddc2bf1-d55c-44eb-9848-5b392a144835,2026-09-10T00:15:37Z,FanDuel Sportsbook structured market feed,,VA,NFL,35609021,New York Jets @ Tennessee Titans,2026-09-13T17:01:00.000Z,FanDuel,751.184984313,receiving_yards,Calvin Ridley - Receiving Yds,,Calvin Ridley,12302575,over,27.5,-114,1.87719298245614,0.5327102803738317,open,,,2026-09-10T00:15:37Z,,,,,v3-forward-measurement
1b1f2e0e-aa60-4b31-88ab-30a7d7a5b110,261e136f-08c3-431f-a921-69e0e9090500,2026-09-10T00:15:37Z,FanDuel Sportsbook structured market feed,,VA,NFL,35609021,New York Jets @ Tennessee Titans,2026-09-13T17:01:00.000Z,FanDuel,751.184984313,receiving_yards,Calvin Ridley - Receiving Yds,,Calvin Ridley,12302576,under,27.5,-114,1.87719298245614,0.5327102803738317,open,,,2026-09-10T00:15:37Z,,,,,v3-forward-measurement
1b1f2e0e-aa60-4b31-88ab-30a7d7a5b110,1f884200-95ba-4daf-9ac2-9ab156abf106,2026-09-10T00:15:37Z,FanDuel Sportsbook structured market feed,,VA,NFL,35609021,New York Jets @ Tennessee Titans,2026-09-13T17:01:00.000Z,FanDuel,751.184984312,receptions,Calvin Ridley - Total Receptions,,Calvin Ridley,12302575,over,2.5,140,2.4,0.4166666666666667,open,,,2026-09-10T00:15:37Z,,,,,v3-forward-measurement
1b1f2e0e-aa60-4b31-88ab-30a7d7a5b110,cb43f26a-0a0f-478b-87fa-22c9612244d0,2026-09-10T00:15:37Z,FanDuel Sportsbook structured market feed,,VA,NFL,35609021,New York Jets @ Tennessee Titans,2026-09-13T17:01:00.000Z,FanDuel,751.184984312,receptions,Calvin Ridley - Total Receptions,,Calvin Ridley,12302576,under,2.5,-188,1.531914893617021,0.6527777777777778,open,,,2026-09-10T00:15:37Z,,,,,v3-forward-measurement
1b1f2e0e-aa60-4b31-88ab-30a7d7a5b110,ea50c0ec-4f38-4406-bc1a-476a22698cde,2026-09-10T00:15:37Z,FanDuel Sportsbook structured market feed,,VA,NFL,35609021,New York Jets @ Tennessee Titans,2026-09-13T17:01:00.000Z,FanDuel,751.185136272,receiving_yards,Mason Taylor - Receiving Yds,,Mason Taylor,50186665,over,20.5,-114,1.87719298245614,0.5327102803738317,open,,,2026-09-10T00:15:37Z,,,,,v3-forward-measurement
1b1f2e0e-aa60-4b31-88ab-30a7d7a5b110,67a10a5e-4f4d-4a6e-bc4d-1b6b5b962774,2026-09-10T00:15:37Z,FanDuel Sportsbook structured market feed,,VA,NFL,35609021,New York Jets @ Tennessee Titans,2026-09-13T17:01:00.000Z,FanDuel,751.185136272,receiving_yards,Mason Taylor - Receiving Yds,,Mason Taylor,50186663,under,20.5,-114,1.87719298245614,0.5327102803738317,open,,,2026-09-10T00:15:37Z,,,,,v3-forward-measurement
f06d2b04-d322-4423-973c-74912a1c45ef,af2f5ba2-e0a4-40c0-a0d2-40cd3cca6d1b,2026-09-10T00:15:37Z,FanDuel Sportsbook structured market feed,,VA,NFL,35609293,Washington Commanders @ Philadelphia Eagles,2026-09-13T20:25:00.000Z,FanDuel,751.183664687,passing_touchdowns,Jayden Daniels - Passing TDs,,Jayden Daniels,41161339,over,0.5,-250,1.4,0.7142857142857143,open,,,2026-09-10T00:15:37Z,,,,,v3-forward-measurement
f06d2b04-d322-4423-973c-74912a1c45ef,e10540c4-9795-45a8-9a04-06aaf0dd2781,2026-09-10T00:15:37Z,FanDuel Sportsbook structured market feed,,VA,NFL,35609293,Washington Commanders @ Philadelphia Eagles,2026-09-13T20:25:00.000Z,FanDuel,751.183664687,passing_touchdowns,Jayden Daniels - Passing TDs,,Jayden Daniels,41161340,under,0.5,188,2.88,0.3472222222222222,open,,,2026-09-10T00:15:37Z,,,,,v3-forward-measurement
f06d2b04-d322-4423-973c-74912a1c45ef,9bb9cf89-4ca9-4f4d-aa66-d447475d425d,2026-09-10T00:15:37Z,FanDuel Sportsbook structured market feed,,VA,NFL,35609293,Washington Commanders @ Philadelphia Eagles,2026-09-13T20:25:00.000Z,FanDuel,751.183664641,passing_yards,Jalen Hurts - Passing Yds,,Jalen Hurts,12302543,over,214.5,-114,1.87719298245614,0.5327102803738317,open,,,2026-09-10T00:15:37Z,,,,,v3-forward-measurement
f06d2b04-d322-4423-973c-74912a1c45ef,1905e4b7-5c80-4c6d-a6e4-1a554f5f1bd2,2026-09-10T00:15:37Z,FanDuel Sportsbook structured market feed,,VA,NFL,35609293,Washington Commanders @ Philadelphia Eagles,2026-09-13T20:25:00.000Z,FanDuel,751.183664641,passing_yards,Jalen Hurts - Passing Yds,,Jalen Hurts,12302542,under,214.5,-114,1.87719298245614,0.5327102803738317,open,,,2026-09-10T00:15:37Z,,,,,v3-forward-measurement
f06d2b04-d322-4423-973c-74912a1c45ef,0c1a9d2b-26a3-47c9-8573-3ca059fc4984,2026-09-10T00:15:37Z,FanDuel Sportsbook structured market feed,,VA,NFL,35609293,Washington Commanders @ Philadelphia Eagles,2026-09-13T20:25:00.000Z,FanDuel,751.183664629,passing_touchdowns,Jalen Hurts - Passing TDs,,Jalen Hurts,12302543,over,1.5,106,2.06,0.4854368932038835,open,,,2026-09-10T00:15:37Z,,,,,v3-forward-measurement
f06d2b04-d322-4423-973c-74912a1c45ef,321ffdc7-c0f5-4eb0-b27f-27932f9a126a,2026-09-10T00:15:37Z,FanDuel Sportsbook structured market feed,,VA,NFL,35609293,Washington Commanders @ Philadelphia Eagles,2026-09-13T20:25:00.000Z,FanDuel,751.183664629,passing_touchdowns,Jalen Hurts - Passing TDs,,Jalen Hurts,12302542,under,1.5,-140,1.714285714285714,0.5833333333333334,open,,,2026-09-10T00:15:37Z,,,,,v3-forward-measurement
f06d2b04-d322-4423-973c-74912a1c45ef,33b731c5-e5fc-4ac5-988c-31c97a2b88bc,2026-09-10T00:15:37Z,FanDuel Sportsbook structured market feed,,VA,NFL,35609293,Washington Commanders @ Philadelphia Eagles,2026-09-13T20:25:00.000Z,FanDuel,751.183664552,passing_yards,Jayden Daniels - Passing Yds,,Jayden Daniels,41161339,over,205.5,-114,1.87719298245614,0.5327102803738317,open,,,2026-09-10T00:15:37Z,,,,,v3-forward-measurement
f06d2b04-d322-4423-973c-74912a1c45ef,43639a36-3414-420e-aa5a-c8ccb114faca,2026-09-10T00:15:37Z,FanDuel Sportsbook structured market feed,,VA,NFL,35609293,Washington Commanders @ Philadelphia Eagles,2026-09-13T20:25:00.000Z,FanDuel,751.183664552,passing_yards,Jayden Daniels - Passing Yds,,Jayden Daniels,41161340,under,205.5,-114,1.87719298245614,0.5327102803738317,open,,,2026-09-10T00:15:37Z,,,,,v3-forward-measurement
2373bec7-0818-49db-b638-3b8ba24e77a9,ee72a29f-562a-4b22-8ff6-dac58ee554b0,2026-09-10T00:15:37Z,FanDuel Sportsbook structured market feed,,VA,NFL,35609293,Washington Commanders @ Philadelphia Eagles,2026-09-13T20:25:00.000Z,FanDuel,751.183665338,rushing_yards,Jalen Hurts - Rushing Yds,,Jalen Hurts,12302543,over,28.5,-114,1.87719298245614,0.5327102803738317,open,,,2026-09-10T00:15:37Z,,,,,v3-forward-measurement
2373bec7-0818-49db-b638-3b8ba24e77a9,44d392aa-a756-44fa-80ef-b115c5a55ec7,2026-09-10T00:15:37Z,FanDuel Sportsbook structured market feed,,VA,NFL,35609293,Washington Commanders @ Philadelphia Eagles,2026-09-13T20:25:00.000Z,FanDuel,751.183665338,rushing_yards,Jalen Hurts - Rushing Yds,,Jalen Hurts,12302542,under,28.5,-114,1.87719298245614,0.5327102803738317,open,,,2026-09-10T00:15:37Z,,,,,v3-forward-measurement
2373bec7-0818-49db-b638-3b8ba24e77a9,420f8efc-a4f0-4b56-9114-2aac946da674,2026-09-10T00:15:37Z,FanDuel Sportsbook structured market feed,,VA,NFL,35609293,Washington Commanders @ Philadelphia Eagles,2026-09-13T20:25:00.000Z,FanDuel,751.183665339,rushing_yards,Jayden Daniels - Rushing Yds,,Jayden Daniels,41161339,over,36.5,-114,1.87719298245614,0.5327102803738317,open,,,2026-09-10T00:15:37Z,,,,,v3-forward-measurement
2373bec7-0818-49db-b638-3b8ba24e77a9,67ddc7b9-1e30-459b-80e7-bc5d696f5ea1,2026-09-10T00:15:37Z,FanDuel Sportsbook structured market feed,,VA,NFL,35609293,Washington Commanders @ Philadelphia Eagles,2026-09-13T20:25:00.000Z,FanDuel,751.183665339,rushing_yards,Jayden Daniels - Rushing Yds,,Jayden Daniels,41161340,under,36.5,-114,1.87719298245614,0.5327102803738317,open,,,2026-09-10T00:15:37Z,,,,,v3-forward-measurement
2373bec7-0818-49db-b638-3b8ba24e77a9,6159fe8d-1f52-4ffb-a590-cf25ff161a96,2026-09-10T00:15:37Z,FanDuel Sportsbook structured market feed,,VA,NFL,35609293,Washington Commanders @ Philadelphia Eagles,2026-09-13T20:25:00.000Z,FanDuel,751.183665213,rushing_yards,Saquon Barkley - Rushing Yds,,Saquon Barkley,16580232,over,75.5,-114,1.87719298245614,0.5327102803738317,open,,,2026-09-10T00:15:37Z,,,,,v3-forward-measurement
2373bec7-0818-49db-b638-3b8ba24e77a9,a3fcebb5-9761-4e22-952b-6d46bc34f3e3,2026-09-10T00:15:37Z,FanDuel Sportsbook structured market feed,,VA,NFL,35609293,Washington Commanders @ Philadelphia Eagles,2026-09-13T20:25:00.000Z,FanDuel,751.183665213,rushing_yards,Saquon Barkley - Rushing Yds,,Saquon Barkley,16580233,under,75.5,-114,1.87719298245614,0.5327102803738317,open,,,2026-09-10T00:15:37Z,,,,,v3-forward-measurement
2373bec7-0818-49db-b638-3b8ba24e77a9,7feec2b2-3c15-4956-9179-e0d74fe847d5,2026-09-10T00:15:37Z,FanDuel Sportsbook structured market feed,,VA,NFL,35609293,Washington Commanders @ Philadelphia Eagles,2026-09-13T20:25:00.000Z,FanDuel,751.183665357,rushing_yards,Jacory Croskey-Merritt - Rushing Yds,,Jacory Croskey-Merritt,87579699,over,40.5,-114,1.87719298245614,0.5327102803738317,open,,,2026-09-10T00:15:37Z,,,,,v3-forward-measurement
2373bec7-0818-49db-b638-3b8ba24e77a9,e881b671-74d8-4ba3-be9d-3759b5473ce4,2026-09-10T00:15:37Z,FanDuel Sportsbook structured market feed,,VA,NFL,35609293,Washington Commanders @ Philadelphia Eagles,2026-09-13T20:25:00.000Z,FanDuel,751.183665357,rushing_yards,Jacory Croskey-Merritt - Rushing Yds,,Jacory Croskey-Merritt,87579697,under,40.5,-114,1.87719298245614,0.5327102803738317,open,,,2026-09-10T00:15:37Z,,,,,v3-forward-measurement
2373bec7-0818-49db-b638-3b8ba24e77a9,bdea6615-aa1c-42c7-aaf6-8894fd044c31,2026-09-10T00:15:37Z,FanDuel Sportsbook structured market feed,,VA,NFL,35609293,Washington Commanders @ Philadelphia Eagles,2026-09-13T20:25:00.000Z,FanDuel,751.185135780,rushing_yards,Rachaad White - Rushing Yds,,Rachaad White,41161337,over,24.5,-114,1.87719298245614,0.5327102803738317,open,,,2026-09-10T00:15:37Z,,,,,v3-forward-measurement
2373bec7-0818-49db-b638-3b8ba24e77a9,414ba0d5-7d22-4df1-aad8-2907f843bf9b,2026-09-10T00:15:37Z,FanDuel Sportsbook structured market feed,,VA,NFL,35609293,Washington Commanders @ Philadelphia Eagles,2026-09-13T20:25:00.000Z,FanDuel,751.185135780,rushing_yards,Rachaad White - Rushing Yds,,Rachaad White,41161335,under,24.5,-114,1.87719298245614,0.5327102803738317,open,,,2026-09-10T00:15:37Z,,,,,v3-forward-measurement
fa0f34ac-e1cf-4d7d-9f67-ae681a9d3530,0b2e29ec-2cac-4040-94db-22599268097f,2026-09-10T00:15:37Z,FanDuel Sportsbook structured market feed,,VA,NFL,35609293,Washington Commanders @ Philadelphia Eagles,2026-09-13T20:25:00.000Z,FanDuel,751.183665912,receptions,Dallas Goedert - Total Receptions,,Dallas Goedert,20501810,over,3.5,-108,1.925925925925926,0.5192307692307693,open,,,2026-09-10T00:15:37Z,,,,,v3-forward-measurement
fa0f34ac-e1cf-4d7d-9f67-ae681a9d3530,0306b1e7-b3c9-4b55-b5fb-4d822f02f602,2026-09-10T00:15:37Z,FanDuel Sportsbook structured market feed,,VA,NFL,35609293,Washington Commanders @ Philadelphia Eagles,2026-09-13T20:25:00.000Z,FanDuel,751.183665912,receptions,Dallas Goedert - Total Receptions,,Dallas Goedert,20501811,under,3.5,-122,1.819672131147541,0.5495495495495496,open,,,2026-09-10T00:15:37Z,,,,,v3-forward-measurement
fa0f34ac-e1cf-4d7d-9f67-ae681a9d3530,21de665c-ae30-4225-954c-3276c2a500a9,2026-09-10T00:15:37Z,FanDuel Sportsbook structured market feed,,VA,NFL,35609293,Washington Commanders @ Philadelphia Eagles,2026-09-13T20:25:00.000Z,FanDuel,751.183665735,receiving_yards,DeVonta Smith - Receiving Yds,,DeVonta Smith,40878034,over,66.5,-114,1.87719298245614,0.5327102803738317,open,,,2026-09-10T00:15:37Z,,,,,v3-forward-measurement
fa0f34ac-e1cf-4d7d-9f67-ae681a9d3530,43952b94-8ec5-4a37-a84c-9c09944e0908,2026-09-10T00:15:37Z,FanDuel Sportsbook structured market feed,,VA,NFL,35609293,Washington Commanders @ Philadelphia Eagles,2026-09-13T20:25:00.000Z,FanDuel,751.183665735,receiving_yards,DeVonta Smith - Receiving Yds,,DeVonta Smith,40878036,under,66.5,-114,1.87719298245614,0.5327102803738317,open,,,2026-09-10T00:15:37Z,,,,,v3-forward-measurement
fa0f34ac-e1cf-4d7d-9f67-ae681a9d3530,a496980f-9afc-4e37-af4c-6b6218577ca6,2026-09-10T00:15:37Z,FanDuel Sportsbook structured market feed,,VA,NFL,35609293,Washington Commanders @ Philadelphia Eagles,2026-09-13T20:25:00.000Z,FanDuel,751.183665732,receiving_yards,Terry McLaurin - Receiving Yds,,Terry McLaurin,25927138,over,52.5,-114,1.87719298245614,0.5327102803738317,open,,,2026-09-10T00:15:37Z,,,,,v3-forward-measurement
fa0f34ac-e1cf-4d7d-9f67-ae681a9d3530,a09729ba-1368-4011-8c3c-570e5c6300de,2026-09-10T00:15:37Z,FanDuel Sportsbook structured market feed,,VA,NFL,35609293,Washington Commanders @ Philadelphia Eagles,2026-09-13T20:25:00.000Z,FanDuel,751.183665732,receiving_yards,Terry McLaurin - Receiving Yds,,Terry McLaurin,25927139,under,52.5,-114,1.87719298245614,0.5327102803738317,open,,,2026-09-10T00:15:37Z,,,,,v3-forward-measurement
fa0f34ac-e1cf-4d7d-9f67-ae681a9d3530,d6bbfc8e-82a6-4249-87b2-c206d9ca366e,2026-09-10T00:15:37Z,FanDuel Sportsbook structured market feed,,VA,NFL,35609293,Washington Commanders @ Philadelphia Eagles,2026-09-13T20:25:00.000Z,FanDuel,751.185140200,receiving_yards,Chigoziem Okonkwo - Receiving Yds,,Chigoziem Okonkwo,41154197,over,25.5,-114,1.87719298245614,0.5327102803738317,open,,,2026-09-10T00:15:37Z,,,,,v3-forward-measurement
fa0f34ac-e1cf-4d7d-9f67-ae681a9d3530,ac1b8b54-0e29-4619-963e-8765c24fff1a,2026-09-10T00:15:37Z,FanDuel Sportsbook structured market feed,,VA,NFL,35609293,Washington Commanders @ Philadelphia Eagles,2026-09-13T20:25:00.000Z,FanDuel,751.185140200,receiving_yards,Chigoziem Okonkwo - Receiving Yds,,Chigoziem Okonkwo,41154199,under,25.5,-114,1.87719298245614,0.5327102803738317,open,,,2026-09-10T00:15:37Z,,,,,v3-forward-measurement
fa0f34ac-e1cf-4d7d-9f67-ae681a9d3530,4049edcd-4eb3-4335-a30e-b27a94b5c7eb,2026-09-10T00:15:37Z,FanDuel Sportsbook structured market feed,,VA,NFL,35609293,Washington Commanders @ Philadelphia Eagles,2026-09-13T20:25:00.000Z,FanDuel,751.185140202,receptions,Chigoziem Okonkwo - Total Receptions,,Chigoziem Okonkwo,41154197,over,2.5,-158,1.632911392405063,0.6124031007751938,open,,,2026-09-10T00:15:37Z,,,,,v3-forward-measurement
fa0f34ac-e1cf-4d7d-9f67-ae681a9d3530,61b25420-f992-4a2a-8ce6-896ae1cadc5f,2026-09-10T00:15:37Z,FanDuel Sportsbook structured market feed,,VA,NFL,35609293,Washington Commanders @ Philadelphia Eagles,2026-09-13T20:25:00.000Z,FanDuel,751.185140202,receptions,Chigoziem Okonkwo - Total Receptions,,Chigoziem Okonkwo,41154199,under,2.5,118,2.18,0.45871559633027525,open,,,2026-09-10T00:15:37Z,,,,,v3-forward-measurement
fa0f34ac-e1cf-4d7d-9f67-ae681a9d3530,318d428e-3643-40ae-a06c-15ce664a2aaf,2026-09-10T00:15:37Z,FanDuel Sportsbook structured market feed,,VA,NFL,35609293,Washington Commanders @ Philadelphia Eagles,2026-09-13T20:25:00.000Z,FanDuel,751.183665916,receiving_yards,Dallas Goedert - Receiving Yds,,Dallas Goedert,20501810,over,34.5,-114,1.87719298245614,0.5327102803738317,open,,,2026-09-10T00:15:37Z,,,,,v3-forward-measurement
fa0f34ac-e1cf-4d7d-9f67-ae681a9d3530,cbaa2f60-5f75-40b1-9f59-61df7cb86c08,2026-09-10T00:15:37Z,FanDuel Sportsbook structured market feed,,VA,NFL,35609293,Washington Commanders @ Philadelphia Eagles,2026-09-13T20:25:00.000Z,FanDuel,751.183665916,receiving_yards,Dallas Goedert - Receiving Yds,,Dallas Goedert,20501811,under,34.5,-114,1.87719298245614,0.5327102803738317,open,,,2026-09-10T00:15:37Z,,,,,v3-forward-measurement
fa0f34ac-e1cf-4d7d-9f67-ae681a9d3530,3c19572d-fafe-4494-b00d-d8d0a6be03fb,2026-09-10T00:15:37Z,FanDuel Sportsbook structured market feed,,VA,NFL,35609293,Washington Commanders @ Philadelphia Eagles,2026-09-13T20:25:00.000Z,FanDuel,751.183665738,receptions,DeVonta Smith - Total Receptions,,DeVonta Smith,40878034,over,5.5,106,2.06,0.4854368932038835,open,,,2026-09-10T00:15:37Z,,,,,v3-forward-measurement
fa0f34ac-e1cf-4d7d-9f67-ae681a9d3530,094274b1-134e-46b9-aa67-8f9c059f54d9,2026-09-10T00:15:37Z,FanDuel Sportsbook structured market feed,,VA,NFL,35609293,Washington Commanders @ Philadelphia Eagles,2026-09-13T20:25:00.000Z,FanDuel,751.183665738,receptions,DeVonta Smith - Total Receptions,,DeVonta Smith,40878036,under,5.5,-140,1.714285714285714,0.5833333333333334,open,,,2026-09-10T00:15:37Z,,,,,v3-forward-measurement
fa0f34ac-e1cf-4d7d-9f67-ae681a9d3530,569f9a59-5f8c-4b9e-a8f2-6e645b10fe58,2026-09-10T00:15:37Z,FanDuel Sportsbook structured market feed,,VA,NFL,35609293,Washington Commanders @ Philadelphia Eagles,2026-09-13T20:25:00.000Z,FanDuel,751.183666282,receiving_yards,Saquon Barkley - Receiving Yds,,Saquon Barkley,16580232,over,15.5,-114,1.87719298245614,0.5327102803738317,open,,,2026-09-10T00:15:37Z,,,,,v3-forward-measurement
fa0f34ac-e1cf-4d7d-9f67-ae681a9d3530,717cc57f-f26b-454b-b038-1a3d0306f9d8,2026-09-10T00:15:37Z,FanDuel Sportsbook structured market feed,,VA,NFL,35609293,Washington Commanders @ Philadelphia Eagles,2026-09-13T20:25:00.000Z,FanDuel,751.183666282,receiving_yards,Saquon Barkley - Receiving Yds,,Saquon Barkley,16580233,under,15.5,-114,1.87719298245614,0.5327102803738317,open,,,2026-09-10T00:15:37Z,,,,,v3-forward-measurement
fa0f34ac-e1cf-4d7d-9f67-ae681a9d3530,13d69425-2d2c-4d49-a2ba-e459fb20454a,2026-09-10T00:15:37Z,FanDuel Sportsbook structured market feed,,VA,NFL,35609293,Washington Commanders @ Philadelphia Eagles,2026-09-13T20:25:00.000Z,FanDuel,751.185455304,receptions,Makai Lemon - Total Receptions,,Makai Lemon,102621408,over,2.5,124,2.24,0.44642857142857145,open,,,2026-09-10T00:15:37Z,,,,,v3-forward-measurement
fa0f34ac-e1cf-4d7d-9f67-ae681a9d3530,664afed8-434f-41df-8768-49c5ed3a3ad5,2026-09-10T00:15:37Z,FanDuel Sportsbook structured market feed,,VA,NFL,35609293,Washington Commanders @ Philadelphia Eagles,2026-09-13T20:25:00.000Z,FanDuel,751.185455304,receptions,Makai Lemon - Total Receptions,,Makai Lemon,102621416,under,2.5,-166,1.602409638554217,0.6240601503759399,open,,,2026-09-10T00:15:37Z,,,,,v3-forward-measurement
fa0f34ac-e1cf-4d7d-9f67-ae681a9d3530,014344ad-cb15-44bf-912d-8f750483a48c,2026-09-10T00:15:37Z,FanDuel Sportsbook structured market feed,,VA,NFL,35609293,Washington Commanders @ Philadelphia Eagles,2026-09-13T20:25:00.000Z,FanDuel,751.185455303,receiving_yards,Makai Lemon - Receiving Yds,,Makai Lemon,102621408,over,24.5,-114,1.87719298245614,0.5327102803738317,open,,,2026-09-10T00:15:37Z,,,,,v3-forward-measurement
fa0f34ac-e1cf-4d7d-9f67-ae681a9d3530,fc6ec749-235c-4a05-8cea-8bc93eaaf23e,2026-09-10T00:15:37Z,FanDuel Sportsbook structured market feed,,VA,NFL,35609293,Washington Commanders @ Philadelphia Eagles,2026-09-13T20:25:00.000Z,FanDuel,751.185455303,receiving_yards,Makai Lemon - Receiving Yds,,Makai Lemon,102621416,under,24.5,-114,1.87719298245614,0.5327102803738317,open,,,2026-09-10T00:15:37Z,,,,,v3-forward-measurement
fa0f34ac-e1cf-4d7d-9f67-ae681a9d3530,9d8a5b89-55d1-46bd-8b41-e3a1220659c5,2026-09-10T00:15:37Z,FanDuel Sportsbook structured market feed,,VA,NFL,35609293,Washington Commanders @ Philadelphia Eagles,2026-09-13T20:25:00.000Z,FanDuel,751.183665726,receptions,Terry McLaurin - Total Receptions,,Terry McLaurin,25927138,over,3.5,-172,1.581395348837209,0.6323529411764706,open,,,2026-09-10T00:15:37Z,,,,,v3-forward-measurement
fa0f34ac-e1cf-4d7d-9f67-ae681a9d3530,6b696e98-dd90-4af2-94a4-de6b1483a0e2,2026-09-10T00:15:37Z,FanDuel Sportsbook structured market feed,,VA,NFL,35609293,Washington Commanders @ Philadelphia Eagles,2026-09-13T20:25:00.000Z,FanDuel,751.183665726,receptions,Terry McLaurin - Total Receptions,,Terry McLaurin,25927139,under,3.5,128,2.28,0.43859649122807015,open,,,2026-09-10T00:15:37Z,,,,,v3-forward-measurement
fa0f34ac-e1cf-4d7d-9f67-ae681a9d3530,019c6d26-8b17-4348-b040-081d229c75b5,2026-09-10T00:15:37Z,FanDuel Sportsbook structured market feed,,VA,NFL,35609293,Washington Commanders @ Philadelphia Eagles,2026-09-13T20:25:00.000Z,FanDuel,751.185145804,receiving_yards,Dontayvion Wicks - Receiving Yds,,Dontayvion Wicks,41071991,over,28.5,-114,1.87719298245614,0.5327102803738317,open,,,2026-09-10T00:15:37Z,,,,,v3-forward-measurement
fa0f34ac-e1cf-4d7d-9f67-ae681a9d3530,3f0b0252-e88c-4318-8231-f04fa341712a,2026-09-10T00:15:37Z,FanDuel Sportsbook structured market feed,,VA,NFL,35609293,Washington Commanders @ Philadelphia Eagles,2026-09-13T20:25:00.000Z,FanDuel,751.185145804,receiving_yards,Dontayvion Wicks - Receiving Yds,,Dontayvion Wicks,41071992,under,28.5,-114,1.87719298245614,0.5327102803738317,open,,,2026-09-10T00:15:37Z,,,,,v3-forward-measurement
fa0f34ac-e1cf-4d7d-9f67-ae681a9d3530,17cc599c-4766-4220-8d74-32a632b6dc00,2026-09-10T00:15:37Z,FanDuel Sportsbook structured market feed,,VA,NFL,35609293,Washington Commanders @ Philadelphia Eagles,2026-09-13T20:25:00.000Z,FanDuel,751.185140410,receiving_yards,Rachaad White - Receiving Yds,,Rachaad White,41161337,over,14.5,-114,1.87719298245614,0.5327102803738317,open,,,2026-09-10T00:15:37Z,,,,,v3-forward-measurement
fa0f34ac-e1cf-4d7d-9f67-ae681a9d3530,afde798f-83de-446c-980a-2234be21ca79,2026-09-10T00:15:37Z,FanDuel Sportsbook structured market feed,,VA,NFL,35609293,Washington Commanders @ Philadelphia Eagles,2026-09-13T20:25:00.000Z,FanDuel,751.185140410,receiving_yards,Rachaad White - Receiving Yds,,Rachaad White,41161335,under,14.5,-114,1.87719298245614,0.5327102803738317,open,,,2026-09-10T00:15:37Z,,,,,v3-forward-measurement
fa0f34ac-e1cf-4d7d-9f67-ae681a9d3530,0b98f477-20a1-438f-8998-15d662d3203c,2026-09-10T00:15:37Z,FanDuel Sportsbook structured market feed,,VA,NFL,35609293,Washington Commanders @ Philadelphia Eagles,2026-09-13T20:25:00.000Z,FanDuel,751.185140411,receptions,Rachaad White - Total Receptions,,Rachaad White,41161337,over,2.5,134,2.34,0.42735042735042733,open,,,2026-09-10T00:15:37Z,,,,,v3-forward-measurement
fa0f34ac-e1cf-4d7d-9f67-ae681a9d3530,1d095ca3-b34d-4acf-86bb-d6db493846f6,2026-09-10T00:15:37Z,FanDuel Sportsbook structured market feed,,VA,NFL,35609293,Washington Commanders @ Philadelphia Eagles,2026-09-13T20:25:00.000Z,FanDuel,751.185140411,receptions,Rachaad White - Total Receptions,,Rachaad White,41161335,under,2.5,-180,1.555555555555556,0.6428571428571429,open,,,2026-09-10T00:15:37Z,,,,,v3-forward-measurement
fa0f34ac-e1cf-4d7d-9f67-ae681a9d3530,efbc8472-cff3-4abf-8db2-cc690f6b623f,2026-09-10T00:15:37Z,FanDuel Sportsbook structured market feed,,VA,NFL,35609293,Washington Commanders @ Philadelphia Eagles,2026-09-13T20:25:00.000Z,FanDuel,751.185145800,receptions,Dontayvion Wicks - Total Receptions,,Dontayvion Wicks,41071991,over,2.5,-122,1.819672131147541,0.5495495495495496,open,,,2026-09-10T00:15:37Z,,,,,v3-forward-measurement
fa0f34ac-e1cf-4d7d-9f67-ae681a9d3530,163ba041-f316-46b4-8a9c-dca2a6c6e403,2026-09-10T00:15:37Z,FanDuel Sportsbook structured market feed,,VA,NFL,35609293,Washington Commanders @ Philadelphia Eagles,2026-09-13T20:25:00.000Z,FanDuel,751.185145800,receptions,Dontayvion Wicks - Total Receptions,,Dontayvion Wicks,41071992,under,2.5,-108,1.925925925925926,0.5192307692307693,open,,,2026-09-10T00:15:37Z,,,,,v3-forward-measurement
fa0f34ac-e1cf-4d7d-9f67-ae681a9d3530,623e7d50-0b3d-458a-8ba0-5ea3dfcaadb7,2026-09-10T00:15:37Z,FanDuel Sportsbook structured market feed,,VA,NFL,35609293,Washington Commanders @ Philadelphia Eagles,2026-09-13T20:25:00.000Z,FanDuel,751.183665729,receiving_yards,Stefon Diggs - Receiving Yds,,Stefon Diggs,11890083,over,42.5,-114,1.87719298245614,0.5327102803738317,open,,,2026-09-10T00:15:37Z,,,,,v3-forward-measurement
fa0f34ac-e1cf-4d7d-9f67-ae681a9d3530,f648149d-8394-45f7-abf0-1833fdeb1d79,2026-09-10T00:15:37Z,FanDuel Sportsbook structured market feed,,VA,NFL,35609293,Washington Commanders @ Philadelphia Eagles,2026-09-13T20:25:00.000Z,FanDuel,751.183665729,receiving_yards,Stefon Diggs - Receiving Yds,,Stefon Diggs,11890082,under,42.5,-114,1.87719298245614,0.5327102803738317,open,,,2026-09-10T00:15:37Z,,,,,v3-forward-measurement
fa0f34ac-e1cf-4d7d-9f67-ae681a9d3530,44c75e94-21b7-4fb8-b08c-f194dd284f62,2026-09-10T00:15:37Z,FanDuel Sportsbook structured market feed,,VA,NFL,35609293,Washington Commanders @ Philadelphia Eagles,2026-09-13T20:25:00.000Z,FanDuel,751.183665727,receptions,Stefon Diggs - Total Receptions,,Stefon Diggs,11890083,over,3.5,-148,1.675675675675676,0.5967741935483871,open,,,2026-09-10T00:15:37Z,,,,,v3-forward-measurement
fa0f34ac-e1cf-4d7d-9f67-ae681a9d3530,7641d1de-e79d-4a2f-a364-95b977ed9264,2026-09-10T00:15:37Z,FanDuel Sportsbook structured market feed,,VA,NFL,35609293,Washington Commanders @ Philadelphia Eagles,2026-09-13T20:25:00.000Z,FanDuel,751.183665727,receptions,Stefon Diggs - Total Receptions,,Stefon Diggs,11890082,under,3.5,112,2.12,0.4716981132075472,open,,,2026-09-10T00:15:37Z,,,,,v3-forward-measurement
fa0f34ac-e1cf-4d7d-9f67-ae681a9d3530,e51c8767-0ef3-4d10-ba7b-3474e4fc7300,2026-09-10T00:15:37Z,FanDuel Sportsbook structured market feed,,VA,NFL,35609293,Washington Commanders @ Philadelphia Eagles,2026-09-13T20:25:00.000Z,FanDuel,751.183666278,receptions,Saquon Barkley - Total Receptions,,Saquon Barkley,16580232,over,2.5,-102,1.980392156862745,0.504950495049505,open,,,2026-09-10T00:15:37Z,,,,,v3-forward-measurement
fa0f34ac-e1cf-4d7d-9f67-ae681a9d3530,aced21ac-7ae1-4313-8eea-95eec7d9fe2a,2026-09-10T00:15:37Z,FanDuel Sportsbook structured market feed,,VA,NFL,35609293,Washington Commanders @ Philadelphia Eagles,2026-09-13T20:25:00.000Z,FanDuel,751.183666278,receptions,Saquon Barkley - Total Receptions,,Saquon Barkley,16580233,under,2.5,-130,1.769230769230769,0.5652173913043478,open,,,2026-09-10T00:15:37Z,,,,,v3-forward-measurement
d16898e8-7240-4b53-976c-2a44823d869e,d3e8fcf0-25b0-4f89-8f8b-1a21d9d9b717,2026-09-10T00:15:37Z,FanDuel Sportsbook structured market feed,,VA,NFL,35610167,Buffalo Bills @ Houston Texans,2026-09-13T17:00:00.000Z,FanDuel,751.183531305,passing_yards,C.J. Stroud - Passing Yds,,C.J. Stroud,41158959,over,218.5,-114,1.87719298245614,0.5327102803738317,open,,,2026-09-10T00:15:37Z,,,,,v3-forward-measurement
d16898e8-7240-4b53-976c-2a44823d869e,e3d06fac-b363-42e7-9918-fdb9969eb8d5,2026-09-10T00:15:37Z,FanDuel Sportsbook structured market feed,,VA,NFL,35610167,Buffalo Bills @ Houston Texans,2026-09-13T17:00:00.000Z,FanDuel,751.183531305,passing_yards,C.J. Stroud - Passing Yds,,C.J. Stroud,41158958,under,218.5,-114,1.87719298245614,0.5327102803738317,open,,,2026-09-10T00:15:37Z,,,,,v3-forward-measurement
d16898e8-7240-4b53-976c-2a44823d869e,e03c8e50-c176-41f1-ab0d-3f8353f6d020,2026-09-10T00:15:37Z,FanDuel Sportsbook structured market feed,,VA,NFL,35610167,Buffalo Bills @ Houston Texans,2026-09-13T17:00:00.000Z,FanDuel,751.183531354,passing_touchdowns,C.J. Stroud - Passing TDs,,C.J. Stroud,41158959,over,1.5,122,2.22,0.45045045045045046,open,,,2026-09-10T00:15:37Z,,,,,v3-forward-measurement
d16898e8-7240-4b53-976c-2a44823d869e,77ecf35a-1e71-476e-94a2-ac76514c525c,2026-09-10T00:15:37Z,FanDuel Sportsbook structured market feed,,VA,NFL,35610167,Buffalo Bills @ Houston Texans,2026-09-13T17:00:00.000Z,FanDuel,751.183531354,passing_touchdowns,C.J. Stroud - Passing TDs,,C.J. Stroud,41158958,under,1.5,-162,1.617283950617284,0.6183206106870229,open,,,2026-09-10T00:15:37Z,,,,,v3-forward-measurement
d16898e8-7240-4b53-976c-2a44823d869e,847b9981-1ebf-4781-b0b6-4424e3e6d6af,2026-09-10T00:15:37Z,FanDuel Sportsbook structured market feed,,VA,NFL,35610167,Buffalo Bills @ Houston Texans,2026-09-13T17:00:00.000Z,FanDuel,751.183531290,passing_touchdowns,Josh Allen - Passing TDs,,Josh Allen,16503660,over,1.5,140,2.4,0.4166666666666667,open,,,2026-09-10T00:15:37Z,,,,,v3-forward-measurement
d16898e8-7240-4b53-976c-2a44823d869e,1433d904-2f30-4842-b301-ece2d0f44f58,2026-09-10T00:15:37Z,FanDuel Sportsbook structured market feed,,VA,NFL,35610167,Buffalo Bills @ Houston Texans,2026-09-13T17:00:00.000Z,FanDuel,751.183531290,passing_touchdowns,Josh Allen - Passing TDs,,Josh Allen,16503661,under,1.5,-188,1.531914893617021,0.6527777777777778,open,,,2026-09-10T00:15:37Z,,,,,v3-forward-measurement
d16898e8-7240-4b53-976c-2a44823d869e,e8e42969-5bcb-4eab-8e01-6240936dc110,2026-09-10T00:15:37Z,FanDuel Sportsbook structured market feed,,VA,NFL,35610167,Buffalo Bills @ Houston Texans,2026-09-13T17:00:00.000Z,FanDuel,751.183531265,passing_yards,Josh Allen - Passing Yds,,Josh Allen,16503660,over,220.5,-114,1.87719298245614,0.5327102803738317,open,,,2026-09-10T00:15:37Z,,,,,v3-forward-measurement
d16898e8-7240-4b53-976c-2a44823d869e,d99495a4-2ac7-4a6a-88fc-d39a665d72c8,2026-09-10T00:15:37Z,FanDuel Sportsbook structured market feed,,VA,NFL,35610167,Buffalo Bills @ Houston Texans,2026-09-13T17:00:00.000Z,FanDuel,751.183531265,passing_yards,Josh Allen - Passing Yds,,Josh Allen,16503661,under,220.5,-114,1.87719298245614,0.5327102803738317,open,,,2026-09-10T00:15:37Z,,,,,v3-forward-measurement
3523cde3-9f59-49ec-9c28-0dd990eadb81,4e5b89eb-aaa3-4574-a102-b8e770ce45b2,2026-09-10T00:15:37Z,FanDuel Sportsbook structured market feed,,VA,NFL,35610167,Buffalo Bills @ Houston Texans,2026-09-13T17:00:00.000Z,FanDuel,751.183531308,rushing_yards,Josh Allen - Rushing Yds,,Josh Allen,16503660,over,30.5,-114,1.87719298245614,0.5327102803738317,open,,,2026-09-10T00:15:37Z,,,,,v3-forward-measurement
3523cde3-9f59-49ec-9c28-0dd990eadb81,290b97a5-502a-42f8-b204-fd634f566a1b,2026-09-10T00:15:37Z,FanDuel Sportsbook structured market feed,,VA,NFL,35610167,Buffalo Bills @ Houston Texans,2026-09-13T17:00:00.000Z,FanDuel,751.183531308,rushing_yards,Josh Allen - Rushing Yds,,Josh Allen,16503661,under,30.5,-114,1.87719298245614,0.5327102803738317,open,,,2026-09-10T00:15:37Z,,,,,v3-forward-measurement
3523cde3-9f59-49ec-9c28-0dd990eadb81,2d4ae5fd-9875-4062-b064-15c1b17eeb2b,2026-09-10T00:15:37Z,FanDuel Sportsbook structured market feed,,VA,NFL,35610167,Buffalo Bills @ Houston Texans,2026-09-13T17:00:00.000Z,FanDuel,751.183532134,rushing_yards,James Cook - Rushing Yds,,James Cook,41957632,over,74.5,-114,1.87719298245614,0.5327102803738317,open,,,2026-09-10T00:15:37Z,,,,,v3-forward-measurement
3523cde3-9f59-49ec-9c28-0dd990eadb81,b597e7df-f9f2-4df8-9120-104cfd07a045,2026-09-10T00:15:37Z,FanDuel Sportsbook structured market feed,,VA,NFL,35610167,Buffalo Bills @ Houston Texans,2026-09-13T17:00:00.000Z,FanDuel,751.183532134,rushing_yards,James Cook - Rushing Yds,,James Cook,41957631,under,74.5,-114,1.87719298245614,0.5327102803738317,open,,,2026-09-10T00:15:37Z,,,,,v3-forward-measurement
3523cde3-9f59-49ec-9c28-0dd990eadb81,17b83232-8cbb-477b-81d4-b9a167cb2b77,2026-09-10T00:15:37Z,FanDuel Sportsbook structured market feed,,VA,NFL,35610167,Buffalo Bills @ Houston Texans,2026-09-13T17:00:00.000Z,FanDuel,751.184540244,rushing_yards,C.J. Stroud - Rushing Yds,,C.J. Stroud,41158959,over,10.5,-114,1.87719298245614,0.5327102803738317,open,,,2026-09-10T00:15:37Z,,,,,v3-forward-measurement
3523cde3-9f59-49ec-9c28-0dd990eadb81,46d991a9-7b73-4487-b6f0-03ca73c469df,2026-09-10T00:15:37Z,FanDuel Sportsbook structured market feed,,VA,NFL,35610167,Buffalo Bills @ Houston Texans,2026-09-13T17:00:00.000Z,FanDuel,751.184540244,rushing_yards,C.J. Stroud - Rushing Yds,,C.J. Stroud,41158958,under,10.5,-114,1.87719298245614,0.5327102803738317,open,,,2026-09-10T00:15:37Z,,,,,v3-forward-measurement
3523cde3-9f59-49ec-9c28-0dd990eadb81,19145ecb-695d-489f-88ed-22954602968b,2026-09-10T00:15:37Z,FanDuel Sportsbook structured market feed,,VA,NFL,35610167,Buffalo Bills @ Houston Texans,2026-09-13T17:00:00.000Z,FanDuel,751.183532131,rushing_yards,David Montgomery - Rushing Yds,,David Montgomery,16579822,over,54.5,-114,1.87719298245614,0.5327102803738317,open,,,2026-09-10T00:15:37Z,,,,,v3-forward-measurement
3523cde3-9f59-49ec-9c28-0dd990eadb81,261d8d10-d61e-4d3e-a0cf-3266494751ae,2026-09-10T00:15:37Z,FanDuel Sportsbook structured market feed,,VA,NFL,35610167,Buffalo Bills @ Houston Texans,2026-09-13T17:00:00.000Z,FanDuel,751.183532131,rushing_yards,David Montgomery - Rushing Yds,,David Montgomery,16579823,under,54.5,-114,1.87719298245614,0.5327102803738317,open,,,2026-09-10T00:15:37Z,,,,,v3-forward-measurement
3523cde3-9f59-49ec-9c28-0dd990eadb81,70ca88e7-f201-4b0c-9910-65ee25d104a8,2026-09-10T00:15:37Z,FanDuel Sportsbook structured market feed,,VA,NFL,35610167,Buffalo Bills @ Houston Texans,2026-09-13T17:00:00.000Z,FanDuel,751.183532132,rushing_yards,Woody Marks - Rushing Yds,,Woody Marks,88881141,over,29.5,-114,1.87719298245614,0.5327102803738317,open,,,2026-09-10T00:15:37Z,,,,,v3-forward-measurement
3523cde3-9f59-49ec-9c28-0dd990eadb81,41952fb2-49cf-4f31-a517-98d253c86a3c,2026-09-10T00:15:37Z,FanDuel Sportsbook structured market feed,,VA,NFL,35610167,Buffalo Bills @ Houston Texans,2026-09-13T17:00:00.000Z,FanDuel,751.183532132,rushing_yards,Woody Marks - Rushing Yds,,Woody Marks,88881135,under,29.5,-114,1.87719298245614,0.5327102803738317,open,,,2026-09-10T00:15:37Z,,,,,v3-forward-measurement
2e4818bf-d40c-440b-9848-1c7518615cc2,3f43d905-221b-436d-90fb-2f10e1c5c194,2026-09-10T00:15:37Z,FanDuel Sportsbook structured market feed,,VA,NFL,35610167,Buffalo Bills @ Houston Texans,2026-09-13T17:00:00.000Z,FanDuel,751.184542281,receiving_yards,Woody Marks - Receiving Yds,,Woody Marks,88881141,over,9.5,-114,1.87719298245614,0.5327102803738317,open,,,2026-09-10T00:15:37Z,,,,,v3-forward-measurement
2e4818bf-d40c-440b-9848-1c7518615cc2,c46d6ed0-38f7-4fdf-9e6a-862c7e24bfa2,2026-09-10T00:15:37Z,FanDuel Sportsbook structured market feed,,VA,NFL,35610167,Buffalo Bills @ Houston Texans,2026-09-13T17:00:00.000Z,FanDuel,751.184542281,receiving_yards,Woody Marks - Receiving Yds,,Woody Marks,88881135,under,9.5,-114,1.87719298245614,0.5327102803738317,open,,,2026-09-10T00:15:37Z,,,,,v3-forward-measurement
2e4818bf-d40c-440b-9848-1c7518615cc2,4066d672-d32a-4991-bb67-9e0d1ba0a04d,2026-09-10T00:15:37Z,FanDuel Sportsbook structured market feed,,VA,NFL,35610167,Buffalo Bills @ Houston Texans,2026-09-13T17:00:00.000Z,FanDuel,751.183533039,receiving_yards,Nico Collins - Receiving Yds,,Nico Collins,40916109,over,69.5,-114,1.87719298245614,0.5327102803738317,open,,,2026-09-10T00:15:37Z,,,,,v3-forward-measurement
2e4818bf-d40c-440b-9848-1c7518615cc2,4449c1a1-621a-4b57-81a5-1d022d2fe354,2026-09-10T00:15:37Z,FanDuel Sportsbook structured market feed,,VA,NFL,35610167,Buffalo Bills @ Houston Texans,2026-09-13T17:00:00.000Z,FanDuel,751.183533039,receiving_yards,Nico Collins - Receiving Yds,,Nico Collins,40916112,under,69.5,-114,1.87719298245614,0.5327102803738317,open,,,2026-09-10T00:15:37Z,,,,,v3-forward-measurement
2e4818bf-d40c-440b-9848-1c7518615cc2,2e8124a6-37ca-421f-8b9f-9deef0e0a324,2026-09-10T00:15:37Z,FanDuel Sportsbook structured market feed,,VA,NFL,35610167,Buffalo Bills @ Houston Texans,2026-09-13T17:00:00.000Z,FanDuel,751.183533038,receptions,D.J. Moore - Total Receptions,,D.J. Moore,73370450,over,3.5,-130,1.769230769230769,0.5652173913043478,open,,,2026-09-10T00:15:37Z,,,,,v3-forward-measurement
2e4818bf-d40c-440b-9848-1c7518615cc2,d520e73a-2db7-4cf9-965a-d9696d2f7fb7,2026-09-10T00:15:37Z,FanDuel Sportsbook structured market feed,,VA,NFL,35610167,Buffalo Bills @ Houston Texans,2026-09-13T17:00:00.000Z,FanDuel,751.183533038,receptions,D.J. Moore - Total Receptions,,D.J. Moore,73370451,under,3.5,-102,1.980392156862745,0.504950495049505,open,,,2026-09-10T00:15:37Z,,,,,v3-forward-measurement
2e4818bf-d40c-440b-9848-1c7518615cc2,dff03bb4-289b-44fa-9716-21c932329cd5,2026-09-10T00:15:37Z,FanDuel Sportsbook structured market feed,,VA,NFL,35610167,Buffalo Bills @ Houston Texans,2026-09-13T17:00:00.000Z,FanDuel,751.184543895,receptions,Dalton Schultz - Total Receptions,,Dalton Schultz,36190363,over,3.5,-130,1.769230769230769,0.5652173913043478,open,,,2026-09-10T00:15:37Z,,,,,v3-forward-measurement
2e4818bf-d40c-440b-9848-1c7518615cc2,831dc27d-0768-4f7e-aae0-5faee01f1aac,2026-09-10T00:15:37Z,FanDuel Sportsbook structured market feed,,VA,NFL,35610167,Buffalo Bills @ Houston Texans,2026-09-13T17:00:00.000Z,FanDuel,751.184543895,receptions,Dalton Schultz - Total Receptions,,Dalton Schultz,36190364,under,3.5,-102,1.980392156862745,0.504950495049505,open,,,2026-09-10T00:15:37Z,,,,,v3-forward-measurement
2e4818bf-d40c-440b-9848-1c7518615cc2,b41fd887-0d7c-47f3-8bf9-ea633e1e1e56,2026-09-10T00:15:37Z,FanDuel Sportsbook structured market feed,,VA,NFL,35610167,Buffalo Bills @ Houston Texans,2026-09-13T17:00:00.000Z,FanDuel,751.185690220,receptions,Jaylin Noel - Total Receptions,,Jaylin Noel,48308997,over,1.5,-158,1.632911392405063,0.6124031007751938,open,,,2026-09-10T00:15:37Z,,,,,v3-forward-measurement
2e4818bf-d40c-440b-9848-1c7518615cc2,fbbd1a54-ff1c-4589-8fa7-338e373bc7bf,2026-09-10T00:15:37Z,FanDuel Sportsbook structured market feed,,VA,NFL,35610167,Buffalo Bills @ Houston Texans,2026-09-13T17:00:00.000Z,FanDuel,751.185690220,receptions,Jaylin Noel - Total Receptions,,Jaylin Noel,48308996,under,1.5,118,2.18,0.45871559633027525,open,,,2026-09-10T00:15:37Z,,,,,v3-forward-measurement
2e4818bf-d40c-440b-9848-1c7518615cc2,8b2adce3-70c2-489f-bbc2-09f6dece549b,2026-09-10T00:15:37Z,FanDuel Sportsbook structured market feed,,VA,NFL,35610167,Buffalo Bills @ Houston Texans,2026-09-13T17:00:00.000Z,FanDuel,751.184543897,receiving_yards,Dalton Schultz - Receiving Yds,,Dalton Schultz,36190363,over,32.5,-114,1.87719298245614,0.5327102803738317,open,,,2026-09-10T00:15:37Z,,,,,v3-forward-measurement
2e4818bf-d40c-440b-9848-1c7518615cc2,a9e6245a-21ce-4e6a-a72a-116ceb61b2db,2026-09-10T00:15:37Z,FanDuel Sportsbook structured market feed,,VA,NFL,35610167,Buffalo Bills @ Houston Texans,2026-09-13T17:00:00.000Z,FanDuel,751.184543897,receiving_yards,Dalton Schultz - Receiving Yds,,Dalton Schultz,36190364,under,32.5,-114,1.87719298245614,0.5327102803738317,open,,,2026-09-10T00:15:37Z,,,,,v3-forward-measurement
2e4818bf-d40c-440b-9848-1c7518615cc2,f44346e4-6dd9-4073-9fb6-b09cd1359eea,2026-09-10T00:15:37Z,FanDuel Sportsbook structured market feed,,VA,NFL,35610167,Buffalo Bills @ Houston Texans,2026-09-13T17:00:00.000Z,FanDuel,751.184542278,receiving_yards,David Montgomery - Receiving Yds,,David Montgomery,16579822,over,8.5,-114,1.87719298245614,0.5327102803738317,open,,,2026-09-10T00:15:37Z,,,,,v3-forward-measurement
2e4818bf-d40c-440b-9848-1c7518615cc2,2397c943-3927-460a-9a84-514851b50ae6,2026-09-10T00:15:37Z,FanDuel Sportsbook structured market feed,,VA,NFL,35610167,Buffalo Bills @ Houston Texans,2026-09-13T17:00:00.000Z,FanDuel,751.184542278,receiving_yards,David Montgomery - Receiving Yds,,David Montgomery,16579823,under,8.5,-114,1.87719298245614,0.5327102803738317,open,,,2026-09-10T00:15:37Z,,,,,v3-forward-measurement
2e4818bf-d40c-440b-9848-1c7518615cc2,a52260bf-b219-4e5a-aa94-0a85cdda41b6,2026-09-10T00:15:37Z,FanDuel Sportsbook structured market feed,,VA,NFL,35610167,Buffalo Bills @ Houston Texans,2026-09-13T17:00:00.000Z,FanDuel,751.184542279,receptions,David Montgomery - Total Receptions,,David Montgomery,16579822,over,1.5,-122,1.819672131147541,0.5495495495495496,open,,,2026-09-10T00:15:37Z,,,,,v3-forward-measurement
2e4818bf-d40c-440b-9848-1c7518615cc2,3cd18eee-0b98-447f-8c08-c967bd3082af,2026-09-10T00:15:37Z,FanDuel Sportsbook structured market feed,,VA,NFL,35610167,Buffalo Bills @ Houston Texans,2026-09-13T17:00:00.000Z,FanDuel,751.184542279,receptions,David Montgomery - Total Receptions,,David Montgomery,16579823,under,1.5,-108,1.925925925925926,0.5192307692307693,open,,,2026-09-10T00:15:37Z,,,,,v3-forward-measurement
2e4818bf-d40c-440b-9848-1c7518615cc2,322c369d-54ce-441f-ae18-c38b454b1204,2026-09-10T00:15:37Z,FanDuel Sportsbook structured market feed,,VA,NFL,35610167,Buffalo Bills @ Houston Texans,2026-09-13T17:00:00.000Z,FanDuel,751.183533050,receptions,Nico Collins - Total Receptions,,Nico Collins,40916109,over,5.5,102,2.02,0.49504950495049505,open,,,2026-09-10T00:15:37Z,,,,,v3-forward-measurement
2e4818bf-d40c-440b-9848-1c7518615cc2,5f9ef90c-a7e8-42ca-a7cd-600facba8fb3,2026-09-10T00:15:37Z,FanDuel Sportsbook structured market feed,,VA,NFL,35610167,Buffalo Bills @ Houston Texans,2026-09-13T17:00:00.000Z,FanDuel,751.183533050,receptions,Nico Collins - Total Receptions,,Nico Collins,40916112,under,5.5,-136,1.735294117647059,0.576271186440678,open,,,2026-09-10T00:15:37Z,,,,,v3-forward-measurement
2e4818bf-d40c-440b-9848-1c7518615cc2,6a2560b3-8a24-43d7-b46d-1e8c6f6cb72c,2026-09-10T00:15:37Z,FanDuel Sportsbook structured market feed,,VA,NFL,35610167,Buffalo Bills @ Houston Texans,2026-09-13T17:00:00.000Z,FanDuel,751.185125759,receiving_yards,Xavier Hutchinson - Receiving Yds,,Xavier Hutchinson,41075117,over,19.5,-114,1.87719298245614,0.5327102803738317,open,,,2026-09-10T00:15:37Z,,,,,v3-forward-measurement
2e4818bf-d40c-440b-9848-1c7518615cc2,ee234ace-e176-449f-b087-79385bcf94ae,2026-09-10T00:15:37Z,FanDuel Sportsbook structured market feed,,VA,NFL,35610167,Buffalo Bills @ Houston Texans,2026-09-13T17:00:00.000Z,FanDuel,751.185125759,receiving_yards,Xavier Hutchinson - Receiving Yds,,Xavier Hutchinson,41075118,under,19.5,-114,1.87719298245614,0.5327102803738317,open,,,2026-09-10T00:15:37Z,,,,,v3-forward-measurement
2e4818bf-d40c-440b-9848-1c7518615cc2,c8862386-8c80-46a6-949a-7e5118aea3c1,2026-09-10T00:15:37Z,FanDuel Sportsbook structured market feed,,VA,NFL,35610167,Buffalo Bills @ Houston Texans,2026-09-13T17:00:00.000Z,FanDuel,751.185125757,receptions,Xavier Hutchinson - Total Receptions,,Xavier Hutchinson,41075117,over,2.5,134,2.34,0.42735042735042733,open,,,2026-09-10T00:15:37Z,,,,,v3-forward-measurement
2e4818bf-d40c-440b-9848-1c7518615cc2,0c1555e7-1cee-47f7-8734-7c5db6c8549b,2026-09-10T00:15:37Z,FanDuel Sportsbook structured market feed,,VA,NFL,35610167,Buffalo Bills @ Houston Texans,2026-09-13T17:00:00.000Z,FanDuel,751.185125757,receptions,Xavier Hutchinson - Total Receptions,,Xavier Hutchinson,41075118,under,2.5,-180,1.555555555555556,0.6428571428571429,open,,,2026-09-10T00:15:37Z,,,,,v3-forward-measurement
2e4818bf-d40c-440b-9848-1c7518615cc2,00baaccb-e18f-4817-b71b-8a8cc01cefc0,2026-09-10T00:15:37Z,FanDuel Sportsbook structured market feed,,VA,NFL,35610167,Buffalo Bills @ Houston Texans,2026-09-13T17:00:00.000Z,FanDuel,751.183533053,receiving_yards,D.J. Moore - Receiving Yds,,D.J. Moore,73370450,over,47.5,-114,1.87719298245614,0.5327102803738317,open,,,2026-09-10T00:15:37Z,,,,,v3-forward-measurement
2e4818bf-d40c-440b-9848-1c7518615cc2,7c9a04ea-a11f-4e46-adff-8d26113a78ae,2026-09-10T00:15:37Z,FanDuel Sportsbook structured market feed,,VA,NFL,35610167,Buffalo Bills @ Houston Texans,2026-09-13T17:00:00.000Z,FanDuel,751.183533053,receiving_yards,D.J. Moore - Receiving Yds,,D.J. Moore,73370451,under,47.5,-114,1.87719298245614,0.5327102803738317,open,,,2026-09-10T00:15:37Z,,,,,v3-forward-measurement
2e4818bf-d40c-440b-9848-1c7518615cc2,0e5ea74f-5b1e-4824-a26b-3e49fb45424b,2026-09-10T00:15:37Z,FanDuel Sportsbook structured market feed,,VA,NFL,35610167,Buffalo Bills @ Houston Texans,2026-09-13T17:00:00.000Z,FanDuel,751.183533051,receiving_yards,Dalton Kincaid - Receiving Yds,,Dalton Kincaid,41602583,over,38.5,-114,1.87719298245614,0.5327102803738317,open,,,2026-09-10T00:15:37Z,,,,,v3-forward-measurement
2e4818bf-d40c-440b-9848-1c7518615cc2,4a2158ad-ec0d-4862-a982-dc77de7509f8,2026-09-10T00:15:37Z,FanDuel Sportsbook structured market feed,,VA,NFL,35610167,Buffalo Bills @ Houston Texans,2026-09-13T17:00:00.000Z,FanDuel,751.183533051,receiving_yards,Dalton Kincaid - Receiving Yds,,Dalton Kincaid,41602585,under,38.5,-114,1.87719298245614,0.5327102803738317,open,,,2026-09-10T00:15:37Z,,,,,v3-forward-measurement
2e4818bf-d40c-440b-9848-1c7518615cc2,47f6d578-87d8-4eb6-8407-0dca4762071a,2026-09-10T00:15:37Z,FanDuel Sportsbook structured market feed,,VA,NFL,35610167,Buffalo Bills @ Houston Texans,2026-09-13T17:00:00.000Z,FanDuel,751.183533052,receptions,Khalil Shakir - Total Receptions,,Khalil Shakir,41266352,over,3.5,-130,1.769230769230769,0.5652173913043478,open,,,2026-09-10T00:15:37Z,,,,,v3-forward-measurement
2e4818bf-d40c-440b-9848-1c7518615cc2,85db74f1-0027-403b-af93-d5e89da338a3,2026-09-10T00:15:37Z,FanDuel Sportsbook structured market feed,,VA,NFL,35610167,Buffalo Bills @ Houston Texans,2026-09-13T17:00:00.000Z,FanDuel,751.183533052,receptions,Khalil Shakir - Total Receptions,,Khalil Shakir,41266353,under,3.5,-102,1.980392156862745,0.504950495049505,open,,,2026-09-10T00:15:37Z,,,,,v3-forward-measurement
2e4818bf-d40c-440b-9848-1c7518615cc2,434d381b-3fdc-4066-9274-2fd94f01acac,2026-09-10T00:15:37Z,FanDuel Sportsbook structured market feed,,VA,NFL,35610167,Buffalo Bills @ Houston Texans,2026-09-13T17:00:00.000Z,FanDuel,751.184980710,receptions,James Cook - Total Receptions,,James Cook,41957632,over,2.5,108,2.08,0.4807692307692308,open,,,2026-09-10T00:15:37Z,,,,,v3-forward-measurement
2e4818bf-d40c-440b-9848-1c7518615cc2,d8acd54a-146b-415d-a348-71304b96b4dc,2026-09-10T00:15:37Z,FanDuel Sportsbook structured market feed,,VA,NFL,35610167,Buffalo Bills @ Houston Texans,2026-09-13T17:00:00.000Z,FanDuel,751.184980710,receptions,James Cook - Total Receptions,,James Cook,41957631,under,2.5,-144,1.694444444444444,0.5901639344262295,open,,,2026-09-10T00:15:37Z,,,,,v3-forward-measurement
2e4818bf-d40c-440b-9848-1c7518615cc2,08c383ff-7d08-4fb8-9fa0-d2c06e5e1b7a,2026-09-10T00:15:37Z,FanDuel Sportsbook structured market feed,,VA,NFL,35610167,Buffalo Bills @ Houston Texans,2026-09-13T17:00:00.000Z,FanDuel,751.183533049,receptions,Dalton Kincaid - Total Receptions,,Dalton Kincaid,41602583,over,3.5,-102,1.980392156862745,0.504950495049505,open,,,2026-09-10T00:15:37Z,,,,,v3-forward-measurement
2e4818bf-d40c-440b-9848-1c7518615cc2,8c12777c-6191-4d1c-aacf-e10b847032fe,2026-09-10T00:15:37Z,FanDuel Sportsbook structured market feed,,VA,NFL,35610167,Buffalo Bills @ Houston Texans,2026-09-13T17:00:00.000Z,FanDuel,751.183533049,receptions,Dalton Kincaid - Total Receptions,,Dalton Kincaid,41602585,under,3.5,-130,1.769230769230769,0.5652173913043478,open,,,2026-09-10T00:15:37Z,,,,,v3-forward-measurement
2e4818bf-d40c-440b-9848-1c7518615cc2,f47433ac-f573-446b-970f-6e1735c501c6,2026-09-10T00:15:37Z,FanDuel Sportsbook structured market feed,,VA,NFL,35610167,Buffalo Bills @ Houston Texans,2026-09-13T17:00:00.000Z,FanDuel,751.185056176,receiving_yards,Dawson Knox - Receiving Yds,,Dawson Knox,26270330,over,14.5,-114,1.87719298245614,0.5327102803738317,open,,,2026-09-10T00:15:37Z,,,,,v3-forward-measurement
2e4818bf-d40c-440b-9848-1c7518615cc2,7180250f-9678-48f3-ba8f-679b072f5462,2026-09-10T00:15:37Z,FanDuel Sportsbook structured market feed,,VA,NFL,35610167,Buffalo Bills @ Houston Texans,2026-09-13T17:00:00.000Z,FanDuel,751.185056176,receiving_yards,Dawson Knox - Receiving Yds,,Dawson Knox,26270331,under,14.5,-114,1.87719298245614,0.5327102803738317,open,,,2026-09-10T00:15:37Z,,,,,v3-forward-measurement
2e4818bf-d40c-440b-9848-1c7518615cc2,0234d4c7-caba-4d7e-8090-909ecb35305a,2026-09-10T00:15:37Z,FanDuel Sportsbook structured market feed,,VA,NFL,35610167,Buffalo Bills @ Houston Texans,2026-09-13T17:00:00.000Z,FanDuel,751.185056177,receptions,Dawson Knox - Total Receptions,,Dawson Knox,26270330,over,1.5,-114,1.87719298245614,0.5327102803738317,open,,,2026-09-10T00:15:37Z,,,,,v3-forward-measurement
2e4818bf-d40c-440b-9848-1c7518615cc2,25addf62-ffca-4a63-a6a4-e9ccf5aaad3d,2026-09-10T00:15:37Z,FanDuel Sportsbook structured market feed,,VA,NFL,35610167,Buffalo Bills @ Houston Texans,2026-09-13T17:00:00.000Z,FanDuel,751.185056177,receptions,Dawson Knox - Total Receptions,,Dawson Knox,26270331,under,1.5,-114,1.87719298245614,0.5327102803738317,open,,,2026-09-10T00:15:37Z,,,,,v3-forward-measurement
2e4818bf-d40c-440b-9848-1c7518615cc2,b989a0e0-8608-4a8f-b8e3-039d0710cd73,2026-09-10T00:15:37Z,FanDuel Sportsbook structured market feed,,VA,NFL,35610167,Buffalo Bills @ Houston Texans,2026-09-13T17:00:00.000Z,FanDuel,751.185690208,receiving_yards,Jaylin Noel - Receiving Yds,,Jaylin Noel,48308997,over,16.5,-114,1.87719298245614,0.5327102803738317,open,,,2026-09-10T00:15:37Z,,,,,v3-forward-measurement
2e4818bf-d40c-440b-9848-1c7518615cc2,05401fc2-43d3-492f-be69-e08dbc2c18ef,2026-09-10T00:15:37Z,FanDuel Sportsbook structured market feed,,VA,NFL,35610167,Buffalo Bills @ Houston Texans,2026-09-13T17:00:00.000Z,FanDuel,751.185690208,receiving_yards,Jaylin Noel - Receiving Yds,,Jaylin Noel,48308996,under,16.5,-114,1.87719298245614,0.5327102803738317,open,,,2026-09-10T00:15:37Z,,,,,v3-forward-measurement
2e4818bf-d40c-440b-9848-1c7518615cc2,1f3faf54-9691-4dc3-b0a4-087b3af7a5a8,2026-09-10T00:15:37Z,FanDuel Sportsbook structured market feed,,VA,NFL,35610167,Buffalo Bills @ Houston Texans,2026-09-13T17:00:00.000Z,FanDuel,751.184980711,receiving_yards,James Cook - Receiving Yds,,James Cook,41957632,over,16.5,-114,1.87719298245614,0.5327102803738317,open,,,2026-09-10T00:15:37Z,,,,,v3-forward-measurement
2e4818bf-d40c-440b-9848-1c7518615cc2,a698d207-7646-46c5-a58d-9db07c586b86,2026-09-10T00:15:37Z,FanDuel Sportsbook structured market feed,,VA,NFL,35610167,Buffalo Bills @ Houston Texans,2026-09-13T17:00:00.000Z,FanDuel,751.184980711,receiving_yards,James Cook - Receiving Yds,,James Cook,41957631,under,16.5,-114,1.87719298245614,0.5327102803738317,open,,,2026-09-10T00:15:37Z,,,,,v3-forward-measurement
2e4818bf-d40c-440b-9848-1c7518615cc2,5f926b88-00fd-4c0e-8425-7c4ca95e3dd8,2026-09-10T00:15:37Z,FanDuel Sportsbook structured market feed,,VA,NFL,35610167,Buffalo Bills @ Houston Texans,2026-09-13T17:00:00.000Z,FanDuel,751.185690214,receptions,Woody Marks - Total Receptions,,Woody Marks,88881141,over,1.5,-122,1.819672131147541,0.5495495495495496,open,,,2026-09-10T00:15:37Z,,,,,v3-forward-measurement
2e4818bf-d40c-440b-9848-1c7518615cc2,5071f190-4f98-4600-913a-98bfac36c7e6,2026-09-10T00:15:37Z,FanDuel Sportsbook structured market feed,,VA,NFL,35610167,Buffalo Bills @ Houston Texans,2026-09-13T17:00:00.000Z,FanDuel,751.185690214,receptions,Woody Marks - Total Receptions,,Woody Marks,88881135,under,1.5,-108,1.925925925925926,0.5192307692307693,open,,,2026-09-10T00:15:37Z,,,,,v3-forward-measurement
2e4818bf-d40c-440b-9848-1c7518615cc2,7f74601c-7751-4868-b3d9-d69952971b00,2026-09-10T00:15:37Z,FanDuel Sportsbook structured market feed,,VA,NFL,35610167,Buffalo Bills @ Houston Texans,2026-09-13T17:00:00.000Z,FanDuel,751.184541564,receptions,Kayshon Boutte - Total Receptions,,Kayshon Boutte,41072109,over,1.5,-172,1.581395348837209,0.6323529411764706,open,,,2026-09-10T00:15:37Z,,,,,v3-forward-measurement
2e4818bf-d40c-440b-9848-1c7518615cc2,f6635c1b-414e-427e-8cf7-8617b203755a,2026-09-10T00:15:37Z,FanDuel Sportsbook structured market feed,,VA,NFL,35610167,Buffalo Bills @ Houston Texans,2026-09-13T17:00:00.000Z,FanDuel,751.184541564,receptions,Kayshon Boutte - Total Receptions,,Kayshon Boutte,41072108,under,1.5,128,2.28,0.43859649122807015,open,,,2026-09-10T00:15:37Z,,,,,v3-forward-measurement
2e4818bf-d40c-440b-9848-1c7518615cc2,7b566a4f-a633-4643-8c22-a8cbae179390,2026-09-10T00:15:37Z,FanDuel Sportsbook structured market feed,,VA,NFL,35610167,Buffalo Bills @ Houston Texans,2026-09-13T17:00:00.000Z,FanDuel,751.183533042,receiving_yards,Khalil Shakir - Receiving Yds,,Khalil Shakir,41266352,over,36.5,-114,1.87719298245614,0.5327102803738317,open,,,2026-09-10T00:15:37Z,,,,,v3-forward-measurement
2e4818bf-d40c-440b-9848-1c7518615cc2,32b3a1ec-9990-473d-a06b-d53c5a015b08,2026-09-10T00:15:37Z,FanDuel Sportsbook structured market feed,,VA,NFL,35610167,Buffalo Bills @ Houston Texans,2026-09-13T17:00:00.000Z,FanDuel,751.183533042,receiving_yards,Khalil Shakir - Receiving Yds,,Khalil Shakir,41266353,under,36.5,-114,1.87719298245614,0.5327102803738317,open,,,2026-09-10T00:15:37Z,,,,,v3-forward-measurement
2e4818bf-d40c-440b-9848-1c7518615cc2,b9b0da22-fa12-480e-915b-183ca45c771d,2026-09-10T00:15:37Z,FanDuel Sportsbook structured market feed,,VA,NFL,35610167,Buffalo Bills @ Houston Texans,2026-09-13T17:00:00.000Z,FanDuel,751.184541567,receiving_yards,Kayshon Boutte - Receiving Yds,,Kayshon Boutte,41072109,over,24.5,-114,1.87719298245614,0.5327102803738317,open,,,2026-09-10T00:15:37Z,,,,,v3-forward-measurement
2e4818bf-d40c-440b-9848-1c7518615cc2,120e272b-31b6-4df8-bc67-939dc51ba43c,2026-09-10T00:15:37Z,FanDuel Sportsbook structured market feed,,VA,NFL,35610167,Buffalo Bills @ Houston Texans,2026-09-13T17:00:00.000Z,FanDuel,751.184541567,receiving_yards,Kayshon Boutte - Receiving Yds,,Kayshon Boutte,41072108,under,24.5,-114,1.87719298245614,0.5327102803738317,open,,,2026-09-10T00:15:37Z,,,,,v3-forward-measurement
d132734a-b15f-4380-a995-d21374adab3e,8790ba5e-cd35-4d1a-a136-925def0fa030,2026-09-10T00:15:37Z,FanDuel Sportsbook structured market feed,,VA,NFL,35610168,New Orleans Saints @ Detroit Lions,2026-09-13T17:01:00.000Z,FanDuel,751.183819063,passing_yards,Tyler Shough - Passing Yds,,Tyler Shough,41066836,over,246.5,-114,1.87719298245614,0.5327102803738317,open,,,2026-09-10T00:15:37Z,,,,,v3-forward-measurement
d132734a-b15f-4380-a995-d21374adab3e,f8541e16-3be8-4d28-a159-3101c49bd9f2,2026-09-10T00:15:37Z,FanDuel Sportsbook structured market feed,,VA,NFL,35610168,New Orleans Saints @ Detroit Lions,2026-09-13T17:01:00.000Z,FanDuel,751.183819063,passing_yards,Tyler Shough - Passing Yds,,Tyler Shough,41066844,under,246.5,-114,1.87719298245614,0.5327102803738317,open,,,2026-09-10T00:15:37Z,,,,,v3-forward-measurement
d132734a-b15f-4380-a995-d21374adab3e,fafaa089-f651-42de-8274-1941ddc80346,2026-09-10T00:15:37Z,FanDuel Sportsbook structured market feed,,VA,NFL,35610168,New Orleans Saints @ Detroit Lions,2026-09-13T17:01:00.000Z,FanDuel,751.183819030,passing_touchdowns,Jared Goff - Passing TDs,,Jared Goff,12135315,over,1.5,-194,1.515463917525773,0.6598639455782312,open,,,2026-09-10T00:15:37Z,,,,,v3-forward-measurement
d132734a-b15f-4380-a995-d21374adab3e,b21ad4cb-56a7-40cb-9075-6f38d4bfc879,2026-09-10T00:15:37Z,FanDuel Sportsbook structured market feed,,VA,NFL,35610168,New Orleans Saints @ Detroit Lions,2026-09-13T17:01:00.000Z,FanDuel,751.183819030,passing_touchdowns,Jared Goff - Passing TDs,,Jared Goff,12135314,under,1.5,144,2.44,0.4098360655737705,open,,,2026-09-10T00:15:37Z,,,,,v3-forward-measurement
d132734a-b15f-4380-a995-d21374adab3e,2024e68e-0071-41ac-b874-80341ebbccbc,2026-09-10T00:15:37Z,FanDuel Sportsbook structured market feed,,VA,NFL,35610168,New Orleans Saints @ Detroit Lions,2026-09-13T17:01:00.000Z,FanDuel,751.183818920,passing_touchdowns,Tyler Shough - Passing TDs,,Tyler Shough,41066836,over,1.5,128,2.28,0.43859649122807015,open,,,2026-09-10T00:15:37Z,,,,,v3-forward-measurement
d132734a-b15f-4380-a995-d21374adab3e,da31b596-8f0e-47f0-b794-0f6886c2dd39,2026-09-10T00:15:37Z,FanDuel Sportsbook structured market feed,,VA,NFL,35610168,New Orleans Saints @ Detroit Lions,2026-09-13T17:01:00.000Z,FanDuel,751.183818920,passing_touchdowns,Tyler Shough - Passing TDs,,Tyler Shough,41066844,under,1.5,-172,1.581395348837209,0.6323529411764706,open,,,2026-09-10T00:15:37Z,,,,,v3-forward-measurement
d132734a-b15f-4380-a995-d21374adab3e,95e5529c-f374-423c-a9ac-2429a9502698,2026-09-10T00:15:37Z,FanDuel Sportsbook structured market feed,,VA,NFL,35610168,New Orleans Saints @ Detroit Lions,2026-09-13T17:01:00.000Z,FanDuel,751.183819023,passing_yards,Jared Goff - Passing Yds,,Jared Goff,12135315,over,261.5,-114,1.87719298245614,0.5327102803738317,open,,,2026-09-10T00:15:37Z,,,,,v3-forward-measurement
d132734a-b15f-4380-a995-d21374adab3e,011285cc-cd41-46a8-b258-29d4855f949e,2026-09-10T00:15:37Z,FanDuel Sportsbook structured market feed,,VA,NFL,35610168,New Orleans Saints @ Detroit Lions,2026-09-13T17:01:00.000Z,FanDuel,751.183819023,passing_yards,Jared Goff - Passing Yds,,Jared Goff,12135314,under,261.5,-114,1.87719298245614,0.5327102803738317,open,,,2026-09-10T00:15:37Z,,,,,v3-forward-measurement
d4607850-6343-4bfb-9022-6b2bff51a2d0,16717e55-241f-40ee-a364-8ee0d5742131,2026-09-10T00:15:37Z,FanDuel Sportsbook structured market feed,,VA,NFL,35610168,New Orleans Saints @ Detroit Lions,2026-09-13T17:01:00.000Z,FanDuel,751.185249270,rushing_yards,Jared Goff - Rushing Yds,,Jared Goff,12135315,over,0.5,142,2.42,0.4132231404958678,open,,,2026-09-10T00:15:37Z,,,,,v3-forward-measurement
d4607850-6343-4bfb-9022-6b2bff51a2d0,770ffbe9-2105-44aa-a9be-f59ae5a12959,2026-09-10T00:15:37Z,FanDuel Sportsbook structured market feed,,VA,NFL,35610168,New Orleans Saints @ Detroit Lions,2026-09-13T17:01:00.000Z,FanDuel,751.185249270,rushing_yards,Jared Goff - Rushing Yds,,Jared Goff,12135314,under,0.5,-188,1.531914893617021,0.6527777777777778,open,,,2026-09-10T00:15:37Z,,,,,v3-forward-measurement
d4607850-6343-4bfb-9022-6b2bff51a2d0,98641af6-f726-432f-8e31-8c99a8fad6c6,2026-09-10T00:15:37Z,FanDuel Sportsbook structured market feed,,VA,NFL,35610168,New Orleans Saints @ Detroit Lions,2026-09-13T17:01:00.000Z,FanDuel,751.183820190,rushing_yards,Travis Etienne - Rushing Yds,,Travis Etienne,16602553,over,56.5,-114,1.87719298245614,0.5327102803738317,open,,,2026-09-10T00:15:37Z,,,,,v3-forward-measurement
d4607850-6343-4bfb-9022-6b2bff51a2d0,548eb922-fb4c-47d9-b401-5896dc9db912,2026-09-10T00:15:37Z,FanDuel Sportsbook structured market feed,,VA,NFL,35610168,New Orleans Saints @ Detroit Lions,2026-09-13T17:01:00.000Z,FanDuel,751.183820190,rushing_yards,Travis Etienne - Rushing Yds,,Travis Etienne,16602554,under,56.5,-114,1.87719298245614,0.5327102803738317,open,,,2026-09-10T00:15:37Z,,,,,v3-forward-measurement
d4607850-6343-4bfb-9022-6b2bff51a2d0,8649d51c-9711-4971-b88d-d85cfcf4c526,2026-09-10T00:15:37Z,FanDuel Sportsbook structured market feed,,VA,NFL,35610168,New Orleans Saints @ Detroit Lions,2026-09-13T17:01:00.000Z,FanDuel,751.183820216,rushing_yards,Tyler Shough - Rushing Yds,,Tyler Shough,41066836,over,16.5,-114,1.87719298245614,0.5327102803738317,open,,,2026-09-10T00:15:37Z,,,,,v3-forward-measurement
d4607850-6343-4bfb-9022-6b2bff51a2d0,f1521e37-53e3-42a7-8488-8ba8a3799c51,2026-09-10T00:15:37Z,FanDuel Sportsbook structured market feed,,VA,NFL,35610168,New Orleans Saints @ Detroit Lions,2026-09-13T17:01:00.000Z,FanDuel,751.183820216,rushing_yards,Tyler Shough - Rushing Yds,,Tyler Shough,41066844,under,16.5,-114,1.87719298245614,0.5327102803738317,open,,,2026-09-10T00:15:37Z,,,,,v3-forward-measurement
d4607850-6343-4bfb-9022-6b2bff51a2d0,d3ebf3e6-a88c-43c8-9ede-2ddd72f10d27,2026-09-10T00:15:37Z,FanDuel Sportsbook structured market feed,,VA,NFL,35610168,New Orleans Saints @ Detroit Lions,2026-09-13T17:01:00.000Z,FanDuel,751.183820188,rushing_yards,Jahmyr Gibbs - Rushing Yds,,Jahmyr Gibbs,41179952,over,83.5,-114,1.87719298245614,0.5327102803738317,open,,,2026-09-10T00:15:37Z,,,,,v3-forward-measurement
d4607850-6343-4bfb-9022-6b2bff51a2d0,8d774cad-c4f7-4e72-b733-e801e8d29dd1,2026-09-10T00:15:37Z,FanDuel Sportsbook structured market feed,,VA,NFL,35610168,New Orleans Saints @ Detroit Lions,2026-09-13T17:01:00.000Z,FanDuel,751.183820188,rushing_yards,Jahmyr Gibbs - Rushing Yds,,Jahmyr Gibbs,41179953,under,83.5,-114,1.87719298245614,0.5327102803738317,open,,,2026-09-10T00:15:37Z,,,,,v3-forward-measurement
c006bc94-852e-4391-878f-7e3034b21d18,3bfe5f2d-bae5-4ba6-b908-0b5572f828f8,2026-09-10T00:15:37Z,FanDuel Sportsbook structured market feed,,VA,NFL,35610168,New Orleans Saints @ Detroit Lions,2026-09-13T17:01:00.000Z,FanDuel,751.183821852,receiving_yards,Sam LaPorta - Receiving Yds,,Sam LaPorta,41154223,over,41.5,-114,1.87719298245614,0.5327102803738317,open,,,2026-09-10T00:15:37Z,,,,,v3-forward-measurement
c006bc94-852e-4391-878f-7e3034b21d18,88315447-07b4-4409-b949-4803b0a7efed,2026-09-10T00:15:37Z,FanDuel Sportsbook structured market feed,,VA,NFL,35610168,New Orleans Saints @ Detroit Lions,2026-09-13T17:01:00.000Z,FanDuel,751.183821852,receiving_yards,Sam LaPorta - Receiving Yds,,Sam LaPorta,41154224,under,41.5,-114,1.87719298245614,0.5327102803738317,open,,,2026-09-10T00:15:37Z,,,,,v3-forward-measurement
c006bc94-852e-4391-878f-7e3034b21d18,2976d2f6-a0dc-438b-a136-ce7b1f50d676,2026-09-10T00:15:37Z,FanDuel Sportsbook structured market feed,,VA,NFL,35610168,New Orleans Saints @ Detroit Lions,2026-09-13T17:01:00.000Z,FanDuel,751.183820463,receiving_yards,Chris Olave - Receiving Yds,,Chris Olave,41158858,over,76.5,-114,1.87719298245614,0.5327102803738317,open,,,2026-09-10T00:15:37Z,,,,,v3-forward-measurement
c006bc94-852e-4391-878f-7e3034b21d18,3d7d43df-1574-4f6a-8a31-2372755db1a6,2026-09-10T00:15:37Z,FanDuel Sportsbook structured market feed,,VA,NFL,35610168,New Orleans Saints @ Detroit Lions,2026-09-13T17:01:00.000Z,FanDuel,751.183820463,receiving_yards,Chris Olave - Receiving Yds,,Chris Olave,41158859,under,76.5,-114,1.87719298245614,0.5327102803738317,open,,,2026-09-10T00:15:37Z,,,,,v3-forward-measurement
c006bc94-852e-4391-878f-7e3034b21d18,6c3b9aaf-a4dd-4bdf-96f0-3944cdd2ff5e,2026-09-10T00:15:37Z,FanDuel Sportsbook structured market feed,,VA,NFL,35610168,New Orleans Saints @ Detroit Lions,2026-09-13T17:01:00.000Z,FanDuel,751.183820461,receiving_yards,Amon-Ra St. Brown - Receiving Yds,,Amon-Ra St. Brown,40891132,over,77.5,-114,1.87719298245614,0.5327102803738317,open,,,2026-09-10T00:15:37Z,,,,,v3-forward-measurement
c006bc94-852e-4391-878f-7e3034b21d18,d518710f-e637-4ea6-a0ac-bf1f8065b73e,2026-09-10T00:15:37Z,FanDuel Sportsbook structured market feed,,VA,NFL,35610168,New Orleans Saints @ Detroit Lions,2026-09-13T17:01:00.000Z,FanDuel,751.183820461,receiving_yards,Amon-Ra St. Brown - Receiving Yds,,Amon-Ra St. Brown,40891131,under,77.5,-114,1.87719298245614,0.5327102803738317,open,,,2026-09-10T00:15:37Z,,,,,v3-forward-measurement
c006bc94-852e-4391-878f-7e3034b21d18,870707e2-ede5-459f-818d-d2a0bf7f321e,2026-09-10T00:15:37Z,FanDuel Sportsbook structured market feed,,VA,NFL,35610168,New Orleans Saints @ Detroit Lions,2026-09-13T17:01:00.000Z,FanDuel,751.184833686,receptions,Travis Etienne - Total Receptions,,Travis Etienne,16602553,over,2.5,-148,1.675675675675676,0.5967741935483871,open,,,2026-09-10T00:15:37Z,,,,,v3-forward-measurement
c006bc94-852e-4391-878f-7e3034b21d18,bd944a5e-71c9-4f0a-beb5-91d10abf55ce,2026-09-10T00:15:37Z,FanDuel Sportsbook structured market feed,,VA,NFL,35610168,New Orleans Saints @ Detroit Lions,2026-09-13T17:01:00.000Z,FanDuel,751.184833686,receptions,Travis Etienne - Total Receptions,,Travis Etienne,16602554,under,2.5,112,2.12,0.4716981132075472,open,,,2026-09-10T00:15:37Z,,,,,v3-forward-measurement
c006bc94-852e-4391-878f-7e3034b21d18,28275172-6173-41cb-8ae9-0eb7ffb8883e,2026-09-10T00:15:37Z,FanDuel Sportsbook structured market feed,,VA,NFL,35610168,New Orleans Saints @ Detroit Lions,2026-09-13T17:01:00.000Z,FanDuel,751.184833685,receiving_yards,Travis Etienne - Receiving Yds,,Travis Etienne,16602553,over,14.5,-114,1.87719298245614,0.5327102803738317,open,,,2026-09-10T00:15:37Z,,,,,v3-forward-measurement
c006bc94-852e-4391-878f-7e3034b21d18,5f805dbe-b334-4580-9a69-5f977aca8a62,2026-09-10T00:15:37Z,FanDuel Sportsbook structured market feed,,VA,NFL,35610168,New Orleans Saints @ Detroit Lions,2026-09-13T17:01:00.000Z,FanDuel,751.184833685,receiving_yards,Travis Etienne - Receiving Yds,,Travis Etienne,16602554,under,14.5,-114,1.87719298245614,0.5327102803738317,open,,,2026-09-10T00:15:37Z,,,,,v3-forward-measurement
c006bc94-852e-4391-878f-7e3034b21d18,c5f7d5e6-6b2b-40c2-b868-069597f06033,2026-09-10T00:15:37Z,FanDuel Sportsbook structured market feed,,VA,NFL,35610168,New Orleans Saints @ Detroit Lions,2026-09-13T17:01:00.000Z,FanDuel,751.183821854,receptions,Sam LaPorta - Total Receptions,,Sam LaPorta,41154223,over,3.5,-172,1.581395348837209,0.6323529411764706,open,,,2026-09-10T00:15:37Z,,,,,v3-forward-measurement
c006bc94-852e-4391-878f-7e3034b21d18,5ed31147-42fd-4dff-984b-c6f70c3cbe7f,2026-09-10T00:15:37Z,FanDuel Sportsbook structured market feed,,VA,NFL,35610168,New Orleans Saints @ Detroit Lions,2026-09-13T17:01:00.000Z,FanDuel,751.183821854,receptions,Sam LaPorta - Total Receptions,,Sam LaPorta,41154224,under,3.5,128,2.28,0.43859649122807015,open,,,2026-09-10T00:15:37Z,,,,,v3-forward-measurement
c006bc94-852e-4391-878f-7e3034b21d18,38ac2c06-9a9f-40e5-b44e-b09ef41c392e,2026-09-10T00:15:37Z,FanDuel Sportsbook structured market feed,,VA,NFL,35610168,New Orleans Saints @ Detroit Lions,2026-09-13T17:01:00.000Z,FanDuel,751.183820469,receptions,Chris Olave - Total Receptions,,Chris Olave,41158858,over,6.5,102,2.02,0.49504950495049505,open,,,2026-09-10T00:15:37Z,,,,,v3-forward-measurement
c006bc94-852e-4391-878f-7e3034b21d18,938e2bf0-611c-41db-b665-b387bd6e5192,2026-09-10T00:15:37Z,FanDuel Sportsbook structured market feed,,VA,NFL,35610168,New Orleans Saints @ Detroit Lions,2026-09-13T17:01:00.000Z,FanDuel,751.183820469,receptions,Chris Olave - Total Receptions,,Chris Olave,41158859,under,6.5,-136,1.735294117647059,0.576271186440678,open,,,2026-09-10T00:15:37Z,,,,,v3-forward-measurement
c006bc94-852e-4391-878f-7e3034b21d18,9cf180b6-dad3-4891-ac45-b245cf2eb2d1,2026-09-10T00:15:37Z,FanDuel Sportsbook structured market feed,,VA,NFL,35610168,New Orleans Saints @ Detroit Lions,2026-09-13T17:01:00.000Z,FanDuel,751.184833180,receiving_yards,Isaac TeSlaa - Receiving Yds,,Isaac TeSlaa,60529877,over,17.5,-114,1.87719298245614,0.5327102803738317,open,,,2026-09-10T00:15:37Z,,,,,v3-forward-measurement
c006bc94-852e-4391-878f-7e3034b21d18,e6f1fcf9-f2b9-4f69-ae0a-419166f428f3,2026-09-10T00:15:37Z,FanDuel Sportsbook structured market feed,,VA,NFL,35610168,New Orleans Saints @ Detroit Lions,2026-09-13T17:01:00.000Z,FanDuel,751.184833180,receiving_yards,Isaac TeSlaa - Receiving Yds,,Isaac TeSlaa,60529876,under,17.5,-114,1.87719298245614,0.5327102803738317,open,,,2026-09-10T00:15:37Z,,,,,v3-forward-measurement
c006bc94-852e-4391-878f-7e3034b21d18,dbd75ffd-ed74-45b3-9e25-a7ad916af596,2026-09-10T00:15:37Z,FanDuel Sportsbook structured market feed,,VA,NFL,35610168,New Orleans Saints @ Detroit Lions,2026-09-13T17:01:00.000Z,FanDuel,751.184833184,receptions,Isaac TeSlaa - Total Receptions,,Isaac TeSlaa,60529877,over,1.5,102,2.02,0.49504950495049505,open,,,2026-09-10T00:15:37Z,,,,,v3-forward-measurement
c006bc94-852e-4391-878f-7e3034b21d18,0674d33c-3bb7-473d-a687-f3c3926fe131,2026-09-10T00:15:37Z,FanDuel Sportsbook structured market feed,,VA,NFL,35610168,New Orleans Saints @ Detroit Lions,2026-09-13T17:01:00.000Z,FanDuel,751.184833184,receptions,Isaac TeSlaa - Total Receptions,,Isaac TeSlaa,60529876,under,1.5,-136,1.735294117647059,0.576271186440678,open,,,2026-09-10T00:15:37Z,,,,,v3-forward-measurement
c006bc94-852e-4391-878f-7e3034b21d18,7f26a674-3fc5-49da-81cf-5ed712492eba,2026-09-10T00:15:37Z,FanDuel Sportsbook structured market feed,,VA,NFL,35610168,New Orleans Saints @ Detroit Lions,2026-09-13T17:01:00.000Z,FanDuel,751.184833515,receiving_yards,Devaughn Vele - Receiving Yds,,Devaughn Vele,41522434,over,39.5,-114,1.87719298245614,0.5327102803738317,open,,,2026-09-10T00:15:37Z,,,,,v3-forward-measurement
c006bc94-852e-4391-878f-7e3034b21d18,1c7e1ce5-d8e1-4172-9cc8-f611d0a645cc,2026-09-10T00:15:37Z,FanDuel Sportsbook structured market feed,,VA,NFL,35610168,New Orleans Saints @ Detroit Lions,2026-09-13T17:01:00.000Z,FanDuel,751.184833515,receiving_yards,Devaughn Vele - Receiving Yds,,Devaughn Vele,41522432,under,39.5,-114,1.87719298245614,0.5327102803738317,open,,,2026-09-10T00:15:37Z,,,,,v3-forward-measurement
c006bc94-852e-4391-878f-7e3034b21d18,6cb0ff09-36fe-4473-80c7-aa77e2ca25d6,2026-09-10T00:15:37Z,FanDuel Sportsbook structured market feed,,VA,NFL,35610168,New Orleans Saints @ Detroit Lions,2026-09-13T17:01:00.000Z,FanDuel,751.183820475,receptions,Amon-Ra St. Brown - Total Receptions,,Amon-Ra St. Brown,40891132,over,6.5,-114,1.87719298245614,0.5327102803738317,open,,,2026-09-10T00:15:37Z,,,,,v3-forward-measurement
c006bc94-852e-4391-878f-7e3034b21d18,f971c329-87d7-4cb7-a266-62b1b5b225e1,2026-09-10T00:15:37Z,FanDuel Sportsbook structured market feed,,VA,NFL,35610168,New Orleans Saints @ Detroit Lions,2026-09-13T17:01:00.000Z,FanDuel,751.183820475,receptions,Amon-Ra St. Brown - Total Receptions,,Amon-Ra St. Brown,40891131,under,6.5,-114,1.87719298245614,0.5327102803738317,open,,,2026-09-10T00:15:37Z,,,,,v3-forward-measurement
c006bc94-852e-4391-878f-7e3034b21d18,5edc6787-557e-4864-ac8d-eb6cb8df8c1f,2026-09-10T00:15:37Z,FanDuel Sportsbook structured market feed,,VA,NFL,35610168,New Orleans Saints @ Detroit Lions,2026-09-13T17:01:00.000Z,FanDuel,751.184833513,receptions,Devaughn Vele - Total Receptions,,Devaughn Vele,41522434,over,3.5,-102,1.980392156862745,0.504950495049505,open,,,2026-09-10T00:15:37Z,,,,,v3-forward-measurement
c006bc94-852e-4391-878f-7e3034b21d18,24e50d35-a73b-4979-93ad-e5628c4cefe7,2026-09-10T00:15:37Z,FanDuel Sportsbook structured market feed,,VA,NFL,35610168,New Orleans Saints @ Detroit Lions,2026-09-13T17:01:00.000Z,FanDuel,751.184833513,receptions,Devaughn Vele - Total Receptions,,Devaughn Vele,41522432,under,3.5,-130,1.769230769230769,0.5652173913043478,open,,,2026-09-10T00:15:37Z,,,,,v3-forward-measurement
c006bc94-852e-4391-878f-7e3034b21d18,9f03b494-1ff6-4cb6-a11a-babdf19a47f6,2026-09-10T00:15:37Z,FanDuel Sportsbook structured market feed,,VA,NFL,35610168,New Orleans Saints @ Detroit Lions,2026-09-13T17:01:00.000Z,FanDuel,751.183820457,receiving_yards,Jameson Williams - Receiving Yds,,Jameson Williams,41172033,over,58.5,-114,1.87719298245614,0.5327102803738317,open,,,2026-09-10T00:15:37Z,,,,,v3-forward-measurement
c006bc94-852e-4391-878f-7e3034b21d18,b61bc97e-3918-4720-82e6-d553ab282abb,2026-09-10T00:15:37Z,FanDuel Sportsbook structured market feed,,VA,NFL,35610168,New Orleans Saints @ Detroit Lions,2026-09-13T17:01:00.000Z,FanDuel,751.183820457,receiving_yards,Jameson Williams - Receiving Yds,,Jameson Williams,41172032,under,58.5,-114,1.87719298245614,0.5327102803738317,open,,,2026-09-10T00:15:37Z,,,,,v3-forward-measurement
c006bc94-852e-4391-878f-7e3034b21d18,1a63f5c7-afa3-4b92-a506-22157b4449ff,2026-09-10T00:15:37Z,FanDuel Sportsbook structured market feed,,VA,NFL,35610168,New Orleans Saints @ Detroit Lions,2026-09-13T17:01:00.000Z,FanDuel,751.183820831,receiving_yards,Juwan Johnson - Receiving Yds,,Juwan Johnson,40916525,over,42.5,-114,1.87719298245614,0.5327102803738317,open,,,2026-09-10T00:15:37Z,,,,,v3-forward-measurement
c006bc94-852e-4391-878f-7e3034b21d18,e86bcab6-55b9-4323-91e6-e9cf218704be,2026-09-10T00:15:37Z,FanDuel Sportsbook structured market feed,,VA,NFL,35610168,New Orleans Saints @ Detroit Lions,2026-09-13T17:01:00.000Z,FanDuel,751.183820831,receiving_yards,Juwan Johnson - Receiving Yds,,Juwan Johnson,40916523,under,42.5,-114,1.87719298245614,0.5327102803738317,open,,,2026-09-10T00:15:37Z,,,,,v3-forward-measurement
c006bc94-852e-4391-878f-7e3034b21d18,cde1cdb4-5942-42ff-b9fd-f2bb167bebf1,2026-09-10T00:15:37Z,FanDuel Sportsbook structured market feed,,VA,NFL,35610168,New Orleans Saints @ Detroit Lions,2026-09-13T17:01:00.000Z,FanDuel,751.183820830,receptions,Juwan Johnson - Total Receptions,,Juwan Johnson,40916525,over,4.5,116,2.16,0.46296296296296297,open,,,2026-09-10T00:15:37Z,,,,,v3-forward-measurement
c006bc94-852e-4391-878f-7e3034b21d18,4076d30b-3f77-4fad-91fe-df82ff4b3408,2026-09-10T00:15:37Z,FanDuel Sportsbook structured market feed,,VA,NFL,35610168,New Orleans Saints @ Detroit Lions,2026-09-13T17:01:00.000Z,FanDuel,751.183820830,receptions,Juwan Johnson - Total Receptions,,Juwan Johnson,40916523,under,4.5,-154,1.649350649350649,0.6062992125984252,open,,,2026-09-10T00:15:37Z,,,,,v3-forward-measurement
c006bc94-852e-4391-878f-7e3034b21d18,a22e2629-d52b-4c17-9e11-e29b685dd04f,2026-09-10T00:15:37Z,FanDuel Sportsbook structured market feed,,VA,NFL,35610168,New Orleans Saints @ Detroit Lions,2026-09-13T17:01:00.000Z,FanDuel,751.183820459,receptions,Jameson Williams - Total Receptions,,Jameson Williams,41172033,over,3.5,-148,1.675675675675676,0.5967741935483871,open,,,2026-09-10T00:15:37Z,,,,,v3-forward-measurement
c006bc94-852e-4391-878f-7e3034b21d18,fa7b674c-f7de-4b8f-bf60-46d9776546a8,2026-09-10T00:15:37Z,FanDuel Sportsbook structured market feed,,VA,NFL,35610168,New Orleans Saints @ Detroit Lions,2026-09-13T17:01:00.000Z,FanDuel,751.183820459,receptions,Jameson Williams - Total Receptions,,Jameson Williams,41172032,under,3.5,112,2.12,0.4716981132075472,open,,,2026-09-10T00:15:37Z,,,,,v3-forward-measurement
c006bc94-852e-4391-878f-7e3034b21d18,9b6f0cce-b4bb-419f-8928-4fce39540bb9,2026-09-10T00:15:37Z,FanDuel Sportsbook structured market feed,,VA,NFL,35610168,New Orleans Saints @ Detroit Lions,2026-09-13T17:01:00.000Z,FanDuel,751.183836998,receiving_yards,Jahmyr Gibbs - Receiving Yds,,Jahmyr Gibbs,41179952,over,30.5,-114,1.87719298245614,0.5327102803738317,open,,,2026-09-10T00:15:37Z,,,,,v3-forward-measurement
c006bc94-852e-4391-878f-7e3034b21d18,a5618452-9d35-4357-832b-4aa0036ab399,2026-09-10T00:15:37Z,FanDuel Sportsbook structured market feed,,VA,NFL,35610168,New Orleans Saints @ Detroit Lions,2026-09-13T17:01:00.000Z,FanDuel,751.183836998,receiving_yards,Jahmyr Gibbs - Receiving Yds,,Jahmyr Gibbs,41179953,under,30.5,-114,1.87719298245614,0.5327102803738317,open,,,2026-09-10T00:15:37Z,,,,,v3-forward-measurement
c006bc94-852e-4391-878f-7e3034b21d18,5e0ac38c-50df-4a62-851e-a0162801bbdf,2026-09-10T00:15:37Z,FanDuel Sportsbook structured market feed,,VA,NFL,35610168,New Orleans Saints @ Detroit Lions,2026-09-13T17:01:00.000Z,FanDuel,751.183836997,receptions,Jahmyr Gibbs - Total Receptions,,Jahmyr Gibbs,41179952,over,4.5,120,2.2,0.45454545454545453,open,,,2026-09-10T00:15:37Z,,,,,v3-forward-measurement
c006bc94-852e-4391-878f-7e3034b21d18,35965ae3-dfb5-4256-9d0a-6f05e077e23f,2026-09-10T00:15:37Z,FanDuel Sportsbook structured market feed,,VA,NFL,35610168,New Orleans Saints @ Detroit Lions,2026-09-13T17:01:00.000Z,FanDuel,751.183836997,receptions,Jahmyr Gibbs - Total Receptions,,Jahmyr Gibbs,41179953,under,4.5,-160,1.625,0.6153846153846154,open,,,2026-09-10T00:15:37Z,,,,,v3-forward-measurement
2de8d170-aa4e-49cd-bb6f-2a62c63ca774,4e29e901-fd09-42e8-9e8a-4a3ce6bcb673,2026-09-10T00:15:37Z,FanDuel Sportsbook structured market feed,,VA,NFL,35610170,Arizona Cardinals @ Los Angeles Chargers,2026-09-13T20:26:00.000Z,FanDuel,751.183978018,passing_yards,Jacoby Brissett - Passing Yds,,Jacoby Brissett,14942497,over,221.5,-114,1.87719298245614,0.5327102803738317,open,,,2026-09-10T00:15:37Z,,,,,v3-forward-measurement
2de8d170-aa4e-49cd-bb6f-2a62c63ca774,2e0d3eb9-c0b2-4ea2-a0b4-4496a3278fab,2026-09-10T00:15:37Z,FanDuel Sportsbook structured market feed,,VA,NFL,35610170,Arizona Cardinals @ Los Angeles Chargers,2026-09-13T20:26:00.000Z,FanDuel,751.183978018,passing_yards,Jacoby Brissett - Passing Yds,,Jacoby Brissett,14942498,under,221.5,-114,1.87719298245614,0.5327102803738317,open,,,2026-09-10T00:15:37Z,,,,,v3-forward-measurement
2de8d170-aa4e-49cd-bb6f-2a62c63ca774,7720e54c-bae3-40b0-bee4-296eba4fc9de,2026-09-10T00:15:37Z,FanDuel Sportsbook structured market feed,,VA,NFL,35610170,Arizona Cardinals @ Los Angeles Chargers,2026-09-13T20:26:00.000Z,FanDuel,751.183978078,passing_touchdowns,Justin Herbert - Passing TDs,,Justin Herbert,36175559,over,1.5,-230,1.434782608695652,0.696969696969697,open,,,2026-09-10T00:15:37Z,,,,,v3-forward-measurement
2de8d170-aa4e-49cd-bb6f-2a62c63ca774,e6c54614-a252-4d58-958b-6eb1761d2678,2026-09-10T00:15:37Z,FanDuel Sportsbook structured market feed,,VA,NFL,35610170,Arizona Cardinals @ Los Angeles Chargers,2026-09-13T20:26:00.000Z,FanDuel,751.183978078,passing_touchdowns,Justin Herbert - Passing TDs,,Justin Herbert,36175560,under,1.5,168,2.68,0.373134328358209,open,,,2026-09-10T00:15:37Z,,,,,v3-forward-measurement
2de8d170-aa4e-49cd-bb6f-2a62c63ca774,a7374f2e-82e7-4db9-81ef-eefb9aa4a6c8,2026-09-10T00:15:37Z,FanDuel Sportsbook structured market feed,,VA,NFL,35610170,Arizona Cardinals @ Los Angeles Chargers,2026-09-13T20:26:00.000Z,FanDuel,751.183977990,passing_yards,Justin Herbert - Passing Yds,,Justin Herbert,36175559,over,233.5,-114,1.87719298245614,0.5327102803738317,open,,,2026-09-10T00:15:37Z,,,,,v3-forward-measurement
2de8d170-aa4e-49cd-bb6f-2a62c63ca774,0f874963-e5bc-4119-aa19-de5d716aefb0,2026-09-10T00:15:37Z,FanDuel Sportsbook structured market feed,,VA,NFL,35610170,Arizona Cardinals @ Los Angeles Chargers,2026-09-13T20:26:00.000Z,FanDuel,751.183977990,passing_yards,Justin Herbert - Passing Yds,,Justin Herbert,36175560,under,233.5,-114,1.87719298245614,0.5327102803738317,open,,,2026-09-10T00:15:37Z,,,,,v3-forward-measurement
2de8d170-aa4e-49cd-bb6f-2a62c63ca774,56aceea1-7eee-4b31-8928-1c77b8d938d6,2026-09-10T00:15:37Z,FanDuel Sportsbook structured market feed,,VA,NFL,35610170,Arizona Cardinals @ Los Angeles Chargers,2026-09-13T20:26:00.000Z,FanDuel,751.183978037,passing_touchdowns,Jacoby Brissett - Passing TDs,,Jacoby Brissett,14942497,over,1.5,154,2.54,0.3937007874015748,open,,,2026-09-10T00:15:37Z,,,,,v3-forward-measurement
2de8d170-aa4e-49cd-bb6f-2a62c63ca774,d14cfdac-1f5e-4a56-ab85-d97538040fcb,2026-09-10T00:15:37Z,FanDuel Sportsbook structured market feed,,VA,NFL,35610170,Arizona Cardinals @ Los Angeles Chargers,2026-09-13T20:26:00.000Z,FanDuel,751.183978037,passing_touchdowns,Jacoby Brissett - Passing TDs,,Jacoby Brissett,14942498,under,1.5,-210,1.476190476190476,0.6774193548387096,open,,,2026-09-10T00:15:37Z,,,,,v3-forward-measurement
d6e24b0b-bfcf-4cb6-a93c-e13de6545470,cc941550-9dd8-4d4d-98ce-03f547407067,2026-09-10T00:15:37Z,FanDuel Sportsbook structured market feed,,VA,NFL,35610170,Arizona Cardinals @ Los Angeles Chargers,2026-09-13T20:26:00.000Z,FanDuel,751.185136845,rushing_yards,Justin Herbert - Rushing Yds,,Justin Herbert,36175559,over,21.5,-114,1.87719298245614,0.5327102803738317,open,,,2026-09-10T00:15:37Z,,,,,v3-forward-measurement
d6e24b0b-bfcf-4cb6-a93c-e13de6545470,99bca3c5-ec2f-4f17-8c8c-cd8490b363ee,2026-09-10T00:15:37Z,FanDuel Sportsbook structured market feed,,VA,NFL,35610170,Arizona Cardinals @ Los Angeles Chargers,2026-09-13T20:26:00.000Z,FanDuel,751.185136845,rushing_yards,Justin Herbert - Rushing Yds,,Justin Herbert,36175560,under,21.5,-114,1.87719298245614,0.5327102803738317,open,,,2026-09-10T00:15:37Z,,,,,v3-forward-measurement
d6e24b0b-bfcf-4cb6-a93c-e13de6545470,6852d53a-07dc-42af-bbe4-8b9c120f3e2c,2026-09-10T00:15:37Z,FanDuel Sportsbook structured market feed,,VA,NFL,35610170,Arizona Cardinals @ Los Angeles Chargers,2026-09-13T20:26:00.000Z,FanDuel,751.183978255,rushing_yards,Omarion Hampton - Rushing Yds,,Omarion Hampton,48691362,over,65.5,-114,1.87719298245614,0.5327102803738317,open,,,2026-09-10T00:15:37Z,,,,,v3-forward-measurement
d6e24b0b-bfcf-4cb6-a93c-e13de6545470,77a08ae2-fc4f-4fc9-aba2-d7159001a41c,2026-09-10T00:15:37Z,FanDuel Sportsbook structured market feed,,VA,NFL,35610170,Arizona Cardinals @ Los Angeles Chargers,2026-09-13T20:26:00.000Z,FanDuel,751.183978255,rushing_yards,Omarion Hampton - Rushing Yds,,Omarion Hampton,48691363,under,65.5,-114,1.87719298245614,0.5327102803738317,open,,,2026-09-10T00:15:37Z,,,,,v3-forward-measurement
d6e24b0b-bfcf-4cb6-a93c-e13de6545470,a31bad93-e77e-454c-8841-e3036716ab04,2026-09-10T00:15:37Z,FanDuel Sportsbook structured market feed,,VA,NFL,35610170,Arizona Cardinals @ Los Angeles Chargers,2026-09-13T20:26:00.000Z,FanDuel,751.183979621,rushing_yards,Jeremiyah Love - Rushing Yds,,Jeremiyah Love,102331515,over,39.5,-114,1.87719298245614,0.5327102803738317,open,,,2026-09-10T00:15:37Z,,,,,v3-forward-measurement
d6e24b0b-bfcf-4cb6-a93c-e13de6545470,7d875c91-365c-4b0d-8eca-6850a690f98d,2026-09-10T00:15:37Z,FanDuel Sportsbook structured market feed,,VA,NFL,35610170,Arizona Cardinals @ Los Angeles Chargers,2026-09-13T20:26:00.000Z,FanDuel,751.183979621,rushing_yards,Jeremiyah Love - Rushing Yds,,Jeremiyah Love,102331514,under,39.5,-114,1.87719298245614,0.5327102803738317,open,,,2026-09-10T00:15:37Z,,,,,v3-forward-measurement
d6e24b0b-bfcf-4cb6-a93c-e13de6545470,d64911b0-4c43-4cef-8d0d-8c3da056bd43,2026-09-10T00:15:37Z,FanDuel Sportsbook structured market feed,,VA,NFL,35610170,Arizona Cardinals @ Los Angeles Chargers,2026-09-13T20:26:00.000Z,FanDuel,751.183979619,rushing_yards,Tyler Allgeier - Rushing Yds,,Tyler Allgeier,41171925,over,28.5,-114,1.87719298245614,0.5327102803738317,open,,,2026-09-10T00:15:37Z,,,,,v3-forward-measurement
d6e24b0b-bfcf-4cb6-a93c-e13de6545470,99755824-2d6a-4f46-a8d3-4b4d62c885c7,2026-09-10T00:15:37Z,FanDuel Sportsbook structured market feed,,VA,NFL,35610170,Arizona Cardinals @ Los Angeles Chargers,2026-09-13T20:26:00.000Z,FanDuel,751.183979619,rushing_yards,Tyler Allgeier - Rushing Yds,,Tyler Allgeier,41171924,under,28.5,-114,1.87719298245614,0.5327102803738317,open,,,2026-09-10T00:15:37Z,,,,,v3-forward-measurement
d6e24b0b-bfcf-4cb6-a93c-e13de6545470,b0a6a09f-af5f-459f-902f-c99428c01ad1,2026-09-10T00:15:37Z,FanDuel Sportsbook structured market feed,,VA,NFL,35610170,Arizona Cardinals @ Los Angeles Chargers,2026-09-13T20:26:00.000Z,FanDuel,751.185191462,rushing_yards,Jacoby Brissett - Rushing Yds,,Jacoby Brissett,14942497,over,10.5,-114,1.87719298245614,0.5327102803738317,open,,,2026-09-10T00:15:37Z,,,,,v3-forward-measurement
d6e24b0b-bfcf-4cb6-a93c-e13de6545470,3c8083ad-bec3-4e3d-a641-81b0e6a240ef,2026-09-10T00:15:37Z,FanDuel Sportsbook structured market feed,,VA,NFL,35610170,Arizona Cardinals @ Los Angeles Chargers,2026-09-13T20:26:00.000Z,FanDuel,751.185191462,rushing_yards,Jacoby Brissett - Rushing Yds,,Jacoby Brissett,14942498,under,10.5,-114,1.87719298245614,0.5327102803738317,open,,,2026-09-10T00:15:37Z,,,,,v3-forward-measurement
af5be57c-3cee-45b7-a441-c30f305cdc3e,7e11a867-f340-4a42-9fcc-175d19904d24,2026-09-10T00:15:37Z,FanDuel Sportsbook structured market feed,,VA,NFL,35610170,Arizona Cardinals @ Los Angeles Chargers,2026-09-13T20:26:00.000Z,FanDuel,751.185256085,receiving_yards,Jeremiyah Love - Receiving Yds,,Jeremiyah Love,102331515,over,15.5,-114,1.87719298245614,0.5327102803738317,open,,,2026-09-10T00:15:37Z,,,,,v3-forward-measurement
af5be57c-3cee-45b7-a441-c30f305cdc3e,b8a874f3-c0af-4dc3-a837-66299053534e,2026-09-10T00:15:37Z,FanDuel Sportsbook structured market feed,,VA,NFL,35610170,Arizona Cardinals @ Los Angeles Chargers,2026-09-13T20:26:00.000Z,FanDuel,751.185256085,receiving_yards,Jeremiyah Love - Receiving Yds,,Jeremiyah Love,102331514,under,15.5,-114,1.87719298245614,0.5327102803738317,open,,,2026-09-10T00:15:37Z,,,,,v3-forward-measurement
af5be57c-3cee-45b7-a441-c30f305cdc3e,877258b2-9c0e-4ea6-bb36-30d33faddfe9,2026-09-10T00:15:37Z,FanDuel Sportsbook structured market feed,,VA,NFL,35610170,Arizona Cardinals @ Los Angeles Chargers,2026-09-13T20:26:00.000Z,FanDuel,751.185256044,receptions,Jeremiyah Love - Total Receptions,,Jeremiyah Love,102331515,over,2.5,120,2.2,0.45454545454545453,open,,,2026-09-10T00:15:37Z,,,,,v3-forward-measurement
af5be57c-3cee-45b7-a441-c30f305cdc3e,68aa7c3d-9c93-458e-b189-855de8bea1a2,2026-09-10T00:15:37Z,FanDuel Sportsbook structured market feed,,VA,NFL,35610170,Arizona Cardinals @ Los Angeles Chargers,2026-09-13T20:26:00.000Z,FanDuel,751.185256044,receptions,Jeremiyah Love - Total Receptions,,Jeremiyah Love,102331514,under,2.5,-160,1.625,0.6153846153846154,open,,,2026-09-10T00:15:37Z,,,,,v3-forward-measurement
af5be57c-3cee-45b7-a441-c30f305cdc3e,22998417-a4a2-4d71-9a57-3993c51407c9,2026-09-10T00:15:37Z,FanDuel Sportsbook structured market feed,,VA,NFL,35610170,Arizona Cardinals @ Los Angeles Chargers,2026-09-13T20:26:00.000Z,FanDuel,751.185256046,receptions,Kendrick Bourne - Total Receptions,,Kendrick Bourne,27362690,over,2.5,144,2.44,0.4098360655737705,open,,,2026-09-10T00:15:37Z,,,,,v3-forward-measurement
af5be57c-3cee-45b7-a441-c30f305cdc3e,76971b56-87ba-4811-8876-978a29f5dddb,2026-09-10T00:15:37Z,FanDuel Sportsbook structured market feed,,VA,NFL,35610170,Arizona Cardinals @ Los Angeles Chargers,2026-09-13T20:26:00.000Z,FanDuel,751.185256046,receptions,Kendrick Bourne - Total Receptions,,Kendrick Bourne,27362691,under,2.5,-194,1.515463917525773,0.6598639455782312,open,,,2026-09-10T00:15:37Z,,,,,v3-forward-measurement
af5be57c-3cee-45b7-a441-c30f305cdc3e,8da94cd1-16af-41a3-bc8f-f0e9bd5ac592,2026-09-10T00:15:37Z,FanDuel Sportsbook structured market feed,,VA,NFL,35610170,Arizona Cardinals @ Los Angeles Chargers,2026-09-13T20:26:00.000Z,FanDuel,751.183981549,receptions,Michael Wilson - Total Receptions,,Michael Wilson,48289067,over,3.5,-122,1.819672131147541,0.5495495495495496,open,,,2026-09-10T00:15:37Z,,,,,v3-forward-measurement
af5be57c-3cee-45b7-a441-c30f305cdc3e,43bc577d-bdce-4ed2-8f3b-1daf6e276494,2026-09-10T00:15:37Z,FanDuel Sportsbook structured market feed,,VA,NFL,35610170,Arizona Cardinals @ Los Angeles Chargers,2026-09-13T20:26:00.000Z,FanDuel,751.183981549,receptions,Michael Wilson - Total Receptions,,Michael Wilson,48289068,under,3.5,-108,1.925925925925926,0.5192307692307693,open,,,2026-09-10T00:15:37Z,,,,,v3-forward-measurement
af5be57c-3cee-45b7-a441-c30f305cdc3e,74cc3540-8a01-444c-8489-6303aba65bf7,2026-09-10T00:15:37Z,FanDuel Sportsbook structured market feed,,VA,NFL,35610170,Arizona Cardinals @ Los Angeles Chargers,2026-09-13T20:26:00.000Z,FanDuel,751.183981327,receiving_yards,Trey McBride - Receiving Yds,,Trey McBride,48613596,over,56.5,-114,1.87719298245614,0.5327102803738317,open,,,2026-09-10T00:15:37Z,,,,,v3-forward-measurement
af5be57c-3cee-45b7-a441-c30f305cdc3e,11065215-4112-4427-9799-1176ac9dc0cd,2026-09-10T00:15:37Z,FanDuel Sportsbook structured market feed,,VA,NFL,35610170,Arizona Cardinals @ Los Angeles Chargers,2026-09-13T20:26:00.000Z,FanDuel,751.183981327,receiving_yards,Trey McBride - Receiving Yds,,Trey McBride,48613594,under,56.5,-114,1.87719298245614,0.5327102803738317,open,,,2026-09-10T00:15:37Z,,,,,v3-forward-measurement
af5be57c-3cee-45b7-a441-c30f305cdc3e,12ae0c6c-fe68-4844-a66c-b2a5f96019cf,2026-09-10T00:15:37Z,FanDuel Sportsbook structured market feed,,VA,NFL,35610170,Arizona Cardinals @ Los Angeles Chargers,2026-09-13T20:26:00.000Z,FanDuel,751.183981546,receiving_yards,Michael Wilson - Receiving Yds,,Michael Wilson,48289067,over,41.5,-114,1.87719298245614,0.5327102803738317,open,,,2026-09-10T00:15:37Z,,,,,v3-forward-measurement
af5be57c-3cee-45b7-a441-c30f305cdc3e,175eb82a-4d65-4f6f-b20e-deb19aae5187,2026-09-10T00:15:37Z,FanDuel Sportsbook structured market feed,,VA,NFL,35610170,Arizona Cardinals @ Los Angeles Chargers,2026-09-13T20:26:00.000Z,FanDuel,751.183981546,receiving_yards,Michael Wilson - Receiving Yds,,Michael Wilson,48289068,under,41.5,-114,1.87719298245614,0.5327102803738317,open,,,2026-09-10T00:15:37Z,,,,,v3-forward-measurement
af5be57c-3cee-45b7-a441-c30f305cdc3e,6c97ddea-216e-49d0-96bf-e82a8caf4085,2026-09-10T00:15:37Z,FanDuel Sportsbook structured market feed,,VA,NFL,35610170,Arizona Cardinals @ Los Angeles Chargers,2026-09-13T20:26:00.000Z,FanDuel,751.183980596,receptions,Tre Harris - Total Receptions,,Tre Harris,48012110,over,2.5,-102,1.980392156862745,0.504950495049505,open,,,2026-09-10T00:15:37Z,,,,,v3-forward-measurement
af5be57c-3cee-45b7-a441-c30f305cdc3e,ba318cc4-b7e1-46e4-8bd1-1790f50c6f4b,2026-09-10T00:15:37Z,FanDuel Sportsbook structured market feed,,VA,NFL,35610170,Arizona Cardinals @ Los Angeles Chargers,2026-09-13T20:26:00.000Z,FanDuel,751.183980596,receptions,Tre Harris - Total Receptions,,Tre Harris,48012111,under,2.5,-130,1.769230769230769,0.5652173913043478,open,,,2026-09-10T00:15:37Z,,,,,v3-forward-measurement
af5be57c-3cee-45b7-a441-c30f305cdc3e,f33411b5-fd52-48cd-994b-14df7f1de9fb,2026-09-10T00:15:37Z,FanDuel Sportsbook structured market feed,,VA,NFL,35610170,Arizona Cardinals @ Los Angeles Chargers,2026-09-13T20:26:00.000Z,FanDuel,751.183980199,receiving_yards,Quentin Johnston - Receiving Yds,,Quentin Johnston,41161053,over,42.5,-114,1.87719298245614,0.5327102803738317,open,,,2026-09-10T00:15:37Z,,,,,v3-forward-measurement
af5be57c-3cee-45b7-a441-c30f305cdc3e,263be667-9309-4702-a654-1eb468f214b8,2026-09-10T00:15:37Z,FanDuel Sportsbook structured market feed,,VA,NFL,35610170,Arizona Cardinals @ Los Angeles Chargers,2026-09-13T20:26:00.000Z,FanDuel,751.183980199,receiving_yards,Quentin Johnston - Receiving Yds,,Quentin Johnston,41161054,under,42.5,-114,1.87719298245614,0.5327102803738317,open,,,2026-09-10T00:15:37Z,,,,,v3-forward-measurement
af5be57c-3cee-45b7-a441-c30f305cdc3e,be578b1e-4aa2-4eb8-b490-bc0d13190329,2026-09-10T00:15:37Z,FanDuel Sportsbook structured market feed,,VA,NFL,35610170,Arizona Cardinals @ Los Angeles Chargers,2026-09-13T20:26:00.000Z,FanDuel,751.183981330,receptions,Trey McBride - Total Receptions,,Trey McBride,48613596,over,6.5,120,2.2,0.45454545454545453,open,,,2026-09-10T00:15:37Z,,,,,v3-forward-measurement
af5be57c-3cee-45b7-a441-c30f305cdc3e,76d90314-6ee6-43fa-93b1-febbaf1bd8d8,2026-09-10T00:15:37Z,FanDuel Sportsbook structured market feed,,VA,NFL,35610170,Arizona Cardinals @ Los Angeles Chargers,2026-09-13T20:26:00.000Z,FanDuel,751.183981330,receptions,Trey McBride - Total Receptions,,Trey McBride,48613594,under,6.5,-160,1.625,0.6153846153846154,open,,,2026-09-10T00:15:37Z,,,,,v3-forward-measurement
af5be57c-3cee-45b7-a441-c30f305cdc3e,18e07ca4-e4e8-42c4-b8e7-10b546293afb,2026-09-10T00:15:37Z,FanDuel Sportsbook structured market feed,,VA,NFL,35610170,Arizona Cardinals @ Los Angeles Chargers,2026-09-13T20:26:00.000Z,FanDuel,751.185141305,receptions,Omarion Hampton - Total Receptions,,Omarion Hampton,48691362,over,2.5,124,2.24,0.44642857142857145,open,,,2026-09-10T00:15:37Z,,,,,v3-forward-measurement
af5be57c-3cee-45b7-a441-c30f305cdc3e,e1f29d88-d86e-4ede-bcf9-684771c5dfd5,2026-09-10T00:15:37Z,FanDuel Sportsbook structured market feed,,VA,NFL,35610170,Arizona Cardinals @ Los Angeles Chargers,2026-09-13T20:26:00.000Z,FanDuel,751.185141305,receptions,Omarion Hampton - Total Receptions,,Omarion Hampton,48691363,under,2.5,-166,1.602409638554217,0.6240601503759399,open,,,2026-09-10T00:15:37Z,,,,,v3-forward-measurement
af5be57c-3cee-45b7-a441-c30f305cdc3e,31b71b1b-da45-421b-83e1-b1435f6a40a6,2026-09-10T00:15:37Z,FanDuel Sportsbook structured market feed,,VA,NFL,35610170,Arizona Cardinals @ Los Angeles Chargers,2026-09-13T20:26:00.000Z,FanDuel,751.185141300,receiving_yards,Omarion Hampton - Receiving Yds,,Omarion Hampton,48691362,over,12.5,-114,1.87719298245614,0.5327102803738317,open,,,2026-09-10T00:15:37Z,,,,,v3-forward-measurement
af5be57c-3cee-45b7-a441-c30f305cdc3e,ca4bcbe8-0ef7-4904-ab37-ebfb0762a7f2,2026-09-10T00:15:37Z,FanDuel Sportsbook structured market feed,,VA,NFL,35610170,Arizona Cardinals @ Los Angeles Chargers,2026-09-13T20:26:00.000Z,FanDuel,751.185141300,receiving_yards,Omarion Hampton - Receiving Yds,,Omarion Hampton,48691363,under,12.5,-114,1.87719298245614,0.5327102803738317,open,,,2026-09-10T00:15:37Z,,,,,v3-forward-measurement
af5be57c-3cee-45b7-a441-c30f305cdc3e,e6d6eb05-6bec-4425-a0cc-e104bc75ad5d,2026-09-10T00:15:37Z,FanDuel Sportsbook structured market feed,,VA,NFL,35610170,Arizona Cardinals @ Los Angeles Chargers,2026-09-13T20:26:00.000Z,FanDuel,751.185145960,receiving_yards,Charlie Kolar - Receiving Yds,,Charlie Kolar,41075122,over,17.5,-114,1.87719298245614,0.5327102803738317,open,,,2026-09-10T00:15:37Z,,,,,v3-forward-measurement
af5be57c-3cee-45b7-a441-c30f305cdc3e,bfc1ae22-bb6a-4de1-bab8-00c4a27a73a2,2026-09-10T00:15:37Z,FanDuel Sportsbook structured market feed,,VA,NFL,35610170,Arizona Cardinals @ Los Angeles Chargers,2026-09-13T20:26:00.000Z,FanDuel,751.185145960,receiving_yards,Charlie Kolar - Receiving Yds,,Charlie Kolar,41075124,under,17.5,-114,1.87719298245614,0.5327102803738317,open,,,2026-09-10T00:15:37Z,,,,,v3-forward-measurement
af5be57c-3cee-45b7-a441-c30f305cdc3e,12aa7024-e881-4caa-8c33-7868143b9922,2026-09-10T00:15:37Z,FanDuel Sportsbook structured market feed,,VA,NFL,35610170,Arizona Cardinals @ Los Angeles Chargers,2026-09-13T20:26:00.000Z,FanDuel,751.185145961,receptions,Charlie Kolar - Total Receptions,,Charlie Kolar,41075122,over,1.5,-172,1.581395348837209,0.6323529411764706,open,,,2026-09-10T00:15:37Z,,,,,v3-forward-measurement
af5be57c-3cee-45b7-a441-c30f305cdc3e,bbe32e3c-016c-407b-be45-31266f168a46,2026-09-10T00:15:37Z,FanDuel Sportsbook structured market feed,,VA,NFL,35610170,Arizona Cardinals @ Los Angeles Chargers,2026-09-13T20:26:00.000Z,FanDuel,751.185145961,receptions,Charlie Kolar - Total Receptions,,Charlie Kolar,41075124,under,1.5,128,2.28,0.43859649122807015,open,,,2026-09-10T00:15:37Z,,,,,v3-forward-measurement
af5be57c-3cee-45b7-a441-c30f305cdc3e,87659567-2fbd-40f6-badf-80dd3b458676,2026-09-10T00:15:37Z,FanDuel Sportsbook structured market feed,,VA,NFL,35610170,Arizona Cardinals @ Los Angeles Chargers,2026-09-13T20:26:00.000Z,FanDuel,751.185256031,receiving_yards,Kendrick Bourne - Receiving Yds,,Kendrick Bourne,27362690,over,18.5,-114,1.87719298245614,0.5327102803738317,open,,,2026-09-10T00:15:37Z,,,,,v3-forward-measurement
af5be57c-3cee-45b7-a441-c30f305cdc3e,4fb283da-8cd4-415e-bf81-c57922a9e189,2026-09-10T00:15:37Z,FanDuel Sportsbook structured market feed,,VA,NFL,35610170,Arizona Cardinals @ Los Angeles Chargers,2026-09-13T20:26:00.000Z,FanDuel,751.185256031,receiving_yards,Kendrick Bourne - Receiving Yds,,Kendrick Bourne,27362691,under,18.5,-114,1.87719298245614,0.5327102803738317,open,,,2026-09-10T00:15:37Z,,,,,v3-forward-measurement
af5be57c-3cee-45b7-a441-c30f305cdc3e,a41cc73c-f40a-480b-9699-7a41fe813000,2026-09-10T00:15:37Z,FanDuel Sportsbook structured market feed,,VA,NFL,35610170,Arizona Cardinals @ Los Angeles Chargers,2026-09-13T20:26:00.000Z,FanDuel,751.183980009,receptions,Ladd McConkey - Total Receptions,,Ladd McConkey,42217173,over,4.5,-102,1.980392156862745,0.504950495049505,open,,,2026-09-10T00:15:37Z,,,,,v3-forward-measurement
af5be57c-3cee-45b7-a441-c30f305cdc3e,8ea082ef-285a-4af0-89c0-a56da44cd62a,2026-09-10T00:15:37Z,FanDuel Sportsbook structured market feed,,VA,NFL,35610170,Arizona Cardinals @ Los Angeles Chargers,2026-09-13T20:26:00.000Z,FanDuel,751.183980009,receptions,Ladd McConkey - Total Receptions,,Ladd McConkey,42217172,under,4.5,-130,1.769230769230769,0.5652173913043478,open,,,2026-09-10T00:15:37Z,,,,,v3-forward-measurement
af5be57c-3cee-45b7-a441-c30f305cdc3e,bb2e0ae9-2b10-4563-be31-83ec08dde1fe,2026-09-10T00:15:37Z,FanDuel Sportsbook structured market feed,,VA,NFL,35610170,Arizona Cardinals @ Los Angeles Chargers,2026-09-13T20:26:00.000Z,FanDuel,751.183981338,receiving_yards,Marvin Harrison Jr. - Receiving Yds,,Marvin Harrison Jr.,48048067,over,48.5,-114,1.87719298245614,0.5327102803738317,open,,,2026-09-10T00:15:37Z,,,,,v3-forward-measurement
af5be57c-3cee-45b7-a441-c30f305cdc3e,366f1782-f77f-4e6b-aee4-27bcf780ea07,2026-09-10T00:15:37Z,FanDuel Sportsbook structured market feed,,VA,NFL,35610170,Arizona Cardinals @ Los Angeles Chargers,2026-09-13T20:26:00.000Z,FanDuel,751.183981338,receiving_yards,Marvin Harrison Jr. - Receiving Yds,,Marvin Harrison Jr.,48048065,under,48.5,-114,1.87719298245614,0.5327102803738317,open,,,2026-09-10T00:15:37Z,,,,,v3-forward-measurement
af5be57c-3cee-45b7-a441-c30f305cdc3e,49157ee5-0d6b-421b-8e73-f33e54458304,2026-09-10T00:15:37Z,FanDuel Sportsbook structured market feed,,VA,NFL,35610170,Arizona Cardinals @ Los Angeles Chargers,2026-09-13T20:26:00.000Z,FanDuel,751.183980600,receiving_yards,Tre Harris - Receiving Yds,,Tre Harris,48012110,over,26.5,-114,1.87719298245614,0.5327102803738317,open,,,2026-09-10T00:15:37Z,,,,,v3-forward-measurement
af5be57c-3cee-45b7-a441-c30f305cdc3e,725ef29d-ed2e-4a07-a919-69c4733c6932,2026-09-10T00:15:37Z,FanDuel Sportsbook structured market feed,,VA,NFL,35610170,Arizona Cardinals @ Los Angeles Chargers,2026-09-13T20:26:00.000Z,FanDuel,751.183980600,receiving_yards,Tre Harris - Receiving Yds,,Tre Harris,48012111,under,26.5,-114,1.87719298245614,0.5327102803738317,open,,,2026-09-10T00:15:37Z,,,,,v3-forward-measurement
af5be57c-3cee-45b7-a441-c30f305cdc3e,e3599611-f5f9-4b80-94b7-e56567d3dfcf,2026-09-10T00:15:37Z,FanDuel Sportsbook structured market feed,,VA,NFL,35610170,Arizona Cardinals @ Los Angeles Chargers,2026-09-13T20:26:00.000Z,FanDuel,751.183981337,receptions,Marvin Harrison Jr. - Total Receptions,,Marvin Harrison Jr.,48048067,over,3.5,-172,1.581395348837209,0.6323529411764706,open,,,2026-09-10T00:15:37Z,,,,,v3-forward-measurement
af5be57c-3cee-45b7-a441-c30f305cdc3e,38e98c78-8453-4f90-b171-4137de9c1de0,2026-09-10T00:15:37Z,FanDuel Sportsbook structured market feed,,VA,NFL,35610170,Arizona Cardinals @ Los Angeles Chargers,2026-09-13T20:26:00.000Z,FanDuel,751.183981337,receptions,Marvin Harrison Jr. - Total Receptions,,Marvin Harrison Jr.,48048065,under,3.5,128,2.28,0.43859649122807015,open,,,2026-09-10T00:15:37Z,,,,,v3-forward-measurement
af5be57c-3cee-45b7-a441-c30f305cdc3e,f08c2d96-0d8e-438c-89ff-5e656c712b15,2026-09-10T00:15:37Z,FanDuel Sportsbook structured market feed,,VA,NFL,35610170,Arizona Cardinals @ Los Angeles Chargers,2026-09-13T20:26:00.000Z,FanDuel,751.183980004,receiving_yards,Ladd McConkey - Receiving Yds,,Ladd McConkey,42217173,over,50.5,-114,1.87719298245614,0.5327102803738317,open,,,2026-09-10T00:15:37Z,,,,,v3-forward-measurement
af5be57c-3cee-45b7-a441-c30f305cdc3e,012a138a-fafa-40eb-9643-755a2233bb80,2026-09-10T00:15:37Z,FanDuel Sportsbook structured market feed,,VA,NFL,35610170,Arizona Cardinals @ Los Angeles Chargers,2026-09-13T20:26:00.000Z,FanDuel,751.183980004,receiving_yards,Ladd McConkey - Receiving Yds,,Ladd McConkey,42217172,under,50.5,-114,1.87719298245614,0.5327102803738317,open,,,2026-09-10T00:15:37Z,,,,,v3-forward-measurement
af5be57c-3cee-45b7-a441-c30f305cdc3e,ae6344bc-801a-4dd3-b68c-5a6696e0e55b,2026-09-10T00:15:37Z,FanDuel Sportsbook structured market feed,,VA,NFL,35610170,Arizona Cardinals @ Los Angeles Chargers,2026-09-13T20:26:00.000Z,FanDuel,751.183980203,receptions,Quentin Johnston - Total Receptions,,Quentin Johnston,41161053,over,3.5,116,2.16,0.46296296296296297,open,,,2026-09-10T00:15:37Z,,,,,v3-forward-measurement
af5be57c-3cee-45b7-a441-c30f305cdc3e,78b73343-0545-444a-84e4-e7da7a1cc654,2026-09-10T00:15:37Z,FanDuel Sportsbook structured market feed,,VA,NFL,35610170,Arizona Cardinals @ Los Angeles Chargers,2026-09-13T20:26:00.000Z,FanDuel,751.183980203,receptions,Quentin Johnston - Total Receptions,,Quentin Johnston,41161054,under,3.5,-154,1.649350649350649,0.6062992125984252,open,,,2026-09-10T00:15:37Z,,,,,v3-forward-measurement
04972938-cc37-4455-9983-87da5161ba24,fed58578-9059-49de-8b16-8d0603e305e5,2026-09-10T00:15:37Z,FanDuel Sportsbook structured market feed,,VA,NFL,35610171,Green Bay Packers @ Minnesota Vikings,2026-09-13T20:25:00.000Z,FanDuel,751.183656583,passing_yards,Kyler Murray - Passing Yds,,Kyler Murray,25938060,over,221.5,-114,1.87719298245614,0.5327102803738317,open,,,2026-09-10T00:15:37Z,,,,,v3-forward-measurement
04972938-cc37-4455-9983-87da5161ba24,ea282912-826b-4b8c-acb8-f959f8f72c93,2026-09-10T00:15:37Z,FanDuel Sportsbook structured market feed,,VA,NFL,35610171,Green Bay Packers @ Minnesota Vikings,2026-09-13T20:25:00.000Z,FanDuel,751.183656583,passing_yards,Kyler Murray - Passing Yds,,Kyler Murray,25938061,under,221.5,-114,1.87719298245614,0.5327102803738317,open,,,2026-09-10T00:15:37Z,,,,,v3-forward-measurement
04972938-cc37-4455-9983-87da5161ba24,49d52be4-5b10-4b2d-a0e7-688cdbcbf40f,2026-09-10T00:15:37Z,FanDuel Sportsbook structured market feed,,VA,NFL,35610171,Green Bay Packers @ Minnesota Vikings,2026-09-13T20:25:00.000Z,FanDuel,751.183656650,passing_touchdowns,Jordan Love - Passing TDs,,Jordan Love,40916512,over,1.5,108,2.08,0.4807692307692308,open,,,2026-09-10T00:15:37Z,,,,,v3-forward-measurement
04972938-cc37-4455-9983-87da5161ba24,42160082-01c4-456b-b3a3-0a07f1e59694,2026-09-10T00:15:37Z,FanDuel Sportsbook structured market feed,,VA,NFL,35610171,Green Bay Packers @ Minnesota Vikings,2026-09-13T20:25:00.000Z,FanDuel,751.183656650,passing_touchdowns,Jordan Love - Passing TDs,,Jordan Love,40916527,under,1.5,-144,1.694444444444444,0.5901639344262295,open,,,2026-09-10T00:15:37Z,,,,,v3-forward-measurement
04972938-cc37-4455-9983-87da5161ba24,e92e05ac-149a-4dc5-9cbf-9f7c80342458,2026-09-10T00:15:37Z,FanDuel Sportsbook structured market feed,,VA,NFL,35610171,Green Bay Packers @ Minnesota Vikings,2026-09-13T20:25:00.000Z,FanDuel,751.183656664,passing_touchdowns,Kyler Murray - Passing TDs,,Kyler Murray,25938060,over,1.5,116,2.16,0.46296296296296297,open,,,2026-09-10T00:15:37Z,,,,,v3-forward-measurement
04972938-cc37-4455-9983-87da5161ba24,b14e6dde-9fa0-442d-ba14-39bbc812b281,2026-09-10T00:15:37Z,FanDuel Sportsbook structured market feed,,VA,NFL,35610171,Green Bay Packers @ Minnesota Vikings,2026-09-13T20:25:00.000Z,FanDuel,751.183656664,passing_touchdowns,Kyler Murray - Passing TDs,,Kyler Murray,25938061,under,1.5,-154,1.649350649350649,0.6062992125984252,open,,,2026-09-10T00:15:37Z,,,,,v3-forward-measurement
04972938-cc37-4455-9983-87da5161ba24,0e37e90e-1972-4f61-8943-4f86c380a309,2026-09-10T00:15:37Z,FanDuel Sportsbook structured market feed,,VA,NFL,35610171,Green Bay Packers @ Minnesota Vikings,2026-09-13T20:25:00.000Z,FanDuel,751.183656679,passing_yards,Jordan Love - Passing Yds,,Jordan Love,40916512,over,238.5,-114,1.87719298245614,0.5327102803738317,open,,,2026-09-10T00:15:37Z,,,,,v3-forward-measurement
04972938-cc37-4455-9983-87da5161ba24,ebfef47a-8b89-4cda-ad94-bbe5fba33f9f,2026-09-10T00:15:37Z,FanDuel Sportsbook structured market feed,,VA,NFL,35610171,Green Bay Packers @ Minnesota Vikings,2026-09-13T20:25:00.000Z,FanDuel,751.183656679,passing_yards,Jordan Love - Passing Yds,,Jordan Love,40916527,under,238.5,-114,1.87719298245614,0.5327102803738317,open,,,2026-09-10T00:15:37Z,,,,,v3-forward-measurement
f2091bb4-3202-4a9e-b4db-7467396adf74,4a36a4fb-ec17-459d-84dc-4480bef2ab53,2026-09-10T00:15:37Z,FanDuel Sportsbook structured market feed,,VA,NFL,35610171,Green Bay Packers @ Minnesota Vikings,2026-09-13T20:25:00.000Z,FanDuel,751.183658211,rushing_yards,Jordan Mason - Rushing Yds,,Jordan Mason,48820678,over,43.5,-114,1.87719298245614,0.5327102803738317,open,,,2026-09-10T00:15:37Z,,,,,v3-forward-measurement
f2091bb4-3202-4a9e-b4db-7467396adf74,96951387-1ad8-40ae-832e-ffbc4d5d0ff7,2026-09-10T00:15:37Z,FanDuel Sportsbook structured market feed,,VA,NFL,35610171,Green Bay Packers @ Minnesota Vikings,2026-09-13T20:25:00.000Z,FanDuel,751.183658211,rushing_yards,Jordan Mason - Rushing Yds,,Jordan Mason,48820677,under,43.5,-114,1.87719298245614,0.5327102803738317,open,,,2026-09-10T00:15:37Z,,,,,v3-forward-measurement
f2091bb4-3202-4a9e-b4db-7467396adf74,263f6075-a25a-4a67-ab0a-a45cf5f949ac,2026-09-10T00:15:37Z,FanDuel Sportsbook structured market feed,,VA,NFL,35610171,Green Bay Packers @ Minnesota Vikings,2026-09-13T20:25:00.000Z,FanDuel,751.183658226,rushing_yards,Kyler Murray - Rushing Yds,,Kyler Murray,25938060,over,22.5,-114,1.87719298245614,0.5327102803738317,open,,,2026-09-10T00:15:37Z,,,,,v3-forward-measurement
f2091bb4-3202-4a9e-b4db-7467396adf74,99c85521-8941-4145-808e-288abfd5bcd1,2026-09-10T00:15:37Z,FanDuel Sportsbook structured market feed,,VA,NFL,35610171,Green Bay Packers @ Minnesota Vikings,2026-09-13T20:25:00.000Z,FanDuel,751.183658226,rushing_yards,Kyler Murray - Rushing Yds,,Kyler Murray,25938061,under,22.5,-114,1.87719298245614,0.5327102803738317,open,,,2026-09-10T00:15:37Z,,,,,v3-forward-measurement
f2091bb4-3202-4a9e-b4db-7467396adf74,16ff8bdf-7159-4e3f-807e-03d8d8a743ce,2026-09-10T00:15:37Z,FanDuel Sportsbook structured market feed,,VA,NFL,35610171,Green Bay Packers @ Minnesota Vikings,2026-09-13T20:25:00.000Z,FanDuel,751.183658229,rushing_yards,Jordan Love - Rushing Yds,,Jordan Love,40916512,over,10.5,-114,1.87719298245614,0.5327102803738317,open,,,2026-09-10T00:15:37Z,,,,,v3-forward-measurement
f2091bb4-3202-4a9e-b4db-7467396adf74,093ab927-0549-48ae-91e6-24c397e5a623,2026-09-10T00:15:37Z,FanDuel Sportsbook structured market feed,,VA,NFL,35610171,Green Bay Packers @ Minnesota Vikings,2026-09-13T20:25:00.000Z,FanDuel,751.183658229,rushing_yards,Jordan Love - Rushing Yds,,Jordan Love,40916527,under,10.5,-114,1.87719298245614,0.5327102803738317,open,,,2026-09-10T00:15:37Z,,,,,v3-forward-measurement
f2091bb4-3202-4a9e-b4db-7467396adf74,748f1146-2e9e-42b0-8c4c-5f3f564609c0,2026-09-10T00:15:37Z,FanDuel Sportsbook structured market feed,,VA,NFL,35610171,Green Bay Packers @ Minnesota Vikings,2026-09-13T20:25:00.000Z,FanDuel,751.183902562,rushing_yards,MarShawn Lloyd - Rushing Yds,,MarShawn Lloyd,48300723,over,43.5,-114,1.87719298245614,0.5327102803738317,open,,,2026-09-10T00:15:37Z,,,,,v3-forward-measurement
f2091bb4-3202-4a9e-b4db-7467396adf74,ccc39bfd-cd50-4ad5-ad96-761e975488d5,2026-09-10T00:15:37Z,FanDuel Sportsbook structured market feed,,VA,NFL,35610171,Green Bay Packers @ Minnesota Vikings,2026-09-13T20:25:00.000Z,FanDuel,751.183902562,rushing_yards,MarShawn Lloyd - Rushing Yds,,MarShawn Lloyd,48300722,under,43.5,-114,1.87719298245614,0.5327102803738317,open,,,2026-09-10T00:15:37Z,,,,,v3-forward-measurement
f2091bb4-3202-4a9e-b4db-7467396adf74,8d17ef47-d4f5-4f94-a3c5-dc78c6005137,2026-09-10T00:15:37Z,FanDuel Sportsbook structured market feed,,VA,NFL,35610171,Green Bay Packers @ Minnesota Vikings,2026-09-13T20:25:00.000Z,FanDuel,751.183658228,rushing_yards,Aaron Jones - Rushing Yds,,Aaron Jones,15353380,over,29.5,-114,1.87719298245614,0.5327102803738317,open,,,2026-09-10T00:15:37Z,,,,,v3-forward-measurement
f2091bb4-3202-4a9e-b4db-7467396adf74,fe760242-12e7-4113-aa96-3bfbc60622f2,2026-09-10T00:15:37Z,FanDuel Sportsbook structured market feed,,VA,NFL,35610171,Green Bay Packers @ Minnesota Vikings,2026-09-13T20:25:00.000Z,FanDuel,751.183658228,rushing_yards,Aaron Jones - Rushing Yds,,Aaron Jones,15353381,under,29.5,-114,1.87719298245614,0.5327102803738317,open,,,2026-09-10T00:15:37Z,,,,,v3-forward-measurement
d9444e4b-217a-43bd-8151-49d11e51fd51,f5943b03-0d56-432c-b59f-43578d394efe,2026-09-10T00:15:37Z,FanDuel Sportsbook structured market feed,,VA,NFL,35610171,Green Bay Packers @ Minnesota Vikings,2026-09-13T20:25:00.000Z,FanDuel,751.183658221,receptions,Tucker Kraft - Total Receptions,,Tucker Kraft,60409170,over,3.5,-172,1.581395348837209,0.6323529411764706,open,,,2026-09-10T00:15:37Z,,,,,v3-forward-measurement
d9444e4b-217a-43bd-8151-49d11e51fd51,cda70548-be3e-4068-aa9a-208411af83e8,2026-09-10T00:15:37Z,FanDuel Sportsbook structured market feed,,VA,NFL,35610171,Green Bay Packers @ Minnesota Vikings,2026-09-13T20:25:00.000Z,FanDuel,751.183658221,receptions,Tucker Kraft - Total Receptions,,Tucker Kraft,60409164,under,3.5,128,2.28,0.43859649122807015,open,,,2026-09-10T00:15:37Z,,,,,v3-forward-measurement
d9444e4b-217a-43bd-8151-49d11e51fd51,7e02d077-3f61-488b-a871-486864151920,2026-09-10T00:15:37Z,FanDuel Sportsbook structured market feed,,VA,NFL,35610171,Green Bay Packers @ Minnesota Vikings,2026-09-13T20:25:00.000Z,FanDuel,751.183658220,receiving_yards,Christian Watson - Receiving Yds,,Christian Watson,48400051,over,55.5,-114,1.87719298245614,0.5327102803738317,open,,,2026-09-10T00:15:37Z,,,,,v3-forward-measurement
d9444e4b-217a-43bd-8151-49d11e51fd51,9a7e2f11-0307-48ae-b3ea-a828c65cba39,2026-09-10T00:15:37Z,FanDuel Sportsbook structured market feed,,VA,NFL,35610171,Green Bay Packers @ Minnesota Vikings,2026-09-13T20:25:00.000Z,FanDuel,751.183658220,receiving_yards,Christian Watson - Receiving Yds,,Christian Watson,48400052,under,55.5,-114,1.87719298245614,0.5327102803738317,open,,,2026-09-10T00:15:37Z,,,,,v3-forward-measurement
d9444e4b-217a-43bd-8151-49d11e51fd51,9a5789e8-fdf2-4c68-9114-26f92da87f91,2026-09-10T00:15:37Z,FanDuel Sportsbook structured market feed,,VA,NFL,35610171,Green Bay Packers @ Minnesota Vikings,2026-09-13T20:25:00.000Z,FanDuel,751.183658222,receptions,Christian Watson - Total Receptions,,Christian Watson,48400051,over,3.5,-178,1.561797752808989,0.6402877697841727,open,,,2026-09-10T00:15:37Z,,,,,v3-forward-measurement
d9444e4b-217a-43bd-8151-49d11e51fd51,8e6a677f-7c04-4f99-ac0e-64a46917e5d6,2026-09-10T00:15:37Z,FanDuel Sportsbook structured market feed,,VA,NFL,35610171,Green Bay Packers @ Minnesota Vikings,2026-09-13T20:25:00.000Z,FanDuel,751.183658222,receptions,Christian Watson - Total Receptions,,Christian Watson,48400052,under,3.5,132,2.32,0.43103448275862066,open,,,2026-09-10T00:15:37Z,,,,,v3-forward-measurement
d9444e4b-217a-43bd-8151-49d11e51fd51,813f5c11-7fe5-4c94-ad7a-68549da7115f,2026-09-10T00:15:37Z,FanDuel Sportsbook structured market feed,,VA,NFL,35610171,Green Bay Packers @ Minnesota Vikings,2026-09-13T20:25:00.000Z,FanDuel,751.183658225,receptions,Matthew Golden - Total Receptions,,Matthew Golden,48504748,over,3.5,-102,1.980392156862745,0.504950495049505,open,,,2026-09-10T00:15:37Z,,,,,v3-forward-measurement
d9444e4b-217a-43bd-8151-49d11e51fd51,f927a789-85e7-48c8-b9a8-1f8bf3d92545,2026-09-10T00:15:37Z,FanDuel Sportsbook structured market feed,,VA,NFL,35610171,Green Bay Packers @ Minnesota Vikings,2026-09-13T20:25:00.000Z,FanDuel,751.183658225,receptions,Matthew Golden - Total Receptions,,Matthew Golden,48504749,under,3.5,-130,1.769230769230769,0.5652173913043478,open,,,2026-09-10T00:15:37Z,,,,,v3-forward-measurement
d9444e4b-217a-43bd-8151-49d11e51fd51,4967b50e-3ab3-4889-a706-f3bcd85a7dbd,2026-09-10T00:15:37Z,FanDuel Sportsbook structured market feed,,VA,NFL,35610171,Green Bay Packers @ Minnesota Vikings,2026-09-13T20:25:00.000Z,FanDuel,751.183658227,receiving_yards,Justin Jefferson - Receiving Yds,,Justin Jefferson,36057836,over,73.5,-114,1.87719298245614,0.5327102803738317,open,,,2026-09-10T00:15:37Z,,,,,v3-forward-measurement
d9444e4b-217a-43bd-8151-49d11e51fd51,57e25675-4f37-46a7-9434-a566eb9e68a3,2026-09-10T00:15:37Z,FanDuel Sportsbook structured market feed,,VA,NFL,35610171,Green Bay Packers @ Minnesota Vikings,2026-09-13T20:25:00.000Z,FanDuel,751.183658227,receiving_yards,Justin Jefferson - Receiving Yds,,Justin Jefferson,36057837,under,73.5,-114,1.87719298245614,0.5327102803738317,open,,,2026-09-10T00:15:37Z,,,,,v3-forward-measurement
d9444e4b-217a-43bd-8151-49d11e51fd51,ce342c50-8989-4b17-8344-5178160e29e6,2026-09-10T00:15:37Z,FanDuel Sportsbook structured market feed,,VA,NFL,35610171,Green Bay Packers @ Minnesota Vikings,2026-09-13T20:25:00.000Z,FanDuel,751.185143472,receptions,Aaron Jones - Total Receptions,,Aaron Jones,15353380,over,2.5,-120,1.833333333333333,0.5454545454545454,open,,,2026-09-10T00:15:37Z,,,,,v3-forward-measurement
d9444e4b-217a-43bd-8151-49d11e51fd51,67e3cbd3-f5a5-4d59-982d-f684479dbda9,2026-09-10T00:15:37Z,FanDuel Sportsbook structured market feed,,VA,NFL,35610171,Green Bay Packers @ Minnesota Vikings,2026-09-13T20:25:00.000Z,FanDuel,751.185143472,receptions,Aaron Jones - Total Receptions,,Aaron Jones,15353381,under,2.5,-110,1.909090909090909,0.5238095238095238,open,,,2026-09-10T00:15:37Z,,,,,v3-forward-measurement
d9444e4b-217a-43bd-8151-49d11e51fd51,2484046a-bc97-4150-9056-2f761be01992,2026-09-10T00:15:37Z,FanDuel Sportsbook structured market feed,,VA,NFL,35610171,Green Bay Packers @ Minnesota Vikings,2026-09-13T20:25:00.000Z,FanDuel,751.183658232,receiving_yards,Tucker Kraft - Receiving Yds,,Tucker Kraft,60409170,over,45.5,-114,1.87719298245614,0.5327102803738317,open,,,2026-09-10T00:15:37Z,,,,,v3-forward-measurement
d9444e4b-217a-43bd-8151-49d11e51fd51,1830b005-ef9e-404f-af11-5d94b5dc111a,2026-09-10T00:15:37Z,FanDuel Sportsbook structured market feed,,VA,NFL,35610171,Green Bay Packers @ Minnesota Vikings,2026-09-13T20:25:00.000Z,FanDuel,751.183658232,receiving_yards,Tucker Kraft - Receiving Yds,,Tucker Kraft,60409164,under,45.5,-114,1.87719298245614,0.5327102803738317,open,,,2026-09-10T00:15:37Z,,,,,v3-forward-measurement
d9444e4b-217a-43bd-8151-49d11e51fd51,cb0fd2f4-c114-48d0-a542-3231b2a1854f,2026-09-10T00:15:37Z,FanDuel Sportsbook structured market feed,,VA,NFL,35610171,Green Bay Packers @ Minnesota Vikings,2026-09-13T20:25:00.000Z,FanDuel,751.183658231,receiving_yards,Matthew Golden - Receiving Yds,,Matthew Golden,48504748,over,39.5,-114,1.87719298245614,0.5327102803738317,open,,,2026-09-10T00:15:37Z,,,,,v3-forward-measurement
d9444e4b-217a-43bd-8151-49d11e51fd51,28fe1c7d-1a5e-4a3c-a526-d527fa4ce3cf,2026-09-10T00:15:37Z,FanDuel Sportsbook structured market feed,,VA,NFL,35610171,Green Bay Packers @ Minnesota Vikings,2026-09-13T20:25:00.000Z,FanDuel,751.183658231,receiving_yards,Matthew Golden - Receiving Yds,,Matthew Golden,48504749,under,39.5,-114,1.87719298245614,0.5327102803738317,open,,,2026-09-10T00:15:37Z,,,,,v3-forward-measurement
d9444e4b-217a-43bd-8151-49d11e51fd51,de52b6ca-f8b7-4bad-b702-c8ccc86947ee,2026-09-10T00:15:37Z,FanDuel Sportsbook structured market feed,,VA,NFL,35610171,Green Bay Packers @ Minnesota Vikings,2026-09-13T20:25:00.000Z,FanDuel,751.183658233,receptions,Jauan Jennings - Total Receptions,,Jauan Jennings,40913497,over,2.5,134,2.34,0.42735042735042733,open,,,2026-09-10T00:15:37Z,,,,,v3-forward-measurement
d9444e4b-217a-43bd-8151-49d11e51fd51,b072c488-10d5-48e9-a0c6-a56c8c5835a6,2026-09-10T00:15:37Z,FanDuel Sportsbook structured market feed,,VA,NFL,35610171,Green Bay Packers @ Minnesota Vikings,2026-09-13T20:25:00.000Z,FanDuel,751.183658233,receptions,Jauan Jennings - Total Receptions,,Jauan Jennings,40913496,under,2.5,-180,1.555555555555556,0.6428571428571429,open,,,2026-09-10T00:15:37Z,,,,,v3-forward-measurement
d9444e4b-217a-43bd-8151-49d11e51fd51,562561a9-05de-4794-81b4-c17dd1907516,2026-09-10T00:15:37Z,FanDuel Sportsbook structured market feed,,VA,NFL,35610171,Green Bay Packers @ Minnesota Vikings,2026-09-13T20:25:00.000Z,FanDuel,751.183658235,receiving_yards,Jordan Addison - Receiving Yds,,Jordan Addison,41179872,over,42.5,-114,1.87719298245614,0.5327102803738317,open,,,2026-09-10T00:15:37Z,,,,,v3-forward-measurement
d9444e4b-217a-43bd-8151-49d11e51fd51,b3bbbe12-df56-4bbe-91cc-73786db7f027,2026-09-10T00:15:37Z,FanDuel Sportsbook structured market feed,,VA,NFL,35610171,Green Bay Packers @ Minnesota Vikings,2026-09-13T20:25:00.000Z,FanDuel,751.183658235,receiving_yards,Jordan Addison - Receiving Yds,,Jordan Addison,41179871,under,42.5,-114,1.87719298245614,0.5327102803738317,open,,,2026-09-10T00:15:37Z,,,,,v3-forward-measurement
d9444e4b-217a-43bd-8151-49d11e51fd51,7ec039e6-1b6e-4451-8554-14770eef1196,2026-09-10T00:15:37Z,FanDuel Sportsbook structured market feed,,VA,NFL,35610171,Green Bay Packers @ Minnesota Vikings,2026-09-13T20:25:00.000Z,FanDuel,751.185143469,receiving_yards,Aaron Jones - Receiving Yds,,Aaron Jones,15353380,over,14.5,-114,1.87719298245614,0.5327102803738317,open,,,2026-09-10T00:15:37Z,,,,,v3-forward-measurement
d9444e4b-217a-43bd-8151-49d11e51fd51,56901b16-3a76-4766-a21a-9b1d6f8ca683,2026-09-10T00:15:37Z,FanDuel Sportsbook structured market feed,,VA,NFL,35610171,Green Bay Packers @ Minnesota Vikings,2026-09-13T20:25:00.000Z,FanDuel,751.185143469,receiving_yards,Aaron Jones - Receiving Yds,,Aaron Jones,15353381,under,14.5,-114,1.87719298245614,0.5327102803738317,open,,,2026-09-10T00:15:37Z,,,,,v3-forward-measurement
d9444e4b-217a-43bd-8151-49d11e51fd51,dd412cac-3004-42a0-a948-3eb6ac940a86,2026-09-10T00:15:37Z,FanDuel Sportsbook structured market feed,,VA,NFL,35610171,Green Bay Packers @ Minnesota Vikings,2026-09-13T20:25:00.000Z,FanDuel,751.185076858,receiving_yards,MarShawn Lloyd - Receiving Yds,,MarShawn Lloyd,48300723,over,10.5,-114,1.87719298245614,0.5327102803738317,open,,,2026-09-10T00:15:37Z,,,,,v3-forward-measurement
d9444e4b-217a-43bd-8151-49d11e51fd51,d6a75c7d-4d2e-4048-8a40-02b4cdc1087e,2026-09-10T00:15:37Z,FanDuel Sportsbook structured market feed,,VA,NFL,35610171,Green Bay Packers @ Minnesota Vikings,2026-09-13T20:25:00.000Z,FanDuel,751.185076858,receiving_yards,MarShawn Lloyd - Receiving Yds,,MarShawn Lloyd,48300722,under,10.5,-114,1.87719298245614,0.5327102803738317,open,,,2026-09-10T00:15:37Z,,,,,v3-forward-measurement
d9444e4b-217a-43bd-8151-49d11e51fd51,0484c422-ffca-48aa-9be3-48b0459e4bca,2026-09-10T00:15:37Z,FanDuel Sportsbook structured market feed,,VA,NFL,35610171,Green Bay Packers @ Minnesota Vikings,2026-09-13T20:25:00.000Z,FanDuel,751.185076854,receptions,MarShawn Lloyd - Total Receptions,,MarShawn Lloyd,48300723,over,1.5,-158,1.632911392405063,0.6124031007751938,open,,,2026-09-10T00:15:37Z,,,,,v3-forward-measurement
d9444e4b-217a-43bd-8151-49d11e51fd51,e56d2a80-7f98-4b05-aa64-3ef8de80589a,2026-09-10T00:15:37Z,FanDuel Sportsbook structured market feed,,VA,NFL,35610171,Green Bay Packers @ Minnesota Vikings,2026-09-13T20:25:00.000Z,FanDuel,751.185076854,receptions,MarShawn Lloyd - Total Receptions,,MarShawn Lloyd,48300722,under,1.5,118,2.18,0.45871559633027525,open,,,2026-09-10T00:15:37Z,,,,,v3-forward-measurement
d9444e4b-217a-43bd-8151-49d11e51fd51,956222ef-71df-42ca-a912-a6a4d68c0c64,2026-09-10T00:15:37Z,FanDuel Sportsbook structured market feed,,VA,NFL,35610171,Green Bay Packers @ Minnesota Vikings,2026-09-13T20:25:00.000Z,FanDuel,751.183658209,receiving_yards,Jauan Jennings - Receiving Yds,,Jauan Jennings,40913497,over,22.5,-114,1.87719298245614,0.5327102803738317,open,,,2026-09-10T00:15:37Z,,,,,v3-forward-measurement
d9444e4b-217a-43bd-8151-49d11e51fd51,4967a568-8d7b-4894-a736-fd538a9cf4f5,2026-09-10T00:15:37Z,FanDuel Sportsbook structured market feed,,VA,NFL,35610171,Green Bay Packers @ Minnesota Vikings,2026-09-13T20:25:00.000Z,FanDuel,751.183658209,receiving_yards,Jauan Jennings - Receiving Yds,,Jauan Jennings,40913496,under,22.5,-114,1.87719298245614,0.5327102803738317,open,,,2026-09-10T00:15:37Z,,,,,v3-forward-measurement
d9444e4b-217a-43bd-8151-49d11e51fd51,1648ef3c-0f46-40f0-8287-36be5d6ab940,2026-09-10T00:15:37Z,FanDuel Sportsbook structured market feed,,VA,NFL,35610171,Green Bay Packers @ Minnesota Vikings,2026-09-13T20:25:00.000Z,FanDuel,751.183658214,receptions,Jayden Reed - Total Receptions,,Jayden Reed,40975117,over,3.5,-102,1.980392156862745,0.504950495049505,open,,,2026-09-10T00:15:37Z,,,,,v3-forward-measurement
d9444e4b-217a-43bd-8151-49d11e51fd51,6805ffa0-e7c5-418f-87e9-8ded9bfa2329,2026-09-10T00:15:37Z,FanDuel Sportsbook structured market feed,,VA,NFL,35610171,Green Bay Packers @ Minnesota Vikings,2026-09-13T20:25:00.000Z,FanDuel,751.183658214,receptions,Jayden Reed - Total Receptions,,Jayden Reed,40975114,under,3.5,-130,1.769230769230769,0.5652173913043478,open,,,2026-09-10T00:15:37Z,,,,,v3-forward-measurement
d9444e4b-217a-43bd-8151-49d11e51fd51,b65cdcb8-ad5d-450a-8bd4-b79f52f62c76,2026-09-10T00:15:37Z,FanDuel Sportsbook structured market feed,,VA,NFL,35610171,Green Bay Packers @ Minnesota Vikings,2026-09-13T20:25:00.000Z,FanDuel,751.183658215,receptions,Justin Jefferson - Total Receptions,,Justin Jefferson,36057836,over,5.5,-148,1.675675675675676,0.5967741935483871,open,,,2026-09-10T00:15:37Z,,,,,v3-forward-measurement
d9444e4b-217a-43bd-8151-49d11e51fd51,bd7536c4-62d8-422a-9d4f-1baf6c1463b5,2026-09-10T00:15:37Z,FanDuel Sportsbook structured market feed,,VA,NFL,35610171,Green Bay Packers @ Minnesota Vikings,2026-09-13T20:25:00.000Z,FanDuel,751.183658215,receptions,Justin Jefferson - Total Receptions,,Justin Jefferson,36057837,under,5.5,112,2.12,0.4716981132075472,open,,,2026-09-10T00:15:37Z,,,,,v3-forward-measurement
d9444e4b-217a-43bd-8151-49d11e51fd51,02c40d50-eed3-4274-9bf6-78a101d8244f,2026-09-10T00:15:37Z,FanDuel Sportsbook structured market feed,,VA,NFL,35610171,Green Bay Packers @ Minnesota Vikings,2026-09-13T20:25:00.000Z,FanDuel,751.183877949,receiving_yards,T.J. Hockenson - Receiving Yds,,T.J. Hockenson,26049039,over,27.5,-114,1.87719298245614,0.5327102803738317,open,,,2026-09-10T00:15:37Z,,,,,v3-forward-measurement
d9444e4b-217a-43bd-8151-49d11e51fd51,ab7a4d46-086e-4ade-b017-038640a9f96d,2026-09-10T00:15:37Z,FanDuel Sportsbook structured market feed,,VA,NFL,35610171,Green Bay Packers @ Minnesota Vikings,2026-09-13T20:25:00.000Z,FanDuel,751.183877949,receiving_yards,T.J. Hockenson - Receiving Yds,,T.J. Hockenson,26049040,under,27.5,-114,1.87719298245614,0.5327102803738317,open,,,2026-09-10T00:15:37Z,,,,,v3-forward-measurement
d9444e4b-217a-43bd-8151-49d11e51fd51,7e8ed7cf-2c60-4ac3-97a3-70b17b7f1dc9,2026-09-10T00:15:37Z,FanDuel Sportsbook structured market feed,,VA,NFL,35610171,Green Bay Packers @ Minnesota Vikings,2026-09-13T20:25:00.000Z,FanDuel,751.183658218,receiving_yards,Jayden Reed - Receiving Yds,,Jayden Reed,40975117,over,39.5,-114,1.87719298245614,0.5327102803738317,open,,,2026-09-10T00:15:37Z,,,,,v3-forward-measurement
d9444e4b-217a-43bd-8151-49d11e51fd51,7d6e2452-6ecc-4c62-8083-885d974d5f09,2026-09-10T00:15:37Z,FanDuel Sportsbook structured market feed,,VA,NFL,35610171,Green Bay Packers @ Minnesota Vikings,2026-09-13T20:25:00.000Z,FanDuel,751.183658218,receiving_yards,Jayden Reed - Receiving Yds,,Jayden Reed,40975114,under,39.5,-114,1.87719298245614,0.5327102803738317,open,,,2026-09-10T00:15:37Z,,,,,v3-forward-measurement
d9444e4b-217a-43bd-8151-49d11e51fd51,b8d5056b-cd27-4b5b-8e2b-af6b1968d504,2026-09-10T00:15:37Z,FanDuel Sportsbook structured market feed,,VA,NFL,35610171,Green Bay Packers @ Minnesota Vikings,2026-09-13T20:25:00.000Z,FanDuel,751.183658217,receptions,Jordan Addison - Total Receptions,,Jordan Addison,41179872,over,3.5,102,2.02,0.49504950495049505,open,,,2026-09-10T00:15:37Z,,,,,v3-forward-measurement
d9444e4b-217a-43bd-8151-49d11e51fd51,3c3b2cf6-0351-418e-94f0-3107f19cf7cb,2026-09-10T00:15:37Z,FanDuel Sportsbook structured market feed,,VA,NFL,35610171,Green Bay Packers @ Minnesota Vikings,2026-09-13T20:25:00.000Z,FanDuel,751.183658217,receptions,Jordan Addison - Total Receptions,,Jordan Addison,41179871,under,3.5,-136,1.735294117647059,0.576271186440678,open,,,2026-09-10T00:15:37Z,,,,,v3-forward-measurement
d9444e4b-217a-43bd-8151-49d11e51fd51,279eec12-9152-4d57-9f12-9f3ae3db148f,2026-09-10T00:15:37Z,FanDuel Sportsbook structured market feed,,VA,NFL,35610171,Green Bay Packers @ Minnesota Vikings,2026-09-13T20:25:00.000Z,FanDuel,751.183877947,receptions,T.J. Hockenson - Total Receptions,,T.J. Hockenson,26049039,over,3.5,-108,1.925925925925926,0.5192307692307693,open,,,2026-09-10T00:15:37Z,,,,,v3-forward-measurement
d9444e4b-217a-43bd-8151-49d11e51fd51,0b0325b9-0d66-4fab-a39d-787ab757f905,2026-09-10T00:15:37Z,FanDuel Sportsbook structured market feed,,VA,NFL,35610171,Green Bay Packers @ Minnesota Vikings,2026-09-13T20:25:00.000Z,FanDuel,751.183877947,receptions,T.J. Hockenson - Total Receptions,,T.J. Hockenson,26049040,under,3.5,-122,1.819672131147541,0.5495495495495496,open,,,2026-09-10T00:15:37Z,,,,,v3-forward-measurement
c68f1067-67a3-4870-82d7-0e0b886d1c52,5914db33-f98e-477a-b839-ad47bd41858f,2026-09-10T00:15:37Z,FanDuel Sportsbook structured market feed,,VA,NFL,35610190,Baltimore Ravens @ Indianapolis Colts,2026-09-13T17:01:00.000Z,FanDuel,751.183833515,passing_touchdowns,Lamar Jackson - Passing TDs,,Lamar Jackson,16579679,over,1.5,-110,1.909090909090909,0.5238095238095238,open,,,2026-09-10T00:15:37Z,,,,,v3-forward-measurement
c68f1067-67a3-4870-82d7-0e0b886d1c52,5bfaedd9-1fce-4ffa-ae3d-9fd7e11cd692,2026-09-10T00:15:37Z,FanDuel Sportsbook structured market feed,,VA,NFL,35610190,Baltimore Ravens @ Indianapolis Colts,2026-09-13T17:01:00.000Z,FanDuel,751.183833515,passing_touchdowns,Lamar Jackson - Passing TDs,,Lamar Jackson,16579680,under,1.5,-120,1.833333333333333,0.5454545454545454,open,,,2026-09-10T00:15:37Z,,,,,v3-forward-measurement
c68f1067-67a3-4870-82d7-0e0b886d1c52,38d20447-caf6-440b-830c-96c61626a4f1,2026-09-10T00:15:37Z,FanDuel Sportsbook structured market feed,,VA,NFL,35610190,Baltimore Ravens @ Indianapolis Colts,2026-09-13T17:01:00.000Z,FanDuel,751.183833360,passing_yards,Lamar Jackson - Passing Yds,,Lamar Jackson,16579679,over,220.5,-114,1.87719298245614,0.5327102803738317,open,,,2026-09-10T00:15:37Z,,,,,v3-forward-measurement
c68f1067-67a3-4870-82d7-0e0b886d1c52,ac16a366-b688-49af-aec6-4d8a40454195,2026-09-10T00:15:37Z,FanDuel Sportsbook structured market feed,,VA,NFL,35610190,Baltimore Ravens @ Indianapolis Colts,2026-09-13T17:01:00.000Z,FanDuel,751.183833360,passing_yards,Lamar Jackson - Passing Yds,,Lamar Jackson,16579680,under,220.5,-114,1.87719298245614,0.5327102803738317,open,,,2026-09-10T00:15:37Z,,,,,v3-forward-measurement
c68f1067-67a3-4870-82d7-0e0b886d1c52,59a9e84c-5c0f-48be-aef3-3f06fe21937b,2026-09-10T00:15:37Z,FanDuel Sportsbook structured market feed,,VA,NFL,35610190,Baltimore Ravens @ Indianapolis Colts,2026-09-13T17:01:00.000Z,FanDuel,751.183833466,passing_touchdowns,Daniel Jones - Passing TDs,,Daniel Jones,16544555,over,1.5,136,2.36,0.423728813559322,open,,,2026-09-10T00:15:37Z,,,,,v3-forward-measurement
c68f1067-67a3-4870-82d7-0e0b886d1c52,978c0d8a-3a91-4e04-a91a-c6f9ab70b78d,2026-09-10T00:15:37Z,FanDuel Sportsbook structured market feed,,VA,NFL,35610190,Baltimore Ravens @ Indianapolis Colts,2026-09-13T17:01:00.000Z,FanDuel,751.183833466,passing_touchdowns,Daniel Jones - Passing TDs,,Daniel Jones,16544556,under,1.5,-182,1.549450549450549,0.6453900709219859,open,,,2026-09-10T00:15:37Z,,,,,v3-forward-measurement
c68f1067-67a3-4870-82d7-0e0b886d1c52,3112bc22-f2f3-4557-941b-6a931b031fb2,2026-09-10T00:15:37Z,FanDuel Sportsbook structured market feed,,VA,NFL,35610190,Baltimore Ravens @ Indianapolis Colts,2026-09-13T17:01:00.000Z,FanDuel,751.183833467,passing_yards,Daniel Jones - Passing Yds,,Daniel Jones,16544555,over,233.5,-114,1.87719298245614,0.5327102803738317,open,,,2026-09-10T00:15:37Z,,,,,v3-forward-measurement
c68f1067-67a3-4870-82d7-0e0b886d1c52,53e9c1dd-112e-4d5b-adda-7edeaf7239dd,2026-09-10T00:15:37Z,FanDuel Sportsbook structured market feed,,VA,NFL,35610190,Baltimore Ravens @ Indianapolis Colts,2026-09-13T17:01:00.000Z,FanDuel,751.183833467,passing_yards,Daniel Jones - Passing Yds,,Daniel Jones,16544556,under,233.5,-114,1.87719298245614,0.5327102803738317,open,,,2026-09-10T00:15:37Z,,,,,v3-forward-measurement
f91ac0f3-fc18-422a-8e46-ae7ed2af8b86,80cd7572-adde-495f-a55b-3636c59537ea,2026-09-10T00:15:37Z,FanDuel Sportsbook structured market feed,,VA,NFL,35610190,Baltimore Ravens @ Indianapolis Colts,2026-09-13T17:01:00.000Z,FanDuel,751.185140881,rushing_yards,Daniel Jones - Rushing Yds,,Daniel Jones,16544555,over,11.5,-114,1.87719298245614,0.5327102803738317,open,,,2026-09-10T00:15:37Z,,,,,v3-forward-measurement
f91ac0f3-fc18-422a-8e46-ae7ed2af8b86,200a11d8-5649-40d4-b6bb-bda50d977173,2026-09-10T00:15:37Z,FanDuel Sportsbook structured market feed,,VA,NFL,35610190,Baltimore Ravens @ Indianapolis Colts,2026-09-13T17:01:00.000Z,FanDuel,751.185140881,rushing_yards,Daniel Jones - Rushing Yds,,Daniel Jones,16544556,under,11.5,-114,1.87719298245614,0.5327102803738317,open,,,2026-09-10T00:15:37Z,,,,,v3-forward-measurement
f91ac0f3-fc18-422a-8e46-ae7ed2af8b86,eb207bcc-449f-4e9e-97c0-68d35238e8e2,2026-09-10T00:15:37Z,FanDuel Sportsbook structured market feed,,VA,NFL,35610190,Baltimore Ravens @ Indianapolis Colts,2026-09-13T17:01:00.000Z,FanDuel,751.183835471,rushing_yards,Derrick Henry - Rushing Yds,,Derrick Henry,12073825,over,80.5,-114,1.87719298245614,0.5327102803738317,open,,,2026-09-10T00:15:37Z,,,,,v3-forward-measurement
f91ac0f3-fc18-422a-8e46-ae7ed2af8b86,63f7b244-6bd2-4a41-8eef-5e575a1e50fa,2026-09-10T00:15:37Z,FanDuel Sportsbook structured market feed,,VA,NFL,35610190,Baltimore Ravens @ Indianapolis Colts,2026-09-13T17:01:00.000Z,FanDuel,751.183835471,rushing_yards,Derrick Henry - Rushing Yds,,Derrick Henry,12073826,under,80.5,-114,1.87719298245614,0.5327102803738317,open,,,2026-09-10T00:15:37Z,,,,,v3-forward-measurement
f91ac0f3-fc18-422a-8e46-ae7ed2af8b86,8d05fb5a-ede1-4b6f-a48a-a35deb0b2836,2026-09-10T00:15:37Z,FanDuel Sportsbook structured market feed,,VA,NFL,35610190,Baltimore Ravens @ Indianapolis Colts,2026-09-13T17:01:00.000Z,FanDuel,751.185182537,rushing_yards,Justice Hill - Rushing Yds,,Justice Hill,16552642,over,8.5,-114,1.87719298245614,0.5327102803738317,open,,,2026-09-10T00:15:37Z,,,,,v3-forward-measurement
f91ac0f3-fc18-422a-8e46-ae7ed2af8b86,d3aa78cd-c1af-4f8d-96c1-6e3dab60d661,2026-09-10T00:15:37Z,FanDuel Sportsbook structured market feed,,VA,NFL,35610190,Baltimore Ravens @ Indianapolis Colts,2026-09-13T17:01:00.000Z,FanDuel,751.185182537,rushing_yards,Justice Hill - Rushing Yds,,Justice Hill,16552643,under,8.5,-114,1.87719298245614,0.5327102803738317,open,,,2026-09-10T00:15:37Z,,,,,v3-forward-measurement
f91ac0f3-fc18-422a-8e46-ae7ed2af8b86,91a36869-dd4c-4fd6-b54b-778ef78f8ba7,2026-09-10T00:15:37Z,FanDuel Sportsbook structured market feed,,VA,NFL,35610190,Baltimore Ravens @ Indianapolis Colts,2026-09-13T17:01:00.000Z,FanDuel,751.183835624,rushing_yards,Lamar Jackson - Rushing Yds,,Lamar Jackson,16579679,over,38.5,-114,1.87719298245614,0.5327102803738317,open,,,2026-09-10T00:15:37Z,,,,,v3-forward-measurement
f91ac0f3-fc18-422a-8e46-ae7ed2af8b86,2685d511-fb97-4e2c-9740-3a993494a0f9,2026-09-10T00:15:37Z,FanDuel Sportsbook structured market feed,,VA,NFL,35610190,Baltimore Ravens @ Indianapolis Colts,2026-09-13T17:01:00.000Z,FanDuel,751.183835624,rushing_yards,Lamar Jackson - Rushing Yds,,Lamar Jackson,16579680,under,38.5,-114,1.87719298245614,0.5327102803738317,open,,,2026-09-10T00:15:37Z,,,,,v3-forward-measurement
f91ac0f3-fc18-422a-8e46-ae7ed2af8b86,6bb8df9e-b579-4ece-9aac-52e30c39b886,2026-09-10T00:15:37Z,FanDuel Sportsbook structured market feed,,VA,NFL,35610190,Baltimore Ravens @ Indianapolis Colts,2026-09-13T17:01:00.000Z,FanDuel,751.183835364,rushing_yards,Jonathan Taylor - Rushing Yds,,Jonathan Taylor,16593213,over,76.5,-114,1.87719298245614,0.5327102803738317,open,,,2026-09-10T00:15:37Z,,,,,v3-forward-measurement
f91ac0f3-fc18-422a-8e46-ae7ed2af8b86,946c60f6-1b27-43f5-a1ef-4ffaa32b7d02,2026-09-10T00:15:37Z,FanDuel Sportsbook structured market feed,,VA,NFL,35610190,Baltimore Ravens @ Indianapolis Colts,2026-09-13T17:01:00.000Z,FanDuel,751.183835364,rushing_yards,Jonathan Taylor - Rushing Yds,,Jonathan Taylor,16593214,under,76.5,-114,1.87719298245614,0.5327102803738317,open,,,2026-09-10T00:15:37Z,,,,,v3-forward-measurement
a0a8a3d5-1f14-4902-a5af-d6bb5c433ae8,c75cbb29-ddd5-4238-994c-79660ac775f2,2026-09-10T00:15:37Z,FanDuel Sportsbook structured market feed,,VA,NFL,35610190,Baltimore Ravens @ Indianapolis Colts,2026-09-13T17:01:00.000Z,FanDuel,751.184973077,receiving_yards,Josh Downs - Receiving Yds,,Josh Downs,41178410,over,46.5,-114,1.87719298245614,0.5327102803738317,open,,,2026-09-10T00:15:37Z,,,,,v3-forward-measurement
a0a8a3d5-1f14-4902-a5af-d6bb5c433ae8,35c3311a-f309-40a5-a12e-0d827078dd67,2026-09-10T00:15:37Z,FanDuel Sportsbook structured market feed,,VA,NFL,35610190,Baltimore Ravens @ Indianapolis Colts,2026-09-13T17:01:00.000Z,FanDuel,751.184973077,receiving_yards,Josh Downs - Receiving Yds,,Josh Downs,41178411,under,46.5,-114,1.87719298245614,0.5327102803738317,open,,,2026-09-10T00:15:37Z,,,,,v3-forward-measurement
a0a8a3d5-1f14-4902-a5af-d6bb5c433ae8,cc562563-aac1-4154-bd1b-1bb6e4ed8aba,2026-09-10T00:15:37Z,FanDuel Sportsbook structured market feed,,VA,NFL,35610190,Baltimore Ravens @ Indianapolis Colts,2026-09-13T17:01:00.000Z,FanDuel,751.184973071,receptions,Josh Downs - Total Receptions,,Josh Downs,41178410,over,4.5,124,2.24,0.44642857142857145,open,,,2026-09-10T00:15:37Z,,,,,v3-forward-measurement
a0a8a3d5-1f14-4902-a5af-d6bb5c433ae8,0f913322-e954-4aba-9a9c-daf4beff91a2,2026-09-10T00:15:37Z,FanDuel Sportsbook structured market feed,,VA,NFL,35610190,Baltimore Ravens @ Indianapolis Colts,2026-09-13T17:01:00.000Z,FanDuel,751.184973071,receptions,Josh Downs - Total Receptions,,Josh Downs,41178411,under,4.5,-166,1.602409638554217,0.6240601503759399,open,,,2026-09-10T00:15:37Z,,,,,v3-forward-measurement
a0a8a3d5-1f14-4902-a5af-d6bb5c433ae8,3efd77d4-8c5c-4644-b398-166b3c98da8e,2026-09-10T00:15:37Z,FanDuel Sportsbook structured market feed,,VA,NFL,35610190,Baltimore Ravens @ Indianapolis Colts,2026-09-13T17:01:00.000Z,FanDuel,751.184969864,receptions,Rashod Bateman - Total Receptions,,Rashod Bateman,41197689,over,1.5,-205,1.48780487804878,0.6721311475409836,open,,,2026-09-10T00:15:37Z,,,,,v3-forward-measurement
a0a8a3d5-1f14-4902-a5af-d6bb5c433ae8,846f9f39-9903-4814-836d-7b124046bf94,2026-09-10T00:15:37Z,FanDuel Sportsbook structured market feed,,VA,NFL,35610190,Baltimore Ravens @ Indianapolis Colts,2026-09-13T17:01:00.000Z,FanDuel,751.184969864,receptions,Rashod Bateman - Total Receptions,,Rashod Bateman,41197688,under,1.5,152,2.52,0.3968253968253968,open,,,2026-09-10T00:15:37Z,,,,,v3-forward-measurement
a0a8a3d5-1f14-4902-a5af-d6bb5c433ae8,bbdd43f8-8d5f-43cb-a174-28df10b3e186,2026-09-10T00:15:37Z,FanDuel Sportsbook structured market feed,,VA,NFL,35610190,Baltimore Ravens @ Indianapolis Colts,2026-09-13T17:01:00.000Z,FanDuel,751.184972924,receiving_yards,Alec Pierce - Receiving Yds,,Alec Pierce,42217015,over,46.5,-114,1.87719298245614,0.5327102803738317,open,,,2026-09-10T00:15:37Z,,,,,v3-forward-measurement
a0a8a3d5-1f14-4902-a5af-d6bb5c433ae8,e6ddc980-bd28-4a64-9840-559fec65f260,2026-09-10T00:15:37Z,FanDuel Sportsbook structured market feed,,VA,NFL,35610190,Baltimore Ravens @ Indianapolis Colts,2026-09-13T17:01:00.000Z,FanDuel,751.184972924,receiving_yards,Alec Pierce - Receiving Yds,,Alec Pierce,42217014,under,46.5,-114,1.87719298245614,0.5327102803738317,open,,,2026-09-10T00:15:37Z,,,,,v3-forward-measurement
a0a8a3d5-1f14-4902-a5af-d6bb5c433ae8,fee0e3e4-6e00-44c1-81dd-11077c79405a,2026-09-10T00:15:37Z,FanDuel Sportsbook structured market feed,,VA,NFL,35610190,Baltimore Ravens @ Indianapolis Colts,2026-09-13T17:01:00.000Z,FanDuel,751.184969622,receiving_yards,Rashod Bateman - Receiving Yds,,Rashod Bateman,41197689,over,25.5,-114,1.87719298245614,0.5327102803738317,open,,,2026-09-10T00:15:37Z,,,,,v3-forward-measurement
a0a8a3d5-1f14-4902-a5af-d6bb5c433ae8,1dff59ff-91b2-435c-8e17-6322a0b13f22,2026-09-10T00:15:37Z,FanDuel Sportsbook structured market feed,,VA,NFL,35610190,Baltimore Ravens @ Indianapolis Colts,2026-09-13T17:01:00.000Z,FanDuel,751.184969622,receiving_yards,Rashod Bateman - Receiving Yds,,Rashod Bateman,41197688,under,25.5,-114,1.87719298245614,0.5327102803738317,open,,,2026-09-10T00:15:37Z,,,,,v3-forward-measurement
a0a8a3d5-1f14-4902-a5af-d6bb5c433ae8,b656fe85-dee4-4101-98dd-f3bd07a4ca30,2026-09-10T00:15:37Z,FanDuel Sportsbook structured market feed,,VA,NFL,35610190,Baltimore Ravens @ Indianapolis Colts,2026-09-13T17:01:00.000Z,FanDuel,751.184973730,receptions,Tyler Warren - Total Receptions,,Tyler Warren,60780430,over,4.5,-130,1.769230769230769,0.5652173913043478,open,,,2026-09-10T00:15:37Z,,,,,v3-forward-measurement
a0a8a3d5-1f14-4902-a5af-d6bb5c433ae8,e1921ef9-7933-4cba-bd93-aff6931006f1,2026-09-10T00:15:37Z,FanDuel Sportsbook structured market feed,,VA,NFL,35610190,Baltimore Ravens @ Indianapolis Colts,2026-09-13T17:01:00.000Z,FanDuel,751.184973730,receptions,Tyler Warren - Total Receptions,,Tyler Warren,60780432,under,4.5,-102,1.980392156862745,0.504950495049505,open,,,2026-09-10T00:15:37Z,,,,,v3-forward-measurement
a0a8a3d5-1f14-4902-a5af-d6bb5c433ae8,2ad7dcc8-378d-4051-be6b-349f1362b79a,2026-09-10T00:15:37Z,FanDuel Sportsbook structured market feed,,VA,NFL,35610190,Baltimore Ravens @ Indianapolis Colts,2026-09-13T17:01:00.000Z,FanDuel,751.183836389,receptions,Mark Andrews - Total Receptions,,Mark Andrews,16602460,over,3.5,116,2.16,0.46296296296296297,open,,,2026-09-10T00:15:37Z,,,,,v3-forward-measurement
a0a8a3d5-1f14-4902-a5af-d6bb5c433ae8,0d90f55b-a99d-43ed-a46b-8928f5f52b1c,2026-09-10T00:15:37Z,FanDuel Sportsbook structured market feed,,VA,NFL,35610190,Baltimore Ravens @ Indianapolis Colts,2026-09-13T17:01:00.000Z,FanDuel,751.183836389,receptions,Mark Andrews - Total Receptions,,Mark Andrews,16602461,under,3.5,-154,1.649350649350649,0.6062992125984252,open,,,2026-09-10T00:15:37Z,,,,,v3-forward-measurement
a0a8a3d5-1f14-4902-a5af-d6bb5c433ae8,e60f1030-caa1-4ddd-bcc0-88137180620d,2026-09-10T00:15:37Z,FanDuel Sportsbook structured market feed,,VA,NFL,35610190,Baltimore Ravens @ Indianapolis Colts,2026-09-13T17:01:00.000Z,FanDuel,751.183836167,receiving_yards,Zay Flowers - Receiving Yds,,Zay Flowers,41182052,over,63.5,-114,1.87719298245614,0.5327102803738317,open,,,2026-09-10T00:15:37Z,,,,,v3-forward-measurement
a0a8a3d5-1f14-4902-a5af-d6bb5c433ae8,fdf97018-4d35-43d0-a5e8-aa33f8426483,2026-09-10T00:15:37Z,FanDuel Sportsbook structured market feed,,VA,NFL,35610190,Baltimore Ravens @ Indianapolis Colts,2026-09-13T17:01:00.000Z,FanDuel,751.183836167,receiving_yards,Zay Flowers - Receiving Yds,,Zay Flowers,41182053,under,63.5,-114,1.87719298245614,0.5327102803738317,open,,,2026-09-10T00:15:37Z,,,,,v3-forward-measurement
a0a8a3d5-1f14-4902-a5af-d6bb5c433ae8,04946ee5-52b1-4320-94e0-e80604dd2495,2026-09-10T00:15:37Z,FanDuel Sportsbook structured market feed,,VA,NFL,35610190,Baltimore Ravens @ Indianapolis Colts,2026-09-13T17:01:00.000Z,FanDuel,751.184971736,receiving_yards,Derrick Henry - Receiving Yds,,Derrick Henry,12073825,over,6.5,-114,1.87719298245614,0.5327102803738317,open,,,2026-09-10T00:15:37Z,,,,,v3-forward-measurement
a0a8a3d5-1f14-4902-a5af-d6bb5c433ae8,3fc806a8-2c65-4085-8cdd-1c88c2e09e09,2026-09-10T00:15:37Z,FanDuel Sportsbook structured market feed,,VA,NFL,35610190,Baltimore Ravens @ Indianapolis Colts,2026-09-13T17:01:00.000Z,FanDuel,751.184971736,receiving_yards,Derrick Henry - Receiving Yds,,Derrick Henry,12073826,under,6.5,-114,1.87719298245614,0.5327102803738317,open,,,2026-09-10T00:15:37Z,,,,,v3-forward-measurement
a0a8a3d5-1f14-4902-a5af-d6bb5c433ae8,521b6be2-23a5-44cc-b75d-15c3b80cd621,2026-09-10T00:15:37Z,FanDuel Sportsbook structured market feed,,VA,NFL,35610190,Baltimore Ravens @ Indianapolis Colts,2026-09-13T17:01:00.000Z,FanDuel,751.183836388,receiving_yards,Mark Andrews - Receiving Yds,,Mark Andrews,16602460,over,34.5,-114,1.87719298245614,0.5327102803738317,open,,,2026-09-10T00:15:37Z,,,,,v3-forward-measurement
a0a8a3d5-1f14-4902-a5af-d6bb5c433ae8,ec0d7e1c-e2d3-4db5-bf53-f7466c064cfa,2026-09-10T00:15:37Z,FanDuel Sportsbook structured market feed,,VA,NFL,35610190,Baltimore Ravens @ Indianapolis Colts,2026-09-13T17:01:00.000Z,FanDuel,751.183836388,receiving_yards,Mark Andrews - Receiving Yds,,Mark Andrews,16602461,under,34.5,-114,1.87719298245614,0.5327102803738317,open,,,2026-09-10T00:15:37Z,,,,,v3-forward-measurement
a0a8a3d5-1f14-4902-a5af-d6bb5c433ae8,4b46520a-df53-4d04-b44c-8da2775a9652,2026-09-10T00:15:37Z,FanDuel Sportsbook structured market feed,,VA,NFL,35610190,Baltimore Ravens @ Indianapolis Colts,2026-09-13T17:01:00.000Z,FanDuel,751.185139865,receptions,Jonathan Taylor - Total Receptions,,Jonathan Taylor,16593213,over,2.5,-162,1.617283950617284,0.6183206106870229,open,,,2026-09-10T00:15:37Z,,,,,v3-forward-measurement
a0a8a3d5-1f14-4902-a5af-d6bb5c433ae8,eb1fdc8f-348b-4645-9d25-5b1c79ed8310,2026-09-10T00:15:37Z,FanDuel Sportsbook structured market feed,,VA,NFL,35610190,Baltimore Ravens @ Indianapolis Colts,2026-09-13T17:01:00.000Z,FanDuel,751.185139865,receptions,Jonathan Taylor - Total Receptions,,Jonathan Taylor,16593214,under,2.5,122,2.22,0.45045045045045046,open,,,2026-09-10T00:15:37Z,,,,,v3-forward-measurement
a0a8a3d5-1f14-4902-a5af-d6bb5c433ae8,c3c7857c-81a6-4a96-b5eb-d9f44db0c14c,2026-09-10T00:15:37Z,FanDuel Sportsbook structured market feed,,VA,NFL,35610190,Baltimore Ravens @ Indianapolis Colts,2026-09-13T17:01:00.000Z,FanDuel,751.185139863,receiving_yards,Jonathan Taylor - Receiving Yds,,Jonathan Taylor,16593213,over,18.5,-114,1.87719298245614,0.5327102803738317,open,,,2026-09-10T00:15:37Z,,,,,v3-forward-measurement
a0a8a3d5-1f14-4902-a5af-d6bb5c433ae8,f2e1e330-bf00-4828-944b-1c9c30d3a088,2026-09-10T00:15:37Z,FanDuel Sportsbook structured market feed,,VA,NFL,35610190,Baltimore Ravens @ Indianapolis Colts,2026-09-13T17:01:00.000Z,FanDuel,751.185139863,receiving_yards,Jonathan Taylor - Receiving Yds,,Jonathan Taylor,16593214,under,18.5,-114,1.87719298245614,0.5327102803738317,open,,,2026-09-10T00:15:37Z,,,,,v3-forward-measurement
a0a8a3d5-1f14-4902-a5af-d6bb5c433ae8,dc57cec9-51bc-4dba-97bb-bc58efff2190,2026-09-10T00:15:37Z,FanDuel Sportsbook structured market feed,,VA,NFL,35610190,Baltimore Ravens @ Indianapolis Colts,2026-09-13T17:01:00.000Z,FanDuel,751.185182535,receiving_yards,Justice Hill - Receiving Yds,,Justice Hill,16552642,over,11.5,-114,1.87719298245614,0.5327102803738317,open,,,2026-09-10T00:15:37Z,,,,,v3-forward-measurement
a0a8a3d5-1f14-4902-a5af-d6bb5c433ae8,50928a70-506d-4f93-9724-4e8701d3ca02,2026-09-10T00:15:37Z,FanDuel Sportsbook structured market feed,,VA,NFL,35610190,Baltimore Ravens @ Indianapolis Colts,2026-09-13T17:01:00.000Z,FanDuel,751.185182535,receiving_yards,Justice Hill - Receiving Yds,,Justice Hill,16552643,under,11.5,-114,1.87719298245614,0.5327102803738317,open,,,2026-09-10T00:15:37Z,,,,,v3-forward-measurement
a0a8a3d5-1f14-4902-a5af-d6bb5c433ae8,d48695ef-7e0e-4120-850f-a058b0776503,2026-09-10T00:15:37Z,FanDuel Sportsbook structured market feed,,VA,NFL,35610190,Baltimore Ravens @ Indianapolis Colts,2026-09-13T17:01:00.000Z,FanDuel,751.184970775,receptions,Ja'Kobi Lane - Total Receptions,,Ja'Kobi Lane,102523756,over,1.5,-136,1.735294117647059,0.576271186440678,open,,,2026-09-10T00:15:37Z,,,,,v3-forward-measurement
a0a8a3d5-1f14-4902-a5af-d6bb5c433ae8,80bcabdb-fbc5-4221-87e6-9ac7bb092c59,2026-09-10T00:15:37Z,FanDuel Sportsbook structured market feed,,VA,NFL,35610190,Baltimore Ravens @ Indianapolis Colts,2026-09-13T17:01:00.000Z,FanDuel,751.184970775,receptions,Ja'Kobi Lane - Total Receptions,,Ja'Kobi Lane,102523752,under,1.5,102,2.02,0.49504950495049505,open,,,2026-09-10T00:15:37Z,,,,,v3-forward-measurement
a0a8a3d5-1f14-4902-a5af-d6bb5c433ae8,57025367-6ada-4a04-ae48-d51a6d945901,2026-09-10T00:15:37Z,FanDuel Sportsbook structured market feed,,VA,NFL,35610190,Baltimore Ravens @ Indianapolis Colts,2026-09-13T17:01:00.000Z,FanDuel,751.184973728,receiving_yards,Tyler Warren - Receiving Yds,,Tyler Warren,60780430,over,45.5,-114,1.87719298245614,0.5327102803738317,open,,,2026-09-10T00:15:37Z,,,,,v3-forward-measurement
a0a8a3d5-1f14-4902-a5af-d6bb5c433ae8,e34bc900-4b91-45c1-b449-e7a4be5c5cf8,2026-09-10T00:15:37Z,FanDuel Sportsbook structured market feed,,VA,NFL,35610190,Baltimore Ravens @ Indianapolis Colts,2026-09-13T17:01:00.000Z,FanDuel,751.184973728,receiving_yards,Tyler Warren - Receiving Yds,,Tyler Warren,60780432,under,45.5,-114,1.87719298245614,0.5327102803738317,open,,,2026-09-10T00:15:37Z,,,,,v3-forward-measurement
a0a8a3d5-1f14-4902-a5af-d6bb5c433ae8,0270a69c-8c3a-405a-b588-a45cbdc68e69,2026-09-10T00:15:37Z,FanDuel Sportsbook structured market feed,,VA,NFL,35610190,Baltimore Ravens @ Indianapolis Colts,2026-09-13T17:01:00.000Z,FanDuel,751.185104206,receptions,Derrick Henry - Total Receptions,,Derrick Henry,12073825,over,1.5,172,2.72,0.36764705882352944,open,,,2026-09-10T00:15:37Z,,,,,v3-forward-measurement
a0a8a3d5-1f14-4902-a5af-d6bb5c433ae8,c1b32c86-7c01-45ec-ace9-5a884240bb05,2026-09-10T00:15:37Z,FanDuel Sportsbook structured market feed,,VA,NFL,35610190,Baltimore Ravens @ Indianapolis Colts,2026-09-13T17:01:00.000Z,FanDuel,751.185104206,receptions,Derrick Henry - Total Receptions,,Derrick Henry,12073826,under,1.5,-235,1.425531914893617,0.7014925373134329,open,,,2026-09-10T00:15:37Z,,,,,v3-forward-measurement
a0a8a3d5-1f14-4902-a5af-d6bb5c433ae8,e930ce0b-0152-4656-ba33-1fa793adac30,2026-09-10T00:15:37Z,FanDuel Sportsbook structured market feed,,VA,NFL,35610190,Baltimore Ravens @ Indianapolis Colts,2026-09-13T17:01:00.000Z,FanDuel,751.183836173,receptions,Zay Flowers - Total Receptions,,Zay Flowers,41182052,over,4.5,-172,1.581395348837209,0.6323529411764706,open,,,2026-09-10T00:15:37Z,,,,,v3-forward-measurement
a0a8a3d5-1f14-4902-a5af-d6bb5c433ae8,04620ce3-2be0-4f75-a8c0-2f41b88b3534,2026-09-10T00:15:37Z,FanDuel Sportsbook structured market feed,,VA,NFL,35610190,Baltimore Ravens @ Indianapolis Colts,2026-09-13T17:01:00.000Z,FanDuel,751.183836173,receptions,Zay Flowers - Total Receptions,,Zay Flowers,41182053,under,4.5,128,2.28,0.43859649122807015,open,,,2026-09-10T00:15:37Z,,,,,v3-forward-measurement
a0a8a3d5-1f14-4902-a5af-d6bb5c433ae8,b11e761d-cf40-40c7-aec0-7ec5558cf933,2026-09-10T00:15:37Z,FanDuel Sportsbook structured market feed,,VA,NFL,35610190,Baltimore Ravens @ Indianapolis Colts,2026-09-13T17:01:00.000Z,FanDuel,751.184970770,receiving_yards,Ja'Kobi Lane - Receiving Yds,,Ja'Kobi Lane,102523756,over,19.5,-114,1.87719298245614,0.5327102803738317,open,,,2026-09-10T00:15:37Z,,,,,v3-forward-measurement
a0a8a3d5-1f14-4902-a5af-d6bb5c433ae8,355c6dd7-ac7a-45b6-88e4-518e8ebe18b6,2026-09-10T00:15:37Z,FanDuel Sportsbook structured market feed,,VA,NFL,35610190,Baltimore Ravens @ Indianapolis Colts,2026-09-13T17:01:00.000Z,FanDuel,751.184970770,receiving_yards,Ja'Kobi Lane - Receiving Yds,,Ja'Kobi Lane,102523752,under,19.5,-114,1.87719298245614,0.5327102803738317,open,,,2026-09-10T00:15:37Z,,,,,v3-forward-measurement
a0a8a3d5-1f14-4902-a5af-d6bb5c433ae8,8ed4a808-f5f2-4aee-87e7-3b5de286fc70,2026-09-10T00:15:37Z,FanDuel Sportsbook structured market feed,,VA,NFL,35610190,Baltimore Ravens @ Indianapolis Colts,2026-09-13T17:01:00.000Z,FanDuel,751.185253688,receptions,Justice Hill - Total Receptions,,Justice Hill,16552642,over,2.5,144,2.44,0.4098360655737705,open,,,2026-09-10T00:15:37Z,,,,,v3-forward-measurement
a0a8a3d5-1f14-4902-a5af-d6bb5c433ae8,6c20f603-3ec0-4e54-8704-f9868fc3e0e8,2026-09-10T00:15:37Z,FanDuel Sportsbook structured market feed,,VA,NFL,35610190,Baltimore Ravens @ Indianapolis Colts,2026-09-13T17:01:00.000Z,FanDuel,751.185253688,receptions,Justice Hill - Total Receptions,,Justice Hill,16552643,under,2.5,-194,1.515463917525773,0.6598639455782312,open,,,2026-09-10T00:15:37Z,,,,,v3-forward-measurement
a0a8a3d5-1f14-4902-a5af-d6bb5c433ae8,fd6eaff8-0df1-44ba-b0b7-24874c369405,2026-09-10T00:15:37Z,FanDuel Sportsbook structured market feed,,VA,NFL,35610190,Baltimore Ravens @ Indianapolis Colts,2026-09-13T17:01:00.000Z,FanDuel,751.184972933,receptions,Alec Pierce - Total Receptions,,Alec Pierce,42217015,over,3.5,116,2.16,0.46296296296296297,open,,,2026-09-10T00:15:37Z,,,,,v3-forward-measurement
a0a8a3d5-1f14-4902-a5af-d6bb5c433ae8,987bbfdd-2e20-4138-9ad4-8c29fc74e83f,2026-09-10T00:15:37Z,FanDuel Sportsbook structured market feed,,VA,NFL,35610190,Baltimore Ravens @ Indianapolis Colts,2026-09-13T17:01:00.000Z,FanDuel,751.184972933,receptions,Alec Pierce - Total Receptions,,Alec Pierce,42217014,under,3.5,-154,1.649350649350649,0.6062992125984252,open,,,2026-09-10T00:15:37Z,,,,,v3-forward-measurement
d62227f9-237d-4b9c-a719-53b67b59f70c,3a021b19-fa9f-4b4b-b3d6-9722291b09f3,2026-09-10T00:15:37Z,FanDuel Sportsbook structured market feed,,VA,NFL,36053582,Tampa Bay Buccaneers @ Cincinnati Bengals,2026-09-13T17:01:00.000Z,FanDuel,751.185673793,passing_touchdowns,Baker Mayfield - Passing TDs,,Baker Mayfield,16602448,over,1.5,-102,1.980392156862745,0.504950495049505,open,,,2026-09-10T00:15:37Z,,,,,v3-forward-measurement
d62227f9-237d-4b9c-a719-53b67b59f70c,bed63723-ef71-4846-8270-967954767491,2026-09-10T00:15:37Z,FanDuel Sportsbook structured market feed,,VA,NFL,36053582,Tampa Bay Buccaneers @ Cincinnati Bengals,2026-09-13T17:01:00.000Z,FanDuel,751.185673793,passing_touchdowns,Baker Mayfield - Passing TDs,,Baker Mayfield,16602449,under,1.5,-130,1.769230769230769,0.5652173913043478,open,,,2026-09-10T00:15:37Z,,,,,v3-forward-measurement
d62227f9-237d-4b9c-a719-53b67b59f70c,083329f5-6f89-4b68-9234-572187bed8ec,2026-09-10T00:15:37Z,FanDuel Sportsbook structured market feed,,VA,NFL,36053582,Tampa Bay Buccaneers @ Cincinnati Bengals,2026-09-13T17:01:00.000Z,FanDuel,751.185673884,passing_yards,Joe Burrow - Passing Yds,,Joe Burrow,20452292,over,267.5,-113,1.884955752212389,0.5305164319248826,open,,,2026-09-10T00:15:37Z,,,,,v3-forward-measurement
d62227f9-237d-4b9c-a719-53b67b59f70c,1f3edb09-33bc-45e5-b10e-ff7d744fe369,2026-09-10T00:15:37Z,FanDuel Sportsbook structured market feed,,VA,NFL,36053582,Tampa Bay Buccaneers @ Cincinnati Bengals,2026-09-13T17:01:00.000Z,FanDuel,751.185673884,passing_yards,Joe Burrow - Passing Yds,,Joe Burrow,20452293,under,267.5,-113,1.884955752212389,0.5305164319248826,open,,,2026-09-10T00:15:37Z,,,,,v3-forward-measurement
d62227f9-237d-4b9c-a719-53b67b59f70c,f66762d5-ac13-4f18-a132-0758da49d122,2026-09-10T00:15:37Z,FanDuel Sportsbook structured market feed,,VA,NFL,36053582,Tampa Bay Buccaneers @ Cincinnati Bengals,2026-09-13T17:01:00.000Z,FanDuel,751.185673763,passing_touchdowns,Joe Burrow - Passing TDs,,Joe Burrow,20452292,over,2.5,162,2.62,0.3816793893129771,open,,,2026-09-10T00:15:37Z,,,,,v3-forward-measurement
d62227f9-237d-4b9c-a719-53b67b59f70c,4e9485a9-c5ac-4e78-af0a-6a9fe985d4f0,2026-09-10T00:15:37Z,FanDuel Sportsbook structured market feed,,VA,NFL,36053582,Tampa Bay Buccaneers @ Cincinnati Bengals,2026-09-13T17:01:00.000Z,FanDuel,751.185673763,passing_touchdowns,Joe Burrow - Passing TDs,,Joe Burrow,20452293,under,2.5,-220,1.454545454545455,0.6875,open,,,2026-09-10T00:15:37Z,,,,,v3-forward-measurement
d62227f9-237d-4b9c-a719-53b67b59f70c,7faef894-e217-483c-9cb2-edf68f6bc295,2026-09-10T00:15:37Z,FanDuel Sportsbook structured market feed,,VA,NFL,36053582,Tampa Bay Buccaneers @ Cincinnati Bengals,2026-09-13T17:01:00.000Z,FanDuel,751.185673944,passing_yards,Baker Mayfield - Passing Yds,,Baker Mayfield,16602448,over,232.5,-113,1.884955752212389,0.5305164319248826,open,,,2026-09-10T00:15:37Z,,,,,v3-forward-measurement
d62227f9-237d-4b9c-a719-53b67b59f70c,86c26d94-a65b-4f13-b3ef-cf47491bce12,2026-09-10T00:15:37Z,FanDuel Sportsbook structured market feed,,VA,NFL,36053582,Tampa Bay Buccaneers @ Cincinnati Bengals,2026-09-13T17:01:00.000Z,FanDuel,751.185673944,passing_yards,Baker Mayfield - Passing Yds,,Baker Mayfield,16602449,under,232.5,-113,1.884955752212389,0.5305164319248826,open,,,2026-09-10T00:15:37Z,,,,,v3-forward-measurement
8871d6fa-3942-455f-8dc1-460907e4f970,34b50a43-d277-4986-aadd-eeea49362511,2026-09-10T00:15:37Z,FanDuel Sportsbook structured market feed,,VA,NFL,36053582,Tampa Bay Buccaneers @ Cincinnati Bengals,2026-09-13T17:01:00.000Z,FanDuel,751.185673771,rushing_yards,Baker Mayfield - Rushing Yds,,Baker Mayfield,16602448,over,15.5,-113,1.884955752212389,0.5305164319248826,open,,,2026-09-10T00:15:37Z,,,,,v3-forward-measurement
8871d6fa-3942-455f-8dc1-460907e4f970,20fb7a28-cfc7-40dd-b7dc-c40eb52b3cea,2026-09-10T00:15:37Z,FanDuel Sportsbook structured market feed,,VA,NFL,36053582,Tampa Bay Buccaneers @ Cincinnati Bengals,2026-09-13T17:01:00.000Z,FanDuel,751.185673771,rushing_yards,Baker Mayfield - Rushing Yds,,Baker Mayfield,16602449,under,15.5,-113,1.884955752212389,0.5305164319248826,open,,,2026-09-10T00:15:37Z,,,,,v3-forward-measurement
8871d6fa-3942-455f-8dc1-460907e4f970,4d4b3571-55ed-42cd-955c-587181d48aa8,2026-09-10T00:15:37Z,FanDuel Sportsbook structured market feed,,VA,NFL,36053582,Tampa Bay Buccaneers @ Cincinnati Bengals,2026-09-13T17:01:00.000Z,FanDuel,751.185673861,rushing_yards,Kenneth Gainwell - Rushing Yds,,Kenneth Gainwell,40915793,over,21.5,-113,1.884955752212389,0.5305164319248826,open,,,2026-09-10T00:15:37Z,,,,,v3-forward-measurement
8871d6fa-3942-455f-8dc1-460907e4f970,2029ad89-8148-46c8-b7f6-b8680f8bf8d7,2026-09-10T00:15:37Z,FanDuel Sportsbook structured market feed,,VA,NFL,36053582,Tampa Bay Buccaneers @ Cincinnati Bengals,2026-09-13T17:01:00.000Z,FanDuel,751.185673861,rushing_yards,Kenneth Gainwell - Rushing Yds,,Kenneth Gainwell,40915796,under,21.5,-113,1.884955752212389,0.5305164319248826,open,,,2026-09-10T00:15:37Z,,,,,v3-forward-measurement
8871d6fa-3942-455f-8dc1-460907e4f970,9ca8c8b7-2904-49f7-945d-0063c2051acb,2026-09-10T00:15:37Z,FanDuel Sportsbook structured market feed,,VA,NFL,36053582,Tampa Bay Buccaneers @ Cincinnati Bengals,2026-09-13T17:01:00.000Z,FanDuel,751.185673721,rushing_yards,Joe Burrow - Rushing Yds,,Joe Burrow,20452292,over,8.5,-113,1.884955752212389,0.5305164319248826,open,,,2026-09-10T00:15:37Z,,,,,v3-forward-measurement
8871d6fa-3942-455f-8dc1-460907e4f970,705547eb-f1e6-4054-b0b3-2b56c16e0bc6,2026-09-10T00:15:37Z,FanDuel Sportsbook structured market feed,,VA,NFL,36053582,Tampa Bay Buccaneers @ Cincinnati Bengals,2026-09-13T17:01:00.000Z,FanDuel,751.185673721,rushing_yards,Joe Burrow - Rushing Yds,,Joe Burrow,20452293,under,8.5,-113,1.884955752212389,0.5305164319248826,open,,,2026-09-10T00:15:37Z,,,,,v3-forward-measurement
8871d6fa-3942-455f-8dc1-460907e4f970,0bd27727-0a30-482d-b78f-0b5d70e000ad,2026-09-10T00:15:37Z,FanDuel Sportsbook structured market feed,,VA,NFL,36053582,Tampa Bay Buccaneers @ Cincinnati Bengals,2026-09-13T17:01:00.000Z,FanDuel,751.185673787,rushing_yards,Chase Brown - Rushing Yds,,Chase Brown,41072627,over,57.5,-113,1.884955752212389,0.5305164319248826,open,,,2026-09-10T00:15:37Z,,,,,v3-forward-measurement
8871d6fa-3942-455f-8dc1-460907e4f970,b9865af3-d8ea-443c-bc06-75a6144f925f,2026-09-10T00:15:37Z,FanDuel Sportsbook structured market feed,,VA,NFL,36053582,Tampa Bay Buccaneers @ Cincinnati Bengals,2026-09-13T17:01:00.000Z,FanDuel,751.185673787,rushing_yards,Chase Brown - Rushing Yds,,Chase Brown,41072629,under,57.5,-113,1.884955752212389,0.5305164319248826,open,,,2026-09-10T00:15:37Z,,,,,v3-forward-measurement
8871d6fa-3942-455f-8dc1-460907e4f970,556f5326-cce9-4a12-9358-3a3cef3e4c58,2026-09-10T00:15:37Z,FanDuel Sportsbook structured market feed,,VA,NFL,36053582,Tampa Bay Buccaneers @ Cincinnati Bengals,2026-09-13T17:01:00.000Z,FanDuel,751.185673715,rushing_yards,Bucky Irving - Rushing Yds,,Bucky Irving,49541847,over,58.5,-113,1.884955752212389,0.5305164319248826,open,,,2026-09-10T00:15:37Z,,,,,v3-forward-measurement
8871d6fa-3942-455f-8dc1-460907e4f970,327e4416-3017-412e-b140-a2a834b26546,2026-09-10T00:15:37Z,FanDuel Sportsbook structured market feed,,VA,NFL,36053582,Tampa Bay Buccaneers @ Cincinnati Bengals,2026-09-13T17:01:00.000Z,FanDuel,751.185673715,rushing_yards,Bucky Irving - Rushing Yds,,Bucky Irving,49541845,under,58.5,-113,1.884955752212389,0.5305164319248826,open,,,2026-09-10T00:15:37Z,,,,,v3-forward-measurement
8871d6fa-3942-455f-8dc1-460907e4f970,1825f655-4900-461e-b11f-e80b2c043d57,2026-09-10T00:15:37Z,FanDuel Sportsbook structured market feed,,VA,NFL,36053582,Tampa Bay Buccaneers @ Cincinnati Bengals,2026-09-13T17:01:00.000Z,FanDuel,751.185673925,rushing_yards,Samaje Perine - Rushing Yds,,Samaje Perine,15499370,over,19.5,-113,1.884955752212389,0.5305164319248826,open,,,2026-09-10T00:15:37Z,,,,,v3-forward-measurement
8871d6fa-3942-455f-8dc1-460907e4f970,912d566b-9c68-4cb8-ba72-81bda382bac2,2026-09-10T00:15:37Z,FanDuel Sportsbook structured market feed,,VA,NFL,36053582,Tampa Bay Buccaneers @ Cincinnati Bengals,2026-09-13T17:01:00.000Z,FanDuel,751.185673925,rushing_yards,Samaje Perine - Rushing Yds,,Samaje Perine,15499371,under,19.5,-113,1.884955752212389,0.5305164319248826,open,,,2026-09-10T00:15:37Z,,,,,v3-forward-measurement
76734696-b59c-4fb2-b801-dbad82d599b5,75e6e0ef-a5d7-4614-a10e-5b368809ba0c,2026-09-10T00:15:37Z,FanDuel Sportsbook structured market feed,,VA,NFL,36053582,Tampa Bay Buccaneers @ Cincinnati Bengals,2026-09-13T17:01:00.000Z,FanDuel,751.185673760,receiving_yards,Kenneth Gainwell - Receiving Yds,,Kenneth Gainwell,40915793,over,20.5,-113,1.884955752212389,0.5305164319248826,open,,,2026-09-10T00:15:37Z,,,,,v3-forward-measurement
76734696-b59c-4fb2-b801-dbad82d599b5,7083bbb6-5eef-43f2-91df-b619fac13f36,2026-09-10T00:15:37Z,FanDuel Sportsbook structured market feed,,VA,NFL,36053582,Tampa Bay Buccaneers @ Cincinnati Bengals,2026-09-13T17:01:00.000Z,FanDuel,751.185673760,receiving_yards,Kenneth Gainwell - Receiving Yds,,Kenneth Gainwell,40915796,under,20.5,-113,1.884955752212389,0.5305164319248826,open,,,2026-09-10T00:15:37Z,,,,,v3-forward-measurement
76734696-b59c-4fb2-b801-dbad82d599b5,30851daa-c01d-408e-af56-52ec727a0b7f,2026-09-10T00:15:37Z,FanDuel Sportsbook structured market feed,,VA,NFL,36053582,Tampa Bay Buccaneers @ Cincinnati Bengals,2026-09-13T17:01:00.000Z,FanDuel,751.185673848,receiving_yards,Chris Godwin - Receiving Yds,,Chris Godwin,20781116,over,40.5,-113,1.884955752212389,0.5305164319248826,open,,,2026-09-10T00:15:37Z,,,,,v3-forward-measurement
76734696-b59c-4fb2-b801-dbad82d599b5,4c86195c-6b90-4bed-a25e-8ce5b454baf1,2026-09-10T00:15:37Z,FanDuel Sportsbook structured market feed,,VA,NFL,36053582,Tampa Bay Buccaneers @ Cincinnati Bengals,2026-09-13T17:01:00.000Z,FanDuel,751.185673848,receiving_yards,Chris Godwin - Receiving Yds,,Chris Godwin,20781117,under,40.5,-113,1.884955752212389,0.5305164319248826,open,,,2026-09-10T00:15:37Z,,,,,v3-forward-measurement
76734696-b59c-4fb2-b801-dbad82d599b5,a2dd358d-97f2-4cbb-85f7-3b2497f62f92,2026-09-10T00:15:37Z,FanDuel Sportsbook structured market feed,,VA,NFL,36053582,Tampa Bay Buccaneers @ Cincinnati Bengals,2026-09-13T17:01:00.000Z,FanDuel,751.185673927,receptions,Cade Otton - Total Receptions,,Cade Otton,41346941,over,3.5,124,2.24,0.44642857142857145,open,,,2026-09-10T00:15:37Z,,,,,v3-forward-measurement
76734696-b59c-4fb2-b801-dbad82d599b5,039b260b-87c5-4e73-a178-3e9c462b4910,2026-09-10T00:15:37Z,FanDuel Sportsbook structured market feed,,VA,NFL,36053582,Tampa Bay Buccaneers @ Cincinnati Bengals,2026-09-13T17:01:00.000Z,FanDuel,751.185673927,receptions,Cade Otton - Total Receptions,,Cade Otton,41346942,under,3.5,-166,1.602409638554217,0.6240601503759399,open,,,2026-09-10T00:15:37Z,,,,,v3-forward-measurement
76734696-b59c-4fb2-b801-dbad82d599b5,a7aab48d-8fae-4310-9a71-b6f96e68cc76,2026-09-10T00:15:37Z,FanDuel Sportsbook structured market feed,,VA,NFL,36053582,Tampa Bay Buccaneers @ Cincinnati Bengals,2026-09-13T17:01:00.000Z,FanDuel,751.185673870,receiving_yards,Tee Higgins - Receiving Yds,,Tee Higgins,22336746,over,60.5,-113,1.884955752212389,0.5305164319248826,open,,,2026-09-10T00:15:37Z,,,,,v3-forward-measurement
76734696-b59c-4fb2-b801-dbad82d599b5,c27339c2-963d-4178-ae44-b1fb72a3a854,2026-09-10T00:15:37Z,FanDuel Sportsbook structured market feed,,VA,NFL,36053582,Tampa Bay Buccaneers @ Cincinnati Bengals,2026-09-13T17:01:00.000Z,FanDuel,751.185673870,receiving_yards,Tee Higgins - Receiving Yds,,Tee Higgins,22336747,under,60.5,-113,1.884955752212389,0.5305164319248826,open,,,2026-09-10T00:15:37Z,,,,,v3-forward-measurement
76734696-b59c-4fb2-b801-dbad82d599b5,ceac583a-f6d5-4f75-8dd4-8440bcb96aa8,2026-09-10T00:15:37Z,FanDuel Sportsbook structured market feed,,VA,NFL,36053582,Tampa Bay Buccaneers @ Cincinnati Bengals,2026-09-13T17:01:00.000Z,FanDuel,751.185673871,receptions,Chase Brown - Total Receptions,,Chase Brown,41072627,over,3.5,-108,1.925925925925926,0.5192307692307693,open,,,2026-09-10T00:15:37Z,,,,,v3-forward-measurement
76734696-b59c-4fb2-b801-dbad82d599b5,a505cc2b-a6a6-42ef-b61b-a926dcc4582d,2026-09-10T00:15:37Z,FanDuel Sportsbook structured market feed,,VA,NFL,36053582,Tampa Bay Buccaneers @ Cincinnati Bengals,2026-09-13T17:01:00.000Z,FanDuel,751.185673871,receptions,Chase Brown - Total Receptions,,Chase Brown,41072629,under,3.5,-122,1.819672131147541,0.5495495495495496,open,,,2026-09-10T00:15:37Z,,,,,v3-forward-measurement
76734696-b59c-4fb2-b801-dbad82d599b5,af0f702c-7295-4a71-85a3-a48bd24db394,2026-09-10T00:15:37Z,FanDuel Sportsbook structured market feed,,VA,NFL,36053582,Tampa Bay Buccaneers @ Cincinnati Bengals,2026-09-13T17:01:00.000Z,FanDuel,751.185673951,receptions,Tee Higgins - Total Receptions,,Tee Higgins,22336746,over,4.5,-140,1.714285714285714,0.5833333333333334,open,,,2026-09-10T00:15:37Z,,,,,v3-forward-measurement
76734696-b59c-4fb2-b801-dbad82d599b5,ab9c7057-ed90-4f92-b4bb-3c1a3a1a0740,2026-09-10T00:15:37Z,FanDuel Sportsbook structured market feed,,VA,NFL,36053582,Tampa Bay Buccaneers @ Cincinnati Bengals,2026-09-13T17:01:00.000Z,FanDuel,751.185673951,receptions,Tee Higgins - Total Receptions,,Tee Higgins,22336747,under,4.5,106,2.06,0.4854368932038835,open,,,2026-09-10T00:15:37Z,,,,,v3-forward-measurement
76734696-b59c-4fb2-b801-dbad82d599b5,c94879a2-51fc-48d0-9fc5-b8343521a4f4,2026-09-10T00:15:37Z,FanDuel Sportsbook structured market feed,,VA,NFL,36053582,Tampa Bay Buccaneers @ Cincinnati Bengals,2026-09-13T17:01:00.000Z,FanDuel,751.185673874,receiving_yards,Cade Otton - Receiving Yds,,Cade Otton,41346941,over,28.5,-113,1.884955752212389,0.5305164319248826,open,,,2026-09-10T00:15:37Z,,,,,v3-forward-measurement
76734696-b59c-4fb2-b801-dbad82d599b5,31932b20-d9df-4c0d-92ce-d3a48d98b62e,2026-09-10T00:15:37Z,FanDuel Sportsbook structured market feed,,VA,NFL,36053582,Tampa Bay Buccaneers @ Cincinnati Bengals,2026-09-13T17:01:00.000Z,FanDuel,751.185673874,receiving_yards,Cade Otton - Receiving Yds,,Cade Otton,41346942,under,28.5,-113,1.884955752212389,0.5305164319248826,open,,,2026-09-10T00:15:37Z,,,,,v3-forward-measurement
76734696-b59c-4fb2-b801-dbad82d599b5,a8775769-1076-46b2-8f8a-8d6d781dc442,2026-09-10T00:15:37Z,FanDuel Sportsbook structured market feed,,VA,NFL,36053582,Tampa Bay Buccaneers @ Cincinnati Bengals,2026-09-13T17:01:00.000Z,FanDuel,751.185673955,receptions,Jalen McMillan - Total Receptions,,Jalen McMillan,41173066,over,2.5,-154,1.649350649350649,0.6062992125984252,open,,,2026-09-10T00:15:37Z,,,,,v3-forward-measurement
76734696-b59c-4fb2-b801-dbad82d599b5,4cc5e593-beab-43e9-8167-1271e9cde7aa,2026-09-10T00:15:37Z,FanDuel Sportsbook structured market feed,,VA,NFL,36053582,Tampa Bay Buccaneers @ Cincinnati Bengals,2026-09-13T17:01:00.000Z,FanDuel,751.185673955,receptions,Jalen McMillan - Total Receptions,,Jalen McMillan,41173067,under,2.5,116,2.16,0.46296296296296297,open,,,2026-09-10T00:15:37Z,,,,,v3-forward-measurement
76734696-b59c-4fb2-b801-dbad82d599b5,ad77dc21-9a5c-4189-ac2d-e235f233254f,2026-09-10T00:15:37Z,FanDuel Sportsbook structured market feed,,VA,NFL,36053582,Tampa Bay Buccaneers @ Cincinnati Bengals,2026-09-13T17:01:00.000Z,FanDuel,751.185673879,receiving_yards,Jalen McMillan - Receiving Yds,,Jalen McMillan,41173066,over,34.5,-113,1.884955752212389,0.5305164319248826,open,,,2026-09-10T00:15:37Z,,,,,v3-forward-measurement
76734696-b59c-4fb2-b801-dbad82d599b5,1d01726a-2e5a-4fae-a3e9-4d9214ae6c73,2026-09-10T00:15:37Z,FanDuel Sportsbook structured market feed,,VA,NFL,36053582,Tampa Bay Buccaneers @ Cincinnati Bengals,2026-09-13T17:01:00.000Z,FanDuel,751.185673879,receiving_yards,Jalen McMillan - Receiving Yds,,Jalen McMillan,41173067,under,34.5,-113,1.884955752212389,0.5305164319248826,open,,,2026-09-10T00:15:37Z,,,,,v3-forward-measurement
76734696-b59c-4fb2-b801-dbad82d599b5,6b2dba76-1381-48fc-a822-7535816dcdf5,2026-09-10T00:15:37Z,FanDuel Sportsbook structured market feed,,VA,NFL,36053582,Tampa Bay Buccaneers @ Cincinnati Bengals,2026-09-13T17:01:00.000Z,FanDuel,751.185673838,receptions,Emeka Egbuka - Total Receptions,,Emeka Egbuka,48671758,over,4.5,124,2.24,0.44642857142857145,open,,,2026-09-10T00:15:37Z,,,,,v3-forward-measurement
76734696-b59c-4fb2-b801-dbad82d599b5,2299ff12-bd88-41e0-99d7-9261eff3092e,2026-09-10T00:15:37Z,FanDuel Sportsbook structured market feed,,VA,NFL,36053582,Tampa Bay Buccaneers @ Cincinnati Bengals,2026-09-13T17:01:00.000Z,FanDuel,751.185673838,receptions,Emeka Egbuka - Total Receptions,,Emeka Egbuka,48671757,under,4.5,-166,1.602409638554217,0.6240601503759399,open,,,2026-09-10T00:15:37Z,,,,,v3-forward-measurement
76734696-b59c-4fb2-b801-dbad82d599b5,120ce9b3-0673-4b27-9458-5edab1208052,2026-09-10T00:15:37Z,FanDuel Sportsbook structured market feed,,VA,NFL,36053582,Tampa Bay Buccaneers @ Cincinnati Bengals,2026-09-13T17:01:00.000Z,FanDuel,751.185673907,receiving_yards,Emeka Egbuka - Receiving Yds,,Emeka Egbuka,48671758,over,52.5,-113,1.884955752212389,0.5305164319248826,open,,,2026-09-10T00:15:37Z,,,,,v3-forward-measurement
76734696-b59c-4fb2-b801-dbad82d599b5,34a04504-3123-4f0c-ad70-3f8a5bbc0581,2026-09-10T00:15:37Z,FanDuel Sportsbook structured market feed,,VA,NFL,36053582,Tampa Bay Buccaneers @ Cincinnati Bengals,2026-09-13T17:01:00.000Z,FanDuel,751.185673907,receiving_yards,Emeka Egbuka - Receiving Yds,,Emeka Egbuka,48671757,under,52.5,-113,1.884955752212389,0.5305164319248826,open,,,2026-09-10T00:15:37Z,,,,,v3-forward-measurement
76734696-b59c-4fb2-b801-dbad82d599b5,871230fe-890b-4316-86b2-4f0da883f680,2026-09-10T00:15:37Z,FanDuel Sportsbook structured market feed,,VA,NFL,36053582,Tampa Bay Buccaneers @ Cincinnati Bengals,2026-09-13T17:01:00.000Z,FanDuel,751.185673780,receiving_yards,Chase Brown - Receiving Yds,,Chase Brown,41072627,over,23.5,-113,1.884955752212389,0.5305164319248826,open,,,2026-09-10T00:15:37Z,,,,,v3-forward-measurement
76734696-b59c-4fb2-b801-dbad82d599b5,705fd790-7ba1-43f8-b6f2-350c46e7d67e,2026-09-10T00:15:37Z,FanDuel Sportsbook structured market feed,,VA,NFL,36053582,Tampa Bay Buccaneers @ Cincinnati Bengals,2026-09-13T17:01:00.000Z,FanDuel,751.185673780,receiving_yards,Chase Brown - Receiving Yds,,Chase Brown,41072629,under,23.5,-113,1.884955752212389,0.5305164319248826,open,,,2026-09-10T00:15:37Z,,,,,v3-forward-measurement
76734696-b59c-4fb2-b801-dbad82d599b5,64ad94d5-cf23-45f6-b201-216ea10b6ba0,2026-09-10T00:15:37Z,FanDuel Sportsbook structured market feed,,VA,NFL,36053582,Tampa Bay Buccaneers @ Cincinnati Bengals,2026-09-13T17:01:00.000Z,FanDuel,751.185673781,receptions,Mike Gesicki - Total Receptions,,Mike Gesicki,16580234,over,2.5,124,2.24,0.44642857142857145,open,,,2026-09-10T00:15:37Z,,,,,v3-forward-measurement
76734696-b59c-4fb2-b801-dbad82d599b5,94fb2d95-2bd9-432f-ae78-47eee25cb1af,2026-09-10T00:15:37Z,FanDuel Sportsbook structured market feed,,VA,NFL,36053582,Tampa Bay Buccaneers @ Cincinnati Bengals,2026-09-13T17:01:00.000Z,FanDuel,751.185673781,receptions,Mike Gesicki - Total Receptions,,Mike Gesicki,16580235,under,2.5,-166,1.602409638554217,0.6240601503759399,open,,,2026-09-10T00:15:37Z,,,,,v3-forward-measurement
76734696-b59c-4fb2-b801-dbad82d599b5,04b3a454-7ded-4788-8a2b-9ece10f89114,2026-09-10T00:15:37Z,FanDuel Sportsbook structured market feed,,VA,NFL,36053582,Tampa Bay Buccaneers @ Cincinnati Bengals,2026-09-13T17:01:00.000Z,FanDuel,751.185673863,receptions,Samaje Perine - Total Receptions,,Samaje Perine,15499370,over,1.5,140,2.4,0.4166666666666667,open,,,2026-09-10T00:15:37Z,,,,,v3-forward-measurement
76734696-b59c-4fb2-b801-dbad82d599b5,0fd448fa-eec0-498b-aa21-0150bee2c2e1,2026-09-10T00:15:37Z,FanDuel Sportsbook structured market feed,,VA,NFL,36053582,Tampa Bay Buccaneers @ Cincinnati Bengals,2026-09-13T17:01:00.000Z,FanDuel,751.185673863,receptions,Samaje Perine - Total Receptions,,Samaje Perine,15499371,under,1.5,-188,1.531914893617021,0.6527777777777778,open,,,2026-09-10T00:15:37Z,,,,,v3-forward-measurement
76734696-b59c-4fb2-b801-dbad82d599b5,6d4f597f-d940-4eed-a179-84969278a4aa,2026-09-10T00:15:37Z,FanDuel Sportsbook structured market feed,,VA,NFL,36053582,Tampa Bay Buccaneers @ Cincinnati Bengals,2026-09-13T17:01:00.000Z,FanDuel,751.185673941,receiving_yards,Samaje Perine - Receiving Yds,,Samaje Perine,15499370,over,6.5,-113,1.884955752212389,0.5305164319248826,open,,,2026-09-10T00:15:37Z,,,,,v3-forward-measurement
76734696-b59c-4fb2-b801-dbad82d599b5,e5e491d5-aa64-4307-becd-780db6804c72,2026-09-10T00:15:37Z,FanDuel Sportsbook structured market feed,,VA,NFL,36053582,Tampa Bay Buccaneers @ Cincinnati Bengals,2026-09-13T17:01:00.000Z,FanDuel,751.185673941,receiving_yards,Samaje Perine - Receiving Yds,,Samaje Perine,15499371,under,6.5,-113,1.884955752212389,0.5305164319248826,open,,,2026-09-10T00:15:37Z,,,,,v3-forward-measurement
76734696-b59c-4fb2-b801-dbad82d599b5,47eb156b-3677-4960-bd7d-50072b79f66a,2026-09-10T00:15:37Z,FanDuel Sportsbook structured market feed,,VA,NFL,36053582,Tampa Bay Buccaneers @ Cincinnati Bengals,2026-09-13T17:01:00.000Z,FanDuel,751.185673828,receptions,Bucky Irving - Total Receptions,,Bucky Irving,49541847,over,2.5,144,2.44,0.4098360655737705,open,,,2026-09-10T00:15:37Z,,,,,v3-forward-measurement
76734696-b59c-4fb2-b801-dbad82d599b5,6fac74b5-aafc-4088-b028-9fd29a929f1c,2026-09-10T00:15:37Z,FanDuel Sportsbook structured market feed,,VA,NFL,36053582,Tampa Bay Buccaneers @ Cincinnati Bengals,2026-09-13T17:01:00.000Z,FanDuel,751.185673828,receptions,Bucky Irving - Total Receptions,,Bucky Irving,49541845,under,2.5,-194,1.515463917525773,0.6598639455782312,open,,,2026-09-10T00:15:37Z,,,,,v3-forward-measurement
76734696-b59c-4fb2-b801-dbad82d599b5,b92fd039-e651-4a3d-bbf6-080bb81e9f32,2026-09-10T00:15:37Z,FanDuel Sportsbook structured market feed,,VA,NFL,36053582,Tampa Bay Buccaneers @ Cincinnati Bengals,2026-09-13T17:01:00.000Z,FanDuel,751.185673939,receiving_yards,Bucky Irving - Receiving Yds,,Bucky Irving,49541847,over,13.5,-113,1.884955752212389,0.5305164319248826,open,,,2026-09-10T00:15:37Z,,,,,v3-forward-measurement
76734696-b59c-4fb2-b801-dbad82d599b5,ebe6e4ed-3415-4377-b74b-1b9eafab3536,2026-09-10T00:15:37Z,FanDuel Sportsbook structured market feed,,VA,NFL,36053582,Tampa Bay Buccaneers @ Cincinnati Bengals,2026-09-13T17:01:00.000Z,FanDuel,751.185673939,receiving_yards,Bucky Irving - Receiving Yds,,Bucky Irving,49541845,under,13.5,-113,1.884955752212389,0.5305164319248826,open,,,2026-09-10T00:15:37Z,,,,,v3-forward-measurement
76734696-b59c-4fb2-b801-dbad82d599b5,85e26fbb-4d24-4fc1-abcc-ed861435b194,2026-09-10T00:15:37Z,FanDuel Sportsbook structured market feed,,VA,NFL,36053582,Tampa Bay Buccaneers @ Cincinnati Bengals,2026-09-13T17:01:00.000Z,FanDuel,751.185673775,receiving_yards,Mike Gesicki - Receiving Yds,,Mike Gesicki,16580234,over,20.5,-113,1.884955752212389,0.5305164319248826,open,,,2026-09-10T00:15:37Z,,,,,v3-forward-measurement
76734696-b59c-4fb2-b801-dbad82d599b5,cd83acb9-53aa-461c-ad20-fddbdfeceedb,2026-09-10T00:15:37Z,FanDuel Sportsbook structured market feed,,VA,NFL,36053582,Tampa Bay Buccaneers @ Cincinnati Bengals,2026-09-13T17:01:00.000Z,FanDuel,751.185673775,receiving_yards,Mike Gesicki - Receiving Yds,,Mike Gesicki,16580235,under,20.5,-113,1.884955752212389,0.5305164319248826,open,,,2026-09-10T00:15:37Z,,,,,v3-forward-measurement
76734696-b59c-4fb2-b801-dbad82d599b5,d01d617d-6af0-4cf2-97ed-c5db4c4c5502,2026-09-10T00:15:37Z,FanDuel Sportsbook structured market feed,,VA,NFL,36053582,Tampa Bay Buccaneers @ Cincinnati Bengals,2026-09-13T17:01:00.000Z,FanDuel,751.185673731,receptions,Chris Godwin - Total Receptions,,Chris Godwin,20781116,over,3.5,-138,1.72463768115942,0.5798319327731093,open,,,2026-09-10T00:15:37Z,,,,,v3-forward-measurement
76734696-b59c-4fb2-b801-dbad82d599b5,be882686-6d99-40d8-a85f-9fd0c51e85d1,2026-09-10T00:15:37Z,FanDuel Sportsbook structured market feed,,VA,NFL,36053582,Tampa Bay Buccaneers @ Cincinnati Bengals,2026-09-13T17:01:00.000Z,FanDuel,751.185673731,receptions,Chris Godwin - Total Receptions,,Chris Godwin,20781117,under,3.5,104,2.04,0.49019607843137253,open,,,2026-09-10T00:15:37Z,,,,,v3-forward-measurement
76734696-b59c-4fb2-b801-dbad82d599b5,0e82541b-e986-4c8c-b27f-84fa2cf9e07f,2026-09-10T00:15:37Z,FanDuel Sportsbook structured market feed,,VA,NFL,36053582,Tampa Bay Buccaneers @ Cincinnati Bengals,2026-09-13T17:01:00.000Z,FanDuel,751.185673897,receptions,Kenneth Gainwell - Total Receptions,,Kenneth Gainwell,40915793,over,3.5,116,2.16,0.46296296296296297,open,,,2026-09-10T00:15:37Z,,,,,v3-forward-measurement
76734696-b59c-4fb2-b801-dbad82d599b5,f78752ca-77fc-45bd-a89f-299ddf3d0de2,2026-09-10T00:15:37Z,FanDuel Sportsbook structured market feed,,VA,NFL,36053582,Tampa Bay Buccaneers @ Cincinnati Bengals,2026-09-13T17:01:00.000Z,FanDuel,751.185673897,receptions,Kenneth Gainwell - Total Receptions,,Kenneth Gainwell,40915796,under,3.5,-154,1.649350649350649,0.6062992125984252,open,,,2026-09-10T00:15:37Z,,,,,v3-forward-measurement
76734696-b59c-4fb2-b801-dbad82d599b5,6485aa2d-b0e6-4a3c-880f-3b8263173108,2026-09-10T00:15:37Z,FanDuel Sportsbook structured market feed,,VA,NFL,36053582,Tampa Bay Buccaneers @ Cincinnati Bengals,2026-09-13T17:01:00.000Z,FanDuel,751.185673930,receptions,Ja'Marr Chase - Total Receptions,,Ja'Marr Chase,40890769,over,7.5,116,2.16,0.46296296296296297,open,,,2026-09-10T00:15:37Z,,,,,v3-forward-measurement
76734696-b59c-4fb2-b801-dbad82d599b5,006d920b-3147-47f4-a7ab-f488788b13b7,2026-09-10T00:15:37Z,FanDuel Sportsbook structured market feed,,VA,NFL,36053582,Tampa Bay Buccaneers @ Cincinnati Bengals,2026-09-13T17:01:00.000Z,FanDuel,751.185673930,receptions,Ja'Marr Chase - Total Receptions,,Ja'Marr Chase,40890768,under,7.5,-154,1.649350649350649,0.6062992125984252,open,,,2026-09-10T00:15:37Z,,,,,v3-forward-measurement
76734696-b59c-4fb2-b801-dbad82d599b5,65bedff7-3a6a-4374-b5c9-46512a41218d,2026-09-10T00:15:37Z,FanDuel Sportsbook structured market feed,,VA,NFL,36053582,Tampa Bay Buccaneers @ Cincinnati Bengals,2026-09-13T17:01:00.000Z,FanDuel,751.185673778,receiving_yards,Ja'Marr Chase - Receiving Yds,,Ja'Marr Chase,40890769,over,85.5,-113,1.884955752212389,0.5305164319248826,open,,,2026-09-10T00:15:37Z,,,,,v3-forward-measurement
76734696-b59c-4fb2-b801-dbad82d599b5,1b252be5-9c7d-4d72-b421-a1342eb0d591,2026-09-10T00:15:37Z,FanDuel Sportsbook structured market feed,,VA,NFL,36053582,Tampa Bay Buccaneers @ Cincinnati Bengals,2026-09-13T17:01:00.000Z,FanDuel,751.185673778,receiving_yards,Ja'Marr Chase - Receiving Yds,,Ja'Marr Chase,40890768,under,85.5,-113,1.884955752212389,0.5305164319248826,open,,,2026-09-10T00:15:37Z,,,,,v3-forward-measurement
