capture_id,quote_id,captured_at,source,source_updated_at,state,sport,event_id,event_name,kickoff,book,market_id,market_type,market_name,player_id,player_name,selection_id,selection,line,american_price,decimal_price,implied_probability,quote_status,opening_line,opening_price,first_observed,closing_line,closing_price,result,net_units,model_version
fa8aa086-6117-4fe9-a09a-8f0796609995,ce7fdf7c-87f2-421e-a966-2ff2b59a351b,2026-09-10T12:15:11Z,FanDuel Sportsbook structured market feed,,VA,NFL,35596943,Dallas Cowboys @ New York Giants,2026-09-14T00:20:00.000Z,FanDuel,751.183007431,passing_touchdowns,Jaxson Dart - Passing TDs,,Jaxson Dart,41788833,over,1.5,134,2.34,0.42735042735042733,open,,,2026-09-10T12:15:11Z,,,,,v3-forward-measurement
fa8aa086-6117-4fe9-a09a-8f0796609995,715be3e0-098a-4932-a356-41d376b8f396,2026-09-10T12:15:11Z,FanDuel Sportsbook structured market feed,,VA,NFL,35596943,Dallas Cowboys @ New York Giants,2026-09-14T00:20:00.000Z,FanDuel,751.183007431,passing_touchdowns,Jaxson Dart - Passing TDs,,Jaxson Dart,41788834,under,1.5,-180,1.555555555555556,0.6428571428571429,open,,,2026-09-10T12:15:11Z,,,,,v3-forward-measurement
fa8aa086-6117-4fe9-a09a-8f0796609995,3988eda6-9444-4850-9778-bbba48f614e9,2026-09-10T12:15:11Z,FanDuel Sportsbook structured market feed,,VA,NFL,35596943,Dallas Cowboys @ New York Giants,2026-09-14T00:20:00.000Z,FanDuel,751.183007477,passing_yards,Dak Prescott - Passing Yds,,Dak Prescott,11889993,over,260.5,-114,1.87719298245614,0.5327102803738317,open,,,2026-09-10T12:15:11Z,,,,,v3-forward-measurement
fa8aa086-6117-4fe9-a09a-8f0796609995,57184f5d-fec2-420b-bf79-64d41c84c41e,2026-09-10T12:15:11Z,FanDuel Sportsbook structured market feed,,VA,NFL,35596943,Dallas Cowboys @ New York Giants,2026-09-14T00:20:00.000Z,FanDuel,751.183007477,passing_yards,Dak Prescott - Passing Yds,,Dak Prescott,11889992,under,260.5,-114,1.87719298245614,0.5327102803738317,open,,,2026-09-10T12:15:11Z,,,,,v3-forward-measurement
fa8aa086-6117-4fe9-a09a-8f0796609995,33824069-59aa-4377-bf07-73df401c4094,2026-09-10T12:15:11Z,FanDuel Sportsbook structured market feed,,VA,NFL,35596943,Dallas Cowboys @ New York Giants,2026-09-14T00:20:00.000Z,FanDuel,751.183007451,passing_yards,Jaxson Dart - Passing Yds,,Jaxson Dart,41788833,over,217.5,-114,1.87719298245614,0.5327102803738317,open,,,2026-09-10T12:15:11Z,,,,,v3-forward-measurement
fa8aa086-6117-4fe9-a09a-8f0796609995,c423972f-04a2-4ad4-94a5-83e33ddda6ea,2026-09-10T12:15:11Z,FanDuel Sportsbook structured market feed,,VA,NFL,35596943,Dallas Cowboys @ New York Giants,2026-09-14T00:20:00.000Z,FanDuel,751.183007451,passing_yards,Jaxson Dart - Passing Yds,,Jaxson Dart,41788834,under,217.5,-114,1.87719298245614,0.5327102803738317,open,,,2026-09-10T12:15:11Z,,,,,v3-forward-measurement
fa8aa086-6117-4fe9-a09a-8f0796609995,7aafdc8a-051a-481e-b860-6bbfbd834811,2026-09-10T12:15:11Z,FanDuel Sportsbook structured market feed,,VA,NFL,35596943,Dallas Cowboys @ New York Giants,2026-09-14T00:20:00.000Z,FanDuel,751.183007524,passing_touchdowns,Dak Prescott - Passing TDs,,Dak Prescott,11889993,over,1.5,-138,1.72463768115942,0.5798319327731093,open,,,2026-09-10T12:15:11Z,,,,,v3-forward-measurement
fa8aa086-6117-4fe9-a09a-8f0796609995,4242f49e-033c-46e0-9576-f2d172f67740,2026-09-10T12:15:11Z,FanDuel Sportsbook structured market feed,,VA,NFL,35596943,Dallas Cowboys @ New York Giants,2026-09-14T00:20:00.000Z,FanDuel,751.183007524,passing_touchdowns,Dak Prescott - Passing TDs,,Dak Prescott,11889992,under,1.5,104,2.04,0.49019607843137253,open,,,2026-09-10T12:15:11Z,,,,,v3-forward-measurement
70b884d9-eef1-4b76-a334-4284de896166,f5e40ef0-e008-4938-9707-88069c429ba1,2026-09-10T12:15:11Z,FanDuel Sportsbook structured market feed,,VA,NFL,35596943,Dallas Cowboys @ New York Giants,2026-09-14T00:20:00.000Z,FanDuel,751.183016259,rushing_yards,Jaxson Dart - Rushing Yds,,Jaxson Dart,41788833,over,28.5,-114,1.87719298245614,0.5327102803738317,open,,,2026-09-10T12:15:11Z,,,,,v3-forward-measurement
70b884d9-eef1-4b76-a334-4284de896166,3aaa182e-3d45-4d1f-9080-459ab0e0c003,2026-09-10T12:15:11Z,FanDuel Sportsbook structured market feed,,VA,NFL,35596943,Dallas Cowboys @ New York Giants,2026-09-14T00:20:00.000Z,FanDuel,751.183016259,rushing_yards,Jaxson Dart - Rushing Yds,,Jaxson Dart,41788834,under,28.5,-114,1.87719298245614,0.5327102803738317,open,,,2026-09-10T12:15:11Z,,,,,v3-forward-measurement
70b884d9-eef1-4b76-a334-4284de896166,e7a9ce6c-ac5e-4064-909a-2569aa770cc1,2026-09-10T12:15:11Z,FanDuel Sportsbook structured market feed,,VA,NFL,35596943,Dallas Cowboys @ New York Giants,2026-09-14T00:20:00.000Z,FanDuel,751.185544787,rushing_yards,Malik Davis - Rushing Yds,,Malik Davis,41172959,over,13.5,-114,1.87719298245614,0.5327102803738317,open,,,2026-09-10T12:15:11Z,,,,,v3-forward-measurement
70b884d9-eef1-4b76-a334-4284de896166,a0daee9e-87ca-4216-a027-beda463ce720,2026-09-10T12:15:11Z,FanDuel Sportsbook structured market feed,,VA,NFL,35596943,Dallas Cowboys @ New York Giants,2026-09-14T00:20:00.000Z,FanDuel,751.185544787,rushing_yards,Malik Davis - Rushing Yds,,Malik Davis,41172958,under,13.5,-114,1.87719298245614,0.5327102803738317,open,,,2026-09-10T12:15:11Z,,,,,v3-forward-measurement
70b884d9-eef1-4b76-a334-4284de896166,01d31a73-80bd-461b-8f6c-04c7cf43a26c,2026-09-10T12:15:11Z,FanDuel Sportsbook structured market feed,,VA,NFL,35596943,Dallas Cowboys @ New York Giants,2026-09-14T00:20:00.000Z,FanDuel,751.184988882,rushing_yards,Cam Skattebo - Rushing Yds,,Cam Skattebo,88246528,over,49.5,-114,1.87719298245614,0.5327102803738317,open,,,2026-09-10T12:15:11Z,,,,,v3-forward-measurement
70b884d9-eef1-4b76-a334-4284de896166,b0ed3447-f3a4-4c53-a88e-b095fcb00e04,2026-09-10T12:15:11Z,FanDuel Sportsbook structured market feed,,VA,NFL,35596943,Dallas Cowboys @ New York Giants,2026-09-14T00:20:00.000Z,FanDuel,751.184988882,rushing_yards,Cam Skattebo - Rushing Yds,,Cam Skattebo,88246518,under,49.5,-114,1.87719298245614,0.5327102803738317,open,,,2026-09-10T12:15:11Z,,,,,v3-forward-measurement
70b884d9-eef1-4b76-a334-4284de896166,22b3ef43-811b-4a18-b3d1-c7acc984a6c1,2026-09-10T12:15:11Z,FanDuel Sportsbook structured market feed,,VA,NFL,35596943,Dallas Cowboys @ New York Giants,2026-09-14T00:20:00.000Z,FanDuel,751.183016262,rushing_yards,Javonte Williams - Rushing Yds,,Javonte Williams,40891106,over,73.5,-114,1.87719298245614,0.5327102803738317,open,,,2026-09-10T12:15:11Z,,,,,v3-forward-measurement
70b884d9-eef1-4b76-a334-4284de896166,5e6bef79-f8b0-498d-bdd0-d182c616bfdd,2026-09-10T12:15:11Z,FanDuel Sportsbook structured market feed,,VA,NFL,35596943,Dallas Cowboys @ New York Giants,2026-09-14T00:20:00.000Z,FanDuel,751.183016262,rushing_yards,Javonte Williams - Rushing Yds,,Javonte Williams,40891107,under,73.5,-114,1.87719298245614,0.5327102803738317,open,,,2026-09-10T12:15:11Z,,,,,v3-forward-measurement
70b884d9-eef1-4b76-a334-4284de896166,c3fc42a8-659d-4fba-bc2d-0ea5c6d58fcd,2026-09-10T12:15:11Z,FanDuel Sportsbook structured market feed,,VA,NFL,35596943,Dallas Cowboys @ New York Giants,2026-09-14T00:20:00.000Z,FanDuel,751.184989087,rushing_yards,Dak Prescott - Rushing Yds,,Dak Prescott,11889993,over,7.5,-114,1.87719298245614,0.5327102803738317,open,,,2026-09-10T12:15:11Z,,,,,v3-forward-measurement
70b884d9-eef1-4b76-a334-4284de896166,6a85500e-7763-4429-ad34-090f7d119946,2026-09-10T12:15:11Z,FanDuel Sportsbook structured market feed,,VA,NFL,35596943,Dallas Cowboys @ New York Giants,2026-09-14T00:20:00.000Z,FanDuel,751.184989087,rushing_yards,Dak Prescott - Rushing Yds,,Dak Prescott,11889992,under,7.5,-114,1.87719298245614,0.5327102803738317,open,,,2026-09-10T12:15:11Z,,,,,v3-forward-measurement
424b6b3a-4991-432d-b977-fb6d543eb459,fa4964ef-e43e-402e-9ba0-07b92ea3589e,2026-09-10T12:15:11Z,FanDuel Sportsbook structured market feed,,VA,NFL,35596943,Dallas Cowboys @ New York Giants,2026-09-14T00:20:00.000Z,FanDuel,751.185434183,receptions,Malachi Fields - Total Receptions,,Malachi Fields,59997472,over,2.5,134,2.34,0.42735042735042733,open,,,2026-09-10T12:15:11Z,,,,,v3-forward-measurement
424b6b3a-4991-432d-b977-fb6d543eb459,5277c8eb-7643-4ad0-9f97-d0bc9dc1adf6,2026-09-10T12:15:11Z,FanDuel Sportsbook structured market feed,,VA,NFL,35596943,Dallas Cowboys @ New York Giants,2026-09-14T00:20:00.000Z,FanDuel,751.185434183,receptions,Malachi Fields - Total Receptions,,Malachi Fields,59997467,under,2.5,-180,1.555555555555556,0.6428571428571429,open,,,2026-09-10T12:15:11Z,,,,,v3-forward-measurement
424b6b3a-4991-432d-b977-fb6d543eb459,27462d74-00e3-433e-87c9-fd04106b4ddb,2026-09-10T12:15:11Z,FanDuel Sportsbook structured market feed,,VA,NFL,35596943,Dallas Cowboys @ New York Giants,2026-09-14T00:20:00.000Z,FanDuel,751.184988868,receiving_yards,Cam Skattebo - Receiving Yds,,Cam Skattebo,88246528,over,15.5,-114,1.87719298245614,0.5327102803738317,open,,,2026-09-10T12:15:11Z,,,,,v3-forward-measurement
424b6b3a-4991-432d-b977-fb6d543eb459,e9df064d-72b9-46ba-b1bc-44b20ecd795a,2026-09-10T12:15:11Z,FanDuel Sportsbook structured market feed,,VA,NFL,35596943,Dallas Cowboys @ New York Giants,2026-09-14T00:20:00.000Z,FanDuel,751.184988868,receiving_yards,Cam Skattebo - Receiving Yds,,Cam Skattebo,88246518,under,15.5,-114,1.87719298245614,0.5327102803738317,open,,,2026-09-10T12:15:11Z,,,,,v3-forward-measurement
424b6b3a-4991-432d-b977-fb6d543eb459,0f7eef67-e3ef-4438-970d-2bf967d3a11a,2026-09-10T12:15:11Z,FanDuel Sportsbook structured market feed,,VA,NFL,35596943,Dallas Cowboys @ New York Giants,2026-09-14T00:20:00.000Z,FanDuel,751.184987956,receptions,Jake Ferguson - Total Receptions,,Jake Ferguson,41072316,over,3.5,-106,1.943396226415094,0.5145631067961165,open,,,2026-09-10T12:15:11Z,,,,,v3-forward-measurement
424b6b3a-4991-432d-b977-fb6d543eb459,0368d949-7349-405a-a97f-9bcd85ddb22c,2026-09-10T12:15:11Z,FanDuel Sportsbook structured market feed,,VA,NFL,35596943,Dallas Cowboys @ New York Giants,2026-09-14T00:20:00.000Z,FanDuel,751.184987956,receptions,Jake Ferguson - Total Receptions,,Jake Ferguson,41072318,under,3.5,-125,1.8,0.5555555555555556,open,,,2026-09-10T12:15:11Z,,,,,v3-forward-measurement
424b6b3a-4991-432d-b977-fb6d543eb459,5e16c958-7b62-40e0-a9ab-f60125b32372,2026-09-10T12:15:11Z,FanDuel Sportsbook structured market feed,,VA,NFL,35596943,Dallas Cowboys @ New York Giants,2026-09-14T00:20:00.000Z,FanDuel,751.183009497,receptions,CeeDee Lamb - Total Receptions,,CeeDee Lamb,35952241,over,6.5,116,2.16,0.46296296296296297,open,,,2026-09-10T12:15:11Z,,,,,v3-forward-measurement
424b6b3a-4991-432d-b977-fb6d543eb459,c401592c-0ab2-4b65-93a9-836e99bbbbaf,2026-09-10T12:15:11Z,FanDuel Sportsbook structured market feed,,VA,NFL,35596943,Dallas Cowboys @ New York Giants,2026-09-14T00:20:00.000Z,FanDuel,751.183009497,receptions,CeeDee Lamb - Total Receptions,,CeeDee Lamb,35952242,under,6.5,-154,1.649350649350649,0.6062992125984252,open,,,2026-09-10T12:15:11Z,,,,,v3-forward-measurement
424b6b3a-4991-432d-b977-fb6d543eb459,5ba8d98c-3e02-40e4-998a-eb5f0492534d,2026-09-10T12:15:11Z,FanDuel Sportsbook structured market feed,,VA,NFL,35596943,Dallas Cowboys @ New York Giants,2026-09-14T00:20:00.000Z,FanDuel,751.183009498,receiving_yards,CeeDee Lamb - Receiving Yds,,CeeDee Lamb,35952241,over,76.5,-114,1.87719298245614,0.5327102803738317,open,,,2026-09-10T12:15:11Z,,,,,v3-forward-measurement
424b6b3a-4991-432d-b977-fb6d543eb459,11268a3a-a2c5-4548-8201-869724b15901,2026-09-10T12:15:11Z,FanDuel Sportsbook structured market feed,,VA,NFL,35596943,Dallas Cowboys @ New York Giants,2026-09-14T00:20:00.000Z,FanDuel,751.183009498,receiving_yards,CeeDee Lamb - Receiving Yds,,CeeDee Lamb,35952242,under,76.5,-114,1.87719298245614,0.5327102803738317,open,,,2026-09-10T12:15:11Z,,,,,v3-forward-measurement
424b6b3a-4991-432d-b977-fb6d543eb459,dab5c10c-34d6-4963-9f40-4faec4ff2a88,2026-09-10T12:15:11Z,FanDuel Sportsbook structured market feed,,VA,NFL,35596943,Dallas Cowboys @ New York Giants,2026-09-14T00:20:00.000Z,FanDuel,751.184988881,receptions,Cam Skattebo - Total Receptions,,Cam Skattebo,88246528,over,2.5,116,2.16,0.46296296296296297,open,,,2026-09-10T12:15:11Z,,,,,v3-forward-measurement
424b6b3a-4991-432d-b977-fb6d543eb459,ffaac4f1-7755-436a-bd76-72e8f4f7ce01,2026-09-10T12:15:11Z,FanDuel Sportsbook structured market feed,,VA,NFL,35596943,Dallas Cowboys @ New York Giants,2026-09-14T00:20:00.000Z,FanDuel,751.184988881,receptions,Cam Skattebo - Total Receptions,,Cam Skattebo,88246518,under,2.5,-154,1.649350649350649,0.6062992125984252,open,,,2026-09-10T12:15:11Z,,,,,v3-forward-measurement
424b6b3a-4991-432d-b977-fb6d543eb459,c6770866-c6e9-4521-a2db-4b4b131f0a38,2026-09-10T12:15:11Z,FanDuel Sportsbook structured market feed,,VA,NFL,35596943,Dallas Cowboys @ New York Giants,2026-09-14T00:20:00.000Z,FanDuel,751.184988563,receptions,Isaiah Likely - Total Receptions,,Isaiah Likely,42088270,over,3.5,116,2.16,0.46296296296296297,open,,,2026-09-10T12:15:11Z,,,,,v3-forward-measurement
424b6b3a-4991-432d-b977-fb6d543eb459,1e3fef22-d52e-4148-b931-0b0afb223d9b,2026-09-10T12:15:11Z,FanDuel Sportsbook structured market feed,,VA,NFL,35596943,Dallas Cowboys @ New York Giants,2026-09-14T00:20:00.000Z,FanDuel,751.184988563,receptions,Isaiah Likely - Total Receptions,,Isaiah Likely,42088269,under,3.5,-154,1.649350649350649,0.6062992125984252,open,,,2026-09-10T12:15:11Z,,,,,v3-forward-measurement
424b6b3a-4991-432d-b977-fb6d543eb459,ab2e983f-c7e4-47b7-aab4-1c5f2efa01e3,2026-09-10T12:15:11Z,FanDuel Sportsbook structured market feed,,VA,NFL,35596943,Dallas Cowboys @ New York Giants,2026-09-14T00:20:00.000Z,FanDuel,751.184987950,receiving_yards,Jake Ferguson - Receiving Yds,,Jake Ferguson,41072316,over,28.5,-114,1.87719298245614,0.5327102803738317,open,,,2026-09-10T12:15:11Z,,,,,v3-forward-measurement
424b6b3a-4991-432d-b977-fb6d543eb459,6fe039fa-0aeb-4738-a78b-c8cecad7e34a,2026-09-10T12:15:11Z,FanDuel Sportsbook structured market feed,,VA,NFL,35596943,Dallas Cowboys @ New York Giants,2026-09-14T00:20:00.000Z,FanDuel,751.184987950,receiving_yards,Jake Ferguson - Receiving Yds,,Jake Ferguson,41072318,under,28.5,-114,1.87719298245614,0.5327102803738317,open,,,2026-09-10T12:15:11Z,,,,,v3-forward-measurement
424b6b3a-4991-432d-b977-fb6d543eb459,8b4b428a-759b-4d81-b5cf-126dbc1b71a9,2026-09-10T12:15:11Z,FanDuel Sportsbook structured market feed,,VA,NFL,35596943,Dallas Cowboys @ New York Giants,2026-09-14T00:20:00.000Z,FanDuel,751.183012162,receptions,George Pickens - Total Receptions,,George Pickens,42217164,over,5.5,124,2.24,0.44642857142857145,open,,,2026-09-10T12:15:11Z,,,,,v3-forward-measurement
424b6b3a-4991-432d-b977-fb6d543eb459,2809e7b7-d0ea-4c25-b505-66aa7862c66b,2026-09-10T12:15:11Z,FanDuel Sportsbook structured market feed,,VA,NFL,35596943,Dallas Cowboys @ New York Giants,2026-09-14T00:20:00.000Z,FanDuel,751.183012162,receptions,George Pickens - Total Receptions,,George Pickens,42217165,under,5.5,-166,1.602409638554217,0.6240601503759399,open,,,2026-09-10T12:15:11Z,,,,,v3-forward-measurement
424b6b3a-4991-432d-b977-fb6d543eb459,31e92adb-12da-446e-8ea0-39c9ae905126,2026-09-10T12:15:11Z,FanDuel Sportsbook structured market feed,,VA,NFL,35596943,Dallas Cowboys @ New York Giants,2026-09-14T00:20:00.000Z,FanDuel,751.183012163,receiving_yards,George Pickens - Receiving Yds,,George Pickens,42217164,over,69.5,-114,1.87719298245614,0.5327102803738317,open,,,2026-09-10T12:15:11Z,,,,,v3-forward-measurement
424b6b3a-4991-432d-b977-fb6d543eb459,c2ce0329-6ec0-4387-9d62-456a63b74eeb,2026-09-10T12:15:11Z,FanDuel Sportsbook structured market feed,,VA,NFL,35596943,Dallas Cowboys @ New York Giants,2026-09-14T00:20:00.000Z,FanDuel,751.183012163,receiving_yards,George Pickens - Receiving Yds,,George Pickens,42217165,under,69.5,-114,1.87719298245614,0.5327102803738317,open,,,2026-09-10T12:15:11Z,,,,,v3-forward-measurement
424b6b3a-4991-432d-b977-fb6d543eb459,084ecef9-2b24-42d1-b656-f1918b63965f,2026-09-10T12:15:11Z,FanDuel Sportsbook structured market feed,,VA,NFL,35596943,Dallas Cowboys @ New York Giants,2026-09-14T00:20:00.000Z,FanDuel,751.185434196,receiving_yards,Malachi Fields - Receiving Yds,,Malachi Fields,59997472,over,21.5,-114,1.87719298245614,0.5327102803738317,open,,,2026-09-10T12:15:11Z,,,,,v3-forward-measurement
424b6b3a-4991-432d-b977-fb6d543eb459,c6af553d-41e0-42c3-b6d7-cbb0b2017678,2026-09-10T12:15:11Z,FanDuel Sportsbook structured market feed,,VA,NFL,35596943,Dallas Cowboys @ New York Giants,2026-09-14T00:20:00.000Z,FanDuel,751.185434196,receiving_yards,Malachi Fields - Receiving Yds,,Malachi Fields,59997467,under,21.5,-114,1.87719298245614,0.5327102803738317,open,,,2026-09-10T12:15:11Z,,,,,v3-forward-measurement
424b6b3a-4991-432d-b977-fb6d543eb459,ec198b2e-fc55-483f-9fa0-b650bd4d5ea6,2026-09-10T12:15:11Z,FanDuel Sportsbook structured market feed,,VA,NFL,35596943,Dallas Cowboys @ New York Giants,2026-09-14T00:20:00.000Z,FanDuel,751.183013304,receiving_yards,Malik Nabers - Receiving Yds,,Malik Nabers,42258641,over,60.5,-114,1.87719298245614,0.5327102803738317,open,,,2026-09-10T12:15:11Z,,,,,v3-forward-measurement
424b6b3a-4991-432d-b977-fb6d543eb459,3a4dbfeb-b8c4-4675-9d36-860569583407,2026-09-10T12:15:11Z,FanDuel Sportsbook structured market feed,,VA,NFL,35596943,Dallas Cowboys @ New York Giants,2026-09-14T00:20:00.000Z,FanDuel,751.183013304,receiving_yards,Malik Nabers - Receiving Yds,,Malik Nabers,42258643,under,60.5,-114,1.87719298245614,0.5327102803738317,open,,,2026-09-10T12:15:11Z,,,,,v3-forward-measurement
424b6b3a-4991-432d-b977-fb6d543eb459,5849ed6a-58ba-4e39-8ed2-7f178bdeac59,2026-09-10T12:15:11Z,FanDuel Sportsbook structured market feed,,VA,NFL,35596943,Dallas Cowboys @ New York Giants,2026-09-14T00:20:00.000Z,FanDuel,751.183013303,receptions,Malik Nabers - Total Receptions,,Malik Nabers,42258641,over,5.5,120,2.2,0.45454545454545453,open,,,2026-09-10T12:15:11Z,,,,,v3-forward-measurement
424b6b3a-4991-432d-b977-fb6d543eb459,1df97e02-e4ee-44cb-9bed-bdc54ec57423,2026-09-10T12:15:11Z,FanDuel Sportsbook structured market feed,,VA,NFL,35596943,Dallas Cowboys @ New York Giants,2026-09-14T00:20:00.000Z,FanDuel,751.183013303,receptions,Malik Nabers - Total Receptions,,Malik Nabers,42258643,under,5.5,-160,1.625,0.6153846153846154,open,,,2026-09-10T12:15:11Z,,,,,v3-forward-measurement
424b6b3a-4991-432d-b977-fb6d543eb459,b3551516-b16a-41ba-9e91-555254a75fa4,2026-09-10T12:15:11Z,FanDuel Sportsbook structured market feed,,VA,NFL,35596943,Dallas Cowboys @ New York Giants,2026-09-14T00:20:00.000Z,FanDuel,751.184988559,receiving_yards,Isaiah Likely - Receiving Yds,,Isaiah Likely,42088270,over,34.5,-114,1.87719298245614,0.5327102803738317,open,,,2026-09-10T12:15:11Z,,,,,v3-forward-measurement
424b6b3a-4991-432d-b977-fb6d543eb459,3e906b32-5d84-47aa-8cb3-17cbf40b2abd,2026-09-10T12:15:11Z,FanDuel Sportsbook structured market feed,,VA,NFL,35596943,Dallas Cowboys @ New York Giants,2026-09-14T00:20:00.000Z,FanDuel,751.184988559,receiving_yards,Isaiah Likely - Receiving Yds,,Isaiah Likely,42088269,under,34.5,-114,1.87719298245614,0.5327102803738317,open,,,2026-09-10T12:15:11Z,,,,,v3-forward-measurement
424b6b3a-4991-432d-b977-fb6d543eb459,1727ce5b-f185-41e1-bf64-9a66ad3999fa,2026-09-10T12:15:11Z,FanDuel Sportsbook structured market feed,,VA,NFL,35596943,Dallas Cowboys @ New York Giants,2026-09-14T00:20:00.000Z,FanDuel,751.184988177,receiving_yards,Javonte Williams - Receiving Yds,,Javonte Williams,40891106,over,9.5,-114,1.87719298245614,0.5327102803738317,open,,,2026-09-10T12:15:11Z,,,,,v3-forward-measurement
424b6b3a-4991-432d-b977-fb6d543eb459,21aa97f0-4038-45a6-a5c4-9e8b58306ce1,2026-09-10T12:15:11Z,FanDuel Sportsbook structured market feed,,VA,NFL,35596943,Dallas Cowboys @ New York Giants,2026-09-14T00:20:00.000Z,FanDuel,751.184988177,receiving_yards,Javonte Williams - Receiving Yds,,Javonte Williams,40891107,under,9.5,-114,1.87719298245614,0.5327102803738317,open,,,2026-09-10T12:15:11Z,,,,,v3-forward-measurement
424b6b3a-4991-432d-b977-fb6d543eb459,d1ffa9b5-4bf7-401e-8d1c-d22fb7738dc0,2026-09-10T12:15:11Z,FanDuel Sportsbook structured market feed,,VA,NFL,35596943,Dallas Cowboys @ New York Giants,2026-09-14T00:20:00.000Z,FanDuel,751.184988179,receptions,Javonte Williams - Total Receptions,,Javonte Williams,40891106,over,2.5,154,2.54,0.3937007874015748,open,,,2026-09-10T12:15:11Z,,,,,v3-forward-measurement
424b6b3a-4991-432d-b977-fb6d543eb459,d5f93c0e-58ce-4d2d-876b-c021801745ef,2026-09-10T12:15:11Z,FanDuel Sportsbook structured market feed,,VA,NFL,35596943,Dallas Cowboys @ New York Giants,2026-09-14T00:20:00.000Z,FanDuel,751.184988179,receptions,Javonte Williams - Total Receptions,,Javonte Williams,40891107,under,2.5,-210,1.476190476190476,0.6774193548387096,open,,,2026-09-10T12:15:11Z,,,,,v3-forward-measurement
424b6b3a-4991-432d-b977-fb6d543eb459,add556ca-1c63-45fc-8a8d-3b5fa56e9664,2026-09-10T12:15:11Z,FanDuel Sportsbook structured market feed,,VA,NFL,35596943,Dallas Cowboys @ New York Giants,2026-09-14T00:20:00.000Z,FanDuel,751.184820301,receiving_yards,Odell Beckham Jr. - Receiving Yds,,Odell Beckham Jr.,25909418,over,10.5,-114,1.87719298245614,0.5327102803738317,open,,,2026-09-10T12:15:11Z,,,,,v3-forward-measurement
424b6b3a-4991-432d-b977-fb6d543eb459,cf03fbf8-d68c-4ae4-9831-d712cfd9281d,2026-09-10T12:15:11Z,FanDuel Sportsbook structured market feed,,VA,NFL,35596943,Dallas Cowboys @ New York Giants,2026-09-14T00:20:00.000Z,FanDuel,751.184820301,receiving_yards,Odell Beckham Jr. - Receiving Yds,,Odell Beckham Jr.,25909419,under,10.5,-114,1.87719298245614,0.5327102803738317,open,,,2026-09-10T12:15:11Z,,,,,v3-forward-measurement
6bb9bd44-be33-44ce-b3ec-75faf0deded1,3859a8e5-8f5b-4c2d-8279-f0484a4dcd75,2026-09-10T12:15:11Z,FanDuel Sportsbook structured market feed,,VA,NFL,35596960,San Francisco 49ers @ Los Angeles Rams,2026-09-11T00:35:00.000Z,FanDuel,751.182142326,passing_touchdowns,Brock Purdy - Passing TDs,,Brock Purdy,41074310,over,1.5,100,2,0.5,open,,,2026-09-10T12:15:11Z,,,,,v3-forward-measurement
6bb9bd44-be33-44ce-b3ec-75faf0deded1,eff47515-41fa-4aa5-b8f8-c4c1ae2ac2c2,2026-09-10T12:15:11Z,FanDuel Sportsbook structured market feed,,VA,NFL,35596960,San Francisco 49ers @ Los Angeles Rams,2026-09-11T00:35:00.000Z,FanDuel,751.182142326,passing_touchdowns,Brock Purdy - Passing TDs,,Brock Purdy,41074309,under,1.5,-130,1.769230769230769,0.5652173913043478,open,,,2026-09-10T12:15:11Z,,,,,v3-forward-measurement
6bb9bd44-be33-44ce-b3ec-75faf0deded1,e941470a-6035-4821-a5ca-4433fd365f50,2026-09-10T12:15:11Z,FanDuel Sportsbook structured market feed,,VA,NFL,35596960,San Francisco 49ers @ Los Angeles Rams,2026-09-11T00:35:00.000Z,FanDuel,751.182142327,passing_yards,Matthew Stafford - Passing Yds,,Matthew Stafford,11889883,over,263.5,-113,1.884955752212389,0.5305164319248826,open,,,2026-09-10T12:15:11Z,,,,,v3-forward-measurement
6bb9bd44-be33-44ce-b3ec-75faf0deded1,2d2aa488-dc35-4064-b6b0-3edcff3cdf3f,2026-09-10T12:15:11Z,FanDuel Sportsbook structured market feed,,VA,NFL,35596960,San Francisco 49ers @ Los Angeles Rams,2026-09-11T00:35:00.000Z,FanDuel,751.182142327,passing_yards,Matthew Stafford - Passing Yds,,Matthew Stafford,11889882,under,263.5,-113,1.884955752212389,0.5305164319248826,open,,,2026-09-10T12:15:11Z,,,,,v3-forward-measurement
6bb9bd44-be33-44ce-b3ec-75faf0deded1,dfc584c8-cc54-450d-8ee9-93c999c28cc4,2026-09-10T12:15:11Z,FanDuel Sportsbook structured market feed,,VA,NFL,35596960,San Francisco 49ers @ Los Angeles Rams,2026-09-11T00:35:00.000Z,FanDuel,751.182142297,passing_yards,Brock Purdy - Passing Yds,,Brock Purdy,41074310,over,243.5,-113,1.884955752212389,0.5305164319248826,open,,,2026-09-10T12:15:11Z,,,,,v3-forward-measurement
6bb9bd44-be33-44ce-b3ec-75faf0deded1,1eda4c1f-0e03-4a47-91af-b00ccfddcf2e,2026-09-10T12:15:11Z,FanDuel Sportsbook structured market feed,,VA,NFL,35596960,San Francisco 49ers @ Los Angeles Rams,2026-09-11T00:35:00.000Z,FanDuel,751.182142297,passing_yards,Brock Purdy - Passing Yds,,Brock Purdy,41074309,under,243.5,-113,1.884955752212389,0.5305164319248826,open,,,2026-09-10T12:15:11Z,,,,,v3-forward-measurement
6bb9bd44-be33-44ce-b3ec-75faf0deded1,4216d8fd-fe25-4e4f-9074-9838b218ed38,2026-09-10T12:15:11Z,FanDuel Sportsbook structured market feed,,VA,NFL,35596960,San Francisco 49ers @ Los Angeles Rams,2026-09-11T00:35:00.000Z,FanDuel,751.182142225,passing_touchdowns,Matthew Stafford - Passing TDs,,Matthew Stafford,11889883,over,1.5,-148,1.675675675675676,0.5967741935483871,open,,,2026-09-10T12:15:11Z,,,,,v3-forward-measurement
6bb9bd44-be33-44ce-b3ec-75faf0deded1,70bf6ca7-f1a8-430c-9ba9-d4003df0dde1,2026-09-10T12:15:11Z,FanDuel Sportsbook structured market feed,,VA,NFL,35596960,San Francisco 49ers @ Los Angeles Rams,2026-09-11T00:35:00.000Z,FanDuel,751.182142225,passing_touchdowns,Matthew Stafford - Passing TDs,,Matthew Stafford,11889882,under,1.5,114,2.14,0.4672897196261682,open,,,2026-09-10T12:15:11Z,,,,,v3-forward-measurement
4c3e2858-7ac7-46e0-8fe3-7d7601633591,ded8078d-0b38-4e2f-9234-7b33639f97c3,2026-09-10T12:15:11Z,FanDuel Sportsbook structured market feed,,VA,NFL,35596960,San Francisco 49ers @ Los Angeles Rams,2026-09-11T00:35:00.000Z,FanDuel,751.182146210,rushing_yards,Brock Purdy - Rushing Yds,,Brock Purdy,41074310,over,17.5,-113,1.884955752212389,0.5305164319248826,open,,,2026-09-10T12:15:11Z,,,,,v3-forward-measurement
4c3e2858-7ac7-46e0-8fe3-7d7601633591,0bbf9554-bc30-4dfa-b019-54ab4f20c1df,2026-09-10T12:15:11Z,FanDuel Sportsbook structured market feed,,VA,NFL,35596960,San Francisco 49ers @ Los Angeles Rams,2026-09-11T00:35:00.000Z,FanDuel,751.182146210,rushing_yards,Brock Purdy - Rushing Yds,,Brock Purdy,41074309,under,17.5,-113,1.884955752212389,0.5305164319248826,open,,,2026-09-10T12:15:11Z,,,,,v3-forward-measurement
4c3e2858-7ac7-46e0-8fe3-7d7601633591,7e5a9bd8-9c87-4bde-a5c5-d769fa692248,2026-09-10T12:15:11Z,FanDuel Sportsbook structured market feed,,VA,NFL,35596960,San Francisco 49ers @ Los Angeles Rams,2026-09-11T00:35:00.000Z,FanDuel,751.185239157,rushing_yards,Puka Nacua - Rushing Yds,,Puka Nacua,41887349,over,2.5,108,2.08,0.4807692307692308,open,,,2026-09-10T12:15:11Z,,,,,v3-forward-measurement
4c3e2858-7ac7-46e0-8fe3-7d7601633591,e6bf1a0c-86d4-4a06-ba05-712ad2e23095,2026-09-10T12:15:11Z,FanDuel Sportsbook structured market feed,,VA,NFL,35596960,San Francisco 49ers @ Los Angeles Rams,2026-09-11T00:35:00.000Z,FanDuel,751.185239157,rushing_yards,Puka Nacua - Rushing Yds,,Puka Nacua,41887350,under,2.5,-138,1.72463768115942,0.5798319327731093,open,,,2026-09-10T12:15:11Z,,,,,v3-forward-measurement
4c3e2858-7ac7-46e0-8fe3-7d7601633591,5a7f6bca-6ae2-4811-81a4-49f603a049b2,2026-09-10T12:15:11Z,FanDuel Sportsbook structured market feed,,VA,NFL,35596960,San Francisco 49ers @ Los Angeles Rams,2026-09-11T00:35:00.000Z,FanDuel,751.184968313,rushing_yards,Matthew Stafford - Rushing Yds,,Matthew Stafford,11889883,over,0.5,154,2.54,0.3937007874015748,open,,,2026-09-10T12:15:11Z,,,,,v3-forward-measurement
4c3e2858-7ac7-46e0-8fe3-7d7601633591,a9a60da6-d65a-4f81-9fd3-c02d996bedf8,2026-09-10T12:15:11Z,FanDuel Sportsbook structured market feed,,VA,NFL,35596960,San Francisco 49ers @ Los Angeles Rams,2026-09-11T00:35:00.000Z,FanDuel,751.184968313,rushing_yards,Matthew Stafford - Rushing Yds,,Matthew Stafford,11889882,under,0.5,-200,1.5,0.6666666666666666,open,,,2026-09-10T12:15:11Z,,,,,v3-forward-measurement
4c3e2858-7ac7-46e0-8fe3-7d7601633591,8311ef5d-4839-42c8-bed3-4b726f6a8b2a,2026-09-10T12:15:11Z,FanDuel Sportsbook structured market feed,,VA,NFL,35596960,San Francisco 49ers @ Los Angeles Rams,2026-09-11T00:35:00.000Z,FanDuel,751.182144553,rushing_yards,Blake Corum - Rushing Yds,,Blake Corum,41072425,over,44.5,-113,1.884955752212389,0.5305164319248826,open,,,2026-09-10T12:15:11Z,,,,,v3-forward-measurement
4c3e2858-7ac7-46e0-8fe3-7d7601633591,a86bf1a1-5340-44d0-9b62-fd6cbf9ac1b9,2026-09-10T12:15:11Z,FanDuel Sportsbook structured market feed,,VA,NFL,35596960,San Francisco 49ers @ Los Angeles Rams,2026-09-11T00:35:00.000Z,FanDuel,751.182144553,rushing_yards,Blake Corum - Rushing Yds,,Blake Corum,41072423,under,44.5,-113,1.884955752212389,0.5305164319248826,open,,,2026-09-10T12:15:11Z,,,,,v3-forward-measurement
4c3e2858-7ac7-46e0-8fe3-7d7601633591,32a0151f-b8e2-4d82-9055-e47c34cfb50d,2026-09-10T12:15:11Z,FanDuel Sportsbook structured market feed,,VA,NFL,35596960,San Francisco 49ers @ Los Angeles Rams,2026-09-11T00:35:00.000Z,FanDuel,751.182144124,rushing_yards,Christian McCaffrey - Rushing Yds,,Christian McCaffrey,14807737,over,59.5,-113,1.884955752212389,0.5305164319248826,open,,,2026-09-10T12:15:11Z,,,,,v3-forward-measurement
4c3e2858-7ac7-46e0-8fe3-7d7601633591,3eeb0cf2-15d8-4826-89f5-4146f0214163,2026-09-10T12:15:11Z,FanDuel Sportsbook structured market feed,,VA,NFL,35596960,San Francisco 49ers @ Los Angeles Rams,2026-09-11T00:35:00.000Z,FanDuel,751.182144124,rushing_yards,Christian McCaffrey - Rushing Yds,,Christian McCaffrey,14807736,under,59.5,-113,1.884955752212389,0.5305164319248826,open,,,2026-09-10T12:15:11Z,,,,,v3-forward-measurement
4c3e2858-7ac7-46e0-8fe3-7d7601633591,4ec121be-afb5-452e-b62f-516a35fc52ac,2026-09-10T12:15:11Z,FanDuel Sportsbook structured market feed,,VA,NFL,35596960,San Francisco 49ers @ Los Angeles Rams,2026-09-11T00:35:00.000Z,FanDuel,751.182144353,rushing_yards,Kyren Williams - Rushing Yds,,Kyren Williams,37541915,over,55.5,-113,1.884955752212389,0.5305164319248826,open,,,2026-09-10T12:15:11Z,,,,,v3-forward-measurement
4c3e2858-7ac7-46e0-8fe3-7d7601633591,366d344c-ff0a-46a5-883f-90ad7d76be76,2026-09-10T12:15:11Z,FanDuel Sportsbook structured market feed,,VA,NFL,35596960,San Francisco 49ers @ Los Angeles Rams,2026-09-11T00:35:00.000Z,FanDuel,751.182144353,rushing_yards,Kyren Williams - Rushing Yds,,Kyren Williams,37541914,under,55.5,-113,1.884955752212389,0.5305164319248826,open,,,2026-09-10T12:15:11Z,,,,,v3-forward-measurement
859dfbd9-c411-47b5-9683-130a3fd4102c,30c04781-f3bf-4fad-aae2-fc8e1c739a8e,2026-09-10T12:15:11Z,FanDuel Sportsbook structured market feed,,VA,NFL,35596960,San Francisco 49ers @ Los Angeles Rams,2026-09-11T00:35:00.000Z,FanDuel,751.182144092,receptions,Christian McCaffrey - Total Receptions,,Christian McCaffrey,14807737,over,4.5,-106,1.943396226415094,0.5145631067961165,open,,,2026-09-10T12:15:11Z,,,,,v3-forward-measurement
859dfbd9-c411-47b5-9683-130a3fd4102c,8a7ca0b0-315b-47e9-a82c-b3740dfc396b,2026-09-10T12:15:11Z,FanDuel Sportsbook structured market feed,,VA,NFL,35596960,San Francisco 49ers @ Los Angeles Rams,2026-09-11T00:35:00.000Z,FanDuel,751.182144092,receptions,Christian McCaffrey - Total Receptions,,Christian McCaffrey,14807736,under,4.5,-125,1.8,0.5555555555555556,open,,,2026-09-10T12:15:11Z,,,,,v3-forward-measurement
859dfbd9-c411-47b5-9683-130a3fd4102c,0478ea93-ba64-4780-bf01-4e21b9ba1a52,2026-09-10T12:15:11Z,FanDuel Sportsbook structured market feed,,VA,NFL,35596960,San Francisco 49ers @ Los Angeles Rams,2026-09-11T00:35:00.000Z,FanDuel,751.182144099,receiving_yards,Christian McCaffrey - Receiving Yds,,Christian McCaffrey,14807737,over,39.5,-113,1.884955752212389,0.5305164319248826,open,,,2026-09-10T12:15:11Z,,,,,v3-forward-measurement
859dfbd9-c411-47b5-9683-130a3fd4102c,ccb7a705-fc5f-45de-84bd-01c55822fe75,2026-09-10T12:15:11Z,FanDuel Sportsbook structured market feed,,VA,NFL,35596960,San Francisco 49ers @ Los Angeles Rams,2026-09-11T00:35:00.000Z,FanDuel,751.182144099,receiving_yards,Christian McCaffrey - Receiving Yds,,Christian McCaffrey,14807736,under,39.5,-113,1.884955752212389,0.5305164319248826,open,,,2026-09-10T12:15:11Z,,,,,v3-forward-measurement
859dfbd9-c411-47b5-9683-130a3fd4102c,96f728e2-394a-47f2-aeef-4c6ead596b68,2026-09-10T12:15:11Z,FanDuel Sportsbook structured market feed,,VA,NFL,35596960,San Francisco 49ers @ Los Angeles Rams,2026-09-11T00:35:00.000Z,FanDuel,751.182145106,receptions,Mike Evans - Total Receptions,,Mike Evans,11802513,over,3.5,-132,1.757575757575758,0.5689655172413793,open,,,2026-09-10T12:15:11Z,,,,,v3-forward-measurement
859dfbd9-c411-47b5-9683-130a3fd4102c,d15d170e-4206-4732-81fb-a68aa0224848,2026-09-10T12:15:11Z,FanDuel Sportsbook structured market feed,,VA,NFL,35596960,San Francisco 49ers @ Los Angeles Rams,2026-09-11T00:35:00.000Z,FanDuel,751.182145106,receptions,Mike Evans - Total Receptions,,Mike Evans,11802512,under,3.5,100,2,0.5,open,,,2026-09-10T12:15:11Z,,,,,v3-forward-measurement
859dfbd9-c411-47b5-9683-130a3fd4102c,163f4fa6-8b47-4f7f-9e71-ac0affe2447c,2026-09-10T12:15:11Z,FanDuel Sportsbook structured market feed,,VA,NFL,35596960,San Francisco 49ers @ Los Angeles Rams,2026-09-11T00:35:00.000Z,FanDuel,751.182145105,receiving_yards,Mike Evans - Receiving Yds,,Mike Evans,11802513,over,49.5,-113,1.884955752212389,0.5305164319248826,open,,,2026-09-10T12:15:11Z,,,,,v3-forward-measurement
859dfbd9-c411-47b5-9683-130a3fd4102c,0764c40c-9bba-4844-aabd-843e77f4e800,2026-09-10T12:15:11Z,FanDuel Sportsbook structured market feed,,VA,NFL,35596960,San Francisco 49ers @ Los Angeles Rams,2026-09-11T00:35:00.000Z,FanDuel,751.182145105,receiving_yards,Mike Evans - Receiving Yds,,Mike Evans,11802512,under,49.5,-113,1.884955752212389,0.5305164319248826,open,,,2026-09-10T12:15:11Z,,,,,v3-forward-measurement
859dfbd9-c411-47b5-9683-130a3fd4102c,68d25260-3fbc-41a6-99e5-914975be5409,2026-09-10T12:15:11Z,FanDuel Sportsbook structured market feed,,VA,NFL,35596960,San Francisco 49ers @ Los Angeles Rams,2026-09-11T00:35:00.000Z,FanDuel,751.185240365,receptions,DeMarcus Robinson - Total Receptions,,DeMarcus Robinson,89390987,over,1.5,162,2.62,0.3816793893129771,open,,,2026-09-10T12:15:11Z,,,,,v3-forward-measurement
859dfbd9-c411-47b5-9683-130a3fd4102c,3a4b1010-dc0b-420f-9f0f-8d52704e8574,2026-09-10T12:15:11Z,FanDuel Sportsbook structured market feed,,VA,NFL,35596960,San Francisco 49ers @ Los Angeles Rams,2026-09-11T00:35:00.000Z,FanDuel,751.185240365,receptions,DeMarcus Robinson - Total Receptions,,DeMarcus Robinson,89390988,under,1.5,-220,1.454545454545455,0.6875,open,,,2026-09-10T12:15:11Z,,,,,v3-forward-measurement
859dfbd9-c411-47b5-9683-130a3fd4102c,cd3c732a-abd8-49e9-a289-a92fd3bf3edf,2026-09-10T12:15:11Z,FanDuel Sportsbook structured market feed,,VA,NFL,35596960,San Francisco 49ers @ Los Angeles Rams,2026-09-11T00:35:00.000Z,FanDuel,751.184124136,receiving_yards,Kyren Williams - Receiving Yds,,Kyren Williams,37541915,over,10.5,-113,1.884955752212389,0.5305164319248826,open,,,2026-09-10T12:15:11Z,,,,,v3-forward-measurement
859dfbd9-c411-47b5-9683-130a3fd4102c,a799503d-598a-4183-b4c2-2d545af56020,2026-09-10T12:15:11Z,FanDuel Sportsbook structured market feed,,VA,NFL,35596960,San Francisco 49ers @ Los Angeles Rams,2026-09-11T00:35:00.000Z,FanDuel,751.184124136,receiving_yards,Kyren Williams - Receiving Yds,,Kyren Williams,37541914,under,10.5,-113,1.884955752212389,0.5305164319248826,open,,,2026-09-10T12:15:11Z,,,,,v3-forward-measurement
859dfbd9-c411-47b5-9683-130a3fd4102c,862c168a-4085-463b-94c2-611db84a209b,2026-09-10T12:15:11Z,FanDuel Sportsbook structured market feed,,VA,NFL,35596960,San Francisco 49ers @ Los Angeles Rams,2026-09-11T00:35:00.000Z,FanDuel,751.185240366,receiving_yards,DeMarcus Robinson - Receiving Yds,,DeMarcus Robinson,89390987,over,11.5,-113,1.884955752212389,0.5305164319248826,open,,,2026-09-10T12:15:11Z,,,,,v3-forward-measurement
859dfbd9-c411-47b5-9683-130a3fd4102c,33f86363-340b-427f-8922-42c145c2f313,2026-09-10T12:15:11Z,FanDuel Sportsbook structured market feed,,VA,NFL,35596960,San Francisco 49ers @ Los Angeles Rams,2026-09-11T00:35:00.000Z,FanDuel,751.185240366,receiving_yards,DeMarcus Robinson - Receiving Yds,,DeMarcus Robinson,89390988,under,11.5,-113,1.884955752212389,0.5305164319248826,open,,,2026-09-10T12:15:11Z,,,,,v3-forward-measurement
859dfbd9-c411-47b5-9683-130a3fd4102c,fabcd8c0-1ab4-4192-957f-ba39be15c90b,2026-09-10T12:15:11Z,FanDuel Sportsbook structured market feed,,VA,NFL,35596960,San Francisco 49ers @ Los Angeles Rams,2026-09-11T00:35:00.000Z,FanDuel,751.185240837,receiving_yards,Kyle Juszczyk - Receiving Yds,,Kyle Juszczyk,20537988,over,5.5,-113,1.884955752212389,0.5305164319248826,open,,,2026-09-10T12:15:11Z,,,,,v3-forward-measurement
859dfbd9-c411-47b5-9683-130a3fd4102c,ea8ca80d-7131-46df-b3e0-97a42a3e060c,2026-09-10T12:15:11Z,FanDuel Sportsbook structured market feed,,VA,NFL,35596960,San Francisco 49ers @ Los Angeles Rams,2026-09-11T00:35:00.000Z,FanDuel,751.185240837,receiving_yards,Kyle Juszczyk - Receiving Yds,,Kyle Juszczyk,20537989,under,5.5,-113,1.884955752212389,0.5305164319248826,open,,,2026-09-10T12:15:11Z,,,,,v3-forward-measurement
859dfbd9-c411-47b5-9683-130a3fd4102c,267a8b65-a772-4300-94b1-7edfdd7a2396,2026-09-10T12:15:11Z,FanDuel Sportsbook structured market feed,,VA,NFL,35596960,San Francisco 49ers @ Los Angeles Rams,2026-09-11T00:35:00.000Z,FanDuel,751.184805561,receptions,Tyler Higbee - Total Receptions,,Tyler Higbee,22382019,over,1.5,-118,1.847457627118644,0.5412844036697247,open,,,2026-09-10T12:15:11Z,,,,,v3-forward-measurement
859dfbd9-c411-47b5-9683-130a3fd4102c,c5d61d8b-ed6d-4d11-bee4-6b5979463e40,2026-09-10T12:15:11Z,FanDuel Sportsbook structured market feed,,VA,NFL,35596960,San Francisco 49ers @ Los Angeles Rams,2026-09-11T00:35:00.000Z,FanDuel,751.184805561,receptions,Tyler Higbee - Total Receptions,,Tyler Higbee,22382020,under,1.5,-112,1.892857142857143,0.5283018867924528,open,,,2026-09-10T12:15:11Z,,,,,v3-forward-measurement
859dfbd9-c411-47b5-9683-130a3fd4102c,4bee46c2-1736-456b-85b0-b9ba244e5e5f,2026-09-10T12:15:11Z,FanDuel Sportsbook structured market feed,,VA,NFL,35596960,San Francisco 49ers @ Los Angeles Rams,2026-09-11T00:35:00.000Z,FanDuel,751.184124131,receptions,Kyren Williams - Total Receptions,,Kyren Williams,37541915,over,1.5,-148,1.675675675675676,0.5967741935483871,open,,,2026-09-10T12:15:11Z,,,,,v3-forward-measurement
859dfbd9-c411-47b5-9683-130a3fd4102c,172e368b-9035-43f3-aa25-bb4b05686e81,2026-09-10T12:15:11Z,FanDuel Sportsbook structured market feed,,VA,NFL,35596960,San Francisco 49ers @ Los Angeles Rams,2026-09-11T00:35:00.000Z,FanDuel,751.184124131,receptions,Kyren Williams - Total Receptions,,Kyren Williams,37541914,under,1.5,112,2.12,0.4716981132075472,open,,,2026-09-10T12:15:11Z,,,,,v3-forward-measurement
859dfbd9-c411-47b5-9683-130a3fd4102c,3ba79281-06a1-4886-ba2e-d3e0a4ac50f9,2026-09-10T12:15:11Z,FanDuel Sportsbook structured market feed,,VA,NFL,35596960,San Francisco 49ers @ Los Angeles Rams,2026-09-11T00:35:00.000Z,FanDuel,751.184805565,receiving_yards,Tyler Higbee - Receiving Yds,,Tyler Higbee,22382019,over,13.5,-113,1.884955752212389,0.5305164319248826,open,,,2026-09-10T12:15:11Z,,,,,v3-forward-measurement
859dfbd9-c411-47b5-9683-130a3fd4102c,fdb74211-566e-4f4c-958d-b5059c6c7602,2026-09-10T12:15:11Z,FanDuel Sportsbook structured market feed,,VA,NFL,35596960,San Francisco 49ers @ Los Angeles Rams,2026-09-11T00:35:00.000Z,FanDuel,751.184805565,receiving_yards,Tyler Higbee - Receiving Yds,,Tyler Higbee,22382020,under,13.5,-113,1.884955752212389,0.5305164319248826,open,,,2026-09-10T12:15:11Z,,,,,v3-forward-measurement
859dfbd9-c411-47b5-9683-130a3fd4102c,914778b5-d2e6-458a-a94f-7b2933718800,2026-09-10T12:15:11Z,FanDuel Sportsbook structured market feed,,VA,NFL,35596960,San Francisco 49ers @ Los Angeles Rams,2026-09-11T00:35:00.000Z,FanDuel,751.182144865,receptions,Puka Nacua - Total Receptions,,Puka Nacua,41887349,over,7.5,116,2.16,0.46296296296296297,open,,,2026-09-10T12:15:11Z,,,,,v3-forward-measurement
859dfbd9-c411-47b5-9683-130a3fd4102c,267159cd-0467-4946-8bad-d20c663c2d9f,2026-09-10T12:15:11Z,FanDuel Sportsbook structured market feed,,VA,NFL,35596960,San Francisco 49ers @ Los Angeles Rams,2026-09-11T00:35:00.000Z,FanDuel,751.182144865,receptions,Puka Nacua - Total Receptions,,Puka Nacua,41887350,under,7.5,-154,1.649350649350649,0.6062992125984252,open,,,2026-09-10T12:15:11Z,,,,,v3-forward-measurement
859dfbd9-c411-47b5-9683-130a3fd4102c,bcac6e25-ee64-4a34-a1d5-167943497603,2026-09-10T12:15:11Z,FanDuel Sportsbook structured market feed,,VA,NFL,35596960,San Francisco 49ers @ Los Angeles Rams,2026-09-11T00:35:00.000Z,FanDuel,751.182144863,receiving_yards,Puka Nacua - Receiving Yds,,Puka Nacua,41887349,over,90.5,-113,1.884955752212389,0.5305164319248826,open,,,2026-09-10T12:15:11Z,,,,,v3-forward-measurement
859dfbd9-c411-47b5-9683-130a3fd4102c,a93e54a3-b34b-431d-abe2-c40b0ae00654,2026-09-10T12:15:11Z,FanDuel Sportsbook structured market feed,,VA,NFL,35596960,San Francisco 49ers @ Los Angeles Rams,2026-09-11T00:35:00.000Z,FanDuel,751.182144863,receiving_yards,Puka Nacua - Receiving Yds,,Puka Nacua,41887350,under,90.5,-113,1.884955752212389,0.5305164319248826,open,,,2026-09-10T12:15:11Z,,,,,v3-forward-measurement
859dfbd9-c411-47b5-9683-130a3fd4102c,ff950724-812e-460e-9287-f3c45f6c903f,2026-09-10T12:15:11Z,FanDuel Sportsbook structured market feed,,VA,NFL,35596960,San Francisco 49ers @ Los Angeles Rams,2026-09-11T00:35:00.000Z,FanDuel,751.182145479,receptions,De'Zhaun Stribling - Total Receptions,,De'Zhaun Stribling,48301806,over,3.5,134,2.34,0.42735042735042733,open,,,2026-09-10T12:15:11Z,,,,,v3-forward-measurement
859dfbd9-c411-47b5-9683-130a3fd4102c,321508a7-53d6-4c40-8575-ba6d1f0dc115,2026-09-10T12:15:11Z,FanDuel Sportsbook structured market feed,,VA,NFL,35596960,San Francisco 49ers @ Los Angeles Rams,2026-09-11T00:35:00.000Z,FanDuel,751.182145479,receptions,De'Zhaun Stribling - Total Receptions,,De'Zhaun Stribling,48301805,under,3.5,-180,1.555555555555556,0.6428571428571429,open,,,2026-09-10T12:15:11Z,,,,,v3-forward-measurement
859dfbd9-c411-47b5-9683-130a3fd4102c,40d8d37c-f14b-4c93-8351-afd7d8b6785d,2026-09-10T12:15:11Z,FanDuel Sportsbook structured market feed,,VA,NFL,35596960,San Francisco 49ers @ Los Angeles Rams,2026-09-11T00:35:00.000Z,FanDuel,751.184122867,receiving_yards,Davante Adams - Receiving Yds,,Davante Adams,11925821,over,51.5,-113,1.884955752212389,0.5305164319248826,open,,,2026-09-10T12:15:11Z,,,,,v3-forward-measurement
859dfbd9-c411-47b5-9683-130a3fd4102c,7236865a-97a8-416b-b12e-141a56628280,2026-09-10T12:15:11Z,FanDuel Sportsbook structured market feed,,VA,NFL,35596960,San Francisco 49ers @ Los Angeles Rams,2026-09-11T00:35:00.000Z,FanDuel,751.184122867,receiving_yards,Davante Adams - Receiving Yds,,Davante Adams,11925820,under,51.5,-113,1.884955752212389,0.5305164319248826,open,,,2026-09-10T12:15:11Z,,,,,v3-forward-measurement
859dfbd9-c411-47b5-9683-130a3fd4102c,79ef9b06-78ca-40a0-8462-9f389ddceee3,2026-09-10T12:15:11Z,FanDuel Sportsbook structured market feed,,VA,NFL,35596960,San Francisco 49ers @ Los Angeles Rams,2026-09-11T00:35:00.000Z,FanDuel,751.184122869,receptions,Davante Adams - Total Receptions,,Davante Adams,11925821,over,4.5,-102,1.980392156862745,0.504950495049505,open,,,2026-09-10T12:15:11Z,,,,,v3-forward-measurement
859dfbd9-c411-47b5-9683-130a3fd4102c,71f89f93-8eb1-4acb-8fa7-0e0bcd6f65ab,2026-09-10T12:15:11Z,FanDuel Sportsbook structured market feed,,VA,NFL,35596960,San Francisco 49ers @ Los Angeles Rams,2026-09-11T00:35:00.000Z,FanDuel,751.184122869,receptions,Davante Adams - Total Receptions,,Davante Adams,11925820,under,4.5,-130,1.769230769230769,0.5652173913043478,open,,,2026-09-10T12:15:11Z,,,,,v3-forward-measurement
859dfbd9-c411-47b5-9683-130a3fd4102c,a7ac9ca7-e918-436a-a722-3555e4dc9836,2026-09-10T12:15:11Z,FanDuel Sportsbook structured market feed,,VA,NFL,35596960,San Francisco 49ers @ Los Angeles Rams,2026-09-11T00:35:00.000Z,FanDuel,751.184668934,receptions,George Kittle - Total Receptions,,George Kittle,20656770,over,3.5,-106,1.943396226415094,0.5145631067961165,open,,,2026-09-10T12:15:11Z,,,,,v3-forward-measurement
859dfbd9-c411-47b5-9683-130a3fd4102c,44d981e0-ce53-4135-abf2-6437f5daa5c5,2026-09-10T12:15:11Z,FanDuel Sportsbook structured market feed,,VA,NFL,35596960,San Francisco 49ers @ Los Angeles Rams,2026-09-11T00:35:00.000Z,FanDuel,751.184668934,receptions,George Kittle - Total Receptions,,George Kittle,20656771,under,3.5,-125,1.8,0.5555555555555556,open,,,2026-09-10T12:15:11Z,,,,,v3-forward-measurement
859dfbd9-c411-47b5-9683-130a3fd4102c,70273239-4c63-4c35-95f4-768b9e299c18,2026-09-10T12:15:11Z,FanDuel Sportsbook structured market feed,,VA,NFL,35596960,San Francisco 49ers @ Los Angeles Rams,2026-09-11T00:35:00.000Z,FanDuel,751.184123397,receptions,Colby Parkinson - Total Receptions,,Colby Parkinson,41197145,over,2.5,124,2.24,0.44642857142857145,open,,,2026-09-10T12:15:11Z,,,,,v3-forward-measurement
859dfbd9-c411-47b5-9683-130a3fd4102c,77982346-178e-400a-8bed-6f5f85817d12,2026-09-10T12:15:11Z,FanDuel Sportsbook structured market feed,,VA,NFL,35596960,San Francisco 49ers @ Los Angeles Rams,2026-09-11T00:35:00.000Z,FanDuel,751.184123397,receptions,Colby Parkinson - Total Receptions,,Colby Parkinson,41197146,under,2.5,-166,1.602409638554217,0.6240601503759399,open,,,2026-09-10T12:15:11Z,,,,,v3-forward-measurement
859dfbd9-c411-47b5-9683-130a3fd4102c,a8868793-3679-4766-b2b9-59e4ecd66aea,2026-09-10T12:15:11Z,FanDuel Sportsbook structured market feed,,VA,NFL,35596960,San Francisco 49ers @ Los Angeles Rams,2026-09-11T00:35:00.000Z,FanDuel,751.184668935,receiving_yards,George Kittle - Receiving Yds,,George Kittle,20656770,over,34.5,-113,1.884955752212389,0.5305164319248826,open,,,2026-09-10T12:15:11Z,,,,,v3-forward-measurement
859dfbd9-c411-47b5-9683-130a3fd4102c,573e0d98-9d5c-44f0-ab2d-e2084b1b9d0f,2026-09-10T12:15:11Z,FanDuel Sportsbook structured market feed,,VA,NFL,35596960,San Francisco 49ers @ Los Angeles Rams,2026-09-11T00:35:00.000Z,FanDuel,751.184668935,receiving_yards,George Kittle - Receiving Yds,,George Kittle,20656771,under,34.5,-113,1.884955752212389,0.5305164319248826,open,,,2026-09-10T12:15:11Z,,,,,v3-forward-measurement
859dfbd9-c411-47b5-9683-130a3fd4102c,4ee45860-3a9b-4700-b719-eb52fdb3f979,2026-09-10T12:15:11Z,FanDuel Sportsbook structured market feed,,VA,NFL,35596960,San Francisco 49ers @ Los Angeles Rams,2026-09-11T00:35:00.000Z,FanDuel,751.185240834,receptions,Kyle Juszczyk - Total Receptions,,Kyle Juszczyk,20537988,over,1.5,162,2.62,0.3816793893129771,open,,,2026-09-10T12:15:11Z,,,,,v3-forward-measurement
859dfbd9-c411-47b5-9683-130a3fd4102c,9b385fb6-3bc5-41ed-b751-aec74972c314,2026-09-10T12:15:11Z,FanDuel Sportsbook structured market feed,,VA,NFL,35596960,San Francisco 49ers @ Los Angeles Rams,2026-09-11T00:35:00.000Z,FanDuel,751.185240834,receptions,Kyle Juszczyk - Total Receptions,,Kyle Juszczyk,20537989,under,1.5,-220,1.454545454545455,0.6875,open,,,2026-09-10T12:15:11Z,,,,,v3-forward-measurement
859dfbd9-c411-47b5-9683-130a3fd4102c,f2253b2b-2586-48d9-8459-8a612008a603,2026-09-10T12:15:11Z,FanDuel Sportsbook structured market feed,,VA,NFL,35596960,San Francisco 49ers @ Los Angeles Rams,2026-09-11T00:35:00.000Z,FanDuel,751.184123392,receiving_yards,Colby Parkinson - Receiving Yds,,Colby Parkinson,41197145,over,19.5,-113,1.884955752212389,0.5305164319248826,open,,,2026-09-10T12:15:11Z,,,,,v3-forward-measurement
859dfbd9-c411-47b5-9683-130a3fd4102c,2733e808-2b68-41c8-ac68-c0413e7cdad0,2026-09-10T12:15:11Z,FanDuel Sportsbook structured market feed,,VA,NFL,35596960,San Francisco 49ers @ Los Angeles Rams,2026-09-11T00:35:00.000Z,FanDuel,751.184123392,receiving_yards,Colby Parkinson - Receiving Yds,,Colby Parkinson,41197146,under,19.5,-113,1.884955752212389,0.5305164319248826,open,,,2026-09-10T12:15:11Z,,,,,v3-forward-measurement
859dfbd9-c411-47b5-9683-130a3fd4102c,2e3f2b70-c763-4d63-88ca-93d66fd8a770,2026-09-10T12:15:11Z,FanDuel Sportsbook structured market feed,,VA,NFL,35596960,San Francisco 49ers @ Los Angeles Rams,2026-09-11T00:35:00.000Z,FanDuel,751.182145487,receiving_yards,De'Zhaun Stribling - Receiving Yds,,De'Zhaun Stribling,48301806,over,35.5,-113,1.884955752212389,0.5305164319248826,open,,,2026-09-10T12:15:11Z,,,,,v3-forward-measurement
859dfbd9-c411-47b5-9683-130a3fd4102c,ce98ec23-28f7-4e28-aa7f-046c6451f462,2026-09-10T12:15:11Z,FanDuel Sportsbook structured market feed,,VA,NFL,35596960,San Francisco 49ers @ Los Angeles Rams,2026-09-11T00:35:00.000Z,FanDuel,751.182145487,receiving_yards,De'Zhaun Stribling - Receiving Yds,,De'Zhaun Stribling,48301805,under,35.5,-113,1.884955752212389,0.5305164319248826,open,,,2026-09-10T12:15:11Z,,,,,v3-forward-measurement
859dfbd9-c411-47b5-9683-130a3fd4102c,9dca99d9-0906-48ac-99b3-062576a5282c,2026-09-10T12:15:11Z,FanDuel Sportsbook structured market feed,,VA,NFL,35596960,San Francisco 49ers @ Los Angeles Rams,2026-09-11T00:35:00.000Z,FanDuel,751.184125604,receptions,Terrance Ferguson - Total Receptions,,Terrance Ferguson,41172819,over,1.5,-158,1.632911392405063,0.6124031007751938,open,,,2026-09-10T12:15:11Z,,,,,v3-forward-measurement
859dfbd9-c411-47b5-9683-130a3fd4102c,94014240-0e4d-494d-9b8f-05e189fabfbe,2026-09-10T12:15:11Z,FanDuel Sportsbook structured market feed,,VA,NFL,35596960,San Francisco 49ers @ Los Angeles Rams,2026-09-11T00:35:00.000Z,FanDuel,751.184125604,receptions,Terrance Ferguson - Total Receptions,,Terrance Ferguson,41172818,under,1.5,118,2.18,0.45871559633027525,open,,,2026-09-10T12:15:11Z,,,,,v3-forward-measurement
859dfbd9-c411-47b5-9683-130a3fd4102c,9484b1b4-afa3-420e-96e1-f9855c612ff8,2026-09-10T12:15:11Z,FanDuel Sportsbook structured market feed,,VA,NFL,35596960,San Francisco 49ers @ Los Angeles Rams,2026-09-11T00:35:00.000Z,FanDuel,751.184125600,receiving_yards,Terrance Ferguson - Receiving Yds,,Terrance Ferguson,41172819,over,24.5,-113,1.884955752212389,0.5305164319248826,open,,,2026-09-10T12:15:11Z,,,,,v3-forward-measurement
859dfbd9-c411-47b5-9683-130a3fd4102c,47aac108-edbb-4e45-965f-a48e199f930c,2026-09-10T12:15:11Z,FanDuel Sportsbook structured market feed,,VA,NFL,35596960,San Francisco 49ers @ Los Angeles Rams,2026-09-11T00:35:00.000Z,FanDuel,751.184125600,receiving_yards,Terrance Ferguson - Receiving Yds,,Terrance Ferguson,41172818,under,24.5,-113,1.884955752212389,0.5305164319248826,open,,,2026-09-10T12:15:11Z,,,,,v3-forward-measurement
859dfbd9-c411-47b5-9683-130a3fd4102c,db0d53ba-606e-4997-8d0d-e9f31a51f63f,2026-09-10T12:15:11Z,FanDuel Sportsbook structured market feed,,VA,NFL,35596960,San Francisco 49ers @ Los Angeles Rams,2026-09-11T00:35:00.000Z,FanDuel,751.182145335,receiving_yards,Deebo Samuel - Receiving Yds,,Deebo Samuel,26158892,over,28.5,-113,1.884955752212389,0.5305164319248826,open,,,2026-09-10T12:15:11Z,,,,,v3-forward-measurement
859dfbd9-c411-47b5-9683-130a3fd4102c,4e57808f-e31d-4cf0-964a-ac144e386aee,2026-09-10T12:15:11Z,FanDuel Sportsbook structured market feed,,VA,NFL,35596960,San Francisco 49ers @ Los Angeles Rams,2026-09-11T00:35:00.000Z,FanDuel,751.182145335,receiving_yards,Deebo Samuel - Receiving Yds,,Deebo Samuel,26158893,under,28.5,-113,1.884955752212389,0.5305164319248826,open,,,2026-09-10T12:15:11Z,,,,,v3-forward-measurement
859dfbd9-c411-47b5-9683-130a3fd4102c,8dd7add9-79aa-4f91-9510-37370bbdbbca,2026-09-10T12:15:11Z,FanDuel Sportsbook structured market feed,,VA,NFL,35596960,San Francisco 49ers @ Los Angeles Rams,2026-09-11T00:35:00.000Z,FanDuel,751.182145333,receptions,Deebo Samuel - Total Receptions,,Deebo Samuel,26158892,over,2.5,-136,1.735294117647059,0.576271186440678,open,,,2026-09-10T12:15:11Z,,,,,v3-forward-measurement
859dfbd9-c411-47b5-9683-130a3fd4102c,8e300f84-6a8c-46c6-81ad-41930d3d0baa,2026-09-10T12:15:11Z,FanDuel Sportsbook structured market feed,,VA,NFL,35596960,San Francisco 49ers @ Los Angeles Rams,2026-09-11T00:35:00.000Z,FanDuel,751.182145333,receptions,Deebo Samuel - Total Receptions,,Deebo Samuel,26158893,under,2.5,102,2.02,0.49504950495049505,open,,,2026-09-10T12:15:11Z,,,,,v3-forward-measurement
f818dcf2-a77d-44ae-b7be-ba9329fa33f1,2f5e50a1-c857-413d-851e-195770429254,2026-09-10T12:15:11Z,FanDuel Sportsbook structured market feed,,VA,NFL,35601246,Denver Broncos @ Kansas City Chiefs,2026-09-15T00:15:00.000Z,FanDuel,751.183526256,passing_touchdowns,Bo Nix - Passing TDs,,Bo Nix,41331175,over,1.5,140,2.4,0.4166666666666667,open,,,2026-09-10T12:15:11Z,,,,,v3-forward-measurement
f818dcf2-a77d-44ae-b7be-ba9329fa33f1,32d52ecc-5d48-42cb-96da-69c35b972852,2026-09-10T12:15:11Z,FanDuel Sportsbook structured market feed,,VA,NFL,35601246,Denver Broncos @ Kansas City Chiefs,2026-09-15T00:15:00.000Z,FanDuel,751.183526256,passing_touchdowns,Bo Nix - Passing TDs,,Bo Nix,41331177,under,1.5,-188,1.531914893617021,0.6527777777777778,open,,,2026-09-10T12:15:11Z,,,,,v3-forward-measurement
f818dcf2-a77d-44ae-b7be-ba9329fa33f1,2f40accf-f519-461e-b0be-9bad317c314c,2026-09-10T12:15:11Z,FanDuel Sportsbook structured market feed,,VA,NFL,35601246,Denver Broncos @ Kansas City Chiefs,2026-09-15T00:15:00.000Z,FanDuel,751.183526203,passing_touchdowns,Patrick Mahomes - Passing TDs,,Patrick Mahomes,16593717,over,1.5,116,2.16,0.46296296296296297,open,,,2026-09-10T12:15:11Z,,,,,v3-forward-measurement
f818dcf2-a77d-44ae-b7be-ba9329fa33f1,00c3bd0a-34e9-41f7-bcc7-86aa55f01b9c,2026-09-10T12:15:11Z,FanDuel Sportsbook structured market feed,,VA,NFL,35601246,Denver Broncos @ Kansas City Chiefs,2026-09-15T00:15:00.000Z,FanDuel,751.183526203,passing_touchdowns,Patrick Mahomes - Passing TDs,,Patrick Mahomes,16593718,under,1.5,-154,1.649350649350649,0.6062992125984252,open,,,2026-09-10T12:15:11Z,,,,,v3-forward-measurement
f818dcf2-a77d-44ae-b7be-ba9329fa33f1,be39ba7e-09f7-47aa-a0a7-570502454b52,2026-09-10T12:15:11Z,FanDuel Sportsbook structured market feed,,VA,NFL,35601246,Denver Broncos @ Kansas City Chiefs,2026-09-15T00:15:00.000Z,FanDuel,751.183526326,passing_yards,Bo Nix - Passing Yds,,Bo Nix,41331175,over,227.5,-114,1.87719298245614,0.5327102803738317,open,,,2026-09-10T12:15:11Z,,,,,v3-forward-measurement
f818dcf2-a77d-44ae-b7be-ba9329fa33f1,7585d797-73cc-4e11-9399-7ad3edef16f6,2026-09-10T12:15:11Z,FanDuel Sportsbook structured market feed,,VA,NFL,35601246,Denver Broncos @ Kansas City Chiefs,2026-09-15T00:15:00.000Z,FanDuel,751.183526326,passing_yards,Bo Nix - Passing Yds,,Bo Nix,41331177,under,227.5,-114,1.87719298245614,0.5327102803738317,open,,,2026-09-10T12:15:11Z,,,,,v3-forward-measurement
f818dcf2-a77d-44ae-b7be-ba9329fa33f1,c4aa37a3-f191-4002-936a-ba8598d94f4a,2026-09-10T12:15:11Z,FanDuel Sportsbook structured market feed,,VA,NFL,35601246,Denver Broncos @ Kansas City Chiefs,2026-09-15T00:15:00.000Z,FanDuel,751.183526339,passing_yards,Patrick Mahomes - Passing Yds,,Patrick Mahomes,16593717,over,225.5,-114,1.87719298245614,0.5327102803738317,open,,,2026-09-10T12:15:11Z,,,,,v3-forward-measurement
f818dcf2-a77d-44ae-b7be-ba9329fa33f1,d309c8d2-be2b-49c3-8353-9f11258fef87,2026-09-10T12:15:11Z,FanDuel Sportsbook structured market feed,,VA,NFL,35601246,Denver Broncos @ Kansas City Chiefs,2026-09-15T00:15:00.000Z,FanDuel,751.183526339,passing_yards,Patrick Mahomes - Passing Yds,,Patrick Mahomes,16593718,under,225.5,-114,1.87719298245614,0.5327102803738317,open,,,2026-09-10T12:15:11Z,,,,,v3-forward-measurement
00d1ef5c-b62e-4f8d-bc9a-68728847ad46,57544771-50d2-4287-b77e-50352b71a58c,2026-09-10T12:15:11Z,FanDuel Sportsbook structured market feed,,VA,NFL,35601246,Denver Broncos @ Kansas City Chiefs,2026-09-15T00:15:00.000Z,FanDuel,751.183528169,rushing_yards,Bo Nix - Rushing Yds,,Bo Nix,41331175,over,15.5,-114,1.87719298245614,0.5327102803738317,open,,,2026-09-10T12:15:11Z,,,,,v3-forward-measurement
00d1ef5c-b62e-4f8d-bc9a-68728847ad46,67998e85-7fe0-4cf8-ad56-b35a7f7ffca3,2026-09-10T12:15:11Z,FanDuel Sportsbook structured market feed,,VA,NFL,35601246,Denver Broncos @ Kansas City Chiefs,2026-09-15T00:15:00.000Z,FanDuel,751.183528169,rushing_yards,Bo Nix - Rushing Yds,,Bo Nix,41331177,under,15.5,-114,1.87719298245614,0.5327102803738317,open,,,2026-09-10T12:15:11Z,,,,,v3-forward-measurement
00d1ef5c-b62e-4f8d-bc9a-68728847ad46,cb6a6d48-6a2b-4f8a-bf33-419b743d5dbb,2026-09-10T12:15:11Z,FanDuel Sportsbook structured market feed,,VA,NFL,35601246,Denver Broncos @ Kansas City Chiefs,2026-09-15T00:15:00.000Z,FanDuel,751.183528149,rushing_yards,Patrick Mahomes - Rushing Yds,,Patrick Mahomes,16593717,over,15.5,-114,1.87719298245614,0.5327102803738317,open,,,2026-09-10T12:15:11Z,,,,,v3-forward-measurement
00d1ef5c-b62e-4f8d-bc9a-68728847ad46,5a5b505f-4ddf-45d9-a8e6-758b56b96187,2026-09-10T12:15:11Z,FanDuel Sportsbook structured market feed,,VA,NFL,35601246,Denver Broncos @ Kansas City Chiefs,2026-09-15T00:15:00.000Z,FanDuel,751.183528149,rushing_yards,Patrick Mahomes - Rushing Yds,,Patrick Mahomes,16593718,under,15.5,-114,1.87719298245614,0.5327102803738317,open,,,2026-09-10T12:15:11Z,,,,,v3-forward-measurement
00d1ef5c-b62e-4f8d-bc9a-68728847ad46,be798279-0eb7-45e6-a5a8-e95289381f7f,2026-09-10T12:15:11Z,FanDuel Sportsbook structured market feed,,VA,NFL,35601246,Denver Broncos @ Kansas City Chiefs,2026-09-15T00:15:00.000Z,FanDuel,751.185117314,rushing_yards,RJ Harvey - Rushing Yds,,RJ Harvey,50744298,over,18.5,-114,1.87719298245614,0.5327102803738317,open,,,2026-09-10T12:15:11Z,,,,,v3-forward-measurement
00d1ef5c-b62e-4f8d-bc9a-68728847ad46,30d8e13a-9337-49fd-8a50-ba067359cf26,2026-09-10T12:15:11Z,FanDuel Sportsbook structured market feed,,VA,NFL,35601246,Denver Broncos @ Kansas City Chiefs,2026-09-15T00:15:00.000Z,FanDuel,751.185117314,rushing_yards,RJ Harvey - Rushing Yds,,RJ Harvey,50744300,under,18.5,-114,1.87719298245614,0.5327102803738317,open,,,2026-09-10T12:15:11Z,,,,,v3-forward-measurement
00d1ef5c-b62e-4f8d-bc9a-68728847ad46,f4f7fecf-23ff-40df-873a-172798323229,2026-09-10T12:15:11Z,FanDuel Sportsbook structured market feed,,VA,NFL,35601246,Denver Broncos @ Kansas City Chiefs,2026-09-15T00:15:00.000Z,FanDuel,751.183528041,rushing_yards,Kenneth Walker III - Rushing Yds,,Kenneth Walker III,40975102,over,59.5,-114,1.87719298245614,0.5327102803738317,open,,,2026-09-10T12:15:11Z,,,,,v3-forward-measurement
00d1ef5c-b62e-4f8d-bc9a-68728847ad46,719140d1-9a9c-4073-adbd-ee057ac8f64b,2026-09-10T12:15:11Z,FanDuel Sportsbook structured market feed,,VA,NFL,35601246,Denver Broncos @ Kansas City Chiefs,2026-09-15T00:15:00.000Z,FanDuel,751.183528041,rushing_yards,Kenneth Walker III - Rushing Yds,,Kenneth Walker III,40975103,under,59.5,-114,1.87719298245614,0.5327102803738317,open,,,2026-09-10T12:15:11Z,,,,,v3-forward-measurement
00d1ef5c-b62e-4f8d-bc9a-68728847ad46,88065665-22a2-432f-b925-c2f0158358d3,2026-09-10T12:15:11Z,FanDuel Sportsbook structured market feed,,VA,NFL,35601246,Denver Broncos @ Kansas City Chiefs,2026-09-15T00:15:00.000Z,FanDuel,751.183528043,rushing_yards,J.K. Dobbins - Rushing Yds,,J.K. Dobbins,48302900,over,49.5,-114,1.87719298245614,0.5327102803738317,open,,,2026-09-10T12:15:11Z,,,,,v3-forward-measurement
00d1ef5c-b62e-4f8d-bc9a-68728847ad46,30e1cacb-a377-4225-99d5-48d1508f09c7,2026-09-10T12:15:11Z,FanDuel Sportsbook structured market feed,,VA,NFL,35601246,Denver Broncos @ Kansas City Chiefs,2026-09-15T00:15:00.000Z,FanDuel,751.183528043,rushing_yards,J.K. Dobbins - Rushing Yds,,J.K. Dobbins,48302899,under,49.5,-114,1.87719298245614,0.5327102803738317,open,,,2026-09-10T12:15:11Z,,,,,v3-forward-measurement
b2086700-a19d-4b48-8ae6-4e5200c5f0a6,918b4c7c-2da7-4ffd-9bdd-d6a1a9ad5d2d,2026-09-10T12:15:11Z,FanDuel Sportsbook structured market feed,,VA,NFL,35601246,Denver Broncos @ Kansas City Chiefs,2026-09-15T00:15:00.000Z,FanDuel,751.183528882,receiving_yards,Xavier Worthy - Receiving Yds,,Xavier Worthy,41066840,over,38.5,-114,1.87719298245614,0.5327102803738317,open,,,2026-09-10T12:15:11Z,,,,,v3-forward-measurement
b2086700-a19d-4b48-8ae6-4e5200c5f0a6,e2a87b02-06c8-4d51-832c-03708d42bfee,2026-09-10T12:15:11Z,FanDuel Sportsbook structured market feed,,VA,NFL,35601246,Denver Broncos @ Kansas City Chiefs,2026-09-15T00:15:00.000Z,FanDuel,751.183528882,receiving_yards,Xavier Worthy - Receiving Yds,,Xavier Worthy,41066847,under,38.5,-114,1.87719298245614,0.5327102803738317,open,,,2026-09-10T12:15:11Z,,,,,v3-forward-measurement
b2086700-a19d-4b48-8ae6-4e5200c5f0a6,9f28eede-c66a-48a9-9e47-09aa107aedf1,2026-09-10T12:15:11Z,FanDuel Sportsbook structured market feed,,VA,NFL,35601246,Denver Broncos @ Kansas City Chiefs,2026-09-15T00:15:00.000Z,FanDuel,751.183528883,receptions,Xavier Worthy - Total Receptions,,Xavier Worthy,41066840,over,3.5,112,2.12,0.4716981132075472,open,,,2026-09-10T12:15:11Z,,,,,v3-forward-measurement
b2086700-a19d-4b48-8ae6-4e5200c5f0a6,b5a90d90-934a-4df6-8689-6e7ca76603f2,2026-09-10T12:15:11Z,FanDuel Sportsbook structured market feed,,VA,NFL,35601246,Denver Broncos @ Kansas City Chiefs,2026-09-15T00:15:00.000Z,FanDuel,751.183528883,receptions,Xavier Worthy - Total Receptions,,Xavier Worthy,41066847,under,3.5,-148,1.675675675675676,0.5967741935483871,open,,,2026-09-10T12:15:11Z,,,,,v3-forward-measurement
b2086700-a19d-4b48-8ae6-4e5200c5f0a6,d98e6951-26b3-4ab7-9f3f-1de3422316ae,2026-09-10T12:15:11Z,FanDuel Sportsbook structured market feed,,VA,NFL,35601246,Denver Broncos @ Kansas City Chiefs,2026-09-15T00:15:00.000Z,FanDuel,751.185163843,receptions,Pat Bryant - Total Receptions,,Pat Bryant,48907099,over,2.5,120,2.2,0.45454545454545453,open,,,2026-09-10T12:15:11Z,,,,,v3-forward-measurement
b2086700-a19d-4b48-8ae6-4e5200c5f0a6,2590e1f6-f6c5-4e06-a0f0-f488a41261fd,2026-09-10T12:15:11Z,FanDuel Sportsbook structured market feed,,VA,NFL,35601246,Denver Broncos @ Kansas City Chiefs,2026-09-15T00:15:00.000Z,FanDuel,751.185163843,receptions,Pat Bryant - Total Receptions,,Pat Bryant,48907098,under,2.5,-160,1.625,0.6153846153846154,open,,,2026-09-10T12:15:11Z,,,,,v3-forward-measurement
b2086700-a19d-4b48-8ae6-4e5200c5f0a6,ecf5f0f3-9057-42b6-909b-7d3fb00f9b63,2026-09-10T12:15:11Z,FanDuel Sportsbook structured market feed,,VA,NFL,35601246,Denver Broncos @ Kansas City Chiefs,2026-09-15T00:15:00.000Z,FanDuel,751.183528524,receiving_yards,Jaylen Waddle - Receiving Yds,,Jaylen Waddle,40877797,over,53.5,-114,1.87719298245614,0.5327102803738317,open,,,2026-09-10T12:15:11Z,,,,,v3-forward-measurement
b2086700-a19d-4b48-8ae6-4e5200c5f0a6,ade28169-7f16-4683-ae91-80189462b6b8,2026-09-10T12:15:11Z,FanDuel Sportsbook structured market feed,,VA,NFL,35601246,Denver Broncos @ Kansas City Chiefs,2026-09-15T00:15:00.000Z,FanDuel,751.183528524,receiving_yards,Jaylen Waddle - Receiving Yds,,Jaylen Waddle,40877798,under,53.5,-114,1.87719298245614,0.5327102803738317,open,,,2026-09-10T12:15:11Z,,,,,v3-forward-measurement
b2086700-a19d-4b48-8ae6-4e5200c5f0a6,f5c97cc9-7240-407f-b272-6ac170fc76dc,2026-09-10T12:15:11Z,FanDuel Sportsbook structured market feed,,VA,NFL,35601246,Denver Broncos @ Kansas City Chiefs,2026-09-15T00:15:00.000Z,FanDuel,751.185165140,receiving_yards,J.K. Dobbins - Receiving Yds,,J.K. Dobbins,48302900,over,3.5,-114,1.87719298245614,0.5327102803738317,open,,,2026-09-10T12:15:11Z,,,,,v3-forward-measurement
b2086700-a19d-4b48-8ae6-4e5200c5f0a6,94617580-09c7-4f4f-a18c-edab2338a163,2026-09-10T12:15:11Z,FanDuel Sportsbook structured market feed,,VA,NFL,35601246,Denver Broncos @ Kansas City Chiefs,2026-09-15T00:15:00.000Z,FanDuel,751.185165140,receiving_yards,J.K. Dobbins - Receiving Yds,,J.K. Dobbins,48302899,under,3.5,-114,1.87719298245614,0.5327102803738317,open,,,2026-09-10T12:15:11Z,,,,,v3-forward-measurement
b2086700-a19d-4b48-8ae6-4e5200c5f0a6,206e4174-88b8-41df-a0f1-04eb86a04d15,2026-09-10T12:15:11Z,FanDuel Sportsbook structured market feed,,VA,NFL,35601246,Denver Broncos @ Kansas City Chiefs,2026-09-15T00:15:00.000Z,FanDuel,751.185165141,receptions,RJ Harvey - Total Receptions,,RJ Harvey,50744298,over,2.5,-114,1.87719298245614,0.5327102803738317,open,,,2026-09-10T12:15:11Z,,,,,v3-forward-measurement
b2086700-a19d-4b48-8ae6-4e5200c5f0a6,aca362a6-c9e3-40f3-b172-060b7e1700bd,2026-09-10T12:15:11Z,FanDuel Sportsbook structured market feed,,VA,NFL,35601246,Denver Broncos @ Kansas City Chiefs,2026-09-15T00:15:00.000Z,FanDuel,751.185165141,receptions,RJ Harvey - Total Receptions,,RJ Harvey,50744300,under,2.5,-114,1.87719298245614,0.5327102803738317,open,,,2026-09-10T12:15:11Z,,,,,v3-forward-measurement
b2086700-a19d-4b48-8ae6-4e5200c5f0a6,c7e66fd7-a1d9-4841-bd1a-e855907af588,2026-09-10T12:15:11Z,FanDuel Sportsbook structured market feed,,VA,NFL,35601246,Denver Broncos @ Kansas City Chiefs,2026-09-15T00:15:00.000Z,FanDuel,751.183528805,receptions,Travis Kelce - Total Receptions,,Travis Kelce,11802406,over,3.5,-148,1.675675675675676,0.5967741935483871,open,,,2026-09-10T12:15:11Z,,,,,v3-forward-measurement
b2086700-a19d-4b48-8ae6-4e5200c5f0a6,1c94a327-87a9-4234-9333-8f62273f255b,2026-09-10T12:15:11Z,FanDuel Sportsbook structured market feed,,VA,NFL,35601246,Denver Broncos @ Kansas City Chiefs,2026-09-15T00:15:00.000Z,FanDuel,751.183528805,receptions,Travis Kelce - Total Receptions,,Travis Kelce,11802405,under,3.5,112,2.12,0.4716981132075472,open,,,2026-09-10T12:15:11Z,,,,,v3-forward-measurement
b2086700-a19d-4b48-8ae6-4e5200c5f0a6,8e3e118c-2a48-4a08-87b2-d09d059c980a,2026-09-10T12:15:11Z,FanDuel Sportsbook structured market feed,,VA,NFL,35601246,Denver Broncos @ Kansas City Chiefs,2026-09-15T00:15:00.000Z,FanDuel,751.185163836,receiving_yards,Noah Gray - Receiving Yds,,Noah Gray,40915505,over,9.5,-114,1.87719298245614,0.5327102803738317,open,,,2026-09-10T12:15:11Z,,,,,v3-forward-measurement
b2086700-a19d-4b48-8ae6-4e5200c5f0a6,04f40e12-5d8d-47ee-9697-2a487846c246,2026-09-10T12:15:11Z,FanDuel Sportsbook structured market feed,,VA,NFL,35601246,Denver Broncos @ Kansas City Chiefs,2026-09-15T00:15:00.000Z,FanDuel,751.185163836,receiving_yards,Noah Gray - Receiving Yds,,Noah Gray,40915506,under,9.5,-114,1.87719298245614,0.5327102803738317,open,,,2026-09-10T12:15:11Z,,,,,v3-forward-measurement
b2086700-a19d-4b48-8ae6-4e5200c5f0a6,f305dfe1-6e33-4059-a6eb-fe937b7414d3,2026-09-10T12:15:11Z,FanDuel Sportsbook structured market feed,,VA,NFL,35601246,Denver Broncos @ Kansas City Chiefs,2026-09-15T00:15:00.000Z,FanDuel,751.183528806,receiving_yards,Travis Kelce - Receiving Yds,,Travis Kelce,11802406,over,41.5,-114,1.87719298245614,0.5327102803738317,open,,,2026-09-10T12:15:11Z,,,,,v3-forward-measurement
b2086700-a19d-4b48-8ae6-4e5200c5f0a6,44d77008-d8a8-4948-babf-0dd42eacc128,2026-09-10T12:15:11Z,FanDuel Sportsbook structured market feed,,VA,NFL,35601246,Denver Broncos @ Kansas City Chiefs,2026-09-15T00:15:00.000Z,FanDuel,751.183528806,receiving_yards,Travis Kelce - Receiving Yds,,Travis Kelce,11802405,under,41.5,-114,1.87719298245614,0.5327102803738317,open,,,2026-09-10T12:15:11Z,,,,,v3-forward-measurement
b2086700-a19d-4b48-8ae6-4e5200c5f0a6,1926e97a-3a8c-43b2-af7a-8f72fc68f277,2026-09-10T12:15:11Z,FanDuel Sportsbook structured market feed,,VA,NFL,35601246,Denver Broncos @ Kansas City Chiefs,2026-09-15T00:15:00.000Z,FanDuel,751.185117635,receptions,Kenneth Walker III - Total Receptions,,Kenneth Walker III,40975102,over,2.5,-130,1.769230769230769,0.5652173913043478,open,,,2026-09-10T12:15:11Z,,,,,v3-forward-measurement
b2086700-a19d-4b48-8ae6-4e5200c5f0a6,27c7d208-4495-4d7b-b1d7-6b569facf188,2026-09-10T12:15:11Z,FanDuel Sportsbook structured market feed,,VA,NFL,35601246,Denver Broncos @ Kansas City Chiefs,2026-09-15T00:15:00.000Z,FanDuel,751.185117635,receptions,Kenneth Walker III - Total Receptions,,Kenneth Walker III,40975103,under,2.5,-102,1.980392156862745,0.504950495049505,open,,,2026-09-10T12:15:11Z,,,,,v3-forward-measurement
b2086700-a19d-4b48-8ae6-4e5200c5f0a6,19aa39d8-080b-4b3f-8488-115b67fb2d0a,2026-09-10T12:15:11Z,FanDuel Sportsbook structured market feed,,VA,NFL,35601246,Denver Broncos @ Kansas City Chiefs,2026-09-15T00:15:00.000Z,FanDuel,751.185117638,receiving_yards,Kenneth Walker III - Receiving Yds,,Kenneth Walker III,40975102,over,15.5,-114,1.87719298245614,0.5327102803738317,open,,,2026-09-10T12:15:11Z,,,,,v3-forward-measurement
b2086700-a19d-4b48-8ae6-4e5200c5f0a6,b191eeb4-b75f-495b-a8bb-223c2df7bf18,2026-09-10T12:15:11Z,FanDuel Sportsbook structured market feed,,VA,NFL,35601246,Denver Broncos @ Kansas City Chiefs,2026-09-15T00:15:00.000Z,FanDuel,751.185117638,receiving_yards,Kenneth Walker III - Receiving Yds,,Kenneth Walker III,40975103,under,15.5,-114,1.87719298245614,0.5327102803738317,open,,,2026-09-10T12:15:11Z,,,,,v3-forward-measurement
b2086700-a19d-4b48-8ae6-4e5200c5f0a6,b2ea3bf9-e436-43de-92ec-ece06578026c,2026-09-10T12:15:11Z,FanDuel Sportsbook structured market feed,,VA,NFL,35601246,Denver Broncos @ Kansas City Chiefs,2026-09-15T00:15:00.000Z,FanDuel,751.185163852,receptions,Noah Gray - Total Receptions,,Noah Gray,40915505,over,1.5,130,2.3,0.43478260869565216,open,,,2026-09-10T12:15:11Z,,,,,v3-forward-measurement
b2086700-a19d-4b48-8ae6-4e5200c5f0a6,6365a523-c6bd-4e3a-9c4a-0b3a6ca4e085,2026-09-10T12:15:11Z,FanDuel Sportsbook structured market feed,,VA,NFL,35601246,Denver Broncos @ Kansas City Chiefs,2026-09-15T00:15:00.000Z,FanDuel,751.185163852,receptions,Noah Gray - Total Receptions,,Noah Gray,40915506,under,1.5,-174,1.574712643678161,0.635036496350365,open,,,2026-09-10T12:15:11Z,,,,,v3-forward-measurement
b2086700-a19d-4b48-8ae6-4e5200c5f0a6,5c4dd8c0-a6a6-4b65-a702-df9386b34d19,2026-09-10T12:15:11Z,FanDuel Sportsbook structured market feed,,VA,NFL,35601246,Denver Broncos @ Kansas City Chiefs,2026-09-15T00:15:00.000Z,FanDuel,751.183528594,receptions,Rashee Rice - Total Receptions,,Rashee Rice,48551005,over,5.5,-122,1.819672131147541,0.5495495495495496,open,,,2026-09-10T12:15:11Z,,,,,v3-forward-measurement
b2086700-a19d-4b48-8ae6-4e5200c5f0a6,a0fb7ab7-f758-4e02-8dcb-819c38828079,2026-09-10T12:15:11Z,FanDuel Sportsbook structured market feed,,VA,NFL,35601246,Denver Broncos @ Kansas City Chiefs,2026-09-15T00:15:00.000Z,FanDuel,751.183528594,receptions,Rashee Rice - Total Receptions,,Rashee Rice,48551004,under,5.5,-108,1.925925925925926,0.5192307692307693,open,,,2026-09-10T12:15:11Z,,,,,v3-forward-measurement
b2086700-a19d-4b48-8ae6-4e5200c5f0a6,fa964414-e299-403a-8160-813393404f16,2026-09-10T12:15:11Z,FanDuel Sportsbook structured market feed,,VA,NFL,35601246,Denver Broncos @ Kansas City Chiefs,2026-09-15T00:15:00.000Z,FanDuel,751.183528593,receiving_yards,Rashee Rice - Receiving Yds,,Rashee Rice,48551005,over,59.5,-114,1.87719298245614,0.5327102803738317,open,,,2026-09-10T12:15:11Z,,,,,v3-forward-measurement
b2086700-a19d-4b48-8ae6-4e5200c5f0a6,4380be83-3b3f-43c8-be02-f9f01e9082c5,2026-09-10T12:15:11Z,FanDuel Sportsbook structured market feed,,VA,NFL,35601246,Denver Broncos @ Kansas City Chiefs,2026-09-15T00:15:00.000Z,FanDuel,751.183528593,receiving_yards,Rashee Rice - Receiving Yds,,Rashee Rice,48551004,under,59.5,-114,1.87719298245614,0.5327102803738317,open,,,2026-09-10T12:15:11Z,,,,,v3-forward-measurement
b2086700-a19d-4b48-8ae6-4e5200c5f0a6,38615987-1f64-4f2b-9804-86b8be03c515,2026-09-10T12:15:11Z,FanDuel Sportsbook structured market feed,,VA,NFL,35601246,Denver Broncos @ Kansas City Chiefs,2026-09-15T00:15:00.000Z,FanDuel,751.185163847,receiving_yards,Pat Bryant - Receiving Yds,,Pat Bryant,48907099,over,23.5,-114,1.87719298245614,0.5327102803738317,open,,,2026-09-10T12:15:11Z,,,,,v3-forward-measurement
b2086700-a19d-4b48-8ae6-4e5200c5f0a6,8db8b02a-4365-4fb6-888f-4b6cc637d6cc,2026-09-10T12:15:11Z,FanDuel Sportsbook structured market feed,,VA,NFL,35601246,Denver Broncos @ Kansas City Chiefs,2026-09-15T00:15:00.000Z,FanDuel,751.185163847,receiving_yards,Pat Bryant - Receiving Yds,,Pat Bryant,48907098,under,23.5,-114,1.87719298245614,0.5327102803738317,open,,,2026-09-10T12:15:11Z,,,,,v3-forward-measurement
b2086700-a19d-4b48-8ae6-4e5200c5f0a6,b075c9c0-d6ce-4056-9049-02a3039ac3b2,2026-09-10T12:15:11Z,FanDuel Sportsbook structured market feed,,VA,NFL,35601246,Denver Broncos @ Kansas City Chiefs,2026-09-15T00:15:00.000Z,FanDuel,751.183528519,receptions,Jaylen Waddle - Total Receptions,,Jaylen Waddle,40877797,over,4.5,-114,1.87719298245614,0.5327102803738317,open,,,2026-09-10T12:15:11Z,,,,,v3-forward-measurement
b2086700-a19d-4b48-8ae6-4e5200c5f0a6,95c4c639-4fa6-48f4-963b-d9c2a3d367ab,2026-09-10T12:15:11Z,FanDuel Sportsbook structured market feed,,VA,NFL,35601246,Denver Broncos @ Kansas City Chiefs,2026-09-15T00:15:00.000Z,FanDuel,751.183528519,receptions,Jaylen Waddle - Total Receptions,,Jaylen Waddle,40877798,under,4.5,-114,1.87719298245614,0.5327102803738317,open,,,2026-09-10T12:15:11Z,,,,,v3-forward-measurement
b2086700-a19d-4b48-8ae6-4e5200c5f0a6,ed93b00a-9450-4b7c-b979-f0e1820f46f6,2026-09-10T12:15:11Z,FanDuel Sportsbook structured market feed,,VA,NFL,35601246,Denver Broncos @ Kansas City Chiefs,2026-09-15T00:15:00.000Z,FanDuel,751.185117801,receiving_yards,Tyquan Thornton - Receiving Yds,,Tyquan Thornton,41074864,over,19.5,-114,1.87719298245614,0.5327102803738317,open,,,2026-09-10T12:15:11Z,,,,,v3-forward-measurement
b2086700-a19d-4b48-8ae6-4e5200c5f0a6,1a5450e1-60f8-41e4-85a4-99352bfec332,2026-09-10T12:15:11Z,FanDuel Sportsbook structured market feed,,VA,NFL,35601246,Denver Broncos @ Kansas City Chiefs,2026-09-15T00:15:00.000Z,FanDuel,751.185117801,receiving_yards,Tyquan Thornton - Receiving Yds,,Tyquan Thornton,41074863,under,19.5,-114,1.87719298245614,0.5327102803738317,open,,,2026-09-10T12:15:11Z,,,,,v3-forward-measurement
b2086700-a19d-4b48-8ae6-4e5200c5f0a6,48a33dc5-0e65-478d-8b73-777a7322b6de,2026-09-10T12:15:11Z,FanDuel Sportsbook structured market feed,,VA,NFL,35601246,Denver Broncos @ Kansas City Chiefs,2026-09-15T00:15:00.000Z,FanDuel,751.185163862,receiving_yards,Evan Engram - Receiving Yds,,Evan Engram,14807732,over,22.5,-114,1.87719298245614,0.5327102803738317,open,,,2026-09-10T12:15:11Z,,,,,v3-forward-measurement
b2086700-a19d-4b48-8ae6-4e5200c5f0a6,6943a6c1-754e-46fa-9bf4-1a7dbd6dfd72,2026-09-10T12:15:11Z,FanDuel Sportsbook structured market feed,,VA,NFL,35601246,Denver Broncos @ Kansas City Chiefs,2026-09-15T00:15:00.000Z,FanDuel,751.185163862,receiving_yards,Evan Engram - Receiving Yds,,Evan Engram,14807733,under,22.5,-114,1.87719298245614,0.5327102803738317,open,,,2026-09-10T12:15:11Z,,,,,v3-forward-measurement
b2086700-a19d-4b48-8ae6-4e5200c5f0a6,ff83ee25-eb79-462b-8d5c-0f6c3e97ea13,2026-09-10T12:15:11Z,FanDuel Sportsbook structured market feed,,VA,NFL,35601246,Denver Broncos @ Kansas City Chiefs,2026-09-15T00:15:00.000Z,FanDuel,751.185117804,receptions,Tyquan Thornton - Total Receptions,,Tyquan Thornton,41074864,over,1.5,106,2.06,0.4854368932038835,open,,,2026-09-10T12:15:11Z,,,,,v3-forward-measurement
b2086700-a19d-4b48-8ae6-4e5200c5f0a6,7c06766b-57af-4b18-8147-68b6f0f3b61a,2026-09-10T12:15:11Z,FanDuel Sportsbook structured market feed,,VA,NFL,35601246,Denver Broncos @ Kansas City Chiefs,2026-09-15T00:15:00.000Z,FanDuel,751.185117804,receptions,Tyquan Thornton - Total Receptions,,Tyquan Thornton,41074863,under,1.5,-140,1.714285714285714,0.5833333333333334,open,,,2026-09-10T12:15:11Z,,,,,v3-forward-measurement
b2086700-a19d-4b48-8ae6-4e5200c5f0a6,a4412847-d7d0-42e7-8a4a-2921ace27700,2026-09-10T12:15:11Z,FanDuel Sportsbook structured market feed,,VA,NFL,35601246,Denver Broncos @ Kansas City Chiefs,2026-09-15T00:15:00.000Z,FanDuel,751.185260008,receptions,Adam Trautman - Total Receptions,,Adam Trautman,40905237,over,1.5,188,2.88,0.3472222222222222,open,,,2026-09-10T12:15:11Z,,,,,v3-forward-measurement
b2086700-a19d-4b48-8ae6-4e5200c5f0a6,860bb424-112b-45c2-9b1a-e0fb654f16f1,2026-09-10T12:15:11Z,FanDuel Sportsbook structured market feed,,VA,NFL,35601246,Denver Broncos @ Kansas City Chiefs,2026-09-15T00:15:00.000Z,FanDuel,751.185260008,receptions,Adam Trautman - Total Receptions,,Adam Trautman,40905244,under,1.5,-260,1.384615384615385,0.7222222222222222,open,,,2026-09-10T12:15:11Z,,,,,v3-forward-measurement
b2086700-a19d-4b48-8ae6-4e5200c5f0a6,1ba86d61-c25e-484f-86be-e1096f0be71c,2026-09-10T12:15:11Z,FanDuel Sportsbook structured market feed,,VA,NFL,35601246,Denver Broncos @ Kansas City Chiefs,2026-09-15T00:15:00.000Z,FanDuel,751.185165139,receiving_yards,RJ Harvey - Receiving Yds,,RJ Harvey,50744298,over,16.5,-114,1.87719298245614,0.5327102803738317,open,,,2026-09-10T12:15:11Z,,,,,v3-forward-measurement
b2086700-a19d-4b48-8ae6-4e5200c5f0a6,44da28b4-b816-4f65-bbd7-cd7609884aac,2026-09-10T12:15:11Z,FanDuel Sportsbook structured market feed,,VA,NFL,35601246,Denver Broncos @ Kansas City Chiefs,2026-09-15T00:15:00.000Z,FanDuel,751.185165139,receiving_yards,RJ Harvey - Receiving Yds,,RJ Harvey,50744300,under,16.5,-114,1.87719298245614,0.5327102803738317,open,,,2026-09-10T12:15:11Z,,,,,v3-forward-measurement
b2086700-a19d-4b48-8ae6-4e5200c5f0a6,6f7893ad-7f3f-441d-98d0-db32e67a9471,2026-09-10T12:15:11Z,FanDuel Sportsbook structured market feed,,VA,NFL,35601246,Denver Broncos @ Kansas City Chiefs,2026-09-15T00:15:00.000Z,FanDuel,751.183528696,receptions,Courtland Sutton - Total Receptions,,Courtland Sutton,16490004,over,4.5,124,2.24,0.44642857142857145,open,,,2026-09-10T12:15:11Z,,,,,v3-forward-measurement
b2086700-a19d-4b48-8ae6-4e5200c5f0a6,75a7bb48-596c-444b-9f92-e2eb725140f6,2026-09-10T12:15:11Z,FanDuel Sportsbook structured market feed,,VA,NFL,35601246,Denver Broncos @ Kansas City Chiefs,2026-09-15T00:15:00.000Z,FanDuel,751.183528696,receptions,Courtland Sutton - Total Receptions,,Courtland Sutton,16490005,under,4.5,-166,1.602409638554217,0.6240601503759399,open,,,2026-09-10T12:15:11Z,,,,,v3-forward-measurement
b2086700-a19d-4b48-8ae6-4e5200c5f0a6,b6681994-06bc-4144-b090-31ab180e450b,2026-09-10T12:15:11Z,FanDuel Sportsbook structured market feed,,VA,NFL,35601246,Denver Broncos @ Kansas City Chiefs,2026-09-15T00:15:00.000Z,FanDuel,751.185163834,receptions,Evan Engram - Total Receptions,,Evan Engram,14807732,over,2.5,-130,1.769230769230769,0.5652173913043478,open,,,2026-09-10T12:15:11Z,,,,,v3-forward-measurement
b2086700-a19d-4b48-8ae6-4e5200c5f0a6,8dd6aef9-688a-4568-95aa-34ef8393828b,2026-09-10T12:15:11Z,FanDuel Sportsbook structured market feed,,VA,NFL,35601246,Denver Broncos @ Kansas City Chiefs,2026-09-15T00:15:00.000Z,FanDuel,751.185163834,receptions,Evan Engram - Total Receptions,,Evan Engram,14807733,under,2.5,-102,1.980392156862745,0.504950495049505,open,,,2026-09-10T12:15:11Z,,,,,v3-forward-measurement
b2086700-a19d-4b48-8ae6-4e5200c5f0a6,1e53e4af-5bf3-4d58-83b8-93ab5796bea0,2026-09-10T12:15:11Z,FanDuel Sportsbook structured market feed,,VA,NFL,35601246,Denver Broncos @ Kansas City Chiefs,2026-09-15T00:15:00.000Z,FanDuel,751.185260009,receiving_yards,Adam Trautman - Receiving Yds,,Adam Trautman,40905237,over,8.5,-114,1.87719298245614,0.5327102803738317,open,,,2026-09-10T12:15:11Z,,,,,v3-forward-measurement
b2086700-a19d-4b48-8ae6-4e5200c5f0a6,a576d465-276a-46a8-a67f-7607b681da69,2026-09-10T12:15:11Z,FanDuel Sportsbook structured market feed,,VA,NFL,35601246,Denver Broncos @ Kansas City Chiefs,2026-09-15T00:15:00.000Z,FanDuel,751.185260009,receiving_yards,Adam Trautman - Receiving Yds,,Adam Trautman,40905244,under,8.5,-114,1.87719298245614,0.5327102803738317,open,,,2026-09-10T12:15:11Z,,,,,v3-forward-measurement
b2086700-a19d-4b48-8ae6-4e5200c5f0a6,4ad4b96e-6964-4de9-be56-7cc1c66a8157,2026-09-10T12:15:11Z,FanDuel Sportsbook structured market feed,,VA,NFL,35601246,Denver Broncos @ Kansas City Chiefs,2026-09-15T00:15:00.000Z,FanDuel,751.183528692,receiving_yards,Courtland Sutton - Receiving Yds,,Courtland Sutton,16490004,over,42.5,-114,1.87719298245614,0.5327102803738317,open,,,2026-09-10T12:15:11Z,,,,,v3-forward-measurement
b2086700-a19d-4b48-8ae6-4e5200c5f0a6,0fe735b0-dbc3-4b54-b752-4456e5de8da9,2026-09-10T12:15:11Z,FanDuel Sportsbook structured market feed,,VA,NFL,35601246,Denver Broncos @ Kansas City Chiefs,2026-09-15T00:15:00.000Z,FanDuel,751.183528692,receiving_yards,Courtland Sutton - Receiving Yds,,Courtland Sutton,16490005,under,42.5,-114,1.87719298245614,0.5327102803738317,open,,,2026-09-10T12:15:11Z,,,,,v3-forward-measurement
83800c6e-b0a5-4626-a479-c4eb22794f1e,77fc8712-d7bf-4e72-924f-8324adaf3da9,2026-09-10T12:15:11Z,FanDuel Sportsbook structured market feed,,VA,NFL,35607426,Chicago Bears @ Carolina Panthers,2026-09-13T17:01:00.000Z,FanDuel,751.183908485,passing_touchdowns,Bryce Young - Passing TDs,,Bryce Young,41172024,over,1.5,112,2.12,0.4716981132075472,open,,,2026-09-10T12:15:11Z,,,,,v3-forward-measurement
83800c6e-b0a5-4626-a479-c4eb22794f1e,55c52926-f402-4687-af69-777242c61099,2026-09-10T12:15:11Z,FanDuel Sportsbook structured market feed,,VA,NFL,35607426,Chicago Bears @ Carolina Panthers,2026-09-13T17:01:00.000Z,FanDuel,751.183908485,passing_touchdowns,Bryce Young - Passing TDs,,Bryce Young,41172023,under,1.5,-148,1.675675675675676,0.5967741935483871,open,,,2026-09-10T12:15:11Z,,,,,v3-forward-measurement
83800c6e-b0a5-4626-a479-c4eb22794f1e,4511ee0c-defb-4a21-a145-68a984d12176,2026-09-10T12:15:11Z,FanDuel Sportsbook structured market feed,,VA,NFL,35607426,Chicago Bears @ Carolina Panthers,2026-09-13T17:01:00.000Z,FanDuel,751.183908396,passing_yards,Bryce Young - Passing Yds,,Bryce Young,41172024,over,208.5,-114,1.87719298245614,0.5327102803738317,open,,,2026-09-10T12:15:11Z,,,,,v3-forward-measurement
83800c6e-b0a5-4626-a479-c4eb22794f1e,8784b5e1-ea3d-4b6b-a2a3-e4786cee636a,2026-09-10T12:15:11Z,FanDuel Sportsbook structured market feed,,VA,NFL,35607426,Chicago Bears @ Carolina Panthers,2026-09-13T17:01:00.000Z,FanDuel,751.183908396,passing_yards,Bryce Young - Passing Yds,,Bryce Young,41172023,under,208.5,-114,1.87719298245614,0.5327102803738317,open,,,2026-09-10T12:15:11Z,,,,,v3-forward-measurement
83800c6e-b0a5-4626-a479-c4eb22794f1e,3f40b556-7d31-4766-9eab-678b6766d0f9,2026-09-10T12:15:11Z,FanDuel Sportsbook structured market feed,,VA,NFL,35607426,Chicago Bears @ Carolina Panthers,2026-09-13T17:01:00.000Z,FanDuel,751.183908512,passing_yards,Caleb Williams - Passing Yds,,Caleb Williams,41519457,over,226.5,-114,1.87719298245614,0.5327102803738317,open,,,2026-09-10T12:15:11Z,,,,,v3-forward-measurement
83800c6e-b0a5-4626-a479-c4eb22794f1e,ac7a6603-b4e3-49cc-ac80-6eb4f746fe22,2026-09-10T12:15:11Z,FanDuel Sportsbook structured market feed,,VA,NFL,35607426,Chicago Bears @ Carolina Panthers,2026-09-13T17:01:00.000Z,FanDuel,751.183908512,passing_yards,Caleb Williams - Passing Yds,,Caleb Williams,41519458,under,226.5,-114,1.87719298245614,0.5327102803738317,open,,,2026-09-10T12:15:11Z,,,,,v3-forward-measurement
83800c6e-b0a5-4626-a479-c4eb22794f1e,666815d3-a5ba-4022-97f2-efd4c73a9c42,2026-09-10T12:15:11Z,FanDuel Sportsbook structured market feed,,VA,NFL,35607426,Chicago Bears @ Carolina Panthers,2026-09-13T17:01:00.000Z,FanDuel,751.183908472,passing_touchdowns,Caleb Williams - Passing TDs,,Caleb Williams,41519457,over,1.5,-106,1.943396226415094,0.5145631067961165,open,,,2026-09-10T12:15:11Z,,,,,v3-forward-measurement
83800c6e-b0a5-4626-a479-c4eb22794f1e,9477aea1-acf1-4e0d-92d7-7069edb6b2a2,2026-09-10T12:15:11Z,FanDuel Sportsbook structured market feed,,VA,NFL,35607426,Chicago Bears @ Carolina Panthers,2026-09-13T17:01:00.000Z,FanDuel,751.183908472,passing_touchdowns,Caleb Williams - Passing TDs,,Caleb Williams,41519458,under,1.5,-125,1.8,0.5555555555555556,open,,,2026-09-10T12:15:11Z,,,,,v3-forward-measurement
06ee105f-17d4-449a-9e92-54571841f251,d29bfbc4-241a-49cf-962d-6791ab4f45e3,2026-09-10T12:15:11Z,FanDuel Sportsbook structured market feed,,VA,NFL,35607426,Chicago Bears @ Carolina Panthers,2026-09-13T17:01:00.000Z,FanDuel,751.183913513,rushing_yards,Bryce Young - Rushing Yds,,Bryce Young,41172024,over,13.5,-114,1.87719298245614,0.5327102803738317,open,,,2026-09-10T12:15:11Z,,,,,v3-forward-measurement
06ee105f-17d4-449a-9e92-54571841f251,cca2d4a2-47f5-4640-9441-4787139cc15f,2026-09-10T12:15:11Z,FanDuel Sportsbook structured market feed,,VA,NFL,35607426,Chicago Bears @ Carolina Panthers,2026-09-13T17:01:00.000Z,FanDuel,751.183913513,rushing_yards,Bryce Young - Rushing Yds,,Bryce Young,41172023,under,13.5,-114,1.87719298245614,0.5327102803738317,open,,,2026-09-10T12:15:11Z,,,,,v3-forward-measurement
06ee105f-17d4-449a-9e92-54571841f251,f6ffe2b2-d138-4e00-8398-5133b95bd38a,2026-09-10T12:15:11Z,FanDuel Sportsbook structured market feed,,VA,NFL,35607426,Chicago Bears @ Carolina Panthers,2026-09-13T17:01:00.000Z,FanDuel,751.185747087,rushing_yards,Kyle Monangai - Rushing Yds,,Kyle Monangai,48514921,over,27.5,-114,1.87719298245614,0.5327102803738317,open,,,2026-09-10T12:15:11Z,,,,,v3-forward-measurement
06ee105f-17d4-449a-9e92-54571841f251,7acdcecd-ca4d-42d0-8ed9-187e7342b750,2026-09-10T12:15:11Z,FanDuel Sportsbook structured market feed,,VA,NFL,35607426,Chicago Bears @ Carolina Panthers,2026-09-13T17:01:00.000Z,FanDuel,751.185747087,rushing_yards,Kyle Monangai - Rushing Yds,,Kyle Monangai,48514920,under,27.5,-114,1.87719298245614,0.5327102803738317,open,,,2026-09-10T12:15:11Z,,,,,v3-forward-measurement
06ee105f-17d4-449a-9e92-54571841f251,a446e57c-6f18-46c6-b314-f1011ef873e1,2026-09-10T12:15:11Z,FanDuel Sportsbook structured market feed,,VA,NFL,35607426,Chicago Bears @ Carolina Panthers,2026-09-13T17:01:00.000Z,FanDuel,751.183913516,rushing_yards,Caleb Williams - Rushing Yds,,Caleb Williams,41519457,over,19.5,-114,1.87719298245614,0.5327102803738317,open,,,2026-09-10T12:15:11Z,,,,,v3-forward-measurement
06ee105f-17d4-449a-9e92-54571841f251,7411fc06-afc2-496c-962f-c49eed8854e8,2026-09-10T12:15:11Z,FanDuel Sportsbook structured market feed,,VA,NFL,35607426,Chicago Bears @ Carolina Panthers,2026-09-13T17:01:00.000Z,FanDuel,751.183913516,rushing_yards,Caleb Williams - Rushing Yds,,Caleb Williams,41519458,under,19.5,-114,1.87719298245614,0.5327102803738317,open,,,2026-09-10T12:15:11Z,,,,,v3-forward-measurement
b4ccaf05-3482-46ef-b05f-20defc8c7705,261ff18b-34a0-435a-b7e6-2715a644363e,2026-09-10T12:15:11Z,FanDuel Sportsbook structured market feed,,VA,NFL,35607426,Chicago Bears @ Carolina Panthers,2026-09-13T17:01:00.000Z,FanDuel,751.184982586,receptions,Xavier Legette - Total Receptions,,Xavier Legette,59996927,over,1.5,-225,1.444444444444444,0.6923076923076923,open,,,2026-09-10T12:15:11Z,,,,,v3-forward-measurement
b4ccaf05-3482-46ef-b05f-20defc8c7705,0a2ef758-9be5-4bef-9c34-c9d5d4253dc3,2026-09-10T12:15:11Z,FanDuel Sportsbook structured market feed,,VA,NFL,35607426,Chicago Bears @ Carolina Panthers,2026-09-13T17:01:00.000Z,FanDuel,751.184982586,receptions,Xavier Legette - Total Receptions,,Xavier Legette,59996922,under,1.5,164,2.64,0.3787878787878788,open,,,2026-09-10T12:15:11Z,,,,,v3-forward-measurement
b4ccaf05-3482-46ef-b05f-20defc8c7705,048fbb8d-dd15-4c03-a909-abd8311c0851,2026-09-10T12:15:11Z,FanDuel Sportsbook structured market feed,,VA,NFL,35607426,Chicago Bears @ Carolina Panthers,2026-09-13T17:01:00.000Z,FanDuel,751.183908446,receiving_yards,Tetairoa McMillan - Receiving Yds,,Tetairoa McMillan,50551859,over,58.5,-114,1.87719298245614,0.5327102803738317,open,,,2026-09-10T12:15:11Z,,,,,v3-forward-measurement
b4ccaf05-3482-46ef-b05f-20defc8c7705,8442d902-6876-49ff-923e-4d2a2308f66b,2026-09-10T12:15:11Z,FanDuel Sportsbook structured market feed,,VA,NFL,35607426,Chicago Bears @ Carolina Panthers,2026-09-13T17:01:00.000Z,FanDuel,751.183908446,receiving_yards,Tetairoa McMillan - Receiving Yds,,Tetairoa McMillan,50551858,under,58.5,-114,1.87719298245614,0.5327102803738317,open,,,2026-09-10T12:15:11Z,,,,,v3-forward-measurement
b4ccaf05-3482-46ef-b05f-20defc8c7705,5d28fd9b-b263-4124-a672-a75f20c68e6b,2026-09-10T12:15:11Z,FanDuel Sportsbook structured market feed,,VA,NFL,35607426,Chicago Bears @ Carolina Panthers,2026-09-13T17:01:00.000Z,FanDuel,751.183908449,receptions,Luther Burden III - Total Receptions,,Luther Burden III,48308845,over,4.5,-138,1.72463768115942,0.5798319327731093,open,,,2026-09-10T12:15:11Z,,,,,v3-forward-measurement
b4ccaf05-3482-46ef-b05f-20defc8c7705,dd4df4a1-4969-46d6-a78f-0c54209139b0,2026-09-10T12:15:11Z,FanDuel Sportsbook structured market feed,,VA,NFL,35607426,Chicago Bears @ Carolina Panthers,2026-09-13T17:01:00.000Z,FanDuel,751.183908449,receptions,Luther Burden III - Total Receptions,,Luther Burden III,48308850,under,4.5,104,2.04,0.49019607843137253,open,,,2026-09-10T12:15:11Z,,,,,v3-forward-measurement
b4ccaf05-3482-46ef-b05f-20defc8c7705,a6c536cd-34fe-429f-9a66-73726dc63583,2026-09-10T12:15:11Z,FanDuel Sportsbook structured market feed,,VA,NFL,35607426,Chicago Bears @ Carolina Panthers,2026-09-13T17:01:00.000Z,FanDuel,751.183908427,receptions,Tetairoa McMillan - Total Receptions,,Tetairoa McMillan,50551859,over,4.5,-114,1.87719298245614,0.5327102803738317,open,,,2026-09-10T12:15:11Z,,,,,v3-forward-measurement
b4ccaf05-3482-46ef-b05f-20defc8c7705,5dd51c78-3ad2-4b37-871b-40b5f6298d52,2026-09-10T12:15:11Z,FanDuel Sportsbook structured market feed,,VA,NFL,35607426,Chicago Bears @ Carolina Panthers,2026-09-13T17:01:00.000Z,FanDuel,751.183908427,receptions,Tetairoa McMillan - Total Receptions,,Tetairoa McMillan,50551858,under,4.5,-114,1.87719298245614,0.5327102803738317,open,,,2026-09-10T12:15:11Z,,,,,v3-forward-measurement
b4ccaf05-3482-46ef-b05f-20defc8c7705,ec199a4e-6dff-437e-8d22-d7b685c9c000,2026-09-10T12:15:11Z,FanDuel Sportsbook structured market feed,,VA,NFL,35607426,Chicago Bears @ Carolina Panthers,2026-09-13T17:01:00.000Z,FanDuel,751.183908429,receiving_yards,Rome Odunze - Receiving Yds,,Rome Odunze,41522673,over,43.5,-114,1.87719298245614,0.5327102803738317,open,,,2026-09-10T12:15:11Z,,,,,v3-forward-measurement
b4ccaf05-3482-46ef-b05f-20defc8c7705,c3e3b78c-2fc4-4db2-87bc-14a8686ac380,2026-09-10T12:15:11Z,FanDuel Sportsbook structured market feed,,VA,NFL,35607426,Chicago Bears @ Carolina Panthers,2026-09-13T17:01:00.000Z,FanDuel,751.183908429,receiving_yards,Rome Odunze - Receiving Yds,,Rome Odunze,41522672,under,43.5,-114,1.87719298245614,0.5327102803738317,open,,,2026-09-10T12:15:11Z,,,,,v3-forward-measurement
b4ccaf05-3482-46ef-b05f-20defc8c7705,820ceca9-0022-4a81-bfac-92576188ed92,2026-09-10T12:15:11Z,FanDuel Sportsbook structured market feed,,VA,NFL,35607426,Chicago Bears @ Carolina Panthers,2026-09-13T17:01:00.000Z,FanDuel,751.183908505,receptions,Rome Odunze - Total Receptions,,Rome Odunze,41522673,over,3.5,106,2.06,0.4854368932038835,open,,,2026-09-10T12:15:11Z,,,,,v3-forward-measurement
b4ccaf05-3482-46ef-b05f-20defc8c7705,4142165a-0059-497b-ad60-97e785683b8a,2026-09-10T12:15:11Z,FanDuel Sportsbook structured market feed,,VA,NFL,35607426,Chicago Bears @ Carolina Panthers,2026-09-13T17:01:00.000Z,FanDuel,751.183908505,receptions,Rome Odunze - Total Receptions,,Rome Odunze,41522672,under,3.5,-140,1.714285714285714,0.5833333333333334,open,,,2026-09-10T12:15:11Z,,,,,v3-forward-measurement
b4ccaf05-3482-46ef-b05f-20defc8c7705,9f96c604-f2dc-4d60-b909-71e60726882e,2026-09-10T12:15:11Z,FanDuel Sportsbook structured market feed,,VA,NFL,35607426,Chicago Bears @ Carolina Panthers,2026-09-13T17:01:00.000Z,FanDuel,751.183908508,receiving_yards,Luther Burden III - Receiving Yds,,Luther Burden III,48308845,over,56.5,-114,1.87719298245614,0.5327102803738317,open,,,2026-09-10T12:15:11Z,,,,,v3-forward-measurement
b4ccaf05-3482-46ef-b05f-20defc8c7705,c044e741-b609-43d8-8eb1-cf1ef5a7e898,2026-09-10T12:15:11Z,FanDuel Sportsbook structured market feed,,VA,NFL,35607426,Chicago Bears @ Carolina Panthers,2026-09-13T17:01:00.000Z,FanDuel,751.183908508,receiving_yards,Luther Burden III - Receiving Yds,,Luther Burden III,48308850,under,56.5,-114,1.87719298245614,0.5327102803738317,open,,,2026-09-10T12:15:11Z,,,,,v3-forward-measurement
b4ccaf05-3482-46ef-b05f-20defc8c7705,4ff804e7-76e2-4d90-b482-bf820aa07649,2026-09-10T12:15:11Z,FanDuel Sportsbook structured market feed,,VA,NFL,35607426,Chicago Bears @ Carolina Panthers,2026-09-13T17:01:00.000Z,FanDuel,751.183908529,receiving_yards,Colston Loveland - Receiving Yds,,Colston Loveland,60018716,over,50.5,-114,1.87719298245614,0.5327102803738317,open,,,2026-09-10T12:15:11Z,,,,,v3-forward-measurement
b4ccaf05-3482-46ef-b05f-20defc8c7705,1ae786f2-6e85-463d-b83c-2f869995d4af,2026-09-10T12:15:11Z,FanDuel Sportsbook structured market feed,,VA,NFL,35607426,Chicago Bears @ Carolina Panthers,2026-09-13T17:01:00.000Z,FanDuel,751.183908529,receiving_yards,Colston Loveland - Receiving Yds,,Colston Loveland,60018717,under,50.5,-114,1.87719298245614,0.5327102803738317,open,,,2026-09-10T12:15:11Z,,,,,v3-forward-measurement
b4ccaf05-3482-46ef-b05f-20defc8c7705,9ae68cd4-e39d-4192-9ad4-63bb84a48662,2026-09-10T12:15:11Z,FanDuel Sportsbook structured market feed,,VA,NFL,35607426,Chicago Bears @ Carolina Panthers,2026-09-13T17:01:00.000Z,FanDuel,751.185487119,receiving_yards,Tommy Tremble - Receiving Yds,,Tommy Tremble,40913696,over,13.5,-114,1.87719298245614,0.5327102803738317,open,,,2026-09-10T12:15:11Z,,,,,v3-forward-measurement
b4ccaf05-3482-46ef-b05f-20defc8c7705,9d50a788-1991-491a-8f31-41bd6ab8ac95,2026-09-10T12:15:11Z,FanDuel Sportsbook structured market feed,,VA,NFL,35607426,Chicago Bears @ Carolina Panthers,2026-09-13T17:01:00.000Z,FanDuel,751.185487119,receiving_yards,Tommy Tremble - Receiving Yds,,Tommy Tremble,40913699,under,13.5,-114,1.87719298245614,0.5327102803738317,open,,,2026-09-10T12:15:11Z,,,,,v3-forward-measurement
b4ccaf05-3482-46ef-b05f-20defc8c7705,9092ff51-1bf1-4c4e-b5af-3a3e7542c7a0,2026-09-10T12:15:11Z,FanDuel Sportsbook structured market feed,,VA,NFL,35607426,Chicago Bears @ Carolina Panthers,2026-09-13T17:01:00.000Z,FanDuel,751.184982580,receiving_yards,Xavier Legette - Receiving Yds,,Xavier Legette,59996927,over,18.5,-114,1.87719298245614,0.5327102803738317,open,,,2026-09-10T12:15:11Z,,,,,v3-forward-measurement
b4ccaf05-3482-46ef-b05f-20defc8c7705,8e713aea-8b02-405a-a512-f52d8960f418,2026-09-10T12:15:11Z,FanDuel Sportsbook structured market feed,,VA,NFL,35607426,Chicago Bears @ Carolina Panthers,2026-09-13T17:01:00.000Z,FanDuel,751.184982580,receiving_yards,Xavier Legette - Receiving Yds,,Xavier Legette,59996922,under,18.5,-114,1.87719298245614,0.5327102803738317,open,,,2026-09-10T12:15:11Z,,,,,v3-forward-measurement
b4ccaf05-3482-46ef-b05f-20defc8c7705,2de34cb5-6486-4165-9f16-1170ca34c442,2026-09-10T12:15:11Z,FanDuel Sportsbook structured market feed,,VA,NFL,35607426,Chicago Bears @ Carolina Panthers,2026-09-13T17:01:00.000Z,FanDuel,751.184547997,receiving_yards,Cole Kmet - Receiving Yds,,Cole Kmet,37493030,over,14.5,-114,1.87719298245614,0.5327102803738317,open,,,2026-09-10T12:15:11Z,,,,,v3-forward-measurement
b4ccaf05-3482-46ef-b05f-20defc8c7705,32511988-f63a-4c82-a2c4-8cac62b1c9dc,2026-09-10T12:15:11Z,FanDuel Sportsbook structured market feed,,VA,NFL,35607426,Chicago Bears @ Carolina Panthers,2026-09-13T17:01:00.000Z,FanDuel,751.184547997,receiving_yards,Cole Kmet - Receiving Yds,,Cole Kmet,37493029,under,14.5,-114,1.87719298245614,0.5327102803738317,open,,,2026-09-10T12:15:11Z,,,,,v3-forward-measurement
b4ccaf05-3482-46ef-b05f-20defc8c7705,cccfd815-6869-4264-99ba-3516982f0c0a,2026-09-10T12:15:11Z,FanDuel Sportsbook structured market feed,,VA,NFL,35607426,Chicago Bears @ Carolina Panthers,2026-09-13T17:01:00.000Z,FanDuel,751.184547999,receptions,Cole Kmet - Total Receptions,,Cole Kmet,37493030,over,1.5,-138,1.72463768115942,0.5798319327731093,open,,,2026-09-10T12:15:11Z,,,,,v3-forward-measurement
b4ccaf05-3482-46ef-b05f-20defc8c7705,536f0971-3ce6-45d8-86e2-275f2a5c568b,2026-09-10T12:15:11Z,FanDuel Sportsbook structured market feed,,VA,NFL,35607426,Chicago Bears @ Carolina Panthers,2026-09-13T17:01:00.000Z,FanDuel,751.184547999,receptions,Cole Kmet - Total Receptions,,Cole Kmet,37493029,under,1.5,104,2.04,0.49019607843137253,open,,,2026-09-10T12:15:11Z,,,,,v3-forward-measurement
b4ccaf05-3482-46ef-b05f-20defc8c7705,3772e055-e394-4ba2-b5b4-3d41ec2153d9,2026-09-10T12:15:11Z,FanDuel Sportsbook structured market feed,,VA,NFL,35607426,Chicago Bears @ Carolina Panthers,2026-09-13T17:01:00.000Z,FanDuel,751.183908457,receptions,Colston Loveland - Total Receptions,,Colston Loveland,60018716,over,4.5,-114,1.87719298245614,0.5327102803738317,open,,,2026-09-10T12:15:11Z,,,,,v3-forward-measurement
b4ccaf05-3482-46ef-b05f-20defc8c7705,88730a14-ecd7-49c8-90bc-3cfc2e292d1f,2026-09-10T12:15:11Z,FanDuel Sportsbook structured market feed,,VA,NFL,35607426,Chicago Bears @ Carolina Panthers,2026-09-13T17:01:00.000Z,FanDuel,751.183908457,receptions,Colston Loveland - Total Receptions,,Colston Loveland,60018717,under,4.5,-114,1.87719298245614,0.5327102803738317,open,,,2026-09-10T12:15:11Z,,,,,v3-forward-measurement
b4ccaf05-3482-46ef-b05f-20defc8c7705,dfdbd97c-95e7-49a5-b3a8-db899b82b9d6,2026-09-10T12:15:11Z,FanDuel Sportsbook structured market feed,,VA,NFL,35607426,Chicago Bears @ Carolina Panthers,2026-09-13T17:01:00.000Z,FanDuel,751.185487129,receptions,Tommy Tremble - Total Receptions,,Tommy Tremble,40913696,over,1.5,-130,1.769230769230769,0.5652173913043478,open,,,2026-09-10T12:15:11Z,,,,,v3-forward-measurement
b4ccaf05-3482-46ef-b05f-20defc8c7705,07cce8ee-4f6b-4845-8dcb-946f50b4b6cb,2026-09-10T12:15:11Z,FanDuel Sportsbook structured market feed,,VA,NFL,35607426,Chicago Bears @ Carolina Panthers,2026-09-13T17:01:00.000Z,FanDuel,751.185487129,receptions,Tommy Tremble - Total Receptions,,Tommy Tremble,40913699,under,1.5,-102,1.980392156862745,0.504950495049505,open,,,2026-09-10T12:15:11Z,,,,,v3-forward-measurement
b4ccaf05-3482-46ef-b05f-20defc8c7705,84b51e42-d113-45c0-9f7f-e2b1dfdcea7f,2026-09-10T12:15:11Z,FanDuel Sportsbook structured market feed,,VA,NFL,35607426,Chicago Bears @ Carolina Panthers,2026-09-13T17:01:00.000Z,FanDuel,751.184547205,receiving_yards,Jalen Coker - Receiving Yds,,Jalen Coker,74451302,over,39.5,-114,1.87719298245614,0.5327102803738317,open,,,2026-09-10T12:15:11Z,,,,,v3-forward-measurement
b4ccaf05-3482-46ef-b05f-20defc8c7705,29b0d752-b9dd-4c49-b4e2-81d2526b90cf,2026-09-10T12:15:11Z,FanDuel Sportsbook structured market feed,,VA,NFL,35607426,Chicago Bears @ Carolina Panthers,2026-09-13T17:01:00.000Z,FanDuel,751.184547205,receiving_yards,Jalen Coker - Receiving Yds,,Jalen Coker,74451301,under,39.5,-114,1.87719298245614,0.5327102803738317,open,,,2026-09-10T12:15:11Z,,,,,v3-forward-measurement
b4ccaf05-3482-46ef-b05f-20defc8c7705,30ac44f8-8400-4073-bebf-f8de9287536e,2026-09-10T12:15:11Z,FanDuel Sportsbook structured market feed,,VA,NFL,35607426,Chicago Bears @ Carolina Panthers,2026-09-13T17:01:00.000Z,FanDuel,751.184547206,receptions,Jalen Coker - Total Receptions,,Jalen Coker,74451302,over,3.5,-128,1.78125,0.5614035087719298,open,,,2026-09-10T12:15:11Z,,,,,v3-forward-measurement
b4ccaf05-3482-46ef-b05f-20defc8c7705,6adac9b2-cd96-46eb-9aa3-b677a844fe55,2026-09-10T12:15:11Z,FanDuel Sportsbook structured market feed,,VA,NFL,35607426,Chicago Bears @ Carolina Panthers,2026-09-13T17:01:00.000Z,FanDuel,751.184547206,receptions,Jalen Coker - Total Receptions,,Jalen Coker,74451301,under,3.5,-104,1.961538461538462,0.5098039215686274,open,,,2026-09-10T12:15:11Z,,,,,v3-forward-measurement
2fd3da6b-779e-4b7b-920d-6afee0c17603,e5a19f8e-2730-4c71-990d-8f3bbf5bfe88,2026-09-10T12:15:11Z,FanDuel Sportsbook structured market feed,,VA,NFL,35609018,Miami Dolphins @ Las Vegas Raiders,2026-09-13T20:26:00.000Z,FanDuel,751.184001788,passing_touchdowns,Malik Willis - Passing TDs,,Malik Willis,41071999,over,0.5,-220,1.454545454545455,0.6875,open,,,2026-09-10T12:15:11Z,,,,,v3-forward-measurement
2fd3da6b-779e-4b7b-920d-6afee0c17603,e2e9def2-1b86-4ee3-ad9a-b75da8d27f42,2026-09-10T12:15:11Z,FanDuel Sportsbook structured market feed,,VA,NFL,35609018,Miami Dolphins @ Las Vegas Raiders,2026-09-13T20:26:00.000Z,FanDuel,751.184001788,passing_touchdowns,Malik Willis - Passing TDs,,Malik Willis,41072001,under,0.5,162,2.62,0.3816793893129771,open,,,2026-09-10T12:15:11Z,,,,,v3-forward-measurement
2fd3da6b-779e-4b7b-920d-6afee0c17603,2441afe3-ce2a-46bd-8712-25abb3afcde7,2026-09-10T12:15:11Z,FanDuel Sportsbook structured market feed,,VA,NFL,35609018,Miami Dolphins @ Las Vegas Raiders,2026-09-13T20:26:00.000Z,FanDuel,751.184001832,passing_yards,Kirk Cousins - Passing Yds,,Kirk Cousins,11889829,over,207.5,-114,1.87719298245614,0.5327102803738317,open,,,2026-09-10T12:15:11Z,,,,,v3-forward-measurement
2fd3da6b-779e-4b7b-920d-6afee0c17603,982adbd6-ea67-468f-b64e-9907f749f126,2026-09-10T12:15:11Z,FanDuel Sportsbook structured market feed,,VA,NFL,35609018,Miami Dolphins @ Las Vegas Raiders,2026-09-13T20:26:00.000Z,FanDuel,751.184001832,passing_yards,Kirk Cousins - Passing Yds,,Kirk Cousins,11889830,under,207.5,-114,1.87719298245614,0.5327102803738317,open,,,2026-09-10T12:15:11Z,,,,,v3-forward-measurement
2fd3da6b-779e-4b7b-920d-6afee0c17603,98138449-23c0-4705-9c27-167766406fa1,2026-09-10T12:15:11Z,FanDuel Sportsbook structured market feed,,VA,NFL,35609018,Miami Dolphins @ Las Vegas Raiders,2026-09-13T20:26:00.000Z,FanDuel,751.184001812,passing_yards,Malik Willis - Passing Yds,,Malik Willis,41071999,over,184.5,-114,1.87719298245614,0.5327102803738317,open,,,2026-09-10T12:15:11Z,,,,,v3-forward-measurement
2fd3da6b-779e-4b7b-920d-6afee0c17603,288365cc-1ed5-4dff-9322-b9022f94c401,2026-09-10T12:15:11Z,FanDuel Sportsbook structured market feed,,VA,NFL,35609018,Miami Dolphins @ Las Vegas Raiders,2026-09-13T20:26:00.000Z,FanDuel,751.184001812,passing_yards,Malik Willis - Passing Yds,,Malik Willis,41072001,under,184.5,-114,1.87719298245614,0.5327102803738317,open,,,2026-09-10T12:15:11Z,,,,,v3-forward-measurement
2fd3da6b-779e-4b7b-920d-6afee0c17603,5e80053d-244b-4ceb-8c69-ca64e7630c55,2026-09-10T12:15:11Z,FanDuel Sportsbook structured market feed,,VA,NFL,35609018,Miami Dolphins @ Las Vegas Raiders,2026-09-13T20:26:00.000Z,FanDuel,751.184001798,passing_touchdowns,Kirk Cousins - Passing TDs,,Kirk Cousins,11889829,over,1.5,142,2.42,0.4132231404958678,open,,,2026-09-10T12:15:11Z,,,,,v3-forward-measurement
2fd3da6b-779e-4b7b-920d-6afee0c17603,1b3b1c8a-63b0-4f92-ac6c-87ad11e6b969,2026-09-10T12:15:11Z,FanDuel Sportsbook structured market feed,,VA,NFL,35609018,Miami Dolphins @ Las Vegas Raiders,2026-09-13T20:26:00.000Z,FanDuel,751.184001798,passing_touchdowns,Kirk Cousins - Passing TDs,,Kirk Cousins,11889830,under,1.5,-192,1.520833333333333,0.6575342465753424,open,,,2026-09-10T12:15:11Z,,,,,v3-forward-measurement
a4839542-2185-4c63-a4bf-4441de9d1771,849bc624-130c-4e0b-b3ab-8d992c951e23,2026-09-10T12:15:11Z,FanDuel Sportsbook structured market feed,,VA,NFL,35609018,Miami Dolphins @ Las Vegas Raiders,2026-09-13T20:26:00.000Z,FanDuel,751.185136427,rushing_yards,Malik Willis - Rushing Yds,,Malik Willis,41071999,over,39.5,-114,1.87719298245614,0.5327102803738317,open,,,2026-09-10T12:15:11Z,,,,,v3-forward-measurement
a4839542-2185-4c63-a4bf-4441de9d1771,adb57c7b-983a-47d3-a239-d00b81393205,2026-09-10T12:15:11Z,FanDuel Sportsbook structured market feed,,VA,NFL,35609018,Miami Dolphins @ Las Vegas Raiders,2026-09-13T20:26:00.000Z,FanDuel,751.185136427,rushing_yards,Malik Willis - Rushing Yds,,Malik Willis,41072001,under,39.5,-114,1.87719298245614,0.5327102803738317,open,,,2026-09-10T12:15:11Z,,,,,v3-forward-measurement
a4839542-2185-4c63-a4bf-4441de9d1771,ffa14899-6c3d-4213-8de1-c0e5ad750455,2026-09-10T12:15:11Z,FanDuel Sportsbook structured market feed,,VA,NFL,35609018,Miami Dolphins @ Las Vegas Raiders,2026-09-13T20:26:00.000Z,FanDuel,751.185254634,rushing_yards,Kirk Cousins - Rushing Yds,,Kirk Cousins,11889829,over,0.5,120,2.2,0.45454545454545453,open,,,2026-09-10T12:15:11Z,,,,,v3-forward-measurement
a4839542-2185-4c63-a4bf-4441de9d1771,1ec09a41-b530-4ef3-9558-ce92b51e0649,2026-09-10T12:15:11Z,FanDuel Sportsbook structured market feed,,VA,NFL,35609018,Miami Dolphins @ Las Vegas Raiders,2026-09-13T20:26:00.000Z,FanDuel,751.185254634,rushing_yards,Kirk Cousins - Rushing Yds,,Kirk Cousins,11889830,under,0.5,-156,1.641025641025641,0.609375,open,,,2026-09-10T12:15:11Z,,,,,v3-forward-measurement
a4839542-2185-4c63-a4bf-4441de9d1771,44deff36-ee72-420c-bd51-417a238cf616,2026-09-10T12:15:11Z,FanDuel Sportsbook structured market feed,,VA,NFL,35609018,Miami Dolphins @ Las Vegas Raiders,2026-09-13T20:26:00.000Z,FanDuel,751.185696403,rushing_yards,Ashton Jeanty - Rushing Yds,,Ashton Jeanty,59996483,over,57.5,-114,1.87719298245614,0.5327102803738317,open,,,2026-09-10T12:15:11Z,,,,,v3-forward-measurement
a4839542-2185-4c63-a4bf-4441de9d1771,bffd412a-41d2-48de-bf82-9ee75c3dea00,2026-09-10T12:15:11Z,FanDuel Sportsbook structured market feed,,VA,NFL,35609018,Miami Dolphins @ Las Vegas Raiders,2026-09-13T20:26:00.000Z,FanDuel,751.185696403,rushing_yards,Ashton Jeanty - Rushing Yds,,Ashton Jeanty,59996482,under,57.5,-114,1.87719298245614,0.5327102803738317,open,,,2026-09-10T12:15:11Z,,,,,v3-forward-measurement
a4839542-2185-4c63-a4bf-4441de9d1771,453f0f9c-3780-499e-9dbb-b0dc01dca4f6,2026-09-10T12:15:11Z,FanDuel Sportsbook structured market feed,,VA,NFL,35609018,Miami Dolphins @ Las Vegas Raiders,2026-09-13T20:26:00.000Z,FanDuel,751.184002435,rushing_yards,De'Von Achane - Rushing Yds,,De'Von Achane,61166678,over,68.5,-114,1.87719298245614,0.5327102803738317,open,,,2026-09-10T12:15:11Z,,,,,v3-forward-measurement
a4839542-2185-4c63-a4bf-4441de9d1771,7b4a118f-0d7a-4c36-a856-52349ea137f3,2026-09-10T12:15:11Z,FanDuel Sportsbook structured market feed,,VA,NFL,35609018,Miami Dolphins @ Las Vegas Raiders,2026-09-13T20:26:00.000Z,FanDuel,751.184002435,rushing_yards,De'Von Achane - Rushing Yds,,De'Von Achane,61166679,under,68.5,-114,1.87719298245614,0.5327102803738317,open,,,2026-09-10T12:15:11Z,,,,,v3-forward-measurement
9250a335-cb4f-4394-ac99-a4aaf2972e33,d9e65a51-a3c8-49d2-8acb-d5f559801281,2026-09-10T12:15:11Z,FanDuel Sportsbook structured market feed,,VA,NFL,35609018,Miami Dolphins @ Las Vegas Raiders,2026-09-13T20:26:00.000Z,FanDuel,751.185447438,receiving_yards,Jack Bech - Receiving Yds,,Jack Bech,41330988,over,18.5,-114,1.87719298245614,0.5327102803738317,open,,,2026-09-10T12:15:11Z,,,,,v3-forward-measurement
9250a335-cb4f-4394-ac99-a4aaf2972e33,074080b2-d0b5-47fc-a20d-08a684256206,2026-09-10T12:15:11Z,FanDuel Sportsbook structured market feed,,VA,NFL,35609018,Miami Dolphins @ Las Vegas Raiders,2026-09-13T20:26:00.000Z,FanDuel,751.185447438,receiving_yards,Jack Bech - Receiving Yds,,Jack Bech,41330987,under,18.5,-114,1.87719298245614,0.5327102803738317,open,,,2026-09-10T12:15:11Z,,,,,v3-forward-measurement
9250a335-cb4f-4394-ac99-a4aaf2972e33,44729136-11c1-4058-8740-e8ea5294eb0a,2026-09-10T12:15:11Z,FanDuel Sportsbook structured market feed,,VA,NFL,35609018,Miami Dolphins @ Las Vegas Raiders,2026-09-13T20:26:00.000Z,FanDuel,751.185050463,receiving_yards,Malik Washington - Receiving Yds,,Malik Washington,41433612,over,27.5,-114,1.87719298245614,0.5327102803738317,open,,,2026-09-10T12:15:11Z,,,,,v3-forward-measurement
9250a335-cb4f-4394-ac99-a4aaf2972e33,6f83644c-5fe6-4969-ac75-4a0608348c7a,2026-09-10T12:15:11Z,FanDuel Sportsbook structured market feed,,VA,NFL,35609018,Miami Dolphins @ Las Vegas Raiders,2026-09-13T20:26:00.000Z,FanDuel,751.185050463,receiving_yards,Malik Washington - Receiving Yds,,Malik Washington,41433613,under,27.5,-114,1.87719298245614,0.5327102803738317,open,,,2026-09-10T12:15:11Z,,,,,v3-forward-measurement
9250a335-cb4f-4394-ac99-a4aaf2972e33,a80b88ec-8103-40e9-8c57-15bd4e862e83,2026-09-10T12:15:11Z,FanDuel Sportsbook structured market feed,,VA,NFL,35609018,Miami Dolphins @ Las Vegas Raiders,2026-09-13T20:26:00.000Z,FanDuel,751.185447436,receptions,Jack Bech - Total Receptions,,Jack Bech,41330988,over,1.5,-148,1.675675675675676,0.5967741935483871,open,,,2026-09-10T12:15:11Z,,,,,v3-forward-measurement
9250a335-cb4f-4394-ac99-a4aaf2972e33,00b314e6-3aa9-44df-bdd4-751da9a3d3b6,2026-09-10T12:15:11Z,FanDuel Sportsbook structured market feed,,VA,NFL,35609018,Miami Dolphins @ Las Vegas Raiders,2026-09-13T20:26:00.000Z,FanDuel,751.185447436,receptions,Jack Bech - Total Receptions,,Jack Bech,41330987,under,1.5,112,2.12,0.4716981132075472,open,,,2026-09-10T12:15:11Z,,,,,v3-forward-measurement
9250a335-cb4f-4394-ac99-a4aaf2972e33,ad11c9fa-4b5e-4afe-ae73-e538250b5ec7,2026-09-10T12:15:11Z,FanDuel Sportsbook structured market feed,,VA,NFL,35609018,Miami Dolphins @ Las Vegas Raiders,2026-09-13T20:26:00.000Z,FanDuel,751.184007905,receiving_yards,Tre Tucker - Receiving Yds,,Tre Tucker,49580080,over,45.5,-114,1.87719298245614,0.5327102803738317,open,,,2026-09-10T12:15:11Z,,,,,v3-forward-measurement
9250a335-cb4f-4394-ac99-a4aaf2972e33,78484861-8759-43ad-b4f8-a7f0d8756a00,2026-09-10T12:15:11Z,FanDuel Sportsbook structured market feed,,VA,NFL,35609018,Miami Dolphins @ Las Vegas Raiders,2026-09-13T20:26:00.000Z,FanDuel,751.184007905,receiving_yards,Tre Tucker - Receiving Yds,,Tre Tucker,49580078,under,45.5,-114,1.87719298245614,0.5327102803738317,open,,,2026-09-10T12:15:11Z,,,,,v3-forward-measurement
9250a335-cb4f-4394-ac99-a4aaf2972e33,3c71385c-57d8-4c74-9799-160b412844cd,2026-09-10T12:15:11Z,FanDuel Sportsbook structured market feed,,VA,NFL,35609018,Miami Dolphins @ Las Vegas Raiders,2026-09-13T20:26:00.000Z,FanDuel,751.185062655,receptions,Caleb Douglas - Total Receptions,,Caleb Douglas,59967950,over,2.5,120,2.2,0.45454545454545453,open,,,2026-09-10T12:15:11Z,,,,,v3-forward-measurement
9250a335-cb4f-4394-ac99-a4aaf2972e33,d9d677ba-ccc8-4157-a937-f13cd9f2ac48,2026-09-10T12:15:11Z,FanDuel Sportsbook structured market feed,,VA,NFL,35609018,Miami Dolphins @ Las Vegas Raiders,2026-09-13T20:26:00.000Z,FanDuel,751.185062655,receptions,Caleb Douglas - Total Receptions,,Caleb Douglas,59967966,under,2.5,-160,1.625,0.6153846153846154,open,,,2026-09-10T12:15:11Z,,,,,v3-forward-measurement
9250a335-cb4f-4394-ac99-a4aaf2972e33,0c114f6a-d3a8-44c0-8ea0-24b130a2da8c,2026-09-10T12:15:11Z,FanDuel Sportsbook structured market feed,,VA,NFL,35609018,Miami Dolphins @ Las Vegas Raiders,2026-09-13T20:26:00.000Z,FanDuel,751.185696389,receptions,Ashton Jeanty - Total Receptions,,Ashton Jeanty,59996483,over,3.5,102,2.02,0.49504950495049505,open,,,2026-09-10T12:15:11Z,,,,,v3-forward-measurement
9250a335-cb4f-4394-ac99-a4aaf2972e33,c61aacc7-bccc-4718-88f6-29690777b10c,2026-09-10T12:15:11Z,FanDuel Sportsbook structured market feed,,VA,NFL,35609018,Miami Dolphins @ Las Vegas Raiders,2026-09-13T20:26:00.000Z,FanDuel,751.185696389,receptions,Ashton Jeanty - Total Receptions,,Ashton Jeanty,59996482,under,3.5,-136,1.735294117647059,0.576271186440678,open,,,2026-09-10T12:15:11Z,,,,,v3-forward-measurement
9250a335-cb4f-4394-ac99-a4aaf2972e33,030eeeb2-a69c-465a-a542-e28cf4821ce8,2026-09-10T12:15:11Z,FanDuel Sportsbook structured market feed,,VA,NFL,35609018,Miami Dolphins @ Las Vegas Raiders,2026-09-13T20:26:00.000Z,FanDuel,751.184007903,receptions,Tre Tucker - Total Receptions,,Tre Tucker,49580080,over,4.5,106,2.06,0.4854368932038835,open,,,2026-09-10T12:15:11Z,,,,,v3-forward-measurement
9250a335-cb4f-4394-ac99-a4aaf2972e33,d5b2ec21-0e06-413e-aef4-a19b01867095,2026-09-10T12:15:11Z,FanDuel Sportsbook structured market feed,,VA,NFL,35609018,Miami Dolphins @ Las Vegas Raiders,2026-09-13T20:26:00.000Z,FanDuel,751.184007903,receptions,Tre Tucker - Total Receptions,,Tre Tucker,49580078,under,4.5,-140,1.714285714285714,0.5833333333333334,open,,,2026-09-10T12:15:11Z,,,,,v3-forward-measurement
9250a335-cb4f-4394-ac99-a4aaf2972e33,bc5c6401-ebc6-4e93-bef5-2abe3c634f18,2026-09-10T12:15:11Z,FanDuel Sportsbook structured market feed,,VA,NFL,35609018,Miami Dolphins @ Las Vegas Raiders,2026-09-13T20:26:00.000Z,FanDuel,751.185696385,receiving_yards,Ashton Jeanty - Receiving Yds,,Ashton Jeanty,59996483,over,17.5,-114,1.87719298245614,0.5327102803738317,open,,,2026-09-10T12:15:11Z,,,,,v3-forward-measurement
9250a335-cb4f-4394-ac99-a4aaf2972e33,5d9c02f9-2430-41bb-ba3a-4a670372fb63,2026-09-10T12:15:11Z,FanDuel Sportsbook structured market feed,,VA,NFL,35609018,Miami Dolphins @ Las Vegas Raiders,2026-09-13T20:26:00.000Z,FanDuel,751.185696385,receiving_yards,Ashton Jeanty - Receiving Yds,,Ashton Jeanty,59996482,under,17.5,-114,1.87719298245614,0.5327102803738317,open,,,2026-09-10T12:15:11Z,,,,,v3-forward-measurement
9250a335-cb4f-4394-ac99-a4aaf2972e33,a4b95213-3627-49e2-839b-1029aaedb275,2026-09-10T12:15:11Z,FanDuel Sportsbook structured market feed,,VA,NFL,35609018,Miami Dolphins @ Las Vegas Raiders,2026-09-13T20:26:00.000Z,FanDuel,751.184008124,receptions,De'Von Achane - Total Receptions,,De'Von Achane,61166678,over,4.5,122,2.22,0.45045045045045046,open,,,2026-09-10T12:15:11Z,,,,,v3-forward-measurement
9250a335-cb4f-4394-ac99-a4aaf2972e33,53392628-5aa5-437c-9f35-5e35d344f756,2026-09-10T12:15:11Z,FanDuel Sportsbook structured market feed,,VA,NFL,35609018,Miami Dolphins @ Las Vegas Raiders,2026-09-13T20:26:00.000Z,FanDuel,751.184008124,receptions,De'Von Achane - Total Receptions,,De'Von Achane,61166679,under,4.5,-162,1.617283950617284,0.6183206106870229,open,,,2026-09-10T12:15:11Z,,,,,v3-forward-measurement
9250a335-cb4f-4394-ac99-a4aaf2972e33,d602763d-abc5-47c9-93b1-2eeaa3b65b63,2026-09-10T12:15:11Z,FanDuel Sportsbook structured market feed,,VA,NFL,35609018,Miami Dolphins @ Las Vegas Raiders,2026-09-13T20:26:00.000Z,FanDuel,751.185140997,receiving_yards,Michael Mayer - Receiving Yds,,Michael Mayer,41072736,over,37.5,-114,1.87719298245614,0.5327102803738317,open,,,2026-09-10T12:15:11Z,,,,,v3-forward-measurement
9250a335-cb4f-4394-ac99-a4aaf2972e33,01b78000-fc65-4ad9-a2a1-d732f363fc59,2026-09-10T12:15:11Z,FanDuel Sportsbook structured market feed,,VA,NFL,35609018,Miami Dolphins @ Las Vegas Raiders,2026-09-13T20:26:00.000Z,FanDuel,751.185140997,receiving_yards,Michael Mayer - Receiving Yds,,Michael Mayer,41072735,under,37.5,-114,1.87719298245614,0.5327102803738317,open,,,2026-09-10T12:15:11Z,,,,,v3-forward-measurement
9250a335-cb4f-4394-ac99-a4aaf2972e33,37134629-4cb1-4325-b30e-3eefba492a08,2026-09-10T12:15:11Z,FanDuel Sportsbook structured market feed,,VA,NFL,35609018,Miami Dolphins @ Las Vegas Raiders,2026-09-13T20:26:00.000Z,FanDuel,751.184008125,receiving_yards,De'Von Achane - Receiving Yds,,De'Von Achane,61166678,over,27.5,-114,1.87719298245614,0.5327102803738317,open,,,2026-09-10T12:15:11Z,,,,,v3-forward-measurement
9250a335-cb4f-4394-ac99-a4aaf2972e33,c26222dc-08e0-4a9d-8330-dab8234fdb03,2026-09-10T12:15:11Z,FanDuel Sportsbook structured market feed,,VA,NFL,35609018,Miami Dolphins @ Las Vegas Raiders,2026-09-13T20:26:00.000Z,FanDuel,751.184008125,receiving_yards,De'Von Achane - Receiving Yds,,De'Von Achane,61166679,under,27.5,-114,1.87719298245614,0.5327102803738317,open,,,2026-09-10T12:15:11Z,,,,,v3-forward-measurement
9250a335-cb4f-4394-ac99-a4aaf2972e33,4b39477c-0c6d-4659-bdfe-ac1e6b457d46,2026-09-10T12:15:11Z,FanDuel Sportsbook structured market feed,,VA,NFL,35609018,Miami Dolphins @ Las Vegas Raiders,2026-09-13T20:26:00.000Z,FanDuel,751.185140911,receptions,Jalen Nailor - Total Receptions,,Jalen Nailor,40975110,over,3.5,118,2.18,0.45871559633027525,open,,,2026-09-10T12:15:11Z,,,,,v3-forward-measurement
9250a335-cb4f-4394-ac99-a4aaf2972e33,032a45ad-036f-4406-a069-09b2f37757b5,2026-09-10T12:15:11Z,FanDuel Sportsbook structured market feed,,VA,NFL,35609018,Miami Dolphins @ Las Vegas Raiders,2026-09-13T20:26:00.000Z,FanDuel,751.185140911,receptions,Jalen Nailor - Total Receptions,,Jalen Nailor,40975111,under,3.5,-158,1.632911392405063,0.6124031007751938,open,,,2026-09-10T12:15:11Z,,,,,v3-forward-measurement
9250a335-cb4f-4394-ac99-a4aaf2972e33,9163f6b9-8e1c-43f1-856a-557d3d0f8b99,2026-09-10T12:15:11Z,FanDuel Sportsbook structured market feed,,VA,NFL,35609018,Miami Dolphins @ Las Vegas Raiders,2026-09-13T20:26:00.000Z,FanDuel,751.185140999,receptions,Michael Mayer - Total Receptions,,Michael Mayer,41072736,over,4.5,-114,1.87719298245614,0.5327102803738317,open,,,2026-09-10T12:15:11Z,,,,,v3-forward-measurement
9250a335-cb4f-4394-ac99-a4aaf2972e33,64892823-bbea-4532-92f3-25e92a9333e6,2026-09-10T12:15:11Z,FanDuel Sportsbook structured market feed,,VA,NFL,35609018,Miami Dolphins @ Las Vegas Raiders,2026-09-13T20:26:00.000Z,FanDuel,751.185140999,receptions,Michael Mayer - Total Receptions,,Michael Mayer,41072735,under,4.5,-114,1.87719298245614,0.5327102803738317,open,,,2026-09-10T12:15:11Z,,,,,v3-forward-measurement
9250a335-cb4f-4394-ac99-a4aaf2972e33,3a18c53f-8816-4ae4-a988-f74ff7585b0b,2026-09-10T12:15:11Z,FanDuel Sportsbook structured market feed,,VA,NFL,35609018,Miami Dolphins @ Las Vegas Raiders,2026-09-13T20:26:00.000Z,FanDuel,751.185050455,receptions,Malik Washington - Total Receptions,,Malik Washington,41433612,over,2.5,-158,1.632911392405063,0.6124031007751938,open,,,2026-09-10T12:15:11Z,,,,,v3-forward-measurement
9250a335-cb4f-4394-ac99-a4aaf2972e33,c3e48900-dcfb-473b-8027-ca69a211c35a,2026-09-10T12:15:11Z,FanDuel Sportsbook structured market feed,,VA,NFL,35609018,Miami Dolphins @ Las Vegas Raiders,2026-09-13T20:26:00.000Z,FanDuel,751.185050455,receptions,Malik Washington - Total Receptions,,Malik Washington,41433613,under,2.5,118,2.18,0.45871559633027525,open,,,2026-09-10T12:15:11Z,,,,,v3-forward-measurement
9250a335-cb4f-4394-ac99-a4aaf2972e33,21fc0983-e99a-47aa-be07-de6b2ea7e1b5,2026-09-10T12:15:11Z,FanDuel Sportsbook structured market feed,,VA,NFL,35609018,Miami Dolphins @ Las Vegas Raiders,2026-09-13T20:26:00.000Z,FanDuel,751.185140909,receiving_yards,Jalen Nailor - Receiving Yds,,Jalen Nailor,40975110,over,37.5,-114,1.87719298245614,0.5327102803738317,open,,,2026-09-10T12:15:11Z,,,,,v3-forward-measurement
9250a335-cb4f-4394-ac99-a4aaf2972e33,dbd7e698-ae0b-47bb-af4f-3bedc2485fe7,2026-09-10T12:15:11Z,FanDuel Sportsbook structured market feed,,VA,NFL,35609018,Miami Dolphins @ Las Vegas Raiders,2026-09-13T20:26:00.000Z,FanDuel,751.185140909,receiving_yards,Jalen Nailor - Receiving Yds,,Jalen Nailor,40975111,under,37.5,-114,1.87719298245614,0.5327102803738317,open,,,2026-09-10T12:15:11Z,,,,,v3-forward-measurement
9250a335-cb4f-4394-ac99-a4aaf2972e33,8be089fc-9eec-4724-ae92-331414f3b945,2026-09-10T12:15:11Z,FanDuel Sportsbook structured market feed,,VA,NFL,35609018,Miami Dolphins @ Las Vegas Raiders,2026-09-13T20:26:00.000Z,FanDuel,751.185062643,receiving_yards,Caleb Douglas - Receiving Yds,,Caleb Douglas,59967950,over,25.5,-114,1.87719298245614,0.5327102803738317,open,,,2026-09-10T12:15:11Z,,,,,v3-forward-measurement
9250a335-cb4f-4394-ac99-a4aaf2972e33,b7c9fadb-569e-4a5a-a467-87f26a156fdb,2026-09-10T12:15:11Z,FanDuel Sportsbook structured market feed,,VA,NFL,35609018,Miami Dolphins @ Las Vegas Raiders,2026-09-13T20:26:00.000Z,FanDuel,751.185062643,receiving_yards,Caleb Douglas - Receiving Yds,,Caleb Douglas,59967966,under,25.5,-114,1.87719298245614,0.5327102803738317,open,,,2026-09-10T12:15:11Z,,,,,v3-forward-measurement
9250a335-cb4f-4394-ac99-a4aaf2972e33,99b3ee11-95d1-4599-ba0a-c07fedf24903,2026-09-10T12:15:11Z,FanDuel Sportsbook structured market feed,,VA,NFL,35609018,Miami Dolphins @ Las Vegas Raiders,2026-09-13T20:26:00.000Z,FanDuel,751.185140626,receiving_yards,Greg Dulcich - Receiving Yds,,Greg Dulcich,41074189,over,26.5,-114,1.87719298245614,0.5327102803738317,open,,,2026-09-10T12:15:11Z,,,,,v3-forward-measurement
9250a335-cb4f-4394-ac99-a4aaf2972e33,8aeb7123-a35a-4cb7-94be-4a17e3898595,2026-09-10T12:15:11Z,FanDuel Sportsbook structured market feed,,VA,NFL,35609018,Miami Dolphins @ Las Vegas Raiders,2026-09-13T20:26:00.000Z,FanDuel,751.185140626,receiving_yards,Greg Dulcich - Receiving Yds,,Greg Dulcich,41074187,under,26.5,-114,1.87719298245614,0.5327102803738317,open,,,2026-09-10T12:15:11Z,,,,,v3-forward-measurement
9250a335-cb4f-4394-ac99-a4aaf2972e33,d43a9af3-c113-4b48-b2b5-8a68a5a2c87c,2026-09-10T12:15:11Z,FanDuel Sportsbook structured market feed,,VA,NFL,35609018,Miami Dolphins @ Las Vegas Raiders,2026-09-13T20:26:00.000Z,FanDuel,751.185140628,receptions,Greg Dulcich - Total Receptions,,Greg Dulcich,41074189,over,2.5,-114,1.87719298245614,0.5327102803738317,open,,,2026-09-10T12:15:11Z,,,,,v3-forward-measurement
9250a335-cb4f-4394-ac99-a4aaf2972e33,3be05d92-c5d1-4d34-8315-595941b40d95,2026-09-10T12:15:11Z,FanDuel Sportsbook structured market feed,,VA,NFL,35609018,Miami Dolphins @ Las Vegas Raiders,2026-09-13T20:26:00.000Z,FanDuel,751.185140628,receptions,Greg Dulcich - Total Receptions,,Greg Dulcich,41074187,under,2.5,-114,1.87719298245614,0.5327102803738317,open,,,2026-09-10T12:15:11Z,,,,,v3-forward-measurement
d2946fcc-cbbb-4b97-b835-5ff8cc7c612c,1552ea25-d9ac-44d7-a392-c50d96eeb554,2026-09-10T12:15:11Z,FanDuel Sportsbook structured market feed,,VA,NFL,35609019,Cleveland Browns @ Jacksonville Jaguars,2026-09-13T17:01:00.000Z,FanDuel,751.183935310,passing_yards,Deshaun Watson - Passing Yds,,Deshaun Watson,12302595,over,178.5,-114,1.87719298245614,0.5327102803738317,open,,,2026-09-10T12:15:11Z,,,,,v3-forward-measurement
d2946fcc-cbbb-4b97-b835-5ff8cc7c612c,867b0db3-ec16-4272-8c3b-bb88c9b2730b,2026-09-10T12:15:11Z,FanDuel Sportsbook structured market feed,,VA,NFL,35609019,Cleveland Browns @ Jacksonville Jaguars,2026-09-13T17:01:00.000Z,FanDuel,751.183935310,passing_yards,Deshaun Watson - Passing Yds,,Deshaun Watson,12302596,under,178.5,-114,1.87719298245614,0.5327102803738317,open,,,2026-09-10T12:15:11Z,,,,,v3-forward-measurement
d2946fcc-cbbb-4b97-b835-5ff8cc7c612c,761b04f1-e278-4167-8911-c463411da674,2026-09-10T12:15:11Z,FanDuel Sportsbook structured market feed,,VA,NFL,35609019,Cleveland Browns @ Jacksonville Jaguars,2026-09-13T17:01:00.000Z,FanDuel,751.183935245,passing_touchdowns,Trevor Lawrence - Passing TDs,,Trevor Lawrence,22336735,over,1.5,-106,1.943396226415094,0.5145631067961165,open,,,2026-09-10T12:15:11Z,,,,,v3-forward-measurement
d2946fcc-cbbb-4b97-b835-5ff8cc7c612c,8991503b-469a-4581-b2b5-63a64251aae8,2026-09-10T12:15:11Z,FanDuel Sportsbook structured market feed,,VA,NFL,35609019,Cleveland Browns @ Jacksonville Jaguars,2026-09-13T17:01:00.000Z,FanDuel,751.183935245,passing_touchdowns,Trevor Lawrence - Passing TDs,,Trevor Lawrence,22336736,under,1.5,-125,1.8,0.5555555555555556,open,,,2026-09-10T12:15:11Z,,,,,v3-forward-measurement
d2946fcc-cbbb-4b97-b835-5ff8cc7c612c,033ddb4d-1169-4968-8cf7-b6bceafe7a6f,2026-09-10T12:15:11Z,FanDuel Sportsbook structured market feed,,VA,NFL,35609019,Cleveland Browns @ Jacksonville Jaguars,2026-09-13T17:01:00.000Z,FanDuel,751.183935242,passing_touchdowns,Deshaun Watson - Passing TDs,,Deshaun Watson,12302595,over,0.5,-188,1.531914893617021,0.6527777777777778,open,,,2026-09-10T12:15:11Z,,,,,v3-forward-measurement
d2946fcc-cbbb-4b97-b835-5ff8cc7c612c,ea15d1b1-5b05-46fd-880d-3bcd95ebd036,2026-09-10T12:15:11Z,FanDuel Sportsbook structured market feed,,VA,NFL,35609019,Cleveland Browns @ Jacksonville Jaguars,2026-09-13T17:01:00.000Z,FanDuel,751.183935242,passing_touchdowns,Deshaun Watson - Passing TDs,,Deshaun Watson,12302596,under,0.5,140,2.4,0.4166666666666667,open,,,2026-09-10T12:15:11Z,,,,,v3-forward-measurement
d2946fcc-cbbb-4b97-b835-5ff8cc7c612c,7643e01c-1b73-4714-b1be-fc617f9f8a75,2026-09-10T12:15:11Z,FanDuel Sportsbook structured market feed,,VA,NFL,35609019,Cleveland Browns @ Jacksonville Jaguars,2026-09-13T17:01:00.000Z,FanDuel,751.183935240,passing_yards,Trevor Lawrence - Passing Yds,,Trevor Lawrence,22336735,over,236.5,-114,1.87719298245614,0.5327102803738317,open,,,2026-09-10T12:15:11Z,,,,,v3-forward-measurement
d2946fcc-cbbb-4b97-b835-5ff8cc7c612c,0e83dbab-1f7d-44a7-ac52-34cc40581b91,2026-09-10T12:15:11Z,FanDuel Sportsbook structured market feed,,VA,NFL,35609019,Cleveland Browns @ Jacksonville Jaguars,2026-09-13T17:01:00.000Z,FanDuel,751.183935240,passing_yards,Trevor Lawrence - Passing Yds,,Trevor Lawrence,22336736,under,236.5,-114,1.87719298245614,0.5327102803738317,open,,,2026-09-10T12:15:11Z,,,,,v3-forward-measurement
8fb8f772-ae76-4349-a7d9-927653d41ad2,f3a05bf3-b96b-4cf8-9cd2-e45677f7b989,2026-09-10T12:15:11Z,FanDuel Sportsbook structured market feed,,VA,NFL,35609019,Cleveland Browns @ Jacksonville Jaguars,2026-09-13T17:01:00.000Z,FanDuel,751.183959324,rushing_yards,Bhayshul Tuten - Rushing Yds,,Bhayshul Tuten,60316188,over,50.5,-114,1.87719298245614,0.5327102803738317,open,,,2026-09-10T12:15:11Z,,,,,v3-forward-measurement
8fb8f772-ae76-4349-a7d9-927653d41ad2,2f17e185-d7d5-4b63-afcf-5d150d5a7f7b,2026-09-10T12:15:11Z,FanDuel Sportsbook structured market feed,,VA,NFL,35609019,Cleveland Browns @ Jacksonville Jaguars,2026-09-13T17:01:00.000Z,FanDuel,751.183959324,rushing_yards,Bhayshul Tuten - Rushing Yds,,Bhayshul Tuten,60316191,under,50.5,-114,1.87719298245614,0.5327102803738317,open,,,2026-09-10T12:15:11Z,,,,,v3-forward-measurement
8fb8f772-ae76-4349-a7d9-927653d41ad2,1cea52c2-b7b4-49ee-828e-37ca539c6aac,2026-09-10T12:15:11Z,FanDuel Sportsbook structured market feed,,VA,NFL,35609019,Cleveland Browns @ Jacksonville Jaguars,2026-09-13T17:01:00.000Z,FanDuel,751.185134684,rushing_yards,Deshaun Watson - Rushing Yds,,Deshaun Watson,12302595,over,19.5,-114,1.87719298245614,0.5327102803738317,open,,,2026-09-10T12:15:11Z,,,,,v3-forward-measurement
8fb8f772-ae76-4349-a7d9-927653d41ad2,43b67b8f-f7d3-4466-b363-1ad9cd6d8628,2026-09-10T12:15:11Z,FanDuel Sportsbook structured market feed,,VA,NFL,35609019,Cleveland Browns @ Jacksonville Jaguars,2026-09-13T17:01:00.000Z,FanDuel,751.185134684,rushing_yards,Deshaun Watson - Rushing Yds,,Deshaun Watson,12302596,under,19.5,-114,1.87719298245614,0.5327102803738317,open,,,2026-09-10T12:15:11Z,,,,,v3-forward-measurement
8fb8f772-ae76-4349-a7d9-927653d41ad2,d2d56352-5e32-441d-b694-bfcbc41686fa,2026-09-10T12:15:11Z,FanDuel Sportsbook structured market feed,,VA,NFL,35609019,Cleveland Browns @ Jacksonville Jaguars,2026-09-13T17:01:00.000Z,FanDuel,751.183959327,rushing_yards,Chris Rodriguez Jr. - Rushing Yds,,Chris Rodriguez Jr.,41073257,over,33.5,-114,1.87719298245614,0.5327102803738317,open,,,2026-09-10T12:15:11Z,,,,,v3-forward-measurement
8fb8f772-ae76-4349-a7d9-927653d41ad2,8946cb3d-37ed-427a-8837-5632bf10e79c,2026-09-10T12:15:11Z,FanDuel Sportsbook structured market feed,,VA,NFL,35609019,Cleveland Browns @ Jacksonville Jaguars,2026-09-13T17:01:00.000Z,FanDuel,751.183959327,rushing_yards,Chris Rodriguez Jr. - Rushing Yds,,Chris Rodriguez Jr.,41073256,under,33.5,-114,1.87719298245614,0.5327102803738317,open,,,2026-09-10T12:15:11Z,,,,,v3-forward-measurement
8fb8f772-ae76-4349-a7d9-927653d41ad2,a237e4c8-c690-488c-83e2-6d8b2a086a22,2026-09-10T12:15:11Z,FanDuel Sportsbook structured market feed,,VA,NFL,35609019,Cleveland Browns @ Jacksonville Jaguars,2026-09-13T17:01:00.000Z,FanDuel,751.183935361,rushing_yards,Quinshon Judkins - Rushing Yds,,Quinshon Judkins,48906497,over,58.5,-114,1.87719298245614,0.5327102803738317,open,,,2026-09-10T12:15:11Z,,,,,v3-forward-measurement
8fb8f772-ae76-4349-a7d9-927653d41ad2,4965905e-f37f-4510-a3ae-3d0837cf97b4,2026-09-10T12:15:11Z,FanDuel Sportsbook structured market feed,,VA,NFL,35609019,Cleveland Browns @ Jacksonville Jaguars,2026-09-13T17:01:00.000Z,FanDuel,751.183935361,rushing_yards,Quinshon Judkins - Rushing Yds,,Quinshon Judkins,48906496,under,58.5,-114,1.87719298245614,0.5327102803738317,open,,,2026-09-10T12:15:11Z,,,,,v3-forward-measurement
8fb8f772-ae76-4349-a7d9-927653d41ad2,7c1ffa01-0714-44a7-8edc-f62c07cdb350,2026-09-10T12:15:11Z,FanDuel Sportsbook structured market feed,,VA,NFL,35609019,Cleveland Browns @ Jacksonville Jaguars,2026-09-13T17:01:00.000Z,FanDuel,751.183961486,rushing_yards,Trevor Lawrence - Rushing Yds,,Trevor Lawrence,22336735,over,16.5,-114,1.87719298245614,0.5327102803738317,open,,,2026-09-10T12:15:11Z,,,,,v3-forward-measurement
8fb8f772-ae76-4349-a7d9-927653d41ad2,00fc981f-a947-4d81-987c-d844cd4bc007,2026-09-10T12:15:11Z,FanDuel Sportsbook structured market feed,,VA,NFL,35609019,Cleveland Browns @ Jacksonville Jaguars,2026-09-13T17:01:00.000Z,FanDuel,751.183961486,rushing_yards,Trevor Lawrence - Rushing Yds,,Trevor Lawrence,22336736,under,16.5,-114,1.87719298245614,0.5327102803738317,open,,,2026-09-10T12:15:11Z,,,,,v3-forward-measurement
11d88635-a87f-4cb7-891d-6af39c6d90c8,61eb8ae6-c778-4e85-8af8-2732385a1b99,2026-09-10T12:15:11Z,FanDuel Sportsbook structured market feed,,VA,NFL,35609019,Cleveland Browns @ Jacksonville Jaguars,2026-09-13T17:01:00.000Z,FanDuel,751.183962624,receptions,KC Concepcion - Total Receptions,,KC Concepcion,102320458,over,3.5,102,2.02,0.49504950495049505,open,,,2026-09-10T12:15:11Z,,,,,v3-forward-measurement
11d88635-a87f-4cb7-891d-6af39c6d90c8,393cf364-a40c-4025-8c56-40c0e52c7a14,2026-09-10T12:15:11Z,FanDuel Sportsbook structured market feed,,VA,NFL,35609019,Cleveland Browns @ Jacksonville Jaguars,2026-09-13T17:01:00.000Z,FanDuel,751.183962624,receptions,KC Concepcion - Total Receptions,,KC Concepcion,102320470,under,3.5,-136,1.735294117647059,0.576271186440678,open,,,2026-09-10T12:15:11Z,,,,,v3-forward-measurement
11d88635-a87f-4cb7-891d-6af39c6d90c8,fce06360-5a1d-42cc-895b-c8c189c3770a,2026-09-10T12:15:11Z,FanDuel Sportsbook structured market feed,,VA,NFL,35609019,Cleveland Browns @ Jacksonville Jaguars,2026-09-13T17:01:00.000Z,FanDuel,751.183935282,receiving_yards,Brian Thomas Jr. - Receiving Yds,,Brian Thomas Jr.,42267563,over,36.5,-114,1.87719298245614,0.5327102803738317,open,,,2026-09-10T12:15:11Z,,,,,v3-forward-measurement
11d88635-a87f-4cb7-891d-6af39c6d90c8,668b3705-635b-48ff-9fe1-fba74f2b3290,2026-09-10T12:15:11Z,FanDuel Sportsbook structured market feed,,VA,NFL,35609019,Cleveland Browns @ Jacksonville Jaguars,2026-09-13T17:01:00.000Z,FanDuel,751.183935282,receiving_yards,Brian Thomas Jr. - Receiving Yds,,Brian Thomas Jr.,42267562,under,36.5,-114,1.87719298245614,0.5327102803738317,open,,,2026-09-10T12:15:11Z,,,,,v3-forward-measurement
11d88635-a87f-4cb7-891d-6af39c6d90c8,5338d896-8afb-4643-a4bf-f2b2bd632f7d,2026-09-10T12:15:11Z,FanDuel Sportsbook structured market feed,,VA,NFL,35609019,Cleveland Browns @ Jacksonville Jaguars,2026-09-13T17:01:00.000Z,FanDuel,751.183962629,receiving_yards,Jerry Jeudy - Receiving Yds,,Jerry Jeudy,22336750,over,31.5,-114,1.87719298245614,0.5327102803738317,open,,,2026-09-10T12:15:11Z,,,,,v3-forward-measurement
11d88635-a87f-4cb7-891d-6af39c6d90c8,c8f93393-089c-4665-b7c1-e78686d84999,2026-09-10T12:15:11Z,FanDuel Sportsbook structured market feed,,VA,NFL,35609019,Cleveland Browns @ Jacksonville Jaguars,2026-09-13T17:01:00.000Z,FanDuel,751.183962629,receiving_yards,Jerry Jeudy - Receiving Yds,,Jerry Jeudy,22336751,under,31.5,-114,1.87719298245614,0.5327102803738317,open,,,2026-09-10T12:15:11Z,,,,,v3-forward-measurement
11d88635-a87f-4cb7-891d-6af39c6d90c8,92a8ff88-5ea0-408a-b1e6-d51f9b701fe3,2026-09-10T12:15:11Z,FanDuel Sportsbook structured market feed,,VA,NFL,35609019,Cleveland Browns @ Jacksonville Jaguars,2026-09-13T17:01:00.000Z,FanDuel,751.183963353,receiving_yards,Brenton Strange - Receiving Yds,,Brenton Strange,41155824,over,36.5,-114,1.87719298245614,0.5327102803738317,open,,,2026-09-10T12:15:11Z,,,,,v3-forward-measurement
11d88635-a87f-4cb7-891d-6af39c6d90c8,c87cbbdd-9381-44a9-b688-60715ea4b93b,2026-09-10T12:15:11Z,FanDuel Sportsbook structured market feed,,VA,NFL,35609019,Cleveland Browns @ Jacksonville Jaguars,2026-09-13T17:01:00.000Z,FanDuel,751.183963353,receiving_yards,Brenton Strange - Receiving Yds,,Brenton Strange,41155823,under,36.5,-114,1.87719298245614,0.5327102803738317,open,,,2026-09-10T12:15:11Z,,,,,v3-forward-measurement
11d88635-a87f-4cb7-891d-6af39c6d90c8,358373ac-f263-466d-81b1-26bc11f16c9c,2026-09-10T12:15:11Z,FanDuel Sportsbook structured market feed,,VA,NFL,35609019,Cleveland Browns @ Jacksonville Jaguars,2026-09-13T17:01:00.000Z,FanDuel,751.183963352,receptions,Brenton Strange - Total Receptions,,Brenton Strange,41155824,over,3.5,-102,1.980392156862745,0.504950495049505,open,,,2026-09-10T12:15:11Z,,,,,v3-forward-measurement
11d88635-a87f-4cb7-891d-6af39c6d90c8,3efdd2db-404c-4c5e-b375-42c6469193c1,2026-09-10T12:15:11Z,FanDuel Sportsbook structured market feed,,VA,NFL,35609019,Cleveland Browns @ Jacksonville Jaguars,2026-09-13T17:01:00.000Z,FanDuel,751.183963352,receptions,Brenton Strange - Total Receptions,,Brenton Strange,41155823,under,3.5,-130,1.769230769230769,0.5652173913043478,open,,,2026-09-10T12:15:11Z,,,,,v3-forward-measurement
11d88635-a87f-4cb7-891d-6af39c6d90c8,eae06045-96ff-4469-a3d4-2802f3d5e32f,2026-09-10T12:15:11Z,FanDuel Sportsbook structured market feed,,VA,NFL,35609019,Cleveland Browns @ Jacksonville Jaguars,2026-09-13T17:01:00.000Z,FanDuel,751.183935334,receptions,Jakobi Meyers - Total Receptions,,Jakobi Meyers,26595189,over,3.5,-114,1.87719298245614,0.5327102803738317,open,,,2026-09-10T12:15:11Z,,,,,v3-forward-measurement
11d88635-a87f-4cb7-891d-6af39c6d90c8,6e2e68d2-7dce-4f84-b87c-b163039d934f,2026-09-10T12:15:11Z,FanDuel Sportsbook structured market feed,,VA,NFL,35609019,Cleveland Browns @ Jacksonville Jaguars,2026-09-13T17:01:00.000Z,FanDuel,751.183935334,receptions,Jakobi Meyers - Total Receptions,,Jakobi Meyers,26595190,under,3.5,-114,1.87719298245614,0.5327102803738317,open,,,2026-09-10T12:15:11Z,,,,,v3-forward-measurement
11d88635-a87f-4cb7-891d-6af39c6d90c8,e84ba2e3-ccc9-490c-b50d-cc086007399f,2026-09-10T12:15:11Z,FanDuel Sportsbook structured market feed,,VA,NFL,35609019,Cleveland Browns @ Jacksonville Jaguars,2026-09-13T17:01:00.000Z,FanDuel,751.184983845,receptions,Quinshon Judkins - Total Receptions,,Quinshon Judkins,48906497,over,1.5,-130,1.769230769230769,0.5652173913043478,open,,,2026-09-10T12:15:11Z,,,,,v3-forward-measurement
11d88635-a87f-4cb7-891d-6af39c6d90c8,9bfd231f-5ca7-417f-b016-aaafb5eb5487,2026-09-10T12:15:11Z,FanDuel Sportsbook structured market feed,,VA,NFL,35609019,Cleveland Browns @ Jacksonville Jaguars,2026-09-13T17:01:00.000Z,FanDuel,751.184983845,receptions,Quinshon Judkins - Total Receptions,,Quinshon Judkins,48906496,under,1.5,-102,1.980392156862745,0.504950495049505,open,,,2026-09-10T12:15:11Z,,,,,v3-forward-measurement
11d88635-a87f-4cb7-891d-6af39c6d90c8,25f73487-db85-4c69-a84f-8ddfbeddf66f,2026-09-10T12:15:11Z,FanDuel Sportsbook structured market feed,,VA,NFL,35609019,Cleveland Browns @ Jacksonville Jaguars,2026-09-13T17:01:00.000Z,FanDuel,751.184983842,receptions,Bhayshul Tuten - Total Receptions,,Bhayshul Tuten,60316188,over,1.5,-172,1.581395348837209,0.6323529411764706,open,,,2026-09-10T12:15:11Z,,,,,v3-forward-measurement
11d88635-a87f-4cb7-891d-6af39c6d90c8,c6a07042-b087-4fb9-963d-a9929e5488f6,2026-09-10T12:15:11Z,FanDuel Sportsbook structured market feed,,VA,NFL,35609019,Cleveland Browns @ Jacksonville Jaguars,2026-09-13T17:01:00.000Z,FanDuel,751.184983842,receptions,Bhayshul Tuten - Total Receptions,,Bhayshul Tuten,60316191,under,1.5,128,2.28,0.43859649122807015,open,,,2026-09-10T12:15:11Z,,,,,v3-forward-measurement
11d88635-a87f-4cb7-891d-6af39c6d90c8,e0a652e2-4406-4d60-9ea6-be6428dbf277,2026-09-10T12:15:11Z,FanDuel Sportsbook structured market feed,,VA,NFL,35609019,Cleveland Browns @ Jacksonville Jaguars,2026-09-13T17:01:00.000Z,FanDuel,751.184983841,receiving_yards,Quinshon Judkins - Receiving Yds,,Quinshon Judkins,48906497,over,9.5,-114,1.87719298245614,0.5327102803738317,open,,,2026-09-10T12:15:11Z,,,,,v3-forward-measurement
11d88635-a87f-4cb7-891d-6af39c6d90c8,b686e3c0-5e8a-4bef-9359-0dfd9016c14f,2026-09-10T12:15:11Z,FanDuel Sportsbook structured market feed,,VA,NFL,35609019,Cleveland Browns @ Jacksonville Jaguars,2026-09-13T17:01:00.000Z,FanDuel,751.184983841,receiving_yards,Quinshon Judkins - Receiving Yds,,Quinshon Judkins,48906496,under,9.5,-114,1.87719298245614,0.5327102803738317,open,,,2026-09-10T12:15:11Z,,,,,v3-forward-measurement
11d88635-a87f-4cb7-891d-6af39c6d90c8,3ef26769-3d35-41c1-a1ee-15c49636634a,2026-09-10T12:15:11Z,FanDuel Sportsbook structured market feed,,VA,NFL,35609019,Cleveland Browns @ Jacksonville Jaguars,2026-09-13T17:01:00.000Z,FanDuel,751.183962615,receiving_yards,Denzel Boston - Receiving Yds,,Denzel Boston,102320454,over,25.5,-114,1.87719298245614,0.5327102803738317,open,,,2026-09-10T12:15:11Z,,,,,v3-forward-measurement
11d88635-a87f-4cb7-891d-6af39c6d90c8,ca3d5e44-0112-450f-a3f4-a76a3590c5cf,2026-09-10T12:15:11Z,FanDuel Sportsbook structured market feed,,VA,NFL,35609019,Cleveland Browns @ Jacksonville Jaguars,2026-09-13T17:01:00.000Z,FanDuel,751.183962615,receiving_yards,Denzel Boston - Receiving Yds,,Denzel Boston,102320455,under,25.5,-114,1.87719298245614,0.5327102803738317,open,,,2026-09-10T12:15:11Z,,,,,v3-forward-measurement
11d88635-a87f-4cb7-891d-6af39c6d90c8,2ee6ce65-ea83-4e05-8fe5-4aee7f1de239,2026-09-10T12:15:11Z,FanDuel Sportsbook structured market feed,,VA,NFL,35609019,Cleveland Browns @ Jacksonville Jaguars,2026-09-13T17:01:00.000Z,FanDuel,751.183962613,receptions,Denzel Boston - Total Receptions,,Denzel Boston,102320454,over,2.5,112,2.12,0.4716981132075472,open,,,2026-09-10T12:15:11Z,,,,,v3-forward-measurement
11d88635-a87f-4cb7-891d-6af39c6d90c8,20c1891c-2fec-4d0c-9bba-313943e8d4de,2026-09-10T12:15:11Z,FanDuel Sportsbook structured market feed,,VA,NFL,35609019,Cleveland Browns @ Jacksonville Jaguars,2026-09-13T17:01:00.000Z,FanDuel,751.183962613,receptions,Denzel Boston - Total Receptions,,Denzel Boston,102320455,under,2.5,-148,1.675675675675676,0.5967741935483871,open,,,2026-09-10T12:15:11Z,,,,,v3-forward-measurement
11d88635-a87f-4cb7-891d-6af39c6d90c8,e6da469a-50cd-4e15-89cb-d0a8d4ebe020,2026-09-10T12:15:11Z,FanDuel Sportsbook structured market feed,,VA,NFL,35609019,Cleveland Browns @ Jacksonville Jaguars,2026-09-13T17:01:00.000Z,FanDuel,751.183935250,receiving_yards,Parker Washington - Receiving Yds,,Parker Washington,41155821,over,52.5,-114,1.87719298245614,0.5327102803738317,open,,,2026-09-10T12:15:11Z,,,,,v3-forward-measurement
11d88635-a87f-4cb7-891d-6af39c6d90c8,f391c927-2a27-4da8-ad57-37e4c4a13a7d,2026-09-10T12:15:11Z,FanDuel Sportsbook structured market feed,,VA,NFL,35609019,Cleveland Browns @ Jacksonville Jaguars,2026-09-13T17:01:00.000Z,FanDuel,751.183935250,receiving_yards,Parker Washington - Receiving Yds,,Parker Washington,41155820,under,52.5,-114,1.87719298245614,0.5327102803738317,open,,,2026-09-10T12:15:11Z,,,,,v3-forward-measurement
11d88635-a87f-4cb7-891d-6af39c6d90c8,68a098e2-c873-406e-95f6-cba834b45f75,2026-09-10T12:15:11Z,FanDuel Sportsbook structured market feed,,VA,NFL,35609019,Cleveland Browns @ Jacksonville Jaguars,2026-09-13T17:01:00.000Z,FanDuel,751.184983848,receiving_yards,Bhayshul Tuten - Receiving Yds,,Bhayshul Tuten,60316188,over,11.5,-114,1.87719298245614,0.5327102803738317,open,,,2026-09-10T12:15:11Z,,,,,v3-forward-measurement
11d88635-a87f-4cb7-891d-6af39c6d90c8,0b19ad80-224a-4ca7-8bb2-8ee8088e18fe,2026-09-10T12:15:11Z,FanDuel Sportsbook structured market feed,,VA,NFL,35609019,Cleveland Browns @ Jacksonville Jaguars,2026-09-13T17:01:00.000Z,FanDuel,751.184983848,receiving_yards,Bhayshul Tuten - Receiving Yds,,Bhayshul Tuten,60316191,under,11.5,-114,1.87719298245614,0.5327102803738317,open,,,2026-09-10T12:15:11Z,,,,,v3-forward-measurement
11d88635-a87f-4cb7-891d-6af39c6d90c8,11174142-793c-4306-b818-76a531c89b87,2026-09-10T12:15:11Z,FanDuel Sportsbook structured market feed,,VA,NFL,35609019,Cleveland Browns @ Jacksonville Jaguars,2026-09-13T17:01:00.000Z,FanDuel,751.183962600,receiving_yards,KC Concepcion - Receiving Yds,,KC Concepcion,102320458,over,33.5,-114,1.87719298245614,0.5327102803738317,open,,,2026-09-10T12:15:11Z,,,,,v3-forward-measurement
11d88635-a87f-4cb7-891d-6af39c6d90c8,656d5c3a-e5ab-44bd-99af-eb0ba7fee10a,2026-09-10T12:15:11Z,FanDuel Sportsbook structured market feed,,VA,NFL,35609019,Cleveland Browns @ Jacksonville Jaguars,2026-09-13T17:01:00.000Z,FanDuel,751.183962600,receiving_yards,KC Concepcion - Receiving Yds,,KC Concepcion,102320470,under,33.5,-114,1.87719298245614,0.5327102803738317,open,,,2026-09-10T12:15:11Z,,,,,v3-forward-measurement
11d88635-a87f-4cb7-891d-6af39c6d90c8,e4207d3b-0aaa-4d53-a072-3bf6d332e3c2,2026-09-10T12:15:11Z,FanDuel Sportsbook structured market feed,,VA,NFL,35609019,Cleveland Browns @ Jacksonville Jaguars,2026-09-13T17:01:00.000Z,FanDuel,751.183935344,receptions,Brian Thomas Jr. - Total Receptions,,Brian Thomas Jr.,42267563,over,2.5,-172,1.581395348837209,0.6323529411764706,open,,,2026-09-10T12:15:11Z,,,,,v3-forward-measurement
11d88635-a87f-4cb7-891d-6af39c6d90c8,e6f304a0-e595-4304-b578-cbea904346c2,2026-09-10T12:15:11Z,FanDuel Sportsbook structured market feed,,VA,NFL,35609019,Cleveland Browns @ Jacksonville Jaguars,2026-09-13T17:01:00.000Z,FanDuel,751.183935344,receptions,Brian Thomas Jr. - Total Receptions,,Brian Thomas Jr.,42267562,under,2.5,128,2.28,0.43859649122807015,open,,,2026-09-10T12:15:11Z,,,,,v3-forward-measurement
11d88635-a87f-4cb7-891d-6af39c6d90c8,bba55387-6ce0-43ce-8243-3b0cf8ca88fb,2026-09-10T12:15:11Z,FanDuel Sportsbook structured market feed,,VA,NFL,35609019,Cleveland Browns @ Jacksonville Jaguars,2026-09-13T17:01:00.000Z,FanDuel,751.183973662,receptions,Harold Fannin Jr. - Total Receptions,,Harold Fannin Jr.,60595587,over,4.5,124,2.24,0.44642857142857145,open,,,2026-09-10T12:15:11Z,,,,,v3-forward-measurement
11d88635-a87f-4cb7-891d-6af39c6d90c8,71deaf98-2a62-41a8-910b-686418281561,2026-09-10T12:15:11Z,FanDuel Sportsbook structured market feed,,VA,NFL,35609019,Cleveland Browns @ Jacksonville Jaguars,2026-09-13T17:01:00.000Z,FanDuel,751.183973662,receptions,Harold Fannin Jr. - Total Receptions,,Harold Fannin Jr.,60595585,under,4.5,-166,1.602409638554217,0.6240601503759399,open,,,2026-09-10T12:15:11Z,,,,,v3-forward-measurement
11d88635-a87f-4cb7-891d-6af39c6d90c8,f21fa63d-6e9c-42c4-9a80-fb875a79897f,2026-09-10T12:15:11Z,FanDuel Sportsbook structured market feed,,VA,NFL,35609019,Cleveland Browns @ Jacksonville Jaguars,2026-09-13T17:01:00.000Z,FanDuel,751.183973661,receiving_yards,Harold Fannin Jr. - Receiving Yds,,Harold Fannin Jr.,60595587,over,36.5,-114,1.87719298245614,0.5327102803738317,open,,,2026-09-10T12:15:11Z,,,,,v3-forward-measurement
11d88635-a87f-4cb7-891d-6af39c6d90c8,22a54411-e92f-41f8-b664-aa81bc5fed11,2026-09-10T12:15:11Z,FanDuel Sportsbook structured market feed,,VA,NFL,35609019,Cleveland Browns @ Jacksonville Jaguars,2026-09-13T17:01:00.000Z,FanDuel,751.183973661,receiving_yards,Harold Fannin Jr. - Receiving Yds,,Harold Fannin Jr.,60595585,under,36.5,-114,1.87719298245614,0.5327102803738317,open,,,2026-09-10T12:15:11Z,,,,,v3-forward-measurement
11d88635-a87f-4cb7-891d-6af39c6d90c8,fa7143ac-5826-4aac-83b1-c083d1db05e6,2026-09-10T12:15:11Z,FanDuel Sportsbook structured market feed,,VA,NFL,35609019,Cleveland Browns @ Jacksonville Jaguars,2026-09-13T17:01:00.000Z,FanDuel,751.183962634,receptions,Jerry Jeudy - Total Receptions,,Jerry Jeudy,22336750,over,2.5,-174,1.574712643678161,0.635036496350365,open,,,2026-09-10T12:15:11Z,,,,,v3-forward-measurement
11d88635-a87f-4cb7-891d-6af39c6d90c8,e5ee0e83-70de-4bf5-810d-4e7f7f2e932e,2026-09-10T12:15:11Z,FanDuel Sportsbook structured market feed,,VA,NFL,35609019,Cleveland Browns @ Jacksonville Jaguars,2026-09-13T17:01:00.000Z,FanDuel,751.183962634,receptions,Jerry Jeudy - Total Receptions,,Jerry Jeudy,22336751,under,2.5,130,2.3,0.43478260869565216,open,,,2026-09-10T12:15:11Z,,,,,v3-forward-measurement
11d88635-a87f-4cb7-891d-6af39c6d90c8,f8fddb4e-e61e-4f42-ac86-f7bb81c5b721,2026-09-10T12:15:11Z,FanDuel Sportsbook structured market feed,,VA,NFL,35609019,Cleveland Browns @ Jacksonville Jaguars,2026-09-13T17:01:00.000Z,FanDuel,751.183935357,receiving_yards,Jakobi Meyers - Receiving Yds,,Jakobi Meyers,26595189,over,37.5,-114,1.87719298245614,0.5327102803738317,open,,,2026-09-10T12:15:11Z,,,,,v3-forward-measurement
11d88635-a87f-4cb7-891d-6af39c6d90c8,cc202ae1-b32a-4e33-99a8-cd466b89a858,2026-09-10T12:15:11Z,FanDuel Sportsbook structured market feed,,VA,NFL,35609019,Cleveland Browns @ Jacksonville Jaguars,2026-09-13T17:01:00.000Z,FanDuel,751.183935357,receiving_yards,Jakobi Meyers - Receiving Yds,,Jakobi Meyers,26595190,under,37.5,-114,1.87719298245614,0.5327102803738317,open,,,2026-09-10T12:15:11Z,,,,,v3-forward-measurement
11d88635-a87f-4cb7-891d-6af39c6d90c8,d938c00f-fac0-4128-8a3a-028e3af167a2,2026-09-10T12:15:11Z,FanDuel Sportsbook structured market feed,,VA,NFL,35609019,Cleveland Browns @ Jacksonville Jaguars,2026-09-13T17:01:00.000Z,FanDuel,751.183935275,receptions,Parker Washington - Total Receptions,,Parker Washington,41155821,over,4.5,118,2.18,0.45871559633027525,open,,,2026-09-10T12:15:11Z,,,,,v3-forward-measurement
11d88635-a87f-4cb7-891d-6af39c6d90c8,f4770285-d370-4941-a33a-f82b8b9003f6,2026-09-10T12:15:11Z,FanDuel Sportsbook structured market feed,,VA,NFL,35609019,Cleveland Browns @ Jacksonville Jaguars,2026-09-13T17:01:00.000Z,FanDuel,751.183935275,receptions,Parker Washington - Total Receptions,,Parker Washington,41155820,under,4.5,-158,1.632911392405063,0.6124031007751938,open,,,2026-09-10T12:15:11Z,,,,,v3-forward-measurement
300bac09-4d7d-4299-8cba-104611f0a162,09b341a9-22fe-4cc3-9ff2-55235487651f,2026-09-10T12:15:11Z,FanDuel Sportsbook structured market feed,,VA,NFL,35609020,Atlanta Falcons @ Pittsburgh Steelers,2026-09-13T17:01:00.000Z,FanDuel,751.184013998,passing_touchdowns,Tua Tagovailoa - Passing TDs,,Tua Tagovailoa,22336733,over,1.5,194,2.94,0.3401360544217687,open,,,2026-09-10T12:15:11Z,,,,,v3-forward-measurement
300bac09-4d7d-4299-8cba-104611f0a162,490ee023-0298-49bb-a339-a90e0c1e458f,2026-09-10T12:15:11Z,FanDuel Sportsbook structured market feed,,VA,NFL,35609020,Atlanta Falcons @ Pittsburgh Steelers,2026-09-13T17:01:00.000Z,FanDuel,751.184013998,passing_touchdowns,Tua Tagovailoa - Passing TDs,,Tua Tagovailoa,22336734,under,1.5,-270,1.37037037037037,0.7297297297297297,open,,,2026-09-10T12:15:11Z,,,,,v3-forward-measurement
300bac09-4d7d-4299-8cba-104611f0a162,eba3c312-ac15-44aa-825b-7cd3371c5323,2026-09-10T12:15:11Z,FanDuel Sportsbook structured market feed,,VA,NFL,35609020,Atlanta Falcons @ Pittsburgh Steelers,2026-09-13T17:01:00.000Z,FanDuel,751.184013946,passing_yards,Tua Tagovailoa - Passing Yds,,Tua Tagovailoa,22336733,over,210.5,-114,1.87719298245614,0.5327102803738317,open,,,2026-09-10T12:15:11Z,,,,,v3-forward-measurement
300bac09-4d7d-4299-8cba-104611f0a162,73a70a31-83da-43e4-a75c-2228c8cbec01,2026-09-10T12:15:11Z,FanDuel Sportsbook structured market feed,,VA,NFL,35609020,Atlanta Falcons @ Pittsburgh Steelers,2026-09-13T17:01:00.000Z,FanDuel,751.184013946,passing_yards,Tua Tagovailoa - Passing Yds,,Tua Tagovailoa,22336734,under,210.5,-114,1.87719298245614,0.5327102803738317,open,,,2026-09-10T12:15:11Z,,,,,v3-forward-measurement
300bac09-4d7d-4299-8cba-104611f0a162,19fe97dd-6723-4e0d-af3a-abfd6c543d98,2026-09-10T12:15:11Z,FanDuel Sportsbook structured market feed,,VA,NFL,35609020,Atlanta Falcons @ Pittsburgh Steelers,2026-09-13T17:01:00.000Z,FanDuel,751.184014012,passing_touchdowns,Aaron Rodgers - Passing TDs,,Aaron Rodgers,11925813,over,1.5,116,2.16,0.46296296296296297,open,,,2026-09-10T12:15:11Z,,,,,v3-forward-measurement
300bac09-4d7d-4299-8cba-104611f0a162,18d11151-4014-42d3-b63d-ef7f81db037b,2026-09-10T12:15:11Z,FanDuel Sportsbook structured market feed,,VA,NFL,35609020,Atlanta Falcons @ Pittsburgh Steelers,2026-09-13T17:01:00.000Z,FanDuel,751.184014012,passing_touchdowns,Aaron Rodgers - Passing TDs,,Aaron Rodgers,11925812,under,1.5,-154,1.649350649350649,0.6062992125984252,open,,,2026-09-10T12:15:11Z,,,,,v3-forward-measurement
300bac09-4d7d-4299-8cba-104611f0a162,27fde455-5a38-40ca-9237-a467e900bbbd,2026-09-10T12:15:11Z,FanDuel Sportsbook structured market feed,,VA,NFL,35609020,Atlanta Falcons @ Pittsburgh Steelers,2026-09-13T17:01:00.000Z,FanDuel,751.184014026,passing_yards,Aaron Rodgers - Passing Yds,,Aaron Rodgers,11925813,over,210.5,-114,1.87719298245614,0.5327102803738317,open,,,2026-09-10T12:15:11Z,,,,,v3-forward-measurement
300bac09-4d7d-4299-8cba-104611f0a162,492e10c7-d844-412f-a49b-032807c259c7,2026-09-10T12:15:11Z,FanDuel Sportsbook structured market feed,,VA,NFL,35609020,Atlanta Falcons @ Pittsburgh Steelers,2026-09-13T17:01:00.000Z,FanDuel,751.184014026,passing_yards,Aaron Rodgers - Passing Yds,,Aaron Rodgers,11925812,under,210.5,-114,1.87719298245614,0.5327102803738317,open,,,2026-09-10T12:15:11Z,,,,,v3-forward-measurement
a1e79a47-4a00-4027-833a-fab2f513d040,08cec4be-b48d-45c8-8f6c-f4a17250e8cf,2026-09-10T12:15:11Z,FanDuel Sportsbook structured market feed,,VA,NFL,35609020,Atlanta Falcons @ Pittsburgh Steelers,2026-09-13T17:01:00.000Z,FanDuel,751.184013959,rushing_yards,Bijan Robinson - Rushing Yds,,Bijan Robinson,41066843,over,76.5,-114,1.87719298245614,0.5327102803738317,open,,,2026-09-10T12:15:11Z,,,,,v3-forward-measurement
a1e79a47-4a00-4027-833a-fab2f513d040,5775b774-f6d9-41e7-801f-4ee4621a79b6,2026-09-10T12:15:11Z,FanDuel Sportsbook structured market feed,,VA,NFL,35609020,Atlanta Falcons @ Pittsburgh Steelers,2026-09-13T17:01:00.000Z,FanDuel,751.184013959,rushing_yards,Bijan Robinson - Rushing Yds,,Bijan Robinson,41066848,under,76.5,-114,1.87719298245614,0.5327102803738317,open,,,2026-09-10T12:15:11Z,,,,,v3-forward-measurement
a1e79a47-4a00-4027-833a-fab2f513d040,48c74154-b960-439a-8646-8a7dd708e89e,2026-09-10T12:15:11Z,FanDuel Sportsbook structured market feed,,VA,NFL,35609020,Atlanta Falcons @ Pittsburgh Steelers,2026-09-13T17:01:00.000Z,FanDuel,751.185543888,rushing_yards,Brian Robinson Jr. - Rushing Yds,,Brian Robinson Jr.,41172134,over,23.5,-114,1.87719298245614,0.5327102803738317,open,,,2026-09-10T12:15:11Z,,,,,v3-forward-measurement
a1e79a47-4a00-4027-833a-fab2f513d040,8cebadab-11dc-4331-b6e3-53545d4576a8,2026-09-10T12:15:11Z,FanDuel Sportsbook structured market feed,,VA,NFL,35609020,Atlanta Falcons @ Pittsburgh Steelers,2026-09-13T17:01:00.000Z,FanDuel,751.185543888,rushing_yards,Brian Robinson Jr. - Rushing Yds,,Brian Robinson Jr.,41172135,under,23.5,-114,1.87719298245614,0.5327102803738317,open,,,2026-09-10T12:15:11Z,,,,,v3-forward-measurement
a1e79a47-4a00-4027-833a-fab2f513d040,451ba6b7-8e96-440d-9fa8-4a3d08c09f04,2026-09-10T12:15:11Z,FanDuel Sportsbook structured market feed,,VA,NFL,35609020,Atlanta Falcons @ Pittsburgh Steelers,2026-09-13T17:01:00.000Z,FanDuel,751.185248479,rushing_yards,Tua Tagovailoa - Rushing Yds,,Tua Tagovailoa,22336733,over,1.5,-114,1.87719298245614,0.5327102803738317,open,,,2026-09-10T12:15:11Z,,,,,v3-forward-measurement
a1e79a47-4a00-4027-833a-fab2f513d040,7134ee8b-7f63-4987-a512-939b806331f9,2026-09-10T12:15:11Z,FanDuel Sportsbook structured market feed,,VA,NFL,35609020,Atlanta Falcons @ Pittsburgh Steelers,2026-09-13T17:01:00.000Z,FanDuel,751.185248479,rushing_yards,Tua Tagovailoa - Rushing Yds,,Tua Tagovailoa,22336734,under,1.5,-114,1.87719298245614,0.5327102803738317,open,,,2026-09-10T12:15:11Z,,,,,v3-forward-measurement
a1e79a47-4a00-4027-833a-fab2f513d040,fb9d8e3f-5697-4a5b-839f-b2c03dc46680,2026-09-10T12:15:11Z,FanDuel Sportsbook structured market feed,,VA,NFL,35609020,Atlanta Falcons @ Pittsburgh Steelers,2026-09-13T17:01:00.000Z,FanDuel,751.184664453,rushing_yards,Rico Dowdle - Rushing Yds,,Rico Dowdle,60414660,over,42.5,-114,1.87719298245614,0.5327102803738317,open,,,2026-09-10T12:15:11Z,,,,,v3-forward-measurement
a1e79a47-4a00-4027-833a-fab2f513d040,b011ce0c-3422-4e6d-8b1d-60710e47dd39,2026-09-10T12:15:11Z,FanDuel Sportsbook structured market feed,,VA,NFL,35609020,Atlanta Falcons @ Pittsburgh Steelers,2026-09-13T17:01:00.000Z,FanDuel,751.184664453,rushing_yards,Rico Dowdle - Rushing Yds,,Rico Dowdle,60414648,under,42.5,-114,1.87719298245614,0.5327102803738317,open,,,2026-09-10T12:15:11Z,,,,,v3-forward-measurement
a1e79a47-4a00-4027-833a-fab2f513d040,5ac8bf4c-f4e2-4c56-8486-035413d2bd27,2026-09-10T12:15:11Z,FanDuel Sportsbook structured market feed,,VA,NFL,35609020,Atlanta Falcons @ Pittsburgh Steelers,2026-09-13T17:01:00.000Z,FanDuel,751.184664452,rushing_yards,Jaylen Warren - Rushing Yds,,Jaylen Warren,41173071,over,43.5,-114,1.87719298245614,0.5327102803738317,open,,,2026-09-10T12:15:11Z,,,,,v3-forward-measurement
a1e79a47-4a00-4027-833a-fab2f513d040,fa042177-1763-430f-8ee2-48930ca18bb9,2026-09-10T12:15:11Z,FanDuel Sportsbook structured market feed,,VA,NFL,35609020,Atlanta Falcons @ Pittsburgh Steelers,2026-09-13T17:01:00.000Z,FanDuel,751.184664452,rushing_yards,Jaylen Warren - Rushing Yds,,Jaylen Warren,41173070,under,43.5,-114,1.87719298245614,0.5327102803738317,open,,,2026-09-10T12:15:11Z,,,,,v3-forward-measurement
a1e79a47-4a00-4027-833a-fab2f513d040,5a665608-c609-4884-84fc-7838f6689f21,2026-09-10T12:15:11Z,FanDuel Sportsbook structured market feed,,VA,NFL,35609020,Atlanta Falcons @ Pittsburgh Steelers,2026-09-13T17:01:00.000Z,FanDuel,751.185171894,rushing_yards,Aaron Rodgers - Rushing Yds,,Aaron Rodgers,11925813,over,0.5,-114,1.87719298245614,0.5327102803738317,open,,,2026-09-10T12:15:11Z,,,,,v3-forward-measurement
a1e79a47-4a00-4027-833a-fab2f513d040,d21e2d44-c52f-4772-8d6f-5fa234dfbe5e,2026-09-10T12:15:11Z,FanDuel Sportsbook structured market feed,,VA,NFL,35609020,Atlanta Falcons @ Pittsburgh Steelers,2026-09-13T17:01:00.000Z,FanDuel,751.185171894,rushing_yards,Aaron Rodgers - Rushing Yds,,Aaron Rodgers,11925812,under,0.5,-114,1.87719298245614,0.5327102803738317,open,,,2026-09-10T12:15:11Z,,,,,v3-forward-measurement
39e21c86-c5ce-47b1-a51a-f316d7112c89,cffadc47-dae5-490d-a3ea-8627230f659f,2026-09-10T12:15:11Z,FanDuel Sportsbook structured market feed,,VA,NFL,35609020,Atlanta Falcons @ Pittsburgh Steelers,2026-09-13T17:01:00.000Z,FanDuel,751.184665009,receiving_yards,Pat Freiermuth - Receiving Yds,,Pat Freiermuth,40898371,over,25.5,-114,1.87719298245614,0.5327102803738317,open,,,2026-09-10T12:15:11Z,,,,,v3-forward-measurement
39e21c86-c5ce-47b1-a51a-f316d7112c89,c2df5e06-8a7d-429e-b506-8be6260d16f0,2026-09-10T12:15:11Z,FanDuel Sportsbook structured market feed,,VA,NFL,35609020,Atlanta Falcons @ Pittsburgh Steelers,2026-09-13T17:01:00.000Z,FanDuel,751.184665009,receiving_yards,Pat Freiermuth - Receiving Yds,,Pat Freiermuth,40898373,under,25.5,-114,1.87719298245614,0.5327102803738317,open,,,2026-09-10T12:15:11Z,,,,,v3-forward-measurement
39e21c86-c5ce-47b1-a51a-f316d7112c89,a6b1279b-c668-426e-93b7-9fd680955147,2026-09-10T12:15:11Z,FanDuel Sportsbook structured market feed,,VA,NFL,35609020,Atlanta Falcons @ Pittsburgh Steelers,2026-09-13T17:01:00.000Z,FanDuel,751.184018137,receptions,DK Metcalf - Total Receptions,,DK Metcalf,26036402,over,3.5,-136,1.735294117647059,0.576271186440678,open,,,2026-09-10T12:15:11Z,,,,,v3-forward-measurement
39e21c86-c5ce-47b1-a51a-f316d7112c89,66ca9157-33f7-4419-9eee-57247c087cf1,2026-09-10T12:15:11Z,FanDuel Sportsbook structured market feed,,VA,NFL,35609020,Atlanta Falcons @ Pittsburgh Steelers,2026-09-13T17:01:00.000Z,FanDuel,751.184018137,receptions,DK Metcalf - Total Receptions,,DK Metcalf,26036403,under,3.5,102,2.02,0.49504950495049505,open,,,2026-09-10T12:15:11Z,,,,,v3-forward-measurement
39e21c86-c5ce-47b1-a51a-f316d7112c89,2237c913-a23d-4d5c-8d7e-2bbda4feb64f,2026-09-10T12:15:11Z,FanDuel Sportsbook structured market feed,,VA,NFL,35609020,Atlanta Falcons @ Pittsburgh Steelers,2026-09-13T17:01:00.000Z,FanDuel,751.184665004,receptions,Rico Dowdle - Total Receptions,,Rico Dowdle,60414660,over,1.5,-148,1.675675675675676,0.5967741935483871,open,,,2026-09-10T12:15:11Z,,,,,v3-forward-measurement
39e21c86-c5ce-47b1-a51a-f316d7112c89,c7c2b5e0-92c7-42fb-a5a2-c105980c1e31,2026-09-10T12:15:11Z,FanDuel Sportsbook structured market feed,,VA,NFL,35609020,Atlanta Falcons @ Pittsburgh Steelers,2026-09-13T17:01:00.000Z,FanDuel,751.184665004,receptions,Rico Dowdle - Total Receptions,,Rico Dowdle,60414648,under,1.5,112,2.12,0.4716981132075472,open,,,2026-09-10T12:15:11Z,,,,,v3-forward-measurement
39e21c86-c5ce-47b1-a51a-f316d7112c89,c698c92c-9501-4c02-8d64-b4a6e264bc6f,2026-09-10T12:15:11Z,FanDuel Sportsbook structured market feed,,VA,NFL,35609020,Atlanta Falcons @ Pittsburgh Steelers,2026-09-13T17:01:00.000Z,FanDuel,751.184968974,receiving_yards,Jahan Dotson - Receiving Yds,,Jahan Dotson,41155779,over,18.5,-114,1.87719298245614,0.5327102803738317,open,,,2026-09-10T12:15:11Z,,,,,v3-forward-measurement
39e21c86-c5ce-47b1-a51a-f316d7112c89,918a64d4-44a6-43a9-900c-d5b3962aaab2,2026-09-10T12:15:11Z,FanDuel Sportsbook structured market feed,,VA,NFL,35609020,Atlanta Falcons @ Pittsburgh Steelers,2026-09-13T17:01:00.000Z,FanDuel,751.184968974,receiving_yards,Jahan Dotson - Receiving Yds,,Jahan Dotson,41155780,under,18.5,-114,1.87719298245614,0.5327102803738317,open,,,2026-09-10T12:15:11Z,,,,,v3-forward-measurement
39e21c86-c5ce-47b1-a51a-f316d7112c89,de2fbc76-09f6-4222-82c4-f17d3a6b2f79,2026-09-10T12:15:11Z,FanDuel Sportsbook structured market feed,,VA,NFL,35609020,Atlanta Falcons @ Pittsburgh Steelers,2026-09-13T17:01:00.000Z,FanDuel,751.184024147,receptions,Kyle Pitts - Total Receptions,,Kyle Pitts,40878305,over,4.5,112,2.12,0.4716981132075472,open,,,2026-09-10T12:15:11Z,,,,,v3-forward-measurement
39e21c86-c5ce-47b1-a51a-f316d7112c89,f01f2da3-2763-41a0-acfa-6399e2156621,2026-09-10T12:15:11Z,FanDuel Sportsbook structured market feed,,VA,NFL,35609020,Atlanta Falcons @ Pittsburgh Steelers,2026-09-13T17:01:00.000Z,FanDuel,751.184024147,receptions,Kyle Pitts - Total Receptions,,Kyle Pitts,40878308,under,4.5,-148,1.675675675675676,0.5967741935483871,open,,,2026-09-10T12:15:11Z,,,,,v3-forward-measurement
39e21c86-c5ce-47b1-a51a-f316d7112c89,334eed76-efd7-4b68-834b-f548cad91b4c,2026-09-10T12:15:11Z,FanDuel Sportsbook structured market feed,,VA,NFL,35609020,Atlanta Falcons @ Pittsburgh Steelers,2026-09-13T17:01:00.000Z,FanDuel,751.184968975,receptions,Jahan Dotson - Total Receptions,,Jahan Dotson,41155779,over,1.5,-172,1.581395348837209,0.6323529411764706,open,,,2026-09-10T12:15:11Z,,,,,v3-forward-measurement
39e21c86-c5ce-47b1-a51a-f316d7112c89,5f0cb46f-e5c8-4a6c-ac02-ca4d3ba3f9df,2026-09-10T12:15:11Z,FanDuel Sportsbook structured market feed,,VA,NFL,35609020,Atlanta Falcons @ Pittsburgh Steelers,2026-09-13T17:01:00.000Z,FanDuel,751.184968975,receptions,Jahan Dotson - Total Receptions,,Jahan Dotson,41155780,under,1.5,128,2.28,0.43859649122807015,open,,,2026-09-10T12:15:11Z,,,,,v3-forward-measurement
39e21c86-c5ce-47b1-a51a-f316d7112c89,fa8277a3-ebd4-4371-bf04-2fa5288496fc,2026-09-10T12:15:11Z,FanDuel Sportsbook structured market feed,,VA,NFL,35609020,Atlanta Falcons @ Pittsburgh Steelers,2026-09-13T17:01:00.000Z,FanDuel,751.184024145,receiving_yards,Kyle Pitts - Receiving Yds,,Kyle Pitts,40878305,over,43.5,-114,1.87719298245614,0.5327102803738317,open,,,2026-09-10T12:15:11Z,,,,,v3-forward-measurement
39e21c86-c5ce-47b1-a51a-f316d7112c89,ab53a377-d2c4-4d4f-b3fc-624acb8cd5f0,2026-09-10T12:15:11Z,FanDuel Sportsbook structured market feed,,VA,NFL,35609020,Atlanta Falcons @ Pittsburgh Steelers,2026-09-13T17:01:00.000Z,FanDuel,751.184024145,receiving_yards,Kyle Pitts - Receiving Yds,,Kyle Pitts,40878308,under,43.5,-114,1.87719298245614,0.5327102803738317,open,,,2026-09-10T12:15:11Z,,,,,v3-forward-measurement
39e21c86-c5ce-47b1-a51a-f316d7112c89,deb1432c-e642-4610-9ced-1a9e2fe469ed,2026-09-10T12:15:11Z,FanDuel Sportsbook structured market feed,,VA,NFL,35609020,Atlanta Falcons @ Pittsburgh Steelers,2026-09-13T17:01:00.000Z,FanDuel,751.185126746,receptions,Darnell Washington - Total Receptions,,Darnell Washington,60408354,over,1.5,-172,1.581395348837209,0.6323529411764706,open,,,2026-09-10T12:15:11Z,,,,,v3-forward-measurement
39e21c86-c5ce-47b1-a51a-f316d7112c89,2e396d91-888d-4540-9bf8-11e63947fa22,2026-09-10T12:15:11Z,FanDuel Sportsbook structured market feed,,VA,NFL,35609020,Atlanta Falcons @ Pittsburgh Steelers,2026-09-13T17:01:00.000Z,FanDuel,751.185126746,receptions,Darnell Washington - Total Receptions,,Darnell Washington,60408353,under,1.5,128,2.28,0.43859649122807015,open,,,2026-09-10T12:15:11Z,,,,,v3-forward-measurement
39e21c86-c5ce-47b1-a51a-f316d7112c89,0b24152d-4683-43aa-97fa-601c6566f037,2026-09-10T12:15:11Z,FanDuel Sportsbook structured market feed,,VA,NFL,35609020,Atlanta Falcons @ Pittsburgh Steelers,2026-09-13T17:01:00.000Z,FanDuel,751.184018133,receptions,Drake London - Total Receptions,,Drake London,41172406,over,5.5,-125,1.8,0.5555555555555556,open,,,2026-09-10T12:15:11Z,,,,,v3-forward-measurement
39e21c86-c5ce-47b1-a51a-f316d7112c89,71b8e948-ed39-420c-8011-a407d71b0153,2026-09-10T12:15:11Z,FanDuel Sportsbook structured market feed,,VA,NFL,35609020,Atlanta Falcons @ Pittsburgh Steelers,2026-09-13T17:01:00.000Z,FanDuel,751.184018133,receptions,Drake London - Total Receptions,,Drake London,41172405,under,5.5,-106,1.943396226415094,0.5145631067961165,open,,,2026-09-10T12:15:11Z,,,,,v3-forward-measurement
39e21c86-c5ce-47b1-a51a-f316d7112c89,c86261bc-4408-4cc7-80d6-c4cba861e7be,2026-09-10T12:15:11Z,FanDuel Sportsbook structured market feed,,VA,NFL,35609020,Atlanta Falcons @ Pittsburgh Steelers,2026-09-13T17:01:00.000Z,FanDuel,751.185126743,receiving_yards,Darnell Washington - Receiving Yds,,Darnell Washington,60408354,over,16.5,-114,1.87719298245614,0.5327102803738317,open,,,2026-09-10T12:15:11Z,,,,,v3-forward-measurement
39e21c86-c5ce-47b1-a51a-f316d7112c89,c7c29172-bde0-479c-8994-231c9ea1f227,2026-09-10T12:15:11Z,FanDuel Sportsbook structured market feed,,VA,NFL,35609020,Atlanta Falcons @ Pittsburgh Steelers,2026-09-13T17:01:00.000Z,FanDuel,751.185126743,receiving_yards,Darnell Washington - Receiving Yds,,Darnell Washington,60408353,under,16.5,-114,1.87719298245614,0.5327102803738317,open,,,2026-09-10T12:15:11Z,,,,,v3-forward-measurement
39e21c86-c5ce-47b1-a51a-f316d7112c89,21a7fa1d-ed97-4018-a53b-56f0c8491a67,2026-09-10T12:15:11Z,FanDuel Sportsbook structured market feed,,VA,NFL,35609020,Atlanta Falcons @ Pittsburgh Steelers,2026-09-13T17:01:00.000Z,FanDuel,751.184018129,receiving_yards,Drake London - Receiving Yds,,Drake London,41172406,over,64.5,-114,1.87719298245614,0.5327102803738317,open,,,2026-09-10T12:15:11Z,,,,,v3-forward-measurement
39e21c86-c5ce-47b1-a51a-f316d7112c89,c8f7f328-5601-4805-a7a0-1b76ea7046e3,2026-09-10T12:15:11Z,FanDuel Sportsbook structured market feed,,VA,NFL,35609020,Atlanta Falcons @ Pittsburgh Steelers,2026-09-13T17:01:00.000Z,FanDuel,751.184018129,receiving_yards,Drake London - Receiving Yds,,Drake London,41172405,under,64.5,-114,1.87719298245614,0.5327102803738317,open,,,2026-09-10T12:15:11Z,,,,,v3-forward-measurement
39e21c86-c5ce-47b1-a51a-f316d7112c89,ce661aa4-f53e-4b90-b895-fed7d0549bab,2026-09-10T12:15:11Z,FanDuel Sportsbook structured market feed,,VA,NFL,35609020,Atlanta Falcons @ Pittsburgh Steelers,2026-09-13T17:01:00.000Z,FanDuel,751.184665033,receptions,Jaylen Warren - Total Receptions,,Jaylen Warren,41173071,over,2.5,-114,1.87719298245614,0.5327102803738317,open,,,2026-09-10T12:15:11Z,,,,,v3-forward-measurement
39e21c86-c5ce-47b1-a51a-f316d7112c89,9b913eb5-b0a4-439f-8580-4e58e0051ceb,2026-09-10T12:15:11Z,FanDuel Sportsbook structured market feed,,VA,NFL,35609020,Atlanta Falcons @ Pittsburgh Steelers,2026-09-13T17:01:00.000Z,FanDuel,751.184665033,receptions,Jaylen Warren - Total Receptions,,Jaylen Warren,41173070,under,2.5,-114,1.87719298245614,0.5327102803738317,open,,,2026-09-10T12:15:11Z,,,,,v3-forward-measurement
39e21c86-c5ce-47b1-a51a-f316d7112c89,8b02fa8b-263c-41b4-8d9c-19afe112b06c,2026-09-10T12:15:11Z,FanDuel Sportsbook structured market feed,,VA,NFL,35609020,Atlanta Falcons @ Pittsburgh Steelers,2026-09-13T17:01:00.000Z,FanDuel,751.184018122,receiving_yards,DK Metcalf - Receiving Yds,,DK Metcalf,26036402,over,48.5,-114,1.87719298245614,0.5327102803738317,open,,,2026-09-10T12:15:11Z,,,,,v3-forward-measurement
39e21c86-c5ce-47b1-a51a-f316d7112c89,449d5bdd-efad-416b-bba8-a7823d30140f,2026-09-10T12:15:11Z,FanDuel Sportsbook structured market feed,,VA,NFL,35609020,Atlanta Falcons @ Pittsburgh Steelers,2026-09-13T17:01:00.000Z,FanDuel,751.184018122,receiving_yards,DK Metcalf - Receiving Yds,,DK Metcalf,26036403,under,48.5,-114,1.87719298245614,0.5327102803738317,open,,,2026-09-10T12:15:11Z,,,,,v3-forward-measurement
39e21c86-c5ce-47b1-a51a-f316d7112c89,c926b049-d7a0-49e5-aad0-2435aa12f19e,2026-09-10T12:15:11Z,FanDuel Sportsbook structured market feed,,VA,NFL,35609020,Atlanta Falcons @ Pittsburgh Steelers,2026-09-13T17:01:00.000Z,FanDuel,751.184665031,receiving_yards,Rico Dowdle - Receiving Yds,,Rico Dowdle,60414660,over,10.5,-114,1.87719298245614,0.5327102803738317,open,,,2026-09-10T12:15:11Z,,,,,v3-forward-measurement
39e21c86-c5ce-47b1-a51a-f316d7112c89,8f4259fd-8345-4105-9af7-671350113735,2026-09-10T12:15:11Z,FanDuel Sportsbook structured market feed,,VA,NFL,35609020,Atlanta Falcons @ Pittsburgh Steelers,2026-09-13T17:01:00.000Z,FanDuel,751.184665031,receiving_yards,Rico Dowdle - Receiving Yds,,Rico Dowdle,60414648,under,10.5,-114,1.87719298245614,0.5327102803738317,open,,,2026-09-10T12:15:11Z,,,,,v3-forward-measurement
39e21c86-c5ce-47b1-a51a-f316d7112c89,50823227-07e2-4365-933d-f7f0533469c3,2026-09-10T12:15:11Z,FanDuel Sportsbook structured market feed,,VA,NFL,35609020,Atlanta Falcons @ Pittsburgh Steelers,2026-09-13T17:01:00.000Z,FanDuel,751.184023667,receptions,Michael Pittman Jr. - Total Receptions,,Michael Pittman Jr.,36175140,over,3.5,-188,1.531914893617021,0.6527777777777778,open,,,2026-09-10T12:15:11Z,,,,,v3-forward-measurement
39e21c86-c5ce-47b1-a51a-f316d7112c89,9f474960-900b-4c5f-adec-679f6d1df8b9,2026-09-10T12:15:11Z,FanDuel Sportsbook structured market feed,,VA,NFL,35609020,Atlanta Falcons @ Pittsburgh Steelers,2026-09-13T17:01:00.000Z,FanDuel,751.184023667,receptions,Michael Pittman Jr. - Total Receptions,,Michael Pittman Jr.,36175141,under,3.5,140,2.4,0.4166666666666667,open,,,2026-09-10T12:15:11Z,,,,,v3-forward-measurement
39e21c86-c5ce-47b1-a51a-f316d7112c89,ad47fae8-cab7-41a4-9669-cbd6e232c61d,2026-09-10T12:15:11Z,FanDuel Sportsbook structured market feed,,VA,NFL,35609020,Atlanta Falcons @ Pittsburgh Steelers,2026-09-13T17:01:00.000Z,FanDuel,751.184023668,receiving_yards,Michael Pittman Jr. - Receiving Yds,,Michael Pittman Jr.,36175140,over,38.5,-114,1.87719298245614,0.5327102803738317,open,,,2026-09-10T12:15:11Z,,,,,v3-forward-measurement
39e21c86-c5ce-47b1-a51a-f316d7112c89,789ee9a1-1623-48ee-9e25-533ba1c13dd0,2026-09-10T12:15:11Z,FanDuel Sportsbook structured market feed,,VA,NFL,35609020,Atlanta Falcons @ Pittsburgh Steelers,2026-09-13T17:01:00.000Z,FanDuel,751.184023668,receiving_yards,Michael Pittman Jr. - Receiving Yds,,Michael Pittman Jr.,36175141,under,38.5,-114,1.87719298245614,0.5327102803738317,open,,,2026-09-10T12:15:11Z,,,,,v3-forward-measurement
39e21c86-c5ce-47b1-a51a-f316d7112c89,29ba26ac-c859-49df-bc1f-09ed6ce840da,2026-09-10T12:15:11Z,FanDuel Sportsbook structured market feed,,VA,NFL,35609020,Atlanta Falcons @ Pittsburgh Steelers,2026-09-13T17:01:00.000Z,FanDuel,751.184665029,receiving_yards,Jaylen Warren - Receiving Yds,,Jaylen Warren,41173071,over,15.5,-114,1.87719298245614,0.5327102803738317,open,,,2026-09-10T12:15:11Z,,,,,v3-forward-measurement
39e21c86-c5ce-47b1-a51a-f316d7112c89,cd36bd0d-ddc2-4683-9084-85c3d92b90d7,2026-09-10T12:15:11Z,FanDuel Sportsbook structured market feed,,VA,NFL,35609020,Atlanta Falcons @ Pittsburgh Steelers,2026-09-13T17:01:00.000Z,FanDuel,751.184665029,receiving_yards,Jaylen Warren - Receiving Yds,,Jaylen Warren,41173070,under,15.5,-114,1.87719298245614,0.5327102803738317,open,,,2026-09-10T12:15:11Z,,,,,v3-forward-measurement
39e21c86-c5ce-47b1-a51a-f316d7112c89,18e54bc6-14d3-41be-8c98-98e7cd535698,2026-09-10T12:15:11Z,FanDuel Sportsbook structured market feed,,VA,NFL,35609020,Atlanta Falcons @ Pittsburgh Steelers,2026-09-13T17:01:00.000Z,FanDuel,751.184665025,receptions,Pat Freiermuth - Total Receptions,,Pat Freiermuth,40898371,over,2.5,-138,1.72463768115942,0.5798319327731093,open,,,2026-09-10T12:15:11Z,,,,,v3-forward-measurement
39e21c86-c5ce-47b1-a51a-f316d7112c89,fead9fa2-6f49-4128-a8dd-0573ba1b62a7,2026-09-10T12:15:11Z,FanDuel Sportsbook structured market feed,,VA,NFL,35609020,Atlanta Falcons @ Pittsburgh Steelers,2026-09-13T17:01:00.000Z,FanDuel,751.184665025,receptions,Pat Freiermuth - Total Receptions,,Pat Freiermuth,40898373,under,2.5,104,2.04,0.49019607843137253,open,,,2026-09-10T12:15:11Z,,,,,v3-forward-measurement
39e21c86-c5ce-47b1-a51a-f316d7112c89,83aa9477-3a86-434f-a5a0-029ec11d0115,2026-09-10T12:15:11Z,FanDuel Sportsbook structured market feed,,VA,NFL,35609020,Atlanta Falcons @ Pittsburgh Steelers,2026-09-13T17:01:00.000Z,FanDuel,751.184024363,receptions,Bijan Robinson - Total Receptions,,Bijan Robinson,41066843,over,4.5,106,2.06,0.4854368932038835,open,,,2026-09-10T12:15:11Z,,,,,v3-forward-measurement
39e21c86-c5ce-47b1-a51a-f316d7112c89,198e692b-68c7-4279-abd2-cdae8e9dd8b6,2026-09-10T12:15:11Z,FanDuel Sportsbook structured market feed,,VA,NFL,35609020,Atlanta Falcons @ Pittsburgh Steelers,2026-09-13T17:01:00.000Z,FanDuel,751.184024363,receptions,Bijan Robinson - Total Receptions,,Bijan Robinson,41066848,under,4.5,-140,1.714285714285714,0.5833333333333334,open,,,2026-09-10T12:15:11Z,,,,,v3-forward-measurement
39e21c86-c5ce-47b1-a51a-f316d7112c89,6f9e74e6-bf4d-4a3a-8c85-07bc04daacb7,2026-09-10T12:15:11Z,FanDuel Sportsbook structured market feed,,VA,NFL,35609020,Atlanta Falcons @ Pittsburgh Steelers,2026-09-13T17:01:00.000Z,FanDuel,751.184022875,receiving_yards,Bijan Robinson - Receiving Yds,,Bijan Robinson,41066843,over,37.5,-114,1.87719298245614,0.5327102803738317,open,,,2026-09-10T12:15:11Z,,,,,v3-forward-measurement
39e21c86-c5ce-47b1-a51a-f316d7112c89,3b725ea7-54e3-42b0-8032-a39fffec5fcc,2026-09-10T12:15:11Z,FanDuel Sportsbook structured market feed,,VA,NFL,35609020,Atlanta Falcons @ Pittsburgh Steelers,2026-09-13T17:01:00.000Z,FanDuel,751.184022875,receiving_yards,Bijan Robinson - Receiving Yds,,Bijan Robinson,41066848,under,37.5,-114,1.87719298245614,0.5327102803738317,open,,,2026-09-10T12:15:11Z,,,,,v3-forward-measurement
bec2edc5-cd65-4aa3-98e1-f21fb7cb0623,8a7e2ef2-d36a-4c5a-a401-a9617d6cb33e,2026-09-10T12:15:11Z,FanDuel Sportsbook structured market feed,,VA,NFL,35609021,New York Jets @ Tennessee Titans,2026-09-13T17:01:00.000Z,FanDuel,751.183999097,passing_yards,Cam Ward - Passing Yds,,Cam Ward,87765275,over,201.5,-114,1.87719298245614,0.5327102803738317,open,,,2026-09-10T12:15:11Z,,,,,v3-forward-measurement
bec2edc5-cd65-4aa3-98e1-f21fb7cb0623,741b2207-730b-48c9-be61-1632e8729a93,2026-09-10T12:15:11Z,FanDuel Sportsbook structured market feed,,VA,NFL,35609021,New York Jets @ Tennessee Titans,2026-09-13T17:01:00.000Z,FanDuel,751.183999097,passing_yards,Cam Ward - Passing Yds,,Cam Ward,87765263,under,201.5,-114,1.87719298245614,0.5327102803738317,open,,,2026-09-10T12:15:11Z,,,,,v3-forward-measurement
bec2edc5-cd65-4aa3-98e1-f21fb7cb0623,b5fed58c-7444-4211-aa91-747b428be641,2026-09-10T12:15:11Z,FanDuel Sportsbook structured market feed,,VA,NFL,35609021,New York Jets @ Tennessee Titans,2026-09-13T17:01:00.000Z,FanDuel,751.183999122,passing_touchdowns,Cam Ward - Passing TDs,,Cam Ward,87765275,over,1.5,182,2.82,0.3546099290780142,open,,,2026-09-10T12:15:11Z,,,,,v3-forward-measurement
bec2edc5-cd65-4aa3-98e1-f21fb7cb0623,d95a743e-e6fa-4568-bf64-4ca392cf1be4,2026-09-10T12:15:11Z,FanDuel Sportsbook structured market feed,,VA,NFL,35609021,New York Jets @ Tennessee Titans,2026-09-13T17:01:00.000Z,FanDuel,751.183999122,passing_touchdowns,Cam Ward - Passing TDs,,Cam Ward,87765263,under,1.5,-250,1.4,0.7142857142857143,open,,,2026-09-10T12:15:11Z,,,,,v3-forward-measurement
bec2edc5-cd65-4aa3-98e1-f21fb7cb0623,ddb74e31-f998-4b45-8e70-1beb697f46e5,2026-09-10T12:15:11Z,FanDuel Sportsbook structured market feed,,VA,NFL,35609021,New York Jets @ Tennessee Titans,2026-09-13T17:01:00.000Z,FanDuel,751.183999047,passing_yards,Geno Smith - Passing Yds,,Geno Smith,12004381,over,212.5,-114,1.87719298245614,0.5327102803738317,open,,,2026-09-10T12:15:11Z,,,,,v3-forward-measurement
bec2edc5-cd65-4aa3-98e1-f21fb7cb0623,2714358e-b044-42d3-bb11-068458567e37,2026-09-10T12:15:11Z,FanDuel Sportsbook structured market feed,,VA,NFL,35609021,New York Jets @ Tennessee Titans,2026-09-13T17:01:00.000Z,FanDuel,751.183999047,passing_yards,Geno Smith - Passing Yds,,Geno Smith,12004382,under,212.5,-114,1.87719298245614,0.5327102803738317,open,,,2026-09-10T12:15:11Z,,,,,v3-forward-measurement
bec2edc5-cd65-4aa3-98e1-f21fb7cb0623,2408d4e6-4394-4a34-b4af-9834b99abd5b,2026-09-10T12:15:11Z,FanDuel Sportsbook structured market feed,,VA,NFL,35609021,New York Jets @ Tennessee Titans,2026-09-13T17:01:00.000Z,FanDuel,751.183998992,passing_touchdowns,Geno Smith - Passing TDs,,Geno Smith,12004381,over,0.5,-245,1.408163265306122,0.7101449275362319,open,,,2026-09-10T12:15:11Z,,,,,v3-forward-measurement
bec2edc5-cd65-4aa3-98e1-f21fb7cb0623,33aace84-51e2-49dc-a21f-f982a962a46e,2026-09-10T12:15:11Z,FanDuel Sportsbook structured market feed,,VA,NFL,35609021,New York Jets @ Tennessee Titans,2026-09-13T17:01:00.000Z,FanDuel,751.183998992,passing_touchdowns,Geno Smith - Passing TDs,,Geno Smith,12004382,under,0.5,178,2.78,0.3597122302158273,open,,,2026-09-10T12:15:11Z,,,,,v3-forward-measurement
d3254dd0-bd72-4582-894e-4c354ec46419,937a1228-7a39-4e74-b4a9-9ae8734762c0,2026-09-10T12:15:11Z,FanDuel Sportsbook structured market feed,,VA,NFL,35609021,New York Jets @ Tennessee Titans,2026-09-13T17:01:00.000Z,FanDuel,751.184002847,rushing_yards,Breece Hall - Rushing Yds,,Breece Hall,41075120,over,64.5,-114,1.87719298245614,0.5327102803738317,open,,,2026-09-10T12:15:11Z,,,,,v3-forward-measurement
d3254dd0-bd72-4582-894e-4c354ec46419,1905c50c-1305-4a4c-abcd-b124fe989f6d,2026-09-10T12:15:11Z,FanDuel Sportsbook structured market feed,,VA,NFL,35609021,New York Jets @ Tennessee Titans,2026-09-13T17:01:00.000Z,FanDuel,751.184002847,rushing_yards,Breece Hall - Rushing Yds,,Breece Hall,41075121,under,64.5,-114,1.87719298245614,0.5327102803738317,open,,,2026-09-10T12:15:11Z,,,,,v3-forward-measurement
d3254dd0-bd72-4582-894e-4c354ec46419,55ed3992-3cbe-4e57-aeaf-d891719addc0,2026-09-10T12:15:11Z,FanDuel Sportsbook structured market feed,,VA,NFL,35609021,New York Jets @ Tennessee Titans,2026-09-13T17:01:00.000Z,FanDuel,751.184003487,rushing_yards,Geno Smith - Rushing Yds,,Geno Smith,12004381,over,6.5,-114,1.87719298245614,0.5327102803738317,open,,,2026-09-10T12:15:11Z,,,,,v3-forward-measurement
d3254dd0-bd72-4582-894e-4c354ec46419,66a5c8ae-cd2e-4b42-9129-6757f115f75c,2026-09-10T12:15:11Z,FanDuel Sportsbook structured market feed,,VA,NFL,35609021,New York Jets @ Tennessee Titans,2026-09-13T17:01:00.000Z,FanDuel,751.184003487,rushing_yards,Geno Smith - Rushing Yds,,Geno Smith,12004382,under,6.5,-114,1.87719298245614,0.5327102803738317,open,,,2026-09-10T12:15:11Z,,,,,v3-forward-measurement
d3254dd0-bd72-4582-894e-4c354ec46419,f387ad41-3730-43c7-81eb-cc7c6c26499f,2026-09-10T12:15:11Z,FanDuel Sportsbook structured market feed,,VA,NFL,35609021,New York Jets @ Tennessee Titans,2026-09-13T17:01:00.000Z,FanDuel,751.184003488,rushing_yards,Cam Ward - Rushing Yds,,Cam Ward,87765275,over,8.5,-114,1.87719298245614,0.5327102803738317,open,,,2026-09-10T12:15:11Z,,,,,v3-forward-measurement
d3254dd0-bd72-4582-894e-4c354ec46419,f440de2b-6f7f-4f48-8dea-53a646600b03,2026-09-10T12:15:11Z,FanDuel Sportsbook structured market feed,,VA,NFL,35609021,New York Jets @ Tennessee Titans,2026-09-13T17:01:00.000Z,FanDuel,751.184003488,rushing_yards,Cam Ward - Rushing Yds,,Cam Ward,87765263,under,8.5,-114,1.87719298245614,0.5327102803738317,open,,,2026-09-10T12:15:11Z,,,,,v3-forward-measurement
d3254dd0-bd72-4582-894e-4c354ec46419,7b552fc5-cd9c-4277-b973-b7799c75cac9,2026-09-10T12:15:11Z,FanDuel Sportsbook structured market feed,,VA,NFL,35609021,New York Jets @ Tennessee Titans,2026-09-13T17:01:00.000Z,FanDuel,751.184985098,rushing_yards,Braelon Allen - Rushing Yds,,Braelon Allen,41500946,over,17.5,-114,1.87719298245614,0.5327102803738317,open,,,2026-09-10T12:15:11Z,,,,,v3-forward-measurement
d3254dd0-bd72-4582-894e-4c354ec46419,27216d2d-cf0f-4fa3-8bd5-0744f8d6ecf6,2026-09-10T12:15:11Z,FanDuel Sportsbook structured market feed,,VA,NFL,35609021,New York Jets @ Tennessee Titans,2026-09-13T17:01:00.000Z,FanDuel,751.184985098,rushing_yards,Braelon Allen - Rushing Yds,,Braelon Allen,41500945,under,17.5,-114,1.87719298245614,0.5327102803738317,open,,,2026-09-10T12:15:11Z,,,,,v3-forward-measurement
d3254dd0-bd72-4582-894e-4c354ec46419,c5ad09d1-a369-4df3-b9c5-67c190942567,2026-09-10T12:15:11Z,FanDuel Sportsbook structured market feed,,VA,NFL,35609021,New York Jets @ Tennessee Titans,2026-09-13T17:01:00.000Z,FanDuel,751.184002843,rushing_yards,Tony Pollard - Rushing Yds,,Tony Pollard,26271306,over,54.5,-114,1.87719298245614,0.5327102803738317,open,,,2026-09-10T12:15:11Z,,,,,v3-forward-measurement
d3254dd0-bd72-4582-894e-4c354ec46419,73c8523c-9509-4a1a-a06d-2640bf48a807,2026-09-10T12:15:11Z,FanDuel Sportsbook structured market feed,,VA,NFL,35609021,New York Jets @ Tennessee Titans,2026-09-13T17:01:00.000Z,FanDuel,751.184002843,rushing_yards,Tony Pollard - Rushing Yds,,Tony Pollard,26271307,under,54.5,-114,1.87719298245614,0.5327102803738317,open,,,2026-09-10T12:15:11Z,,,,,v3-forward-measurement
d3254dd0-bd72-4582-894e-4c354ec46419,2c653952-5e90-49c7-939f-b09d17c4f17f,2026-09-10T12:15:11Z,FanDuel Sportsbook structured market feed,,VA,NFL,35609021,New York Jets @ Tennessee Titans,2026-09-13T17:01:00.000Z,FanDuel,751.184985095,rushing_yards,Tyjae Spears - Rushing Yds,,Tyjae Spears,48895401,over,22.5,-114,1.87719298245614,0.5327102803738317,open,,,2026-09-10T12:15:11Z,,,,,v3-forward-measurement
d3254dd0-bd72-4582-894e-4c354ec46419,401766bd-a177-48b7-bd91-f6f5342d9162,2026-09-10T12:15:11Z,FanDuel Sportsbook structured market feed,,VA,NFL,35609021,New York Jets @ Tennessee Titans,2026-09-13T17:01:00.000Z,FanDuel,751.184985095,rushing_yards,Tyjae Spears - Rushing Yds,,Tyjae Spears,48895398,under,22.5,-114,1.87719298245614,0.5327102803738317,open,,,2026-09-10T12:15:11Z,,,,,v3-forward-measurement
bf8bd7a3-547b-4a15-82a7-8373f572cb16,7648cfc9-f52f-4800-a5d0-6aeaad83bb87,2026-09-10T12:15:11Z,FanDuel Sportsbook structured market feed,,VA,NFL,35609021,New York Jets @ Tennessee Titans,2026-09-13T17:01:00.000Z,FanDuel,751.184984424,receiving_yards,Gunnar Helm - Receiving Yds,,Gunnar Helm,89546913,over,22.5,-114,1.87719298245614,0.5327102803738317,open,,,2026-09-10T12:15:11Z,,,,,v3-forward-measurement
bf8bd7a3-547b-4a15-82a7-8373f572cb16,fa7fd7a7-549b-4731-be21-e72e0fee3496,2026-09-10T12:15:11Z,FanDuel Sportsbook structured market feed,,VA,NFL,35609021,New York Jets @ Tennessee Titans,2026-09-13T17:01:00.000Z,FanDuel,751.184984424,receiving_yards,Gunnar Helm - Receiving Yds,,Gunnar Helm,89546948,under,22.5,-114,1.87719298245614,0.5327102803738317,open,,,2026-09-10T12:15:11Z,,,,,v3-forward-measurement
bf8bd7a3-547b-4a15-82a7-8373f572cb16,4e763baf-a55b-43f6-82a2-75f0c116248b,2026-09-10T12:15:11Z,FanDuel Sportsbook structured market feed,,VA,NFL,35609021,New York Jets @ Tennessee Titans,2026-09-13T17:01:00.000Z,FanDuel,751.184004692,receptions,Breece Hall - Total Receptions,,Breece Hall,41075120,over,2.5,-114,1.87719298245614,0.5327102803738317,open,,,2026-09-10T12:15:11Z,,,,,v3-forward-measurement
bf8bd7a3-547b-4a15-82a7-8373f572cb16,d13dcd9d-c76a-49cd-8caf-60adf6ad2507,2026-09-10T12:15:11Z,FanDuel Sportsbook structured market feed,,VA,NFL,35609021,New York Jets @ Tennessee Titans,2026-09-13T17:01:00.000Z,FanDuel,751.184004692,receptions,Breece Hall - Total Receptions,,Breece Hall,41075121,under,2.5,-114,1.87719298245614,0.5327102803738317,open,,,2026-09-10T12:15:11Z,,,,,v3-forward-measurement
bf8bd7a3-547b-4a15-82a7-8373f572cb16,8ec3b029-862e-4e8b-b4aa-7bbd644fbb87,2026-09-10T12:15:11Z,FanDuel Sportsbook structured market feed,,VA,NFL,35609021,New York Jets @ Tennessee Titans,2026-09-13T17:01:00.000Z,FanDuel,751.184984420,receptions,Gunnar Helm - Total Receptions,,Gunnar Helm,89546913,over,2.5,-114,1.87719298245614,0.5327102803738317,open,,,2026-09-10T12:15:11Z,,,,,v3-forward-measurement
bf8bd7a3-547b-4a15-82a7-8373f572cb16,b6112403-cdbd-4f02-9f75-a8b69131bbad,2026-09-10T12:15:11Z,FanDuel Sportsbook structured market feed,,VA,NFL,35609021,New York Jets @ Tennessee Titans,2026-09-13T17:01:00.000Z,FanDuel,751.184984420,receptions,Gunnar Helm - Total Receptions,,Gunnar Helm,89546948,under,2.5,-114,1.87719298245614,0.5327102803738317,open,,,2026-09-10T12:15:11Z,,,,,v3-forward-measurement
bf8bd7a3-547b-4a15-82a7-8373f572cb16,eb064bf4-9629-4dd5-b9d6-179f64411511,2026-09-10T12:15:11Z,FanDuel Sportsbook structured market feed,,VA,NFL,35609021,New York Jets @ Tennessee Titans,2026-09-13T17:01:00.000Z,FanDuel,751.185138120,receiving_yards,Tony Pollard - Receiving Yds,,Tony Pollard,26271306,over,9.5,-114,1.87719298245614,0.5327102803738317,open,,,2026-09-10T12:15:11Z,,,,,v3-forward-measurement
bf8bd7a3-547b-4a15-82a7-8373f572cb16,6419648e-02ae-4705-bfac-8c1369af25c6,2026-09-10T12:15:11Z,FanDuel Sportsbook structured market feed,,VA,NFL,35609021,New York Jets @ Tennessee Titans,2026-09-13T17:01:00.000Z,FanDuel,751.185138120,receiving_yards,Tony Pollard - Receiving Yds,,Tony Pollard,26271307,under,9.5,-114,1.87719298245614,0.5327102803738317,open,,,2026-09-10T12:15:11Z,,,,,v3-forward-measurement
bf8bd7a3-547b-4a15-82a7-8373f572cb16,e2216583-6cb9-4535-b7b7-c23842683460,2026-09-10T12:15:11Z,FanDuel Sportsbook structured market feed,,VA,NFL,35609021,New York Jets @ Tennessee Titans,2026-09-13T17:01:00.000Z,FanDuel,751.184921689,receiving_yards,Adonai Mitchell - Receiving Yds,,Adonai Mitchell,48048058,over,32.5,-114,1.87719298245614,0.5327102803738317,open,,,2026-09-10T12:15:11Z,,,,,v3-forward-measurement
bf8bd7a3-547b-4a15-82a7-8373f572cb16,ee7aea64-71f4-409d-8028-af081fd373bf,2026-09-10T12:15:11Z,FanDuel Sportsbook structured market feed,,VA,NFL,35609021,New York Jets @ Tennessee Titans,2026-09-13T17:01:00.000Z,FanDuel,751.184921689,receiving_yards,Adonai Mitchell - Receiving Yds,,Adonai Mitchell,48048062,under,32.5,-114,1.87719298245614,0.5327102803738317,open,,,2026-09-10T12:15:11Z,,,,,v3-forward-measurement
bf8bd7a3-547b-4a15-82a7-8373f572cb16,d03da4d0-dfb0-42c8-82f7-cec8778b8f98,2026-09-10T12:15:11Z,FanDuel Sportsbook structured market feed,,VA,NFL,35609021,New York Jets @ Tennessee Titans,2026-09-13T17:01:00.000Z,FanDuel,751.184003917,receptions,Garrett Wilson - Total Receptions,,Garrett Wilson,41158862,over,5.5,-114,1.87719298245614,0.5327102803738317,open,,,2026-09-10T12:15:11Z,,,,,v3-forward-measurement
bf8bd7a3-547b-4a15-82a7-8373f572cb16,1f3518ea-7b01-44d8-9f84-17bd7d5903ab,2026-09-10T12:15:11Z,FanDuel Sportsbook structured market feed,,VA,NFL,35609021,New York Jets @ Tennessee Titans,2026-09-13T17:01:00.000Z,FanDuel,751.184003917,receptions,Garrett Wilson - Total Receptions,,Garrett Wilson,41158861,under,5.5,-114,1.87719298245614,0.5327102803738317,open,,,2026-09-10T12:15:11Z,,,,,v3-forward-measurement
bf8bd7a3-547b-4a15-82a7-8373f572cb16,bbc7db56-1204-46ea-81fd-855489ae86cc,2026-09-10T12:15:11Z,FanDuel Sportsbook structured market feed,,VA,NFL,35609021,New York Jets @ Tennessee Titans,2026-09-13T17:01:00.000Z,FanDuel,751.184003918,receiving_yards,Wan'Dale Robinson - Receiving Yds,,Wan'Dale Robinson,41073264,over,41.5,-114,1.87719298245614,0.5327102803738317,open,,,2026-09-10T12:15:11Z,,,,,v3-forward-measurement
bf8bd7a3-547b-4a15-82a7-8373f572cb16,e3e22cc9-0bd7-41a0-b7da-f701042a4bad,2026-09-10T12:15:11Z,FanDuel Sportsbook structured market feed,,VA,NFL,35609021,New York Jets @ Tennessee Titans,2026-09-13T17:01:00.000Z,FanDuel,751.184003918,receiving_yards,Wan'Dale Robinson - Receiving Yds,,Wan'Dale Robinson,41073263,under,41.5,-114,1.87719298245614,0.5327102803738317,open,,,2026-09-10T12:15:11Z,,,,,v3-forward-measurement
bf8bd7a3-547b-4a15-82a7-8373f572cb16,ec3924ee-3c46-4859-8f0c-111fd85534a9,2026-09-10T12:15:11Z,FanDuel Sportsbook structured market feed,,VA,NFL,35609021,New York Jets @ Tennessee Titans,2026-09-13T17:01:00.000Z,FanDuel,751.184003915,receiving_yards,Garrett Wilson - Receiving Yds,,Garrett Wilson,41158862,over,61.5,-114,1.87719298245614,0.5327102803738317,open,,,2026-09-10T12:15:11Z,,,,,v3-forward-measurement
bf8bd7a3-547b-4a15-82a7-8373f572cb16,def47362-fbe3-4b55-91a9-d528bc6b0c37,2026-09-10T12:15:11Z,FanDuel Sportsbook structured market feed,,VA,NFL,35609021,New York Jets @ Tennessee Titans,2026-09-13T17:01:00.000Z,FanDuel,751.184003915,receiving_yards,Garrett Wilson - Receiving Yds,,Garrett Wilson,41158861,under,61.5,-114,1.87719298245614,0.5327102803738317,open,,,2026-09-10T12:15:11Z,,,,,v3-forward-measurement
bf8bd7a3-547b-4a15-82a7-8373f572cb16,46929a0e-3e96-4c65-9805-2930066bac5a,2026-09-10T12:15:11Z,FanDuel Sportsbook structured market feed,,VA,NFL,35609021,New York Jets @ Tennessee Titans,2026-09-13T17:01:00.000Z,FanDuel,751.184004688,receiving_yards,Breece Hall - Receiving Yds,,Breece Hall,41075120,over,20.5,-114,1.87719298245614,0.5327102803738317,open,,,2026-09-10T12:15:11Z,,,,,v3-forward-measurement
bf8bd7a3-547b-4a15-82a7-8373f572cb16,cdd5bbca-e10e-47e8-a42c-1fcd62c34a63,2026-09-10T12:15:11Z,FanDuel Sportsbook structured market feed,,VA,NFL,35609021,New York Jets @ Tennessee Titans,2026-09-13T17:01:00.000Z,FanDuel,751.184004688,receiving_yards,Breece Hall - Receiving Yds,,Breece Hall,41075121,under,20.5,-114,1.87719298245614,0.5327102803738317,open,,,2026-09-10T12:15:11Z,,,,,v3-forward-measurement
bf8bd7a3-547b-4a15-82a7-8373f572cb16,bc99dc39-49e9-4900-b2dc-478e183a0868,2026-09-10T12:15:11Z,FanDuel Sportsbook structured market feed,,VA,NFL,35609021,New York Jets @ Tennessee Titans,2026-09-13T17:01:00.000Z,FanDuel,751.185135240,receiving_yards,Tyjae Spears - Receiving Yds,,Tyjae Spears,48895401,over,16.5,-114,1.87719298245614,0.5327102803738317,open,,,2026-09-10T12:15:11Z,,,,,v3-forward-measurement
bf8bd7a3-547b-4a15-82a7-8373f572cb16,0b0bc07c-b027-476e-b1d4-59914d57eb00,2026-09-10T12:15:11Z,FanDuel Sportsbook structured market feed,,VA,NFL,35609021,New York Jets @ Tennessee Titans,2026-09-13T17:01:00.000Z,FanDuel,751.185135240,receiving_yards,Tyjae Spears - Receiving Yds,,Tyjae Spears,48895398,under,16.5,-114,1.87719298245614,0.5327102803738317,open,,,2026-09-10T12:15:11Z,,,,,v3-forward-measurement
bf8bd7a3-547b-4a15-82a7-8373f572cb16,3622f6fe-dc0d-46f8-a75b-5ee6126c241f,2026-09-10T12:15:11Z,FanDuel Sportsbook structured market feed,,VA,NFL,35609021,New York Jets @ Tennessee Titans,2026-09-13T17:01:00.000Z,FanDuel,751.185138111,receptions,Tony Pollard - Total Receptions,,Tony Pollard,26271306,over,1.5,-130,1.769230769230769,0.5652173913043478,open,,,2026-09-10T12:15:11Z,,,,,v3-forward-measurement
bf8bd7a3-547b-4a15-82a7-8373f572cb16,5274f9b7-73d7-4644-8137-af3b093594c4,2026-09-10T12:15:11Z,FanDuel Sportsbook structured market feed,,VA,NFL,35609021,New York Jets @ Tennessee Titans,2026-09-13T17:01:00.000Z,FanDuel,751.185138111,receptions,Tony Pollard - Total Receptions,,Tony Pollard,26271307,under,1.5,-102,1.980392156862745,0.504950495049505,open,,,2026-09-10T12:15:11Z,,,,,v3-forward-measurement
bf8bd7a3-547b-4a15-82a7-8373f572cb16,e51f865e-8357-42a9-92fb-4a79a167ef98,2026-09-10T12:15:11Z,FanDuel Sportsbook structured market feed,,VA,NFL,35609021,New York Jets @ Tennessee Titans,2026-09-13T17:01:00.000Z,FanDuel,751.185135238,receptions,Tyjae Spears - Total Receptions,,Tyjae Spears,48895401,over,2.5,-140,1.714285714285714,0.5833333333333334,open,,,2026-09-10T12:15:11Z,,,,,v3-forward-measurement
bf8bd7a3-547b-4a15-82a7-8373f572cb16,9141762d-03e0-4dac-9d68-f382e48757cd,2026-09-10T12:15:11Z,FanDuel Sportsbook structured market feed,,VA,NFL,35609021,New York Jets @ Tennessee Titans,2026-09-13T17:01:00.000Z,FanDuel,751.185135238,receptions,Tyjae Spears - Total Receptions,,Tyjae Spears,48895398,under,2.5,106,2.06,0.4854368932038835,open,,,2026-09-10T12:15:11Z,,,,,v3-forward-measurement
bf8bd7a3-547b-4a15-82a7-8373f572cb16,d7dcf050-88b1-48ba-bcd0-a3d5516b8482,2026-09-10T12:15:11Z,FanDuel Sportsbook structured market feed,,VA,NFL,35609021,New York Jets @ Tennessee Titans,2026-09-13T17:01:00.000Z,FanDuel,751.184004318,receptions,Carnell Tate - Total Receptions,,Carnell Tate,102332617,over,3.5,106,2.06,0.4854368932038835,open,,,2026-09-10T12:15:11Z,,,,,v3-forward-measurement
bf8bd7a3-547b-4a15-82a7-8373f572cb16,bdf1c110-b4cf-4016-a102-62e0f434085b,2026-09-10T12:15:11Z,FanDuel Sportsbook structured market feed,,VA,NFL,35609021,New York Jets @ Tennessee Titans,2026-09-13T17:01:00.000Z,FanDuel,751.184004318,receptions,Carnell Tate - Total Receptions,,Carnell Tate,102332624,under,3.5,-140,1.714285714285714,0.5833333333333334,open,,,2026-09-10T12:15:11Z,,,,,v3-forward-measurement
bf8bd7a3-547b-4a15-82a7-8373f572cb16,6b3b4ff0-430e-475d-bf78-305369d66208,2026-09-10T12:15:11Z,FanDuel Sportsbook structured market feed,,VA,NFL,35609021,New York Jets @ Tennessee Titans,2026-09-13T17:01:00.000Z,FanDuel,751.184921679,receptions,Adonai Mitchell - Total Receptions,,Adonai Mitchell,48048058,over,2.5,-138,1.72463768115942,0.5798319327731093,open,,,2026-09-10T12:15:11Z,,,,,v3-forward-measurement
bf8bd7a3-547b-4a15-82a7-8373f572cb16,842db07d-20dc-4210-98a4-094d22623828,2026-09-10T12:15:11Z,FanDuel Sportsbook structured market feed,,VA,NFL,35609021,New York Jets @ Tennessee Titans,2026-09-13T17:01:00.000Z,FanDuel,751.184921679,receptions,Adonai Mitchell - Total Receptions,,Adonai Mitchell,48048062,under,2.5,104,2.04,0.49019607843137253,open,,,2026-09-10T12:15:11Z,,,,,v3-forward-measurement
bf8bd7a3-547b-4a15-82a7-8373f572cb16,c820a837-3be8-4c85-8247-19c32a15f8f1,2026-09-10T12:15:11Z,FanDuel Sportsbook structured market feed,,VA,NFL,35609021,New York Jets @ Tennessee Titans,2026-09-13T17:01:00.000Z,FanDuel,751.184004319,receiving_yards,Carnell Tate - Receiving Yds,,Carnell Tate,102332617,over,37.5,-114,1.87719298245614,0.5327102803738317,open,,,2026-09-10T12:15:11Z,,,,,v3-forward-measurement
bf8bd7a3-547b-4a15-82a7-8373f572cb16,d542bca5-d9e3-4323-97e5-d8845d953a81,2026-09-10T12:15:11Z,FanDuel Sportsbook structured market feed,,VA,NFL,35609021,New York Jets @ Tennessee Titans,2026-09-13T17:01:00.000Z,FanDuel,751.184004319,receiving_yards,Carnell Tate - Receiving Yds,,Carnell Tate,102332624,under,37.5,-114,1.87719298245614,0.5327102803738317,open,,,2026-09-10T12:15:11Z,,,,,v3-forward-measurement
bf8bd7a3-547b-4a15-82a7-8373f572cb16,653a2ba6-f4c1-4211-8588-10e80e16ecbc,2026-09-10T12:15:11Z,FanDuel Sportsbook structured market feed,,VA,NFL,35609021,New York Jets @ Tennessee Titans,2026-09-13T17:01:00.000Z,FanDuel,751.184003904,receptions,Wan'Dale Robinson - Total Receptions,,Wan'Dale Robinson,41073264,over,4.5,-102,1.980392156862745,0.504950495049505,open,,,2026-09-10T12:15:11Z,,,,,v3-forward-measurement
bf8bd7a3-547b-4a15-82a7-8373f572cb16,b7148a0d-28b8-4e11-9c65-0eabd75285e1,2026-09-10T12:15:11Z,FanDuel Sportsbook structured market feed,,VA,NFL,35609021,New York Jets @ Tennessee Titans,2026-09-13T17:01:00.000Z,FanDuel,751.184003904,receptions,Wan'Dale Robinson - Total Receptions,,Wan'Dale Robinson,41073263,under,4.5,-130,1.769230769230769,0.5652173913043478,open,,,2026-09-10T12:15:11Z,,,,,v3-forward-measurement
bf8bd7a3-547b-4a15-82a7-8373f572cb16,e1975260-fdc7-4eda-901d-60eb1dda1147,2026-09-10T12:15:11Z,FanDuel Sportsbook structured market feed,,VA,NFL,35609021,New York Jets @ Tennessee Titans,2026-09-13T17:01:00.000Z,FanDuel,751.185136276,receptions,Mason Taylor - Total Receptions,,Mason Taylor,50186665,over,2.5,-102,1.980392156862745,0.504950495049505,open,,,2026-09-10T12:15:11Z,,,,,v3-forward-measurement
bf8bd7a3-547b-4a15-82a7-8373f572cb16,08de8058-9258-4e64-ac26-017f9bc200d3,2026-09-10T12:15:11Z,FanDuel Sportsbook structured market feed,,VA,NFL,35609021,New York Jets @ Tennessee Titans,2026-09-13T17:01:00.000Z,FanDuel,751.185136276,receptions,Mason Taylor - Total Receptions,,Mason Taylor,50186663,under,2.5,-130,1.769230769230769,0.5652173913043478,open,,,2026-09-10T12:15:11Z,,,,,v3-forward-measurement
bf8bd7a3-547b-4a15-82a7-8373f572cb16,882518d8-47ab-4a56-9453-0c02b5ab6c84,2026-09-10T12:15:11Z,FanDuel Sportsbook structured market feed,,VA,NFL,35609021,New York Jets @ Tennessee Titans,2026-09-13T17:01:00.000Z,FanDuel,751.184984313,receiving_yards,Calvin Ridley - Receiving Yds,,Calvin Ridley,12302575,over,27.5,-114,1.87719298245614,0.5327102803738317,open,,,2026-09-10T12:15:11Z,,,,,v3-forward-measurement
bf8bd7a3-547b-4a15-82a7-8373f572cb16,70fd5f39-76b8-4a06-a948-fcc25026245c,2026-09-10T12:15:11Z,FanDuel Sportsbook structured market feed,,VA,NFL,35609021,New York Jets @ Tennessee Titans,2026-09-13T17:01:00.000Z,FanDuel,751.184984313,receiving_yards,Calvin Ridley - Receiving Yds,,Calvin Ridley,12302576,under,27.5,-114,1.87719298245614,0.5327102803738317,open,,,2026-09-10T12:15:11Z,,,,,v3-forward-measurement
bf8bd7a3-547b-4a15-82a7-8373f572cb16,e12a2f4a-0a85-4da5-a091-f6c2369a11c1,2026-09-10T12:15:11Z,FanDuel Sportsbook structured market feed,,VA,NFL,35609021,New York Jets @ Tennessee Titans,2026-09-13T17:01:00.000Z,FanDuel,751.184984312,receptions,Calvin Ridley - Total Receptions,,Calvin Ridley,12302575,over,2.5,140,2.4,0.4166666666666667,open,,,2026-09-10T12:15:11Z,,,,,v3-forward-measurement
bf8bd7a3-547b-4a15-82a7-8373f572cb16,04727610-ba1a-4cfb-bdb8-b417434e5b79,2026-09-10T12:15:11Z,FanDuel Sportsbook structured market feed,,VA,NFL,35609021,New York Jets @ Tennessee Titans,2026-09-13T17:01:00.000Z,FanDuel,751.184984312,receptions,Calvin Ridley - Total Receptions,,Calvin Ridley,12302576,under,2.5,-188,1.531914893617021,0.6527777777777778,open,,,2026-09-10T12:15:11Z,,,,,v3-forward-measurement
bf8bd7a3-547b-4a15-82a7-8373f572cb16,7e7fadb5-d50f-45c1-80ed-a8fc4ec4a121,2026-09-10T12:15:11Z,FanDuel Sportsbook structured market feed,,VA,NFL,35609021,New York Jets @ Tennessee Titans,2026-09-13T17:01:00.000Z,FanDuel,751.185136272,receiving_yards,Mason Taylor - Receiving Yds,,Mason Taylor,50186665,over,20.5,-114,1.87719298245614,0.5327102803738317,open,,,2026-09-10T12:15:11Z,,,,,v3-forward-measurement
bf8bd7a3-547b-4a15-82a7-8373f572cb16,c148e233-c86c-4eec-ab53-628491d5421c,2026-09-10T12:15:11Z,FanDuel Sportsbook structured market feed,,VA,NFL,35609021,New York Jets @ Tennessee Titans,2026-09-13T17:01:00.000Z,FanDuel,751.185136272,receiving_yards,Mason Taylor - Receiving Yds,,Mason Taylor,50186663,under,20.5,-114,1.87719298245614,0.5327102803738317,open,,,2026-09-10T12:15:11Z,,,,,v3-forward-measurement
e70637b6-2a48-4f22-be45-788b907c826b,0f987dcb-abbc-4050-b15f-c73bf4ef4365,2026-09-10T12:15:11Z,FanDuel Sportsbook structured market feed,,VA,NFL,35609293,Washington Commanders @ Philadelphia Eagles,2026-09-13T20:25:00.000Z,FanDuel,751.183664687,passing_touchdowns,Jayden Daniels - Passing TDs,,Jayden Daniels,41161339,over,0.5,-250,1.4,0.7142857142857143,open,,,2026-09-10T12:15:11Z,,,,,v3-forward-measurement
e70637b6-2a48-4f22-be45-788b907c826b,f83668b8-0e6c-4a4a-b70c-509f00d6f594,2026-09-10T12:15:11Z,FanDuel Sportsbook structured market feed,,VA,NFL,35609293,Washington Commanders @ Philadelphia Eagles,2026-09-13T20:25:00.000Z,FanDuel,751.183664687,passing_touchdowns,Jayden Daniels - Passing TDs,,Jayden Daniels,41161340,under,0.5,188,2.88,0.3472222222222222,open,,,2026-09-10T12:15:11Z,,,,,v3-forward-measurement
e70637b6-2a48-4f22-be45-788b907c826b,b204888b-7a4c-4fdb-a98a-82046421b6e6,2026-09-10T12:15:11Z,FanDuel Sportsbook structured market feed,,VA,NFL,35609293,Washington Commanders @ Philadelphia Eagles,2026-09-13T20:25:00.000Z,FanDuel,751.183664641,passing_yards,Jalen Hurts - Passing Yds,,Jalen Hurts,12302543,over,214.5,-114,1.87719298245614,0.5327102803738317,open,,,2026-09-10T12:15:11Z,,,,,v3-forward-measurement
e70637b6-2a48-4f22-be45-788b907c826b,eae9cd97-ec3a-4967-b602-3dd98e34d8f3,2026-09-10T12:15:11Z,FanDuel Sportsbook structured market feed,,VA,NFL,35609293,Washington Commanders @ Philadelphia Eagles,2026-09-13T20:25:00.000Z,FanDuel,751.183664641,passing_yards,Jalen Hurts - Passing Yds,,Jalen Hurts,12302542,under,214.5,-114,1.87719298245614,0.5327102803738317,open,,,2026-09-10T12:15:11Z,,,,,v3-forward-measurement
e70637b6-2a48-4f22-be45-788b907c826b,62df2165-05a0-465c-bfbc-91b6a6c10c3d,2026-09-10T12:15:11Z,FanDuel Sportsbook structured market feed,,VA,NFL,35609293,Washington Commanders @ Philadelphia Eagles,2026-09-13T20:25:00.000Z,FanDuel,751.183664629,passing_touchdowns,Jalen Hurts - Passing TDs,,Jalen Hurts,12302543,over,1.5,106,2.06,0.4854368932038835,open,,,2026-09-10T12:15:11Z,,,,,v3-forward-measurement
e70637b6-2a48-4f22-be45-788b907c826b,c9c129e5-e869-4a34-b52d-0f2f2564546a,2026-09-10T12:15:11Z,FanDuel Sportsbook structured market feed,,VA,NFL,35609293,Washington Commanders @ Philadelphia Eagles,2026-09-13T20:25:00.000Z,FanDuel,751.183664629,passing_touchdowns,Jalen Hurts - Passing TDs,,Jalen Hurts,12302542,under,1.5,-140,1.714285714285714,0.5833333333333334,open,,,2026-09-10T12:15:11Z,,,,,v3-forward-measurement
e70637b6-2a48-4f22-be45-788b907c826b,2677fd05-e154-4fed-a220-43d886d89f11,2026-09-10T12:15:11Z,FanDuel Sportsbook structured market feed,,VA,NFL,35609293,Washington Commanders @ Philadelphia Eagles,2026-09-13T20:25:00.000Z,FanDuel,751.183664552,passing_yards,Jayden Daniels - Passing Yds,,Jayden Daniels,41161339,over,205.5,-114,1.87719298245614,0.5327102803738317,open,,,2026-09-10T12:15:11Z,,,,,v3-forward-measurement
e70637b6-2a48-4f22-be45-788b907c826b,91823034-5720-4d67-8991-80e5e67d7132,2026-09-10T12:15:11Z,FanDuel Sportsbook structured market feed,,VA,NFL,35609293,Washington Commanders @ Philadelphia Eagles,2026-09-13T20:25:00.000Z,FanDuel,751.183664552,passing_yards,Jayden Daniels - Passing Yds,,Jayden Daniels,41161340,under,205.5,-114,1.87719298245614,0.5327102803738317,open,,,2026-09-10T12:15:11Z,,,,,v3-forward-measurement
1288d4c8-12c6-4124-86f1-06b4de947f1c,ea775ac0-6278-4e1a-a22f-ca5317ba2db1,2026-09-10T12:15:11Z,FanDuel Sportsbook structured market feed,,VA,NFL,35609293,Washington Commanders @ Philadelphia Eagles,2026-09-13T20:25:00.000Z,FanDuel,751.183665338,rushing_yards,Jalen Hurts - Rushing Yds,,Jalen Hurts,12302543,over,28.5,-114,1.87719298245614,0.5327102803738317,open,,,2026-09-10T12:15:11Z,,,,,v3-forward-measurement
1288d4c8-12c6-4124-86f1-06b4de947f1c,19b63307-1e5f-4ce7-8826-67b51ec35cb3,2026-09-10T12:15:11Z,FanDuel Sportsbook structured market feed,,VA,NFL,35609293,Washington Commanders @ Philadelphia Eagles,2026-09-13T20:25:00.000Z,FanDuel,751.183665338,rushing_yards,Jalen Hurts - Rushing Yds,,Jalen Hurts,12302542,under,28.5,-114,1.87719298245614,0.5327102803738317,open,,,2026-09-10T12:15:11Z,,,,,v3-forward-measurement
1288d4c8-12c6-4124-86f1-06b4de947f1c,89f8f58e-7cd0-46c2-8926-9aa474e4c8ac,2026-09-10T12:15:11Z,FanDuel Sportsbook structured market feed,,VA,NFL,35609293,Washington Commanders @ Philadelphia Eagles,2026-09-13T20:25:00.000Z,FanDuel,751.183665339,rushing_yards,Jayden Daniels - Rushing Yds,,Jayden Daniels,41161339,over,36.5,-114,1.87719298245614,0.5327102803738317,open,,,2026-09-10T12:15:11Z,,,,,v3-forward-measurement
1288d4c8-12c6-4124-86f1-06b4de947f1c,d44664bf-79d5-4c82-ae8a-bc0a19c2d1da,2026-09-10T12:15:11Z,FanDuel Sportsbook structured market feed,,VA,NFL,35609293,Washington Commanders @ Philadelphia Eagles,2026-09-13T20:25:00.000Z,FanDuel,751.183665339,rushing_yards,Jayden Daniels - Rushing Yds,,Jayden Daniels,41161340,under,36.5,-114,1.87719298245614,0.5327102803738317,open,,,2026-09-10T12:15:11Z,,,,,v3-forward-measurement
1288d4c8-12c6-4124-86f1-06b4de947f1c,b1ba32c9-b4b9-4f5b-adc1-9f905c86d98e,2026-09-10T12:15:11Z,FanDuel Sportsbook structured market feed,,VA,NFL,35609293,Washington Commanders @ Philadelphia Eagles,2026-09-13T20:25:00.000Z,FanDuel,751.183665213,rushing_yards,Saquon Barkley - Rushing Yds,,Saquon Barkley,16580232,over,75.5,-114,1.87719298245614,0.5327102803738317,open,,,2026-09-10T12:15:11Z,,,,,v3-forward-measurement
1288d4c8-12c6-4124-86f1-06b4de947f1c,f494583a-5de2-4361-8ca9-5694cee74e01,2026-09-10T12:15:11Z,FanDuel Sportsbook structured market feed,,VA,NFL,35609293,Washington Commanders @ Philadelphia Eagles,2026-09-13T20:25:00.000Z,FanDuel,751.183665213,rushing_yards,Saquon Barkley - Rushing Yds,,Saquon Barkley,16580233,under,75.5,-114,1.87719298245614,0.5327102803738317,open,,,2026-09-10T12:15:11Z,,,,,v3-forward-measurement
1288d4c8-12c6-4124-86f1-06b4de947f1c,9bad2f3e-3364-487d-ab36-c8df4db8dee8,2026-09-10T12:15:11Z,FanDuel Sportsbook structured market feed,,VA,NFL,35609293,Washington Commanders @ Philadelphia Eagles,2026-09-13T20:25:00.000Z,FanDuel,751.183665357,rushing_yards,Jacory Croskey-Merritt - Rushing Yds,,Jacory Croskey-Merritt,87579699,over,40.5,-114,1.87719298245614,0.5327102803738317,open,,,2026-09-10T12:15:11Z,,,,,v3-forward-measurement
1288d4c8-12c6-4124-86f1-06b4de947f1c,35b20db7-d52b-4662-8bed-dd364fdd77c5,2026-09-10T12:15:11Z,FanDuel Sportsbook structured market feed,,VA,NFL,35609293,Washington Commanders @ Philadelphia Eagles,2026-09-13T20:25:00.000Z,FanDuel,751.183665357,rushing_yards,Jacory Croskey-Merritt - Rushing Yds,,Jacory Croskey-Merritt,87579697,under,40.5,-114,1.87719298245614,0.5327102803738317,open,,,2026-09-10T12:15:11Z,,,,,v3-forward-measurement
1288d4c8-12c6-4124-86f1-06b4de947f1c,405838b8-1531-4d3d-a331-ba31ee6265f5,2026-09-10T12:15:11Z,FanDuel Sportsbook structured market feed,,VA,NFL,35609293,Washington Commanders @ Philadelphia Eagles,2026-09-13T20:25:00.000Z,FanDuel,751.185135780,rushing_yards,Rachaad White - Rushing Yds,,Rachaad White,41161337,over,24.5,-114,1.87719298245614,0.5327102803738317,open,,,2026-09-10T12:15:11Z,,,,,v3-forward-measurement
1288d4c8-12c6-4124-86f1-06b4de947f1c,c713d6ee-9259-4f9a-95c8-e525f85f6824,2026-09-10T12:15:11Z,FanDuel Sportsbook structured market feed,,VA,NFL,35609293,Washington Commanders @ Philadelphia Eagles,2026-09-13T20:25:00.000Z,FanDuel,751.185135780,rushing_yards,Rachaad White - Rushing Yds,,Rachaad White,41161335,under,24.5,-114,1.87719298245614,0.5327102803738317,open,,,2026-09-10T12:15:11Z,,,,,v3-forward-measurement
3aeb796a-cb13-45a7-88b3-bbfd68b3120d,f7c7b33c-96be-40e9-8e0b-957d83b009c6,2026-09-10T12:15:11Z,FanDuel Sportsbook structured market feed,,VA,NFL,35609293,Washington Commanders @ Philadelphia Eagles,2026-09-13T20:25:00.000Z,FanDuel,751.183665912,receptions,Dallas Goedert - Total Receptions,,Dallas Goedert,20501810,over,3.5,-108,1.925925925925926,0.5192307692307693,open,,,2026-09-10T12:15:11Z,,,,,v3-forward-measurement
3aeb796a-cb13-45a7-88b3-bbfd68b3120d,1bbafe5e-589e-4b28-98e4-b6d88f1074c5,2026-09-10T12:15:11Z,FanDuel Sportsbook structured market feed,,VA,NFL,35609293,Washington Commanders @ Philadelphia Eagles,2026-09-13T20:25:00.000Z,FanDuel,751.183665912,receptions,Dallas Goedert - Total Receptions,,Dallas Goedert,20501811,under,3.5,-122,1.819672131147541,0.5495495495495496,open,,,2026-09-10T12:15:11Z,,,,,v3-forward-measurement
3aeb796a-cb13-45a7-88b3-bbfd68b3120d,6c781f80-7a15-4b7b-9d0b-d0f075983e24,2026-09-10T12:15:11Z,FanDuel Sportsbook structured market feed,,VA,NFL,35609293,Washington Commanders @ Philadelphia Eagles,2026-09-13T20:25:00.000Z,FanDuel,751.183665735,receiving_yards,DeVonta Smith - Receiving Yds,,DeVonta Smith,40878034,over,66.5,-114,1.87719298245614,0.5327102803738317,open,,,2026-09-10T12:15:11Z,,,,,v3-forward-measurement
3aeb796a-cb13-45a7-88b3-bbfd68b3120d,4a054c99-a07d-449d-9083-1cd810135988,2026-09-10T12:15:11Z,FanDuel Sportsbook structured market feed,,VA,NFL,35609293,Washington Commanders @ Philadelphia Eagles,2026-09-13T20:25:00.000Z,FanDuel,751.183665735,receiving_yards,DeVonta Smith - Receiving Yds,,DeVonta Smith,40878036,under,66.5,-114,1.87719298245614,0.5327102803738317,open,,,2026-09-10T12:15:11Z,,,,,v3-forward-measurement
3aeb796a-cb13-45a7-88b3-bbfd68b3120d,6fb1fe91-927d-4da1-8617-81002423e485,2026-09-10T12:15:11Z,FanDuel Sportsbook structured market feed,,VA,NFL,35609293,Washington Commanders @ Philadelphia Eagles,2026-09-13T20:25:00.000Z,FanDuel,751.183665732,receiving_yards,Terry McLaurin - Receiving Yds,,Terry McLaurin,25927138,over,52.5,-114,1.87719298245614,0.5327102803738317,open,,,2026-09-10T12:15:11Z,,,,,v3-forward-measurement
3aeb796a-cb13-45a7-88b3-bbfd68b3120d,a612b9d7-2c60-4d5b-a0f8-4812f315b449,2026-09-10T12:15:11Z,FanDuel Sportsbook structured market feed,,VA,NFL,35609293,Washington Commanders @ Philadelphia Eagles,2026-09-13T20:25:00.000Z,FanDuel,751.183665732,receiving_yards,Terry McLaurin - Receiving Yds,,Terry McLaurin,25927139,under,52.5,-114,1.87719298245614,0.5327102803738317,open,,,2026-09-10T12:15:11Z,,,,,v3-forward-measurement
3aeb796a-cb13-45a7-88b3-bbfd68b3120d,6e268a6c-bdce-4b84-8131-21659b6d7de8,2026-09-10T12:15:11Z,FanDuel Sportsbook structured market feed,,VA,NFL,35609293,Washington Commanders @ Philadelphia Eagles,2026-09-13T20:25:00.000Z,FanDuel,751.185140200,receiving_yards,Chigoziem Okonkwo - Receiving Yds,,Chigoziem Okonkwo,41154197,over,25.5,-114,1.87719298245614,0.5327102803738317,open,,,2026-09-10T12:15:11Z,,,,,v3-forward-measurement
3aeb796a-cb13-45a7-88b3-bbfd68b3120d,0361dfc7-69a6-467d-adf7-edfa7fb62e22,2026-09-10T12:15:11Z,FanDuel Sportsbook structured market feed,,VA,NFL,35609293,Washington Commanders @ Philadelphia Eagles,2026-09-13T20:25:00.000Z,FanDuel,751.185140200,receiving_yards,Chigoziem Okonkwo - Receiving Yds,,Chigoziem Okonkwo,41154199,under,25.5,-114,1.87719298245614,0.5327102803738317,open,,,2026-09-10T12:15:11Z,,,,,v3-forward-measurement
3aeb796a-cb13-45a7-88b3-bbfd68b3120d,1bff16b3-524f-4842-aba1-616888bca355,2026-09-10T12:15:11Z,FanDuel Sportsbook structured market feed,,VA,NFL,35609293,Washington Commanders @ Philadelphia Eagles,2026-09-13T20:25:00.000Z,FanDuel,751.185140202,receptions,Chigoziem Okonkwo - Total Receptions,,Chigoziem Okonkwo,41154197,over,2.5,-158,1.632911392405063,0.6124031007751938,open,,,2026-09-10T12:15:11Z,,,,,v3-forward-measurement
3aeb796a-cb13-45a7-88b3-bbfd68b3120d,20437461-840c-4edc-a5a6-a21ab85ec478,2026-09-10T12:15:11Z,FanDuel Sportsbook structured market feed,,VA,NFL,35609293,Washington Commanders @ Philadelphia Eagles,2026-09-13T20:25:00.000Z,FanDuel,751.185140202,receptions,Chigoziem Okonkwo - Total Receptions,,Chigoziem Okonkwo,41154199,under,2.5,118,2.18,0.45871559633027525,open,,,2026-09-10T12:15:11Z,,,,,v3-forward-measurement
3aeb796a-cb13-45a7-88b3-bbfd68b3120d,b00377e1-87b1-4b73-aa74-de3f345e1acd,2026-09-10T12:15:11Z,FanDuel Sportsbook structured market feed,,VA,NFL,35609293,Washington Commanders @ Philadelphia Eagles,2026-09-13T20:25:00.000Z,FanDuel,751.183665916,receiving_yards,Dallas Goedert - Receiving Yds,,Dallas Goedert,20501810,over,34.5,-114,1.87719298245614,0.5327102803738317,open,,,2026-09-10T12:15:11Z,,,,,v3-forward-measurement
3aeb796a-cb13-45a7-88b3-bbfd68b3120d,7944cd01-df07-4cf4-9303-aa532f828566,2026-09-10T12:15:11Z,FanDuel Sportsbook structured market feed,,VA,NFL,35609293,Washington Commanders @ Philadelphia Eagles,2026-09-13T20:25:00.000Z,FanDuel,751.183665916,receiving_yards,Dallas Goedert - Receiving Yds,,Dallas Goedert,20501811,under,34.5,-114,1.87719298245614,0.5327102803738317,open,,,2026-09-10T12:15:11Z,,,,,v3-forward-measurement
3aeb796a-cb13-45a7-88b3-bbfd68b3120d,8e2576bd-6da6-4c63-8700-e695e26f387d,2026-09-10T12:15:11Z,FanDuel Sportsbook structured market feed,,VA,NFL,35609293,Washington Commanders @ Philadelphia Eagles,2026-09-13T20:25:00.000Z,FanDuel,751.183665738,receptions,DeVonta Smith - Total Receptions,,DeVonta Smith,40878034,over,5.5,106,2.06,0.4854368932038835,open,,,2026-09-10T12:15:11Z,,,,,v3-forward-measurement
3aeb796a-cb13-45a7-88b3-bbfd68b3120d,6c6a745a-ab1b-46ed-a195-dc14624e7cfd,2026-09-10T12:15:11Z,FanDuel Sportsbook structured market feed,,VA,NFL,35609293,Washington Commanders @ Philadelphia Eagles,2026-09-13T20:25:00.000Z,FanDuel,751.183665738,receptions,DeVonta Smith - Total Receptions,,DeVonta Smith,40878036,under,5.5,-140,1.714285714285714,0.5833333333333334,open,,,2026-09-10T12:15:11Z,,,,,v3-forward-measurement
3aeb796a-cb13-45a7-88b3-bbfd68b3120d,53566246-e2af-4aae-9142-1717a353a086,2026-09-10T12:15:11Z,FanDuel Sportsbook structured market feed,,VA,NFL,35609293,Washington Commanders @ Philadelphia Eagles,2026-09-13T20:25:00.000Z,FanDuel,751.183666282,receiving_yards,Saquon Barkley - Receiving Yds,,Saquon Barkley,16580232,over,15.5,-114,1.87719298245614,0.5327102803738317,open,,,2026-09-10T12:15:11Z,,,,,v3-forward-measurement
3aeb796a-cb13-45a7-88b3-bbfd68b3120d,b34e2b80-8005-4fbe-aa3e-a8b93f86fd45,2026-09-10T12:15:11Z,FanDuel Sportsbook structured market feed,,VA,NFL,35609293,Washington Commanders @ Philadelphia Eagles,2026-09-13T20:25:00.000Z,FanDuel,751.183666282,receiving_yards,Saquon Barkley - Receiving Yds,,Saquon Barkley,16580233,under,15.5,-114,1.87719298245614,0.5327102803738317,open,,,2026-09-10T12:15:11Z,,,,,v3-forward-measurement
3aeb796a-cb13-45a7-88b3-bbfd68b3120d,14970615-218c-477e-92d0-53c111ede26a,2026-09-10T12:15:11Z,FanDuel Sportsbook structured market feed,,VA,NFL,35609293,Washington Commanders @ Philadelphia Eagles,2026-09-13T20:25:00.000Z,FanDuel,751.185455304,receptions,Makai Lemon - Total Receptions,,Makai Lemon,102621408,over,2.5,124,2.24,0.44642857142857145,open,,,2026-09-10T12:15:11Z,,,,,v3-forward-measurement
3aeb796a-cb13-45a7-88b3-bbfd68b3120d,00700ea7-4ca6-4ef9-8ee4-4ded7a278e4c,2026-09-10T12:15:11Z,FanDuel Sportsbook structured market feed,,VA,NFL,35609293,Washington Commanders @ Philadelphia Eagles,2026-09-13T20:25:00.000Z,FanDuel,751.185455304,receptions,Makai Lemon - Total Receptions,,Makai Lemon,102621416,under,2.5,-166,1.602409638554217,0.6240601503759399,open,,,2026-09-10T12:15:11Z,,,,,v3-forward-measurement
3aeb796a-cb13-45a7-88b3-bbfd68b3120d,c25ab61f-98e4-400e-be6d-5caee7405045,2026-09-10T12:15:11Z,FanDuel Sportsbook structured market feed,,VA,NFL,35609293,Washington Commanders @ Philadelphia Eagles,2026-09-13T20:25:00.000Z,FanDuel,751.185455303,receiving_yards,Makai Lemon - Receiving Yds,,Makai Lemon,102621408,over,24.5,-114,1.87719298245614,0.5327102803738317,open,,,2026-09-10T12:15:11Z,,,,,v3-forward-measurement
3aeb796a-cb13-45a7-88b3-bbfd68b3120d,8e801b74-e2c4-4819-8685-9d637fb3cb8d,2026-09-10T12:15:11Z,FanDuel Sportsbook structured market feed,,VA,NFL,35609293,Washington Commanders @ Philadelphia Eagles,2026-09-13T20:25:00.000Z,FanDuel,751.185455303,receiving_yards,Makai Lemon - Receiving Yds,,Makai Lemon,102621416,under,24.5,-114,1.87719298245614,0.5327102803738317,open,,,2026-09-10T12:15:11Z,,,,,v3-forward-measurement
3aeb796a-cb13-45a7-88b3-bbfd68b3120d,8236fe63-ffe2-4d76-9b9b-8be9be22bb1a,2026-09-10T12:15:11Z,FanDuel Sportsbook structured market feed,,VA,NFL,35609293,Washington Commanders @ Philadelphia Eagles,2026-09-13T20:25:00.000Z,FanDuel,751.183665726,receptions,Terry McLaurin - Total Receptions,,Terry McLaurin,25927138,over,3.5,-172,1.581395348837209,0.6323529411764706,open,,,2026-09-10T12:15:11Z,,,,,v3-forward-measurement
3aeb796a-cb13-45a7-88b3-bbfd68b3120d,62119573-35fd-45b9-87da-3b14eaff2fbb,2026-09-10T12:15:11Z,FanDuel Sportsbook structured market feed,,VA,NFL,35609293,Washington Commanders @ Philadelphia Eagles,2026-09-13T20:25:00.000Z,FanDuel,751.183665726,receptions,Terry McLaurin - Total Receptions,,Terry McLaurin,25927139,under,3.5,128,2.28,0.43859649122807015,open,,,2026-09-10T12:15:11Z,,,,,v3-forward-measurement
3aeb796a-cb13-45a7-88b3-bbfd68b3120d,a95e7efb-096e-4f6a-b657-63ca353e6b3b,2026-09-10T12:15:11Z,FanDuel Sportsbook structured market feed,,VA,NFL,35609293,Washington Commanders @ Philadelphia Eagles,2026-09-13T20:25:00.000Z,FanDuel,751.185145804,receiving_yards,Dontayvion Wicks - Receiving Yds,,Dontayvion Wicks,41071991,over,28.5,-114,1.87719298245614,0.5327102803738317,open,,,2026-09-10T12:15:11Z,,,,,v3-forward-measurement
3aeb796a-cb13-45a7-88b3-bbfd68b3120d,d2fa7629-b134-4a7f-bdfe-e7214a4e80f0,2026-09-10T12:15:11Z,FanDuel Sportsbook structured market feed,,VA,NFL,35609293,Washington Commanders @ Philadelphia Eagles,2026-09-13T20:25:00.000Z,FanDuel,751.185145804,receiving_yards,Dontayvion Wicks - Receiving Yds,,Dontayvion Wicks,41071992,under,28.5,-114,1.87719298245614,0.5327102803738317,open,,,2026-09-10T12:15:11Z,,,,,v3-forward-measurement
3aeb796a-cb13-45a7-88b3-bbfd68b3120d,70cec4b5-1788-4a4e-bc3a-55adf17dd882,2026-09-10T12:15:11Z,FanDuel Sportsbook structured market feed,,VA,NFL,35609293,Washington Commanders @ Philadelphia Eagles,2026-09-13T20:25:00.000Z,FanDuel,751.185140410,receiving_yards,Rachaad White - Receiving Yds,,Rachaad White,41161337,over,14.5,-114,1.87719298245614,0.5327102803738317,open,,,2026-09-10T12:15:11Z,,,,,v3-forward-measurement
3aeb796a-cb13-45a7-88b3-bbfd68b3120d,65830edf-0cc1-4fd1-b9b5-05a7cac58be4,2026-09-10T12:15:11Z,FanDuel Sportsbook structured market feed,,VA,NFL,35609293,Washington Commanders @ Philadelphia Eagles,2026-09-13T20:25:00.000Z,FanDuel,751.185140410,receiving_yards,Rachaad White - Receiving Yds,,Rachaad White,41161335,under,14.5,-114,1.87719298245614,0.5327102803738317,open,,,2026-09-10T12:15:11Z,,,,,v3-forward-measurement
3aeb796a-cb13-45a7-88b3-bbfd68b3120d,6e77b0c7-b267-4928-a383-25c5f385c2cb,2026-09-10T12:15:11Z,FanDuel Sportsbook structured market feed,,VA,NFL,35609293,Washington Commanders @ Philadelphia Eagles,2026-09-13T20:25:00.000Z,FanDuel,751.185140411,receptions,Rachaad White - Total Receptions,,Rachaad White,41161337,over,2.5,134,2.34,0.42735042735042733,open,,,2026-09-10T12:15:11Z,,,,,v3-forward-measurement
3aeb796a-cb13-45a7-88b3-bbfd68b3120d,159e136d-5ee8-4038-a8a9-c66d500b40e4,2026-09-10T12:15:11Z,FanDuel Sportsbook structured market feed,,VA,NFL,35609293,Washington Commanders @ Philadelphia Eagles,2026-09-13T20:25:00.000Z,FanDuel,751.185140411,receptions,Rachaad White - Total Receptions,,Rachaad White,41161335,under,2.5,-180,1.555555555555556,0.6428571428571429,open,,,2026-09-10T12:15:11Z,,,,,v3-forward-measurement
3aeb796a-cb13-45a7-88b3-bbfd68b3120d,1bd5a243-c725-4a4b-9051-de6863c577bc,2026-09-10T12:15:11Z,FanDuel Sportsbook structured market feed,,VA,NFL,35609293,Washington Commanders @ Philadelphia Eagles,2026-09-13T20:25:00.000Z,FanDuel,751.185145800,receptions,Dontayvion Wicks - Total Receptions,,Dontayvion Wicks,41071991,over,2.5,-122,1.819672131147541,0.5495495495495496,open,,,2026-09-10T12:15:11Z,,,,,v3-forward-measurement
3aeb796a-cb13-45a7-88b3-bbfd68b3120d,3a910601-1a15-4895-9786-88a8d75bfdb3,2026-09-10T12:15:11Z,FanDuel Sportsbook structured market feed,,VA,NFL,35609293,Washington Commanders @ Philadelphia Eagles,2026-09-13T20:25:00.000Z,FanDuel,751.185145800,receptions,Dontayvion Wicks - Total Receptions,,Dontayvion Wicks,41071992,under,2.5,-108,1.925925925925926,0.5192307692307693,open,,,2026-09-10T12:15:11Z,,,,,v3-forward-measurement
3aeb796a-cb13-45a7-88b3-bbfd68b3120d,615d1cf5-e2f0-4727-9ebf-9e4ef6a0eb26,2026-09-10T12:15:11Z,FanDuel Sportsbook structured market feed,,VA,NFL,35609293,Washington Commanders @ Philadelphia Eagles,2026-09-13T20:25:00.000Z,FanDuel,751.183665729,receiving_yards,Stefon Diggs - Receiving Yds,,Stefon Diggs,11890083,over,42.5,-114,1.87719298245614,0.5327102803738317,open,,,2026-09-10T12:15:11Z,,,,,v3-forward-measurement
3aeb796a-cb13-45a7-88b3-bbfd68b3120d,2015a63e-4099-4afa-86f7-0deb13ac0440,2026-09-10T12:15:11Z,FanDuel Sportsbook structured market feed,,VA,NFL,35609293,Washington Commanders @ Philadelphia Eagles,2026-09-13T20:25:00.000Z,FanDuel,751.183665729,receiving_yards,Stefon Diggs - Receiving Yds,,Stefon Diggs,11890082,under,42.5,-114,1.87719298245614,0.5327102803738317,open,,,2026-09-10T12:15:11Z,,,,,v3-forward-measurement
3aeb796a-cb13-45a7-88b3-bbfd68b3120d,3869407f-9445-49f3-9b96-021c5753f445,2026-09-10T12:15:11Z,FanDuel Sportsbook structured market feed,,VA,NFL,35609293,Washington Commanders @ Philadelphia Eagles,2026-09-13T20:25:00.000Z,FanDuel,751.183665727,receptions,Stefon Diggs - Total Receptions,,Stefon Diggs,11890083,over,3.5,-148,1.675675675675676,0.5967741935483871,open,,,2026-09-10T12:15:11Z,,,,,v3-forward-measurement
3aeb796a-cb13-45a7-88b3-bbfd68b3120d,d3b521b1-117d-4c55-a2e1-8cb70921eea2,2026-09-10T12:15:11Z,FanDuel Sportsbook structured market feed,,VA,NFL,35609293,Washington Commanders @ Philadelphia Eagles,2026-09-13T20:25:00.000Z,FanDuel,751.183665727,receptions,Stefon Diggs - Total Receptions,,Stefon Diggs,11890082,under,3.5,112,2.12,0.4716981132075472,open,,,2026-09-10T12:15:11Z,,,,,v3-forward-measurement
3aeb796a-cb13-45a7-88b3-bbfd68b3120d,66afc13f-c465-44df-acdc-7a981013e183,2026-09-10T12:15:11Z,FanDuel Sportsbook structured market feed,,VA,NFL,35609293,Washington Commanders @ Philadelphia Eagles,2026-09-13T20:25:00.000Z,FanDuel,751.183666278,receptions,Saquon Barkley - Total Receptions,,Saquon Barkley,16580232,over,2.5,-102,1.980392156862745,0.504950495049505,open,,,2026-09-10T12:15:11Z,,,,,v3-forward-measurement
3aeb796a-cb13-45a7-88b3-bbfd68b3120d,623aad62-d176-40de-97f7-886559c379cc,2026-09-10T12:15:11Z,FanDuel Sportsbook structured market feed,,VA,NFL,35609293,Washington Commanders @ Philadelphia Eagles,2026-09-13T20:25:00.000Z,FanDuel,751.183666278,receptions,Saquon Barkley - Total Receptions,,Saquon Barkley,16580233,under,2.5,-130,1.769230769230769,0.5652173913043478,open,,,2026-09-10T12:15:11Z,,,,,v3-forward-measurement
896929ea-4391-4389-b8f5-a16c7d0bb0fe,086794d3-cce3-4665-b60d-8640f208c0a0,2026-09-10T12:15:11Z,FanDuel Sportsbook structured market feed,,VA,NFL,35610167,Buffalo Bills @ Houston Texans,2026-09-13T17:00:00.000Z,FanDuel,751.183531305,passing_yards,C.J. Stroud - Passing Yds,,C.J. Stroud,41158959,over,218.5,-114,1.87719298245614,0.5327102803738317,open,,,2026-09-10T12:15:11Z,,,,,v3-forward-measurement
896929ea-4391-4389-b8f5-a16c7d0bb0fe,16c128dc-86d4-4d46-8ab0-8de5fc9815ae,2026-09-10T12:15:11Z,FanDuel Sportsbook structured market feed,,VA,NFL,35610167,Buffalo Bills @ Houston Texans,2026-09-13T17:00:00.000Z,FanDuel,751.183531305,passing_yards,C.J. Stroud - Passing Yds,,C.J. Stroud,41158958,under,218.5,-114,1.87719298245614,0.5327102803738317,open,,,2026-09-10T12:15:11Z,,,,,v3-forward-measurement
896929ea-4391-4389-b8f5-a16c7d0bb0fe,7618d27b-6d0f-47fa-860f-e972c03836bd,2026-09-10T12:15:11Z,FanDuel Sportsbook structured market feed,,VA,NFL,35610167,Buffalo Bills @ Houston Texans,2026-09-13T17:00:00.000Z,FanDuel,751.183531354,passing_touchdowns,C.J. Stroud - Passing TDs,,C.J. Stroud,41158959,over,1.5,122,2.22,0.45045045045045046,open,,,2026-09-10T12:15:11Z,,,,,v3-forward-measurement
896929ea-4391-4389-b8f5-a16c7d0bb0fe,63f18a36-2c20-40a8-a075-ca66163fe611,2026-09-10T12:15:11Z,FanDuel Sportsbook structured market feed,,VA,NFL,35610167,Buffalo Bills @ Houston Texans,2026-09-13T17:00:00.000Z,FanDuel,751.183531354,passing_touchdowns,C.J. Stroud - Passing TDs,,C.J. Stroud,41158958,under,1.5,-162,1.617283950617284,0.6183206106870229,open,,,2026-09-10T12:15:11Z,,,,,v3-forward-measurement
896929ea-4391-4389-b8f5-a16c7d0bb0fe,2a561830-f64e-4344-8f44-b54e0a6de7a8,2026-09-10T12:15:11Z,FanDuel Sportsbook structured market feed,,VA,NFL,35610167,Buffalo Bills @ Houston Texans,2026-09-13T17:00:00.000Z,FanDuel,751.183531290,passing_touchdowns,Josh Allen - Passing TDs,,Josh Allen,16503660,over,1.5,140,2.4,0.4166666666666667,open,,,2026-09-10T12:15:11Z,,,,,v3-forward-measurement
896929ea-4391-4389-b8f5-a16c7d0bb0fe,736c40bb-de8b-4e7b-8c01-edf2203e0ea4,2026-09-10T12:15:11Z,FanDuel Sportsbook structured market feed,,VA,NFL,35610167,Buffalo Bills @ Houston Texans,2026-09-13T17:00:00.000Z,FanDuel,751.183531290,passing_touchdowns,Josh Allen - Passing TDs,,Josh Allen,16503661,under,1.5,-188,1.531914893617021,0.6527777777777778,open,,,2026-09-10T12:15:11Z,,,,,v3-forward-measurement
896929ea-4391-4389-b8f5-a16c7d0bb0fe,2099a6f1-dfe6-449b-837e-053dd3308268,2026-09-10T12:15:11Z,FanDuel Sportsbook structured market feed,,VA,NFL,35610167,Buffalo Bills @ Houston Texans,2026-09-13T17:00:00.000Z,FanDuel,751.183531265,passing_yards,Josh Allen - Passing Yds,,Josh Allen,16503660,over,220.5,-114,1.87719298245614,0.5327102803738317,open,,,2026-09-10T12:15:11Z,,,,,v3-forward-measurement
896929ea-4391-4389-b8f5-a16c7d0bb0fe,1dbefcda-f20e-4ac6-8786-42071815c46b,2026-09-10T12:15:11Z,FanDuel Sportsbook structured market feed,,VA,NFL,35610167,Buffalo Bills @ Houston Texans,2026-09-13T17:00:00.000Z,FanDuel,751.183531265,passing_yards,Josh Allen - Passing Yds,,Josh Allen,16503661,under,220.5,-114,1.87719298245614,0.5327102803738317,open,,,2026-09-10T12:15:11Z,,,,,v3-forward-measurement
25ebf3c8-cf0e-4d5e-8246-ab113b7536cb,a86c80c2-d24f-48bb-9406-a722a7c29631,2026-09-10T12:15:11Z,FanDuel Sportsbook structured market feed,,VA,NFL,35610167,Buffalo Bills @ Houston Texans,2026-09-13T17:00:00.000Z,FanDuel,751.183531308,rushing_yards,Josh Allen - Rushing Yds,,Josh Allen,16503660,over,30.5,-114,1.87719298245614,0.5327102803738317,open,,,2026-09-10T12:15:11Z,,,,,v3-forward-measurement
25ebf3c8-cf0e-4d5e-8246-ab113b7536cb,592b1c7a-6b73-4387-a594-59d0e607af99,2026-09-10T12:15:11Z,FanDuel Sportsbook structured market feed,,VA,NFL,35610167,Buffalo Bills @ Houston Texans,2026-09-13T17:00:00.000Z,FanDuel,751.183531308,rushing_yards,Josh Allen - Rushing Yds,,Josh Allen,16503661,under,30.5,-114,1.87719298245614,0.5327102803738317,open,,,2026-09-10T12:15:11Z,,,,,v3-forward-measurement
25ebf3c8-cf0e-4d5e-8246-ab113b7536cb,1e0284d2-3f08-47de-a6b0-dcd55a81b635,2026-09-10T12:15:11Z,FanDuel Sportsbook structured market feed,,VA,NFL,35610167,Buffalo Bills @ Houston Texans,2026-09-13T17:00:00.000Z,FanDuel,751.183532134,rushing_yards,James Cook - Rushing Yds,,James Cook,41957632,over,74.5,-114,1.87719298245614,0.5327102803738317,open,,,2026-09-10T12:15:11Z,,,,,v3-forward-measurement
25ebf3c8-cf0e-4d5e-8246-ab113b7536cb,dc3c0ee1-178c-4df4-9fb7-3ba43a61da0e,2026-09-10T12:15:11Z,FanDuel Sportsbook structured market feed,,VA,NFL,35610167,Buffalo Bills @ Houston Texans,2026-09-13T17:00:00.000Z,FanDuel,751.183532134,rushing_yards,James Cook - Rushing Yds,,James Cook,41957631,under,74.5,-114,1.87719298245614,0.5327102803738317,open,,,2026-09-10T12:15:11Z,,,,,v3-forward-measurement
25ebf3c8-cf0e-4d5e-8246-ab113b7536cb,ebec3ac5-2774-4d85-8cd0-b4a169514631,2026-09-10T12:15:11Z,FanDuel Sportsbook structured market feed,,VA,NFL,35610167,Buffalo Bills @ Houston Texans,2026-09-13T17:00:00.000Z,FanDuel,751.184540244,rushing_yards,C.J. Stroud - Rushing Yds,,C.J. Stroud,41158959,over,10.5,-114,1.87719298245614,0.5327102803738317,open,,,2026-09-10T12:15:11Z,,,,,v3-forward-measurement
25ebf3c8-cf0e-4d5e-8246-ab113b7536cb,9dfaf128-910a-4bbe-9abe-b0813db03607,2026-09-10T12:15:11Z,FanDuel Sportsbook structured market feed,,VA,NFL,35610167,Buffalo Bills @ Houston Texans,2026-09-13T17:00:00.000Z,FanDuel,751.184540244,rushing_yards,C.J. Stroud - Rushing Yds,,C.J. Stroud,41158958,under,10.5,-114,1.87719298245614,0.5327102803738317,open,,,2026-09-10T12:15:11Z,,,,,v3-forward-measurement
25ebf3c8-cf0e-4d5e-8246-ab113b7536cb,9541170b-a41f-4a6d-af82-2ca6685ea8ca,2026-09-10T12:15:11Z,FanDuel Sportsbook structured market feed,,VA,NFL,35610167,Buffalo Bills @ Houston Texans,2026-09-13T17:00:00.000Z,FanDuel,751.183532131,rushing_yards,David Montgomery - Rushing Yds,,David Montgomery,16579822,over,54.5,-114,1.87719298245614,0.5327102803738317,open,,,2026-09-10T12:15:11Z,,,,,v3-forward-measurement
25ebf3c8-cf0e-4d5e-8246-ab113b7536cb,730dc64e-fce8-425c-ae24-13c216a6f216,2026-09-10T12:15:11Z,FanDuel Sportsbook structured market feed,,VA,NFL,35610167,Buffalo Bills @ Houston Texans,2026-09-13T17:00:00.000Z,FanDuel,751.183532131,rushing_yards,David Montgomery - Rushing Yds,,David Montgomery,16579823,under,54.5,-114,1.87719298245614,0.5327102803738317,open,,,2026-09-10T12:15:11Z,,,,,v3-forward-measurement
25ebf3c8-cf0e-4d5e-8246-ab113b7536cb,05d8ffec-e7e3-49ad-bf17-490c2d617d48,2026-09-10T12:15:11Z,FanDuel Sportsbook structured market feed,,VA,NFL,35610167,Buffalo Bills @ Houston Texans,2026-09-13T17:00:00.000Z,FanDuel,751.183532132,rushing_yards,Woody Marks - Rushing Yds,,Woody Marks,88881141,over,29.5,-114,1.87719298245614,0.5327102803738317,open,,,2026-09-10T12:15:11Z,,,,,v3-forward-measurement
25ebf3c8-cf0e-4d5e-8246-ab113b7536cb,452f1226-eeba-4807-831e-6e2c59fdce9f,2026-09-10T12:15:11Z,FanDuel Sportsbook structured market feed,,VA,NFL,35610167,Buffalo Bills @ Houston Texans,2026-09-13T17:00:00.000Z,FanDuel,751.183532132,rushing_yards,Woody Marks - Rushing Yds,,Woody Marks,88881135,under,29.5,-114,1.87719298245614,0.5327102803738317,open,,,2026-09-10T12:15:11Z,,,,,v3-forward-measurement
dcb49cca-bc1a-412a-af2e-811e1b0fc6cc,f811eb88-78a9-4670-bf75-447627d356e7,2026-09-10T12:15:11Z,FanDuel Sportsbook structured market feed,,VA,NFL,35610167,Buffalo Bills @ Houston Texans,2026-09-13T17:00:00.000Z,FanDuel,751.184542281,receiving_yards,Woody Marks - Receiving Yds,,Woody Marks,88881141,over,9.5,-114,1.87719298245614,0.5327102803738317,open,,,2026-09-10T12:15:11Z,,,,,v3-forward-measurement
dcb49cca-bc1a-412a-af2e-811e1b0fc6cc,24fd6865-baa7-42f7-823d-994fa31d307f,2026-09-10T12:15:11Z,FanDuel Sportsbook structured market feed,,VA,NFL,35610167,Buffalo Bills @ Houston Texans,2026-09-13T17:00:00.000Z,FanDuel,751.184542281,receiving_yards,Woody Marks - Receiving Yds,,Woody Marks,88881135,under,9.5,-114,1.87719298245614,0.5327102803738317,open,,,2026-09-10T12:15:11Z,,,,,v3-forward-measurement
dcb49cca-bc1a-412a-af2e-811e1b0fc6cc,945af8a1-5632-4f61-b803-48f7ab9c4478,2026-09-10T12:15:11Z,FanDuel Sportsbook structured market feed,,VA,NFL,35610167,Buffalo Bills @ Houston Texans,2026-09-13T17:00:00.000Z,FanDuel,751.183533039,receiving_yards,Nico Collins - Receiving Yds,,Nico Collins,40916109,over,69.5,-114,1.87719298245614,0.5327102803738317,open,,,2026-09-10T12:15:11Z,,,,,v3-forward-measurement
dcb49cca-bc1a-412a-af2e-811e1b0fc6cc,bc2749b8-45c4-4105-a985-c00ac7172dc0,2026-09-10T12:15:11Z,FanDuel Sportsbook structured market feed,,VA,NFL,35610167,Buffalo Bills @ Houston Texans,2026-09-13T17:00:00.000Z,FanDuel,751.183533039,receiving_yards,Nico Collins - Receiving Yds,,Nico Collins,40916112,under,69.5,-114,1.87719298245614,0.5327102803738317,open,,,2026-09-10T12:15:11Z,,,,,v3-forward-measurement
dcb49cca-bc1a-412a-af2e-811e1b0fc6cc,ccdbc37f-cb29-402d-9cfc-c81886124c82,2026-09-10T12:15:11Z,FanDuel Sportsbook structured market feed,,VA,NFL,35610167,Buffalo Bills @ Houston Texans,2026-09-13T17:00:00.000Z,FanDuel,751.183533038,receptions,D.J. Moore - Total Receptions,,D.J. Moore,73370450,over,3.5,-130,1.769230769230769,0.5652173913043478,open,,,2026-09-10T12:15:11Z,,,,,v3-forward-measurement
dcb49cca-bc1a-412a-af2e-811e1b0fc6cc,0ff911b4-44f6-43ca-b549-896edd5d6ba8,2026-09-10T12:15:11Z,FanDuel Sportsbook structured market feed,,VA,NFL,35610167,Buffalo Bills @ Houston Texans,2026-09-13T17:00:00.000Z,FanDuel,751.183533038,receptions,D.J. Moore - Total Receptions,,D.J. Moore,73370451,under,3.5,-102,1.980392156862745,0.504950495049505,open,,,2026-09-10T12:15:11Z,,,,,v3-forward-measurement
dcb49cca-bc1a-412a-af2e-811e1b0fc6cc,244ebd3f-03f8-4abd-8e4a-1583fb14d3cc,2026-09-10T12:15:11Z,FanDuel Sportsbook structured market feed,,VA,NFL,35610167,Buffalo Bills @ Houston Texans,2026-09-13T17:00:00.000Z,FanDuel,751.184543895,receptions,Dalton Schultz - Total Receptions,,Dalton Schultz,36190363,over,3.5,-130,1.769230769230769,0.5652173913043478,open,,,2026-09-10T12:15:11Z,,,,,v3-forward-measurement
dcb49cca-bc1a-412a-af2e-811e1b0fc6cc,9eb14b75-68c9-462d-b4e5-c6f7243a71ce,2026-09-10T12:15:11Z,FanDuel Sportsbook structured market feed,,VA,NFL,35610167,Buffalo Bills @ Houston Texans,2026-09-13T17:00:00.000Z,FanDuel,751.184543895,receptions,Dalton Schultz - Total Receptions,,Dalton Schultz,36190364,under,3.5,-102,1.980392156862745,0.504950495049505,open,,,2026-09-10T12:15:11Z,,,,,v3-forward-measurement
dcb49cca-bc1a-412a-af2e-811e1b0fc6cc,c03291eb-ca2f-4eec-8f54-b8a1c776ea6e,2026-09-10T12:15:11Z,FanDuel Sportsbook structured market feed,,VA,NFL,35610167,Buffalo Bills @ Houston Texans,2026-09-13T17:00:00.000Z,FanDuel,751.185690220,receptions,Jaylin Noel - Total Receptions,,Jaylin Noel,48308997,over,1.5,-158,1.632911392405063,0.6124031007751938,open,,,2026-09-10T12:15:11Z,,,,,v3-forward-measurement
dcb49cca-bc1a-412a-af2e-811e1b0fc6cc,6e756dcb-9118-4e55-97e4-3c6758b560a0,2026-09-10T12:15:11Z,FanDuel Sportsbook structured market feed,,VA,NFL,35610167,Buffalo Bills @ Houston Texans,2026-09-13T17:00:00.000Z,FanDuel,751.185690220,receptions,Jaylin Noel - Total Receptions,,Jaylin Noel,48308996,under,1.5,118,2.18,0.45871559633027525,open,,,2026-09-10T12:15:11Z,,,,,v3-forward-measurement
dcb49cca-bc1a-412a-af2e-811e1b0fc6cc,1c94f1ab-8812-4b17-8442-079d797f9704,2026-09-10T12:15:11Z,FanDuel Sportsbook structured market feed,,VA,NFL,35610167,Buffalo Bills @ Houston Texans,2026-09-13T17:00:00.000Z,FanDuel,751.184543897,receiving_yards,Dalton Schultz - Receiving Yds,,Dalton Schultz,36190363,over,32.5,-114,1.87719298245614,0.5327102803738317,open,,,2026-09-10T12:15:11Z,,,,,v3-forward-measurement
dcb49cca-bc1a-412a-af2e-811e1b0fc6cc,b7c8638d-dec6-4c06-9d36-ccf5d43d0c78,2026-09-10T12:15:11Z,FanDuel Sportsbook structured market feed,,VA,NFL,35610167,Buffalo Bills @ Houston Texans,2026-09-13T17:00:00.000Z,FanDuel,751.184543897,receiving_yards,Dalton Schultz - Receiving Yds,,Dalton Schultz,36190364,under,32.5,-114,1.87719298245614,0.5327102803738317,open,,,2026-09-10T12:15:11Z,,,,,v3-forward-measurement
dcb49cca-bc1a-412a-af2e-811e1b0fc6cc,01187a01-8999-4a15-acc2-27d9b6b8cf7a,2026-09-10T12:15:11Z,FanDuel Sportsbook structured market feed,,VA,NFL,35610167,Buffalo Bills @ Houston Texans,2026-09-13T17:00:00.000Z,FanDuel,751.184542278,receiving_yards,David Montgomery - Receiving Yds,,David Montgomery,16579822,over,8.5,-114,1.87719298245614,0.5327102803738317,open,,,2026-09-10T12:15:11Z,,,,,v3-forward-measurement
dcb49cca-bc1a-412a-af2e-811e1b0fc6cc,5bcc6614-2bab-492f-bae7-b3509cea3eb5,2026-09-10T12:15:11Z,FanDuel Sportsbook structured market feed,,VA,NFL,35610167,Buffalo Bills @ Houston Texans,2026-09-13T17:00:00.000Z,FanDuel,751.184542278,receiving_yards,David Montgomery - Receiving Yds,,David Montgomery,16579823,under,8.5,-114,1.87719298245614,0.5327102803738317,open,,,2026-09-10T12:15:11Z,,,,,v3-forward-measurement
dcb49cca-bc1a-412a-af2e-811e1b0fc6cc,1c2e701d-ca41-4d70-a98f-c693cd45cd4f,2026-09-10T12:15:11Z,FanDuel Sportsbook structured market feed,,VA,NFL,35610167,Buffalo Bills @ Houston Texans,2026-09-13T17:00:00.000Z,FanDuel,751.184542279,receptions,David Montgomery - Total Receptions,,David Montgomery,16579822,over,1.5,-122,1.819672131147541,0.5495495495495496,open,,,2026-09-10T12:15:11Z,,,,,v3-forward-measurement
dcb49cca-bc1a-412a-af2e-811e1b0fc6cc,a5d7348e-7b4e-46c7-8626-33bbc2e0b019,2026-09-10T12:15:11Z,FanDuel Sportsbook structured market feed,,VA,NFL,35610167,Buffalo Bills @ Houston Texans,2026-09-13T17:00:00.000Z,FanDuel,751.184542279,receptions,David Montgomery - Total Receptions,,David Montgomery,16579823,under,1.5,-108,1.925925925925926,0.5192307692307693,open,,,2026-09-10T12:15:11Z,,,,,v3-forward-measurement
dcb49cca-bc1a-412a-af2e-811e1b0fc6cc,89927758-f2c0-46c9-8774-9d97a5299480,2026-09-10T12:15:11Z,FanDuel Sportsbook structured market feed,,VA,NFL,35610167,Buffalo Bills @ Houston Texans,2026-09-13T17:00:00.000Z,FanDuel,751.183533050,receptions,Nico Collins - Total Receptions,,Nico Collins,40916109,over,5.5,102,2.02,0.49504950495049505,open,,,2026-09-10T12:15:11Z,,,,,v3-forward-measurement
dcb49cca-bc1a-412a-af2e-811e1b0fc6cc,22db60ab-cb60-40ef-8de9-f17f0c6e4c17,2026-09-10T12:15:11Z,FanDuel Sportsbook structured market feed,,VA,NFL,35610167,Buffalo Bills @ Houston Texans,2026-09-13T17:00:00.000Z,FanDuel,751.183533050,receptions,Nico Collins - Total Receptions,,Nico Collins,40916112,under,5.5,-136,1.735294117647059,0.576271186440678,open,,,2026-09-10T12:15:11Z,,,,,v3-forward-measurement
dcb49cca-bc1a-412a-af2e-811e1b0fc6cc,d96ef279-76ff-4d3d-933c-312aa35747c1,2026-09-10T12:15:11Z,FanDuel Sportsbook structured market feed,,VA,NFL,35610167,Buffalo Bills @ Houston Texans,2026-09-13T17:00:00.000Z,FanDuel,751.185125759,receiving_yards,Xavier Hutchinson - Receiving Yds,,Xavier Hutchinson,41075117,over,19.5,-114,1.87719298245614,0.5327102803738317,open,,,2026-09-10T12:15:11Z,,,,,v3-forward-measurement
dcb49cca-bc1a-412a-af2e-811e1b0fc6cc,837705ee-6bab-4b49-86c9-d609e7c61919,2026-09-10T12:15:11Z,FanDuel Sportsbook structured market feed,,VA,NFL,35610167,Buffalo Bills @ Houston Texans,2026-09-13T17:00:00.000Z,FanDuel,751.185125759,receiving_yards,Xavier Hutchinson - Receiving Yds,,Xavier Hutchinson,41075118,under,19.5,-114,1.87719298245614,0.5327102803738317,open,,,2026-09-10T12:15:11Z,,,,,v3-forward-measurement
dcb49cca-bc1a-412a-af2e-811e1b0fc6cc,246b956e-4269-4b02-ba19-bde69f3cd757,2026-09-10T12:15:11Z,FanDuel Sportsbook structured market feed,,VA,NFL,35610167,Buffalo Bills @ Houston Texans,2026-09-13T17:00:00.000Z,FanDuel,751.185125757,receptions,Xavier Hutchinson - Total Receptions,,Xavier Hutchinson,41075117,over,2.5,134,2.34,0.42735042735042733,open,,,2026-09-10T12:15:11Z,,,,,v3-forward-measurement
dcb49cca-bc1a-412a-af2e-811e1b0fc6cc,ee25e1f8-d239-4542-aa8e-d1dec43440f8,2026-09-10T12:15:11Z,FanDuel Sportsbook structured market feed,,VA,NFL,35610167,Buffalo Bills @ Houston Texans,2026-09-13T17:00:00.000Z,FanDuel,751.185125757,receptions,Xavier Hutchinson - Total Receptions,,Xavier Hutchinson,41075118,under,2.5,-180,1.555555555555556,0.6428571428571429,open,,,2026-09-10T12:15:11Z,,,,,v3-forward-measurement
dcb49cca-bc1a-412a-af2e-811e1b0fc6cc,90524146-1298-4670-a9fb-1c44f756c1e9,2026-09-10T12:15:11Z,FanDuel Sportsbook structured market feed,,VA,NFL,35610167,Buffalo Bills @ Houston Texans,2026-09-13T17:00:00.000Z,FanDuel,751.183533053,receiving_yards,D.J. Moore - Receiving Yds,,D.J. Moore,73370450,over,47.5,-114,1.87719298245614,0.5327102803738317,open,,,2026-09-10T12:15:11Z,,,,,v3-forward-measurement
dcb49cca-bc1a-412a-af2e-811e1b0fc6cc,a7ecbdc6-9dce-4dae-a2f7-c1f933ec64ff,2026-09-10T12:15:11Z,FanDuel Sportsbook structured market feed,,VA,NFL,35610167,Buffalo Bills @ Houston Texans,2026-09-13T17:00:00.000Z,FanDuel,751.183533053,receiving_yards,D.J. Moore - Receiving Yds,,D.J. Moore,73370451,under,47.5,-114,1.87719298245614,0.5327102803738317,open,,,2026-09-10T12:15:11Z,,,,,v3-forward-measurement
dcb49cca-bc1a-412a-af2e-811e1b0fc6cc,7db4d032-97a5-4107-abeb-f808eabc06a5,2026-09-10T12:15:11Z,FanDuel Sportsbook structured market feed,,VA,NFL,35610167,Buffalo Bills @ Houston Texans,2026-09-13T17:00:00.000Z,FanDuel,751.183533051,receiving_yards,Dalton Kincaid - Receiving Yds,,Dalton Kincaid,41602583,over,38.5,-114,1.87719298245614,0.5327102803738317,open,,,2026-09-10T12:15:11Z,,,,,v3-forward-measurement
dcb49cca-bc1a-412a-af2e-811e1b0fc6cc,fb0afe30-78fd-483f-a2ad-ee103cc2a1b6,2026-09-10T12:15:11Z,FanDuel Sportsbook structured market feed,,VA,NFL,35610167,Buffalo Bills @ Houston Texans,2026-09-13T17:00:00.000Z,FanDuel,751.183533051,receiving_yards,Dalton Kincaid - Receiving Yds,,Dalton Kincaid,41602585,under,38.5,-114,1.87719298245614,0.5327102803738317,open,,,2026-09-10T12:15:11Z,,,,,v3-forward-measurement
dcb49cca-bc1a-412a-af2e-811e1b0fc6cc,c024b65f-d4ab-421e-adc8-4892ec1aa575,2026-09-10T12:15:11Z,FanDuel Sportsbook structured market feed,,VA,NFL,35610167,Buffalo Bills @ Houston Texans,2026-09-13T17:00:00.000Z,FanDuel,751.183533052,receptions,Khalil Shakir - Total Receptions,,Khalil Shakir,41266352,over,3.5,-130,1.769230769230769,0.5652173913043478,open,,,2026-09-10T12:15:11Z,,,,,v3-forward-measurement
dcb49cca-bc1a-412a-af2e-811e1b0fc6cc,9872d62f-efe1-49e6-b1d0-21940e364382,2026-09-10T12:15:11Z,FanDuel Sportsbook structured market feed,,VA,NFL,35610167,Buffalo Bills @ Houston Texans,2026-09-13T17:00:00.000Z,FanDuel,751.183533052,receptions,Khalil Shakir - Total Receptions,,Khalil Shakir,41266353,under,3.5,-102,1.980392156862745,0.504950495049505,open,,,2026-09-10T12:15:11Z,,,,,v3-forward-measurement
dcb49cca-bc1a-412a-af2e-811e1b0fc6cc,55d64f2c-103e-41bd-bbdb-dc8a40825fea,2026-09-10T12:15:11Z,FanDuel Sportsbook structured market feed,,VA,NFL,35610167,Buffalo Bills @ Houston Texans,2026-09-13T17:00:00.000Z,FanDuel,751.184980710,receptions,James Cook - Total Receptions,,James Cook,41957632,over,2.5,108,2.08,0.4807692307692308,open,,,2026-09-10T12:15:11Z,,,,,v3-forward-measurement
dcb49cca-bc1a-412a-af2e-811e1b0fc6cc,6709ad15-b0d7-41a6-a9d0-43193c3e325a,2026-09-10T12:15:11Z,FanDuel Sportsbook structured market feed,,VA,NFL,35610167,Buffalo Bills @ Houston Texans,2026-09-13T17:00:00.000Z,FanDuel,751.184980710,receptions,James Cook - Total Receptions,,James Cook,41957631,under,2.5,-144,1.694444444444444,0.5901639344262295,open,,,2026-09-10T12:15:11Z,,,,,v3-forward-measurement
dcb49cca-bc1a-412a-af2e-811e1b0fc6cc,38e20a03-35e9-47ba-9833-9f045d043a43,2026-09-10T12:15:11Z,FanDuel Sportsbook structured market feed,,VA,NFL,35610167,Buffalo Bills @ Houston Texans,2026-09-13T17:00:00.000Z,FanDuel,751.183533049,receptions,Dalton Kincaid - Total Receptions,,Dalton Kincaid,41602583,over,3.5,-102,1.980392156862745,0.504950495049505,open,,,2026-09-10T12:15:11Z,,,,,v3-forward-measurement
dcb49cca-bc1a-412a-af2e-811e1b0fc6cc,5e7f15ca-55d7-45e9-ad24-eda01a6bfc16,2026-09-10T12:15:11Z,FanDuel Sportsbook structured market feed,,VA,NFL,35610167,Buffalo Bills @ Houston Texans,2026-09-13T17:00:00.000Z,FanDuel,751.183533049,receptions,Dalton Kincaid - Total Receptions,,Dalton Kincaid,41602585,under,3.5,-130,1.769230769230769,0.5652173913043478,open,,,2026-09-10T12:15:11Z,,,,,v3-forward-measurement
dcb49cca-bc1a-412a-af2e-811e1b0fc6cc,de8a12b2-2689-439a-bae9-9213f7cc4790,2026-09-10T12:15:11Z,FanDuel Sportsbook structured market feed,,VA,NFL,35610167,Buffalo Bills @ Houston Texans,2026-09-13T17:00:00.000Z,FanDuel,751.185056176,receiving_yards,Dawson Knox - Receiving Yds,,Dawson Knox,26270330,over,14.5,-114,1.87719298245614,0.5327102803738317,open,,,2026-09-10T12:15:11Z,,,,,v3-forward-measurement
dcb49cca-bc1a-412a-af2e-811e1b0fc6cc,392b691c-610b-435d-a8b2-bc06a9efb09b,2026-09-10T12:15:11Z,FanDuel Sportsbook structured market feed,,VA,NFL,35610167,Buffalo Bills @ Houston Texans,2026-09-13T17:00:00.000Z,FanDuel,751.185056176,receiving_yards,Dawson Knox - Receiving Yds,,Dawson Knox,26270331,under,14.5,-114,1.87719298245614,0.5327102803738317,open,,,2026-09-10T12:15:11Z,,,,,v3-forward-measurement
dcb49cca-bc1a-412a-af2e-811e1b0fc6cc,2a39232c-6a45-44da-8f45-4c3b70a07a9c,2026-09-10T12:15:11Z,FanDuel Sportsbook structured market feed,,VA,NFL,35610167,Buffalo Bills @ Houston Texans,2026-09-13T17:00:00.000Z,FanDuel,751.185056177,receptions,Dawson Knox - Total Receptions,,Dawson Knox,26270330,over,1.5,-114,1.87719298245614,0.5327102803738317,open,,,2026-09-10T12:15:11Z,,,,,v3-forward-measurement
dcb49cca-bc1a-412a-af2e-811e1b0fc6cc,454a9074-20ef-4ec5-8f8b-348f4ad639b6,2026-09-10T12:15:11Z,FanDuel Sportsbook structured market feed,,VA,NFL,35610167,Buffalo Bills @ Houston Texans,2026-09-13T17:00:00.000Z,FanDuel,751.185056177,receptions,Dawson Knox - Total Receptions,,Dawson Knox,26270331,under,1.5,-114,1.87719298245614,0.5327102803738317,open,,,2026-09-10T12:15:11Z,,,,,v3-forward-measurement
dcb49cca-bc1a-412a-af2e-811e1b0fc6cc,a8410e87-f41d-4302-9c9f-8f2897f2a318,2026-09-10T12:15:11Z,FanDuel Sportsbook structured market feed,,VA,NFL,35610167,Buffalo Bills @ Houston Texans,2026-09-13T17:00:00.000Z,FanDuel,751.185690208,receiving_yards,Jaylin Noel - Receiving Yds,,Jaylin Noel,48308997,over,16.5,-114,1.87719298245614,0.5327102803738317,open,,,2026-09-10T12:15:11Z,,,,,v3-forward-measurement
dcb49cca-bc1a-412a-af2e-811e1b0fc6cc,d9780f07-5ccd-4608-8e88-dbaf4e353d04,2026-09-10T12:15:11Z,FanDuel Sportsbook structured market feed,,VA,NFL,35610167,Buffalo Bills @ Houston Texans,2026-09-13T17:00:00.000Z,FanDuel,751.185690208,receiving_yards,Jaylin Noel - Receiving Yds,,Jaylin Noel,48308996,under,16.5,-114,1.87719298245614,0.5327102803738317,open,,,2026-09-10T12:15:11Z,,,,,v3-forward-measurement
dcb49cca-bc1a-412a-af2e-811e1b0fc6cc,02fc0591-4a2f-4dff-9d69-bbf827010cd1,2026-09-10T12:15:11Z,FanDuel Sportsbook structured market feed,,VA,NFL,35610167,Buffalo Bills @ Houston Texans,2026-09-13T17:00:00.000Z,FanDuel,751.184980711,receiving_yards,James Cook - Receiving Yds,,James Cook,41957632,over,16.5,-114,1.87719298245614,0.5327102803738317,open,,,2026-09-10T12:15:11Z,,,,,v3-forward-measurement
dcb49cca-bc1a-412a-af2e-811e1b0fc6cc,50e026f2-b5a9-4de8-968a-4347666e128e,2026-09-10T12:15:11Z,FanDuel Sportsbook structured market feed,,VA,NFL,35610167,Buffalo Bills @ Houston Texans,2026-09-13T17:00:00.000Z,FanDuel,751.184980711,receiving_yards,James Cook - Receiving Yds,,James Cook,41957631,under,16.5,-114,1.87719298245614,0.5327102803738317,open,,,2026-09-10T12:15:11Z,,,,,v3-forward-measurement
dcb49cca-bc1a-412a-af2e-811e1b0fc6cc,fa4d943b-f928-4a1a-b08a-44b9e1fa17e5,2026-09-10T12:15:11Z,FanDuel Sportsbook structured market feed,,VA,NFL,35610167,Buffalo Bills @ Houston Texans,2026-09-13T17:00:00.000Z,FanDuel,751.185690214,receptions,Woody Marks - Total Receptions,,Woody Marks,88881141,over,1.5,-122,1.819672131147541,0.5495495495495496,open,,,2026-09-10T12:15:11Z,,,,,v3-forward-measurement
dcb49cca-bc1a-412a-af2e-811e1b0fc6cc,5ac93b3b-d4a2-4293-b90a-997c8ee081dd,2026-09-10T12:15:11Z,FanDuel Sportsbook structured market feed,,VA,NFL,35610167,Buffalo Bills @ Houston Texans,2026-09-13T17:00:00.000Z,FanDuel,751.185690214,receptions,Woody Marks - Total Receptions,,Woody Marks,88881135,under,1.5,-108,1.925925925925926,0.5192307692307693,open,,,2026-09-10T12:15:11Z,,,,,v3-forward-measurement
dcb49cca-bc1a-412a-af2e-811e1b0fc6cc,77f8f557-d457-45de-aec5-7ffb63fa9421,2026-09-10T12:15:11Z,FanDuel Sportsbook structured market feed,,VA,NFL,35610167,Buffalo Bills @ Houston Texans,2026-09-13T17:00:00.000Z,FanDuel,751.184541564,receptions,Kayshon Boutte - Total Receptions,,Kayshon Boutte,41072109,over,1.5,-172,1.581395348837209,0.6323529411764706,open,,,2026-09-10T12:15:11Z,,,,,v3-forward-measurement
dcb49cca-bc1a-412a-af2e-811e1b0fc6cc,7c445d81-3fc2-4b66-9bdc-484db495be40,2026-09-10T12:15:11Z,FanDuel Sportsbook structured market feed,,VA,NFL,35610167,Buffalo Bills @ Houston Texans,2026-09-13T17:00:00.000Z,FanDuel,751.184541564,receptions,Kayshon Boutte - Total Receptions,,Kayshon Boutte,41072108,under,1.5,128,2.28,0.43859649122807015,open,,,2026-09-10T12:15:11Z,,,,,v3-forward-measurement
dcb49cca-bc1a-412a-af2e-811e1b0fc6cc,689788ed-f81f-4c0d-921a-eab4d5c423cd,2026-09-10T12:15:11Z,FanDuel Sportsbook structured market feed,,VA,NFL,35610167,Buffalo Bills @ Houston Texans,2026-09-13T17:00:00.000Z,FanDuel,751.183533042,receiving_yards,Khalil Shakir - Receiving Yds,,Khalil Shakir,41266352,over,36.5,-114,1.87719298245614,0.5327102803738317,open,,,2026-09-10T12:15:11Z,,,,,v3-forward-measurement
dcb49cca-bc1a-412a-af2e-811e1b0fc6cc,72c8ae4d-21a0-485f-a920-93c819299897,2026-09-10T12:15:11Z,FanDuel Sportsbook structured market feed,,VA,NFL,35610167,Buffalo Bills @ Houston Texans,2026-09-13T17:00:00.000Z,FanDuel,751.183533042,receiving_yards,Khalil Shakir - Receiving Yds,,Khalil Shakir,41266353,under,36.5,-114,1.87719298245614,0.5327102803738317,open,,,2026-09-10T12:15:11Z,,,,,v3-forward-measurement
dcb49cca-bc1a-412a-af2e-811e1b0fc6cc,b9c04566-bd24-4d0f-a774-7dd527f0ca03,2026-09-10T12:15:11Z,FanDuel Sportsbook structured market feed,,VA,NFL,35610167,Buffalo Bills @ Houston Texans,2026-09-13T17:00:00.000Z,FanDuel,751.184541567,receiving_yards,Kayshon Boutte - Receiving Yds,,Kayshon Boutte,41072109,over,24.5,-114,1.87719298245614,0.5327102803738317,open,,,2026-09-10T12:15:11Z,,,,,v3-forward-measurement
dcb49cca-bc1a-412a-af2e-811e1b0fc6cc,39cac027-212c-49d4-8c67-fd520211c35a,2026-09-10T12:15:11Z,FanDuel Sportsbook structured market feed,,VA,NFL,35610167,Buffalo Bills @ Houston Texans,2026-09-13T17:00:00.000Z,FanDuel,751.184541567,receiving_yards,Kayshon Boutte - Receiving Yds,,Kayshon Boutte,41072108,under,24.5,-114,1.87719298245614,0.5327102803738317,open,,,2026-09-10T12:15:11Z,,,,,v3-forward-measurement
90ef7232-addd-4d2d-b288-7c8d3d3a7661,0280cb5c-b408-4b27-85f7-91dca8210447,2026-09-10T12:15:11Z,FanDuel Sportsbook structured market feed,,VA,NFL,35610168,New Orleans Saints @ Detroit Lions,2026-09-13T17:01:00.000Z,FanDuel,751.183819063,passing_yards,Tyler Shough - Passing Yds,,Tyler Shough,41066836,over,246.5,-114,1.87719298245614,0.5327102803738317,open,,,2026-09-10T12:15:11Z,,,,,v3-forward-measurement
90ef7232-addd-4d2d-b288-7c8d3d3a7661,4f3d4abd-4737-4ead-9601-f4f0712d60a5,2026-09-10T12:15:11Z,FanDuel Sportsbook structured market feed,,VA,NFL,35610168,New Orleans Saints @ Detroit Lions,2026-09-13T17:01:00.000Z,FanDuel,751.183819063,passing_yards,Tyler Shough - Passing Yds,,Tyler Shough,41066844,under,246.5,-114,1.87719298245614,0.5327102803738317,open,,,2026-09-10T12:15:11Z,,,,,v3-forward-measurement
90ef7232-addd-4d2d-b288-7c8d3d3a7661,4a9f7faa-1bee-4f36-b8d0-69dc10ce0f66,2026-09-10T12:15:11Z,FanDuel Sportsbook structured market feed,,VA,NFL,35610168,New Orleans Saints @ Detroit Lions,2026-09-13T17:01:00.000Z,FanDuel,751.183819030,passing_touchdowns,Jared Goff - Passing TDs,,Jared Goff,12135315,over,1.5,-194,1.515463917525773,0.6598639455782312,open,,,2026-09-10T12:15:11Z,,,,,v3-forward-measurement
90ef7232-addd-4d2d-b288-7c8d3d3a7661,c0bf68ee-ce06-4f70-b1f0-2c751d9a13dc,2026-09-10T12:15:11Z,FanDuel Sportsbook structured market feed,,VA,NFL,35610168,New Orleans Saints @ Detroit Lions,2026-09-13T17:01:00.000Z,FanDuel,751.183819030,passing_touchdowns,Jared Goff - Passing TDs,,Jared Goff,12135314,under,1.5,144,2.44,0.4098360655737705,open,,,2026-09-10T12:15:11Z,,,,,v3-forward-measurement
90ef7232-addd-4d2d-b288-7c8d3d3a7661,b1140109-2f63-48e2-9004-0e9dad253d60,2026-09-10T12:15:11Z,FanDuel Sportsbook structured market feed,,VA,NFL,35610168,New Orleans Saints @ Detroit Lions,2026-09-13T17:01:00.000Z,FanDuel,751.183818920,passing_touchdowns,Tyler Shough - Passing TDs,,Tyler Shough,41066836,over,1.5,128,2.28,0.43859649122807015,open,,,2026-09-10T12:15:11Z,,,,,v3-forward-measurement
90ef7232-addd-4d2d-b288-7c8d3d3a7661,df5268ef-9bd6-4d70-ad5e-52ed545d44d2,2026-09-10T12:15:11Z,FanDuel Sportsbook structured market feed,,VA,NFL,35610168,New Orleans Saints @ Detroit Lions,2026-09-13T17:01:00.000Z,FanDuel,751.183818920,passing_touchdowns,Tyler Shough - Passing TDs,,Tyler Shough,41066844,under,1.5,-172,1.581395348837209,0.6323529411764706,open,,,2026-09-10T12:15:11Z,,,,,v3-forward-measurement
90ef7232-addd-4d2d-b288-7c8d3d3a7661,9e809f91-50a8-4d55-93de-1f4970a6086f,2026-09-10T12:15:11Z,FanDuel Sportsbook structured market feed,,VA,NFL,35610168,New Orleans Saints @ Detroit Lions,2026-09-13T17:01:00.000Z,FanDuel,751.183819023,passing_yards,Jared Goff - Passing Yds,,Jared Goff,12135315,over,261.5,-114,1.87719298245614,0.5327102803738317,open,,,2026-09-10T12:15:11Z,,,,,v3-forward-measurement
90ef7232-addd-4d2d-b288-7c8d3d3a7661,745e60ff-22b6-4aa0-8bd8-7010706e70cc,2026-09-10T12:15:11Z,FanDuel Sportsbook structured market feed,,VA,NFL,35610168,New Orleans Saints @ Detroit Lions,2026-09-13T17:01:00.000Z,FanDuel,751.183819023,passing_yards,Jared Goff - Passing Yds,,Jared Goff,12135314,under,261.5,-114,1.87719298245614,0.5327102803738317,open,,,2026-09-10T12:15:11Z,,,,,v3-forward-measurement
97631b73-d67e-443b-a360-ccdf0bf6172b,e049b91d-97e5-4ecb-a022-4a38f57cd64c,2026-09-10T12:15:11Z,FanDuel Sportsbook structured market feed,,VA,NFL,35610168,New Orleans Saints @ Detroit Lions,2026-09-13T17:01:00.000Z,FanDuel,751.185249270,rushing_yards,Jared Goff - Rushing Yds,,Jared Goff,12135315,over,0.5,142,2.42,0.4132231404958678,open,,,2026-09-10T12:15:11Z,,,,,v3-forward-measurement
97631b73-d67e-443b-a360-ccdf0bf6172b,78ecc0de-8982-4624-b1b9-90231f61e0c5,2026-09-10T12:15:11Z,FanDuel Sportsbook structured market feed,,VA,NFL,35610168,New Orleans Saints @ Detroit Lions,2026-09-13T17:01:00.000Z,FanDuel,751.185249270,rushing_yards,Jared Goff - Rushing Yds,,Jared Goff,12135314,under,0.5,-188,1.531914893617021,0.6527777777777778,open,,,2026-09-10T12:15:11Z,,,,,v3-forward-measurement
97631b73-d67e-443b-a360-ccdf0bf6172b,36aef1b8-87e7-4e1a-aa01-dbfebedd2b1f,2026-09-10T12:15:11Z,FanDuel Sportsbook structured market feed,,VA,NFL,35610168,New Orleans Saints @ Detroit Lions,2026-09-13T17:01:00.000Z,FanDuel,751.183820190,rushing_yards,Travis Etienne - Rushing Yds,,Travis Etienne,16602553,over,56.5,-114,1.87719298245614,0.5327102803738317,open,,,2026-09-10T12:15:11Z,,,,,v3-forward-measurement
97631b73-d67e-443b-a360-ccdf0bf6172b,7ad9e24a-ce23-4913-8d83-b787365e825f,2026-09-10T12:15:11Z,FanDuel Sportsbook structured market feed,,VA,NFL,35610168,New Orleans Saints @ Detroit Lions,2026-09-13T17:01:00.000Z,FanDuel,751.183820190,rushing_yards,Travis Etienne - Rushing Yds,,Travis Etienne,16602554,under,56.5,-114,1.87719298245614,0.5327102803738317,open,,,2026-09-10T12:15:11Z,,,,,v3-forward-measurement
97631b73-d67e-443b-a360-ccdf0bf6172b,ac643b6c-08d3-43f9-bb75-a231bb730bca,2026-09-10T12:15:11Z,FanDuel Sportsbook structured market feed,,VA,NFL,35610168,New Orleans Saints @ Detroit Lions,2026-09-13T17:01:00.000Z,FanDuel,751.183820216,rushing_yards,Tyler Shough - Rushing Yds,,Tyler Shough,41066836,over,16.5,-114,1.87719298245614,0.5327102803738317,open,,,2026-09-10T12:15:11Z,,,,,v3-forward-measurement
97631b73-d67e-443b-a360-ccdf0bf6172b,1259ec73-78b2-4f55-83e7-179e51e2b5c5,2026-09-10T12:15:11Z,FanDuel Sportsbook structured market feed,,VA,NFL,35610168,New Orleans Saints @ Detroit Lions,2026-09-13T17:01:00.000Z,FanDuel,751.183820216,rushing_yards,Tyler Shough - Rushing Yds,,Tyler Shough,41066844,under,16.5,-114,1.87719298245614,0.5327102803738317,open,,,2026-09-10T12:15:11Z,,,,,v3-forward-measurement
97631b73-d67e-443b-a360-ccdf0bf6172b,08dbd8b4-a556-4f5a-ad4a-3a948cf9e89d,2026-09-10T12:15:11Z,FanDuel Sportsbook structured market feed,,VA,NFL,35610168,New Orleans Saints @ Detroit Lions,2026-09-13T17:01:00.000Z,FanDuel,751.183820188,rushing_yards,Jahmyr Gibbs - Rushing Yds,,Jahmyr Gibbs,41179952,over,83.5,-114,1.87719298245614,0.5327102803738317,open,,,2026-09-10T12:15:11Z,,,,,v3-forward-measurement
97631b73-d67e-443b-a360-ccdf0bf6172b,ebf18574-29e4-4d5e-a0a2-d415ac3c32e8,2026-09-10T12:15:11Z,FanDuel Sportsbook structured market feed,,VA,NFL,35610168,New Orleans Saints @ Detroit Lions,2026-09-13T17:01:00.000Z,FanDuel,751.183820188,rushing_yards,Jahmyr Gibbs - Rushing Yds,,Jahmyr Gibbs,41179953,under,83.5,-114,1.87719298245614,0.5327102803738317,open,,,2026-09-10T12:15:11Z,,,,,v3-forward-measurement
382d241d-1fc9-42aa-93af-6e094776ee6a,87f939e1-710f-466f-a593-385fd741f158,2026-09-10T12:15:11Z,FanDuel Sportsbook structured market feed,,VA,NFL,35610168,New Orleans Saints @ Detroit Lions,2026-09-13T17:01:00.000Z,FanDuel,751.183821852,receiving_yards,Sam LaPorta - Receiving Yds,,Sam LaPorta,41154223,over,41.5,-114,1.87719298245614,0.5327102803738317,open,,,2026-09-10T12:15:11Z,,,,,v3-forward-measurement
382d241d-1fc9-42aa-93af-6e094776ee6a,7add82b1-5f65-489c-ba1c-03c1a20d6404,2026-09-10T12:15:11Z,FanDuel Sportsbook structured market feed,,VA,NFL,35610168,New Orleans Saints @ Detroit Lions,2026-09-13T17:01:00.000Z,FanDuel,751.183821852,receiving_yards,Sam LaPorta - Receiving Yds,,Sam LaPorta,41154224,under,41.5,-114,1.87719298245614,0.5327102803738317,open,,,2026-09-10T12:15:11Z,,,,,v3-forward-measurement
382d241d-1fc9-42aa-93af-6e094776ee6a,1ef93b2f-f811-4763-938b-fa7b489874d5,2026-09-10T12:15:11Z,FanDuel Sportsbook structured market feed,,VA,NFL,35610168,New Orleans Saints @ Detroit Lions,2026-09-13T17:01:00.000Z,FanDuel,751.183820463,receiving_yards,Chris Olave - Receiving Yds,,Chris Olave,41158858,over,76.5,-114,1.87719298245614,0.5327102803738317,open,,,2026-09-10T12:15:11Z,,,,,v3-forward-measurement
382d241d-1fc9-42aa-93af-6e094776ee6a,dfa1dde2-bfe9-4f2f-bb3f-9619da68587e,2026-09-10T12:15:11Z,FanDuel Sportsbook structured market feed,,VA,NFL,35610168,New Orleans Saints @ Detroit Lions,2026-09-13T17:01:00.000Z,FanDuel,751.183820463,receiving_yards,Chris Olave - Receiving Yds,,Chris Olave,41158859,under,76.5,-114,1.87719298245614,0.5327102803738317,open,,,2026-09-10T12:15:11Z,,,,,v3-forward-measurement
382d241d-1fc9-42aa-93af-6e094776ee6a,a05789ff-9425-4f4a-9f3d-3302de647fc3,2026-09-10T12:15:11Z,FanDuel Sportsbook structured market feed,,VA,NFL,35610168,New Orleans Saints @ Detroit Lions,2026-09-13T17:01:00.000Z,FanDuel,751.183820461,receiving_yards,Amon-Ra St. Brown - Receiving Yds,,Amon-Ra St. Brown,40891132,over,77.5,-114,1.87719298245614,0.5327102803738317,open,,,2026-09-10T12:15:11Z,,,,,v3-forward-measurement
382d241d-1fc9-42aa-93af-6e094776ee6a,2d8b8bcd-b2ea-4484-9f92-e0e135a0f35b,2026-09-10T12:15:11Z,FanDuel Sportsbook structured market feed,,VA,NFL,35610168,New Orleans Saints @ Detroit Lions,2026-09-13T17:01:00.000Z,FanDuel,751.183820461,receiving_yards,Amon-Ra St. Brown - Receiving Yds,,Amon-Ra St. Brown,40891131,under,77.5,-114,1.87719298245614,0.5327102803738317,open,,,2026-09-10T12:15:11Z,,,,,v3-forward-measurement
382d241d-1fc9-42aa-93af-6e094776ee6a,03056583-d880-4a4b-8e85-052c09a339af,2026-09-10T12:15:11Z,FanDuel Sportsbook structured market feed,,VA,NFL,35610168,New Orleans Saints @ Detroit Lions,2026-09-13T17:01:00.000Z,FanDuel,751.184833686,receptions,Travis Etienne - Total Receptions,,Travis Etienne,16602553,over,2.5,-148,1.675675675675676,0.5967741935483871,open,,,2026-09-10T12:15:11Z,,,,,v3-forward-measurement
382d241d-1fc9-42aa-93af-6e094776ee6a,8e1a6ce5-881e-4a7f-a5fa-73e25249b875,2026-09-10T12:15:11Z,FanDuel Sportsbook structured market feed,,VA,NFL,35610168,New Orleans Saints @ Detroit Lions,2026-09-13T17:01:00.000Z,FanDuel,751.184833686,receptions,Travis Etienne - Total Receptions,,Travis Etienne,16602554,under,2.5,112,2.12,0.4716981132075472,open,,,2026-09-10T12:15:11Z,,,,,v3-forward-measurement
382d241d-1fc9-42aa-93af-6e094776ee6a,4ab2be28-928f-48dd-b330-d570d167f2f3,2026-09-10T12:15:11Z,FanDuel Sportsbook structured market feed,,VA,NFL,35610168,New Orleans Saints @ Detroit Lions,2026-09-13T17:01:00.000Z,FanDuel,751.184833685,receiving_yards,Travis Etienne - Receiving Yds,,Travis Etienne,16602553,over,16.5,-114,1.87719298245614,0.5327102803738317,open,,,2026-09-10T12:15:11Z,,,,,v3-forward-measurement
382d241d-1fc9-42aa-93af-6e094776ee6a,63344a66-e8c9-46ee-9144-c93917789add,2026-09-10T12:15:11Z,FanDuel Sportsbook structured market feed,,VA,NFL,35610168,New Orleans Saints @ Detroit Lions,2026-09-13T17:01:00.000Z,FanDuel,751.184833685,receiving_yards,Travis Etienne - Receiving Yds,,Travis Etienne,16602554,under,16.5,-114,1.87719298245614,0.5327102803738317,open,,,2026-09-10T12:15:11Z,,,,,v3-forward-measurement
382d241d-1fc9-42aa-93af-6e094776ee6a,5d182826-06c0-412c-b125-e49e159db711,2026-09-10T12:15:11Z,FanDuel Sportsbook structured market feed,,VA,NFL,35610168,New Orleans Saints @ Detroit Lions,2026-09-13T17:01:00.000Z,FanDuel,751.183821854,receptions,Sam LaPorta - Total Receptions,,Sam LaPorta,41154223,over,3.5,-172,1.581395348837209,0.6323529411764706,open,,,2026-09-10T12:15:11Z,,,,,v3-forward-measurement
382d241d-1fc9-42aa-93af-6e094776ee6a,541730ed-be55-4807-a1a8-700b1e0cb309,2026-09-10T12:15:11Z,FanDuel Sportsbook structured market feed,,VA,NFL,35610168,New Orleans Saints @ Detroit Lions,2026-09-13T17:01:00.000Z,FanDuel,751.183821854,receptions,Sam LaPorta - Total Receptions,,Sam LaPorta,41154224,under,3.5,128,2.28,0.43859649122807015,open,,,2026-09-10T12:15:11Z,,,,,v3-forward-measurement
382d241d-1fc9-42aa-93af-6e094776ee6a,b4e7fd97-5766-4c45-93ab-149cee03ea85,2026-09-10T12:15:11Z,FanDuel Sportsbook structured market feed,,VA,NFL,35610168,New Orleans Saints @ Detroit Lions,2026-09-13T17:01:00.000Z,FanDuel,751.183820469,receptions,Chris Olave - Total Receptions,,Chris Olave,41158858,over,6.5,102,2.02,0.49504950495049505,open,,,2026-09-10T12:15:11Z,,,,,v3-forward-measurement
382d241d-1fc9-42aa-93af-6e094776ee6a,b39b758c-c4a6-41c8-b251-2c65d169a926,2026-09-10T12:15:11Z,FanDuel Sportsbook structured market feed,,VA,NFL,35610168,New Orleans Saints @ Detroit Lions,2026-09-13T17:01:00.000Z,FanDuel,751.183820469,receptions,Chris Olave - Total Receptions,,Chris Olave,41158859,under,6.5,-136,1.735294117647059,0.576271186440678,open,,,2026-09-10T12:15:11Z,,,,,v3-forward-measurement
382d241d-1fc9-42aa-93af-6e094776ee6a,bddef357-15bb-4c3b-bba0-8c2a16cc5509,2026-09-10T12:15:11Z,FanDuel Sportsbook structured market feed,,VA,NFL,35610168,New Orleans Saints @ Detroit Lions,2026-09-13T17:01:00.000Z,FanDuel,751.184833180,receiving_yards,Isaac TeSlaa - Receiving Yds,,Isaac TeSlaa,60529877,over,17.5,-114,1.87719298245614,0.5327102803738317,open,,,2026-09-10T12:15:11Z,,,,,v3-forward-measurement
382d241d-1fc9-42aa-93af-6e094776ee6a,b3cf5255-2d06-405b-99bb-10a94fc88628,2026-09-10T12:15:11Z,FanDuel Sportsbook structured market feed,,VA,NFL,35610168,New Orleans Saints @ Detroit Lions,2026-09-13T17:01:00.000Z,FanDuel,751.184833180,receiving_yards,Isaac TeSlaa - Receiving Yds,,Isaac TeSlaa,60529876,under,17.5,-114,1.87719298245614,0.5327102803738317,open,,,2026-09-10T12:15:11Z,,,,,v3-forward-measurement
382d241d-1fc9-42aa-93af-6e094776ee6a,27cae0f4-6c32-45a1-9cf2-86378a7b9b67,2026-09-10T12:15:11Z,FanDuel Sportsbook structured market feed,,VA,NFL,35610168,New Orleans Saints @ Detroit Lions,2026-09-13T17:01:00.000Z,FanDuel,751.184833184,receptions,Isaac TeSlaa - Total Receptions,,Isaac TeSlaa,60529877,over,1.5,102,2.02,0.49504950495049505,open,,,2026-09-10T12:15:11Z,,,,,v3-forward-measurement
382d241d-1fc9-42aa-93af-6e094776ee6a,e67a2cb4-0d44-4dcb-9161-b232bac5cc0e,2026-09-10T12:15:11Z,FanDuel Sportsbook structured market feed,,VA,NFL,35610168,New Orleans Saints @ Detroit Lions,2026-09-13T17:01:00.000Z,FanDuel,751.184833184,receptions,Isaac TeSlaa - Total Receptions,,Isaac TeSlaa,60529876,under,1.5,-136,1.735294117647059,0.576271186440678,open,,,2026-09-10T12:15:11Z,,,,,v3-forward-measurement
382d241d-1fc9-42aa-93af-6e094776ee6a,6dfa8c12-300b-4799-a43d-07d009eb586a,2026-09-10T12:15:11Z,FanDuel Sportsbook structured market feed,,VA,NFL,35610168,New Orleans Saints @ Detroit Lions,2026-09-13T17:01:00.000Z,FanDuel,751.184833515,receiving_yards,Devaughn Vele - Receiving Yds,,Devaughn Vele,41522434,over,39.5,-114,1.87719298245614,0.5327102803738317,open,,,2026-09-10T12:15:11Z,,,,,v3-forward-measurement
382d241d-1fc9-42aa-93af-6e094776ee6a,ff5063c7-7b7e-4695-b931-0e4011b91bc4,2026-09-10T12:15:11Z,FanDuel Sportsbook structured market feed,,VA,NFL,35610168,New Orleans Saints @ Detroit Lions,2026-09-13T17:01:00.000Z,FanDuel,751.184833515,receiving_yards,Devaughn Vele - Receiving Yds,,Devaughn Vele,41522432,under,39.5,-114,1.87719298245614,0.5327102803738317,open,,,2026-09-10T12:15:11Z,,,,,v3-forward-measurement
382d241d-1fc9-42aa-93af-6e094776ee6a,ac71c84d-203d-4429-9b25-7c2a5a57ace8,2026-09-10T12:15:11Z,FanDuel Sportsbook structured market feed,,VA,NFL,35610168,New Orleans Saints @ Detroit Lions,2026-09-13T17:01:00.000Z,FanDuel,751.183820475,receptions,Amon-Ra St. Brown - Total Receptions,,Amon-Ra St. Brown,40891132,over,6.5,-114,1.87719298245614,0.5327102803738317,open,,,2026-09-10T12:15:11Z,,,,,v3-forward-measurement
382d241d-1fc9-42aa-93af-6e094776ee6a,26183e69-844c-4c3d-9f34-73519025daaa,2026-09-10T12:15:11Z,FanDuel Sportsbook structured market feed,,VA,NFL,35610168,New Orleans Saints @ Detroit Lions,2026-09-13T17:01:00.000Z,FanDuel,751.183820475,receptions,Amon-Ra St. Brown - Total Receptions,,Amon-Ra St. Brown,40891131,under,6.5,-114,1.87719298245614,0.5327102803738317,open,,,2026-09-10T12:15:11Z,,,,,v3-forward-measurement
382d241d-1fc9-42aa-93af-6e094776ee6a,d127d703-aad5-4cdd-af65-4dbdca98b254,2026-09-10T12:15:11Z,FanDuel Sportsbook structured market feed,,VA,NFL,35610168,New Orleans Saints @ Detroit Lions,2026-09-13T17:01:00.000Z,FanDuel,751.184833513,receptions,Devaughn Vele - Total Receptions,,Devaughn Vele,41522434,over,3.5,-102,1.980392156862745,0.504950495049505,open,,,2026-09-10T12:15:11Z,,,,,v3-forward-measurement
382d241d-1fc9-42aa-93af-6e094776ee6a,204aaf6c-8494-4083-a9d9-ed55d339fabd,2026-09-10T12:15:11Z,FanDuel Sportsbook structured market feed,,VA,NFL,35610168,New Orleans Saints @ Detroit Lions,2026-09-13T17:01:00.000Z,FanDuel,751.184833513,receptions,Devaughn Vele - Total Receptions,,Devaughn Vele,41522432,under,3.5,-130,1.769230769230769,0.5652173913043478,open,,,2026-09-10T12:15:11Z,,,,,v3-forward-measurement
382d241d-1fc9-42aa-93af-6e094776ee6a,6e12ec1e-028f-4664-9c62-10bff91ecbee,2026-09-10T12:15:11Z,FanDuel Sportsbook structured market feed,,VA,NFL,35610168,New Orleans Saints @ Detroit Lions,2026-09-13T17:01:00.000Z,FanDuel,751.183820457,receiving_yards,Jameson Williams - Receiving Yds,,Jameson Williams,41172033,over,58.5,-114,1.87719298245614,0.5327102803738317,open,,,2026-09-10T12:15:11Z,,,,,v3-forward-measurement
382d241d-1fc9-42aa-93af-6e094776ee6a,45bebfb6-814e-4537-8236-664956c3b33b,2026-09-10T12:15:11Z,FanDuel Sportsbook structured market feed,,VA,NFL,35610168,New Orleans Saints @ Detroit Lions,2026-09-13T17:01:00.000Z,FanDuel,751.183820457,receiving_yards,Jameson Williams - Receiving Yds,,Jameson Williams,41172032,under,58.5,-114,1.87719298245614,0.5327102803738317,open,,,2026-09-10T12:15:11Z,,,,,v3-forward-measurement
382d241d-1fc9-42aa-93af-6e094776ee6a,e019deff-9206-4e0b-a3ba-8eba512c3481,2026-09-10T12:15:11Z,FanDuel Sportsbook structured market feed,,VA,NFL,35610168,New Orleans Saints @ Detroit Lions,2026-09-13T17:01:00.000Z,FanDuel,751.183820831,receiving_yards,Juwan Johnson - Receiving Yds,,Juwan Johnson,40916525,over,42.5,-114,1.87719298245614,0.5327102803738317,open,,,2026-09-10T12:15:11Z,,,,,v3-forward-measurement
382d241d-1fc9-42aa-93af-6e094776ee6a,30975385-0ed6-4239-8fd5-47a0f4d7e527,2026-09-10T12:15:11Z,FanDuel Sportsbook structured market feed,,VA,NFL,35610168,New Orleans Saints @ Detroit Lions,2026-09-13T17:01:00.000Z,FanDuel,751.183820831,receiving_yards,Juwan Johnson - Receiving Yds,,Juwan Johnson,40916523,under,42.5,-114,1.87719298245614,0.5327102803738317,open,,,2026-09-10T12:15:11Z,,,,,v3-forward-measurement
382d241d-1fc9-42aa-93af-6e094776ee6a,ac7c137d-0638-4b15-b721-60aff3575358,2026-09-10T12:15:11Z,FanDuel Sportsbook structured market feed,,VA,NFL,35610168,New Orleans Saints @ Detroit Lions,2026-09-13T17:01:00.000Z,FanDuel,751.183820830,receptions,Juwan Johnson - Total Receptions,,Juwan Johnson,40916525,over,4.5,116,2.16,0.46296296296296297,open,,,2026-09-10T12:15:11Z,,,,,v3-forward-measurement
382d241d-1fc9-42aa-93af-6e094776ee6a,0002b5b2-dcf4-40b3-bf61-8343e56b88e8,2026-09-10T12:15:11Z,FanDuel Sportsbook structured market feed,,VA,NFL,35610168,New Orleans Saints @ Detroit Lions,2026-09-13T17:01:00.000Z,FanDuel,751.183820830,receptions,Juwan Johnson - Total Receptions,,Juwan Johnson,40916523,under,4.5,-154,1.649350649350649,0.6062992125984252,open,,,2026-09-10T12:15:11Z,,,,,v3-forward-measurement
382d241d-1fc9-42aa-93af-6e094776ee6a,5a492517-a9ba-4fb8-9ce7-3cf8b6b4f642,2026-09-10T12:15:11Z,FanDuel Sportsbook structured market feed,,VA,NFL,35610168,New Orleans Saints @ Detroit Lions,2026-09-13T17:01:00.000Z,FanDuel,751.183820459,receptions,Jameson Williams - Total Receptions,,Jameson Williams,41172033,over,3.5,-148,1.675675675675676,0.5967741935483871,open,,,2026-09-10T12:15:11Z,,,,,v3-forward-measurement
382d241d-1fc9-42aa-93af-6e094776ee6a,0ed7b29b-e0ed-406c-9201-64d25a54f02e,2026-09-10T12:15:11Z,FanDuel Sportsbook structured market feed,,VA,NFL,35610168,New Orleans Saints @ Detroit Lions,2026-09-13T17:01:00.000Z,FanDuel,751.183820459,receptions,Jameson Williams - Total Receptions,,Jameson Williams,41172032,under,3.5,112,2.12,0.4716981132075472,open,,,2026-09-10T12:15:11Z,,,,,v3-forward-measurement
382d241d-1fc9-42aa-93af-6e094776ee6a,8598e571-4925-4cfe-8595-b3de15a4b23a,2026-09-10T12:15:11Z,FanDuel Sportsbook structured market feed,,VA,NFL,35610168,New Orleans Saints @ Detroit Lions,2026-09-13T17:01:00.000Z,FanDuel,751.183836998,receiving_yards,Jahmyr Gibbs - Receiving Yds,,Jahmyr Gibbs,41179952,over,30.5,-114,1.87719298245614,0.5327102803738317,open,,,2026-09-10T12:15:11Z,,,,,v3-forward-measurement
382d241d-1fc9-42aa-93af-6e094776ee6a,cee00c18-0918-4988-8517-5664fba9c538,2026-09-10T12:15:11Z,FanDuel Sportsbook structured market feed,,VA,NFL,35610168,New Orleans Saints @ Detroit Lions,2026-09-13T17:01:00.000Z,FanDuel,751.183836998,receiving_yards,Jahmyr Gibbs - Receiving Yds,,Jahmyr Gibbs,41179953,under,30.5,-114,1.87719298245614,0.5327102803738317,open,,,2026-09-10T12:15:11Z,,,,,v3-forward-measurement
382d241d-1fc9-42aa-93af-6e094776ee6a,c9ad11c5-8249-430f-9a18-6cb0a6e7429e,2026-09-10T12:15:11Z,FanDuel Sportsbook structured market feed,,VA,NFL,35610168,New Orleans Saints @ Detroit Lions,2026-09-13T17:01:00.000Z,FanDuel,751.183836997,receptions,Jahmyr Gibbs - Total Receptions,,Jahmyr Gibbs,41179952,over,4.5,120,2.2,0.45454545454545453,open,,,2026-09-10T12:15:11Z,,,,,v3-forward-measurement
382d241d-1fc9-42aa-93af-6e094776ee6a,71100ca7-e596-4862-8f6e-ae758bf05ae6,2026-09-10T12:15:11Z,FanDuel Sportsbook structured market feed,,VA,NFL,35610168,New Orleans Saints @ Detroit Lions,2026-09-13T17:01:00.000Z,FanDuel,751.183836997,receptions,Jahmyr Gibbs - Total Receptions,,Jahmyr Gibbs,41179953,under,4.5,-160,1.625,0.6153846153846154,open,,,2026-09-10T12:15:11Z,,,,,v3-forward-measurement
dcc0315d-9583-4790-979f-28eb5a7098e0,71435d6c-ff9f-47ec-be0f-72ecb78b955b,2026-09-10T12:15:11Z,FanDuel Sportsbook structured market feed,,VA,NFL,35610170,Arizona Cardinals @ Los Angeles Chargers,2026-09-13T20:26:00.000Z,FanDuel,751.183978018,passing_yards,Jacoby Brissett - Passing Yds,,Jacoby Brissett,14942497,over,221.5,-114,1.87719298245614,0.5327102803738317,open,,,2026-09-10T12:15:11Z,,,,,v3-forward-measurement
dcc0315d-9583-4790-979f-28eb5a7098e0,e1f92623-07e4-40f1-9cfd-3cc4c111144b,2026-09-10T12:15:11Z,FanDuel Sportsbook structured market feed,,VA,NFL,35610170,Arizona Cardinals @ Los Angeles Chargers,2026-09-13T20:26:00.000Z,FanDuel,751.183978018,passing_yards,Jacoby Brissett - Passing Yds,,Jacoby Brissett,14942498,under,221.5,-114,1.87719298245614,0.5327102803738317,open,,,2026-09-10T12:15:11Z,,,,,v3-forward-measurement
dcc0315d-9583-4790-979f-28eb5a7098e0,60ba174c-074a-401f-abf4-31c5fba19e6f,2026-09-10T12:15:11Z,FanDuel Sportsbook structured market feed,,VA,NFL,35610170,Arizona Cardinals @ Los Angeles Chargers,2026-09-13T20:26:00.000Z,FanDuel,751.183978078,passing_touchdowns,Justin Herbert - Passing TDs,,Justin Herbert,36175559,over,1.5,-230,1.434782608695652,0.696969696969697,open,,,2026-09-10T12:15:11Z,,,,,v3-forward-measurement
dcc0315d-9583-4790-979f-28eb5a7098e0,46e28fbb-ea23-44d2-8608-1a6dafaa611c,2026-09-10T12:15:11Z,FanDuel Sportsbook structured market feed,,VA,NFL,35610170,Arizona Cardinals @ Los Angeles Chargers,2026-09-13T20:26:00.000Z,FanDuel,751.183978078,passing_touchdowns,Justin Herbert - Passing TDs,,Justin Herbert,36175560,under,1.5,168,2.68,0.373134328358209,open,,,2026-09-10T12:15:11Z,,,,,v3-forward-measurement
dcc0315d-9583-4790-979f-28eb5a7098e0,dedf4d8f-6a7e-45f0-b136-ca05d06e8e11,2026-09-10T12:15:11Z,FanDuel Sportsbook structured market feed,,VA,NFL,35610170,Arizona Cardinals @ Los Angeles Chargers,2026-09-13T20:26:00.000Z,FanDuel,751.183977990,passing_yards,Justin Herbert - Passing Yds,,Justin Herbert,36175559,over,233.5,-114,1.87719298245614,0.5327102803738317,open,,,2026-09-10T12:15:11Z,,,,,v3-forward-measurement
dcc0315d-9583-4790-979f-28eb5a7098e0,6eeaeefe-fb1b-4e35-ad40-fed6d9b6a934,2026-09-10T12:15:11Z,FanDuel Sportsbook structured market feed,,VA,NFL,35610170,Arizona Cardinals @ Los Angeles Chargers,2026-09-13T20:26:00.000Z,FanDuel,751.183977990,passing_yards,Justin Herbert - Passing Yds,,Justin Herbert,36175560,under,233.5,-114,1.87719298245614,0.5327102803738317,open,,,2026-09-10T12:15:11Z,,,,,v3-forward-measurement
dcc0315d-9583-4790-979f-28eb5a7098e0,836b7a04-8147-4180-9093-79a67692d8cc,2026-09-10T12:15:11Z,FanDuel Sportsbook structured market feed,,VA,NFL,35610170,Arizona Cardinals @ Los Angeles Chargers,2026-09-13T20:26:00.000Z,FanDuel,751.183978037,passing_touchdowns,Jacoby Brissett - Passing TDs,,Jacoby Brissett,14942497,over,1.5,154,2.54,0.3937007874015748,open,,,2026-09-10T12:15:11Z,,,,,v3-forward-measurement
dcc0315d-9583-4790-979f-28eb5a7098e0,8e5309ad-4bf7-475c-8e51-1670a3979e27,2026-09-10T12:15:11Z,FanDuel Sportsbook structured market feed,,VA,NFL,35610170,Arizona Cardinals @ Los Angeles Chargers,2026-09-13T20:26:00.000Z,FanDuel,751.183978037,passing_touchdowns,Jacoby Brissett - Passing TDs,,Jacoby Brissett,14942498,under,1.5,-210,1.476190476190476,0.6774193548387096,open,,,2026-09-10T12:15:11Z,,,,,v3-forward-measurement
60e72608-bf03-43fd-8955-ddf942c0a984,c1863f78-4188-4401-b760-43436c9bff57,2026-09-10T12:15:11Z,FanDuel Sportsbook structured market feed,,VA,NFL,35610170,Arizona Cardinals @ Los Angeles Chargers,2026-09-13T20:26:00.000Z,FanDuel,751.185136845,rushing_yards,Justin Herbert - Rushing Yds,,Justin Herbert,36175559,over,21.5,-114,1.87719298245614,0.5327102803738317,open,,,2026-09-10T12:15:11Z,,,,,v3-forward-measurement
60e72608-bf03-43fd-8955-ddf942c0a984,c2032378-18e3-4b36-9082-19f2ad41e8ca,2026-09-10T12:15:11Z,FanDuel Sportsbook structured market feed,,VA,NFL,35610170,Arizona Cardinals @ Los Angeles Chargers,2026-09-13T20:26:00.000Z,FanDuel,751.185136845,rushing_yards,Justin Herbert - Rushing Yds,,Justin Herbert,36175560,under,21.5,-114,1.87719298245614,0.5327102803738317,open,,,2026-09-10T12:15:11Z,,,,,v3-forward-measurement
60e72608-bf03-43fd-8955-ddf942c0a984,84d1b52d-67b6-4399-8d15-c0af0ce46a01,2026-09-10T12:15:11Z,FanDuel Sportsbook structured market feed,,VA,NFL,35610170,Arizona Cardinals @ Los Angeles Chargers,2026-09-13T20:26:00.000Z,FanDuel,751.183978255,rushing_yards,Omarion Hampton - Rushing Yds,,Omarion Hampton,48691362,over,65.5,-114,1.87719298245614,0.5327102803738317,open,,,2026-09-10T12:15:11Z,,,,,v3-forward-measurement
60e72608-bf03-43fd-8955-ddf942c0a984,4112950f-326f-4af5-85c5-4d062dd3552e,2026-09-10T12:15:11Z,FanDuel Sportsbook structured market feed,,VA,NFL,35610170,Arizona Cardinals @ Los Angeles Chargers,2026-09-13T20:26:00.000Z,FanDuel,751.183978255,rushing_yards,Omarion Hampton - Rushing Yds,,Omarion Hampton,48691363,under,65.5,-114,1.87719298245614,0.5327102803738317,open,,,2026-09-10T12:15:11Z,,,,,v3-forward-measurement
60e72608-bf03-43fd-8955-ddf942c0a984,28769c71-47c9-4258-b22d-4ff89341aef5,2026-09-10T12:15:11Z,FanDuel Sportsbook structured market feed,,VA,NFL,35610170,Arizona Cardinals @ Los Angeles Chargers,2026-09-13T20:26:00.000Z,FanDuel,751.183979621,rushing_yards,Jeremiyah Love - Rushing Yds,,Jeremiyah Love,102331515,over,39.5,-114,1.87719298245614,0.5327102803738317,open,,,2026-09-10T12:15:11Z,,,,,v3-forward-measurement
60e72608-bf03-43fd-8955-ddf942c0a984,d28b683f-6ba3-415f-bf5a-30f35e33d6c1,2026-09-10T12:15:11Z,FanDuel Sportsbook structured market feed,,VA,NFL,35610170,Arizona Cardinals @ Los Angeles Chargers,2026-09-13T20:26:00.000Z,FanDuel,751.183979621,rushing_yards,Jeremiyah Love - Rushing Yds,,Jeremiyah Love,102331514,under,39.5,-114,1.87719298245614,0.5327102803738317,open,,,2026-09-10T12:15:11Z,,,,,v3-forward-measurement
60e72608-bf03-43fd-8955-ddf942c0a984,42998bdf-b148-45ee-96cc-19266030587a,2026-09-10T12:15:11Z,FanDuel Sportsbook structured market feed,,VA,NFL,35610170,Arizona Cardinals @ Los Angeles Chargers,2026-09-13T20:26:00.000Z,FanDuel,751.183979619,rushing_yards,Tyler Allgeier - Rushing Yds,,Tyler Allgeier,41171925,over,28.5,-114,1.87719298245614,0.5327102803738317,open,,,2026-09-10T12:15:11Z,,,,,v3-forward-measurement
60e72608-bf03-43fd-8955-ddf942c0a984,114dee54-b1e8-4475-86a9-d108ced252bb,2026-09-10T12:15:11Z,FanDuel Sportsbook structured market feed,,VA,NFL,35610170,Arizona Cardinals @ Los Angeles Chargers,2026-09-13T20:26:00.000Z,FanDuel,751.183979619,rushing_yards,Tyler Allgeier - Rushing Yds,,Tyler Allgeier,41171924,under,28.5,-114,1.87719298245614,0.5327102803738317,open,,,2026-09-10T12:15:11Z,,,,,v3-forward-measurement
60e72608-bf03-43fd-8955-ddf942c0a984,b543714a-62d5-425f-ac58-cdfc980d20db,2026-09-10T12:15:11Z,FanDuel Sportsbook structured market feed,,VA,NFL,35610170,Arizona Cardinals @ Los Angeles Chargers,2026-09-13T20:26:00.000Z,FanDuel,751.185191462,rushing_yards,Jacoby Brissett - Rushing Yds,,Jacoby Brissett,14942497,over,10.5,-114,1.87719298245614,0.5327102803738317,open,,,2026-09-10T12:15:11Z,,,,,v3-forward-measurement
60e72608-bf03-43fd-8955-ddf942c0a984,b89a509f-b69b-4422-89dc-65e6ce43a1e5,2026-09-10T12:15:11Z,FanDuel Sportsbook structured market feed,,VA,NFL,35610170,Arizona Cardinals @ Los Angeles Chargers,2026-09-13T20:26:00.000Z,FanDuel,751.185191462,rushing_yards,Jacoby Brissett - Rushing Yds,,Jacoby Brissett,14942498,under,10.5,-114,1.87719298245614,0.5327102803738317,open,,,2026-09-10T12:15:11Z,,,,,v3-forward-measurement
53691d48-4069-4ea3-9fbd-53c766822b06,8f06dd57-d4d0-401b-bd06-3aeb861fa5b0,2026-09-10T12:15:11Z,FanDuel Sportsbook structured market feed,,VA,NFL,35610170,Arizona Cardinals @ Los Angeles Chargers,2026-09-13T20:26:00.000Z,FanDuel,751.185256085,receiving_yards,Jeremiyah Love - Receiving Yds,,Jeremiyah Love,102331515,over,15.5,-114,1.87719298245614,0.5327102803738317,open,,,2026-09-10T12:15:11Z,,,,,v3-forward-measurement
53691d48-4069-4ea3-9fbd-53c766822b06,3fbcf062-e2c7-43c6-a5a4-577ca0cc39e4,2026-09-10T12:15:11Z,FanDuel Sportsbook structured market feed,,VA,NFL,35610170,Arizona Cardinals @ Los Angeles Chargers,2026-09-13T20:26:00.000Z,FanDuel,751.185256085,receiving_yards,Jeremiyah Love - Receiving Yds,,Jeremiyah Love,102331514,under,15.5,-114,1.87719298245614,0.5327102803738317,open,,,2026-09-10T12:15:11Z,,,,,v3-forward-measurement
53691d48-4069-4ea3-9fbd-53c766822b06,5d2e6b86-29a6-4173-aec0-8c1e3b54a90f,2026-09-10T12:15:11Z,FanDuel Sportsbook structured market feed,,VA,NFL,35610170,Arizona Cardinals @ Los Angeles Chargers,2026-09-13T20:26:00.000Z,FanDuel,751.185256044,receptions,Jeremiyah Love - Total Receptions,,Jeremiyah Love,102331515,over,2.5,120,2.2,0.45454545454545453,open,,,2026-09-10T12:15:11Z,,,,,v3-forward-measurement
53691d48-4069-4ea3-9fbd-53c766822b06,9a0053e0-9245-455c-9513-8b57ecf609f5,2026-09-10T12:15:11Z,FanDuel Sportsbook structured market feed,,VA,NFL,35610170,Arizona Cardinals @ Los Angeles Chargers,2026-09-13T20:26:00.000Z,FanDuel,751.185256044,receptions,Jeremiyah Love - Total Receptions,,Jeremiyah Love,102331514,under,2.5,-160,1.625,0.6153846153846154,open,,,2026-09-10T12:15:11Z,,,,,v3-forward-measurement
53691d48-4069-4ea3-9fbd-53c766822b06,c678e5fc-8c3e-47b7-a29d-588ca6367499,2026-09-10T12:15:11Z,FanDuel Sportsbook structured market feed,,VA,NFL,35610170,Arizona Cardinals @ Los Angeles Chargers,2026-09-13T20:26:00.000Z,FanDuel,751.185256046,receptions,Kendrick Bourne - Total Receptions,,Kendrick Bourne,27362690,over,2.5,144,2.44,0.4098360655737705,open,,,2026-09-10T12:15:11Z,,,,,v3-forward-measurement
53691d48-4069-4ea3-9fbd-53c766822b06,898be969-9c52-4d2d-8b1e-c0cd291de0e5,2026-09-10T12:15:11Z,FanDuel Sportsbook structured market feed,,VA,NFL,35610170,Arizona Cardinals @ Los Angeles Chargers,2026-09-13T20:26:00.000Z,FanDuel,751.185256046,receptions,Kendrick Bourne - Total Receptions,,Kendrick Bourne,27362691,under,2.5,-194,1.515463917525773,0.6598639455782312,open,,,2026-09-10T12:15:11Z,,,,,v3-forward-measurement
53691d48-4069-4ea3-9fbd-53c766822b06,a4d3b11d-cda8-4a6a-8131-1f5711ee4e87,2026-09-10T12:15:11Z,FanDuel Sportsbook structured market feed,,VA,NFL,35610170,Arizona Cardinals @ Los Angeles Chargers,2026-09-13T20:26:00.000Z,FanDuel,751.183981549,receptions,Michael Wilson - Total Receptions,,Michael Wilson,48289067,over,3.5,-122,1.819672131147541,0.5495495495495496,open,,,2026-09-10T12:15:11Z,,,,,v3-forward-measurement
53691d48-4069-4ea3-9fbd-53c766822b06,07ca0291-5028-4f65-9d15-a9080749053a,2026-09-10T12:15:11Z,FanDuel Sportsbook structured market feed,,VA,NFL,35610170,Arizona Cardinals @ Los Angeles Chargers,2026-09-13T20:26:00.000Z,FanDuel,751.183981549,receptions,Michael Wilson - Total Receptions,,Michael Wilson,48289068,under,3.5,-108,1.925925925925926,0.5192307692307693,open,,,2026-09-10T12:15:11Z,,,,,v3-forward-measurement
53691d48-4069-4ea3-9fbd-53c766822b06,3ed47dcd-5d70-408d-b821-50c0bb8d7e3a,2026-09-10T12:15:11Z,FanDuel Sportsbook structured market feed,,VA,NFL,35610170,Arizona Cardinals @ Los Angeles Chargers,2026-09-13T20:26:00.000Z,FanDuel,751.183981327,receiving_yards,Trey McBride - Receiving Yds,,Trey McBride,48613596,over,56.5,-114,1.87719298245614,0.5327102803738317,open,,,2026-09-10T12:15:11Z,,,,,v3-forward-measurement
53691d48-4069-4ea3-9fbd-53c766822b06,809b0e6d-ea94-424d-a4bb-9b411f6a22d2,2026-09-10T12:15:11Z,FanDuel Sportsbook structured market feed,,VA,NFL,35610170,Arizona Cardinals @ Los Angeles Chargers,2026-09-13T20:26:00.000Z,FanDuel,751.183981327,receiving_yards,Trey McBride - Receiving Yds,,Trey McBride,48613594,under,56.5,-114,1.87719298245614,0.5327102803738317,open,,,2026-09-10T12:15:11Z,,,,,v3-forward-measurement
53691d48-4069-4ea3-9fbd-53c766822b06,c978f4b2-06e5-4bd4-90c1-48720286f554,2026-09-10T12:15:11Z,FanDuel Sportsbook structured market feed,,VA,NFL,35610170,Arizona Cardinals @ Los Angeles Chargers,2026-09-13T20:26:00.000Z,FanDuel,751.183981546,receiving_yards,Michael Wilson - Receiving Yds,,Michael Wilson,48289067,over,41.5,-114,1.87719298245614,0.5327102803738317,open,,,2026-09-10T12:15:11Z,,,,,v3-forward-measurement
53691d48-4069-4ea3-9fbd-53c766822b06,014946f5-c3dc-4773-8f01-753972a05e81,2026-09-10T12:15:11Z,FanDuel Sportsbook structured market feed,,VA,NFL,35610170,Arizona Cardinals @ Los Angeles Chargers,2026-09-13T20:26:00.000Z,FanDuel,751.183981546,receiving_yards,Michael Wilson - Receiving Yds,,Michael Wilson,48289068,under,41.5,-114,1.87719298245614,0.5327102803738317,open,,,2026-09-10T12:15:11Z,,,,,v3-forward-measurement
53691d48-4069-4ea3-9fbd-53c766822b06,8a1aee57-dc9f-44df-9025-78183842ff25,2026-09-10T12:15:11Z,FanDuel Sportsbook structured market feed,,VA,NFL,35610170,Arizona Cardinals @ Los Angeles Chargers,2026-09-13T20:26:00.000Z,FanDuel,751.183980596,receptions,Tre Harris - Total Receptions,,Tre Harris,48012110,over,2.5,-102,1.980392156862745,0.504950495049505,open,,,2026-09-10T12:15:11Z,,,,,v3-forward-measurement
53691d48-4069-4ea3-9fbd-53c766822b06,db8eeaac-0a6f-4919-b2bb-b7f2dd138c37,2026-09-10T12:15:11Z,FanDuel Sportsbook structured market feed,,VA,NFL,35610170,Arizona Cardinals @ Los Angeles Chargers,2026-09-13T20:26:00.000Z,FanDuel,751.183980596,receptions,Tre Harris - Total Receptions,,Tre Harris,48012111,under,2.5,-130,1.769230769230769,0.5652173913043478,open,,,2026-09-10T12:15:11Z,,,,,v3-forward-measurement
53691d48-4069-4ea3-9fbd-53c766822b06,b8ed5971-35ef-4f5b-a1d7-0ecfd0e5e8d4,2026-09-10T12:15:11Z,FanDuel Sportsbook structured market feed,,VA,NFL,35610170,Arizona Cardinals @ Los Angeles Chargers,2026-09-13T20:26:00.000Z,FanDuel,751.183980199,receiving_yards,Quentin Johnston - Receiving Yds,,Quentin Johnston,41161053,over,42.5,-114,1.87719298245614,0.5327102803738317,open,,,2026-09-10T12:15:11Z,,,,,v3-forward-measurement
53691d48-4069-4ea3-9fbd-53c766822b06,b2607650-f779-48fc-92f6-593767d2697c,2026-09-10T12:15:11Z,FanDuel Sportsbook structured market feed,,VA,NFL,35610170,Arizona Cardinals @ Los Angeles Chargers,2026-09-13T20:26:00.000Z,FanDuel,751.183980199,receiving_yards,Quentin Johnston - Receiving Yds,,Quentin Johnston,41161054,under,42.5,-114,1.87719298245614,0.5327102803738317,open,,,2026-09-10T12:15:11Z,,,,,v3-forward-measurement
53691d48-4069-4ea3-9fbd-53c766822b06,fed2f96f-c8f9-4a2b-8124-b8162bbdb402,2026-09-10T12:15:11Z,FanDuel Sportsbook structured market feed,,VA,NFL,35610170,Arizona Cardinals @ Los Angeles Chargers,2026-09-13T20:26:00.000Z,FanDuel,751.183981330,receptions,Trey McBride - Total Receptions,,Trey McBride,48613596,over,6.5,120,2.2,0.45454545454545453,open,,,2026-09-10T12:15:11Z,,,,,v3-forward-measurement
53691d48-4069-4ea3-9fbd-53c766822b06,418fe0dc-1f05-4c5e-8a39-adae2e014fd8,2026-09-10T12:15:11Z,FanDuel Sportsbook structured market feed,,VA,NFL,35610170,Arizona Cardinals @ Los Angeles Chargers,2026-09-13T20:26:00.000Z,FanDuel,751.183981330,receptions,Trey McBride - Total Receptions,,Trey McBride,48613594,under,6.5,-160,1.625,0.6153846153846154,open,,,2026-09-10T12:15:11Z,,,,,v3-forward-measurement
53691d48-4069-4ea3-9fbd-53c766822b06,b9908560-e9de-4d46-9112-59a22a07c162,2026-09-10T12:15:11Z,FanDuel Sportsbook structured market feed,,VA,NFL,35610170,Arizona Cardinals @ Los Angeles Chargers,2026-09-13T20:26:00.000Z,FanDuel,751.185141305,receptions,Omarion Hampton - Total Receptions,,Omarion Hampton,48691362,over,2.5,124,2.24,0.44642857142857145,open,,,2026-09-10T12:15:11Z,,,,,v3-forward-measurement
53691d48-4069-4ea3-9fbd-53c766822b06,39f67d02-6c2a-4ab6-87bd-6f8a89214ae8,2026-09-10T12:15:11Z,FanDuel Sportsbook structured market feed,,VA,NFL,35610170,Arizona Cardinals @ Los Angeles Chargers,2026-09-13T20:26:00.000Z,FanDuel,751.185141305,receptions,Omarion Hampton - Total Receptions,,Omarion Hampton,48691363,under,2.5,-166,1.602409638554217,0.6240601503759399,open,,,2026-09-10T12:15:11Z,,,,,v3-forward-measurement
53691d48-4069-4ea3-9fbd-53c766822b06,5620a299-52fa-4c23-8860-443ff41bd3f4,2026-09-10T12:15:11Z,FanDuel Sportsbook structured market feed,,VA,NFL,35610170,Arizona Cardinals @ Los Angeles Chargers,2026-09-13T20:26:00.000Z,FanDuel,751.185141300,receiving_yards,Omarion Hampton - Receiving Yds,,Omarion Hampton,48691362,over,12.5,-114,1.87719298245614,0.5327102803738317,open,,,2026-09-10T12:15:11Z,,,,,v3-forward-measurement
53691d48-4069-4ea3-9fbd-53c766822b06,593a7311-f639-4911-ae04-c797530af2aa,2026-09-10T12:15:11Z,FanDuel Sportsbook structured market feed,,VA,NFL,35610170,Arizona Cardinals @ Los Angeles Chargers,2026-09-13T20:26:00.000Z,FanDuel,751.185141300,receiving_yards,Omarion Hampton - Receiving Yds,,Omarion Hampton,48691363,under,12.5,-114,1.87719298245614,0.5327102803738317,open,,,2026-09-10T12:15:11Z,,,,,v3-forward-measurement
53691d48-4069-4ea3-9fbd-53c766822b06,ce1b936d-2c1c-46cd-a610-8d5d6d5b9f7a,2026-09-10T12:15:11Z,FanDuel Sportsbook structured market feed,,VA,NFL,35610170,Arizona Cardinals @ Los Angeles Chargers,2026-09-13T20:26:00.000Z,FanDuel,751.185145960,receiving_yards,Charlie Kolar - Receiving Yds,,Charlie Kolar,41075122,over,17.5,-114,1.87719298245614,0.5327102803738317,open,,,2026-09-10T12:15:11Z,,,,,v3-forward-measurement
53691d48-4069-4ea3-9fbd-53c766822b06,344efac4-36f7-4f11-8a1c-9204017a8034,2026-09-10T12:15:11Z,FanDuel Sportsbook structured market feed,,VA,NFL,35610170,Arizona Cardinals @ Los Angeles Chargers,2026-09-13T20:26:00.000Z,FanDuel,751.185145960,receiving_yards,Charlie Kolar - Receiving Yds,,Charlie Kolar,41075124,under,17.5,-114,1.87719298245614,0.5327102803738317,open,,,2026-09-10T12:15:11Z,,,,,v3-forward-measurement
53691d48-4069-4ea3-9fbd-53c766822b06,3a5081dc-9779-44c3-a62f-8380e2f15ce2,2026-09-10T12:15:11Z,FanDuel Sportsbook structured market feed,,VA,NFL,35610170,Arizona Cardinals @ Los Angeles Chargers,2026-09-13T20:26:00.000Z,FanDuel,751.185145961,receptions,Charlie Kolar - Total Receptions,,Charlie Kolar,41075122,over,1.5,-172,1.581395348837209,0.6323529411764706,open,,,2026-09-10T12:15:11Z,,,,,v3-forward-measurement
53691d48-4069-4ea3-9fbd-53c766822b06,13e852e4-856f-43b9-901e-1012cc00cad1,2026-09-10T12:15:11Z,FanDuel Sportsbook structured market feed,,VA,NFL,35610170,Arizona Cardinals @ Los Angeles Chargers,2026-09-13T20:26:00.000Z,FanDuel,751.185145961,receptions,Charlie Kolar - Total Receptions,,Charlie Kolar,41075124,under,1.5,128,2.28,0.43859649122807015,open,,,2026-09-10T12:15:11Z,,,,,v3-forward-measurement
53691d48-4069-4ea3-9fbd-53c766822b06,38c6db39-1c0c-467f-a5e3-d9f85c56b6ee,2026-09-10T12:15:11Z,FanDuel Sportsbook structured market feed,,VA,NFL,35610170,Arizona Cardinals @ Los Angeles Chargers,2026-09-13T20:26:00.000Z,FanDuel,751.185256031,receiving_yards,Kendrick Bourne - Receiving Yds,,Kendrick Bourne,27362690,over,18.5,-114,1.87719298245614,0.5327102803738317,open,,,2026-09-10T12:15:11Z,,,,,v3-forward-measurement
53691d48-4069-4ea3-9fbd-53c766822b06,6046b31b-2426-46a8-829c-a612e80af42d,2026-09-10T12:15:11Z,FanDuel Sportsbook structured market feed,,VA,NFL,35610170,Arizona Cardinals @ Los Angeles Chargers,2026-09-13T20:26:00.000Z,FanDuel,751.185256031,receiving_yards,Kendrick Bourne - Receiving Yds,,Kendrick Bourne,27362691,under,18.5,-114,1.87719298245614,0.5327102803738317,open,,,2026-09-10T12:15:11Z,,,,,v3-forward-measurement
53691d48-4069-4ea3-9fbd-53c766822b06,bf0b40ca-8320-4f03-87d2-c4d36b005a6f,2026-09-10T12:15:11Z,FanDuel Sportsbook structured market feed,,VA,NFL,35610170,Arizona Cardinals @ Los Angeles Chargers,2026-09-13T20:26:00.000Z,FanDuel,751.183980009,receptions,Ladd McConkey - Total Receptions,,Ladd McConkey,42217173,over,4.5,-102,1.980392156862745,0.504950495049505,open,,,2026-09-10T12:15:11Z,,,,,v3-forward-measurement
53691d48-4069-4ea3-9fbd-53c766822b06,9f9cef79-7100-4f7d-859f-56932dab86ed,2026-09-10T12:15:11Z,FanDuel Sportsbook structured market feed,,VA,NFL,35610170,Arizona Cardinals @ Los Angeles Chargers,2026-09-13T20:26:00.000Z,FanDuel,751.183980009,receptions,Ladd McConkey - Total Receptions,,Ladd McConkey,42217172,under,4.5,-130,1.769230769230769,0.5652173913043478,open,,,2026-09-10T12:15:11Z,,,,,v3-forward-measurement
53691d48-4069-4ea3-9fbd-53c766822b06,9e1eb6ae-e361-4f98-ac90-a34f410d444b,2026-09-10T12:15:11Z,FanDuel Sportsbook structured market feed,,VA,NFL,35610170,Arizona Cardinals @ Los Angeles Chargers,2026-09-13T20:26:00.000Z,FanDuel,751.183981338,receiving_yards,Marvin Harrison Jr. - Receiving Yds,,Marvin Harrison Jr.,48048067,over,48.5,-114,1.87719298245614,0.5327102803738317,open,,,2026-09-10T12:15:11Z,,,,,v3-forward-measurement
53691d48-4069-4ea3-9fbd-53c766822b06,e6a5274b-61d2-44fe-93b8-20067c86daab,2026-09-10T12:15:11Z,FanDuel Sportsbook structured market feed,,VA,NFL,35610170,Arizona Cardinals @ Los Angeles Chargers,2026-09-13T20:26:00.000Z,FanDuel,751.183981338,receiving_yards,Marvin Harrison Jr. - Receiving Yds,,Marvin Harrison Jr.,48048065,under,48.5,-114,1.87719298245614,0.5327102803738317,open,,,2026-09-10T12:15:11Z,,,,,v3-forward-measurement
53691d48-4069-4ea3-9fbd-53c766822b06,146db3e5-8fff-49d5-9c7a-9b238d439129,2026-09-10T12:15:11Z,FanDuel Sportsbook structured market feed,,VA,NFL,35610170,Arizona Cardinals @ Los Angeles Chargers,2026-09-13T20:26:00.000Z,FanDuel,751.183980600,receiving_yards,Tre Harris - Receiving Yds,,Tre Harris,48012110,over,26.5,-114,1.87719298245614,0.5327102803738317,open,,,2026-09-10T12:15:11Z,,,,,v3-forward-measurement
53691d48-4069-4ea3-9fbd-53c766822b06,4220a06e-9d72-486e-9e8f-3413cea4cac9,2026-09-10T12:15:11Z,FanDuel Sportsbook structured market feed,,VA,NFL,35610170,Arizona Cardinals @ Los Angeles Chargers,2026-09-13T20:26:00.000Z,FanDuel,751.183980600,receiving_yards,Tre Harris - Receiving Yds,,Tre Harris,48012111,under,26.5,-114,1.87719298245614,0.5327102803738317,open,,,2026-09-10T12:15:11Z,,,,,v3-forward-measurement
53691d48-4069-4ea3-9fbd-53c766822b06,606e354f-187a-47f2-ab82-e1716487c813,2026-09-10T12:15:11Z,FanDuel Sportsbook structured market feed,,VA,NFL,35610170,Arizona Cardinals @ Los Angeles Chargers,2026-09-13T20:26:00.000Z,FanDuel,751.183981337,receptions,Marvin Harrison Jr. - Total Receptions,,Marvin Harrison Jr.,48048067,over,3.5,-172,1.581395348837209,0.6323529411764706,open,,,2026-09-10T12:15:11Z,,,,,v3-forward-measurement
53691d48-4069-4ea3-9fbd-53c766822b06,116c4568-6fea-4c12-b748-a3d5775a4520,2026-09-10T12:15:11Z,FanDuel Sportsbook structured market feed,,VA,NFL,35610170,Arizona Cardinals @ Los Angeles Chargers,2026-09-13T20:26:00.000Z,FanDuel,751.183981337,receptions,Marvin Harrison Jr. - Total Receptions,,Marvin Harrison Jr.,48048065,under,3.5,128,2.28,0.43859649122807015,open,,,2026-09-10T12:15:11Z,,,,,v3-forward-measurement
53691d48-4069-4ea3-9fbd-53c766822b06,4acd3ec8-753f-424b-8322-ec6d2ca6aaa8,2026-09-10T12:15:11Z,FanDuel Sportsbook structured market feed,,VA,NFL,35610170,Arizona Cardinals @ Los Angeles Chargers,2026-09-13T20:26:00.000Z,FanDuel,751.183980004,receiving_yards,Ladd McConkey - Receiving Yds,,Ladd McConkey,42217173,over,51.5,-114,1.87719298245614,0.5327102803738317,open,,,2026-09-10T12:15:11Z,,,,,v3-forward-measurement
53691d48-4069-4ea3-9fbd-53c766822b06,c98f4e30-ebd3-47ea-ba2f-b2d13707b853,2026-09-10T12:15:11Z,FanDuel Sportsbook structured market feed,,VA,NFL,35610170,Arizona Cardinals @ Los Angeles Chargers,2026-09-13T20:26:00.000Z,FanDuel,751.183980004,receiving_yards,Ladd McConkey - Receiving Yds,,Ladd McConkey,42217172,under,51.5,-114,1.87719298245614,0.5327102803738317,open,,,2026-09-10T12:15:11Z,,,,,v3-forward-measurement
53691d48-4069-4ea3-9fbd-53c766822b06,1eb26ed4-f0ab-4413-843c-5db6601c1319,2026-09-10T12:15:11Z,FanDuel Sportsbook structured market feed,,VA,NFL,35610170,Arizona Cardinals @ Los Angeles Chargers,2026-09-13T20:26:00.000Z,FanDuel,751.183980203,receptions,Quentin Johnston - Total Receptions,,Quentin Johnston,41161053,over,3.5,116,2.16,0.46296296296296297,open,,,2026-09-10T12:15:11Z,,,,,v3-forward-measurement
53691d48-4069-4ea3-9fbd-53c766822b06,9b025a5e-df80-4cb0-8b47-0794192c7001,2026-09-10T12:15:11Z,FanDuel Sportsbook structured market feed,,VA,NFL,35610170,Arizona Cardinals @ Los Angeles Chargers,2026-09-13T20:26:00.000Z,FanDuel,751.183980203,receptions,Quentin Johnston - Total Receptions,,Quentin Johnston,41161054,under,3.5,-154,1.649350649350649,0.6062992125984252,open,,,2026-09-10T12:15:11Z,,,,,v3-forward-measurement
a76112e1-a5ee-488c-a3e9-9b9aff72f11f,07be33cb-5c33-44ef-a1dc-5064a9a2e6fe,2026-09-10T12:15:11Z,FanDuel Sportsbook structured market feed,,VA,NFL,35610171,Green Bay Packers @ Minnesota Vikings,2026-09-13T20:25:00.000Z,FanDuel,751.183656583,passing_yards,Kyler Murray - Passing Yds,,Kyler Murray,25938060,over,221.5,-114,1.87719298245614,0.5327102803738317,open,,,2026-09-10T12:15:11Z,,,,,v3-forward-measurement
a76112e1-a5ee-488c-a3e9-9b9aff72f11f,d797ff7d-8a46-417e-8ef6-825ce51c8950,2026-09-10T12:15:11Z,FanDuel Sportsbook structured market feed,,VA,NFL,35610171,Green Bay Packers @ Minnesota Vikings,2026-09-13T20:25:00.000Z,FanDuel,751.183656583,passing_yards,Kyler Murray - Passing Yds,,Kyler Murray,25938061,under,221.5,-114,1.87719298245614,0.5327102803738317,open,,,2026-09-10T12:15:11Z,,,,,v3-forward-measurement
a76112e1-a5ee-488c-a3e9-9b9aff72f11f,a2c9d7f8-5abb-4ed5-aef9-5545f25f10df,2026-09-10T12:15:11Z,FanDuel Sportsbook structured market feed,,VA,NFL,35610171,Green Bay Packers @ Minnesota Vikings,2026-09-13T20:25:00.000Z,FanDuel,751.183656650,passing_touchdowns,Jordan Love - Passing TDs,,Jordan Love,40916512,over,1.5,108,2.08,0.4807692307692308,open,,,2026-09-10T12:15:11Z,,,,,v3-forward-measurement
a76112e1-a5ee-488c-a3e9-9b9aff72f11f,4f0bf025-4ed7-472d-b4f0-aca9c20c1953,2026-09-10T12:15:11Z,FanDuel Sportsbook structured market feed,,VA,NFL,35610171,Green Bay Packers @ Minnesota Vikings,2026-09-13T20:25:00.000Z,FanDuel,751.183656650,passing_touchdowns,Jordan Love - Passing TDs,,Jordan Love,40916527,under,1.5,-144,1.694444444444444,0.5901639344262295,open,,,2026-09-10T12:15:11Z,,,,,v3-forward-measurement
a76112e1-a5ee-488c-a3e9-9b9aff72f11f,c2894e12-cdcc-469f-a192-0f6228b4a9a6,2026-09-10T12:15:11Z,FanDuel Sportsbook structured market feed,,VA,NFL,35610171,Green Bay Packers @ Minnesota Vikings,2026-09-13T20:25:00.000Z,FanDuel,751.183656664,passing_touchdowns,Kyler Murray - Passing TDs,,Kyler Murray,25938060,over,1.5,116,2.16,0.46296296296296297,open,,,2026-09-10T12:15:11Z,,,,,v3-forward-measurement
a76112e1-a5ee-488c-a3e9-9b9aff72f11f,29f589a2-5e6f-424b-9d76-1143aa457c95,2026-09-10T12:15:11Z,FanDuel Sportsbook structured market feed,,VA,NFL,35610171,Green Bay Packers @ Minnesota Vikings,2026-09-13T20:25:00.000Z,FanDuel,751.183656664,passing_touchdowns,Kyler Murray - Passing TDs,,Kyler Murray,25938061,under,1.5,-154,1.649350649350649,0.6062992125984252,open,,,2026-09-10T12:15:11Z,,,,,v3-forward-measurement
a76112e1-a5ee-488c-a3e9-9b9aff72f11f,8ddc0efe-ee5b-4ca6-9dba-68c546a4abbd,2026-09-10T12:15:11Z,FanDuel Sportsbook structured market feed,,VA,NFL,35610171,Green Bay Packers @ Minnesota Vikings,2026-09-13T20:25:00.000Z,FanDuel,751.183656679,passing_yards,Jordan Love - Passing Yds,,Jordan Love,40916512,over,238.5,-114,1.87719298245614,0.5327102803738317,open,,,2026-09-10T12:15:11Z,,,,,v3-forward-measurement
a76112e1-a5ee-488c-a3e9-9b9aff72f11f,e44a0f2e-572d-46e4-86a2-a0c48be8176a,2026-09-10T12:15:11Z,FanDuel Sportsbook structured market feed,,VA,NFL,35610171,Green Bay Packers @ Minnesota Vikings,2026-09-13T20:25:00.000Z,FanDuel,751.183656679,passing_yards,Jordan Love - Passing Yds,,Jordan Love,40916527,under,238.5,-114,1.87719298245614,0.5327102803738317,open,,,2026-09-10T12:15:11Z,,,,,v3-forward-measurement
62300637-f909-46ef-a89c-bbd21bf9bb45,663b3483-0db3-4c6e-bf87-3be44a03d3f8,2026-09-10T12:15:11Z,FanDuel Sportsbook structured market feed,,VA,NFL,35610171,Green Bay Packers @ Minnesota Vikings,2026-09-13T20:25:00.000Z,FanDuel,751.183658211,rushing_yards,Jordan Mason - Rushing Yds,,Jordan Mason,48820678,over,43.5,-114,1.87719298245614,0.5327102803738317,open,,,2026-09-10T12:15:11Z,,,,,v3-forward-measurement
62300637-f909-46ef-a89c-bbd21bf9bb45,9bd2b896-2082-4bc3-9371-eee0778dd8a4,2026-09-10T12:15:11Z,FanDuel Sportsbook structured market feed,,VA,NFL,35610171,Green Bay Packers @ Minnesota Vikings,2026-09-13T20:25:00.000Z,FanDuel,751.183658211,rushing_yards,Jordan Mason - Rushing Yds,,Jordan Mason,48820677,under,43.5,-114,1.87719298245614,0.5327102803738317,open,,,2026-09-10T12:15:11Z,,,,,v3-forward-measurement
62300637-f909-46ef-a89c-bbd21bf9bb45,0a7ad4f0-fb91-4e18-b107-905892505369,2026-09-10T12:15:11Z,FanDuel Sportsbook structured market feed,,VA,NFL,35610171,Green Bay Packers @ Minnesota Vikings,2026-09-13T20:25:00.000Z,FanDuel,751.183658226,rushing_yards,Kyler Murray - Rushing Yds,,Kyler Murray,25938060,over,22.5,-114,1.87719298245614,0.5327102803738317,open,,,2026-09-10T12:15:11Z,,,,,v3-forward-measurement
62300637-f909-46ef-a89c-bbd21bf9bb45,e9e32885-b12f-468c-ac9d-43779a2a1999,2026-09-10T12:15:11Z,FanDuel Sportsbook structured market feed,,VA,NFL,35610171,Green Bay Packers @ Minnesota Vikings,2026-09-13T20:25:00.000Z,FanDuel,751.183658226,rushing_yards,Kyler Murray - Rushing Yds,,Kyler Murray,25938061,under,22.5,-114,1.87719298245614,0.5327102803738317,open,,,2026-09-10T12:15:11Z,,,,,v3-forward-measurement
62300637-f909-46ef-a89c-bbd21bf9bb45,39defb39-7aca-4dd2-8808-4860011a8dca,2026-09-10T12:15:11Z,FanDuel Sportsbook structured market feed,,VA,NFL,35610171,Green Bay Packers @ Minnesota Vikings,2026-09-13T20:25:00.000Z,FanDuel,751.183658229,rushing_yards,Jordan Love - Rushing Yds,,Jordan Love,40916512,over,10.5,-114,1.87719298245614,0.5327102803738317,open,,,2026-09-10T12:15:11Z,,,,,v3-forward-measurement
62300637-f909-46ef-a89c-bbd21bf9bb45,cdacc6d7-15c6-408a-b860-6b2e6156d83b,2026-09-10T12:15:11Z,FanDuel Sportsbook structured market feed,,VA,NFL,35610171,Green Bay Packers @ Minnesota Vikings,2026-09-13T20:25:00.000Z,FanDuel,751.183658229,rushing_yards,Jordan Love - Rushing Yds,,Jordan Love,40916527,under,10.5,-114,1.87719298245614,0.5327102803738317,open,,,2026-09-10T12:15:11Z,,,,,v3-forward-measurement
62300637-f909-46ef-a89c-bbd21bf9bb45,27fe95ad-d0e1-414f-a640-81918965e6d6,2026-09-10T12:15:11Z,FanDuel Sportsbook structured market feed,,VA,NFL,35610171,Green Bay Packers @ Minnesota Vikings,2026-09-13T20:25:00.000Z,FanDuel,751.183902562,rushing_yards,MarShawn Lloyd - Rushing Yds,,MarShawn Lloyd,48300723,over,43.5,-114,1.87719298245614,0.5327102803738317,open,,,2026-09-10T12:15:11Z,,,,,v3-forward-measurement
62300637-f909-46ef-a89c-bbd21bf9bb45,4a0336f9-2725-4c79-8a2c-162ae25f400c,2026-09-10T12:15:11Z,FanDuel Sportsbook structured market feed,,VA,NFL,35610171,Green Bay Packers @ Minnesota Vikings,2026-09-13T20:25:00.000Z,FanDuel,751.183902562,rushing_yards,MarShawn Lloyd - Rushing Yds,,MarShawn Lloyd,48300722,under,43.5,-114,1.87719298245614,0.5327102803738317,open,,,2026-09-10T12:15:11Z,,,,,v3-forward-measurement
62300637-f909-46ef-a89c-bbd21bf9bb45,98d4b382-e848-449c-9e10-be83ca25a8e1,2026-09-10T12:15:11Z,FanDuel Sportsbook structured market feed,,VA,NFL,35610171,Green Bay Packers @ Minnesota Vikings,2026-09-13T20:25:00.000Z,FanDuel,751.183658228,rushing_yards,Aaron Jones - Rushing Yds,,Aaron Jones,15353380,over,29.5,-114,1.87719298245614,0.5327102803738317,open,,,2026-09-10T12:15:11Z,,,,,v3-forward-measurement
62300637-f909-46ef-a89c-bbd21bf9bb45,6fe5472f-5ec7-455d-a53a-b6861b13411e,2026-09-10T12:15:11Z,FanDuel Sportsbook structured market feed,,VA,NFL,35610171,Green Bay Packers @ Minnesota Vikings,2026-09-13T20:25:00.000Z,FanDuel,751.183658228,rushing_yards,Aaron Jones - Rushing Yds,,Aaron Jones,15353381,under,29.5,-114,1.87719298245614,0.5327102803738317,open,,,2026-09-10T12:15:11Z,,,,,v3-forward-measurement
b12ebbe0-fe24-4949-82f3-0478bb5d6109,6e0d46c7-a330-498d-8c87-f1d2a6183cce,2026-09-10T12:15:11Z,FanDuel Sportsbook structured market feed,,VA,NFL,35610171,Green Bay Packers @ Minnesota Vikings,2026-09-13T20:25:00.000Z,FanDuel,751.183658221,receptions,Tucker Kraft - Total Receptions,,Tucker Kraft,60409170,over,3.5,-172,1.581395348837209,0.6323529411764706,open,,,2026-09-10T12:15:11Z,,,,,v3-forward-measurement
b12ebbe0-fe24-4949-82f3-0478bb5d6109,02d4801a-12b6-4201-89b3-696a2e88f4a2,2026-09-10T12:15:11Z,FanDuel Sportsbook structured market feed,,VA,NFL,35610171,Green Bay Packers @ Minnesota Vikings,2026-09-13T20:25:00.000Z,FanDuel,751.183658221,receptions,Tucker Kraft - Total Receptions,,Tucker Kraft,60409164,under,3.5,128,2.28,0.43859649122807015,open,,,2026-09-10T12:15:11Z,,,,,v3-forward-measurement
b12ebbe0-fe24-4949-82f3-0478bb5d6109,2c8177e8-5b0e-4c5f-954f-8e7e728d594a,2026-09-10T12:15:11Z,FanDuel Sportsbook structured market feed,,VA,NFL,35610171,Green Bay Packers @ Minnesota Vikings,2026-09-13T20:25:00.000Z,FanDuel,751.183658220,receiving_yards,Christian Watson - Receiving Yds,,Christian Watson,48400051,over,55.5,-114,1.87719298245614,0.5327102803738317,open,,,2026-09-10T12:15:11Z,,,,,v3-forward-measurement
b12ebbe0-fe24-4949-82f3-0478bb5d6109,e15b33a3-021b-4806-ac20-784454cccd26,2026-09-10T12:15:11Z,FanDuel Sportsbook structured market feed,,VA,NFL,35610171,Green Bay Packers @ Minnesota Vikings,2026-09-13T20:25:00.000Z,FanDuel,751.183658220,receiving_yards,Christian Watson - Receiving Yds,,Christian Watson,48400052,under,55.5,-114,1.87719298245614,0.5327102803738317,open,,,2026-09-10T12:15:11Z,,,,,v3-forward-measurement
b12ebbe0-fe24-4949-82f3-0478bb5d6109,2d452d30-4788-4123-8d6f-e6ca6bc2d79c,2026-09-10T12:15:11Z,FanDuel Sportsbook structured market feed,,VA,NFL,35610171,Green Bay Packers @ Minnesota Vikings,2026-09-13T20:25:00.000Z,FanDuel,751.183658222,receptions,Christian Watson - Total Receptions,,Christian Watson,48400051,over,3.5,-178,1.561797752808989,0.6402877697841727,open,,,2026-09-10T12:15:11Z,,,,,v3-forward-measurement
b12ebbe0-fe24-4949-82f3-0478bb5d6109,7086f156-ddab-4580-abbe-60fcb8499c65,2026-09-10T12:15:11Z,FanDuel Sportsbook structured market feed,,VA,NFL,35610171,Green Bay Packers @ Minnesota Vikings,2026-09-13T20:25:00.000Z,FanDuel,751.183658222,receptions,Christian Watson - Total Receptions,,Christian Watson,48400052,under,3.5,132,2.32,0.43103448275862066,open,,,2026-09-10T12:15:11Z,,,,,v3-forward-measurement
b12ebbe0-fe24-4949-82f3-0478bb5d6109,969fc36b-c52f-4934-adf5-424d11707da1,2026-09-10T12:15:11Z,FanDuel Sportsbook structured market feed,,VA,NFL,35610171,Green Bay Packers @ Minnesota Vikings,2026-09-13T20:25:00.000Z,FanDuel,751.183658225,receptions,Matthew Golden - Total Receptions,,Matthew Golden,48504748,over,3.5,-102,1.980392156862745,0.504950495049505,open,,,2026-09-10T12:15:11Z,,,,,v3-forward-measurement
b12ebbe0-fe24-4949-82f3-0478bb5d6109,f471ba2d-6255-4d4c-932c-9438fe511297,2026-09-10T12:15:11Z,FanDuel Sportsbook structured market feed,,VA,NFL,35610171,Green Bay Packers @ Minnesota Vikings,2026-09-13T20:25:00.000Z,FanDuel,751.183658225,receptions,Matthew Golden - Total Receptions,,Matthew Golden,48504749,under,3.5,-130,1.769230769230769,0.5652173913043478,open,,,2026-09-10T12:15:11Z,,,,,v3-forward-measurement
b12ebbe0-fe24-4949-82f3-0478bb5d6109,a0c6ffb7-e8e0-4814-8e8a-d4c57f9d5066,2026-09-10T12:15:11Z,FanDuel Sportsbook structured market feed,,VA,NFL,35610171,Green Bay Packers @ Minnesota Vikings,2026-09-13T20:25:00.000Z,FanDuel,751.183658227,receiving_yards,Justin Jefferson - Receiving Yds,,Justin Jefferson,36057836,over,73.5,-114,1.87719298245614,0.5327102803738317,open,,,2026-09-10T12:15:11Z,,,,,v3-forward-measurement
b12ebbe0-fe24-4949-82f3-0478bb5d6109,0ce4b021-5529-4b4c-b2a1-3b2f76b1354f,2026-09-10T12:15:11Z,FanDuel Sportsbook structured market feed,,VA,NFL,35610171,Green Bay Packers @ Minnesota Vikings,2026-09-13T20:25:00.000Z,FanDuel,751.183658227,receiving_yards,Justin Jefferson - Receiving Yds,,Justin Jefferson,36057837,under,73.5,-114,1.87719298245614,0.5327102803738317,open,,,2026-09-10T12:15:11Z,,,,,v3-forward-measurement
b12ebbe0-fe24-4949-82f3-0478bb5d6109,e6faf9f5-a923-4053-8a77-cfc007c24ab8,2026-09-10T12:15:11Z,FanDuel Sportsbook structured market feed,,VA,NFL,35610171,Green Bay Packers @ Minnesota Vikings,2026-09-13T20:25:00.000Z,FanDuel,751.185143472,receptions,Aaron Jones - Total Receptions,,Aaron Jones,15353380,over,2.5,-120,1.833333333333333,0.5454545454545454,open,,,2026-09-10T12:15:11Z,,,,,v3-forward-measurement
b12ebbe0-fe24-4949-82f3-0478bb5d6109,9b89d806-29f9-4bf7-87d0-89f60b7544ed,2026-09-10T12:15:11Z,FanDuel Sportsbook structured market feed,,VA,NFL,35610171,Green Bay Packers @ Minnesota Vikings,2026-09-13T20:25:00.000Z,FanDuel,751.185143472,receptions,Aaron Jones - Total Receptions,,Aaron Jones,15353381,under,2.5,-110,1.909090909090909,0.5238095238095238,open,,,2026-09-10T12:15:11Z,,,,,v3-forward-measurement
b12ebbe0-fe24-4949-82f3-0478bb5d6109,9a6cee36-8e40-4308-9a7d-9e17684cc0d6,2026-09-10T12:15:11Z,FanDuel Sportsbook structured market feed,,VA,NFL,35610171,Green Bay Packers @ Minnesota Vikings,2026-09-13T20:25:00.000Z,FanDuel,751.183658232,receiving_yards,Tucker Kraft - Receiving Yds,,Tucker Kraft,60409170,over,45.5,-114,1.87719298245614,0.5327102803738317,open,,,2026-09-10T12:15:11Z,,,,,v3-forward-measurement
b12ebbe0-fe24-4949-82f3-0478bb5d6109,029148eb-1b6d-49e6-98ac-191aed9d287d,2026-09-10T12:15:11Z,FanDuel Sportsbook structured market feed,,VA,NFL,35610171,Green Bay Packers @ Minnesota Vikings,2026-09-13T20:25:00.000Z,FanDuel,751.183658232,receiving_yards,Tucker Kraft - Receiving Yds,,Tucker Kraft,60409164,under,45.5,-114,1.87719298245614,0.5327102803738317,open,,,2026-09-10T12:15:11Z,,,,,v3-forward-measurement
b12ebbe0-fe24-4949-82f3-0478bb5d6109,689b813b-a69b-48a4-9ed2-3cae3e85039c,2026-09-10T12:15:11Z,FanDuel Sportsbook structured market feed,,VA,NFL,35610171,Green Bay Packers @ Minnesota Vikings,2026-09-13T20:25:00.000Z,FanDuel,751.183658231,receiving_yards,Matthew Golden - Receiving Yds,,Matthew Golden,48504748,over,39.5,-114,1.87719298245614,0.5327102803738317,open,,,2026-09-10T12:15:11Z,,,,,v3-forward-measurement
b12ebbe0-fe24-4949-82f3-0478bb5d6109,e52c1d60-33d1-4e31-9e35-8749f4fb1a4f,2026-09-10T12:15:11Z,FanDuel Sportsbook structured market feed,,VA,NFL,35610171,Green Bay Packers @ Minnesota Vikings,2026-09-13T20:25:00.000Z,FanDuel,751.183658231,receiving_yards,Matthew Golden - Receiving Yds,,Matthew Golden,48504749,under,39.5,-114,1.87719298245614,0.5327102803738317,open,,,2026-09-10T12:15:11Z,,,,,v3-forward-measurement
b12ebbe0-fe24-4949-82f3-0478bb5d6109,08f7c285-7c5e-49d4-8d54-ed2947a57ab2,2026-09-10T12:15:11Z,FanDuel Sportsbook structured market feed,,VA,NFL,35610171,Green Bay Packers @ Minnesota Vikings,2026-09-13T20:25:00.000Z,FanDuel,751.183658233,receptions,Jauan Jennings - Total Receptions,,Jauan Jennings,40913497,over,2.5,134,2.34,0.42735042735042733,open,,,2026-09-10T12:15:11Z,,,,,v3-forward-measurement
b12ebbe0-fe24-4949-82f3-0478bb5d6109,f6b679c4-d663-45aa-a50c-ecab5761a9f3,2026-09-10T12:15:11Z,FanDuel Sportsbook structured market feed,,VA,NFL,35610171,Green Bay Packers @ Minnesota Vikings,2026-09-13T20:25:00.000Z,FanDuel,751.183658233,receptions,Jauan Jennings - Total Receptions,,Jauan Jennings,40913496,under,2.5,-180,1.555555555555556,0.6428571428571429,open,,,2026-09-10T12:15:11Z,,,,,v3-forward-measurement
b12ebbe0-fe24-4949-82f3-0478bb5d6109,8ab5380f-993f-4862-9dfe-cad393264587,2026-09-10T12:15:11Z,FanDuel Sportsbook structured market feed,,VA,NFL,35610171,Green Bay Packers @ Minnesota Vikings,2026-09-13T20:25:00.000Z,FanDuel,751.183658235,receiving_yards,Jordan Addison - Receiving Yds,,Jordan Addison,41179872,over,42.5,-114,1.87719298245614,0.5327102803738317,open,,,2026-09-10T12:15:11Z,,,,,v3-forward-measurement
b12ebbe0-fe24-4949-82f3-0478bb5d6109,dff6f49e-4569-4342-ae53-08b72c968bb2,2026-09-10T12:15:11Z,FanDuel Sportsbook structured market feed,,VA,NFL,35610171,Green Bay Packers @ Minnesota Vikings,2026-09-13T20:25:00.000Z,FanDuel,751.183658235,receiving_yards,Jordan Addison - Receiving Yds,,Jordan Addison,41179871,under,42.5,-114,1.87719298245614,0.5327102803738317,open,,,2026-09-10T12:15:11Z,,,,,v3-forward-measurement
b12ebbe0-fe24-4949-82f3-0478bb5d6109,ba9321b4-10c9-45e8-beb6-fa56a97df1bd,2026-09-10T12:15:11Z,FanDuel Sportsbook structured market feed,,VA,NFL,35610171,Green Bay Packers @ Minnesota Vikings,2026-09-13T20:25:00.000Z,FanDuel,751.185143469,receiving_yards,Aaron Jones - Receiving Yds,,Aaron Jones,15353380,over,14.5,-114,1.87719298245614,0.5327102803738317,open,,,2026-09-10T12:15:11Z,,,,,v3-forward-measurement
b12ebbe0-fe24-4949-82f3-0478bb5d6109,a5d365f8-2011-4013-9385-760a41ab40f5,2026-09-10T12:15:11Z,FanDuel Sportsbook structured market feed,,VA,NFL,35610171,Green Bay Packers @ Minnesota Vikings,2026-09-13T20:25:00.000Z,FanDuel,751.185143469,receiving_yards,Aaron Jones - Receiving Yds,,Aaron Jones,15353381,under,14.5,-114,1.87719298245614,0.5327102803738317,open,,,2026-09-10T12:15:11Z,,,,,v3-forward-measurement
b12ebbe0-fe24-4949-82f3-0478bb5d6109,44b74744-385d-45f5-b917-ae92c15b8f7d,2026-09-10T12:15:11Z,FanDuel Sportsbook structured market feed,,VA,NFL,35610171,Green Bay Packers @ Minnesota Vikings,2026-09-13T20:25:00.000Z,FanDuel,751.185076858,receiving_yards,MarShawn Lloyd - Receiving Yds,,MarShawn Lloyd,48300723,over,10.5,-114,1.87719298245614,0.5327102803738317,open,,,2026-09-10T12:15:11Z,,,,,v3-forward-measurement
b12ebbe0-fe24-4949-82f3-0478bb5d6109,1e2e0baf-402a-45b1-810c-a7344204f6c7,2026-09-10T12:15:11Z,FanDuel Sportsbook structured market feed,,VA,NFL,35610171,Green Bay Packers @ Minnesota Vikings,2026-09-13T20:25:00.000Z,FanDuel,751.185076858,receiving_yards,MarShawn Lloyd - Receiving Yds,,MarShawn Lloyd,48300722,under,10.5,-114,1.87719298245614,0.5327102803738317,open,,,2026-09-10T12:15:11Z,,,,,v3-forward-measurement
b12ebbe0-fe24-4949-82f3-0478bb5d6109,8ac2be94-ce26-4367-b618-85ccef16c8a2,2026-09-10T12:15:11Z,FanDuel Sportsbook structured market feed,,VA,NFL,35610171,Green Bay Packers @ Minnesota Vikings,2026-09-13T20:25:00.000Z,FanDuel,751.185076854,receptions,MarShawn Lloyd - Total Receptions,,MarShawn Lloyd,48300723,over,1.5,-158,1.632911392405063,0.6124031007751938,open,,,2026-09-10T12:15:11Z,,,,,v3-forward-measurement
b12ebbe0-fe24-4949-82f3-0478bb5d6109,9273f1da-f741-42b5-bce7-6ed5b96edf36,2026-09-10T12:15:11Z,FanDuel Sportsbook structured market feed,,VA,NFL,35610171,Green Bay Packers @ Minnesota Vikings,2026-09-13T20:25:00.000Z,FanDuel,751.185076854,receptions,MarShawn Lloyd - Total Receptions,,MarShawn Lloyd,48300722,under,1.5,118,2.18,0.45871559633027525,open,,,2026-09-10T12:15:11Z,,,,,v3-forward-measurement
b12ebbe0-fe24-4949-82f3-0478bb5d6109,e3c9bcef-483a-4794-a84c-7638516df445,2026-09-10T12:15:11Z,FanDuel Sportsbook structured market feed,,VA,NFL,35610171,Green Bay Packers @ Minnesota Vikings,2026-09-13T20:25:00.000Z,FanDuel,751.183658209,receiving_yards,Jauan Jennings - Receiving Yds,,Jauan Jennings,40913497,over,22.5,-114,1.87719298245614,0.5327102803738317,open,,,2026-09-10T12:15:11Z,,,,,v3-forward-measurement
b12ebbe0-fe24-4949-82f3-0478bb5d6109,23546a40-7a4c-4536-988c-04466732958f,2026-09-10T12:15:11Z,FanDuel Sportsbook structured market feed,,VA,NFL,35610171,Green Bay Packers @ Minnesota Vikings,2026-09-13T20:25:00.000Z,FanDuel,751.183658209,receiving_yards,Jauan Jennings - Receiving Yds,,Jauan Jennings,40913496,under,22.5,-114,1.87719298245614,0.5327102803738317,open,,,2026-09-10T12:15:11Z,,,,,v3-forward-measurement
b12ebbe0-fe24-4949-82f3-0478bb5d6109,da37a72f-46a6-496c-b96f-6fb59267d539,2026-09-10T12:15:11Z,FanDuel Sportsbook structured market feed,,VA,NFL,35610171,Green Bay Packers @ Minnesota Vikings,2026-09-13T20:25:00.000Z,FanDuel,751.183658214,receptions,Jayden Reed - Total Receptions,,Jayden Reed,40975117,over,3.5,-102,1.980392156862745,0.504950495049505,open,,,2026-09-10T12:15:11Z,,,,,v3-forward-measurement
b12ebbe0-fe24-4949-82f3-0478bb5d6109,b1aa84ea-868f-4dee-bf30-28197b0e31b0,2026-09-10T12:15:11Z,FanDuel Sportsbook structured market feed,,VA,NFL,35610171,Green Bay Packers @ Minnesota Vikings,2026-09-13T20:25:00.000Z,FanDuel,751.183658214,receptions,Jayden Reed - Total Receptions,,Jayden Reed,40975114,under,3.5,-130,1.769230769230769,0.5652173913043478,open,,,2026-09-10T12:15:11Z,,,,,v3-forward-measurement
b12ebbe0-fe24-4949-82f3-0478bb5d6109,91237da5-adbf-4213-90ab-5d2ea582b014,2026-09-10T12:15:11Z,FanDuel Sportsbook structured market feed,,VA,NFL,35610171,Green Bay Packers @ Minnesota Vikings,2026-09-13T20:25:00.000Z,FanDuel,751.183658215,receptions,Justin Jefferson - Total Receptions,,Justin Jefferson,36057836,over,5.5,-148,1.675675675675676,0.5967741935483871,open,,,2026-09-10T12:15:11Z,,,,,v3-forward-measurement
b12ebbe0-fe24-4949-82f3-0478bb5d6109,c3f0771f-2c69-4cc3-91d5-61a591694e2b,2026-09-10T12:15:11Z,FanDuel Sportsbook structured market feed,,VA,NFL,35610171,Green Bay Packers @ Minnesota Vikings,2026-09-13T20:25:00.000Z,FanDuel,751.183658215,receptions,Justin Jefferson - Total Receptions,,Justin Jefferson,36057837,under,5.5,112,2.12,0.4716981132075472,open,,,2026-09-10T12:15:11Z,,,,,v3-forward-measurement
b12ebbe0-fe24-4949-82f3-0478bb5d6109,7125c39b-8efb-41ca-ae3e-669b41e9ae4e,2026-09-10T12:15:11Z,FanDuel Sportsbook structured market feed,,VA,NFL,35610171,Green Bay Packers @ Minnesota Vikings,2026-09-13T20:25:00.000Z,FanDuel,751.183877949,receiving_yards,T.J. Hockenson - Receiving Yds,,T.J. Hockenson,26049039,over,27.5,-114,1.87719298245614,0.5327102803738317,open,,,2026-09-10T12:15:11Z,,,,,v3-forward-measurement
b12ebbe0-fe24-4949-82f3-0478bb5d6109,2d64f41e-6de8-446d-b95e-b9aa9690bdca,2026-09-10T12:15:11Z,FanDuel Sportsbook structured market feed,,VA,NFL,35610171,Green Bay Packers @ Minnesota Vikings,2026-09-13T20:25:00.000Z,FanDuel,751.183877949,receiving_yards,T.J. Hockenson - Receiving Yds,,T.J. Hockenson,26049040,under,27.5,-114,1.87719298245614,0.5327102803738317,open,,,2026-09-10T12:15:11Z,,,,,v3-forward-measurement
b12ebbe0-fe24-4949-82f3-0478bb5d6109,4699e346-10d7-4c65-bd54-1de82bb6702d,2026-09-10T12:15:11Z,FanDuel Sportsbook structured market feed,,VA,NFL,35610171,Green Bay Packers @ Minnesota Vikings,2026-09-13T20:25:00.000Z,FanDuel,751.183658218,receiving_yards,Jayden Reed - Receiving Yds,,Jayden Reed,40975117,over,39.5,-114,1.87719298245614,0.5327102803738317,open,,,2026-09-10T12:15:11Z,,,,,v3-forward-measurement
b12ebbe0-fe24-4949-82f3-0478bb5d6109,65a319a7-e816-4e03-aa1b-fb9ec26a4e17,2026-09-10T12:15:11Z,FanDuel Sportsbook structured market feed,,VA,NFL,35610171,Green Bay Packers @ Minnesota Vikings,2026-09-13T20:25:00.000Z,FanDuel,751.183658218,receiving_yards,Jayden Reed - Receiving Yds,,Jayden Reed,40975114,under,39.5,-114,1.87719298245614,0.5327102803738317,open,,,2026-09-10T12:15:11Z,,,,,v3-forward-measurement
b12ebbe0-fe24-4949-82f3-0478bb5d6109,81a06a6b-ed31-43af-8bd6-bd880256a727,2026-09-10T12:15:11Z,FanDuel Sportsbook structured market feed,,VA,NFL,35610171,Green Bay Packers @ Minnesota Vikings,2026-09-13T20:25:00.000Z,FanDuel,751.183658217,receptions,Jordan Addison - Total Receptions,,Jordan Addison,41179872,over,3.5,102,2.02,0.49504950495049505,open,,,2026-09-10T12:15:11Z,,,,,v3-forward-measurement
b12ebbe0-fe24-4949-82f3-0478bb5d6109,8413eb7e-576e-4a3b-8646-a773c68a14c9,2026-09-10T12:15:11Z,FanDuel Sportsbook structured market feed,,VA,NFL,35610171,Green Bay Packers @ Minnesota Vikings,2026-09-13T20:25:00.000Z,FanDuel,751.183658217,receptions,Jordan Addison - Total Receptions,,Jordan Addison,41179871,under,3.5,-136,1.735294117647059,0.576271186440678,open,,,2026-09-10T12:15:11Z,,,,,v3-forward-measurement
b12ebbe0-fe24-4949-82f3-0478bb5d6109,abe8bdd2-ab0d-48a4-aa75-354aa75038c0,2026-09-10T12:15:11Z,FanDuel Sportsbook structured market feed,,VA,NFL,35610171,Green Bay Packers @ Minnesota Vikings,2026-09-13T20:25:00.000Z,FanDuel,751.183877947,receptions,T.J. Hockenson - Total Receptions,,T.J. Hockenson,26049039,over,3.5,-108,1.925925925925926,0.5192307692307693,open,,,2026-09-10T12:15:11Z,,,,,v3-forward-measurement
b12ebbe0-fe24-4949-82f3-0478bb5d6109,b9711c6c-4d66-47b1-8367-3daf7760c007,2026-09-10T12:15:11Z,FanDuel Sportsbook structured market feed,,VA,NFL,35610171,Green Bay Packers @ Minnesota Vikings,2026-09-13T20:25:00.000Z,FanDuel,751.183877947,receptions,T.J. Hockenson - Total Receptions,,T.J. Hockenson,26049040,under,3.5,-122,1.819672131147541,0.5495495495495496,open,,,2026-09-10T12:15:11Z,,,,,v3-forward-measurement
0de53df7-3b8b-4ad7-9e4f-63be39db4f54,f04658d8-33a1-4a64-a553-43c5cdc917b6,2026-09-10T12:15:11Z,FanDuel Sportsbook structured market feed,,VA,NFL,35610190,Baltimore Ravens @ Indianapolis Colts,2026-09-13T17:01:00.000Z,FanDuel,751.183833515,passing_touchdowns,Lamar Jackson - Passing TDs,,Lamar Jackson,16579679,over,1.5,-110,1.909090909090909,0.5238095238095238,open,,,2026-09-10T12:15:11Z,,,,,v3-forward-measurement
0de53df7-3b8b-4ad7-9e4f-63be39db4f54,ab6c8f10-2e1e-47d1-8add-d56282b624d3,2026-09-10T12:15:11Z,FanDuel Sportsbook structured market feed,,VA,NFL,35610190,Baltimore Ravens @ Indianapolis Colts,2026-09-13T17:01:00.000Z,FanDuel,751.183833515,passing_touchdowns,Lamar Jackson - Passing TDs,,Lamar Jackson,16579680,under,1.5,-120,1.833333333333333,0.5454545454545454,open,,,2026-09-10T12:15:11Z,,,,,v3-forward-measurement
0de53df7-3b8b-4ad7-9e4f-63be39db4f54,6f8dffce-b777-4a05-b3a2-18bf329389ba,2026-09-10T12:15:11Z,FanDuel Sportsbook structured market feed,,VA,NFL,35610190,Baltimore Ravens @ Indianapolis Colts,2026-09-13T17:01:00.000Z,FanDuel,751.183833360,passing_yards,Lamar Jackson - Passing Yds,,Lamar Jackson,16579679,over,220.5,-114,1.87719298245614,0.5327102803738317,open,,,2026-09-10T12:15:11Z,,,,,v3-forward-measurement
0de53df7-3b8b-4ad7-9e4f-63be39db4f54,d0708645-f221-4f6f-9949-246ee2a5bd13,2026-09-10T12:15:11Z,FanDuel Sportsbook structured market feed,,VA,NFL,35610190,Baltimore Ravens @ Indianapolis Colts,2026-09-13T17:01:00.000Z,FanDuel,751.183833360,passing_yards,Lamar Jackson - Passing Yds,,Lamar Jackson,16579680,under,220.5,-114,1.87719298245614,0.5327102803738317,open,,,2026-09-10T12:15:11Z,,,,,v3-forward-measurement
0de53df7-3b8b-4ad7-9e4f-63be39db4f54,01bbc6c0-4e6e-481c-9dce-e559a024fb48,2026-09-10T12:15:11Z,FanDuel Sportsbook structured market feed,,VA,NFL,35610190,Baltimore Ravens @ Indianapolis Colts,2026-09-13T17:01:00.000Z,FanDuel,751.183833466,passing_touchdowns,Daniel Jones - Passing TDs,,Daniel Jones,16544555,over,1.5,136,2.36,0.423728813559322,open,,,2026-09-10T12:15:11Z,,,,,v3-forward-measurement
0de53df7-3b8b-4ad7-9e4f-63be39db4f54,a9e6bc5f-0e38-49c4-ba0a-e943684a8d99,2026-09-10T12:15:11Z,FanDuel Sportsbook structured market feed,,VA,NFL,35610190,Baltimore Ravens @ Indianapolis Colts,2026-09-13T17:01:00.000Z,FanDuel,751.183833466,passing_touchdowns,Daniel Jones - Passing TDs,,Daniel Jones,16544556,under,1.5,-182,1.549450549450549,0.6453900709219859,open,,,2026-09-10T12:15:11Z,,,,,v3-forward-measurement
0de53df7-3b8b-4ad7-9e4f-63be39db4f54,0d4efece-0d9a-4c9e-ab48-b5e68b2be5a2,2026-09-10T12:15:11Z,FanDuel Sportsbook structured market feed,,VA,NFL,35610190,Baltimore Ravens @ Indianapolis Colts,2026-09-13T17:01:00.000Z,FanDuel,751.183833467,passing_yards,Daniel Jones - Passing Yds,,Daniel Jones,16544555,over,233.5,-114,1.87719298245614,0.5327102803738317,open,,,2026-09-10T12:15:11Z,,,,,v3-forward-measurement
0de53df7-3b8b-4ad7-9e4f-63be39db4f54,08af5abd-c90d-47db-8696-203cf0a63387,2026-09-10T12:15:11Z,FanDuel Sportsbook structured market feed,,VA,NFL,35610190,Baltimore Ravens @ Indianapolis Colts,2026-09-13T17:01:00.000Z,FanDuel,751.183833467,passing_yards,Daniel Jones - Passing Yds,,Daniel Jones,16544556,under,233.5,-114,1.87719298245614,0.5327102803738317,open,,,2026-09-10T12:15:11Z,,,,,v3-forward-measurement
5ac32e06-74e3-4c3f-a02e-a7cdb2e59bd2,87f8b62e-32e3-4b58-930a-d11afaf027cf,2026-09-10T12:15:11Z,FanDuel Sportsbook structured market feed,,VA,NFL,35610190,Baltimore Ravens @ Indianapolis Colts,2026-09-13T17:01:00.000Z,FanDuel,751.185140881,rushing_yards,Daniel Jones - Rushing Yds,,Daniel Jones,16544555,over,11.5,-114,1.87719298245614,0.5327102803738317,open,,,2026-09-10T12:15:11Z,,,,,v3-forward-measurement
5ac32e06-74e3-4c3f-a02e-a7cdb2e59bd2,f4482cfb-290d-4972-bb4d-774eb080e688,2026-09-10T12:15:11Z,FanDuel Sportsbook structured market feed,,VA,NFL,35610190,Baltimore Ravens @ Indianapolis Colts,2026-09-13T17:01:00.000Z,FanDuel,751.185140881,rushing_yards,Daniel Jones - Rushing Yds,,Daniel Jones,16544556,under,11.5,-114,1.87719298245614,0.5327102803738317,open,,,2026-09-10T12:15:11Z,,,,,v3-forward-measurement
5ac32e06-74e3-4c3f-a02e-a7cdb2e59bd2,03709881-6375-4e6c-a33d-3f88a4f6c35d,2026-09-10T12:15:11Z,FanDuel Sportsbook structured market feed,,VA,NFL,35610190,Baltimore Ravens @ Indianapolis Colts,2026-09-13T17:01:00.000Z,FanDuel,751.183835471,rushing_yards,Derrick Henry - Rushing Yds,,Derrick Henry,12073825,over,80.5,-114,1.87719298245614,0.5327102803738317,open,,,2026-09-10T12:15:11Z,,,,,v3-forward-measurement
5ac32e06-74e3-4c3f-a02e-a7cdb2e59bd2,5d2b4e13-de74-4d2a-b959-94c99fb2d263,2026-09-10T12:15:11Z,FanDuel Sportsbook structured market feed,,VA,NFL,35610190,Baltimore Ravens @ Indianapolis Colts,2026-09-13T17:01:00.000Z,FanDuel,751.183835471,rushing_yards,Derrick Henry - Rushing Yds,,Derrick Henry,12073826,under,80.5,-114,1.87719298245614,0.5327102803738317,open,,,2026-09-10T12:15:11Z,,,,,v3-forward-measurement
5ac32e06-74e3-4c3f-a02e-a7cdb2e59bd2,71431a6b-4ea9-4ac1-ab6a-d44dd5aaec91,2026-09-10T12:15:11Z,FanDuel Sportsbook structured market feed,,VA,NFL,35610190,Baltimore Ravens @ Indianapolis Colts,2026-09-13T17:01:00.000Z,FanDuel,751.185182537,rushing_yards,Justice Hill - Rushing Yds,,Justice Hill,16552642,over,8.5,-114,1.87719298245614,0.5327102803738317,open,,,2026-09-10T12:15:11Z,,,,,v3-forward-measurement
5ac32e06-74e3-4c3f-a02e-a7cdb2e59bd2,9380c0c0-d9a3-4c26-8aaa-949ccd36b471,2026-09-10T12:15:11Z,FanDuel Sportsbook structured market feed,,VA,NFL,35610190,Baltimore Ravens @ Indianapolis Colts,2026-09-13T17:01:00.000Z,FanDuel,751.185182537,rushing_yards,Justice Hill - Rushing Yds,,Justice Hill,16552643,under,8.5,-114,1.87719298245614,0.5327102803738317,open,,,2026-09-10T12:15:11Z,,,,,v3-forward-measurement
5ac32e06-74e3-4c3f-a02e-a7cdb2e59bd2,ca2329cb-597f-4e5d-9497-39caa2e49d4a,2026-09-10T12:15:11Z,FanDuel Sportsbook structured market feed,,VA,NFL,35610190,Baltimore Ravens @ Indianapolis Colts,2026-09-13T17:01:00.000Z,FanDuel,751.183835624,rushing_yards,Lamar Jackson - Rushing Yds,,Lamar Jackson,16579679,over,38.5,-114,1.87719298245614,0.5327102803738317,open,,,2026-09-10T12:15:11Z,,,,,v3-forward-measurement
5ac32e06-74e3-4c3f-a02e-a7cdb2e59bd2,485f3f89-7e35-4f08-8e68-03d52d1254bf,2026-09-10T12:15:11Z,FanDuel Sportsbook structured market feed,,VA,NFL,35610190,Baltimore Ravens @ Indianapolis Colts,2026-09-13T17:01:00.000Z,FanDuel,751.183835624,rushing_yards,Lamar Jackson - Rushing Yds,,Lamar Jackson,16579680,under,38.5,-114,1.87719298245614,0.5327102803738317,open,,,2026-09-10T12:15:11Z,,,,,v3-forward-measurement
5ac32e06-74e3-4c3f-a02e-a7cdb2e59bd2,3448d220-b8c7-445a-8db3-fed63a82b5b3,2026-09-10T12:15:11Z,FanDuel Sportsbook structured market feed,,VA,NFL,35610190,Baltimore Ravens @ Indianapolis Colts,2026-09-13T17:01:00.000Z,FanDuel,751.183835364,rushing_yards,Jonathan Taylor - Rushing Yds,,Jonathan Taylor,16593213,over,76.5,-114,1.87719298245614,0.5327102803738317,open,,,2026-09-10T12:15:11Z,,,,,v3-forward-measurement
5ac32e06-74e3-4c3f-a02e-a7cdb2e59bd2,515304ad-bfeb-4c57-a25e-9fe3cde70aba,2026-09-10T12:15:11Z,FanDuel Sportsbook structured market feed,,VA,NFL,35610190,Baltimore Ravens @ Indianapolis Colts,2026-09-13T17:01:00.000Z,FanDuel,751.183835364,rushing_yards,Jonathan Taylor - Rushing Yds,,Jonathan Taylor,16593214,under,76.5,-114,1.87719298245614,0.5327102803738317,open,,,2026-09-10T12:15:11Z,,,,,v3-forward-measurement
f8801d27-292f-41c9-a240-b095aae6109c,1a93a537-9044-4581-85e7-1150719892e0,2026-09-10T12:15:11Z,FanDuel Sportsbook structured market feed,,VA,NFL,35610190,Baltimore Ravens @ Indianapolis Colts,2026-09-13T17:01:00.000Z,FanDuel,751.184973077,receiving_yards,Josh Downs - Receiving Yds,,Josh Downs,41178410,over,46.5,-114,1.87719298245614,0.5327102803738317,open,,,2026-09-10T12:15:11Z,,,,,v3-forward-measurement
f8801d27-292f-41c9-a240-b095aae6109c,b56831d6-8834-4c1f-960c-71f50deff34d,2026-09-10T12:15:11Z,FanDuel Sportsbook structured market feed,,VA,NFL,35610190,Baltimore Ravens @ Indianapolis Colts,2026-09-13T17:01:00.000Z,FanDuel,751.184973077,receiving_yards,Josh Downs - Receiving Yds,,Josh Downs,41178411,under,46.5,-114,1.87719298245614,0.5327102803738317,open,,,2026-09-10T12:15:11Z,,,,,v3-forward-measurement
f8801d27-292f-41c9-a240-b095aae6109c,c045d9a6-0846-449e-946a-d98bb3c60476,2026-09-10T12:15:11Z,FanDuel Sportsbook structured market feed,,VA,NFL,35610190,Baltimore Ravens @ Indianapolis Colts,2026-09-13T17:01:00.000Z,FanDuel,751.184973071,receptions,Josh Downs - Total Receptions,,Josh Downs,41178410,over,4.5,124,2.24,0.44642857142857145,open,,,2026-09-10T12:15:11Z,,,,,v3-forward-measurement
f8801d27-292f-41c9-a240-b095aae6109c,f9586ee0-adc4-41ba-bbfd-66576cf56b26,2026-09-10T12:15:11Z,FanDuel Sportsbook structured market feed,,VA,NFL,35610190,Baltimore Ravens @ Indianapolis Colts,2026-09-13T17:01:00.000Z,FanDuel,751.184973071,receptions,Josh Downs - Total Receptions,,Josh Downs,41178411,under,4.5,-166,1.602409638554217,0.6240601503759399,open,,,2026-09-10T12:15:11Z,,,,,v3-forward-measurement
f8801d27-292f-41c9-a240-b095aae6109c,fe644eb8-8158-4c91-9697-725a612ac766,2026-09-10T12:15:11Z,FanDuel Sportsbook structured market feed,,VA,NFL,35610190,Baltimore Ravens @ Indianapolis Colts,2026-09-13T17:01:00.000Z,FanDuel,751.184969864,receptions,Rashod Bateman - Total Receptions,,Rashod Bateman,41197689,over,1.5,-205,1.48780487804878,0.6721311475409836,open,,,2026-09-10T12:15:11Z,,,,,v3-forward-measurement
f8801d27-292f-41c9-a240-b095aae6109c,84ca283b-bf09-4ee8-a9b5-8fcf6ab68bba,2026-09-10T12:15:11Z,FanDuel Sportsbook structured market feed,,VA,NFL,35610190,Baltimore Ravens @ Indianapolis Colts,2026-09-13T17:01:00.000Z,FanDuel,751.184969864,receptions,Rashod Bateman - Total Receptions,,Rashod Bateman,41197688,under,1.5,152,2.52,0.3968253968253968,open,,,2026-09-10T12:15:11Z,,,,,v3-forward-measurement
f8801d27-292f-41c9-a240-b095aae6109c,34082eaf-d57b-4bbe-966c-3c99e0434f7d,2026-09-10T12:15:11Z,FanDuel Sportsbook structured market feed,,VA,NFL,35610190,Baltimore Ravens @ Indianapolis Colts,2026-09-13T17:01:00.000Z,FanDuel,751.184972924,receiving_yards,Alec Pierce - Receiving Yds,,Alec Pierce,42217015,over,46.5,-114,1.87719298245614,0.5327102803738317,open,,,2026-09-10T12:15:11Z,,,,,v3-forward-measurement
f8801d27-292f-41c9-a240-b095aae6109c,7d92448c-6948-4c7a-9f68-a416a6055f57,2026-09-10T12:15:11Z,FanDuel Sportsbook structured market feed,,VA,NFL,35610190,Baltimore Ravens @ Indianapolis Colts,2026-09-13T17:01:00.000Z,FanDuel,751.184972924,receiving_yards,Alec Pierce - Receiving Yds,,Alec Pierce,42217014,under,46.5,-114,1.87719298245614,0.5327102803738317,open,,,2026-09-10T12:15:11Z,,,,,v3-forward-measurement
f8801d27-292f-41c9-a240-b095aae6109c,70db5ab6-5cd6-4b20-9f24-c9bca923dfcc,2026-09-10T12:15:11Z,FanDuel Sportsbook structured market feed,,VA,NFL,35610190,Baltimore Ravens @ Indianapolis Colts,2026-09-13T17:01:00.000Z,FanDuel,751.184969622,receiving_yards,Rashod Bateman - Receiving Yds,,Rashod Bateman,41197689,over,25.5,-114,1.87719298245614,0.5327102803738317,open,,,2026-09-10T12:15:11Z,,,,,v3-forward-measurement
f8801d27-292f-41c9-a240-b095aae6109c,ff6c0b5f-cdaa-4aa4-a7ee-935a4215501e,2026-09-10T12:15:11Z,FanDuel Sportsbook structured market feed,,VA,NFL,35610190,Baltimore Ravens @ Indianapolis Colts,2026-09-13T17:01:00.000Z,FanDuel,751.184969622,receiving_yards,Rashod Bateman - Receiving Yds,,Rashod Bateman,41197688,under,25.5,-114,1.87719298245614,0.5327102803738317,open,,,2026-09-10T12:15:11Z,,,,,v3-forward-measurement
f8801d27-292f-41c9-a240-b095aae6109c,f776da3e-b3ed-40c3-a297-7238aa1c1fca,2026-09-10T12:15:11Z,FanDuel Sportsbook structured market feed,,VA,NFL,35610190,Baltimore Ravens @ Indianapolis Colts,2026-09-13T17:01:00.000Z,FanDuel,751.184973730,receptions,Tyler Warren - Total Receptions,,Tyler Warren,60780430,over,4.5,-130,1.769230769230769,0.5652173913043478,open,,,2026-09-10T12:15:11Z,,,,,v3-forward-measurement
f8801d27-292f-41c9-a240-b095aae6109c,5dfe8ac3-8fcf-4793-97ef-a05944068f50,2026-09-10T12:15:11Z,FanDuel Sportsbook structured market feed,,VA,NFL,35610190,Baltimore Ravens @ Indianapolis Colts,2026-09-13T17:01:00.000Z,FanDuel,751.184973730,receptions,Tyler Warren - Total Receptions,,Tyler Warren,60780432,under,4.5,-102,1.980392156862745,0.504950495049505,open,,,2026-09-10T12:15:11Z,,,,,v3-forward-measurement
f8801d27-292f-41c9-a240-b095aae6109c,2ca304aa-0f67-4237-bbf4-d541284fc8ad,2026-09-10T12:15:11Z,FanDuel Sportsbook structured market feed,,VA,NFL,35610190,Baltimore Ravens @ Indianapolis Colts,2026-09-13T17:01:00.000Z,FanDuel,751.183836389,receptions,Mark Andrews - Total Receptions,,Mark Andrews,16602460,over,3.5,116,2.16,0.46296296296296297,open,,,2026-09-10T12:15:11Z,,,,,v3-forward-measurement
f8801d27-292f-41c9-a240-b095aae6109c,31388b97-c3b0-4ad0-b259-d5cd060a0819,2026-09-10T12:15:11Z,FanDuel Sportsbook structured market feed,,VA,NFL,35610190,Baltimore Ravens @ Indianapolis Colts,2026-09-13T17:01:00.000Z,FanDuel,751.183836389,receptions,Mark Andrews - Total Receptions,,Mark Andrews,16602461,under,3.5,-154,1.649350649350649,0.6062992125984252,open,,,2026-09-10T12:15:11Z,,,,,v3-forward-measurement
f8801d27-292f-41c9-a240-b095aae6109c,3b2b3554-510a-459d-bda9-13b4f5cd93f2,2026-09-10T12:15:11Z,FanDuel Sportsbook structured market feed,,VA,NFL,35610190,Baltimore Ravens @ Indianapolis Colts,2026-09-13T17:01:00.000Z,FanDuel,751.183836167,receiving_yards,Zay Flowers - Receiving Yds,,Zay Flowers,41182052,over,63.5,-114,1.87719298245614,0.5327102803738317,open,,,2026-09-10T12:15:11Z,,,,,v3-forward-measurement
f8801d27-292f-41c9-a240-b095aae6109c,181d0284-23f3-428e-a979-b73ea76f649f,2026-09-10T12:15:11Z,FanDuel Sportsbook structured market feed,,VA,NFL,35610190,Baltimore Ravens @ Indianapolis Colts,2026-09-13T17:01:00.000Z,FanDuel,751.183836167,receiving_yards,Zay Flowers - Receiving Yds,,Zay Flowers,41182053,under,63.5,-114,1.87719298245614,0.5327102803738317,open,,,2026-09-10T12:15:11Z,,,,,v3-forward-measurement
f8801d27-292f-41c9-a240-b095aae6109c,0e8336ba-67cb-4b30-b289-e508f10ac3f9,2026-09-10T12:15:11Z,FanDuel Sportsbook structured market feed,,VA,NFL,35610190,Baltimore Ravens @ Indianapolis Colts,2026-09-13T17:01:00.000Z,FanDuel,751.184971736,receiving_yards,Derrick Henry - Receiving Yds,,Derrick Henry,12073825,over,6.5,-114,1.87719298245614,0.5327102803738317,open,,,2026-09-10T12:15:11Z,,,,,v3-forward-measurement
f8801d27-292f-41c9-a240-b095aae6109c,6f155359-62c6-4e86-a74a-48b1ae146d94,2026-09-10T12:15:11Z,FanDuel Sportsbook structured market feed,,VA,NFL,35610190,Baltimore Ravens @ Indianapolis Colts,2026-09-13T17:01:00.000Z,FanDuel,751.184971736,receiving_yards,Derrick Henry - Receiving Yds,,Derrick Henry,12073826,under,6.5,-114,1.87719298245614,0.5327102803738317,open,,,2026-09-10T12:15:11Z,,,,,v3-forward-measurement
f8801d27-292f-41c9-a240-b095aae6109c,10dfc8f3-5844-4801-9560-6b6f2b602983,2026-09-10T12:15:11Z,FanDuel Sportsbook structured market feed,,VA,NFL,35610190,Baltimore Ravens @ Indianapolis Colts,2026-09-13T17:01:00.000Z,FanDuel,751.183836388,receiving_yards,Mark Andrews - Receiving Yds,,Mark Andrews,16602460,over,34.5,-114,1.87719298245614,0.5327102803738317,open,,,2026-09-10T12:15:11Z,,,,,v3-forward-measurement
f8801d27-292f-41c9-a240-b095aae6109c,1a8ea468-91d5-4a95-8af5-a45410f179aa,2026-09-10T12:15:11Z,FanDuel Sportsbook structured market feed,,VA,NFL,35610190,Baltimore Ravens @ Indianapolis Colts,2026-09-13T17:01:00.000Z,FanDuel,751.183836388,receiving_yards,Mark Andrews - Receiving Yds,,Mark Andrews,16602461,under,34.5,-114,1.87719298245614,0.5327102803738317,open,,,2026-09-10T12:15:11Z,,,,,v3-forward-measurement
f8801d27-292f-41c9-a240-b095aae6109c,8307509f-6a91-4379-9556-a6665374d4b1,2026-09-10T12:15:11Z,FanDuel Sportsbook structured market feed,,VA,NFL,35610190,Baltimore Ravens @ Indianapolis Colts,2026-09-13T17:01:00.000Z,FanDuel,751.185139865,receptions,Jonathan Taylor - Total Receptions,,Jonathan Taylor,16593213,over,2.5,-162,1.617283950617284,0.6183206106870229,open,,,2026-09-10T12:15:11Z,,,,,v3-forward-measurement
f8801d27-292f-41c9-a240-b095aae6109c,b54e1fdd-c5ee-4968-9084-e34e94530cb4,2026-09-10T12:15:11Z,FanDuel Sportsbook structured market feed,,VA,NFL,35610190,Baltimore Ravens @ Indianapolis Colts,2026-09-13T17:01:00.000Z,FanDuel,751.185139865,receptions,Jonathan Taylor - Total Receptions,,Jonathan Taylor,16593214,under,2.5,122,2.22,0.45045045045045046,open,,,2026-09-10T12:15:11Z,,,,,v3-forward-measurement
f8801d27-292f-41c9-a240-b095aae6109c,1af127a2-64a2-4608-8e3c-4dabaa3f3cbc,2026-09-10T12:15:11Z,FanDuel Sportsbook structured market feed,,VA,NFL,35610190,Baltimore Ravens @ Indianapolis Colts,2026-09-13T17:01:00.000Z,FanDuel,751.185139863,receiving_yards,Jonathan Taylor - Receiving Yds,,Jonathan Taylor,16593213,over,18.5,-114,1.87719298245614,0.5327102803738317,open,,,2026-09-10T12:15:11Z,,,,,v3-forward-measurement
f8801d27-292f-41c9-a240-b095aae6109c,727a5552-ab29-4963-80fb-243f13f1567e,2026-09-10T12:15:11Z,FanDuel Sportsbook structured market feed,,VA,NFL,35610190,Baltimore Ravens @ Indianapolis Colts,2026-09-13T17:01:00.000Z,FanDuel,751.185139863,receiving_yards,Jonathan Taylor - Receiving Yds,,Jonathan Taylor,16593214,under,18.5,-114,1.87719298245614,0.5327102803738317,open,,,2026-09-10T12:15:11Z,,,,,v3-forward-measurement
f8801d27-292f-41c9-a240-b095aae6109c,e2950b32-b58c-4359-b636-633d82aca953,2026-09-10T12:15:11Z,FanDuel Sportsbook structured market feed,,VA,NFL,35610190,Baltimore Ravens @ Indianapolis Colts,2026-09-13T17:01:00.000Z,FanDuel,751.185182535,receiving_yards,Justice Hill - Receiving Yds,,Justice Hill,16552642,over,11.5,-114,1.87719298245614,0.5327102803738317,open,,,2026-09-10T12:15:11Z,,,,,v3-forward-measurement
f8801d27-292f-41c9-a240-b095aae6109c,2dc87854-f020-4d9f-9bc8-bd2d57d89cfc,2026-09-10T12:15:11Z,FanDuel Sportsbook structured market feed,,VA,NFL,35610190,Baltimore Ravens @ Indianapolis Colts,2026-09-13T17:01:00.000Z,FanDuel,751.185182535,receiving_yards,Justice Hill - Receiving Yds,,Justice Hill,16552643,under,11.5,-114,1.87719298245614,0.5327102803738317,open,,,2026-09-10T12:15:11Z,,,,,v3-forward-measurement
f8801d27-292f-41c9-a240-b095aae6109c,1d0cbefc-17fd-4e7f-a827-908f915205b6,2026-09-10T12:15:11Z,FanDuel Sportsbook structured market feed,,VA,NFL,35610190,Baltimore Ravens @ Indianapolis Colts,2026-09-13T17:01:00.000Z,FanDuel,751.184970775,receptions,Ja'Kobi Lane - Total Receptions,,Ja'Kobi Lane,102523756,over,1.5,-136,1.735294117647059,0.576271186440678,open,,,2026-09-10T12:15:11Z,,,,,v3-forward-measurement
f8801d27-292f-41c9-a240-b095aae6109c,207c33c9-a08b-4fce-98ff-b94dde0aeec7,2026-09-10T12:15:11Z,FanDuel Sportsbook structured market feed,,VA,NFL,35610190,Baltimore Ravens @ Indianapolis Colts,2026-09-13T17:01:00.000Z,FanDuel,751.184970775,receptions,Ja'Kobi Lane - Total Receptions,,Ja'Kobi Lane,102523752,under,1.5,102,2.02,0.49504950495049505,open,,,2026-09-10T12:15:11Z,,,,,v3-forward-measurement
f8801d27-292f-41c9-a240-b095aae6109c,17cb45fb-2353-4264-a415-f0c8e8282a49,2026-09-10T12:15:11Z,FanDuel Sportsbook structured market feed,,VA,NFL,35610190,Baltimore Ravens @ Indianapolis Colts,2026-09-13T17:01:00.000Z,FanDuel,751.184973728,receiving_yards,Tyler Warren - Receiving Yds,,Tyler Warren,60780430,over,45.5,-114,1.87719298245614,0.5327102803738317,open,,,2026-09-10T12:15:11Z,,,,,v3-forward-measurement
f8801d27-292f-41c9-a240-b095aae6109c,c620fd73-3b65-4c27-9e51-62073134376e,2026-09-10T12:15:11Z,FanDuel Sportsbook structured market feed,,VA,NFL,35610190,Baltimore Ravens @ Indianapolis Colts,2026-09-13T17:01:00.000Z,FanDuel,751.184973728,receiving_yards,Tyler Warren - Receiving Yds,,Tyler Warren,60780432,under,45.5,-114,1.87719298245614,0.5327102803738317,open,,,2026-09-10T12:15:11Z,,,,,v3-forward-measurement
f8801d27-292f-41c9-a240-b095aae6109c,29a6064c-b414-43aa-9b83-10d3b636c33c,2026-09-10T12:15:11Z,FanDuel Sportsbook structured market feed,,VA,NFL,35610190,Baltimore Ravens @ Indianapolis Colts,2026-09-13T17:01:00.000Z,FanDuel,751.185104206,receptions,Derrick Henry - Total Receptions,,Derrick Henry,12073825,over,1.5,172,2.72,0.36764705882352944,open,,,2026-09-10T12:15:11Z,,,,,v3-forward-measurement
f8801d27-292f-41c9-a240-b095aae6109c,2ea98f22-c547-4cd4-bdec-da468ba4139a,2026-09-10T12:15:11Z,FanDuel Sportsbook structured market feed,,VA,NFL,35610190,Baltimore Ravens @ Indianapolis Colts,2026-09-13T17:01:00.000Z,FanDuel,751.185104206,receptions,Derrick Henry - Total Receptions,,Derrick Henry,12073826,under,1.5,-235,1.425531914893617,0.7014925373134329,open,,,2026-09-10T12:15:11Z,,,,,v3-forward-measurement
f8801d27-292f-41c9-a240-b095aae6109c,2f5867d0-e86a-4092-a0ed-77ff29cbcada,2026-09-10T12:15:11Z,FanDuel Sportsbook structured market feed,,VA,NFL,35610190,Baltimore Ravens @ Indianapolis Colts,2026-09-13T17:01:00.000Z,FanDuel,751.183836173,receptions,Zay Flowers - Total Receptions,,Zay Flowers,41182052,over,4.5,-172,1.581395348837209,0.6323529411764706,open,,,2026-09-10T12:15:11Z,,,,,v3-forward-measurement
f8801d27-292f-41c9-a240-b095aae6109c,94a90bea-7858-45d3-a1c4-f1ab47f3dba3,2026-09-10T12:15:11Z,FanDuel Sportsbook structured market feed,,VA,NFL,35610190,Baltimore Ravens @ Indianapolis Colts,2026-09-13T17:01:00.000Z,FanDuel,751.183836173,receptions,Zay Flowers - Total Receptions,,Zay Flowers,41182053,under,4.5,128,2.28,0.43859649122807015,open,,,2026-09-10T12:15:11Z,,,,,v3-forward-measurement
f8801d27-292f-41c9-a240-b095aae6109c,6f344e4d-94d8-412c-b854-275605336a44,2026-09-10T12:15:11Z,FanDuel Sportsbook structured market feed,,VA,NFL,35610190,Baltimore Ravens @ Indianapolis Colts,2026-09-13T17:01:00.000Z,FanDuel,751.184970770,receiving_yards,Ja'Kobi Lane - Receiving Yds,,Ja'Kobi Lane,102523756,over,19.5,-114,1.87719298245614,0.5327102803738317,open,,,2026-09-10T12:15:11Z,,,,,v3-forward-measurement
f8801d27-292f-41c9-a240-b095aae6109c,0b1933e9-adab-44a9-b59a-569018139982,2026-09-10T12:15:11Z,FanDuel Sportsbook structured market feed,,VA,NFL,35610190,Baltimore Ravens @ Indianapolis Colts,2026-09-13T17:01:00.000Z,FanDuel,751.184970770,receiving_yards,Ja'Kobi Lane - Receiving Yds,,Ja'Kobi Lane,102523752,under,19.5,-114,1.87719298245614,0.5327102803738317,open,,,2026-09-10T12:15:11Z,,,,,v3-forward-measurement
f8801d27-292f-41c9-a240-b095aae6109c,d88016ea-41c0-4acc-b4ba-6cdaa5e86238,2026-09-10T12:15:11Z,FanDuel Sportsbook structured market feed,,VA,NFL,35610190,Baltimore Ravens @ Indianapolis Colts,2026-09-13T17:01:00.000Z,FanDuel,751.185253688,receptions,Justice Hill - Total Receptions,,Justice Hill,16552642,over,2.5,144,2.44,0.4098360655737705,open,,,2026-09-10T12:15:11Z,,,,,v3-forward-measurement
f8801d27-292f-41c9-a240-b095aae6109c,9ae0ee2e-937c-43e7-879a-00a47aae6088,2026-09-10T12:15:11Z,FanDuel Sportsbook structured market feed,,VA,NFL,35610190,Baltimore Ravens @ Indianapolis Colts,2026-09-13T17:01:00.000Z,FanDuel,751.185253688,receptions,Justice Hill - Total Receptions,,Justice Hill,16552643,under,2.5,-194,1.515463917525773,0.6598639455782312,open,,,2026-09-10T12:15:11Z,,,,,v3-forward-measurement
f8801d27-292f-41c9-a240-b095aae6109c,6aaea25d-83a8-4bd1-b126-84484cfaf114,2026-09-10T12:15:11Z,FanDuel Sportsbook structured market feed,,VA,NFL,35610190,Baltimore Ravens @ Indianapolis Colts,2026-09-13T17:01:00.000Z,FanDuel,751.184972933,receptions,Alec Pierce - Total Receptions,,Alec Pierce,42217015,over,3.5,116,2.16,0.46296296296296297,open,,,2026-09-10T12:15:11Z,,,,,v3-forward-measurement
f8801d27-292f-41c9-a240-b095aae6109c,c13e2578-13a0-490c-83e5-72092120c346,2026-09-10T12:15:11Z,FanDuel Sportsbook structured market feed,,VA,NFL,35610190,Baltimore Ravens @ Indianapolis Colts,2026-09-13T17:01:00.000Z,FanDuel,751.184972933,receptions,Alec Pierce - Total Receptions,,Alec Pierce,42217014,under,3.5,-154,1.649350649350649,0.6062992125984252,open,,,2026-09-10T12:15:11Z,,,,,v3-forward-measurement
05af15c3-2cf7-4dee-bd39-cad7ea901a7b,565fbdb1-3505-474d-92e7-8796fb0837b8,2026-09-10T12:15:11Z,FanDuel Sportsbook structured market feed,,VA,NFL,36053582,Tampa Bay Buccaneers @ Cincinnati Bengals,2026-09-13T17:01:00.000Z,FanDuel,751.185673793,passing_touchdowns,Baker Mayfield - Passing TDs,,Baker Mayfield,16602448,over,1.5,-102,1.980392156862745,0.504950495049505,open,,,2026-09-10T12:15:11Z,,,,,v3-forward-measurement
05af15c3-2cf7-4dee-bd39-cad7ea901a7b,db6a0498-8005-4cae-9ba5-e6496c2b50a7,2026-09-10T12:15:11Z,FanDuel Sportsbook structured market feed,,VA,NFL,36053582,Tampa Bay Buccaneers @ Cincinnati Bengals,2026-09-13T17:01:00.000Z,FanDuel,751.185673793,passing_touchdowns,Baker Mayfield - Passing TDs,,Baker Mayfield,16602449,under,1.5,-130,1.769230769230769,0.5652173913043478,open,,,2026-09-10T12:15:11Z,,,,,v3-forward-measurement
05af15c3-2cf7-4dee-bd39-cad7ea901a7b,07c1f7ec-454a-4ccd-b18e-6c2c243fcd67,2026-09-10T12:15:11Z,FanDuel Sportsbook structured market feed,,VA,NFL,36053582,Tampa Bay Buccaneers @ Cincinnati Bengals,2026-09-13T17:01:00.000Z,FanDuel,751.185673884,passing_yards,Joe Burrow - Passing Yds,,Joe Burrow,20452292,over,267.5,-114,1.87719298245614,0.5327102803738317,open,,,2026-09-10T12:15:11Z,,,,,v3-forward-measurement
05af15c3-2cf7-4dee-bd39-cad7ea901a7b,1005527e-5a2a-422e-a972-aacc5418dff4,2026-09-10T12:15:11Z,FanDuel Sportsbook structured market feed,,VA,NFL,36053582,Tampa Bay Buccaneers @ Cincinnati Bengals,2026-09-13T17:01:00.000Z,FanDuel,751.185673884,passing_yards,Joe Burrow - Passing Yds,,Joe Burrow,20452293,under,267.5,-114,1.87719298245614,0.5327102803738317,open,,,2026-09-10T12:15:11Z,,,,,v3-forward-measurement
05af15c3-2cf7-4dee-bd39-cad7ea901a7b,d2684b15-e9e8-4320-bd2f-b9ad5b698098,2026-09-10T12:15:11Z,FanDuel Sportsbook structured market feed,,VA,NFL,36053582,Tampa Bay Buccaneers @ Cincinnati Bengals,2026-09-13T17:01:00.000Z,FanDuel,751.185673763,passing_touchdowns,Joe Burrow - Passing TDs,,Joe Burrow,20452292,over,2.5,162,2.62,0.3816793893129771,open,,,2026-09-10T12:15:11Z,,,,,v3-forward-measurement
05af15c3-2cf7-4dee-bd39-cad7ea901a7b,c5895794-2c80-459e-8ce8-20129892cbe0,2026-09-10T12:15:11Z,FanDuel Sportsbook structured market feed,,VA,NFL,36053582,Tampa Bay Buccaneers @ Cincinnati Bengals,2026-09-13T17:01:00.000Z,FanDuel,751.185673763,passing_touchdowns,Joe Burrow - Passing TDs,,Joe Burrow,20452293,under,2.5,-220,1.454545454545455,0.6875,open,,,2026-09-10T12:15:11Z,,,,,v3-forward-measurement
05af15c3-2cf7-4dee-bd39-cad7ea901a7b,9722ae54-f2c6-403c-ad68-d2b3036783c2,2026-09-10T12:15:11Z,FanDuel Sportsbook structured market feed,,VA,NFL,36053582,Tampa Bay Buccaneers @ Cincinnati Bengals,2026-09-13T17:01:00.000Z,FanDuel,751.185673944,passing_yards,Baker Mayfield - Passing Yds,,Baker Mayfield,16602448,over,232.5,-114,1.87719298245614,0.5327102803738317,open,,,2026-09-10T12:15:11Z,,,,,v3-forward-measurement
05af15c3-2cf7-4dee-bd39-cad7ea901a7b,044a799c-7908-407d-b7c6-9a38aad78da3,2026-09-10T12:15:11Z,FanDuel Sportsbook structured market feed,,VA,NFL,36053582,Tampa Bay Buccaneers @ Cincinnati Bengals,2026-09-13T17:01:00.000Z,FanDuel,751.185673944,passing_yards,Baker Mayfield - Passing Yds,,Baker Mayfield,16602449,under,232.5,-114,1.87719298245614,0.5327102803738317,open,,,2026-09-10T12:15:11Z,,,,,v3-forward-measurement
9e4665f9-2049-4511-9b75-412144d6be1b,e7b22a40-f330-4e63-a8d8-9ce39ce4942f,2026-09-10T12:15:11Z,FanDuel Sportsbook structured market feed,,VA,NFL,36053582,Tampa Bay Buccaneers @ Cincinnati Bengals,2026-09-13T17:01:00.000Z,FanDuel,751.185673771,rushing_yards,Baker Mayfield - Rushing Yds,,Baker Mayfield,16602448,over,15.5,-114,1.87719298245614,0.5327102803738317,open,,,2026-09-10T12:15:11Z,,,,,v3-forward-measurement
9e4665f9-2049-4511-9b75-412144d6be1b,6a22f5db-fb20-4442-8592-c62b7857c10a,2026-09-10T12:15:11Z,FanDuel Sportsbook structured market feed,,VA,NFL,36053582,Tampa Bay Buccaneers @ Cincinnati Bengals,2026-09-13T17:01:00.000Z,FanDuel,751.185673771,rushing_yards,Baker Mayfield - Rushing Yds,,Baker Mayfield,16602449,under,15.5,-114,1.87719298245614,0.5327102803738317,open,,,2026-09-10T12:15:11Z,,,,,v3-forward-measurement
9e4665f9-2049-4511-9b75-412144d6be1b,36c96712-82ab-4144-9c42-2c0931cf5354,2026-09-10T12:15:11Z,FanDuel Sportsbook structured market feed,,VA,NFL,36053582,Tampa Bay Buccaneers @ Cincinnati Bengals,2026-09-13T17:01:00.000Z,FanDuel,751.185673861,rushing_yards,Kenneth Gainwell - Rushing Yds,,Kenneth Gainwell,40915793,over,21.5,-114,1.87719298245614,0.5327102803738317,open,,,2026-09-10T12:15:11Z,,,,,v3-forward-measurement
9e4665f9-2049-4511-9b75-412144d6be1b,6209b03c-ba72-49c2-9281-445bf5c1c829,2026-09-10T12:15:11Z,FanDuel Sportsbook structured market feed,,VA,NFL,36053582,Tampa Bay Buccaneers @ Cincinnati Bengals,2026-09-13T17:01:00.000Z,FanDuel,751.185673861,rushing_yards,Kenneth Gainwell - Rushing Yds,,Kenneth Gainwell,40915796,under,21.5,-114,1.87719298245614,0.5327102803738317,open,,,2026-09-10T12:15:11Z,,,,,v3-forward-measurement
9e4665f9-2049-4511-9b75-412144d6be1b,f3e6458b-de42-46dd-9669-1a374f8e5718,2026-09-10T12:15:11Z,FanDuel Sportsbook structured market feed,,VA,NFL,36053582,Tampa Bay Buccaneers @ Cincinnati Bengals,2026-09-13T17:01:00.000Z,FanDuel,751.185673721,rushing_yards,Joe Burrow - Rushing Yds,,Joe Burrow,20452292,over,8.5,-114,1.87719298245614,0.5327102803738317,open,,,2026-09-10T12:15:11Z,,,,,v3-forward-measurement
9e4665f9-2049-4511-9b75-412144d6be1b,ed62a359-794a-4685-a01c-814e1f6341b1,2026-09-10T12:15:11Z,FanDuel Sportsbook structured market feed,,VA,NFL,36053582,Tampa Bay Buccaneers @ Cincinnati Bengals,2026-09-13T17:01:00.000Z,FanDuel,751.185673721,rushing_yards,Joe Burrow - Rushing Yds,,Joe Burrow,20452293,under,8.5,-114,1.87719298245614,0.5327102803738317,open,,,2026-09-10T12:15:11Z,,,,,v3-forward-measurement
9e4665f9-2049-4511-9b75-412144d6be1b,bbe7653e-2a8b-4d22-9b4d-4cbc2e5d0513,2026-09-10T12:15:11Z,FanDuel Sportsbook structured market feed,,VA,NFL,36053582,Tampa Bay Buccaneers @ Cincinnati Bengals,2026-09-13T17:01:00.000Z,FanDuel,751.185673787,rushing_yards,Chase Brown - Rushing Yds,,Chase Brown,41072627,over,57.5,-114,1.87719298245614,0.5327102803738317,open,,,2026-09-10T12:15:11Z,,,,,v3-forward-measurement
9e4665f9-2049-4511-9b75-412144d6be1b,d61e0796-6370-4cbf-9449-e3efd3fb668e,2026-09-10T12:15:11Z,FanDuel Sportsbook structured market feed,,VA,NFL,36053582,Tampa Bay Buccaneers @ Cincinnati Bengals,2026-09-13T17:01:00.000Z,FanDuel,751.185673787,rushing_yards,Chase Brown - Rushing Yds,,Chase Brown,41072629,under,57.5,-114,1.87719298245614,0.5327102803738317,open,,,2026-09-10T12:15:11Z,,,,,v3-forward-measurement
9e4665f9-2049-4511-9b75-412144d6be1b,e13d977f-f7fc-4da1-8c4a-bbdf7687b341,2026-09-10T12:15:11Z,FanDuel Sportsbook structured market feed,,VA,NFL,36053582,Tampa Bay Buccaneers @ Cincinnati Bengals,2026-09-13T17:01:00.000Z,FanDuel,751.185673715,rushing_yards,Bucky Irving - Rushing Yds,,Bucky Irving,49541847,over,58.5,-114,1.87719298245614,0.5327102803738317,open,,,2026-09-10T12:15:11Z,,,,,v3-forward-measurement
9e4665f9-2049-4511-9b75-412144d6be1b,5f4bebae-c263-4816-aabe-f3e0868475ee,2026-09-10T12:15:11Z,FanDuel Sportsbook structured market feed,,VA,NFL,36053582,Tampa Bay Buccaneers @ Cincinnati Bengals,2026-09-13T17:01:00.000Z,FanDuel,751.185673715,rushing_yards,Bucky Irving - Rushing Yds,,Bucky Irving,49541845,under,58.5,-114,1.87719298245614,0.5327102803738317,open,,,2026-09-10T12:15:11Z,,,,,v3-forward-measurement
9e4665f9-2049-4511-9b75-412144d6be1b,63147e11-ee4b-422c-a884-d60ed28445fb,2026-09-10T12:15:11Z,FanDuel Sportsbook structured market feed,,VA,NFL,36053582,Tampa Bay Buccaneers @ Cincinnati Bengals,2026-09-13T17:01:00.000Z,FanDuel,751.185673925,rushing_yards,Samaje Perine - Rushing Yds,,Samaje Perine,15499370,over,19.5,-114,1.87719298245614,0.5327102803738317,open,,,2026-09-10T12:15:11Z,,,,,v3-forward-measurement
9e4665f9-2049-4511-9b75-412144d6be1b,10ade35e-4aab-4538-ab32-87bca111cb6a,2026-09-10T12:15:11Z,FanDuel Sportsbook structured market feed,,VA,NFL,36053582,Tampa Bay Buccaneers @ Cincinnati Bengals,2026-09-13T17:01:00.000Z,FanDuel,751.185673925,rushing_yards,Samaje Perine - Rushing Yds,,Samaje Perine,15499371,under,19.5,-114,1.87719298245614,0.5327102803738317,open,,,2026-09-10T12:15:11Z,,,,,v3-forward-measurement
6193a409-240b-4c51-a02e-efe8fd2dd18f,44df5761-00c9-4821-aef3-e8064c785a4e,2026-09-10T12:15:11Z,FanDuel Sportsbook structured market feed,,VA,NFL,36053582,Tampa Bay Buccaneers @ Cincinnati Bengals,2026-09-13T17:01:00.000Z,FanDuel,751.185673760,receiving_yards,Kenneth Gainwell - Receiving Yds,,Kenneth Gainwell,40915793,over,20.5,-114,1.87719298245614,0.5327102803738317,open,,,2026-09-10T12:15:11Z,,,,,v3-forward-measurement
6193a409-240b-4c51-a02e-efe8fd2dd18f,7b4bc8ec-edad-4a57-a7c7-0bec82b4fd57,2026-09-10T12:15:11Z,FanDuel Sportsbook structured market feed,,VA,NFL,36053582,Tampa Bay Buccaneers @ Cincinnati Bengals,2026-09-13T17:01:00.000Z,FanDuel,751.185673760,receiving_yards,Kenneth Gainwell - Receiving Yds,,Kenneth Gainwell,40915796,under,20.5,-114,1.87719298245614,0.5327102803738317,open,,,2026-09-10T12:15:11Z,,,,,v3-forward-measurement
6193a409-240b-4c51-a02e-efe8fd2dd18f,92d28080-7dd7-4e05-bb54-636640012276,2026-09-10T12:15:11Z,FanDuel Sportsbook structured market feed,,VA,NFL,36053582,Tampa Bay Buccaneers @ Cincinnati Bengals,2026-09-13T17:01:00.000Z,FanDuel,751.185673848,receiving_yards,Chris Godwin - Receiving Yds,,Chris Godwin,20781116,over,40.5,-114,1.87719298245614,0.5327102803738317,open,,,2026-09-10T12:15:11Z,,,,,v3-forward-measurement
6193a409-240b-4c51-a02e-efe8fd2dd18f,8827867f-0397-4136-a65e-0e2d5b005dda,2026-09-10T12:15:11Z,FanDuel Sportsbook structured market feed,,VA,NFL,36053582,Tampa Bay Buccaneers @ Cincinnati Bengals,2026-09-13T17:01:00.000Z,FanDuel,751.185673848,receiving_yards,Chris Godwin - Receiving Yds,,Chris Godwin,20781117,under,40.5,-114,1.87719298245614,0.5327102803738317,open,,,2026-09-10T12:15:11Z,,,,,v3-forward-measurement
6193a409-240b-4c51-a02e-efe8fd2dd18f,ee2c2a70-babe-48d8-b44a-71f54b64a59c,2026-09-10T12:15:11Z,FanDuel Sportsbook structured market feed,,VA,NFL,36053582,Tampa Bay Buccaneers @ Cincinnati Bengals,2026-09-13T17:01:00.000Z,FanDuel,751.185673927,receptions,Cade Otton - Total Receptions,,Cade Otton,41346941,over,3.5,124,2.24,0.44642857142857145,open,,,2026-09-10T12:15:11Z,,,,,v3-forward-measurement
6193a409-240b-4c51-a02e-efe8fd2dd18f,9fb59dd1-e268-45b6-9611-f9ff560db76e,2026-09-10T12:15:11Z,FanDuel Sportsbook structured market feed,,VA,NFL,36053582,Tampa Bay Buccaneers @ Cincinnati Bengals,2026-09-13T17:01:00.000Z,FanDuel,751.185673927,receptions,Cade Otton - Total Receptions,,Cade Otton,41346942,under,3.5,-166,1.602409638554217,0.6240601503759399,open,,,2026-09-10T12:15:11Z,,,,,v3-forward-measurement
6193a409-240b-4c51-a02e-efe8fd2dd18f,34aba370-641c-4d2b-962b-b5381020c8e4,2026-09-10T12:15:11Z,FanDuel Sportsbook structured market feed,,VA,NFL,36053582,Tampa Bay Buccaneers @ Cincinnati Bengals,2026-09-13T17:01:00.000Z,FanDuel,751.185673870,receiving_yards,Tee Higgins - Receiving Yds,,Tee Higgins,22336746,over,60.5,-114,1.87719298245614,0.5327102803738317,open,,,2026-09-10T12:15:11Z,,,,,v3-forward-measurement
6193a409-240b-4c51-a02e-efe8fd2dd18f,38481e01-e903-4ca9-89cc-7001b653c5d9,2026-09-10T12:15:11Z,FanDuel Sportsbook structured market feed,,VA,NFL,36053582,Tampa Bay Buccaneers @ Cincinnati Bengals,2026-09-13T17:01:00.000Z,FanDuel,751.185673870,receiving_yards,Tee Higgins - Receiving Yds,,Tee Higgins,22336747,under,60.5,-114,1.87719298245614,0.5327102803738317,open,,,2026-09-10T12:15:11Z,,,,,v3-forward-measurement
6193a409-240b-4c51-a02e-efe8fd2dd18f,d532e019-4c87-4761-929a-f37d1eda81a5,2026-09-10T12:15:11Z,FanDuel Sportsbook structured market feed,,VA,NFL,36053582,Tampa Bay Buccaneers @ Cincinnati Bengals,2026-09-13T17:01:00.000Z,FanDuel,751.185673871,receptions,Chase Brown - Total Receptions,,Chase Brown,41072627,over,3.5,-108,1.925925925925926,0.5192307692307693,open,,,2026-09-10T12:15:11Z,,,,,v3-forward-measurement
6193a409-240b-4c51-a02e-efe8fd2dd18f,fcbb9b2b-e7d0-44dc-a02d-3f72bd427101,2026-09-10T12:15:11Z,FanDuel Sportsbook structured market feed,,VA,NFL,36053582,Tampa Bay Buccaneers @ Cincinnati Bengals,2026-09-13T17:01:00.000Z,FanDuel,751.185673871,receptions,Chase Brown - Total Receptions,,Chase Brown,41072629,under,3.5,-122,1.819672131147541,0.5495495495495496,open,,,2026-09-10T12:15:11Z,,,,,v3-forward-measurement
6193a409-240b-4c51-a02e-efe8fd2dd18f,2fb3f3a2-8d58-432d-b06f-45b69a271dae,2026-09-10T12:15:11Z,FanDuel Sportsbook structured market feed,,VA,NFL,36053582,Tampa Bay Buccaneers @ Cincinnati Bengals,2026-09-13T17:01:00.000Z,FanDuel,751.185673951,receptions,Tee Higgins - Total Receptions,,Tee Higgins,22336746,over,4.5,-140,1.714285714285714,0.5833333333333334,open,,,2026-09-10T12:15:11Z,,,,,v3-forward-measurement
6193a409-240b-4c51-a02e-efe8fd2dd18f,6002aaf6-4b13-4af1-a23e-ea46528a0580,2026-09-10T12:15:11Z,FanDuel Sportsbook structured market feed,,VA,NFL,36053582,Tampa Bay Buccaneers @ Cincinnati Bengals,2026-09-13T17:01:00.000Z,FanDuel,751.185673951,receptions,Tee Higgins - Total Receptions,,Tee Higgins,22336747,under,4.5,106,2.06,0.4854368932038835,open,,,2026-09-10T12:15:11Z,,,,,v3-forward-measurement
6193a409-240b-4c51-a02e-efe8fd2dd18f,b87c4634-03c1-4895-b5b6-78cdb7f3b365,2026-09-10T12:15:11Z,FanDuel Sportsbook structured market feed,,VA,NFL,36053582,Tampa Bay Buccaneers @ Cincinnati Bengals,2026-09-13T17:01:00.000Z,FanDuel,751.185673874,receiving_yards,Cade Otton - Receiving Yds,,Cade Otton,41346941,over,28.5,-114,1.87719298245614,0.5327102803738317,open,,,2026-09-10T12:15:11Z,,,,,v3-forward-measurement
6193a409-240b-4c51-a02e-efe8fd2dd18f,340d38c4-a416-4e4b-aa68-c0c9f478b994,2026-09-10T12:15:11Z,FanDuel Sportsbook structured market feed,,VA,NFL,36053582,Tampa Bay Buccaneers @ Cincinnati Bengals,2026-09-13T17:01:00.000Z,FanDuel,751.185673874,receiving_yards,Cade Otton - Receiving Yds,,Cade Otton,41346942,under,28.5,-114,1.87719298245614,0.5327102803738317,open,,,2026-09-10T12:15:11Z,,,,,v3-forward-measurement
6193a409-240b-4c51-a02e-efe8fd2dd18f,f8351e3e-f590-40e8-9e80-a931bce1b7ec,2026-09-10T12:15:11Z,FanDuel Sportsbook structured market feed,,VA,NFL,36053582,Tampa Bay Buccaneers @ Cincinnati Bengals,2026-09-13T17:01:00.000Z,FanDuel,751.185673955,receptions,Jalen McMillan - Total Receptions,,Jalen McMillan,41173066,over,2.5,-154,1.649350649350649,0.6062992125984252,open,,,2026-09-10T12:15:11Z,,,,,v3-forward-measurement
6193a409-240b-4c51-a02e-efe8fd2dd18f,c31a5b39-6dcd-4f3a-96af-0c683ddb7fc2,2026-09-10T12:15:11Z,FanDuel Sportsbook structured market feed,,VA,NFL,36053582,Tampa Bay Buccaneers @ Cincinnati Bengals,2026-09-13T17:01:00.000Z,FanDuel,751.185673955,receptions,Jalen McMillan - Total Receptions,,Jalen McMillan,41173067,under,2.5,116,2.16,0.46296296296296297,open,,,2026-09-10T12:15:11Z,,,,,v3-forward-measurement
6193a409-240b-4c51-a02e-efe8fd2dd18f,da9510b0-1faa-4ad3-bc98-d3f7acb6b6f3,2026-09-10T12:15:11Z,FanDuel Sportsbook structured market feed,,VA,NFL,36053582,Tampa Bay Buccaneers @ Cincinnati Bengals,2026-09-13T17:01:00.000Z,FanDuel,751.185673879,receiving_yards,Jalen McMillan - Receiving Yds,,Jalen McMillan,41173066,over,34.5,-114,1.87719298245614,0.5327102803738317,open,,,2026-09-10T12:15:11Z,,,,,v3-forward-measurement
6193a409-240b-4c51-a02e-efe8fd2dd18f,985bc1ec-1985-42c1-b513-7f559f3cc89e,2026-09-10T12:15:11Z,FanDuel Sportsbook structured market feed,,VA,NFL,36053582,Tampa Bay Buccaneers @ Cincinnati Bengals,2026-09-13T17:01:00.000Z,FanDuel,751.185673879,receiving_yards,Jalen McMillan - Receiving Yds,,Jalen McMillan,41173067,under,34.5,-114,1.87719298245614,0.5327102803738317,open,,,2026-09-10T12:15:11Z,,,,,v3-forward-measurement
6193a409-240b-4c51-a02e-efe8fd2dd18f,68eaa08b-e8c7-454c-9505-69371dcf97b0,2026-09-10T12:15:11Z,FanDuel Sportsbook structured market feed,,VA,NFL,36053582,Tampa Bay Buccaneers @ Cincinnati Bengals,2026-09-13T17:01:00.000Z,FanDuel,751.185673838,receptions,Emeka Egbuka - Total Receptions,,Emeka Egbuka,48671758,over,4.5,124,2.24,0.44642857142857145,open,,,2026-09-10T12:15:11Z,,,,,v3-forward-measurement
6193a409-240b-4c51-a02e-efe8fd2dd18f,dac32932-0c7d-460b-94a2-d708c6e1ba72,2026-09-10T12:15:11Z,FanDuel Sportsbook structured market feed,,VA,NFL,36053582,Tampa Bay Buccaneers @ Cincinnati Bengals,2026-09-13T17:01:00.000Z,FanDuel,751.185673838,receptions,Emeka Egbuka - Total Receptions,,Emeka Egbuka,48671757,under,4.5,-166,1.602409638554217,0.6240601503759399,open,,,2026-09-10T12:15:11Z,,,,,v3-forward-measurement
6193a409-240b-4c51-a02e-efe8fd2dd18f,633866d1-f614-4549-b5af-6e10b6e94eb6,2026-09-10T12:15:11Z,FanDuel Sportsbook structured market feed,,VA,NFL,36053582,Tampa Bay Buccaneers @ Cincinnati Bengals,2026-09-13T17:01:00.000Z,FanDuel,751.185673907,receiving_yards,Emeka Egbuka - Receiving Yds,,Emeka Egbuka,48671758,over,52.5,-114,1.87719298245614,0.5327102803738317,open,,,2026-09-10T12:15:11Z,,,,,v3-forward-measurement
6193a409-240b-4c51-a02e-efe8fd2dd18f,fb4d2fda-13be-4e8e-af87-16f621f330c9,2026-09-10T12:15:11Z,FanDuel Sportsbook structured market feed,,VA,NFL,36053582,Tampa Bay Buccaneers @ Cincinnati Bengals,2026-09-13T17:01:00.000Z,FanDuel,751.185673907,receiving_yards,Emeka Egbuka - Receiving Yds,,Emeka Egbuka,48671757,under,52.5,-114,1.87719298245614,0.5327102803738317,open,,,2026-09-10T12:15:11Z,,,,,v3-forward-measurement
6193a409-240b-4c51-a02e-efe8fd2dd18f,053ff31e-eba6-4f9c-8610-8606b5d954b9,2026-09-10T12:15:11Z,FanDuel Sportsbook structured market feed,,VA,NFL,36053582,Tampa Bay Buccaneers @ Cincinnati Bengals,2026-09-13T17:01:00.000Z,FanDuel,751.185673780,receiving_yards,Chase Brown - Receiving Yds,,Chase Brown,41072627,over,23.5,-114,1.87719298245614,0.5327102803738317,open,,,2026-09-10T12:15:11Z,,,,,v3-forward-measurement
6193a409-240b-4c51-a02e-efe8fd2dd18f,8726669a-b7d9-40f4-93a3-d2c6063be989,2026-09-10T12:15:11Z,FanDuel Sportsbook structured market feed,,VA,NFL,36053582,Tampa Bay Buccaneers @ Cincinnati Bengals,2026-09-13T17:01:00.000Z,FanDuel,751.185673780,receiving_yards,Chase Brown - Receiving Yds,,Chase Brown,41072629,under,23.5,-114,1.87719298245614,0.5327102803738317,open,,,2026-09-10T12:15:11Z,,,,,v3-forward-measurement
6193a409-240b-4c51-a02e-efe8fd2dd18f,51897cc7-7eae-48bd-93cf-97caccb1fe12,2026-09-10T12:15:11Z,FanDuel Sportsbook structured market feed,,VA,NFL,36053582,Tampa Bay Buccaneers @ Cincinnati Bengals,2026-09-13T17:01:00.000Z,FanDuel,751.185673781,receptions,Mike Gesicki - Total Receptions,,Mike Gesicki,16580234,over,2.5,124,2.24,0.44642857142857145,open,,,2026-09-10T12:15:11Z,,,,,v3-forward-measurement
6193a409-240b-4c51-a02e-efe8fd2dd18f,27e74742-be42-4264-868d-2eafe3be664f,2026-09-10T12:15:11Z,FanDuel Sportsbook structured market feed,,VA,NFL,36053582,Tampa Bay Buccaneers @ Cincinnati Bengals,2026-09-13T17:01:00.000Z,FanDuel,751.185673781,receptions,Mike Gesicki - Total Receptions,,Mike Gesicki,16580235,under,2.5,-166,1.602409638554217,0.6240601503759399,open,,,2026-09-10T12:15:11Z,,,,,v3-forward-measurement
6193a409-240b-4c51-a02e-efe8fd2dd18f,b3d71b24-d18f-48a8-ae1d-aa7662bafbb9,2026-09-10T12:15:11Z,FanDuel Sportsbook structured market feed,,VA,NFL,36053582,Tampa Bay Buccaneers @ Cincinnati Bengals,2026-09-13T17:01:00.000Z,FanDuel,751.185673863,receptions,Samaje Perine - Total Receptions,,Samaje Perine,15499370,over,1.5,140,2.4,0.4166666666666667,open,,,2026-09-10T12:15:11Z,,,,,v3-forward-measurement
6193a409-240b-4c51-a02e-efe8fd2dd18f,f7d9ecd2-7a3e-49e0-8cba-1dd2fd152be7,2026-09-10T12:15:11Z,FanDuel Sportsbook structured market feed,,VA,NFL,36053582,Tampa Bay Buccaneers @ Cincinnati Bengals,2026-09-13T17:01:00.000Z,FanDuel,751.185673863,receptions,Samaje Perine - Total Receptions,,Samaje Perine,15499371,under,1.5,-188,1.531914893617021,0.6527777777777778,open,,,2026-09-10T12:15:11Z,,,,,v3-forward-measurement
6193a409-240b-4c51-a02e-efe8fd2dd18f,5ce0787d-d7de-41ff-9707-f1cf86c6cc8c,2026-09-10T12:15:11Z,FanDuel Sportsbook structured market feed,,VA,NFL,36053582,Tampa Bay Buccaneers @ Cincinnati Bengals,2026-09-13T17:01:00.000Z,FanDuel,751.185673941,receiving_yards,Samaje Perine - Receiving Yds,,Samaje Perine,15499370,over,6.5,-114,1.87719298245614,0.5327102803738317,open,,,2026-09-10T12:15:11Z,,,,,v3-forward-measurement
6193a409-240b-4c51-a02e-efe8fd2dd18f,ba2e2f1b-0eee-4f72-b452-20ebf0b06308,2026-09-10T12:15:11Z,FanDuel Sportsbook structured market feed,,VA,NFL,36053582,Tampa Bay Buccaneers @ Cincinnati Bengals,2026-09-13T17:01:00.000Z,FanDuel,751.185673941,receiving_yards,Samaje Perine - Receiving Yds,,Samaje Perine,15499371,under,6.5,-114,1.87719298245614,0.5327102803738317,open,,,2026-09-10T12:15:11Z,,,,,v3-forward-measurement
6193a409-240b-4c51-a02e-efe8fd2dd18f,84b60ef8-c68e-48c7-bc22-46cf58f03b25,2026-09-10T12:15:11Z,FanDuel Sportsbook structured market feed,,VA,NFL,36053582,Tampa Bay Buccaneers @ Cincinnati Bengals,2026-09-13T17:01:00.000Z,FanDuel,751.185673828,receptions,Bucky Irving - Total Receptions,,Bucky Irving,49541847,over,2.5,144,2.44,0.4098360655737705,open,,,2026-09-10T12:15:11Z,,,,,v3-forward-measurement
6193a409-240b-4c51-a02e-efe8fd2dd18f,490f3fd0-7a19-4821-962a-729dcf84a592,2026-09-10T12:15:11Z,FanDuel Sportsbook structured market feed,,VA,NFL,36053582,Tampa Bay Buccaneers @ Cincinnati Bengals,2026-09-13T17:01:00.000Z,FanDuel,751.185673828,receptions,Bucky Irving - Total Receptions,,Bucky Irving,49541845,under,2.5,-194,1.515463917525773,0.6598639455782312,open,,,2026-09-10T12:15:11Z,,,,,v3-forward-measurement
6193a409-240b-4c51-a02e-efe8fd2dd18f,946cb96d-17cc-44ba-8571-0a52002d2248,2026-09-10T12:15:11Z,FanDuel Sportsbook structured market feed,,VA,NFL,36053582,Tampa Bay Buccaneers @ Cincinnati Bengals,2026-09-13T17:01:00.000Z,FanDuel,751.185673939,receiving_yards,Bucky Irving - Receiving Yds,,Bucky Irving,49541847,over,13.5,-114,1.87719298245614,0.5327102803738317,open,,,2026-09-10T12:15:11Z,,,,,v3-forward-measurement
6193a409-240b-4c51-a02e-efe8fd2dd18f,3fd8261c-909d-430a-b543-96342869f3af,2026-09-10T12:15:11Z,FanDuel Sportsbook structured market feed,,VA,NFL,36053582,Tampa Bay Buccaneers @ Cincinnati Bengals,2026-09-13T17:01:00.000Z,FanDuel,751.185673939,receiving_yards,Bucky Irving - Receiving Yds,,Bucky Irving,49541845,under,13.5,-114,1.87719298245614,0.5327102803738317,open,,,2026-09-10T12:15:11Z,,,,,v3-forward-measurement
6193a409-240b-4c51-a02e-efe8fd2dd18f,e7dbd119-c87d-481b-a6ae-c740a20bbde4,2026-09-10T12:15:11Z,FanDuel Sportsbook structured market feed,,VA,NFL,36053582,Tampa Bay Buccaneers @ Cincinnati Bengals,2026-09-13T17:01:00.000Z,FanDuel,751.185673775,receiving_yards,Mike Gesicki - Receiving Yds,,Mike Gesicki,16580234,over,20.5,-114,1.87719298245614,0.5327102803738317,open,,,2026-09-10T12:15:11Z,,,,,v3-forward-measurement
6193a409-240b-4c51-a02e-efe8fd2dd18f,a4e08cdf-c056-466d-8006-7b98fdeb2c68,2026-09-10T12:15:11Z,FanDuel Sportsbook structured market feed,,VA,NFL,36053582,Tampa Bay Buccaneers @ Cincinnati Bengals,2026-09-13T17:01:00.000Z,FanDuel,751.185673775,receiving_yards,Mike Gesicki - Receiving Yds,,Mike Gesicki,16580235,under,20.5,-114,1.87719298245614,0.5327102803738317,open,,,2026-09-10T12:15:11Z,,,,,v3-forward-measurement
6193a409-240b-4c51-a02e-efe8fd2dd18f,53b51d70-8e98-429a-8623-0de9d4ff1844,2026-09-10T12:15:11Z,FanDuel Sportsbook structured market feed,,VA,NFL,36053582,Tampa Bay Buccaneers @ Cincinnati Bengals,2026-09-13T17:01:00.000Z,FanDuel,751.185673731,receptions,Chris Godwin - Total Receptions,,Chris Godwin,20781116,over,3.5,-138,1.72463768115942,0.5798319327731093,open,,,2026-09-10T12:15:11Z,,,,,v3-forward-measurement
6193a409-240b-4c51-a02e-efe8fd2dd18f,68208b8d-b729-410a-b09a-d630e2365b2f,2026-09-10T12:15:11Z,FanDuel Sportsbook structured market feed,,VA,NFL,36053582,Tampa Bay Buccaneers @ Cincinnati Bengals,2026-09-13T17:01:00.000Z,FanDuel,751.185673731,receptions,Chris Godwin - Total Receptions,,Chris Godwin,20781117,under,3.5,104,2.04,0.49019607843137253,open,,,2026-09-10T12:15:11Z,,,,,v3-forward-measurement
6193a409-240b-4c51-a02e-efe8fd2dd18f,a9feb61f-c133-43c0-b2ba-f83bbb5d4108,2026-09-10T12:15:11Z,FanDuel Sportsbook structured market feed,,VA,NFL,36053582,Tampa Bay Buccaneers @ Cincinnati Bengals,2026-09-13T17:01:00.000Z,FanDuel,751.185673897,receptions,Kenneth Gainwell - Total Receptions,,Kenneth Gainwell,40915793,over,3.5,116,2.16,0.46296296296296297,open,,,2026-09-10T12:15:11Z,,,,,v3-forward-measurement
6193a409-240b-4c51-a02e-efe8fd2dd18f,8f3257fb-452b-4fac-9147-504a5a015863,2026-09-10T12:15:11Z,FanDuel Sportsbook structured market feed,,VA,NFL,36053582,Tampa Bay Buccaneers @ Cincinnati Bengals,2026-09-13T17:01:00.000Z,FanDuel,751.185673897,receptions,Kenneth Gainwell - Total Receptions,,Kenneth Gainwell,40915796,under,3.5,-154,1.649350649350649,0.6062992125984252,open,,,2026-09-10T12:15:11Z,,,,,v3-forward-measurement
6193a409-240b-4c51-a02e-efe8fd2dd18f,76f18c46-7a68-44a2-a8f0-5d662e3c938d,2026-09-10T12:15:11Z,FanDuel Sportsbook structured market feed,,VA,NFL,36053582,Tampa Bay Buccaneers @ Cincinnati Bengals,2026-09-13T17:01:00.000Z,FanDuel,751.185673930,receptions,Ja'Marr Chase - Total Receptions,,Ja'Marr Chase,40890769,over,7.5,116,2.16,0.46296296296296297,open,,,2026-09-10T12:15:11Z,,,,,v3-forward-measurement
6193a409-240b-4c51-a02e-efe8fd2dd18f,b66dab64-80df-4d6a-869b-9bf157dd00aa,2026-09-10T12:15:11Z,FanDuel Sportsbook structured market feed,,VA,NFL,36053582,Tampa Bay Buccaneers @ Cincinnati Bengals,2026-09-13T17:01:00.000Z,FanDuel,751.185673930,receptions,Ja'Marr Chase - Total Receptions,,Ja'Marr Chase,40890768,under,7.5,-154,1.649350649350649,0.6062992125984252,open,,,2026-09-10T12:15:11Z,,,,,v3-forward-measurement
6193a409-240b-4c51-a02e-efe8fd2dd18f,45f58eec-f75a-4247-a2eb-b8de62ccf30d,2026-09-10T12:15:11Z,FanDuel Sportsbook structured market feed,,VA,NFL,36053582,Tampa Bay Buccaneers @ Cincinnati Bengals,2026-09-13T17:01:00.000Z,FanDuel,751.185673778,receiving_yards,Ja'Marr Chase - Receiving Yds,,Ja'Marr Chase,40890769,over,85.5,-114,1.87719298245614,0.5327102803738317,open,,,2026-09-10T12:15:11Z,,,,,v3-forward-measurement
6193a409-240b-4c51-a02e-efe8fd2dd18f,fef290d0-a1a1-468a-87a7-abdf14764755,2026-09-10T12:15:11Z,FanDuel Sportsbook structured market feed,,VA,NFL,36053582,Tampa Bay Buccaneers @ Cincinnati Bengals,2026-09-13T17:01:00.000Z,FanDuel,751.185673778,receiving_yards,Ja'Marr Chase - Receiving Yds,,Ja'Marr Chase,40890768,under,85.5,-114,1.87719298245614,0.5327102803738317,open,,,2026-09-10T12:15:11Z,,,,,v3-forward-measurement
