capture_id,quote_id,captured_at,source,source_updated_at,state,sport,event_id,event_name,kickoff,book,market_id,market_type,market_name,player_id,player_name,selection_id,selection,line,american_price,decimal_price,implied_probability,quote_status,opening_line,opening_price,first_observed,closing_line,closing_price,result,net_units,model_version
d9dabcda-e265-4722-907e-132666c3d6c2,00fc9e6d-be4f-4dec-bcac-8a6f6f3f2f9d,2026-09-11T18:15:15Z,FanDuel Sportsbook structured market feed,,VA,NFL,35596943,Dallas Cowboys @ New York Giants,2026-09-14T00:20:00.000Z,FanDuel,751.183007431,passing_touchdowns,Jaxson Dart - Passing TDs,,Jaxson Dart,41788833,over,1.5,136,2.36,0.423728813559322,open,,,2026-09-11T18:15:15Z,,,,,v3-forward-measurement
d9dabcda-e265-4722-907e-132666c3d6c2,e5ecf80f-843b-4190-bd51-ce99274df514,2026-09-11T18:15:15Z,FanDuel Sportsbook structured market feed,,VA,NFL,35596943,Dallas Cowboys @ New York Giants,2026-09-14T00:20:00.000Z,FanDuel,751.183007431,passing_touchdowns,Jaxson Dart - Passing TDs,,Jaxson Dart,41788834,under,1.5,-182,1.549450549450549,0.6453900709219859,open,,,2026-09-11T18:15:15Z,,,,,v3-forward-measurement
d9dabcda-e265-4722-907e-132666c3d6c2,977b6617-6d96-41b6-bcb4-ea9cc4bec1f7,2026-09-11T18:15:15Z,FanDuel Sportsbook structured market feed,,VA,NFL,35596943,Dallas Cowboys @ New York Giants,2026-09-14T00:20:00.000Z,FanDuel,751.183007477,passing_yards,Dak Prescott - Passing Yds,,Dak Prescott,11889993,over,263.5,-114,1.87719298245614,0.5327102803738317,open,,,2026-09-11T18:15:15Z,,,,,v3-forward-measurement
d9dabcda-e265-4722-907e-132666c3d6c2,c1933d34-396b-4492-9c0a-0e3838e7ba28,2026-09-11T18:15:15Z,FanDuel Sportsbook structured market feed,,VA,NFL,35596943,Dallas Cowboys @ New York Giants,2026-09-14T00:20:00.000Z,FanDuel,751.183007477,passing_yards,Dak Prescott - Passing Yds,,Dak Prescott,11889992,under,263.5,-114,1.87719298245614,0.5327102803738317,open,,,2026-09-11T18:15:15Z,,,,,v3-forward-measurement
d9dabcda-e265-4722-907e-132666c3d6c2,3cd3abfd-561d-4ade-95c5-324c343fa2e2,2026-09-11T18:15:15Z,FanDuel Sportsbook structured market feed,,VA,NFL,35596943,Dallas Cowboys @ New York Giants,2026-09-14T00:20:00.000Z,FanDuel,751.183007451,passing_yards,Jaxson Dart - Passing Yds,,Jaxson Dart,41788833,over,213.5,-114,1.87719298245614,0.5327102803738317,open,,,2026-09-11T18:15:15Z,,,,,v3-forward-measurement
d9dabcda-e265-4722-907e-132666c3d6c2,1f12aa84-5f1c-4d36-a271-614507354815,2026-09-11T18:15:15Z,FanDuel Sportsbook structured market feed,,VA,NFL,35596943,Dallas Cowboys @ New York Giants,2026-09-14T00:20:00.000Z,FanDuel,751.183007451,passing_yards,Jaxson Dart - Passing Yds,,Jaxson Dart,41788834,under,213.5,-114,1.87719298245614,0.5327102803738317,open,,,2026-09-11T18:15:15Z,,,,,v3-forward-measurement
d9dabcda-e265-4722-907e-132666c3d6c2,43da8880-1b25-4f4f-b7a2-4d39c6b8bc02,2026-09-11T18:15:15Z,FanDuel Sportsbook structured market feed,,VA,NFL,35596943,Dallas Cowboys @ New York Giants,2026-09-14T00:20:00.000Z,FanDuel,751.183007524,passing_touchdowns,Dak Prescott - Passing TDs,,Dak Prescott,11889993,over,1.5,-154,1.649350649350649,0.6062992125984252,open,,,2026-09-11T18:15:15Z,,,,,v3-forward-measurement
d9dabcda-e265-4722-907e-132666c3d6c2,17a118bc-ae40-41cf-9a7d-004271fbd517,2026-09-11T18:15:15Z,FanDuel Sportsbook structured market feed,,VA,NFL,35596943,Dallas Cowboys @ New York Giants,2026-09-14T00:20:00.000Z,FanDuel,751.183007524,passing_touchdowns,Dak Prescott - Passing TDs,,Dak Prescott,11889992,under,1.5,116,2.16,0.46296296296296297,open,,,2026-09-11T18:15:15Z,,,,,v3-forward-measurement
037706f2-26e4-41ef-8630-2c0f08203425,7290803f-2c38-4413-b052-ef7f066c67bb,2026-09-11T18:15:15Z,FanDuel Sportsbook structured market feed,,VA,NFL,35596943,Dallas Cowboys @ New York Giants,2026-09-14T00:20:00.000Z,FanDuel,751.186000683,rushing_yards,KaVontae Turpin - Rushing Yds,,KaVontae Turpin,48401060,over,3.5,-120,1.833333333333333,0.5454545454545454,open,,,2026-09-11T18:15:15Z,,,,,v3-forward-measurement
037706f2-26e4-41ef-8630-2c0f08203425,a40a852e-9e14-4414-9126-3ef0d44ca59e,2026-09-11T18:15:15Z,FanDuel Sportsbook structured market feed,,VA,NFL,35596943,Dallas Cowboys @ New York Giants,2026-09-14T00:20:00.000Z,FanDuel,751.186000683,rushing_yards,KaVontae Turpin - Rushing Yds,,KaVontae Turpin,48401059,under,3.5,-108,1.925925925925926,0.5192307692307693,open,,,2026-09-11T18:15:15Z,,,,,v3-forward-measurement
037706f2-26e4-41ef-8630-2c0f08203425,5c243bc0-fea6-408e-83c2-bdf6ff682a3a,2026-09-11T18:15:15Z,FanDuel Sportsbook structured market feed,,VA,NFL,35596943,Dallas Cowboys @ New York Giants,2026-09-14T00:20:00.000Z,FanDuel,751.183016259,rushing_yards,Jaxson Dart - Rushing Yds,,Jaxson Dart,41788833,over,31.5,-114,1.87719298245614,0.5327102803738317,open,,,2026-09-11T18:15:15Z,,,,,v3-forward-measurement
037706f2-26e4-41ef-8630-2c0f08203425,bb7d2304-4c1c-48db-b85f-6ad0f755e141,2026-09-11T18:15:15Z,FanDuel Sportsbook structured market feed,,VA,NFL,35596943,Dallas Cowboys @ New York Giants,2026-09-14T00:20:00.000Z,FanDuel,751.183016259,rushing_yards,Jaxson Dart - Rushing Yds,,Jaxson Dart,41788834,under,31.5,-114,1.87719298245614,0.5327102803738317,open,,,2026-09-11T18:15:15Z,,,,,v3-forward-measurement
037706f2-26e4-41ef-8630-2c0f08203425,2e41c697-1958-43c5-8b5c-5962f05be056,2026-09-11T18:15:15Z,FanDuel Sportsbook structured market feed,,VA,NFL,35596943,Dallas Cowboys @ New York Giants,2026-09-14T00:20:00.000Z,FanDuel,751.185544787,rushing_yards,Malik Davis - Rushing Yds,,Malik Davis,41172959,over,16.5,-114,1.87719298245614,0.5327102803738317,open,,,2026-09-11T18:15:15Z,,,,,v3-forward-measurement
037706f2-26e4-41ef-8630-2c0f08203425,be321c4b-5760-42c5-af5e-3976abb8fdfb,2026-09-11T18:15:15Z,FanDuel Sportsbook structured market feed,,VA,NFL,35596943,Dallas Cowboys @ New York Giants,2026-09-14T00:20:00.000Z,FanDuel,751.185544787,rushing_yards,Malik Davis - Rushing Yds,,Malik Davis,41172958,under,16.5,-114,1.87719298245614,0.5327102803738317,open,,,2026-09-11T18:15:15Z,,,,,v3-forward-measurement
037706f2-26e4-41ef-8630-2c0f08203425,d3d4ea56-ca50-435c-b5d4-f5199fcddc49,2026-09-11T18:15:15Z,FanDuel Sportsbook structured market feed,,VA,NFL,35596943,Dallas Cowboys @ New York Giants,2026-09-14T00:20:00.000Z,FanDuel,751.184988882,rushing_yards,Cam Skattebo - Rushing Yds,,Cam Skattebo,88246528,over,49.5,-114,1.87719298245614,0.5327102803738317,open,,,2026-09-11T18:15:15Z,,,,,v3-forward-measurement
037706f2-26e4-41ef-8630-2c0f08203425,e3796047-582a-47b0-9f1e-d97383f17619,2026-09-11T18:15:15Z,FanDuel Sportsbook structured market feed,,VA,NFL,35596943,Dallas Cowboys @ New York Giants,2026-09-14T00:20:00.000Z,FanDuel,751.184988882,rushing_yards,Cam Skattebo - Rushing Yds,,Cam Skattebo,88246518,under,49.5,-114,1.87719298245614,0.5327102803738317,open,,,2026-09-11T18:15:15Z,,,,,v3-forward-measurement
037706f2-26e4-41ef-8630-2c0f08203425,a35076ee-c076-48f8-b782-527b3ba29119,2026-09-11T18:15:15Z,FanDuel Sportsbook structured market feed,,VA,NFL,35596943,Dallas Cowboys @ New York Giants,2026-09-14T00:20:00.000Z,FanDuel,751.183016262,rushing_yards,Javonte Williams - Rushing Yds,,Javonte Williams,40891106,over,72.5,-114,1.87719298245614,0.5327102803738317,open,,,2026-09-11T18:15:15Z,,,,,v3-forward-measurement
037706f2-26e4-41ef-8630-2c0f08203425,ea6b283e-3b56-4aee-9b04-663f3a23028a,2026-09-11T18:15:15Z,FanDuel Sportsbook structured market feed,,VA,NFL,35596943,Dallas Cowboys @ New York Giants,2026-09-14T00:20:00.000Z,FanDuel,751.183016262,rushing_yards,Javonte Williams - Rushing Yds,,Javonte Williams,40891107,under,72.5,-114,1.87719298245614,0.5327102803738317,open,,,2026-09-11T18:15:15Z,,,,,v3-forward-measurement
037706f2-26e4-41ef-8630-2c0f08203425,7c6ad4f8-ba94-443f-8d97-4bf0017adde7,2026-09-11T18:15:15Z,FanDuel Sportsbook structured market feed,,VA,NFL,35596943,Dallas Cowboys @ New York Giants,2026-09-14T00:20:00.000Z,FanDuel,751.184989087,rushing_yards,Dak Prescott - Rushing Yds,,Dak Prescott,11889993,over,7.5,-120,1.833333333333333,0.5454545454545454,open,,,2026-09-11T18:15:15Z,,,,,v3-forward-measurement
037706f2-26e4-41ef-8630-2c0f08203425,e6a2a96a-7271-4b0b-9e71-697703d0d1c4,2026-09-11T18:15:15Z,FanDuel Sportsbook structured market feed,,VA,NFL,35596943,Dallas Cowboys @ New York Giants,2026-09-14T00:20:00.000Z,FanDuel,751.184989087,rushing_yards,Dak Prescott - Rushing Yds,,Dak Prescott,11889992,under,7.5,-108,1.925925925925926,0.5192307692307693,open,,,2026-09-11T18:15:15Z,,,,,v3-forward-measurement
654540c8-13be-4b59-918f-840f611f79e8,cbe4fe68-5db3-417d-bd8d-a8e3e420db44,2026-09-11T18:15:15Z,FanDuel Sportsbook structured market feed,,VA,NFL,35596943,Dallas Cowboys @ New York Giants,2026-09-14T00:20:00.000Z,FanDuel,751.185434183,receptions,Malachi Fields - Total Receptions,,Malachi Fields,59997472,over,2.5,134,2.34,0.42735042735042733,open,,,2026-09-11T18:15:15Z,,,,,v3-forward-measurement
654540c8-13be-4b59-918f-840f611f79e8,72979a20-1c34-48b1-824a-56d48855a506,2026-09-11T18:15:15Z,FanDuel Sportsbook structured market feed,,VA,NFL,35596943,Dallas Cowboys @ New York Giants,2026-09-14T00:20:00.000Z,FanDuel,751.185434183,receptions,Malachi Fields - Total Receptions,,Malachi Fields,59997467,under,2.5,-180,1.555555555555556,0.6428571428571429,open,,,2026-09-11T18:15:15Z,,,,,v3-forward-measurement
654540c8-13be-4b59-918f-840f611f79e8,cc875599-c85f-4b50-8e11-ffc53f29218b,2026-09-11T18:15:15Z,FanDuel Sportsbook structured market feed,,VA,NFL,35596943,Dallas Cowboys @ New York Giants,2026-09-14T00:20:00.000Z,FanDuel,751.185937804,receptions,Darnell Mooney - Total Receptions,,Darnell Mooney,36284882,over,1.5,-102,1.980392156862745,0.504950495049505,open,,,2026-09-11T18:15:15Z,,,,,v3-forward-measurement
654540c8-13be-4b59-918f-840f611f79e8,1e81041c-723f-4a6e-8101-bb8e18a25494,2026-09-11T18:15:15Z,FanDuel Sportsbook structured market feed,,VA,NFL,35596943,Dallas Cowboys @ New York Giants,2026-09-14T00:20:00.000Z,FanDuel,751.185937804,receptions,Darnell Mooney - Total Receptions,,Darnell Mooney,36284883,under,1.5,-130,1.769230769230769,0.5652173913043478,open,,,2026-09-11T18:15:15Z,,,,,v3-forward-measurement
654540c8-13be-4b59-918f-840f611f79e8,c531ec5e-d88f-4fd7-88b0-bf85a14440cf,2026-09-11T18:15:15Z,FanDuel Sportsbook structured market feed,,VA,NFL,35596943,Dallas Cowboys @ New York Giants,2026-09-14T00:20:00.000Z,FanDuel,751.184988868,receiving_yards,Cam Skattebo - Receiving Yds,,Cam Skattebo,88246528,over,15.5,-114,1.87719298245614,0.5327102803738317,open,,,2026-09-11T18:15:15Z,,,,,v3-forward-measurement
654540c8-13be-4b59-918f-840f611f79e8,b3f2337d-4daa-4ee2-8c2e-eb54d058428c,2026-09-11T18:15:15Z,FanDuel Sportsbook structured market feed,,VA,NFL,35596943,Dallas Cowboys @ New York Giants,2026-09-14T00:20:00.000Z,FanDuel,751.184988868,receiving_yards,Cam Skattebo - Receiving Yds,,Cam Skattebo,88246518,under,15.5,-114,1.87719298245614,0.5327102803738317,open,,,2026-09-11T18:15:15Z,,,,,v3-forward-measurement
654540c8-13be-4b59-918f-840f611f79e8,b4dd788e-6213-4cb2-af40-3438170102f9,2026-09-11T18:15:15Z,FanDuel Sportsbook structured market feed,,VA,NFL,35596943,Dallas Cowboys @ New York Giants,2026-09-14T00:20:00.000Z,FanDuel,751.183009497,receptions,CeeDee Lamb - Total Receptions,,CeeDee Lamb,35952241,over,6.5,124,2.24,0.44642857142857145,open,,,2026-09-11T18:15:15Z,,,,,v3-forward-measurement
654540c8-13be-4b59-918f-840f611f79e8,a2de0e06-c9a3-4724-8410-c08be2d5a39f,2026-09-11T18:15:15Z,FanDuel Sportsbook structured market feed,,VA,NFL,35596943,Dallas Cowboys @ New York Giants,2026-09-14T00:20:00.000Z,FanDuel,751.183009497,receptions,CeeDee Lamb - Total Receptions,,CeeDee Lamb,35952242,under,6.5,-166,1.602409638554217,0.6240601503759399,open,,,2026-09-11T18:15:15Z,,,,,v3-forward-measurement
654540c8-13be-4b59-918f-840f611f79e8,de0f3377-097a-4cfd-8482-aa590bdf3a78,2026-09-11T18:15:15Z,FanDuel Sportsbook structured market feed,,VA,NFL,35596943,Dallas Cowboys @ New York Giants,2026-09-14T00:20:00.000Z,FanDuel,751.183009498,receiving_yards,CeeDee Lamb - Receiving Yds,,CeeDee Lamb,35952241,over,75.5,-114,1.87719298245614,0.5327102803738317,open,,,2026-09-11T18:15:15Z,,,,,v3-forward-measurement
654540c8-13be-4b59-918f-840f611f79e8,7e9083c6-f283-4151-a689-d8080135cea8,2026-09-11T18:15:15Z,FanDuel Sportsbook structured market feed,,VA,NFL,35596943,Dallas Cowboys @ New York Giants,2026-09-14T00:20:00.000Z,FanDuel,751.183009498,receiving_yards,CeeDee Lamb - Receiving Yds,,CeeDee Lamb,35952242,under,75.5,-114,1.87719298245614,0.5327102803738317,open,,,2026-09-11T18:15:15Z,,,,,v3-forward-measurement
654540c8-13be-4b59-918f-840f611f79e8,8eef62a8-4d4b-4db5-8347-cc43778a00ad,2026-09-11T18:15:15Z,FanDuel Sportsbook structured market feed,,VA,NFL,35596943,Dallas Cowboys @ New York Giants,2026-09-14T00:20:00.000Z,FanDuel,751.185937807,receiving_yards,Darnell Mooney - Receiving Yds,,Darnell Mooney,36284882,over,19.5,-114,1.87719298245614,0.5327102803738317,open,,,2026-09-11T18:15:15Z,,,,,v3-forward-measurement
654540c8-13be-4b59-918f-840f611f79e8,a44f48f3-7e71-42e7-8c94-20c4996fd55f,2026-09-11T18:15:15Z,FanDuel Sportsbook structured market feed,,VA,NFL,35596943,Dallas Cowboys @ New York Giants,2026-09-14T00:20:00.000Z,FanDuel,751.185937807,receiving_yards,Darnell Mooney - Receiving Yds,,Darnell Mooney,36284883,under,19.5,-114,1.87719298245614,0.5327102803738317,open,,,2026-09-11T18:15:15Z,,,,,v3-forward-measurement
654540c8-13be-4b59-918f-840f611f79e8,291c9d99-a1c2-44eb-9f12-68350c0b1244,2026-09-11T18:15:15Z,FanDuel Sportsbook structured market feed,,VA,NFL,35596943,Dallas Cowboys @ New York Giants,2026-09-14T00:20:00.000Z,FanDuel,751.185434196,receiving_yards,Malachi Fields - Receiving Yds,,Malachi Fields,59997472,over,21.5,-114,1.87719298245614,0.5327102803738317,open,,,2026-09-11T18:15:15Z,,,,,v3-forward-measurement
654540c8-13be-4b59-918f-840f611f79e8,f75b1630-78e5-4d74-b6b7-6de12f27eade,2026-09-11T18:15:15Z,FanDuel Sportsbook structured market feed,,VA,NFL,35596943,Dallas Cowboys @ New York Giants,2026-09-14T00:20:00.000Z,FanDuel,751.185434196,receiving_yards,Malachi Fields - Receiving Yds,,Malachi Fields,59997467,under,21.5,-114,1.87719298245614,0.5327102803738317,open,,,2026-09-11T18:15:15Z,,,,,v3-forward-measurement
654540c8-13be-4b59-918f-840f611f79e8,078d87ea-e6f8-4b0b-b7b2-9aa7f4e6680e,2026-09-11T18:15:15Z,FanDuel Sportsbook structured market feed,,VA,NFL,35596943,Dallas Cowboys @ New York Giants,2026-09-14T00:20:00.000Z,FanDuel,751.185938706,receiving_yards,Theo Johnson - Receiving Yds,,Theo Johnson,60780431,over,13.5,-114,1.87719298245614,0.5327102803738317,open,,,2026-09-11T18:15:15Z,,,,,v3-forward-measurement
654540c8-13be-4b59-918f-840f611f79e8,27684f9d-7fd3-4c50-8c6c-4738259af5dd,2026-09-11T18:15:15Z,FanDuel Sportsbook structured market feed,,VA,NFL,35596943,Dallas Cowboys @ New York Giants,2026-09-14T00:20:00.000Z,FanDuel,751.185938706,receiving_yards,Theo Johnson - Receiving Yds,,Theo Johnson,60780433,under,13.5,-114,1.87719298245614,0.5327102803738317,open,,,2026-09-11T18:15:15Z,,,,,v3-forward-measurement
654540c8-13be-4b59-918f-840f611f79e8,384da467-303f-43f7-9aac-d766f2d5c15e,2026-09-11T18:15:15Z,FanDuel Sportsbook structured market feed,,VA,NFL,35596943,Dallas Cowboys @ New York Giants,2026-09-14T00:20:00.000Z,FanDuel,751.185938708,receptions,Theo Johnson - Total Receptions,,Theo Johnson,60780431,over,1.5,-112,1.892857142857143,0.5283018867924528,open,,,2026-09-11T18:15:15Z,,,,,v3-forward-measurement
654540c8-13be-4b59-918f-840f611f79e8,bb8d9783-7c98-4877-826f-31a8d6b686f6,2026-09-11T18:15:15Z,FanDuel Sportsbook structured market feed,,VA,NFL,35596943,Dallas Cowboys @ New York Giants,2026-09-14T00:20:00.000Z,FanDuel,751.185938708,receptions,Theo Johnson - Total Receptions,,Theo Johnson,60780433,under,1.5,-118,1.847457627118644,0.5412844036697247,open,,,2026-09-11T18:15:15Z,,,,,v3-forward-measurement
654540c8-13be-4b59-918f-840f611f79e8,225d2646-c390-4565-b3c6-c5ac01d647c7,2026-09-11T18:15:15Z,FanDuel Sportsbook structured market feed,,VA,NFL,35596943,Dallas Cowboys @ New York Giants,2026-09-14T00:20:00.000Z,FanDuel,751.184988177,receiving_yards,Javonte Williams - Receiving Yds,,Javonte Williams,40891106,over,10.5,-114,1.87719298245614,0.5327102803738317,open,,,2026-09-11T18:15:15Z,,,,,v3-forward-measurement
654540c8-13be-4b59-918f-840f611f79e8,68d4b615-8278-488f-828b-7e3733fceed6,2026-09-11T18:15:15Z,FanDuel Sportsbook structured market feed,,VA,NFL,35596943,Dallas Cowboys @ New York Giants,2026-09-14T00:20:00.000Z,FanDuel,751.184988177,receiving_yards,Javonte Williams - Receiving Yds,,Javonte Williams,40891107,under,10.5,-114,1.87719298245614,0.5327102803738317,open,,,2026-09-11T18:15:15Z,,,,,v3-forward-measurement
654540c8-13be-4b59-918f-840f611f79e8,7e24bfec-2f91-4bf6-a733-d8c631f105bb,2026-09-11T18:15:15Z,FanDuel Sportsbook structured market feed,,VA,NFL,35596943,Dallas Cowboys @ New York Giants,2026-09-14T00:20:00.000Z,FanDuel,751.184988179,receptions,Javonte Williams - Total Receptions,,Javonte Williams,40891106,over,2.5,134,2.34,0.42735042735042733,open,,,2026-09-11T18:15:15Z,,,,,v3-forward-measurement
654540c8-13be-4b59-918f-840f611f79e8,a45f2c05-4db2-4c2c-a39d-d737979727e1,2026-09-11T18:15:15Z,FanDuel Sportsbook structured market feed,,VA,NFL,35596943,Dallas Cowboys @ New York Giants,2026-09-14T00:20:00.000Z,FanDuel,751.184988179,receptions,Javonte Williams - Total Receptions,,Javonte Williams,40891107,under,2.5,-180,1.555555555555556,0.6428571428571429,open,,,2026-09-11T18:15:15Z,,,,,v3-forward-measurement
654540c8-13be-4b59-918f-840f611f79e8,ffad55a4-a9df-45fc-8261-a927fdbd0034,2026-09-11T18:15:15Z,FanDuel Sportsbook structured market feed,,VA,NFL,35596943,Dallas Cowboys @ New York Giants,2026-09-14T00:20:00.000Z,FanDuel,751.184820301,receiving_yards,Odell Beckham Jr. - Receiving Yds,,Odell Beckham Jr.,25909418,over,10.5,-114,1.87719298245614,0.5327102803738317,open,,,2026-09-11T18:15:15Z,,,,,v3-forward-measurement
654540c8-13be-4b59-918f-840f611f79e8,6e8312eb-5cab-4d0c-9ee3-8d326e387132,2026-09-11T18:15:15Z,FanDuel Sportsbook structured market feed,,VA,NFL,35596943,Dallas Cowboys @ New York Giants,2026-09-14T00:20:00.000Z,FanDuel,751.184820301,receiving_yards,Odell Beckham Jr. - Receiving Yds,,Odell Beckham Jr.,25909419,under,10.5,-114,1.87719298245614,0.5327102803738317,open,,,2026-09-11T18:15:15Z,,,,,v3-forward-measurement
654540c8-13be-4b59-918f-840f611f79e8,6ece11e7-6b7f-4e2c-83c1-f195dea999be,2026-09-11T18:15:15Z,FanDuel Sportsbook structured market feed,,VA,NFL,35596943,Dallas Cowboys @ New York Giants,2026-09-14T00:20:00.000Z,FanDuel,751.184987956,receptions,Jake Ferguson - Total Receptions,,Jake Ferguson,41072316,over,3.5,-130,1.769230769230769,0.5652173913043478,open,,,2026-09-11T18:15:15Z,,,,,v3-forward-measurement
654540c8-13be-4b59-918f-840f611f79e8,5511d986-dcc3-4ffc-991e-2d0fb6b031ee,2026-09-11T18:15:15Z,FanDuel Sportsbook structured market feed,,VA,NFL,35596943,Dallas Cowboys @ New York Giants,2026-09-14T00:20:00.000Z,FanDuel,751.184987956,receptions,Jake Ferguson - Total Receptions,,Jake Ferguson,41072318,under,3.5,-102,1.980392156862745,0.504950495049505,open,,,2026-09-11T18:15:15Z,,,,,v3-forward-measurement
654540c8-13be-4b59-918f-840f611f79e8,ebfcd3a9-eb06-486c-8002-44564bda69c1,2026-09-11T18:15:15Z,FanDuel Sportsbook structured market feed,,VA,NFL,35596943,Dallas Cowboys @ New York Giants,2026-09-14T00:20:00.000Z,FanDuel,751.185879812,receiving_yards,Ryan Flournoy - Receiving Yds,,Ryan Flournoy,73637126,over,26.5,-114,1.87719298245614,0.5327102803738317,open,,,2026-09-11T18:15:15Z,,,,,v3-forward-measurement
654540c8-13be-4b59-918f-840f611f79e8,d3a899c0-b99b-44c9-bad4-d42983dc43bc,2026-09-11T18:15:15Z,FanDuel Sportsbook structured market feed,,VA,NFL,35596943,Dallas Cowboys @ New York Giants,2026-09-14T00:20:00.000Z,FanDuel,751.185879812,receiving_yards,Ryan Flournoy - Receiving Yds,,Ryan Flournoy,73637143,under,26.5,-114,1.87719298245614,0.5327102803738317,open,,,2026-09-11T18:15:15Z,,,,,v3-forward-measurement
654540c8-13be-4b59-918f-840f611f79e8,e6e13bcb-79a0-4e69-8fc3-1a6e0d362a3f,2026-09-11T18:15:15Z,FanDuel Sportsbook structured market feed,,VA,NFL,35596943,Dallas Cowboys @ New York Giants,2026-09-14T00:20:00.000Z,FanDuel,751.184988881,receptions,Cam Skattebo - Total Receptions,,Cam Skattebo,88246528,over,2.5,116,2.16,0.46296296296296297,open,,,2026-09-11T18:15:15Z,,,,,v3-forward-measurement
654540c8-13be-4b59-918f-840f611f79e8,2cc6f50b-af03-487a-9d9b-476fa7d35698,2026-09-11T18:15:15Z,FanDuel Sportsbook structured market feed,,VA,NFL,35596943,Dallas Cowboys @ New York Giants,2026-09-14T00:20:00.000Z,FanDuel,751.184988881,receptions,Cam Skattebo - Total Receptions,,Cam Skattebo,88246518,under,2.5,-154,1.649350649350649,0.6062992125984252,open,,,2026-09-11T18:15:15Z,,,,,v3-forward-measurement
654540c8-13be-4b59-918f-840f611f79e8,8201e3fc-cc8b-4541-b5b2-d44abcff2e75,2026-09-11T18:15:15Z,FanDuel Sportsbook structured market feed,,VA,NFL,35596943,Dallas Cowboys @ New York Giants,2026-09-14T00:20:00.000Z,FanDuel,751.184988563,receptions,Isaiah Likely - Total Receptions,,Isaiah Likely,42088270,over,3.5,106,2.06,0.4854368932038835,open,,,2026-09-11T18:15:15Z,,,,,v3-forward-measurement
654540c8-13be-4b59-918f-840f611f79e8,8ede6ade-cfc2-4fe7-ba4a-fda20165b207,2026-09-11T18:15:15Z,FanDuel Sportsbook structured market feed,,VA,NFL,35596943,Dallas Cowboys @ New York Giants,2026-09-14T00:20:00.000Z,FanDuel,751.184988563,receptions,Isaiah Likely - Total Receptions,,Isaiah Likely,42088269,under,3.5,-140,1.714285714285714,0.5833333333333334,open,,,2026-09-11T18:15:15Z,,,,,v3-forward-measurement
654540c8-13be-4b59-918f-840f611f79e8,c67e3c57-1789-4afe-a515-7f7ad17dfd5e,2026-09-11T18:15:15Z,FanDuel Sportsbook structured market feed,,VA,NFL,35596943,Dallas Cowboys @ New York Giants,2026-09-14T00:20:00.000Z,FanDuel,751.184987950,receiving_yards,Jake Ferguson - Receiving Yds,,Jake Ferguson,41072316,over,29.5,-114,1.87719298245614,0.5327102803738317,open,,,2026-09-11T18:15:15Z,,,,,v3-forward-measurement
654540c8-13be-4b59-918f-840f611f79e8,be9dbfdf-cc2e-475f-b7a1-2ed6c44ba16b,2026-09-11T18:15:15Z,FanDuel Sportsbook structured market feed,,VA,NFL,35596943,Dallas Cowboys @ New York Giants,2026-09-14T00:20:00.000Z,FanDuel,751.184987950,receiving_yards,Jake Ferguson - Receiving Yds,,Jake Ferguson,41072318,under,29.5,-114,1.87719298245614,0.5327102803738317,open,,,2026-09-11T18:15:15Z,,,,,v3-forward-measurement
654540c8-13be-4b59-918f-840f611f79e8,d467da30-2744-4db0-9110-53033612b388,2026-09-11T18:15:15Z,FanDuel Sportsbook structured market feed,,VA,NFL,35596943,Dallas Cowboys @ New York Giants,2026-09-14T00:20:00.000Z,FanDuel,751.183012162,receptions,George Pickens - Total Receptions,,George Pickens,42217164,over,4.5,-158,1.632911392405063,0.6124031007751938,open,,,2026-09-11T18:15:15Z,,,,,v3-forward-measurement
654540c8-13be-4b59-918f-840f611f79e8,048506db-5fed-47bd-8990-f6df38c2c12e,2026-09-11T18:15:15Z,FanDuel Sportsbook structured market feed,,VA,NFL,35596943,Dallas Cowboys @ New York Giants,2026-09-14T00:20:00.000Z,FanDuel,751.183012162,receptions,George Pickens - Total Receptions,,George Pickens,42217165,under,4.5,118,2.18,0.45871559633027525,open,,,2026-09-11T18:15:15Z,,,,,v3-forward-measurement
654540c8-13be-4b59-918f-840f611f79e8,59818e42-5fe1-45fd-886f-37855170cc04,2026-09-11T18:15:15Z,FanDuel Sportsbook structured market feed,,VA,NFL,35596943,Dallas Cowboys @ New York Giants,2026-09-14T00:20:00.000Z,FanDuel,751.185936850,receiving_yards,KaVontae Turpin - Receiving Yds,,KaVontae Turpin,48401060,over,8.5,-114,1.87719298245614,0.5327102803738317,open,,,2026-09-11T18:15:15Z,,,,,v3-forward-measurement
654540c8-13be-4b59-918f-840f611f79e8,18aebb07-301b-43ce-b3e0-18cc8c5a585b,2026-09-11T18:15:15Z,FanDuel Sportsbook structured market feed,,VA,NFL,35596943,Dallas Cowboys @ New York Giants,2026-09-14T00:20:00.000Z,FanDuel,751.185936850,receiving_yards,KaVontae Turpin - Receiving Yds,,KaVontae Turpin,48401059,under,8.5,-114,1.87719298245614,0.5327102803738317,open,,,2026-09-11T18:15:15Z,,,,,v3-forward-measurement
654540c8-13be-4b59-918f-840f611f79e8,9743f22a-68d6-4220-9efc-76044f7ba3f1,2026-09-11T18:15:15Z,FanDuel Sportsbook structured market feed,,VA,NFL,35596943,Dallas Cowboys @ New York Giants,2026-09-14T00:20:00.000Z,FanDuel,751.183012163,receiving_yards,George Pickens - Receiving Yds,,George Pickens,42217164,over,67.5,-114,1.87719298245614,0.5327102803738317,open,,,2026-09-11T18:15:15Z,,,,,v3-forward-measurement
654540c8-13be-4b59-918f-840f611f79e8,bc85500c-54cf-409a-b705-ecf56a4fc6db,2026-09-11T18:15:15Z,FanDuel Sportsbook structured market feed,,VA,NFL,35596943,Dallas Cowboys @ New York Giants,2026-09-14T00:20:00.000Z,FanDuel,751.183012163,receiving_yards,George Pickens - Receiving Yds,,George Pickens,42217165,under,67.5,-114,1.87719298245614,0.5327102803738317,open,,,2026-09-11T18:15:15Z,,,,,v3-forward-measurement
654540c8-13be-4b59-918f-840f611f79e8,288c0b2e-a6f1-4708-a720-be924f1d9ef6,2026-09-11T18:15:15Z,FanDuel Sportsbook structured market feed,,VA,NFL,35596943,Dallas Cowboys @ New York Giants,2026-09-14T00:20:00.000Z,FanDuel,751.183013304,receiving_yards,Malik Nabers - Receiving Yds,,Malik Nabers,42258641,over,59.5,-114,1.87719298245614,0.5327102803738317,open,,,2026-09-11T18:15:15Z,,,,,v3-forward-measurement
654540c8-13be-4b59-918f-840f611f79e8,e2a09f73-2f5f-4b0d-9340-4fbb998216c3,2026-09-11T18:15:15Z,FanDuel Sportsbook structured market feed,,VA,NFL,35596943,Dallas Cowboys @ New York Giants,2026-09-14T00:20:00.000Z,FanDuel,751.183013304,receiving_yards,Malik Nabers - Receiving Yds,,Malik Nabers,42258643,under,59.5,-114,1.87719298245614,0.5327102803738317,open,,,2026-09-11T18:15:15Z,,,,,v3-forward-measurement
654540c8-13be-4b59-918f-840f611f79e8,ee43e9d3-1c93-4885-8bff-f83c4ce26974,2026-09-11T18:15:15Z,FanDuel Sportsbook structured market feed,,VA,NFL,35596943,Dallas Cowboys @ New York Giants,2026-09-14T00:20:00.000Z,FanDuel,751.183013303,receptions,Malik Nabers - Total Receptions,,Malik Nabers,42258641,over,5.5,126,2.26,0.4424778761061947,open,,,2026-09-11T18:15:15Z,,,,,v3-forward-measurement
654540c8-13be-4b59-918f-840f611f79e8,db10690b-4c18-47ba-8acd-671cb8b44c8c,2026-09-11T18:15:15Z,FanDuel Sportsbook structured market feed,,VA,NFL,35596943,Dallas Cowboys @ New York Giants,2026-09-14T00:20:00.000Z,FanDuel,751.183013303,receptions,Malik Nabers - Total Receptions,,Malik Nabers,42258643,under,5.5,-168,1.595238095238095,0.6268656716417911,open,,,2026-09-11T18:15:15Z,,,,,v3-forward-measurement
654540c8-13be-4b59-918f-840f611f79e8,fcde46f3-5214-4b7d-bee3-1c7e13db9711,2026-09-11T18:15:15Z,FanDuel Sportsbook structured market feed,,VA,NFL,35596943,Dallas Cowboys @ New York Giants,2026-09-14T00:20:00.000Z,FanDuel,751.184988559,receiving_yards,Isaiah Likely - Receiving Yds,,Isaiah Likely,42088270,over,34.5,-114,1.87719298245614,0.5327102803738317,open,,,2026-09-11T18:15:15Z,,,,,v3-forward-measurement
654540c8-13be-4b59-918f-840f611f79e8,7991c644-180f-48e6-821e-a6c47c12d904,2026-09-11T18:15:15Z,FanDuel Sportsbook structured market feed,,VA,NFL,35596943,Dallas Cowboys @ New York Giants,2026-09-14T00:20:00.000Z,FanDuel,751.184988559,receiving_yards,Isaiah Likely - Receiving Yds,,Isaiah Likely,42088269,under,34.5,-114,1.87719298245614,0.5327102803738317,open,,,2026-09-11T18:15:15Z,,,,,v3-forward-measurement
654540c8-13be-4b59-918f-840f611f79e8,b5128809-6ab7-47a5-a019-a636fea6166f,2026-09-11T18:15:15Z,FanDuel Sportsbook structured market feed,,VA,NFL,35596943,Dallas Cowboys @ New York Giants,2026-09-14T00:20:00.000Z,FanDuel,751.185879786,receptions,Ryan Flournoy - Total Receptions,,Ryan Flournoy,73637126,over,2.5,116,2.16,0.46296296296296297,open,,,2026-09-11T18:15:15Z,,,,,v3-forward-measurement
654540c8-13be-4b59-918f-840f611f79e8,075acebc-ada4-4dab-b6c6-23af2a5cdda2,2026-09-11T18:15:15Z,FanDuel Sportsbook structured market feed,,VA,NFL,35596943,Dallas Cowboys @ New York Giants,2026-09-14T00:20:00.000Z,FanDuel,751.185879786,receptions,Ryan Flournoy - Total Receptions,,Ryan Flournoy,73637143,under,2.5,-154,1.649350649350649,0.6062992125984252,open,,,2026-09-11T18:15:15Z,,,,,v3-forward-measurement
7c50e848-f1eb-41d7-b977-fc196b285249,9aed7256-cc5c-47e6-a516-4d26eb09d227,2026-09-11T18:15:15Z,FanDuel Sportsbook structured market feed,,VA,NFL,35601246,Denver Broncos @ Kansas City Chiefs,2026-09-15T00:15:00.000Z,FanDuel,751.183526256,passing_touchdowns,Bo Nix - Passing TDs,,Bo Nix,41331175,over,1.5,132,2.32,0.43103448275862066,open,,,2026-09-11T18:15:15Z,,,,,v3-forward-measurement
7c50e848-f1eb-41d7-b977-fc196b285249,994d4075-b716-4a8c-9b63-bb5de663eb26,2026-09-11T18:15:15Z,FanDuel Sportsbook structured market feed,,VA,NFL,35601246,Denver Broncos @ Kansas City Chiefs,2026-09-15T00:15:00.000Z,FanDuel,751.183526256,passing_touchdowns,Bo Nix - Passing TDs,,Bo Nix,41331177,under,1.5,-178,1.561797752808989,0.6402877697841727,open,,,2026-09-11T18:15:15Z,,,,,v3-forward-measurement
7c50e848-f1eb-41d7-b977-fc196b285249,ff08acde-8eaf-4173-ac37-e659586738a5,2026-09-11T18:15:15Z,FanDuel Sportsbook structured market feed,,VA,NFL,35601246,Denver Broncos @ Kansas City Chiefs,2026-09-15T00:15:00.000Z,FanDuel,751.183526203,passing_touchdowns,Patrick Mahomes - Passing TDs,,Patrick Mahomes,16593717,over,1.5,114,2.14,0.4672897196261682,open,,,2026-09-11T18:15:15Z,,,,,v3-forward-measurement
7c50e848-f1eb-41d7-b977-fc196b285249,22e60a40-ac9b-4d9e-8683-4b2b767161f2,2026-09-11T18:15:15Z,FanDuel Sportsbook structured market feed,,VA,NFL,35601246,Denver Broncos @ Kansas City Chiefs,2026-09-15T00:15:00.000Z,FanDuel,751.183526203,passing_touchdowns,Patrick Mahomes - Passing TDs,,Patrick Mahomes,16593718,under,1.5,-152,1.657894736842105,0.6031746031746031,open,,,2026-09-11T18:15:15Z,,,,,v3-forward-measurement
7c50e848-f1eb-41d7-b977-fc196b285249,7e9fad5e-ec79-41d4-9f84-f7e7eb6ea2d7,2026-09-11T18:15:15Z,FanDuel Sportsbook structured market feed,,VA,NFL,35601246,Denver Broncos @ Kansas City Chiefs,2026-09-15T00:15:00.000Z,FanDuel,751.183526326,passing_yards,Bo Nix - Passing Yds,,Bo Nix,41331175,over,227.5,-114,1.87719298245614,0.5327102803738317,open,,,2026-09-11T18:15:15Z,,,,,v3-forward-measurement
7c50e848-f1eb-41d7-b977-fc196b285249,451b006f-9569-4212-add6-fcecb0e986e9,2026-09-11T18:15:15Z,FanDuel Sportsbook structured market feed,,VA,NFL,35601246,Denver Broncos @ Kansas City Chiefs,2026-09-15T00:15:00.000Z,FanDuel,751.183526326,passing_yards,Bo Nix - Passing Yds,,Bo Nix,41331177,under,227.5,-114,1.87719298245614,0.5327102803738317,open,,,2026-09-11T18:15:15Z,,,,,v3-forward-measurement
7c50e848-f1eb-41d7-b977-fc196b285249,efd2edff-2ced-4fec-9c61-54750f839ba9,2026-09-11T18:15:15Z,FanDuel Sportsbook structured market feed,,VA,NFL,35601246,Denver Broncos @ Kansas City Chiefs,2026-09-15T00:15:00.000Z,FanDuel,751.183526339,passing_yards,Patrick Mahomes - Passing Yds,,Patrick Mahomes,16593717,over,225.5,-114,1.87719298245614,0.5327102803738317,open,,,2026-09-11T18:15:15Z,,,,,v3-forward-measurement
7c50e848-f1eb-41d7-b977-fc196b285249,39d59c3d-4167-4824-a69b-f264aa9007fa,2026-09-11T18:15:15Z,FanDuel Sportsbook structured market feed,,VA,NFL,35601246,Denver Broncos @ Kansas City Chiefs,2026-09-15T00:15:00.000Z,FanDuel,751.183526339,passing_yards,Patrick Mahomes - Passing Yds,,Patrick Mahomes,16593718,under,225.5,-114,1.87719298245614,0.5327102803738317,open,,,2026-09-11T18:15:15Z,,,,,v3-forward-measurement
bfefd43b-1157-4364-aeab-35229f2c0f93,aff73838-be26-4c3b-a397-16f5f952f8b5,2026-09-11T18:15:15Z,FanDuel Sportsbook structured market feed,,VA,NFL,35601246,Denver Broncos @ Kansas City Chiefs,2026-09-15T00:15:00.000Z,FanDuel,751.183528169,rushing_yards,Bo Nix - Rushing Yds,,Bo Nix,41331175,over,15.5,-114,1.87719298245614,0.5327102803738317,open,,,2026-09-11T18:15:15Z,,,,,v3-forward-measurement
bfefd43b-1157-4364-aeab-35229f2c0f93,e4c30926-7e6e-4f64-9fdb-5347bbb5c842,2026-09-11T18:15:15Z,FanDuel Sportsbook structured market feed,,VA,NFL,35601246,Denver Broncos @ Kansas City Chiefs,2026-09-15T00:15:00.000Z,FanDuel,751.183528169,rushing_yards,Bo Nix - Rushing Yds,,Bo Nix,41331177,under,15.5,-114,1.87719298245614,0.5327102803738317,open,,,2026-09-11T18:15:15Z,,,,,v3-forward-measurement
bfefd43b-1157-4364-aeab-35229f2c0f93,0999c5f0-5702-46fd-96ea-aaf3d686dff1,2026-09-11T18:15:15Z,FanDuel Sportsbook structured market feed,,VA,NFL,35601246,Denver Broncos @ Kansas City Chiefs,2026-09-15T00:15:00.000Z,FanDuel,751.183528149,rushing_yards,Patrick Mahomes - Rushing Yds,,Patrick Mahomes,16593717,over,15.5,-114,1.87719298245614,0.5327102803738317,open,,,2026-09-11T18:15:15Z,,,,,v3-forward-measurement
bfefd43b-1157-4364-aeab-35229f2c0f93,64efd967-9125-4930-a6da-ab3edfeb48e6,2026-09-11T18:15:15Z,FanDuel Sportsbook structured market feed,,VA,NFL,35601246,Denver Broncos @ Kansas City Chiefs,2026-09-15T00:15:00.000Z,FanDuel,751.183528149,rushing_yards,Patrick Mahomes - Rushing Yds,,Patrick Mahomes,16593718,under,15.5,-114,1.87719298245614,0.5327102803738317,open,,,2026-09-11T18:15:15Z,,,,,v3-forward-measurement
bfefd43b-1157-4364-aeab-35229f2c0f93,8deb45fb-d392-4222-916e-45fef1087a80,2026-09-11T18:15:15Z,FanDuel Sportsbook structured market feed,,VA,NFL,35601246,Denver Broncos @ Kansas City Chiefs,2026-09-15T00:15:00.000Z,FanDuel,751.185117314,rushing_yards,RJ Harvey - Rushing Yds,,RJ Harvey,50744298,over,18.5,-114,1.87719298245614,0.5327102803738317,open,,,2026-09-11T18:15:15Z,,,,,v3-forward-measurement
bfefd43b-1157-4364-aeab-35229f2c0f93,e8ea3037-3f06-42af-98bf-8824e6345e6e,2026-09-11T18:15:15Z,FanDuel Sportsbook structured market feed,,VA,NFL,35601246,Denver Broncos @ Kansas City Chiefs,2026-09-15T00:15:00.000Z,FanDuel,751.185117314,rushing_yards,RJ Harvey - Rushing Yds,,RJ Harvey,50744300,under,18.5,-114,1.87719298245614,0.5327102803738317,open,,,2026-09-11T18:15:15Z,,,,,v3-forward-measurement
bfefd43b-1157-4364-aeab-35229f2c0f93,19d79ac8-eeaa-41da-b9fb-08e2908f0786,2026-09-11T18:15:15Z,FanDuel Sportsbook structured market feed,,VA,NFL,35601246,Denver Broncos @ Kansas City Chiefs,2026-09-15T00:15:00.000Z,FanDuel,751.183528041,rushing_yards,Kenneth Walker III - Rushing Yds,,Kenneth Walker III,40975102,over,59.5,-114,1.87719298245614,0.5327102803738317,open,,,2026-09-11T18:15:15Z,,,,,v3-forward-measurement
bfefd43b-1157-4364-aeab-35229f2c0f93,58ad306e-bd0f-4a70-968d-36e58c8bdea9,2026-09-11T18:15:15Z,FanDuel Sportsbook structured market feed,,VA,NFL,35601246,Denver Broncos @ Kansas City Chiefs,2026-09-15T00:15:00.000Z,FanDuel,751.183528041,rushing_yards,Kenneth Walker III - Rushing Yds,,Kenneth Walker III,40975103,under,59.5,-114,1.87719298245614,0.5327102803738317,open,,,2026-09-11T18:15:15Z,,,,,v3-forward-measurement
bfefd43b-1157-4364-aeab-35229f2c0f93,903d054b-7123-45df-b5e6-f8bcceff612f,2026-09-11T18:15:15Z,FanDuel Sportsbook structured market feed,,VA,NFL,35601246,Denver Broncos @ Kansas City Chiefs,2026-09-15T00:15:00.000Z,FanDuel,751.183528043,rushing_yards,J.K. Dobbins - Rushing Yds,,J.K. Dobbins,48302900,over,49.5,-114,1.87719298245614,0.5327102803738317,open,,,2026-09-11T18:15:15Z,,,,,v3-forward-measurement
bfefd43b-1157-4364-aeab-35229f2c0f93,afb668d5-7430-430e-84eb-5fed65a3a1f1,2026-09-11T18:15:15Z,FanDuel Sportsbook structured market feed,,VA,NFL,35601246,Denver Broncos @ Kansas City Chiefs,2026-09-15T00:15:00.000Z,FanDuel,751.183528043,rushing_yards,J.K. Dobbins - Rushing Yds,,J.K. Dobbins,48302899,under,49.5,-114,1.87719298245614,0.5327102803738317,open,,,2026-09-11T18:15:15Z,,,,,v3-forward-measurement
53945b70-44a0-4bf0-ba5a-8d7f2a7b5752,3e446be7-58e6-47dc-91a6-8259fdf56fe8,2026-09-11T18:15:15Z,FanDuel Sportsbook structured market feed,,VA,NFL,35601246,Denver Broncos @ Kansas City Chiefs,2026-09-15T00:15:00.000Z,FanDuel,751.183528882,receiving_yards,Xavier Worthy - Receiving Yds,,Xavier Worthy,41066840,over,38.5,-114,1.87719298245614,0.5327102803738317,open,,,2026-09-11T18:15:15Z,,,,,v3-forward-measurement
53945b70-44a0-4bf0-ba5a-8d7f2a7b5752,f86d6577-12a1-45aa-a39c-810a060dd3cb,2026-09-11T18:15:15Z,FanDuel Sportsbook structured market feed,,VA,NFL,35601246,Denver Broncos @ Kansas City Chiefs,2026-09-15T00:15:00.000Z,FanDuel,751.183528882,receiving_yards,Xavier Worthy - Receiving Yds,,Xavier Worthy,41066847,under,38.5,-114,1.87719298245614,0.5327102803738317,open,,,2026-09-11T18:15:15Z,,,,,v3-forward-measurement
53945b70-44a0-4bf0-ba5a-8d7f2a7b5752,8d4fcf7b-1c0d-4052-9fc8-5b9ffbf3045e,2026-09-11T18:15:15Z,FanDuel Sportsbook structured market feed,,VA,NFL,35601246,Denver Broncos @ Kansas City Chiefs,2026-09-15T00:15:00.000Z,FanDuel,751.183528883,receptions,Xavier Worthy - Total Receptions,,Xavier Worthy,41066840,over,3.5,112,2.12,0.4716981132075472,open,,,2026-09-11T18:15:15Z,,,,,v3-forward-measurement
53945b70-44a0-4bf0-ba5a-8d7f2a7b5752,70ba49e9-22db-4388-ae22-683cbf6c208c,2026-09-11T18:15:15Z,FanDuel Sportsbook structured market feed,,VA,NFL,35601246,Denver Broncos @ Kansas City Chiefs,2026-09-15T00:15:00.000Z,FanDuel,751.183528883,receptions,Xavier Worthy - Total Receptions,,Xavier Worthy,41066847,under,3.5,-148,1.675675675675676,0.5967741935483871,open,,,2026-09-11T18:15:15Z,,,,,v3-forward-measurement
53945b70-44a0-4bf0-ba5a-8d7f2a7b5752,c7db5cd6-478b-4546-81f7-63dd2d4917b6,2026-09-11T18:15:15Z,FanDuel Sportsbook structured market feed,,VA,NFL,35601246,Denver Broncos @ Kansas City Chiefs,2026-09-15T00:15:00.000Z,FanDuel,751.185163843,receptions,Pat Bryant - Total Receptions,,Pat Bryant,48907099,over,2.5,120,2.2,0.45454545454545453,open,,,2026-09-11T18:15:15Z,,,,,v3-forward-measurement
53945b70-44a0-4bf0-ba5a-8d7f2a7b5752,a0858e86-ed8d-4720-ab54-d0f662075bc3,2026-09-11T18:15:15Z,FanDuel Sportsbook structured market feed,,VA,NFL,35601246,Denver Broncos @ Kansas City Chiefs,2026-09-15T00:15:00.000Z,FanDuel,751.185163843,receptions,Pat Bryant - Total Receptions,,Pat Bryant,48907098,under,2.5,-160,1.625,0.6153846153846154,open,,,2026-09-11T18:15:15Z,,,,,v3-forward-measurement
53945b70-44a0-4bf0-ba5a-8d7f2a7b5752,6c03334f-6bab-4575-9a03-fd3fc8d56d7c,2026-09-11T18:15:15Z,FanDuel Sportsbook structured market feed,,VA,NFL,35601246,Denver Broncos @ Kansas City Chiefs,2026-09-15T00:15:00.000Z,FanDuel,751.183528524,receiving_yards,Jaylen Waddle - Receiving Yds,,Jaylen Waddle,40877797,over,53.5,-114,1.87719298245614,0.5327102803738317,open,,,2026-09-11T18:15:15Z,,,,,v3-forward-measurement
53945b70-44a0-4bf0-ba5a-8d7f2a7b5752,e81a7e81-1588-404a-bd72-aae98dc7574c,2026-09-11T18:15:15Z,FanDuel Sportsbook structured market feed,,VA,NFL,35601246,Denver Broncos @ Kansas City Chiefs,2026-09-15T00:15:00.000Z,FanDuel,751.183528524,receiving_yards,Jaylen Waddle - Receiving Yds,,Jaylen Waddle,40877798,under,53.5,-114,1.87719298245614,0.5327102803738317,open,,,2026-09-11T18:15:15Z,,,,,v3-forward-measurement
53945b70-44a0-4bf0-ba5a-8d7f2a7b5752,34b79e1b-ab0f-4199-8f9f-0adc27e8f059,2026-09-11T18:15:15Z,FanDuel Sportsbook structured market feed,,VA,NFL,35601246,Denver Broncos @ Kansas City Chiefs,2026-09-15T00:15:00.000Z,FanDuel,751.185165140,receiving_yards,J.K. Dobbins - Receiving Yds,,J.K. Dobbins,48302900,over,3.5,-114,1.87719298245614,0.5327102803738317,open,,,2026-09-11T18:15:15Z,,,,,v3-forward-measurement
53945b70-44a0-4bf0-ba5a-8d7f2a7b5752,adedd8ea-472f-4edc-ae97-bef78d411cfc,2026-09-11T18:15:15Z,FanDuel Sportsbook structured market feed,,VA,NFL,35601246,Denver Broncos @ Kansas City Chiefs,2026-09-15T00:15:00.000Z,FanDuel,751.185165140,receiving_yards,J.K. Dobbins - Receiving Yds,,J.K. Dobbins,48302899,under,3.5,-114,1.87719298245614,0.5327102803738317,open,,,2026-09-11T18:15:15Z,,,,,v3-forward-measurement
53945b70-44a0-4bf0-ba5a-8d7f2a7b5752,f61cf598-288c-4e03-aac6-1526eec0f12f,2026-09-11T18:15:15Z,FanDuel Sportsbook structured market feed,,VA,NFL,35601246,Denver Broncos @ Kansas City Chiefs,2026-09-15T00:15:00.000Z,FanDuel,751.185165141,receptions,RJ Harvey - Total Receptions,,RJ Harvey,50744298,over,2.5,-114,1.87719298245614,0.5327102803738317,open,,,2026-09-11T18:15:15Z,,,,,v3-forward-measurement
53945b70-44a0-4bf0-ba5a-8d7f2a7b5752,449f12f9-f6c2-42a8-a8aa-525bca249b75,2026-09-11T18:15:15Z,FanDuel Sportsbook structured market feed,,VA,NFL,35601246,Denver Broncos @ Kansas City Chiefs,2026-09-15T00:15:00.000Z,FanDuel,751.185165141,receptions,RJ Harvey - Total Receptions,,RJ Harvey,50744300,under,2.5,-114,1.87719298245614,0.5327102803738317,open,,,2026-09-11T18:15:15Z,,,,,v3-forward-measurement
53945b70-44a0-4bf0-ba5a-8d7f2a7b5752,f010018b-aa5a-40be-94d5-a3360e396232,2026-09-11T18:15:15Z,FanDuel Sportsbook structured market feed,,VA,NFL,35601246,Denver Broncos @ Kansas City Chiefs,2026-09-15T00:15:00.000Z,FanDuel,751.183528805,receptions,Travis Kelce - Total Receptions,,Travis Kelce,11802406,over,3.5,-148,1.675675675675676,0.5967741935483871,open,,,2026-09-11T18:15:15Z,,,,,v3-forward-measurement
53945b70-44a0-4bf0-ba5a-8d7f2a7b5752,4ec8eafb-9159-4d0d-8cc2-e083237ed08a,2026-09-11T18:15:15Z,FanDuel Sportsbook structured market feed,,VA,NFL,35601246,Denver Broncos @ Kansas City Chiefs,2026-09-15T00:15:00.000Z,FanDuel,751.183528805,receptions,Travis Kelce - Total Receptions,,Travis Kelce,11802405,under,3.5,112,2.12,0.4716981132075472,open,,,2026-09-11T18:15:15Z,,,,,v3-forward-measurement
53945b70-44a0-4bf0-ba5a-8d7f2a7b5752,b1cae6fd-31f0-4be2-b655-39e2b154d270,2026-09-11T18:15:15Z,FanDuel Sportsbook structured market feed,,VA,NFL,35601246,Denver Broncos @ Kansas City Chiefs,2026-09-15T00:15:00.000Z,FanDuel,751.185163836,receiving_yards,Noah Gray - Receiving Yds,,Noah Gray,40915505,over,9.5,-114,1.87719298245614,0.5327102803738317,open,,,2026-09-11T18:15:15Z,,,,,v3-forward-measurement
53945b70-44a0-4bf0-ba5a-8d7f2a7b5752,6ccec993-a9ae-4dec-8edb-a663c42158b4,2026-09-11T18:15:15Z,FanDuel Sportsbook structured market feed,,VA,NFL,35601246,Denver Broncos @ Kansas City Chiefs,2026-09-15T00:15:00.000Z,FanDuel,751.185163836,receiving_yards,Noah Gray - Receiving Yds,,Noah Gray,40915506,under,9.5,-114,1.87719298245614,0.5327102803738317,open,,,2026-09-11T18:15:15Z,,,,,v3-forward-measurement
53945b70-44a0-4bf0-ba5a-8d7f2a7b5752,59c0ae92-43a6-43f2-a16c-f51f2d9e96a7,2026-09-11T18:15:15Z,FanDuel Sportsbook structured market feed,,VA,NFL,35601246,Denver Broncos @ Kansas City Chiefs,2026-09-15T00:15:00.000Z,FanDuel,751.183528806,receiving_yards,Travis Kelce - Receiving Yds,,Travis Kelce,11802406,over,41.5,-114,1.87719298245614,0.5327102803738317,open,,,2026-09-11T18:15:15Z,,,,,v3-forward-measurement
53945b70-44a0-4bf0-ba5a-8d7f2a7b5752,0fd7930d-d18a-49b2-82b9-c1bbb312a935,2026-09-11T18:15:15Z,FanDuel Sportsbook structured market feed,,VA,NFL,35601246,Denver Broncos @ Kansas City Chiefs,2026-09-15T00:15:00.000Z,FanDuel,751.183528806,receiving_yards,Travis Kelce - Receiving Yds,,Travis Kelce,11802405,under,41.5,-114,1.87719298245614,0.5327102803738317,open,,,2026-09-11T18:15:15Z,,,,,v3-forward-measurement
53945b70-44a0-4bf0-ba5a-8d7f2a7b5752,d78ed0de-7db8-4832-bb83-a8d1ebd86906,2026-09-11T18:15:15Z,FanDuel Sportsbook structured market feed,,VA,NFL,35601246,Denver Broncos @ Kansas City Chiefs,2026-09-15T00:15:00.000Z,FanDuel,751.185117635,receptions,Kenneth Walker III - Total Receptions,,Kenneth Walker III,40975102,over,3.5,124,2.24,0.44642857142857145,open,,,2026-09-11T18:15:15Z,,,,,v3-forward-measurement
53945b70-44a0-4bf0-ba5a-8d7f2a7b5752,332aad69-f4f3-4286-9c87-d9d027e5fba9,2026-09-11T18:15:15Z,FanDuel Sportsbook structured market feed,,VA,NFL,35601246,Denver Broncos @ Kansas City Chiefs,2026-09-15T00:15:00.000Z,FanDuel,751.185117635,receptions,Kenneth Walker III - Total Receptions,,Kenneth Walker III,40975103,under,3.5,-166,1.602409638554217,0.6240601503759399,open,,,2026-09-11T18:15:15Z,,,,,v3-forward-measurement
53945b70-44a0-4bf0-ba5a-8d7f2a7b5752,a707c17b-f090-48fc-a816-bf72fb8d3028,2026-09-11T18:15:15Z,FanDuel Sportsbook structured market feed,,VA,NFL,35601246,Denver Broncos @ Kansas City Chiefs,2026-09-15T00:15:00.000Z,FanDuel,751.185117638,receiving_yards,Kenneth Walker III - Receiving Yds,,Kenneth Walker III,40975102,over,17.5,-114,1.87719298245614,0.5327102803738317,open,,,2026-09-11T18:15:15Z,,,,,v3-forward-measurement
53945b70-44a0-4bf0-ba5a-8d7f2a7b5752,d5648ffb-4267-4bec-9a53-a14df98265ec,2026-09-11T18:15:15Z,FanDuel Sportsbook structured market feed,,VA,NFL,35601246,Denver Broncos @ Kansas City Chiefs,2026-09-15T00:15:00.000Z,FanDuel,751.185117638,receiving_yards,Kenneth Walker III - Receiving Yds,,Kenneth Walker III,40975103,under,17.5,-114,1.87719298245614,0.5327102803738317,open,,,2026-09-11T18:15:15Z,,,,,v3-forward-measurement
53945b70-44a0-4bf0-ba5a-8d7f2a7b5752,9473f399-2ae9-4a67-bd5e-a41be95e4d7d,2026-09-11T18:15:15Z,FanDuel Sportsbook structured market feed,,VA,NFL,35601246,Denver Broncos @ Kansas City Chiefs,2026-09-15T00:15:00.000Z,FanDuel,751.185163852,receptions,Noah Gray - Total Receptions,,Noah Gray,40915505,over,1.5,130,2.3,0.43478260869565216,open,,,2026-09-11T18:15:15Z,,,,,v3-forward-measurement
53945b70-44a0-4bf0-ba5a-8d7f2a7b5752,d36e9ea3-1bb5-4580-bcc4-ab20adf61bfa,2026-09-11T18:15:15Z,FanDuel Sportsbook structured market feed,,VA,NFL,35601246,Denver Broncos @ Kansas City Chiefs,2026-09-15T00:15:00.000Z,FanDuel,751.185163852,receptions,Noah Gray - Total Receptions,,Noah Gray,40915506,under,1.5,-174,1.574712643678161,0.635036496350365,open,,,2026-09-11T18:15:15Z,,,,,v3-forward-measurement
53945b70-44a0-4bf0-ba5a-8d7f2a7b5752,cb5cf034-9021-4a1e-9816-db3a596b1688,2026-09-11T18:15:15Z,FanDuel Sportsbook structured market feed,,VA,NFL,35601246,Denver Broncos @ Kansas City Chiefs,2026-09-15T00:15:00.000Z,FanDuel,751.183528594,receptions,Rashee Rice - Total Receptions,,Rashee Rice,48551005,over,5.5,-122,1.819672131147541,0.5495495495495496,open,,,2026-09-11T18:15:15Z,,,,,v3-forward-measurement
53945b70-44a0-4bf0-ba5a-8d7f2a7b5752,22000aed-0829-4820-98c0-c2f0e6b9cb16,2026-09-11T18:15:15Z,FanDuel Sportsbook structured market feed,,VA,NFL,35601246,Denver Broncos @ Kansas City Chiefs,2026-09-15T00:15:00.000Z,FanDuel,751.183528594,receptions,Rashee Rice - Total Receptions,,Rashee Rice,48551004,under,5.5,-108,1.925925925925926,0.5192307692307693,open,,,2026-09-11T18:15:15Z,,,,,v3-forward-measurement
53945b70-44a0-4bf0-ba5a-8d7f2a7b5752,1b49869e-a9fa-4147-9dff-f84d471957b0,2026-09-11T18:15:15Z,FanDuel Sportsbook structured market feed,,VA,NFL,35601246,Denver Broncos @ Kansas City Chiefs,2026-09-15T00:15:00.000Z,FanDuel,751.183528593,receiving_yards,Rashee Rice - Receiving Yds,,Rashee Rice,48551005,over,59.5,-114,1.87719298245614,0.5327102803738317,open,,,2026-09-11T18:15:15Z,,,,,v3-forward-measurement
53945b70-44a0-4bf0-ba5a-8d7f2a7b5752,de8b96be-cef8-41ca-bf69-27fd5158a7c9,2026-09-11T18:15:15Z,FanDuel Sportsbook structured market feed,,VA,NFL,35601246,Denver Broncos @ Kansas City Chiefs,2026-09-15T00:15:00.000Z,FanDuel,751.183528593,receiving_yards,Rashee Rice - Receiving Yds,,Rashee Rice,48551004,under,59.5,-114,1.87719298245614,0.5327102803738317,open,,,2026-09-11T18:15:15Z,,,,,v3-forward-measurement
53945b70-44a0-4bf0-ba5a-8d7f2a7b5752,393cf658-c5a2-40ba-90e1-77abfc4e5f28,2026-09-11T18:15:15Z,FanDuel Sportsbook structured market feed,,VA,NFL,35601246,Denver Broncos @ Kansas City Chiefs,2026-09-15T00:15:00.000Z,FanDuel,751.185163847,receiving_yards,Pat Bryant - Receiving Yds,,Pat Bryant,48907099,over,23.5,-114,1.87719298245614,0.5327102803738317,open,,,2026-09-11T18:15:15Z,,,,,v3-forward-measurement
53945b70-44a0-4bf0-ba5a-8d7f2a7b5752,c47e7181-3703-43f8-b7d7-4f2dbd35c1fa,2026-09-11T18:15:15Z,FanDuel Sportsbook structured market feed,,VA,NFL,35601246,Denver Broncos @ Kansas City Chiefs,2026-09-15T00:15:00.000Z,FanDuel,751.185163847,receiving_yards,Pat Bryant - Receiving Yds,,Pat Bryant,48907098,under,23.5,-114,1.87719298245614,0.5327102803738317,open,,,2026-09-11T18:15:15Z,,,,,v3-forward-measurement
53945b70-44a0-4bf0-ba5a-8d7f2a7b5752,53e63931-6e6f-43f5-a9fa-97ce4ff6ab76,2026-09-11T18:15:15Z,FanDuel Sportsbook structured market feed,,VA,NFL,35601246,Denver Broncos @ Kansas City Chiefs,2026-09-15T00:15:00.000Z,FanDuel,751.183528519,receptions,Jaylen Waddle - Total Receptions,,Jaylen Waddle,40877797,over,4.5,-114,1.87719298245614,0.5327102803738317,open,,,2026-09-11T18:15:15Z,,,,,v3-forward-measurement
53945b70-44a0-4bf0-ba5a-8d7f2a7b5752,84828866-4ff2-4621-bcd6-2e5207b2e42d,2026-09-11T18:15:15Z,FanDuel Sportsbook structured market feed,,VA,NFL,35601246,Denver Broncos @ Kansas City Chiefs,2026-09-15T00:15:00.000Z,FanDuel,751.183528519,receptions,Jaylen Waddle - Total Receptions,,Jaylen Waddle,40877798,under,4.5,-114,1.87719298245614,0.5327102803738317,open,,,2026-09-11T18:15:15Z,,,,,v3-forward-measurement
53945b70-44a0-4bf0-ba5a-8d7f2a7b5752,c2ec7e4e-79be-434c-b00f-6ef063580822,2026-09-11T18:15:15Z,FanDuel Sportsbook structured market feed,,VA,NFL,35601246,Denver Broncos @ Kansas City Chiefs,2026-09-15T00:15:00.000Z,FanDuel,751.185117801,receiving_yards,Tyquan Thornton - Receiving Yds,,Tyquan Thornton,41074864,over,19.5,-114,1.87719298245614,0.5327102803738317,open,,,2026-09-11T18:15:15Z,,,,,v3-forward-measurement
53945b70-44a0-4bf0-ba5a-8d7f2a7b5752,70377756-16e7-41c8-a7b1-219ec2aa34ef,2026-09-11T18:15:15Z,FanDuel Sportsbook structured market feed,,VA,NFL,35601246,Denver Broncos @ Kansas City Chiefs,2026-09-15T00:15:00.000Z,FanDuel,751.185117801,receiving_yards,Tyquan Thornton - Receiving Yds,,Tyquan Thornton,41074863,under,19.5,-114,1.87719298245614,0.5327102803738317,open,,,2026-09-11T18:15:15Z,,,,,v3-forward-measurement
53945b70-44a0-4bf0-ba5a-8d7f2a7b5752,7ec8bf8d-4933-498d-9a3f-b71c736bc5d1,2026-09-11T18:15:15Z,FanDuel Sportsbook structured market feed,,VA,NFL,35601246,Denver Broncos @ Kansas City Chiefs,2026-09-15T00:15:00.000Z,FanDuel,751.185163862,receiving_yards,Evan Engram - Receiving Yds,,Evan Engram,14807732,over,22.5,-114,1.87719298245614,0.5327102803738317,open,,,2026-09-11T18:15:15Z,,,,,v3-forward-measurement
53945b70-44a0-4bf0-ba5a-8d7f2a7b5752,ab79c5bf-b4c9-4381-ae4a-228ccd525fc0,2026-09-11T18:15:15Z,FanDuel Sportsbook structured market feed,,VA,NFL,35601246,Denver Broncos @ Kansas City Chiefs,2026-09-15T00:15:00.000Z,FanDuel,751.185163862,receiving_yards,Evan Engram - Receiving Yds,,Evan Engram,14807733,under,22.5,-114,1.87719298245614,0.5327102803738317,open,,,2026-09-11T18:15:15Z,,,,,v3-forward-measurement
53945b70-44a0-4bf0-ba5a-8d7f2a7b5752,baf304b8-2eea-4a33-92bb-687c720b90ce,2026-09-11T18:15:15Z,FanDuel Sportsbook structured market feed,,VA,NFL,35601246,Denver Broncos @ Kansas City Chiefs,2026-09-15T00:15:00.000Z,FanDuel,751.185117804,receptions,Tyquan Thornton - Total Receptions,,Tyquan Thornton,41074864,over,1.5,106,2.06,0.4854368932038835,open,,,2026-09-11T18:15:15Z,,,,,v3-forward-measurement
53945b70-44a0-4bf0-ba5a-8d7f2a7b5752,b708d25c-ded2-4c66-8ec5-e633707ea615,2026-09-11T18:15:15Z,FanDuel Sportsbook structured market feed,,VA,NFL,35601246,Denver Broncos @ Kansas City Chiefs,2026-09-15T00:15:00.000Z,FanDuel,751.185117804,receptions,Tyquan Thornton - Total Receptions,,Tyquan Thornton,41074863,under,1.5,-140,1.714285714285714,0.5833333333333334,open,,,2026-09-11T18:15:15Z,,,,,v3-forward-measurement
53945b70-44a0-4bf0-ba5a-8d7f2a7b5752,d7e0265c-1c02-4892-9397-af6fa5e84b7d,2026-09-11T18:15:15Z,FanDuel Sportsbook structured market feed,,VA,NFL,35601246,Denver Broncos @ Kansas City Chiefs,2026-09-15T00:15:00.000Z,FanDuel,751.185260008,receptions,Adam Trautman - Total Receptions,,Adam Trautman,40905237,over,1.5,194,2.94,0.3401360544217687,open,,,2026-09-11T18:15:15Z,,,,,v3-forward-measurement
53945b70-44a0-4bf0-ba5a-8d7f2a7b5752,3cf463a6-639e-4ed7-a44d-687bacee9369,2026-09-11T18:15:15Z,FanDuel Sportsbook structured market feed,,VA,NFL,35601246,Denver Broncos @ Kansas City Chiefs,2026-09-15T00:15:00.000Z,FanDuel,751.185260008,receptions,Adam Trautman - Total Receptions,,Adam Trautman,40905244,under,1.5,-270,1.37037037037037,0.7297297297297297,open,,,2026-09-11T18:15:15Z,,,,,v3-forward-measurement
53945b70-44a0-4bf0-ba5a-8d7f2a7b5752,f1619d34-8fa9-429c-89ba-02eb4f4d3417,2026-09-11T18:15:15Z,FanDuel Sportsbook structured market feed,,VA,NFL,35601246,Denver Broncos @ Kansas City Chiefs,2026-09-15T00:15:00.000Z,FanDuel,751.185165139,receiving_yards,RJ Harvey - Receiving Yds,,RJ Harvey,50744298,over,16.5,-114,1.87719298245614,0.5327102803738317,open,,,2026-09-11T18:15:15Z,,,,,v3-forward-measurement
53945b70-44a0-4bf0-ba5a-8d7f2a7b5752,3c7bfb51-48f6-4641-bd80-725b731e72cc,2026-09-11T18:15:15Z,FanDuel Sportsbook structured market feed,,VA,NFL,35601246,Denver Broncos @ Kansas City Chiefs,2026-09-15T00:15:00.000Z,FanDuel,751.185165139,receiving_yards,RJ Harvey - Receiving Yds,,RJ Harvey,50744300,under,16.5,-114,1.87719298245614,0.5327102803738317,open,,,2026-09-11T18:15:15Z,,,,,v3-forward-measurement
53945b70-44a0-4bf0-ba5a-8d7f2a7b5752,f761281e-9342-4bf0-b790-94677315ebeb,2026-09-11T18:15:15Z,FanDuel Sportsbook structured market feed,,VA,NFL,35601246,Denver Broncos @ Kansas City Chiefs,2026-09-15T00:15:00.000Z,FanDuel,751.183528696,receptions,Courtland Sutton - Total Receptions,,Courtland Sutton,16490004,over,4.5,124,2.24,0.44642857142857145,open,,,2026-09-11T18:15:15Z,,,,,v3-forward-measurement
53945b70-44a0-4bf0-ba5a-8d7f2a7b5752,9d5932a0-fdd5-47ae-bd58-ec06ebc64cd8,2026-09-11T18:15:15Z,FanDuel Sportsbook structured market feed,,VA,NFL,35601246,Denver Broncos @ Kansas City Chiefs,2026-09-15T00:15:00.000Z,FanDuel,751.183528696,receptions,Courtland Sutton - Total Receptions,,Courtland Sutton,16490005,under,4.5,-166,1.602409638554217,0.6240601503759399,open,,,2026-09-11T18:15:15Z,,,,,v3-forward-measurement
53945b70-44a0-4bf0-ba5a-8d7f2a7b5752,0028b069-77ea-402a-8747-40e975a20551,2026-09-11T18:15:15Z,FanDuel Sportsbook structured market feed,,VA,NFL,35601246,Denver Broncos @ Kansas City Chiefs,2026-09-15T00:15:00.000Z,FanDuel,751.185163834,receptions,Evan Engram - Total Receptions,,Evan Engram,14807732,over,2.5,-130,1.769230769230769,0.5652173913043478,open,,,2026-09-11T18:15:15Z,,,,,v3-forward-measurement
53945b70-44a0-4bf0-ba5a-8d7f2a7b5752,81544f14-6141-428a-86ec-2dbcd4e31207,2026-09-11T18:15:15Z,FanDuel Sportsbook structured market feed,,VA,NFL,35601246,Denver Broncos @ Kansas City Chiefs,2026-09-15T00:15:00.000Z,FanDuel,751.185163834,receptions,Evan Engram - Total Receptions,,Evan Engram,14807733,under,2.5,-102,1.980392156862745,0.504950495049505,open,,,2026-09-11T18:15:15Z,,,,,v3-forward-measurement
53945b70-44a0-4bf0-ba5a-8d7f2a7b5752,2fd3b5bf-9720-4534-be95-39b4a34ae6b3,2026-09-11T18:15:15Z,FanDuel Sportsbook structured market feed,,VA,NFL,35601246,Denver Broncos @ Kansas City Chiefs,2026-09-15T00:15:00.000Z,FanDuel,751.185260009,receiving_yards,Adam Trautman - Receiving Yds,,Adam Trautman,40905237,over,7.5,-114,1.87719298245614,0.5327102803738317,open,,,2026-09-11T18:15:15Z,,,,,v3-forward-measurement
53945b70-44a0-4bf0-ba5a-8d7f2a7b5752,404cb1a0-85d3-4de1-9278-c12e83d6c6a1,2026-09-11T18:15:15Z,FanDuel Sportsbook structured market feed,,VA,NFL,35601246,Denver Broncos @ Kansas City Chiefs,2026-09-15T00:15:00.000Z,FanDuel,751.185260009,receiving_yards,Adam Trautman - Receiving Yds,,Adam Trautman,40905244,under,7.5,-114,1.87719298245614,0.5327102803738317,open,,,2026-09-11T18:15:15Z,,,,,v3-forward-measurement
53945b70-44a0-4bf0-ba5a-8d7f2a7b5752,5f53cb77-71bc-4e3e-8593-26ca7ef1e332,2026-09-11T18:15:15Z,FanDuel Sportsbook structured market feed,,VA,NFL,35601246,Denver Broncos @ Kansas City Chiefs,2026-09-15T00:15:00.000Z,FanDuel,751.183528692,receiving_yards,Courtland Sutton - Receiving Yds,,Courtland Sutton,16490004,over,42.5,-114,1.87719298245614,0.5327102803738317,open,,,2026-09-11T18:15:15Z,,,,,v3-forward-measurement
53945b70-44a0-4bf0-ba5a-8d7f2a7b5752,cce37a9c-af26-47d3-98bd-5d4c24a6f844,2026-09-11T18:15:15Z,FanDuel Sportsbook structured market feed,,VA,NFL,35601246,Denver Broncos @ Kansas City Chiefs,2026-09-15T00:15:00.000Z,FanDuel,751.183528692,receiving_yards,Courtland Sutton - Receiving Yds,,Courtland Sutton,16490005,under,42.5,-114,1.87719298245614,0.5327102803738317,open,,,2026-09-11T18:15:15Z,,,,,v3-forward-measurement
f469a617-aea4-4950-90e0-9cab56a59784,2618717d-7161-4a16-ad0a-61cdce2c101a,2026-09-11T18:15:15Z,FanDuel Sportsbook structured market feed,,VA,NFL,35607426,Chicago Bears @ Carolina Panthers,2026-09-13T17:01:00.000Z,FanDuel,751.183908485,passing_touchdowns,Bryce Young - Passing TDs,,Bryce Young,41172024,over,1.5,116,2.16,0.46296296296296297,open,,,2026-09-11T18:15:15Z,,,,,v3-forward-measurement
f469a617-aea4-4950-90e0-9cab56a59784,b3ef00bc-2119-476b-940e-72a055abb4ac,2026-09-11T18:15:15Z,FanDuel Sportsbook structured market feed,,VA,NFL,35607426,Chicago Bears @ Carolina Panthers,2026-09-13T17:01:00.000Z,FanDuel,751.183908485,passing_touchdowns,Bryce Young - Passing TDs,,Bryce Young,41172023,under,1.5,-154,1.649350649350649,0.6062992125984252,open,,,2026-09-11T18:15:15Z,,,,,v3-forward-measurement
f469a617-aea4-4950-90e0-9cab56a59784,d2af240d-0352-4b42-aa1d-42e0396f07cc,2026-09-11T18:15:15Z,FanDuel Sportsbook structured market feed,,VA,NFL,35607426,Chicago Bears @ Carolina Panthers,2026-09-13T17:01:00.000Z,FanDuel,751.183908396,passing_yards,Bryce Young - Passing Yds,,Bryce Young,41172024,over,208.5,-114,1.87719298245614,0.5327102803738317,open,,,2026-09-11T18:15:15Z,,,,,v3-forward-measurement
f469a617-aea4-4950-90e0-9cab56a59784,b29206aa-3800-4d37-9a34-d7903b788847,2026-09-11T18:15:15Z,FanDuel Sportsbook structured market feed,,VA,NFL,35607426,Chicago Bears @ Carolina Panthers,2026-09-13T17:01:00.000Z,FanDuel,751.183908396,passing_yards,Bryce Young - Passing Yds,,Bryce Young,41172023,under,208.5,-114,1.87719298245614,0.5327102803738317,open,,,2026-09-11T18:15:15Z,,,,,v3-forward-measurement
f469a617-aea4-4950-90e0-9cab56a59784,ef582f25-a374-46e3-8772-24749b1bea7d,2026-09-11T18:15:15Z,FanDuel Sportsbook structured market feed,,VA,NFL,35607426,Chicago Bears @ Carolina Panthers,2026-09-13T17:01:00.000Z,FanDuel,751.183908512,passing_yards,Caleb Williams - Passing Yds,,Caleb Williams,41519457,over,226.5,-114,1.87719298245614,0.5327102803738317,open,,,2026-09-11T18:15:15Z,,,,,v3-forward-measurement
f469a617-aea4-4950-90e0-9cab56a59784,d59d18e6-cac7-4960-9976-8acf0dc9a116,2026-09-11T18:15:15Z,FanDuel Sportsbook structured market feed,,VA,NFL,35607426,Chicago Bears @ Carolina Panthers,2026-09-13T17:01:00.000Z,FanDuel,751.183908512,passing_yards,Caleb Williams - Passing Yds,,Caleb Williams,41519458,under,226.5,-114,1.87719298245614,0.5327102803738317,open,,,2026-09-11T18:15:15Z,,,,,v3-forward-measurement
f469a617-aea4-4950-90e0-9cab56a59784,e02076d5-3753-4f38-87ec-c3a690f80391,2026-09-11T18:15:15Z,FanDuel Sportsbook structured market feed,,VA,NFL,35607426,Chicago Bears @ Carolina Panthers,2026-09-13T17:01:00.000Z,FanDuel,751.183908472,passing_touchdowns,Caleb Williams - Passing TDs,,Caleb Williams,41519457,over,1.5,-114,1.87719298245614,0.5327102803738317,open,,,2026-09-11T18:15:15Z,,,,,v3-forward-measurement
f469a617-aea4-4950-90e0-9cab56a59784,5671dcd5-75ae-41f7-918e-6339f5fc56fe,2026-09-11T18:15:15Z,FanDuel Sportsbook structured market feed,,VA,NFL,35607426,Chicago Bears @ Carolina Panthers,2026-09-13T17:01:00.000Z,FanDuel,751.183908472,passing_touchdowns,Caleb Williams - Passing TDs,,Caleb Williams,41519458,under,1.5,-114,1.87719298245614,0.5327102803738317,open,,,2026-09-11T18:15:15Z,,,,,v3-forward-measurement
105f365f-f75c-4bc6-8202-13ef7384fa32,16f0dc3b-1e22-4616-8dd5-767bc91a7964,2026-09-11T18:15:15Z,FanDuel Sportsbook structured market feed,,VA,NFL,35607426,Chicago Bears @ Carolina Panthers,2026-09-13T17:01:00.000Z,FanDuel,751.183913513,rushing_yards,Bryce Young - Rushing Yds,,Bryce Young,41172024,over,13.5,-114,1.87719298245614,0.5327102803738317,open,,,2026-09-11T18:15:15Z,,,,,v3-forward-measurement
105f365f-f75c-4bc6-8202-13ef7384fa32,1a17f075-6899-4390-b1c4-a1944affd9d2,2026-09-11T18:15:15Z,FanDuel Sportsbook structured market feed,,VA,NFL,35607426,Chicago Bears @ Carolina Panthers,2026-09-13T17:01:00.000Z,FanDuel,751.183913513,rushing_yards,Bryce Young - Rushing Yds,,Bryce Young,41172023,under,13.5,-114,1.87719298245614,0.5327102803738317,open,,,2026-09-11T18:15:15Z,,,,,v3-forward-measurement
105f365f-f75c-4bc6-8202-13ef7384fa32,b86818d3-23b7-410b-8887-9348460f2af2,2026-09-11T18:15:15Z,FanDuel Sportsbook structured market feed,,VA,NFL,35607426,Chicago Bears @ Carolina Panthers,2026-09-13T17:01:00.000Z,FanDuel,751.186004279,rushing_yards,Chuba Hubbard - Rushing Yds,,Chuba Hubbard,40913705,over,50.5,-114,1.87719298245614,0.5327102803738317,open,,,2026-09-11T18:15:15Z,,,,,v3-forward-measurement
105f365f-f75c-4bc6-8202-13ef7384fa32,720edab8-824b-4c9b-899f-8810b1736e22,2026-09-11T18:15:15Z,FanDuel Sportsbook structured market feed,,VA,NFL,35607426,Chicago Bears @ Carolina Panthers,2026-09-13T17:01:00.000Z,FanDuel,751.186004279,rushing_yards,Chuba Hubbard - Rushing Yds,,Chuba Hubbard,40913711,under,50.5,-114,1.87719298245614,0.5327102803738317,open,,,2026-09-11T18:15:15Z,,,,,v3-forward-measurement
105f365f-f75c-4bc6-8202-13ef7384fa32,4de7a118-f998-41ce-961a-67ad0497a5b9,2026-09-11T18:15:15Z,FanDuel Sportsbook structured market feed,,VA,NFL,35607426,Chicago Bears @ Carolina Panthers,2026-09-13T17:01:00.000Z,FanDuel,751.185747087,rushing_yards,Kyle Monangai - Rushing Yds,,Kyle Monangai,48514921,over,31.5,-114,1.87719298245614,0.5327102803738317,open,,,2026-09-11T18:15:15Z,,,,,v3-forward-measurement
105f365f-f75c-4bc6-8202-13ef7384fa32,8847a2bd-ab44-4c2c-aaa9-f6597197281e,2026-09-11T18:15:15Z,FanDuel Sportsbook structured market feed,,VA,NFL,35607426,Chicago Bears @ Carolina Panthers,2026-09-13T17:01:00.000Z,FanDuel,751.185747087,rushing_yards,Kyle Monangai - Rushing Yds,,Kyle Monangai,48514920,under,31.5,-114,1.87719298245614,0.5327102803738317,open,,,2026-09-11T18:15:15Z,,,,,v3-forward-measurement
105f365f-f75c-4bc6-8202-13ef7384fa32,af518352-816d-40be-a186-68a29c550a18,2026-09-11T18:15:15Z,FanDuel Sportsbook structured market feed,,VA,NFL,35607426,Chicago Bears @ Carolina Panthers,2026-09-13T17:01:00.000Z,FanDuel,751.185130842,rushing_yards,D'Andre Swift - Rushing Yds,,D'Andre Swift,36072091,over,63.5,-114,1.87719298245614,0.5327102803738317,open,,,2026-09-11T18:15:15Z,,,,,v3-forward-measurement
105f365f-f75c-4bc6-8202-13ef7384fa32,97d294f4-be2e-4e38-a2d2-1d74f24fdb8b,2026-09-11T18:15:15Z,FanDuel Sportsbook structured market feed,,VA,NFL,35607426,Chicago Bears @ Carolina Panthers,2026-09-13T17:01:00.000Z,FanDuel,751.185130842,rushing_yards,D'Andre Swift - Rushing Yds,,D'Andre Swift,36072092,under,63.5,-114,1.87719298245614,0.5327102803738317,open,,,2026-09-11T18:15:15Z,,,,,v3-forward-measurement
105f365f-f75c-4bc6-8202-13ef7384fa32,da1cf3ac-9c5d-4877-9a24-7904b114405d,2026-09-11T18:15:15Z,FanDuel Sportsbook structured market feed,,VA,NFL,35607426,Chicago Bears @ Carolina Panthers,2026-09-13T17:01:00.000Z,FanDuel,751.186004272,rushing_yards,Jonathon Brooks - Rushing Yds,,Jonathon Brooks,51304420,over,32.5,-114,1.87719298245614,0.5327102803738317,open,,,2026-09-11T18:15:15Z,,,,,v3-forward-measurement
105f365f-f75c-4bc6-8202-13ef7384fa32,e03e8f89-6aeb-4be8-8633-3c47add4dda2,2026-09-11T18:15:15Z,FanDuel Sportsbook structured market feed,,VA,NFL,35607426,Chicago Bears @ Carolina Panthers,2026-09-13T17:01:00.000Z,FanDuel,751.186004272,rushing_yards,Jonathon Brooks - Rushing Yds,,Jonathon Brooks,51304421,under,32.5,-114,1.87719298245614,0.5327102803738317,open,,,2026-09-11T18:15:15Z,,,,,v3-forward-measurement
105f365f-f75c-4bc6-8202-13ef7384fa32,b57a8bda-fc38-4f2a-af90-1a0de2bc75e6,2026-09-11T18:15:15Z,FanDuel Sportsbook structured market feed,,VA,NFL,35607426,Chicago Bears @ Carolina Panthers,2026-09-13T17:01:00.000Z,FanDuel,751.183913516,rushing_yards,Caleb Williams - Rushing Yds,,Caleb Williams,41519457,over,19.5,-114,1.87719298245614,0.5327102803738317,open,,,2026-09-11T18:15:15Z,,,,,v3-forward-measurement
105f365f-f75c-4bc6-8202-13ef7384fa32,34579532-1b8f-42fa-b8f7-b9d5063a41df,2026-09-11T18:15:15Z,FanDuel Sportsbook structured market feed,,VA,NFL,35607426,Chicago Bears @ Carolina Panthers,2026-09-13T17:01:00.000Z,FanDuel,751.183913516,rushing_yards,Caleb Williams - Rushing Yds,,Caleb Williams,41519458,under,19.5,-114,1.87719298245614,0.5327102803738317,open,,,2026-09-11T18:15:15Z,,,,,v3-forward-measurement
61b84394-7f60-4c4b-8965-7b4405eaad72,d36966c2-47d9-4545-b4ca-3b009ed5ac9c,2026-09-11T18:15:15Z,FanDuel Sportsbook structured market feed,,VA,NFL,35607426,Chicago Bears @ Carolina Panthers,2026-09-13T17:01:00.000Z,FanDuel,751.183908427,receptions,Tetairoa McMillan - Total Receptions,,Tetairoa McMillan,50551859,over,4.5,-114,1.87719298245614,0.5327102803738317,open,,,2026-09-11T18:15:15Z,,,,,v3-forward-measurement
61b84394-7f60-4c4b-8965-7b4405eaad72,52a46e3e-6a3a-42b8-b792-cc0398110be6,2026-09-11T18:15:15Z,FanDuel Sportsbook structured market feed,,VA,NFL,35607426,Chicago Bears @ Carolina Panthers,2026-09-13T17:01:00.000Z,FanDuel,751.183908427,receptions,Tetairoa McMillan - Total Receptions,,Tetairoa McMillan,50551858,under,4.5,-114,1.87719298245614,0.5327102803738317,open,,,2026-09-11T18:15:15Z,,,,,v3-forward-measurement
61b84394-7f60-4c4b-8965-7b4405eaad72,d20da544-d193-455f-877c-546874cb43f2,2026-09-11T18:15:15Z,FanDuel Sportsbook structured market feed,,VA,NFL,35607426,Chicago Bears @ Carolina Panthers,2026-09-13T17:01:00.000Z,FanDuel,751.183908429,receiving_yards,Rome Odunze - Receiving Yds,,Rome Odunze,41522673,over,39.5,-114,1.87719298245614,0.5327102803738317,open,,,2026-09-11T18:15:15Z,,,,,v3-forward-measurement
61b84394-7f60-4c4b-8965-7b4405eaad72,1fad57e5-d167-4add-94cf-f5e8eb3e336a,2026-09-11T18:15:15Z,FanDuel Sportsbook structured market feed,,VA,NFL,35607426,Chicago Bears @ Carolina Panthers,2026-09-13T17:01:00.000Z,FanDuel,751.183908429,receiving_yards,Rome Odunze - Receiving Yds,,Rome Odunze,41522672,under,39.5,-114,1.87719298245614,0.5327102803738317,open,,,2026-09-11T18:15:15Z,,,,,v3-forward-measurement
61b84394-7f60-4c4b-8965-7b4405eaad72,dc38d43f-84bc-4923-a357-80cece51ad6e,2026-09-11T18:15:15Z,FanDuel Sportsbook structured market feed,,VA,NFL,35607426,Chicago Bears @ Carolina Panthers,2026-09-13T17:01:00.000Z,FanDuel,751.183908505,receptions,Rome Odunze - Total Receptions,,Rome Odunze,41522673,over,3.5,124,2.24,0.44642857142857145,open,,,2026-09-11T18:15:15Z,,,,,v3-forward-measurement
61b84394-7f60-4c4b-8965-7b4405eaad72,e3542776-eb86-4116-b57c-4a4ba1384e93,2026-09-11T18:15:15Z,FanDuel Sportsbook structured market feed,,VA,NFL,35607426,Chicago Bears @ Carolina Panthers,2026-09-13T17:01:00.000Z,FanDuel,751.183908505,receptions,Rome Odunze - Total Receptions,,Rome Odunze,41522672,under,3.5,-166,1.602409638554217,0.6240601503759399,open,,,2026-09-11T18:15:15Z,,,,,v3-forward-measurement
61b84394-7f60-4c4b-8965-7b4405eaad72,09c09255-b14d-4546-a2a4-7eec4c19316b,2026-09-11T18:15:15Z,FanDuel Sportsbook structured market feed,,VA,NFL,35607426,Chicago Bears @ Carolina Panthers,2026-09-13T17:01:00.000Z,FanDuel,751.183908508,receiving_yards,Luther Burden III - Receiving Yds,,Luther Burden III,48308845,over,57.5,-114,1.87719298245614,0.5327102803738317,open,,,2026-09-11T18:15:15Z,,,,,v3-forward-measurement
61b84394-7f60-4c4b-8965-7b4405eaad72,5b6e3ca3-1b08-4802-8561-eb2d864f9722,2026-09-11T18:15:15Z,FanDuel Sportsbook structured market feed,,VA,NFL,35607426,Chicago Bears @ Carolina Panthers,2026-09-13T17:01:00.000Z,FanDuel,751.183908508,receiving_yards,Luther Burden III - Receiving Yds,,Luther Burden III,48308850,under,57.5,-114,1.87719298245614,0.5327102803738317,open,,,2026-09-11T18:15:15Z,,,,,v3-forward-measurement
61b84394-7f60-4c4b-8965-7b4405eaad72,98c3a363-d1cb-436b-9975-618fe1a96c88,2026-09-11T18:15:15Z,FanDuel Sportsbook structured market feed,,VA,NFL,35607426,Chicago Bears @ Carolina Panthers,2026-09-13T17:01:00.000Z,FanDuel,751.185487119,receiving_yards,Tommy Tremble - Receiving Yds,,Tommy Tremble,40913696,over,12.5,-114,1.87719298245614,0.5327102803738317,open,,,2026-09-11T18:15:15Z,,,,,v3-forward-measurement
61b84394-7f60-4c4b-8965-7b4405eaad72,0333519b-577c-4454-b483-164923afa833,2026-09-11T18:15:15Z,FanDuel Sportsbook structured market feed,,VA,NFL,35607426,Chicago Bears @ Carolina Panthers,2026-09-13T17:01:00.000Z,FanDuel,751.185487119,receiving_yards,Tommy Tremble - Receiving Yds,,Tommy Tremble,40913699,under,12.5,-114,1.87719298245614,0.5327102803738317,open,,,2026-09-11T18:15:15Z,,,,,v3-forward-measurement
61b84394-7f60-4c4b-8965-7b4405eaad72,0649dfa2-4fee-4dff-8bb4-6ef9fce9f8b5,2026-09-11T18:15:15Z,FanDuel Sportsbook structured market feed,,VA,NFL,35607426,Chicago Bears @ Carolina Panthers,2026-09-13T17:01:00.000Z,FanDuel,751.183908457,receptions,Colston Loveland - Total Receptions,,Colston Loveland,60018716,over,4.5,-130,1.769230769230769,0.5652173913043478,open,,,2026-09-11T18:15:15Z,,,,,v3-forward-measurement
61b84394-7f60-4c4b-8965-7b4405eaad72,d5750f7c-1ab6-4090-bdc9-63ccb4c13e69,2026-09-11T18:15:15Z,FanDuel Sportsbook structured market feed,,VA,NFL,35607426,Chicago Bears @ Carolina Panthers,2026-09-13T17:01:00.000Z,FanDuel,751.183908457,receptions,Colston Loveland - Total Receptions,,Colston Loveland,60018717,under,4.5,-102,1.980392156862745,0.504950495049505,open,,,2026-09-11T18:15:15Z,,,,,v3-forward-measurement
61b84394-7f60-4c4b-8965-7b4405eaad72,ad2534d3-9983-4f8b-818e-1b451dd9f2bd,2026-09-11T18:15:15Z,FanDuel Sportsbook structured market feed,,VA,NFL,35607426,Chicago Bears @ Carolina Panthers,2026-09-13T17:01:00.000Z,FanDuel,751.185487129,receptions,Tommy Tremble - Total Receptions,,Tommy Tremble,40913696,over,1.5,-130,1.769230769230769,0.5652173913043478,open,,,2026-09-11T18:15:15Z,,,,,v3-forward-measurement
61b84394-7f60-4c4b-8965-7b4405eaad72,f24eba88-1752-4cc8-b241-5def345a52f1,2026-09-11T18:15:15Z,FanDuel Sportsbook structured market feed,,VA,NFL,35607426,Chicago Bears @ Carolina Panthers,2026-09-13T17:01:00.000Z,FanDuel,751.185487129,receptions,Tommy Tremble - Total Receptions,,Tommy Tremble,40913699,under,1.5,-102,1.980392156862745,0.504950495049505,open,,,2026-09-11T18:15:15Z,,,,,v3-forward-measurement
61b84394-7f60-4c4b-8965-7b4405eaad72,7d254e71-5c76-4d73-a467-1d75aa7af424,2026-09-11T18:15:15Z,FanDuel Sportsbook structured market feed,,VA,NFL,35607426,Chicago Bears @ Carolina Panthers,2026-09-13T17:01:00.000Z,FanDuel,751.185131761,receptions,D'Andre Swift - Total Receptions,,D'Andre Swift,36072091,over,2.5,146,2.46,0.4065040650406504,open,,,2026-09-11T18:15:15Z,,,,,v3-forward-measurement
61b84394-7f60-4c4b-8965-7b4405eaad72,bb74dc87-172a-45c0-8548-4d8ce91a06e7,2026-09-11T18:15:15Z,FanDuel Sportsbook structured market feed,,VA,NFL,35607426,Chicago Bears @ Carolina Panthers,2026-09-13T17:01:00.000Z,FanDuel,751.185131761,receptions,D'Andre Swift - Total Receptions,,D'Andre Swift,36072092,under,2.5,-198,1.505050505050505,0.6644295302013423,open,,,2026-09-11T18:15:15Z,,,,,v3-forward-measurement
61b84394-7f60-4c4b-8965-7b4405eaad72,d1c79bef-c6ab-4424-b8f2-039f88b7eb5e,2026-09-11T18:15:15Z,FanDuel Sportsbook structured market feed,,VA,NFL,35607426,Chicago Bears @ Carolina Panthers,2026-09-13T17:01:00.000Z,FanDuel,751.185131762,receiving_yards,D'Andre Swift - Receiving Yds,,D'Andre Swift,36072091,over,13.5,-114,1.87719298245614,0.5327102803738317,open,,,2026-09-11T18:15:15Z,,,,,v3-forward-measurement
61b84394-7f60-4c4b-8965-7b4405eaad72,c4397b28-50f9-4e8c-9fc7-3d223aeb5873,2026-09-11T18:15:15Z,FanDuel Sportsbook structured market feed,,VA,NFL,35607426,Chicago Bears @ Carolina Panthers,2026-09-13T17:01:00.000Z,FanDuel,751.185131762,receiving_yards,D'Andre Swift - Receiving Yds,,D'Andre Swift,36072092,under,13.5,-114,1.87719298245614,0.5327102803738317,open,,,2026-09-11T18:15:15Z,,,,,v3-forward-measurement
61b84394-7f60-4c4b-8965-7b4405eaad72,5162e4db-8ddb-48af-86f6-cc67ef313482,2026-09-11T18:15:15Z,FanDuel Sportsbook structured market feed,,VA,NFL,35607426,Chicago Bears @ Carolina Panthers,2026-09-13T17:01:00.000Z,FanDuel,751.184547205,receiving_yards,Jalen Coker - Receiving Yds,,Jalen Coker,74451302,over,39.5,-114,1.87719298245614,0.5327102803738317,open,,,2026-09-11T18:15:15Z,,,,,v3-forward-measurement
61b84394-7f60-4c4b-8965-7b4405eaad72,975e4f8a-0eba-4ea0-a8b6-59bad9b56883,2026-09-11T18:15:15Z,FanDuel Sportsbook structured market feed,,VA,NFL,35607426,Chicago Bears @ Carolina Panthers,2026-09-13T17:01:00.000Z,FanDuel,751.184547205,receiving_yards,Jalen Coker - Receiving Yds,,Jalen Coker,74451301,under,39.5,-114,1.87719298245614,0.5327102803738317,open,,,2026-09-11T18:15:15Z,,,,,v3-forward-measurement
61b84394-7f60-4c4b-8965-7b4405eaad72,a56e076f-8096-4b50-b4ad-e26d6519842f,2026-09-11T18:15:15Z,FanDuel Sportsbook structured market feed,,VA,NFL,35607426,Chicago Bears @ Carolina Panthers,2026-09-13T17:01:00.000Z,FanDuel,751.184547206,receptions,Jalen Coker - Total Receptions,,Jalen Coker,74451302,over,3.5,-128,1.78125,0.5614035087719298,open,,,2026-09-11T18:15:15Z,,,,,v3-forward-measurement
61b84394-7f60-4c4b-8965-7b4405eaad72,a96dedde-22f9-49d9-a952-54a357906294,2026-09-11T18:15:15Z,FanDuel Sportsbook structured market feed,,VA,NFL,35607426,Chicago Bears @ Carolina Panthers,2026-09-13T17:01:00.000Z,FanDuel,751.184547206,receptions,Jalen Coker - Total Receptions,,Jalen Coker,74451301,under,3.5,-104,1.961538461538462,0.5098039215686274,open,,,2026-09-11T18:15:15Z,,,,,v3-forward-measurement
61b84394-7f60-4c4b-8965-7b4405eaad72,4be4a24d-22ab-48ca-87ab-89e167ccf7ed,2026-09-11T18:15:15Z,FanDuel Sportsbook structured market feed,,VA,NFL,35607426,Chicago Bears @ Carolina Panthers,2026-09-13T17:01:00.000Z,FanDuel,751.184982586,receptions,Xavier Legette - Total Receptions,,Xavier Legette,59996927,over,1.5,-205,1.48780487804878,0.6721311475409836,open,,,2026-09-11T18:15:15Z,,,,,v3-forward-measurement
61b84394-7f60-4c4b-8965-7b4405eaad72,5715e161-ee91-4f9f-a81f-2d09b8263d34,2026-09-11T18:15:15Z,FanDuel Sportsbook structured market feed,,VA,NFL,35607426,Chicago Bears @ Carolina Panthers,2026-09-13T17:01:00.000Z,FanDuel,751.184982586,receptions,Xavier Legette - Total Receptions,,Xavier Legette,59996922,under,1.5,152,2.52,0.3968253968253968,open,,,2026-09-11T18:15:15Z,,,,,v3-forward-measurement
61b84394-7f60-4c4b-8965-7b4405eaad72,640dc435-dbb9-4e65-89fd-5385b0deb443,2026-09-11T18:15:15Z,FanDuel Sportsbook structured market feed,,VA,NFL,35607426,Chicago Bears @ Carolina Panthers,2026-09-13T17:01:00.000Z,FanDuel,751.183908446,receiving_yards,Tetairoa McMillan - Receiving Yds,,Tetairoa McMillan,50551859,over,60.5,-114,1.87719298245614,0.5327102803738317,open,,,2026-09-11T18:15:15Z,,,,,v3-forward-measurement
61b84394-7f60-4c4b-8965-7b4405eaad72,d87a9c2a-05e9-43af-ae61-8a912c83fabf,2026-09-11T18:15:15Z,FanDuel Sportsbook structured market feed,,VA,NFL,35607426,Chicago Bears @ Carolina Panthers,2026-09-13T17:01:00.000Z,FanDuel,751.183908446,receiving_yards,Tetairoa McMillan - Receiving Yds,,Tetairoa McMillan,50551858,under,60.5,-114,1.87719298245614,0.5327102803738317,open,,,2026-09-11T18:15:15Z,,,,,v3-forward-measurement
61b84394-7f60-4c4b-8965-7b4405eaad72,5d7ccb64-3bff-44ff-bec5-70d7de6a2e74,2026-09-11T18:15:15Z,FanDuel Sportsbook structured market feed,,VA,NFL,35607426,Chicago Bears @ Carolina Panthers,2026-09-13T17:01:00.000Z,FanDuel,751.183908449,receptions,Luther Burden III - Total Receptions,,Luther Burden III,48308845,over,4.5,-148,1.675675675675676,0.5967741935483871,open,,,2026-09-11T18:15:15Z,,,,,v3-forward-measurement
61b84394-7f60-4c4b-8965-7b4405eaad72,23348c0f-f19e-476c-8713-6533341725aa,2026-09-11T18:15:15Z,FanDuel Sportsbook structured market feed,,VA,NFL,35607426,Chicago Bears @ Carolina Panthers,2026-09-13T17:01:00.000Z,FanDuel,751.183908449,receptions,Luther Burden III - Total Receptions,,Luther Burden III,48308850,under,4.5,112,2.12,0.4716981132075472,open,,,2026-09-11T18:15:15Z,,,,,v3-forward-measurement
61b84394-7f60-4c4b-8965-7b4405eaad72,c753391b-bf58-4c1a-a6f2-f38a9da1df61,2026-09-11T18:15:15Z,FanDuel Sportsbook structured market feed,,VA,NFL,35607426,Chicago Bears @ Carolina Panthers,2026-09-13T17:01:00.000Z,FanDuel,751.183908529,receiving_yards,Colston Loveland - Receiving Yds,,Colston Loveland,60018716,over,52.5,-114,1.87719298245614,0.5327102803738317,open,,,2026-09-11T18:15:15Z,,,,,v3-forward-measurement
61b84394-7f60-4c4b-8965-7b4405eaad72,e46f1824-c25f-43d9-9537-8b07a7bbc11c,2026-09-11T18:15:15Z,FanDuel Sportsbook structured market feed,,VA,NFL,35607426,Chicago Bears @ Carolina Panthers,2026-09-13T17:01:00.000Z,FanDuel,751.183908529,receiving_yards,Colston Loveland - Receiving Yds,,Colston Loveland,60018717,under,52.5,-114,1.87719298245614,0.5327102803738317,open,,,2026-09-11T18:15:15Z,,,,,v3-forward-measurement
61b84394-7f60-4c4b-8965-7b4405eaad72,abe8c36f-deb6-437d-9976-d5bbf6c9cde8,2026-09-11T18:15:15Z,FanDuel Sportsbook structured market feed,,VA,NFL,35607426,Chicago Bears @ Carolina Panthers,2026-09-13T17:01:00.000Z,FanDuel,751.185964218,receiving_yards,Darren Waller - Receiving Yds,,Darren Waller,26035076,over,16.5,-114,1.87719298245614,0.5327102803738317,open,,,2026-09-11T18:15:15Z,,,,,v3-forward-measurement
61b84394-7f60-4c4b-8965-7b4405eaad72,abbe6d70-776b-4929-b73b-5fb174fdfe01,2026-09-11T18:15:15Z,FanDuel Sportsbook structured market feed,,VA,NFL,35607426,Chicago Bears @ Carolina Panthers,2026-09-13T17:01:00.000Z,FanDuel,751.185964218,receiving_yards,Darren Waller - Receiving Yds,,Darren Waller,26035077,under,16.5,-114,1.87719298245614,0.5327102803738317,open,,,2026-09-11T18:15:15Z,,,,,v3-forward-measurement
61b84394-7f60-4c4b-8965-7b4405eaad72,93b163a2-15a7-4054-8ecf-fc3756bf2887,2026-09-11T18:15:15Z,FanDuel Sportsbook structured market feed,,VA,NFL,35607426,Chicago Bears @ Carolina Panthers,2026-09-13T17:01:00.000Z,FanDuel,751.185964217,receptions,Darren Waller - Total Receptions,,Darren Waller,26035076,over,1.5,-188,1.531914893617021,0.6527777777777778,open,,,2026-09-11T18:15:15Z,,,,,v3-forward-measurement
61b84394-7f60-4c4b-8965-7b4405eaad72,b333e1cc-b33d-47bd-81f8-0fec0cb19c2f,2026-09-11T18:15:15Z,FanDuel Sportsbook structured market feed,,VA,NFL,35607426,Chicago Bears @ Carolina Panthers,2026-09-13T17:01:00.000Z,FanDuel,751.185964217,receptions,Darren Waller - Total Receptions,,Darren Waller,26035077,under,1.5,140,2.4,0.4166666666666667,open,,,2026-09-11T18:15:15Z,,,,,v3-forward-measurement
61b84394-7f60-4c4b-8965-7b4405eaad72,70fcc58d-d5ef-4d77-9f2e-606b6a3aed3a,2026-09-11T18:15:15Z,FanDuel Sportsbook structured market feed,,VA,NFL,35607426,Chicago Bears @ Carolina Panthers,2026-09-13T17:01:00.000Z,FanDuel,751.186004373,receiving_yards,Chuba Hubbard - Receiving Yds,,Chuba Hubbard,40913705,over,10.5,-114,1.87719298245614,0.5327102803738317,open,,,2026-09-11T18:15:15Z,,,,,v3-forward-measurement
61b84394-7f60-4c4b-8965-7b4405eaad72,aa4b8a5b-5d03-4b49-85f3-79eba35bbe61,2026-09-11T18:15:15Z,FanDuel Sportsbook structured market feed,,VA,NFL,35607426,Chicago Bears @ Carolina Panthers,2026-09-13T17:01:00.000Z,FanDuel,751.186004373,receiving_yards,Chuba Hubbard - Receiving Yds,,Chuba Hubbard,40913711,under,10.5,-114,1.87719298245614,0.5327102803738317,open,,,2026-09-11T18:15:15Z,,,,,v3-forward-measurement
61b84394-7f60-4c4b-8965-7b4405eaad72,90f61395-aa94-4459-97d7-b50c0ae90816,2026-09-11T18:15:15Z,FanDuel Sportsbook structured market feed,,VA,NFL,35607426,Chicago Bears @ Carolina Panthers,2026-09-13T17:01:00.000Z,FanDuel,751.184982580,receiving_yards,Xavier Legette - Receiving Yds,,Xavier Legette,59996927,over,18.5,-114,1.87719298245614,0.5327102803738317,open,,,2026-09-11T18:15:15Z,,,,,v3-forward-measurement
61b84394-7f60-4c4b-8965-7b4405eaad72,66bc0414-fce1-47df-9a6f-f9a02e48726d,2026-09-11T18:15:15Z,FanDuel Sportsbook structured market feed,,VA,NFL,35607426,Chicago Bears @ Carolina Panthers,2026-09-13T17:01:00.000Z,FanDuel,751.184982580,receiving_yards,Xavier Legette - Receiving Yds,,Xavier Legette,59996922,under,18.5,-114,1.87719298245614,0.5327102803738317,open,,,2026-09-11T18:15:15Z,,,,,v3-forward-measurement
61b84394-7f60-4c4b-8965-7b4405eaad72,cc51e46b-05d5-43f5-a6dd-af54c18ec166,2026-09-11T18:15:15Z,FanDuel Sportsbook structured market feed,,VA,NFL,35607426,Chicago Bears @ Carolina Panthers,2026-09-13T17:01:00.000Z,FanDuel,751.184547997,receiving_yards,Cole Kmet - Receiving Yds,,Cole Kmet,37493030,over,13.5,-114,1.87719298245614,0.5327102803738317,open,,,2026-09-11T18:15:15Z,,,,,v3-forward-measurement
61b84394-7f60-4c4b-8965-7b4405eaad72,cb8db09e-b771-45ca-a997-d63a1457090d,2026-09-11T18:15:15Z,FanDuel Sportsbook structured market feed,,VA,NFL,35607426,Chicago Bears @ Carolina Panthers,2026-09-13T17:01:00.000Z,FanDuel,751.184547997,receiving_yards,Cole Kmet - Receiving Yds,,Cole Kmet,37493029,under,13.5,-114,1.87719298245614,0.5327102803738317,open,,,2026-09-11T18:15:15Z,,,,,v3-forward-measurement
61b84394-7f60-4c4b-8965-7b4405eaad72,921f43a2-eba5-408d-b5e3-3ae298bd1d81,2026-09-11T18:15:15Z,FanDuel Sportsbook structured market feed,,VA,NFL,35607426,Chicago Bears @ Carolina Panthers,2026-09-13T17:01:00.000Z,FanDuel,751.184547999,receptions,Cole Kmet - Total Receptions,,Cole Kmet,37493030,over,1.5,-122,1.819672131147541,0.5495495495495496,open,,,2026-09-11T18:15:15Z,,,,,v3-forward-measurement
61b84394-7f60-4c4b-8965-7b4405eaad72,e0a731f2-d805-486a-8f91-49c5c428f937,2026-09-11T18:15:15Z,FanDuel Sportsbook structured market feed,,VA,NFL,35607426,Chicago Bears @ Carolina Panthers,2026-09-13T17:01:00.000Z,FanDuel,751.184547999,receptions,Cole Kmet - Total Receptions,,Cole Kmet,37493029,under,1.5,-108,1.925925925925926,0.5192307692307693,open,,,2026-09-11T18:15:15Z,,,,,v3-forward-measurement
61b84394-7f60-4c4b-8965-7b4405eaad72,efcd213d-0bd1-4609-a3fe-cd7b92d10617,2026-09-11T18:15:15Z,FanDuel Sportsbook structured market feed,,VA,NFL,35607426,Chicago Bears @ Carolina Panthers,2026-09-13T17:01:00.000Z,FanDuel,751.185869303,receptions,Kyle Monangai - Total Receptions,,Kyle Monangai,48514921,over,1.5,178,2.78,0.3597122302158273,open,,,2026-09-11T18:15:15Z,,,,,v3-forward-measurement
61b84394-7f60-4c4b-8965-7b4405eaad72,b2d84338-28d5-4833-a3ba-b933ed7368e0,2026-09-11T18:15:15Z,FanDuel Sportsbook structured market feed,,VA,NFL,35607426,Chicago Bears @ Carolina Panthers,2026-09-13T17:01:00.000Z,FanDuel,751.185869303,receptions,Kyle Monangai - Total Receptions,,Kyle Monangai,48514920,under,1.5,-245,1.408163265306122,0.7101449275362319,open,,,2026-09-11T18:15:15Z,,,,,v3-forward-measurement
61b84394-7f60-4c4b-8965-7b4405eaad72,c94a32ad-13be-46e3-b8c8-43302c5798fb,2026-09-11T18:15:15Z,FanDuel Sportsbook structured market feed,,VA,NFL,35607426,Chicago Bears @ Carolina Panthers,2026-09-13T17:01:00.000Z,FanDuel,751.186004369,receptions,Chuba Hubbard - Total Receptions,,Chuba Hubbard,40913705,over,1.5,-188,1.531914893617021,0.6527777777777778,open,,,2026-09-11T18:15:15Z,,,,,v3-forward-measurement
61b84394-7f60-4c4b-8965-7b4405eaad72,8e783ee3-7e75-4eed-a230-ad997e1c0036,2026-09-11T18:15:15Z,FanDuel Sportsbook structured market feed,,VA,NFL,35607426,Chicago Bears @ Carolina Panthers,2026-09-13T17:01:00.000Z,FanDuel,751.186004369,receptions,Chuba Hubbard - Total Receptions,,Chuba Hubbard,40913711,under,1.5,140,2.4,0.4166666666666667,open,,,2026-09-11T18:15:15Z,,,,,v3-forward-measurement
61b84394-7f60-4c4b-8965-7b4405eaad72,af379cb7-0e1c-4b26-a15e-5fe4f7aaeed0,2026-09-11T18:15:15Z,FanDuel Sportsbook structured market feed,,VA,NFL,35607426,Chicago Bears @ Carolina Panthers,2026-09-13T17:01:00.000Z,FanDuel,751.185869309,receiving_yards,Kyle Monangai - Receiving Yds,,Kyle Monangai,48514921,over,5.5,-120,1.833333333333333,0.5454545454545454,open,,,2026-09-11T18:15:15Z,,,,,v3-forward-measurement
61b84394-7f60-4c4b-8965-7b4405eaad72,8fa421b3-0524-48c5-9692-03a945ca8864,2026-09-11T18:15:15Z,FanDuel Sportsbook structured market feed,,VA,NFL,35607426,Chicago Bears @ Carolina Panthers,2026-09-13T17:01:00.000Z,FanDuel,751.185869309,receiving_yards,Kyle Monangai - Receiving Yds,,Kyle Monangai,48514920,under,5.5,-108,1.925925925925926,0.5192307692307693,open,,,2026-09-11T18:15:15Z,,,,,v3-forward-measurement
9dc13749-6c64-4343-be67-317f856b05b9,35f81b8f-670e-4aef-a740-50789e20a7ca,2026-09-11T18:15:15Z,FanDuel Sportsbook structured market feed,,VA,NFL,35609018,Miami Dolphins @ Las Vegas Raiders,2026-09-13T20:26:00.000Z,FanDuel,751.184001788,passing_touchdowns,Malik Willis - Passing TDs,,Malik Willis,41071999,over,0.5,-225,1.444444444444444,0.6923076923076923,open,,,2026-09-11T18:15:15Z,,,,,v3-forward-measurement
9dc13749-6c64-4343-be67-317f856b05b9,11f6282e-e65e-4405-8725-dae87d50b076,2026-09-11T18:15:15Z,FanDuel Sportsbook structured market feed,,VA,NFL,35609018,Miami Dolphins @ Las Vegas Raiders,2026-09-13T20:26:00.000Z,FanDuel,751.184001788,passing_touchdowns,Malik Willis - Passing TDs,,Malik Willis,41072001,under,0.5,164,2.64,0.3787878787878788,open,,,2026-09-11T18:15:15Z,,,,,v3-forward-measurement
9dc13749-6c64-4343-be67-317f856b05b9,e21e5e76-dee1-435e-b149-8fb4678d5cca,2026-09-11T18:15:15Z,FanDuel Sportsbook structured market feed,,VA,NFL,35609018,Miami Dolphins @ Las Vegas Raiders,2026-09-13T20:26:00.000Z,FanDuel,751.184001832,passing_yards,Kirk Cousins - Passing Yds,,Kirk Cousins,11889829,over,207.5,-114,1.87719298245614,0.5327102803738317,open,,,2026-09-11T18:15:15Z,,,,,v3-forward-measurement
9dc13749-6c64-4343-be67-317f856b05b9,a0547ddd-16be-415b-8576-7a207c32804e,2026-09-11T18:15:15Z,FanDuel Sportsbook structured market feed,,VA,NFL,35609018,Miami Dolphins @ Las Vegas Raiders,2026-09-13T20:26:00.000Z,FanDuel,751.184001832,passing_yards,Kirk Cousins - Passing Yds,,Kirk Cousins,11889830,under,207.5,-114,1.87719298245614,0.5327102803738317,open,,,2026-09-11T18:15:15Z,,,,,v3-forward-measurement
9dc13749-6c64-4343-be67-317f856b05b9,06b3306d-6efd-4e20-ba5b-51de685af976,2026-09-11T18:15:15Z,FanDuel Sportsbook structured market feed,,VA,NFL,35609018,Miami Dolphins @ Las Vegas Raiders,2026-09-13T20:26:00.000Z,FanDuel,751.184001812,passing_yards,Malik Willis - Passing Yds,,Malik Willis,41071999,over,184.5,-114,1.87719298245614,0.5327102803738317,open,,,2026-09-11T18:15:15Z,,,,,v3-forward-measurement
9dc13749-6c64-4343-be67-317f856b05b9,63cef5da-3b18-4ff0-8851-ceac4ad8140c,2026-09-11T18:15:15Z,FanDuel Sportsbook structured market feed,,VA,NFL,35609018,Miami Dolphins @ Las Vegas Raiders,2026-09-13T20:26:00.000Z,FanDuel,751.184001812,passing_yards,Malik Willis - Passing Yds,,Malik Willis,41072001,under,184.5,-114,1.87719298245614,0.5327102803738317,open,,,2026-09-11T18:15:15Z,,,,,v3-forward-measurement
9dc13749-6c64-4343-be67-317f856b05b9,1b5edce1-afd4-4224-899e-b1f398e5f2dd,2026-09-11T18:15:15Z,FanDuel Sportsbook structured market feed,,VA,NFL,35609018,Miami Dolphins @ Las Vegas Raiders,2026-09-13T20:26:00.000Z,FanDuel,751.184001798,passing_touchdowns,Kirk Cousins - Passing TDs,,Kirk Cousins,11889829,over,1.5,136,2.36,0.423728813559322,open,,,2026-09-11T18:15:15Z,,,,,v3-forward-measurement
9dc13749-6c64-4343-be67-317f856b05b9,aca827bf-03bd-4c89-af8e-ae56b9dac138,2026-09-11T18:15:15Z,FanDuel Sportsbook structured market feed,,VA,NFL,35609018,Miami Dolphins @ Las Vegas Raiders,2026-09-13T20:26:00.000Z,FanDuel,751.184001798,passing_touchdowns,Kirk Cousins - Passing TDs,,Kirk Cousins,11889830,under,1.5,-182,1.549450549450549,0.6453900709219859,open,,,2026-09-11T18:15:15Z,,,,,v3-forward-measurement
73295f65-84da-4352-8fa3-6a6569dfdb28,129736bb-bc92-41f3-b4ec-0973f9fafca7,2026-09-11T18:15:15Z,FanDuel Sportsbook structured market feed,,VA,NFL,35609018,Miami Dolphins @ Las Vegas Raiders,2026-09-13T20:26:00.000Z,FanDuel,751.185136427,rushing_yards,Malik Willis - Rushing Yds,,Malik Willis,41071999,over,39.5,-114,1.87719298245614,0.5327102803738317,open,,,2026-09-11T18:15:15Z,,,,,v3-forward-measurement
73295f65-84da-4352-8fa3-6a6569dfdb28,7b1d2da1-e51d-499f-be0d-3a9efcd077c5,2026-09-11T18:15:15Z,FanDuel Sportsbook structured market feed,,VA,NFL,35609018,Miami Dolphins @ Las Vegas Raiders,2026-09-13T20:26:00.000Z,FanDuel,751.185136427,rushing_yards,Malik Willis - Rushing Yds,,Malik Willis,41072001,under,39.5,-114,1.87719298245614,0.5327102803738317,open,,,2026-09-11T18:15:15Z,,,,,v3-forward-measurement
73295f65-84da-4352-8fa3-6a6569dfdb28,e059f671-6607-4339-8c38-c33231382df6,2026-09-11T18:15:15Z,FanDuel Sportsbook structured market feed,,VA,NFL,35609018,Miami Dolphins @ Las Vegas Raiders,2026-09-13T20:26:00.000Z,FanDuel,751.185254634,rushing_yards,Kirk Cousins - Rushing Yds,,Kirk Cousins,11889829,over,0.5,120,2.2,0.45454545454545453,open,,,2026-09-11T18:15:15Z,,,,,v3-forward-measurement
73295f65-84da-4352-8fa3-6a6569dfdb28,5560661e-fe37-448b-bc1a-a668af82f242,2026-09-11T18:15:15Z,FanDuel Sportsbook structured market feed,,VA,NFL,35609018,Miami Dolphins @ Las Vegas Raiders,2026-09-13T20:26:00.000Z,FanDuel,751.185254634,rushing_yards,Kirk Cousins - Rushing Yds,,Kirk Cousins,11889830,under,0.5,-156,1.641025641025641,0.609375,open,,,2026-09-11T18:15:15Z,,,,,v3-forward-measurement
73295f65-84da-4352-8fa3-6a6569dfdb28,9dd2b668-d954-4e00-8d0e-274bae7811d5,2026-09-11T18:15:15Z,FanDuel Sportsbook structured market feed,,VA,NFL,35609018,Miami Dolphins @ Las Vegas Raiders,2026-09-13T20:26:00.000Z,FanDuel,751.185696403,rushing_yards,Ashton Jeanty - Rushing Yds,,Ashton Jeanty,59996483,over,57.5,-114,1.87719298245614,0.5327102803738317,open,,,2026-09-11T18:15:15Z,,,,,v3-forward-measurement
73295f65-84da-4352-8fa3-6a6569dfdb28,883da31f-ee01-4710-9340-b376f3f27ad6,2026-09-11T18:15:15Z,FanDuel Sportsbook structured market feed,,VA,NFL,35609018,Miami Dolphins @ Las Vegas Raiders,2026-09-13T20:26:00.000Z,FanDuel,751.185696403,rushing_yards,Ashton Jeanty - Rushing Yds,,Ashton Jeanty,59996482,under,57.5,-114,1.87719298245614,0.5327102803738317,open,,,2026-09-11T18:15:15Z,,,,,v3-forward-measurement
73295f65-84da-4352-8fa3-6a6569dfdb28,00c25e84-c75b-4821-a5f3-eb9c279e4428,2026-09-11T18:15:15Z,FanDuel Sportsbook structured market feed,,VA,NFL,35609018,Miami Dolphins @ Las Vegas Raiders,2026-09-13T20:26:00.000Z,FanDuel,751.184002435,rushing_yards,De'Von Achane - Rushing Yds,,De'Von Achane,61166678,over,68.5,-114,1.87719298245614,0.5327102803738317,open,,,2026-09-11T18:15:15Z,,,,,v3-forward-measurement
73295f65-84da-4352-8fa3-6a6569dfdb28,50e79c76-3494-4269-a7d3-ec720007a23c,2026-09-11T18:15:15Z,FanDuel Sportsbook structured market feed,,VA,NFL,35609018,Miami Dolphins @ Las Vegas Raiders,2026-09-13T20:26:00.000Z,FanDuel,751.184002435,rushing_yards,De'Von Achane - Rushing Yds,,De'Von Achane,61166679,under,68.5,-114,1.87719298245614,0.5327102803738317,open,,,2026-09-11T18:15:15Z,,,,,v3-forward-measurement
6e882337-cb6e-446d-8f31-d248b834aa7b,34d53c02-cb66-420b-ad41-2a01cec642b4,2026-09-11T18:15:15Z,FanDuel Sportsbook structured market feed,,VA,NFL,35609018,Miami Dolphins @ Las Vegas Raiders,2026-09-13T20:26:00.000Z,FanDuel,751.185447438,receiving_yards,Jack Bech - Receiving Yds,,Jack Bech,41330988,over,18.5,-114,1.87719298245614,0.5327102803738317,open,,,2026-09-11T18:15:15Z,,,,,v3-forward-measurement
6e882337-cb6e-446d-8f31-d248b834aa7b,f63ac8aa-e8e4-42ae-9e03-90ec05b799ff,2026-09-11T18:15:15Z,FanDuel Sportsbook structured market feed,,VA,NFL,35609018,Miami Dolphins @ Las Vegas Raiders,2026-09-13T20:26:00.000Z,FanDuel,751.185447438,receiving_yards,Jack Bech - Receiving Yds,,Jack Bech,41330987,under,18.5,-114,1.87719298245614,0.5327102803738317,open,,,2026-09-11T18:15:15Z,,,,,v3-forward-measurement
6e882337-cb6e-446d-8f31-d248b834aa7b,d7073cdc-f068-4bf6-b6d8-775626e6d58b,2026-09-11T18:15:15Z,FanDuel Sportsbook structured market feed,,VA,NFL,35609018,Miami Dolphins @ Las Vegas Raiders,2026-09-13T20:26:00.000Z,FanDuel,751.185050463,receiving_yards,Malik Washington - Receiving Yds,,Malik Washington,41433612,over,27.5,-114,1.87719298245614,0.5327102803738317,open,,,2026-09-11T18:15:15Z,,,,,v3-forward-measurement
6e882337-cb6e-446d-8f31-d248b834aa7b,95c2e346-797b-4f6c-92bd-6221065184f2,2026-09-11T18:15:15Z,FanDuel Sportsbook structured market feed,,VA,NFL,35609018,Miami Dolphins @ Las Vegas Raiders,2026-09-13T20:26:00.000Z,FanDuel,751.185050463,receiving_yards,Malik Washington - Receiving Yds,,Malik Washington,41433613,under,27.5,-114,1.87719298245614,0.5327102803738317,open,,,2026-09-11T18:15:15Z,,,,,v3-forward-measurement
6e882337-cb6e-446d-8f31-d248b834aa7b,5a487a56-7b00-4b54-986a-b3d1053b6f96,2026-09-11T18:15:15Z,FanDuel Sportsbook structured market feed,,VA,NFL,35609018,Miami Dolphins @ Las Vegas Raiders,2026-09-13T20:26:00.000Z,FanDuel,751.185447436,receptions,Jack Bech - Total Receptions,,Jack Bech,41330988,over,1.5,-148,1.675675675675676,0.5967741935483871,open,,,2026-09-11T18:15:15Z,,,,,v3-forward-measurement
6e882337-cb6e-446d-8f31-d248b834aa7b,59700e83-fedc-468f-bc32-028179f9f315,2026-09-11T18:15:15Z,FanDuel Sportsbook structured market feed,,VA,NFL,35609018,Miami Dolphins @ Las Vegas Raiders,2026-09-13T20:26:00.000Z,FanDuel,751.185447436,receptions,Jack Bech - Total Receptions,,Jack Bech,41330987,under,1.5,112,2.12,0.4716981132075472,open,,,2026-09-11T18:15:15Z,,,,,v3-forward-measurement
6e882337-cb6e-446d-8f31-d248b834aa7b,f5f3db5c-c4d8-47dd-9a27-c1eb6e590b9f,2026-09-11T18:15:15Z,FanDuel Sportsbook structured market feed,,VA,NFL,35609018,Miami Dolphins @ Las Vegas Raiders,2026-09-13T20:26:00.000Z,FanDuel,751.184007905,receiving_yards,Tre Tucker - Receiving Yds,,Tre Tucker,49580080,over,45.5,-114,1.87719298245614,0.5327102803738317,open,,,2026-09-11T18:15:15Z,,,,,v3-forward-measurement
6e882337-cb6e-446d-8f31-d248b834aa7b,ed0df582-68d1-475e-8545-4f0c4767eed1,2026-09-11T18:15:15Z,FanDuel Sportsbook structured market feed,,VA,NFL,35609018,Miami Dolphins @ Las Vegas Raiders,2026-09-13T20:26:00.000Z,FanDuel,751.184007905,receiving_yards,Tre Tucker - Receiving Yds,,Tre Tucker,49580078,under,45.5,-114,1.87719298245614,0.5327102803738317,open,,,2026-09-11T18:15:15Z,,,,,v3-forward-measurement
6e882337-cb6e-446d-8f31-d248b834aa7b,a2c8e274-a046-4c2a-95f6-9984284dbb9e,2026-09-11T18:15:15Z,FanDuel Sportsbook structured market feed,,VA,NFL,35609018,Miami Dolphins @ Las Vegas Raiders,2026-09-13T20:26:00.000Z,FanDuel,751.185062655,receptions,Caleb Douglas - Total Receptions,,Caleb Douglas,59967950,over,2.5,120,2.2,0.45454545454545453,open,,,2026-09-11T18:15:15Z,,,,,v3-forward-measurement
6e882337-cb6e-446d-8f31-d248b834aa7b,ab04e989-e213-4031-b99d-8320d0924cec,2026-09-11T18:15:15Z,FanDuel Sportsbook structured market feed,,VA,NFL,35609018,Miami Dolphins @ Las Vegas Raiders,2026-09-13T20:26:00.000Z,FanDuel,751.185062655,receptions,Caleb Douglas - Total Receptions,,Caleb Douglas,59967966,under,2.5,-160,1.625,0.6153846153846154,open,,,2026-09-11T18:15:15Z,,,,,v3-forward-measurement
6e882337-cb6e-446d-8f31-d248b834aa7b,f4a0b84d-e892-4505-ab8d-d228cc42afe5,2026-09-11T18:15:15Z,FanDuel Sportsbook structured market feed,,VA,NFL,35609018,Miami Dolphins @ Las Vegas Raiders,2026-09-13T20:26:00.000Z,FanDuel,751.185696389,receptions,Ashton Jeanty - Total Receptions,,Ashton Jeanty,59996483,over,3.5,102,2.02,0.49504950495049505,open,,,2026-09-11T18:15:15Z,,,,,v3-forward-measurement
6e882337-cb6e-446d-8f31-d248b834aa7b,0942e3fc-1b56-4c24-a799-0cb89b492dd7,2026-09-11T18:15:15Z,FanDuel Sportsbook structured market feed,,VA,NFL,35609018,Miami Dolphins @ Las Vegas Raiders,2026-09-13T20:26:00.000Z,FanDuel,751.185696389,receptions,Ashton Jeanty - Total Receptions,,Ashton Jeanty,59996482,under,3.5,-136,1.735294117647059,0.576271186440678,open,,,2026-09-11T18:15:15Z,,,,,v3-forward-measurement
6e882337-cb6e-446d-8f31-d248b834aa7b,218461df-43b6-466b-b4d3-226abe1b84ed,2026-09-11T18:15:15Z,FanDuel Sportsbook structured market feed,,VA,NFL,35609018,Miami Dolphins @ Las Vegas Raiders,2026-09-13T20:26:00.000Z,FanDuel,751.184007903,receptions,Tre Tucker - Total Receptions,,Tre Tucker,49580080,over,4.5,114,2.14,0.4672897196261682,open,,,2026-09-11T18:15:15Z,,,,,v3-forward-measurement
6e882337-cb6e-446d-8f31-d248b834aa7b,b83693dc-4402-4359-b453-008755d66943,2026-09-11T18:15:15Z,FanDuel Sportsbook structured market feed,,VA,NFL,35609018,Miami Dolphins @ Las Vegas Raiders,2026-09-13T20:26:00.000Z,FanDuel,751.184007903,receptions,Tre Tucker - Total Receptions,,Tre Tucker,49580078,under,4.5,-152,1.657894736842105,0.6031746031746031,open,,,2026-09-11T18:15:15Z,,,,,v3-forward-measurement
6e882337-cb6e-446d-8f31-d248b834aa7b,da9b616a-4531-4784-b08c-5c614c80bf4a,2026-09-11T18:15:15Z,FanDuel Sportsbook structured market feed,,VA,NFL,35609018,Miami Dolphins @ Las Vegas Raiders,2026-09-13T20:26:00.000Z,FanDuel,751.185696385,receiving_yards,Ashton Jeanty - Receiving Yds,,Ashton Jeanty,59996483,over,17.5,-114,1.87719298245614,0.5327102803738317,open,,,2026-09-11T18:15:15Z,,,,,v3-forward-measurement
6e882337-cb6e-446d-8f31-d248b834aa7b,ad8e090d-4c09-4245-a722-4506db772739,2026-09-11T18:15:15Z,FanDuel Sportsbook structured market feed,,VA,NFL,35609018,Miami Dolphins @ Las Vegas Raiders,2026-09-13T20:26:00.000Z,FanDuel,751.185696385,receiving_yards,Ashton Jeanty - Receiving Yds,,Ashton Jeanty,59996482,under,17.5,-114,1.87719298245614,0.5327102803738317,open,,,2026-09-11T18:15:15Z,,,,,v3-forward-measurement
6e882337-cb6e-446d-8f31-d248b834aa7b,d18f8019-073b-4e11-83af-e7613da10e48,2026-09-11T18:15:15Z,FanDuel Sportsbook structured market feed,,VA,NFL,35609018,Miami Dolphins @ Las Vegas Raiders,2026-09-13T20:26:00.000Z,FanDuel,751.184008124,receptions,De'Von Achane - Total Receptions,,De'Von Achane,61166678,over,4.5,122,2.22,0.45045045045045046,open,,,2026-09-11T18:15:15Z,,,,,v3-forward-measurement
6e882337-cb6e-446d-8f31-d248b834aa7b,8436b68e-ca33-40b1-b6c3-06f127fb899c,2026-09-11T18:15:15Z,FanDuel Sportsbook structured market feed,,VA,NFL,35609018,Miami Dolphins @ Las Vegas Raiders,2026-09-13T20:26:00.000Z,FanDuel,751.184008124,receptions,De'Von Achane - Total Receptions,,De'Von Achane,61166679,under,4.5,-162,1.617283950617284,0.6183206106870229,open,,,2026-09-11T18:15:15Z,,,,,v3-forward-measurement
6e882337-cb6e-446d-8f31-d248b834aa7b,17806079-b235-4688-a411-6979e0a5c1a7,2026-09-11T18:15:15Z,FanDuel Sportsbook structured market feed,,VA,NFL,35609018,Miami Dolphins @ Las Vegas Raiders,2026-09-13T20:26:00.000Z,FanDuel,751.185140997,receiving_yards,Michael Mayer - Receiving Yds,,Michael Mayer,41072736,over,39.5,-114,1.87719298245614,0.5327102803738317,open,,,2026-09-11T18:15:15Z,,,,,v3-forward-measurement
6e882337-cb6e-446d-8f31-d248b834aa7b,43129ff7-e317-49a1-b5c5-a701169365a1,2026-09-11T18:15:15Z,FanDuel Sportsbook structured market feed,,VA,NFL,35609018,Miami Dolphins @ Las Vegas Raiders,2026-09-13T20:26:00.000Z,FanDuel,751.185140997,receiving_yards,Michael Mayer - Receiving Yds,,Michael Mayer,41072735,under,39.5,-114,1.87719298245614,0.5327102803738317,open,,,2026-09-11T18:15:15Z,,,,,v3-forward-measurement
6e882337-cb6e-446d-8f31-d248b834aa7b,f5eb94a3-4383-44f2-9f62-9f519932d4f6,2026-09-11T18:15:15Z,FanDuel Sportsbook structured market feed,,VA,NFL,35609018,Miami Dolphins @ Las Vegas Raiders,2026-09-13T20:26:00.000Z,FanDuel,751.184008125,receiving_yards,De'Von Achane - Receiving Yds,,De'Von Achane,61166678,over,27.5,-114,1.87719298245614,0.5327102803738317,open,,,2026-09-11T18:15:15Z,,,,,v3-forward-measurement
6e882337-cb6e-446d-8f31-d248b834aa7b,1d58f404-7d91-4e18-af3f-d53f53243aa5,2026-09-11T18:15:15Z,FanDuel Sportsbook structured market feed,,VA,NFL,35609018,Miami Dolphins @ Las Vegas Raiders,2026-09-13T20:26:00.000Z,FanDuel,751.184008125,receiving_yards,De'Von Achane - Receiving Yds,,De'Von Achane,61166679,under,27.5,-114,1.87719298245614,0.5327102803738317,open,,,2026-09-11T18:15:15Z,,,,,v3-forward-measurement
6e882337-cb6e-446d-8f31-d248b834aa7b,4712d0c1-be72-4bb9-ada8-3eed1d7854cd,2026-09-11T18:15:15Z,FanDuel Sportsbook structured market feed,,VA,NFL,35609018,Miami Dolphins @ Las Vegas Raiders,2026-09-13T20:26:00.000Z,FanDuel,751.185140911,receptions,Jalen Nailor - Total Receptions,,Jalen Nailor,40975110,over,3.5,118,2.18,0.45871559633027525,open,,,2026-09-11T18:15:15Z,,,,,v3-forward-measurement
6e882337-cb6e-446d-8f31-d248b834aa7b,e03ec7df-5999-421d-af2a-9976cf21150a,2026-09-11T18:15:15Z,FanDuel Sportsbook structured market feed,,VA,NFL,35609018,Miami Dolphins @ Las Vegas Raiders,2026-09-13T20:26:00.000Z,FanDuel,751.185140911,receptions,Jalen Nailor - Total Receptions,,Jalen Nailor,40975111,under,3.5,-158,1.632911392405063,0.6124031007751938,open,,,2026-09-11T18:15:15Z,,,,,v3-forward-measurement
6e882337-cb6e-446d-8f31-d248b834aa7b,4eb80998-d762-4fde-ab56-4d10d1155602,2026-09-11T18:15:15Z,FanDuel Sportsbook structured market feed,,VA,NFL,35609018,Miami Dolphins @ Las Vegas Raiders,2026-09-13T20:26:00.000Z,FanDuel,751.185140999,receptions,Michael Mayer - Total Receptions,,Michael Mayer,41072736,over,4.5,-122,1.819672131147541,0.5495495495495496,open,,,2026-09-11T18:15:15Z,,,,,v3-forward-measurement
6e882337-cb6e-446d-8f31-d248b834aa7b,907c299d-0df1-4b86-909e-2384955e9181,2026-09-11T18:15:15Z,FanDuel Sportsbook structured market feed,,VA,NFL,35609018,Miami Dolphins @ Las Vegas Raiders,2026-09-13T20:26:00.000Z,FanDuel,751.185140999,receptions,Michael Mayer - Total Receptions,,Michael Mayer,41072735,under,4.5,-108,1.925925925925926,0.5192307692307693,open,,,2026-09-11T18:15:15Z,,,,,v3-forward-measurement
6e882337-cb6e-446d-8f31-d248b834aa7b,313a07a2-cbf6-4a0c-bbc2-eef51d830d6e,2026-09-11T18:15:15Z,FanDuel Sportsbook structured market feed,,VA,NFL,35609018,Miami Dolphins @ Las Vegas Raiders,2026-09-13T20:26:00.000Z,FanDuel,751.185050455,receptions,Malik Washington - Total Receptions,,Malik Washington,41433612,over,2.5,-158,1.632911392405063,0.6124031007751938,open,,,2026-09-11T18:15:15Z,,,,,v3-forward-measurement
6e882337-cb6e-446d-8f31-d248b834aa7b,8682e1f3-5bcf-42cc-adb7-0e46fe415ed3,2026-09-11T18:15:15Z,FanDuel Sportsbook structured market feed,,VA,NFL,35609018,Miami Dolphins @ Las Vegas Raiders,2026-09-13T20:26:00.000Z,FanDuel,751.185050455,receptions,Malik Washington - Total Receptions,,Malik Washington,41433613,under,2.5,118,2.18,0.45871559633027525,open,,,2026-09-11T18:15:15Z,,,,,v3-forward-measurement
6e882337-cb6e-446d-8f31-d248b834aa7b,0ca70dfc-d58c-4101-9aef-82851777b40c,2026-09-11T18:15:15Z,FanDuel Sportsbook structured market feed,,VA,NFL,35609018,Miami Dolphins @ Las Vegas Raiders,2026-09-13T20:26:00.000Z,FanDuel,751.185140909,receiving_yards,Jalen Nailor - Receiving Yds,,Jalen Nailor,40975110,over,37.5,-114,1.87719298245614,0.5327102803738317,open,,,2026-09-11T18:15:15Z,,,,,v3-forward-measurement
6e882337-cb6e-446d-8f31-d248b834aa7b,f9e53fff-299d-4bf2-9b13-a0518c97fcdd,2026-09-11T18:15:15Z,FanDuel Sportsbook structured market feed,,VA,NFL,35609018,Miami Dolphins @ Las Vegas Raiders,2026-09-13T20:26:00.000Z,FanDuel,751.185140909,receiving_yards,Jalen Nailor - Receiving Yds,,Jalen Nailor,40975111,under,37.5,-114,1.87719298245614,0.5327102803738317,open,,,2026-09-11T18:15:15Z,,,,,v3-forward-measurement
6e882337-cb6e-446d-8f31-d248b834aa7b,19e4d4cb-f3b6-4ee4-a7fb-09e168e58986,2026-09-11T18:15:15Z,FanDuel Sportsbook structured market feed,,VA,NFL,35609018,Miami Dolphins @ Las Vegas Raiders,2026-09-13T20:26:00.000Z,FanDuel,751.185062643,receiving_yards,Caleb Douglas - Receiving Yds,,Caleb Douglas,59967950,over,25.5,-114,1.87719298245614,0.5327102803738317,open,,,2026-09-11T18:15:15Z,,,,,v3-forward-measurement
6e882337-cb6e-446d-8f31-d248b834aa7b,a1dab67a-7f98-44ed-b8f2-ff040807a469,2026-09-11T18:15:15Z,FanDuel Sportsbook structured market feed,,VA,NFL,35609018,Miami Dolphins @ Las Vegas Raiders,2026-09-13T20:26:00.000Z,FanDuel,751.185062643,receiving_yards,Caleb Douglas - Receiving Yds,,Caleb Douglas,59967966,under,25.5,-114,1.87719298245614,0.5327102803738317,open,,,2026-09-11T18:15:15Z,,,,,v3-forward-measurement
6e882337-cb6e-446d-8f31-d248b834aa7b,42991cd9-d993-4f03-8d48-c1bad01d1b9e,2026-09-11T18:15:15Z,FanDuel Sportsbook structured market feed,,VA,NFL,35609018,Miami Dolphins @ Las Vegas Raiders,2026-09-13T20:26:00.000Z,FanDuel,751.185140626,receiving_yards,Greg Dulcich - Receiving Yds,,Greg Dulcich,41074189,over,26.5,-114,1.87719298245614,0.5327102803738317,open,,,2026-09-11T18:15:15Z,,,,,v3-forward-measurement
6e882337-cb6e-446d-8f31-d248b834aa7b,5359a063-1b19-4c44-86e8-a2c47e491d6a,2026-09-11T18:15:15Z,FanDuel Sportsbook structured market feed,,VA,NFL,35609018,Miami Dolphins @ Las Vegas Raiders,2026-09-13T20:26:00.000Z,FanDuel,751.185140626,receiving_yards,Greg Dulcich - Receiving Yds,,Greg Dulcich,41074187,under,26.5,-114,1.87719298245614,0.5327102803738317,open,,,2026-09-11T18:15:15Z,,,,,v3-forward-measurement
6e882337-cb6e-446d-8f31-d248b834aa7b,da67ffdb-92da-4e51-9039-5db96ac57d68,2026-09-11T18:15:15Z,FanDuel Sportsbook structured market feed,,VA,NFL,35609018,Miami Dolphins @ Las Vegas Raiders,2026-09-13T20:26:00.000Z,FanDuel,751.185140628,receptions,Greg Dulcich - Total Receptions,,Greg Dulcich,41074189,over,2.5,-114,1.87719298245614,0.5327102803738317,open,,,2026-09-11T18:15:15Z,,,,,v3-forward-measurement
6e882337-cb6e-446d-8f31-d248b834aa7b,5547977a-3117-4d33-a067-492deb8fd42b,2026-09-11T18:15:15Z,FanDuel Sportsbook structured market feed,,VA,NFL,35609018,Miami Dolphins @ Las Vegas Raiders,2026-09-13T20:26:00.000Z,FanDuel,751.185140628,receptions,Greg Dulcich - Total Receptions,,Greg Dulcich,41074187,under,2.5,-114,1.87719298245614,0.5327102803738317,open,,,2026-09-11T18:15:15Z,,,,,v3-forward-measurement
0d1fee0d-e004-43b0-a324-a08486f959bb,7c2e5892-bee0-4cc6-8ca1-8c42aabca7d3,2026-09-11T18:15:15Z,FanDuel Sportsbook structured market feed,,VA,NFL,35609019,Cleveland Browns @ Jacksonville Jaguars,2026-09-13T17:01:00.000Z,FanDuel,751.183935310,passing_yards,Deshaun Watson - Passing Yds,,Deshaun Watson,12302595,over,178.5,-114,1.87719298245614,0.5327102803738317,open,,,2026-09-11T18:15:15Z,,,,,v3-forward-measurement
0d1fee0d-e004-43b0-a324-a08486f959bb,bd17bebe-58af-408a-8554-604339b2b77f,2026-09-11T18:15:15Z,FanDuel Sportsbook structured market feed,,VA,NFL,35609019,Cleveland Browns @ Jacksonville Jaguars,2026-09-13T17:01:00.000Z,FanDuel,751.183935310,passing_yards,Deshaun Watson - Passing Yds,,Deshaun Watson,12302596,under,178.5,-114,1.87719298245614,0.5327102803738317,open,,,2026-09-11T18:15:15Z,,,,,v3-forward-measurement
0d1fee0d-e004-43b0-a324-a08486f959bb,fb262212-2cb7-4774-8fa5-dc886492d35b,2026-09-11T18:15:15Z,FanDuel Sportsbook structured market feed,,VA,NFL,35609019,Cleveland Browns @ Jacksonville Jaguars,2026-09-13T17:01:00.000Z,FanDuel,751.183935245,passing_touchdowns,Trevor Lawrence - Passing TDs,,Trevor Lawrence,22336735,over,1.5,-106,1.943396226415094,0.5145631067961165,open,,,2026-09-11T18:15:15Z,,,,,v3-forward-measurement
0d1fee0d-e004-43b0-a324-a08486f959bb,871d3645-41cc-4668-acfe-75c1171b5cf3,2026-09-11T18:15:15Z,FanDuel Sportsbook structured market feed,,VA,NFL,35609019,Cleveland Browns @ Jacksonville Jaguars,2026-09-13T17:01:00.000Z,FanDuel,751.183935245,passing_touchdowns,Trevor Lawrence - Passing TDs,,Trevor Lawrence,22336736,under,1.5,-125,1.8,0.5555555555555556,open,,,2026-09-11T18:15:15Z,,,,,v3-forward-measurement
0d1fee0d-e004-43b0-a324-a08486f959bb,4cdb8dcc-7798-4a98-b010-55b030f6d9b8,2026-09-11T18:15:15Z,FanDuel Sportsbook structured market feed,,VA,NFL,35609019,Cleveland Browns @ Jacksonville Jaguars,2026-09-13T17:01:00.000Z,FanDuel,751.183935242,passing_touchdowns,Deshaun Watson - Passing TDs,,Deshaun Watson,12302595,over,0.5,-180,1.555555555555556,0.6428571428571429,open,,,2026-09-11T18:15:15Z,,,,,v3-forward-measurement
0d1fee0d-e004-43b0-a324-a08486f959bb,6cd98797-33f1-4369-bdf9-a0bfda64930e,2026-09-11T18:15:15Z,FanDuel Sportsbook structured market feed,,VA,NFL,35609019,Cleveland Browns @ Jacksonville Jaguars,2026-09-13T17:01:00.000Z,FanDuel,751.183935242,passing_touchdowns,Deshaun Watson - Passing TDs,,Deshaun Watson,12302596,under,0.5,134,2.34,0.42735042735042733,open,,,2026-09-11T18:15:15Z,,,,,v3-forward-measurement
0d1fee0d-e004-43b0-a324-a08486f959bb,fd5c3b8f-22eb-4a5f-aa42-9fdcec7fd438,2026-09-11T18:15:15Z,FanDuel Sportsbook structured market feed,,VA,NFL,35609019,Cleveland Browns @ Jacksonville Jaguars,2026-09-13T17:01:00.000Z,FanDuel,751.183935240,passing_yards,Trevor Lawrence - Passing Yds,,Trevor Lawrence,22336735,over,236.5,-114,1.87719298245614,0.5327102803738317,open,,,2026-09-11T18:15:15Z,,,,,v3-forward-measurement
0d1fee0d-e004-43b0-a324-a08486f959bb,b6e525e4-86f3-4ff5-bc3d-1f6d998ccc58,2026-09-11T18:15:15Z,FanDuel Sportsbook structured market feed,,VA,NFL,35609019,Cleveland Browns @ Jacksonville Jaguars,2026-09-13T17:01:00.000Z,FanDuel,751.183935240,passing_yards,Trevor Lawrence - Passing Yds,,Trevor Lawrence,22336736,under,236.5,-114,1.87719298245614,0.5327102803738317,open,,,2026-09-11T18:15:15Z,,,,,v3-forward-measurement
8ffbc499-7406-424f-b8e0-0b70c2e094fe,ca7953b7-17b4-42d5-8416-d08e3f7f6654,2026-09-11T18:15:15Z,FanDuel Sportsbook structured market feed,,VA,NFL,35609019,Cleveland Browns @ Jacksonville Jaguars,2026-09-13T17:01:00.000Z,FanDuel,751.183959324,rushing_yards,Bhayshul Tuten - Rushing Yds,,Bhayshul Tuten,60316188,over,48.5,-114,1.87719298245614,0.5327102803738317,open,,,2026-09-11T18:15:15Z,,,,,v3-forward-measurement
8ffbc499-7406-424f-b8e0-0b70c2e094fe,a23e1c86-c556-4c32-a9fd-6bfe38513f4f,2026-09-11T18:15:15Z,FanDuel Sportsbook structured market feed,,VA,NFL,35609019,Cleveland Browns @ Jacksonville Jaguars,2026-09-13T17:01:00.000Z,FanDuel,751.183959324,rushing_yards,Bhayshul Tuten - Rushing Yds,,Bhayshul Tuten,60316191,under,48.5,-114,1.87719298245614,0.5327102803738317,open,,,2026-09-11T18:15:15Z,,,,,v3-forward-measurement
8ffbc499-7406-424f-b8e0-0b70c2e094fe,fa661ef8-2361-4970-a8bf-c64a1e7c6daa,2026-09-11T18:15:15Z,FanDuel Sportsbook structured market feed,,VA,NFL,35609019,Cleveland Browns @ Jacksonville Jaguars,2026-09-13T17:01:00.000Z,FanDuel,751.185134684,rushing_yards,Deshaun Watson - Rushing Yds,,Deshaun Watson,12302595,over,18.5,-114,1.87719298245614,0.5327102803738317,open,,,2026-09-11T18:15:15Z,,,,,v3-forward-measurement
8ffbc499-7406-424f-b8e0-0b70c2e094fe,c779da9d-9864-44bb-89c4-a6a8e73bbd02,2026-09-11T18:15:15Z,FanDuel Sportsbook structured market feed,,VA,NFL,35609019,Cleveland Browns @ Jacksonville Jaguars,2026-09-13T17:01:00.000Z,FanDuel,751.185134684,rushing_yards,Deshaun Watson - Rushing Yds,,Deshaun Watson,12302596,under,18.5,-114,1.87719298245614,0.5327102803738317,open,,,2026-09-11T18:15:15Z,,,,,v3-forward-measurement
8ffbc499-7406-424f-b8e0-0b70c2e094fe,52f0ff96-27d5-422d-9817-9b68e51817f5,2026-09-11T18:15:15Z,FanDuel Sportsbook structured market feed,,VA,NFL,35609019,Cleveland Browns @ Jacksonville Jaguars,2026-09-13T17:01:00.000Z,FanDuel,751.183959327,rushing_yards,Chris Rodriguez Jr. - Rushing Yds,,Chris Rodriguez Jr.,41073257,over,36.5,-114,1.87719298245614,0.5327102803738317,open,,,2026-09-11T18:15:15Z,,,,,v3-forward-measurement
8ffbc499-7406-424f-b8e0-0b70c2e094fe,7681f792-d2c8-4229-be07-8b74524b4046,2026-09-11T18:15:15Z,FanDuel Sportsbook structured market feed,,VA,NFL,35609019,Cleveland Browns @ Jacksonville Jaguars,2026-09-13T17:01:00.000Z,FanDuel,751.183959327,rushing_yards,Chris Rodriguez Jr. - Rushing Yds,,Chris Rodriguez Jr.,41073256,under,36.5,-114,1.87719298245614,0.5327102803738317,open,,,2026-09-11T18:15:15Z,,,,,v3-forward-measurement
8ffbc499-7406-424f-b8e0-0b70c2e094fe,6d6a9106-1aa3-4021-9fbb-d7c763525fd0,2026-09-11T18:15:15Z,FanDuel Sportsbook structured market feed,,VA,NFL,35609019,Cleveland Browns @ Jacksonville Jaguars,2026-09-13T17:01:00.000Z,FanDuel,751.183935361,rushing_yards,Quinshon Judkins - Rushing Yds,,Quinshon Judkins,48906497,over,58.5,-114,1.87719298245614,0.5327102803738317,open,,,2026-09-11T18:15:15Z,,,,,v3-forward-measurement
8ffbc499-7406-424f-b8e0-0b70c2e094fe,1d9baba4-3552-4778-9d4c-3f683fc90e77,2026-09-11T18:15:15Z,FanDuel Sportsbook structured market feed,,VA,NFL,35609019,Cleveland Browns @ Jacksonville Jaguars,2026-09-13T17:01:00.000Z,FanDuel,751.183935361,rushing_yards,Quinshon Judkins - Rushing Yds,,Quinshon Judkins,48906496,under,58.5,-114,1.87719298245614,0.5327102803738317,open,,,2026-09-11T18:15:15Z,,,,,v3-forward-measurement
8ffbc499-7406-424f-b8e0-0b70c2e094fe,dabc5866-8742-4a29-a065-70b78023d53d,2026-09-11T18:15:15Z,FanDuel Sportsbook structured market feed,,VA,NFL,35609019,Cleveland Browns @ Jacksonville Jaguars,2026-09-13T17:01:00.000Z,FanDuel,751.183961486,rushing_yards,Trevor Lawrence - Rushing Yds,,Trevor Lawrence,22336735,over,16.5,-114,1.87719298245614,0.5327102803738317,open,,,2026-09-11T18:15:15Z,,,,,v3-forward-measurement
8ffbc499-7406-424f-b8e0-0b70c2e094fe,259208ab-6fc8-47d9-9f1d-d7eec1359167,2026-09-11T18:15:15Z,FanDuel Sportsbook structured market feed,,VA,NFL,35609019,Cleveland Browns @ Jacksonville Jaguars,2026-09-13T17:01:00.000Z,FanDuel,751.183961486,rushing_yards,Trevor Lawrence - Rushing Yds,,Trevor Lawrence,22336736,under,16.5,-114,1.87719298245614,0.5327102803738317,open,,,2026-09-11T18:15:15Z,,,,,v3-forward-measurement
9e7e572e-c137-4313-80be-f5c5d73d7b77,394c146d-a6bf-42da-b71f-4bd37a09d700,2026-09-11T18:15:15Z,FanDuel Sportsbook structured market feed,,VA,NFL,35609019,Cleveland Browns @ Jacksonville Jaguars,2026-09-13T17:01:00.000Z,FanDuel,751.183962624,receptions,KC Concepcion - Total Receptions,,KC Concepcion,102320458,over,3.5,102,2.02,0.49504950495049505,open,,,2026-09-11T18:15:15Z,,,,,v3-forward-measurement
9e7e572e-c137-4313-80be-f5c5d73d7b77,af2c927b-7336-442a-a1a7-bd61ed59b8f3,2026-09-11T18:15:15Z,FanDuel Sportsbook structured market feed,,VA,NFL,35609019,Cleveland Browns @ Jacksonville Jaguars,2026-09-13T17:01:00.000Z,FanDuel,751.183962624,receptions,KC Concepcion - Total Receptions,,KC Concepcion,102320470,under,3.5,-136,1.735294117647059,0.576271186440678,open,,,2026-09-11T18:15:15Z,,,,,v3-forward-measurement
9e7e572e-c137-4313-80be-f5c5d73d7b77,c1070380-8b93-4e0f-8675-08bf38003de2,2026-09-11T18:15:15Z,FanDuel Sportsbook structured market feed,,VA,NFL,35609019,Cleveland Browns @ Jacksonville Jaguars,2026-09-13T17:01:00.000Z,FanDuel,751.183935282,receiving_yards,Brian Thomas Jr. - Receiving Yds,,Brian Thomas Jr.,42267563,over,38.5,-114,1.87719298245614,0.5327102803738317,open,,,2026-09-11T18:15:15Z,,,,,v3-forward-measurement
9e7e572e-c137-4313-80be-f5c5d73d7b77,acc8267f-0e2a-4c7a-ad0b-88e917274129,2026-09-11T18:15:15Z,FanDuel Sportsbook structured market feed,,VA,NFL,35609019,Cleveland Browns @ Jacksonville Jaguars,2026-09-13T17:01:00.000Z,FanDuel,751.183935282,receiving_yards,Brian Thomas Jr. - Receiving Yds,,Brian Thomas Jr.,42267562,under,38.5,-114,1.87719298245614,0.5327102803738317,open,,,2026-09-11T18:15:15Z,,,,,v3-forward-measurement
9e7e572e-c137-4313-80be-f5c5d73d7b77,c51a4284-1d86-40b5-aea3-3a98a476ffe3,2026-09-11T18:15:15Z,FanDuel Sportsbook structured market feed,,VA,NFL,35609019,Cleveland Browns @ Jacksonville Jaguars,2026-09-13T17:01:00.000Z,FanDuel,751.183962629,receiving_yards,Jerry Jeudy - Receiving Yds,,Jerry Jeudy,22336750,over,31.5,-114,1.87719298245614,0.5327102803738317,open,,,2026-09-11T18:15:15Z,,,,,v3-forward-measurement
9e7e572e-c137-4313-80be-f5c5d73d7b77,2982bd9c-b977-43ec-ab4f-e3b1ff9aa7ce,2026-09-11T18:15:15Z,FanDuel Sportsbook structured market feed,,VA,NFL,35609019,Cleveland Browns @ Jacksonville Jaguars,2026-09-13T17:01:00.000Z,FanDuel,751.183962629,receiving_yards,Jerry Jeudy - Receiving Yds,,Jerry Jeudy,22336751,under,31.5,-114,1.87719298245614,0.5327102803738317,open,,,2026-09-11T18:15:15Z,,,,,v3-forward-measurement
9e7e572e-c137-4313-80be-f5c5d73d7b77,6e798df6-3fe6-43ad-9160-ade302efa79a,2026-09-11T18:15:15Z,FanDuel Sportsbook structured market feed,,VA,NFL,35609019,Cleveland Browns @ Jacksonville Jaguars,2026-09-13T17:01:00.000Z,FanDuel,751.183963353,receiving_yards,Brenton Strange - Receiving Yds,,Brenton Strange,41155824,over,36.5,-114,1.87719298245614,0.5327102803738317,open,,,2026-09-11T18:15:15Z,,,,,v3-forward-measurement
9e7e572e-c137-4313-80be-f5c5d73d7b77,bc40bec5-a2b8-4d3c-9425-d9794a6284ce,2026-09-11T18:15:15Z,FanDuel Sportsbook structured market feed,,VA,NFL,35609019,Cleveland Browns @ Jacksonville Jaguars,2026-09-13T17:01:00.000Z,FanDuel,751.183963353,receiving_yards,Brenton Strange - Receiving Yds,,Brenton Strange,41155823,under,36.5,-114,1.87719298245614,0.5327102803738317,open,,,2026-09-11T18:15:15Z,,,,,v3-forward-measurement
9e7e572e-c137-4313-80be-f5c5d73d7b77,0f1f90b8-7cc0-415e-bd87-94ef5657a869,2026-09-11T18:15:15Z,FanDuel Sportsbook structured market feed,,VA,NFL,35609019,Cleveland Browns @ Jacksonville Jaguars,2026-09-13T17:01:00.000Z,FanDuel,751.183963352,receptions,Brenton Strange - Total Receptions,,Brenton Strange,41155824,over,3.5,-102,1.980392156862745,0.504950495049505,open,,,2026-09-11T18:15:15Z,,,,,v3-forward-measurement
9e7e572e-c137-4313-80be-f5c5d73d7b77,dd969a8b-798f-4f66-94fa-1a4ca589b8bd,2026-09-11T18:15:15Z,FanDuel Sportsbook structured market feed,,VA,NFL,35609019,Cleveland Browns @ Jacksonville Jaguars,2026-09-13T17:01:00.000Z,FanDuel,751.183963352,receptions,Brenton Strange - Total Receptions,,Brenton Strange,41155823,under,3.5,-130,1.769230769230769,0.5652173913043478,open,,,2026-09-11T18:15:15Z,,,,,v3-forward-measurement
9e7e572e-c137-4313-80be-f5c5d73d7b77,11c4ed02-204a-491a-9ab2-721ce093621d,2026-09-11T18:15:15Z,FanDuel Sportsbook structured market feed,,VA,NFL,35609019,Cleveland Browns @ Jacksonville Jaguars,2026-09-13T17:01:00.000Z,FanDuel,751.183935334,receptions,Jakobi Meyers - Total Receptions,,Jakobi Meyers,26595189,over,3.5,-114,1.87719298245614,0.5327102803738317,open,,,2026-09-11T18:15:15Z,,,,,v3-forward-measurement
9e7e572e-c137-4313-80be-f5c5d73d7b77,e9a0b1f9-5ca7-45bb-8338-ac9db7485e62,2026-09-11T18:15:15Z,FanDuel Sportsbook structured market feed,,VA,NFL,35609019,Cleveland Browns @ Jacksonville Jaguars,2026-09-13T17:01:00.000Z,FanDuel,751.183935334,receptions,Jakobi Meyers - Total Receptions,,Jakobi Meyers,26595190,under,3.5,-114,1.87719298245614,0.5327102803738317,open,,,2026-09-11T18:15:15Z,,,,,v3-forward-measurement
9e7e572e-c137-4313-80be-f5c5d73d7b77,cd639aaa-4d15-4a6c-82b4-10fe41a7011e,2026-09-11T18:15:15Z,FanDuel Sportsbook structured market feed,,VA,NFL,35609019,Cleveland Browns @ Jacksonville Jaguars,2026-09-13T17:01:00.000Z,FanDuel,751.184983845,receptions,Quinshon Judkins - Total Receptions,,Quinshon Judkins,48906497,over,1.5,-130,1.769230769230769,0.5652173913043478,open,,,2026-09-11T18:15:15Z,,,,,v3-forward-measurement
9e7e572e-c137-4313-80be-f5c5d73d7b77,73d5507c-6921-4ee2-a7a7-a466c93ac5a1,2026-09-11T18:15:15Z,FanDuel Sportsbook structured market feed,,VA,NFL,35609019,Cleveland Browns @ Jacksonville Jaguars,2026-09-13T17:01:00.000Z,FanDuel,751.184983845,receptions,Quinshon Judkins - Total Receptions,,Quinshon Judkins,48906496,under,1.5,-102,1.980392156862745,0.504950495049505,open,,,2026-09-11T18:15:15Z,,,,,v3-forward-measurement
9e7e572e-c137-4313-80be-f5c5d73d7b77,48ac5265-1190-466c-a8d1-5445b8c9b270,2026-09-11T18:15:15Z,FanDuel Sportsbook structured market feed,,VA,NFL,35609019,Cleveland Browns @ Jacksonville Jaguars,2026-09-13T17:01:00.000Z,FanDuel,751.184983842,receptions,Bhayshul Tuten - Total Receptions,,Bhayshul Tuten,60316188,over,1.5,-172,1.581395348837209,0.6323529411764706,open,,,2026-09-11T18:15:15Z,,,,,v3-forward-measurement
9e7e572e-c137-4313-80be-f5c5d73d7b77,6a75cd72-2f1c-430a-b3bd-3b246698bce3,2026-09-11T18:15:15Z,FanDuel Sportsbook structured market feed,,VA,NFL,35609019,Cleveland Browns @ Jacksonville Jaguars,2026-09-13T17:01:00.000Z,FanDuel,751.184983842,receptions,Bhayshul Tuten - Total Receptions,,Bhayshul Tuten,60316191,under,1.5,128,2.28,0.43859649122807015,open,,,2026-09-11T18:15:15Z,,,,,v3-forward-measurement
9e7e572e-c137-4313-80be-f5c5d73d7b77,ef64e24a-c798-400f-9918-176a1b705257,2026-09-11T18:15:15Z,FanDuel Sportsbook structured market feed,,VA,NFL,35609019,Cleveland Browns @ Jacksonville Jaguars,2026-09-13T17:01:00.000Z,FanDuel,751.184983841,receiving_yards,Quinshon Judkins - Receiving Yds,,Quinshon Judkins,48906497,over,9.5,-114,1.87719298245614,0.5327102803738317,open,,,2026-09-11T18:15:15Z,,,,,v3-forward-measurement
9e7e572e-c137-4313-80be-f5c5d73d7b77,281b9a2b-1374-417a-801d-7ad6ad8b3be3,2026-09-11T18:15:15Z,FanDuel Sportsbook structured market feed,,VA,NFL,35609019,Cleveland Browns @ Jacksonville Jaguars,2026-09-13T17:01:00.000Z,FanDuel,751.184983841,receiving_yards,Quinshon Judkins - Receiving Yds,,Quinshon Judkins,48906496,under,9.5,-114,1.87719298245614,0.5327102803738317,open,,,2026-09-11T18:15:15Z,,,,,v3-forward-measurement
9e7e572e-c137-4313-80be-f5c5d73d7b77,edf8a455-d6f7-487b-a90a-aeb47c61cf65,2026-09-11T18:15:15Z,FanDuel Sportsbook structured market feed,,VA,NFL,35609019,Cleveland Browns @ Jacksonville Jaguars,2026-09-13T17:01:00.000Z,FanDuel,751.183962615,receiving_yards,Denzel Boston - Receiving Yds,,Denzel Boston,102320454,over,25.5,-114,1.87719298245614,0.5327102803738317,open,,,2026-09-11T18:15:15Z,,,,,v3-forward-measurement
9e7e572e-c137-4313-80be-f5c5d73d7b77,83c35f3c-bbe7-4bb1-89fa-fec0efd7f94d,2026-09-11T18:15:15Z,FanDuel Sportsbook structured market feed,,VA,NFL,35609019,Cleveland Browns @ Jacksonville Jaguars,2026-09-13T17:01:00.000Z,FanDuel,751.183962615,receiving_yards,Denzel Boston - Receiving Yds,,Denzel Boston,102320455,under,25.5,-114,1.87719298245614,0.5327102803738317,open,,,2026-09-11T18:15:15Z,,,,,v3-forward-measurement
9e7e572e-c137-4313-80be-f5c5d73d7b77,a51eb558-978e-4dc7-9c9e-12a6c080af4d,2026-09-11T18:15:15Z,FanDuel Sportsbook structured market feed,,VA,NFL,35609019,Cleveland Browns @ Jacksonville Jaguars,2026-09-13T17:01:00.000Z,FanDuel,751.183962613,receptions,Denzel Boston - Total Receptions,,Denzel Boston,102320454,over,2.5,112,2.12,0.4716981132075472,open,,,2026-09-11T18:15:15Z,,,,,v3-forward-measurement
9e7e572e-c137-4313-80be-f5c5d73d7b77,217567e7-3db2-40d2-99f0-4f4b154b46fb,2026-09-11T18:15:15Z,FanDuel Sportsbook structured market feed,,VA,NFL,35609019,Cleveland Browns @ Jacksonville Jaguars,2026-09-13T17:01:00.000Z,FanDuel,751.183962613,receptions,Denzel Boston - Total Receptions,,Denzel Boston,102320455,under,2.5,-148,1.675675675675676,0.5967741935483871,open,,,2026-09-11T18:15:15Z,,,,,v3-forward-measurement
9e7e572e-c137-4313-80be-f5c5d73d7b77,a24ca063-8f8f-4b48-887a-cad0cd0c4ed0,2026-09-11T18:15:15Z,FanDuel Sportsbook structured market feed,,VA,NFL,35609019,Cleveland Browns @ Jacksonville Jaguars,2026-09-13T17:01:00.000Z,FanDuel,751.183935250,receiving_yards,Parker Washington - Receiving Yds,,Parker Washington,41155821,over,52.5,-114,1.87719298245614,0.5327102803738317,open,,,2026-09-11T18:15:15Z,,,,,v3-forward-measurement
9e7e572e-c137-4313-80be-f5c5d73d7b77,5c72663f-0b85-49fe-adf0-dbde914b58e6,2026-09-11T18:15:15Z,FanDuel Sportsbook structured market feed,,VA,NFL,35609019,Cleveland Browns @ Jacksonville Jaguars,2026-09-13T17:01:00.000Z,FanDuel,751.183935250,receiving_yards,Parker Washington - Receiving Yds,,Parker Washington,41155820,under,52.5,-114,1.87719298245614,0.5327102803738317,open,,,2026-09-11T18:15:15Z,,,,,v3-forward-measurement
9e7e572e-c137-4313-80be-f5c5d73d7b77,c981da9e-14fe-4adc-b3b5-c5c7c9671867,2026-09-11T18:15:15Z,FanDuel Sportsbook structured market feed,,VA,NFL,35609019,Cleveland Browns @ Jacksonville Jaguars,2026-09-13T17:01:00.000Z,FanDuel,751.184983848,receiving_yards,Bhayshul Tuten - Receiving Yds,,Bhayshul Tuten,60316188,over,11.5,-114,1.87719298245614,0.5327102803738317,open,,,2026-09-11T18:15:15Z,,,,,v3-forward-measurement
9e7e572e-c137-4313-80be-f5c5d73d7b77,6bd537d8-c095-4977-bcc9-263bd168ab7b,2026-09-11T18:15:15Z,FanDuel Sportsbook structured market feed,,VA,NFL,35609019,Cleveland Browns @ Jacksonville Jaguars,2026-09-13T17:01:00.000Z,FanDuel,751.184983848,receiving_yards,Bhayshul Tuten - Receiving Yds,,Bhayshul Tuten,60316191,under,11.5,-114,1.87719298245614,0.5327102803738317,open,,,2026-09-11T18:15:15Z,,,,,v3-forward-measurement
9e7e572e-c137-4313-80be-f5c5d73d7b77,de6c64c1-457a-4d79-9fae-b7198fe8447e,2026-09-11T18:15:15Z,FanDuel Sportsbook structured market feed,,VA,NFL,35609019,Cleveland Browns @ Jacksonville Jaguars,2026-09-13T17:01:00.000Z,FanDuel,751.183962600,receiving_yards,KC Concepcion - Receiving Yds,,KC Concepcion,102320458,over,33.5,-114,1.87719298245614,0.5327102803738317,open,,,2026-09-11T18:15:15Z,,,,,v3-forward-measurement
9e7e572e-c137-4313-80be-f5c5d73d7b77,d94cc946-5517-4e02-9d1d-b7d702bb8c29,2026-09-11T18:15:15Z,FanDuel Sportsbook structured market feed,,VA,NFL,35609019,Cleveland Browns @ Jacksonville Jaguars,2026-09-13T17:01:00.000Z,FanDuel,751.183962600,receiving_yards,KC Concepcion - Receiving Yds,,KC Concepcion,102320470,under,33.5,-114,1.87719298245614,0.5327102803738317,open,,,2026-09-11T18:15:15Z,,,,,v3-forward-measurement
9e7e572e-c137-4313-80be-f5c5d73d7b77,e92a9045-6f28-41c0-b573-fb07d0489462,2026-09-11T18:15:15Z,FanDuel Sportsbook structured market feed,,VA,NFL,35609019,Cleveland Browns @ Jacksonville Jaguars,2026-09-13T17:01:00.000Z,FanDuel,751.183935344,receptions,Brian Thomas Jr. - Total Receptions,,Brian Thomas Jr.,42267563,over,2.5,-172,1.581395348837209,0.6323529411764706,open,,,2026-09-11T18:15:15Z,,,,,v3-forward-measurement
9e7e572e-c137-4313-80be-f5c5d73d7b77,3ede050c-9830-4571-b40a-9b996907fdc7,2026-09-11T18:15:15Z,FanDuel Sportsbook structured market feed,,VA,NFL,35609019,Cleveland Browns @ Jacksonville Jaguars,2026-09-13T17:01:00.000Z,FanDuel,751.183935344,receptions,Brian Thomas Jr. - Total Receptions,,Brian Thomas Jr.,42267562,under,2.5,128,2.28,0.43859649122807015,open,,,2026-09-11T18:15:15Z,,,,,v3-forward-measurement
9e7e572e-c137-4313-80be-f5c5d73d7b77,55189ecc-81a0-4f34-98d5-805d6d9575e7,2026-09-11T18:15:15Z,FanDuel Sportsbook structured market feed,,VA,NFL,35609019,Cleveland Browns @ Jacksonville Jaguars,2026-09-13T17:01:00.000Z,FanDuel,751.183973662,receptions,Harold Fannin Jr. - Total Receptions,,Harold Fannin Jr.,60595587,over,4.5,124,2.24,0.44642857142857145,open,,,2026-09-11T18:15:15Z,,,,,v3-forward-measurement
9e7e572e-c137-4313-80be-f5c5d73d7b77,f5c36e46-7444-40b7-9465-0ad5e43d289b,2026-09-11T18:15:15Z,FanDuel Sportsbook structured market feed,,VA,NFL,35609019,Cleveland Browns @ Jacksonville Jaguars,2026-09-13T17:01:00.000Z,FanDuel,751.183973662,receptions,Harold Fannin Jr. - Total Receptions,,Harold Fannin Jr.,60595585,under,4.5,-166,1.602409638554217,0.6240601503759399,open,,,2026-09-11T18:15:15Z,,,,,v3-forward-measurement
9e7e572e-c137-4313-80be-f5c5d73d7b77,56618070-271c-45a3-af15-10761644ba8a,2026-09-11T18:15:15Z,FanDuel Sportsbook structured market feed,,VA,NFL,35609019,Cleveland Browns @ Jacksonville Jaguars,2026-09-13T17:01:00.000Z,FanDuel,751.183973661,receiving_yards,Harold Fannin Jr. - Receiving Yds,,Harold Fannin Jr.,60595587,over,36.5,-114,1.87719298245614,0.5327102803738317,open,,,2026-09-11T18:15:15Z,,,,,v3-forward-measurement
9e7e572e-c137-4313-80be-f5c5d73d7b77,3e98972c-5a0f-4025-bf2e-5d9012c567b3,2026-09-11T18:15:15Z,FanDuel Sportsbook structured market feed,,VA,NFL,35609019,Cleveland Browns @ Jacksonville Jaguars,2026-09-13T17:01:00.000Z,FanDuel,751.183973661,receiving_yards,Harold Fannin Jr. - Receiving Yds,,Harold Fannin Jr.,60595585,under,36.5,-114,1.87719298245614,0.5327102803738317,open,,,2026-09-11T18:15:15Z,,,,,v3-forward-measurement
9e7e572e-c137-4313-80be-f5c5d73d7b77,4ee37e23-af62-4eaa-a296-63074baeb90a,2026-09-11T18:15:15Z,FanDuel Sportsbook structured market feed,,VA,NFL,35609019,Cleveland Browns @ Jacksonville Jaguars,2026-09-13T17:01:00.000Z,FanDuel,751.183962634,receptions,Jerry Jeudy - Total Receptions,,Jerry Jeudy,22336750,over,2.5,-174,1.574712643678161,0.635036496350365,open,,,2026-09-11T18:15:15Z,,,,,v3-forward-measurement
9e7e572e-c137-4313-80be-f5c5d73d7b77,145e40cd-bdf6-435b-8082-d909ce8d21a4,2026-09-11T18:15:15Z,FanDuel Sportsbook structured market feed,,VA,NFL,35609019,Cleveland Browns @ Jacksonville Jaguars,2026-09-13T17:01:00.000Z,FanDuel,751.183962634,receptions,Jerry Jeudy - Total Receptions,,Jerry Jeudy,22336751,under,2.5,130,2.3,0.43478260869565216,open,,,2026-09-11T18:15:15Z,,,,,v3-forward-measurement
9e7e572e-c137-4313-80be-f5c5d73d7b77,a8361dc5-b165-4e8e-b9e6-131af84c68dd,2026-09-11T18:15:15Z,FanDuel Sportsbook structured market feed,,VA,NFL,35609019,Cleveland Browns @ Jacksonville Jaguars,2026-09-13T17:01:00.000Z,FanDuel,751.183935357,receiving_yards,Jakobi Meyers - Receiving Yds,,Jakobi Meyers,26595189,over,37.5,-114,1.87719298245614,0.5327102803738317,open,,,2026-09-11T18:15:15Z,,,,,v3-forward-measurement
9e7e572e-c137-4313-80be-f5c5d73d7b77,2add0a33-3b00-4c73-8d97-74eba3e20d63,2026-09-11T18:15:15Z,FanDuel Sportsbook structured market feed,,VA,NFL,35609019,Cleveland Browns @ Jacksonville Jaguars,2026-09-13T17:01:00.000Z,FanDuel,751.183935357,receiving_yards,Jakobi Meyers - Receiving Yds,,Jakobi Meyers,26595190,under,37.5,-114,1.87719298245614,0.5327102803738317,open,,,2026-09-11T18:15:15Z,,,,,v3-forward-measurement
9e7e572e-c137-4313-80be-f5c5d73d7b77,e2566bae-985b-42c5-82a2-bb66adad9e14,2026-09-11T18:15:15Z,FanDuel Sportsbook structured market feed,,VA,NFL,35609019,Cleveland Browns @ Jacksonville Jaguars,2026-09-13T17:01:00.000Z,FanDuel,751.183935275,receptions,Parker Washington - Total Receptions,,Parker Washington,41155821,over,4.5,118,2.18,0.45871559633027525,open,,,2026-09-11T18:15:15Z,,,,,v3-forward-measurement
9e7e572e-c137-4313-80be-f5c5d73d7b77,de32b444-a3d2-4593-ba8f-85248c3c2f47,2026-09-11T18:15:15Z,FanDuel Sportsbook structured market feed,,VA,NFL,35609019,Cleveland Browns @ Jacksonville Jaguars,2026-09-13T17:01:00.000Z,FanDuel,751.183935275,receptions,Parker Washington - Total Receptions,,Parker Washington,41155820,under,4.5,-158,1.632911392405063,0.6124031007751938,open,,,2026-09-11T18:15:15Z,,,,,v3-forward-measurement
577d9f99-1a66-46aa-812a-1c4130d1e8f9,56e0fa6e-512e-4e9a-a712-24ae2f43b660,2026-09-11T18:15:15Z,FanDuel Sportsbook structured market feed,,VA,NFL,35609020,Atlanta Falcons @ Pittsburgh Steelers,2026-09-13T17:01:00.000Z,FanDuel,751.186003420,passing_touchdowns,Cooper Rush - Passing TDs,,Cooper Rush,36726827,over,0.5,-235,1.425531914893617,0.7014925373134329,open,,,2026-09-11T18:15:15Z,,,,,v3-forward-measurement
577d9f99-1a66-46aa-812a-1c4130d1e8f9,b15178ff-028a-4067-965e-dfb314a4f6f8,2026-09-11T18:15:15Z,FanDuel Sportsbook structured market feed,,VA,NFL,35609020,Atlanta Falcons @ Pittsburgh Steelers,2026-09-13T17:01:00.000Z,FanDuel,751.186003420,passing_touchdowns,Cooper Rush - Passing TDs,,Cooper Rush,36726828,under,0.5,172,2.72,0.36764705882352944,open,,,2026-09-11T18:15:15Z,,,,,v3-forward-measurement
577d9f99-1a66-46aa-812a-1c4130d1e8f9,134d75ea-0ce9-4945-8fce-2131e0ebfbdc,2026-09-11T18:15:15Z,FanDuel Sportsbook structured market feed,,VA,NFL,35609020,Atlanta Falcons @ Pittsburgh Steelers,2026-09-13T17:01:00.000Z,FanDuel,751.184014012,passing_touchdowns,Aaron Rodgers - Passing TDs,,Aaron Rodgers,11925813,over,1.5,106,2.06,0.4854368932038835,open,,,2026-09-11T18:15:15Z,,,,,v3-forward-measurement
577d9f99-1a66-46aa-812a-1c4130d1e8f9,a5ebd27d-5beb-4286-9c45-36513b3753f7,2026-09-11T18:15:15Z,FanDuel Sportsbook structured market feed,,VA,NFL,35609020,Atlanta Falcons @ Pittsburgh Steelers,2026-09-13T17:01:00.000Z,FanDuel,751.184014012,passing_touchdowns,Aaron Rodgers - Passing TDs,,Aaron Rodgers,11925812,under,1.5,-140,1.714285714285714,0.5833333333333334,open,,,2026-09-11T18:15:15Z,,,,,v3-forward-measurement
577d9f99-1a66-46aa-812a-1c4130d1e8f9,3ca17d59-574b-4ea9-9309-88fae1eddc6c,2026-09-11T18:15:15Z,FanDuel Sportsbook structured market feed,,VA,NFL,35609020,Atlanta Falcons @ Pittsburgh Steelers,2026-09-13T17:01:00.000Z,FanDuel,751.184014026,passing_yards,Aaron Rodgers - Passing Yds,,Aaron Rodgers,11925813,over,210.5,-114,1.87719298245614,0.5327102803738317,open,,,2026-09-11T18:15:15Z,,,,,v3-forward-measurement
577d9f99-1a66-46aa-812a-1c4130d1e8f9,f7ba5745-d224-4c32-b1c8-b03d8f128307,2026-09-11T18:15:15Z,FanDuel Sportsbook structured market feed,,VA,NFL,35609020,Atlanta Falcons @ Pittsburgh Steelers,2026-09-13T17:01:00.000Z,FanDuel,751.184014026,passing_yards,Aaron Rodgers - Passing Yds,,Aaron Rodgers,11925812,under,210.5,-114,1.87719298245614,0.5327102803738317,open,,,2026-09-11T18:15:15Z,,,,,v3-forward-measurement
577d9f99-1a66-46aa-812a-1c4130d1e8f9,584c46c7-4ecb-412c-8fef-8301db60544d,2026-09-11T18:15:15Z,FanDuel Sportsbook structured market feed,,VA,NFL,35609020,Atlanta Falcons @ Pittsburgh Steelers,2026-09-13T17:01:00.000Z,FanDuel,751.186003419,passing_yards,Cooper Rush - Passing Yds,,Cooper Rush,36726827,over,182.5,-114,1.87719298245614,0.5327102803738317,open,,,2026-09-11T18:15:15Z,,,,,v3-forward-measurement
577d9f99-1a66-46aa-812a-1c4130d1e8f9,ff810ff9-29e0-427f-b755-c935f442d979,2026-09-11T18:15:15Z,FanDuel Sportsbook structured market feed,,VA,NFL,35609020,Atlanta Falcons @ Pittsburgh Steelers,2026-09-13T17:01:00.000Z,FanDuel,751.186003419,passing_yards,Cooper Rush - Passing Yds,,Cooper Rush,36726828,under,182.5,-114,1.87719298245614,0.5327102803738317,open,,,2026-09-11T18:15:15Z,,,,,v3-forward-measurement
e996d48c-20d0-4461-a97c-b9ea509b37c9,5bdd2436-40ee-4cf8-8e57-9eb6f6fb344d,2026-09-11T18:15:15Z,FanDuel Sportsbook structured market feed,,VA,NFL,35609020,Atlanta Falcons @ Pittsburgh Steelers,2026-09-13T17:01:00.000Z,FanDuel,751.184664452,rushing_yards,Jaylen Warren - Rushing Yds,,Jaylen Warren,41173071,over,41.5,-114,1.87719298245614,0.5327102803738317,open,,,2026-09-11T18:15:15Z,,,,,v3-forward-measurement
e996d48c-20d0-4461-a97c-b9ea509b37c9,1313e688-8409-4aec-a62c-d11ea425ecf4,2026-09-11T18:15:15Z,FanDuel Sportsbook structured market feed,,VA,NFL,35609020,Atlanta Falcons @ Pittsburgh Steelers,2026-09-13T17:01:00.000Z,FanDuel,751.184664452,rushing_yards,Jaylen Warren - Rushing Yds,,Jaylen Warren,41173070,under,41.5,-114,1.87719298245614,0.5327102803738317,open,,,2026-09-11T18:15:15Z,,,,,v3-forward-measurement
e996d48c-20d0-4461-a97c-b9ea509b37c9,0181bb31-3aa7-45bf-a0fa-a3484527b247,2026-09-11T18:15:15Z,FanDuel Sportsbook structured market feed,,VA,NFL,35609020,Atlanta Falcons @ Pittsburgh Steelers,2026-09-13T17:01:00.000Z,FanDuel,751.184664453,rushing_yards,Rico Dowdle - Rushing Yds,,Rico Dowdle,60414660,over,44.5,-114,1.87719298245614,0.5327102803738317,open,,,2026-09-11T18:15:15Z,,,,,v3-forward-measurement
e996d48c-20d0-4461-a97c-b9ea509b37c9,b63da557-88a8-44d5-8324-5b4b2e0c3a9d,2026-09-11T18:15:15Z,FanDuel Sportsbook structured market feed,,VA,NFL,35609020,Atlanta Falcons @ Pittsburgh Steelers,2026-09-13T17:01:00.000Z,FanDuel,751.184664453,rushing_yards,Rico Dowdle - Rushing Yds,,Rico Dowdle,60414648,under,44.5,-114,1.87719298245614,0.5327102803738317,open,,,2026-09-11T18:15:15Z,,,,,v3-forward-measurement
e996d48c-20d0-4461-a97c-b9ea509b37c9,39375799-22c8-4586-a23a-9512d7926f56,2026-09-11T18:15:15Z,FanDuel Sportsbook structured market feed,,VA,NFL,35609020,Atlanta Falcons @ Pittsburgh Steelers,2026-09-13T17:01:00.000Z,FanDuel,751.185171894,rushing_yards,Aaron Rodgers - Rushing Yds,,Aaron Rodgers,11925813,over,0.5,-114,1.87719298245614,0.5327102803738317,open,,,2026-09-11T18:15:15Z,,,,,v3-forward-measurement
e996d48c-20d0-4461-a97c-b9ea509b37c9,1dad98e1-5c78-48dd-8e1d-6f4bf9e9c9a8,2026-09-11T18:15:15Z,FanDuel Sportsbook structured market feed,,VA,NFL,35609020,Atlanta Falcons @ Pittsburgh Steelers,2026-09-13T17:01:00.000Z,FanDuel,751.185171894,rushing_yards,Aaron Rodgers - Rushing Yds,,Aaron Rodgers,11925812,under,0.5,-114,1.87719298245614,0.5327102803738317,open,,,2026-09-11T18:15:15Z,,,,,v3-forward-measurement
2241662a-46cd-4bff-af3d-9ef0507aa419,dbde732f-9caf-4fbf-b64d-1c23b6824dc0,2026-09-11T18:15:15Z,FanDuel Sportsbook structured market feed,,VA,NFL,35609020,Atlanta Falcons @ Pittsburgh Steelers,2026-09-13T17:01:00.000Z,FanDuel,751.184665029,receiving_yards,Jaylen Warren - Receiving Yds,,Jaylen Warren,41173071,over,19.5,-114,1.87719298245614,0.5327102803738317,open,,,2026-09-11T18:15:15Z,,,,,v3-forward-measurement
2241662a-46cd-4bff-af3d-9ef0507aa419,b0028564-12e2-4f01-8363-0d523aaad247,2026-09-11T18:15:15Z,FanDuel Sportsbook structured market feed,,VA,NFL,35609020,Atlanta Falcons @ Pittsburgh Steelers,2026-09-13T17:01:00.000Z,FanDuel,751.184665029,receiving_yards,Jaylen Warren - Receiving Yds,,Jaylen Warren,41173070,under,19.5,-114,1.87719298245614,0.5327102803738317,open,,,2026-09-11T18:15:15Z,,,,,v3-forward-measurement
2241662a-46cd-4bff-af3d-9ef0507aa419,bedcea7f-7d0e-463e-a906-7cd89ca099ce,2026-09-11T18:15:15Z,FanDuel Sportsbook structured market feed,,VA,NFL,35609020,Atlanta Falcons @ Pittsburgh Steelers,2026-09-13T17:01:00.000Z,FanDuel,751.184665009,receiving_yards,Pat Freiermuth - Receiving Yds,,Pat Freiermuth,40898371,over,25.5,-114,1.87719298245614,0.5327102803738317,open,,,2026-09-11T18:15:15Z,,,,,v3-forward-measurement
2241662a-46cd-4bff-af3d-9ef0507aa419,bdbdcfc2-fe00-463f-b97c-50a09ef9a291,2026-09-11T18:15:15Z,FanDuel Sportsbook structured market feed,,VA,NFL,35609020,Atlanta Falcons @ Pittsburgh Steelers,2026-09-13T17:01:00.000Z,FanDuel,751.184665009,receiving_yards,Pat Freiermuth - Receiving Yds,,Pat Freiermuth,40898373,under,25.5,-114,1.87719298245614,0.5327102803738317,open,,,2026-09-11T18:15:15Z,,,,,v3-forward-measurement
2241662a-46cd-4bff-af3d-9ef0507aa419,a9a7425a-5c06-4647-8435-7014512a60a9,2026-09-11T18:15:15Z,FanDuel Sportsbook structured market feed,,VA,NFL,35609020,Atlanta Falcons @ Pittsburgh Steelers,2026-09-13T17:01:00.000Z,FanDuel,751.184018137,receptions,DK Metcalf - Total Receptions,,DK Metcalf,26036402,over,3.5,-136,1.735294117647059,0.576271186440678,open,,,2026-09-11T18:15:15Z,,,,,v3-forward-measurement
2241662a-46cd-4bff-af3d-9ef0507aa419,e832a798-55ef-4752-9179-9ccd2f56f5cd,2026-09-11T18:15:15Z,FanDuel Sportsbook structured market feed,,VA,NFL,35609020,Atlanta Falcons @ Pittsburgh Steelers,2026-09-13T17:01:00.000Z,FanDuel,751.184018137,receptions,DK Metcalf - Total Receptions,,DK Metcalf,26036403,under,3.5,102,2.02,0.49504950495049505,open,,,2026-09-11T18:15:15Z,,,,,v3-forward-measurement
2241662a-46cd-4bff-af3d-9ef0507aa419,ecfa5afc-c998-4bd6-85c1-b7a9f86cdfcc,2026-09-11T18:15:15Z,FanDuel Sportsbook structured market feed,,VA,NFL,35609020,Atlanta Falcons @ Pittsburgh Steelers,2026-09-13T17:01:00.000Z,FanDuel,751.184665025,receptions,Pat Freiermuth - Total Receptions,,Pat Freiermuth,40898371,over,2.5,-138,1.72463768115942,0.5798319327731093,open,,,2026-09-11T18:15:15Z,,,,,v3-forward-measurement
2241662a-46cd-4bff-af3d-9ef0507aa419,c90b2d8c-5fe1-407a-9b44-b7492f9ab460,2026-09-11T18:15:15Z,FanDuel Sportsbook structured market feed,,VA,NFL,35609020,Atlanta Falcons @ Pittsburgh Steelers,2026-09-13T17:01:00.000Z,FanDuel,751.184665025,receptions,Pat Freiermuth - Total Receptions,,Pat Freiermuth,40898373,under,2.5,104,2.04,0.49019607843137253,open,,,2026-09-11T18:15:15Z,,,,,v3-forward-measurement
2241662a-46cd-4bff-af3d-9ef0507aa419,6cc75e14-09cf-4e2c-bc0c-beb61394f3e8,2026-09-11T18:15:15Z,FanDuel Sportsbook structured market feed,,VA,NFL,35609020,Atlanta Falcons @ Pittsburgh Steelers,2026-09-13T17:01:00.000Z,FanDuel,751.184665004,receptions,Rico Dowdle - Total Receptions,,Rico Dowdle,60414660,over,1.5,-148,1.675675675675676,0.5967741935483871,open,,,2026-09-11T18:15:15Z,,,,,v3-forward-measurement
2241662a-46cd-4bff-af3d-9ef0507aa419,e0764f50-7f11-4f3b-8c90-ad3547864423,2026-09-11T18:15:15Z,FanDuel Sportsbook structured market feed,,VA,NFL,35609020,Atlanta Falcons @ Pittsburgh Steelers,2026-09-13T17:01:00.000Z,FanDuel,751.184665004,receptions,Rico Dowdle - Total Receptions,,Rico Dowdle,60414648,under,1.5,112,2.12,0.4716981132075472,open,,,2026-09-11T18:15:15Z,,,,,v3-forward-measurement
2241662a-46cd-4bff-af3d-9ef0507aa419,1a7d14ca-9cf1-4100-bb9d-1f385538a598,2026-09-11T18:15:15Z,FanDuel Sportsbook structured market feed,,VA,NFL,35609020,Atlanta Falcons @ Pittsburgh Steelers,2026-09-13T17:01:00.000Z,FanDuel,751.185126746,receptions,Darnell Washington - Total Receptions,,Darnell Washington,60408354,over,1.5,-172,1.581395348837209,0.6323529411764706,open,,,2026-09-11T18:15:15Z,,,,,v3-forward-measurement
2241662a-46cd-4bff-af3d-9ef0507aa419,14f8f796-c829-41a4-914a-ed11507d770d,2026-09-11T18:15:15Z,FanDuel Sportsbook structured market feed,,VA,NFL,35609020,Atlanta Falcons @ Pittsburgh Steelers,2026-09-13T17:01:00.000Z,FanDuel,751.185126746,receptions,Darnell Washington - Total Receptions,,Darnell Washington,60408353,under,1.5,128,2.28,0.43859649122807015,open,,,2026-09-11T18:15:15Z,,,,,v3-forward-measurement
2241662a-46cd-4bff-af3d-9ef0507aa419,91d49c96-86ae-458d-9ca7-e2bdef9fea4e,2026-09-11T18:15:15Z,FanDuel Sportsbook structured market feed,,VA,NFL,35609020,Atlanta Falcons @ Pittsburgh Steelers,2026-09-13T17:01:00.000Z,FanDuel,751.185126743,receiving_yards,Darnell Washington - Receiving Yds,,Darnell Washington,60408354,over,16.5,-114,1.87719298245614,0.5327102803738317,open,,,2026-09-11T18:15:15Z,,,,,v3-forward-measurement
2241662a-46cd-4bff-af3d-9ef0507aa419,cb782387-1309-4f03-a5d7-b9905df2f9b6,2026-09-11T18:15:15Z,FanDuel Sportsbook structured market feed,,VA,NFL,35609020,Atlanta Falcons @ Pittsburgh Steelers,2026-09-13T17:01:00.000Z,FanDuel,751.185126743,receiving_yards,Darnell Washington - Receiving Yds,,Darnell Washington,60408353,under,16.5,-114,1.87719298245614,0.5327102803738317,open,,,2026-09-11T18:15:15Z,,,,,v3-forward-measurement
2241662a-46cd-4bff-af3d-9ef0507aa419,786635f0-2eb2-4950-9703-503319d59ce2,2026-09-11T18:15:15Z,FanDuel Sportsbook structured market feed,,VA,NFL,35609020,Atlanta Falcons @ Pittsburgh Steelers,2026-09-13T17:01:00.000Z,FanDuel,751.184665033,receptions,Jaylen Warren - Total Receptions,,Jaylen Warren,41173071,over,2.5,-136,1.735294117647059,0.576271186440678,open,,,2026-09-11T18:15:15Z,,,,,v3-forward-measurement
2241662a-46cd-4bff-af3d-9ef0507aa419,446e358a-b712-46b6-ae88-51d236a0aab6,2026-09-11T18:15:15Z,FanDuel Sportsbook structured market feed,,VA,NFL,35609020,Atlanta Falcons @ Pittsburgh Steelers,2026-09-13T17:01:00.000Z,FanDuel,751.184665033,receptions,Jaylen Warren - Total Receptions,,Jaylen Warren,41173070,under,2.5,102,2.02,0.49504950495049505,open,,,2026-09-11T18:15:15Z,,,,,v3-forward-measurement
2241662a-46cd-4bff-af3d-9ef0507aa419,f927c336-7d3a-42ac-a6d5-0b86bc2bc748,2026-09-11T18:15:15Z,FanDuel Sportsbook structured market feed,,VA,NFL,35609020,Atlanta Falcons @ Pittsburgh Steelers,2026-09-13T17:01:00.000Z,FanDuel,751.184018122,receiving_yards,DK Metcalf - Receiving Yds,,DK Metcalf,26036402,over,48.5,-114,1.87719298245614,0.5327102803738317,open,,,2026-09-11T18:15:15Z,,,,,v3-forward-measurement
2241662a-46cd-4bff-af3d-9ef0507aa419,8495b438-1260-4227-aede-5972ac991a09,2026-09-11T18:15:15Z,FanDuel Sportsbook structured market feed,,VA,NFL,35609020,Atlanta Falcons @ Pittsburgh Steelers,2026-09-13T17:01:00.000Z,FanDuel,751.184018122,receiving_yards,DK Metcalf - Receiving Yds,,DK Metcalf,26036403,under,48.5,-114,1.87719298245614,0.5327102803738317,open,,,2026-09-11T18:15:15Z,,,,,v3-forward-measurement
2241662a-46cd-4bff-af3d-9ef0507aa419,569e61a7-10cc-432b-9840-27a33fe7c36e,2026-09-11T18:15:15Z,FanDuel Sportsbook structured market feed,,VA,NFL,35609020,Atlanta Falcons @ Pittsburgh Steelers,2026-09-13T17:01:00.000Z,FanDuel,751.184665031,receiving_yards,Rico Dowdle - Receiving Yds,,Rico Dowdle,60414660,over,10.5,-114,1.87719298245614,0.5327102803738317,open,,,2026-09-11T18:15:15Z,,,,,v3-forward-measurement
2241662a-46cd-4bff-af3d-9ef0507aa419,9fd47514-f06f-40c4-b5fc-622a59868c94,2026-09-11T18:15:15Z,FanDuel Sportsbook structured market feed,,VA,NFL,35609020,Atlanta Falcons @ Pittsburgh Steelers,2026-09-13T17:01:00.000Z,FanDuel,751.184665031,receiving_yards,Rico Dowdle - Receiving Yds,,Rico Dowdle,60414648,under,10.5,-114,1.87719298245614,0.5327102803738317,open,,,2026-09-11T18:15:15Z,,,,,v3-forward-measurement
2241662a-46cd-4bff-af3d-9ef0507aa419,edeb6d3d-6389-4869-9c07-c4f0e41411bd,2026-09-11T18:15:15Z,FanDuel Sportsbook structured market feed,,VA,NFL,35609020,Atlanta Falcons @ Pittsburgh Steelers,2026-09-13T17:01:00.000Z,FanDuel,751.184023667,receptions,Michael Pittman Jr. - Total Receptions,,Michael Pittman Jr.,36175140,over,3.5,-188,1.531914893617021,0.6527777777777778,open,,,2026-09-11T18:15:15Z,,,,,v3-forward-measurement
2241662a-46cd-4bff-af3d-9ef0507aa419,a1d38c91-a320-4bcb-97b3-31d22f45c357,2026-09-11T18:15:15Z,FanDuel Sportsbook structured market feed,,VA,NFL,35609020,Atlanta Falcons @ Pittsburgh Steelers,2026-09-13T17:01:00.000Z,FanDuel,751.184023667,receptions,Michael Pittman Jr. - Total Receptions,,Michael Pittman Jr.,36175141,under,3.5,140,2.4,0.4166666666666667,open,,,2026-09-11T18:15:15Z,,,,,v3-forward-measurement
2241662a-46cd-4bff-af3d-9ef0507aa419,46e26d7d-ef8f-45e1-9e90-6ff2b45d41a3,2026-09-11T18:15:15Z,FanDuel Sportsbook structured market feed,,VA,NFL,35609020,Atlanta Falcons @ Pittsburgh Steelers,2026-09-13T17:01:00.000Z,FanDuel,751.184023668,receiving_yards,Michael Pittman Jr. - Receiving Yds,,Michael Pittman Jr.,36175140,over,38.5,-114,1.87719298245614,0.5327102803738317,open,,,2026-09-11T18:15:15Z,,,,,v3-forward-measurement
2241662a-46cd-4bff-af3d-9ef0507aa419,a4eeea7c-0a65-4605-acd1-86e402330f96,2026-09-11T18:15:15Z,FanDuel Sportsbook structured market feed,,VA,NFL,35609020,Atlanta Falcons @ Pittsburgh Steelers,2026-09-13T17:01:00.000Z,FanDuel,751.184023668,receiving_yards,Michael Pittman Jr. - Receiving Yds,,Michael Pittman Jr.,36175141,under,38.5,-114,1.87719298245614,0.5327102803738317,open,,,2026-09-11T18:15:15Z,,,,,v3-forward-measurement
e4cc6526-795c-428e-8f2e-1e3b13f80d6e,7029214b-9640-40a4-936f-740eff95f52d,2026-09-11T18:15:15Z,FanDuel Sportsbook structured market feed,,VA,NFL,35609021,New York Jets @ Tennessee Titans,2026-09-13T17:01:00.000Z,FanDuel,751.183999097,passing_yards,Cam Ward - Passing Yds,,Cam Ward,87765275,over,201.5,-114,1.87719298245614,0.5327102803738317,open,,,2026-09-11T18:15:15Z,,,,,v3-forward-measurement
e4cc6526-795c-428e-8f2e-1e3b13f80d6e,29f9829d-b7d6-419e-a702-8f023b68432d,2026-09-11T18:15:15Z,FanDuel Sportsbook structured market feed,,VA,NFL,35609021,New York Jets @ Tennessee Titans,2026-09-13T17:01:00.000Z,FanDuel,751.183999097,passing_yards,Cam Ward - Passing Yds,,Cam Ward,87765263,under,201.5,-114,1.87719298245614,0.5327102803738317,open,,,2026-09-11T18:15:15Z,,,,,v3-forward-measurement
e4cc6526-795c-428e-8f2e-1e3b13f80d6e,f372073c-740f-4485-9b96-02c750aabcc3,2026-09-11T18:15:15Z,FanDuel Sportsbook structured market feed,,VA,NFL,35609021,New York Jets @ Tennessee Titans,2026-09-13T17:01:00.000Z,FanDuel,751.183999122,passing_touchdowns,Cam Ward - Passing TDs,,Cam Ward,87765275,over,1.5,194,2.94,0.3401360544217687,open,,,2026-09-11T18:15:15Z,,,,,v3-forward-measurement
e4cc6526-795c-428e-8f2e-1e3b13f80d6e,9b63acfa-bcf7-42f3-baef-1a146b28eb40,2026-09-11T18:15:15Z,FanDuel Sportsbook structured market feed,,VA,NFL,35609021,New York Jets @ Tennessee Titans,2026-09-13T17:01:00.000Z,FanDuel,751.183999122,passing_touchdowns,Cam Ward - Passing TDs,,Cam Ward,87765263,under,1.5,-270,1.37037037037037,0.7297297297297297,open,,,2026-09-11T18:15:15Z,,,,,v3-forward-measurement
e4cc6526-795c-428e-8f2e-1e3b13f80d6e,2996ff7c-cd57-4fb6-9547-96b5cb59d864,2026-09-11T18:15:15Z,FanDuel Sportsbook structured market feed,,VA,NFL,35609021,New York Jets @ Tennessee Titans,2026-09-13T17:01:00.000Z,FanDuel,751.183999047,passing_yards,Geno Smith - Passing Yds,,Geno Smith,12004381,over,212.5,-114,1.87719298245614,0.5327102803738317,open,,,2026-09-11T18:15:15Z,,,,,v3-forward-measurement
e4cc6526-795c-428e-8f2e-1e3b13f80d6e,15563fca-bb50-45df-946a-85216be5c594,2026-09-11T18:15:15Z,FanDuel Sportsbook structured market feed,,VA,NFL,35609021,New York Jets @ Tennessee Titans,2026-09-13T17:01:00.000Z,FanDuel,751.183999047,passing_yards,Geno Smith - Passing Yds,,Geno Smith,12004382,under,212.5,-114,1.87719298245614,0.5327102803738317,open,,,2026-09-11T18:15:15Z,,,,,v3-forward-measurement
e4cc6526-795c-428e-8f2e-1e3b13f80d6e,73a68b02-3fa9-4ae9-8393-046ed8c43089,2026-09-11T18:15:15Z,FanDuel Sportsbook structured market feed,,VA,NFL,35609021,New York Jets @ Tennessee Titans,2026-09-13T17:01:00.000Z,FanDuel,751.183998992,passing_touchdowns,Geno Smith - Passing TDs,,Geno Smith,12004381,over,0.5,-250,1.4,0.7142857142857143,open,,,2026-09-11T18:15:15Z,,,,,v3-forward-measurement
e4cc6526-795c-428e-8f2e-1e3b13f80d6e,cd572f63-4823-4d80-ac51-e768bdb39d32,2026-09-11T18:15:15Z,FanDuel Sportsbook structured market feed,,VA,NFL,35609021,New York Jets @ Tennessee Titans,2026-09-13T17:01:00.000Z,FanDuel,751.183998992,passing_touchdowns,Geno Smith - Passing TDs,,Geno Smith,12004382,under,0.5,182,2.82,0.3546099290780142,open,,,2026-09-11T18:15:15Z,,,,,v3-forward-measurement
0cf94bf6-8289-4bc4-87be-7e3b5f8468b5,01a2f4fd-a5b1-4ee5-841e-e8e4e58ba325,2026-09-11T18:15:15Z,FanDuel Sportsbook structured market feed,,VA,NFL,35609021,New York Jets @ Tennessee Titans,2026-09-13T17:01:00.000Z,FanDuel,751.184002847,rushing_yards,Breece Hall - Rushing Yds,,Breece Hall,41075120,over,64.5,-114,1.87719298245614,0.5327102803738317,open,,,2026-09-11T18:15:15Z,,,,,v3-forward-measurement
0cf94bf6-8289-4bc4-87be-7e3b5f8468b5,b9cfb677-7543-45a9-aca1-3c36979d7173,2026-09-11T18:15:15Z,FanDuel Sportsbook structured market feed,,VA,NFL,35609021,New York Jets @ Tennessee Titans,2026-09-13T17:01:00.000Z,FanDuel,751.184002847,rushing_yards,Breece Hall - Rushing Yds,,Breece Hall,41075121,under,64.5,-114,1.87719298245614,0.5327102803738317,open,,,2026-09-11T18:15:15Z,,,,,v3-forward-measurement
0cf94bf6-8289-4bc4-87be-7e3b5f8468b5,119c8b6d-5f8a-4bbf-a92b-15740602c143,2026-09-11T18:15:15Z,FanDuel Sportsbook structured market feed,,VA,NFL,35609021,New York Jets @ Tennessee Titans,2026-09-13T17:01:00.000Z,FanDuel,751.184003487,rushing_yards,Geno Smith - Rushing Yds,,Geno Smith,12004381,over,6.5,-114,1.87719298245614,0.5327102803738317,open,,,2026-09-11T18:15:15Z,,,,,v3-forward-measurement
0cf94bf6-8289-4bc4-87be-7e3b5f8468b5,4367aac9-70e8-44a8-a64c-dc09abbc28b9,2026-09-11T18:15:15Z,FanDuel Sportsbook structured market feed,,VA,NFL,35609021,New York Jets @ Tennessee Titans,2026-09-13T17:01:00.000Z,FanDuel,751.184003487,rushing_yards,Geno Smith - Rushing Yds,,Geno Smith,12004382,under,6.5,-114,1.87719298245614,0.5327102803738317,open,,,2026-09-11T18:15:15Z,,,,,v3-forward-measurement
0cf94bf6-8289-4bc4-87be-7e3b5f8468b5,9c3531cf-b2b6-4380-a526-952f2dfd97ac,2026-09-11T18:15:15Z,FanDuel Sportsbook structured market feed,,VA,NFL,35609021,New York Jets @ Tennessee Titans,2026-09-13T17:01:00.000Z,FanDuel,751.184003488,rushing_yards,Cam Ward - Rushing Yds,,Cam Ward,87765275,over,9.5,-114,1.87719298245614,0.5327102803738317,open,,,2026-09-11T18:15:15Z,,,,,v3-forward-measurement
0cf94bf6-8289-4bc4-87be-7e3b5f8468b5,4c616c09-4623-4edb-a69c-57710e2876a0,2026-09-11T18:15:15Z,FanDuel Sportsbook structured market feed,,VA,NFL,35609021,New York Jets @ Tennessee Titans,2026-09-13T17:01:00.000Z,FanDuel,751.184003488,rushing_yards,Cam Ward - Rushing Yds,,Cam Ward,87765263,under,9.5,-114,1.87719298245614,0.5327102803738317,open,,,2026-09-11T18:15:15Z,,,,,v3-forward-measurement
0cf94bf6-8289-4bc4-87be-7e3b5f8468b5,cc01be2d-f74a-421a-a2e4-d05fcec3f70b,2026-09-11T18:15:15Z,FanDuel Sportsbook structured market feed,,VA,NFL,35609021,New York Jets @ Tennessee Titans,2026-09-13T17:01:00.000Z,FanDuel,751.184985098,rushing_yards,Braelon Allen - Rushing Yds,,Braelon Allen,41500946,over,17.5,-114,1.87719298245614,0.5327102803738317,open,,,2026-09-11T18:15:15Z,,,,,v3-forward-measurement
0cf94bf6-8289-4bc4-87be-7e3b5f8468b5,577eb437-5e4d-4d12-876f-1913860fb237,2026-09-11T18:15:15Z,FanDuel Sportsbook structured market feed,,VA,NFL,35609021,New York Jets @ Tennessee Titans,2026-09-13T17:01:00.000Z,FanDuel,751.184985098,rushing_yards,Braelon Allen - Rushing Yds,,Braelon Allen,41500945,under,17.5,-114,1.87719298245614,0.5327102803738317,open,,,2026-09-11T18:15:15Z,,,,,v3-forward-measurement
0cf94bf6-8289-4bc4-87be-7e3b5f8468b5,cfb3bb4e-a403-4aee-806e-8e1c4ea126ac,2026-09-11T18:15:15Z,FanDuel Sportsbook structured market feed,,VA,NFL,35609021,New York Jets @ Tennessee Titans,2026-09-13T17:01:00.000Z,FanDuel,751.184002843,rushing_yards,Tony Pollard - Rushing Yds,,Tony Pollard,26271306,over,54.5,-114,1.87719298245614,0.5327102803738317,open,,,2026-09-11T18:15:15Z,,,,,v3-forward-measurement
0cf94bf6-8289-4bc4-87be-7e3b5f8468b5,ceedf4c6-44a6-432d-989b-ca8cd1a23194,2026-09-11T18:15:15Z,FanDuel Sportsbook structured market feed,,VA,NFL,35609021,New York Jets @ Tennessee Titans,2026-09-13T17:01:00.000Z,FanDuel,751.184002843,rushing_yards,Tony Pollard - Rushing Yds,,Tony Pollard,26271307,under,54.5,-114,1.87719298245614,0.5327102803738317,open,,,2026-09-11T18:15:15Z,,,,,v3-forward-measurement
0cf94bf6-8289-4bc4-87be-7e3b5f8468b5,67baf562-db80-468f-96ae-110ff6c9a13c,2026-09-11T18:15:15Z,FanDuel Sportsbook structured market feed,,VA,NFL,35609021,New York Jets @ Tennessee Titans,2026-09-13T17:01:00.000Z,FanDuel,751.184985095,rushing_yards,Tyjae Spears - Rushing Yds,,Tyjae Spears,48895401,over,22.5,-114,1.87719298245614,0.5327102803738317,open,,,2026-09-11T18:15:15Z,,,,,v3-forward-measurement
0cf94bf6-8289-4bc4-87be-7e3b5f8468b5,f4e199d9-77e6-437c-acf1-85930fc1af80,2026-09-11T18:15:15Z,FanDuel Sportsbook structured market feed,,VA,NFL,35609021,New York Jets @ Tennessee Titans,2026-09-13T17:01:00.000Z,FanDuel,751.184985095,rushing_yards,Tyjae Spears - Rushing Yds,,Tyjae Spears,48895398,under,22.5,-114,1.87719298245614,0.5327102803738317,open,,,2026-09-11T18:15:15Z,,,,,v3-forward-measurement
9270c10f-4d0b-4612-94dc-f10116f3e915,687aa8ab-0243-45ad-90a4-64c9cda43421,2026-09-11T18:15:15Z,FanDuel Sportsbook structured market feed,,VA,NFL,35609021,New York Jets @ Tennessee Titans,2026-09-13T17:01:00.000Z,FanDuel,751.184984424,receiving_yards,Gunnar Helm - Receiving Yds,,Gunnar Helm,89546913,over,21.5,-114,1.87719298245614,0.5327102803738317,open,,,2026-09-11T18:15:15Z,,,,,v3-forward-measurement
9270c10f-4d0b-4612-94dc-f10116f3e915,aaeab1e7-e231-4eaa-9f97-7e5ab09ba732,2026-09-11T18:15:15Z,FanDuel Sportsbook structured market feed,,VA,NFL,35609021,New York Jets @ Tennessee Titans,2026-09-13T17:01:00.000Z,FanDuel,751.184984424,receiving_yards,Gunnar Helm - Receiving Yds,,Gunnar Helm,89546948,under,21.5,-114,1.87719298245614,0.5327102803738317,open,,,2026-09-11T18:15:15Z,,,,,v3-forward-measurement
9270c10f-4d0b-4612-94dc-f10116f3e915,b6451540-3c0b-4598-aff0-9c56612ceb77,2026-09-11T18:15:15Z,FanDuel Sportsbook structured market feed,,VA,NFL,35609021,New York Jets @ Tennessee Titans,2026-09-13T17:01:00.000Z,FanDuel,751.184004692,receptions,Breece Hall - Total Receptions,,Breece Hall,41075120,over,2.5,-122,1.819672131147541,0.5495495495495496,open,,,2026-09-11T18:15:15Z,,,,,v3-forward-measurement
9270c10f-4d0b-4612-94dc-f10116f3e915,38fcc8f6-f8de-4f81-b596-f3a865fe68d4,2026-09-11T18:15:15Z,FanDuel Sportsbook structured market feed,,VA,NFL,35609021,New York Jets @ Tennessee Titans,2026-09-13T17:01:00.000Z,FanDuel,751.184004692,receptions,Breece Hall - Total Receptions,,Breece Hall,41075121,under,2.5,-108,1.925925925925926,0.5192307692307693,open,,,2026-09-11T18:15:15Z,,,,,v3-forward-measurement
9270c10f-4d0b-4612-94dc-f10116f3e915,4a72a203-227c-495d-aa00-84864000d676,2026-09-11T18:15:15Z,FanDuel Sportsbook structured market feed,,VA,NFL,35609021,New York Jets @ Tennessee Titans,2026-09-13T17:01:00.000Z,FanDuel,751.184984420,receptions,Gunnar Helm - Total Receptions,,Gunnar Helm,89546913,over,2.5,-102,1.980392156862745,0.504950495049505,open,,,2026-09-11T18:15:15Z,,,,,v3-forward-measurement
9270c10f-4d0b-4612-94dc-f10116f3e915,838d58b8-5898-47d3-91b4-cb61077bdad7,2026-09-11T18:15:15Z,FanDuel Sportsbook structured market feed,,VA,NFL,35609021,New York Jets @ Tennessee Titans,2026-09-13T17:01:00.000Z,FanDuel,751.184984420,receptions,Gunnar Helm - Total Receptions,,Gunnar Helm,89546948,under,2.5,-130,1.769230769230769,0.5652173913043478,open,,,2026-09-11T18:15:15Z,,,,,v3-forward-measurement
9270c10f-4d0b-4612-94dc-f10116f3e915,b5d583e1-61f5-49e7-9dd6-ba296a79ad0a,2026-09-11T18:15:15Z,FanDuel Sportsbook structured market feed,,VA,NFL,35609021,New York Jets @ Tennessee Titans,2026-09-13T17:01:00.000Z,FanDuel,751.185138120,receiving_yards,Tony Pollard - Receiving Yds,,Tony Pollard,26271306,over,9.5,-114,1.87719298245614,0.5327102803738317,open,,,2026-09-11T18:15:15Z,,,,,v3-forward-measurement
9270c10f-4d0b-4612-94dc-f10116f3e915,321c8bd1-707a-4b98-bb0a-f657dd1d67ef,2026-09-11T18:15:15Z,FanDuel Sportsbook structured market feed,,VA,NFL,35609021,New York Jets @ Tennessee Titans,2026-09-13T17:01:00.000Z,FanDuel,751.185138120,receiving_yards,Tony Pollard - Receiving Yds,,Tony Pollard,26271307,under,9.5,-114,1.87719298245614,0.5327102803738317,open,,,2026-09-11T18:15:15Z,,,,,v3-forward-measurement
9270c10f-4d0b-4612-94dc-f10116f3e915,1798e7d1-6945-416f-8165-8c19f69d6772,2026-09-11T18:15:15Z,FanDuel Sportsbook structured market feed,,VA,NFL,35609021,New York Jets @ Tennessee Titans,2026-09-13T17:01:00.000Z,FanDuel,751.184921689,receiving_yards,Adonai Mitchell - Receiving Yds,,Adonai Mitchell,48048058,over,32.5,-114,1.87719298245614,0.5327102803738317,open,,,2026-09-11T18:15:15Z,,,,,v3-forward-measurement
9270c10f-4d0b-4612-94dc-f10116f3e915,5f5e7e0c-4150-4d66-a205-3f5a1e527abf,2026-09-11T18:15:15Z,FanDuel Sportsbook structured market feed,,VA,NFL,35609021,New York Jets @ Tennessee Titans,2026-09-13T17:01:00.000Z,FanDuel,751.184921689,receiving_yards,Adonai Mitchell - Receiving Yds,,Adonai Mitchell,48048062,under,32.5,-114,1.87719298245614,0.5327102803738317,open,,,2026-09-11T18:15:15Z,,,,,v3-forward-measurement
9270c10f-4d0b-4612-94dc-f10116f3e915,9375cee2-a9d9-4845-8b90-1d4792f23186,2026-09-11T18:15:15Z,FanDuel Sportsbook structured market feed,,VA,NFL,35609021,New York Jets @ Tennessee Titans,2026-09-13T17:01:00.000Z,FanDuel,751.184003917,receptions,Garrett Wilson - Total Receptions,,Garrett Wilson,41158862,over,5.5,-114,1.87719298245614,0.5327102803738317,open,,,2026-09-11T18:15:15Z,,,,,v3-forward-measurement
9270c10f-4d0b-4612-94dc-f10116f3e915,dbef97bb-4123-4a69-857f-6261e5120010,2026-09-11T18:15:15Z,FanDuel Sportsbook structured market feed,,VA,NFL,35609021,New York Jets @ Tennessee Titans,2026-09-13T17:01:00.000Z,FanDuel,751.184003917,receptions,Garrett Wilson - Total Receptions,,Garrett Wilson,41158861,under,5.5,-114,1.87719298245614,0.5327102803738317,open,,,2026-09-11T18:15:15Z,,,,,v3-forward-measurement
9270c10f-4d0b-4612-94dc-f10116f3e915,05915eb2-5e97-4023-a9ec-1efc2156457f,2026-09-11T18:15:15Z,FanDuel Sportsbook structured market feed,,VA,NFL,35609021,New York Jets @ Tennessee Titans,2026-09-13T17:01:00.000Z,FanDuel,751.184003918,receiving_yards,Wan'Dale Robinson - Receiving Yds,,Wan'Dale Robinson,41073264,over,41.5,-114,1.87719298245614,0.5327102803738317,open,,,2026-09-11T18:15:15Z,,,,,v3-forward-measurement
9270c10f-4d0b-4612-94dc-f10116f3e915,bfc68899-18c3-4d4f-872e-30474f9182a8,2026-09-11T18:15:15Z,FanDuel Sportsbook structured market feed,,VA,NFL,35609021,New York Jets @ Tennessee Titans,2026-09-13T17:01:00.000Z,FanDuel,751.184003918,receiving_yards,Wan'Dale Robinson - Receiving Yds,,Wan'Dale Robinson,41073263,under,41.5,-114,1.87719298245614,0.5327102803738317,open,,,2026-09-11T18:15:15Z,,,,,v3-forward-measurement
9270c10f-4d0b-4612-94dc-f10116f3e915,1e8bf4c9-836a-47b8-80a6-674e2ff05699,2026-09-11T18:15:15Z,FanDuel Sportsbook structured market feed,,VA,NFL,35609021,New York Jets @ Tennessee Titans,2026-09-13T17:01:00.000Z,FanDuel,751.184003915,receiving_yards,Garrett Wilson - Receiving Yds,,Garrett Wilson,41158862,over,61.5,-114,1.87719298245614,0.5327102803738317,open,,,2026-09-11T18:15:15Z,,,,,v3-forward-measurement
9270c10f-4d0b-4612-94dc-f10116f3e915,1589462a-9ece-4bb5-bcb7-90f3e7e86a15,2026-09-11T18:15:15Z,FanDuel Sportsbook structured market feed,,VA,NFL,35609021,New York Jets @ Tennessee Titans,2026-09-13T17:01:00.000Z,FanDuel,751.184003915,receiving_yards,Garrett Wilson - Receiving Yds,,Garrett Wilson,41158861,under,61.5,-114,1.87719298245614,0.5327102803738317,open,,,2026-09-11T18:15:15Z,,,,,v3-forward-measurement
9270c10f-4d0b-4612-94dc-f10116f3e915,1016cfba-832a-47fe-ae4e-5a11e8aa5b27,2026-09-11T18:15:15Z,FanDuel Sportsbook structured market feed,,VA,NFL,35609021,New York Jets @ Tennessee Titans,2026-09-13T17:01:00.000Z,FanDuel,751.184004688,receiving_yards,Breece Hall - Receiving Yds,,Breece Hall,41075120,over,20.5,-114,1.87719298245614,0.5327102803738317,open,,,2026-09-11T18:15:15Z,,,,,v3-forward-measurement
9270c10f-4d0b-4612-94dc-f10116f3e915,5c546cc0-79ba-46de-b159-10cd12bee9d6,2026-09-11T18:15:15Z,FanDuel Sportsbook structured market feed,,VA,NFL,35609021,New York Jets @ Tennessee Titans,2026-09-13T17:01:00.000Z,FanDuel,751.184004688,receiving_yards,Breece Hall - Receiving Yds,,Breece Hall,41075121,under,20.5,-114,1.87719298245614,0.5327102803738317,open,,,2026-09-11T18:15:15Z,,,,,v3-forward-measurement
9270c10f-4d0b-4612-94dc-f10116f3e915,6fde4949-38a2-463a-a042-e71996151ac9,2026-09-11T18:15:15Z,FanDuel Sportsbook structured market feed,,VA,NFL,35609021,New York Jets @ Tennessee Titans,2026-09-13T17:01:00.000Z,FanDuel,751.185993940,receptions,Kenyon Sadiq - Total Receptions,,Kenyon Sadiq,102712249,over,1.5,-108,1.925925925925926,0.5192307692307693,open,,,2026-09-11T18:15:15Z,,,,,v3-forward-measurement
9270c10f-4d0b-4612-94dc-f10116f3e915,4f6f8db2-1d47-4ee1-a3a2-baaedb9d2948,2026-09-11T18:15:15Z,FanDuel Sportsbook structured market feed,,VA,NFL,35609021,New York Jets @ Tennessee Titans,2026-09-13T17:01:00.000Z,FanDuel,751.185993940,receptions,Kenyon Sadiq - Total Receptions,,Kenyon Sadiq,102712246,under,1.5,-122,1.819672131147541,0.5495495495495496,open,,,2026-09-11T18:15:15Z,,,,,v3-forward-measurement
9270c10f-4d0b-4612-94dc-f10116f3e915,3920022c-a9df-4ca3-bc73-562bdc33b867,2026-09-11T18:15:15Z,FanDuel Sportsbook structured market feed,,VA,NFL,35609021,New York Jets @ Tennessee Titans,2026-09-13T17:01:00.000Z,FanDuel,751.185135240,receiving_yards,Tyjae Spears - Receiving Yds,,Tyjae Spears,48895401,over,16.5,-114,1.87719298245614,0.5327102803738317,open,,,2026-09-11T18:15:15Z,,,,,v3-forward-measurement
9270c10f-4d0b-4612-94dc-f10116f3e915,1db9d641-2c3c-45c7-9eb1-eab9bf576955,2026-09-11T18:15:15Z,FanDuel Sportsbook structured market feed,,VA,NFL,35609021,New York Jets @ Tennessee Titans,2026-09-13T17:01:00.000Z,FanDuel,751.185135240,receiving_yards,Tyjae Spears - Receiving Yds,,Tyjae Spears,48895398,under,16.5,-114,1.87719298245614,0.5327102803738317,open,,,2026-09-11T18:15:15Z,,,,,v3-forward-measurement
9270c10f-4d0b-4612-94dc-f10116f3e915,92a86c72-9fb8-42bd-ad75-528b31289f10,2026-09-11T18:15:15Z,FanDuel Sportsbook structured market feed,,VA,NFL,35609021,New York Jets @ Tennessee Titans,2026-09-13T17:01:00.000Z,FanDuel,751.185138111,receptions,Tony Pollard - Total Receptions,,Tony Pollard,26271306,over,1.5,-130,1.769230769230769,0.5652173913043478,open,,,2026-09-11T18:15:15Z,,,,,v3-forward-measurement
9270c10f-4d0b-4612-94dc-f10116f3e915,b6817913-c726-44ca-b415-585f2a1ae84a,2026-09-11T18:15:15Z,FanDuel Sportsbook structured market feed,,VA,NFL,35609021,New York Jets @ Tennessee Titans,2026-09-13T17:01:00.000Z,FanDuel,751.185138111,receptions,Tony Pollard - Total Receptions,,Tony Pollard,26271307,under,1.5,-102,1.980392156862745,0.504950495049505,open,,,2026-09-11T18:15:15Z,,,,,v3-forward-measurement
9270c10f-4d0b-4612-94dc-f10116f3e915,974824b3-ff37-44cb-9b69-559c020389ba,2026-09-11T18:15:15Z,FanDuel Sportsbook structured market feed,,VA,NFL,35609021,New York Jets @ Tennessee Titans,2026-09-13T17:01:00.000Z,FanDuel,751.185135238,receptions,Tyjae Spears - Total Receptions,,Tyjae Spears,48895401,over,2.5,-140,1.714285714285714,0.5833333333333334,open,,,2026-09-11T18:15:15Z,,,,,v3-forward-measurement
9270c10f-4d0b-4612-94dc-f10116f3e915,3cf2a920-bc25-4987-b0b7-9bce0f9bf375,2026-09-11T18:15:15Z,FanDuel Sportsbook structured market feed,,VA,NFL,35609021,New York Jets @ Tennessee Titans,2026-09-13T17:01:00.000Z,FanDuel,751.185135238,receptions,Tyjae Spears - Total Receptions,,Tyjae Spears,48895398,under,2.5,106,2.06,0.4854368932038835,open,,,2026-09-11T18:15:15Z,,,,,v3-forward-measurement
9270c10f-4d0b-4612-94dc-f10116f3e915,9d092f9d-f9df-4c1a-8a9d-998711941a17,2026-09-11T18:15:15Z,FanDuel Sportsbook structured market feed,,VA,NFL,35609021,New York Jets @ Tennessee Titans,2026-09-13T17:01:00.000Z,FanDuel,751.184004318,receptions,Carnell Tate - Total Receptions,,Carnell Tate,102332617,over,3.5,106,2.06,0.4854368932038835,open,,,2026-09-11T18:15:15Z,,,,,v3-forward-measurement
9270c10f-4d0b-4612-94dc-f10116f3e915,e1d49abf-729b-483c-b792-8898a21b7b5c,2026-09-11T18:15:15Z,FanDuel Sportsbook structured market feed,,VA,NFL,35609021,New York Jets @ Tennessee Titans,2026-09-13T17:01:00.000Z,FanDuel,751.184004318,receptions,Carnell Tate - Total Receptions,,Carnell Tate,102332624,under,3.5,-140,1.714285714285714,0.5833333333333334,open,,,2026-09-11T18:15:15Z,,,,,v3-forward-measurement
9270c10f-4d0b-4612-94dc-f10116f3e915,009b9d02-e76a-473c-ab9b-d51d18d65ec9,2026-09-11T18:15:15Z,FanDuel Sportsbook structured market feed,,VA,NFL,35609021,New York Jets @ Tennessee Titans,2026-09-13T17:01:00.000Z,FanDuel,751.184004319,receiving_yards,Carnell Tate - Receiving Yds,,Carnell Tate,102332617,over,37.5,-114,1.87719298245614,0.5327102803738317,open,,,2026-09-11T18:15:15Z,,,,,v3-forward-measurement
9270c10f-4d0b-4612-94dc-f10116f3e915,df3ca741-94af-4871-b23e-cd260bb704d8,2026-09-11T18:15:15Z,FanDuel Sportsbook structured market feed,,VA,NFL,35609021,New York Jets @ Tennessee Titans,2026-09-13T17:01:00.000Z,FanDuel,751.184004319,receiving_yards,Carnell Tate - Receiving Yds,,Carnell Tate,102332624,under,37.5,-114,1.87719298245614,0.5327102803738317,open,,,2026-09-11T18:15:15Z,,,,,v3-forward-measurement
9270c10f-4d0b-4612-94dc-f10116f3e915,9a8575be-a3d3-4dfb-bf6d-b2a953ddc232,2026-09-11T18:15:15Z,FanDuel Sportsbook structured market feed,,VA,NFL,35609021,New York Jets @ Tennessee Titans,2026-09-13T17:01:00.000Z,FanDuel,751.184921679,receptions,Adonai Mitchell - Total Receptions,,Adonai Mitchell,48048058,over,2.5,-130,1.769230769230769,0.5652173913043478,open,,,2026-09-11T18:15:15Z,,,,,v3-forward-measurement
9270c10f-4d0b-4612-94dc-f10116f3e915,3152d81b-c5b3-4110-b1a2-0c93e8c614b6,2026-09-11T18:15:15Z,FanDuel Sportsbook structured market feed,,VA,NFL,35609021,New York Jets @ Tennessee Titans,2026-09-13T17:01:00.000Z,FanDuel,751.184921679,receptions,Adonai Mitchell - Total Receptions,,Adonai Mitchell,48048062,under,2.5,-102,1.980392156862745,0.504950495049505,open,,,2026-09-11T18:15:15Z,,,,,v3-forward-measurement
9270c10f-4d0b-4612-94dc-f10116f3e915,cd4f84c8-76a0-4a19-8748-cbd0553013d5,2026-09-11T18:15:15Z,FanDuel Sportsbook structured market feed,,VA,NFL,35609021,New York Jets @ Tennessee Titans,2026-09-13T17:01:00.000Z,FanDuel,751.185993937,receiving_yards,Kenyon Sadiq - Receiving Yds,,Kenyon Sadiq,102712249,over,12.5,-114,1.87719298245614,0.5327102803738317,open,,,2026-09-11T18:15:15Z,,,,,v3-forward-measurement
9270c10f-4d0b-4612-94dc-f10116f3e915,873b31a6-54d4-4528-aad1-abc2f3f38fec,2026-09-11T18:15:15Z,FanDuel Sportsbook structured market feed,,VA,NFL,35609021,New York Jets @ Tennessee Titans,2026-09-13T17:01:00.000Z,FanDuel,751.185993937,receiving_yards,Kenyon Sadiq - Receiving Yds,,Kenyon Sadiq,102712246,under,12.5,-114,1.87719298245614,0.5327102803738317,open,,,2026-09-11T18:15:15Z,,,,,v3-forward-measurement
9270c10f-4d0b-4612-94dc-f10116f3e915,9f2444d9-1663-4afe-9f44-43393c7f48cd,2026-09-11T18:15:15Z,FanDuel Sportsbook structured market feed,,VA,NFL,35609021,New York Jets @ Tennessee Titans,2026-09-13T17:01:00.000Z,FanDuel,751.184003904,receptions,Wan'Dale Robinson - Total Receptions,,Wan'Dale Robinson,41073264,over,4.5,-102,1.980392156862745,0.504950495049505,open,,,2026-09-11T18:15:15Z,,,,,v3-forward-measurement
9270c10f-4d0b-4612-94dc-f10116f3e915,ef95c627-91f1-4a4f-a297-34fb9d69f77b,2026-09-11T18:15:15Z,FanDuel Sportsbook structured market feed,,VA,NFL,35609021,New York Jets @ Tennessee Titans,2026-09-13T17:01:00.000Z,FanDuel,751.184003904,receptions,Wan'Dale Robinson - Total Receptions,,Wan'Dale Robinson,41073263,under,4.5,-130,1.769230769230769,0.5652173913043478,open,,,2026-09-11T18:15:15Z,,,,,v3-forward-measurement
9270c10f-4d0b-4612-94dc-f10116f3e915,b5760e5c-e545-4f9e-89d9-e4f0ce882f2a,2026-09-11T18:15:15Z,FanDuel Sportsbook structured market feed,,VA,NFL,35609021,New York Jets @ Tennessee Titans,2026-09-13T17:01:00.000Z,FanDuel,751.185136276,receptions,Mason Taylor - Total Receptions,,Mason Taylor,50186665,over,2.5,106,2.06,0.4854368932038835,open,,,2026-09-11T18:15:15Z,,,,,v3-forward-measurement
9270c10f-4d0b-4612-94dc-f10116f3e915,99b44b37-54b2-416e-b09a-e22c724163ee,2026-09-11T18:15:15Z,FanDuel Sportsbook structured market feed,,VA,NFL,35609021,New York Jets @ Tennessee Titans,2026-09-13T17:01:00.000Z,FanDuel,751.185136276,receptions,Mason Taylor - Total Receptions,,Mason Taylor,50186663,under,2.5,-140,1.714285714285714,0.5833333333333334,open,,,2026-09-11T18:15:15Z,,,,,v3-forward-measurement
9270c10f-4d0b-4612-94dc-f10116f3e915,4d47e85c-7dc2-43ef-adc8-39d77f9d06da,2026-09-11T18:15:15Z,FanDuel Sportsbook structured market feed,,VA,NFL,35609021,New York Jets @ Tennessee Titans,2026-09-13T17:01:00.000Z,FanDuel,751.184984313,receiving_yards,Calvin Ridley - Receiving Yds,,Calvin Ridley,12302575,over,27.5,-114,1.87719298245614,0.5327102803738317,open,,,2026-09-11T18:15:15Z,,,,,v3-forward-measurement
9270c10f-4d0b-4612-94dc-f10116f3e915,ab3a29b7-6db2-4e6a-9ff7-7e41ac80fb5e,2026-09-11T18:15:15Z,FanDuel Sportsbook structured market feed,,VA,NFL,35609021,New York Jets @ Tennessee Titans,2026-09-13T17:01:00.000Z,FanDuel,751.184984313,receiving_yards,Calvin Ridley - Receiving Yds,,Calvin Ridley,12302576,under,27.5,-114,1.87719298245614,0.5327102803738317,open,,,2026-09-11T18:15:15Z,,,,,v3-forward-measurement
9270c10f-4d0b-4612-94dc-f10116f3e915,8b61feab-3f46-463b-80ad-2156dc41a4c4,2026-09-11T18:15:15Z,FanDuel Sportsbook structured market feed,,VA,NFL,35609021,New York Jets @ Tennessee Titans,2026-09-13T17:01:00.000Z,FanDuel,751.184984312,receptions,Calvin Ridley - Total Receptions,,Calvin Ridley,12302575,over,2.5,140,2.4,0.4166666666666667,open,,,2026-09-11T18:15:15Z,,,,,v3-forward-measurement
9270c10f-4d0b-4612-94dc-f10116f3e915,fcf3eb8d-4ccb-4566-87c7-c1117ab133a9,2026-09-11T18:15:15Z,FanDuel Sportsbook structured market feed,,VA,NFL,35609021,New York Jets @ Tennessee Titans,2026-09-13T17:01:00.000Z,FanDuel,751.184984312,receptions,Calvin Ridley - Total Receptions,,Calvin Ridley,12302576,under,2.5,-188,1.531914893617021,0.6527777777777778,open,,,2026-09-11T18:15:15Z,,,,,v3-forward-measurement
9270c10f-4d0b-4612-94dc-f10116f3e915,3cafe959-bdf2-47c4-b302-8f96bce4988e,2026-09-11T18:15:15Z,FanDuel Sportsbook structured market feed,,VA,NFL,35609021,New York Jets @ Tennessee Titans,2026-09-13T17:01:00.000Z,FanDuel,751.185136272,receiving_yards,Mason Taylor - Receiving Yds,,Mason Taylor,50186665,over,21.5,-114,1.87719298245614,0.5327102803738317,open,,,2026-09-11T18:15:15Z,,,,,v3-forward-measurement
9270c10f-4d0b-4612-94dc-f10116f3e915,ad44d3ec-e67a-4ea0-9c39-e90f433ac265,2026-09-11T18:15:15Z,FanDuel Sportsbook structured market feed,,VA,NFL,35609021,New York Jets @ Tennessee Titans,2026-09-13T17:01:00.000Z,FanDuel,751.185136272,receiving_yards,Mason Taylor - Receiving Yds,,Mason Taylor,50186663,under,21.5,-114,1.87719298245614,0.5327102803738317,open,,,2026-09-11T18:15:15Z,,,,,v3-forward-measurement
0d9c84f0-cf02-4d1b-9e24-23f1001906c3,cf3650c1-22cf-4b74-ad1a-3f5dc029c756,2026-09-11T18:15:15Z,FanDuel Sportsbook structured market feed,,VA,NFL,35609293,Washington Commanders @ Philadelphia Eagles,2026-09-13T20:25:00.000Z,FanDuel,751.183664687,passing_touchdowns,Jayden Daniels - Passing TDs,,Jayden Daniels,41161339,over,0.5,-230,1.434782608695652,0.696969696969697,open,,,2026-09-11T18:15:15Z,,,,,v3-forward-measurement
0d9c84f0-cf02-4d1b-9e24-23f1001906c3,9165840f-26df-4c18-8197-351ef6388315,2026-09-11T18:15:15Z,FanDuel Sportsbook structured market feed,,VA,NFL,35609293,Washington Commanders @ Philadelphia Eagles,2026-09-13T20:25:00.000Z,FanDuel,751.183664687,passing_touchdowns,Jayden Daniels - Passing TDs,,Jayden Daniels,41161340,under,0.5,168,2.68,0.373134328358209,open,,,2026-09-11T18:15:15Z,,,,,v3-forward-measurement
0d9c84f0-cf02-4d1b-9e24-23f1001906c3,272f47ef-3e60-4bea-aa99-0858c5e4d496,2026-09-11T18:15:15Z,FanDuel Sportsbook structured market feed,,VA,NFL,35609293,Washington Commanders @ Philadelphia Eagles,2026-09-13T20:25:00.000Z,FanDuel,751.183664641,passing_yards,Jalen Hurts - Passing Yds,,Jalen Hurts,12302543,over,214.5,-114,1.87719298245614,0.5327102803738317,open,,,2026-09-11T18:15:15Z,,,,,v3-forward-measurement
0d9c84f0-cf02-4d1b-9e24-23f1001906c3,44e338e3-8e32-43ef-a876-a794bf34d923,2026-09-11T18:15:15Z,FanDuel Sportsbook structured market feed,,VA,NFL,35609293,Washington Commanders @ Philadelphia Eagles,2026-09-13T20:25:00.000Z,FanDuel,751.183664641,passing_yards,Jalen Hurts - Passing Yds,,Jalen Hurts,12302542,under,214.5,-114,1.87719298245614,0.5327102803738317,open,,,2026-09-11T18:15:15Z,,,,,v3-forward-measurement
0d9c84f0-cf02-4d1b-9e24-23f1001906c3,94c56230-a901-4281-8e62-314b8b9821d3,2026-09-11T18:15:15Z,FanDuel Sportsbook structured market feed,,VA,NFL,35609293,Washington Commanders @ Philadelphia Eagles,2026-09-13T20:25:00.000Z,FanDuel,751.183664629,passing_touchdowns,Jalen Hurts - Passing TDs,,Jalen Hurts,12302543,over,1.5,114,2.14,0.4672897196261682,open,,,2026-09-11T18:15:15Z,,,,,v3-forward-measurement
0d9c84f0-cf02-4d1b-9e24-23f1001906c3,40b650d0-061b-46db-ae70-9fa80613bf1e,2026-09-11T18:15:15Z,FanDuel Sportsbook structured market feed,,VA,NFL,35609293,Washington Commanders @ Philadelphia Eagles,2026-09-13T20:25:00.000Z,FanDuel,751.183664629,passing_touchdowns,Jalen Hurts - Passing TDs,,Jalen Hurts,12302542,under,1.5,-152,1.657894736842105,0.6031746031746031,open,,,2026-09-11T18:15:15Z,,,,,v3-forward-measurement
0d9c84f0-cf02-4d1b-9e24-23f1001906c3,c0e24bed-b650-485c-bf58-0caf6e3fbd94,2026-09-11T18:15:15Z,FanDuel Sportsbook structured market feed,,VA,NFL,35609293,Washington Commanders @ Philadelphia Eagles,2026-09-13T20:25:00.000Z,FanDuel,751.183664552,passing_yards,Jayden Daniels - Passing Yds,,Jayden Daniels,41161339,over,205.5,-114,1.87719298245614,0.5327102803738317,open,,,2026-09-11T18:15:15Z,,,,,v3-forward-measurement
0d9c84f0-cf02-4d1b-9e24-23f1001906c3,c1e558bb-d9d3-4930-8453-5e32b969a995,2026-09-11T18:15:15Z,FanDuel Sportsbook structured market feed,,VA,NFL,35609293,Washington Commanders @ Philadelphia Eagles,2026-09-13T20:25:00.000Z,FanDuel,751.183664552,passing_yards,Jayden Daniels - Passing Yds,,Jayden Daniels,41161340,under,205.5,-114,1.87719298245614,0.5327102803738317,open,,,2026-09-11T18:15:15Z,,,,,v3-forward-measurement
ec987aa6-06e3-4f5a-b7e4-9174e8324827,942401b1-ee97-4427-bc94-60c27011d93f,2026-09-11T18:15:15Z,FanDuel Sportsbook structured market feed,,VA,NFL,35609293,Washington Commanders @ Philadelphia Eagles,2026-09-13T20:25:00.000Z,FanDuel,751.183665338,rushing_yards,Jalen Hurts - Rushing Yds,,Jalen Hurts,12302543,over,28.5,-114,1.87719298245614,0.5327102803738317,open,,,2026-09-11T18:15:15Z,,,,,v3-forward-measurement
ec987aa6-06e3-4f5a-b7e4-9174e8324827,41310c82-1950-4317-b8cb-4bbffa7fccc0,2026-09-11T18:15:15Z,FanDuel Sportsbook structured market feed,,VA,NFL,35609293,Washington Commanders @ Philadelphia Eagles,2026-09-13T20:25:00.000Z,FanDuel,751.183665338,rushing_yards,Jalen Hurts - Rushing Yds,,Jalen Hurts,12302542,under,28.5,-114,1.87719298245614,0.5327102803738317,open,,,2026-09-11T18:15:15Z,,,,,v3-forward-measurement
ec987aa6-06e3-4f5a-b7e4-9174e8324827,f7eeaf9c-2005-4d30-a959-bd4d1d918c86,2026-09-11T18:15:15Z,FanDuel Sportsbook structured market feed,,VA,NFL,35609293,Washington Commanders @ Philadelphia Eagles,2026-09-13T20:25:00.000Z,FanDuel,751.183665339,rushing_yards,Jayden Daniels - Rushing Yds,,Jayden Daniels,41161339,over,36.5,-114,1.87719298245614,0.5327102803738317,open,,,2026-09-11T18:15:15Z,,,,,v3-forward-measurement
ec987aa6-06e3-4f5a-b7e4-9174e8324827,d6510e72-3cfa-4475-81ba-aeb27e4cf883,2026-09-11T18:15:15Z,FanDuel Sportsbook structured market feed,,VA,NFL,35609293,Washington Commanders @ Philadelphia Eagles,2026-09-13T20:25:00.000Z,FanDuel,751.183665339,rushing_yards,Jayden Daniels - Rushing Yds,,Jayden Daniels,41161340,under,36.5,-114,1.87719298245614,0.5327102803738317,open,,,2026-09-11T18:15:15Z,,,,,v3-forward-measurement
ec987aa6-06e3-4f5a-b7e4-9174e8324827,063e0cf3-99ac-4923-a28b-ad3138d09468,2026-09-11T18:15:15Z,FanDuel Sportsbook structured market feed,,VA,NFL,35609293,Washington Commanders @ Philadelphia Eagles,2026-09-13T20:25:00.000Z,FanDuel,751.183665213,rushing_yards,Saquon Barkley - Rushing Yds,,Saquon Barkley,16580232,over,74.5,-114,1.87719298245614,0.5327102803738317,open,,,2026-09-11T18:15:15Z,,,,,v3-forward-measurement
ec987aa6-06e3-4f5a-b7e4-9174e8324827,9f48f7f2-a3fe-40cf-a037-2ecc12cb0b61,2026-09-11T18:15:15Z,FanDuel Sportsbook structured market feed,,VA,NFL,35609293,Washington Commanders @ Philadelphia Eagles,2026-09-13T20:25:00.000Z,FanDuel,751.183665213,rushing_yards,Saquon Barkley - Rushing Yds,,Saquon Barkley,16580233,under,74.5,-114,1.87719298245614,0.5327102803738317,open,,,2026-09-11T18:15:15Z,,,,,v3-forward-measurement
ec987aa6-06e3-4f5a-b7e4-9174e8324827,7dbeb1be-8ba3-424e-b864-7b0085b2fa7f,2026-09-11T18:15:15Z,FanDuel Sportsbook structured market feed,,VA,NFL,35609293,Washington Commanders @ Philadelphia Eagles,2026-09-13T20:25:00.000Z,FanDuel,751.183665357,rushing_yards,Jacory Croskey-Merritt - Rushing Yds,,Jacory Croskey-Merritt,87579699,over,40.5,-114,1.87719298245614,0.5327102803738317,open,,,2026-09-11T18:15:15Z,,,,,v3-forward-measurement
ec987aa6-06e3-4f5a-b7e4-9174e8324827,5d4091f6-69c8-41f2-bc8a-8f52630f0e7f,2026-09-11T18:15:15Z,FanDuel Sportsbook structured market feed,,VA,NFL,35609293,Washington Commanders @ Philadelphia Eagles,2026-09-13T20:25:00.000Z,FanDuel,751.183665357,rushing_yards,Jacory Croskey-Merritt - Rushing Yds,,Jacory Croskey-Merritt,87579697,under,40.5,-114,1.87719298245614,0.5327102803738317,open,,,2026-09-11T18:15:15Z,,,,,v3-forward-measurement
ec987aa6-06e3-4f5a-b7e4-9174e8324827,ba475291-4e0b-42ab-8ea9-2e6f031ca8f8,2026-09-11T18:15:15Z,FanDuel Sportsbook structured market feed,,VA,NFL,35609293,Washington Commanders @ Philadelphia Eagles,2026-09-13T20:25:00.000Z,FanDuel,751.185135780,rushing_yards,Rachaad White - Rushing Yds,,Rachaad White,41161337,over,24.5,-114,1.87719298245614,0.5327102803738317,open,,,2026-09-11T18:15:15Z,,,,,v3-forward-measurement
ec987aa6-06e3-4f5a-b7e4-9174e8324827,42843c61-cf7d-483a-8789-ff9295e96612,2026-09-11T18:15:15Z,FanDuel Sportsbook structured market feed,,VA,NFL,35609293,Washington Commanders @ Philadelphia Eagles,2026-09-13T20:25:00.000Z,FanDuel,751.185135780,rushing_yards,Rachaad White - Rushing Yds,,Rachaad White,41161335,under,24.5,-114,1.87719298245614,0.5327102803738317,open,,,2026-09-11T18:15:15Z,,,,,v3-forward-measurement
0d95614d-0d5e-4d16-9a7a-05ab31e1d913,bb43c092-546d-45b6-8695-690b2ddc4115,2026-09-11T18:15:15Z,FanDuel Sportsbook structured market feed,,VA,NFL,35609293,Washington Commanders @ Philadelphia Eagles,2026-09-13T20:25:00.000Z,FanDuel,751.183665912,receptions,Dallas Goedert - Total Receptions,,Dallas Goedert,20501810,over,3.5,-122,1.819672131147541,0.5495495495495496,open,,,2026-09-11T18:15:15Z,,,,,v3-forward-measurement
0d95614d-0d5e-4d16-9a7a-05ab31e1d913,15c20386-b04a-4b58-996e-c565a8f1a250,2026-09-11T18:15:15Z,FanDuel Sportsbook structured market feed,,VA,NFL,35609293,Washington Commanders @ Philadelphia Eagles,2026-09-13T20:25:00.000Z,FanDuel,751.183665912,receptions,Dallas Goedert - Total Receptions,,Dallas Goedert,20501811,under,3.5,-108,1.925925925925926,0.5192307692307693,open,,,2026-09-11T18:15:15Z,,,,,v3-forward-measurement
0d95614d-0d5e-4d16-9a7a-05ab31e1d913,2d289915-ea1e-49b8-b7ae-28c4b7a8c6f2,2026-09-11T18:15:15Z,FanDuel Sportsbook structured market feed,,VA,NFL,35609293,Washington Commanders @ Philadelphia Eagles,2026-09-13T20:25:00.000Z,FanDuel,751.183665735,receiving_yards,DeVonta Smith - Receiving Yds,,DeVonta Smith,40878034,over,66.5,-114,1.87719298245614,0.5327102803738317,open,,,2026-09-11T18:15:15Z,,,,,v3-forward-measurement
0d95614d-0d5e-4d16-9a7a-05ab31e1d913,d33a5779-9dd4-43b9-ae4f-8caf8b80f2e2,2026-09-11T18:15:15Z,FanDuel Sportsbook structured market feed,,VA,NFL,35609293,Washington Commanders @ Philadelphia Eagles,2026-09-13T20:25:00.000Z,FanDuel,751.183665735,receiving_yards,DeVonta Smith - Receiving Yds,,DeVonta Smith,40878036,under,66.5,-114,1.87719298245614,0.5327102803738317,open,,,2026-09-11T18:15:15Z,,,,,v3-forward-measurement
0d95614d-0d5e-4d16-9a7a-05ab31e1d913,b9179d30-0749-47fc-b495-cafd5873536c,2026-09-11T18:15:15Z,FanDuel Sportsbook structured market feed,,VA,NFL,35609293,Washington Commanders @ Philadelphia Eagles,2026-09-13T20:25:00.000Z,FanDuel,751.183665732,receiving_yards,Terry McLaurin - Receiving Yds,,Terry McLaurin,25927138,over,52.5,-114,1.87719298245614,0.5327102803738317,open,,,2026-09-11T18:15:15Z,,,,,v3-forward-measurement
0d95614d-0d5e-4d16-9a7a-05ab31e1d913,ebd108e0-cd60-4ff1-80ee-aa62e1a1ca17,2026-09-11T18:15:15Z,FanDuel Sportsbook structured market feed,,VA,NFL,35609293,Washington Commanders @ Philadelphia Eagles,2026-09-13T20:25:00.000Z,FanDuel,751.183665732,receiving_yards,Terry McLaurin - Receiving Yds,,Terry McLaurin,25927139,under,52.5,-114,1.87719298245614,0.5327102803738317,open,,,2026-09-11T18:15:15Z,,,,,v3-forward-measurement
0d95614d-0d5e-4d16-9a7a-05ab31e1d913,a243e54a-2472-46b6-87c8-f3df5305e2f8,2026-09-11T18:15:15Z,FanDuel Sportsbook structured market feed,,VA,NFL,35609293,Washington Commanders @ Philadelphia Eagles,2026-09-13T20:25:00.000Z,FanDuel,751.185140200,receiving_yards,Chigoziem Okonkwo - Receiving Yds,,Chigoziem Okonkwo,41154197,over,25.5,-114,1.87719298245614,0.5327102803738317,open,,,2026-09-11T18:15:15Z,,,,,v3-forward-measurement
0d95614d-0d5e-4d16-9a7a-05ab31e1d913,cb5ffe92-7448-4555-831a-0f3c1817e22b,2026-09-11T18:15:15Z,FanDuel Sportsbook structured market feed,,VA,NFL,35609293,Washington Commanders @ Philadelphia Eagles,2026-09-13T20:25:00.000Z,FanDuel,751.185140200,receiving_yards,Chigoziem Okonkwo - Receiving Yds,,Chigoziem Okonkwo,41154199,under,25.5,-114,1.87719298245614,0.5327102803738317,open,,,2026-09-11T18:15:15Z,,,,,v3-forward-measurement
0d95614d-0d5e-4d16-9a7a-05ab31e1d913,9a731ac8-483d-418b-ad35-f6fff37e8001,2026-09-11T18:15:15Z,FanDuel Sportsbook structured market feed,,VA,NFL,35609293,Washington Commanders @ Philadelphia Eagles,2026-09-13T20:25:00.000Z,FanDuel,751.185140202,receptions,Chigoziem Okonkwo - Total Receptions,,Chigoziem Okonkwo,41154197,over,2.5,-158,1.632911392405063,0.6124031007751938,open,,,2026-09-11T18:15:15Z,,,,,v3-forward-measurement
0d95614d-0d5e-4d16-9a7a-05ab31e1d913,64d66d39-a5bf-4ea3-baa5-1a57d8ae0b58,2026-09-11T18:15:15Z,FanDuel Sportsbook structured market feed,,VA,NFL,35609293,Washington Commanders @ Philadelphia Eagles,2026-09-13T20:25:00.000Z,FanDuel,751.185140202,receptions,Chigoziem Okonkwo - Total Receptions,,Chigoziem Okonkwo,41154199,under,2.5,118,2.18,0.45871559633027525,open,,,2026-09-11T18:15:15Z,,,,,v3-forward-measurement
0d95614d-0d5e-4d16-9a7a-05ab31e1d913,3acda01d-bdcd-475b-a086-c7c8e296803f,2026-09-11T18:15:15Z,FanDuel Sportsbook structured market feed,,VA,NFL,35609293,Washington Commanders @ Philadelphia Eagles,2026-09-13T20:25:00.000Z,FanDuel,751.183665916,receiving_yards,Dallas Goedert - Receiving Yds,,Dallas Goedert,20501810,over,36.5,-114,1.87719298245614,0.5327102803738317,open,,,2026-09-11T18:15:15Z,,,,,v3-forward-measurement
0d95614d-0d5e-4d16-9a7a-05ab31e1d913,a05b41a3-88ad-4829-98ca-8a5c6b311438,2026-09-11T18:15:15Z,FanDuel Sportsbook structured market feed,,VA,NFL,35609293,Washington Commanders @ Philadelphia Eagles,2026-09-13T20:25:00.000Z,FanDuel,751.183665916,receiving_yards,Dallas Goedert - Receiving Yds,,Dallas Goedert,20501811,under,36.5,-114,1.87719298245614,0.5327102803738317,open,,,2026-09-11T18:15:15Z,,,,,v3-forward-measurement
0d95614d-0d5e-4d16-9a7a-05ab31e1d913,e8f6de49-a7ec-4613-9dea-d4f40949637f,2026-09-11T18:15:15Z,FanDuel Sportsbook structured market feed,,VA,NFL,35609293,Washington Commanders @ Philadelphia Eagles,2026-09-13T20:25:00.000Z,FanDuel,751.183665738,receptions,DeVonta Smith - Total Receptions,,DeVonta Smith,40878034,over,5.5,106,2.06,0.4854368932038835,open,,,2026-09-11T18:15:15Z,,,,,v3-forward-measurement
0d95614d-0d5e-4d16-9a7a-05ab31e1d913,df795bc7-91af-458e-804c-078a6b67b1ef,2026-09-11T18:15:15Z,FanDuel Sportsbook structured market feed,,VA,NFL,35609293,Washington Commanders @ Philadelphia Eagles,2026-09-13T20:25:00.000Z,FanDuel,751.183665738,receptions,DeVonta Smith - Total Receptions,,DeVonta Smith,40878036,under,5.5,-140,1.714285714285714,0.5833333333333334,open,,,2026-09-11T18:15:15Z,,,,,v3-forward-measurement
0d95614d-0d5e-4d16-9a7a-05ab31e1d913,994903cc-77fe-4dac-81fc-0e1bcf781655,2026-09-11T18:15:15Z,FanDuel Sportsbook structured market feed,,VA,NFL,35609293,Washington Commanders @ Philadelphia Eagles,2026-09-13T20:25:00.000Z,FanDuel,751.183666282,receiving_yards,Saquon Barkley - Receiving Yds,,Saquon Barkley,16580232,over,15.5,-114,1.87719298245614,0.5327102803738317,open,,,2026-09-11T18:15:15Z,,,,,v3-forward-measurement
0d95614d-0d5e-4d16-9a7a-05ab31e1d913,4c1662b7-8063-490c-80d5-187396afac70,2026-09-11T18:15:15Z,FanDuel Sportsbook structured market feed,,VA,NFL,35609293,Washington Commanders @ Philadelphia Eagles,2026-09-13T20:25:00.000Z,FanDuel,751.183666282,receiving_yards,Saquon Barkley - Receiving Yds,,Saquon Barkley,16580233,under,15.5,-114,1.87719298245614,0.5327102803738317,open,,,2026-09-11T18:15:15Z,,,,,v3-forward-measurement
0d95614d-0d5e-4d16-9a7a-05ab31e1d913,5f4343a0-2ac9-4032-afb3-6eccd95111fe,2026-09-11T18:15:15Z,FanDuel Sportsbook structured market feed,,VA,NFL,35609293,Washington Commanders @ Philadelphia Eagles,2026-09-13T20:25:00.000Z,FanDuel,751.185455304,receptions,Makai Lemon - Total Receptions,,Makai Lemon,102621408,over,2.5,124,2.24,0.44642857142857145,open,,,2026-09-11T18:15:15Z,,,,,v3-forward-measurement
0d95614d-0d5e-4d16-9a7a-05ab31e1d913,104ac1df-9abc-47f7-9736-3243bc4e430f,2026-09-11T18:15:15Z,FanDuel Sportsbook structured market feed,,VA,NFL,35609293,Washington Commanders @ Philadelphia Eagles,2026-09-13T20:25:00.000Z,FanDuel,751.185455304,receptions,Makai Lemon - Total Receptions,,Makai Lemon,102621416,under,2.5,-166,1.602409638554217,0.6240601503759399,open,,,2026-09-11T18:15:15Z,,,,,v3-forward-measurement
0d95614d-0d5e-4d16-9a7a-05ab31e1d913,926896fd-6e75-4627-ab80-d43894e5f611,2026-09-11T18:15:15Z,FanDuel Sportsbook structured market feed,,VA,NFL,35609293,Washington Commanders @ Philadelphia Eagles,2026-09-13T20:25:00.000Z,FanDuel,751.185455303,receiving_yards,Makai Lemon - Receiving Yds,,Makai Lemon,102621408,over,24.5,-114,1.87719298245614,0.5327102803738317,open,,,2026-09-11T18:15:15Z,,,,,v3-forward-measurement
0d95614d-0d5e-4d16-9a7a-05ab31e1d913,6ffe8c19-54ea-4a24-a459-cd76eccba0e0,2026-09-11T18:15:15Z,FanDuel Sportsbook structured market feed,,VA,NFL,35609293,Washington Commanders @ Philadelphia Eagles,2026-09-13T20:25:00.000Z,FanDuel,751.185455303,receiving_yards,Makai Lemon - Receiving Yds,,Makai Lemon,102621416,under,24.5,-114,1.87719298245614,0.5327102803738317,open,,,2026-09-11T18:15:15Z,,,,,v3-forward-measurement
0d95614d-0d5e-4d16-9a7a-05ab31e1d913,44efd496-afe5-4e19-9e37-d162d1a4db02,2026-09-11T18:15:15Z,FanDuel Sportsbook structured market feed,,VA,NFL,35609293,Washington Commanders @ Philadelphia Eagles,2026-09-13T20:25:00.000Z,FanDuel,751.183665726,receptions,Terry McLaurin - Total Receptions,,Terry McLaurin,25927138,over,3.5,-172,1.581395348837209,0.6323529411764706,open,,,2026-09-11T18:15:15Z,,,,,v3-forward-measurement
0d95614d-0d5e-4d16-9a7a-05ab31e1d913,99aaa9c7-6ba5-4da1-8889-306c19956197,2026-09-11T18:15:15Z,FanDuel Sportsbook structured market feed,,VA,NFL,35609293,Washington Commanders @ Philadelphia Eagles,2026-09-13T20:25:00.000Z,FanDuel,751.183665726,receptions,Terry McLaurin - Total Receptions,,Terry McLaurin,25927139,under,3.5,128,2.28,0.43859649122807015,open,,,2026-09-11T18:15:15Z,,,,,v3-forward-measurement
0d95614d-0d5e-4d16-9a7a-05ab31e1d913,6bcd4046-90fc-4577-bdea-2e91e53b23f3,2026-09-11T18:15:15Z,FanDuel Sportsbook structured market feed,,VA,NFL,35609293,Washington Commanders @ Philadelphia Eagles,2026-09-13T20:25:00.000Z,FanDuel,751.185145804,receiving_yards,Dontayvion Wicks - Receiving Yds,,Dontayvion Wicks,41071991,over,28.5,-114,1.87719298245614,0.5327102803738317,open,,,2026-09-11T18:15:15Z,,,,,v3-forward-measurement
0d95614d-0d5e-4d16-9a7a-05ab31e1d913,5bc7af83-58e0-47df-975e-841d1a18b6f0,2026-09-11T18:15:15Z,FanDuel Sportsbook structured market feed,,VA,NFL,35609293,Washington Commanders @ Philadelphia Eagles,2026-09-13T20:25:00.000Z,FanDuel,751.185145804,receiving_yards,Dontayvion Wicks - Receiving Yds,,Dontayvion Wicks,41071992,under,28.5,-114,1.87719298245614,0.5327102803738317,open,,,2026-09-11T18:15:15Z,,,,,v3-forward-measurement
0d95614d-0d5e-4d16-9a7a-05ab31e1d913,e98d5f7e-801f-412f-8904-4aec86ce8077,2026-09-11T18:15:15Z,FanDuel Sportsbook structured market feed,,VA,NFL,35609293,Washington Commanders @ Philadelphia Eagles,2026-09-13T20:25:00.000Z,FanDuel,751.185140410,receiving_yards,Rachaad White - Receiving Yds,,Rachaad White,41161337,over,14.5,-114,1.87719298245614,0.5327102803738317,open,,,2026-09-11T18:15:15Z,,,,,v3-forward-measurement
0d95614d-0d5e-4d16-9a7a-05ab31e1d913,1932a924-7a54-432f-b4f5-6b5a585f03e4,2026-09-11T18:15:15Z,FanDuel Sportsbook structured market feed,,VA,NFL,35609293,Washington Commanders @ Philadelphia Eagles,2026-09-13T20:25:00.000Z,FanDuel,751.185140410,receiving_yards,Rachaad White - Receiving Yds,,Rachaad White,41161335,under,14.5,-114,1.87719298245614,0.5327102803738317,open,,,2026-09-11T18:15:15Z,,,,,v3-forward-measurement
0d95614d-0d5e-4d16-9a7a-05ab31e1d913,c7cf91f9-6f82-42c0-9607-b6a60b8e4550,2026-09-11T18:15:15Z,FanDuel Sportsbook structured market feed,,VA,NFL,35609293,Washington Commanders @ Philadelphia Eagles,2026-09-13T20:25:00.000Z,FanDuel,751.185140411,receptions,Rachaad White - Total Receptions,,Rachaad White,41161337,over,2.5,124,2.24,0.44642857142857145,open,,,2026-09-11T18:15:15Z,,,,,v3-forward-measurement
0d95614d-0d5e-4d16-9a7a-05ab31e1d913,bf642ac8-11c0-4630-8b8c-b4fc98ab2a26,2026-09-11T18:15:15Z,FanDuel Sportsbook structured market feed,,VA,NFL,35609293,Washington Commanders @ Philadelphia Eagles,2026-09-13T20:25:00.000Z,FanDuel,751.185140411,receptions,Rachaad White - Total Receptions,,Rachaad White,41161335,under,2.5,-166,1.602409638554217,0.6240601503759399,open,,,2026-09-11T18:15:15Z,,,,,v3-forward-measurement
0d95614d-0d5e-4d16-9a7a-05ab31e1d913,b502ecf3-0d67-4673-a589-ff34a23584a3,2026-09-11T18:15:15Z,FanDuel Sportsbook structured market feed,,VA,NFL,35609293,Washington Commanders @ Philadelphia Eagles,2026-09-13T20:25:00.000Z,FanDuel,751.185145800,receptions,Dontayvion Wicks - Total Receptions,,Dontayvion Wicks,41071991,over,2.5,-122,1.819672131147541,0.5495495495495496,open,,,2026-09-11T18:15:15Z,,,,,v3-forward-measurement
0d95614d-0d5e-4d16-9a7a-05ab31e1d913,2b0a2013-74e3-49fe-b48c-c4dd7f97defc,2026-09-11T18:15:15Z,FanDuel Sportsbook structured market feed,,VA,NFL,35609293,Washington Commanders @ Philadelphia Eagles,2026-09-13T20:25:00.000Z,FanDuel,751.185145800,receptions,Dontayvion Wicks - Total Receptions,,Dontayvion Wicks,41071992,under,2.5,-108,1.925925925925926,0.5192307692307693,open,,,2026-09-11T18:15:15Z,,,,,v3-forward-measurement
0d95614d-0d5e-4d16-9a7a-05ab31e1d913,2098e518-9e19-45d2-8df9-680d5cfe1f05,2026-09-11T18:15:15Z,FanDuel Sportsbook structured market feed,,VA,NFL,35609293,Washington Commanders @ Philadelphia Eagles,2026-09-13T20:25:00.000Z,FanDuel,751.183665729,receiving_yards,Stefon Diggs - Receiving Yds,,Stefon Diggs,11890083,over,42.5,-114,1.87719298245614,0.5327102803738317,open,,,2026-09-11T18:15:15Z,,,,,v3-forward-measurement
0d95614d-0d5e-4d16-9a7a-05ab31e1d913,030728a8-3241-4fa0-acee-8775d065c23d,2026-09-11T18:15:15Z,FanDuel Sportsbook structured market feed,,VA,NFL,35609293,Washington Commanders @ Philadelphia Eagles,2026-09-13T20:25:00.000Z,FanDuel,751.183665729,receiving_yards,Stefon Diggs - Receiving Yds,,Stefon Diggs,11890082,under,42.5,-114,1.87719298245614,0.5327102803738317,open,,,2026-09-11T18:15:15Z,,,,,v3-forward-measurement
0d95614d-0d5e-4d16-9a7a-05ab31e1d913,dab4aa4d-1ee2-4615-b691-f29ef68be42f,2026-09-11T18:15:15Z,FanDuel Sportsbook structured market feed,,VA,NFL,35609293,Washington Commanders @ Philadelphia Eagles,2026-09-13T20:25:00.000Z,FanDuel,751.183665727,receptions,Stefon Diggs - Total Receptions,,Stefon Diggs,11890083,over,3.5,-148,1.675675675675676,0.5967741935483871,open,,,2026-09-11T18:15:15Z,,,,,v3-forward-measurement
0d95614d-0d5e-4d16-9a7a-05ab31e1d913,540e2309-6649-42ed-b3ff-67320a8191ba,2026-09-11T18:15:15Z,FanDuel Sportsbook structured market feed,,VA,NFL,35609293,Washington Commanders @ Philadelphia Eagles,2026-09-13T20:25:00.000Z,FanDuel,751.183665727,receptions,Stefon Diggs - Total Receptions,,Stefon Diggs,11890082,under,3.5,112,2.12,0.4716981132075472,open,,,2026-09-11T18:15:15Z,,,,,v3-forward-measurement
0d95614d-0d5e-4d16-9a7a-05ab31e1d913,06f7d28e-b0aa-421c-b2e4-878ceed7b4b3,2026-09-11T18:15:15Z,FanDuel Sportsbook structured market feed,,VA,NFL,35609293,Washington Commanders @ Philadelphia Eagles,2026-09-13T20:25:00.000Z,FanDuel,751.183666278,receptions,Saquon Barkley - Total Receptions,,Saquon Barkley,16580232,over,2.5,-102,1.980392156862745,0.504950495049505,open,,,2026-09-11T18:15:15Z,,,,,v3-forward-measurement
0d95614d-0d5e-4d16-9a7a-05ab31e1d913,4957eec9-8314-404b-8576-83eaef5b59f9,2026-09-11T18:15:15Z,FanDuel Sportsbook structured market feed,,VA,NFL,35609293,Washington Commanders @ Philadelphia Eagles,2026-09-13T20:25:00.000Z,FanDuel,751.183666278,receptions,Saquon Barkley - Total Receptions,,Saquon Barkley,16580233,under,2.5,-130,1.769230769230769,0.5652173913043478,open,,,2026-09-11T18:15:15Z,,,,,v3-forward-measurement
18f1a700-708f-43e4-9bd6-f4d7b4f08aba,8e279127-e1f9-4710-b818-4f912c3b956b,2026-09-11T18:15:15Z,FanDuel Sportsbook structured market feed,,VA,NFL,35610167,Buffalo Bills @ Houston Texans,2026-09-13T17:00:00.000Z,FanDuel,751.183531305,passing_yards,C.J. Stroud - Passing Yds,,C.J. Stroud,41158959,over,223.5,-114,1.87719298245614,0.5327102803738317,open,,,2026-09-11T18:15:15Z,,,,,v3-forward-measurement
18f1a700-708f-43e4-9bd6-f4d7b4f08aba,8587bc5f-e760-47ef-8ff9-fb66878d9c11,2026-09-11T18:15:15Z,FanDuel Sportsbook structured market feed,,VA,NFL,35610167,Buffalo Bills @ Houston Texans,2026-09-13T17:00:00.000Z,FanDuel,751.183531305,passing_yards,C.J. Stroud - Passing Yds,,C.J. Stroud,41158958,under,223.5,-114,1.87719298245614,0.5327102803738317,open,,,2026-09-11T18:15:15Z,,,,,v3-forward-measurement
18f1a700-708f-43e4-9bd6-f4d7b4f08aba,94d33e40-f4f5-4ef4-b4bd-1817e70e49f6,2026-09-11T18:15:15Z,FanDuel Sportsbook structured market feed,,VA,NFL,35610167,Buffalo Bills @ Houston Texans,2026-09-13T17:00:00.000Z,FanDuel,751.183531354,passing_touchdowns,C.J. Stroud - Passing TDs,,C.J. Stroud,41158959,over,1.5,114,2.14,0.4672897196261682,open,,,2026-09-11T18:15:15Z,,,,,v3-forward-measurement
18f1a700-708f-43e4-9bd6-f4d7b4f08aba,97df27bf-fd67-463c-bc7f-819684e05ff5,2026-09-11T18:15:15Z,FanDuel Sportsbook structured market feed,,VA,NFL,35610167,Buffalo Bills @ Houston Texans,2026-09-13T17:00:00.000Z,FanDuel,751.183531354,passing_touchdowns,C.J. Stroud - Passing TDs,,C.J. Stroud,41158958,under,1.5,-152,1.657894736842105,0.6031746031746031,open,,,2026-09-11T18:15:15Z,,,,,v3-forward-measurement
18f1a700-708f-43e4-9bd6-f4d7b4f08aba,98231758-194d-4631-8a84-39a0a198bcbe,2026-09-11T18:15:15Z,FanDuel Sportsbook structured market feed,,VA,NFL,35610167,Buffalo Bills @ Houston Texans,2026-09-13T17:00:00.000Z,FanDuel,751.183531290,passing_touchdowns,Josh Allen - Passing TDs,,Josh Allen,16503660,over,1.5,146,2.46,0.4065040650406504,open,,,2026-09-11T18:15:15Z,,,,,v3-forward-measurement
18f1a700-708f-43e4-9bd6-f4d7b4f08aba,d2036bfd-cc11-42b8-9d28-b99eb6396fb3,2026-09-11T18:15:15Z,FanDuel Sportsbook structured market feed,,VA,NFL,35610167,Buffalo Bills @ Houston Texans,2026-09-13T17:00:00.000Z,FanDuel,751.183531290,passing_touchdowns,Josh Allen - Passing TDs,,Josh Allen,16503661,under,1.5,-198,1.505050505050505,0.6644295302013423,open,,,2026-09-11T18:15:15Z,,,,,v3-forward-measurement
18f1a700-708f-43e4-9bd6-f4d7b4f08aba,724e5680-84ee-4dbe-98ba-d717391aec84,2026-09-11T18:15:15Z,FanDuel Sportsbook structured market feed,,VA,NFL,35610167,Buffalo Bills @ Houston Texans,2026-09-13T17:00:00.000Z,FanDuel,751.183531265,passing_yards,Josh Allen - Passing Yds,,Josh Allen,16503660,over,223.5,-114,1.87719298245614,0.5327102803738317,open,,,2026-09-11T18:15:15Z,,,,,v3-forward-measurement
18f1a700-708f-43e4-9bd6-f4d7b4f08aba,2ddb219f-c240-4e2c-9798-b6faa3285b46,2026-09-11T18:15:15Z,FanDuel Sportsbook structured market feed,,VA,NFL,35610167,Buffalo Bills @ Houston Texans,2026-09-13T17:00:00.000Z,FanDuel,751.183531265,passing_yards,Josh Allen - Passing Yds,,Josh Allen,16503661,under,223.5,-114,1.87719298245614,0.5327102803738317,open,,,2026-09-11T18:15:15Z,,,,,v3-forward-measurement
2d86bace-cb54-4dff-a6db-20dc2839dd46,adfe1a90-a78e-401a-95b2-3a76539c313d,2026-09-11T18:15:15Z,FanDuel Sportsbook structured market feed,,VA,NFL,35610167,Buffalo Bills @ Houston Texans,2026-09-13T17:00:00.000Z,FanDuel,751.183531308,rushing_yards,Josh Allen - Rushing Yds,,Josh Allen,16503660,over,30.5,-114,1.87719298245614,0.5327102803738317,open,,,2026-09-11T18:15:15Z,,,,,v3-forward-measurement
2d86bace-cb54-4dff-a6db-20dc2839dd46,0dabf7fa-9b68-40fc-a46a-1340f2742096,2026-09-11T18:15:15Z,FanDuel Sportsbook structured market feed,,VA,NFL,35610167,Buffalo Bills @ Houston Texans,2026-09-13T17:00:00.000Z,FanDuel,751.183531308,rushing_yards,Josh Allen - Rushing Yds,,Josh Allen,16503661,under,30.5,-114,1.87719298245614,0.5327102803738317,open,,,2026-09-11T18:15:15Z,,,,,v3-forward-measurement
2d86bace-cb54-4dff-a6db-20dc2839dd46,5ad4edd7-3ba4-4149-9a44-fd1c6e67fe5d,2026-09-11T18:15:15Z,FanDuel Sportsbook structured market feed,,VA,NFL,35610167,Buffalo Bills @ Houston Texans,2026-09-13T17:00:00.000Z,FanDuel,751.183532134,rushing_yards,James Cook - Rushing Yds,,James Cook,41957632,over,74.5,-114,1.87719298245614,0.5327102803738317,open,,,2026-09-11T18:15:15Z,,,,,v3-forward-measurement
2d86bace-cb54-4dff-a6db-20dc2839dd46,255a8b9b-77b0-4099-aaad-f5946b0ba855,2026-09-11T18:15:15Z,FanDuel Sportsbook structured market feed,,VA,NFL,35610167,Buffalo Bills @ Houston Texans,2026-09-13T17:00:00.000Z,FanDuel,751.183532134,rushing_yards,James Cook - Rushing Yds,,James Cook,41957631,under,74.5,-114,1.87719298245614,0.5327102803738317,open,,,2026-09-11T18:15:15Z,,,,,v3-forward-measurement
2d86bace-cb54-4dff-a6db-20dc2839dd46,db15776b-9c00-4ee3-ba4e-edf656ecdba4,2026-09-11T18:15:15Z,FanDuel Sportsbook structured market feed,,VA,NFL,35610167,Buffalo Bills @ Houston Texans,2026-09-13T17:00:00.000Z,FanDuel,751.184540244,rushing_yards,C.J. Stroud - Rushing Yds,,C.J. Stroud,41158959,over,10.5,-114,1.87719298245614,0.5327102803738317,open,,,2026-09-11T18:15:15Z,,,,,v3-forward-measurement
2d86bace-cb54-4dff-a6db-20dc2839dd46,0fdd506a-6e6b-424e-b406-a2515fe30d57,2026-09-11T18:15:15Z,FanDuel Sportsbook structured market feed,,VA,NFL,35610167,Buffalo Bills @ Houston Texans,2026-09-13T17:00:00.000Z,FanDuel,751.184540244,rushing_yards,C.J. Stroud - Rushing Yds,,C.J. Stroud,41158958,under,10.5,-114,1.87719298245614,0.5327102803738317,open,,,2026-09-11T18:15:15Z,,,,,v3-forward-measurement
2d86bace-cb54-4dff-a6db-20dc2839dd46,2bb0403e-9818-481a-8297-3d18e45bef16,2026-09-11T18:15:15Z,FanDuel Sportsbook structured market feed,,VA,NFL,35610167,Buffalo Bills @ Houston Texans,2026-09-13T17:00:00.000Z,FanDuel,751.183532131,rushing_yards,David Montgomery - Rushing Yds,,David Montgomery,16579822,over,54.5,-114,1.87719298245614,0.5327102803738317,open,,,2026-09-11T18:15:15Z,,,,,v3-forward-measurement
2d86bace-cb54-4dff-a6db-20dc2839dd46,e12996f5-f614-42a5-8d2a-a9766ebd28e8,2026-09-11T18:15:15Z,FanDuel Sportsbook structured market feed,,VA,NFL,35610167,Buffalo Bills @ Houston Texans,2026-09-13T17:00:00.000Z,FanDuel,751.183532131,rushing_yards,David Montgomery - Rushing Yds,,David Montgomery,16579823,under,54.5,-114,1.87719298245614,0.5327102803738317,open,,,2026-09-11T18:15:15Z,,,,,v3-forward-measurement
2d86bace-cb54-4dff-a6db-20dc2839dd46,65d63f84-d97f-44dd-889d-757aa535346b,2026-09-11T18:15:15Z,FanDuel Sportsbook structured market feed,,VA,NFL,35610167,Buffalo Bills @ Houston Texans,2026-09-13T17:00:00.000Z,FanDuel,751.183532132,rushing_yards,Woody Marks - Rushing Yds,,Woody Marks,88881141,over,29.5,-114,1.87719298245614,0.5327102803738317,open,,,2026-09-11T18:15:15Z,,,,,v3-forward-measurement
2d86bace-cb54-4dff-a6db-20dc2839dd46,03929411-e450-4dbe-8868-aaec5673c6f3,2026-09-11T18:15:15Z,FanDuel Sportsbook structured market feed,,VA,NFL,35610167,Buffalo Bills @ Houston Texans,2026-09-13T17:00:00.000Z,FanDuel,751.183532132,rushing_yards,Woody Marks - Rushing Yds,,Woody Marks,88881135,under,29.5,-114,1.87719298245614,0.5327102803738317,open,,,2026-09-11T18:15:15Z,,,,,v3-forward-measurement
ae8c4a8b-fe9d-4a82-a844-8f6add74f25c,1f999119-dd45-40d9-a167-939f6d1a4459,2026-09-11T18:15:15Z,FanDuel Sportsbook structured market feed,,VA,NFL,35610167,Buffalo Bills @ Houston Texans,2026-09-13T17:00:00.000Z,FanDuel,751.184542281,receiving_yards,Woody Marks - Receiving Yds,,Woody Marks,88881141,over,10.5,-114,1.87719298245614,0.5327102803738317,open,,,2026-09-11T18:15:15Z,,,,,v3-forward-measurement
ae8c4a8b-fe9d-4a82-a844-8f6add74f25c,1107c23b-c568-4775-a242-51d7fbe62bfe,2026-09-11T18:15:15Z,FanDuel Sportsbook structured market feed,,VA,NFL,35610167,Buffalo Bills @ Houston Texans,2026-09-13T17:00:00.000Z,FanDuel,751.184542281,receiving_yards,Woody Marks - Receiving Yds,,Woody Marks,88881135,under,10.5,-114,1.87719298245614,0.5327102803738317,open,,,2026-09-11T18:15:15Z,,,,,v3-forward-measurement
ae8c4a8b-fe9d-4a82-a844-8f6add74f25c,a2ecd53a-aae0-45ff-9fbc-feec0f688b2c,2026-09-11T18:15:15Z,FanDuel Sportsbook structured market feed,,VA,NFL,35610167,Buffalo Bills @ Houston Texans,2026-09-13T17:00:00.000Z,FanDuel,751.183533039,receiving_yards,Nico Collins - Receiving Yds,,Nico Collins,40916109,over,69.5,-114,1.87719298245614,0.5327102803738317,open,,,2026-09-11T18:15:15Z,,,,,v3-forward-measurement
ae8c4a8b-fe9d-4a82-a844-8f6add74f25c,5f920eb5-ee18-4e6b-8563-6f327b214a44,2026-09-11T18:15:15Z,FanDuel Sportsbook structured market feed,,VA,NFL,35610167,Buffalo Bills @ Houston Texans,2026-09-13T17:00:00.000Z,FanDuel,751.183533039,receiving_yards,Nico Collins - Receiving Yds,,Nico Collins,40916112,under,69.5,-114,1.87719298245614,0.5327102803738317,open,,,2026-09-11T18:15:15Z,,,,,v3-forward-measurement
ae8c4a8b-fe9d-4a82-a844-8f6add74f25c,d114405e-7698-42b4-a861-22020f01bafe,2026-09-11T18:15:15Z,FanDuel Sportsbook structured market feed,,VA,NFL,35610167,Buffalo Bills @ Houston Texans,2026-09-13T17:00:00.000Z,FanDuel,751.183533038,receptions,D.J. Moore - Total Receptions,,D.J. Moore,73370450,over,3.5,-144,1.694444444444444,0.5901639344262295,open,,,2026-09-11T18:15:15Z,,,,,v3-forward-measurement
ae8c4a8b-fe9d-4a82-a844-8f6add74f25c,ffb2f39e-ce91-4eee-b13d-a938e9e765c4,2026-09-11T18:15:15Z,FanDuel Sportsbook structured market feed,,VA,NFL,35610167,Buffalo Bills @ Houston Texans,2026-09-13T17:00:00.000Z,FanDuel,751.183533038,receptions,D.J. Moore - Total Receptions,,D.J. Moore,73370451,under,3.5,108,2.08,0.4807692307692308,open,,,2026-09-11T18:15:15Z,,,,,v3-forward-measurement
ae8c4a8b-fe9d-4a82-a844-8f6add74f25c,48997232-f1c7-449a-b3dd-409615d7755f,2026-09-11T18:15:15Z,FanDuel Sportsbook structured market feed,,VA,NFL,35610167,Buffalo Bills @ Houston Texans,2026-09-13T17:00:00.000Z,FanDuel,751.184543895,receptions,Dalton Schultz - Total Receptions,,Dalton Schultz,36190363,over,3.5,-114,1.87719298245614,0.5327102803738317,open,,,2026-09-11T18:15:15Z,,,,,v3-forward-measurement
ae8c4a8b-fe9d-4a82-a844-8f6add74f25c,fe7a50dc-7699-4665-810a-6063fba769ba,2026-09-11T18:15:15Z,FanDuel Sportsbook structured market feed,,VA,NFL,35610167,Buffalo Bills @ Houston Texans,2026-09-13T17:00:00.000Z,FanDuel,751.184543895,receptions,Dalton Schultz - Total Receptions,,Dalton Schultz,36190364,under,3.5,-114,1.87719298245614,0.5327102803738317,open,,,2026-09-11T18:15:15Z,,,,,v3-forward-measurement
ae8c4a8b-fe9d-4a82-a844-8f6add74f25c,460f2f56-35c9-4783-99ab-7e629d9b3199,2026-09-11T18:15:15Z,FanDuel Sportsbook structured market feed,,VA,NFL,35610167,Buffalo Bills @ Houston Texans,2026-09-13T17:00:00.000Z,FanDuel,751.185690220,receptions,Jaylin Noel - Total Receptions,,Jaylin Noel,48308997,over,1.5,-108,1.925925925925926,0.5192307692307693,open,,,2026-09-11T18:15:15Z,,,,,v3-forward-measurement
ae8c4a8b-fe9d-4a82-a844-8f6add74f25c,f04e165b-7184-4b4f-ad95-c4a3465eb7c3,2026-09-11T18:15:15Z,FanDuel Sportsbook structured market feed,,VA,NFL,35610167,Buffalo Bills @ Houston Texans,2026-09-13T17:00:00.000Z,FanDuel,751.185690220,receptions,Jaylin Noel - Total Receptions,,Jaylin Noel,48308996,under,1.5,-122,1.819672131147541,0.5495495495495496,open,,,2026-09-11T18:15:15Z,,,,,v3-forward-measurement
ae8c4a8b-fe9d-4a82-a844-8f6add74f25c,1cd00aa5-6cb0-4d4d-8117-9cd416161fa0,2026-09-11T18:15:15Z,FanDuel Sportsbook structured market feed,,VA,NFL,35610167,Buffalo Bills @ Houston Texans,2026-09-13T17:00:00.000Z,FanDuel,751.184543897,receiving_yards,Dalton Schultz - Receiving Yds,,Dalton Schultz,36190363,over,34.5,-114,1.87719298245614,0.5327102803738317,open,,,2026-09-11T18:15:15Z,,,,,v3-forward-measurement
ae8c4a8b-fe9d-4a82-a844-8f6add74f25c,19ef632a-a5cb-4c34-b8f8-9df5742442cd,2026-09-11T18:15:15Z,FanDuel Sportsbook structured market feed,,VA,NFL,35610167,Buffalo Bills @ Houston Texans,2026-09-13T17:00:00.000Z,FanDuel,751.184543897,receiving_yards,Dalton Schultz - Receiving Yds,,Dalton Schultz,36190364,under,34.5,-114,1.87719298245614,0.5327102803738317,open,,,2026-09-11T18:15:15Z,,,,,v3-forward-measurement
ae8c4a8b-fe9d-4a82-a844-8f6add74f25c,f9c4bf85-9757-4ad6-9315-656523b96c0d,2026-09-11T18:15:15Z,FanDuel Sportsbook structured market feed,,VA,NFL,35610167,Buffalo Bills @ Houston Texans,2026-09-13T17:00:00.000Z,FanDuel,751.184542278,receiving_yards,David Montgomery - Receiving Yds,,David Montgomery,16579822,over,10.5,-114,1.87719298245614,0.5327102803738317,open,,,2026-09-11T18:15:15Z,,,,,v3-forward-measurement
ae8c4a8b-fe9d-4a82-a844-8f6add74f25c,738c8e24-2a54-444b-af62-b0acca8b47ac,2026-09-11T18:15:15Z,FanDuel Sportsbook structured market feed,,VA,NFL,35610167,Buffalo Bills @ Houston Texans,2026-09-13T17:00:00.000Z,FanDuel,751.184542278,receiving_yards,David Montgomery - Receiving Yds,,David Montgomery,16579823,under,10.5,-114,1.87719298245614,0.5327102803738317,open,,,2026-09-11T18:15:15Z,,,,,v3-forward-measurement
ae8c4a8b-fe9d-4a82-a844-8f6add74f25c,512d2bc5-2bce-4f9e-bc7e-a5059cb23246,2026-09-11T18:15:15Z,FanDuel Sportsbook structured market feed,,VA,NFL,35610167,Buffalo Bills @ Houston Texans,2026-09-13T17:00:00.000Z,FanDuel,751.184542279,receptions,David Montgomery - Total Receptions,,David Montgomery,16579822,over,1.5,-122,1.819672131147541,0.5495495495495496,open,,,2026-09-11T18:15:15Z,,,,,v3-forward-measurement
ae8c4a8b-fe9d-4a82-a844-8f6add74f25c,7a5165bb-344c-47c4-aa06-c30f87b5d5c9,2026-09-11T18:15:15Z,FanDuel Sportsbook structured market feed,,VA,NFL,35610167,Buffalo Bills @ Houston Texans,2026-09-13T17:00:00.000Z,FanDuel,751.184542279,receptions,David Montgomery - Total Receptions,,David Montgomery,16579823,under,1.5,-108,1.925925925925926,0.5192307692307693,open,,,2026-09-11T18:15:15Z,,,,,v3-forward-measurement
ae8c4a8b-fe9d-4a82-a844-8f6add74f25c,9ab91bd3-bd91-42bb-84ac-d474774534c0,2026-09-11T18:15:15Z,FanDuel Sportsbook structured market feed,,VA,NFL,35610167,Buffalo Bills @ Houston Texans,2026-09-13T17:00:00.000Z,FanDuel,751.183533050,receptions,Nico Collins - Total Receptions,,Nico Collins,40916109,over,5.5,112,2.12,0.4716981132075472,open,,,2026-09-11T18:15:15Z,,,,,v3-forward-measurement
ae8c4a8b-fe9d-4a82-a844-8f6add74f25c,e5417181-83b1-498e-a7ec-12eb3d701bf5,2026-09-11T18:15:15Z,FanDuel Sportsbook structured market feed,,VA,NFL,35610167,Buffalo Bills @ Houston Texans,2026-09-13T17:00:00.000Z,FanDuel,751.183533050,receptions,Nico Collins - Total Receptions,,Nico Collins,40916112,under,5.5,-148,1.675675675675676,0.5967741935483871,open,,,2026-09-11T18:15:15Z,,,,,v3-forward-measurement
ae8c4a8b-fe9d-4a82-a844-8f6add74f25c,84197515-ef8b-488b-884b-c13da41932df,2026-09-11T18:15:15Z,FanDuel Sportsbook structured market feed,,VA,NFL,35610167,Buffalo Bills @ Houston Texans,2026-09-13T17:00:00.000Z,FanDuel,751.185125759,receiving_yards,Xavier Hutchinson - Receiving Yds,,Xavier Hutchinson,41075117,over,19.5,-114,1.87719298245614,0.5327102803738317,open,,,2026-09-11T18:15:15Z,,,,,v3-forward-measurement
ae8c4a8b-fe9d-4a82-a844-8f6add74f25c,e185f9a0-b8b8-4512-b62d-7227966b7bf1,2026-09-11T18:15:15Z,FanDuel Sportsbook structured market feed,,VA,NFL,35610167,Buffalo Bills @ Houston Texans,2026-09-13T17:00:00.000Z,FanDuel,751.185125759,receiving_yards,Xavier Hutchinson - Receiving Yds,,Xavier Hutchinson,41075118,under,19.5,-114,1.87719298245614,0.5327102803738317,open,,,2026-09-11T18:15:15Z,,,,,v3-forward-measurement
ae8c4a8b-fe9d-4a82-a844-8f6add74f25c,dad1817b-5c0b-431d-80ee-5e97a69c7d00,2026-09-11T18:15:15Z,FanDuel Sportsbook structured market feed,,VA,NFL,35610167,Buffalo Bills @ Houston Texans,2026-09-13T17:00:00.000Z,FanDuel,751.185125757,receptions,Xavier Hutchinson - Total Receptions,,Xavier Hutchinson,41075117,over,2.5,134,2.34,0.42735042735042733,open,,,2026-09-11T18:15:15Z,,,,,v3-forward-measurement
ae8c4a8b-fe9d-4a82-a844-8f6add74f25c,9efa2e33-94a6-4651-9e84-38ca93648b7c,2026-09-11T18:15:15Z,FanDuel Sportsbook structured market feed,,VA,NFL,35610167,Buffalo Bills @ Houston Texans,2026-09-13T17:00:00.000Z,FanDuel,751.185125757,receptions,Xavier Hutchinson - Total Receptions,,Xavier Hutchinson,41075118,under,2.5,-180,1.555555555555556,0.6428571428571429,open,,,2026-09-11T18:15:15Z,,,,,v3-forward-measurement
ae8c4a8b-fe9d-4a82-a844-8f6add74f25c,455eaa04-ee39-4ec5-811f-f3004fb8f05c,2026-09-11T18:15:15Z,FanDuel Sportsbook structured market feed,,VA,NFL,35610167,Buffalo Bills @ Houston Texans,2026-09-13T17:00:00.000Z,FanDuel,751.183533053,receiving_yards,D.J. Moore - Receiving Yds,,D.J. Moore,73370450,over,47.5,-114,1.87719298245614,0.5327102803738317,open,,,2026-09-11T18:15:15Z,,,,,v3-forward-measurement
ae8c4a8b-fe9d-4a82-a844-8f6add74f25c,41dfa9c6-bd6d-4c58-8f5f-d9d565935bd9,2026-09-11T18:15:15Z,FanDuel Sportsbook structured market feed,,VA,NFL,35610167,Buffalo Bills @ Houston Texans,2026-09-13T17:00:00.000Z,FanDuel,751.183533053,receiving_yards,D.J. Moore - Receiving Yds,,D.J. Moore,73370451,under,47.5,-114,1.87719298245614,0.5327102803738317,open,,,2026-09-11T18:15:15Z,,,,,v3-forward-measurement
ae8c4a8b-fe9d-4a82-a844-8f6add74f25c,c129cb98-6a8d-4dc4-af4d-6654cbd5e05a,2026-09-11T18:15:15Z,FanDuel Sportsbook structured market feed,,VA,NFL,35610167,Buffalo Bills @ Houston Texans,2026-09-13T17:00:00.000Z,FanDuel,751.183533051,receiving_yards,Dalton Kincaid - Receiving Yds,,Dalton Kincaid,41602583,over,38.5,-114,1.87719298245614,0.5327102803738317,open,,,2026-09-11T18:15:15Z,,,,,v3-forward-measurement
ae8c4a8b-fe9d-4a82-a844-8f6add74f25c,def9e7ad-baf9-45d5-b8e7-62ce0ff10db9,2026-09-11T18:15:15Z,FanDuel Sportsbook structured market feed,,VA,NFL,35610167,Buffalo Bills @ Houston Texans,2026-09-13T17:00:00.000Z,FanDuel,751.183533051,receiving_yards,Dalton Kincaid - Receiving Yds,,Dalton Kincaid,41602585,under,38.5,-114,1.87719298245614,0.5327102803738317,open,,,2026-09-11T18:15:15Z,,,,,v3-forward-measurement
ae8c4a8b-fe9d-4a82-a844-8f6add74f25c,1aa0b2ac-9bd9-4ca9-b96a-5dbb9cc7b410,2026-09-11T18:15:15Z,FanDuel Sportsbook structured market feed,,VA,NFL,35610167,Buffalo Bills @ Houston Texans,2026-09-13T17:00:00.000Z,FanDuel,751.183533052,receptions,Khalil Shakir - Total Receptions,,Khalil Shakir,41266352,over,3.5,-130,1.769230769230769,0.5652173913043478,open,,,2026-09-11T18:15:15Z,,,,,v3-forward-measurement
ae8c4a8b-fe9d-4a82-a844-8f6add74f25c,5e537ddf-558b-4087-b8bd-f7d356617bfa,2026-09-11T18:15:15Z,FanDuel Sportsbook structured market feed,,VA,NFL,35610167,Buffalo Bills @ Houston Texans,2026-09-13T17:00:00.000Z,FanDuel,751.183533052,receptions,Khalil Shakir - Total Receptions,,Khalil Shakir,41266353,under,3.5,-102,1.980392156862745,0.504950495049505,open,,,2026-09-11T18:15:15Z,,,,,v3-forward-measurement
ae8c4a8b-fe9d-4a82-a844-8f6add74f25c,22e28a51-fa8b-4c15-9ca3-9a0fa1995f82,2026-09-11T18:15:15Z,FanDuel Sportsbook structured market feed,,VA,NFL,35610167,Buffalo Bills @ Houston Texans,2026-09-13T17:00:00.000Z,FanDuel,751.184980710,receptions,James Cook - Total Receptions,,James Cook,41957632,over,2.5,-130,1.769230769230769,0.5652173913043478,open,,,2026-09-11T18:15:15Z,,,,,v3-forward-measurement
ae8c4a8b-fe9d-4a82-a844-8f6add74f25c,4bef4d21-734c-47ca-8a7b-1c3ecb4e9014,2026-09-11T18:15:15Z,FanDuel Sportsbook structured market feed,,VA,NFL,35610167,Buffalo Bills @ Houston Texans,2026-09-13T17:00:00.000Z,FanDuel,751.184980710,receptions,James Cook - Total Receptions,,James Cook,41957631,under,2.5,-102,1.980392156862745,0.504950495049505,open,,,2026-09-11T18:15:15Z,,,,,v3-forward-measurement
ae8c4a8b-fe9d-4a82-a844-8f6add74f25c,9d739b77-c53b-46a5-81d5-4c9232ff9cf1,2026-09-11T18:15:15Z,FanDuel Sportsbook structured market feed,,VA,NFL,35610167,Buffalo Bills @ Houston Texans,2026-09-13T17:00:00.000Z,FanDuel,751.183533049,receptions,Dalton Kincaid - Total Receptions,,Dalton Kincaid,41602583,over,3.5,-102,1.980392156862745,0.504950495049505,open,,,2026-09-11T18:15:15Z,,,,,v3-forward-measurement
ae8c4a8b-fe9d-4a82-a844-8f6add74f25c,892da828-d1da-4dc7-8fa5-80a19b60a85c,2026-09-11T18:15:15Z,FanDuel Sportsbook structured market feed,,VA,NFL,35610167,Buffalo Bills @ Houston Texans,2026-09-13T17:00:00.000Z,FanDuel,751.183533049,receptions,Dalton Kincaid - Total Receptions,,Dalton Kincaid,41602585,under,3.5,-130,1.769230769230769,0.5652173913043478,open,,,2026-09-11T18:15:15Z,,,,,v3-forward-measurement
ae8c4a8b-fe9d-4a82-a844-8f6add74f25c,9c21946b-52a9-4286-a373-45d29ad03efd,2026-09-11T18:15:15Z,FanDuel Sportsbook structured market feed,,VA,NFL,35610167,Buffalo Bills @ Houston Texans,2026-09-13T17:00:00.000Z,FanDuel,751.185056176,receiving_yards,Dawson Knox - Receiving Yds,,Dawson Knox,26270330,over,13.5,-114,1.87719298245614,0.5327102803738317,open,,,2026-09-11T18:15:15Z,,,,,v3-forward-measurement
ae8c4a8b-fe9d-4a82-a844-8f6add74f25c,2fe9baff-9575-4428-8747-a6104a317069,2026-09-11T18:15:15Z,FanDuel Sportsbook structured market feed,,VA,NFL,35610167,Buffalo Bills @ Houston Texans,2026-09-13T17:00:00.000Z,FanDuel,751.185056176,receiving_yards,Dawson Knox - Receiving Yds,,Dawson Knox,26270331,under,13.5,-114,1.87719298245614,0.5327102803738317,open,,,2026-09-11T18:15:15Z,,,,,v3-forward-measurement
ae8c4a8b-fe9d-4a82-a844-8f6add74f25c,2da0d0e7-4944-4489-905e-4d29822ddd91,2026-09-11T18:15:15Z,FanDuel Sportsbook structured market feed,,VA,NFL,35610167,Buffalo Bills @ Houston Texans,2026-09-13T17:00:00.000Z,FanDuel,751.185056177,receptions,Dawson Knox - Total Receptions,,Dawson Knox,26270330,over,1.5,102,2.02,0.49504950495049505,open,,,2026-09-11T18:15:15Z,,,,,v3-forward-measurement
ae8c4a8b-fe9d-4a82-a844-8f6add74f25c,3ac9ae7d-523e-4bd5-a0a9-f4a97083869b,2026-09-11T18:15:15Z,FanDuel Sportsbook structured market feed,,VA,NFL,35610167,Buffalo Bills @ Houston Texans,2026-09-13T17:00:00.000Z,FanDuel,751.185056177,receptions,Dawson Knox - Total Receptions,,Dawson Knox,26270331,under,1.5,-136,1.735294117647059,0.576271186440678,open,,,2026-09-11T18:15:15Z,,,,,v3-forward-measurement
ae8c4a8b-fe9d-4a82-a844-8f6add74f25c,93827d6f-354c-4078-85c8-2b21d60ba50e,2026-09-11T18:15:15Z,FanDuel Sportsbook structured market feed,,VA,NFL,35610167,Buffalo Bills @ Houston Texans,2026-09-13T17:00:00.000Z,FanDuel,751.185690208,receiving_yards,Jaylin Noel - Receiving Yds,,Jaylin Noel,48308997,over,14.5,-114,1.87719298245614,0.5327102803738317,open,,,2026-09-11T18:15:15Z,,,,,v3-forward-measurement
ae8c4a8b-fe9d-4a82-a844-8f6add74f25c,3672e700-534b-4d92-ac53-18bc90ecc8c3,2026-09-11T18:15:15Z,FanDuel Sportsbook structured market feed,,VA,NFL,35610167,Buffalo Bills @ Houston Texans,2026-09-13T17:00:00.000Z,FanDuel,751.185690208,receiving_yards,Jaylin Noel - Receiving Yds,,Jaylin Noel,48308996,under,14.5,-114,1.87719298245614,0.5327102803738317,open,,,2026-09-11T18:15:15Z,,,,,v3-forward-measurement
ae8c4a8b-fe9d-4a82-a844-8f6add74f25c,923506c6-5754-4421-8826-8e09c2163fac,2026-09-11T18:15:15Z,FanDuel Sportsbook structured market feed,,VA,NFL,35610167,Buffalo Bills @ Houston Texans,2026-09-13T17:00:00.000Z,FanDuel,751.184980711,receiving_yards,James Cook - Receiving Yds,,James Cook,41957632,over,19.5,-114,1.87719298245614,0.5327102803738317,open,,,2026-09-11T18:15:15Z,,,,,v3-forward-measurement
ae8c4a8b-fe9d-4a82-a844-8f6add74f25c,51fc6855-4b79-41fe-942b-dad9ab108e7c,2026-09-11T18:15:15Z,FanDuel Sportsbook structured market feed,,VA,NFL,35610167,Buffalo Bills @ Houston Texans,2026-09-13T17:00:00.000Z,FanDuel,751.184980711,receiving_yards,James Cook - Receiving Yds,,James Cook,41957631,under,19.5,-114,1.87719298245614,0.5327102803738317,open,,,2026-09-11T18:15:15Z,,,,,v3-forward-measurement
ae8c4a8b-fe9d-4a82-a844-8f6add74f25c,36055983-d953-4ce8-bb91-460011fbaf4d,2026-09-11T18:15:15Z,FanDuel Sportsbook structured market feed,,VA,NFL,35610167,Buffalo Bills @ Houston Texans,2026-09-13T17:00:00.000Z,FanDuel,751.185690214,receptions,Woody Marks - Total Receptions,,Woody Marks,88881141,over,1.5,-130,1.769230769230769,0.5652173913043478,open,,,2026-09-11T18:15:15Z,,,,,v3-forward-measurement
ae8c4a8b-fe9d-4a82-a844-8f6add74f25c,c9122dbf-8007-44ee-8297-f26b7577292d,2026-09-11T18:15:15Z,FanDuel Sportsbook structured market feed,,VA,NFL,35610167,Buffalo Bills @ Houston Texans,2026-09-13T17:00:00.000Z,FanDuel,751.185690214,receptions,Woody Marks - Total Receptions,,Woody Marks,88881135,under,1.5,-102,1.980392156862745,0.504950495049505,open,,,2026-09-11T18:15:15Z,,,,,v3-forward-measurement
ae8c4a8b-fe9d-4a82-a844-8f6add74f25c,547b1e43-c778-4451-94fc-5fa111bdf423,2026-09-11T18:15:15Z,FanDuel Sportsbook structured market feed,,VA,NFL,35610167,Buffalo Bills @ Houston Texans,2026-09-13T17:00:00.000Z,FanDuel,751.184541564,receptions,Kayshon Boutte - Total Receptions,,Kayshon Boutte,41072109,over,2.5,124,2.24,0.44642857142857145,open,,,2026-09-11T18:15:15Z,,,,,v3-forward-measurement
ae8c4a8b-fe9d-4a82-a844-8f6add74f25c,748c0cb5-e56a-4510-803c-ad0197cd9977,2026-09-11T18:15:15Z,FanDuel Sportsbook structured market feed,,VA,NFL,35610167,Buffalo Bills @ Houston Texans,2026-09-13T17:00:00.000Z,FanDuel,751.184541564,receptions,Kayshon Boutte - Total Receptions,,Kayshon Boutte,41072108,under,2.5,-166,1.602409638554217,0.6240601503759399,open,,,2026-09-11T18:15:15Z,,,,,v3-forward-measurement
ae8c4a8b-fe9d-4a82-a844-8f6add74f25c,1cd63066-e9da-4ed1-ae72-1cda731e1006,2026-09-11T18:15:15Z,FanDuel Sportsbook structured market feed,,VA,NFL,35610167,Buffalo Bills @ Houston Texans,2026-09-13T17:00:00.000Z,FanDuel,751.183533042,receiving_yards,Khalil Shakir - Receiving Yds,,Khalil Shakir,41266352,over,36.5,-114,1.87719298245614,0.5327102803738317,open,,,2026-09-11T18:15:15Z,,,,,v3-forward-measurement
ae8c4a8b-fe9d-4a82-a844-8f6add74f25c,f386a233-1dc9-4a99-a857-5b034e598fdd,2026-09-11T18:15:15Z,FanDuel Sportsbook structured market feed,,VA,NFL,35610167,Buffalo Bills @ Houston Texans,2026-09-13T17:00:00.000Z,FanDuel,751.183533042,receiving_yards,Khalil Shakir - Receiving Yds,,Khalil Shakir,41266353,under,36.5,-114,1.87719298245614,0.5327102803738317,open,,,2026-09-11T18:15:15Z,,,,,v3-forward-measurement
ae8c4a8b-fe9d-4a82-a844-8f6add74f25c,37104779-2922-4c79-a1ba-831cddbf1f66,2026-09-11T18:15:15Z,FanDuel Sportsbook structured market feed,,VA,NFL,35610167,Buffalo Bills @ Houston Texans,2026-09-13T17:00:00.000Z,FanDuel,751.184541567,receiving_yards,Kayshon Boutte - Receiving Yds,,Kayshon Boutte,41072109,over,25.5,-114,1.87719298245614,0.5327102803738317,open,,,2026-09-11T18:15:15Z,,,,,v3-forward-measurement
ae8c4a8b-fe9d-4a82-a844-8f6add74f25c,7664337c-cd2b-4475-935f-7919c36a14c6,2026-09-11T18:15:15Z,FanDuel Sportsbook structured market feed,,VA,NFL,35610167,Buffalo Bills @ Houston Texans,2026-09-13T17:00:00.000Z,FanDuel,751.184541567,receiving_yards,Kayshon Boutte - Receiving Yds,,Kayshon Boutte,41072108,under,25.5,-114,1.87719298245614,0.5327102803738317,open,,,2026-09-11T18:15:15Z,,,,,v3-forward-measurement
d24a855c-e97c-4a52-9c72-3be2545a5fe1,e6af3528-5580-4c7b-84a3-26837efe2f7e,2026-09-11T18:15:15Z,FanDuel Sportsbook structured market feed,,VA,NFL,35610168,New Orleans Saints @ Detroit Lions,2026-09-13T17:01:00.000Z,FanDuel,751.183819063,passing_yards,Tyler Shough - Passing Yds,,Tyler Shough,41066836,over,246.5,-114,1.87719298245614,0.5327102803738317,open,,,2026-09-11T18:15:15Z,,,,,v3-forward-measurement
d24a855c-e97c-4a52-9c72-3be2545a5fe1,76e860e6-1052-4bbd-a856-f4d3c68b55f8,2026-09-11T18:15:15Z,FanDuel Sportsbook structured market feed,,VA,NFL,35610168,New Orleans Saints @ Detroit Lions,2026-09-13T17:01:00.000Z,FanDuel,751.183819063,passing_yards,Tyler Shough - Passing Yds,,Tyler Shough,41066844,under,246.5,-114,1.87719298245614,0.5327102803738317,open,,,2026-09-11T18:15:15Z,,,,,v3-forward-measurement
d24a855c-e97c-4a52-9c72-3be2545a5fe1,6d73c9be-f584-4341-8ff0-fe95a1ad35f5,2026-09-11T18:15:15Z,FanDuel Sportsbook structured market feed,,VA,NFL,35610168,New Orleans Saints @ Detroit Lions,2026-09-13T17:01:00.000Z,FanDuel,751.183819030,passing_touchdowns,Jared Goff - Passing TDs,,Jared Goff,12135315,over,1.5,-200,1.5,0.6666666666666666,open,,,2026-09-11T18:15:15Z,,,,,v3-forward-measurement
d24a855c-e97c-4a52-9c72-3be2545a5fe1,33994ca8-ebc6-4415-9499-795028fbf13c,2026-09-11T18:15:15Z,FanDuel Sportsbook structured market feed,,VA,NFL,35610168,New Orleans Saints @ Detroit Lions,2026-09-13T17:01:00.000Z,FanDuel,751.183819030,passing_touchdowns,Jared Goff - Passing TDs,,Jared Goff,12135314,under,1.5,148,2.48,0.4032258064516129,open,,,2026-09-11T18:15:15Z,,,,,v3-forward-measurement
d24a855c-e97c-4a52-9c72-3be2545a5fe1,23876c38-5f3f-4705-9fc6-7998de9c3007,2026-09-11T18:15:15Z,FanDuel Sportsbook structured market feed,,VA,NFL,35610168,New Orleans Saints @ Detroit Lions,2026-09-13T17:01:00.000Z,FanDuel,751.183818920,passing_touchdowns,Tyler Shough - Passing TDs,,Tyler Shough,41066836,over,1.5,128,2.28,0.43859649122807015,open,,,2026-09-11T18:15:15Z,,,,,v3-forward-measurement
d24a855c-e97c-4a52-9c72-3be2545a5fe1,85d45100-fc0f-48f1-87de-b455331022e9,2026-09-11T18:15:15Z,FanDuel Sportsbook structured market feed,,VA,NFL,35610168,New Orleans Saints @ Detroit Lions,2026-09-13T17:01:00.000Z,FanDuel,751.183818920,passing_touchdowns,Tyler Shough - Passing TDs,,Tyler Shough,41066844,under,1.5,-172,1.581395348837209,0.6323529411764706,open,,,2026-09-11T18:15:15Z,,,,,v3-forward-measurement
d24a855c-e97c-4a52-9c72-3be2545a5fe1,54062855-2fa9-4c67-97f7-32d8fe88083a,2026-09-11T18:15:15Z,FanDuel Sportsbook structured market feed,,VA,NFL,35610168,New Orleans Saints @ Detroit Lions,2026-09-13T17:01:00.000Z,FanDuel,751.183819023,passing_yards,Jared Goff - Passing Yds,,Jared Goff,12135315,over,261.5,-114,1.87719298245614,0.5327102803738317,open,,,2026-09-11T18:15:15Z,,,,,v3-forward-measurement
d24a855c-e97c-4a52-9c72-3be2545a5fe1,0c4659d3-2705-4fef-806a-42e6d1a51824,2026-09-11T18:15:15Z,FanDuel Sportsbook structured market feed,,VA,NFL,35610168,New Orleans Saints @ Detroit Lions,2026-09-13T17:01:00.000Z,FanDuel,751.183819023,passing_yards,Jared Goff - Passing Yds,,Jared Goff,12135314,under,261.5,-114,1.87719298245614,0.5327102803738317,open,,,2026-09-11T18:15:15Z,,,,,v3-forward-measurement
1a7653e1-bf0d-468f-9050-3ac855801aec,4747c9b0-f747-4bd7-8cb6-18fb5279be1a,2026-09-11T18:15:15Z,FanDuel Sportsbook structured market feed,,VA,NFL,35610168,New Orleans Saints @ Detroit Lions,2026-09-13T17:01:00.000Z,FanDuel,751.185249270,rushing_yards,Jared Goff - Rushing Yds,,Jared Goff,12135315,over,0.5,142,2.42,0.4132231404958678,open,,,2026-09-11T18:15:15Z,,,,,v3-forward-measurement
1a7653e1-bf0d-468f-9050-3ac855801aec,9e1c86c9-4fd1-484b-a73d-4fb18122574d,2026-09-11T18:15:15Z,FanDuel Sportsbook structured market feed,,VA,NFL,35610168,New Orleans Saints @ Detroit Lions,2026-09-13T17:01:00.000Z,FanDuel,751.185249270,rushing_yards,Jared Goff - Rushing Yds,,Jared Goff,12135314,under,0.5,-188,1.531914893617021,0.6527777777777778,open,,,2026-09-11T18:15:15Z,,,,,v3-forward-measurement
1a7653e1-bf0d-468f-9050-3ac855801aec,d6fd45e7-8b2d-417f-b794-b59134b46ca0,2026-09-11T18:15:15Z,FanDuel Sportsbook structured market feed,,VA,NFL,35610168,New Orleans Saints @ Detroit Lions,2026-09-13T17:01:00.000Z,FanDuel,751.183820190,rushing_yards,Travis Etienne - Rushing Yds,,Travis Etienne,16602553,over,56.5,-114,1.87719298245614,0.5327102803738317,open,,,2026-09-11T18:15:15Z,,,,,v3-forward-measurement
1a7653e1-bf0d-468f-9050-3ac855801aec,fa12a4d3-d846-4bbf-89c3-8433fb83d1a5,2026-09-11T18:15:15Z,FanDuel Sportsbook structured market feed,,VA,NFL,35610168,New Orleans Saints @ Detroit Lions,2026-09-13T17:01:00.000Z,FanDuel,751.183820190,rushing_yards,Travis Etienne - Rushing Yds,,Travis Etienne,16602554,under,56.5,-114,1.87719298245614,0.5327102803738317,open,,,2026-09-11T18:15:15Z,,,,,v3-forward-measurement
1a7653e1-bf0d-468f-9050-3ac855801aec,79f5620e-5589-410b-9916-7b4c03959754,2026-09-11T18:15:15Z,FanDuel Sportsbook structured market feed,,VA,NFL,35610168,New Orleans Saints @ Detroit Lions,2026-09-13T17:01:00.000Z,FanDuel,751.183820216,rushing_yards,Tyler Shough - Rushing Yds,,Tyler Shough,41066836,over,16.5,-114,1.87719298245614,0.5327102803738317,open,,,2026-09-11T18:15:15Z,,,,,v3-forward-measurement
1a7653e1-bf0d-468f-9050-3ac855801aec,2162f973-a9f1-4a6f-8041-d75b79319e16,2026-09-11T18:15:15Z,FanDuel Sportsbook structured market feed,,VA,NFL,35610168,New Orleans Saints @ Detroit Lions,2026-09-13T17:01:00.000Z,FanDuel,751.183820216,rushing_yards,Tyler Shough - Rushing Yds,,Tyler Shough,41066844,under,16.5,-114,1.87719298245614,0.5327102803738317,open,,,2026-09-11T18:15:15Z,,,,,v3-forward-measurement
1a7653e1-bf0d-468f-9050-3ac855801aec,9c2f66e0-0738-43cb-a42e-b5f23966c977,2026-09-11T18:15:15Z,FanDuel Sportsbook structured market feed,,VA,NFL,35610168,New Orleans Saints @ Detroit Lions,2026-09-13T17:01:00.000Z,FanDuel,751.183820188,rushing_yards,Jahmyr Gibbs - Rushing Yds,,Jahmyr Gibbs,41179952,over,83.5,-114,1.87719298245614,0.5327102803738317,open,,,2026-09-11T18:15:15Z,,,,,v3-forward-measurement
1a7653e1-bf0d-468f-9050-3ac855801aec,862b7831-2b80-42c9-a8a7-d2fc071ce8f8,2026-09-11T18:15:15Z,FanDuel Sportsbook structured market feed,,VA,NFL,35610168,New Orleans Saints @ Detroit Lions,2026-09-13T17:01:00.000Z,FanDuel,751.183820188,rushing_yards,Jahmyr Gibbs - Rushing Yds,,Jahmyr Gibbs,41179953,under,83.5,-114,1.87719298245614,0.5327102803738317,open,,,2026-09-11T18:15:15Z,,,,,v3-forward-measurement
2a3af221-cbfa-4a30-b5ba-f7c96bd80118,2acdae1a-dea2-4eb7-9770-975207a6c09f,2026-09-11T18:15:15Z,FanDuel Sportsbook structured market feed,,VA,NFL,35610168,New Orleans Saints @ Detroit Lions,2026-09-13T17:01:00.000Z,FanDuel,751.183821852,receiving_yards,Sam LaPorta - Receiving Yds,,Sam LaPorta,41154223,over,42.5,-114,1.87719298245614,0.5327102803738317,open,,,2026-09-11T18:15:15Z,,,,,v3-forward-measurement
2a3af221-cbfa-4a30-b5ba-f7c96bd80118,042c52f8-1267-441c-8766-7ddccdff7925,2026-09-11T18:15:15Z,FanDuel Sportsbook structured market feed,,VA,NFL,35610168,New Orleans Saints @ Detroit Lions,2026-09-13T17:01:00.000Z,FanDuel,751.183821852,receiving_yards,Sam LaPorta - Receiving Yds,,Sam LaPorta,41154224,under,42.5,-114,1.87719298245614,0.5327102803738317,open,,,2026-09-11T18:15:15Z,,,,,v3-forward-measurement
2a3af221-cbfa-4a30-b5ba-f7c96bd80118,8e9fa37a-4f8f-45da-9fbe-aacb592da84a,2026-09-11T18:15:15Z,FanDuel Sportsbook structured market feed,,VA,NFL,35610168,New Orleans Saints @ Detroit Lions,2026-09-13T17:01:00.000Z,FanDuel,751.183820463,receiving_yards,Chris Olave - Receiving Yds,,Chris Olave,41158858,over,76.5,-114,1.87719298245614,0.5327102803738317,open,,,2026-09-11T18:15:15Z,,,,,v3-forward-measurement
2a3af221-cbfa-4a30-b5ba-f7c96bd80118,fdb967e6-ebc3-46f1-b80c-413e0c5cd622,2026-09-11T18:15:15Z,FanDuel Sportsbook structured market feed,,VA,NFL,35610168,New Orleans Saints @ Detroit Lions,2026-09-13T17:01:00.000Z,FanDuel,751.183820463,receiving_yards,Chris Olave - Receiving Yds,,Chris Olave,41158859,under,76.5,-114,1.87719298245614,0.5327102803738317,open,,,2026-09-11T18:15:15Z,,,,,v3-forward-measurement
2a3af221-cbfa-4a30-b5ba-f7c96bd80118,844799d4-3974-4ee8-ad25-ab764c1e0929,2026-09-11T18:15:15Z,FanDuel Sportsbook structured market feed,,VA,NFL,35610168,New Orleans Saints @ Detroit Lions,2026-09-13T17:01:00.000Z,FanDuel,751.183820461,receiving_yards,Amon-Ra St. Brown - Receiving Yds,,Amon-Ra St. Brown,40891132,over,77.5,-114,1.87719298245614,0.5327102803738317,open,,,2026-09-11T18:15:15Z,,,,,v3-forward-measurement
2a3af221-cbfa-4a30-b5ba-f7c96bd80118,c04f2c67-a1d0-4920-9b5a-171754186c98,2026-09-11T18:15:15Z,FanDuel Sportsbook structured market feed,,VA,NFL,35610168,New Orleans Saints @ Detroit Lions,2026-09-13T17:01:00.000Z,FanDuel,751.183820461,receiving_yards,Amon-Ra St. Brown - Receiving Yds,,Amon-Ra St. Brown,40891131,under,77.5,-114,1.87719298245614,0.5327102803738317,open,,,2026-09-11T18:15:15Z,,,,,v3-forward-measurement
2a3af221-cbfa-4a30-b5ba-f7c96bd80118,c2da5c77-fa2c-4dc7-b44d-80c08126be2d,2026-09-11T18:15:15Z,FanDuel Sportsbook structured market feed,,VA,NFL,35610168,New Orleans Saints @ Detroit Lions,2026-09-13T17:01:00.000Z,FanDuel,751.184833686,receptions,Travis Etienne - Total Receptions,,Travis Etienne,16602553,over,2.5,-114,1.87719298245614,0.5327102803738317,open,,,2026-09-11T18:15:15Z,,,,,v3-forward-measurement
2a3af221-cbfa-4a30-b5ba-f7c96bd80118,65fdc603-e843-4e50-8bf3-056829b11ff4,2026-09-11T18:15:15Z,FanDuel Sportsbook structured market feed,,VA,NFL,35610168,New Orleans Saints @ Detroit Lions,2026-09-13T17:01:00.000Z,FanDuel,751.184833686,receptions,Travis Etienne - Total Receptions,,Travis Etienne,16602554,under,2.5,-114,1.87719298245614,0.5327102803738317,open,,,2026-09-11T18:15:15Z,,,,,v3-forward-measurement
2a3af221-cbfa-4a30-b5ba-f7c96bd80118,4f59a23e-bc6e-42a5-a8e6-99cc9288421c,2026-09-11T18:15:15Z,FanDuel Sportsbook structured market feed,,VA,NFL,35610168,New Orleans Saints @ Detroit Lions,2026-09-13T17:01:00.000Z,FanDuel,751.184833685,receiving_yards,Travis Etienne - Receiving Yds,,Travis Etienne,16602553,over,14.5,-114,1.87719298245614,0.5327102803738317,open,,,2026-09-11T18:15:15Z,,,,,v3-forward-measurement
2a3af221-cbfa-4a30-b5ba-f7c96bd80118,1abe5433-9931-4fcb-b21d-5a22387ec4a6,2026-09-11T18:15:15Z,FanDuel Sportsbook structured market feed,,VA,NFL,35610168,New Orleans Saints @ Detroit Lions,2026-09-13T17:01:00.000Z,FanDuel,751.184833685,receiving_yards,Travis Etienne - Receiving Yds,,Travis Etienne,16602554,under,14.5,-114,1.87719298245614,0.5327102803738317,open,,,2026-09-11T18:15:15Z,,,,,v3-forward-measurement
2a3af221-cbfa-4a30-b5ba-f7c96bd80118,59b0332c-f371-44ec-980b-ad9c8a4d5e3c,2026-09-11T18:15:15Z,FanDuel Sportsbook structured market feed,,VA,NFL,35610168,New Orleans Saints @ Detroit Lions,2026-09-13T17:01:00.000Z,FanDuel,751.183821854,receptions,Sam LaPorta - Total Receptions,,Sam LaPorta,41154223,over,3.5,-172,1.581395348837209,0.6323529411764706,open,,,2026-09-11T18:15:15Z,,,,,v3-forward-measurement
2a3af221-cbfa-4a30-b5ba-f7c96bd80118,9ab59c03-8874-490f-afab-5134fbbe88ce,2026-09-11T18:15:15Z,FanDuel Sportsbook structured market feed,,VA,NFL,35610168,New Orleans Saints @ Detroit Lions,2026-09-13T17:01:00.000Z,FanDuel,751.183821854,receptions,Sam LaPorta - Total Receptions,,Sam LaPorta,41154224,under,3.5,128,2.28,0.43859649122807015,open,,,2026-09-11T18:15:15Z,,,,,v3-forward-measurement
2a3af221-cbfa-4a30-b5ba-f7c96bd80118,11799ed6-e421-4d5b-a50b-ed00833c4e7d,2026-09-11T18:15:15Z,FanDuel Sportsbook structured market feed,,VA,NFL,35610168,New Orleans Saints @ Detroit Lions,2026-09-13T17:01:00.000Z,FanDuel,751.183820469,receptions,Chris Olave - Total Receptions,,Chris Olave,41158858,over,6.5,102,2.02,0.49504950495049505,open,,,2026-09-11T18:15:15Z,,,,,v3-forward-measurement
2a3af221-cbfa-4a30-b5ba-f7c96bd80118,1eb86da5-1702-4301-b01c-3590d925750a,2026-09-11T18:15:15Z,FanDuel Sportsbook structured market feed,,VA,NFL,35610168,New Orleans Saints @ Detroit Lions,2026-09-13T17:01:00.000Z,FanDuel,751.183820469,receptions,Chris Olave - Total Receptions,,Chris Olave,41158859,under,6.5,-136,1.735294117647059,0.576271186440678,open,,,2026-09-11T18:15:15Z,,,,,v3-forward-measurement
2a3af221-cbfa-4a30-b5ba-f7c96bd80118,63993273-b64a-4fd7-bdd9-3d10a354a85f,2026-09-11T18:15:15Z,FanDuel Sportsbook structured market feed,,VA,NFL,35610168,New Orleans Saints @ Detroit Lions,2026-09-13T17:01:00.000Z,FanDuel,751.184833180,receiving_yards,Isaac TeSlaa - Receiving Yds,,Isaac TeSlaa,60529877,over,17.5,-114,1.87719298245614,0.5327102803738317,open,,,2026-09-11T18:15:15Z,,,,,v3-forward-measurement
2a3af221-cbfa-4a30-b5ba-f7c96bd80118,bd4fc0e9-699b-4e16-98d5-2751efd3788c,2026-09-11T18:15:15Z,FanDuel Sportsbook structured market feed,,VA,NFL,35610168,New Orleans Saints @ Detroit Lions,2026-09-13T17:01:00.000Z,FanDuel,751.184833180,receiving_yards,Isaac TeSlaa - Receiving Yds,,Isaac TeSlaa,60529876,under,17.5,-114,1.87719298245614,0.5327102803738317,open,,,2026-09-11T18:15:15Z,,,,,v3-forward-measurement
2a3af221-cbfa-4a30-b5ba-f7c96bd80118,6aeea7b8-c3b9-4420-a432-b0dc85b8184c,2026-09-11T18:15:15Z,FanDuel Sportsbook structured market feed,,VA,NFL,35610168,New Orleans Saints @ Detroit Lions,2026-09-13T17:01:00.000Z,FanDuel,751.184833184,receptions,Isaac TeSlaa - Total Receptions,,Isaac TeSlaa,60529877,over,1.5,102,2.02,0.49504950495049505,open,,,2026-09-11T18:15:15Z,,,,,v3-forward-measurement
2a3af221-cbfa-4a30-b5ba-f7c96bd80118,127ceff3-b335-417e-badd-1249dea3be3d,2026-09-11T18:15:15Z,FanDuel Sportsbook structured market feed,,VA,NFL,35610168,New Orleans Saints @ Detroit Lions,2026-09-13T17:01:00.000Z,FanDuel,751.184833184,receptions,Isaac TeSlaa - Total Receptions,,Isaac TeSlaa,60529876,under,1.5,-136,1.735294117647059,0.576271186440678,open,,,2026-09-11T18:15:15Z,,,,,v3-forward-measurement
2a3af221-cbfa-4a30-b5ba-f7c96bd80118,69b075e9-beef-4a21-afc9-c97f8795d4eb,2026-09-11T18:15:15Z,FanDuel Sportsbook structured market feed,,VA,NFL,35610168,New Orleans Saints @ Detroit Lions,2026-09-13T17:01:00.000Z,FanDuel,751.184833515,receiving_yards,Devaughn Vele - Receiving Yds,,Devaughn Vele,41522434,over,39.5,-114,1.87719298245614,0.5327102803738317,open,,,2026-09-11T18:15:15Z,,,,,v3-forward-measurement
2a3af221-cbfa-4a30-b5ba-f7c96bd80118,835e73d7-8d6b-47a3-b270-48668c26072c,2026-09-11T18:15:15Z,FanDuel Sportsbook structured market feed,,VA,NFL,35610168,New Orleans Saints @ Detroit Lions,2026-09-13T17:01:00.000Z,FanDuel,751.184833515,receiving_yards,Devaughn Vele - Receiving Yds,,Devaughn Vele,41522432,under,39.5,-114,1.87719298245614,0.5327102803738317,open,,,2026-09-11T18:15:15Z,,,,,v3-forward-measurement
2a3af221-cbfa-4a30-b5ba-f7c96bd80118,758c7b7a-97a9-4fb5-a247-cdb1d311bb12,2026-09-11T18:15:15Z,FanDuel Sportsbook structured market feed,,VA,NFL,35610168,New Orleans Saints @ Detroit Lions,2026-09-13T17:01:00.000Z,FanDuel,751.183820475,receptions,Amon-Ra St. Brown - Total Receptions,,Amon-Ra St. Brown,40891132,over,6.5,-114,1.87719298245614,0.5327102803738317,open,,,2026-09-11T18:15:15Z,,,,,v3-forward-measurement
2a3af221-cbfa-4a30-b5ba-f7c96bd80118,74ce6b9c-3a51-4c4c-ae57-ebac2522037a,2026-09-11T18:15:15Z,FanDuel Sportsbook structured market feed,,VA,NFL,35610168,New Orleans Saints @ Detroit Lions,2026-09-13T17:01:00.000Z,FanDuel,751.183820475,receptions,Amon-Ra St. Brown - Total Receptions,,Amon-Ra St. Brown,40891131,under,6.5,-114,1.87719298245614,0.5327102803738317,open,,,2026-09-11T18:15:15Z,,,,,v3-forward-measurement
2a3af221-cbfa-4a30-b5ba-f7c96bd80118,57fa4b40-a465-4319-b1dc-11dbc2b884df,2026-09-11T18:15:15Z,FanDuel Sportsbook structured market feed,,VA,NFL,35610168,New Orleans Saints @ Detroit Lions,2026-09-13T17:01:00.000Z,FanDuel,751.184833513,receptions,Devaughn Vele - Total Receptions,,Devaughn Vele,41522434,over,3.5,-102,1.980392156862745,0.504950495049505,open,,,2026-09-11T18:15:15Z,,,,,v3-forward-measurement
2a3af221-cbfa-4a30-b5ba-f7c96bd80118,8261d589-2628-41bb-b990-d36caf4f121a,2026-09-11T18:15:15Z,FanDuel Sportsbook structured market feed,,VA,NFL,35610168,New Orleans Saints @ Detroit Lions,2026-09-13T17:01:00.000Z,FanDuel,751.184833513,receptions,Devaughn Vele - Total Receptions,,Devaughn Vele,41522432,under,3.5,-130,1.769230769230769,0.5652173913043478,open,,,2026-09-11T18:15:15Z,,,,,v3-forward-measurement
2a3af221-cbfa-4a30-b5ba-f7c96bd80118,cfad5c76-5ff2-42d1-8a32-2124f80300fb,2026-09-11T18:15:15Z,FanDuel Sportsbook structured market feed,,VA,NFL,35610168,New Orleans Saints @ Detroit Lions,2026-09-13T17:01:00.000Z,FanDuel,751.183820457,receiving_yards,Jameson Williams - Receiving Yds,,Jameson Williams,41172033,over,58.5,-114,1.87719298245614,0.5327102803738317,open,,,2026-09-11T18:15:15Z,,,,,v3-forward-measurement
2a3af221-cbfa-4a30-b5ba-f7c96bd80118,e00b4370-81ba-4344-8923-6d9d5c2c3d49,2026-09-11T18:15:15Z,FanDuel Sportsbook structured market feed,,VA,NFL,35610168,New Orleans Saints @ Detroit Lions,2026-09-13T17:01:00.000Z,FanDuel,751.183820457,receiving_yards,Jameson Williams - Receiving Yds,,Jameson Williams,41172032,under,58.5,-114,1.87719298245614,0.5327102803738317,open,,,2026-09-11T18:15:15Z,,,,,v3-forward-measurement
2a3af221-cbfa-4a30-b5ba-f7c96bd80118,8d55de52-be0b-4048-aabe-1ab890e1fd98,2026-09-11T18:15:15Z,FanDuel Sportsbook structured market feed,,VA,NFL,35610168,New Orleans Saints @ Detroit Lions,2026-09-13T17:01:00.000Z,FanDuel,751.183820831,receiving_yards,Juwan Johnson - Receiving Yds,,Juwan Johnson,40916525,over,42.5,-114,1.87719298245614,0.5327102803738317,open,,,2026-09-11T18:15:15Z,,,,,v3-forward-measurement
2a3af221-cbfa-4a30-b5ba-f7c96bd80118,ecf29db3-507d-4052-9185-bc473ad21d93,2026-09-11T18:15:15Z,FanDuel Sportsbook structured market feed,,VA,NFL,35610168,New Orleans Saints @ Detroit Lions,2026-09-13T17:01:00.000Z,FanDuel,751.183820831,receiving_yards,Juwan Johnson - Receiving Yds,,Juwan Johnson,40916523,under,42.5,-114,1.87719298245614,0.5327102803738317,open,,,2026-09-11T18:15:15Z,,,,,v3-forward-measurement
2a3af221-cbfa-4a30-b5ba-f7c96bd80118,9c9e6ddb-662b-43b5-bf2e-5d5ee865448a,2026-09-11T18:15:15Z,FanDuel Sportsbook structured market feed,,VA,NFL,35610168,New Orleans Saints @ Detroit Lions,2026-09-13T17:01:00.000Z,FanDuel,751.183820830,receptions,Juwan Johnson - Total Receptions,,Juwan Johnson,40916525,over,4.5,116,2.16,0.46296296296296297,open,,,2026-09-11T18:15:15Z,,,,,v3-forward-measurement
2a3af221-cbfa-4a30-b5ba-f7c96bd80118,c3d6954f-f2a3-4ad3-a30b-51c17ae67bc1,2026-09-11T18:15:15Z,FanDuel Sportsbook structured market feed,,VA,NFL,35610168,New Orleans Saints @ Detroit Lions,2026-09-13T17:01:00.000Z,FanDuel,751.183820830,receptions,Juwan Johnson - Total Receptions,,Juwan Johnson,40916523,under,4.5,-154,1.649350649350649,0.6062992125984252,open,,,2026-09-11T18:15:15Z,,,,,v3-forward-measurement
2a3af221-cbfa-4a30-b5ba-f7c96bd80118,aaac1465-e7a6-4539-ba99-2a663ebdf943,2026-09-11T18:15:15Z,FanDuel Sportsbook structured market feed,,VA,NFL,35610168,New Orleans Saints @ Detroit Lions,2026-09-13T17:01:00.000Z,FanDuel,751.183820459,receptions,Jameson Williams - Total Receptions,,Jameson Williams,41172033,over,3.5,-148,1.675675675675676,0.5967741935483871,open,,,2026-09-11T18:15:15Z,,,,,v3-forward-measurement
2a3af221-cbfa-4a30-b5ba-f7c96bd80118,000ddaf5-b60b-45d9-b543-6d7283562f9f,2026-09-11T18:15:15Z,FanDuel Sportsbook structured market feed,,VA,NFL,35610168,New Orleans Saints @ Detroit Lions,2026-09-13T17:01:00.000Z,FanDuel,751.183820459,receptions,Jameson Williams - Total Receptions,,Jameson Williams,41172032,under,3.5,112,2.12,0.4716981132075472,open,,,2026-09-11T18:15:15Z,,,,,v3-forward-measurement
2a3af221-cbfa-4a30-b5ba-f7c96bd80118,6d141fd7-1617-4637-bd10-8b34900120d3,2026-09-11T18:15:15Z,FanDuel Sportsbook structured market feed,,VA,NFL,35610168,New Orleans Saints @ Detroit Lions,2026-09-13T17:01:00.000Z,FanDuel,751.183836998,receiving_yards,Jahmyr Gibbs - Receiving Yds,,Jahmyr Gibbs,41179952,over,30.5,-114,1.87719298245614,0.5327102803738317,open,,,2026-09-11T18:15:15Z,,,,,v3-forward-measurement
2a3af221-cbfa-4a30-b5ba-f7c96bd80118,988661d6-b1e8-45a6-a266-922962ca7117,2026-09-11T18:15:15Z,FanDuel Sportsbook structured market feed,,VA,NFL,35610168,New Orleans Saints @ Detroit Lions,2026-09-13T17:01:00.000Z,FanDuel,751.183836998,receiving_yards,Jahmyr Gibbs - Receiving Yds,,Jahmyr Gibbs,41179953,under,30.5,-114,1.87719298245614,0.5327102803738317,open,,,2026-09-11T18:15:15Z,,,,,v3-forward-measurement
2a3af221-cbfa-4a30-b5ba-f7c96bd80118,5aec8af3-a634-4164-b6c7-b2f7fedd24e0,2026-09-11T18:15:15Z,FanDuel Sportsbook structured market feed,,VA,NFL,35610168,New Orleans Saints @ Detroit Lions,2026-09-13T17:01:00.000Z,FanDuel,751.183836997,receptions,Jahmyr Gibbs - Total Receptions,,Jahmyr Gibbs,41179952,over,4.5,120,2.2,0.45454545454545453,open,,,2026-09-11T18:15:15Z,,,,,v3-forward-measurement
2a3af221-cbfa-4a30-b5ba-f7c96bd80118,ec0cf324-8722-4ad0-938c-6a5a84ef267c,2026-09-11T18:15:15Z,FanDuel Sportsbook structured market feed,,VA,NFL,35610168,New Orleans Saints @ Detroit Lions,2026-09-13T17:01:00.000Z,FanDuel,751.183836997,receptions,Jahmyr Gibbs - Total Receptions,,Jahmyr Gibbs,41179953,under,4.5,-160,1.625,0.6153846153846154,open,,,2026-09-11T18:15:15Z,,,,,v3-forward-measurement
bfe2c949-f74a-4505-a754-952ec18e928f,8e349202-ac41-4360-862d-733158d5a309,2026-09-11T18:15:15Z,FanDuel Sportsbook structured market feed,,VA,NFL,35610170,Arizona Cardinals @ Los Angeles Chargers,2026-09-13T20:26:00.000Z,FanDuel,751.183978018,passing_yards,Jacoby Brissett - Passing Yds,,Jacoby Brissett,14942497,over,221.5,-114,1.87719298245614,0.5327102803738317,open,,,2026-09-11T18:15:15Z,,,,,v3-forward-measurement
bfe2c949-f74a-4505-a754-952ec18e928f,062d6bbd-f6d8-4619-99cd-763f846979e2,2026-09-11T18:15:15Z,FanDuel Sportsbook structured market feed,,VA,NFL,35610170,Arizona Cardinals @ Los Angeles Chargers,2026-09-13T20:26:00.000Z,FanDuel,751.183978018,passing_yards,Jacoby Brissett - Passing Yds,,Jacoby Brissett,14942498,under,221.5,-114,1.87719298245614,0.5327102803738317,open,,,2026-09-11T18:15:15Z,,,,,v3-forward-measurement
bfe2c949-f74a-4505-a754-952ec18e928f,2c9ece8d-bbd7-4332-9998-79fa26cfc15b,2026-09-11T18:15:15Z,FanDuel Sportsbook structured market feed,,VA,NFL,35610170,Arizona Cardinals @ Los Angeles Chargers,2026-09-13T20:26:00.000Z,FanDuel,751.183978078,passing_touchdowns,Justin Herbert - Passing TDs,,Justin Herbert,36175559,over,1.5,-210,1.476190476190476,0.6774193548387096,open,,,2026-09-11T18:15:15Z,,,,,v3-forward-measurement
bfe2c949-f74a-4505-a754-952ec18e928f,a4e9733c-32a4-4d99-a088-1793e30e406e,2026-09-11T18:15:15Z,FanDuel Sportsbook structured market feed,,VA,NFL,35610170,Arizona Cardinals @ Los Angeles Chargers,2026-09-13T20:26:00.000Z,FanDuel,751.183978078,passing_touchdowns,Justin Herbert - Passing TDs,,Justin Herbert,36175560,under,1.5,154,2.54,0.3937007874015748,open,,,2026-09-11T18:15:15Z,,,,,v3-forward-measurement
bfe2c949-f74a-4505-a754-952ec18e928f,8dd01adc-673c-428c-9bc4-9c64b24a3ce9,2026-09-11T18:15:15Z,FanDuel Sportsbook structured market feed,,VA,NFL,35610170,Arizona Cardinals @ Los Angeles Chargers,2026-09-13T20:26:00.000Z,FanDuel,751.183977990,passing_yards,Justin Herbert - Passing Yds,,Justin Herbert,36175559,over,233.5,-114,1.87719298245614,0.5327102803738317,open,,,2026-09-11T18:15:15Z,,,,,v3-forward-measurement
bfe2c949-f74a-4505-a754-952ec18e928f,aae664c2-a49d-46e8-8ca2-9f253c0793f8,2026-09-11T18:15:15Z,FanDuel Sportsbook structured market feed,,VA,NFL,35610170,Arizona Cardinals @ Los Angeles Chargers,2026-09-13T20:26:00.000Z,FanDuel,751.183977990,passing_yards,Justin Herbert - Passing Yds,,Justin Herbert,36175560,under,233.5,-114,1.87719298245614,0.5327102803738317,open,,,2026-09-11T18:15:15Z,,,,,v3-forward-measurement
bfe2c949-f74a-4505-a754-952ec18e928f,1f09ab73-167f-487c-af8e-d1ab3baa3bdb,2026-09-11T18:15:15Z,FanDuel Sportsbook structured market feed,,VA,NFL,35610170,Arizona Cardinals @ Los Angeles Chargers,2026-09-13T20:26:00.000Z,FanDuel,751.183978037,passing_touchdowns,Jacoby Brissett - Passing TDs,,Jacoby Brissett,14942497,over,1.5,148,2.48,0.4032258064516129,open,,,2026-09-11T18:15:15Z,,,,,v3-forward-measurement
bfe2c949-f74a-4505-a754-952ec18e928f,05820b5a-0e25-4201-a1c2-e9da321fbb95,2026-09-11T18:15:15Z,FanDuel Sportsbook structured market feed,,VA,NFL,35610170,Arizona Cardinals @ Los Angeles Chargers,2026-09-13T20:26:00.000Z,FanDuel,751.183978037,passing_touchdowns,Jacoby Brissett - Passing TDs,,Jacoby Brissett,14942498,under,1.5,-200,1.5,0.6666666666666666,open,,,2026-09-11T18:15:15Z,,,,,v3-forward-measurement
3826a621-0c0f-4062-83f5-b0f623eeb209,36884305-6cc7-487c-bb17-c05f2ed184fe,2026-09-11T18:15:15Z,FanDuel Sportsbook structured market feed,,VA,NFL,35610170,Arizona Cardinals @ Los Angeles Chargers,2026-09-13T20:26:00.000Z,FanDuel,751.185136845,rushing_yards,Justin Herbert - Rushing Yds,,Justin Herbert,36175559,over,19.5,-114,1.87719298245614,0.5327102803738317,open,,,2026-09-11T18:15:15Z,,,,,v3-forward-measurement
3826a621-0c0f-4062-83f5-b0f623eeb209,f80b9602-7203-460b-af36-293fb81ce347,2026-09-11T18:15:15Z,FanDuel Sportsbook structured market feed,,VA,NFL,35610170,Arizona Cardinals @ Los Angeles Chargers,2026-09-13T20:26:00.000Z,FanDuel,751.185136845,rushing_yards,Justin Herbert - Rushing Yds,,Justin Herbert,36175560,under,19.5,-114,1.87719298245614,0.5327102803738317,open,,,2026-09-11T18:15:15Z,,,,,v3-forward-measurement
3826a621-0c0f-4062-83f5-b0f623eeb209,d293fdbb-c7b3-4aaf-bb3e-46f1fb6ad033,2026-09-11T18:15:15Z,FanDuel Sportsbook structured market feed,,VA,NFL,35610170,Arizona Cardinals @ Los Angeles Chargers,2026-09-13T20:26:00.000Z,FanDuel,751.183978255,rushing_yards,Omarion Hampton - Rushing Yds,,Omarion Hampton,48691362,over,65.5,-114,1.87719298245614,0.5327102803738317,open,,,2026-09-11T18:15:15Z,,,,,v3-forward-measurement
3826a621-0c0f-4062-83f5-b0f623eeb209,9bfbed87-ea12-471b-bbb1-179e0dd8ae26,2026-09-11T18:15:15Z,FanDuel Sportsbook structured market feed,,VA,NFL,35610170,Arizona Cardinals @ Los Angeles Chargers,2026-09-13T20:26:00.000Z,FanDuel,751.183978255,rushing_yards,Omarion Hampton - Rushing Yds,,Omarion Hampton,48691363,under,65.5,-114,1.87719298245614,0.5327102803738317,open,,,2026-09-11T18:15:15Z,,,,,v3-forward-measurement
3826a621-0c0f-4062-83f5-b0f623eeb209,ac9e5195-eb8d-4bb1-ae7e-8333133a5b74,2026-09-11T18:15:15Z,FanDuel Sportsbook structured market feed,,VA,NFL,35610170,Arizona Cardinals @ Los Angeles Chargers,2026-09-13T20:26:00.000Z,FanDuel,751.183979621,rushing_yards,Jeremiyah Love - Rushing Yds,,Jeremiyah Love,102331515,over,39.5,-114,1.87719298245614,0.5327102803738317,open,,,2026-09-11T18:15:15Z,,,,,v3-forward-measurement
3826a621-0c0f-4062-83f5-b0f623eeb209,5ffba84c-aaa2-46f1-a4e8-031615d20547,2026-09-11T18:15:15Z,FanDuel Sportsbook structured market feed,,VA,NFL,35610170,Arizona Cardinals @ Los Angeles Chargers,2026-09-13T20:26:00.000Z,FanDuel,751.183979621,rushing_yards,Jeremiyah Love - Rushing Yds,,Jeremiyah Love,102331514,under,39.5,-114,1.87719298245614,0.5327102803738317,open,,,2026-09-11T18:15:15Z,,,,,v3-forward-measurement
3826a621-0c0f-4062-83f5-b0f623eeb209,38074ee5-d650-4ee1-b377-6b931e912547,2026-09-11T18:15:15Z,FanDuel Sportsbook structured market feed,,VA,NFL,35610170,Arizona Cardinals @ Los Angeles Chargers,2026-09-13T20:26:00.000Z,FanDuel,751.183979619,rushing_yards,Tyler Allgeier - Rushing Yds,,Tyler Allgeier,41171925,over,28.5,-114,1.87719298245614,0.5327102803738317,open,,,2026-09-11T18:15:15Z,,,,,v3-forward-measurement
3826a621-0c0f-4062-83f5-b0f623eeb209,f3cc9eaf-bd6e-4a49-b5dc-4e722bb8699a,2026-09-11T18:15:15Z,FanDuel Sportsbook structured market feed,,VA,NFL,35610170,Arizona Cardinals @ Los Angeles Chargers,2026-09-13T20:26:00.000Z,FanDuel,751.183979619,rushing_yards,Tyler Allgeier - Rushing Yds,,Tyler Allgeier,41171924,under,28.5,-114,1.87719298245614,0.5327102803738317,open,,,2026-09-11T18:15:15Z,,,,,v3-forward-measurement
3826a621-0c0f-4062-83f5-b0f623eeb209,006b4956-c081-415f-be6e-654c68f0ba3d,2026-09-11T18:15:15Z,FanDuel Sportsbook structured market feed,,VA,NFL,35610170,Arizona Cardinals @ Los Angeles Chargers,2026-09-13T20:26:00.000Z,FanDuel,751.185191462,rushing_yards,Jacoby Brissett - Rushing Yds,,Jacoby Brissett,14942497,over,10.5,-114,1.87719298245614,0.5327102803738317,open,,,2026-09-11T18:15:15Z,,,,,v3-forward-measurement
3826a621-0c0f-4062-83f5-b0f623eeb209,2314e4d3-9d05-4b7f-adc2-5353ab087b01,2026-09-11T18:15:15Z,FanDuel Sportsbook structured market feed,,VA,NFL,35610170,Arizona Cardinals @ Los Angeles Chargers,2026-09-13T20:26:00.000Z,FanDuel,751.185191462,rushing_yards,Jacoby Brissett - Rushing Yds,,Jacoby Brissett,14942498,under,10.5,-114,1.87719298245614,0.5327102803738317,open,,,2026-09-11T18:15:15Z,,,,,v3-forward-measurement
36379a20-0922-4ce0-af41-997e0c23280c,fb2714fe-409e-4f22-afb3-b9f9d798ab80,2026-09-11T18:15:15Z,FanDuel Sportsbook structured market feed,,VA,NFL,35610170,Arizona Cardinals @ Los Angeles Chargers,2026-09-13T20:26:00.000Z,FanDuel,751.185256085,receiving_yards,Jeremiyah Love - Receiving Yds,,Jeremiyah Love,102331515,over,15.5,-114,1.87719298245614,0.5327102803738317,open,,,2026-09-11T18:15:15Z,,,,,v3-forward-measurement
36379a20-0922-4ce0-af41-997e0c23280c,4ab11ab9-2f1e-4648-b68f-30b06100843b,2026-09-11T18:15:15Z,FanDuel Sportsbook structured market feed,,VA,NFL,35610170,Arizona Cardinals @ Los Angeles Chargers,2026-09-13T20:26:00.000Z,FanDuel,751.185256085,receiving_yards,Jeremiyah Love - Receiving Yds,,Jeremiyah Love,102331514,under,15.5,-114,1.87719298245614,0.5327102803738317,open,,,2026-09-11T18:15:15Z,,,,,v3-forward-measurement
36379a20-0922-4ce0-af41-997e0c23280c,1938a135-278d-485f-83df-ad7dee247cfd,2026-09-11T18:15:15Z,FanDuel Sportsbook structured market feed,,VA,NFL,35610170,Arizona Cardinals @ Los Angeles Chargers,2026-09-13T20:26:00.000Z,FanDuel,751.185256044,receptions,Jeremiyah Love - Total Receptions,,Jeremiyah Love,102331515,over,2.5,120,2.2,0.45454545454545453,open,,,2026-09-11T18:15:15Z,,,,,v3-forward-measurement
36379a20-0922-4ce0-af41-997e0c23280c,997f13c3-2ac2-4ea8-95a2-4b2230e7fb07,2026-09-11T18:15:15Z,FanDuel Sportsbook structured market feed,,VA,NFL,35610170,Arizona Cardinals @ Los Angeles Chargers,2026-09-13T20:26:00.000Z,FanDuel,751.185256044,receptions,Jeremiyah Love - Total Receptions,,Jeremiyah Love,102331514,under,2.5,-160,1.625,0.6153846153846154,open,,,2026-09-11T18:15:15Z,,,,,v3-forward-measurement
36379a20-0922-4ce0-af41-997e0c23280c,3c45ce65-265c-470a-a5c6-12cc0b24fb74,2026-09-11T18:15:15Z,FanDuel Sportsbook structured market feed,,VA,NFL,35610170,Arizona Cardinals @ Los Angeles Chargers,2026-09-13T20:26:00.000Z,FanDuel,751.185256046,receptions,Kendrick Bourne - Total Receptions,,Kendrick Bourne,27362690,over,2.5,144,2.44,0.4098360655737705,open,,,2026-09-11T18:15:15Z,,,,,v3-forward-measurement
36379a20-0922-4ce0-af41-997e0c23280c,6d091319-fb2e-4a68-877f-f8652647b0a1,2026-09-11T18:15:15Z,FanDuel Sportsbook structured market feed,,VA,NFL,35610170,Arizona Cardinals @ Los Angeles Chargers,2026-09-13T20:26:00.000Z,FanDuel,751.185256046,receptions,Kendrick Bourne - Total Receptions,,Kendrick Bourne,27362691,under,2.5,-194,1.515463917525773,0.6598639455782312,open,,,2026-09-11T18:15:15Z,,,,,v3-forward-measurement
36379a20-0922-4ce0-af41-997e0c23280c,840514f0-2351-461d-8538-545b5904859a,2026-09-11T18:15:15Z,FanDuel Sportsbook structured market feed,,VA,NFL,35610170,Arizona Cardinals @ Los Angeles Chargers,2026-09-13T20:26:00.000Z,FanDuel,751.183981549,receptions,Michael Wilson - Total Receptions,,Michael Wilson,48289067,over,3.5,-122,1.819672131147541,0.5495495495495496,open,,,2026-09-11T18:15:15Z,,,,,v3-forward-measurement
36379a20-0922-4ce0-af41-997e0c23280c,9ee43744-1a14-4e6c-8ee3-cd8c50ee77b7,2026-09-11T18:15:15Z,FanDuel Sportsbook structured market feed,,VA,NFL,35610170,Arizona Cardinals @ Los Angeles Chargers,2026-09-13T20:26:00.000Z,FanDuel,751.183981549,receptions,Michael Wilson - Total Receptions,,Michael Wilson,48289068,under,3.5,-108,1.925925925925926,0.5192307692307693,open,,,2026-09-11T18:15:15Z,,,,,v3-forward-measurement
36379a20-0922-4ce0-af41-997e0c23280c,44353196-17e4-449d-a362-3466f99e6eb8,2026-09-11T18:15:15Z,FanDuel Sportsbook structured market feed,,VA,NFL,35610170,Arizona Cardinals @ Los Angeles Chargers,2026-09-13T20:26:00.000Z,FanDuel,751.183981327,receiving_yards,Trey McBride - Receiving Yds,,Trey McBride,48613596,over,56.5,-114,1.87719298245614,0.5327102803738317,open,,,2026-09-11T18:15:15Z,,,,,v3-forward-measurement
36379a20-0922-4ce0-af41-997e0c23280c,18f65bab-54d6-4b56-9efe-3383653ec66b,2026-09-11T18:15:15Z,FanDuel Sportsbook structured market feed,,VA,NFL,35610170,Arizona Cardinals @ Los Angeles Chargers,2026-09-13T20:26:00.000Z,FanDuel,751.183981327,receiving_yards,Trey McBride - Receiving Yds,,Trey McBride,48613594,under,56.5,-114,1.87719298245614,0.5327102803738317,open,,,2026-09-11T18:15:15Z,,,,,v3-forward-measurement
36379a20-0922-4ce0-af41-997e0c23280c,5cb87c7f-a995-4eab-881c-6999dade7aff,2026-09-11T18:15:15Z,FanDuel Sportsbook structured market feed,,VA,NFL,35610170,Arizona Cardinals @ Los Angeles Chargers,2026-09-13T20:26:00.000Z,FanDuel,751.183981546,receiving_yards,Michael Wilson - Receiving Yds,,Michael Wilson,48289067,over,41.5,-114,1.87719298245614,0.5327102803738317,open,,,2026-09-11T18:15:15Z,,,,,v3-forward-measurement
36379a20-0922-4ce0-af41-997e0c23280c,be2c7fa8-fffb-4d5b-a77e-8c2519807155,2026-09-11T18:15:15Z,FanDuel Sportsbook structured market feed,,VA,NFL,35610170,Arizona Cardinals @ Los Angeles Chargers,2026-09-13T20:26:00.000Z,FanDuel,751.183981546,receiving_yards,Michael Wilson - Receiving Yds,,Michael Wilson,48289068,under,41.5,-114,1.87719298245614,0.5327102803738317,open,,,2026-09-11T18:15:15Z,,,,,v3-forward-measurement
36379a20-0922-4ce0-af41-997e0c23280c,070e2822-46ae-49a5-8648-17e27f58d4e2,2026-09-11T18:15:15Z,FanDuel Sportsbook structured market feed,,VA,NFL,35610170,Arizona Cardinals @ Los Angeles Chargers,2026-09-13T20:26:00.000Z,FanDuel,751.183980596,receptions,Tre Harris - Total Receptions,,Tre Harris,48012110,over,2.5,-102,1.980392156862745,0.504950495049505,open,,,2026-09-11T18:15:15Z,,,,,v3-forward-measurement
36379a20-0922-4ce0-af41-997e0c23280c,a2f39b66-8733-4700-8c4f-23373dc8ae8c,2026-09-11T18:15:15Z,FanDuel Sportsbook structured market feed,,VA,NFL,35610170,Arizona Cardinals @ Los Angeles Chargers,2026-09-13T20:26:00.000Z,FanDuel,751.183980596,receptions,Tre Harris - Total Receptions,,Tre Harris,48012111,under,2.5,-130,1.769230769230769,0.5652173913043478,open,,,2026-09-11T18:15:15Z,,,,,v3-forward-measurement
36379a20-0922-4ce0-af41-997e0c23280c,f42cd79b-ba2c-436c-a66f-ee1c873e2a63,2026-09-11T18:15:15Z,FanDuel Sportsbook structured market feed,,VA,NFL,35610170,Arizona Cardinals @ Los Angeles Chargers,2026-09-13T20:26:00.000Z,FanDuel,751.183980199,receiving_yards,Quentin Johnston - Receiving Yds,,Quentin Johnston,41161053,over,42.5,-114,1.87719298245614,0.5327102803738317,open,,,2026-09-11T18:15:15Z,,,,,v3-forward-measurement
36379a20-0922-4ce0-af41-997e0c23280c,e31bbae1-1c26-47f3-8539-6ec112bf0f20,2026-09-11T18:15:15Z,FanDuel Sportsbook structured market feed,,VA,NFL,35610170,Arizona Cardinals @ Los Angeles Chargers,2026-09-13T20:26:00.000Z,FanDuel,751.183980199,receiving_yards,Quentin Johnston - Receiving Yds,,Quentin Johnston,41161054,under,42.5,-114,1.87719298245614,0.5327102803738317,open,,,2026-09-11T18:15:15Z,,,,,v3-forward-measurement
36379a20-0922-4ce0-af41-997e0c23280c,b75da14d-f5cd-4a99-81e4-2bc6c1414521,2026-09-11T18:15:15Z,FanDuel Sportsbook structured market feed,,VA,NFL,35610170,Arizona Cardinals @ Los Angeles Chargers,2026-09-13T20:26:00.000Z,FanDuel,751.183981330,receptions,Trey McBride - Total Receptions,,Trey McBride,48613596,over,6.5,120,2.2,0.45454545454545453,open,,,2026-09-11T18:15:15Z,,,,,v3-forward-measurement
36379a20-0922-4ce0-af41-997e0c23280c,2ad5a27a-b84f-4956-8f78-276eed0a6ae3,2026-09-11T18:15:15Z,FanDuel Sportsbook structured market feed,,VA,NFL,35610170,Arizona Cardinals @ Los Angeles Chargers,2026-09-13T20:26:00.000Z,FanDuel,751.183981330,receptions,Trey McBride - Total Receptions,,Trey McBride,48613594,under,6.5,-160,1.625,0.6153846153846154,open,,,2026-09-11T18:15:15Z,,,,,v3-forward-measurement
36379a20-0922-4ce0-af41-997e0c23280c,37bb60ab-d93c-4dcf-829e-09ab7316454d,2026-09-11T18:15:15Z,FanDuel Sportsbook structured market feed,,VA,NFL,35610170,Arizona Cardinals @ Los Angeles Chargers,2026-09-13T20:26:00.000Z,FanDuel,751.185141305,receptions,Omarion Hampton - Total Receptions,,Omarion Hampton,48691362,over,2.5,124,2.24,0.44642857142857145,open,,,2026-09-11T18:15:15Z,,,,,v3-forward-measurement
36379a20-0922-4ce0-af41-997e0c23280c,37ba4ca6-e886-43cd-9661-415f24a1da28,2026-09-11T18:15:15Z,FanDuel Sportsbook structured market feed,,VA,NFL,35610170,Arizona Cardinals @ Los Angeles Chargers,2026-09-13T20:26:00.000Z,FanDuel,751.185141305,receptions,Omarion Hampton - Total Receptions,,Omarion Hampton,48691363,under,2.5,-166,1.602409638554217,0.6240601503759399,open,,,2026-09-11T18:15:15Z,,,,,v3-forward-measurement
36379a20-0922-4ce0-af41-997e0c23280c,8a72272e-acf2-4d17-8f30-5c8f7d484249,2026-09-11T18:15:15Z,FanDuel Sportsbook structured market feed,,VA,NFL,35610170,Arizona Cardinals @ Los Angeles Chargers,2026-09-13T20:26:00.000Z,FanDuel,751.185141300,receiving_yards,Omarion Hampton - Receiving Yds,,Omarion Hampton,48691362,over,12.5,-114,1.87719298245614,0.5327102803738317,open,,,2026-09-11T18:15:15Z,,,,,v3-forward-measurement
36379a20-0922-4ce0-af41-997e0c23280c,55eae63d-fe15-48b6-b3c4-2137255d2eed,2026-09-11T18:15:15Z,FanDuel Sportsbook structured market feed,,VA,NFL,35610170,Arizona Cardinals @ Los Angeles Chargers,2026-09-13T20:26:00.000Z,FanDuel,751.185141300,receiving_yards,Omarion Hampton - Receiving Yds,,Omarion Hampton,48691363,under,12.5,-114,1.87719298245614,0.5327102803738317,open,,,2026-09-11T18:15:15Z,,,,,v3-forward-measurement
36379a20-0922-4ce0-af41-997e0c23280c,637b6b8c-8d87-4320-a4b4-c788765d66a7,2026-09-11T18:15:15Z,FanDuel Sportsbook structured market feed,,VA,NFL,35610170,Arizona Cardinals @ Los Angeles Chargers,2026-09-13T20:26:00.000Z,FanDuel,751.185145960,receiving_yards,Charlie Kolar - Receiving Yds,,Charlie Kolar,41075122,over,17.5,-114,1.87719298245614,0.5327102803738317,open,,,2026-09-11T18:15:15Z,,,,,v3-forward-measurement
36379a20-0922-4ce0-af41-997e0c23280c,9c9fbc09-a7b7-461c-9569-a7321d222cbe,2026-09-11T18:15:15Z,FanDuel Sportsbook structured market feed,,VA,NFL,35610170,Arizona Cardinals @ Los Angeles Chargers,2026-09-13T20:26:00.000Z,FanDuel,751.185145960,receiving_yards,Charlie Kolar - Receiving Yds,,Charlie Kolar,41075124,under,17.5,-114,1.87719298245614,0.5327102803738317,open,,,2026-09-11T18:15:15Z,,,,,v3-forward-measurement
36379a20-0922-4ce0-af41-997e0c23280c,cf22e0b6-84e6-44d4-ba44-106f493928d5,2026-09-11T18:15:15Z,FanDuel Sportsbook structured market feed,,VA,NFL,35610170,Arizona Cardinals @ Los Angeles Chargers,2026-09-13T20:26:00.000Z,FanDuel,751.185145961,receptions,Charlie Kolar - Total Receptions,,Charlie Kolar,41075122,over,1.5,-172,1.581395348837209,0.6323529411764706,open,,,2026-09-11T18:15:15Z,,,,,v3-forward-measurement
36379a20-0922-4ce0-af41-997e0c23280c,d43779bd-9096-47e0-bf2b-77948ceee5ac,2026-09-11T18:15:15Z,FanDuel Sportsbook structured market feed,,VA,NFL,35610170,Arizona Cardinals @ Los Angeles Chargers,2026-09-13T20:26:00.000Z,FanDuel,751.185145961,receptions,Charlie Kolar - Total Receptions,,Charlie Kolar,41075124,under,1.5,128,2.28,0.43859649122807015,open,,,2026-09-11T18:15:15Z,,,,,v3-forward-measurement
36379a20-0922-4ce0-af41-997e0c23280c,2e5fbc6a-b953-418c-80fd-a6e89ac546a5,2026-09-11T18:15:15Z,FanDuel Sportsbook structured market feed,,VA,NFL,35610170,Arizona Cardinals @ Los Angeles Chargers,2026-09-13T20:26:00.000Z,FanDuel,751.185256031,receiving_yards,Kendrick Bourne - Receiving Yds,,Kendrick Bourne,27362690,over,18.5,-114,1.87719298245614,0.5327102803738317,open,,,2026-09-11T18:15:15Z,,,,,v3-forward-measurement
36379a20-0922-4ce0-af41-997e0c23280c,097aa3c8-f5f6-4c09-b3bb-5712d7ba972c,2026-09-11T18:15:15Z,FanDuel Sportsbook structured market feed,,VA,NFL,35610170,Arizona Cardinals @ Los Angeles Chargers,2026-09-13T20:26:00.000Z,FanDuel,751.185256031,receiving_yards,Kendrick Bourne - Receiving Yds,,Kendrick Bourne,27362691,under,18.5,-114,1.87719298245614,0.5327102803738317,open,,,2026-09-11T18:15:15Z,,,,,v3-forward-measurement
36379a20-0922-4ce0-af41-997e0c23280c,29a8e247-1583-4e33-93bd-80ca52753f3e,2026-09-11T18:15:15Z,FanDuel Sportsbook structured market feed,,VA,NFL,35610170,Arizona Cardinals @ Los Angeles Chargers,2026-09-13T20:26:00.000Z,FanDuel,751.183980009,receptions,Ladd McConkey - Total Receptions,,Ladd McConkey,42217173,over,4.5,-146,1.684931506849315,0.5934959349593496,open,,,2026-09-11T18:15:15Z,,,,,v3-forward-measurement
36379a20-0922-4ce0-af41-997e0c23280c,38fcd698-5cb3-4f57-b437-65ed33f1542d,2026-09-11T18:15:15Z,FanDuel Sportsbook structured market feed,,VA,NFL,35610170,Arizona Cardinals @ Los Angeles Chargers,2026-09-13T20:26:00.000Z,FanDuel,751.183980009,receptions,Ladd McConkey - Total Receptions,,Ladd McConkey,42217172,under,4.5,110,2.1,0.47619047619047616,open,,,2026-09-11T18:15:15Z,,,,,v3-forward-measurement
36379a20-0922-4ce0-af41-997e0c23280c,0cb36745-573d-4e69-9fe1-36568de77c22,2026-09-11T18:15:15Z,FanDuel Sportsbook structured market feed,,VA,NFL,35610170,Arizona Cardinals @ Los Angeles Chargers,2026-09-13T20:26:00.000Z,FanDuel,751.183981338,receiving_yards,Marvin Harrison Jr. - Receiving Yds,,Marvin Harrison Jr.,48048067,over,47.5,-114,1.87719298245614,0.5327102803738317,open,,,2026-09-11T18:15:15Z,,,,,v3-forward-measurement
36379a20-0922-4ce0-af41-997e0c23280c,de2dec18-a12a-42d9-9d05-6724a2d601da,2026-09-11T18:15:15Z,FanDuel Sportsbook structured market feed,,VA,NFL,35610170,Arizona Cardinals @ Los Angeles Chargers,2026-09-13T20:26:00.000Z,FanDuel,751.183981338,receiving_yards,Marvin Harrison Jr. - Receiving Yds,,Marvin Harrison Jr.,48048065,under,47.5,-114,1.87719298245614,0.5327102803738317,open,,,2026-09-11T18:15:15Z,,,,,v3-forward-measurement
36379a20-0922-4ce0-af41-997e0c23280c,b8e71df3-4d3b-40ea-8002-db60fa198438,2026-09-11T18:15:15Z,FanDuel Sportsbook structured market feed,,VA,NFL,35610170,Arizona Cardinals @ Los Angeles Chargers,2026-09-13T20:26:00.000Z,FanDuel,751.183980600,receiving_yards,Tre Harris - Receiving Yds,,Tre Harris,48012110,over,26.5,-114,1.87719298245614,0.5327102803738317,open,,,2026-09-11T18:15:15Z,,,,,v3-forward-measurement
36379a20-0922-4ce0-af41-997e0c23280c,bf1d8a1e-7ca0-4308-89bc-a996727dfbf2,2026-09-11T18:15:15Z,FanDuel Sportsbook structured market feed,,VA,NFL,35610170,Arizona Cardinals @ Los Angeles Chargers,2026-09-13T20:26:00.000Z,FanDuel,751.183980600,receiving_yards,Tre Harris - Receiving Yds,,Tre Harris,48012111,under,26.5,-114,1.87719298245614,0.5327102803738317,open,,,2026-09-11T18:15:15Z,,,,,v3-forward-measurement
36379a20-0922-4ce0-af41-997e0c23280c,897a98e8-ecb9-4885-a70f-38f54556d34a,2026-09-11T18:15:15Z,FanDuel Sportsbook structured market feed,,VA,NFL,35610170,Arizona Cardinals @ Los Angeles Chargers,2026-09-13T20:26:00.000Z,FanDuel,751.183981337,receptions,Marvin Harrison Jr. - Total Receptions,,Marvin Harrison Jr.,48048067,over,3.5,-154,1.649350649350649,0.6062992125984252,open,,,2026-09-11T18:15:15Z,,,,,v3-forward-measurement
36379a20-0922-4ce0-af41-997e0c23280c,4d4faa3c-2d8c-4e67-8abc-4dc98c990f00,2026-09-11T18:15:15Z,FanDuel Sportsbook structured market feed,,VA,NFL,35610170,Arizona Cardinals @ Los Angeles Chargers,2026-09-13T20:26:00.000Z,FanDuel,751.183981337,receptions,Marvin Harrison Jr. - Total Receptions,,Marvin Harrison Jr.,48048065,under,3.5,116,2.16,0.46296296296296297,open,,,2026-09-11T18:15:15Z,,,,,v3-forward-measurement
36379a20-0922-4ce0-af41-997e0c23280c,a71518dc-c26d-4119-b78d-58b1f6946cc4,2026-09-11T18:15:15Z,FanDuel Sportsbook structured market feed,,VA,NFL,35610170,Arizona Cardinals @ Los Angeles Chargers,2026-09-13T20:26:00.000Z,FanDuel,751.183980004,receiving_yards,Ladd McConkey - Receiving Yds,,Ladd McConkey,42217173,over,56.5,-114,1.87719298245614,0.5327102803738317,open,,,2026-09-11T18:15:15Z,,,,,v3-forward-measurement
36379a20-0922-4ce0-af41-997e0c23280c,09b8e6e3-39fe-4507-8253-b7c85ff3aba9,2026-09-11T18:15:15Z,FanDuel Sportsbook structured market feed,,VA,NFL,35610170,Arizona Cardinals @ Los Angeles Chargers,2026-09-13T20:26:00.000Z,FanDuel,751.183980004,receiving_yards,Ladd McConkey - Receiving Yds,,Ladd McConkey,42217172,under,56.5,-114,1.87719298245614,0.5327102803738317,open,,,2026-09-11T18:15:15Z,,,,,v3-forward-measurement
36379a20-0922-4ce0-af41-997e0c23280c,82c55baf-6736-4da8-a1ca-cf8978e97734,2026-09-11T18:15:15Z,FanDuel Sportsbook structured market feed,,VA,NFL,35610170,Arizona Cardinals @ Los Angeles Chargers,2026-09-13T20:26:00.000Z,FanDuel,751.183980203,receptions,Quentin Johnston - Total Receptions,,Quentin Johnston,41161053,over,3.5,116,2.16,0.46296296296296297,open,,,2026-09-11T18:15:15Z,,,,,v3-forward-measurement
36379a20-0922-4ce0-af41-997e0c23280c,488f0edb-73d9-40c6-934e-24213e1c9652,2026-09-11T18:15:15Z,FanDuel Sportsbook structured market feed,,VA,NFL,35610170,Arizona Cardinals @ Los Angeles Chargers,2026-09-13T20:26:00.000Z,FanDuel,751.183980203,receptions,Quentin Johnston - Total Receptions,,Quentin Johnston,41161054,under,3.5,-154,1.649350649350649,0.6062992125984252,open,,,2026-09-11T18:15:15Z,,,,,v3-forward-measurement
77709df6-6e4d-460a-9506-51212a7d4a56,a37a128b-a2cf-4e73-8a6e-bf73839bfc55,2026-09-11T18:15:15Z,FanDuel Sportsbook structured market feed,,VA,NFL,35610171,Green Bay Packers @ Minnesota Vikings,2026-09-13T20:25:00.000Z,FanDuel,751.183656583,passing_yards,Kyler Murray - Passing Yds,,Kyler Murray,25938060,over,221.5,-114,1.87719298245614,0.5327102803738317,open,,,2026-09-11T18:15:15Z,,,,,v3-forward-measurement
77709df6-6e4d-460a-9506-51212a7d4a56,67ff4e3a-5bbb-46a1-aff3-91ca3b670b69,2026-09-11T18:15:15Z,FanDuel Sportsbook structured market feed,,VA,NFL,35610171,Green Bay Packers @ Minnesota Vikings,2026-09-13T20:25:00.000Z,FanDuel,751.183656583,passing_yards,Kyler Murray - Passing Yds,,Kyler Murray,25938061,under,221.5,-114,1.87719298245614,0.5327102803738317,open,,,2026-09-11T18:15:15Z,,,,,v3-forward-measurement
77709df6-6e4d-460a-9506-51212a7d4a56,b5525d7e-b5a1-4742-b825-e50b45ab9714,2026-09-11T18:15:15Z,FanDuel Sportsbook structured market feed,,VA,NFL,35610171,Green Bay Packers @ Minnesota Vikings,2026-09-13T20:25:00.000Z,FanDuel,751.183656650,passing_touchdowns,Jordan Love - Passing TDs,,Jordan Love,40916512,over,1.5,100,2,0.5,open,,,2026-09-11T18:15:15Z,,,,,v3-forward-measurement
77709df6-6e4d-460a-9506-51212a7d4a56,2e3c85cf-7676-441a-99e0-9e75f492c1f4,2026-09-11T18:15:15Z,FanDuel Sportsbook structured market feed,,VA,NFL,35610171,Green Bay Packers @ Minnesota Vikings,2026-09-13T20:25:00.000Z,FanDuel,751.183656650,passing_touchdowns,Jordan Love - Passing TDs,,Jordan Love,40916527,under,1.5,-132,1.757575757575758,0.5689655172413793,open,,,2026-09-11T18:15:15Z,,,,,v3-forward-measurement
77709df6-6e4d-460a-9506-51212a7d4a56,351518b2-7c5e-4d52-8ad9-80e388bd45b6,2026-09-11T18:15:15Z,FanDuel Sportsbook structured market feed,,VA,NFL,35610171,Green Bay Packers @ Minnesota Vikings,2026-09-13T20:25:00.000Z,FanDuel,751.183656664,passing_touchdowns,Kyler Murray - Passing TDs,,Kyler Murray,25938060,over,1.5,116,2.16,0.46296296296296297,open,,,2026-09-11T18:15:15Z,,,,,v3-forward-measurement
77709df6-6e4d-460a-9506-51212a7d4a56,fc41759c-73d1-4b73-88b8-8ecc941c7afa,2026-09-11T18:15:15Z,FanDuel Sportsbook structured market feed,,VA,NFL,35610171,Green Bay Packers @ Minnesota Vikings,2026-09-13T20:25:00.000Z,FanDuel,751.183656664,passing_touchdowns,Kyler Murray - Passing TDs,,Kyler Murray,25938061,under,1.5,-154,1.649350649350649,0.6062992125984252,open,,,2026-09-11T18:15:15Z,,,,,v3-forward-measurement
77709df6-6e4d-460a-9506-51212a7d4a56,6f302d62-9e4d-4364-a9d7-453fb9c0feb7,2026-09-11T18:15:15Z,FanDuel Sportsbook structured market feed,,VA,NFL,35610171,Green Bay Packers @ Minnesota Vikings,2026-09-13T20:25:00.000Z,FanDuel,751.183656679,passing_yards,Jordan Love - Passing Yds,,Jordan Love,40916512,over,242.5,-114,1.87719298245614,0.5327102803738317,open,,,2026-09-11T18:15:15Z,,,,,v3-forward-measurement
77709df6-6e4d-460a-9506-51212a7d4a56,55f0cf93-2881-4757-a74b-c0e1df5905e9,2026-09-11T18:15:15Z,FanDuel Sportsbook structured market feed,,VA,NFL,35610171,Green Bay Packers @ Minnesota Vikings,2026-09-13T20:25:00.000Z,FanDuel,751.183656679,passing_yards,Jordan Love - Passing Yds,,Jordan Love,40916527,under,242.5,-114,1.87719298245614,0.5327102803738317,open,,,2026-09-11T18:15:15Z,,,,,v3-forward-measurement
a9bac43e-7e2e-40af-af87-31e6ac545d71,6cfbc0e1-187e-44f9-adb0-2184b4f19b54,2026-09-11T18:15:15Z,FanDuel Sportsbook structured market feed,,VA,NFL,35610171,Green Bay Packers @ Minnesota Vikings,2026-09-13T20:25:00.000Z,FanDuel,751.183658211,rushing_yards,Jordan Mason - Rushing Yds,,Jordan Mason,48820678,over,43.5,-114,1.87719298245614,0.5327102803738317,open,,,2026-09-11T18:15:15Z,,,,,v3-forward-measurement
a9bac43e-7e2e-40af-af87-31e6ac545d71,6ee6a1c6-a4f4-4e73-9f2f-16e378b13796,2026-09-11T18:15:15Z,FanDuel Sportsbook structured market feed,,VA,NFL,35610171,Green Bay Packers @ Minnesota Vikings,2026-09-13T20:25:00.000Z,FanDuel,751.183658211,rushing_yards,Jordan Mason - Rushing Yds,,Jordan Mason,48820677,under,43.5,-114,1.87719298245614,0.5327102803738317,open,,,2026-09-11T18:15:15Z,,,,,v3-forward-measurement
a9bac43e-7e2e-40af-af87-31e6ac545d71,5f88c2f7-86c2-4279-a27f-7648ba6fe5b4,2026-09-11T18:15:15Z,FanDuel Sportsbook structured market feed,,VA,NFL,35610171,Green Bay Packers @ Minnesota Vikings,2026-09-13T20:25:00.000Z,FanDuel,751.183658226,rushing_yards,Kyler Murray - Rushing Yds,,Kyler Murray,25938060,over,22.5,-114,1.87719298245614,0.5327102803738317,open,,,2026-09-11T18:15:15Z,,,,,v3-forward-measurement
a9bac43e-7e2e-40af-af87-31e6ac545d71,bfb84e12-6aa2-4bc7-ba25-c1696f9b3a38,2026-09-11T18:15:15Z,FanDuel Sportsbook structured market feed,,VA,NFL,35610171,Green Bay Packers @ Minnesota Vikings,2026-09-13T20:25:00.000Z,FanDuel,751.183658226,rushing_yards,Kyler Murray - Rushing Yds,,Kyler Murray,25938061,under,22.5,-114,1.87719298245614,0.5327102803738317,open,,,2026-09-11T18:15:15Z,,,,,v3-forward-measurement
a9bac43e-7e2e-40af-af87-31e6ac545d71,f7ae2120-b5d0-4e94-9f3d-518d0e4a8771,2026-09-11T18:15:15Z,FanDuel Sportsbook structured market feed,,VA,NFL,35610171,Green Bay Packers @ Minnesota Vikings,2026-09-13T20:25:00.000Z,FanDuel,751.183658229,rushing_yards,Jordan Love - Rushing Yds,,Jordan Love,40916512,over,10.5,-114,1.87719298245614,0.5327102803738317,open,,,2026-09-11T18:15:15Z,,,,,v3-forward-measurement
a9bac43e-7e2e-40af-af87-31e6ac545d71,7c736b80-f25a-4837-9ea0-3f51c968b7f8,2026-09-11T18:15:15Z,FanDuel Sportsbook structured market feed,,VA,NFL,35610171,Green Bay Packers @ Minnesota Vikings,2026-09-13T20:25:00.000Z,FanDuel,751.183658229,rushing_yards,Jordan Love - Rushing Yds,,Jordan Love,40916527,under,10.5,-114,1.87719298245614,0.5327102803738317,open,,,2026-09-11T18:15:15Z,,,,,v3-forward-measurement
a9bac43e-7e2e-40af-af87-31e6ac545d71,cb7986e6-3b6c-4fb5-b3d0-9bff4e02ed5d,2026-09-11T18:15:15Z,FanDuel Sportsbook structured market feed,,VA,NFL,35610171,Green Bay Packers @ Minnesota Vikings,2026-09-13T20:25:00.000Z,FanDuel,751.183902562,rushing_yards,MarShawn Lloyd - Rushing Yds,,MarShawn Lloyd,48300723,over,43.5,-114,1.87719298245614,0.5327102803738317,open,,,2026-09-11T18:15:15Z,,,,,v3-forward-measurement
a9bac43e-7e2e-40af-af87-31e6ac545d71,21cbe63f-0619-4e71-82c4-effc45908f0c,2026-09-11T18:15:15Z,FanDuel Sportsbook structured market feed,,VA,NFL,35610171,Green Bay Packers @ Minnesota Vikings,2026-09-13T20:25:00.000Z,FanDuel,751.183902562,rushing_yards,MarShawn Lloyd - Rushing Yds,,MarShawn Lloyd,48300722,under,43.5,-114,1.87719298245614,0.5327102803738317,open,,,2026-09-11T18:15:15Z,,,,,v3-forward-measurement
a9bac43e-7e2e-40af-af87-31e6ac545d71,02a2d53f-b321-4b3a-9c60-5ca36bebf1ad,2026-09-11T18:15:15Z,FanDuel Sportsbook structured market feed,,VA,NFL,35610171,Green Bay Packers @ Minnesota Vikings,2026-09-13T20:25:00.000Z,FanDuel,751.183658228,rushing_yards,Aaron Jones - Rushing Yds,,Aaron Jones,15353380,over,29.5,-114,1.87719298245614,0.5327102803738317,open,,,2026-09-11T18:15:15Z,,,,,v3-forward-measurement
a9bac43e-7e2e-40af-af87-31e6ac545d71,46de8867-4464-4ef3-8678-70242fb52598,2026-09-11T18:15:15Z,FanDuel Sportsbook structured market feed,,VA,NFL,35610171,Green Bay Packers @ Minnesota Vikings,2026-09-13T20:25:00.000Z,FanDuel,751.183658228,rushing_yards,Aaron Jones - Rushing Yds,,Aaron Jones,15353381,under,29.5,-114,1.87719298245614,0.5327102803738317,open,,,2026-09-11T18:15:15Z,,,,,v3-forward-measurement
53f74958-bc13-4737-b65f-4349f21b0579,d3b803e3-befb-4b6e-9591-2ab9f0ed103d,2026-09-11T18:15:15Z,FanDuel Sportsbook structured market feed,,VA,NFL,35610171,Green Bay Packers @ Minnesota Vikings,2026-09-13T20:25:00.000Z,FanDuel,751.183658221,receptions,Tucker Kraft - Total Receptions,,Tucker Kraft,60409170,over,3.5,-172,1.581395348837209,0.6323529411764706,open,,,2026-09-11T18:15:15Z,,,,,v3-forward-measurement
53f74958-bc13-4737-b65f-4349f21b0579,2891b99f-d412-45fa-a582-480028bdfeb1,2026-09-11T18:15:15Z,FanDuel Sportsbook structured market feed,,VA,NFL,35610171,Green Bay Packers @ Minnesota Vikings,2026-09-13T20:25:00.000Z,FanDuel,751.183658221,receptions,Tucker Kraft - Total Receptions,,Tucker Kraft,60409164,under,3.5,128,2.28,0.43859649122807015,open,,,2026-09-11T18:15:15Z,,,,,v3-forward-measurement
53f74958-bc13-4737-b65f-4349f21b0579,4bf14ba1-dbfb-4b07-ab65-92b7dadc1c72,2026-09-11T18:15:15Z,FanDuel Sportsbook structured market feed,,VA,NFL,35610171,Green Bay Packers @ Minnesota Vikings,2026-09-13T20:25:00.000Z,FanDuel,751.183658220,receiving_yards,Christian Watson - Receiving Yds,,Christian Watson,48400051,over,55.5,-114,1.87719298245614,0.5327102803738317,open,,,2026-09-11T18:15:15Z,,,,,v3-forward-measurement
53f74958-bc13-4737-b65f-4349f21b0579,7630dfb7-8759-4993-8e9a-5256e68e9dc4,2026-09-11T18:15:15Z,FanDuel Sportsbook structured market feed,,VA,NFL,35610171,Green Bay Packers @ Minnesota Vikings,2026-09-13T20:25:00.000Z,FanDuel,751.183658220,receiving_yards,Christian Watson - Receiving Yds,,Christian Watson,48400052,under,55.5,-114,1.87719298245614,0.5327102803738317,open,,,2026-09-11T18:15:15Z,,,,,v3-forward-measurement
53f74958-bc13-4737-b65f-4349f21b0579,550c6813-1654-4afc-a5f5-4e1ef58b2c13,2026-09-11T18:15:15Z,FanDuel Sportsbook structured market feed,,VA,NFL,35610171,Green Bay Packers @ Minnesota Vikings,2026-09-13T20:25:00.000Z,FanDuel,751.183658222,receptions,Christian Watson - Total Receptions,,Christian Watson,48400051,over,3.5,-178,1.561797752808989,0.6402877697841727,open,,,2026-09-11T18:15:15Z,,,,,v3-forward-measurement
53f74958-bc13-4737-b65f-4349f21b0579,6f53f5bb-c281-4411-bcc0-ab54b99c4468,2026-09-11T18:15:15Z,FanDuel Sportsbook structured market feed,,VA,NFL,35610171,Green Bay Packers @ Minnesota Vikings,2026-09-13T20:25:00.000Z,FanDuel,751.183658222,receptions,Christian Watson - Total Receptions,,Christian Watson,48400052,under,3.5,132,2.32,0.43103448275862066,open,,,2026-09-11T18:15:15Z,,,,,v3-forward-measurement
53f74958-bc13-4737-b65f-4349f21b0579,f3215834-36b9-46ee-bec8-a6519fcc03eb,2026-09-11T18:15:15Z,FanDuel Sportsbook structured market feed,,VA,NFL,35610171,Green Bay Packers @ Minnesota Vikings,2026-09-13T20:25:00.000Z,FanDuel,751.183658225,receptions,Matthew Golden - Total Receptions,,Matthew Golden,48504748,over,3.5,-102,1.980392156862745,0.504950495049505,open,,,2026-09-11T18:15:15Z,,,,,v3-forward-measurement
53f74958-bc13-4737-b65f-4349f21b0579,7ffaf0b4-59b1-43e7-b40d-b2228cbe0495,2026-09-11T18:15:15Z,FanDuel Sportsbook structured market feed,,VA,NFL,35610171,Green Bay Packers @ Minnesota Vikings,2026-09-13T20:25:00.000Z,FanDuel,751.183658225,receptions,Matthew Golden - Total Receptions,,Matthew Golden,48504749,under,3.5,-130,1.769230769230769,0.5652173913043478,open,,,2026-09-11T18:15:15Z,,,,,v3-forward-measurement
53f74958-bc13-4737-b65f-4349f21b0579,c1c006b9-3a9b-4bd4-8de7-405ce0a5960e,2026-09-11T18:15:15Z,FanDuel Sportsbook structured market feed,,VA,NFL,35610171,Green Bay Packers @ Minnesota Vikings,2026-09-13T20:25:00.000Z,FanDuel,751.183658227,receiving_yards,Justin Jefferson - Receiving Yds,,Justin Jefferson,36057836,over,73.5,-114,1.87719298245614,0.5327102803738317,open,,,2026-09-11T18:15:15Z,,,,,v3-forward-measurement
53f74958-bc13-4737-b65f-4349f21b0579,ef72e70e-f88e-4710-92f7-d6b7561e7a67,2026-09-11T18:15:15Z,FanDuel Sportsbook structured market feed,,VA,NFL,35610171,Green Bay Packers @ Minnesota Vikings,2026-09-13T20:25:00.000Z,FanDuel,751.183658227,receiving_yards,Justin Jefferson - Receiving Yds,,Justin Jefferson,36057837,under,73.5,-114,1.87719298245614,0.5327102803738317,open,,,2026-09-11T18:15:15Z,,,,,v3-forward-measurement
53f74958-bc13-4737-b65f-4349f21b0579,05dd626f-7696-40d4-96a4-b2618d772922,2026-09-11T18:15:15Z,FanDuel Sportsbook structured market feed,,VA,NFL,35610171,Green Bay Packers @ Minnesota Vikings,2026-09-13T20:25:00.000Z,FanDuel,751.185143472,receptions,Aaron Jones - Total Receptions,,Aaron Jones,15353380,over,2.5,-120,1.833333333333333,0.5454545454545454,open,,,2026-09-11T18:15:15Z,,,,,v3-forward-measurement
53f74958-bc13-4737-b65f-4349f21b0579,67cc7a2b-fbab-4822-b192-3b096b98874b,2026-09-11T18:15:15Z,FanDuel Sportsbook structured market feed,,VA,NFL,35610171,Green Bay Packers @ Minnesota Vikings,2026-09-13T20:25:00.000Z,FanDuel,751.185143472,receptions,Aaron Jones - Total Receptions,,Aaron Jones,15353381,under,2.5,-110,1.909090909090909,0.5238095238095238,open,,,2026-09-11T18:15:15Z,,,,,v3-forward-measurement
53f74958-bc13-4737-b65f-4349f21b0579,76aa4152-6668-424f-afad-36cf3ee5c199,2026-09-11T18:15:15Z,FanDuel Sportsbook structured market feed,,VA,NFL,35610171,Green Bay Packers @ Minnesota Vikings,2026-09-13T20:25:00.000Z,FanDuel,751.183658232,receiving_yards,Tucker Kraft - Receiving Yds,,Tucker Kraft,60409170,over,45.5,-114,1.87719298245614,0.5327102803738317,open,,,2026-09-11T18:15:15Z,,,,,v3-forward-measurement
53f74958-bc13-4737-b65f-4349f21b0579,cd51d815-368a-4002-8ce1-29c101b25e38,2026-09-11T18:15:15Z,FanDuel Sportsbook structured market feed,,VA,NFL,35610171,Green Bay Packers @ Minnesota Vikings,2026-09-13T20:25:00.000Z,FanDuel,751.183658232,receiving_yards,Tucker Kraft - Receiving Yds,,Tucker Kraft,60409164,under,45.5,-114,1.87719298245614,0.5327102803738317,open,,,2026-09-11T18:15:15Z,,,,,v3-forward-measurement
53f74958-bc13-4737-b65f-4349f21b0579,f3d2ca59-a5bf-4b69-8149-4e22817334e2,2026-09-11T18:15:15Z,FanDuel Sportsbook structured market feed,,VA,NFL,35610171,Green Bay Packers @ Minnesota Vikings,2026-09-13T20:25:00.000Z,FanDuel,751.183658231,receiving_yards,Matthew Golden - Receiving Yds,,Matthew Golden,48504748,over,39.5,-114,1.87719298245614,0.5327102803738317,open,,,2026-09-11T18:15:15Z,,,,,v3-forward-measurement
53f74958-bc13-4737-b65f-4349f21b0579,03a68845-8287-454f-ad11-f286feffd1e7,2026-09-11T18:15:15Z,FanDuel Sportsbook structured market feed,,VA,NFL,35610171,Green Bay Packers @ Minnesota Vikings,2026-09-13T20:25:00.000Z,FanDuel,751.183658231,receiving_yards,Matthew Golden - Receiving Yds,,Matthew Golden,48504749,under,39.5,-114,1.87719298245614,0.5327102803738317,open,,,2026-09-11T18:15:15Z,,,,,v3-forward-measurement
53f74958-bc13-4737-b65f-4349f21b0579,e4bfe782-88b1-4c58-b99c-fce1a8283101,2026-09-11T18:15:15Z,FanDuel Sportsbook structured market feed,,VA,NFL,35610171,Green Bay Packers @ Minnesota Vikings,2026-09-13T20:25:00.000Z,FanDuel,751.183658233,receptions,Jauan Jennings - Total Receptions,,Jauan Jennings,40913497,over,2.5,134,2.34,0.42735042735042733,open,,,2026-09-11T18:15:15Z,,,,,v3-forward-measurement
53f74958-bc13-4737-b65f-4349f21b0579,acfcd51c-97c8-42e7-a4c7-0a7efa73cfcf,2026-09-11T18:15:15Z,FanDuel Sportsbook structured market feed,,VA,NFL,35610171,Green Bay Packers @ Minnesota Vikings,2026-09-13T20:25:00.000Z,FanDuel,751.183658233,receptions,Jauan Jennings - Total Receptions,,Jauan Jennings,40913496,under,2.5,-180,1.555555555555556,0.6428571428571429,open,,,2026-09-11T18:15:15Z,,,,,v3-forward-measurement
53f74958-bc13-4737-b65f-4349f21b0579,d5d29910-ec99-4bbb-a8d9-1a1d4bfaa7bb,2026-09-11T18:15:15Z,FanDuel Sportsbook structured market feed,,VA,NFL,35610171,Green Bay Packers @ Minnesota Vikings,2026-09-13T20:25:00.000Z,FanDuel,751.183658235,receiving_yards,Jordan Addison - Receiving Yds,,Jordan Addison,41179872,over,42.5,-114,1.87719298245614,0.5327102803738317,open,,,2026-09-11T18:15:15Z,,,,,v3-forward-measurement
53f74958-bc13-4737-b65f-4349f21b0579,6589deaf-8073-43bf-a364-45faf2f69bca,2026-09-11T18:15:15Z,FanDuel Sportsbook structured market feed,,VA,NFL,35610171,Green Bay Packers @ Minnesota Vikings,2026-09-13T20:25:00.000Z,FanDuel,751.183658235,receiving_yards,Jordan Addison - Receiving Yds,,Jordan Addison,41179871,under,42.5,-114,1.87719298245614,0.5327102803738317,open,,,2026-09-11T18:15:15Z,,,,,v3-forward-measurement
53f74958-bc13-4737-b65f-4349f21b0579,b7905be4-1844-4bf6-8537-b70991cfae51,2026-09-11T18:15:15Z,FanDuel Sportsbook structured market feed,,VA,NFL,35610171,Green Bay Packers @ Minnesota Vikings,2026-09-13T20:25:00.000Z,FanDuel,751.185143469,receiving_yards,Aaron Jones - Receiving Yds,,Aaron Jones,15353380,over,14.5,-114,1.87719298245614,0.5327102803738317,open,,,2026-09-11T18:15:15Z,,,,,v3-forward-measurement
53f74958-bc13-4737-b65f-4349f21b0579,d2c3b3d8-24ae-4c98-b3b5-7256ff11e68a,2026-09-11T18:15:15Z,FanDuel Sportsbook structured market feed,,VA,NFL,35610171,Green Bay Packers @ Minnesota Vikings,2026-09-13T20:25:00.000Z,FanDuel,751.185143469,receiving_yards,Aaron Jones - Receiving Yds,,Aaron Jones,15353381,under,14.5,-114,1.87719298245614,0.5327102803738317,open,,,2026-09-11T18:15:15Z,,,,,v3-forward-measurement
53f74958-bc13-4737-b65f-4349f21b0579,64170241-d164-4b23-ae44-510fcf32aac8,2026-09-11T18:15:15Z,FanDuel Sportsbook structured market feed,,VA,NFL,35610171,Green Bay Packers @ Minnesota Vikings,2026-09-13T20:25:00.000Z,FanDuel,751.185076858,receiving_yards,MarShawn Lloyd - Receiving Yds,,MarShawn Lloyd,48300723,over,10.5,-114,1.87719298245614,0.5327102803738317,open,,,2026-09-11T18:15:15Z,,,,,v3-forward-measurement
53f74958-bc13-4737-b65f-4349f21b0579,843e97b6-57be-4d8c-bc41-f31d92ad76c3,2026-09-11T18:15:15Z,FanDuel Sportsbook structured market feed,,VA,NFL,35610171,Green Bay Packers @ Minnesota Vikings,2026-09-13T20:25:00.000Z,FanDuel,751.185076858,receiving_yards,MarShawn Lloyd - Receiving Yds,,MarShawn Lloyd,48300722,under,10.5,-114,1.87719298245614,0.5327102803738317,open,,,2026-09-11T18:15:15Z,,,,,v3-forward-measurement
53f74958-bc13-4737-b65f-4349f21b0579,4c4e98c1-7785-4551-a32e-b3980ca23bd1,2026-09-11T18:15:15Z,FanDuel Sportsbook structured market feed,,VA,NFL,35610171,Green Bay Packers @ Minnesota Vikings,2026-09-13T20:25:00.000Z,FanDuel,751.185076854,receptions,MarShawn Lloyd - Total Receptions,,MarShawn Lloyd,48300723,over,1.5,-158,1.632911392405063,0.6124031007751938,open,,,2026-09-11T18:15:15Z,,,,,v3-forward-measurement
53f74958-bc13-4737-b65f-4349f21b0579,497be263-3485-49b2-a661-6ce4e0d0a9bf,2026-09-11T18:15:15Z,FanDuel Sportsbook structured market feed,,VA,NFL,35610171,Green Bay Packers @ Minnesota Vikings,2026-09-13T20:25:00.000Z,FanDuel,751.185076854,receptions,MarShawn Lloyd - Total Receptions,,MarShawn Lloyd,48300722,under,1.5,118,2.18,0.45871559633027525,open,,,2026-09-11T18:15:15Z,,,,,v3-forward-measurement
53f74958-bc13-4737-b65f-4349f21b0579,7287ee93-a7b4-4ef3-9459-d2a275c72787,2026-09-11T18:15:15Z,FanDuel Sportsbook structured market feed,,VA,NFL,35610171,Green Bay Packers @ Minnesota Vikings,2026-09-13T20:25:00.000Z,FanDuel,751.183658209,receiving_yards,Jauan Jennings - Receiving Yds,,Jauan Jennings,40913497,over,22.5,-114,1.87719298245614,0.5327102803738317,open,,,2026-09-11T18:15:15Z,,,,,v3-forward-measurement
53f74958-bc13-4737-b65f-4349f21b0579,28bf0dfe-6324-4414-88a7-93dbb3bc67b1,2026-09-11T18:15:15Z,FanDuel Sportsbook structured market feed,,VA,NFL,35610171,Green Bay Packers @ Minnesota Vikings,2026-09-13T20:25:00.000Z,FanDuel,751.183658209,receiving_yards,Jauan Jennings - Receiving Yds,,Jauan Jennings,40913496,under,22.5,-114,1.87719298245614,0.5327102803738317,open,,,2026-09-11T18:15:15Z,,,,,v3-forward-measurement
53f74958-bc13-4737-b65f-4349f21b0579,e63295d8-1f84-4af3-a9f1-f0db18bdf22f,2026-09-11T18:15:15Z,FanDuel Sportsbook structured market feed,,VA,NFL,35610171,Green Bay Packers @ Minnesota Vikings,2026-09-13T20:25:00.000Z,FanDuel,751.183658214,receptions,Jayden Reed - Total Receptions,,Jayden Reed,40975117,over,3.5,-102,1.980392156862745,0.504950495049505,open,,,2026-09-11T18:15:15Z,,,,,v3-forward-measurement
53f74958-bc13-4737-b65f-4349f21b0579,de5f1386-035e-47c4-a1b3-e0b9f8cf25b7,2026-09-11T18:15:15Z,FanDuel Sportsbook structured market feed,,VA,NFL,35610171,Green Bay Packers @ Minnesota Vikings,2026-09-13T20:25:00.000Z,FanDuel,751.183658214,receptions,Jayden Reed - Total Receptions,,Jayden Reed,40975114,under,3.5,-130,1.769230769230769,0.5652173913043478,open,,,2026-09-11T18:15:15Z,,,,,v3-forward-measurement
53f74958-bc13-4737-b65f-4349f21b0579,5e6110c2-0a99-48c5-9a57-2c907821f0ae,2026-09-11T18:15:15Z,FanDuel Sportsbook structured market feed,,VA,NFL,35610171,Green Bay Packers @ Minnesota Vikings,2026-09-13T20:25:00.000Z,FanDuel,751.183658215,receptions,Justin Jefferson - Total Receptions,,Justin Jefferson,36057836,over,5.5,-148,1.675675675675676,0.5967741935483871,open,,,2026-09-11T18:15:15Z,,,,,v3-forward-measurement
53f74958-bc13-4737-b65f-4349f21b0579,ee34b176-da13-4968-91d0-0c66895090c0,2026-09-11T18:15:15Z,FanDuel Sportsbook structured market feed,,VA,NFL,35610171,Green Bay Packers @ Minnesota Vikings,2026-09-13T20:25:00.000Z,FanDuel,751.183658215,receptions,Justin Jefferson - Total Receptions,,Justin Jefferson,36057837,under,5.5,112,2.12,0.4716981132075472,open,,,2026-09-11T18:15:15Z,,,,,v3-forward-measurement
53f74958-bc13-4737-b65f-4349f21b0579,e8daddbb-caa5-4ec2-b919-e016c0a734b3,2026-09-11T18:15:15Z,FanDuel Sportsbook structured market feed,,VA,NFL,35610171,Green Bay Packers @ Minnesota Vikings,2026-09-13T20:25:00.000Z,FanDuel,751.183877949,receiving_yards,T.J. Hockenson - Receiving Yds,,T.J. Hockenson,26049039,over,27.5,-114,1.87719298245614,0.5327102803738317,open,,,2026-09-11T18:15:15Z,,,,,v3-forward-measurement
53f74958-bc13-4737-b65f-4349f21b0579,63ff2c5f-ef57-4af0-9f3b-4335edb4c493,2026-09-11T18:15:15Z,FanDuel Sportsbook structured market feed,,VA,NFL,35610171,Green Bay Packers @ Minnesota Vikings,2026-09-13T20:25:00.000Z,FanDuel,751.183877949,receiving_yards,T.J. Hockenson - Receiving Yds,,T.J. Hockenson,26049040,under,27.5,-114,1.87719298245614,0.5327102803738317,open,,,2026-09-11T18:15:15Z,,,,,v3-forward-measurement
53f74958-bc13-4737-b65f-4349f21b0579,3bf736e9-7fa6-41a5-81af-96b4eed1039e,2026-09-11T18:15:15Z,FanDuel Sportsbook structured market feed,,VA,NFL,35610171,Green Bay Packers @ Minnesota Vikings,2026-09-13T20:25:00.000Z,FanDuel,751.183658218,receiving_yards,Jayden Reed - Receiving Yds,,Jayden Reed,40975117,over,39.5,-114,1.87719298245614,0.5327102803738317,open,,,2026-09-11T18:15:15Z,,,,,v3-forward-measurement
53f74958-bc13-4737-b65f-4349f21b0579,8be2442c-7358-4947-a784-e1f757fdea7e,2026-09-11T18:15:15Z,FanDuel Sportsbook structured market feed,,VA,NFL,35610171,Green Bay Packers @ Minnesota Vikings,2026-09-13T20:25:00.000Z,FanDuel,751.183658218,receiving_yards,Jayden Reed - Receiving Yds,,Jayden Reed,40975114,under,39.5,-114,1.87719298245614,0.5327102803738317,open,,,2026-09-11T18:15:15Z,,,,,v3-forward-measurement
53f74958-bc13-4737-b65f-4349f21b0579,5766da54-a20e-46b9-8bb5-4d920e2c3731,2026-09-11T18:15:15Z,FanDuel Sportsbook structured market feed,,VA,NFL,35610171,Green Bay Packers @ Minnesota Vikings,2026-09-13T20:25:00.000Z,FanDuel,751.183658217,receptions,Jordan Addison - Total Receptions,,Jordan Addison,41179872,over,3.5,102,2.02,0.49504950495049505,open,,,2026-09-11T18:15:15Z,,,,,v3-forward-measurement
53f74958-bc13-4737-b65f-4349f21b0579,cdfa37c1-1012-4477-890a-d728e811307b,2026-09-11T18:15:15Z,FanDuel Sportsbook structured market feed,,VA,NFL,35610171,Green Bay Packers @ Minnesota Vikings,2026-09-13T20:25:00.000Z,FanDuel,751.183658217,receptions,Jordan Addison - Total Receptions,,Jordan Addison,41179871,under,3.5,-136,1.735294117647059,0.576271186440678,open,,,2026-09-11T18:15:15Z,,,,,v3-forward-measurement
53f74958-bc13-4737-b65f-4349f21b0579,602de8f6-8a15-4a94-85c5-0dc4ff201fb0,2026-09-11T18:15:15Z,FanDuel Sportsbook structured market feed,,VA,NFL,35610171,Green Bay Packers @ Minnesota Vikings,2026-09-13T20:25:00.000Z,FanDuel,751.183877947,receptions,T.J. Hockenson - Total Receptions,,T.J. Hockenson,26049039,over,3.5,-108,1.925925925925926,0.5192307692307693,open,,,2026-09-11T18:15:15Z,,,,,v3-forward-measurement
53f74958-bc13-4737-b65f-4349f21b0579,f46b29f0-b54d-4d60-86dd-d2dbd18bcc0d,2026-09-11T18:15:15Z,FanDuel Sportsbook structured market feed,,VA,NFL,35610171,Green Bay Packers @ Minnesota Vikings,2026-09-13T20:25:00.000Z,FanDuel,751.183877947,receptions,T.J. Hockenson - Total Receptions,,T.J. Hockenson,26049040,under,3.5,-122,1.819672131147541,0.5495495495495496,open,,,2026-09-11T18:15:15Z,,,,,v3-forward-measurement
1c1e5f3e-9b3a-46e3-9d4d-14f76d525e9c,328f8029-7e90-4a4a-9ec9-f78bacc3a1fa,2026-09-11T18:15:15Z,FanDuel Sportsbook structured market feed,,VA,NFL,35610190,Baltimore Ravens @ Indianapolis Colts,2026-09-13T17:01:00.000Z,FanDuel,751.183833515,passing_touchdowns,Lamar Jackson - Passing TDs,,Lamar Jackson,16579679,over,1.5,-106,1.943396226415094,0.5145631067961165,open,,,2026-09-11T18:15:15Z,,,,,v3-forward-measurement
1c1e5f3e-9b3a-46e3-9d4d-14f76d525e9c,830c8f72-8f23-42c4-ab71-e638c99ca360,2026-09-11T18:15:15Z,FanDuel Sportsbook structured market feed,,VA,NFL,35610190,Baltimore Ravens @ Indianapolis Colts,2026-09-13T17:01:00.000Z,FanDuel,751.183833515,passing_touchdowns,Lamar Jackson - Passing TDs,,Lamar Jackson,16579680,under,1.5,-125,1.8,0.5555555555555556,open,,,2026-09-11T18:15:15Z,,,,,v3-forward-measurement
1c1e5f3e-9b3a-46e3-9d4d-14f76d525e9c,80b12174-94b6-45f4-b8b3-cfd73ccb52b0,2026-09-11T18:15:15Z,FanDuel Sportsbook structured market feed,,VA,NFL,35610190,Baltimore Ravens @ Indianapolis Colts,2026-09-13T17:01:00.000Z,FanDuel,751.183833360,passing_yards,Lamar Jackson - Passing Yds,,Lamar Jackson,16579679,over,220.5,-114,1.87719298245614,0.5327102803738317,open,,,2026-09-11T18:15:15Z,,,,,v3-forward-measurement
1c1e5f3e-9b3a-46e3-9d4d-14f76d525e9c,80d25e5b-a2d9-48fd-b5e6-a309d84ff862,2026-09-11T18:15:15Z,FanDuel Sportsbook structured market feed,,VA,NFL,35610190,Baltimore Ravens @ Indianapolis Colts,2026-09-13T17:01:00.000Z,FanDuel,751.183833360,passing_yards,Lamar Jackson - Passing Yds,,Lamar Jackson,16579680,under,220.5,-114,1.87719298245614,0.5327102803738317,open,,,2026-09-11T18:15:15Z,,,,,v3-forward-measurement
1c1e5f3e-9b3a-46e3-9d4d-14f76d525e9c,311a9e88-f896-439a-9c53-89475f6755fa,2026-09-11T18:15:15Z,FanDuel Sportsbook structured market feed,,VA,NFL,35610190,Baltimore Ravens @ Indianapolis Colts,2026-09-13T17:01:00.000Z,FanDuel,751.183833466,passing_touchdowns,Daniel Jones - Passing TDs,,Daniel Jones,16544555,over,1.5,130,2.3,0.43478260869565216,open,,,2026-09-11T18:15:15Z,,,,,v3-forward-measurement
1c1e5f3e-9b3a-46e3-9d4d-14f76d525e9c,c4c0806a-edbf-496d-b4ab-3dd69a1635aa,2026-09-11T18:15:15Z,FanDuel Sportsbook structured market feed,,VA,NFL,35610190,Baltimore Ravens @ Indianapolis Colts,2026-09-13T17:01:00.000Z,FanDuel,751.183833466,passing_touchdowns,Daniel Jones - Passing TDs,,Daniel Jones,16544556,under,1.5,-174,1.574712643678161,0.635036496350365,open,,,2026-09-11T18:15:15Z,,,,,v3-forward-measurement
1c1e5f3e-9b3a-46e3-9d4d-14f76d525e9c,9699226e-6c7a-4cc9-8a55-bdc1ce6dc7fd,2026-09-11T18:15:15Z,FanDuel Sportsbook structured market feed,,VA,NFL,35610190,Baltimore Ravens @ Indianapolis Colts,2026-09-13T17:01:00.000Z,FanDuel,751.183833467,passing_yards,Daniel Jones - Passing Yds,,Daniel Jones,16544555,over,233.5,-114,1.87719298245614,0.5327102803738317,open,,,2026-09-11T18:15:15Z,,,,,v3-forward-measurement
1c1e5f3e-9b3a-46e3-9d4d-14f76d525e9c,9c63412d-00a6-41e5-a762-fd265b0d2175,2026-09-11T18:15:15Z,FanDuel Sportsbook structured market feed,,VA,NFL,35610190,Baltimore Ravens @ Indianapolis Colts,2026-09-13T17:01:00.000Z,FanDuel,751.183833467,passing_yards,Daniel Jones - Passing Yds,,Daniel Jones,16544556,under,233.5,-114,1.87719298245614,0.5327102803738317,open,,,2026-09-11T18:15:15Z,,,,,v3-forward-measurement
db7c9d6e-2f5d-4cf4-8013-cf57fe1dd3fc,38e71776-9da9-452e-b743-3a3386ed621e,2026-09-11T18:15:15Z,FanDuel Sportsbook structured market feed,,VA,NFL,35610190,Baltimore Ravens @ Indianapolis Colts,2026-09-13T17:01:00.000Z,FanDuel,751.185140881,rushing_yards,Daniel Jones - Rushing Yds,,Daniel Jones,16544555,over,12.5,-114,1.87719298245614,0.5327102803738317,open,,,2026-09-11T18:15:15Z,,,,,v3-forward-measurement
db7c9d6e-2f5d-4cf4-8013-cf57fe1dd3fc,6ef6de87-bfde-4b02-9498-fd71f58e95af,2026-09-11T18:15:15Z,FanDuel Sportsbook structured market feed,,VA,NFL,35610190,Baltimore Ravens @ Indianapolis Colts,2026-09-13T17:01:00.000Z,FanDuel,751.185140881,rushing_yards,Daniel Jones - Rushing Yds,,Daniel Jones,16544556,under,12.5,-114,1.87719298245614,0.5327102803738317,open,,,2026-09-11T18:15:15Z,,,,,v3-forward-measurement
db7c9d6e-2f5d-4cf4-8013-cf57fe1dd3fc,9a364ff6-b519-4c0a-af45-5e18d5e52b02,2026-09-11T18:15:15Z,FanDuel Sportsbook structured market feed,,VA,NFL,35610190,Baltimore Ravens @ Indianapolis Colts,2026-09-13T17:01:00.000Z,FanDuel,751.183835471,rushing_yards,Derrick Henry - Rushing Yds,,Derrick Henry,12073825,over,80.5,-114,1.87719298245614,0.5327102803738317,open,,,2026-09-11T18:15:15Z,,,,,v3-forward-measurement
db7c9d6e-2f5d-4cf4-8013-cf57fe1dd3fc,85ba9d22-cdde-4ad6-b734-be4707e446ff,2026-09-11T18:15:15Z,FanDuel Sportsbook structured market feed,,VA,NFL,35610190,Baltimore Ravens @ Indianapolis Colts,2026-09-13T17:01:00.000Z,FanDuel,751.183835471,rushing_yards,Derrick Henry - Rushing Yds,,Derrick Henry,12073826,under,80.5,-114,1.87719298245614,0.5327102803738317,open,,,2026-09-11T18:15:15Z,,,,,v3-forward-measurement
db7c9d6e-2f5d-4cf4-8013-cf57fe1dd3fc,789cf1bb-06c7-4ec6-bd39-d1c8d39f6cd9,2026-09-11T18:15:15Z,FanDuel Sportsbook structured market feed,,VA,NFL,35610190,Baltimore Ravens @ Indianapolis Colts,2026-09-13T17:01:00.000Z,FanDuel,751.185182537,rushing_yards,Justice Hill - Rushing Yds,,Justice Hill,16552642,over,8.5,-114,1.87719298245614,0.5327102803738317,open,,,2026-09-11T18:15:15Z,,,,,v3-forward-measurement
db7c9d6e-2f5d-4cf4-8013-cf57fe1dd3fc,3cb68cfe-ef5d-4574-8662-c18d7424dd74,2026-09-11T18:15:15Z,FanDuel Sportsbook structured market feed,,VA,NFL,35610190,Baltimore Ravens @ Indianapolis Colts,2026-09-13T17:01:00.000Z,FanDuel,751.185182537,rushing_yards,Justice Hill - Rushing Yds,,Justice Hill,16552643,under,8.5,-114,1.87719298245614,0.5327102803738317,open,,,2026-09-11T18:15:15Z,,,,,v3-forward-measurement
db7c9d6e-2f5d-4cf4-8013-cf57fe1dd3fc,7f9e66fa-77e8-4f34-ae97-7510280ec726,2026-09-11T18:15:15Z,FanDuel Sportsbook structured market feed,,VA,NFL,35610190,Baltimore Ravens @ Indianapolis Colts,2026-09-13T17:01:00.000Z,FanDuel,751.183835624,rushing_yards,Lamar Jackson - Rushing Yds,,Lamar Jackson,16579679,over,38.5,-114,1.87719298245614,0.5327102803738317,open,,,2026-09-11T18:15:15Z,,,,,v3-forward-measurement
db7c9d6e-2f5d-4cf4-8013-cf57fe1dd3fc,c177320f-1d9d-4b2f-9f08-ca46cc651fab,2026-09-11T18:15:15Z,FanDuel Sportsbook structured market feed,,VA,NFL,35610190,Baltimore Ravens @ Indianapolis Colts,2026-09-13T17:01:00.000Z,FanDuel,751.183835624,rushing_yards,Lamar Jackson - Rushing Yds,,Lamar Jackson,16579680,under,38.5,-114,1.87719298245614,0.5327102803738317,open,,,2026-09-11T18:15:15Z,,,,,v3-forward-measurement
db7c9d6e-2f5d-4cf4-8013-cf57fe1dd3fc,803bc769-6abb-4859-a583-ca6c10579925,2026-09-11T18:15:15Z,FanDuel Sportsbook structured market feed,,VA,NFL,35610190,Baltimore Ravens @ Indianapolis Colts,2026-09-13T17:01:00.000Z,FanDuel,751.183835364,rushing_yards,Jonathan Taylor - Rushing Yds,,Jonathan Taylor,16593213,over,76.5,-114,1.87719298245614,0.5327102803738317,open,,,2026-09-11T18:15:15Z,,,,,v3-forward-measurement
db7c9d6e-2f5d-4cf4-8013-cf57fe1dd3fc,05800254-973b-477b-97e9-bd0a6327d671,2026-09-11T18:15:15Z,FanDuel Sportsbook structured market feed,,VA,NFL,35610190,Baltimore Ravens @ Indianapolis Colts,2026-09-13T17:01:00.000Z,FanDuel,751.183835364,rushing_yards,Jonathan Taylor - Rushing Yds,,Jonathan Taylor,16593214,under,76.5,-114,1.87719298245614,0.5327102803738317,open,,,2026-09-11T18:15:15Z,,,,,v3-forward-measurement
9744ca57-7009-4829-82d0-03d973d14302,8a797208-dacf-4b65-b788-c586eb02f5c8,2026-09-11T18:15:15Z,FanDuel Sportsbook structured market feed,,VA,NFL,35610190,Baltimore Ravens @ Indianapolis Colts,2026-09-13T17:01:00.000Z,FanDuel,751.184969864,receptions,Rashod Bateman - Total Receptions,,Rashod Bateman,41197689,over,1.5,-205,1.48780487804878,0.6721311475409836,open,,,2026-09-11T18:15:15Z,,,,,v3-forward-measurement
9744ca57-7009-4829-82d0-03d973d14302,bec4cbc3-058e-487a-ba0e-b43418950fd4,2026-09-11T18:15:15Z,FanDuel Sportsbook structured market feed,,VA,NFL,35610190,Baltimore Ravens @ Indianapolis Colts,2026-09-13T17:01:00.000Z,FanDuel,751.184969864,receptions,Rashod Bateman - Total Receptions,,Rashod Bateman,41197688,under,1.5,152,2.52,0.3968253968253968,open,,,2026-09-11T18:15:15Z,,,,,v3-forward-measurement
9744ca57-7009-4829-82d0-03d973d14302,7c444371-05b0-4e4d-bf21-503eace2cb08,2026-09-11T18:15:15Z,FanDuel Sportsbook structured market feed,,VA,NFL,35610190,Baltimore Ravens @ Indianapolis Colts,2026-09-13T17:01:00.000Z,FanDuel,751.184972924,receiving_yards,Alec Pierce - Receiving Yds,,Alec Pierce,42217015,over,46.5,-114,1.87719298245614,0.5327102803738317,open,,,2026-09-11T18:15:15Z,,,,,v3-forward-measurement
9744ca57-7009-4829-82d0-03d973d14302,86971eeb-7508-4fcc-a835-6523042f5ba8,2026-09-11T18:15:15Z,FanDuel Sportsbook structured market feed,,VA,NFL,35610190,Baltimore Ravens @ Indianapolis Colts,2026-09-13T17:01:00.000Z,FanDuel,751.184972924,receiving_yards,Alec Pierce - Receiving Yds,,Alec Pierce,42217014,under,46.5,-114,1.87719298245614,0.5327102803738317,open,,,2026-09-11T18:15:15Z,,,,,v3-forward-measurement
9744ca57-7009-4829-82d0-03d973d14302,ec1fedb1-25c6-4f14-b2fc-728612420fd9,2026-09-11T18:15:15Z,FanDuel Sportsbook structured market feed,,VA,NFL,35610190,Baltimore Ravens @ Indianapolis Colts,2026-09-13T17:01:00.000Z,FanDuel,751.184969622,receiving_yards,Rashod Bateman - Receiving Yds,,Rashod Bateman,41197689,over,25.5,-114,1.87719298245614,0.5327102803738317,open,,,2026-09-11T18:15:15Z,,,,,v3-forward-measurement
9744ca57-7009-4829-82d0-03d973d14302,ecaaa2f2-07f4-4613-a97c-bae1465c19cc,2026-09-11T18:15:15Z,FanDuel Sportsbook structured market feed,,VA,NFL,35610190,Baltimore Ravens @ Indianapolis Colts,2026-09-13T17:01:00.000Z,FanDuel,751.184969622,receiving_yards,Rashod Bateman - Receiving Yds,,Rashod Bateman,41197688,under,25.5,-114,1.87719298245614,0.5327102803738317,open,,,2026-09-11T18:15:15Z,,,,,v3-forward-measurement
9744ca57-7009-4829-82d0-03d973d14302,50c7e60d-ce76-4957-a999-69eea91e6f98,2026-09-11T18:15:15Z,FanDuel Sportsbook structured market feed,,VA,NFL,35610190,Baltimore Ravens @ Indianapolis Colts,2026-09-13T17:01:00.000Z,FanDuel,751.184973730,receptions,Tyler Warren - Total Receptions,,Tyler Warren,60780430,over,4.5,-130,1.769230769230769,0.5652173913043478,open,,,2026-09-11T18:15:15Z,,,,,v3-forward-measurement
9744ca57-7009-4829-82d0-03d973d14302,2260313a-9061-4460-aab1-74368f5aa49f,2026-09-11T18:15:15Z,FanDuel Sportsbook structured market feed,,VA,NFL,35610190,Baltimore Ravens @ Indianapolis Colts,2026-09-13T17:01:00.000Z,FanDuel,751.184973730,receptions,Tyler Warren - Total Receptions,,Tyler Warren,60780432,under,4.5,-102,1.980392156862745,0.504950495049505,open,,,2026-09-11T18:15:15Z,,,,,v3-forward-measurement
9744ca57-7009-4829-82d0-03d973d14302,5e380615-36b7-4f39-a95a-7dd6fd707097,2026-09-11T18:15:15Z,FanDuel Sportsbook structured market feed,,VA,NFL,35610190,Baltimore Ravens @ Indianapolis Colts,2026-09-13T17:01:00.000Z,FanDuel,751.185881967,receptions,Keenan Allen - Total Receptions,,Keenan Allen,14807213,over,3.5,120,2.2,0.45454545454545453,open,,,2026-09-11T18:15:15Z,,,,,v3-forward-measurement
9744ca57-7009-4829-82d0-03d973d14302,51eeab53-47e1-497d-8be8-5fde90202b90,2026-09-11T18:15:15Z,FanDuel Sportsbook structured market feed,,VA,NFL,35610190,Baltimore Ravens @ Indianapolis Colts,2026-09-13T17:01:00.000Z,FanDuel,751.185881967,receptions,Keenan Allen - Total Receptions,,Keenan Allen,14807214,under,3.5,-160,1.625,0.6153846153846154,open,,,2026-09-11T18:15:15Z,,,,,v3-forward-measurement
9744ca57-7009-4829-82d0-03d973d14302,8913edd0-5e6e-430a-ae5d-8fff6b349c03,2026-09-11T18:15:15Z,FanDuel Sportsbook structured market feed,,VA,NFL,35610190,Baltimore Ravens @ Indianapolis Colts,2026-09-13T17:01:00.000Z,FanDuel,751.185881965,receiving_yards,Keenan Allen - Receiving Yds,,Keenan Allen,14807213,over,26.5,-114,1.87719298245614,0.5327102803738317,open,,,2026-09-11T18:15:15Z,,,,,v3-forward-measurement
9744ca57-7009-4829-82d0-03d973d14302,f0020fcd-4150-47cb-98d0-c436b42a007d,2026-09-11T18:15:15Z,FanDuel Sportsbook structured market feed,,VA,NFL,35610190,Baltimore Ravens @ Indianapolis Colts,2026-09-13T17:01:00.000Z,FanDuel,751.185881965,receiving_yards,Keenan Allen - Receiving Yds,,Keenan Allen,14807214,under,26.5,-114,1.87719298245614,0.5327102803738317,open,,,2026-09-11T18:15:15Z,,,,,v3-forward-measurement
9744ca57-7009-4829-82d0-03d973d14302,ec53b073-0064-4f7a-80c8-fe49e1c112de,2026-09-11T18:15:15Z,FanDuel Sportsbook structured market feed,,VA,NFL,35610190,Baltimore Ravens @ Indianapolis Colts,2026-09-13T17:01:00.000Z,FanDuel,751.183836167,receiving_yards,Zay Flowers - Receiving Yds,,Zay Flowers,41182052,over,63.5,-114,1.87719298245614,0.5327102803738317,open,,,2026-09-11T18:15:15Z,,,,,v3-forward-measurement
9744ca57-7009-4829-82d0-03d973d14302,8036e106-b8c5-40fe-b4f2-da996db9c689,2026-09-11T18:15:15Z,FanDuel Sportsbook structured market feed,,VA,NFL,35610190,Baltimore Ravens @ Indianapolis Colts,2026-09-13T17:01:00.000Z,FanDuel,751.183836167,receiving_yards,Zay Flowers - Receiving Yds,,Zay Flowers,41182053,under,63.5,-114,1.87719298245614,0.5327102803738317,open,,,2026-09-11T18:15:15Z,,,,,v3-forward-measurement
9744ca57-7009-4829-82d0-03d973d14302,60dc94f0-8ab2-4ece-a054-99bf76793433,2026-09-11T18:15:15Z,FanDuel Sportsbook structured market feed,,VA,NFL,35610190,Baltimore Ravens @ Indianapolis Colts,2026-09-13T17:01:00.000Z,FanDuel,751.184970775,receptions,Ja'Kobi Lane - Total Receptions,,Ja'Kobi Lane,102523756,over,1.5,-136,1.735294117647059,0.576271186440678,open,,,2026-09-11T18:15:15Z,,,,,v3-forward-measurement
9744ca57-7009-4829-82d0-03d973d14302,73994212-fa85-42f1-b35e-f36d00aced52,2026-09-11T18:15:15Z,FanDuel Sportsbook structured market feed,,VA,NFL,35610190,Baltimore Ravens @ Indianapolis Colts,2026-09-13T17:01:00.000Z,FanDuel,751.184970775,receptions,Ja'Kobi Lane - Total Receptions,,Ja'Kobi Lane,102523752,under,1.5,102,2.02,0.49504950495049505,open,,,2026-09-11T18:15:15Z,,,,,v3-forward-measurement
9744ca57-7009-4829-82d0-03d973d14302,ad325fa8-754e-4916-ac8e-01bad6db09e5,2026-09-11T18:15:15Z,FanDuel Sportsbook structured market feed,,VA,NFL,35610190,Baltimore Ravens @ Indianapolis Colts,2026-09-13T17:01:00.000Z,FanDuel,751.184973728,receiving_yards,Tyler Warren - Receiving Yds,,Tyler Warren,60780430,over,45.5,-114,1.87719298245614,0.5327102803738317,open,,,2026-09-11T18:15:15Z,,,,,v3-forward-measurement
9744ca57-7009-4829-82d0-03d973d14302,ba4bb66c-9fce-46dd-9546-203389a097c5,2026-09-11T18:15:15Z,FanDuel Sportsbook structured market feed,,VA,NFL,35610190,Baltimore Ravens @ Indianapolis Colts,2026-09-13T17:01:00.000Z,FanDuel,751.184973728,receiving_yards,Tyler Warren - Receiving Yds,,Tyler Warren,60780432,under,45.5,-114,1.87719298245614,0.5327102803738317,open,,,2026-09-11T18:15:15Z,,,,,v3-forward-measurement
9744ca57-7009-4829-82d0-03d973d14302,e2b60c6d-52dd-48e4-af6c-f02b6b06816d,2026-09-11T18:15:15Z,FanDuel Sportsbook structured market feed,,VA,NFL,35610190,Baltimore Ravens @ Indianapolis Colts,2026-09-13T17:01:00.000Z,FanDuel,751.185104206,receptions,Derrick Henry - Total Receptions,,Derrick Henry,12073825,over,1.5,182,2.82,0.3546099290780142,open,,,2026-09-11T18:15:15Z,,,,,v3-forward-measurement
9744ca57-7009-4829-82d0-03d973d14302,b24e0fe2-1e59-4611-bc88-61fc2fe5b74b,2026-09-11T18:15:15Z,FanDuel Sportsbook structured market feed,,VA,NFL,35610190,Baltimore Ravens @ Indianapolis Colts,2026-09-13T17:01:00.000Z,FanDuel,751.185104206,receptions,Derrick Henry - Total Receptions,,Derrick Henry,12073826,under,1.5,-250,1.4,0.7142857142857143,open,,,2026-09-11T18:15:15Z,,,,,v3-forward-measurement
9744ca57-7009-4829-82d0-03d973d14302,c19ef936-54fd-4773-a7ba-d3fdbe243980,2026-09-11T18:15:15Z,FanDuel Sportsbook structured market feed,,VA,NFL,35610190,Baltimore Ravens @ Indianapolis Colts,2026-09-13T17:01:00.000Z,FanDuel,751.183836173,receptions,Zay Flowers - Total Receptions,,Zay Flowers,41182052,over,4.5,-172,1.581395348837209,0.6323529411764706,open,,,2026-09-11T18:15:15Z,,,,,v3-forward-measurement
9744ca57-7009-4829-82d0-03d973d14302,a05ee51e-214e-4a13-8dce-ef0b4c1b24dd,2026-09-11T18:15:15Z,FanDuel Sportsbook structured market feed,,VA,NFL,35610190,Baltimore Ravens @ Indianapolis Colts,2026-09-13T17:01:00.000Z,FanDuel,751.183836173,receptions,Zay Flowers - Total Receptions,,Zay Flowers,41182053,under,4.5,128,2.28,0.43859649122807015,open,,,2026-09-11T18:15:15Z,,,,,v3-forward-measurement
9744ca57-7009-4829-82d0-03d973d14302,7dba885c-7e47-4c41-af36-b48e8900eba4,2026-09-11T18:15:15Z,FanDuel Sportsbook structured market feed,,VA,NFL,35610190,Baltimore Ravens @ Indianapolis Colts,2026-09-13T17:01:00.000Z,FanDuel,751.184970770,receiving_yards,Ja'Kobi Lane - Receiving Yds,,Ja'Kobi Lane,102523756,over,19.5,-114,1.87719298245614,0.5327102803738317,open,,,2026-09-11T18:15:15Z,,,,,v3-forward-measurement
9744ca57-7009-4829-82d0-03d973d14302,f2de1c73-28dd-4b79-9c58-307699988417,2026-09-11T18:15:15Z,FanDuel Sportsbook structured market feed,,VA,NFL,35610190,Baltimore Ravens @ Indianapolis Colts,2026-09-13T17:01:00.000Z,FanDuel,751.184970770,receiving_yards,Ja'Kobi Lane - Receiving Yds,,Ja'Kobi Lane,102523752,under,19.5,-114,1.87719298245614,0.5327102803738317,open,,,2026-09-11T18:15:15Z,,,,,v3-forward-measurement
9744ca57-7009-4829-82d0-03d973d14302,ed1ae715-3ebe-4908-ab53-04291b378e04,2026-09-11T18:15:15Z,FanDuel Sportsbook structured market feed,,VA,NFL,35610190,Baltimore Ravens @ Indianapolis Colts,2026-09-13T17:01:00.000Z,FanDuel,751.184973077,receiving_yards,Josh Downs - Receiving Yds,,Josh Downs,41178410,over,46.5,-114,1.87719298245614,0.5327102803738317,open,,,2026-09-11T18:15:15Z,,,,,v3-forward-measurement
9744ca57-7009-4829-82d0-03d973d14302,21129004-595a-4c5a-af83-dddd25a21b3c,2026-09-11T18:15:15Z,FanDuel Sportsbook structured market feed,,VA,NFL,35610190,Baltimore Ravens @ Indianapolis Colts,2026-09-13T17:01:00.000Z,FanDuel,751.184973077,receiving_yards,Josh Downs - Receiving Yds,,Josh Downs,41178411,under,46.5,-114,1.87719298245614,0.5327102803738317,open,,,2026-09-11T18:15:15Z,,,,,v3-forward-measurement
9744ca57-7009-4829-82d0-03d973d14302,f93670f2-1091-4ecd-b6a9-98e6ffdd39e9,2026-09-11T18:15:15Z,FanDuel Sportsbook structured market feed,,VA,NFL,35610190,Baltimore Ravens @ Indianapolis Colts,2026-09-13T17:01:00.000Z,FanDuel,751.184973071,receptions,Josh Downs - Total Receptions,,Josh Downs,41178410,over,4.5,124,2.24,0.44642857142857145,open,,,2026-09-11T18:15:15Z,,,,,v3-forward-measurement
9744ca57-7009-4829-82d0-03d973d14302,62673c73-5d33-49ee-81e9-51ce3ec0fe7e,2026-09-11T18:15:15Z,FanDuel Sportsbook structured market feed,,VA,NFL,35610190,Baltimore Ravens @ Indianapolis Colts,2026-09-13T17:01:00.000Z,FanDuel,751.184973071,receptions,Josh Downs - Total Receptions,,Josh Downs,41178411,under,4.5,-166,1.602409638554217,0.6240601503759399,open,,,2026-09-11T18:15:15Z,,,,,v3-forward-measurement
9744ca57-7009-4829-82d0-03d973d14302,4ef264b6-fdc8-46c4-b7a7-bf38f4066ac8,2026-09-11T18:15:15Z,FanDuel Sportsbook structured market feed,,VA,NFL,35610190,Baltimore Ravens @ Indianapolis Colts,2026-09-13T17:01:00.000Z,FanDuel,751.183836389,receptions,Mark Andrews - Total Receptions,,Mark Andrews,16602460,over,3.5,116,2.16,0.46296296296296297,open,,,2026-09-11T18:15:15Z,,,,,v3-forward-measurement
9744ca57-7009-4829-82d0-03d973d14302,58b0481b-2139-4a8d-8f26-812304e61e42,2026-09-11T18:15:15Z,FanDuel Sportsbook structured market feed,,VA,NFL,35610190,Baltimore Ravens @ Indianapolis Colts,2026-09-13T17:01:00.000Z,FanDuel,751.183836389,receptions,Mark Andrews - Total Receptions,,Mark Andrews,16602461,under,3.5,-154,1.649350649350649,0.6062992125984252,open,,,2026-09-11T18:15:15Z,,,,,v3-forward-measurement
9744ca57-7009-4829-82d0-03d973d14302,104aa5a3-3a1d-4e25-991b-382d215da401,2026-09-11T18:15:15Z,FanDuel Sportsbook structured market feed,,VA,NFL,35610190,Baltimore Ravens @ Indianapolis Colts,2026-09-13T17:01:00.000Z,FanDuel,751.184971736,receiving_yards,Derrick Henry - Receiving Yds,,Derrick Henry,12073825,over,7.5,-114,1.87719298245614,0.5327102803738317,open,,,2026-09-11T18:15:15Z,,,,,v3-forward-measurement
9744ca57-7009-4829-82d0-03d973d14302,e48a8bbe-cc5a-4b60-810f-23fddb38b633,2026-09-11T18:15:15Z,FanDuel Sportsbook structured market feed,,VA,NFL,35610190,Baltimore Ravens @ Indianapolis Colts,2026-09-13T17:01:00.000Z,FanDuel,751.184971736,receiving_yards,Derrick Henry - Receiving Yds,,Derrick Henry,12073826,under,7.5,-114,1.87719298245614,0.5327102803738317,open,,,2026-09-11T18:15:15Z,,,,,v3-forward-measurement
9744ca57-7009-4829-82d0-03d973d14302,0685b113-1ea9-43bc-b61a-bb3a78ba6281,2026-09-11T18:15:15Z,FanDuel Sportsbook structured market feed,,VA,NFL,35610190,Baltimore Ravens @ Indianapolis Colts,2026-09-13T17:01:00.000Z,FanDuel,751.183836388,receiving_yards,Mark Andrews - Receiving Yds,,Mark Andrews,16602460,over,36.5,-114,1.87719298245614,0.5327102803738317,open,,,2026-09-11T18:15:15Z,,,,,v3-forward-measurement
9744ca57-7009-4829-82d0-03d973d14302,454b0d2d-8dbb-4077-8214-6253e8d79baf,2026-09-11T18:15:15Z,FanDuel Sportsbook structured market feed,,VA,NFL,35610190,Baltimore Ravens @ Indianapolis Colts,2026-09-13T17:01:00.000Z,FanDuel,751.183836388,receiving_yards,Mark Andrews - Receiving Yds,,Mark Andrews,16602461,under,36.5,-114,1.87719298245614,0.5327102803738317,open,,,2026-09-11T18:15:15Z,,,,,v3-forward-measurement
9744ca57-7009-4829-82d0-03d973d14302,90bd65d6-2ae4-4204-83ac-1c9f9cb6f5f1,2026-09-11T18:15:15Z,FanDuel Sportsbook structured market feed,,VA,NFL,35610190,Baltimore Ravens @ Indianapolis Colts,2026-09-13T17:01:00.000Z,FanDuel,751.185139865,receptions,Jonathan Taylor - Total Receptions,,Jonathan Taylor,16593213,over,2.5,-154,1.649350649350649,0.6062992125984252,open,,,2026-09-11T18:15:15Z,,,,,v3-forward-measurement
9744ca57-7009-4829-82d0-03d973d14302,9808d597-b73d-4b5f-9791-6d1fe8cbc5ca,2026-09-11T18:15:15Z,FanDuel Sportsbook structured market feed,,VA,NFL,35610190,Baltimore Ravens @ Indianapolis Colts,2026-09-13T17:01:00.000Z,FanDuel,751.185139865,receptions,Jonathan Taylor - Total Receptions,,Jonathan Taylor,16593214,under,2.5,116,2.16,0.46296296296296297,open,,,2026-09-11T18:15:15Z,,,,,v3-forward-measurement
9744ca57-7009-4829-82d0-03d973d14302,2bb94070-6096-4b92-94a8-37833557e56e,2026-09-11T18:15:15Z,FanDuel Sportsbook structured market feed,,VA,NFL,35610190,Baltimore Ravens @ Indianapolis Colts,2026-09-13T17:01:00.000Z,FanDuel,751.185139863,receiving_yards,Jonathan Taylor - Receiving Yds,,Jonathan Taylor,16593213,over,19.5,-114,1.87719298245614,0.5327102803738317,open,,,2026-09-11T18:15:15Z,,,,,v3-forward-measurement
9744ca57-7009-4829-82d0-03d973d14302,3c03df6a-b3b8-42b3-b396-4c7717deb861,2026-09-11T18:15:15Z,FanDuel Sportsbook structured market feed,,VA,NFL,35610190,Baltimore Ravens @ Indianapolis Colts,2026-09-13T17:01:00.000Z,FanDuel,751.185139863,receiving_yards,Jonathan Taylor - Receiving Yds,,Jonathan Taylor,16593214,under,19.5,-114,1.87719298245614,0.5327102803738317,open,,,2026-09-11T18:15:15Z,,,,,v3-forward-measurement
9744ca57-7009-4829-82d0-03d973d14302,4062a568-ccf3-4d3b-a36b-7d3ec455e4b0,2026-09-11T18:15:15Z,FanDuel Sportsbook structured market feed,,VA,NFL,35610190,Baltimore Ravens @ Indianapolis Colts,2026-09-13T17:01:00.000Z,FanDuel,751.185182535,receiving_yards,Justice Hill - Receiving Yds,,Justice Hill,16552642,over,11.5,-114,1.87719298245614,0.5327102803738317,open,,,2026-09-11T18:15:15Z,,,,,v3-forward-measurement
9744ca57-7009-4829-82d0-03d973d14302,4d6b87ed-6984-4b62-9033-a0ab60747349,2026-09-11T18:15:15Z,FanDuel Sportsbook structured market feed,,VA,NFL,35610190,Baltimore Ravens @ Indianapolis Colts,2026-09-13T17:01:00.000Z,FanDuel,751.185182535,receiving_yards,Justice Hill - Receiving Yds,,Justice Hill,16552643,under,11.5,-114,1.87719298245614,0.5327102803738317,open,,,2026-09-11T18:15:15Z,,,,,v3-forward-measurement
9744ca57-7009-4829-82d0-03d973d14302,d157b372-cdbf-4754-a1ad-6c402047bc18,2026-09-11T18:15:15Z,FanDuel Sportsbook structured market feed,,VA,NFL,35610190,Baltimore Ravens @ Indianapolis Colts,2026-09-13T17:01:00.000Z,FanDuel,751.185253688,receptions,Justice Hill - Total Receptions,,Justice Hill,16552642,over,2.5,144,2.44,0.4098360655737705,open,,,2026-09-11T18:15:15Z,,,,,v3-forward-measurement
9744ca57-7009-4829-82d0-03d973d14302,cb085bae-a00d-4035-9394-5e2179a998ae,2026-09-11T18:15:15Z,FanDuel Sportsbook structured market feed,,VA,NFL,35610190,Baltimore Ravens @ Indianapolis Colts,2026-09-13T17:01:00.000Z,FanDuel,751.185253688,receptions,Justice Hill - Total Receptions,,Justice Hill,16552643,under,2.5,-194,1.515463917525773,0.6598639455782312,open,,,2026-09-11T18:15:15Z,,,,,v3-forward-measurement
9744ca57-7009-4829-82d0-03d973d14302,58415568-dfa6-4a94-a857-af1bf1c05944,2026-09-11T18:15:15Z,FanDuel Sportsbook structured market feed,,VA,NFL,35610190,Baltimore Ravens @ Indianapolis Colts,2026-09-13T17:01:00.000Z,FanDuel,751.184972933,receptions,Alec Pierce - Total Receptions,,Alec Pierce,42217015,over,3.5,130,2.3,0.43478260869565216,open,,,2026-09-11T18:15:15Z,,,,,v3-forward-measurement
9744ca57-7009-4829-82d0-03d973d14302,45f78fee-4b95-4a4e-a753-8a3cc69df5ad,2026-09-11T18:15:15Z,FanDuel Sportsbook structured market feed,,VA,NFL,35610190,Baltimore Ravens @ Indianapolis Colts,2026-09-13T17:01:00.000Z,FanDuel,751.184972933,receptions,Alec Pierce - Total Receptions,,Alec Pierce,42217014,under,3.5,-174,1.574712643678161,0.635036496350365,open,,,2026-09-11T18:15:15Z,,,,,v3-forward-measurement
74e6ac04-e808-44a8-aa22-b886dad74810,223efce1-103d-4ae4-bb49-8f8f5f6a1990,2026-09-11T18:15:15Z,FanDuel Sportsbook structured market feed,,VA,NFL,36053582,Tampa Bay Buccaneers @ Cincinnati Bengals,2026-09-13T17:01:00.000Z,FanDuel,751.185673793,passing_touchdowns,Baker Mayfield - Passing TDs,,Baker Mayfield,16602448,over,1.5,-102,1.980392156862745,0.504950495049505,open,,,2026-09-11T18:15:15Z,,,,,v3-forward-measurement
74e6ac04-e808-44a8-aa22-b886dad74810,04ab2619-9688-4cf8-9438-13951066e6c4,2026-09-11T18:15:15Z,FanDuel Sportsbook structured market feed,,VA,NFL,36053582,Tampa Bay Buccaneers @ Cincinnati Bengals,2026-09-13T17:01:00.000Z,FanDuel,751.185673793,passing_touchdowns,Baker Mayfield - Passing TDs,,Baker Mayfield,16602449,under,1.5,-130,1.769230769230769,0.5652173913043478,open,,,2026-09-11T18:15:15Z,,,,,v3-forward-measurement
74e6ac04-e808-44a8-aa22-b886dad74810,35820e11-0408-4e8a-92b4-1e42df661311,2026-09-11T18:15:15Z,FanDuel Sportsbook structured market feed,,VA,NFL,36053582,Tampa Bay Buccaneers @ Cincinnati Bengals,2026-09-13T17:01:00.000Z,FanDuel,751.185673884,passing_yards,Joe Burrow - Passing Yds,,Joe Burrow,20452292,over,269.5,-114,1.87719298245614,0.5327102803738317,open,,,2026-09-11T18:15:15Z,,,,,v3-forward-measurement
74e6ac04-e808-44a8-aa22-b886dad74810,a740f613-9133-4115-8a7b-5cc5bf8edd87,2026-09-11T18:15:15Z,FanDuel Sportsbook structured market feed,,VA,NFL,36053582,Tampa Bay Buccaneers @ Cincinnati Bengals,2026-09-13T17:01:00.000Z,FanDuel,751.185673884,passing_yards,Joe Burrow - Passing Yds,,Joe Burrow,20452293,under,269.5,-114,1.87719298245614,0.5327102803738317,open,,,2026-09-11T18:15:15Z,,,,,v3-forward-measurement
74e6ac04-e808-44a8-aa22-b886dad74810,b7563266-02cd-492c-adb4-483273c911e9,2026-09-11T18:15:15Z,FanDuel Sportsbook structured market feed,,VA,NFL,36053582,Tampa Bay Buccaneers @ Cincinnati Bengals,2026-09-13T17:01:00.000Z,FanDuel,751.185673763,passing_touchdowns,Joe Burrow - Passing TDs,,Joe Burrow,20452292,over,2.5,158,2.58,0.3875968992248062,open,,,2026-09-11T18:15:15Z,,,,,v3-forward-measurement
74e6ac04-e808-44a8-aa22-b886dad74810,79960712-f1af-4549-9517-b69b7465f238,2026-09-11T18:15:15Z,FanDuel Sportsbook structured market feed,,VA,NFL,36053582,Tampa Bay Buccaneers @ Cincinnati Bengals,2026-09-13T17:01:00.000Z,FanDuel,751.185673763,passing_touchdowns,Joe Burrow - Passing TDs,,Joe Burrow,20452293,under,2.5,-215,1.465116279069767,0.6825396825396826,open,,,2026-09-11T18:15:15Z,,,,,v3-forward-measurement
74e6ac04-e808-44a8-aa22-b886dad74810,eb8c9aff-67b4-4d0c-93c1-6d1e67b4cf7d,2026-09-11T18:15:15Z,FanDuel Sportsbook structured market feed,,VA,NFL,36053582,Tampa Bay Buccaneers @ Cincinnati Bengals,2026-09-13T17:01:00.000Z,FanDuel,751.185673944,passing_yards,Baker Mayfield - Passing Yds,,Baker Mayfield,16602448,over,232.5,-114,1.87719298245614,0.5327102803738317,open,,,2026-09-11T18:15:15Z,,,,,v3-forward-measurement
74e6ac04-e808-44a8-aa22-b886dad74810,672e2285-80b3-4d31-98b5-60857ff3b5e4,2026-09-11T18:15:15Z,FanDuel Sportsbook structured market feed,,VA,NFL,36053582,Tampa Bay Buccaneers @ Cincinnati Bengals,2026-09-13T17:01:00.000Z,FanDuel,751.185673944,passing_yards,Baker Mayfield - Passing Yds,,Baker Mayfield,16602449,under,232.5,-114,1.87719298245614,0.5327102803738317,open,,,2026-09-11T18:15:15Z,,,,,v3-forward-measurement
117f9915-39ea-4c39-beec-c215dc7ef784,591c69fd-ae14-412c-90ad-34a76b797260,2026-09-11T18:15:15Z,FanDuel Sportsbook structured market feed,,VA,NFL,36053582,Tampa Bay Buccaneers @ Cincinnati Bengals,2026-09-13T17:01:00.000Z,FanDuel,751.185673771,rushing_yards,Baker Mayfield - Rushing Yds,,Baker Mayfield,16602448,over,15.5,-114,1.87719298245614,0.5327102803738317,open,,,2026-09-11T18:15:15Z,,,,,v3-forward-measurement
117f9915-39ea-4c39-beec-c215dc7ef784,627970ff-3d39-4a36-b7e0-1d66eacdf3c1,2026-09-11T18:15:15Z,FanDuel Sportsbook structured market feed,,VA,NFL,36053582,Tampa Bay Buccaneers @ Cincinnati Bengals,2026-09-13T17:01:00.000Z,FanDuel,751.185673771,rushing_yards,Baker Mayfield - Rushing Yds,,Baker Mayfield,16602449,under,15.5,-114,1.87719298245614,0.5327102803738317,open,,,2026-09-11T18:15:15Z,,,,,v3-forward-measurement
117f9915-39ea-4c39-beec-c215dc7ef784,9f8f7f52-9114-401a-ba57-87a65ac3e8a3,2026-09-11T18:15:15Z,FanDuel Sportsbook structured market feed,,VA,NFL,36053582,Tampa Bay Buccaneers @ Cincinnati Bengals,2026-09-13T17:01:00.000Z,FanDuel,751.185673861,rushing_yards,Kenneth Gainwell - Rushing Yds,,Kenneth Gainwell,40915793,over,20.5,-114,1.87719298245614,0.5327102803738317,open,,,2026-09-11T18:15:15Z,,,,,v3-forward-measurement
117f9915-39ea-4c39-beec-c215dc7ef784,5be51d44-7b84-480d-8f16-b7af2f656880,2026-09-11T18:15:15Z,FanDuel Sportsbook structured market feed,,VA,NFL,36053582,Tampa Bay Buccaneers @ Cincinnati Bengals,2026-09-13T17:01:00.000Z,FanDuel,751.185673861,rushing_yards,Kenneth Gainwell - Rushing Yds,,Kenneth Gainwell,40915796,under,20.5,-114,1.87719298245614,0.5327102803738317,open,,,2026-09-11T18:15:15Z,,,,,v3-forward-measurement
117f9915-39ea-4c39-beec-c215dc7ef784,3d60cfaf-aae8-47cc-890f-4ae323b9cda5,2026-09-11T18:15:15Z,FanDuel Sportsbook structured market feed,,VA,NFL,36053582,Tampa Bay Buccaneers @ Cincinnati Bengals,2026-09-13T17:01:00.000Z,FanDuel,751.185673721,rushing_yards,Joe Burrow - Rushing Yds,,Joe Burrow,20452292,over,7.5,-114,1.87719298245614,0.5327102803738317,open,,,2026-09-11T18:15:15Z,,,,,v3-forward-measurement
117f9915-39ea-4c39-beec-c215dc7ef784,ecc21970-43e6-4969-886a-c9636891c79a,2026-09-11T18:15:15Z,FanDuel Sportsbook structured market feed,,VA,NFL,36053582,Tampa Bay Buccaneers @ Cincinnati Bengals,2026-09-13T17:01:00.000Z,FanDuel,751.185673721,rushing_yards,Joe Burrow - Rushing Yds,,Joe Burrow,20452293,under,7.5,-114,1.87719298245614,0.5327102803738317,open,,,2026-09-11T18:15:15Z,,,,,v3-forward-measurement
117f9915-39ea-4c39-beec-c215dc7ef784,ec979518-f1c8-4677-841f-5d4fae07e34b,2026-09-11T18:15:15Z,FanDuel Sportsbook structured market feed,,VA,NFL,36053582,Tampa Bay Buccaneers @ Cincinnati Bengals,2026-09-13T17:01:00.000Z,FanDuel,751.185673787,rushing_yards,Chase Brown - Rushing Yds,,Chase Brown,41072627,over,56.5,-114,1.87719298245614,0.5327102803738317,open,,,2026-09-11T18:15:15Z,,,,,v3-forward-measurement
117f9915-39ea-4c39-beec-c215dc7ef784,db3ee46e-df74-44a3-81c2-31bd89572d68,2026-09-11T18:15:15Z,FanDuel Sportsbook structured market feed,,VA,NFL,36053582,Tampa Bay Buccaneers @ Cincinnati Bengals,2026-09-13T17:01:00.000Z,FanDuel,751.185673787,rushing_yards,Chase Brown - Rushing Yds,,Chase Brown,41072629,under,56.5,-114,1.87719298245614,0.5327102803738317,open,,,2026-09-11T18:15:15Z,,,,,v3-forward-measurement
117f9915-39ea-4c39-beec-c215dc7ef784,89116e8a-07f0-4330-839e-819ccbde6487,2026-09-11T18:15:15Z,FanDuel Sportsbook structured market feed,,VA,NFL,36053582,Tampa Bay Buccaneers @ Cincinnati Bengals,2026-09-13T17:01:00.000Z,FanDuel,751.185673715,rushing_yards,Bucky Irving - Rushing Yds,,Bucky Irving,49541847,over,57.5,-114,1.87719298245614,0.5327102803738317,open,,,2026-09-11T18:15:15Z,,,,,v3-forward-measurement
117f9915-39ea-4c39-beec-c215dc7ef784,ff8002d8-ad63-4c62-9c2b-78ef6d714de4,2026-09-11T18:15:15Z,FanDuel Sportsbook structured market feed,,VA,NFL,36053582,Tampa Bay Buccaneers @ Cincinnati Bengals,2026-09-13T17:01:00.000Z,FanDuel,751.185673715,rushing_yards,Bucky Irving - Rushing Yds,,Bucky Irving,49541845,under,57.5,-114,1.87719298245614,0.5327102803738317,open,,,2026-09-11T18:15:15Z,,,,,v3-forward-measurement
117f9915-39ea-4c39-beec-c215dc7ef784,259cf8c9-9673-4254-a4ec-31b90d102b41,2026-09-11T18:15:15Z,FanDuel Sportsbook structured market feed,,VA,NFL,36053582,Tampa Bay Buccaneers @ Cincinnati Bengals,2026-09-13T17:01:00.000Z,FanDuel,751.185673925,rushing_yards,Samaje Perine - Rushing Yds,,Samaje Perine,15499370,over,18.5,-114,1.87719298245614,0.5327102803738317,open,,,2026-09-11T18:15:15Z,,,,,v3-forward-measurement
117f9915-39ea-4c39-beec-c215dc7ef784,99fe62bd-3004-43a1-84ec-08d2c7d62de4,2026-09-11T18:15:15Z,FanDuel Sportsbook structured market feed,,VA,NFL,36053582,Tampa Bay Buccaneers @ Cincinnati Bengals,2026-09-13T17:01:00.000Z,FanDuel,751.185673925,rushing_yards,Samaje Perine - Rushing Yds,,Samaje Perine,15499371,under,18.5,-114,1.87719298245614,0.5327102803738317,open,,,2026-09-11T18:15:15Z,,,,,v3-forward-measurement
fe9faa4f-70bd-4b0b-99d4-a778ae54f94c,885f5980-3978-4b0f-9af7-b78710922492,2026-09-11T18:15:15Z,FanDuel Sportsbook structured market feed,,VA,NFL,36053582,Tampa Bay Buccaneers @ Cincinnati Bengals,2026-09-13T17:01:00.000Z,FanDuel,751.185673760,receiving_yards,Kenneth Gainwell - Receiving Yds,,Kenneth Gainwell,40915793,over,23.5,-114,1.87719298245614,0.5327102803738317,open,,,2026-09-11T18:15:15Z,,,,,v3-forward-measurement
fe9faa4f-70bd-4b0b-99d4-a778ae54f94c,cb302ff1-8bdf-4a62-9a4e-d93b8ac703ee,2026-09-11T18:15:15Z,FanDuel Sportsbook structured market feed,,VA,NFL,36053582,Tampa Bay Buccaneers @ Cincinnati Bengals,2026-09-13T17:01:00.000Z,FanDuel,751.185673760,receiving_yards,Kenneth Gainwell - Receiving Yds,,Kenneth Gainwell,40915796,under,23.5,-114,1.87719298245614,0.5327102803738317,open,,,2026-09-11T18:15:15Z,,,,,v3-forward-measurement
fe9faa4f-70bd-4b0b-99d4-a778ae54f94c,b1598c31-cbe2-46e7-90e7-5b62944a7f3f,2026-09-11T18:15:15Z,FanDuel Sportsbook structured market feed,,VA,NFL,36053582,Tampa Bay Buccaneers @ Cincinnati Bengals,2026-09-13T17:01:00.000Z,FanDuel,751.185673848,receiving_yards,Chris Godwin - Receiving Yds,,Chris Godwin,20781116,over,46.5,-114,1.87719298245614,0.5327102803738317,open,,,2026-09-11T18:15:15Z,,,,,v3-forward-measurement
fe9faa4f-70bd-4b0b-99d4-a778ae54f94c,d4d616c3-1ac9-495f-9ea9-bca5771a367d,2026-09-11T18:15:15Z,FanDuel Sportsbook structured market feed,,VA,NFL,36053582,Tampa Bay Buccaneers @ Cincinnati Bengals,2026-09-13T17:01:00.000Z,FanDuel,751.185673848,receiving_yards,Chris Godwin - Receiving Yds,,Chris Godwin,20781117,under,46.5,-114,1.87719298245614,0.5327102803738317,open,,,2026-09-11T18:15:15Z,,,,,v3-forward-measurement
fe9faa4f-70bd-4b0b-99d4-a778ae54f94c,2a43bec5-c1ea-460c-a305-74e23a989086,2026-09-11T18:15:15Z,FanDuel Sportsbook structured market feed,,VA,NFL,36053582,Tampa Bay Buccaneers @ Cincinnati Bengals,2026-09-13T17:01:00.000Z,FanDuel,751.185673927,receptions,Cade Otton - Total Receptions,,Cade Otton,41346941,over,3.5,106,2.06,0.4854368932038835,open,,,2026-09-11T18:15:15Z,,,,,v3-forward-measurement
fe9faa4f-70bd-4b0b-99d4-a778ae54f94c,6897aff1-4a0d-431c-9bac-f127f1200e49,2026-09-11T18:15:15Z,FanDuel Sportsbook structured market feed,,VA,NFL,36053582,Tampa Bay Buccaneers @ Cincinnati Bengals,2026-09-13T17:01:00.000Z,FanDuel,751.185673927,receptions,Cade Otton - Total Receptions,,Cade Otton,41346942,under,3.5,-140,1.714285714285714,0.5833333333333334,open,,,2026-09-11T18:15:15Z,,,,,v3-forward-measurement
fe9faa4f-70bd-4b0b-99d4-a778ae54f94c,ad6783b7-b121-4fe6-95c0-656134b62fdd,2026-09-11T18:15:15Z,FanDuel Sportsbook structured market feed,,VA,NFL,36053582,Tampa Bay Buccaneers @ Cincinnati Bengals,2026-09-13T17:01:00.000Z,FanDuel,751.185673870,receiving_yards,Tee Higgins - Receiving Yds,,Tee Higgins,22336746,over,62.5,-114,1.87719298245614,0.5327102803738317,open,,,2026-09-11T18:15:15Z,,,,,v3-forward-measurement
fe9faa4f-70bd-4b0b-99d4-a778ae54f94c,d75e7e20-c959-48d3-acd3-350b7f4fea92,2026-09-11T18:15:15Z,FanDuel Sportsbook structured market feed,,VA,NFL,36053582,Tampa Bay Buccaneers @ Cincinnati Bengals,2026-09-13T17:01:00.000Z,FanDuel,751.185673870,receiving_yards,Tee Higgins - Receiving Yds,,Tee Higgins,22336747,under,62.5,-114,1.87719298245614,0.5327102803738317,open,,,2026-09-11T18:15:15Z,,,,,v3-forward-measurement
fe9faa4f-70bd-4b0b-99d4-a778ae54f94c,9d37545b-d761-4ab2-b50f-3b6f408ebf74,2026-09-11T18:15:15Z,FanDuel Sportsbook structured market feed,,VA,NFL,36053582,Tampa Bay Buccaneers @ Cincinnati Bengals,2026-09-13T17:01:00.000Z,FanDuel,751.185673871,receptions,Chase Brown - Total Receptions,,Chase Brown,41072627,over,3.5,-108,1.925925925925926,0.5192307692307693,open,,,2026-09-11T18:15:15Z,,,,,v3-forward-measurement
fe9faa4f-70bd-4b0b-99d4-a778ae54f94c,875faaed-5198-4672-a583-d92e1796238f,2026-09-11T18:15:15Z,FanDuel Sportsbook structured market feed,,VA,NFL,36053582,Tampa Bay Buccaneers @ Cincinnati Bengals,2026-09-13T17:01:00.000Z,FanDuel,751.185673871,receptions,Chase Brown - Total Receptions,,Chase Brown,41072629,under,3.5,-122,1.819672131147541,0.5495495495495496,open,,,2026-09-11T18:15:15Z,,,,,v3-forward-measurement
fe9faa4f-70bd-4b0b-99d4-a778ae54f94c,8c66783b-7651-404f-b15f-b5794af152ef,2026-09-11T18:15:15Z,FanDuel Sportsbook structured market feed,,VA,NFL,36053582,Tampa Bay Buccaneers @ Cincinnati Bengals,2026-09-13T17:01:00.000Z,FanDuel,751.185673951,receptions,Tee Higgins - Total Receptions,,Tee Higgins,22336746,over,4.5,-148,1.675675675675676,0.5967741935483871,open,,,2026-09-11T18:15:15Z,,,,,v3-forward-measurement
fe9faa4f-70bd-4b0b-99d4-a778ae54f94c,60cfedf3-c51c-42ab-b085-a66984446929,2026-09-11T18:15:15Z,FanDuel Sportsbook structured market feed,,VA,NFL,36053582,Tampa Bay Buccaneers @ Cincinnati Bengals,2026-09-13T17:01:00.000Z,FanDuel,751.185673951,receptions,Tee Higgins - Total Receptions,,Tee Higgins,22336747,under,4.5,112,2.12,0.4716981132075472,open,,,2026-09-11T18:15:15Z,,,,,v3-forward-measurement
fe9faa4f-70bd-4b0b-99d4-a778ae54f94c,45cc6c0e-f768-4cd1-bbcd-496caec5ed52,2026-09-11T18:15:15Z,FanDuel Sportsbook structured market feed,,VA,NFL,36053582,Tampa Bay Buccaneers @ Cincinnati Bengals,2026-09-13T17:01:00.000Z,FanDuel,751.185673874,receiving_yards,Cade Otton - Receiving Yds,,Cade Otton,41346941,over,31.5,-114,1.87719298245614,0.5327102803738317,open,,,2026-09-11T18:15:15Z,,,,,v3-forward-measurement
fe9faa4f-70bd-4b0b-99d4-a778ae54f94c,f2713deb-e451-4789-9006-fe068e18b026,2026-09-11T18:15:15Z,FanDuel Sportsbook structured market feed,,VA,NFL,36053582,Tampa Bay Buccaneers @ Cincinnati Bengals,2026-09-13T17:01:00.000Z,FanDuel,751.185673874,receiving_yards,Cade Otton - Receiving Yds,,Cade Otton,41346942,under,31.5,-114,1.87719298245614,0.5327102803738317,open,,,2026-09-11T18:15:15Z,,,,,v3-forward-measurement
fe9faa4f-70bd-4b0b-99d4-a778ae54f94c,97f767e6-cbbf-4c99-8fed-a76ae6e9a694,2026-09-11T18:15:15Z,FanDuel Sportsbook structured market feed,,VA,NFL,36053582,Tampa Bay Buccaneers @ Cincinnati Bengals,2026-09-13T17:01:00.000Z,FanDuel,751.185673838,receptions,Emeka Egbuka - Total Receptions,,Emeka Egbuka,48671758,over,4.5,112,2.12,0.4716981132075472,open,,,2026-09-11T18:15:15Z,,,,,v3-forward-measurement
fe9faa4f-70bd-4b0b-99d4-a778ae54f94c,2a5b8d07-c8f6-42ba-85c4-910e6fa916c8,2026-09-11T18:15:15Z,FanDuel Sportsbook structured market feed,,VA,NFL,36053582,Tampa Bay Buccaneers @ Cincinnati Bengals,2026-09-13T17:01:00.000Z,FanDuel,751.185673838,receptions,Emeka Egbuka - Total Receptions,,Emeka Egbuka,48671757,under,4.5,-148,1.675675675675676,0.5967741935483871,open,,,2026-09-11T18:15:15Z,,,,,v3-forward-measurement
fe9faa4f-70bd-4b0b-99d4-a778ae54f94c,bf56caf6-544a-4d1c-8499-ccbd48a30905,2026-09-11T18:15:15Z,FanDuel Sportsbook structured market feed,,VA,NFL,36053582,Tampa Bay Buccaneers @ Cincinnati Bengals,2026-09-13T17:01:00.000Z,FanDuel,751.185673907,receiving_yards,Emeka Egbuka - Receiving Yds,,Emeka Egbuka,48671758,over,56.5,-114,1.87719298245614,0.5327102803738317,open,,,2026-09-11T18:15:15Z,,,,,v3-forward-measurement
fe9faa4f-70bd-4b0b-99d4-a778ae54f94c,17b24313-e6b4-427f-95ca-6be52b263ee4,2026-09-11T18:15:15Z,FanDuel Sportsbook structured market feed,,VA,NFL,36053582,Tampa Bay Buccaneers @ Cincinnati Bengals,2026-09-13T17:01:00.000Z,FanDuel,751.185673907,receiving_yards,Emeka Egbuka - Receiving Yds,,Emeka Egbuka,48671757,under,56.5,-114,1.87719298245614,0.5327102803738317,open,,,2026-09-11T18:15:15Z,,,,,v3-forward-measurement
fe9faa4f-70bd-4b0b-99d4-a778ae54f94c,0c6bbb2f-fb69-4e9c-9913-0d4b24344935,2026-09-11T18:15:15Z,FanDuel Sportsbook structured market feed,,VA,NFL,36053582,Tampa Bay Buccaneers @ Cincinnati Bengals,2026-09-13T17:01:00.000Z,FanDuel,751.185673780,receiving_yards,Chase Brown - Receiving Yds,,Chase Brown,41072627,over,23.5,-114,1.87719298245614,0.5327102803738317,open,,,2026-09-11T18:15:15Z,,,,,v3-forward-measurement
fe9faa4f-70bd-4b0b-99d4-a778ae54f94c,e8caf54d-5130-4cf4-a64d-8bc1b6c0470e,2026-09-11T18:15:15Z,FanDuel Sportsbook structured market feed,,VA,NFL,36053582,Tampa Bay Buccaneers @ Cincinnati Bengals,2026-09-13T17:01:00.000Z,FanDuel,751.185673780,receiving_yards,Chase Brown - Receiving Yds,,Chase Brown,41072629,under,23.5,-114,1.87719298245614,0.5327102803738317,open,,,2026-09-11T18:15:15Z,,,,,v3-forward-measurement
fe9faa4f-70bd-4b0b-99d4-a778ae54f94c,9bc3d42e-73cb-4c27-9e40-7ffaa280f809,2026-09-11T18:15:15Z,FanDuel Sportsbook structured market feed,,VA,NFL,36053582,Tampa Bay Buccaneers @ Cincinnati Bengals,2026-09-13T17:01:00.000Z,FanDuel,751.185673781,receptions,Mike Gesicki - Total Receptions,,Mike Gesicki,16580234,over,2.5,124,2.24,0.44642857142857145,open,,,2026-09-11T18:15:15Z,,,,,v3-forward-measurement
fe9faa4f-70bd-4b0b-99d4-a778ae54f94c,f508d5d5-6077-4ef7-93fd-f110c848719b,2026-09-11T18:15:15Z,FanDuel Sportsbook structured market feed,,VA,NFL,36053582,Tampa Bay Buccaneers @ Cincinnati Bengals,2026-09-13T17:01:00.000Z,FanDuel,751.185673781,receptions,Mike Gesicki - Total Receptions,,Mike Gesicki,16580235,under,2.5,-166,1.602409638554217,0.6240601503759399,open,,,2026-09-11T18:15:15Z,,,,,v3-forward-measurement
fe9faa4f-70bd-4b0b-99d4-a778ae54f94c,5841b442-a31b-4003-a29e-dc3c87f93456,2026-09-11T18:15:15Z,FanDuel Sportsbook structured market feed,,VA,NFL,36053582,Tampa Bay Buccaneers @ Cincinnati Bengals,2026-09-13T17:01:00.000Z,FanDuel,751.185673863,receptions,Samaje Perine - Total Receptions,,Samaje Perine,15499370,over,1.5,140,2.4,0.4166666666666667,open,,,2026-09-11T18:15:15Z,,,,,v3-forward-measurement
fe9faa4f-70bd-4b0b-99d4-a778ae54f94c,04fb2afc-93e1-4c2c-b6f7-1e8c54d38713,2026-09-11T18:15:15Z,FanDuel Sportsbook structured market feed,,VA,NFL,36053582,Tampa Bay Buccaneers @ Cincinnati Bengals,2026-09-13T17:01:00.000Z,FanDuel,751.185673863,receptions,Samaje Perine - Total Receptions,,Samaje Perine,15499371,under,1.5,-188,1.531914893617021,0.6527777777777778,open,,,2026-09-11T18:15:15Z,,,,,v3-forward-measurement
fe9faa4f-70bd-4b0b-99d4-a778ae54f94c,aa476f2f-31df-4086-a159-edf8b8fad7bc,2026-09-11T18:15:15Z,FanDuel Sportsbook structured market feed,,VA,NFL,36053582,Tampa Bay Buccaneers @ Cincinnati Bengals,2026-09-13T17:01:00.000Z,FanDuel,751.185673941,receiving_yards,Samaje Perine - Receiving Yds,,Samaje Perine,15499370,over,6.5,-114,1.87719298245614,0.5327102803738317,open,,,2026-09-11T18:15:15Z,,,,,v3-forward-measurement
fe9faa4f-70bd-4b0b-99d4-a778ae54f94c,7c1961f4-4cd0-4a01-abcd-c28cf16c6cfa,2026-09-11T18:15:15Z,FanDuel Sportsbook structured market feed,,VA,NFL,36053582,Tampa Bay Buccaneers @ Cincinnati Bengals,2026-09-13T17:01:00.000Z,FanDuel,751.185673941,receiving_yards,Samaje Perine - Receiving Yds,,Samaje Perine,15499371,under,6.5,-114,1.87719298245614,0.5327102803738317,open,,,2026-09-11T18:15:15Z,,,,,v3-forward-measurement
fe9faa4f-70bd-4b0b-99d4-a778ae54f94c,666a95fe-33f6-4875-b9f0-e1f49d8e521f,2026-09-11T18:15:15Z,FanDuel Sportsbook structured market feed,,VA,NFL,36053582,Tampa Bay Buccaneers @ Cincinnati Bengals,2026-09-13T17:01:00.000Z,FanDuel,751.185673828,receptions,Bucky Irving - Total Receptions,,Bucky Irving,49541847,over,2.5,148,2.48,0.4032258064516129,open,,,2026-09-11T18:15:15Z,,,,,v3-forward-measurement
fe9faa4f-70bd-4b0b-99d4-a778ae54f94c,bf98a754-2ad9-47b6-9edf-723645c66a5a,2026-09-11T18:15:15Z,FanDuel Sportsbook structured market feed,,VA,NFL,36053582,Tampa Bay Buccaneers @ Cincinnati Bengals,2026-09-13T17:01:00.000Z,FanDuel,751.185673828,receptions,Bucky Irving - Total Receptions,,Bucky Irving,49541845,under,2.5,-200,1.5,0.6666666666666666,open,,,2026-09-11T18:15:15Z,,,,,v3-forward-measurement
fe9faa4f-70bd-4b0b-99d4-a778ae54f94c,b25f80ab-c4f3-4917-a8c4-76ac48f2fd2e,2026-09-11T18:15:15Z,FanDuel Sportsbook structured market feed,,VA,NFL,36053582,Tampa Bay Buccaneers @ Cincinnati Bengals,2026-09-13T17:01:00.000Z,FanDuel,751.185673939,receiving_yards,Bucky Irving - Receiving Yds,,Bucky Irving,49541847,over,13.5,-114,1.87719298245614,0.5327102803738317,open,,,2026-09-11T18:15:15Z,,,,,v3-forward-measurement
fe9faa4f-70bd-4b0b-99d4-a778ae54f94c,25871469-a341-4e50-b6e1-a7f79868ab14,2026-09-11T18:15:15Z,FanDuel Sportsbook structured market feed,,VA,NFL,36053582,Tampa Bay Buccaneers @ Cincinnati Bengals,2026-09-13T17:01:00.000Z,FanDuel,751.185673939,receiving_yards,Bucky Irving - Receiving Yds,,Bucky Irving,49541845,under,13.5,-114,1.87719298245614,0.5327102803738317,open,,,2026-09-11T18:15:15Z,,,,,v3-forward-measurement
fe9faa4f-70bd-4b0b-99d4-a778ae54f94c,5b53e766-9cf5-432f-a2a8-9baace2f2f2a,2026-09-11T18:15:15Z,FanDuel Sportsbook structured market feed,,VA,NFL,36053582,Tampa Bay Buccaneers @ Cincinnati Bengals,2026-09-13T17:01:00.000Z,FanDuel,751.185975906,receptions,Andrei Iosivas - Total Receptions,,Andrei Iosivas,60677693,over,1.5,-114,1.87719298245614,0.5327102803738317,open,,,2026-09-11T18:15:15Z,,,,,v3-forward-measurement
fe9faa4f-70bd-4b0b-99d4-a778ae54f94c,702386ab-e4f0-427d-bd93-5eee2576c81c,2026-09-11T18:15:15Z,FanDuel Sportsbook structured market feed,,VA,NFL,36053582,Tampa Bay Buccaneers @ Cincinnati Bengals,2026-09-13T17:01:00.000Z,FanDuel,751.185975906,receptions,Andrei Iosivas - Total Receptions,,Andrei Iosivas,60677692,under,1.5,-114,1.87719298245614,0.5327102803738317,open,,,2026-09-11T18:15:15Z,,,,,v3-forward-measurement
fe9faa4f-70bd-4b0b-99d4-a778ae54f94c,6b1fb402-f130-4889-bce2-e8eb9b9c91b9,2026-09-11T18:15:15Z,FanDuel Sportsbook structured market feed,,VA,NFL,36053582,Tampa Bay Buccaneers @ Cincinnati Bengals,2026-09-13T17:01:00.000Z,FanDuel,751.185975903,receiving_yards,Andrei Iosivas - Receiving Yds,,Andrei Iosivas,60677693,over,15.5,-114,1.87719298245614,0.5327102803738317,open,,,2026-09-11T18:15:15Z,,,,,v3-forward-measurement
fe9faa4f-70bd-4b0b-99d4-a778ae54f94c,9b4b1508-30b5-406f-8894-13e80eae00a6,2026-09-11T18:15:15Z,FanDuel Sportsbook structured market feed,,VA,NFL,36053582,Tampa Bay Buccaneers @ Cincinnati Bengals,2026-09-13T17:01:00.000Z,FanDuel,751.185975903,receiving_yards,Andrei Iosivas - Receiving Yds,,Andrei Iosivas,60677692,under,15.5,-114,1.87719298245614,0.5327102803738317,open,,,2026-09-11T18:15:15Z,,,,,v3-forward-measurement
fe9faa4f-70bd-4b0b-99d4-a778ae54f94c,0f8c4f84-7f98-41ca-879e-7c99089d68e0,2026-09-11T18:15:15Z,FanDuel Sportsbook structured market feed,,VA,NFL,36053582,Tampa Bay Buccaneers @ Cincinnati Bengals,2026-09-13T17:01:00.000Z,FanDuel,751.185673775,receiving_yards,Mike Gesicki - Receiving Yds,,Mike Gesicki,16580234,over,21.5,-114,1.87719298245614,0.5327102803738317,open,,,2026-09-11T18:15:15Z,,,,,v3-forward-measurement
fe9faa4f-70bd-4b0b-99d4-a778ae54f94c,03d6cabd-0ece-4586-8196-2630d01ecc0b,2026-09-11T18:15:15Z,FanDuel Sportsbook structured market feed,,VA,NFL,36053582,Tampa Bay Buccaneers @ Cincinnati Bengals,2026-09-13T17:01:00.000Z,FanDuel,751.185673775,receiving_yards,Mike Gesicki - Receiving Yds,,Mike Gesicki,16580235,under,21.5,-114,1.87719298245614,0.5327102803738317,open,,,2026-09-11T18:15:15Z,,,,,v3-forward-measurement
fe9faa4f-70bd-4b0b-99d4-a778ae54f94c,c6786465-11e6-4ab1-b65c-8b64aef344e3,2026-09-11T18:15:15Z,FanDuel Sportsbook structured market feed,,VA,NFL,36053582,Tampa Bay Buccaneers @ Cincinnati Bengals,2026-09-13T17:01:00.000Z,FanDuel,751.185673731,receptions,Chris Godwin - Total Receptions,,Chris Godwin,20781116,over,4.5,110,2.1,0.47619047619047616,open,,,2026-09-11T18:15:15Z,,,,,v3-forward-measurement
fe9faa4f-70bd-4b0b-99d4-a778ae54f94c,afea22b4-8070-4493-95f2-450b55a8287d,2026-09-11T18:15:15Z,FanDuel Sportsbook structured market feed,,VA,NFL,36053582,Tampa Bay Buccaneers @ Cincinnati Bengals,2026-09-13T17:01:00.000Z,FanDuel,751.185673731,receptions,Chris Godwin - Total Receptions,,Chris Godwin,20781117,under,4.5,-146,1.684931506849315,0.5934959349593496,open,,,2026-09-11T18:15:15Z,,,,,v3-forward-measurement
fe9faa4f-70bd-4b0b-99d4-a778ae54f94c,9b9fcd55-ef07-44a0-b52d-8b1e1385ffa1,2026-09-11T18:15:15Z,FanDuel Sportsbook structured market feed,,VA,NFL,36053582,Tampa Bay Buccaneers @ Cincinnati Bengals,2026-09-13T17:01:00.000Z,FanDuel,751.185673897,receptions,Kenneth Gainwell - Total Receptions,,Kenneth Gainwell,40915793,over,3.5,110,2.1,0.47619047619047616,open,,,2026-09-11T18:15:15Z,,,,,v3-forward-measurement
fe9faa4f-70bd-4b0b-99d4-a778ae54f94c,314f2d90-c512-42e0-aae9-02ee0121be28,2026-09-11T18:15:15Z,FanDuel Sportsbook structured market feed,,VA,NFL,36053582,Tampa Bay Buccaneers @ Cincinnati Bengals,2026-09-13T17:01:00.000Z,FanDuel,751.185673897,receptions,Kenneth Gainwell - Total Receptions,,Kenneth Gainwell,40915796,under,3.5,-146,1.684931506849315,0.5934959349593496,open,,,2026-09-11T18:15:15Z,,,,,v3-forward-measurement
fe9faa4f-70bd-4b0b-99d4-a778ae54f94c,66306cb9-d281-4a6a-8658-a6f6c844659f,2026-09-11T18:15:15Z,FanDuel Sportsbook structured market feed,,VA,NFL,36053582,Tampa Bay Buccaneers @ Cincinnati Bengals,2026-09-13T17:01:00.000Z,FanDuel,751.185673930,receptions,Ja'Marr Chase - Total Receptions,,Ja'Marr Chase,40890769,over,7.5,116,2.16,0.46296296296296297,open,,,2026-09-11T18:15:15Z,,,,,v3-forward-measurement
fe9faa4f-70bd-4b0b-99d4-a778ae54f94c,c029ad11-966d-48bc-8512-da1a44ad0d35,2026-09-11T18:15:15Z,FanDuel Sportsbook structured market feed,,VA,NFL,36053582,Tampa Bay Buccaneers @ Cincinnati Bengals,2026-09-13T17:01:00.000Z,FanDuel,751.185673930,receptions,Ja'Marr Chase - Total Receptions,,Ja'Marr Chase,40890768,under,7.5,-154,1.649350649350649,0.6062992125984252,open,,,2026-09-11T18:15:15Z,,,,,v3-forward-measurement
fe9faa4f-70bd-4b0b-99d4-a778ae54f94c,6e2f75df-fb84-486b-ae73-e0ea35f7daab,2026-09-11T18:15:15Z,FanDuel Sportsbook structured market feed,,VA,NFL,36053582,Tampa Bay Buccaneers @ Cincinnati Bengals,2026-09-13T17:01:00.000Z,FanDuel,751.185673778,receiving_yards,Ja'Marr Chase - Receiving Yds,,Ja'Marr Chase,40890769,over,85.5,-114,1.87719298245614,0.5327102803738317,open,,,2026-09-11T18:15:15Z,,,,,v3-forward-measurement
fe9faa4f-70bd-4b0b-99d4-a778ae54f94c,29b7445e-b1fb-443b-8455-ca32f350591d,2026-09-11T18:15:15Z,FanDuel Sportsbook structured market feed,,VA,NFL,36053582,Tampa Bay Buccaneers @ Cincinnati Bengals,2026-09-13T17:01:00.000Z,FanDuel,751.185673778,receiving_yards,Ja'Marr Chase - Receiving Yds,,Ja'Marr Chase,40890768,under,85.5,-114,1.87719298245614,0.5327102803738317,open,,,2026-09-11T18:15:15Z,,,,,v3-forward-measurement
