player,player_id,position,team_name,player_game_count,assists,forced_fumbles,franchise_id,hits,interceptions,pass_break_ups,sacks,tackles
James Camden,53418,LB,W MICHIGAN,2,5,0,347,1,0,0,1,6
Malik Denkins,55516,ED,C MICHIGAN,1,0,0,134,0,0,0,0,1
Mister Williams,70521,LB,S DIEGO ST,1,1,0,284,0,0,0,0,0
Korey Foreman,70831,ED,FRESNO ST,1,0,0,169,0,0,0,0,0
Domani Jackson,71370,CB,ALABAMA,2,1,1,103,0,0,0,0,5
Keanu Tanuvasa,71398,DI,BYU,2,4,0,128,0,0,0,0,0
DJ Harvey,72089,CB,USC,1,1,0,326,0,0,1,0,3
Raider Damuni,72338,S,BYU,2,3,0,128,0,0,0,0,9
Justin Flowe,72388,LB,UNLV,2,0,0,325,0,0,0,0,1
Ian Shewell,72474,DI,ARIZONA ST,1,0,0,110,0,0,0,0,0
Jadon Pearson,72538,LB,FRESNO ST,1,2,1,169,0,0,0,0,6
Marco Notarainni,73389,LB,BOISE ST,2,3,1,120,1,0,0,2,9
Cory Hall,73699,DI,UNLV,1,0,0,325,0,0,0,0,0
Justin Sinclair,74258,S,HAWAII,1,0,0,180,0,0,0,0,0
Zion Branch,74395,S,GEORGIA,1,1,0,173,0,0,1,0,4
Silas Walters,75263,S,MIAMI OH,2,7,0,221,0,0,0,0,9
Moroni Anae,81437,LB,UTAH,1,2,0,328,0,0,0,0,6
Jayden Dunlap,85725,CB,BYU,2,0,0,128,0,0,0,0,1
Kalib Perry,86267,LB,LOUISVILLE,1,1,0,210,0,0,0,0,2
Blake Ruffin,86298,S,LOUISVILLE,1,0,0,210,0,0,0,0,1
Ceyair Wright,86877,CB,NEBRASKA,1,1,0,238,0,0,0,0,4
Ose Egbase,90529,ED,UNLV,2,0,0,325,0,0,0,0,0
Cam Ross,97105,WR,VIRGINIA,1,0,0,335,0,0,0,0,0
Mohamed Toure,97751,LB,MIAMI FL,3,6,0,220,2,0,2,0,19
Zaylin Wood,97761,DI,VANDERBILT,1,1,0,333,1,0,0,0,2
Mark Davis,97886,CB,VANDERBILT,1,0,0,333,0,0,1,0,2
Anthonie Cooper,97970,DI,ARIZONA ST,1,0,0,110,0,0,0,0,0
Jalen Catalon,98867,S,MISSOURI,1,2,0,229,0,0,0,0,2
Isaiah Gibson Sr.,98952,DI,SO MISS,1,0,0,296,0,0,0,0,2
Brandon Mack II,99105,ED,HOUSTON,1,3,0,182,0,0,0,0,0
Will Jones II,99276,S,N TEXAS,2,7,2,251,0,1,0,0,16
Isheem Young,99281,S,MEMPHIS,1,0,0,218,0,0,0,0,0
Virdel Edwards II,99286,CB,HAWAII,1,2,0,180,0,0,1,0,4
Deshawn McCuin,99502,CB,S DIEGO ST,1,0,0,284,0,0,1,0,2
Antonio Clary,99757,S,VIRGINIA,2,4,0,335,0,0,1,0,6
Rico Watson III,99809,ED,USF,1,0,0,327,1,0,0,1,6
Blaine Spires,100324,ED,PITTSBURGH,1,1,0,268,1,0,0,0,0
De'Jon Benton,100445,DI,HAWAII,1,0,0,180,2,0,0,0,2
Levani Damuni,100457,LB,UTAH,1,2,0,328,0,0,0,1,4
Javin Wright,101373,LB,NEBRASKA,1,1,0,238,0,0,0,0,1
Jalen Hunt,101456,ED,CINCINNATI,1,0,0,138,0,0,0,0,2
Tate Hallock,101668,S,W MICHIGAN,2,4,0,347,0,1,0,0,5
Rushawn Lawrence,101911,DI,MINNESOTA,1,0,0,225,0,0,0,0,0
Brendan Harrington,102848,LB,GA SOUTHRN,1,6,0,174,0,0,0,0,5
Logan Lutui,103655,ED,BYU,2,1,0,128,1,0,1,0,5
Jalen Bell,106404,DI,MEMPHIS,1,1,0,218,0,0,0,0,0
Tra Thomas,116043,ED,NC STATE,1,0,0,248,1,0,0,1,0
Elijah Culp,121345,CB,JAMES MAD,1,0,0,197,0,0,0,0,9
Sam Howard,121351,LB,TULANE,1,2,0,319,0,0,0,1,2
Corbet Mims,121534,ED,JVILLE ST,1,1,0,196,0,0,0,0,0
Channing Canada,121668,CB,TCU,1,0,0,305,0,1,0,0,2
Jayshaun Coffman,121726,DI,LOUISVILLE,1,0,0,210,0,0,0,0,0
JoJo Evans Jr.,121728,S,LOUISVILLE,1,1,0,210,0,0,0,1,6
Jori Benson,122053,DI,W MICHIGAN,1,0,0,347,0,0,0,0,0
Rodney Johnson,122103,CB,LOUISVILLE,1,2,0,210,0,0,0,0,4
Fred Davis II,122146,CB,NWESTERN,1,1,0,256,0,0,0,0,1
Tre Williams,122165,DI,MICHIGAN,1,0,0,222,0,0,0,0,1
Jamar Rucks,122252,ED,KENNESAW,1,0,0,200,0,0,0,0,0
Tony Anyanwu,122261,ED,RICE,1,1,0,275,0,0,0,2,7
A.J. McCarty,122274,CB,TEXAS TECH,1,0,0,315,0,0,0,0,1
Devin Neal,122278,S,VIRGINIA,2,6,0,335,0,0,2,0,15
Marques Watson-Trent,122461,LB,NEBRASKA,1,2,0,238,0,0,0,0,2
Jason Moore,122491,DI,GA TECH,1,0,0,176,1,0,0,0,0
Akelo Stone,122499,DI,GA TECH,1,0,0,176,0,0,0,0,2
Karon Prunty,122574,CB,WAKE,1,0,0,339,0,0,0,1,6
Caleb Anderson,122629,CB,MICHIGAN,1,0,0,222,0,0,0,0,0
Courtline Flowers,122635,CB,LA LAFAYET,1,0,0,207,0,0,1,0,1
Jordan Lawson,122647,ED,LA LAFAYET,1,0,0,207,0,0,0,0,4
Dominique Ratcliff,122655,DI,INDIANA,4,1,0,190,0,0,0,1,2
Tyree Skipper,122660,S,LA LAFAYET,1,4,0,207,0,0,1,0,3
Kershawn Fisher,122670,ED,W MICHIGAN,2,0,0,347,1,0,0,1,2
Keveion'ta Spears,122687,DI,SMU,1,0,0,287,0,0,0,0,2
Cedric Woods,122690,CB,LA TECH,1,0,0,208,1,0,1,0,2
Tahj Chambers,122740,LB,OLE MISS,2,4,0,226,1,0,0,0,9
Kedrick Bingley-Jones,122821,DI,MISS STATE,1,1,0,227,0,0,0,0,0
Devan Boykin,122855,S,INDIANA,4,1,0,190,0,0,1,2,11
Aidan Keanaaina,122903,DI,CAL,1,2,0,130,0,0,0,0,0
Caleb Offord,122908,CB,KENNESAW,2,3,0,200,0,1,1,0,8
Noah Arinze,122917,ED,COAST CAR,1,2,0,141,0,0,0,0,4
Reggie Grimes II,122927,ED,MEMPHIS,1,0,0,218,0,0,0,0,0
Rashad Battle,123003,CB,PITTSBURGH,1,1,0,268,0,0,0,0,1
Leon Lowery Jr.,123045,ED,ILLINOIS,1,0,0,187,0,0,0,0,2
Trebor Pena,123051,WR,PENN STATE,1,0,0,266,0,0,0,0,0
Bud Clark,123066,S,TCU,1,2,0,305,0,0,2,0,1
Prince Dorbah,123113,ED,ARIZONA ST,1,0,0,110,0,0,0,0,0
Sawyer Goram-Welch,123116,DI,COAST CAR,1,3,0,141,0,0,0,0,0
Everitt Rogers,123261,DI,HOUSTON,1,0,0,182,0,0,0,0,0
Mac Harris,123285,LB,USF,1,0,0,327,1,0,0,0,3
Ben Knox,123286,CB,USF,1,1,0,327,0,0,0,0,1
Justin Beadles,123341,ED,LOUISVILLE,1,0,0,210,0,0,0,0,0
Alec Bryant,123343,ED,ILLINOIS,1,2,0,187,0,0,0,0,0
Nick Andersen,123370,S,WAKE,1,4,0,339,0,0,0,1,6
Akheem Mesidor,123427,ED,MIAMI FL,3,2,0,220,0,0,0,4,8
Aaron Key,123454,LB,UCONN,1,0,0,146,0,0,0,0,0
Ben Blevins,123556,LB,CINCINNATI,1,0,0,138,0,0,0,0,0
Justin Wodtly,123586,ED,ARIZONA ST,1,3,0,110,3,0,0,1,2
Luis Medina,123715,DI,TROY,2,0,0,318,0,0,0,0,1
Josh Celiscar,123738,DI,USF,1,0,0,327,0,0,0,0,4
Kervins Choute,123739,DI,UCONN,1,1,0,146,1,0,0,0,3
Jaiden Francois,123745,CB,DUKE,2,0,0,154,0,0,0,0,5
Olasunkonmi Agunloye,123766,DI,FIU,1,0,0,166,0,0,0,0,0
Jahmeer Carter,123770,DI,VIRGINIA,2,3,0,335,0,0,0,0,3
Dave Herard,123779,S,W KENTUCKY,1,0,0,346,1,0,0,0,1
Teagan Wilk,123843,S,E CAROLINA,1,1,1,156,0,0,0,0,8
Eric Thomas Jr.,123966,ED,SO MISS,1,0,0,296,0,0,0,0,1
Romello Height,123988,ED,TEXAS TECH,2,0,0,315,2,0,0,1,5
Patrick Taylor,124041,CB,JVILLE ST,1,0,0,196,0,0,0,0,0
Jacobian Guillory II,124097,DI,LSU,1,0,0,211,0,0,0,0,0
Armondous Cooley,124161,DI,TULANE,1,0,0,319,0,0,0,0,0
Dominick Hill,124239,S,SO MISS,1,0,0,296,0,0,0,0,0
Dominic Bailey,124267,ED,TENNESSEE,1,0,0,307,0,0,0,0,0
Bryson Eason,124276,DI,TENNESSEE,1,2,0,307,1,0,1,0,4
William Wright,124304,CB,TENNESSEE,1,1,0,307,0,0,1,0,6
Josh Moten,124332,CB,SO MISS,1,0,0,296,0,0,1,0,3
Devin Price,124339,WR,OLE MISS,1,0,0,226,0,0,0,0,0
Jalen Lee,124385,DI,UNLV,2,1,0,325,0,0,0,0,3
Jack Tchienchou,124782,S,TULANE,1,1,1,319,0,1,0,0,7
Juandarion Silas,124924,LB,KENNESAW,1,0,0,200,0,0,0,0,0
Michael Mack II,125273,CB,OHIO,1,4,0,259,0,0,0,0,1
Cole Wisniewski,125313,S,TEXAS TECH,2,3,0,315,0,0,0,0,11
Jeremiah Williams,125842,CB,RICE,1,0,0,275,0,0,0,0,0
Langston Patterson,126465,LB,VANDERBILT,1,4,0,333,0,0,0,0,5
Tyler Gant,126535,DI,NWESTERN,1,0,0,256,0,0,0,0,1
Justin Weaver,126597,CB,ARMY,1,0,0,114,0,0,0,0,2
Donovan Rieman,126620,ED,LA TECH,1,0,0,208,0,0,0,0,1
Avyonne Jones,127249,S,COAST CAR,1,3,0,141,0,0,0,0,5
Riley Wilson,128218,ED,ARIZONA,1,0,0,109,0,2,0,0,1
Teivis Tuioti,128247,DI,S DIEGO ST,1,0,0,284,0,0,0,0,0
Tavian Combs,128258,S,NEW MEXICO,1,1,0,241,0,0,0,0,3
Waisale Muavesi,128364,DI,UNLV,2,2,0,325,0,0,0,0,1
Sabastian Harsh,128416,ED,NC STATE,1,3,0,248,2,0,0,0,2
Michael Boudoin III,128789,LB,TEXAS ST,1,1,0,314,0,0,0,0,2
Mason Green,128892,ED,NWESTERN,1,0,0,256,0,0,0,1,0
Jayden Marable,129183,DI,MEMPHIS,1,0,0,218,0,0,0,0,1
Mose Phillips III,129334,S,MISSOURI,1,1,0,229,0,0,0,0,1
Brenden Deasfernandes,129465,CB,C MICHIGAN,1,0,0,134,0,0,3,0,2
Ethan Hurkett,129471,ED,IOWA,1,0,0,192,0,0,0,2,0
Devyn King,129521,CB,HAWAII,1,0,0,180,0,0,0,0,4
Nikhai Hill-Green,129582,LB,ALABAMA,2,5,0,103,0,0,0,0,9
Avery Dunn,129611,ED,TOLEDO,1,0,0,316,0,0,0,1,2
Jasiyah Robinson,129632,ED,E CAROLINA,1,2,0,156,0,0,0,2,1
Lucas Finnessy,129651,ED,MINNESOTA,1,1,0,225,0,0,0,0,1
Jalen Logan-Redding,129661,DI,MINNESOTA,1,2,0,225,0,0,0,0,3
Marquis Black,129675,DI,UCONN,1,0,0,146,0,0,0,1,2
Jimari Butler,129679,ED,LSU,1,1,0,211,1,0,0,0,2
Tamon Lynum,129699,CB,PITTSBURGH,1,0,0,268,0,0,0,0,1
Jaheem Joseph,129726,S,UNLV,2,2,0,325,0,0,0,0,12
Darrion Henry-Young,129748,ED,COAST CAR,1,0,0,141,0,0,0,0,0
Mitchell Melton,129753,ED,VIRGINIA,2,0,0,335,1,0,0,0,5
Cole Brevard,129766,DI,TEXAS,1,1,0,311,0,0,0,0,0
Antonio Stevens,129833,S,KENNESAW,1,0,0,200,0,0,0,0,1
Andrew Awe,129839,LB,RICE,1,1,0,275,1,0,0,1,7
Jordan Dunbar,129844,CB,MO STATE,1,0,0,230,0,0,0,0,0
James Thompson Jr.,129930,DI,ILLINOIS,1,2,0,187,0,0,0,1,4
Luke Murphy,130498,LB,COAST CAR,1,1,0,141,0,0,0,0,2
Devin Lafayette,130562,S,TROY,2,4,0,318,0,0,0,0,10
Ray Thomas,130580,DI,MISS STATE,1,0,0,227,0,0,0,0,0
Jaelen Crider,130616,DI,LA LAFAYET,1,0,0,207,0,0,0,0,2
Martez Poynter,130629,DI,TOLEDO,1,2,0,316,0,0,0,1,3
Jaxson Campbell,131100,CB,NAVY,1,0,0,237,0,0,0,0,1
Brian Booker,131222,DI,NEW MEXICO,1,0,0,241,0,0,0,1,1
Ashton Levells-Mitchell,131257,CB,FIU,1,0,0,166,0,0,0,0,3
Treylin Payne,131350,LB,TEXAS ST,1,1,0,314,1,0,0,0,4
DJ Taylor Jr.,131630,CB,TEXAS ST,1,0,0,314,0,0,0,0,0
Stanley Saole-McKenzie,131656,DI,CAL,1,0,0,130,0,0,0,0,1
Logan Sagapolu,131721,DI,WASHINGTON,1,0,0,340,0,0,0,0,1
John Miller,131744,LB,UTAH ST,1,6,0,329,1,0,0,1,7
Omari Porter,131778,CB,RICE,1,0,0,275,0,0,0,0,0
Jamar Sekona,131836,DI,HAWAII,1,0,0,180,0,0,0,0,0
Sione Fotu,131853,LB,HOUSTON,1,0,0,182,0,0,0,0,1
Aliki Vimahi,131883,DI,UTAH,1,0,0,328,0,0,0,1,2
Makell Esteen,131892,S,WASHINGTON,1,0,0,340,0,0,0,0,2
Anthony Ward,131919,LB,WASHINGTON,1,0,0,340,0,0,0,0,0
Jackson Lataimua,131939,S,N TEXAS,1,0,0,251,0,0,0,0,2
Gabriel Lopez,131942,DI,NEW MEXICO,1,0,0,241,1,0,0,0,0
Jarvarius Sims,132298,CB,W MICHIGAN,2,1,0,347,0,0,0,0,9
Brenden Jordan,133060,S,TEXAS TECH,2,1,0,315,0,0,0,0,11
Anas Luqman,133626,ED,OHIO,1,0,0,259,1,0,0,1,0
Jaydan Mayes,133971,CB,ARMY,1,1,0,114,0,0,0,0,1
Daniel Rickert,138135,ED,VIRGINIA,2,1,1,335,0,0,0,1,1
Jacob Ferguson,138274,ED,GA SOUTHRN,1,0,0,174,1,0,0,0,3
Isaiah Green,138276,DI,MEMPHIS,1,0,0,218,0,0,0,0,0
Caleb Francl,138302,S,WASH STATE,1,1,0,341,1,0,0,0,7
Randy Keumogne,138305,ED,MICHIGAN,1,0,0,222,0,0,0,0,0
Cale Reeder,138314,S,WASH STATE,1,0,0,341,0,0,0,0,1
Jaidyn Denis,138406,CB,MEMPHIS,1,0,0,218,0,0,0,0,0
Dylan Tucker,138424,CB,UTAH ST,1,0,0,329,0,1,0,0,7
Mikail Kamara,138455,ED,INDIANA,4,7,0,190,2,0,0,1,4
Seth Naotala,138461,LB,DOMINION,1,3,0,263,0,0,0,0,6
Isaiah Wadsworth,139159,CB,TULANE,1,0,0,319,0,0,1,0,0
Dante Thomas,139527,S,COAST CAR,1,0,1,141,0,0,0,0,3
Trey Fields,139541,LB,N TEXAS,1,4,0,251,0,0,0,0,8
Briceon Hayes,139544,ED,N TEXAS,2,1,0,251,0,0,0,0,1
Richard Outland Jr.,139558,DI,N TEXAS,2,0,0,251,0,0,0,0,1
Carlos Allen Jr.,141334,DI,HOUSTON,1,1,0,182,0,0,0,1,2
Malakai Williams,141577,ED,BOISE ST,2,0,0,120,1,0,0,0,0
Okiki Olorunfunmi,141716,DI,NEW MEXICO,1,0,0,241,0,0,0,0,2
Andre Fuller,141775,CB,TOLEDO,1,1,0,316,0,0,1,0,3
Dontae Lunan,142071,LB,COAST CAR,1,1,0,141,0,0,0,0,3
Kavir Bains-Marquez,142177,S,PITTSBURGH,1,3,0,268,0,0,0,0,0
Jack Hall,142249,ED,DELAWARE,1,3,0,151,0,0,0,0,2
Ethan Saunders,142265,ED,DELAWARE,1,1,0,151,0,0,0,0,2
Dillon Trainer,142269,LB,DELAWARE,1,0,0,151,0,0,0,0,1
Chance Graves,142349,CB,E CAROLINA,1,0,0,156,0,0,0,0,0
Mike Nwokocha,143510,DI,TEXAS ST,1,0,0,314,0,0,0,0,0
Tre Freeman,143853,LB,DUKE,2,3,0,154,0,0,0,0,5
Aaron Hall,143855,DI,DUKE,2,4,0,154,0,0,0,0,5
Omarion Cooper,143877,CB,MEMPHIS,1,1,0,218,0,0,0,0,3
Patrick Payton,143893,ED,LSU,1,0,0,211,0,0,0,0,2
Hunter Washington,143898,S,MISS STATE,1,1,0,227,0,0,0,0,5
Jabari Ishmael,143944,ED,SO MISS,1,0,0,296,0,0,0,0,0
Chase Smith,143952,LB,MIAMI FL,3,1,0,220,1,0,0,0,2
Dontae Balfour,143957,CB,TEXAS TECH,1,0,0,315,0,0,0,0,0
TyMir Brown,143960,CB,E CAROLINA,1,1,0,156,0,0,0,0,2
Keeshawn Silver,143979,DI,USC,1,0,0,326,0,0,0,1,2
Nate Evans,143991,CB,DELAWARE,1,1,0,151,0,1,1,0,6
Caden Fordham,143992,LB,NC STATE,1,2,0,248,0,1,0,0,9
Travali Price,144002,DI,NC STATE,1,0,0,248,0,0,0,0,0
Javon McIntyre,144029,S,PITTSBURGH,1,2,0,268,0,0,0,0,4
Terry Lockett Jr.,144053,DI,JAMES MAD,1,0,0,197,0,0,0,0,0
CJ McCray,144091,ED,CINCINNATI,1,0,0,138,0,0,0,0,0
Cade Denhoff,144114,ED,CLEMSON,1,2,0,140,1,0,0,0,3
Ryheem Craig,144151,ED,E CAROLINA,1,1,0,156,0,0,0,1,3
TJ Quinn,144173,LB,LOUISVILLE,1,0,0,210,0,0,0,0,7
Quincy Bryant,144181,LB,WAKE,1,1,0,339,0,0,0,0,1
Trey Gooden,144189,DI,LSU,1,1,0,211,0,0,0,0,3
Dylan Hazen,144192,LB,WAKE,1,3,0,339,1,0,0,0,4
DaShawn Jones,144195,CB,ALABAMA,1,0,0,103,0,0,1,0,1
Zach Lohavichan,144196,DI,WAKE,1,0,0,339,0,0,0,0,2
Jack Dingle,144217,LB,CINCINNATI,1,1,0,138,0,0,0,0,6
Jah-Mal Williams,144241,ED,TROY,2,2,0,318,0,0,0,1,2
Jalen Emery,144247,CB,W KENTUCKY,1,1,0,346,0,0,1,0,2
Jalen Garner,144248,LB,HOUSTON,1,1,0,182,0,0,0,0,1
Cam Blaylock,144260,DI,UTSA,1,0,0,331,0,0,0,0,0
Bryce Edmondson,144264,LB,UNLV,2,0,0,325,0,0,0,0,0
Andrew Jones,144268,LB,OLE MISS,2,0,0,226,0,0,0,0,3
William Whitlow Jr.,144288,ED,MEMPHIS,1,1,0,218,0,0,0,0,1
Marcus Bleazard,144293,LB,NAVY,1,0,0,237,0,0,0,0,3
Jalen McMurray,144393,S,TENNESSEE,1,1,0,307,0,0,1,0,1
Bobby Salla Jr.,144398,CB,FIU,1,1,0,166,0,0,0,0,5
Jadon Canady,144405,CB,OREGON,2,1,1,264,0,0,0,0,5
Elijah Champaigne,144407,DI,TULANE,1,0,0,319,0,0,0,0,0
Devean Deal,144411,ED,TCU,1,2,0,305,0,0,0,0,3
Bailey Despanie,144413,S,TULANE,1,0,0,319,0,0,1,0,2
Corey Platt Jr.,144431,LB,HOUSTON,1,0,0,182,0,0,0,0,1
Matthew Alexander,144453,DI,GA TECH,1,0,0,176,0,0,0,0,0
Jaelen Stokes,144498,S,USF,1,1,0,327,0,0,0,0,4
Jayden Gray,144555,ED,W KENTUCKY,1,0,0,346,0,0,0,0,0
Omar Daniels,144605,S,GA TECH,1,2,0,176,0,0,1,0,5
Krew Jackson,144612,LB,ARIZONA ST,1,1,0,110,0,0,0,0,2
Latrell McCutchin Sr.,144639,CB,HOUSTON,1,0,0,182,0,0,0,1,3
Da'Veawn Armstead,144700,CB,N TEXAS,2,2,0,251,0,0,0,0,4
Shad Banks Jr.,144702,LB,UTSA,1,2,0,331,3,0,1,1,5
Terrence Cooks II,144731,LB,TEXAS ST,1,0,0,314,1,0,0,0,2
D.J. Harris,144734,ED,USF,1,1,0,327,0,0,0,0,1
Chief Collins,144767,S,TEXAS TECH,2,0,0,315,0,0,0,0,0
Charles Esters III,144768,ED,TEXAS TECH,2,0,0,315,0,0,0,0,1
Blake Burris,144770,DI,SMU,1,0,0,287,1,0,0,0,0
E'Maurion Banks,144771,DI,TEXAS TECH,2,0,0,315,0,0,0,1,1
Caleb Coleman,144774,CB,NEW MEXICO,1,1,0,241,0,0,1,0,2
Miles Scott,144809,S,ILLINOIS,1,1,0,187,0,0,0,0,4
Tyler Strain,144814,CB,ILLINOIS,1,0,0,187,0,0,0,0,0
Dylan Rosiek,144816,LB,ILLINOIS,1,1,0,187,0,0,0,0,4
Kenenna Odeluga,144818,LB,ILLINOIS,1,2,0,187,0,0,0,0,1
Andrew Turvy,144844,ED,INDIANA,1,1,0,190,0,0,0,0,0
Jaxon Rexroth,144864,LB,IOWA,1,0,0,192,0,0,0,0,0
Jaden Harrell,144871,LB,IOWA,1,0,0,192,0,0,0,0,0
Karson Sharar,144873,LB,IOWA,1,1,0,192,1,0,0,2,2
Max Llewellyn,144874,ED,IOWA,1,0,0,192,1,0,0,0,1
Jeremiah Pittman,144875,DI,IOWA,1,0,0,192,0,0,0,0,0
Branden Jennings,144903,ED,MISS STATE,1,2,0,227,0,0,0,0,3
Rayshaun Benny,144933,DI,MICHIGAN,1,1,0,222,0,0,0,0,1
T.J. Guy,144938,ED,MICHIGAN,1,1,0,222,0,0,0,0,0
Ike Iwunnah,144943,DI,MICHIGAN,1,0,0,222,0,0,0,0,1
Darius Green,144982,S,MINNESOTA,1,1,0,225,0,0,0,0,3
Devon Williams,144984,LB,MINNESOTA,1,4,0,225,1,0,0,0,4
Luther McCoy,144986,DI,HAWAII,1,1,0,180,0,0,0,0,0
Nate Becker,144988,DI,MINNESOTA,1,0,0,225,0,0,0,0,0
Deven Eastern,144989,DI,MINNESOTA,1,0,0,225,0,0,0,0,1
Marques Buford Jr.,145012,S,NEBRASKA,1,1,0,238,0,0,0,0,5
Wynden Ho'ohuli,145015,LB,HAWAII,1,1,0,180,1,0,0,0,7
Derek Branch,145019,S,NEBRASKA,1,0,0,238,0,0,0,0,1
Theran Johnson,145045,CB,OREGON,2,2,0,264,0,0,0,0,2
Garner Wallace,145046,S,NWESTERN,1,0,0,256,0,0,0,0,1
Mac Uihlein,145047,LB,NWESTERN,1,1,1,256,0,0,0,0,8
Aidan Hubbard,145048,ED,NWESTERN,1,0,1,256,1,0,0,3,0
Najee Story,145049,DI,NWESTERN,1,0,0,256,0,0,0,0,1
Carmine Bastone,145050,DI,NWESTERN,1,0,0,256,0,0,0,0,1
Ore Adeyi,145051,CB,NWESTERN,1,0,0,256,0,0,0,0,4
Andre Turrentine,145072,S,TENNESSEE,1,3,0,307,0,0,0,0,1
Jackson Kuwatch,145075,LB,MIAMI OH,2,5,0,221,2,0,0,0,15
Jordan van den Berg,145085,DI,GA TECH,1,1,0,176,0,0,0,0,1
Liam Clifford,145089,WR,PENN STATE,1,0,0,266,0,0,0,0,0
Harrison Wallace III,145090,WR,OLE MISS,1,0,0,226,0,0,0,0,0
Davon Townley Jr.,145091,ED,MO STATE,1,0,0,230,0,0,0,0,0
Dominic DeLuca,145095,LB,PENN STATE,1,1,0,266,1,0,0,0,3
Rodney McGraw,145101,ED,W MICHIGAN,2,0,2,347,3,0,0,2,3
Khordae Sydnor,145124,ED,VANDERBILT,1,0,0,333,0,0,0,0,1
T.J. Bollers,145165,DI,CAL,1,0,0,130,0,0,0,0,0
Jacob Merrifield,145209,DI,USF,1,0,0,327,0,0,0,0,1
Demetrius Hill,145227,S,FIU,1,0,0,166,0,0,0,0,4
Keegan Davis,145234,ED,FIU,1,1,0,166,0,0,0,0,0
Jordan Guerad,145236,DI,LOUISVILLE,1,0,0,210,0,0,0,1,1
Jakobe Thomas,145309,S,MIAMI FL,3,6,0,220,1,1,2,0,15
Sifa Leota,145338,LB,LA TECH,1,1,1,208,1,0,0,1,7
Kris Trinidad,145380,ED,DOMINION,1,1,0,263,0,0,0,1,2
Denzel Lowry,145381,DI,LOUISVILLE,1,0,0,210,0,0,0,0,0
Alonzo Ford Jr.,145383,DI,PENN STATE,1,0,0,266,0,0,0,0,2
Chazz Wallace,145384,DI,NC STATE,1,0,0,248,1,0,0,0,0
Keyshawn Hunter,145385,DI,DELAWARE,1,2,0,151,1,0,0,1,0
Peyton Stevenson,145394,S,RICE,1,2,0,275,0,0,0,0,4
Elroyal Morris III,145406,DI,RICE,1,0,0,275,0,0,0,0,0
Marcus Williams,145407,S,RICE,1,0,0,275,0,0,0,0,1
Brendan Toles,145431,CB,SO MISS,1,1,0,296,0,0,0,0,0
Ronald Triplette,145524,ED,GA TECH,1,0,0,176,0,0,0,0,1
Cam Burden,145551,LB,MEMPHIS,1,1,0,218,0,0,0,0,0
Migo Jackson,145560,DI,NWESTERN,1,0,0,256,0,0,0,1,1
Jairus Mack,145562,WR,W KENTUCKY,1,0,0,346,0,0,0,0,0
Lawai'a Brown,145704,LB,C MICHIGAN,1,0,0,134,0,0,0,0,4
Isaiah Rogers,145706,DI,CINCINNATI,1,0,0,138,0,0,0,0,2
Jonah Pace,145712,DI,IOWA,1,0,0,192,1,0,0,0,0
Jonathan Decker,145715,DI,C MICHIGAN,1,1,0,134,0,0,0,0,2
Dakota Cochran,145721,LB,C MICHIGAN,1,1,0,134,0,0,0,0,3
Michael Heldman,145731,ED,C MICHIGAN,1,1,0,134,0,0,0,0,0
Elijah Rikard,145739,S,C MICHIGAN,1,2,0,134,0,0,0,0,3
Caleb Spann,145742,S,C MICHIGAN,1,0,0,134,0,0,0,0,5
Oscar McWood,145800,LB,MIAMI OH,2,4,0,221,0,0,0,0,7
Nasir Washington,145801,DI,MIAMI OH,2,5,0,221,0,0,0,1,3
Eli Blakey,145820,S,MIAMI OH,2,10,2,221,1,0,0,1,18
Torrie Cox Jr.,145889,CB,ILLINOIS,1,0,0,187,0,0,0,0,3
Bralen Henderson,145897,DI,MISSOURI,1,0,0,229,0,0,0,0,0
Doran Ray Jr.,145913,DI,TOLEDO,1,1,0,316,0,0,0,0,0
Esean Carter,145914,DI,TOLEDO,1,0,0,316,0,0,0,0,2
Jeremiah Peters,145915,ED,TOLEDO,1,1,0,316,0,0,0,0,0
Tyson Lee,145943,ED,W MICHIGAN,2,1,0,347,1,0,0,2,2
Aaron Wofford,145950,CB,W MICHIGAN,2,1,0,347,0,0,2,0,2
Zion Washington,145997,S,BOISE ST,2,3,0,120,1,0,1,0,7
Al'zillion Hamilton,146042,CB,FRESNO ST,1,0,0,169,0,0,0,0,1
Tariq Jones,146073,ED,HAWAII,1,1,0,180,0,0,0,0,2
Drue Watts,146094,LB,MEMPHIS,1,2,0,218,0,0,0,1,3
Dion Washington,146096,DI,BOISE ST,1,0,0,120,0,0,0,0,0
Darrion Dalton,146142,DI,WASH STATE,1,0,0,341,0,0,0,0,0
Dominic Oliver,146147,ED,W KENTUCKY,1,0,0,346,0,0,0,0,1
Brady Anderson,146150,LB,S DIEGO ST,1,1,0,284,0,0,0,0,3
DJ Herman,146162,LB,S DIEGO ST,1,5,0,284,1,0,0,0,6
Bryun Parham,146184,LB,UCONN,1,4,1,146,0,0,0,0,10
Kilinahe Mendiola-Jensen,146198,S,HAWAII,1,3,0,180,1,0,0,0,3
Marsel McDuffie,146212,LB,UNLV,2,7,0,325,0,0,0,0,11
Ike Larsen,146222,S,UTAH ST,1,3,0,329,0,1,0,0,7
Bo Maile,146227,DI,UTAH ST,1,0,0,329,0,0,0,0,1
RJ Regan,146275,S,FRESNO ST,1,1,0,169,0,0,0,0,0
Gharin Stansbury,146281,ED,JVILLE ST,2,1,0,196,0,0,0,0,4
Kaleb Elarms-Orr,146306,LB,TCU,1,6,0,305,0,0,0,0,7
Derek Wilkins,146310,DI,CAL,1,1,0,130,0,0,0,0,2
Tyrin Taylor,146322,CB,JVILLE ST,1,0,0,196,0,1,0,0,2
Trevor Woods,146324,S,JVILLE ST,2,1,0,196,0,0,0,0,1
Jack Kane,146353,S,RICE,1,0,0,275,0,0,0,0,0
Jimmy Wyrick,146370,S,UTSA,1,0,0,331,0,1,0,0,1
Tiaoalii Savea,146408,DI,ARIZONA,1,0,0,109,0,0,0,0,0
Trey Reynolds,146449,LB,UTAH,1,1,0,328,0,0,0,2,1
Simote Pepa,146457,DI,WASHINGTON,1,1,0,340,0,0,0,0,2
De'Zhaun Stribling,146508,WR,OLE MISS,1,0,0,226,0,0,0,0,1
Raam Stevenson,146517,ED,WASH STATE,1,1,0,341,0,0,0,0,1
Gavin Barthiel,146519,LB,WASH STATE,1,2,0,341,2,0,0,1,4
Giovanni Iovino,146522,LB,HAWAII,1,0,0,180,0,0,0,0,3
Avante Dickerson,146536,CB,ARK STATE,1,1,0,113,0,0,0,0,8
Jabril McNeill,146549,ED,TROY,2,0,0,318,0,0,0,0,1
Terrell Tilmon,146564,ED,TEXAS TECH,2,0,0,315,1,0,0,0,1
Keanu Koht,146605,ED,VANDERBILT,1,0,0,333,0,0,0,1,0
Brylan Lanier,146606,S,MISS STATE,1,1,0,227,0,1,0,0,1
Deontae Lawson,146608,LB,ALABAMA,2,2,0,103,0,0,0,1,7
Damon Payne,146611,DI,MICHIGAN,1,0,0,222,0,0,0,0,2
Tim Keenan III,146617,DI,ALABAMA,2,0,0,103,0,0,0,0,6
Ahmari Harvey,146674,CB,GA TECH,1,0,0,176,0,0,0,0,2
Lee Hunter,146676,DI,TEXAS TECH,2,2,0,315,1,0,0,0,10
Chief Borders,146707,ED,UNLV,2,2,0,325,1,0,0,0,4
Nyland Green,146720,CB,ARIZONA ST,1,2,0,110,0,0,3,0,4
David Daniel-Sisavanh,146723,S,TROY,2,2,0,318,0,0,1,0,10
Sage Ryan,146776,S,OLE MISS,2,0,0,226,0,0,0,0,0
Kyndrich Breedlove,146827,CB,ARIZONA ST,1,0,0,110,0,0,1,0,2
Taleeq Robbins,146829,DI,TROY,2,0,0,318,0,0,0,0,0
Tywone Malone Jr.,146832,DI,OHIO STATE,2,0,0,260,0,0,0,0,2
JJ Hawkins,146833,ED,SO MISS,1,0,0,296,1,1,0,0,0
Nic Mitchell,146854,LB,MISS STATE,1,1,0,227,0,0,0,0,5
Deonte Anderson,146861,ED,MISS STATE,1,1,0,227,0,0,0,0,0
Dameon Wilson,146884,LB,E CAROLINA,1,2,0,156,1,0,1,0,5
Daylan Carnell,146885,CB,MISSOURI,1,0,0,229,0,0,0,0,5
Jon Jones,146895,ED,UTSA,1,0,0,331,1,0,0,1,0
Christian Charles,146944,S,VIRGINIA,1,0,0,335,0,0,0,0,2
De'Shawn Rucker,146945,CB,USF,1,1,0,327,0,0,0,0,2
Miles Capers,146967,ED,VANDERBILT,1,1,0,333,0,0,0,0,0
Marlen Sewell,146968,S,VANDERBILT,1,0,0,333,0,0,0,0,3
James Ziglor,146970,CB,KENNESAW,1,0,0,200,0,0,0,0,1
Devin Lee,146975,DI,USF,1,4,0,327,0,0,0,0,3
Marcus Bradley,146977,ED,ARK STATE,1,0,0,113,0,0,0,0,0
Tunmise Adeleye,146982,ED,UNLV,2,0,0,325,0,0,0,0,8
Marcus Burris Jr.,146987,ED,MEMPHIS,1,0,0,218,0,0,0,0,0
Jardin Gilbert,146997,S,LSU,1,3,0,211,0,0,0,0,6
Deuce Harmon,146998,CB,SMU,1,1,0,287,0,0,0,0,3
Elijah Jeudy,147001,DI,NEBRASKA,1,1,0,238,0,0,0,0,1
Drey Norwood,147007,CB,MISSOURI,1,0,0,229,0,0,0,0,4
Jordan Favors,147032,LB,APP STATE,1,1,0,108,0,0,0,0,3
Deshawn McKnight,147037,DI,ARIZONA,1,0,0,109,0,0,0,0,0
Kyle Arnholt,147038,LB,APP STATE,1,2,0,108,0,0,0,0,5
Ethan Hassler,147070,ED,ARK STATE,1,0,1,113,1,0,0,2,1
Dre Pinckney,147095,S,COAST CAR,1,1,0,141,0,0,0,0,1
Travis Nesbitt,147103,ED,COAST CAR,1,0,0,141,0,0,0,0,1
Isaac Walker,147125,ED,JVILLE ST,1,0,0,196,0,0,0,0,0
Justin Meyers,147126,S,GA SOUTHRN,1,2,0,174,0,0,0,0,6
Davion Rhodes,147130,ED,GA SOUTHRN,1,1,0,174,0,0,0,0,1
Terrence Williams,147144,LB,LA LAFAYET,1,2,0,207,0,0,0,0,2
Jalen Clark,147161,S,LA LAFAYET,1,0,0,207,0,0,0,0,1
Cameron Whitfield,147164,ED,LA LAFAYET,1,1,0,207,0,0,0,1,4
Jake St. Andre,147166,LB,LA LAFAYET,1,1,0,207,0,0,0,0,0
Justin Agu,147169,CB,LOUISVILLE,1,0,0,210,0,0,0,0,0
Cole Daniels,147220,DI,DOMINION,1,0,0,263,0,0,0,0,0
Peyton Higgins,147247,WR,TROY,1,0,0,318,0,0,0,0,0
Damien Taylor,147252,HB,OLE MISS,1,0,0,226,0,0,0,0,0
Jordan Stringer,147271,LB,TROY,2,4,0,318,0,0,0,1,11
Julian Peterson,147274,DI,TROY,2,1,0,318,1,0,0,1,4
Tylon Dunlap,147285,DI,KENNESAW,2,1,1,200,0,0,0,0,4
Langston Hardy,147407,ED,WAKE,1,0,0,339,1,0,0,0,0
Louce Julien,147436,ED,TOLEDO,1,0,0,316,1,0,0,0,1
Lorenzo Styles Jr.,147474,S,OHIO STATE,2,0,0,260,0,0,1,0,2
Joshua Singh,147531,DI,VANDERBILT,1,1,0,333,0,0,0,0,2
Tanner Wall,147534,S,BYU,2,3,1,128,0,0,0,0,9
Chris Boti,147540,DI,ARK STATE,1,2,0,113,0,0,0,1,1
Deshawn Lynch,147813,ED,WASHINGTON,1,1,0,340,0,1,0,0,1
Dylan Flowers,147839,CB,W KENTUCKY,1,0,0,346,0,0,0,0,1
Jack Kelly,147861,LB,BYU,1,1,0,128,0,0,1,1,1
Adam Watkins,147984,DI,KENNESAW,2,0,0,200,0,0,0,0,5
Maddix Blackwell,148092,S,C MICHIGAN,1,0,0,134,0,0,0,0,2
Caleb Dietlin,148122,ED,MO STATE,1,1,0,230,0,0,0,0,2
Sterling Smithson,148124,DI,MO STATE,1,1,0,230,0,0,0,0,1
Matthew Durrance,148240,S,WASH STATE,1,0,0,341,0,1,0,0,3
Tucker Large,148243,S,WASH STATE,1,0,0,341,0,0,1,0,1
Xavier Holmes,148387,ED,JAMES MAD,1,0,0,197,0,0,0,3,0
Carsen Stocklinski,148415,DI,HAWAII,1,2,0,180,0,0,0,0,0
Ayden Garnes,148570,CB,ARIZONA,1,0,0,109,0,0,0,0,8
Josiah Green,148866,DI,DUKE,2,0,0,154,1,0,0,0,1
Andrew Taddeo,149293,DI,JAMES MAD,1,1,0,197,1,0,0,0,1
Curtis Harris-Lopez,149421,S,JAMES MAD,1,1,0,197,0,0,0,0,0
Finn Claypool,149576,ED,FRESNO ST,1,0,0,169,6,0,0,0,0
Josh Battle,149841,S,SO MISS,1,2,0,296,0,0,0,0,2
Mustafi Al-Garawi,149883,DI,W MICHIGAN,2,1,0,347,2,0,0,0,3
Kamren Washington,150283,DI,TEXAS ST,1,0,0,314,0,0,0,1,0
Matthew Aribisala,150287,DI,RICE,1,0,0,275,0,0,0,0,0
David Fisher,150294,CB,N TEXAS,2,2,0,251,1,0,0,0,5
Caleb Weaver,150298,S,DUKE,2,2,1,154,0,1,0,0,6
Canden Grogan,150353,CB,TEXAS ST,1,0,0,314,0,0,0,0,1
Avarion Cole,150570,S,W KENTUCKY,1,1,0,346,0,0,0,0,2
Tyquan King,150571,LB,UCONN,1,1,0,146,0,0,0,0,6
Wrook Brown,150691,CB,HOUSTON,1,1,1,182,0,0,0,0,3
Kolbey Taylor,150703,CB,VANDERBILT,1,0,0,333,0,0,0,0,2
Eddie Walls III,150853,ED,HOUSTON,1,1,0,182,1,0,0,2,2
Jayden Loving,150856,DI,WAKE,1,1,0,339,0,0,0,1,3
Johnny Chaney Jr.,150871,LB,FIU,1,3,0,166,0,0,0,1,6
Jaden Hardy,150904,DI,W KENTUCKY,1,1,0,346,0,0,0,0,1
Baron Hopson,150929,LB,KENNESAW,2,5,0,200,0,0,0,0,17
Gentle Hunt,150996,DI,ILLINOIS,1,1,0,187,0,0,0,0,0
Zion Wilson,151063,DI,E CAROLINA,1,0,0,156,0,0,0,0,3
James Jackson,151086,LB,VIRGINIA,2,4,0,335,1,0,0,0,10
Langston Long,151091,LB,TOLEDO,1,1,0,316,0,0,0,0,4
Jacob Rodriguez,151095,LB,TEXAS TECH,2,9,0,315,1,0,0,0,13
Luke Dillingham,151172,LB,TEXAS TECH,2,0,0,315,0,0,0,0,0
Gavin Ransaw,154474,DI,ARK STATE,1,0,0,113,0,0,0,0,0
Pooda Walker,154594,DI,MEMPHIS,1,0,0,218,0,0,0,0,0
Jakari Foster,155252,S,LA TECH,1,0,0,208,1,1,0,0,3
Blake Boenisch,155566,DI,RICE,1,1,0,275,0,0,0,0,1
Elin Jones,155656,ED,W KENTUCKY,1,1,0,346,0,0,0,0,0
Kyle Taylor,155840,LB,ARK STATE,1,0,0,113,0,0,1,0,10
Chris Victor,155855,ED,CAL,1,0,0,130,0,0,0,0,1
Zae Smith,155866,DI,CAL,1,0,0,130,0,0,0,0,0
Dru Polidore Jr.,155951,S,CAL,1,1,0,130,0,0,0,0,2
Nadame Tucker,156169,ED,W MICHIGAN,1,3,0,347,3,0,0,2,0
Amipeleasi Langi Jr.,156172,DI,TEXAS ST,1,1,0,314,0,0,0,0,2
Jhalyn Shuler,156212,LB,USF,1,3,1,327,1,0,1,3,6
Aamaris Brown,156213,S,UNLV,2,0,0,325,0,0,1,0,5
Caden Story,156229,ED,CLEMSON,1,0,0,140,0,0,0,1,2
Kobe McCloud,156240,LB,CLEMSON,1,4,0,140,0,0,0,0,4
Caleb Nix,156242,S,JVILLE ST,2,0,0,196,0,0,0,0,4
TJ Dottery,156243,LB,OLE MISS,2,6,0,226,2,0,0,0,12
Kylon Griffin,156244,S,CLEMSON,1,0,0,140,0,0,0,0,0
Toriano Pride Jr.,156245,CB,MISSOURI,1,1,0,229,0,0,0,0,1
Jeadyn Lukus,156247,CB,CLEMSON,1,0,0,140,0,0,0,0,0
Vincent Anthony Jr.,156256,ED,DUKE,1,0,0,154,0,0,0,0,1
Chandler Rivers,156257,CB,DUKE,1,3,0,154,0,0,0,0,8
Dante Anderson,156265,ED,FIU,1,0,0,166,0,0,0,0,0
Rodney Shelley,156300,CB,GA TECH,1,0,0,176,0,1,0,0,2
Kyle Efford,156306,LB,GA TECH,1,1,0,176,0,0,0,0,5
Rock Caldwell,156315,S,UTAH,1,0,0,328,0,1,1,0,1
D'Angelo Hutchinson,156316,S,LOUISVILLE,1,2,0,210,0,0,0,0,5
Myles Mooyoung,156335,CB,COAST CAR,1,1,0,141,0,0,1,0,1
Wesley Bissainthe,156341,LB,MIAMI FL,3,4,0,220,0,0,0,1,12
Travis Shaw,156345,DI,TEXAS,1,0,0,311,0,0,0,0,0
Beau Atkinson,156348,ED,OHIO STATE,1,0,0,260,0,0,0,0,0
Sean FitzSimmons,156358,DI,PITTSBURGH,1,3,0,268,0,0,0,0,2
Ryland Gandy,156360,CB,INDIANA,1,0,0,190,0,0,0,0,0
Kaiden Turner,156405,LB,INDIANA,3,1,0,190,0,0,0,0,1
Jamari Sharpe,156408,CB,INDIANA,4,2,0,190,0,1,1,0,12
Isaiah Jones,156409,LB,INDIANA,4,6,0,190,2,0,1,2,13
J'mari Monette,156412,DI,INDIANA,2,0,0,190,0,0,0,0,0
Nick James,156413,DI,PITTSBURGH,1,0,0,268,0,0,0,0,2
Louis Moore,156415,S,INDIANA,4,6,0,190,0,1,3,0,15
Race Stewart,156417,DI,W MICHIGAN,2,0,0,347,1,0,0,1,0
Alex Eichmann,156429,WR,IOWA,1,0,0,192,0,0,0,0,0
Xavier Nwankpa,156431,S,IOWA,1,2,0,192,0,0,0,0,5
Kael Kolarik,156432,S,IOWA,1,0,0,192,0,0,0,0,0
Landyn Van Kekerix,156434,LB,IOWA,1,0,0,192,0,0,0,0,0
Jayden Montgomery,156435,LB,IOWA,1,3,0,192,0,0,0,0,5
Koen Entringer,156437,S,IOWA,1,1,0,192,0,0,0,0,4
Luke Gaffney,156438,DI,IOWA,1,0,0,192,0,0,0,0,1
Will Hubert,156440,DI,IOWA,1,0,0,192,0,0,0,0,1
TJ Hall,156441,CB,IOWA,1,2,0,192,0,0,2,0,9
Brian Allen Jr.,156444,ED,IOWA,1,1,0,192,0,0,0,1,0
Aaron Graves,156445,DI,IOWA,1,1,0,192,1,0,0,0,0
Kaden Wetjen,156448,WR,IOWA,1,0,0,192,0,0,0,0,0
Caden Curry,156488,ED,OHIO STATE,2,3,0,260,5,0,0,2,6
J.P. Deeter,156498,DI,TEXAS ST,1,0,0,314,0,0,0,0,0
Jaylen Wester,156530,LB,W KENTUCKY,1,6,1,346,1,0,0,1,8
Antonio Patterson,156545,S,FIU,1,0,0,166,0,0,0,0,7
Hezekiah Masses,156555,CB,CAL,1,1,0,130,0,0,0,0,3
Percy Courtney Jr.,156556,LB,FIU,1,0,0,166,0,0,0,0,2
Steven Shannon,156560,ED,FIU,1,0,0,166,0,0,0,0,0
Patrick Smith-Young,156616,S,N TEXAS,2,1,0,251,0,0,1,0,12
Mohammed Bility,156617,CB,RICE,1,0,0,275,0,0,0,0,0
Ethan Wesloski,156620,LB,N TEXAS,2,3,0,251,1,0,1,0,9
Cameron Robertson,156623,ED,SMU,1,0,0,287,1,0,0,0,2
Matthew McDoom,156676,CB,CINCINNATI,1,2,0,138,0,0,0,0,1
Tray Brown,156681,LB,COAST CAR,1,1,2,141,1,0,0,1,5
JJ Johnson,156702,S,NC STATE,1,0,0,248,0,0,0,0,0
Amar Thomas,156719,ED,JAMES MAD,1,1,0,197,1,0,0,1,1
Chauncey Logan Jr.,156720,CB,MEMPHIS,1,0,0,218,0,0,0,0,0
Trent Hendrick,156721,LB,JAMES MAD,1,3,0,197,0,0,0,0,3
Jacob Thomas,156722,S,JAMES MAD,1,1,0,197,0,0,0,0,1
Brent Austin,156723,CB,CAL,1,2,0,130,0,0,1,0,5
Justin Eaglin,156724,CB,JAMES MAD,1,0,0,197,0,0,0,0,0
Aiden Fisher,156725,LB,INDIANA,4,15,1,190,2,0,1,2,16
Tyrique Tucker,156729,DI,INDIANA,4,4,0,190,4,0,0,1,7
Maurion Eleam,156750,CB,LA LAFAYET,1,0,0,207,0,0,1,0,7
Kenard Snyder,156781,ED,TEXAS ST,1,0,0,314,1,0,0,0,4
AG McGhee,156812,S,ARK STATE,1,0,0,113,0,0,0,0,6
Anthony Dunn Jr.,156819,ED,TOLEDO,1,1,0,316,1,0,0,0,3
Mario Easterly,156823,S,DOMINION,1,5,0,263,0,0,0,0,4
Chris Spencer,156825,ED,DOMINION,1,0,0,263,0,0,0,0,0
Brodarius Lewis,156845,DI,SO MISS,1,2,0,296,1,0,0,1,2
Blake Matthews,156872,LB,DELAWARE,1,3,0,151,1,0,0,1,1
Justin Powe,156873,S,TROY,2,1,1,318,0,0,0,0,17
Luke Hodge,156876,LB,TROY,2,0,0,318,0,0,0,0,5
Sterling Webb,156932,DI,MISSOURI,1,1,0,229,0,0,0,0,0
Buddha Peleti Jr.,156933,ED,WASH STATE,1,0,0,341,0,0,0,1,1
Jaden Mickey,156969,S,BOISE ST,2,0,0,120,0,0,1,0,10
Aiden Gobaira,156974,ED,JAMES MAD,1,1,0,197,1,0,0,0,0
Tyson Ford,156978,DI,CAL,1,0,0,130,0,0,0,0,0
Avery Smith,157000,CB,TOLEDO,1,2,0,316,0,0,0,0,3
Jeremiah Alexander,157005,LB,CLEMSON,1,1,0,140,0,0,0,0,7
Khurtiss Perry,157007,DI,JVILLE ST,2,1,0,196,0,0,0,0,1
Tre'Quon Fegans,157009,CB,JVILLE ST,1,0,0,196,0,0,0,0,6
Jaylen Lewis,157018,S,W KENTUCKY,1,0,0,346,0,1,0,0,6
Jordan Crook,157032,LB,ARIZONA ST,1,3,0,110,1,0,0,0,5
Shone Washington,157063,DI,LSU,1,0,0,211,0,0,0,0,1
Bear Alexander,157064,DI,OREGON,2,1,0,264,0,0,0,0,0
JaCorey Thomas,157078,S,GEORGIA,2,1,0,173,0,0,0,1,7
Daylen Everette,157079,CB,GEORGIA,2,1,0,173,0,1,3,0,8
Tomiwa Durojaiye,157096,DI,ILLINOIS,1,0,0,187,0,0,0,0,0
Kells Bush,157102,DI,JAMES MAD,1,1,0,197,0,0,0,0,0
Fitzgerald West Jr.,157107,DI,LA LAFAYET,1,0,0,207,0,0,0,0,1
Jordan Allen,157114,S,HOUSTON,1,2,0,182,1,0,0,0,3
Laterrance Welch,157115,CB,UNLV,2,2,0,325,0,1,1,0,8
Jaelyn Davis-Robinson,157116,CB,SMU,1,0,0,287,0,0,0,0,4
Davison Igbinosun,157129,CB,OHIO STATE,2,5,0,260,0,1,0,0,9
DeCarlos Nicholson,157143,CB,USC,1,2,0,326,0,0,1,0,2
Marquis Gracial,157153,DI,MISSOURI,1,2,0,229,0,0,0,0,2
Jalen Marshall,157155,DI,MISSOURI,1,2,0,229,1,0,0,0,1
Ja'Marion Wayne,157164,CB,COAST CAR,1,0,0,141,0,0,0,0,2
Carmycah Glass,157169,LB,HOUSTON,1,0,0,182,0,0,0,0,1
Robby Harrison,157195,DI,W KENTUCKY,1,1,0,346,0,0,0,0,1
Braxton Fely,157202,DI,BOISE ST,2,0,0,120,2,0,0,0,3
Nuer Gatkuoth,157215,ED,WAKE,1,0,0,339,0,0,0,0,1
Devon Jackson,157253,LB,OREGON,2,3,0,264,0,0,0,0,3
Harrison Taggart,157254,LB,CAL,1,1,0,130,1,0,0,0,2
David Bailey,157272,ED,TEXAS TECH,2,4,1,315,5,0,0,2,7
Namdi Obiazor,157288,LB,TCU,1,3,0,305,0,0,0,0,5
Connor Lingren,157293,DI,TCU,1,0,0,305,0,0,0,0,0
Paul Oyewale,157294,ED,TCU,1,1,0,305,0,0,0,0,5
Kyron Chambers,157300,CB,SMU,1,0,0,287,0,0,0,0,0
BJ Allen Jr.,157311,CB,N TEXAS,1,0,0,251,0,0,0,0,0
Jaray Bledsoe,157313,DI,MISS STATE,1,0,0,227,0,0,0,0,2
Joseph Adedire,157323,ED,NC STATE,1,0,0,248,0,0,0,1,1
Tre'Von McAlpine,157324,DI,TULANE,1,1,0,319,0,0,0,0,3
Harvey Dyson III,157327,ED,TULANE,1,0,0,319,0,0,0,1,2
Ben Roberts,157332,LB,TEXAS TECH,2,9,0,315,0,3,1,0,13
Mumu Bin-Wahad,157368,CB,UNLV,2,1,0,325,1,0,0,0,5
Lawrence Brown Jr.,157394,CB,UTSA,1,1,0,331,0,0,0,0,2
Jackson Vick,157406,CB,NC STATE,1,1,0,248,0,0,1,0,2
Brandon Cleveland,157411,DI,NC STATE,1,0,0,248,0,0,0,0,1
Nick Campbell,157412,DI,APP STATE,1,2,0,108,0,0,0,0,0
Isaiah Glasker,157436,LB,BYU,2,1,0,128,1,0,0,0,12
J.D. Lampley,157442,DI,E CAROLINA,1,0,0,156,0,0,0,0,0
Samuel Dankah,157444,LB,E CAROLINA,1,0,0,156,0,0,1,0,3
Zakye Barker,157449,LB,SMU,1,0,0,287,0,0,0,0,3
Joey Zelinsky,157453,ED,PITTSBURGH,1,0,0,268,0,0,0,0,0
Maverick Baranowski,157484,LB,MINNESOTA,1,1,0,225,0,0,0,1,11
Anthony Smith,157485,ED,MINNESOTA,1,0,0,225,0,0,0,2,4
Aidan Gousby,157507,S,MINNESOTA,1,1,0,225,0,0,0,0,1
Rayyan Buell,157513,DI,MEMPHIS,1,0,0,218,0,0,0,0,1
Kevin Abrams-Verwayne,157542,ED,APP STATE,1,2,0,108,0,0,0,0,3
Ethan Johnson,157549,CB,APP STATE,1,0,0,108,0,1,0,0,4
DJ Burks,157550,S,APP STATE,1,1,0,108,0,0,0,0,6
Santana Hopper,157551,DI,TULANE,1,0,0,319,1,0,0,2,2
Donovan Spellman,157558,ED,UNLV,2,0,0,325,0,0,0,0,1
Blake Thompson,157593,S,HOUSTON,1,0,0,182,0,0,0,0,0
Trent Jones II,157604,DI,UCONN,1,3,0,146,0,0,0,0,7
Tyre West,157613,ED,TENNESSEE,1,2,0,307,0,0,0,0,0
Bronson Olevao Jr.,157632,LB,UTAH ST,1,2,1,329,1,0,0,0,6
Enoka Migao,157635,ED,UTAH ST,1,0,0,329,2,0,0,0,1
Simeon Harris,157706,CB,FRESNO ST,1,0,0,169,0,0,1,0,5
Jeremy Mack Jr.,157712,S,DOMINION,1,1,0,263,1,0,0,1,6
Dylan Dixson,157722,CB,MO STATE,1,1,0,230,0,0,0,0,0
Kamari Wilson,157735,S,MEMPHIS,1,2,0,218,0,0,0,0,4
Chris McClellan,157743,DI,MISSOURI,1,2,0,229,0,0,0,0,3
Jordan Perry,157785,S,TROY,2,0,0,318,0,0,0,1,0
Michael Dansby,157849,CB,ARIZONA,1,2,0,109,0,1,0,0,3
Khalil Jacobs,157870,LB,MISSOURI,1,3,0,229,0,0,0,0,4
Mo Westmoreland,157883,ED,TULANE,1,0,0,319,0,0,0,1,1
Maguire Neal,157963,S,MO STATE,1,0,0,230,0,0,0,0,4
Joshua White,157994,DI,MEMPHIS,1,0,0,218,0,0,0,0,0
Ladarian Paulk,157996,S,E CAROLINA,1,0,0,156,0,0,0,0,0
Adam Trick,158021,ED,MIAMI OH,1,0,1,221,0,0,0,0,4
Grant Lyons,158024,ED,MIAMI OH,2,1,0,221,0,0,0,0,3
Josh Lukusa,158025,ED,MIAMI OH,1,1,0,221,0,0,0,0,1
Eli Coppess,158027,S,MIAMI OH,2,0,0,221,0,0,0,0,0
Andre Cobb,158056,CB,FRESNO ST,1,0,0,169,0,0,0,0,0
Donovan Westmoreland,158115,ED,KENNESAW,2,1,0,200,0,0,0,0,3
Emory Floyd,158127,CB,APP STATE,1,2,0,108,0,0,1,0,2
Fisher Camac,158132,ED,VIRGINIA,2,1,0,335,1,0,0,0,8
Dillon Moore,158152,LB,W MICHIGAN,2,0,0,347,0,0,0,0,3
Malachi Finau,158173,DI,S DIEGO ST,1,1,0,284,1,0,0,0,3
Peter Manuma,158178,S,HAWAII,1,0,0,180,0,0,1,0,9
Jalen Smith,158187,LB,HAWAII,1,0,0,180,0,0,1,0,4
Matagi Thompson,158191,S,HAWAII,1,0,0,180,0,0,2,0,1
Malachi Hood,158208,LB,ILLINOIS,1,0,0,187,0,0,0,1,3
James Kreutz,158211,LB,ILLINOIS,1,0,0,187,0,0,0,0,4
Tyson Rooks,158225,CB,ILLINOIS,1,0,0,187,0,0,0,0,0
Drenon Fite III,158266,ED,LA LAFAYET,1,0,0,207,0,0,0,0,0
Ahmaad Moses,158276,S,SMU,1,1,0,287,0,0,1,0,12
Isaiah Smith,158282,ED,SMU,1,2,0,287,0,0,0,0,1
Jeremiah Earby,158316,CB,BOISE ST,2,1,0,120,0,0,0,0,9
Cam Sidney,158329,S,CAL,1,0,0,130,0,0,0,0,1
Da'Shawn Davis,158344,ED,GA SOUTHRN,1,0,0,174,0,0,0,0,1
Jacob Hammonds,158349,LB,GA SOUTHRN,1,0,0,174,0,0,0,0,0
Tracy Hill Jr.,158350,CB,GA SOUTHRN,1,0,0,174,0,1,1,0,1
Marc Stampley II,158364,CB,HOUSTON,1,0,0,182,0,0,0,0,1
MJ Stroud,158366,ED,GA SOUTHRN,1,0,0,174,1,0,0,0,2
Malcolm Jones,158387,S,JVILLE ST,2,1,1,196,1,0,0,1,3
Jaden Mangham,158389,S,MICHIGAN,1,1,0,222,0,0,0,0,1
James Schott,158396,ED,MIAMI OH,2,1,0,221,0,0,0,0,1
Dillon Tatum,158399,CB,NWESTERN,1,0,0,256,0,0,0,0,0
Zion Young,158404,ED,MISSOURI,1,2,0,229,2,0,0,0,4
Maxie Baudoin IV,158406,DI,LA LAFAYET,1,0,0,207,0,0,0,0,0
Kameron Hamilton,158415,ED,TULANE,1,1,0,319,0,0,0,0,1
Kentrell Webb,158427,S,HOUSTON,1,0,0,182,0,0,1,0,3
Ka'eo Akana,158472,ED,HAWAII,1,0,0,180,0,0,0,0,0
Lander Barton,158473,LB,UTAH,1,0,0,328,0,0,0,0,3
Elijah Davis,158479,CB,UTAH,1,1,0,328,0,0,0,0,0
Tao Johnson,158490,S,UTAH,1,0,0,328,0,0,0,0,1
Chase Kennedy,158491,ED,ARIZONA,1,2,0,109,0,0,0,0,1
Justin Medlock,158497,LB,SMU,1,2,0,287,0,0,0,0,4
Bryce Grays,158511,S,UTSA,1,0,0,331,0,0,0,0,2
Bryson Lamb,158514,DI,WASH STATE,1,1,0,341,0,0,0,0,1
Rashad McKenzie,158517,ED,ARIZONA ST,1,0,0,110,0,0,0,0,0
Kody Jones,158538,S,KENNESAW,2,2,0,200,3,0,0,0,5
Keon Sabb,158546,S,ALABAMA,2,4,0,103,0,0,0,0,7
Corey Gordon,158557,S,LOUISVILLE,1,2,0,210,0,0,0,0,6
Kaian Roberts-Day,158569,DI,UTSA,1,0,0,331,0,0,0,0,0
Jordan Kwiatkowski,158595,LB,C MICHIGAN,1,2,0,134,0,0,0,0,5
D'Mon Brinson,158609,S,UCONN,1,0,0,146,0,0,0,0,2
Matt Hoffman,158619,ED,UCONN,1,2,0,146,0,0,0,0,2
Lee Molette III,158623,S,UCONN,1,1,0,146,0,0,0,0,7
Marquis Groves-Killebrew,158649,CB,ARIZONA,1,0,0,109,0,0,0,0,1
Denver Harris,158651,CB,UNLV,1,0,0,325,0,0,0,0,1
LT Overton,158667,ED,ALABAMA,1,1,0,103,0,0,0,0,5
Kent Robinson,158669,CB,W KENTUCKY,1,1,0,346,0,0,1,0,4
Malick Sylla,158676,ED,MISS STATE,1,0,0,227,2,0,0,1,2
Enai White,158684,DI,PENN STATE,1,0,0,266,0,0,0,0,0
Gabe Kirschke,158699,ED,WAKE,1,0,0,339,0,0,0,1,4
Curt Neal,158706,DI,ILLINOIS,1,0,0,187,0,0,0,0,1
Jai-Ayviauynn Celestine,158715,CB,FIU,1,2,0,166,0,0,0,0,1
Devin Dunn,158721,S,ARIZONA,1,0,0,109,0,0,0,0,0
Jacob Rich Kongaika,158730,DI,ARIZONA ST,1,0,0,110,1,0,0,0,2
Sterling Lane II,158731,ED,BOISE ST,2,0,0,120,0,0,0,2,2
Jacob Manu,158733,LB,WASHINGTON,1,5,0,340,0,0,0,0,3
Ephesians Prysock,158740,CB,WASHINGTON,1,0,0,340,0,0,1,0,3
Ta'ita'i Uiagalelei,158748,DI,WASHINGTON,1,0,0,340,0,0,0,0,1
Isaiah Ward,158749,ED,WASHINGTON,1,0,0,340,1,0,0,0,0
Aaron Alexander,158753,LB,ARK STATE,1,1,0,113,0,0,0,0,1
Eric Butler,158780,CB,S DIEGO ST,1,1,0,284,0,0,0,0,1
Max Garrison,158789,S,S DIEGO ST,1,0,0,284,0,0,0,0,0
Ryan Henderson,158790,ED,S DIEGO ST,1,1,0,284,0,0,0,0,0
Josh Hunter,158791,S,S DIEGO ST,1,1,0,284,0,0,0,0,5
Mikey Welsh,158809,WR,S DIEGO ST,1,0,0,284,0,0,0,0,1
Trey White,158810,ED,S DIEGO ST,1,2,0,284,2,0,0,0,2
Tai Leonard,158821,DI,UTSA,1,0,0,331,0,0,0,0,1
Owen Pewee,158826,LB,UTSA,1,1,0,331,3,0,0,0,2
Travon Sylvester,158829,DI,UTSA,1,0,0,331,1,0,0,0,0
Kai Rapolla,158920,CB,WASH STATE,1,1,0,341,0,0,0,0,0
Don Saunders,158931,CB,UTAH,1,0,0,328,0,0,0,0,2
Jay'Vion Cole,158932,CB,ARIZONA,1,1,0,109,0,0,1,0,1
Soni Finau,158938,DI,WASH STATE,1,0,0,341,0,0,0,1,1
Jordan Sanders,158940,DI,TEXAS ST,1,1,0,314,0,0,0,0,0
Xavier Slayton,158988,DI,NEW MEXICO,1,0,0,241,0,0,0,0,0
Brandon Tyson,159102,LB,GA SOUTHRN,1,2,0,174,0,0,0,0,4
Cazeem Moore,159108,ED,VIRGINIA,2,0,0,335,0,0,0,0,1
Antoineo Harris Jr.,159396,ED,UCONN,1,0,0,146,0,0,0,0,1
Dalesean Staley,159429,S,S DIEGO ST,1,3,0,284,0,0,0,0,7
Aakeem Snell,159486,CB,C MICHIGAN,1,0,0,134,0,0,0,0,0
Mercury Swaim,159491,LB,NEW MEXICO,1,4,0,241,0,0,1,0,4
Nick Karika,159528,DI,DELAWARE,1,0,0,151,0,0,0,1,1
Dylan King,159667,S,SO MISS,1,0,0,296,0,0,0,0,5
Austin Yelder,159668,LB,MO STATE,1,1,0,230,0,0,0,0,0
Tyree Morris,159759,DI,UTAH ST,1,0,0,329,0,0,0,0,2
Kendrick DuJour,159893,ED,E CAROLINA,1,0,1,156,2,0,0,2,0
Jordy Lowery,159961,CB,E CAROLINA,1,0,0,156,0,0,0,0,5
Javis Mynatt,160007,S,TEXAS ST,1,2,1,314,0,0,0,0,5
Caleb Sims,160074,ED,LA TECH,1,0,0,208,1,0,0,0,0
Jaden Rios,160106,CB,TEXAS ST,1,0,0,314,0,1,0,0,1
Brandon Tucker,160109,LB,UTSA,1,0,0,331,1,0,1,0,2
Rod Daniels,160252,ED,KENNESAW,2,1,0,200,1,0,0,0,4
Adrian Maddox,160267,S,GEORGIA,1,0,0,173,0,0,0,0,1
Justin Kirkland,160310,DI,BYU,2,0,0,128,0,0,0,0,1
Myles Rowser,160351,S,ARIZONA ST,1,2,0,110,0,0,0,0,2
Milon Jones,160381,S,KENNESAW,2,4,0,200,0,1,0,0,9
Eli Leiataua,160384,LB,KENNESAW,1,0,0,200,0,0,0,0,1
Ugonna Nwoha,160387,ED,KENNESAW,2,2,0,200,0,0,0,0,0
Jayven Williams,160395,CB,MISS STATE,1,0,0,227,0,0,0,0,1
Devon Marshall,160445,CB,NC STATE,1,1,0,248,0,0,1,0,7
Tayvion Beasley,160755,CB,BYU,2,2,0,128,0,0,0,0,1
Jaelin Willis,160995,LB,APP STATE,1,0,0,108,0,0,0,0,2
Orlando Leon,161293,DI,APP STATE,1,0,0,108,0,0,0,0,0
Rylen Su'a-Filo,161397,DI,W KENTUCKY,1,0,0,346,1,0,0,0,1
Zelmar Vedder,161658,CB,HOUSTON,1,0,0,182,0,0,0,0,1
Jaden Dugger,162137,LB,LA LAFAYET,1,1,0,207,0,0,0,1,6
Lance Holtzclaw,162491,ED,UTAH,1,0,0,328,0,0,0,1,1
Griffin Miller,162494,LB,WASHINGTON,1,0,0,340,0,0,0,0,0
Tristan Warner,162502,S,WASHINGTON,1,0,0,340,0,0,0,0,1
A.J. Holmes Jr.,162510,DI,TEXAS TECH,2,0,1,315,0,0,0,1,5
Donovan Mathena,162526,LB,MEMPHIS,1,2,0,218,0,0,0,0,3
Andrew Duhart,162545,S,NAVY,1,0,0,237,0,0,0,0,1
Adam Klenk,162559,ED,NAVY,1,0,0,237,0,0,0,0,2
Kenneth McShan,162567,CB,NAVY,1,0,0,237,0,0,0,1,1
Luke Pirris,162574,ED,NAVY,1,2,0,237,0,0,0,0,2
Landon Robinson,162580,DI,NAVY,1,0,0,237,0,0,0,0,6
Kendall Whiteside,162594,DI,NAVY,1,0,0,237,0,0,0,0,0
Michael Williams II,162616,ED,USF,1,1,0,327,1,0,0,1,3
Josh Benton,162639,S,E CAROLINA,1,0,0,156,0,0,0,0,1
Preston Carr,162640,DI,E CAROLINA,1,1,0,156,0,0,0,0,4
Fletcher Cothran,162682,LB,CLEMSON,1,1,0,140,1,0,0,1,2
Wesley Williams,162704,ED,DUKE,2,0,0,154,3,0,0,1,8
Chris Graves Jr.,162733,CB,OLE MISS,2,1,0,226,0,0,1,0,8
Ahmad Moten Sr.,162737,DI,MIAMI FL,3,3,0,220,1,0,0,0,5
Tayon Holloway,162754,CB,LOUISVILLE,1,0,0,210,0,0,0,0,2
Venson Sneed,162783,ED,W KENTUCKY,1,0,0,346,1,0,0,0,0
Lionell Whitaker,162806,CB,COAST CAR,1,1,0,141,0,1,0,0,0
Nico Andrighetto,162808,S,MICHIGAN,1,0,0,222,0,0,0,0,0
Zeke Berry,162810,CB,MICHIGAN,1,0,0,222,0,0,0,0,6
Jimmy Rolder,162825,LB,MICHIGAN,1,1,0,222,0,0,0,0,4
Dylan Parrott,162834,DI,NEBRASKA,1,1,0,238,0,0,0,0,1
Braydon Brus,162836,LB,NWESTERN,1,6,0,256,1,0,1,0,5
Robert Fitzgerald,162839,S,NWESTERN,1,4,0,256,0,0,1,0,2
Brendan Flakes,162840,DI,NWESTERN,1,0,0,256,0,0,0,0,0
Kenny Soares Jr.,162852,LB,NC STATE,1,5,0,248,0,0,0,0,9
Braden Turner,162854,CB,NWESTERN,1,1,0,256,0,1,0,0,5
Kenyatta Jackson Jr.,162868,ED,OHIO STATE,2,1,0,260,0,0,0,2,2
Hero Kanu,162870,DI,TEXAS,1,0,0,311,1,0,0,0,1
Sonny Styles,162876,LB,OHIO STATE,2,4,0,260,1,0,0,1,13
Hudson Miller,162887,LB,TOLEDO,1,2,0,316,0,0,0,0,2
Domanick Moon,162888,LB,W MICHIGAN,2,1,0,347,1,0,0,0,4
Roman Pitre,162890,ED,ARIZONA ST,1,0,0,110,0,0,0,0,1
Fitzroy Ledgister,162908,CB,W MICHIGAN,1,0,0,347,0,0,0,0,0
Joshua Cobbs,162955,S,LA TECH,1,1,0,208,0,0,0,0,0
Zion Nason,162962,DI,LA TECH,1,0,0,208,0,0,0,0,1
Daveon Hook,163000,S,RICE,1,3,0,275,0,0,0,0,1
Chibby Nwajuaku,163005,ED,RICE,1,0,1,275,0,0,0,0,3
Amier Boyd,163030,CB,TEXAS TECH,2,1,0,315,0,0,1,0,7
Anthony Brackenridge,163039,LB,W KENTUCKY,1,1,0,346,1,0,0,1,8
Alexander Ford,163042,S,KENNESAW,2,2,0,200,0,0,0,0,2
Marcus Patterson,163054,ED,KENNESAW,2,3,0,200,0,0,0,0,4
Hosea Wheeler,163058,DI,INDIANA,4,1,0,190,0,0,0,0,2
Dakari Frazier,163081,DI,W MICHIGAN,2,2,0,347,0,0,0,0,0
Stephen Daley,163126,ED,INDIANA,1,0,0,190,1,0,0,1,2
Rocco Nicholl,163143,LB,USF,1,2,0,327,0,0,0,0,3
Nasir Bowers,163152,CB,TOLEDO,1,0,0,316,0,0,0,0,4
Emmanuel McNeil-Warren,163155,S,TOLEDO,1,1,0,316,0,0,1,0,5
Will Gerig,163161,ED,W MICHIGAN,2,1,0,347,0,0,0,0,2
Eric Ford,163188,ED,ARMY,1,0,0,114,0,0,0,0,2
Kalib Fortner,163190,LB,ARMY,1,2,0,114,0,0,0,0,3
Jack Latore,163199,DI,ARMY,1,0,0,114,0,0,0,0,3
Clev Lubin,163200,ED,LOUISVILLE,1,2,2,210,2,0,0,2,3
Collin Matteson,163203,S,ARMY,1,1,0,114,0,0,0,0,4
Donavon Platt,163211,CB,VIRGINIA,2,2,0,335,0,0,0,0,6
Gavin Shields,163219,S,ARMY,1,2,0,114,0,0,0,1,1
Andon Thomas,163225,LB,ARMY,1,3,0,114,0,0,0,1,4
Jabril Williams,163230,CB,ARMY,1,0,0,114,0,0,0,0,2
Evan Johnson,163250,CB,BYU,2,2,0,128,0,1,3,0,5
Bodie Schoonover,163256,ED,BYU,2,2,0,128,1,0,0,1,5
Blazen Lono-Wong,163270,DI,ARIZONA ST,1,0,0,110,0,0,0,0,0
Bryce Boettcher,163288,LB,OREGON,2,5,1,264,1,0,0,0,20
Zach Grisham,163293,CB,OREGON,2,0,0,264,0,0,0,0,0
Khamari Terrell,163306,CB,TEXAS ST,1,1,0,314,0,0,0,0,2
Jermarius Lewis,163354,S,UTSA,1,2,0,331,0,0,2,0,1
Bryson Taylor,163360,S,UTAH ST,1,1,0,329,0,0,0,0,3
Jake Ripp,163387,LB,BOISE ST,2,2,0,120,0,0,0,0,0
Jayden Virgin-Morgan,163392,ED,BOISE ST,2,0,0,120,0,0,0,0,4
Julius Gandy,163399,DI,FRESNO ST,1,0,0,169,0,0,0,1,0
Jacob Holmes,163401,DI,VIRGINIA,2,3,0,335,1,0,0,0,5
Jahzon Jacks,163403,ED,FRESNO ST,1,3,0,169,1,0,0,1,1
Sione Noa,163409,ED,FRESNO ST,1,0,0,169,0,0,0,1,0
Ryan Wilson,163420,S,FRESNO ST,1,1,0,169,0,0,0,0,0
Merhauti Xepera,163422,ED,FRESNO ST,1,1,0,169,0,0,0,0,1
Jahleel Culbreath,163527,LB,DOMINION,1,1,0,263,1,0,1,1,3
Jaylon White-McClain,163543,ED,CINCINNATI,1,1,0,138,0,0,0,0,2
Ricky Fletcher,163547,CB,OLE MISS,2,0,0,226,0,0,0,0,0
Antonio Kite,163598,CB,OLE MISS,2,1,0,226,0,0,1,0,4
Jake Pope,163608,S,UNLV,2,3,0,325,0,0,1,0,6
Keionte Scott,163644,CB,MIAMI FL,3,2,0,220,2,1,0,0,8
Tyler Banks,163648,LB,OLE MISS,1,0,0,226,0,0,0,0,0
Nick Cull,163652,S,OLE MISS,2,0,0,226,0,0,0,0,6
Zxavian Harris,163658,DI,OLE MISS,2,6,0,226,0,0,0,0,7
Audavion Collins,163676,CB,PENN STATE,1,1,0,266,0,0,1,0,1
Kalvin Dinkins,163680,DI,MISS STATE,1,0,0,227,0,0,0,0,0
Tanner Johnson,163682,S,MISS STATE,1,1,0,227,0,0,0,0,1
DonTerry Russell,163693,ED,TEXAS ST,1,0,0,314,0,0,0,1,1
Trevion Williams,163699,ED,MISS STATE,1,1,0,227,0,0,0,0,0
Darren Agu,163703,ED,NEW MEXICO,1,0,0,241,0,0,0,0,1
Bryce Cowan,163707,LB,VANDERBILT,1,0,1,333,0,0,0,1,4
Bradley Mann,163718,DI,VANDERBILT,1,0,0,333,0,0,0,0,0
Nick Rinaldi,163726,LB,VANDERBILT,1,0,0,333,0,0,0,0,1
Linus Zunk,163732,ED,VANDERBILT,1,0,0,333,0,0,0,0,1
E.J. Lightsey,163746,LB,GA TECH,1,0,0,176,1,0,1,0,5
Christen Miller,163747,DI,GEORGIA,2,0,0,173,0,0,0,0,4
Darris Smith,163752,ED,MISSOURI,1,0,0,229,0,0,0,0,1
Shannon Blair,163758,CB,MEMPHIS,1,0,0,218,0,0,0,0,0
Ben Bolton,163759,LB,TENNESSEE,1,0,0,307,1,0,0,0,1
Jordan Robinson,163791,CB,VIRGINIA,1,1,0,335,0,0,0,0,2
Noah Matthews,163797,ED,DELAWARE,1,0,0,151,2,0,0,0,4
Nickendre Stiger,163823,S,DOMINION,1,0,0,263,0,0,0,0,1
Austin Jordan,163850,S,TCU,1,0,0,305,0,0,0,0,1
J'Mond Tapp,163863,ED,SO MISS,1,0,0,296,3,0,0,0,2
Jabari Mack,163962,CB,LOUISVILLE,1,0,0,210,0,0,0,0,2
Ky'Won McCray,163967,LB,NEW MEXICO,1,1,0,241,0,0,0,0,0
Darrell Prater,163972,DI,JVILLE ST,2,3,0,196,0,0,0,1,5
Jakeem Fletcher,163993,DI,W KENTUCKY,1,0,0,346,0,0,0,0,1
Jaden Lyles,164028,S,W MICHIGAN,2,1,0,347,0,0,0,0,0
Sam Benjamin,164058,DI,S DIEGO ST,1,3,0,284,0,0,0,0,0
Austin Brawley,164120,S,NEW MEXICO,1,2,0,241,0,0,1,0,5
Adonis Williams Jr.,164130,S,OHIO,1,0,0,259,1,0,0,1,4
Kalen Carroll,164139,CB,C MICHIGAN,1,4,0,134,0,1,0,0,2
Cincear Lewis,164146,LB,CINCINNATI,1,2,0,138,0,0,0,0,1
Antwan Peek Jr.,164150,S,CINCINNATI,1,3,0,138,0,0,0,0,8
Derrick Shepard Jr.,164154,DI,TULANE,1,0,0,319,0,0,0,0,2
Jonathan Thompson,164156,LB,CINCINNATI,1,1,0,138,0,0,0,0,10
Dani Dennis-Sutton,164163,ED,PENN STATE,1,1,0,266,1,0,0,2,1
Tyler Holzworth,164173,HB,PENN STATE,1,0,0,266,0,0,0,0,0
Keon Wylie,164193,LB,PENN STATE,1,0,0,266,1,0,0,0,3
Garrick Ponder,164307,ED,SO MISS,1,2,0,296,2,0,0,0,1
Aamarii Notice,164336,DI,COAST CAR,1,2,0,141,0,0,0,0,1
Dwayne McDougle III,164427,S,S DIEGO ST,1,5,0,284,0,1,1,0,2
Dominick Brogna,164532,DI,DELAWARE,1,0,0,151,0,0,0,0,4
Jayden Flaker,164760,LB,MEMPHIS,1,1,0,218,0,0,0,0,1
Jared Lloyd,164804,LB,MO STATE,1,2,0,230,0,0,0,0,3
Nehemiah Dukes,164901,DI,OHIO,1,0,0,259,0,0,0,0,0
Marje Mulumba,165095,LB,DELAWARE,1,1,0,151,0,0,0,0,3
Mackavelli Malotumau,165722,DI,W KENTUCKY,1,0,0,346,0,0,0,0,2
Jayden Madkins,165766,ED,LA TECH,1,1,0,208,0,0,0,0,2
Blaise Tita,165778,LB,RICE,1,1,0,275,0,0,0,0,3
Darion White,165781,LB,UTSA,1,1,0,331,0,0,0,0,1
Anisi Purcell,165819,DI,BYU,2,0,0,128,0,0,0,0,1
Wydett Williams Jr.,167564,S,OLE MISS,2,11,0,226,1,0,2,0,9
Blake Cotton,168412,CB,UTAH,1,1,0,328,0,0,0,0,4
Malachi Bailey,168449,ED,ARIZONA,1,0,0,109,0,0,0,0,4
Jonathan Jean,168457,CB,E CAROLINA,1,1,0,156,0,0,0,0,1
Mory Bamba,168565,CB,BYU,2,0,0,128,0,0,0,0,3
Max Harris,169223,LB,ARIZONA,1,1,0,109,0,0,0,0,2
Antonio Smith,169925,S,MO STATE,1,0,0,230,0,0,0,0,0
DeAgo Brumfield,169935,CB,MISS STATE,1,1,0,227,0,0,0,0,2
Alexander Kilgore,169965,LB,SMU,1,2,0,287,0,1,0,0,4
Kevin Adams III,169970,S,TULANE,1,2,0,319,0,0,0,0,4
Jai Eugene Jr.,169976,S,W KENTUCKY,1,0,0,346,0,0,1,0,4
Jah'rie Garner,169979,ED,TULANE,1,0,0,319,0,0,0,0,0
Joker Johnson,169982,CB,TULANE,1,0,0,319,0,1,2,0,5
Joshua Moore,169985,S,TULANE,1,1,0,319,0,0,0,0,1
Makai Williams,169992,LB,TULANE,1,1,0,319,0,0,0,0,0
Jarvis Lee,169997,CB,USF,1,0,1,327,0,0,0,1,7
Vic Burley,170004,DI,CLEMSON,1,0,0,140,0,0,0,0,2
Markus Dixon,170006,ED,CLEMSON,1,0,0,140,0,0,0,0,0
Ronan Hanafin,170009,S,CLEMSON,1,4,0,140,0,0,1,0,3
A.J. Hoffler,170011,ED,GA TECH,1,0,0,176,1,0,0,0,1
Misun Kelley,170014,CB,CLEMSON,1,0,0,140,0,0,0,0,0
Branden Strozier,170028,CB,CLEMSON,1,0,0,140,0,0,0,0,5
David Anderson,170037,DI,DUKE,2,0,0,154,0,0,0,0,0
Kendall Johnson,170050,LB,DUKE,2,0,1,154,0,0,0,0,5
Moussa Kane,170053,CB,DUKE,1,0,0,154,0,0,0,0,0
Luke Mergott,170056,LB,DUKE,2,6,0,154,0,2,0,0,15
Kevin O'Connor,170057,ED,DUKE,2,2,0,154,1,0,0,0,4
Kimari Robinson,170058,CB,DUKE,1,1,0,154,0,0,0,0,3
DaShawn Stone,170060,S,DUKE,2,3,0,154,0,0,2,0,9
Semaj Turner,170061,ED,DUKE,2,1,0,154,0,0,0,0,0
Jacob Cruz,170065,ED,JVILLE ST,2,1,0,196,0,0,0,0,3
Shymeik Jones,170071,DI,GA TECH,1,0,0,176,0,0,0,0,0
Rueben Bain Jr.,170082,ED,MIAMI FL,3,2,0,220,0,0,0,2,7
Jayden Wayne,170098,ED,CAL,1,2,0,130,0,0,0,0,1
Amare Campbell,170102,LB,PENN STATE,1,0,0,266,0,0,0,0,7
Abe Ibrahim,170117,LB,PITTSBURGH,1,0,0,268,0,0,0,0,0
Braylan Lovelace,170119,LB,PITTSBURGH,1,5,0,268,1,0,0,1,3
Isaiah Neal,170121,ED,PITTSBURGH,1,0,0,268,0,0,0,0,3
Nolan DeLong,170148,LB,IOWA,1,0,0,192,0,0,0,0,0
Zach Lutmer,170162,CB,IOWA,1,1,0,192,0,0,0,0,2
Kenneth Merrieweather,170166,ED,IOWA,1,0,0,192,0,0,0,0,1
John Nestor,170169,CB,MINNESOTA,1,1,0,225,0,1,0,0,3
Anterio Thompson,170176,DI,WASHINGTON,1,0,0,340,1,0,0,0,3
Tamarcus Cooley,170189,S,LSU,1,0,0,211,0,0,0,0,9
Lavon Johnson,170195,DI,TEXAS,1,0,0,311,0,0,0,0,1
Jeremiah Charles,170220,CB,NEBRASKA,1,0,0,238,0,0,0,0,1
Korver Demma,170222,ED,C MICHIGAN,1,2,0,134,1,0,0,0,0
Mason Goldman,170226,ED,NEBRASKA,1,0,0,238,0,0,0,0,1
Sua Lefotu,170231,DI,NEBRASKA,1,1,0,238,0,0,0,0,0
Cameron Lenhardt,170232,ED,NEBRASKA,1,0,0,238,0,0,0,0,3
Maverick Noonan,170236,ED,NEBRASKA,1,0,0,238,0,0,0,0,0
Princewill Umanmielen,170245,ED,OLE MISS,2,5,0,226,0,0,0,1,4
Riley Van Poppel,170246,DI,NEBRASKA,1,2,0,238,0,0,0,0,0
Jermaine Mathews Jr.,170257,CB,OHIO STATE,2,1,0,260,0,0,0,0,7
Kayden McDonald,170258,DI,OHIO STATE,2,5,0,260,0,0,0,2,9
Jason Moore,170262,DI,OHIO STATE,1,0,0,260,0,0,0,0,0
Arvell Reese,170264,LB,OHIO STATE,2,3,0,260,3,0,0,0,6
Will Smith Jr.,170271,DI,OHIO STATE,2,0,0,260,0,0,0,0,2
Ty Blanding,170277,DI,PENN STATE,1,1,0,266,0,0,0,0,2
Kolin Dinkins,170280,S,PENN STATE,1,0,0,266,0,0,0,0,0
Jashaun Green,170282,S,PENN STATE,1,0,0,266,0,0,0,0,0
King Mack,170287,S,PENN STATE,1,0,0,266,0,0,0,0,2
Ta'Mere Robinson,170295,LB,USC,1,2,0,326,0,0,0,0,2
Zion Tracy,170301,S,PENN STATE,1,2,0,266,0,0,0,0,4
Jonas Duclona,170322,CB,USF,1,0,0,327,0,0,0,0,2
Lamont Green Jr.,170337,ED,FIU,1,1,0,166,0,0,0,0,0
DeMarco Ward,170359,S,MEMPHIS,1,3,0,218,0,0,0,0,2
Isaiah Shirley,170380,DI,NC STATE,1,1,0,248,0,0,0,0,0
Quaylen Hill,170401,DI,FIU,1,0,0,166,0,0,0,1,1
Travis Franklin Jr.,170420,S,JVILLE ST,2,1,0,196,0,0,1,0,2
Walker O'Steen,170430,LB,JVILLE ST,2,1,0,196,0,0,0,2,11
Shane Payton Hodges,170431,ED,JVILLE ST,2,1,0,196,0,0,0,1,1
Zechariah Poyser,170434,S,MIAMI FL,3,6,0,220,0,0,0,0,12
David Blay Jr.,170449,DI,MIAMI FL,3,1,0,220,0,0,0,0,0
Zeke Durham-Campbell,170456,ED,COAST CAR,1,1,0,141,0,0,0,0,2
Sam Brumfield,170479,LB,MEMPHIS,1,2,0,218,0,0,0,0,4
Maddox Marcellus,170594,LB,VIRGINIA,1,4,0,335,0,0,0,0,6
Derek Ganter Jr.,170679,S,BOISE ST,2,0,0,120,0,0,0,0,1
Jon Johnson,170699,CB,NEW MEXICO,1,1,0,241,0,0,0,0,5
Alex McLaughlin,170717,S,WASHINGTON,1,2,0,340,0,0,0,0,4
Michael Jordan Jr.,170734,DI,FRESNO ST,1,3,0,169,1,0,0,0,1
Mike Montgomery,170754,LB,SO MISS,1,1,0,296,0,0,0,2,3
Jack Bousum,170962,ED,ARMY,1,0,0,114,0,0,0,0,1
Jaxon Hammond,170978,CB,ARMY,1,0,0,114,0,0,0,0,0
Kody Harris-Miller,170980,DI,ARMY,1,1,0,114,0,0,0,0,2
Elo Modozie,170992,ED,GEORGIA,2,1,0,173,0,0,0,0,3
Baylor Newsom,170996,LB,ARMY,1,0,0,114,0,0,0,0,1
Noah Nixon,170997,ED,ARMY,1,0,0,114,0,0,0,0,4
Stephen Nnadozie,170998,S,ARMY,1,3,0,114,0,0,0,1,2
Dillon Stowers,171019,DI,ARMY,1,0,0,114,0,0,0,0,0
Christopher Williams,171028,S,ARMY,1,0,0,114,0,0,0,0,0
Cam Chadwick Jr.,171036,CB,UCONN,1,3,0,146,0,0,0,0,2
Cleto Chol,171038,DI,UCONN,1,1,0,146,0,0,0,0,1
Oumar Diomande,171041,LB,UCONN,1,5,0,146,0,0,0,0,6
Brandon Kelley,171053,ED,UCONN,1,0,0,146,0,0,0,0,0
Amir Renwick,171059,LB,UCONN,1,0,0,146,0,0,0,0,0
Gabriel Iniguez Jr.,171068,DI,UTAH ST,1,1,0,329,0,0,0,0,2
Keshawn Hayden,171230,ED,C MICHIGAN,1,1,0,134,1,0,0,1,0
Nathan VanTimmeren,171245,TE,C MICHIGAN,1,0,0,134,0,0,0,0,1
Roosevelt Andrews III,171270,DI,MIAMI OH,2,0,0,221,0,0,0,0,2
Malcolm McCain,171282,LB,MIAMI OH,2,3,0,221,0,0,0,0,9
Christian McKinney,171284,LB,MIAMI OH,2,0,0,221,0,0,0,0,0
Brock Uihlein,171294,LB,MIAMI OH,2,4,0,221,0,0,0,1,8
Mychal Yharbrough,171297,CB,MIAMI OH,2,1,0,221,0,0,1,0,11
Santana Banner,171300,S,MISSOURI,1,1,0,229,0,0,0,0,5
Nevaeh Sanders,171329,LB,MISS STATE,1,2,0,227,0,0,0,0,2
Ethan Tierney,171334,S,FRESNO ST,1,0,0,169,0,0,0,0,1
Kendall Bannister,171338,CB,OHIO,1,0,0,259,0,0,0,0,5
Jay Crable,171340,ED,OHIO,1,2,0,259,1,0,0,0,0
Jack Fries,171345,LB,OHIO,1,1,0,259,0,0,1,0,3
Austin Mitchell,171355,DI,OHIO,1,1,0,259,0,0,0,0,0
Jalen Thomeson,171363,S,OHIO,1,0,0,259,0,0,0,0,6
DJ Walker,171364,S,OHIO,1,1,0,259,0,1,0,0,5
Nicholas Thompson,171391,S,TOLEDO,1,1,0,316,0,0,0,0,5
Joshua Franklin,171395,CB,W MICHIGAN,2,3,0,347,1,0,3,0,8
Dalton Gustwiller,171396,DI,W MICHIGAN,2,2,0,347,0,0,0,0,1
Marcel Tyler,171406,DI,W MICHIGAN,2,3,0,347,0,0,0,0,3
Tim Brantley Jr.,171445,DI,MO STATE,1,1,0,230,0,0,0,0,1
Kaleno Levine,171451,CB,TROY,2,1,0,318,0,0,0,0,5
Cooper Roy,171455,LB,MO STATE,1,0,0,230,0,0,0,1,0
Caden Wiest,171458,ED,MO STATE,1,0,0,230,0,0,1,1,3
Kanye Young,171461,LB,MO STATE,1,1,0,230,0,0,0,0,2
Jamir Conn,171492,CB,NEBRASKA,1,0,0,238,0,0,0,0,0
Elijah Gunn,171498,DI,CINCINNATI,1,0,0,138,0,0,0,0,0
Jelani McLaughlin,171572,S,S DIEGO ST,1,0,0,284,0,1,0,0,2
Najae Hallenbeck,171707,DI,SO MISS,1,0,0,296,0,0,0,0,0
Jaylon Stone,171807,DI,VANDERBILT,1,0,0,333,0,0,0,0,1
Taye Brown,171843,LB,ARIZONA,1,1,0,109,0,0,0,0,8
Gavin Hunter,171852,CB,ARIZONA,1,4,0,109,0,0,1,0,7
Kamuela Ka'aihue,171855,LB,UNLV,2,0,0,325,0,0,0,0,0
Emmanuel Karnley,171856,CB,VIRGINIA,2,3,0,335,0,1,1,0,2
Dominic Lolesio,171858,ED,ARIZONA,1,0,0,109,0,0,0,0,0
Keanu Mailoto,171860,DI,BOISE ST,2,0,0,120,0,0,0,0,0
Julian Savaiinaea,171867,DI,ARIZONA,1,0,0,109,0,0,0,0,0
Josiah Cox,171878,CB,S DIEGO ST,1,0,0,284,0,0,0,0,4
C.J. Fite,171879,DI,ARIZONA ST,1,0,0,110,0,0,1,0,0
Elijah O'Neal,171885,ED,ARIZONA ST,1,1,0,110,0,0,0,1,3
Landen Thomas,171889,ED,UNLV,2,0,0,325,0,0,0,0,2
Montana Warren,171891,CB,ARIZONA ST,1,1,0,110,0,0,0,0,4
Ashley Williams,171892,ED,LA LAFAYET,1,1,0,207,0,0,0,0,2
Jaden Milliner-Jones,171902,S,SMU,1,0,0,287,0,0,0,0,1
Leroy Bryant,171915,CB,WASHINGTON,1,0,0,340,0,2,0,0,4
Elinneus Davis,171920,DI,WASHINGTON,1,0,0,340,0,0,0,1,3
Zach Durfee,171921,ED,WASHINGTON,1,2,0,340,0,0,0,1,3
Vincent Holmes,171926,S,WASHINGTON,1,0,0,340,0,0,0,0,0
Jacob Lane,171930,ED,WASHINGTON,1,0,0,340,0,0,0,1,2
Caleb Sandstrom,172174,ED,APP STATE,1,1,0,108,0,0,0,0,2
Brandon Greil,172190,S,ARK STATE,1,1,0,113,0,0,0,0,0
Ricardo Williams Jr.,172237,ED,DOMINION,1,0,0,263,0,0,0,1,0
Derrick Barksdale,172239,CB,JAMES MAD,1,0,0,197,0,0,3,0,1
Mychal McMullin,172254,DI,JAMES MAD,1,0,0,197,1,0,0,0,1
D'Angelo Ponds,172259,CB,INDIANA,4,3,1,190,1,1,3,0,21
Gannon Weathersby,172266,LB,JAMES MAD,1,0,0,197,1,0,0,0,1
Zion Frink,172279,CB,DOMINION,1,0,0,263,0,0,0,0,2
DeAndre Lynch,172289,DI,DOMINION,1,1,0,263,0,0,0,1,1
Ryan Ramey,172292,S,DOMINION,1,0,0,263,0,0,0,0,0
Devin Roche,172294,HB,DOMINION,1,0,0,263,0,0,0,0,0
Mario Thompson,172298,LB,DOMINION,1,2,0,263,0,0,0,0,0
Jordan Norman,172311,ED,TULANE,1,1,0,319,0,0,0,0,2
Kalil Alexander,172318,ED,TEXAS ST,1,0,1,314,1,0,0,1,3
Amarion Atwood,172319,CB,TEXAS ST,1,2,0,314,0,0,0,0,0
Bobby Crosby,172325,S,TEXAS ST,1,0,0,314,0,0,0,0,0
Terry Webb,172339,DI,SMU,1,1,0,287,0,0,0,0,1
Keyshawn Campbell,172344,LB,TROY,2,0,0,318,0,0,0,0,1
Steven Cattledge,172345,LB,TROY,2,2,0,318,0,0,0,1,5
LJ Green,172349,CB,TULANE,1,0,0,319,0,0,0,0,0
Chris Rodgers,172364,LB,TULANE,1,2,0,319,0,1,0,0,6
TJ Thompson,172369,LB,TROY,2,0,1,318,1,0,0,1,2
Caleb Downs,172375,S,OHIO STATE,2,2,2,260,0,0,0,0,14
Edric Hill,172380,DI,ALABAMA,2,1,0,103,0,0,0,0,3
Justin Jefferson,172384,LB,ALABAMA,2,1,0,103,0,0,0,0,7
Hunter Osborne,172391,DI,VIRGINIA,2,1,0,335,0,0,0,0,2
Jordan Renaud,172393,ED,ALABAMA,2,3,0,103,1,0,0,0,5
Qua Russaw,172395,ED,ALABAMA,2,0,0,103,0,0,0,0,4
James Smith,172396,DI,ALABAMA,2,1,0,103,1,0,0,0,0
Jaylon Braxton,172400,CB,OLE MISS,2,1,0,226,0,0,1,0,8
Christian Ford,172406,S,MO STATE,1,0,0,230,0,0,0,0,3
TJ Metcalf,172415,S,MICHIGAN,1,1,0,222,0,0,1,0,4
Brad Spence,172428,ED,TEXAS,1,3,0,311,0,0,0,0,2
Rod Elston,172446,S,JVILLE ST,1,0,0,196,0,0,0,0,1
DJ Reed,172460,DI,MISS STATE,1,0,0,227,0,0,0,0,0
Christian Brathwaite,172470,LB,HOUSTON,1,0,0,182,0,0,0,0,0
Dylan Carpenter,172472,ED,LSU,1,1,0,211,0,0,0,0,1
Jaxon Howard,172479,ED,MINNESOTA,1,0,0,225,0,0,0,0,3
Kylin Jackson,172482,S,TCU,1,0,0,305,0,0,0,0,0
Da'Shawn Womack,172500,ED,OLE MISS,2,0,0,226,0,0,0,1,2
Jamarious Brown,172508,DI,OLE MISS,2,1,0,226,0,0,0,0,3
Suntarine Perkins,172524,ED,OLE MISS,2,4,1,226,0,0,0,3,9
Joseph Head Jr.,172544,ED,MISS STATE,1,1,0,227,0,0,0,0,0
Will James,172547,CB,HOUSTON,1,0,0,182,0,0,0,0,6
Gabe Moore,172550,DI,NEBRASKA,1,0,0,238,0,0,0,0,0
Brice Pollock,172553,CB,TEXAS TECH,2,2,0,315,1,0,2,0,7
Marvin Burks Jr.,172561,S,MISSOURI,1,0,0,229,0,0,0,0,3
Jahkai Lang,172565,ED,SMU,1,0,0,287,0,0,0,0,0
Triston Newson,172569,LB,MISSOURI,1,1,0,229,0,0,0,0,6
Evan Herrmann,172614,ED,OHIO,1,0,0,259,0,0,0,0,2
Martel Hight,172615,CB,VANDERBILT,1,1,0,333,0,1,0,0,3
Bryan Longwell,172620,LB,VANDERBILT,1,2,0,333,0,0,0,0,3
Anthony Richard Jr.,172789,CB,SO MISS,1,0,0,296,0,0,0,0,1
Jerry Lawson,172925,DI,LOUISVILLE,1,1,0,210,1,0,0,0,2
Brevin Hamblin,173004,S,UTAH ST,1,3,0,329,0,0,1,0,11
Brian Simms III,173034,LB,CINCINNATI,1,4,0,138,0,0,0,0,0
Justin Benton,173039,DI,E CAROLINA,1,1,0,156,1,0,0,0,2
Mikal Harrison-Pilot,173046,CB,TEXAS TECH,2,0,0,315,0,0,0,0,0
Jonathan Bax,173128,ED,TCU,1,0,0,305,0,0,0,0,1
Max Carroll,173130,LB,TCU,1,0,0,305,0,0,0,0,2
Markis Deal,173134,DI,TCU,1,0,0,305,0,0,0,0,1
Randon Fontenette,173136,CB,VANDERBILT,1,0,0,333,0,0,0,0,3
Vernon Glover Jr.,173137,CB,TCU,1,0,0,305,0,0,0,0,7
Keviyan Huddleston,173139,ED,N TEXAS,2,2,0,251,0,0,0,0,3
Jamel Johnson,173140,S,TCU,1,2,0,305,0,1,0,0,5
Jordan Lester,173142,S,TCU,1,0,0,305,0,0,0,0,1
Derion Gullette,173156,LB,MISS STATE,1,0,0,227,0,0,0,0,2
Colton Vasek,173168,ED,TEXAS,1,0,0,311,0,0,0,0,0
Evan Jackson,173204,S,N TEXAS,2,0,0,251,0,1,1,1,7
Kollin Lewis,173206,CB,N TEXAS,2,1,0,251,0,0,0,0,3
Brian Nelson II,173211,CB,NC STATE,1,1,0,248,1,0,1,0,4
Ty Morris,173225,LB,RICE,1,2,0,275,0,0,0,0,3
Christopher Clark-Jolivet,173231,DI,RICE,1,0,0,275,0,0,0,0,0
Aquantis Clemmons,173232,DI,RICE,1,0,0,275,0,0,0,0,1
Cooper King,173244,LB,RICE,1,0,0,275,0,0,0,0,0
Joseph Mutombo,173245,ED,RICE,1,1,0,275,0,0,0,0,1
Chris Bracy,173324,S,MEMPHIS,1,2,0,218,0,0,1,0,6
Everett Roussaw Jr.,173344,LB,MEMPHIS,1,2,0,218,0,0,1,0,2
Amare Ferrell,173381,S,INDIANA,4,5,0,190,0,0,0,0,6
Jeff Utzinger,173390,LB,INDIANA,1,0,0,190,0,0,0,0,0
Kerry Brown,173399,S,MINNESOTA,1,1,0,225,0,0,0,0,0
Matt Kingsbury,173407,LB,MINNESOTA,1,0,0,225,0,0,0,0,1
Karter Menz,173412,ED,MINNESOTA,1,0,1,225,1,0,0,1,3
Koron Hayward,173436,ED,W KENTUCKY,1,0,0,346,1,0,0,1,1
Nazir Ward,173447,CB,W KENTUCKY,1,0,0,346,0,0,1,0,3
Max Stege,173456,ED,BOISE ST,2,1,0,120,0,0,0,0,6
Camryn Bracha,173509,S,FRESNO ST,1,1,0,169,0,0,3,0,6
Mordecai Hines,173524,DI,FRESNO ST,1,0,0,169,1,0,0,0,1
Justyn Rhett,173535,S,NEBRASKA,1,1,0,238,0,0,0,0,5
CJ Allen,173539,LB,GEORGIA,2,3,0,173,0,0,0,0,6
Raylen Wilson,173541,LB,GEORGIA,2,4,0,173,0,0,0,0,5
Damon Wilson II,173543,ED,MISSOURI,1,0,0,229,0,0,0,0,2
Gabe Harris Jr.,173547,ED,GEORGIA,1,0,0,173,0,0,0,0,1
Jamaal Jarrett,173551,DI,USC,1,0,0,326,0,0,0,0,0
Jaden Yates,173560,LB,OLE MISS,2,3,0,226,0,0,0,0,3
Kshawn Cox Jr.,173607,CB,DELAWARE,1,0,0,151,0,0,0,0,3
Gavin Moul,173618,LB,DELAWARE,1,4,0,151,0,0,1,0,8
KT Seay,173621,S,DELAWARE,1,3,0,151,0,0,0,0,8
James Yelbert Jr.,173627,ED,DELAWARE,1,0,0,151,1,0,0,0,1
Jayden Cofield,173631,DI,TEXAS TECH,2,1,0,315,0,0,0,0,1
John Curry,173634,CB,TEXAS TECH,2,7,1,315,0,0,0,0,8
Chapman Lewis,173640,S,TEXAS TECH,1,0,0,315,0,0,0,0,0
Ansel Nedore,173643,ED,TEXAS TECH,1,0,0,315,0,0,0,0,0
Marcus Ramon-Edwards,173644,CB,TEXAS TECH,2,0,0,315,0,0,0,0,0
Macho Stevenson,173650,CB,TEXAS TECH,2,0,0,315,0,0,0,0,0
Amier Washington,173654,DI,TEXAS TECH,2,0,0,315,0,0,0,0,0
Kadarius Miller,173676,DI,LA LAFAYET,1,2,0,207,0,0,0,0,1
Jasiah Wagoner,173722,S,CAL,1,0,0,130,0,0,0,0,6
Jaden McKinney,173762,DI,SO MISS,1,0,0,296,0,0,0,0,0
Five Hamilton,173787,CB,KENNESAW,2,0,0,200,0,0,0,0,0
AJ Miller,173796,DI,KENNESAW,2,0,0,200,0,0,0,0,1
Isaac Paul,173799,S,KENNESAW,2,4,0,200,0,0,0,0,9
JeRico Washington Jr.,173807,CB,KENNESAW,2,3,1,200,0,0,3,0,5
Saint Farrior,173945,DI,APP STATE,1,0,0,108,1,0,0,1,3
Terrell Washington,173964,DI,N TEXAS,2,0,0,251,0,0,0,0,2
Jackie Johnson III,174013,ED,HAWAII,1,0,0,180,0,0,0,0,0
Lesterlaisene Lagafuaina,174015,ED,HAWAII,1,2,0,180,1,0,0,1,1
Jojo Hayden,174026,LB,ILLINOIS,1,0,0,187,0,0,0,0,0
Kaleb Patterson,174031,CB,ILLINOIS,1,0,0,187,0,0,0,0,1
Zachary Tobe,174034,CB,GA TECH,1,0,0,176,1,0,0,0,1
Cam Calhoun,174037,CB,ALABAMA,2,1,0,103,0,0,0,0,1
Jyaire Hill,174040,CB,MICHIGAN,1,0,0,222,0,0,0,0,3
Bai Jobe,174048,ED,MIAMI OH,2,1,0,221,1,0,0,0,7
Blesyng Alualu-Tuiolemotu,174061,LB,UNLV,2,2,0,325,0,0,0,0,6
Thomas Anderson,174062,CB,MO STATE,1,0,0,230,0,0,1,0,3
Lucas Conti,174067,DI,UNLV,2,1,0,325,0,0,0,1,0
Nnanna Anyanwu,174086,ED,UTSA,1,0,0,331,0,0,0,0,1
Tim Huff Jr.,174097,ED,UTSA,1,0,0,331,0,0,0,0,0
Jakevian Rodgers,174107,CB,UTSA,1,0,1,331,0,0,0,0,4
Johnny Bowens III,174114,DI,UTSA,1,0,0,331,0,0,0,0,0
Jaeden Moore,174116,ED,PITTSBURGH,1,0,0,268,0,0,0,0,0
Jerry Mixon,174117,LB,OREGON,2,2,0,264,0,0,1,0,5
Teitum Tuioti,174118,ED,OREGON,2,0,0,264,0,0,0,2,6
Matayo Uiagalelei,174124,ED,OREGON,2,1,1,264,1,0,0,1,3
Ayden Jackson,174147,S,GA SOUTHRN,1,2,0,174,0,0,0,0,1
Jamorri Colson,174155,CB,WASH STATE,1,2,0,341,0,0,0,0,0
Kapena Gushiken,174157,S,OLE MISS,2,2,0,226,0,1,0,0,3
Johnathan Hall,174160,LB,UTAH,1,1,0,328,1,0,0,0,2
Stephen Hall,174161,CB,MISSOURI,1,0,0,229,0,0,0,0,1
Wyatt Gedeon,174169,LB,COAST CAR,1,0,0,141,1,0,0,0,4
Christian Pierce,174174,S,USC,1,2,0,326,0,1,0,0,4
Ansel Din-Mbuh,174195,DI,TCU,1,0,0,305,0,0,0,0,2
Kebba Secka,174196,ED,GA SOUTHRN,1,0,0,174,1,0,0,0,0
Owen Chambliss,174198,LB,S DIEGO ST,1,0,0,284,1,0,0,0,5
Kelby Collins,174238,DI,ALABAMA,1,0,0,103,0,0,0,0,0
Ja'Keem Jackson,174247,CB,LSU,1,1,0,211,0,0,0,0,1
Kam Franklin,174290,S,LA TECH,1,1,0,208,0,0,0,0,3
Lardarius Webb Jr.,174314,CB,WAKE,1,0,0,339,0,0,0,0,4
Elijah Davis,174321,ED,TROY,2,4,0,318,0,0,0,1,3
Xzavier McLeod,174324,DI,GEORGIA,2,2,0,173,3,0,0,0,1
Rion Roseborough,174337,DI,E CAROLINA,1,0,0,156,1,0,0,0,0
Myles Parker,174574,DI,HOUSTON,1,1,0,182,0,0,0,0,0
Cayman Spaulding,174579,LB,GA TECH,1,1,0,176,1,0,0,0,2
Jack Sadowsky V,174685,LB,NWESTERN,1,1,0,256,0,0,0,0,0
Micah Carter,174697,ED,LOUISVILLE,1,0,0,210,0,0,0,1,1
Stanquan Clark,174698,LB,LOUISVILLE,1,0,0,210,0,0,0,0,2
Saadiq Clements,174700,DI,N TEXAS,2,0,0,251,0,0,0,0,6
AJ Green,174704,ED,LOUISVILLE,1,2,0,210,1,0,0,0,3
Woo Spencer,174714,DI,SMU,1,0,0,287,0,0,0,0,4
Caleb Herring,174726,ED,TENNESSEE,1,0,0,307,0,0,0,0,0
Daevin Hobbs,174727,DI,TENNESSEE,1,0,0,307,0,0,0,1,2
Jordan Matthews,174735,CB,VANDERBILT,1,0,0,333,0,0,0,0,1
Nathan Robinson,174738,DI,TENNESSEE,1,0,0,307,0,0,0,0,0
Jalen Smith,174742,LB,MISS STATE,1,2,0,227,0,0,0,0,11
Jeremiah Telander,174745,LB,TENNESSEE,1,1,0,307,0,0,0,0,9
Tyree Weathersby,174748,ED,TENNESSEE,1,0,0,307,0,0,0,0,1
Cian Slone,174768,ED,NC STATE,1,3,0,248,3,0,0,0,2
Braylon Johnson,174790,S,WAKE,1,0,0,339,0,0,0,0,3
Jonathan Pennix,174797,CB,SO MISS,1,0,0,296,0,0,0,0,2
Ethan Day,174815,ED,N TEXAS,2,3,0,251,1,0,0,0,6
TJ Bush Jr.,174925,ED,CAL,1,0,0,130,1,0,0,0,2
Eliyt Nairne,174936,DI,TULANE,1,1,0,319,0,0,0,0,0
Bryan Whitehead,174941,ED,ARK STATE,1,0,0,113,0,0,0,1,1
Botros Alisandro,174944,CB,DOMINION,1,0,0,263,0,0,0,0,5
Will Heldt,174960,ED,CLEMSON,1,0,0,140,2,0,0,0,6
Dillon Thieneman,174971,S,OREGON,2,7,0,264,0,0,0,0,18
Dimitri Johnson,174976,LB,NEW MEXICO,1,1,0,241,0,0,0,1,5
Trenton Alan Yowe,174979,CB,ARK STATE,1,0,0,113,0,0,0,0,1
Zyeir Gamble,174990,S,APP STATE,1,2,0,108,0,0,0,0,7
Colton Phares,175001,LB,APP STATE,1,2,0,108,0,0,0,0,8
Siale Esera,175020,LB,BYU,2,0,0,128,1,0,0,0,7
Miles Hall,175024,LB,BYU,2,2,0,128,0,0,0,0,4
Ace Kaufusi,175031,LB,BYU,1,0,0,128,0,0,0,0,0
Maika Kaufusi,175032,LB,BYU,1,0,0,128,0,0,0,0,1
David Latu,175034,DI,BOISE ST,2,0,0,120,0,0,0,0,0
Jaheim Jenkins,175053,CB,JVILLE ST,2,1,0,196,0,0,1,0,6
Daiquan White,175068,CB,GA TECH,1,0,0,176,0,0,0,0,0
Dallas Afalava,175070,DI,WAKE,1,0,0,339,1,0,0,2,1
Xe'ree Alexander,175071,LB,WASHINGTON,1,2,0,340,0,1,2,1,3
Jaxton Eck,175078,LB,NEW MEXICO,1,2,0,241,0,0,0,0,2
Keyshawn James-Newby,175089,ED,NEW MEXICO,1,0,0,241,0,0,0,1,2
Andrew Marshall,175097,CB,NEBRASKA,1,2,0,238,0,0,1,0,3
Julien Davis,175186,ED,E CAROLINA,1,1,0,156,1,0,0,0,1
Kieran Davis,175187,ED,E CAROLINA,1,0,0,156,0,0,0,0,0
DJ Johnson Jr.,175193,LB,E CAROLINA,1,3,0,156,0,0,0,0,3
Kamaurri McKinley,175198,S,E CAROLINA,1,0,0,156,0,0,0,0,8
Kush'i Abraham,175215,S,NAVY,1,0,0,237,0,0,0,0,0
Coleman Cauley,175224,LB,NAVY,1,3,0,237,0,1,0,0,10
Irabonoise Oniha,175257,CB,NAVY,1,0,0,237,0,0,0,0,0
Giuseppe Sessi,175264,S,NAVY,1,0,0,237,0,0,0,0,5
Griffen Willis,175274,DI,NAVY,1,0,0,237,0,0,0,0,1
Kevin Allen,175277,DI,SMU,1,0,0,287,0,0,0,0,1
Brandon Miyazono,175288,LB,SMU,1,4,0,287,1,0,1,0,1
Kahlil Ali,175331,S,DELAWARE,1,3,0,151,0,0,1,0,2
Popo Aguirre,175372,LB,MIAMI FL,3,0,0,220,0,0,0,0,6
Demetrius Freeney Jr.,175375,CB,BOISE ST,1,0,0,120,0,0,0,0,0
Josh Horton,175377,DI,GEORGIA,2,0,0,173,0,0,0,0,1
Ayden Duncanson,175394,S,E CAROLINA,1,3,0,156,0,0,0,0,2
Rasheem Biles,175408,LB,PITTSBURGH,1,1,1,268,0,0,0,2,16
Cruce Brookins,175409,S,PITTSBURGH,1,7,0,268,0,0,0,0,2
Shadarian Harrison,175416,CB,PITTSBURGH,1,0,0,268,0,0,0,0,2
Anthony Britton,175427,DI,VIRGINIA,2,2,0,335,0,0,0,0,0
Landon Danley,175431,LB,VIRGINIA,2,2,0,335,0,0,0,0,9
Jason Hammond,175434,DI,VIRGINIA,2,3,0,335,0,0,0,0,2
Caleb Hardy,175435,LB,VIRGINIA,2,1,0,335,0,0,0,0,1
Jacob Bower,175477,LB,NEBRASKA,1,1,0,238,0,0,0,0,0
Ethan Black,175489,WR,PENN STATE,1,0,0,266,0,0,0,0,0
Preston Thompson,175573,CB,FIU,1,0,0,166,0,0,0,0,1
Nick Watson,175575,ED,FIU,1,0,0,166,0,0,0,0,1
Elijah Palmer,175706,CB,HAWAII,1,0,0,180,0,0,0,0,3
Jaheim Wilson-Jones,175716,CB,HAWAII,1,0,0,180,0,0,0,0,2
Brady Nassar,175760,ED,S DIEGO ST,1,1,0,284,0,0,0,0,0
Noland Asberry,175856,ED,ARK STATE,1,0,0,113,0,0,0,0,0
Bray Hubbard,175863,S,ALABAMA,2,7,0,103,0,0,0,1,9
Keon Keeley,175865,ED,ALABAMA,2,0,0,103,0,0,0,1,3
Yhonzae Pierre,175869,ED,ALABAMA,2,1,0,103,1,0,0,2,6
Kelley Jones,175896,CB,MISS STATE,1,0,0,227,0,0,0,0,4
Nick DeLoach Jr.,175900,CB,MISSOURI,1,0,0,229,0,0,0,0,0
Chantz Johnson,175936,LB,TEXAS ST,1,0,0,314,1,0,0,0,1
Pat Farrell,175961,DI,ILLINOIS,1,0,0,187,0,0,0,0,0
Mac Resetich,175962,S,ILLINOIS,1,0,0,187,0,0,0,0,2
Juice Clarke,175969,CB,ILLINOIS,1,0,0,187,0,0,0,0,1
Saboor Karriem,175970,S,ILLINOIS,1,1,0,187,0,0,0,0,2
Ta'Derius Collins,175986,ED,TEXAS ST,1,0,0,314,0,0,0,0,0
Michael Tate,176008,CB,NC STATE,1,0,0,248,0,0,0,0,0
Tyler Walton,176059,ED,WAKE,1,0,0,339,0,0,0,0,1
Aiden Hall,176060,LB,WAKE,1,4,0,339,1,0,0,0,4
Davaughn Patterson,176061,S,WAKE,1,2,0,339,1,0,0,0,2
Travon West,176063,CB,WAKE,1,0,0,339,0,0,0,0,1
Deuce Alexander,176077,WR,OLE MISS,1,0,0,226,0,0,0,0,0
Dylan Hohler,176110,S,TOLEDO,1,1,0,316,0,0,0,0,0
Joey Pope,176126,S,W MICHIGAN,2,0,0,347,1,1,1,0,5
Keilan Smith,176153,DI,CINCINNATI,1,0,0,138,0,0,0,0,1
Tausili Akana,176171,ED,BYU,2,0,0,128,0,0,0,0,1
S'Maje Burrell,176174,LB,N TEXAS,2,1,0,251,0,0,0,0,6
Jelani McDonald,176180,S,TEXAS,1,1,0,311,0,0,0,0,9
Warren Roberson,176184,CB,TEXAS,1,1,0,311,0,0,1,0,4
Billy Walton III,176188,ED,SMU,1,0,0,287,0,0,0,1,0
Franklyn Johnson Jr.,176214,CB,BOISE ST,2,0,0,120,0,0,0,0,0
Ty Benefield,176221,S,BOISE ST,2,0,0,120,1,0,0,0,11
Micah Davis,176258,S,W MICHIGAN,2,1,0,347,1,0,0,0,8
Nigel Glover,176259,LB,NWESTERN,1,0,0,256,0,0,0,0,2
Boen Phelps,176265,LB,BOISE ST,2,3,1,120,0,0,0,1,9
Hayden Moore,176276,ED,WASHINGTON,1,0,0,340,0,0,0,0,0
Brandyn Hillman,176277,S,MICHIGAN,1,0,0,222,0,0,0,0,1
Cam Brandt,176306,ED,MICHIGAN,1,0,0,222,0,0,0,0,1
Trey Pierce,176315,DI,MICHIGAN,1,0,0,222,0,0,0,0,1
Enow Etta,176318,DI,MICHIGAN,1,0,0,222,0,0,0,0,0
Michael Madrie,176325,DI,BOISE ST,2,0,0,120,0,0,0,0,2
Troy Bowles,176329,LB,MICHIGAN,1,0,0,222,0,0,0,0,3
Mason Clinton,176342,DI,SO MISS,1,0,0,296,0,0,0,0,1
Chase Edwards,176346,DI,LA LAFAYET,1,0,0,207,0,0,0,0,0
Lance Williams,176366,ED,LA LAFAYET,1,0,0,207,0,0,0,0,1
Ahmere Foster,176372,S,SO MISS,1,0,0,296,0,0,0,0,3
Ian Foster,176373,S,SO MISS,1,2,0,296,0,0,0,0,1
Mathis Haygood,176375,LB,SO MISS,1,0,0,296,0,0,0,0,1
T.J. Capers,176469,LB,LOUISVILLE,1,1,0,210,0,0,0,0,1
Noah Flores,176473,CB,UTAH ST,1,0,0,329,0,0,0,0,2
Chase Davis,176474,S,TEXAS ST,1,0,0,314,0,0,0,0,1
Chris Bryson II,176487,CB,UTSA,1,0,0,331,0,0,0,0,0
Jameian Buxton,176488,DI,UTSA,1,0,0,331,0,0,0,0,1
Amare Johnson,176491,LB,UTSA,1,1,0,331,0,0,0,0,0
Donald Quaite Jr.,176498,DI,UTSA,1,0,0,331,0,0,0,0,0
Vic Shaw,176502,ED,UTSA,1,1,0,331,1,0,0,0,1
James Walley Jr.,176503,LB,UTSA,1,1,0,331,0,0,0,1,2
Marcellus Wilkerson,176504,S,UTSA,1,1,0,331,0,0,0,0,0
Josh Fussell,176509,CB,NWESTERN,1,1,0,256,1,0,0,0,3
Michael Kilbane,176512,ED,NWESTERN,1,0,0,256,1,0,0,0,4
Payton Roth,176519,LB,NWESTERN,1,0,0,256,0,0,0,0,1
Tommy Romano,176537,CB,ARIZONA ST,1,0,0,110,0,0,0,0,2
Cade Uluave,176566,LB,CAL,1,2,0,130,1,0,0,0,8
Daylen Austin,176586,S,OREGON,1,0,0,264,0,0,0,0,0
Terrance Green,176593,DI,OREGON,2,1,0,264,0,0,0,0,0
Ashton Porter,176597,ED,OREGON,2,0,0,264,0,0,0,0,3
Blake Purchase,176598,ED,OREGON,2,0,0,264,0,0,0,1,2
A'Mauri Washington,176603,DI,OREGON,2,2,0,264,0,0,0,0,2
Deijon Laffitte,176637,DI,FRESNO ST,1,0,0,169,0,0,0,0,0
Braylan Shelby,176644,ED,USC,1,2,0,326,0,0,0,0,2
Jonah Lea'ea,176654,DI,UTAH,1,0,0,328,1,0,0,0,3
Smith Snowden,176662,CB,UTAH,1,0,0,328,0,0,0,0,0
Michael Hughes,176678,ED,WASH STATE,1,0,0,341,0,0,0,0,0
Jack Janikowski,176679,ED,WASH STATE,1,0,0,341,0,0,0,0,0
Khalil Laufau,176681,DI,HOUSTON,1,1,0,182,0,0,0,1,2
Ethan O'Connor,176686,CB,MIAMI FL,3,2,0,220,0,0,3,0,10
Isaac Terrell,176693,ED,WASH STATE,1,0,0,341,0,0,0,0,0
Andrew Powdrell,176775,CB,UNLV,2,1,0,325,0,0,0,0,7
Joshua Pierce,176876,ED,N TEXAS,2,0,0,251,0,0,0,0,0
Malik Willis,176890,CB,TEXAS ST,1,0,0,314,0,0,0,0,1
Ja'Son Prevard,177049,CB,VIRGINIA,1,0,0,335,0,0,0,0,2
Bryce Hawthorne,177214,DI,IOWA,1,1,0,192,0,0,0,0,1
Drew Spinogatti,177398,LB,JAMES MAD,1,1,0,197,2,0,0,0,3
Taylor Burton,177573,DI,MEMPHIS,1,1,0,218,0,0,0,0,2
Noah Yeh,177766,ED,FRESNO ST,1,0,0,169,0,0,0,0,0
Christian Davis,178014,DI,LA TECH,1,0,0,208,0,0,0,0,1
Sefa Saipaia Jr.,178812,LB,W MICHIGAN,2,1,0,347,0,0,1,0,11
Kenyatta McNeese,179033,S,LA TECH,1,0,0,208,0,0,0,0,2
DJ Jackson Jr.,180417,ED,TROY,1,0,0,318,0,0,0,0,1
Sammy Brown,183192,LB,CLEMSON,1,5,0,140,0,0,0,0,8
Corian Gipson,183198,CB,CLEMSON,1,0,0,140,0,0,0,0,2
Ricardo Jones,183200,S,CLEMSON,1,1,0,140,0,0,0,0,4
Champ Thompson,183203,DI,CLEMSON,1,0,0,140,0,0,0,0,0
Jordan Boyd,183211,ED,GA TECH,1,1,0,176,0,0,0,0,1
Tah'j Butler,183212,LB,GA TECH,1,0,0,176,0,0,0,0,1
Dylan Day,183229,S,MIAMI FL,3,0,0,220,0,0,1,0,0
Marquise Lightfoot,183233,ED,MIAMI FL,3,0,0,220,2,0,0,1,4
Cam Pruitt,183239,LB,MIAMI FL,1,0,0,220,0,0,0,0,0
Brandon Booker,183248,LB,SMU,1,2,0,287,0,0,0,0,4
Zach Smith,183255,LB,W KENTUCKY,1,0,0,346,1,0,0,0,0
BJ Canady,183257,ED,CAL,1,0,0,130,0,0,0,0,0
Luke Ferrelli,183259,LB,CAL,1,1,0,130,0,0,0,0,3
Aaron Hampton,183260,LB,CAL,1,0,0,130,0,0,0,0,3
Ja'ir Smith,183264,CB,CAL,1,0,0,130,0,0,0,0,2
Francis Brewu,183267,DI,PITTSBURGH,1,0,0,268,0,0,0,0,1
Ethan Minter,183289,S,VIRGINIA,1,0,0,335,0,0,0,0,2
Maurice Davis,183316,ED,LOUISVILLE,1,0,0,210,0,0,0,0,0
Jivan Baly,183350,S,NC STATE,1,0,0,248,0,0,0,0,0
Chase Bond,183353,ED,NC STATE,1,0,0,248,0,0,0,0,0
Asaad Brown Jr.,183355,S,NC STATE,1,1,0,248,0,0,0,0,6
Zane Williams,183368,LB,NC STATE,1,1,0,248,0,0,0,0,0
Maraad Watson,183380,DI,TEXAS,1,1,0,311,1,0,0,0,1
Myles Turpin,183398,S,WAKE,1,0,0,339,0,0,0,0,1
CJ Heard,183405,S,VANDERBILT,1,0,0,333,0,0,0,0,6
Zavier Hamilton,183439,LB,USF,1,0,0,327,0,0,0,0,1
Rodney Hill,183440,LB,USF,1,0,0,327,0,0,0,0,2
David Adedoyin,183451,ED,UTSA,1,0,0,331,0,0,0,0,1
Matthew Lambert,183461,ED,UTSA,1,0,0,331,0,0,0,0,0
Michael Owoeye,183464,LB,UTSA,1,0,0,331,0,0,0,0,0
Alan Pruneda,183465,S,UTSA,1,0,0,331,0,0,0,0,1
Joe Barna,183498,ED,ILLINOIS,1,0,1,187,0,0,0,1,0
Daniel Brown,183500,ED,ILLINOIS,1,0,0,187,0,0,0,1,3
Tanner Heckel,183504,CB,ILLINOIS,1,0,0,187,0,0,0,1,2
Angelo McCullom,183507,DI,ILLINOIS,1,0,0,187,0,0,0,0,1
Caleb Benning,183549,S,NEBRASKA,1,4,0,238,0,0,0,0,4
Rex Guthrie,183561,S,NEBRASKA,1,0,0,238,0,0,0,0,3
Donovan Jones,183564,CB,NEBRASKA,1,1,0,238,0,0,2,0,7
Willis McGahee IV,183570,ED,NEBRASKA,1,0,0,238,0,0,0,0,0
Ashton Murphy,183572,DI,NEBRASKA,1,0,0,238,0,0,0,0,1
Jordan Ochoa,183574,ED,NEBRASKA,1,0,0,238,0,0,0,0,0
Amare Sanders,183583,CB,NEBRASKA,1,0,0,238,0,0,0,0,0
Vincent Shavers Jr.,183585,LB,NEBRASKA,1,4,0,238,0,0,0,0,6
Liam Andrews,183595,DI,PENN STATE,1,0,0,266,0,0,0,0,0
Xavier Gilliam,183605,DI,PENN STATE,1,0,0,266,0,0,0,0,0
Jaylen Harvey,183607,ED,PENN STATE,1,0,0,266,0,0,0,1,0
Jon Mitchell,183610,CB,GA TECH,1,1,0,176,0,0,0,0,0
Vaboue Toure,183613,S,PENN STATE,1,1,0,266,0,0,0,1,3
Jide Abasiri,183614,DI,USC,1,3,0,326,0,0,0,2,1
Kameryn Crawford,183618,ED,USC,1,0,0,326,2,0,0,1,4
Marquis Gallegos,183619,S,USC,1,0,0,326,0,0,0,0,0
Elijah Newby,183624,LB,USC,1,1,0,326,0,0,0,0,1
Desman Stephens II,183628,LB,USC,1,1,1,326,1,0,0,0,8
Marcelles Williams,183631,CB,USC,1,0,0,326,0,0,1,0,4
Rahshawn Clark,183634,CB,WASHINGTON,1,1,0,340,1,1,0,0,2
Elias Johnson,183640,CB,WASHINGTON,1,0,0,340,0,0,0,0,1
Paul Mencke Jr.,183643,S,WASHINGTON,1,0,0,340,1,0,0,0,0
Xavier Lucas,183666,CB,MIAMI FL,3,1,0,220,0,0,1,0,6
Mario Landino,183678,DI,INDIANA,4,2,0,190,0,0,0,1,9
Daniel Ndukwe,183680,ED,INDIANA,4,0,1,190,0,0,0,2,3
Jeremiah Beasley,183682,LB,MISSOURI,1,1,0,229,0,0,1,0,1
Dom Nichols,183687,ED,MICHIGAN,1,0,0,222,0,0,0,0,1
Cole Sullivan,183691,LB,MICHIGAN,1,0,0,222,0,0,0,0,5
Callen Campbell,183692,ED,NWESTERN,1,1,0,256,0,0,0,0,0
Terrion Curry-Hicks,183693,S,NWESTERN,1,0,0,256,0,0,0,0,1
Troy Regovich,183696,DI,NWESTERN,1,0,0,256,0,0,0,0,0
Eddrick Houston,183699,DI,OHIO STATE,2,2,0,260,0,0,0,2,3
Jaylen McClain,183702,S,OHIO STATE,2,3,0,260,0,0,0,0,7
Payton Pierce,183707,LB,OHIO STATE,2,0,1,260,0,0,0,0,2
Johno Price,183732,CB,ARIZONA,1,0,0,109,0,0,0,0,0
Martell Hughes,183743,LB,ARIZONA ST,1,1,0,110,0,0,0,0,7
Kyan McDonald,183748,S,ARIZONA ST,1,1,0,110,0,0,0,0,4
Tony-Louis Nkuba,183749,LB,ARIZONA ST,1,0,0,110,0,1,1,0,3
Albert Smith III,183752,ED,ARIZONA ST,1,1,0,110,0,0,0,0,1
Ramar Williams,183756,DI,ARIZONA ST,1,1,0,110,0,0,0,0,0
Therrian Alexander III,183757,CB,BYU,2,2,0,128,0,0,0,0,5
Orion Maile-Kaufusi,183777,ED,BYU,1,0,0,128,0,0,0,0,0
Viliami Po'uha,183779,ED,BYU,2,0,0,128,0,0,0,0,0
Tommy Prassas,183780,CB,BYU,2,1,0,128,0,0,0,0,1
John Taumoepeau,183783,DI,BYU,2,2,0,128,0,0,0,0,3
Stanley Clyne,183788,CB,CINCINNATI,1,0,0,138,0,0,0,0,0
Simeon Coleman,183790,LB,CINCINNATI,1,5,0,138,0,0,0,0,2
Travis Jackson,183828,ED,TCU,1,1,0,305,0,0,0,0,0
Tristan Johnson,183829,DI,TCU,1,1,0,305,0,0,0,0,1
Kaden McFadden,183833,S,TCU,1,0,0,305,0,0,0,0,0
Jackson Bennee,183856,S,UTAH,1,1,0,328,0,0,0,0,3
Elijah Kinsler,183880,ED,SO MISS,1,0,0,296,0,0,0,0,0
Germaine Carter,183927,DI,FIU,1,1,0,166,0,0,0,0,0
Shamir Sterlin,183933,S,FIU,1,0,0,166,0,0,0,0,5
Josiah Taylor,183934,LB,FIU,1,2,0,166,0,0,0,0,3
Trevell Vivians,183949,DI,LA TECH,1,0,0,208,0,0,0,0,0
Malaki Ta'ase,183980,ED,WASH STATE,1,0,0,341,0,0,0,1,0
Harper Holloman,184000,ED,W KENTUCKY,1,0,0,346,1,0,0,0,4
Kennedy Urlacher,184104,S,USC,1,0,0,326,0,0,0,0,2
K'Von Sherman,184134,LB,TOLEDO,1,0,0,316,0,0,0,0,5
Joshua Lloyd,184138,ED,W MICHIGAN,2,1,0,347,0,0,0,0,0
Ha'aheo Dela Cruz,184166,ED,HAWAII,1,0,0,180,0,0,0,0,0
Isaiah Buxton,184197,CB,S DIEGO ST,1,0,0,284,0,0,2,0,10
Tre Fulton,184206,S,UNLV,2,2,0,325,0,0,0,0,1
Frank Cusano,184216,LB,WAKE,1,2,0,339,0,0,0,0,4
Travis Anderson,184226,S,BOISE ST,1,0,0,120,0,0,0,0,0
Roman Caywood,184228,ED,BOISE ST,2,0,0,120,0,0,0,0,2
Joseph Marsh,184231,ED,OHIO,1,0,0,259,0,0,0,0,0
Lopez Sanusi,184234,DI,BOISE ST,2,0,0,120,0,0,0,0,1
Jakari Embry,184236,CB,FRESNO ST,1,1,0,169,0,1,0,0,1
Drew Collins,184254,ED,ARK STATE,1,0,0,113,0,0,0,1,0
Jaavan Mack,184268,CB,W KENTUCKY,1,0,0,346,0,0,0,0,0
Eli Anders,184276,ED,GA SOUTHRN,1,0,0,174,0,0,0,0,1
Dorrian Smith,184289,CB,GA SOUTHRN,1,0,0,174,0,2,0,0,3
Jerome Carter III,184331,S,DOMINION,1,1,0,263,0,2,0,0,4
Jahron Manning,184333,S,MISS STATE,1,3,0,227,0,0,1,0,3
Jalyn Durgan,184338,ED,N TEXAS,2,0,0,251,0,0,0,0,1
Ryan Nolan,184356,S,TEXAS ST,1,3,0,314,0,0,0,1,5
Rondell Carter,184364,S,TROY,1,0,0,318,0,0,0,0,0
Ky McNulty,184374,WR,TROY,1,0,0,318,0,0,0,0,0
Ahmad Breaux,184441,DI,LSU,1,0,0,211,0,0,0,0,0
Kolaj Cobbins,184445,ED,LSU,1,0,0,211,0,0,0,0,0
CJ Jackson,184456,ED,LSU,1,0,0,211,0,0,0,0,1
Davhon Keys,184459,LB,LSU,1,5,0,211,0,0,0,0,8
Dominick McKinley,184462,DI,LSU,1,0,0,211,0,0,0,0,2
Joel Rogers,184464,S,LSU,1,0,0,211,0,0,0,0,0
Tylen Singleton,184465,LB,LSU,1,4,0,211,0,0,0,0,5
PJ Woodland,184471,CB,LSU,1,0,0,211,0,0,0,0,3
Trajen Greco,184477,S,MISSOURI,1,1,0,229,0,0,0,0,0
Kobe Black,184503,CB,TEXAS,1,0,0,311,0,0,0,0,1
Xavier Filsaime,184508,S,TEXAS,1,0,0,311,0,0,0,0,1
Alex January,184510,DI,TEXAS,1,0,0,311,0,0,0,0,3
Jordon Johnson-Rubell,184511,S,TEXAS,1,0,0,311,0,0,0,0,2
Wardell Mack,184513,CB,TEXAS,1,0,0,311,0,1,0,0,0
Colin Simmons,184515,ED,TEXAS,1,0,0,311,0,0,0,1,3
Ty'Anthony Smith,184516,LB,TEXAS,1,4,0,311,0,2,0,0,7
Zina Umeozulu,184517,ED,TEXAS,1,1,0,311,0,0,0,1,2
Dontae Carter,184523,S,VANDERBILT,1,0,0,333,0,0,0,0,2
Zabien Brown,184529,CB,ALABAMA,2,0,0,103,0,0,0,0,7
Isaia Faga,184533,DI,ALABAMA,2,1,0,103,0,0,0,0,1
Cayden Jones,184538,LB,ALABAMA,1,0,0,103,0,0,0,0,0
Zavier Mincey,184541,S,ALABAMA,2,1,0,103,0,0,0,0,1
Red Morgan,184542,CB,ALABAMA,2,3,0,103,0,0,0,0,2
KJ Bolden,184549,S,GEORGIA,2,5,0,173,0,0,4,0,9
Chris Cole,184554,LB,GEORGIA,2,3,0,173,0,0,0,1,10
Quintavius Johnson,184564,ED,GEORGIA,2,1,0,173,0,0,0,1,0
Joseph Jonah-Ajonye,184565,ED,GEORGIA,2,2,0,173,0,0,0,0,2
Demello Jones,184566,CB,GEORGIA,2,1,0,173,0,0,0,0,4
Kris Jones,184567,ED,GEORGIA,1,0,0,173,0,0,0,0,0
Nnamdi Ogboko,184569,DI,GEORGIA,2,0,0,173,0,0,0,0,0
Ellis Robinson IV,184574,CB,GEORGIA,2,1,0,173,0,0,0,0,4
Justin Williams,184584,LB,GEORGIA,2,0,0,173,0,0,0,0,0
Kevon Merrell,184625,CB,E CAROLINA,1,0,0,156,0,1,0,0,3
D.J. Bennett,184669,DI,C MICHIGAN,1,0,0,134,0,0,0,0,0
Jaion Jackson,184672,CB,C MICHIGAN,1,0,0,134,1,0,0,0,3
Pius Odjugo,184674,DI,OHIO,1,1,0,259,0,0,0,0,2
Xavier White,184678,LB,C MICHIGAN,1,1,0,134,0,0,0,0,1
Brett Karhu,184713,ED,NEW MEXICO,1,1,0,241,1,0,1,1,2
Mike Gerald,184724,CB,MINNESOTA,1,0,0,225,0,0,0,0,3
Kam Franklin,184741,ED,OLE MISS,2,1,0,226,1,0,0,1,9
Andy Jaffe,184743,S,OLE MISS,1,0,0,226,0,0,0,0,0
Anthony Robinson III,184746,S,OLE MISS,1,0,0,226,0,0,0,0,0
Joseph Harper,184773,LB,SO MISS,1,1,0,296,0,0,0,0,3
Jameer Lewis,184776,ED,SO MISS,1,0,0,296,2,0,1,0,0
Caleb Moore,184780,DI,GA SOUTHRN,1,1,0,174,1,0,0,0,5
Aydin Breland,184841,DI,OREGON,1,0,0,264,0,0,0,0,0
Aaron Flowers,184845,S,OREGON,2,3,0,264,0,0,1,0,7
Tionne Gray,184846,DI,OREGON,2,1,0,264,0,0,0,0,1
Jericho Johnson,184851,DI,OREGON,2,1,0,264,0,0,0,0,1
Elijah Rushing,184863,ED,OREGON,1,0,0,264,0,0,0,0,0
Kaleb Beasley,184880,S,TENNESSEE,1,1,0,307,0,0,0,0,2
Edrees Farooq,184882,S,TENNESSEE,1,2,0,307,0,0,0,0,4
Edwin Spillman,184892,LB,TENNESSEE,1,1,0,307,0,0,1,0,6
Isaiah Patterson,184981,LB,UNLV,2,6,0,325,0,0,0,0,6
Tyler Moore,185231,DI,COAST CAR,1,1,0,141,0,0,0,0,0
Colin Gallagher,185321,LB,DELAWARE,1,0,0,151,0,0,0,0,2
Trace Scott III,185326,ED,DELAWARE,1,0,0,151,0,0,0,1,1
Kaeden Singleton,185328,ED,DELAWARE,1,0,0,151,0,0,0,0,0
Devin Rutherford,185506,CB,MO STATE,1,0,0,230,0,0,0,0,1
Mekhi Rodgers,185758,CB,JAMES MAD,1,0,0,197,0,0,0,0,1
Simeon Mitchell,186020,DI,ARK STATE,1,1,0,113,0,0,0,0,3
Kaleb Coleman,186209,ED,LA TECH,1,0,0,208,0,0,0,0,0
Geajorm Akpaloo,186457,LB,COAST CAR,1,0,0,141,0,0,0,0,1
Jayden Bryant,186460,ED,COAST CAR,1,0,0,141,1,0,0,0,1
Ibrahim Diawara,186466,ED,COAST CAR,1,0,0,141,0,0,0,0,2
Cohen Fuller,186467,DI,UNLV,2,4,0,325,0,0,0,1,3
Se'Von McDowell,186481,LB,COAST CAR,1,2,0,141,0,0,0,0,7
Xavier McIntyre,186482,S,COAST CAR,1,1,0,141,0,0,0,0,0
Myles Woods,186498,S,COAST CAR,1,1,0,141,0,0,2,0,2
Aiden Benton,186504,ED,APP STATE,1,1,0,108,0,0,0,0,1
Jordan Mack,187309,DI,COAST CAR,1,1,0,141,0,0,0,1,3
Demarcus Hendricks,187816,ED,ARK STATE,1,1,0,113,2,0,0,2,0
Cody Sigler,188019,DI,ARK STATE,1,1,0,113,0,0,0,2,3
Legend Journey,188173,ED,CAL,1,0,0,130,0,0,0,0,0
Michael-Anthony Okwura,188178,DI,CAL,1,0,0,130,0,0,0,0,0
Daniel James,188190,CB,CINCINNATI,1,0,0,138,0,0,1,0,4
George Leibold,188193,LB,CINCINNATI,1,0,0,138,0,0,0,0,0
Marquaze Parker,188195,ED,CINCINNATI,1,0,0,138,0,0,0,0,2
Marqavious Saboor,188199,S,CINCINNATI,1,1,0,138,0,0,0,0,2
Montay Weedon,188203,LB,CINCINNATI,1,0,0,138,0,0,0,0,3
Cooper Ackerman,188204,DI,UCONN,1,0,0,146,0,0,0,0,0
Ethan Hogg,188208,ED,UCONN,1,1,0,146,0,0,0,0,2
OJ Alexander,188270,DI,MIAMI OH,2,0,0,221,0,0,0,0,2
Devin Bell,188271,ED,MIAMI OH,2,1,0,221,2,0,0,0,3
William Goodvine III,188278,DI,MIAMI OH,2,0,0,221,0,0,0,0,1
Kaleb Martin,188286,CB,MIAMI OH,2,1,0,221,0,0,1,0,5
Brach Rice,188289,DI,MIAMI OH,2,1,0,221,0,0,0,0,0
Kash Dillon,188294,ED,UTAH,1,1,0,328,0,0,0,0,1
Elijah Elliss,188295,LB,UTAH,1,1,0,328,0,0,0,1,1
Quimari Shemwell,188301,S,CAL,1,0,0,130,0,0,1,0,4
Dallas Vakalahi,188304,DI,UTAH,1,1,0,328,0,0,0,0,0
Brandon Barnes,188330,S,ARK STATE,1,2,0,113,0,0,0,1,3
CJ Allen Jr.,188368,LB,GA SOUTHRN,1,1,0,174,0,0,0,0,0
Jaylen Bentley,188371,S,GA SOUTHRN,1,0,0,174,0,0,0,0,0
Jaquari Brown,188372,CB,GA SOUTHRN,1,0,0,174,0,0,0,0,2
Devin Collier,188374,S,GA SOUTHRN,1,1,0,174,0,1,0,0,5
Phillip Gladney,188376,CB,GA SOUTHRN,1,0,0,174,0,0,0,0,1
Elijah McDowell,188380,CB,GA SOUTHRN,1,0,0,174,0,0,0,0,0
Nathan Hale,188455,DI,OHIO,1,0,0,259,1,0,0,0,0
JT Haskins,188456,S,OHIO,1,0,0,259,0,0,0,0,0
Jaylin Lackey,188517,CB,VANDERBILT,1,0,0,333,0,0,0,0,0
Glenn Seabrooks III,188523,DI,VANDERBILT,1,2,0,333,0,0,0,0,2
Jah Jah Boyd,188662,S,INDIANA,1,0,0,190,0,0,0,0,1
Rolijah Hardy,188665,LB,INDIANA,4,5,0,190,3,0,1,1,22
Jaylin Hicks,188706,DI,MINNESOTA,1,0,0,225,0,0,0,0,0
Koi Perich,188710,S,MINNESOTA,1,4,0,225,0,0,0,0,4
Mysonne Pollard,188762,S,DELAWARE,1,2,0,151,0,0,0,0,1
Krishna Clay,188811,DI,S DIEGO ST,1,1,0,284,0,0,0,0,0
Parker Threatt,188826,WR,S DIEGO ST,1,0,0,284,0,0,0,0,0
Prince Williams,188829,CB,S DIEGO ST,1,0,0,284,0,0,0,0,2
Jordan Ross,188890,ED,TENNESSEE,1,2,0,307,0,0,0,0,1
Ayden Jones,189285,LB,TEXAS ST,1,2,0,314,0,0,0,1,5
Hevin Brown-Shuler,189362,DI,CLEMSON,1,0,0,140,0,0,0,0,0
Ashton Hampton,189365,CB,CLEMSON,1,0,0,140,0,0,0,1,3
C.J. Kubah-Taylor,189367,LB,CLEMSON,1,0,0,140,0,0,0,0,0
Darien Mayo,189368,ED,CLEMSON,1,0,0,140,0,0,0,0,1
Landan Callahan,189376,CB,DUKE,2,0,0,154,0,0,1,0,10
Tyshon Reed Jr.,189390,ED,DUKE,2,0,0,154,0,0,0,0,5
Kobe Smith,189395,ED,DUKE,2,0,0,154,0,0,0,0,0
Preston Watson,189399,DI,DUKE,2,0,0,154,0,0,0,0,1
Amontrae Bradford,189411,ED,GA TECH,1,1,0,176,0,0,0,0,1
Uche Iloh,189419,DI,GA SOUTHRN,1,0,0,174,0,0,0,0,0
Armondo Blount,189431,DI,MIAMI FL,3,3,0,220,1,0,0,1,1
Romanas Frederique Jr.,189439,CB,MIAMI FL,3,0,0,220,0,0,2,0,7
Booker Pickett Jr.,189445,ED,MIAMI FL,1,0,0,220,0,0,0,0,0
Elias Rudolph,189449,ED,UNLV,2,0,0,325,0,0,0,0,0
Justin Scott,189451,DI,MIAMI FL,3,1,0,220,1,0,0,0,3
Xavyer Arrington,189464,DI,NAVY,1,0,0,237,0,0,0,0,0
Nick Bell,189470,CB,NAVY,1,0,0,237,0,0,0,0,0
Phillip Hamilton,189490,S,NAVY,1,0,0,237,0,0,0,0,3
Aiden Lyczek,189500,ED,NAVY,1,0,0,237,0,0,0,0,0
Julien Moutome,189508,ED,NAVY,1,1,0,237,0,0,0,0,4
MarcAnthony Parker,189509,LB,NAVY,1,2,0,237,1,0,0,0,2
Justin Ross,189517,CB,NAVY,1,0,0,237,0,0,0,0,0
Maxwell Williams,189525,S,NAVY,1,0,0,237,0,0,0,0,0
Cameron Lindsey,189537,LB,PITTSBURGH,1,0,0,268,0,0,0,0,1
Jahsear Whittington,189542,DI,PITTSBURGH,1,0,0,268,1,0,0,0,2
William Nettles,189556,CB,SMU,1,1,0,287,0,0,0,0,1
Geordan Guidry,189575,DI,TULANE,1,0,0,319,0,0,0,0,1
E'zaiah Shine,189584,CB,TULANE,1,0,0,319,0,0,0,0,1
Javion White,189589,S,TULANE,1,2,0,319,0,0,0,0,2
Fred Gaskin III,189604,S,USF,1,1,0,327,0,0,0,0,3
Jahari Grant,189606,DI,USF,1,0,0,327,0,0,0,0,0
Ryan Jenkins,189609,DI,USF,1,0,0,327,0,0,0,0,1
Ira Singleton IV,189617,ED,USF,1,0,0,327,0,0,0,0,0
Levi Smiley,189618,ED,USF,1,1,0,327,0,0,0,0,0
Jabari Mann,189623,LB,ARIZONA,1,0,0,109,0,0,0,0,2
Prayer Young-Blackgoat,189641,LB,ARIZONA ST,1,0,0,110,0,0,0,0,0
Kinilau Fonohema,189643,ED,BYU,2,0,0,128,0,0,0,0,0
Jonathan Kabeya,189645,CB,BYU,2,0,0,128,0,0,0,0,3
Iosefa Letuli,189648,DI,HAWAII,1,0,0,180,0,0,0,0,0
Faletau Satuala,189653,S,BYU,2,1,0,128,0,0,1,0,11
Carson Tujague,189657,DI,UTAH ST,1,3,0,329,0,0,1,0,2
Joseph Anderson,189673,ED,IOWA,1,0,0,192,0,0,0,0,0
Preston Ries,189693,LB,IOWA,1,0,0,192,0,0,0,0,0
Jaylen Watson,189696,CB,IOWA,1,0,0,192,0,0,0,0,6
Derek Weisskopf,189697,LB,IOWA,1,0,0,192,0,0,0,0,0
Keona Davis,189699,DI,NEBRASKA,1,0,0,238,0,0,0,0,2
David Hoffken,189701,DI,NEBRASKA,1,0,0,238,0,0,0,0,0
Billy Koudelka,189719,ED,VIRGINIA,1,0,0,335,0,0,0,0,0
Kayden Greene,189730,S,WASHINGTON,1,0,0,340,0,0,0,0,0
Robert Williams,189782,ED,FIU,1,0,0,166,0,0,0,0,0
Talan Carter,189787,DI,JVILLE ST,2,2,0,196,2,0,0,1,6
Thaxton Gallagher,189790,LB,JVILLE ST,2,5,0,196,0,0,0,0,3
Marc Woods,189813,S,JVILLE ST,2,2,0,196,0,0,1,1,7
Jacob Bradford,189815,DI,LA TECH,1,0,0,208,0,0,0,0,0
Alonzo Jackson Jr.,189822,LB,LA TECH,1,1,0,208,0,0,0,0,5
Jadon Mayfield,189823,LB,LA TECH,1,2,1,208,1,0,0,0,4
Cole Watson,189829,LB,LA TECH,1,0,0,208,0,0,0,0,0
Chris Henry,189932,S,COAST CAR,1,1,0,141,0,0,0,0,1
Rickey Williams,189947,LB,TOLEDO,1,0,0,316,0,0,0,0,0
Tyler Brown,189982,S,JAMES MAD,1,1,0,197,0,0,1,1,5
Immanuel Ezeogu,189985,ED,JAMES MAD,1,0,0,197,0,0,0,0,0
Sahir West,190001,ED,JAMES MAD,1,1,1,197,0,0,0,5,5
Brandon Crutchfield,190058,CB,DOMINION,1,0,0,263,0,1,1,0,5
Chris Forbes,190060,DI,DOMINION,1,0,0,263,0,0,0,0,0
Ahmaad Foster,190061,ED,DOMINION,1,0,0,263,0,0,0,0,1
Daevon Iles,190065,S,DOMINION,1,0,0,263,0,1,0,0,3
Lorenzo McFadden-Pressley,190067,DI,DOMINION,1,0,0,263,1,0,0,0,1
Tymere Jackson,190101,ED,TEXAS ST,1,1,0,314,0,0,0,0,1
Christopher Jones,190103,CB,TEXAS ST,1,0,0,314,0,0,0,0,2
Carlos Hazelwood,190128,DI,TOLEDO,1,0,0,316,0,0,0,0,0
Isaac Zay,190139,LB,TOLEDO,1,0,0,316,0,0,0,0,0
Dashawn Spears,190208,S,LSU,1,3,0,211,0,0,1,0,7
Williams Nwaneri,190224,ED,NEBRASKA,1,0,0,238,0,0,0,0,0
Nicholas Rodriguez,190225,LB,MISSOURI,1,7,0,229,0,0,1,0,10
Kenyan Kelly,190258,S,UTSA,1,0,0,331,0,0,0,0,0
Tyan Milton,190260,S,UTSA,1,2,0,331,0,1,1,0,3
Elijah Newell,190261,S,UTSA,1,0,0,331,0,0,0,0,1
Tywon Christopher,190286,LB,KENNESAW,2,3,0,200,0,0,0,0,8
Jaiden Grimes,190294,DI,KENNESAW,2,2,0,200,1,0,0,0,1
Jadyn Walker,190359,LB,USC,1,1,0,326,1,0,1,0,4
Ben Beatty,190364,ED,WASH STATE,1,0,0,341,0,0,0,0,0
Jack Ellison,190371,LB,WASH STATE,1,0,0,341,1,0,0,0,0
Titus Miller,190378,ED,WASH STATE,1,0,0,341,0,0,0,0,0
Kayo Patu,190381,S,WASH STATE,1,0,0,341,0,0,0,0,0
Malachi Wrice,190386,ED,WASH STATE,1,0,0,341,0,0,0,0,0
DeNigel Cooper,190391,DI,APP STATE,1,0,0,108,0,0,0,1,3
Torin Brazell,190406,DI,E CAROLINA,1,0,0,156,0,0,0,0,0
Ja'Marley Riddle,190422,S,E CAROLINA,1,0,0,156,0,0,0,0,0
Drew Speech,190471,S,NEW MEXICO,1,0,0,241,0,0,0,0,1
Grayson Baker,190496,ED,ARMY,1,1,0,114,0,0,0,0,0
Nick Buchys,190501,DI,ARMY,1,0,0,114,0,0,0,0,0
Sean Donovan,190503,DI,ARMY,1,0,0,114,0,0,0,0,2
Rob Houston,190514,CB,ARMY,1,0,0,114,0,0,0,0,0
Cael Newton,190534,DI,ARMY,1,0,0,114,0,0,0,0,0
Cole Searight,190542,CB,ARMY,1,0,0,114,0,0,0,0,1
Javon Smith,190545,ED,ARMY,1,1,0,114,0,0,0,0,0
Caleb Williams,190559,S,ARMY,1,0,0,114,0,0,0,0,1
Quinton Hammonds,190613,S,N TEXAS,1,0,0,251,0,0,0,0,5
Jayden Williams,190629,DI,N TEXAS,1,1,0,251,0,0,0,0,3
Kaleb Blanton,190634,LB,RICE,1,0,0,275,0,0,0,0,0
Ethan Brougham,190635,ED,RICE,1,0,0,275,0,0,0,0,0
Ephraim Dotson,190640,CB,RICE,1,0,0,275,0,0,0,0,1
Bailey Fletcher,190641,S,RICE,1,1,0,275,0,0,0,0,2
Jywon Boyd,190682,WR,TROY,1,0,0,318,0,0,0,0,0
Kam Curry,190683,DI,TROY,2,2,0,318,0,0,0,0,4
Jamel Fils-Aime,190685,DI,TROY,2,2,0,318,0,0,0,1,0
ShuMond Johnson,190690,ED,TROY,1,0,0,318,0,0,0,0,0
Joe Lott,190691,S,TROY,2,0,0,318,0,0,0,0,0
Daivon Nelson,190695,S,TROY,1,0,0,318,0,0,0,0,0
Marlin Odom,190698,CB,TROY,2,0,0,318,0,0,0,0,0
Jermaine Paramore,190699,ED,TROY,2,1,0,318,0,0,0,0,0
Jabari Strait,190705,CB,TROY,1,0,0,318,0,0,0,0,0
Will Smith,190747,ED,N TEXAS,1,0,0,251,0,0,0,0,0
Tyderick Brown,190758,CB,FIU,1,0,0,166,0,0,0,0,0
Kelvin Hill,190765,CB,GA TECH,1,1,0,176,0,0,0,0,4
Malakai Murphy,190791,CB,SO MISS,1,0,0,296,0,0,0,0,0
Zavian Tibbs,190820,DI,HOUSTON,1,0,0,182,0,0,0,0,0
Lugard Edokpayi Jr.,190829,ED,MICHIGAN,1,0,0,222,0,0,0,0,0
Deyvid Palepale,190839,DI,MICHIGAN,1,0,0,222,0,0,0,0,0
Owen Wafle,190843,DI,PENN STATE,1,1,0,266,0,0,0,0,0
Crews Law,190851,LB,MEMPHIS,1,0,0,218,0,0,0,0,4
Ronnie Royal III,190870,S,NC STATE,1,0,0,248,0,0,0,0,1
Jack Trautmann,190895,ED,NWESTERN,1,0,0,256,0,0,0,0,0
Koy Beasley,190900,S,MIAMI OH,2,4,0,221,0,0,0,0,3
Tarrion Grant,190903,CB,TEXAS TECH,2,0,0,315,0,0,0,0,1
Quavion Bird,191023,DI,C MICHIGAN,1,0,0,134,0,0,0,0,0
Victor Earl,191030,LB,C MICHIGAN,1,0,0,134,0,0,0,0,0
Kiontre Harris,191083,CB,FRESNO ST,1,0,0,169,0,0,0,0,0
Tytus Khajavi,191085,LB,FRESNO ST,1,0,0,169,0,0,0,0,4
Noah Carter,191124,ED,ALABAMA,1,1,0,103,0,0,0,0,0
QB Reese,191138,LB,ALABAMA,1,0,0,103,0,0,0,0,1
Justin Greene,191148,ED,GEORGIA,1,0,0,173,0,0,0,0,0
Will Echoles,191186,DI,OLE MISS,2,6,0,226,0,0,0,1,6
Chris Jones,191241,LB,SO MISS,1,1,0,296,0,0,0,0,5
Ify Obidegwu,191324,CB,OREGON,2,1,0,264,0,0,0,0,3
Dylan Williams,191328,LB,OREGON,1,0,0,264,0,0,0,0,1
Peyton Woodyard,191329,S,OREGON,2,0,0,264,0,0,0,0,0
Dejuan Lane,191339,S,PENN STATE,1,0,0,266,0,0,1,0,5
Anthony Speca,191342,LB,PENN STATE,1,0,0,266,0,0,0,0,0
Mylachi Williams,191343,ED,PENN STATE,1,0,0,266,0,0,0,0,0
Kenny Woseley Jr.,191344,CB,PENN STATE,1,0,0,266,0,0,1,0,0
Malik Esquerra,191348,S,TEXAS TECH,2,0,0,315,0,0,0,0,0
Oliver Miles III,191351,S,TEXAS TECH,2,0,0,315,0,0,0,0,0
J'Koby Williams,191359,HB,TEXAS TECH,2,0,0,315,0,0,0,0,0
Gio Kafentzis,191365,S,UTAH ST,1,1,0,329,0,1,0,0,2
Tanner Williams,191375,LB,S DIEGO ST,1,1,0,284,0,0,0,0,5
Fernando Lecuona,192031,ED,WASH STATE,1,0,0,341,0,0,0,0,0
Anthony Palano,192037,LB,WASH STATE,1,0,0,341,3,0,1,0,2
Cole Nilles,192761,LB,TEXAS ST,1,1,0,314,0,0,0,0,4
Darrell Gipson Jr.,192976,LB,CINCINNATI,1,0,0,138,0,0,0,0,0
Rondo Porter,193093,DI,APP STATE,1,0,0,108,1,0,0,0,0
Alex Cloward,193103,ED,UTAH,1,0,0,328,0,0,0,0,0
Leroy Roker III,193190,S,OHIO STATE,1,1,0,260,0,0,0,0,1
MaLik Caswell,193212,CB,SO MISS,1,0,0,296,0,0,0,0,0
Corey Myrick,193227,S,SO MISS,1,0,1,296,0,1,0,0,7
Guylijah Theodule,193231,CB,SO MISS,1,0,0,296,0,0,1,0,3
T.J. Banks,193233,S,OLE MISS,2,1,0,226,0,0,0,0,2
Jaden Kelly,193307,LB,KENNESAW,1,0,0,200,0,0,0,0,3
Marcellus Barnes Jr.,193427,CB,SMU,1,1,0,287,0,0,0,0,1
Ahmad Poole,193784,DI,MO STATE,1,0,0,230,0,0,0,0,1
Azariah Levells,197599,CB,NEW MEXICO,1,0,0,241,0,0,0,0,1
D'Angelo Mayes,197743,CB,UTAH ST,1,1,0,329,0,0,0,1,5
Avery Demery,197862,CB,LA LAFAYET,1,0,0,207,0,0,0,0,0
Priest Ashe,197864,ED,LA LAFAYET,1,0,0,207,0,0,0,0,0
Justin Hill,198081,ED,ALABAMA,2,2,0,103,0,0,0,0,4
Dijon Lee Jr.,198087,CB,ALABAMA,2,0,0,103,0,0,1,0,2
Ivan Taylor,198088,S,ALABAMA,1,0,0,103,0,0,0,0,2
Kaden Ellis,198100,DI,APP STATE,1,0,0,108,0,0,0,0,0
Leroy Palu,198104,DI,ARIZONA,1,0,0,109,0,0,0,0,1
Dajon Hinton,198108,S,ARIZONA,1,0,0,109,0,0,0,0,2
Joseph Smith,198115,CB,ARIZONA ST,1,0,0,110,0,0,0,0,1
Ben Alefaio-Lilii,198121,S,ARIZONA ST,1,3,0,110,0,0,0,0,2
Nigel Nelson,198137,LB,ARK STATE,1,2,0,113,0,0,1,0,4
Hunter Clegg,198217,ED,BYU,2,0,0,128,0,0,0,0,0
Aiden Manutai,198240,S,CAL,1,0,0,130,0,0,0,0,3
Dylan Fisher,198243,DI,C MICHIGAN,1,0,0,134,0,0,0,0,2
Elijah Gordon,198244,S,C MICHIGAN,1,0,0,134,0,0,0,0,2
JJ Douglas,198250,ED,C MICHIGAN,1,0,0,134,0,0,0,0,0
CJ Jones,198261,S,CINCINNATI,1,0,0,138,0,0,0,0,3
Jamari Johnson,198262,CB,CINCINNATI,1,0,0,138,0,0,0,0,1
Tim Griffin,198263,ED,CINCINNATI,1,1,0,138,0,0,0,0,0
Patrick Williams,198266,CB,CINCINNATI,1,0,0,138,0,0,0,0,1
Kamron Neal,198276,ED,CINCINNATI,1,0,0,138,0,0,0,0,0
CJ Crite,198278,S,CINCINNATI,1,0,0,138,0,0,0,0,1
Fredd Adams,198282,CB,COAST CAR,1,1,0,141,0,0,0,0,0
Devin Pringle,198314,CB,UCONN,1,0,0,146,0,0,0,0,3
Kaleb Lanier,198331,CB,DUKE,1,0,0,154,0,0,0,0,1
Ma'khi Jones,198336,S,DUKE,2,2,0,154,1,0,0,0,4
Key Crowell,198341,CB,E CAROLINA,1,0,0,156,0,0,0,0,0
Derrion Horsley,198355,CB,E CAROLINA,1,0,0,156,0,0,0,0,0
Jordan Miles,198364,LB,E CAROLINA,1,0,0,156,0,0,0,0,0
Kenton Simmons,198393,ED,FIU,1,1,0,166,0,0,0,0,0
Ormond Wallace,198396,S,FIU,1,0,0,166,0,0,1,0,2
Xion Chapman,198397,DI,FIU,1,1,0,166,0,0,0,1,0
Anthony Smith,198406,DI,FIU,1,0,0,166,0,0,0,0,1
Chase Linton,198462,ED,GEORGIA,1,0,0,173,0,0,0,0,0
Zayden Walker,198480,LB,GEORGIA,2,0,0,173,0,0,0,1,0
Elijah Griffin,198481,DI,GEORGIA,2,1,1,173,1,0,0,0,4
Zaden Mariteragi,198501,LB,HAWAII,1,0,0,180,0,0,0,0,1
Ismael Kante,198502,ED,ILLINOIS,1,1,0,187,0,0,0,0,1
Tyrone Burrus Jr.,198525,DI,INDIANA,1,0,0,190,0,0,0,0,0
Byron Baldwin Jr.,198533,CB,INDIANA,2,0,0,190,1,0,0,0,1
Jaylen Bell,198543,CB,INDIANA,1,0,0,190,0,0,0,0,0
Emmanuel Oyebadejo,198573,ED,JVILLE ST,2,2,0,196,1,0,0,0,4
RJ Rainer,198576,CB,JVILLE ST,2,1,0,196,0,0,1,0,2
Jackson Cooper,198613,DI,KENNESAW,2,0,0,200,0,0,0,0,0
Tay'vion Lawson,198615,CB,KENNESAW,1,2,0,200,0,0,0,0,2
Elijah Hill,198617,ED,KENNESAW,2,2,0,200,0,0,0,2,2
Amari Butler,198676,CB,LA TECH,1,0,0,208,0,0,1,0,3
Jordan McRae,198677,S,LA TECH,1,1,0,208,0,1,2,0,1
Emmanuel Oguns,198680,ED,LA TECH,1,1,0,208,1,0,0,0,1
Zheric Hill,198693,LB,LA TECH,1,0,0,208,0,0,0,0,2
Jeremiah Jordan,198733,CB,MEMPHIS,1,0,0,218,1,0,0,0,2
Ian Williams,198743,S,MEMPHIS,1,0,0,218,0,0,0,0,0
Adrian Walker Jr.,198789,CB,MIAMI OH,2,0,0,221,0,0,0,0,1
Jordan Young,198792,S,MICHIGAN,1,0,0,222,0,0,1,0,6
Julius Holly,198793,CB,MICHIGAN,1,0,0,222,0,0,0,0,0
Nathaniel Owusu-Boateng,198797,LB,MICHIGAN,1,0,0,222,1,0,0,0,1
Chase Taylor,198799,LB,MICHIGAN,1,0,0,222,0,0,0,0,1
Shamari Earls,198801,CB,MICHIGAN,1,0,0,222,0,0,0,0,0
Diesel Moye,198855,DI,MISS STATE,1,0,0,227,0,0,0,0,0
Montrell Chapman,198856,LB,MISS STATE,1,0,0,227,0,0,0,0,0
Tyler Lockhart,198871,LB,MISS STATE,1,0,0,227,0,0,0,0,0
Langden Kitchen,198874,ED,MISSOURI,1,0,0,229,1,0,0,0,3
Dezmond Barnes,198903,DI,MO STATE,1,0,0,230,1,0,0,0,2
Braxton Starnes,198909,LB,MO STATE,1,1,0,230,0,0,1,0,1
Ryan Grayson,198912,CB,MO STATE,1,0,0,230,0,0,0,0,0
Darryon Taylor,198914,CB,MO STATE,1,1,0,230,0,0,0,0,2
Robert Sember,198959,LB,NC STATE,1,0,0,248,0,0,0,0,0
Adrian Farrow,198964,DI,NC STATE,1,0,0,248,0,0,0,0,0
Josiah Victor,198969,DI,NC STATE,1,0,0,248,0,0,0,0,1
Tristan Teasdell,198973,S,NC STATE,1,2,0,248,0,0,0,0,4
Omarian Abraham,198980,DI,NC STATE,1,0,0,248,0,0,0,0,1
Caden Gordon,198981,CB,NC STATE,1,1,0,248,0,0,0,0,0
Kenton Allen,198985,LB,N TEXAS,2,6,0,251,1,0,0,0,9
Rudy Vargas Jr.,198988,DI,N TEXAS,2,0,0,251,0,0,0,0,0
AJ Brown,198989,DI,N TEXAS,2,0,0,251,0,0,0,0,1
Brenden Reese,198994,LB,N TEXAS,1,0,0,251,0,0,0,0,0
Alijah Jones,199007,S,NWESTERN,1,0,0,256,0,0,0,0,1
Jon Jon Stevens Jr.,199008,S,NWESTERN,1,0,0,256,0,0,0,0,3
Jonah Hayes,199014,DI,NWESTERN,1,0,0,256,0,0,0,0,0
Marquet Dorsey Jr.,199015,CB,NWESTERN,1,2,0,256,0,0,0,0,0
Caden O'Rourke,199018,ED,NWESTERN,1,0,0,256,0,0,0,0,0
Mason Mayne,199022,DI,NWESTERN,1,0,0,256,0,0,0,0,0
Charlie Christopher,199028,LB,OHIO,1,1,0,259,1,0,0,0,8
Lucas Struck,199063,S,DOMINION,1,0,0,263,0,0,0,0,2
Keshawn Thomas,199064,LB,DOMINION,1,1,0,263,0,0,0,0,3
Javen Gibson,199067,ED,DOMINION,1,0,0,263,0,0,0,0,0
LeDarrion Menter,199072,ED,DOMINION,1,0,0,263,0,0,0,0,0
Hunter Malecki,199074,DI,DOMINION,1,0,0,263,0,0,0,0,0
Jackson Forrest,199076,LB,DOMINION,1,0,0,263,0,0,0,1,0
Shawn Lee Jr.,199080,CB,PITTSBURGH,1,1,0,268,0,0,0,0,1
Dillan Botts,199102,DI,RICE,1,1,0,275,0,0,0,1,0
Jo Chavez,199103,S,RICE,1,2,0,275,0,0,0,0,5
Jerrick Harper,199104,CB,RICE,1,0,1,275,0,0,0,0,4
Michael Amey III,199108,S,RICE,1,0,0,275,0,0,0,0,1
Robert Rooks,199109,DI,RICE,1,1,0,275,0,0,0,0,0
La'Modrick Spencer,199155,CB,SMU,1,2,0,287,0,0,0,0,0
Tyren Polley Jr.,199169,S,SMU,1,0,0,287,0,0,1,0,6
Jalen Shivers,199170,DI,SMU,1,0,0,287,0,0,0,0,0
Kelten Mickell,199242,DI,TCU,1,1,0,305,0,0,0,0,0
Gil Jackson Jr.,199261,CB,TCU,1,0,0,305,1,0,0,0,1
Julius Simms,199267,S,TCU,1,0,0,305,0,0,0,0,1
Elijah Barnes,199285,LB,TEXAS,1,1,0,311,0,0,0,1,1
Smith Orogbo,199287,ED,TEXAS,1,0,0,311,0,0,0,0,0
Graceson Littleton,199296,CB,TEXAS,1,2,0,311,1,0,1,0,3
Lance Jackson,199297,ED,TEXAS,1,1,0,311,0,0,0,0,1
Kade Phillips,199299,CB,TEXAS,1,0,0,311,0,0,0,0,9
Jonah Williams,199300,S,TEXAS,1,0,0,311,0,0,0,0,2
Brock Golwas,199311,LB,TEXAS TECH,1,0,0,315,0,0,0,0,5
DJ Kelly,199325,CB,TOLEDO,1,0,0,316,0,0,0,0,0
Gavyn Baker,199328,FB,TROY,1,0,0,318,0,0,0,0,0
Donnie Smith,199329,ED,TROY,2,1,0,318,0,0,0,2,0
Jaquez White,199330,CB,TROY,2,1,0,318,0,1,0,0,6
Makel Green,199338,ED,TROY,1,0,0,318,0,0,0,0,0
Jon Bocchino,199343,S,TROY,1,0,0,318,0,0,0,0,0
TJ Smith,199350,CB,TULANE,1,0,0,319,0,0,0,0,1
Mohamed Altayeb,199396,DI,UNLV,2,0,0,325,0,0,0,0,0
Quandarius Keyes,199397,CB,UNLV,2,0,0,325,0,0,0,0,0
Kenji Scanlan,199400,ED,UNLV,1,0,0,325,0,0,0,0,0
Eliah Logo,199404,DI,UNLV,2,0,0,325,0,0,0,0,1
Alex Graham,199414,CB,USC,1,2,0,326,0,0,0,0,5
Cash Jacobsen,199418,DI,USC,1,0,0,326,0,0,0,0,0
Floyd Boucard,199421,DI,USC,1,0,0,326,1,0,0,0,3
Nate Tilmon,199446,S,UTAH,1,3,0,328,0,0,0,0,1
Cyrus Polu,199456,LB,UTAH,1,0,0,328,0,0,0,0,2
Karson Kaufusi,199461,DI,UTAH,1,1,0,328,0,0,0,0,2
Jason Stokes Jr.,199462,CB,UTAH,1,0,0,328,0,0,0,0,1
Armoni Rue,199486,CB,UTSA,1,1,0,331,0,0,0,0,3
Jaylan Jones,199487,DI,UTSA,1,0,0,331,0,0,0,0,0
Louie Hogan,199488,CB,UTSA,1,1,0,331,0,0,0,0,0
Cameron Upshaw Jr.,199489,S,UTSA,1,1,0,331,0,0,1,0,2
Corey Walls,199497,DI,UTSA,1,0,0,331,0,0,0,0,0
Kadear Dembele,199505,DI,WAKE,1,1,0,339,1,0,0,0,2
Rylon Dillard-Allen,199507,S,WASHINGTON,1,1,0,340,0,0,0,0,2
Zaydrius Rainey-Sale,199508,LB,WASHINGTON,1,3,0,340,0,0,0,0,1
Devin Hyde,199520,ED,WASHINGTON,1,0,0,340,0,0,0,0,0
D'Aryhian Clemons,199521,CB,WASHINGTON,1,0,0,340,0,0,0,0,0
Dylan Robinson,199528,CB,WASHINGTON,1,1,0,340,0,0,0,0,2
Ramonz Adams Jr.,199532,CB,WASHINGTON,1,0,0,340,0,0,0,0,0
Ishmael Gibbs,199534,CB,WASH STATE,1,0,0,341,0,0,0,0,1
Jamarey Smith,199538,CB,WASH STATE,1,1,0,341,0,0,0,0,1
Jordan Donald,199565,LB,W KENTUCKY,1,0,0,346,0,0,0,0,0
Sherrod Smith,199589,CB,BOISE ST,2,2,0,120,0,0,2,0,6
Sam Brooks,199592,S,BOISE ST,1,0,0,120,0,0,0,0,1
Mana Tuioti,199601,LB,BOISE ST,1,0,0,120,0,0,0,0,0
Jawarren Corbin,199643,LB,DELAWARE,1,0,0,151,0,0,0,0,0
Tae Harris,199685,S,GA TECH,1,1,0,176,0,0,0,0,5
Christian Garrett,199691,ED,GA TECH,1,0,0,176,0,0,0,0,0
Andre Fuller Jr.,199692,ED,GA TECH,1,1,0,176,1,0,0,0,0
Fenix Felton,199696,S,GA TECH,1,1,0,176,0,0,0,0,4
Sheldon Rice,199703,ED,HOUSTON,1,0,0,182,0,0,0,0,0
Chance Bryant,199704,ED,HOUSTON,1,0,0,182,0,0,0,0,1
Lake Bates,199726,S,LA LAFAYET,1,0,0,207,0,0,0,0,2
Zach Weeks,199752,LB,LSU,1,1,0,211,0,0,0,0,0
DJ Pickett,199755,CB,LSU,1,0,0,211,0,0,1,0,8
Walter Mathis Jr.,199768,DI,LSU,1,0,0,211,0,0,0,0,0
Damien Shanklin,199770,ED,LSU,1,0,0,211,0,0,0,0,0
CJ Jimcoily,199771,S,LSU,1,1,0,211,0,0,0,0,2
Charles Ross II,199772,LB,LSU,1,0,0,211,0,0,0,0,1
Naiim Parrish,199786,CB,MINNESOTA,1,0,0,225,0,0,0,0,0
Emmanuel Karmo,199789,LB,MINNESOTA,1,0,0,225,0,0,0,0,1
Jarcoby Hopson,199791,LB,OLE MISS,1,0,0,226,0,0,0,0,0
Kade Pietrzak,199799,ED,NEBRASKA,1,0,0,238,0,0,0,0,2
Zion Grady,199852,ED,OHIO STATE,2,1,0,260,0,0,0,0,0
Devin Sanchez,199868,CB,OHIO STATE,2,0,0,260,0,0,0,0,4
Brandon Finney Jr.,199871,CB,OREGON,2,1,0,264,0,2,0,0,7
Nasir Wyatt,199873,ED,OREGON,2,0,1,264,0,0,0,1,0
Matthew Johnson,199874,DI,OREGON,2,0,0,264,0,0,0,0,0
Na'eem Offord,199879,CB,OREGON,2,0,0,264,0,0,0,0,1
Dorian Brew,199883,CB,OREGON,1,0,0,264,0,0,0,0,0
Jahmir Joseph,199892,CB,PENN STATE,1,0,0,266,0,0,0,0,5
Cortez Harris,199893,ED,PENN STATE,1,0,0,266,0,0,0,0,0
Joshua Johnson,199894,CB,PENN STATE,1,0,0,266,0,0,0,0,0
Yvan Kemajou,199898,ED,PENN STATE,1,0,0,266,0,0,0,0,1
Daryus Dixson,199900,CB,PENN STATE,1,0,0,266,0,0,3,0,2
Tre Poteat III,199967,CB,TENNESSEE,1,0,0,307,0,0,0,0,1
Mariyon Dye,199969,ED,TENNESSEE,1,0,0,307,0,0,0,0,1
Jadon Perlotte,199972,LB,TENNESSEE,1,1,0,307,0,0,0,1,4
Sidney Walton,199975,S,TENNESSEE,1,0,0,307,0,0,0,0,0
Jaedon Harmon,199976,LB,TENNESSEE,1,0,0,307,0,0,0,0,4
Ty Redmond,199979,CB,TENNESSEE,1,0,0,307,1,0,1,0,3
Isaiah Campbell,199981,DI,TENNESSEE,1,0,0,307,0,0,0,0,1
Ethan Utley,199986,DI,TENNESSEE,1,0,0,307,0,0,0,0,1
Devarrick Woods,200004,DI,TEXAS ST,1,0,0,314,0,0,0,0,1
Craig Royal Jr.,200005,CB,TEXAS ST,1,1,0,314,0,0,0,0,1
Cordarian Powell,200006,CB,TEXAS ST,1,0,0,314,0,0,0,0,0
Greg Gipson Jr.,200018,S,TEXAS ST,1,0,0,314,0,0,0,0,0
Herbert Scroggins III,200159,ED,MIAMI FL,2,0,0,220,0,0,0,0,0
Ja'boree Antoine,200172,CB,MIAMI FL,2,0,0,220,0,0,1,0,2
Brian Townsend Jr.,200174,ED,S DIEGO ST,1,0,0,284,0,0,0,0,0
Niles King,200179,ED,S DIEGO ST,1,0,0,284,1,0,0,0,3
Charger Doty,200240,S,UTAH ST,1,0,0,329,0,0,0,0,1
Mataira Brown,200241,LB,UTAH ST,1,2,0,329,0,0,0,0,3
Kone Aumua-Uiagalelei,200249,DI,UTAH ST,1,0,0,329,0,0,0,0,0
Chris Joe,200251,LB,UTAH ST,1,1,0,329,0,0,0,1,0
Sichan John,200268,DI,VIRGINIA,1,0,0,335,0,0,0,0,0
Corey Costner,200270,CB,VIRGINIA,2,3,0,335,0,1,0,0,5
Josiah Persinger,200281,CB,VIRGINIA,1,0,0,335,0,0,0,0,0
Syncere Brackett-Lambey,203982,LB,BOISE ST,1,0,0,120,0,0,0,0,0
Nusi Taumoepeau,203986,ED,BYU,2,0,1,128,1,0,0,0,6
Kendal Wall,203988,DI,BYU,1,0,0,128,0,0,0,0,0
Andrew Pellicciotta,204005,S,DUKE,2,1,0,154,0,0,1,0,2
Jordan Lynch,204044,DI,HAWAII,1,0,0,180,0,0,0,0,0
Qwyn Williams,204046,DI,HAWAII,1,0,0,180,1,0,0,0,0
Iose Epenesa,204051,ED,IOWA,1,0,0,192,0,0,0,0,0
Brent Gordon Jr.,204113,CB,LA LAFAYET,1,0,0,207,0,0,2,0,6
Benny Patterson III,204139,ED,MICHIGAN,1,0,0,222,0,0,0,0,0
Jayden Sanders,204141,CB,MICHIGAN,1,0,0,222,0,0,0,0,1
Elijah Dotson,204144,CB,MICHIGAN,1,0,0,222,0,0,1,0,0
Nate Marshall,204145,ED,MICHIGAN,1,0,0,222,0,0,0,0,0
Ke'Von Carter,204176,ED,NC STATE,1,0,0,248,0,0,0,0,0
Fred Giles,204199,ED,DOMINION,1,0,0,263,1,0,0,0,4
Ty Thames,204274,ED,RICE,1,0,0,275,0,0,0,0,0
CJ Witten,204275,LB,RICE,1,0,0,275,0,0,0,0,0
Braden Bays,204276,DI,RICE,1,0,0,275,0,0,0,0,2
DeReyon Jenkins,204277,ED,RICE,1,0,0,275,0,0,0,0,0
DD Oliver,204280,DI,RICE,1,0,0,275,0,0,0,0,0
Ahran Ogbor,204282,S,RICE,1,0,0,275,0,0,0,0,0
Luca Akirtava,204287,ED,RICE,1,0,0,275,0,0,0,0,0
Pupu Sepulona,204408,DI,UTAH,1,0,0,328,0,0,0,0,0
Brock Fonoimoana,204412,S,UTAH,1,1,0,328,0,0,0,0,0
King Justice,204428,DI,UTSA,1,0,0,331,0,0,0,0,0
Tristan Escobar,204432,S,UTSA,1,0,0,331,0,0,0,0,0
Mark Rayson III,204435,ED,UTSA,1,0,0,331,0,0,0,0,1
Ahamad Chapman,204437,CB,UTSA,1,0,0,331,0,0,1,0,2
Bryce Fitzgerald,204504,S,MIAMI FL,3,1,0,220,0,0,0,0,0
Amari Comier,204508,DI,S DIEGO ST,1,1,0,284,0,0,0,0,2
Chase Shumate,204519,S,S DIEGO ST,1,0,0,284,0,0,0,0,0
Tevita Tuha,204543,ED,UTAH ST,1,0,0,329,0,0,0,0,0
Lukas Sanker,204545,S,VIRGINIA,1,0,0,335,0,0,0,0,0
Chuck McDonald III,204603,CB,ALABAMA,1,0,0,103,0,0,0,0,0
London Simmons,204605,DI,ALABAMA,2,0,0,103,0,0,0,0,4
Nick Avery,204612,ED,APP STATE,1,0,0,108,0,0,0,0,0
Caleb Pitts,204618,ED,APP STATE,1,0,0,108,0,0,0,0,0
Joe Drew,204633,S,ARK STATE,1,1,0,113,0,0,0,0,5
Ryan Reese,204649,DI,ARK STATE,1,1,0,113,0,0,0,1,1
Tony Carter,204652,ED,ARK STATE,1,0,0,113,0,0,0,0,0
Julian Porter,204658,CB,ARMY,1,0,0,114,0,0,0,0,0
Joey VanWetzinga,204754,DI,C MICHIGAN,1,0,0,134,0,0,0,0,0
Jacob Robinson,204776,S,COAST CAR,1,0,0,141,0,0,0,0,1
Brandon Gorham,204831,ED,DELAWARE,1,0,0,151,0,0,0,0,0
Jamarion Kolagbodi,204840,CB,DELAWARE,1,0,0,151,0,0,0,0,3
JJ Hanne,204860,ED,GEORGIA,2,0,0,173,0,0,0,0,0
Rasean Dinkins,204861,CB,GEORGIA,2,3,0,173,1,0,0,0,4
Khari Bendolph,204921,LB,JVILLE ST,2,2,0,196,0,0,0,0,1
Ian Mitchell,204928,ED,JVILLE ST,2,0,0,196,0,1,0,0,1
Christopher Johnson,204938,DI,JVILLE ST,1,0,0,196,0,0,0,0,1
Mac Sanders,204942,LB,JVILLE ST,2,3,0,196,1,0,0,2,11
Quay Hood,204945,ED,JVILLE ST,2,2,0,196,0,0,0,1,3
Kameron Carter,205001,CB,LA TECH,1,0,0,208,0,0,0,0,4
Lane Condry,205003,ED,LA TECH,1,0,0,208,0,0,0,0,0
Sam Fongang,205008,S,LA TECH,1,2,0,208,0,0,0,0,2
Jojo Odom,205010,ED,LA TECH,1,0,0,208,1,0,0,0,0
Andrew Maddox,205083,DI,OLE MISS,1,0,0,226,0,0,0,0,0
Talib Graham,205085,ED,OLE MISS,1,0,0,226,0,0,0,0,0
Ladarian Clardy,205086,S,OLE MISS,2,1,0,226,0,0,0,0,1
Donald Quist,205111,CB,MO STATE,1,0,0,230,0,0,0,0,0
Cam Robinson,205176,CB,NAVY,1,0,0,237,0,0,0,0,3
Jalen McIver,205206,DI,NEW MEXICO,1,0,0,241,0,0,0,0,0
Cody Thumlert,205213,ED,NEW MEXICO,1,0,0,241,0,0,0,0,0
CJ McBean,205224,S,NEW MEXICO,1,0,0,241,0,0,0,0,1
Jahmir Torres,205226,CB,NEW MEXICO,1,1,0,241,0,0,0,0,6
Derek Reagans,205293,DI,OHIO,1,0,0,259,0,0,0,0,0
Cameron Hollobaugh,205295,LB,OHIO,1,0,0,259,0,0,0,0,0
Makel Williams,205296,LB,OHIO,1,0,0,259,0,0,0,0,1
Ike Ackerman,205302,ED,OHIO,1,2,1,259,0,0,0,1,2
Ty Neubert,205308,DI,OHIO,1,0,0,259,0,0,0,0,0
Tyson Long,205310,CB,OHIO,1,0,0,259,0,0,0,0,0
AJ Tuitele,205447,LB,USC,1,0,0,326,0,0,0,0,1
Kendarius Reddick,205449,CB,USC,1,0,0,326,0,0,0,0,0
Jadyn Ramos,205455,ED,USC,1,0,0,326,0,0,0,0,2
Damarius Russell,205513,S,WASH STATE,1,0,0,341,0,0,0,0,0
Trillion Sorrell,205521,CB,WASH STATE,1,0,0,341,0,0,1,0,0
Connor Sullivan,205523,DI,WASH STATE,1,0,0,341,0,0,0,0,0
Sullivan Schlimgen,205524,LB,WASH STATE,1,2,0,341,1,0,0,0,5
Donovan Fitzmaurice,205536,DI,WASH STATE,1,1,0,341,0,0,0,1,0
Amarian Louis,205546,S,W MICHIGAN,2,0,0,347,0,0,0,0,0
John Peters,205548,CB,W MICHIGAN,2,0,0,347,0,0,0,0,1
Gian Carter,205558,ED,W MICHIGAN,1,0,0,347,0,0,0,0,0
Gavin Jenkins,206242,CB,USF,1,0,0,327,0,0,0,0,0
Eli Coenen,206460,DI,ILLINOIS,1,0,0,187,0,0,0,1,2
Coleman Patmon,207797,S,ARIZONA,1,0,0,109,0,0,0,0,2
Jeremiah Ticket,207844,DI,GA SOUTHRN,1,0,0,174,0,0,0,0,0
Fabo Chaney,207849,CB,GA SOUTHRN,1,0,0,174,0,0,0,0,3
Elijah Fears,207850,DI,GA SOUTHRN,1,0,0,174,0,0,0,0,0
Mays Pese,208039,ED,ARIZONA,1,0,0,109,0,0,0,0,1
Zac Siulepa,211563,DI,ARIZONA,1,0,0,109,0,0,0,0,0
